video_id,hashtag_name,crawl_time,hashtag_id,hashtag_type,is_commerce,caption_start,caption_end,start,end
7624828997314644195,新娘跟妆,2026-05-11T08:49:23.275352,1767586873749582,1,False,0,5,9,14
7624828997314644195,新娘跟妆造型,2026-05-11T08:49:23.275352,1609846609618957,1,False,16,23,25,32
7624828997314644195,化妆师的工作日常,2026-05-11T08:49:23.275352,1608239192407208,1,False,24,33,33,42
7624828997314644195,妆前妆后,2026-05-11T08:49:23.275352,7499867152481814539,1,False,34,39,43,48
7624829492262948122,青年创作者成长计划,2026-05-11T08:49:41.774520,7529832653680281615,1,False,0,10,12,22
7624829492262948122,26考研,2026-05-11T08:49:41.774520,1693035477437454,1,False,47,52,59,64
7624829492262948122,计算机考研,2026-05-11T08:49:41.774520,1639906632521742,1,False,53,59,65,71
7624829492262948122,408计算机考研,2026-05-11T08:49:41.774520,1733232706089984,1,False,60,69,72,81
7624829492262948122,27考研,2026-05-11T08:49:41.774520,1709149923503111,1,False,70,75,82,87
7624833629935816689,许巍,2026-05-11T08:49:45.374740,1571177026541570,1,False,0,3,13,16
7624833629935816689,蓝莲花,2026-05-11T08:49:45.374740,1570522332417025,1,False,3,7,16,20
7624833629935816689,318,2026-05-11T08:49:45.374740,1588138358080541,1,False,7,11,20,24
7624840865004916022,腼腆内向男孩,2026-05-11T08:49:52.551177,1749733726180363,1,False,23,30,23,30
7624840865004916022,奶狗,2026-05-11T08:49:52.551177,1582648030611470,1,False,31,34,31,34
7624840865004916022,我的世界极限生存,2026-05-11T08:49:52.551177,1637371558469636,1,False,35,44,35,44
7624840865004916022,我的世界原版生存,2026-05-11T08:49:52.551177,1664643787546632,1,False,46,55,46,55
7624840865004916022,麟励,2026-05-11T08:49:52.551177,7423311363969140747,1,False,56,59,56,59
7624845293707874282,恶搞之家解说,2026-05-11T08:50:10.007405,1762496107234319,1,False,31,38,31,38
7624845293707874282,动画,2026-05-11T08:50:10.007405,1566997268986882,1,False,39,42,39,42
7624845293707874282,动漫,2026-05-11T08:50:10.007405,1562324094309378,1,False,43,46,43,46
7624845293707874282,美漫,2026-05-11T08:50:10.007405,1595295106466820,1,False,47,50,47,50
7624845293707874282,恶搞之家,2026-05-11T08:50:10.007405,1591642411396103,1,False,51,56,51,56
7624868147074905466,越南旅游,2026-05-11T08:50:17.244006,1589549404792835,1,False,0,5,26,31
7624868147074905466,火车,2026-05-11T08:50:17.244006,1563743925168129,1,False,5,8,31,34
7624868147074905466,海外生活,2026-05-11T08:50:17.244006,1597381572062215,1,False,9,14,35,40
7624882276250394853,第一次约会的真实样子,2026-05-11T08:50:23.374704,1765831667543055,1,False,15,26,15,26
7624882276250394853,情侣,2026-05-11T08:50:23.374704,1563191800692737,1,False,27,30,27,30
7624882276250394853,情侣日常,2026-05-11T08:50:23.374704,1569728533702658,1,False,31,36,31,36
7624928184945052934,周深,2026-05-11T08:51:15.325804,1587041190886414,1,False,0,3,27,30
7624928184945052934,音乐,2026-05-11T08:51:15.325804,1550712576368642,1,False,4,7,31,34
7624928184945052934,歌手,2026-05-11T08:51:15.325804,1565134370294786,1,False,8,11,35,38
7624928184945052934,音乐人,2026-05-11T08:51:15.325804,1585411036268622,1,False,12,16,39,43
7624933790091817642,尧做音乐🎵,2026-05-11T08:51:22.082705,7604785731776546879,1,False,14,21,14,21
7624933790091817642,音乐分享,2026-05-11T08:51:22.082705,1582117801946126,1,False,22,27,22,27
7624933790091817642,音乐推荐,2026-05-11T08:51:22.082705,1587560888730638,1,False,28,33,28,33
7624933790091817642,硬曲,2026-05-11T08:51:22.082705,1597280709577742,1,False,34,37,34,37
7624933790091817642,超燃bgm,2026-05-11T08:51:22.082705,1609660260708503,1,False,38,44,38,44
7624987086285704502,三角洲行动,2026-05-11T08:51:25.016499,1772634867886087,1,True,0,6,18,24
7624987086285704502,三角洲行动阿战,2026-05-11T08:51:25.016499,7471165993658615845,1,False,7,15,25,33
7624987086285704502,三角洲烽火职业联赛,2026-05-11T08:51:25.016499,7590347036969404468,1,False,16,26,34,44
7625000575289117990,EDM,2026-05-11T08:51:27.752495,1585419745784846,1,False,73,77,73,77
7625000575289117990,progressivehouse,2026-05-11T08:51:27.752495,1611689861991438,1,False,78,95,78,95
7625000575289117990,电音,2026-05-11T08:51:27.752495,1558938078444546,1,False,96,99,96,99
7625000575289117990,热门音乐🔥,2026-05-11T08:51:27.752495,7419048369068181543,1,False,100,107,100,107
7625000575289117990,热门,2026-05-11T08:51:27.752495,1767586892234824,1,False,108,111,108,111
7625037092553787385,搞笑视频,2026-05-11T08:51:30.333596,1767586820757517,1,False,0,5,0,5
7625045617538059529,恐怖游戏,2026-05-11T08:51:37.693154,1767586622634062,1,False,31,36,57,62
7625045617538059529,猎奇,2026-05-11T08:51:37.693154,1569262495473665,1,False,38,41,64,67
7625074635570154771,徐州美食,2026-05-11T08:51:51.731039,1583964031897614,1,False,0,5,31,36
7625074635570154771,徐州地锅鸡,2026-05-11T08:51:51.731039,1601044196304909,1,False,6,12,37,43
7625074635570154771,徐州干煸菜,2026-05-11T08:51:51.731039,1675095968010251,1,False,13,19,44,50
7625074635570154771,寻味烟火气,2026-05-11T08:51:51.731039,1722851255720004,1,False,20,26,51,57
7625103698292676479,吉伊卡哇,2026-05-11T08:52:04.720973,1744668134054932,1,False,0,5,28,33
7625103698292676479,吉伊,2026-05-11T08:52:04.720973,1744544328305667,1,False,6,9,34,37
7625103698292676479,乌萨奇,2026-05-11T08:52:04.720973,1754623679007819,1,False,10,14,38,42
7625103698292676479,小八,2026-05-11T08:52:04.720973,1589419200035847,1,False,15,18,43,46
7625103698292676479,一口气看完系列,2026-05-11T08:52:04.720973,1657496491581444,1,False,19,27,47,55
7625109512797605120,鬼灭之刃,2026-05-11T08:52:08.249296,1607410609782791,1,False,0,5,21,26
7625109512797605120,我妻善逸,2026-05-11T08:52:08.249296,1636482276341773,1,False,6,11,27,32
7625109512797605120,青年创作者成长计划,2026-05-11T08:52:08.249296,7529832653680281615,1,False,12,22,33,43
7625109512797605120,动漫编年史,2026-05-11T08:52:08.249296,1754442585463815,1,False,23,29,44,50
7625109512797605120,鬼灭研学社,2026-05-11T08:52:08.249296,7570021333094893619,1,False,30,36,51,57
7625130455779642633,历史,2026-05-11T08:52:24.918522,1597973993212931,1,False,18,21,18,21
7625130455779642633,吕雉,2026-05-11T08:52:24.918522,1618005804756036,1,False,22,25,22,25
7625130455779642633,刘邦,2026-05-11T08:52:24.918522,1586660674833518,1,False,26,29,26,29
7625130455779642633,戚夫人,2026-05-11T08:52:24.918522,1615201769230344,1,False,30,34,30,34
7625130455779642633,历史故事,2026-05-11T08:52:24.918522,1600046875222029,1,False,35,40,35,40
7625130766883722353,青年创作者成长计划,2026-05-11T08:52:27.572196,7529832653680281615,1,False,58,68,58,68
7625130766883722353,扬州,2026-05-11T08:52:27.572196,1571632013662210,1,False,69,72,69,72
7625130766883722353,烟花三月下扬州,2026-05-11T08:52:27.572196,1587590164184093,1,False,73,81,73,81
7625130766883722353,扬州旅游攻略,2026-05-11T08:52:27.572196,1663862850054155,1,False,82,89,82,89
7625130766883722353,我拍到了诗词里的烟雨江南,2026-05-11T08:52:27.572196,7623790078938220586,1,False,90,103,90,103
7625140333864586559,沪漂生活,2026-05-11T08:52:29.941756,1621559257910279,1,False,0,5,29,34
7625140333864586559,打工人日常,2026-05-11T08:52:29.941756,1667076623703047,1,False,6,12,35,41
7625140333864586559,山姆超市,2026-05-11T08:52:29.941756,1616811458972679,1,False,13,18,42,47
7625140333864586559,出租屋美食,2026-05-11T08:52:29.941756,1681888305663053,1,False,19,25,48,54
7625140333864586559,打工人的小幸福,2026-05-11T08:52:29.941756,1683773920499716,1,False,26,34,55,63
7625154362465078563,三角洲,2026-05-11T08:52:35.799155,1599329283826692,1,False,38,42,64,68
7625154362465078563,三角洲行动,2026-05-11T08:52:35.799155,1772634867886087,1,True,42,48,68,74
7625154362465078563,三角洲行动攻略,2026-05-11T08:52:35.799155,1791767325286484,1,False,48,56,74,82
7625154362465078563,三角洲行动教学,2026-05-11T08:52:35.799155,1792861133626372,1,False,56,64,82,90
7625154362465078563,三角洲S8蝶变时刻新赛季,2026-05-11T08:52:35.799155,7599146936339286068,1,False,64,77,90,103
7625158641125816393,汽车知识,2026-05-11T08:52:38.104878,1767586849930254,1,False,30,35,30,35
7625158641125816393,带你懂车,2026-05-11T08:52:38.104878,1637205689406471,1,False,36,41,36,41
7625158641125816393,dou是好车,2026-05-11T08:52:38.104878,1652221372996622,1,False,42,49,42,49
7625158641125816393,方程豹钛7,2026-05-11T08:52:38.104878,7490838173690382373,1,False,50,56,50,56
7625158641125816393,钛7,2026-05-11T08:52:38.104878,7488989891032778790,1,False,57,60,57,60
7625173378022188219,欧美音乐,2026-05-11T08:52:49.994250,1548246494982145,1,False,25,30,25,30
7625173378022188219,林肯公园,2026-05-11T08:52:49.994250,1573482506600525,1,False,31,36,31,36
7625173378022188219,摇滚,2026-05-11T08:52:49.994250,1567227964431361,1,False,37,40,37,40
7625175559869402408,国产好剧,2026-05-11T08:52:54.722390,1606233809514509,1,False,0,5,15,20
7625175559869402408,悬疑,2026-05-11T08:52:54.722390,1577707248705566,1,False,6,9,21,24
7625175559869402408,人性,2026-05-11T08:52:54.722390,1583516876634190,1,False,10,13,25,28
7625175559869402408,影视解说,2026-05-11T08:52:54.722390,1637605463572493,1,False,14,19,29,34
7625184577439297381,丰田凯美瑞,2026-05-11T08:53:02.039250,1631163785064460,1,False,18,24,18,24
7625184577439297381,凯美瑞,2026-05-11T08:53:02.039250,1573129232140301,1,False,25,29,25,29
7625184577439297381,抖音汽车,2026-05-11T08:53:02.039250,1767586874469383,1,False,30,35,30,35
7625184577439297381,丰田亚洲龙,2026-05-11T08:53:02.039250,1617248611121155,1,False,36,42,36,42
7625184577439297381,雷克萨斯,2026-05-11T08:53:02.039250,1605941848997908,1,False,43,48,43,48
7625187567138262318,伊朗,2026-05-11T08:53:17.922754,7616284571802060834,1,False,24,27,38,41
7625187567138262318,伊朗美食,2026-05-11T08:53:17.922754,7616464788666714138,1,False,28,33,42,47
7625187567138262318,德黑兰,2026-05-11T08:53:17.922754,1603092723769358,1,False,34,38,48,52
7625187567138262318,街头小吃,2026-05-11T08:53:17.922754,1569274363916290,1,False,39,44,53,58
7625187567138262318,波斯美食,2026-05-11T08:53:17.922754,1614347633413128,1,False,45,50,59,64
7625195947157702042,模特,2026-05-11T08:53:20.477652,,,,,,,
7625195947157702042,李荣浩,2026-05-11T08:53:20.477652,,,,,,,
7625195947157702042,音乐分享,2026-05-11T08:53:20.477652,,,,,,,
7625195947157702042,架子鼓,2026-05-11T08:53:20.477652,,,,,,,
7625212070295801094,挺进大别山,2026-05-11T08:53:25.497666,1609952561180676,1,False,0,6,30,36
7625212070295801094,好剧推荐,2026-05-11T08:53:25.497666,7419051784938719273,1,False,8,13,38,43
7625212070295801094,青年创作者成长计划,2026-05-11T08:53:25.497666,7529832653680281615,1,False,15,25,45,55
7625212070295801094,了不起的精讲团,2026-05-11T08:53:25.497666,7519800545998014515,1,False,27,35,57,65
7625212070295801094,战争电影,2026-05-11T08:53:25.497666,1613664615044103,1,False,37,42,67,72
7625215892213713337,鸡腿,2026-05-11T08:53:41.027971,1580283791692814,1,False,0,3,13,16
7625215892213713337,美食,2026-05-11T08:53:41.027971,1767586897793101,1,False,3,6,16,19
7625215892213713337,大口吃肉,2026-05-11T08:53:41.027971,1576107798936653,1,False,6,11,19,24
7625216770228920689,2012,2026-05-11T08:53:48.735063,1588588220707907,1,False,14,19,14,19
7625216770228920689,名场面,2026-05-11T08:53:48.735063,1596912499578903,1,False,19,23,19,23
7625219409203875107,陕北狼牙,2026-05-11T08:53:57.253765,7449306306181072933,1,False,0,5,26,31
7625219409203875107,陕北狼牙公益护农,2026-05-11T08:53:57.253765,7451138327727573001,1,False,6,15,32,41
7625219409203875107,星乡村星农人,2026-05-11T08:53:57.253765,7477795329195116563,1,False,16,23,42,49
7625219409203875107,三农,2026-05-11T08:53:57.253765,1595268181777422,1,False,24,27,50,53
7625221708013784371,抖音精选,2026-05-11T08:54:05.042183,1568943621383170,1,False,0,5,30,35
7625221708013784371,时尚,2026-05-11T08:54:05.042183,1562354857442306,1,False,6,9,36,39
7625221708013784371,穿搭,2026-05-11T08:54:05.042183,1561238083888129,1,False,10,13,40,43
7625221708013784371,秀场,2026-05-11T08:54:05.042183,1655854524655628,1,False,14,17,44,47
7625221708013784371,失误,2026-05-11T08:54:05.042183,1572698597686302,1,False,18,21,48,51
7625227333401709834,鬼灭之刃,2026-05-11T08:54:22.496381,1607410609782791,1,False,0,5,18,23
7625227333401709834,祢豆子,2026-05-11T08:54:22.496381,1630775649347591,1,False,6,10,24,28
7625227333401709834,时透无一郎,2026-05-11T08:54:22.496381,1640012887116814,1,False,11,17,29,35
7625227333401709834,甘露寺蜜璃,2026-05-11T08:54:22.496381,1639223062767640,1,False,18,24,36,42
7625227333401709834,动漫推荐,2026-05-11T08:54:22.496381,1587194314661901,1,False,25,30,43,48
7625237839017674185,在下悟空是也,2026-05-11T08:54:31.630178,,,,,,,
7625237839017674185,苏菲亚cos,2026-05-11T08:54:31.630178,,,,,,,
7625238671155049204,马龙,2026-05-11T08:54:34.301898,1578144376670222,1,False,25,28,25,28
7625238671155049204,乒乓球,2026-05-11T08:54:34.301898,1767586182114317,1,False,29,33,29,33
7625238671155049204,林高远,2026-05-11T08:54:34.301898,1600719090218077,1,False,34,38,34,38
7625238671155049204,体育,2026-05-11T08:54:34.301898,1657681067811854,1,False,39,42,39,42
7625254332576910655,人物故事,2026-05-11T08:54:45.227890,1632687103716355,1,False,26,31,26,31
7625254332576910655,华语乐坛,2026-05-11T08:54:45.227890,1600531102146564,1,False,32,37,32,37
7625254332576910655,经典老歌,2026-05-11T08:54:45.227890,1576528106192974,1,False,38,43,38,43
7625259784464562426,东北盒饭有多便宜,2026-05-11T08:54:53.238165,1753565809532940,1,False,44,53,44,53
7625259784464562426,东北自选盒饭,2026-05-11T08:54:53.238165,7405901413429020707,1,False,54,61,54,61
7625259784464562426,东北老盒饭自助,2026-05-11T08:54:53.238165,1793145376292867,1,False,62,70,62,70
7625263102761651475,中国美食,2026-05-11T08:55:01.390235,1583652084919373,1,False,25,30,25,30
7625263102761651475,中国美食征服外国人,2026-05-11T08:55:01.390235,1724818564566029,1,False,31,41,31,41
7625263102761651475,记录真实生活,2026-05-11T08:55:01.390235,1610220985271326,1,False,42,49,42,49
7625267120347139379,我在抖音看电影,2026-05-11T08:55:18.983465,1625813218404430,1,False,0,8,22,30
7625267120347139379,喜剧,2026-05-11T08:55:18.983465,1569334105806850,1,False,9,12,31,34
7625269234473422106,音乐,2026-05-11T08:55:25.351375,7419051577312282660,1,False,0,3,11,14
7625269234473422106,音乐分享,2026-05-11T08:55:25.351375,1582117801946126,1,False,4,9,15,20
7625269234473422106,音乐推荐,2026-05-11T08:55:25.351375,1587560888730638,1,False,10,15,21,26
7625269234473422106,音乐合集,2026-05-11T08:55:25.351375,1590752817677320,1,False,16,21,27,32
7625269234473422106,戴上耳机,2026-05-11T08:55:25.351375,1589767313988611,1,False,22,27,33,38
7625282040237182214,去年夏天,2026-05-11T08:55:28.182026,1590159856662558,1,False,0,5,10,15
7625282040237182214,dj,2026-05-11T08:55:28.182026,1589363311806467,1,False,6,9,16,19
7625282040237182214,混音,2026-05-11T08:55:28.182026,1566111861394433,1,False,10,13,20,23
7625282040237182214,音乐制作,2026-05-11T08:55:28.182026,1580741948044382,1,False,14,19,24,29
7625293810395255225,失眠,2026-05-11T08:55:30.582296,,,,,,,
7625293810395255225,音乐制作,2026-05-11T08:55:30.582296,,,,,,,
7625299274296839434,三角洲行动,2026-05-11T08:55:32.998928,1772634867886087,1,True,0,6,27,33
7625299274296839434,三角洲s8蝶变时刻新赛季,2026-05-11T08:55:32.998928,7599146936339286068,1,False,6,19,33,46
7625299274296839434,三角洲行动欢乐剧场,2026-05-11T08:55:32.998928,7431183489027803186,1,False,19,29,46,56
7625299274296839434,青年创作者成长计划,2026-05-11T08:55:32.998928,7529832653680281615,1,False,29,39,56,66
7625299274296839434,我要成为三角洲高手,2026-05-11T08:55:32.998928,7496122141046229011,1,False,39,49,66,76
7625304702036831227,自驾旅行,2026-05-11T08:55:36.496982,1593273575058445,1,False,0,5,31,36
7625304702036831227,vanlife旅行日记,2026-05-11T08:55:36.496982,7473382114428192778,1,False,6,18,37,49
7625304702036831227,房车旅行,2026-05-11T08:55:36.496982,1590541836403719,1,False,19,24,50,55
7625304702036831227,美食vlog,2026-05-11T08:55:36.496982,1611139232130071,1,False,25,32,56,63
7625304702036831227,vlog十亿流量扶持计划,2026-05-11T08:55:36.496982,1631751653335043,1,False,32,45,63,76
7625447999616358779,唐山美甲,2026-05-11T08:55:50.381512,1625146380326915,1,False,38,43,38,43
7625447999616358779,第一视角美甲,2026-05-11T08:55:50.381512,7530578689478625280,1,False,44,51,44,51
7625447999616358779,超长美甲,2026-05-11T08:55:50.381512,1684053651050510,1,False,52,57,52,57
7625447999616358779,富家千金美甲,2026-05-11T08:55:50.381512,1726810611865613,1,False,58,65,58,65
7625447999616358779,美甲vlog,2026-05-11T08:55:50.381512,1631584569014286,1,False,66,73,66,73
7625465250371964210,足球,2026-05-11T08:55:57.948164,1767586889749575,1,False,24,27,54,57
7625465250371964210,曼城,2026-05-11T08:55:57.948164,1590488626099204,1,False,28,31,58,61
7625465250371964210,利物浦,2026-05-11T08:55:57.948164,1597909817347086,1,False,32,36,62,66
7625465250371964210,英超,2026-05-11T08:55:57.948164,1584493793569869,1,False,37,40,67,70
7625465250371964210,德布劳内,2026-05-11T08:55:57.948164,1606522291543054,1,False,41,46,71,76
7625477671996198163,我的世界极限生存,2026-05-11T08:56:02.752936,1637371558469636,1,False,7,16,33,42
7625477671996198163,我的世界新版本,2026-05-11T08:56:02.752936,1598632732515332,1,False,17,25,43,51
7625477671996198163,折木them,2026-05-11T08:56:02.752936,1757600651784206,1,False,26,33,52,59
7625503748445523209,迈克尔乔丹,2026-05-11T08:56:46.825642,1597648666055683,1,False,0,6,31,37
7625503748445523209,封神之路,2026-05-11T08:56:46.825642,1613299399983112,1,False,7,12,38,43
7625518832794242313,我的世界,2026-05-11T08:56:51.285872,1565910651251713,1,False,0,5,17,22
7625518832794242313,游戏内容风向标,2026-05-11T08:56:51.285872,7419051518969514047,1,False,6,14,23,31
7625522071191293227,凯迪拉克XT5,2026-05-11T08:57:01.208027,1634787736883203,1,False,0,8,22,30
7625522071191293227,东漓灰,2026-05-11T08:57:01.208027,7621870380197644322,1,False,9,13,31,35
7625522071191293227,凯迪拉克,2026-05-11T08:57:01.208027,1580527073448974,1,False,14,19,36,41
7625522071191293227,带你懂车,2026-05-11T08:57:01.208027,1637205689406471,1,False,20,25,42,47
7625527593525136649,抖音精选,2026-05-11T08:57:07.791994,1568943621383170,1,False,0,5,28,33
7625527593525136649,鱿鱼刺身,2026-05-11T08:57:07.791994,1653045029275655,1,False,6,11,34,39
7625527593525136649,铁板鱿鱼,2026-05-11T08:57:07.791994,1584401668105229,1,False,12,17,40,45
7625527593525136649,烤鱿鱼,2026-05-11T08:57:07.791994,1591038945930244,1,False,18,22,46,50
7625527593525136649,妈呀太香了,2026-05-11T08:57:07.791994,1767587175419917,1,False,23,29,51,57
7625532448492236390,小圣,2026-05-11T08:57:16.462489,1576507321267213,1,False,15,18,15,18
7625532448492236390,vlog,2026-05-11T08:57:16.462489,1569364387356674,1,False,22,27,22,27
7625532448492236390,大学生,2026-05-11T08:57:16.462489,1579146837542925,1,False,28,32,28,32
7625541598822059314,知识前沿派对,2026-05-11T08:57:22.657835,1777641476760592,1,False,0,7,14,21
7625541598822059314,科普,2026-05-11T08:57:22.657835,1582741603218446,1,False,8,11,22,25
7625541598822059314,商业思维,2026-05-11T08:57:22.657835,1609184230334532,1,False,12,17,26,31
7625541598822059314,知识分享,2026-05-11T08:57:22.657835,1767587197766734,1,False,18,23,32,37
7625541598822059314,美食,2026-05-11T08:57:22.657835,1767586897793101,1,False,24,27,38,41
7625544326218885105,山西,2026-05-11T08:57:25.567893,1568740813830145,1,False,0,3,29,32
7625544326218885105,山西dou知道,2026-05-11T08:57:25.567893,1710878606098440,1,False,4,12,33,41
7625544326218885105,悬崖峭壁,2026-05-11T08:57:25.567893,1596493903162381,1,False,13,18,42,47
7625544326218885105,悬棺,2026-05-11T08:57:25.567893,1628054499196941,1,False,20,23,49,52
7625544326218885105,我为家乡代言,2026-05-11T08:57:25.567893,1573515905159198,1,False,24,31,53,60
7625563423787124371,理查利森,2026-05-11T08:57:28.189583,1673079198614542,1,False,9,14,9,14
7625563423787124371,巴西,2026-05-11T08:57:28.189583,1590485850200094,1,False,15,18,15,18
7625565814087537083,抖音美食创作者,2026-05-11T08:57:34.690943,1647698220118027,1,False,0,8,10,18
7625565814087537083,再来系列,2026-05-11T08:57:34.690943,7619551386614630400,1,False,8,13,18,23
7625565814087537083,美食分享,2026-05-11T08:57:34.690943,1566926248364034,1,False,13,18,23,28
7625565814087537083,干饭人日常,2026-05-11T08:57:34.690943,1681889097283591,1,False,18,24,28,34
7625566351733640490,长安cs75plus,2026-05-11T08:57:48.302751,1627951379046411,1,False,58,69,70,81
7625566351733640490,长安汽车,2026-05-11T08:57:48.302751,1611657263473671,1,True,70,75,82,87
7625566351733640490,抖音精选,2026-05-11T08:57:48.302751,1568943621383170,1,False,76,81,88,93
7625566351733640490,青年创作者成长计划,2026-05-11T08:57:48.302751,7529832653680281615,1,False,82,92,94,104
7625566351733640490,汽车知识,2026-05-11T08:57:48.302751,1767586849930254,1,False,93,98,105,110
7625566624988302619,音乐分享,2026-05-11T08:58:03.683395,1582117801946126,1,False,112,117,131,136
7625566624988302619,音乐推荐,2026-05-11T08:58:03.683395,1587560888730638,1,False,118,123,137,142
7625566624988302619,同花顺,2026-05-11T08:58:03.683395,1585254250054669,1,False,124,128,143,147
7625566624988302619,清明上河图,2026-05-11T08:58:03.683395,1568102528043010,1,False,129,135,148,154
7625566624988302619,音乐种草计划,2026-05-11T08:58:03.683395,1757254703350796,1,False,136,143,155,162
7625571441265757446,原创动画,2026-05-11T08:58:18.214989,1590529075305486,1,False,0,5,25,30
7625571441265757446,即梦,2026-05-11T08:58:18.214989,1786076106106947,1,False,6,9,31,34
7625571441265757446,原创动漫,2026-05-11T08:58:18.214989,1611501262352397,1,False,10,15,35,40
7625571441265757446,二次元,2026-05-11T08:58:18.214989,1549679016708097,1,False,16,20,41,45
7625574960194522403,青年创作者成长计划,2026-05-11T08:58:55.106147,7529832653680281615,1,False,0,10,14,24
7625574960194522403,大决战,2026-05-11T08:58:55.106147,1608853465235459,1,False,11,15,25,29
7625574960194522403,辽沈战役,2026-05-11T08:58:55.106147,1670120136022039,1,False,16,21,30,35
7625574960194522403,历史,2026-05-11T08:58:55.106147,1597973993212931,1,False,22,25,36,39
7625574960194522403,解放战争,2026-05-11T08:58:55.106147,1660309612561419,1,False,26,31,40,45
7625591275979058600,动物世界,2026-05-11T08:59:03.507413,1563220812237825,1,False,11,16,11,16
7625591275979058600,野生动物零距离,2026-05-11T08:59:03.507413,1594167873378317,1,False,17,25,17,25
7625591275979058600,森蚺,2026-05-11T08:59:03.507413,1622622466273294,1,False,27,30,27,30
7625591275979058600,青年创作者成长计划,2026-05-11T08:59:03.507413,7529832653680281615,1,False,31,41,31,41
7625592707523562752,天际线,2026-05-11T08:59:10.686106,1590015587773507,1,False,45,49,56,60
7625592707523562752,天际线2,2026-05-11T08:59:10.686106,1741330411331596,1,False,50,55,61,66
7625592761428757810,了不起的精讲团,2026-05-11T08:59:18.066015,7519800545998014515,1,False,489,497,499,507
7625592761428757810,影视经典补完计划,2026-05-11T08:59:18.066015,7509046367072585763,1,False,498,507,508,517
7625592761428757810,影视万字精讲,2026-05-11T08:59:18.066015,7509046257248110642,1,False,508,515,518,525
7625593557478411547,凯迪拉克,2026-05-11T08:59:26.720539,1580527073448974,1,False,20,25,20,25
7625593557478411547,凯迪拉克ct5,2026-05-11T08:59:26.720539,1628514570534916,1,False,26,34,26,34
7625593557478411547,内燃机的魅力,2026-05-11T08:59:26.720539,1661499018684419,1,False,35,42,35,42
7625593557478411547,汽车知识,2026-05-11T08:59:26.720539,1767586849930254,1,False,43,48,43,48
7625593557478411547,精选计划,2026-05-11T08:59:26.720539,1653233084953604,1,False,49,54,49,54
7625605666253704482,迈克尔杰克逊,2026-05-11T08:59:42.519886,1566324012028929,1,False,0,7,29,36
7625605666253704482,wearetheworld,2026-05-11T08:59:42.519886,1617444805528589,1,False,8,22,37,51
7625605666253704482,成龙,2026-05-11T08:59:42.519886,1652266872296455,1,False,23,26,52,55
7625605666253704482,春晚,2026-05-11T08:59:42.519886,1767586802321415,1,False,27,30,56,59
7625605666253704482,世界和平,2026-05-11T08:59:42.519886,1566638430553089,1,False,31,36,60,65
7625617396107103528,捕鱼,2026-05-11T08:59:52.485973,1583211972135950,1,False,0,3,26,29
7625617396107103528,纪录片,2026-05-11T08:59:52.485973,1586123752103966,1,False,4,8,30,34
7625617396107103528,钓鱼,2026-05-11T08:59:52.485973,1564724072144897,1,False,9,12,35,38
7625640644869999918,影娱漫谈编辑部,2026-05-11T09:00:21.501514,7504682951579879435,1,False,0,8,21,29
7625640644869999918,迪丽热巴,2026-05-11T09:00:21.501514,1566293521774658,1,False,9,14,30,35
7625640644869999918,陈飞宇,2026-05-11T09:00:21.501514,1581608569802766,1,False,15,19,36,40
7625640644869999918,爱情,2026-05-11T09:00:21.501514,1562208367689745,1,False,20,23,41,44
7625640644869999918,影娱热点团,2026-05-11T09:00:21.501514,7435956288158992411,1,False,24,30,45,51
7625645301654687016,无畏契约,2026-05-11T09:00:28.797492,1666206277071965,1,False,0,5,11,16
7625645301654687016,无畏契约迷核,2026-05-11T09:00:28.797492,7616696052720404543,1,False,5,12,16,23
7625645301654687016,Rush雷兹,2026-05-11T09:00:28.797492,7529946878897555496,1,False,12,19,23,30
7625645301654687016,雷兹,2026-05-11T09:00:28.797492,1694654482313230,1,False,19,22,30,33
7625645301654687016,青年创作者成长计划,2026-05-11T09:00:28.797492,7529832653680281615,1,False,22,32,33,43
7625650477023235338,交换世界计划,2026-05-11T09:00:36.839651,1788224080892938,1,False,0,7,21,28
7625650477023235338,青年创作者成长计划,2026-05-11T09:00:36.839651,7529832653680281615,1,False,8,18,29,39
7625650477023235338,青年创作者扶持计划,2026-05-11T09:00:36.839651,7519802101346617407,1,False,19,29,40,50
7625650477023235338,抖音精选,2026-05-11T09:00:36.839651,1568943621383170,1,False,30,35,51,56
7625650477023235338,超会玩派对,2026-05-11T09:00:36.839651,7505114170086393891,1,False,37,43,58,64
7625658701742918963,恐怖游戏,2026-05-11T09:00:43.751110,1767586622634062,1,False,43,48,43,48
7625658701742918963,恐怖游戏解说,2026-05-11T09:00:43.751110,1634168739732494,1,False,49,56,49,56
7625658701742918963,游戏解说,2026-05-11T09:00:43.751110,1578391413563421,1,False,57,62,57,62
7625658701742918963,青年创作者成长计划,2026-05-11T09:00:43.751110,7529832653680281615,1,False,63,73,63,73
7625658711147752357,第五人格,2026-05-11T09:00:57.293600,1600720944658436,1,False,0,5,15,20
7625658711147752357,春眠不觉晓第五玩到老,2026-05-11T09:00:57.293600,7618783090488150068,1,False,6,17,21,32
7625658711147752357,第五人格八周年,2026-05-11T09:00:57.293600,7356137155939043343,1,False,18,26,33,41
7625658711147752357,第五人格五骥映春,2026-05-11T09:00:57.293600,7578483057498277930,1,False,27,36,42,51
7625658711147752357,第五人格鹤唳,2026-05-11T09:00:57.293600,7431859007684937768,1,False,37,44,52,59
7625776078091465307,全球顶尖摩托车赛事,2026-05-11T09:01:22.456745,1721204583820352,1,False,0,10,0,10
7625776078091465307,摩托车赛道精彩瞬间,2026-05-11T09:01:22.456745,1721127582357507,1,False,11,21,11,21
7625776078091465307,摩托车比赛,2026-05-11T09:01:22.456745,1590034574021636,1,False,22,28,22,28
7625776078091465307,超燃竟技场,2026-05-11T09:01:22.456745,1789875208348684,1,False,29,35,29,35
7625776078091465307,摩托车,2026-05-11T09:01:22.456745,1564074336077826,1,False,36,40,36,40
7625784238428001905,搞笑视频,2026-05-11T09:01:27.962356,1767586820757517,1,False,0,5,0,5
7625820948268627368,pinkamy圆圆杯,2026-05-11T09:01:34.495904,7458202364617426970,1,False,19,30,19,30
7625820948268627368,穿搭分享,2026-05-11T09:01:34.495904,1665009838344205,1,False,30,35,30,35
7625820948268627368,内衣分享,2026-05-11T09:01:34.495904,1696659034313739,1,False,35,40,35,40
7625820948268627368,聚拢内衣,2026-05-11T09:01:34.495904,1681704956390429,1,False,40,45,40,45
7625820948268627368,好物推荐,2026-05-11T09:01:34.495904,1767586493402120,1,False,45,50,45,50
7625838551422340393,胡彦斌,2026-05-11T09:01:50.596015,1564630938694721,1,False,0,4,31,35
7625838551422340393,王力宏,2026-05-11T09:01:50.596015,1721555807246359,1,False,5,9,36,40
7625838551422340393,林子祥,2026-05-11T09:01:50.596015,1592750572997640,1,False,10,14,41,45
7625848809276345636,搞笑视频,2026-05-11T09:01:53.294517,1767586820757517,1,False,0,5,22,27
7625848809276345636,搞笑段子,2026-05-11T09:01:53.294517,1767586780429320,1,False,9,14,31,36
7625848809276345636,可爱搞笑,2026-05-11T09:01:53.294517,1586847309329422,1,False,16,21,38,43
7625848809276345636,人间观察计划,2026-05-11T09:01:53.294517,1638697128713219,1,False,22,29,44,51
7625848809276345636,人间观察计划,2026-05-11T09:01:53.294517,1638697128713219,1,False,30,37,52,59
7625854346353184006,杜兰特,2026-05-11T09:02:00.742515,1600118731249671,1,False,0,4,29,33
7625854346353184006,勇士,2026-05-11T09:02:00.742515,1583493873651726,1,False,5,8,34,37
7625854346353184006,篮网,2026-05-11T09:02:00.742515,1601457636857859,1,False,9,12,38,41
7625854346353184006,NBA,2026-05-11T09:02:00.742515,1767586875745288,1,False,13,17,42,46
7625854346353184006,篮球,2026-05-11T09:02:00.742515,1561830226453506,1,False,18,21,47,50
7625857056318197034,杨丞琳,2026-05-11T09:02:03.623507,1573047518937102,1,False,0,4,30,34
7625857056318197034,周深,2026-05-11T09:02:03.623507,1587041190886414,1,False,5,8,35,38
7625857056318197034,华语乐坛巅峰,2026-05-11T09:02:03.623507,1641649564844046,1,False,9,16,39,46
7625859969664978202,NBA,2026-05-11T09:02:06.662183,1767586875745288,1,False,35,39,35,39
7625859969664978202,篮球,2026-05-11T09:02:06.662183,1561830226453506,1,False,40,43,40,43
7625859969664978202,青年创作者成长计划,2026-05-11T09:02:06.662183,7529832653680281615,1,False,44,54,44,54
7625860019593940233,猛士M817,2026-05-11T09:02:09.940697,7495353895275726857,1,True,11,18,36,43
7625860019593940233,坦克500,2026-05-11T09:02:09.940697,1677817431685134,1,False,19,25,44,50
7625874671749057842,三角洲行动,2026-05-11T09:02:32.407065,1772634867886087,1,True,0,6,19,25
7625874671749057842,我要成为三角洲高手,2026-05-11T09:02:32.407065,7496122141046229011,1,False,7,17,26,36
7625874671749057842,三角洲s8蝶变时刻新赛季,2026-05-11T09:02:32.407065,7599146936339286068,1,False,18,31,37,50
7625874671749057842,假期结束接着洲,2026-05-11T09:02:32.407065,7611460182949759010,1,False,32,40,51,59
7625874671749057842,善战行动,2026-05-11T09:02:32.407065,7517962341591058482,1,False,41,46,60,65
7625883925591772442,动物世界,2026-05-11T09:02:45.426800,1563220812237825,1,False,0,5,17,22
7625883925591772442,动物科普,2026-05-11T09:02:45.426800,1597817242020878,1,False,6,11,23,28
7625883925591772442,章鱼,2026-05-11T09:02:45.426800,1656687148387335,1,False,12,15,29,32
7625883925591772442,螃蟹,2026-05-11T09:02:45.426800,1569612383333377,1,False,16,19,33,36
7625883925591772442,猕猴,2026-05-11T09:02:45.426800,1657057519890435,1,False,20,23,37,40
7625894328619044132,装机,2026-05-11T09:02:57.711863,1591120779681800,1,False,6,9,19,22
7625894328619044132,组装电脑,2026-05-11T09:02:57.711863,1619361966682116,1,False,10,15,23,28
7625894328619044132,电脑,2026-05-11T09:02:57.711863,1569251926241282,1,False,16,19,29,32
7625894328619044132,电脑配置,2026-05-11T09:02:57.711863,1596932569534467,1,False,20,25,33,38
7625904772935208244,美食探店,2026-05-11T09:03:16.296399,1767587039868936,1,False,0,5,19,24
7625904772935208244,大饼卷一切,2026-05-11T09:03:16.296399,1583147274045454,1,False,6,12,25,31
7625904772935208244,硬核早餐,2026-05-11T09:03:16.296399,1633928600007692,1,False,13,18,32,37
7625904772935208244,河北,2026-05-11T09:03:16.296399,1587202046925854,1,False,19,22,38,41
7625904772935208244,熏肉,2026-05-11T09:03:16.296399,1589091522403331,1,False,23,26,42,45
7625917781007071842,良子味真足,2026-05-11T09:03:28.826594,7509773562580830227,1,False,0,0,0,6
7625917781007071842,味真足,2026-05-11T09:03:28.826594,7448096943298840616,1,False,0,0,7,11
7625917781007071842,美食,2026-05-11T09:03:28.826594,1767586897793101,1,False,0,0,30,33
7625917781007071842,记录生活,2026-05-11T09:03:28.826594,1767586437643341,1,False,0,0,34,39
7625925057935707428,恐怖惊悚电影,2026-05-11T09:03:39.473376,1648189686459400,1,False,0,7,10,17
7625925057935707428,恐怖电影,2026-05-11T09:03:39.473376,1658923754732547,1,False,8,13,18,23
7625925057935707428,坏种,2026-05-11T09:03:39.473376,1620518967403588,1,False,14,17,24,27
7625928557235047716,一代人有一代人的动物世界,2026-05-11T09:03:49.265739,7342811446960457765,1,False,0,13,15,28
7625928557235047716,阿德利企鹅,2026-05-11T09:03:49.265739,1614258435351559,1,False,14,20,29,35
7625928557235047716,动物世界搞笑解说,2026-05-11T09:03:49.265739,1766112895028228,1,False,21,30,36,45
7625929057691078053,让世界看到中国的美,2026-05-11T09:03:54.954470,1753956035454091,1,False,21,31,21,31
7625930919555157291,二狗脱口秀,2026-05-11T09:04:08.371357,1737291181079555,1,False,0,6,6,12
7625930919555157291,每日一笑,2026-05-11T09:04:08.371357,7419047687372146700,1,False,6,11,12,17
7625930919555157291,看一次笑一次,2026-05-11T09:04:08.371357,1767586451990557,1,False,11,18,17,24
7625932361125169838,别克君越,2026-05-11T09:04:12.388475,1618387746604051,1,False,61,66,61,66
7625932361125169838,汽车知识,2026-05-11T09:04:12.388475,1767586849930254,1,False,67,72,67,72
7625932361125169838,汽车文化,2026-05-11T09:04:12.388475,1614949987486724,1,False,73,78,73,78
7625932361125169838,说车聊车,2026-05-11T09:04:12.388475,1612369417176131,1,False,79,84,79,84
7625933647380362926,电车,2026-05-11T09:04:18.962099,1578927611916302,1,False,31,34,31,34
7625933647380362926,超跑,2026-05-11T09:04:18.962099,1565655142095874,1,False,35,38,35,38
7625933647380362926,特斯拉models,2026-05-11T09:04:18.962099,1619247678110734,1,False,39,49,39,49
7625933963341538728,祁同伟,2026-05-11T09:04:33.134178,1596731962163208,1,False,14,18,14,18
7625933963341538728,sha,2026-05-11T09:04:33.134178,1596161331261453,1,False,18,22,18,22
7625933963341538728,高育良,2026-05-11T09:04:33.134178,1617920986893316,1,False,30,34,30,34
7625933963341538728,人民的名义,2026-05-11T09:04:33.134178,1597514606590983,1,False,34,40,34,40
7625935832171531530,邰正宵,2026-05-11T09:04:41.361656,1591484229614605,1,False,0,4,23,27
7625935832171531530,华语乐坛,2026-05-11T09:04:41.361656,1600531102146564,1,False,5,10,28,33
7625935832171531530,音乐,2026-05-11T09:04:41.361656,7419051577312282660,1,False,11,14,34,37
7625935832171531530,人物志,2026-05-11T09:04:41.361656,1606303352081422,1,False,15,19,38,42
7625939741950741247,科普一下,2026-05-11T09:04:44.437528,1593401120368644,1,False,17,22,17,22
7625939741950741247,有趣的知识又增长了,2026-05-11T09:04:44.437528,1739404462289932,1,False,23,33,23,33
7625940013382362289,分享家乡美食,2026-05-11T09:04:47.113531,1619933906683972,1,False,0,7,22,29
7625940013382362289,美食,2026-05-11T09:04:47.113531,1767586897793101,1,False,8,11,30,33
7625940013382362289,分享家乡美食,2026-05-11T09:04:47.113531,1619933906683972,1,False,12,19,34,41
7625940013382362289,河北美食,2026-05-11T09:04:47.113531,1598965621229646,1,False,20,25,42,47
7625940013382362289,邯郸美食,2026-05-11T09:04:47.113531,1596626413980675,1,False,26,31,48,53
7625944707465612596,鬼灭之刃,2026-05-11T09:04:53.596225,1607410609782791,1,False,0,5,17,22
7625944707465612596,动漫解说,2026-05-11T09:04:53.596225,1611295887654920,1,False,6,11,23,28
7625944707465612596,炭治郎,2026-05-11T09:04:53.596225,1642934295202827,1,False,12,16,29,33
7625944707465612596,动漫推荐,2026-05-11T09:04:53.596225,1587194314661901,1,False,17,22,34,39
7625944707465612596,二次元,2026-05-11T09:04:53.596225,1549679016708097,1,False,23,27,40,44
7625950025335573779,奔驰CLS,2026-05-11T09:05:02.891497,1630742614696972,1,False,0,6,24,30
7625950025335573779,恶魔之眼,2026-05-11T09:05:02.891497,1593074591993864,1,False,7,12,31,36
7625950025335573779,青年创作者成长计划,2026-05-11T09:05:02.891497,7529832653680281615,1,False,13,23,37,47
7625950025335573779,真实生活分享计划,2026-05-11T09:05:02.891497,7512672201834547210,1,False,24,33,48,57
7625950025335573779,上热门🔥,2026-05-11T09:05:02.891497,1767586810116119,1,False,34,40,58,64
7625950469180951817,詹姆斯,2026-05-11T09:05:09.003831,1600800922548231,1,False,0,4,19,23
7625950469180951817,湖人,2026-05-11T09:05:09.003831,1604942624574468,1,False,5,8,24,27
7625950469180951817,抖音精选,2026-05-11T09:05:09.003831,1568943621383170,1,False,9,14,28,33
7625952148475465011,鬼灭之刃,2026-05-11T09:05:15.447419,1607410609782791,1,False,0,5,11,16
7625952148475465011,祢豆子,2026-05-11T09:05:15.447419,1630775649347591,1,False,6,10,17,21
7625952148475465011,蜜璃,2026-05-11T09:05:15.447419,1647806800423947,1,False,11,14,22,25
7625952148475465011,炭治郎,2026-05-11T09:05:15.447419,1642934295202827,1,False,15,19,26,30
7625952148475465011,时透无一郎,2026-05-11T09:05:15.447419,1640012887116814,1,False,20,26,31,37
7625954896398912768,火影手游,2026-05-11T09:05:20.518783,1581413352167518,1,False,0,5,17,22
7625954896398912768,佩恩,2026-05-11T09:05:20.518783,1590642688490503,1,False,6,9,23,26
7625954896398912768,天道超,2026-05-11T09:05:20.518783,1711777121433671,1,False,10,14,27,31
7625956063569067379,王者荣耀,2026-05-11T09:05:23.233669,1764938367505416,1,False,0,5,9,14
7625956063569067379,游戏日常,2026-05-11T09:05:23.233669,1572818708738062,1,False,7,12,16,21
7625956063569067379,对抗路,2026-05-11T09:05:23.233669,1649143783691278,1,False,13,17,22,26
7625956063569067379,创作者扶持计划,2026-05-11T09:05:23.233669,1767586897133582,1,False,18,26,27,35
7625956063569067379,热门,2026-05-11T09:05:23.233669,1767586892234824,1,False,28,31,37,40
7625963516918320393,抖音精选,2026-05-11T09:05:25.967140,1568943621383170,1,False,0,5,25,30
7625963516918320393,潮汕游神,2026-05-11T09:05:25.967140,1593342250683422,1,False,6,11,31,36
7625963516918320393,清朝,2026-05-11T09:05:25.967140,1587828702162013,1,False,12,15,37,40
7625963516918320393,历史,2026-05-11T09:05:25.967140,1597973993212931,1,False,16,19,41,44
7625963516918320393,青年创作者成长计划,2026-05-11T09:05:25.967140,7529832653680281615,1,False,20,30,45,55
7625966725338500361,深度解说,2026-05-11T09:05:36.147325,1662318706546702,1,False,26,31,26,31
7625966725338500361,反转剧情,2026-05-11T09:05:36.147325,7511931433775007755,1,False,33,38,33,38
7625966725338500361,张家辉,2026-05-11T09:05:36.147325,1580434723294237,1,False,40,44,40,44
7625966725338500361,阮经天,2026-05-11T09:05:36.147325,1587498447589421,1,False,46,50,46,50
7625966776837711461,澳门,2026-05-11T09:05:44.343294,1563010098190338,1,False,7,10,7,10
7625966776837711461,澳门旅游,2026-05-11T09:05:44.343294,1581960575591437,1,False,11,16,11,16
7625966776837711461,澳门风云,2026-05-11T09:05:44.343294,1581146305689613,1,False,17,22,17,22
7625966776837711461,澳门菜市场,2026-05-11T09:05:44.343294,1691335958202381,1,False,23,29,23,29
7625966776837711461,澳门过三关,2026-05-11T09:05:44.343294,1648708072467459,1,False,30,36,30,36
7625968079642949032,在拍一种很新的vlog,2026-05-11T09:05:59.320648,1757627772683267,1,False,31,43,31,43
7625968079642949032,穿搭博主的一天,2026-05-11T09:05:59.320648,1674470982346764,1,False,44,52,44,52
7625968079642949032,vlog十亿流量扶持计划,2026-05-11T09:05:59.320648,1631751653335043,1,False,53,66,53,66
7625970187552148075,美食,2026-05-11T09:06:05.495609,1767586897793101,1,False,0,3,7,10
7625970187552148075,好好吃饭,2026-05-11T09:06:05.495609,1565468166951937,1,False,4,9,11,16
7625970187552148075,吃货分享日常,2026-05-11T09:06:05.495609,1702156175657011,1,False,10,17,17,24
7625974741551123739,tsn260408z,2026-05-11T09:06:12.272526,7625973996982388745,1,False,384,395,384,395
7625974741551123739,超级工厂,2026-05-11T09:06:12.272526,1614826147784712,1,True,395,400,395,400
7625975092018761010,广东美食,2026-05-11T09:06:38.711203,1767586414987277,1,False,205,210,226,231
7625975092018761010,化州,2026-05-11T09:06:38.711203,1586913682860045,1,False,211,214,232,235
7625975092018761010,广东,2026-05-11T09:06:38.711203,1573686561964045,1,False,215,218,236,239
7625975092018761010,化州牛杂,2026-05-11T09:06:38.711203,1607930444721165,1,False,219,224,240,245
7625975092018761010,小时候的味道,2026-05-11T09:06:38.711203,1568734170396673,1,False,225,232,246,253
7625975657343765814,动漫美食,2026-05-11T09:06:43.144436,1589569350179843,1,False,0,5,13,18
7625975657343765814,熊出没,2026-05-11T09:06:43.144436,1571111552996354,1,False,6,10,19,23
7625975657343765814,豆腐脑,2026-05-11T09:06:43.144436,1595244635756557,1,False,11,15,24,28
7625975657343765814,青年创作者成长计划,2026-05-11T09:06:43.144436,7529832653680281615,1,False,16,26,29,39
7625975657343765814,满级吃商通关赛,2026-05-11T09:06:43.144436,7615617987986327615,1,False,27,35,40,48
7625983324246297883,经典港片,2026-05-11T09:07:01.186660,1594114740998151,1,False,0,5,30,35
7625983324246297883,成龙,2026-05-11T09:07:01.186660,1652266872296455,1,False,6,9,36,39
7625983324246297883,动作电影,2026-05-11T09:07:01.186660,1598970232075287,1,False,10,15,40,45
7625983324246297883,青年创作者成长计划,2026-05-11T09:07:01.186660,7529832653680281615,1,False,16,26,46,56
7625983379455872283,义勇,2026-05-11T09:07:08.352913,1642574607772679,1,False,0,3,16,19
7625983379455872283,动漫解说,2026-05-11T09:07:08.352913,1611295887654920,1,False,4,9,20,25
7625983379455872283,鬼灭之刃,2026-05-11T09:07:08.352913,1607410609782791,1,False,10,15,26,31
7625983379455872283,猗窝座,2026-05-11T09:07:08.352913,1644286369952782,1,False,16,20,32,36
7625983379455872283,搞笑,2026-05-11T09:07:08.352913,1635669004810253,1,False,21,24,37,40
7625983892776400448,大邑,2026-05-11T09:07:16.591926,1767586287984654,1,False,0,3,12,15
7625983892776400448,成都周边游,2026-05-11T09:07:16.591926,1603694763551751,1,False,4,10,16,22
7625983892776400448,青年创作者成长计划,2026-05-11T09:07:16.591926,7529832653680281615,1,False,11,21,23,33
7625983892776400448,药师岩,2026-05-11T09:07:16.591926,1600164994451460,1,False,22,26,34,38
7625983892776400448,新场古镇,2026-05-11T09:07:16.591926,1608108870962179,1,False,27,32,39,44
7626001562082577700,修复,2026-05-11T09:08:13.107254,1585010442092558,1,False,0,3,19,22
7626001562082577700,解密,2026-05-11T09:08:13.107254,1582227239664654,1,False,3,6,22,25
7626001562082577700,ai,2026-05-11T09:08:13.107254,1582049556616206,1,False,6,9,25,28
7626001562082577700,AI,2026-05-11T09:08:13.107254,1582049556616206,1,False,9,12,28,31
7626013516348067098,青年创作者成长计划,2026-05-11T09:08:27.434616,7529832653680281615,1,False,28,38,41,51
7626013516348067098,影娱热点团,2026-05-11T09:08:27.434616,7435956288158992411,1,False,40,46,53,59
7626013516348067098,抖音作者会客厅,2026-05-11T09:08:27.434616,7508580809838708777,1,False,48,56,61,69
7626013516348067098,一口气看完系列,2026-05-11T09:08:27.434616,1657496491581444,1,False,58,66,71,79
7626013516348067098,抖音精选,2026-05-11T09:08:27.434616,1568943621383170,1,False,68,73,81,86
7626023532979424564,小鱼微胖粗沙漏,2026-05-11T09:08:37.834299,7392789371281213480,1,False,19,27,39,47
7626023532979424564,形象美学,2026-05-11T09:08:37.834299,1620564849723395,1,False,28,33,48,53
7626023532979424564,形象管理,2026-05-11T09:08:37.834299,1618296679912455,1,False,34,39,54,59
7626023532979424564,形象设计,2026-05-11T09:08:37.834299,1611997633458190,1,False,40,45,60,65
7626023532979424564,孔雪儿,2026-05-11T09:08:37.834299,1602072825409556,1,False,46,50,66,70
7626046109713976614,娱乐,2026-05-11T09:09:14.200640,7419044653233604627,1,False,8,11,8,11
7626046109713976614,明星,2026-05-11T09:09:14.200640,1555221650401282,1,False,12,15,12,15
7626046109713976614,女神,2026-05-11T09:09:14.200640,1765783050564749,1,False,16,19,16,19
7626046109713976614,科普,2026-05-11T09:09:14.200640,1582741603218446,1,False,20,23,20,23
7626127496848739625,巴斯克蛋糕,2026-05-11T09:09:33.734499,1662923840389134,1,False,0,6,19,25
7626127496848739625,空气炸锅美食,2026-05-11T09:09:33.734499,1596912141765646,1,False,7,14,26,33
7626127496848739625,自制甜品,2026-05-11T09:09:33.734499,1586020017987597,1,False,15,20,34,39
7626127496848739625,在家做美食,2026-05-11T09:09:33.734499,1767586499368968,1,False,21,27,40,46
7626127496848739625,美食教程,2026-05-11T09:09:33.734499,1581688162541582,1,False,28,33,47,52
7626180667251952931,广西鱼生,2026-05-11T09:09:39.685219,1628168250796036,1,False,0,5,27,32
7626180667251952931,美食,2026-05-11T09:09:39.685219,1767586897793101,1,False,6,9,33,36
7626180667251952931,科普,2026-05-11T09:09:39.685219,1582741603218446,1,False,10,13,37,40
7626180667251952931,青年创作扶持计划,2026-05-11T09:09:39.685219,7524673003972462646,1,False,14,23,41,50
7626203367521520896,地方特色美食,2026-05-11T09:09:53.872747,1588619068210180,1,False,0,7,15,22
7626203367521520896,广东美食,2026-05-11T09:09:53.872747,1585458217860110,1,False,8,13,23,28
7626203367521520896,湛江美食,2026-05-11T09:09:53.872747,1596774816343054,1,False,14,19,29,34
7626203367521520896,生蚝,2026-05-11T09:09:53.872747,1584469587971309,1,False,20,23,35,38
7626204261994597678,国产AI,2026-05-11T09:10:08.368641,1722118152337419,1,False,80,85,98,103
7626204261994597678,算力自主,2026-05-11T09:10:08.368641,7501266041907529740,1,False,87,92,105,110
7626204261994597678,技术突破,2026-05-11T09:10:08.368641,1648447518524427,1,False,94,99,112,117
7626216151802023206,盛世美颜,2026-05-11T09:10:29.794342,1574972965820429,1,False,0,5,27,32
7626216151802023206,西游记86版,2026-05-11T09:10:29.794342,1613283032911875,1,False,6,13,33,40
7626216151802023206,杏仙,2026-05-11T09:10:29.794342,1625005656145933,1,False,14,17,41,44
7626216151802023206,王苓华,2026-05-11T09:10:29.794342,1621011352796190,1,False,18,22,45,49
7626216151802023206,怀旧经典影视,2026-05-11T09:10:29.794342,1585328357777486,1,False,23,30,50,57
7626218222571761526,打野,2026-05-11T09:10:35.774811,,,,,,,
7626218222571761526,打野教学,2026-05-11T09:10:35.774811,,,,,,,
7626218222571761526,马超,2026-05-11T09:10:35.774811,,,,,,,
7626218222571761526,马超教学,2026-05-11T09:10:35.774811,,,,,,,
7626275595265019142,竞技体育,2026-05-11T09:11:10.849607,1584318462456846,1,False,0,5,27,32
7626275595265019142,田径,2026-05-11T09:11:10.849607,1568564035453969,1,False,6,9,33,36
7626275595265019142,马拉松,2026-05-11T09:11:10.849607,1566713077504002,1,False,10,14,37,41
7626292084303056164,全球创作者计划,2026-05-11T09:12:11.601288,1784418353406976,1,False,0,8,31,39
7626292084303056164,东风61,2026-05-11T09:12:11.601288,1780245493149721,1,False,9,14,40,45
7626292084303056164,轰20,2026-05-11T09:12:11.601288,1663769880717316,1,False,15,19,46,50
7626292084303056164,零基础看懂全球,2026-05-11T09:12:11.601288,7457372823019849791,1,False,20,28,51,59
7626292084303056164,青年创作者成长计划,2026-05-11T09:12:11.601288,7529832653680281615,1,False,29,39,60,70
7626295225988317691,第一视角,2026-05-11T09:12:17.157107,1767586310901767,1,False,8,13,22,27
7626295225988317691,第一视角vlog,2026-05-11T09:12:17.157107,1709431808212999,1,False,14,23,28,37
7626301087217159439,寻味烟火气,2026-05-11T09:12:30.274391,1722851255720004,1,False,0,6,20,26
7626301087217159439,寻味街边小吃,2026-05-11T09:12:30.274391,1767586535128078,1,False,7,14,27,34
7626301087217159439,潮汕,2026-05-11T09:12:30.274391,1575982747473933,1,False,15,18,35,38
7626301087217159439,粤饮粤轻松,2026-05-11T09:12:30.274391,7528319882425796642,1,False,19,25,39,45
7626301087217159439,毛铺荞酒换新装了,2026-05-11T09:12:30.274391,7615516405064009734,1,False,27,36,47,56
7626321030159617331,植物大战僵尸,2026-05-11T09:12:53.097667,1556228478105601,1,False,0,7,19,26
7626321030159617331,植物大战僵尸杂交版,2026-05-11T09:12:53.097667,1790127283039243,1,False,8,18,27,37
7626321030159617331,pvz,2026-05-11T09:12:53.097667,1611219516954632,1,False,19,23,38,42
7626321030159617331,休闲游戏,2026-05-11T09:12:53.097667,1767586538231816,1,False,24,29,43,48
7626322025379925286,青年创作者成长计划,2026-05-11T09:12:58.657778,7529832653680281615,1,False,0,10,31,41
7626322025379925286,地理知识,2026-05-11T09:12:58.657778,1609468270905351,1,False,11,16,42,47
7626322025379925286,地理科普,2026-05-11T09:12:58.657778,1641128848461836,1,False,17,22,48,53
7626322025379925286,外蒙古,2026-05-11T09:12:58.657778,1607028786697357,1,False,23,27,54,58
7626322025379925286,领土,2026-05-11T09:12:58.657778,1622724328649901,1,False,28,31,59,62
7626335213035156474,2026kpl春季赛,2026-05-11T09:13:12.908335,7545796015014545427,1,False,46,57,46,57
7626335213035156474,kpl课代表,2026-05-11T09:13:12.908335,7618945010754390025,1,False,57,64,57,64
7626335213035156474,kpl乐子大赏,2026-05-11T09:13:12.908335,1774289673090051,1,False,64,72,64,72
7626335213035156474,kpl新星计划,2026-05-11T09:13:12.908335,1762865504366605,1,False,72,80,72,80
7626343109332323594,美女,2026-05-11T09:13:21.611096,1767586854188110,1,False,0,3,25,28
7626343109332323594,身材,2026-05-11T09:13:21.611096,1570625004793858,1,False,4,7,29,32
7626343109332323594,性感,2026-05-11T09:13:21.611096,1588634933749773,1,False,8,11,33,36
7626343109332323594,女神,2026-05-11T09:13:21.611096,1765783050564749,1,False,12,15,37,40
7626345455701577001,巫山,2026-05-11T09:13:24.080246,1609372259318855,1,False,0,3,13,16
7626345455701577001,长江三峡,2026-05-11T09:13:24.080246,1583570184538125,1,False,4,9,17,22
7626345455701577001,巫峡,2026-05-11T09:13:24.080246,1602293725072398,1,False,10,13,23,26
7626345455701577001,重庆旅游攻略,2026-05-11T09:13:24.080246,1596050174678019,1,False,14,21,27,34
7626345455701577001,开车狂浪,2026-05-11T09:13:24.080246,1674230860917767,1,False,22,27,35,40
7626349547563896064,王菲,2026-05-11T09:13:41.589261,1570345614275585,1,False,0,3,23,26
7626349547563896064,人间,2026-05-11T09:13:41.589261,1587547270309902,1,False,4,7,27,30
7626349547563896064,红豆,2026-05-11T09:13:41.589261,1575645194843149,1,False,8,11,31,34
7626349547563896064,音乐推荐,2026-05-11T09:13:41.589261,1587560888730638,1,False,12,17,35,40
7626349547563896064,抖音创作者成长计划,2026-05-11T09:13:41.589261,1667104042743821,1,False,18,28,41,51
7626357094979861105,异地恋,2026-05-11T09:14:00.300339,1568598695670786,1,False,0,4,11,15
7626357094979861105,情侣日常,2026-05-11T09:14:00.300339,1569728533702658,1,False,4,9,15,20
7626358941550693684,朱元璋,2026-05-11T09:14:04.985979,1601157286071300,1,False,42,46,49,53
7626358941550693684,洪武大帝,2026-05-11T09:14:04.985979,1641488557104131,1,False,47,52,54,59
7626358941550693684,明朝,2026-05-11T09:14:04.985979,1594906867288068,1,False,53,56,60,63
7626358941550693684,历史人物,2026-05-11T09:14:04.985979,1573155849265165,1,False,57,62,64,69
7626358941550693684,马皇后,2026-05-11T09:14:04.985979,1618100422611982,1,False,63,67,70,74
7626364794559319323,人性,2026-05-11T09:14:07.616036,1767586623552606,1,False,48,51,48,51
7626364794559319323,心理学,2026-05-11T09:14:07.616036,1588047181311053,1,False,52,56,52,56
7626364794559319323,社交技巧,2026-05-11T09:14:07.616036,1619649764799511,1,False,57,62,57,62
7626364794559319323,人际交往,2026-05-11T09:14:07.616036,1596823174317075,1,False,63,68,63,68
7626364794559319323,职场心理,2026-05-11T09:14:07.616036,1604306060459022,1,False,69,74,69,74
7626381492997885210,日剧母亲,2026-05-11T09:14:17.849501,1658321765860356,1,False,0,5,21,26
7626381492997885210,芦田爱菜,2026-05-11T09:14:17.849501,1662750604477448,1,False,6,11,27,32
7626381492997885210,松雪泰子,2026-05-11T09:14:17.849501,1622191936832525,1,False,12,17,33,38
7626381492997885210,母爱,2026-05-11T09:14:17.849501,1574785350757390,1,False,18,21,39,42
7626381492997885210,了不起的精讲团,2026-05-11T09:14:17.849501,7519800545998014515,1,False,22,30,43,51
7626388302609878308,世界杯,2026-05-11T09:14:24.092517,1764938403119198,1,False,0,4,24,28
7626388302609878308,阿根廷,2026-05-11T09:14:24.092517,1582424962859022,1,False,5,9,29,33
7626388302609878308,梅西,2026-05-11T09:14:24.092517,1584868608457742,1,False,10,13,34,37
7626388302609878308,足球,2026-05-11T09:14:24.092517,1767586889749575,1,False,14,17,38,41
7626396001716243747,雷克萨斯,2026-05-11T09:14:31.571658,1605941848997908,1,False,43,48,60,65
7626396001716243747,雷克萨斯LX,2026-05-11T09:14:31.571658,1619576305756168,1,False,49,56,66,73
7626396001716243747,混合动力,2026-05-11T09:14:31.571658,1587238421069838,1,False,57,62,74,79
7626396001716243747,越野车,2026-05-11T09:14:31.571658,1572532458715150,1,False,63,67,80,84
7626396001716243747,2026懂车帝抖音种草汽车内容创作大赛,2026-05-11T09:14:31.571658,7600671797314324534,1,False,68,88,85,105
7626417365894417714,环球旅行,2026-05-11T09:15:23.928954,1574058646929421,1,False,240,245,262,267
7626417365894417714,夜生活,2026-05-11T09:15:23.928954,1767586199956494,1,False,246,250,268,272
7626417365894417714,酒吧街,2026-05-11T09:15:23.928954,1580693973456941,1,False,251,255,273,277
7626417365894417714,欧洲旅行,2026-05-11T09:15:23.928954,1575700826630173,1,False,256,261,278,283
7626417365894417714,旅行vlog,2026-05-11T09:15:23.928954,1587740131186798,1,False,262,269,284,291
7626425357582798120,原来钓鱼才是抖音运动顶流,2026-05-11T09:15:26.702930,1740389991881739,1,False,0,13,13,26
7626425357582798120,dou是钓鱼人,2026-05-11T09:15:26.702930,1669741655496733,1,False,14,22,27,35
7626425357582798120,2025dou来钓鱼,2026-05-11T09:15:26.702930,1743052214973453,1,False,23,34,36,47
7626430118667472169,长安逸动,2026-05-11T09:15:41.074701,1599703711049735,1,False,0,5,23,28
7626430118667472169,长安逸动plus,2026-05-11T09:15:41.074701,1650601566347277,1,False,6,15,29,38
7626430118667472169,带你懂车,2026-05-11T09:15:41.074701,1637205689406471,1,False,16,21,39,44
7626430118667472169,汽车知识,2026-05-11T09:15:41.074701,1767586849930254,1,False,22,27,45,50
7626570599200001332,李荣浩,2026-05-11T09:16:14.826121,1565890917555202,1,False,0,4,28,32
7626570599200001332,麻雀,2026-05-11T09:16:14.826121,1582982818441230,1,False,5,8,33,36
7626570599200001332,薛之谦,2026-05-11T09:16:14.826121,1549617772481537,1,False,9,13,37,41
7626570599200001332,陈奕迅,2026-05-11T09:16:14.826121,1563194977347649,1,False,14,18,42,46
7626570599200001332,音乐,2026-05-11T09:16:14.826121,7419051577312282660,1,False,19,22,47,50
7626578852755606810,单机游戏,2026-05-11T09:16:24.396209,1580346658018318,1,False,18,23,31,36
7626578852755606810,童年,2026-05-11T09:16:24.396209,1658420520058893,1,False,24,27,37,40
7626578852755606810,忍者神龟,2026-05-11T09:16:24.396209,1567676469258241,1,False,28,33,41,46
7626578852755606810,红白机,2026-05-11T09:16:24.396209,1574625576196109,1,False,34,38,47,51
7626578852755606810,格斗游戏,2026-05-11T09:16:24.396209,1581215518307341,1,False,39,44,52,57
7626584955816021274,退休直播在就业,2026-05-11T09:16:27.125596,7626584958169171977,1,False,0,8,19,27
7626584955816021274,不用导航骑行,2026-05-11T09:16:27.125596,7626584907778639882,1,False,9,16,28,35
7626584955816021274,vlog,2026-05-11T09:16:27.125596,1569364387356674,1,False,17,22,36,41
7626584955816021274,骑行日记,2026-05-11T09:16:27.125596,1597991626894344,1,False,23,28,42,47
7626593162307620793,笼养鸟训练,2026-05-11T09:16:32.750807,1793318331292739,1,False,0,6,0,6
7626593162307620793,鹦鹉上手教程,2026-05-11T09:16:32.750807,1722716613992461,1,False,7,14,7,14
7626593162307620793,手养鹦鹉入门,2026-05-11T09:16:32.750807,7600535205501208610,1,False,15,22,15,22
7626593162307620793,训鸟干货,2026-05-11T09:16:32.750807,7511332222596319247,1,False,24,29,24,29
7626593162307620793,鹦鹉训练技巧,2026-05-11T09:16:32.750807,1734457111529547,1,False,30,37,30,37
7626602051157364003,音乐,2026-05-11T09:16:45.745083,7419051577312282660,1,False,0,3,11,14
7626602051157364003,音乐分享,2026-05-11T09:16:45.745083,1582117801946126,1,False,4,9,15,20
7626602051157364003,音乐推荐,2026-05-11T09:16:45.745083,1587560888730638,1,False,10,15,21,26
7626602051157364003,戴上耳机,2026-05-11T09:16:45.745083,1589767313988611,1,False,16,21,27,32
7626602051157364003,音乐种草计划,2026-05-11T09:16:45.745083,1757254703350796,1,False,22,29,33,40
7626609034053563515,发型,2026-05-11T09:16:48.162176,1561270570572801,1,False,0,3,0,3
7626609034053563515,校园,2026-05-11T09:16:48.162176,1767587367750663,1,False,4,7,4,7
7626609034053563515,校园生活,2026-05-11T09:16:48.162176,1555596444813329,1,False,8,13,8,13
7626611044605087022,大众途观,2026-05-11T09:16:53.181997,1633222598027275,1,False,0,5,15,20
7626611044605087022,大众,2026-05-11T09:16:53.181997,1583401193841678,1,False,6,9,21,24
7626611044605087022,大众途观l,2026-05-11T09:16:53.181997,1616261356787726,1,False,10,16,25,31
7626611044605087022,青年创作者成长计划,2026-05-11T09:16:53.181997,7529832653680281615,1,False,17,27,32,42
7626611044605087022,汽车知识,2026-05-11T09:16:53.181997,1767586849930254,1,False,29,34,44,49
7626613105853844736,自驾西藏,2026-05-11T09:16:55.760448,1591188769497092,1,False,12,17,28,33
7626613105853844736,丙察察,2026-05-11T09:16:55.760448,1598889826149389,1,False,18,22,34,38
7626613105853844736,滇藏线,2026-05-11T09:16:55.760448,1658778048989192,1,False,24,28,40,44
7626613105853844736,旅行推荐官,2026-05-11T09:16:55.760448,1666634254425100,1,False,29,35,45,51
7626613105853844736,夫妻自驾游,2026-05-11T09:16:55.760448,1655024995381262,1,False,36,42,52,58
7626616652783701254,青年创作者成长计划,2026-05-11T09:17:00.599642,7529832653680281615,1,False,62,72,87,97
7626616652783701254,交换世界计划,2026-05-11T09:17:00.599642,1788224080892938,1,False,73,80,98,105
7626616652783701254,219国道,2026-05-11T09:17:00.599642,1608567494943816,1,False,81,87,106,112
7626616652783701254,丙察察,2026-05-11T09:17:00.599642,1598889826149389,1,False,88,92,113,117
7626650246977703209,动漫编年史,2026-05-11T09:17:44.843645,1754442585463815,1,False,0,6,23,29
7626650246977703209,我在抖音看动漫,2026-05-11T09:17:44.843645,1638671939469324,1,False,7,15,30,38
7626650246977703209,萌可,2026-05-11T09:17:44.843645,1612843587174404,1,False,16,19,39,42
7626650246977703209,变身,2026-05-11T09:17:44.843645,1555318033810433,1,False,20,23,43,46
7626650246977703209,青年创作者成长计划,2026-05-11T09:17:44.843645,7529832653680281615,1,False,26,36,49,59
7626670297114755441,赶海,2026-05-11T09:18:04.581134,1589548952178702,1,False,0,3,0,3
7626673691920796978,了不起的精讲团,2026-05-11T09:18:10.088127,7519800545998014515,1,False,0,0,16,24
7626673691920796978,影娱漫谈编辑部,2026-05-11T09:18:10.088127,7504682951579879435,1,False,0,0,25,33
7626673691920796978,日剧推荐,2026-05-11T09:18:10.088127,1594508739586056,1,False,0,0,34,39
7626673691920796978,纯爱,2026-05-11T09:18:10.088127,1593635685447683,1,False,0,0,40,43
7626684177663986971,科比,2026-05-11T09:18:13.096983,1564023933095938,1,False,0,3,18,21
7626684177663986971,詹姆斯,2026-05-11T09:18:13.096983,1600800922548231,1,False,4,8,22,26
7626684177663986971,安东尼,2026-05-11T09:18:13.096983,1592389385390083,1,False,9,13,27,31
7626684177663986971,美国男篮,2026-05-11T09:18:13.096983,1601000922064900,1,False,14,19,32,37
7626689778339089699,逃离后室,2026-05-11T09:18:42.069158,1736517280833551,1,False,12,17,33,38
7626689778339089699,后室,2026-05-11T09:18:42.069158,1723802321171464,1,False,18,21,39,42
7626696897842924806,云南跟团,2026-05-11T09:18:49.174830,1673192720925704,1,False,0,5,19,24
7626696897842924806,旅行团测评,2026-05-11T09:18:49.174830,7380837449808742441,1,False,6,12,25,31
7626696897842924806,真实生活分享计划,2026-05-11T09:18:49.174830,7512672201834547210,1,False,13,22,32,41
7626696897842924806,云南低价团,2026-05-11T09:18:49.174830,1754472298043468,1,False,23,29,42,48
7626696897842924806,交换世界计划,2026-05-11T09:18:49.174830,1788224080892938,1,False,30,37,49,56
7626697780509874010,海南,2026-05-11T09:19:03.093589,1569880671219713,1,False,50,53,50,53
7626697780509874010,万宁,2026-05-11T09:19:03.093589,1606070750203912,1,False,54,57,54,57
7626697780509874010,旅游攻略,2026-05-11T09:19:03.093589,1593028994741251,1,False,58,63,58,63
7626697780509874010,寻味烟火气,2026-05-11T09:19:03.093589,1722851255720004,1,False,64,70,64,70
7626697780509874010,万宁美食,2026-05-11T09:19:03.093589,1607770582761480,1,False,71,76,71,76
7626700088521395519,了不起的精讲团,2026-05-11T09:19:07.375191,7519800545998014515,1,False,0,8,31,39
7626700088521395519,影视经典补完计划,2026-05-11T09:19:07.375191,7509046367072585763,1,False,8,17,39,48
7626700088521395519,感人,2026-05-11T09:19:07.375191,1570545198894081,1,False,17,20,48,51
7626700088521395519,dou来聊影视,2026-05-11T09:19:07.375191,7406182446066042916,1,False,20,28,51,59
7626700088521395519,我的观影报告,2026-05-11T09:19:07.375191,1640007327696910,1,False,28,35,59,66
7626700596619348401,海岛旅行,2026-05-11T09:19:15.102714,1622377463908360,1,False,17,22,48,53
7626700596619348401,马尔代夫,2026-05-11T09:19:15.102714,1571514773282818,1,False,23,28,54,59
7626700596619348401,图杜岛,2026-05-11T09:19:15.102714,1622668006203406,1,False,29,33,60,64
7626707971010989321,BLACKPINK,2026-05-11T09:19:22.133162,1556933405369345,1,False,23,33,23,33
7626707971010989321,Lisa,2026-05-11T09:19:22.133162,1767587194561543,1,False,34,39,34,39
7626707971010989321,Rosé,2026-05-11T09:19:22.133162,1610006895849480,1,False,40,45,40,45
7626707971010989321,Jennie,2026-05-11T09:19:22.133162,1597284139512840,1,False,46,53,46,53
7626707971010989321,Jisoo,2026-05-11T09:19:22.133162,1581389085735950,1,False,54,60,54,60
7626712080967634219,语文,2026-05-11T09:19:34.483903,1585673106464781,1,False,0,3,22,25
7626712080967634219,初中,2026-05-11T09:19:34.483903,1764938640483342,1,False,4,7,26,29
7626712080967634219,阅读理解,2026-05-11T09:19:34.483903,1590102491858948,1,False,8,13,30,35
7626712080967634219,干货分享,2026-05-11T09:19:34.483903,1591638955662429,1,False,14,19,36,41
7626712080967634219,学霸秘籍,2026-05-11T09:19:34.483903,1605499888151560,1,False,20,25,42,47
7626712080967634219,2026高考,2026-05-11T09:19:34.483903,1671986003106823,1,False,0,0,48,55
7626712080967634219,抖音精选高考应援联盟,2026-05-11T09:19:34.483903,7625886255053703214,1,False,0,0,56,67
7626712460912889088,神奇的动物在抖音,2026-05-11T09:19:37.752000,1615372724503566,1,False,0,9,20,29
7626712460912889088,动物世界看人生百态,2026-05-11T09:19:37.752000,1652792744872967,1,False,10,20,30,40
7626712460912889088,动物,2026-05-11T09:19:37.752000,1564303277935681,1,False,21,24,41,44
7626712460912889088,纪录片,2026-05-11T09:19:37.752000,1586123752103966,1,False,25,29,45,49
7626712460912889088,老虎,2026-05-11T09:19:37.752000,1581123429382173,1,False,30,33,50,53
7626713441864027426,人民的名义,2026-05-11T09:19:44.332126,1597514606590983,1,False,0,6,19,25
7626713441864027426,深度解析,2026-05-11T09:19:44.332126,1625271134396427,1,False,7,12,26,31
7626714747941750501,网络歌曲,2026-05-11T09:19:51.766652,1598295175183363,1,False,28,33,28,33
7626714747941750501,经典老歌,2026-05-11T09:19:51.766652,1576528106192974,1,False,34,39,34,39
7626720408657546538,五哈,2026-05-11T09:20:02.757538,1616305663026180,1,False,31,34,31,34
7626720408657546538,李乃文,2026-05-11T09:20:02.757538,1604321652305927,1,False,35,39,35,39
7626720408657546538,马頔,2026-05-11T09:20:02.757538,1575634541080653,1,False,40,43,40,43
7626720408657546538,搞笑,2026-05-11T09:20:02.757538,1635669004810253,1,False,44,47,44,47
7626720408657546538,万万没想到,2026-05-11T09:20:02.757538,1568542463306753,1,False,48,54,48,54
7626720567290334518,抖音汽车,2026-05-11T09:20:05.380747,1767586874469383,1,False,20,25,20,25
7626720567290334518,抖音汽车新知计划,2026-05-11T09:20:05.380747,1674074640138254,1,False,26,35,26,35
7626720567290334518,特斯拉modely,2026-05-11T09:20:05.380747,1628056332291086,1,False,37,47,37,47
7626720567290334518,ModelY,2026-05-11T09:20:05.380747,1767586297616392,1,False,49,56,49,56
7626720567290334518,青年创作者成长计划,2026-05-11T09:20:05.380747,7529832653680281615,1,False,57,67,57,67
7626722155414460005,美食教程,2026-05-11T09:20:08.716236,1581688162541582,1,False,36,41,43,48
7626722155414460005,空气炸锅美食,2026-05-11T09:20:08.716236,1596912141765646,1,False,41,48,48,55
7626722155414460005,牛奶鸡蛋蛋糕,2026-05-11T09:20:08.716236,1734488029886468,1,False,48,55,55,62
7626722536356678938,野生动物零距离,2026-05-11T09:20:16.654251,1594167873378317,1,False,0,8,28,36
7626722536356678938,万物皆有灵性,2026-05-11T09:20:16.654251,7419052393695807499,1,False,9,16,37,44
7626722536356678938,人与动物和谐共处,2026-05-11T09:20:16.654251,1608760260996174,1,False,17,26,45,54
7626722536356678938,动物世界,2026-05-11T09:20:16.654251,1563220812237825,1,False,27,32,55,60
7626722536356678938,动物科普,2026-05-11T09:20:16.654251,1597817242020878,1,False,33,38,61,66
7626725769075102137,奇葩挑战,2026-05-11T09:20:21.987272,1567999684888578,1,False,28,33,28,33
7626725769075102137,独木桥挑战,2026-05-11T09:20:21.987272,1586288554101790,1,False,33,39,33,39
7626725769075102137,减速带,2026-05-11T09:20:21.987272,1595337089364996,1,False,39,43,39,43
7626725769075102137,老外真会玩,2026-05-11T09:20:21.987272,1767586445945870,1,False,43,49,43,49
7626727318769143080,歌单种草计划,2026-05-11T09:20:24.665777,1756440234400775,1,False,0,7,31,38
7626727318769143080,回忆杀,2026-05-11T09:20:24.665777,1568537832395778,1,False,8,12,39,43
7626727318769143080,张学友,2026-05-11T09:20:24.665777,1570707097997314,1,False,13,17,44,48
7626727318769143080,青春,2026-05-11T09:20:24.665777,1558033381134338,1,False,18,21,49,52
7626727318769143080,歌神,2026-05-11T09:20:24.665777,1566379997679681,1,False,22,25,53,56
7626732295185939621,地方特色小吃,2026-05-11T09:20:34.288332,1590014854694925,1,False,30,37,30,37
7626732295185939621,地方特色美食,2026-05-11T09:20:34.288332,1588619068210180,1,False,38,45,38,45
7626732295185939621,南京美食,2026-05-11T09:20:34.288332,1594975646004238,1,False,46,51,46,51
7626732885232400966,帮闺蜜选穿搭,2026-05-11T09:20:44.673992,7626732676942137395,1,False,9,16,9,16
7626732885232400966,婚礼穿搭,2026-05-11T09:20:44.673992,1628905894714381,1,False,17,22,17,22
7626737575910231322,阴菜,2026-05-11T09:20:47.999072,1674947403124739,1,False,0,3,14,17
7626737575910231322,东莞美食,2026-05-11T09:20:47.999072,1598473037155342,1,False,4,9,18,23
7626737575910231322,地方特色美食,2026-05-11T09:20:47.999072,1588619068210180,1,False,10,17,24,31
7626755244307033521,粥粥难焦,2026-05-11T09:21:17.981524,7399245024393463871,1,False,16,21,16,21
7626755244307033521,超能演剧情大赛,2026-05-11T09:21:17.981524,7530861612211963904,1,False,21,29,21,29
7626755244307033521,五月私语液体早安裤,2026-05-11T09:21:17.981524,7599713292809930761,1,False,29,39,29,39
7626755244307033521,关晓彤代言,2026-05-11T09:21:17.981524,1620344304108557,1,False,39,45,39,45
7626755244307033521,安睡裤,2026-05-11T09:21:17.981524,1637571657565195,1,False,45,49,45,49
7626816545422953145,月弯弯,2026-05-11T09:21:29.430497,1612677738567805,1,False,19,23,19,23
7626816545422953145,fire苏江155,2026-05-11T09:21:29.430497,7619203216894330915,1,False,24,34,24,34
7626816545422953145,女团,2026-05-11T09:21:29.430497,1564621496650753,1,False,35,38,35,38
7626911640767810862,射手教学,2026-05-11T09:21:36.766483,1630170222586892,1,False,0,5,24,29
7626911640767810862,尘奈,2026-05-11T09:21:36.766483,1683934300169239,1,False,6,9,30,33
7626911640767810862,公孙离,2026-05-11T09:21:36.766483,1587399709140014,1,False,10,14,34,38
7626911640767810862,王者荣耀,2026-05-11T09:21:36.766483,1764938367505416,1,False,15,20,39,44
7626934706512071946,四川腊肉,2026-05-11T09:21:42.549063,1594187106600964,1,False,0,5,26,31
7626934706512071946,四川美食,2026-05-11T09:21:42.549063,1666307113598983,1,False,6,11,32,37
7626934706512071946,美食,2026-05-11T09:21:42.549063,1767586897793101,1,False,12,15,38,41
7626934706512071946,地方特色美食,2026-05-11T09:21:42.549063,1588619068210180,1,False,16,23,42,49
7626934706512071946,抖音精选,2026-05-11T09:21:42.549063,1568943621383170,1,False,24,29,50,55
7626952914468097331,EDG,2026-05-11T09:21:54.061669,1608248450708488,1,False,0,4,28,32
7626952914468097331,ZMJJKK,2026-05-11T09:21:54.061669,1741225479347211,1,False,5,12,33,40
7626952914468097331,康康,2026-05-11T09:21:54.061669,1591917479312397,1,False,13,16,41,44
7626952914468097331,英雄戍卫,2026-05-11T09:21:54.061669,7407087315039979535,1,False,17,22,45,50
7626952914468097331,青年创作者成长计划,2026-05-11T09:21:54.061669,7529832653680281615,1,False,23,33,51,61
7626957954645806399,美食,2026-05-11T09:21:56.870475,1767586897793101,1,False,0,3,13,16
7626957954645806399,我的乡村生活,2026-05-11T09:21:56.870475,1767586434177037,1,False,4,11,17,24
7626957954645806399,包子,2026-05-11T09:21:56.870475,1585908610433038,1,False,12,15,25,28
7626957954645806399,人间烟火气,2026-05-11T09:21:56.870475,1630265292203019,1,False,16,22,29,35
7626957954645806399,美食趣胃计划,2026-05-11T09:21:56.870475,1657693004378126,1,False,23,30,36,43
7626967674622640571,excel文员面试必备函数,2026-05-11T09:22:06.101468,7571772970801203235,1,False,0,14,25,39
7626967674622640571,office办公技巧,2026-05-11T09:22:06.101468,1614465381548045,1,False,15,26,40,51
7626967674622640571,办公技巧,2026-05-11T09:22:06.101468,1597329874395149,1,False,27,32,52,57
7626967674622640571,excel提升,2026-05-11T09:22:06.101468,1716758484066315,1,False,33,41,58,66
7626967674622640571,excel技巧,2026-05-11T09:22:06.101468,1608871446976515,1,False,42,50,67,75
7626989620353436982,梅罗对决,2026-05-11T09:22:29.276520,1650625307650052,1,False,57,62,73,78
7626989620353436982,欧冠半决赛,2026-05-11T09:22:29.276520,1599303526952968,1,False,63,69,79,85
7626989620353436982,斯科尔斯重炮,2026-05-11T09:22:29.276520,1685606066692110,1,False,70,77,86,93
7626989620353436982,dou来足球季,2026-05-11T09:22:29.276520,1678333753678855,1,False,78,86,94,102
7626989620353436982,足球的魅力,2026-05-11T09:22:29.276520,1594588083881992,1,False,87,93,103,109
7626989898100215091,青年创作者成长计划,2026-05-11T09:22:34.190233,7529832653680281615,1,False,0,10,31,41
7626989898100215091,交换世界计划,2026-05-11T09:22:34.190233,1788224080892938,1,False,11,18,42,49
7626989898100215091,丰都鬼城,2026-05-11T09:22:34.190233,1597970150061064,1,False,19,24,50,55
7626989898100215091,鬼国神宫,2026-05-11T09:22:34.190233,1704438100370439,1,False,25,30,56,61
7626989898100215091,重庆,2026-05-11T09:22:34.190233,1767586800279629,1,False,31,34,62,65
7627006607183908131,抖音二创激励计划,2026-05-11T09:22:53.920951,1742735565596739,1,False,0,9,28,37
7627006607183908131,我的观影报告,2026-05-11T09:22:53.920951,1640007327696910,1,False,10,17,38,45
7627017418040298790,惊悚恐怖,2026-05-11T09:23:23.704989,1649082362759172,1,False,0,5,18,23
7627017418040298790,直到黎明,2026-05-11T09:23:23.704989,1650268427206667,1,False,6,11,24,29
7627035310081232166,影视飓风,2026-05-11T09:23:38.890102,1628694177422339,1,False,25,30,25,30
7627035310081232166,搞笑,2026-05-11T09:23:38.890102,1635669004810253,1,False,31,34,31,34
7627035310081232166,超能挑战赛,2026-05-11T09:23:38.890102,1698465072771076,1,False,35,41,35,41
7627035310081232166,跟着春晚游义乌,2026-05-11T09:23:38.890102,7588856396944033807,1,False,42,50,42,50
7627035310081232166,在世界上最大的超市躲猫猫,2026-05-11T09:23:38.890102,7616347514161072164,1,False,51,64,51,64
7627038277941366058,只狼,2026-05-11T09:24:05.514375,1611626292076622,1,False,0,3,31,34
7627038277941366058,steam,2026-05-11T09:24:05.514375,1583312161022990,1,False,4,10,35,41
7627038277941366058,主机游戏,2026-05-11T09:24:05.514375,1647697195372558,1,False,11,16,42,47
7627042505527135523,经典老歌,2026-05-11T09:24:13.448272,1576528106192974,1,False,171,176,193,198
7627042505527135523,邓丽君,2026-05-11T09:24:13.448272,1633392963145742,1,False,177,181,199,203
7627042505527135523,但愿人长久,2026-05-11T09:24:13.448272,1579754506867726,1,False,182,188,204,210
7627042505527135523,音乐推荐,2026-05-11T09:24:13.448272,1587560888730638,1,False,189,194,211,216
7627042505527135523,音乐分享,2026-05-11T09:24:13.448272,1582117801946126,1,False,195,200,217,222
7627042758376672522,斯诺克,2026-05-11T09:24:21.418548,1573269976696846,1,False,0,4,31,35
7627042758376672522,赵心童,2026-05-11T09:24:21.418548,1619355857302535,1,False,5,9,36,40
7627042758376672522,韦克林,2026-05-11T09:24:21.418548,1698193616969736,1,False,10,14,41,45
7627042758376672522,台球是一种生活,2026-05-11T09:24:21.418548,1767586475467789,1,False,15,23,46,54
7627042758376672522,台球比赛,2026-05-11T09:24:21.418548,1575527065701390,1,False,24,29,55,60
7627045114161990947,原创动画,2026-05-11T09:24:24.130985,1590529075305486,1,False,5,10,5,10
7627045114161990947,修仙,2026-05-11T09:24:24.130985,1571938920820737,1,False,11,14,11,14
7627045114161990947,金十三,2026-05-11T09:24:24.130985,1656668795885571,1,False,15,19,15,19
7627046821084286217,抖音汽车,2026-05-11T09:24:26.784809,1767586874469383,1,False,30,35,58,63
7627046821084286217,dou是好车,2026-05-11T09:24:26.784809,1652221372996622,1,False,36,43,64,71
7627046821084286217,奥迪A3,2026-05-11T09:24:26.784809,1630306750056460,1,False,44,49,72,77
7627051846750113649,轻漫计划,2026-05-11T09:24:52.890579,1630872008552462,1,False,30,35,30,35
7627051846750113649,搞笑,2026-05-11T09:24:52.890579,1635669004810253,1,False,36,39,36,39
7627051846750113649,星座狗,2026-05-11T09:24:52.890579,1609455249035278,1,False,40,44,40,44
7627052120906830810,三角洲行动,2026-05-11T09:24:57.922184,1772634867886087,1,True,0,6,15,21
7627052120906830810,三角洲s8蝶变时刻新赛季,2026-05-11T09:24:57.922184,7599146936339286068,1,False,6,19,21,34
7627052120906830810,三角洲行动欢乐剧场,2026-05-11T09:24:57.922184,7431183489027803186,1,False,19,29,34,44
7627052120906830810,我要成为三角洲高手,2026-05-11T09:24:57.922184,7496122141046229011,1,False,29,39,44,54
7627052120906830810,三角洲行动攻略,2026-05-11T09:24:57.922184,1791767325286484,1,False,39,47,54,62
7627052246185889064,童年,2026-05-11T09:25:02.012294,1658420520058893,1,False,0,3,28,31
7627052246185889064,老男孩,2026-05-11T09:25:02.012294,1571014896612354,1,False,4,8,32,36
7627052246185889064,少年,2026-05-11T09:25:02.012294,1571361075556353,1,False,9,12,37,40
7627052246185889064,凤凰传奇,2026-05-11T09:25:02.012294,1564507556769794,1,False,13,18,41,46
7627052246185889064,回忆,2026-05-11T09:25:02.012294,1565191780203521,1,False,19,22,47,50
7627052493003853056,寻味烟火气,2026-05-11T09:25:09.054918,1722851255720004,1,False,13,19,31,37
7627052493003853056,省饭课代表,2026-05-11T09:25:09.054918,7380681728823658523,1,False,20,26,38,44
7627052493003853056,来成都你就吃吧,2026-05-11T09:25:09.054918,7625558071078586422,1,False,27,35,45,53
7627052493003853056,成都美食图鉴,2026-05-11T09:25:09.054918,1717204549645324,1,False,36,43,54,61
7627052493003853056,烧烤大排档,2026-05-11T09:25:09.054918,1603449968276493,1,False,44,50,62,68
7627053764105925369,日本,2026-05-11T09:25:18.910488,1727228281468928,1,False,26,29,32,35
7627053764105925369,黑暗,2026-05-11T09:25:18.910488,1568888047639554,1,False,30,33,36,39
7627053764105925369,硬核深度计划,2026-05-11T09:25:18.910488,7374288611530770486,1,False,34,41,40,47
7627053764105925369,掘金计划2026,2026-05-11T09:25:18.910488,7493835442882627634,1,False,42,51,48,57
7627053764105925369,颠覆三观,2026-05-11T09:25:18.910488,1615989584324621,1,False,52,57,58,63
7627055833524099307,妆前妆后,2026-05-11T09:25:25.817414,7499867152481814539,1,False,0,5,18,23
7627055833524099307,青年创作者成长计划,2026-05-11T09:25:25.817414,7529832653680281615,1,False,6,16,24,34
7627055833524099307,美妆百万新星计划,2026-05-11T09:25:25.817414,1708968821050379,1,False,17,26,35,44
7627055833524099307,换头了换头了,2026-05-11T09:25:25.817414,7498303852446238754,1,False,27,34,45,52
7627056543288134958,赚钱思维,2026-05-11T09:25:33.485958,1649160500962315,1,False,0,5,29,34
7627056543288134958,985硕士,2026-05-11T09:25:33.485958,1663290764308504,1,False,6,12,35,41
7627056543288134958,兼职日常,2026-05-11T09:25:33.485958,1656149103578115,1,False,13,18,42,47
7627056543288134958,青年创作者成长计划,2026-05-11T09:25:33.485958,7529832653680281615,1,False,19,29,48,58
7627061029150805302,大江大河,2026-05-11T09:25:37.046216,1592897488760861,1,False,30,35,46,51
7627061029150805302,好剧推荐,2026-05-11T09:25:37.046216,7419051784938719273,1,False,37,42,53,58
7627063560250414009,深度解析,2026-05-11T09:25:45.713288,1625271134396427,1,False,24,29,24,29
7627066134294023450,暗区突围,2026-05-11T09:25:49.841104,1706905852349504,1,False,0,5,28,33
7627066134294023450,暗区突围美杜莎,2026-05-11T09:25:49.841104,7621946935250782259,1,False,21,29,49,57
7627066134294023450,暗区突围可颂作者团,2026-05-11T09:25:49.841104,7499112693082392639,1,False,30,40,58,68
7627066134294023450,青年创作者成长计划,2026-05-11T09:25:49.841104,7529832653680281615,1,False,41,51,69,79
7627066134294023450,爆仓流改枪,2026-05-11T09:25:49.841104,7591442006681847862,1,False,52,58,80,86
7627068064441339179,朱高炽,2026-05-11T09:25:56.006557,1641902041566219,1,False,152,156,156,160
7627068064441339179,历史,2026-05-11T09:25:56.006557,1597973993212931,1,False,157,160,161,164
7627068064441339179,明朝,2026-05-11T09:25:56.006557,1594906867288068,1,False,161,164,165,168
7627068064441339179,科普一下,2026-05-11T09:25:56.006557,1593401120368644,1,False,165,170,169,174
7627068064441339179,历史故事,2026-05-11T09:25:56.006557,1600046875222029,1,False,171,176,175,180
7627068404575164602,周杰伦音乐分享,2026-05-11T09:26:03.442069,1703143670544395,1,False,16,24,16,24
7627068404575164602,周杰伦,2026-05-11T09:26:03.442069,1556856443091969,1,False,25,29,25,29
7627068404575164602,热门歌曲,2026-05-11T09:26:03.442069,1566659221598209,1,False,30,35,30,35
7627068404575164602,音乐推荐,2026-05-11T09:26:03.442069,1587560888730638,1,False,36,41,36,41
7627068404575164602,热歌热门分享,2026-05-11T09:26:03.442069,1606128066639885,1,False,42,49,42,49
7627068445687404123,和平精英地铁逃生,2026-05-11T09:26:17.591969,1691585465430019,1,False,18,27,18,27
7627068445687404123,青年创作者成长计划,2026-05-11T09:26:17.591969,7529832653680281615,1,False,27,37,27,37
7627075052248239395,家长必看,2026-05-11T09:26:25.032368,1607223243204616,1,False,0,5,15,20
7627075052248239395,西安电子科技大学,2026-05-11T09:26:25.032368,1666897354063875,1,False,6,15,21,30
7627075052248239395,西电保研,2026-05-11T09:26:25.032368,7568376616963803174,1,False,16,21,31,36
7627075052248239395,转专业,2026-05-11T09:26:25.032368,1602584711446599,1,False,22,26,37,41
7627077237099440101,vlog,2026-05-11T09:26:31.582606,1569364387356674,1,False,0,5,21,26
7627077237099440101,校园vlog,2026-05-11T09:26:31.582606,1627073481150476,1,False,6,13,27,34
7627077237099440101,日常,2026-05-11T09:26:31.582606,1767586466915342,1,False,14,17,35,38
7627078187637826161,重庆vlog,2026-05-11T09:26:48.726357,1612563105219591,1,False,0,7,23,30
7627078187637826161,重庆美食,2026-05-11T09:26:48.726357,1583049073072142,1,False,8,13,31,36
7627078187637826161,重庆逛吃,2026-05-11T09:26:48.726357,1595903393929219,1,False,14,19,37,42
7627078187637826161,逛吃vlog,2026-05-11T09:26:48.726357,1666941557248014,1,False,20,27,43,50
7627078187637826161,极限48小时逛吃重庆,2026-05-11T09:26:48.726357,7631157612075845686,1,False,27,38,50,61
7627078317813204362,钢琴,2026-05-11T09:26:55.426213,1553510233214978,1,False,33,36,33,36
7627078317813204362,你离开的事实,2026-05-11T09:26:55.426213,1576141651928077,1,False,37,44,37,44
7627078317813204362,thetruththatyouleave,2026-05-11T09:26:55.426213,1612279483239437,1,False,45,66,45,66
7627078317813204362,还原,2026-05-11T09:26:55.426213,1659124137502733,1,False,67,70,67,70
7627078317813204362,原创作者高至豪,2026-05-11T09:26:55.426213,7478669808364423194,1,False,71,79,71,79
7627078444811160838,大有学问,2026-05-11T09:26:58.092206,1653177006320644,1,False,0,5,19,24
7627078444811160838,AI工具,2026-05-11T09:26:58.092206,1700543484808205,1,False,6,11,25,30
7627078444811160838,智能体,2026-05-11T09:26:58.092206,1687037941278734,1,False,12,16,31,35
7627078444811160838,红衣聊AI,2026-05-11T09:26:58.092206,7368406753719650339,1,False,17,23,36,42
7627081569815121187,古墓,2026-05-11T09:27:05.860939,1588280176962574,1,False,0,3,31,34
7627081569815121187,秦岭,2026-05-11T09:27:05.860939,1583029045824526,1,False,4,7,35,38
7627081569815121187,历史,2026-05-11T09:27:05.860939,1597973993212931,1,False,8,11,39,42
7627081569815121187,地理,2026-05-11T09:27:05.860939,1579241842626573,1,False,12,15,43,46
7627081569815121187,考古,2026-05-11T09:27:05.860939,1603887661514759,1,False,16,19,47,50
7627084220242558970,女装,2026-05-11T09:27:13.191820,1767585824454663,1,False,0,3,17,20
7627084220242558970,大码女装,2026-05-11T09:27:13.191820,1619259012561924,1,False,4,9,21,26
7627084220242558970,微胖女生,2026-05-11T09:27:13.191820,1593360069113863,1,False,10,15,27,32
7627084220242558970,微胖穿搭,2026-05-11T09:27:13.191820,1593999372880903,1,False,16,21,33,38
7627084220242558970,春季穿搭,2026-05-11T09:27:13.191820,1591440859972612,1,False,22,27,39,44
7627096594760911034,新手化妆教程,2026-05-11T09:27:46.586676,1627679198120972,1,False,0,7,31,38
7627096594760911034,粉彩妆,2026-05-11T09:27:46.586676,1648571186001923,1,False,8,12,39,43
7627096594760911034,被粉彩妆清透感惊艳到,2026-05-11T09:27:46.586676,7613239412742981683,1,False,13,24,44,55
7627096594760911034,气质妆容,2026-05-11T09:27:46.586676,1647707059648525,1,False,25,30,56,61
7627096594760911034,妆教,2026-05-11T09:27:46.586676,1618804433209374,1,False,31,34,62,65
7627097855253089579,喜羊羊与灰太狼,2026-05-11T09:27:57.147052,1578437947648014,1,False,0,8,14,22
7627097855253089579,美羊羊,2026-05-11T09:27:57.147052,1593346375313428,1,False,9,13,23,27
7627097855253089579,黑化,2026-05-11T09:27:57.147052,1580167926333453,1,False,14,17,28,31
7627097855253089579,反派,2026-05-11T09:27:57.147052,1608335892859918,1,False,18,21,32,35
7627097855253089579,二次元,2026-05-11T09:27:57.147052,1549679016708097,1,False,22,26,36,40
7627106028287974885,男生穿搭,2026-05-11T09:28:03.268717,1591063680419911,1,False,0,5,12,17
7627106028287974885,穿搭技巧,2026-05-11T09:28:03.268717,1591812375445512,1,False,6,11,18,23
7627106028287974885,夏季穿搭,2026-05-11T09:28:03.268717,1767587050321933,1,False,12,17,24,29
7627106028287974885,今天穿什么,2026-05-11T09:28:03.268717,1562725936997377,1,False,18,24,30,36
7627108697688378666,刺客伍六七玄武国篇,2026-05-11T09:28:06.317150,1685195939043340,1,False,0,10,24,34
7627108697688378666,动漫编年史,2026-05-11T09:28:06.317150,1754442585463815,1,False,11,17,35,41
7627108697688378666,我在抖音看动漫,2026-05-11T09:28:06.317150,1638671939469324,1,False,18,26,42,50
7627108697688378666,动漫解说,2026-05-11T09:28:06.317150,1611295887654920,1,False,27,32,51,56
7627108697688378666,伍六七第四季,2026-05-11T09:28:06.317150,1703536140635229,1,False,33,40,57,64
7627130714730859811,电影解说,2026-05-11T09:28:58.302295,1593455819938819,1,False,7,12,35,40
7627130714730859811,空中营救,2026-05-11T09:28:58.302295,1585958224227342,1,False,13,18,41,46
7627130714730859811,连姆尼森,2026-05-11T09:28:58.302295,1596559503905796,1,False,19,24,47,52
7627130714730859811,抖音精选,2026-05-11T09:28:58.302295,1568943621383170,1,False,25,30,53,58
7627130714730859811,青年创作者成长计划,2026-05-11T09:28:58.302295,7529832653680281615,1,False,31,41,59,69
7627133543545638171,杜聿明将军,2026-05-11T09:29:01.795724,1793486250167385,1,False,0,6,21,27
7627133543545638171,历史,2026-05-11T09:29:01.795724,1597973993212931,1,False,7,10,28,31
7627133543545638171,抗战,2026-05-11T09:29:01.795724,1614845094397960,1,False,11,14,32,35
7627133543545638171,人文星闪耀计划,2026-05-11T09:29:01.795724,7377755528166197263,1,False,15,23,36,44
7627133543545638171,硬核深度计划,2026-05-11T09:29:01.795724,7374288611530770486,1,False,24,31,45,52
7627136144303541530,康熙,2026-05-11T09:29:06.686992,1600002414668878,1,False,71,74,93,96
7627136144303541530,九子夺嫡,2026-05-11T09:29:06.686992,1625703570335751,1,False,75,80,97,102
7627136144303541530,胤礽,2026-05-11T09:29:06.686992,1663825481099276,1,False,81,84,103,106
7627136144303541530,雍正,2026-05-11T09:29:06.686992,1603514259483672,1,False,85,88,107,110
7627147321117101358,文脉里的中国,2026-05-11T09:29:09.007396,7484207961129093139,1,False,0,7,19,26
7627147321117101358,太平天国,2026-05-11T09:29:09.007396,1600853761185800,1,False,9,14,28,33
7627147321117101358,满清,2026-05-11T09:29:09.007396,1615477558075396,1,False,15,18,34,37
7627147321117101358,雍正王朝,2026-05-11T09:29:09.007396,1602864865491022,1,False,19,24,38,43
7627147321117101358,康熙,2026-05-11T09:29:09.007396,1600002414668878,1,False,25,28,44,47
7627150603604544818,知识前沿派对,2026-05-11T09:29:11.297456,1777641476760592,1,False,0,7,27,34
7627150603604544818,美食新星计划,2026-05-11T09:29:11.297456,1687501645837319,1,False,9,16,36,43
7627150603604544818,青年创作者成长计划,2026-05-11T09:29:11.297456,7529832653680281615,1,False,18,28,45,55
7627150603604544818,广东人,2026-05-11T09:29:11.297456,1574521012156430,1,False,30,34,57,61
7627150603604544818,美食,2026-05-11T09:29:11.297456,1767586897793101,1,False,35,38,62,65
7627156852291226899,人工智能,2026-05-11T09:29:13.673325,1576073697445901,1,False,9,14,39,44
7627156852291226899,创作灵感,2026-05-11T09:29:13.673325,1715285723067399,1,False,14,19,44,49
7627156852291226899,开源工具,2026-05-11T09:29:13.673325,1696084147755011,1,False,19,24,49,54
7627156852291226899,普通人在ai时代,2026-05-11T09:29:13.673325,7590879831684810792,1,False,24,33,54,63
7627156852291226899,抖音科技风向标,2026-05-11T09:29:13.673325,7623628539199227919,1,False,33,41,63,71
7627157395302932721,三角洲,2026-05-11T09:29:18.384332,1599329283826692,1,False,12,16,12,16
7627157395302932721,三角洲行动,2026-05-11T09:29:18.384332,1772634867886087,1,True,16,22,16,22
7627157395302932721,三角洲行动全球预约开启,2026-05-11T09:29:18.384332,1774933045167239,1,False,23,35,23,35
7627157395302932721,wait,2026-05-11T09:29:18.384332,1580342110779405,1,False,36,41,36,41
7627303570510018931,青年创作者成长计划,2026-05-11T09:30:01.282045,7529832653680281615,1,False,16,26,16,26
7627303570510018931,金枪鱼,2026-05-11T09:30:01.282045,1607029506981031,1,False,27,31,27,31
7627304066300775715,鬼灭之刃,2026-05-11T09:30:20.354888,1607410609782791,1,False,0,5,18,23
7627304066300775715,霞柱,2026-05-11T09:30:20.354888,1640012887131140,1,False,6,9,24,27
7627304066300775715,继国缘一,2026-05-11T09:30:20.354888,1644629400685576,1,False,10,15,28,33
7627304066300775715,动漫,2026-05-11T09:30:20.354888,1562324094309378,1,False,16,19,34,37
7627304066300775715,动漫解说,2026-05-11T09:30:20.354888,1611295887654920,1,False,20,25,38,43
7627317793243532495,森金二手旧货市场,2026-05-11T09:30:29.886283,1775157940574208,1,False,23,32,33,42
7627317793243532495,二手设备,2026-05-11T09:30:29.886283,1623360589254660,1,False,33,38,43,48
7627317793243532495,二手市场,2026-05-11T09:30:29.886283,1648886582242316,1,False,39,44,49,54
7627317793243532495,餐饮设备,2026-05-11T09:30:29.886283,1767586538438670,1,False,45,50,55,60
7627317793243532495,二手音响,2026-05-11T09:30:29.886283,1634406050735134,1,False,51,56,61,66
7627337657621728539,欧美音乐,2026-05-11T09:30:52.821449,1548246494982145,1,False,0,5,30,35
7627337657621728539,网易云宝藏歌单,2026-05-11T09:30:52.821449,1689034607313934,1,False,6,14,36,44
7627337657621728539,歌单宇宙,2026-05-11T09:30:52.821449,7544295013325211674,1,False,16,21,46,51
7627337657621728539,抖音精选计划,2026-05-11T09:30:52.821449,1778252371485708,1,False,21,28,51,58
7627337657621728539,青年创作者成长计划,2026-05-11T09:30:52.821449,7529832653680281615,1,False,29,39,59,69
7627338256799925425,西藏,2026-05-11T09:31:02.337404,1569061348137986,1,False,27,30,27,30
7627338256799925425,旅行,2026-05-11T09:31:02.337404,1554307229664257,1,False,31,34,31,34
7627338256799925425,任敏,2026-05-11T09:31:02.337404,1612054158316611,1,False,35,38,35,38
7627338394946784563,山坑螺,2026-05-11T09:31:06.988599,1624976273653763,1,False,0,4,29,33
7627338394946784563,新农人计划2026,2026-05-11T09:31:06.988599,1715833784703040,1,False,5,15,34,44
7627338394946784563,乡村守护人,2026-05-11T09:31:06.988599,1705214253882446,1,False,16,22,45,51
7627345335110634794,火影忍者手游,2026-05-11T09:31:19.019531,1575513338603533,1,False,0,7,15,22
7627345335110634794,火影忍者,2026-05-11T09:31:19.019531,1564203502261249,1,False,8,13,23,28
7627345335110634794,忍法帖,2026-05-11T09:31:19.019531,1663093860099080,1,False,14,18,29,33
7627345335110634794,从夯到拉,2026-05-11T09:31:19.019531,7506147447661168692,1,False,19,24,34,39
7627345335110634794,抖音二创激励计划,2026-05-11T09:31:19.019531,1742735565596739,1,False,25,34,40,49
7627346275424068706,ai,2026-05-11T09:31:25.123406,1582049556616206,1,False,25,28,25,28
7627347820277679801,赵本山经典小品,2026-05-11T09:31:29.026740,1657861698542605,1,False,0,8,30,38
7627347820277679801,春晚爆笑名场面,2026-05-11T09:31:29.026740,1755694818146312,1,False,8,16,38,46
7627347820277679801,王小利名场面,2026-05-11T09:31:29.026740,7626888307720325183,1,False,16,23,46,53
7627347820277679801,怀旧,2026-05-11T09:31:29.026740,1575941369489422,1,False,23,26,53,56
7627348004743269642,抖音五五开黑节,2026-05-11T09:31:36.566301,7498356132777068559,1,False,0,8,24,32
7627348004743269642,五五开黑一起疯燃,2026-05-11T09:31:36.566301,7632223816618117156,1,False,9,18,33,42
7627348004743269642,上号就现在,2026-05-11T09:31:36.566301,1736296950358030,1,False,19,25,43,49
7627348004743269642,上号是并肩,2026-05-11T09:31:36.566301,7632223804886648838,1,False,26,32,50,56
7627348004743269642,游戏破壁计划,2026-05-11T09:31:36.566301,7585516543162484763,1,False,32,39,56,63
7627348618081165673,潇洒醉风行,2026-05-11T09:31:40.938729,7626983329882966031,1,False,34,40,34,40
7627348618081165673,口水歌永兴,2026-05-11T09:31:40.938729,7623319661588777001,1,False,40,46,40,46
7627348618081165673,抖音热歌,2026-05-11T09:31:40.938729,1586283282571278,1,False,46,51,46,51
7627348618081165673,音乐分享,2026-05-11T09:31:40.938729,1582117801946126,1,False,51,56,51,56
7627348618081165673,现场live,2026-05-11T09:31:40.938729,1591031743198216,1,False,56,63,56,63
7627351847695235429,混音,2026-05-11T09:32:16.656653,1566111861394433,1,False,7,10,7,10
7627351847695235429,旋律,2026-05-11T09:32:16.656653,1578447127987213,1,False,11,14,11,14
7627351847695235429,长安姑娘,2026-05-11T09:32:16.656653,1602232579987459,1,False,15,20,15,20
7627351847695235429,情绪,2026-05-11T09:32:16.656653,1569004817124353,1,False,21,24,21,24
7627363584947972020,新加坡,2026-05-11T09:32:26.329104,1563263922057218,1,False,0,4,29,33
7627363584947972020,海外生活,2026-05-11T09:32:26.329104,1597381572062215,1,False,5,10,34,39
7627363584947972020,旅行,2026-05-11T09:32:26.329104,1554307229664257,1,False,11,14,40,43
7627363584947972020,交换世界计划,2026-05-11T09:32:26.329104,1788224080892938,1,False,15,22,44,51
7627387956558433578,了不起的精讲团,2026-05-11T09:32:41.514609,7519800545998014515,1,False,0,8,31,39
7627387956558433578,抖音精选,2026-05-11T09:32:41.514609,1568943621383170,1,False,9,14,40,45
7627387956558433578,无尽的尽头,2026-05-11T09:32:41.514609,1661663843957771,1,False,15,21,46,52
7627402034844667182,宫本武藏,2026-05-11T09:33:36.737088,1585849748871182,1,False,9,14,22,27
7627402034844667182,抖音农学院,2026-05-11T09:33:36.737088,7526905891866544154,1,False,15,21,28,34
7627402034844667182,布谷王者解说,2026-05-11T09:33:36.737088,7606983826975246388,1,False,22,29,35,42
7627402034844667182,阿安,2026-05-11T09:33:36.737088,1651707913305096,1,False,30,33,43,46
7627402034844667182,打野教学,2026-05-11T09:33:36.737088,1635494667053068,1,False,34,39,47,52
7627404213999488292,私人教练,2026-05-11T09:34:00.685649,1583670198621197,1,False,26,31,26,31
7627404213999488292,肩部训练,2026-05-11T09:34:00.685649,1596256922190862,1,False,32,37,32,37
7627404213999488292,健体,2026-05-11T09:34:00.685649,1564463558867969,1,False,38,41,38,41
7627404213999488292,造型训练,2026-05-11T09:34:00.685649,1614220469983239,1,False,42,47,42,47
7627404213999488292,背阔肌训练,2026-05-11T09:34:00.685649,1609111568353303,1,False,48,54,48,54
7627408317001878793,经典港片,2026-05-11T09:34:10.175268,1594114740998151,1,False,192,197,219,224
7627408317001878793,古惑仔,2026-05-11T09:34:10.175268,1559608651407362,1,False,198,202,225,229
7627408317001878793,陈小春,2026-05-11T09:34:10.175268,1578870034418701,1,False,203,207,230,234
7627409375031758132,顶会论文,2026-05-11T09:34:16.002978,1710432029379596,1,False,17,22,37,42
7627409375031758132,autosota,2026-05-11T09:34:16.002978,7627409310582868010,1,False,23,32,43,52
7627409375031758132,AI论文,2026-05-11T09:34:16.002978,7409876652630476863,1,False,33,38,53,58
7627412268250189092,抖音精选,2026-05-11T09:34:19.831132,1568943621383170,1,False,0,5,22,27
7627412268250189092,太阳神阿波罗,2026-05-11T09:34:19.831132,1628047160856583,1,False,6,13,28,35
7627412268250189092,阿波罗,2026-05-11T09:34:19.831132,1610119995523076,1,False,14,18,36,40
7627412268250189092,阿波罗ie,2026-05-11T09:34:19.831132,1614951177512973,1,False,19,25,41,47
7627428173412510885,逆袭,2026-05-11T09:34:58.304809,1566604392018945,1,False,0,3,18,21
7627428173412510885,爆改,2026-05-11T09:34:58.304809,1614308804084804,1,False,3,6,21,24
7627428173412510885,前后对比,2026-05-11T09:34:58.304809,1578806378803214,1,False,7,12,25,30
7627428173412510885,女生必看,2026-05-11T09:34:58.304809,1767587340277767,1,False,13,18,31,36
7627429503152753972,房东的猫,2026-05-11T09:35:01.605824,1579347780784158,1,False,0,5,18,23
7627429503152753972,云烟成雨,2026-05-11T09:35:01.605824,1589299726918723,1,False,6,11,24,29
7627429503152753972,人物故事,2026-05-11T09:35:01.605824,1632687103716355,1,False,12,17,30,35
7627429503152753972,王心怡,2026-05-11T09:35:01.605824,1600546875259981,1,False,18,22,36,40
7627429503152753972,青年创作者成长计划,2026-05-11T09:35:01.605824,7529832653680281615,1,False,23,33,41,51
7627431726146424090,刘屹骑,2026-05-11T09:35:09.927024,1705706270726158,1,False,0,4,30,34
7627431726146424090,617,2026-05-11T09:35:09.927024,1601945002457096,1,False,5,9,35,39
7627431726146424090,台球,2026-05-11T09:35:09.927024,1567798553605122,1,False,10,13,40,43
7627431726146424090,人物故事,2026-05-11T09:35:09.927024,1632687103716355,1,False,14,19,44,49
7627431726146424090,青年创作者成长计划,2026-05-11T09:35:09.927024,7529832653680281615,1,False,21,31,51,61
7627432590630276387,老外看中国,2026-05-11T09:35:12.552451,1590986962360339,1,False,0,6,28,34
7627432590630276387,老外在中国,2026-05-11T09:35:12.552451,1592807731944455,1,False,8,14,36,42
7627432590630276387,老外,2026-05-11T09:35:12.552451,1566488747968514,1,False,16,19,44,47
7627432590630276387,外国人看中国,2026-05-11T09:35:12.552451,1628519788958732,1,False,21,28,49,56
7627432590630276387,外国人在中国,2026-05-11T09:35:12.552451,1588946759325709,1,False,30,37,58,65
7627441310144585595,中东,2026-05-11T09:35:23.769853,1593549864877128,1,False,0,3,31,34
7627441310144585595,赶海,2026-05-11T09:35:23.769853,1589548952178702,1,False,3,6,34,37
7627441310144585595,海鲜美食,2026-05-11T09:35:23.769853,1615563668544516,1,False,6,11,37,42
7627441310144585595,大墨鱼,2026-05-11T09:35:23.769853,1617770858257411,1,False,11,15,42,46
7627441924966826341,手抓饼披萨,2026-05-11T09:35:26.372990,1620642961355789,1,False,0,6,16,22
7627441924966826341,火鸡面的神仙吃法,2026-05-11T09:35:26.372990,1653495417230350,1,False,7,16,23,32
7627441924966826341,土豆泥,2026-05-11T09:35:26.372990,1581284274701326,1,False,17,21,33,37
7627441924966826341,手抓饼的最新吃法,2026-05-11T09:35:26.372990,1598710940556291,1,False,22,31,38,47
7627441924966826341,邪修美食,2026-05-11T09:35:26.372990,7500049997619021862,1,False,32,37,48,53
7627446266695290147,方程豹钛7,2026-05-11T09:35:39.200592,7490838173690382373,1,False,26,32,26,32
7627446266695290147,比亚迪,2026-05-11T09:35:39.200592,1606954988505092,1,False,33,37,33,37
7627447334372183330,kpop,2026-05-11T09:35:44.794868,1558694015593474,1,False,0,5,13,18
7627447334372183330,韩国女团,2026-05-11T09:35:44.794868,1590912986891271,1,False,6,11,19,24
7627447334372183330,娱乐,2026-05-11T09:35:44.794868,1561165198884881,1,False,12,15,25,28
7627447334372183330,音乐,2026-05-11T09:35:44.794868,1550712576368642,1,False,16,19,29,32
7627452575201135922,悬疑,2026-05-11T09:36:15.707476,1577707248705566,1,False,0,3,31,34
7627452575201135922,抖音精选,2026-05-11T09:36:15.707476,1568943621383170,1,False,5,10,36,41
7627452575201135922,了不起的精讲团,2026-05-11T09:36:15.707476,7519800545998014515,1,False,12,20,43,51
7627452575201135922,影视解说,2026-05-11T09:36:15.707476,7419051162252347433,1,False,22,27,53,58
7627452575201135922,青年创作者成长计划,2026-05-11T09:36:15.707476,7529832653680281615,1,False,29,39,60,70
7627456712270664369,一次看到爽,2026-05-11T09:36:52.465142,1658687586083847,1,False,12,18,12,18
7627456712270664369,白天刷不到晚上逃不掉系列,2026-05-11T09:36:52.465142,1654628484367368,1,False,19,32,19,32
7627456712270664369,悬疑动画,2026-05-11T09:36:52.465142,1639116212076556,1,False,33,38,33,38
7627459398679481636,济南,2026-05-11T09:37:00.116949,1573705735908366,1,False,67,70,97,100
7627459398679481636,济南美食,2026-05-11T09:37:00.116949,1589646750185480,1,False,71,76,101,106
7627459398679481636,山东,2026-05-11T09:37:00.116949,1571898873497602,1,False,77,80,107,110
7627459398679481636,济南济南,2026-05-11T09:37:00.116949,1584558910583822,1,False,81,86,111,116
7627459983411596586,上海,2026-05-11T09:37:03.611792,1652979335878669,1,False,0,3,15,18
7627459983411596586,上海旅游,2026-05-11T09:37:03.611792,1594909378455566,1,False,4,9,19,24
7627459983411596586,旅游,2026-05-11T09:37:03.611792,1628918765741059,1,False,10,13,25,28
7627459983411596586,独自旅行,2026-05-11T09:37:03.611792,1572802794328077,1,False,13,18,28,33
7627459983411596586,青年创作者扶持计划,2026-05-11T09:37:03.611792,7519802101346617407,1,False,19,29,34,44
7627462727191039267,了不起的精讲团,2026-05-11T09:37:09.626454,7519800545998014515,1,False,0,8,30,38
7627462727191039267,青年创作者成长计划,2026-05-11T09:37:09.626454,7529832653680281615,1,False,9,19,39,49
7627469555594316145,一代人的回忆,2026-05-11T09:37:14.413677,1585312901685262,1,False,10,17,10,17
7627469555594316145,怀旧经典影视,2026-05-11T09:37:14.413677,1585328357777486,1,False,18,25,18,25
7627469555594316145,老剧回看,2026-05-11T09:37:14.413677,1585548867000398,1,False,26,31,26,31
7627469555594316145,童年回忆,2026-05-11T09:37:14.413677,1767587429877768,1,False,32,37,32,37
7627476199606746842,博美,2026-05-11T09:37:19.191738,1569055986106370,1,False,25,28,44,47
7627476199606746842,吃饭嘎嘎香,2026-05-11T09:37:19.191738,1700883636773891,1,False,28,34,47,53
7627476199606746842,沉浸式,2026-05-11T09:37:19.191738,1609599333049422,1,False,35,39,54,58
7627476199606746842,治愈,2026-05-11T09:37:19.191738,1767586234303502,1,False,39,42,58,61
7627481290408725779,抖音精选,2026-05-11T09:37:28.331344,1568943621383170,1,False,0,5,12,17
7627481290408725779,了不起的精讲团,2026-05-11T09:37:28.331344,7519800545998014515,1,False,5,13,17,25
7627482943329553718,凡人修仙传,2026-05-11T09:37:37.209239,1589840168724493,1,False,0,6,21,27
7627482943329553718,沧元图,2026-05-11T09:37:37.209239,1656037067432967,1,False,7,11,28,32
7627482943329553718,牧神记,2026-05-11T09:37:37.209239,1610821693167619,1,False,12,16,33,37
7627482943329553718,绝世唐门,2026-05-11T09:37:37.209239,1590889193270285,1,False,17,22,38,43
7627482943329553718,动漫解说,2026-05-11T09:37:37.209239,1611295887654920,1,False,23,28,44,49
7627484547906604324,推荐影视,2026-05-11T09:37:40.925954,1652238209489924,1,False,0,5,24,29
7627484547906604324,美剧,2026-05-11T09:37:40.925954,1580993918107662,1,False,7,10,31,34
7627484547906604324,黑袍纠察队第五季,2026-05-11T09:37:40.925954,7392898113851099176,1,False,12,21,36,45
7627484547906604324,祖国人,2026-05-11T09:37:40.925954,1641578443904013,1,False,24,28,48,52
7627484547906604324,美剧解说,2026-05-11T09:37:40.925954,1658903819810823,1,False,30,35,54,59
7627487586592849626,周深,2026-05-11T09:37:56.137331,1587041190886414,1,False,6,9,6,9
7627487586592849626,苏超,2026-05-11T09:37:56.137331,1623433251216391,1,False,10,13,10,13
7627487586592849626,苏超联赛,2026-05-11T09:37:56.137331,1644752676885511,1,False,14,19,14,19
7627487586592849626,周深随便一唱就很惊艳,2026-05-11T09:37:56.137331,1721654232129550,1,False,20,31,20,31
7627487586592849626,周深苏超,2026-05-11T09:37:56.137331,7621011112376404002,1,False,32,37,32,37
7627508129575570739,搞笑,2026-05-11T09:38:57.782076,1635669004810253,1,False,0,3,22,25
7627508129575570739,动漫推荐,2026-05-11T09:38:57.782076,1587194314661901,1,False,4,9,26,31
7627508129575570739,动漫解说,2026-05-11T09:38:57.782076,1611295887654920,1,False,10,15,32,37
7627553077666647306,AI创作浪潮计划,2026-05-11T09:39:13.892326,7550926685631744000,1,False,131,140,156,165
7627553077666647306,即梦AI新影像,2026-05-11T09:39:13.892326,7598156182544451624,1,False,142,150,167,175
7627553077666647306,即梦ai创作者成长计划,2026-05-11T09:39:13.892326,7468567090752915507,1,False,152,164,177,189
7627553077666647306,大闹天宫,2026-05-11T09:39:13.892326,1580753275914254,1,False,166,171,191,196
7627553077666647306,孙悟空,2026-05-11T09:39:13.892326,1565533665924097,1,False,173,177,198,202
7627581607268344825,上热门,2026-05-11T09:39:16.443183,1767587361772552,1,False,0,4,6,10
7627581607268344825,美妆,2026-05-11T09:39:16.443183,1767586856764494,1,False,5,8,11,14
7627581607268344825,美妆百万新星计划,2026-05-11T09:39:16.443183,1708968821050379,1,False,9,18,15,24
7627581607268344825,新手化妆,2026-05-11T09:39:16.443183,1589863054329863,1,False,19,24,25,30
7627581607268344825,妆前妆后,2026-05-11T09:39:16.443183,7499867152481814539,1,False,25,30,31,36
7627587005018279178,南极,2026-05-11T09:39:20.072195,1585337899687982,1,False,0,3,31,34
7627587005018279178,北极熊,2026-05-11T09:39:20.072195,1582853872112653,1,False,4,8,35,39
7627587005018279178,雪豹,2026-05-11T09:39:20.072195,1656976549446670,1,False,9,12,40,43
7627587005018279178,万物可爱计划,2026-05-11T09:39:20.072195,7362828232397162522,1,False,13,20,44,51
7627587005018279178,动物科普,2026-05-11T09:39:20.072195,1597817242020878,1,False,21,26,52,57
7627629212140113179,电影解说,2026-05-11T09:39:37.326744,1593455819938819,1,False,0,5,17,22
7627629212140113179,一剪到底,2026-05-11T09:39:37.326744,1638232430172172,1,False,6,11,23,28
7627629212140113179,恐怖,2026-05-11T09:39:37.326744,1553610645693441,1,False,12,15,29,32
7627629212140113179,惊悚,2026-05-11T09:39:37.326744,1564385647143937,1,False,16,19,33,36
7627629212140113179,民俗,2026-05-11T09:39:37.326744,1573269422580814,1,False,20,23,37,40
7627650507766566163,三农,2026-05-11T09:39:42.616188,1767585995627544,1,False,285,288,316,319
7627650507766566163,农村生活,2026-05-11T09:39:42.616188,1591391074552852,1,False,289,294,320,325
7627650507766566163,山野自然,2026-05-11T09:39:42.616188,1647737259446285,1,False,295,300,326,331
7627655513488397553,包子配方,2026-05-11T09:39:45.357330,1632780856144904,1,False,0,5,0,5
7627655513488397553,发面包子,2026-05-11T09:39:45.357330,1612556649231368,1,False,6,11,6,11
7627655513488397553,美食教程,2026-05-11T09:39:45.357330,1581688162541582,1,False,12,17,12,17
7627655513488397553,面食分享,2026-05-11T09:39:45.357330,1650873361312775,1,False,18,23,18,23
7627655513488397553,在家做包子,2026-05-11T09:39:45.357330,1654686955898888,1,False,24,30,24,30
7627738150206557503,抖音精选,2026-05-11T09:40:22.588505,1568943621383170,1,False,20,25,20,25
7627738150206557503,了不起的精讲团,2026-05-11T09:40:22.588505,7519800545998014515,1,False,27,35,27,35
7627738150206557503,周星驰,2026-05-11T09:40:22.588505,1560765297102850,1,False,37,41,37,41
7627738150206557503,功夫,2026-05-11T09:40:22.588505,1562670279459841,1,False,42,45,42,45
7627738150206557503,青年创作者成长计划,2026-05-11T09:40:22.588505,7529832653680281615,1,False,47,57,47,57
7627739435852959012,抖音精选,2026-05-11T09:40:28.504254,1568943621383170,1,False,20,25,20,25
7627739435852959012,了不起的精讲团,2026-05-11T09:40:28.504254,7519800545998014515,1,False,27,35,27,35
7627739435852959012,周星驰,2026-05-11T09:40:28.504254,1560765297102850,1,False,37,41,37,41
7627739435852959012,功夫,2026-05-11T09:40:28.504254,1562670279459841,1,False,43,46,43,46
7627739435852959012,青年创作者成长计划,2026-05-11T09:40:28.504254,7529832653680281615,1,False,48,58,48,58
7627757213381506484,山西旅游,2026-05-11T09:40:38.336902,1600777048266759,1,False,29,34,29,34
7627757213381506484,地上文物看山西,2026-05-11T09:40:38.336902,1676795754194952,1,False,35,43,35,43
7627757213381506484,古建筑之美,2026-05-11T09:40:38.336902,1587397056373773,1,False,44,50,44,50
7627757213381506484,山西晋城,2026-05-11T09:40:38.336902,1593821390271501,1,False,51,56,51,56
7627764790819939136,泳衣分享,2026-05-11T09:40:42.967072,1702261197093901,1,False,0,5,11,16
7627764790819939136,高个子女生,2026-05-11T09:40:42.967072,1593016158071879,1,False,6,12,17,23
7627764790819939136,测评穿搭,2026-05-11T09:40:42.967072,1666763253011470,1,False,13,18,24,29
7627767745769957486,抖音趣胃计划,2026-05-11T09:40:47.647255,1661943379293191,1,False,0,7,15,22
7627767745769957486,美食试吃官,2026-05-11T09:40:47.647255,1703962186543104,1,False,8,14,23,29
7627767745769957486,樱花妹,2026-05-11T09:40:47.647255,1622724993132551,1,False,15,19,30,34
7627767745769957486,娜酱,2026-05-11T09:40:47.647255,1634571545275396,1,False,20,23,35,38
7627768116780518691,WWE,2026-05-11T09:40:55.228240,1571597440785410,1,False,0,4,27,31
7627768116780518691,兰迪奥顿,2026-05-11T09:40:55.228240,1592482263341086,1,False,5,10,32,37
7627768116780518691,赛斯罗林斯,2026-05-11T09:40:55.228240,1610668644016132,1,False,11,17,38,44
7627768116780518691,RKO,2026-05-11T09:40:55.228240,1593551940962307,1,False,18,22,45,49
7627773593241324836,道奇地狱猫,2026-05-11T09:40:58.220612,1617107914952718,1,False,0,6,13,19
7627773593241324836,道奇挑战者,2026-05-11T09:40:58.220612,1595524609750020,1,False,7,13,20,26
7627773593241324836,带你懂车,2026-05-11T09:40:58.220612,1637205689406471,1,False,14,19,27,32
7627773593241324836,美式肌肉车,2026-05-11T09:40:58.220612,1599525765600286,1,False,20,26,33,39
7627789716246531379,减脂,2026-05-11T09:41:05.546824,1580161204200462,1,False,0,3,0,3
7627789716246531379,健身,2026-05-11T09:41:05.546824,1765782892492814,1,False,4,7,4,7
7627789716246531379,168轻断食,2026-05-11T09:41:05.546824,1663672641606685,1,False,8,15,8,15
7627807559235483584,汕头美食,2026-05-11T09:41:29.904870,,,,,,,
7627807559235483584,潮汕美食,2026-05-11T09:41:29.904870,,,,,,,
7627807559235483584,汕头,2026-05-11T09:41:29.904870,,,,,,,
7627807559235483584,人间烟火,2026-05-11T09:41:29.904870,,,,,,,
7627807559235483584,迈扣来了,2026-05-11T09:41:29.904870,,,,,,,
7627814682509708587,地方特色美食,2026-05-11T09:41:39.271131,1588619068210180,1,False,0,7,21,28
7627814682509708587,四川美食,2026-05-11T09:41:39.271131,1666307113598983,1,False,7,12,28,33
7627814682509708587,宜宾美食,2026-05-11T09:41:39.271131,1604774077343747,1,False,12,17,33,38
7627814682509708587,土火锅,2026-05-11T09:41:39.271131,1583409627639821,1,False,17,21,38,42
7627814682509708587,美食分享,2026-05-11T09:41:39.271131,1566926248364034,1,False,21,26,42,47
7627819328179604776,海钓船钓,2026-05-11T09:41:41.973285,1616994328808455,1,False,0,5,25,30
7627819328179604776,蓝鳍金枪鱼,2026-05-11T09:41:41.973285,1608128652819527,1,False,6,12,31,37
7627819328179604776,捕鱼生死斗,2026-05-11T09:41:41.973285,1714221822972957,1,False,13,19,38,44
7627819328179604776,原来钓鱼才是抖音运动顶流,2026-05-11T09:41:41.973285,1740389991881739,1,False,20,33,45,58
7627821252295560463,抖音精选,2026-05-11T09:41:44.740651,1568943621383170,1,False,55,60,83,88
7627821252295560463,游牧民族,2026-05-11T09:41:44.740651,1584216505555982,1,False,61,66,89,94
7627821252295560463,人文星闪耀计划,2026-05-11T09:41:44.740651,7377755528166197263,1,False,67,75,95,103
7627821252295560463,涨知识,2026-05-11T09:41:44.740651,1581874377004045,1,False,76,80,104,108
7627821252295560463,文脉里的中国,2026-05-11T09:41:44.740651,7484207961129093139,1,False,81,88,109,116
7627822706527898914,悬疑惊悚,2026-05-11T09:41:51.852979,1650260275375107,1,False,28,33,28,33
7627822706527898914,独居安全,2026-05-11T09:41:51.852979,1639470259180555,1,False,35,40,35,40
7627822706527898914,细思极恐,2026-05-11T09:41:51.852979,1569742636763138,1,False,42,47,42,47
7627823292346436916,青年创作者成长计划,2026-05-11T09:42:05.223948,7529832653680281615,1,False,0,10,22,32
7627823292346436916,全球创作者计划,2026-05-11T09:42:05.223948,1784418353406976,1,False,11,19,33,41
7627823292346436916,知识,2026-05-11T09:42:05.223948,1599643530364942,1,False,20,23,42,45
7627823292346436916,美食,2026-05-11T09:42:05.223948,1767586897793101,1,False,24,27,46,49
7627823292346436916,日料,2026-05-11T09:42:05.223948,1579675366404110,1,False,28,31,50,53
7627824401820754304,周深,2026-05-11T09:42:13.456256,1587041190886414,1,False,15,18,15,18
7627824401820754304,周深演唱会,2026-05-11T09:42:13.456256,1601799759460356,1,False,19,25,19,25
7627824401820754304,周深929hz巡回演唱会,2026-05-11T09:42:13.456256,7359867670652061746,1,False,26,39,26,39
7627824401820754304,周深可爱,2026-05-11T09:42:13.456256,1665803730075661,1,False,40,45,40,45
7627824401820754304,周深互动,2026-05-11T09:42:13.456256,7391854774209775656,1,False,46,51,46,51
7627827220685393152,阚清子,2026-05-11T09:42:16.042005,1583473224164366,1,False,4,8,34,38
7627827220685393152,曾沛慈,2026-05-11T09:42:16.042005,1587626936212494,1,False,9,13,39,43
7627827220685393152,孙怡,2026-05-11T09:42:16.042005,1589288627156995,1,False,14,17,44,47
7627827220685393152,浪姐,2026-05-11T09:42:16.042005,1609519448957059,1,False,18,21,48,51
7627827220685393152,影娱热点团,2026-05-11T09:42:16.042005,7435956288158992411,1,False,22,28,52,58
7627828868665134370,霍元甲,2026-05-11T09:42:23.181830,1566928670589953,1,False,0,4,19,23
7627828868665134370,经典港片,2026-05-11T09:42:23.181830,1594114740998151,1,False,5,10,24,29
7627828868665134370,李连杰,2026-05-11T09:42:23.181830,1579167650659342,1,False,11,15,30,34
7627828868665134370,动作电影,2026-05-11T09:42:23.181830,1598970232075287,1,False,16,21,35,40
7627828868665134370,青年创作者成长计划,2026-05-11T09:42:23.181830,7529832653680281615,1,False,22,32,41,51
7627830958246382863,济公,2026-05-11T09:42:28.671867,1582306090985485,1,False,0,3,12,15
7627830958246382863,怀旧经典影视,2026-05-11T09:42:28.671867,1585328357777486,1,False,3,10,15,22
7627830958246382863,深度解析,2026-05-11T09:42:28.671867,1625271134396427,1,False,10,15,22,27
7627830958246382863,游本昌,2026-05-11T09:42:28.671867,1594459896159235,1,False,15,19,27,31
7627830958246382863,济公游本昌,2026-05-11T09:42:28.671867,1617592095656968,1,False,19,25,31,37
7627833921347226579,动物科普,2026-05-11T09:42:31.515661,1597817242020878,1,False,0,5,11,16
7627833921347226579,动物世界,2026-05-11T09:42:31.515661,1563220812237825,1,False,6,11,17,22
7627833921347226579,野生动物,2026-05-11T09:42:31.515661,1594451499175940,1,False,12,17,23,28
7627833921347226579,鬣狗,2026-05-11T09:42:31.515661,1599906697564180,1,False,17,20,28,31
7627833921347226579,鬣狗咬合力,2026-05-11T09:42:31.515661,1730168692107276,1,False,20,26,31,37
7627876099472510218,关于肿瘤的那些事儿,2026-05-11T09:43:01.425904,7627010397639297039,1,False,22,32,30,40
7627876099472510218,全国肿瘤防治宣传周,2026-05-11T09:43:01.425904,1630879152912395,1,False,34,44,42,52
7627876099472510218,抖出健康知识宝藏,2026-05-11T09:43:01.425904,7453023475343575078,1,False,46,55,54,63
7627876099472510218,癌症,2026-05-11T09:43:01.425904,1589835236817927,1,False,56,59,64,67
7627876099472510218,肿瘤,2026-05-11T09:43:01.425904,1616208760316941,1,False,60,63,68,71
7627888154590131446,10亿流量扶持计划,2026-05-11T09:43:23.770740,1661323760497668,1,False,10,20,10,20
7627888154590131446,高中生精神状态,2026-05-11T09:43:23.770740,1737434178629644,1,False,21,29,21,29
7627888154590131446,vlog日常,2026-05-11T09:43:23.770740,7419051797869758527,1,False,30,37,30,37
7627890574250577152,AI,2026-05-11T09:43:29.183676,1582049556616206,1,False,169,172,189,192
7627890574250577152,算力,2026-05-11T09:43:29.183676,1618631951072264,1,False,173,176,193,196
7627890574250577152,国家电网,2026-05-11T09:43:29.183676,1609571402198029,1,False,177,182,197,202
7627890574250577152,中美博弈,2026-05-11T09:43:29.183676,1668230491528205,1,False,183,188,203,208
7627890574250577152,电力,2026-05-11T09:43:29.183676,1643169951725575,1,False,189,192,209,212
7627890694136490102,我的穷鞋史,2026-05-11T09:43:35.634911,1718940396481552,1,False,0,6,12,18
7627890694136490102,alphafly3,2026-05-11T09:43:35.634911,1754981412339712,1,False,7,17,19,29
7627890694136490102,规则破坏者,2026-05-11T09:43:35.634911,1677538530865166,1,False,18,24,30,36
7627890694136490102,碳板跑鞋,2026-05-11T09:43:35.634911,1656504120708104,1,False,25,30,37,42
7627890694136490102,马拉松跑鞋,2026-05-11T09:43:35.634911,1626500560672780,1,False,31,37,43,49
7627897180354874666,大课间跑操,2026-05-11T09:43:41.888867,1606155197316104,1,False,34,40,47,53
7627897180354874666,大课间,2026-05-11T09:43:41.888867,1642259042869262,1,False,41,45,54,58
7627897180354874666,少儿体能,2026-05-11T09:43:41.888867,1600951014231054,1,False,46,51,59,64
7627897180354874666,少儿体能训练,2026-05-11T09:43:41.888867,1618890259576995,1,False,52,59,65,72
7627897180354874666,体育老师,2026-05-11T09:43:41.888867,1586553968707597,1,False,60,65,73,78
7627920826385904617,发型改造,2026-05-11T09:43:48.427772,1588726217612318,1,False,11,16,11,16
7627924151814065418,常冰玉,2026-05-11T09:43:51.108919,1619167568080974,1,False,0,4,31,35
7627924151814065418,147,2026-05-11T09:43:51.108919,1595487745413133,1,False,5,9,36,40
7627924151814065418,世锦赛,2026-05-11T09:43:51.108919,1595505919438855,1,False,10,14,41,45
7627924151814065418,精彩片段,2026-05-11T09:43:51.108919,1598181470695437,1,False,15,20,46,51
7627929197108923690,ai新星计划,2026-05-11T09:43:56.339449,7488964312359241778,1,False,40,47,71,78
7627929197108923690,科技,2026-05-11T09:43:56.339449,1569172835602434,1,False,49,52,80,83
7627929197108923690,涨知识,2026-05-11T09:43:56.339449,1767586848635912,1,False,54,58,85,89
7627929197108923690,知识前沿派对,2026-05-11T09:43:56.339449,1777641476760592,1,False,60,67,91,98
7627929197108923690,科普,2026-05-11T09:43:56.339449,1582741603218446,1,False,69,72,100,103
7627930817636879658,库里,2026-05-11T09:43:58.637014,1600171591547907,1,False,0,3,23,26
7627930817636879658,勇士,2026-05-11T09:43:58.637014,1583493873651726,1,False,4,7,27,30
7627930817636879658,雷霆,2026-05-11T09:43:58.637014,1595172526711822,1,False,8,11,31,34
7627930817636879658,励志逆袭,2026-05-11T09:43:58.637014,1627130824248331,1,False,12,17,35,40
7627930817636879658,篮球人物,2026-05-11T09:43:58.637014,1653583843707907,1,False,18,23,41,46
7628031325068496182,kpop舞蹈,2026-05-11T09:44:01.276668,1613594145489927,1,False,46,53,57,64
7628031325068496182,欧美歌曲,2026-05-11T09:44:01.276668,1594370354497544,1,False,54,59,65,70
7628031325068496182,AIGC,2026-05-11T09:44:01.276668,1722895911293971,1,False,60,65,71,76
7628031325068496182,女团,2026-05-11T09:44:01.276668,1564621496650753,1,False,66,69,77,80
7628031325068496182,韩国女团热舞,2026-05-11T09:44:01.276668,1586686559661070,1,False,70,77,81,88
7628047863448177971,科普一下,2026-05-11T09:44:04.734289,1593401120368644,1,False,0,5,22,27
7628047863448177971,抖音知识年终大赏,2026-05-11T09:44:04.734289,7434449235527649320,1,False,6,15,28,37
7628047863448177971,青年创作者成长计划,2026-05-11T09:44:04.734289,7529832653680281615,1,False,16,26,38,48
7628047863448177971,烤鱼,2026-05-11T09:44:04.734289,1567173340233730,1,False,27,30,49,52
7628047863448177971,夜市小吃,2026-05-11T09:44:04.734289,1594828492147725,1,False,31,36,53,58
7628058028667366757,混音,2026-05-11T09:44:12.789473,1566111861394433,1,False,10,13,10,13
7628058028667366757,编曲,2026-05-11T09:44:12.789473,1581435845296142,1,False,14,17,14,17
7628058028667366757,真英雄,2026-05-11T09:44:12.789473,1583840935952397,1,False,18,22,18,22
7628058028667366757,同花顺,2026-05-11T09:44:12.789473,1585254250054669,1,False,23,27,23,27
7628058028667366757,天才交易员,2026-05-11T09:44:12.789473,1719999726029831,1,False,34,40,34,40
7628060646696815926,火影忍者手游,2026-05-11T09:44:15.173025,1575513338603533,1,False,0,7,11,18
7628060646696815926,火影忍者,2026-05-11T09:44:15.173025,1564203502261249,1,False,8,13,19,24
7628060646696815926,神驹斑,2026-05-11T09:44:15.173025,7593708137770436660,1,False,14,18,25,29
7628060646696815926,盘点,2026-05-11T09:44:15.173025,1593262242210823,1,False,20,23,31,34
7628060646696815926,抖音二创激励计划,2026-05-11T09:44:15.173025,1742735565596739,1,False,24,33,35,44
7628091879809301178,鼻影修容,2026-05-11T09:44:24.944462,1633601954250764,1,False,11,16,11,16
7628091879809301178,修容教程,2026-05-11T09:44:24.944462,1581848646276110,1,False,17,22,17,22
7628091879809301178,修容前vs修容后,2026-05-11T09:44:24.944462,1606045207302158,1,False,23,32,23,32
7628091879809301178,鼻影画法,2026-05-11T09:44:24.944462,1639188041172999,1,False,33,38,33,38
7628100705559072027,斗罗大陆,2026-05-11T09:44:39.954702,1702005921441804,1,False,0,5,17,22
7628100705559072027,充能计划,2026-05-11T09:44:39.954702,1655868948754440,1,False,6,11,23,28
7628100705559072027,我在抖音看动漫,2026-05-11T09:44:39.954702,1638671939469324,1,False,12,20,29,37
7628100705559072027,青年创作者成长计划,2026-05-11T09:44:39.954702,7529832653680281615,1,False,21,31,38,48
7628100705559072027,动漫编年史,2026-05-11T09:44:39.954702,1754442585463815,1,False,32,38,49,55
7628102244734438671,社会百态,2026-05-11T09:44:42.348027,1594979820505101,1,False,0,5,12,17
7628102244734438671,真实事件,2026-05-11T09:44:42.348027,1598717193600007,1,False,6,11,18,23
7628102244734438671,缉毒,2026-05-11T09:44:42.348027,1648239594552331,1,False,12,15,24,27
7628102797761760538,纪录片,2026-05-11T09:44:49.549392,1586123752103966,1,False,19,23,22,26
7628102797761760538,丹麦,2026-05-11T09:44:49.549392,1584296499265549,1,False,24,27,27,30
7628102797761760538,治愈系风景,2026-05-11T09:44:49.549392,1599901745756164,1,False,28,34,31,37
7628102797761760538,地理知识,2026-05-11T09:44:49.549392,1609468270905351,1,False,35,40,38,43
7628110680549705189,游戏怪谈,2026-05-11T09:44:55.656687,1652868401173512,1,False,20,25,20,25
7628110680549705189,游戏解说,2026-05-11T09:44:55.656687,1578391413563421,1,False,26,31,26,31
7628110680549705189,steam游戏,2026-05-11T09:44:55.656687,1608346897491988,1,False,32,40,32,40
7628111906008945401,茶花开了,2026-05-11T09:44:58.290516,1618358208798948,1,False,0,0,92,97
7628111906008945401,王睿卓,2026-05-11T09:44:58.290516,1611019145982983,1,False,0,0,98,102
7628111906008945401,思乡,2026-05-11T09:44:58.290516,1582286749184078,1,False,0,0,103,106
7628111906008945401,茶花,2026-05-11T09:44:58.290516,1590437167448068,1,False,0,0,107,110
7628111906008945401,背景视频dou起来,2026-05-11T09:44:58.290516,1658230040130573,1,False,0,0,111,121
7628116114135896933,汽车,2026-05-11T09:45:03.144475,1567431196459009,1,False,26,29,26,29
7628116114135896933,方程豹钛7,2026-05-11T09:45:03.144475,7490838173690382373,1,False,31,37,31,37
7628116114135896933,钛7,2026-05-11T09:45:03.144475,7488989891032778790,1,False,38,41,38,41
7628141688007036194,动物世界,2026-05-11T09:45:55.022069,1563220812237825,1,False,0,5,12,17
7628141688007036194,一代人有一代人的动物世界,2026-05-11T09:45:55.022069,7342811446960457765,1,False,7,20,19,32
7628141688007036194,神奇动物在抖音,2026-05-11T09:45:55.022069,1615585797143560,1,True,22,30,34,42
7628141688007036194,动物世界搞笑解说,2026-05-11T09:45:55.022069,1766112895028228,1,False,32,41,44,53
7628141688007036194,走鹃,2026-05-11T09:45:55.022069,1672999031329799,1,False,43,46,55,58
7628146241486015771,响尾蛇,2026-05-11T09:46:00.697220,1599994996640775,1,False,0,4,21,25
7628146241486015771,神奇动物在抖音,2026-05-11T09:46:00.697220,1615585797143560,1,True,5,13,26,34
7628146241486015771,大自然,2026-05-11T09:46:00.697220,1568360053346369,1,False,14,18,35,39
7628146241486015771,动物,2026-05-11T09:46:00.697220,1564303277935681,1,False,19,22,40,43
7628149182360079616,速通,2026-05-11T09:46:10.505465,1617300617222157,1,False,0,3,22,25
7628149182360079616,恐怖游戏速通,2026-05-11T09:46:10.505465,1724438196584478,1,False,4,11,26,33
7628149182360079616,恐怖游戏,2026-05-11T09:46:10.505465,1767586622634062,1,False,12,17,34,39
7628149182360079616,steam游戏,2026-05-11T09:46:10.505465,1608346897491988,1,False,18,26,40,48
7628149590734163234,迈巴赫,2026-05-11T09:46:13.357210,1595906953326595,1,False,36,40,36,40
7628149590734163234,豪车,2026-05-11T09:46:13.357210,1566263580935169,1,False,41,44,41,44
7628149590734163234,女生,2026-05-11T09:46:13.357210,1572978145886221,1,False,45,48,45,48
7628151320943365395,黄霄雲,2026-05-11T09:46:22.871518,1613819096419331,1,False,0,4,31,35
7628151320943365395,黄霄云,2026-05-11T09:46:22.871518,1612138073236483,1,False,5,9,36,40
7628151320943365395,歌手,2026-05-11T09:46:22.871518,1565134370294786,1,False,10,13,41,44
7628151320943365395,人物故事,2026-05-11T09:46:22.871518,1632687103716355,1,False,14,19,45,50
7628157615948098033,纪录片,2026-05-11T09:46:33.881840,1586123752103966,1,False,0,4,0,4
7628157615948098033,记录真实生活,2026-05-11T09:46:33.881840,1610220985271326,1,False,5,12,5,12
7628157615948098033,二创,2026-05-11T09:46:33.881840,1608502970447943,1,False,13,16,13,16
7628157615948098033,越南,2026-05-11T09:46:33.881840,1578997043002445,1,False,17,20,17,20
7628157615948098033,农村生活,2026-05-11T09:46:33.881840,1591391074552852,1,False,21,26,21,26
7628162809779976677,孤独的美食家,2026-05-11T09:46:45.189523,1583419427120158,1,False,29,36,29,36
7628162809779976677,日剧,2026-05-11T09:46:45.189523,1586858510110750,1,False,38,41,38,41
7628162809779976677,解说,2026-05-11T09:46:45.189523,1581312599913486,1,False,43,46,43,46
7628162809779976677,下饭剧,2026-05-11T09:46:45.189523,1601899311235144,1,False,47,51,47,51
7628162809779976677,美食推荐官,2026-05-11T09:46:45.189523,1767586333402125,1,False,52,58,52,58
7628172065980632242,郑润泽巡演,2026-05-11T09:46:55.906337,1738158062940175,1,False,9,15,18,24
7628172065980632242,郑润泽,2026-05-11T09:46:55.906337,1609482984643726,1,False,16,20,25,29
7628172065980632242,瞬,2026-05-11T09:46:55.906337,1590032586012675,1,False,21,23,30,32
7628172065980632242,小胡同,2026-05-11T09:46:55.906337,1611955603858436,1,False,24,28,33,37
7628175675219823907,传统文化,2026-05-11T09:47:16.626679,1569499153309698,1,False,0,5,22,27
7628175675219823907,妖魔鬼怪,2026-05-11T09:47:16.626679,1577756111157261,1,False,6,11,28,33
7628175675219823907,魑魅魍魉,2026-05-11T09:47:16.626679,1589816445143048,1,False,12,17,34,39
7628175675219823907,说文解字,2026-05-11T09:47:16.626679,1588644838634504,1,False,18,23,40,45
7628175675219823907,神仙,2026-05-11T09:47:16.626679,1582689057541134,1,False,24,27,46,49
7628177288084852002,沉浸式,2026-05-11T09:47:33.258936,1609599333049422,1,False,0,4,23,27
7628177288084852002,好物分享,2026-05-11T09:47:33.258936,1767586936157191,1,False,5,10,28,33
7628177288084852002,记录生活,2026-05-11T09:47:33.258936,1767586437643341,1,False,11,16,34,39
7628177288084852002,日常vlog,2026-05-11T09:47:33.258936,1590567937582093,1,False,17,24,40,47
7628181442358989425,妈呀太香了,2026-05-11T09:47:39.654125,1767587175419917,1,False,12,18,12,18
7628181442358989425,美食,2026-05-11T09:47:39.654125,1767586897793101,1,False,19,22,19,22
7628181442358989425,校园生活,2026-05-11T09:47:39.654125,1555596444813329,1,False,23,28,23,28
7628181442358989425,太好吃了,2026-05-11T09:47:39.654125,1574361778868254,1,False,29,34,29,34
7628181442358989425,好吃到停不下来,2026-05-11T09:47:39.654125,1579611625522189,1,False,35,43,35,43
7628199242552593698,宇宙,2026-05-11T09:48:24.377112,1584575841651725,1,False,26,29,48,51
7628199242552593698,黑洞,2026-05-11T09:48:24.377112,1571501579261953,1,False,30,33,52,55
7628199242552593698,天文学,2026-05-11T09:48:24.377112,1598552194723853,1,False,34,38,56,60
7628199242552593698,科普,2026-05-11T09:48:24.377112,1582741603218446,1,False,39,42,61,64
7628199242552593698,银河系,2026-05-11T09:48:24.377112,1575705796092941,1,False,43,47,65,69
7628200739264843050,足球的魅力,2026-05-11T09:48:30.200397,1594588083881992,1,False,0,6,31,37
7628200739264843050,足球的魅力远远超过你的想象,2026-05-11T09:48:30.200397,1720574247277645,1,False,7,21,38,52
7628200739264843050,抖音精选,2026-05-11T09:48:30.200397,1568943621383170,1,False,22,27,53,58
7628200995012562210,青年创作者成长计划,2026-05-11T09:48:37.424265,7529832653680281615,1,False,0,10,24,34
7628200995012562210,座头鲸,2026-05-11T09:48:37.424265,1605813498400775,1,False,11,15,35,39
7628200995012562210,动物有话说,2026-05-11T09:48:37.424265,1656842332363779,1,False,16,22,40,46
7628200995012562210,独白,2026-05-11T09:48:37.424265,1628249417833484,1,False,23,26,47,50
7628200995012562210,魔王护,2026-05-11T09:48:37.424265,7538281656450058283,1,False,27,31,51,55
7628201207244311843,人物故事,2026-05-11T09:48:42.820153,1632687103716355,1,False,36,41,36,41
7628201207244311843,华语乐坛,2026-05-11T09:48:42.820153,1600531102146564,1,False,42,47,42,47
7628201207244311843,经典老歌,2026-05-11T09:48:42.820153,1576528106192974,1,False,48,53,48,53
7628201755314097417,带你看世界,2026-05-11T09:48:50.613131,1570455180739586,1,False,0,6,20,26
7628201755314097417,硬核知识局,2026-05-11T09:48:50.613131,1749025234257932,1,False,7,13,27,33
7628206627111423247,抖音精选,2026-05-11T09:49:25.341834,1568943621383170,1,False,0,5,30,35
7628206627111423247,豪斯医生,2026-05-11T09:49:25.341834,1623461555241998,1,False,6,11,36,41
7628206627111423247,抖音美剧推荐,2026-05-11T09:49:25.341834,1772812321351683,1,False,12,19,42,49
7628206627111423247,原创影视解说,2026-05-11T09:49:25.341834,1658586384455687,1,False,20,27,50,57
7628206627111423247,美剧推荐,2026-05-11T09:49:25.341834,1591369486235655,1,False,28,33,58,63
7628209353560343144,中外家庭,2026-05-11T09:49:42.740588,1665479815016459,1,False,31,36,31,36
7628209353560343144,外国人眼中的中国,2026-05-11T09:49:42.740588,1594546137117709,1,False,37,46,37,46
7628209353560343144,漳州土楼,2026-05-11T09:49:42.740588,1608666044589134,1,False,47,52,47,52
7628211761276524531,beyond,2026-05-11T09:49:56.802557,1564609004133378,1,False,20,27,20,27
7628211761276524531,海阔天空,2026-05-11T09:49:56.802557,1570176143558658,1,False,28,33,28,33
7628211761276524531,吉他初学者,2026-05-11T09:49:56.802557,1581235565392926,1,False,34,40,34,40
7628212717249105188,美食,2026-05-11T09:50:38.292437,1767586897793101,1,False,0,3,19,22
7628212717249105188,新疆美食,2026-05-11T09:50:38.292437,1568067491664898,1,False,4,9,23,28
7628212717249105188,大尾羊,2026-05-11T09:50:38.292437,1641627289868300,1,False,10,14,29,33
7628212717249105188,舌尖上的味道,2026-05-11T09:50:38.292437,1584590868371469,1,False,15,22,34,41
7628215607988636980,原创动画,2026-05-11T09:51:01.082344,1590529075305486,1,False,15,20,24,29
7628215607988636980,沙雕动画,2026-05-11T09:51:01.082344,1659512631761934,1,False,21,26,30,35
7628215607988636980,二次元,2026-05-11T09:51:01.082344,1549679016708097,1,False,27,31,36,40
7628215607988636980,离渊化神,2026-05-11T09:51:01.082344,7624865307943733294,1,False,32,37,41,46
7628223343635795252,动物世界,2026-05-11T09:51:07.889835,1563220812237825,1,False,0,5,9,14
7628223343635795252,动物科普,2026-05-11T09:51:07.889835,1597817242020878,1,False,6,11,15,20
7628223343635795252,秃鹫,2026-05-11T09:51:07.889835,1592465737775277,1,False,12,15,21,24
7628223343635795252,白头海雕,2026-05-11T09:51:07.889835,1633773128413197,1,False,16,21,25,30
7628223343635795252,猛禽,2026-05-11T09:51:07.889835,1579365590281230,1,False,22,25,31,34
7628223451060374835,热点,2026-05-11T09:51:10.644679,1589032799848451,1,False,0,3,24,27
7628223451060374835,大模型,2026-05-11T09:51:10.644679,1643459988429832,1,False,5,9,29,33
7628223451060374835,人工智能,2026-05-11T09:51:10.644679,1576073697445901,1,False,11,16,35,40
7628223451060374835,AI,2026-05-11T09:51:10.644679,1582049556616206,1,False,18,21,42,45
7628223451060374835,AI大模型,2026-05-11T09:51:10.644679,1747263253066755,1,False,24,30,48,54
7628236045397658886,科普,2026-05-11T09:51:18.987499,1582741603218446,1,False,0,3,26,29
7628236045397658886,青年创作者成长计划,2026-05-11T09:51:18.987499,7529832653680281615,1,False,4,14,30,40
7628236045397658886,知识科普,2026-05-11T09:51:18.987499,1767586801602631,1,False,15,20,41,46
7628236045397658886,人死后去了哪里,2026-05-11T09:51:18.987499,1668125456120843,1,False,21,29,47,55
7628236791497198902,了不起的精讲团,2026-05-11T09:51:25.608664,7519800545998014515,1,False,0,8,19,27
7628236791497198902,青年创作者成长计划,2026-05-11T09:51:25.608664,7529832653680281615,1,False,9,19,28,38
7628236791497198902,篮球,2026-05-11T09:51:25.608664,1561830226453506,1,False,20,23,39,42
7628236791497198902,电影解说,2026-05-11T09:51:25.608664,1593455819938819,1,False,24,29,43,48
7628238064955002158,新白娘子传奇,2026-05-11T09:51:28.609685,1566477444054018,1,False,0,7,28,35
7628238064955002158,五鬼,2026-05-11T09:51:28.609685,1750813469478915,1,False,8,11,36,39
7628238064955002158,白素贞,2026-05-11T09:51:28.609685,1552251083874305,1,False,12,16,40,44
7628238064955002158,小青,2026-05-11T09:51:28.609685,1589121584294916,1,False,17,20,45,48
7628238064955002158,青年创作者成长计划,2026-05-11T09:51:28.609685,7529832653680281615,1,False,21,31,49,59
7628240869754249467,日本生活,2026-05-11T09:51:35.726791,7597475104414500910,1,False,30,35,30,35
7628240869754249467,日本,2026-05-11T09:51:35.726791,1727228281468928,1,False,35,38,35,38
7628240869754249467,海外生活,2026-05-11T09:51:35.726791,1597381572062215,1,False,38,43,38,43
7628240869754249467,生活记录,2026-05-11T09:51:35.726791,1575774193951758,1,False,43,48,43,48
7628240891379076352,恶搞之家,2026-05-11T09:51:38.892462,1591642411396103,1,False,106,111,129,134
7628240891379076352,动漫解说,2026-05-11T09:51:38.892462,1611295887654920,1,False,112,117,135,140
7628240891379076352,青年创作者扶持计划,2026-05-11T09:51:38.892462,7519802101346617407,1,False,118,128,141,151
7628252522766994742,diy电脑,2026-05-11T09:51:50.129428,1609836551585870,1,False,0,6,31,37
7628252522766994742,深圳,2026-05-11T09:51:50.129428,1565553933189122,1,False,7,10,38,41
7628252522766994742,电脑配置,2026-05-11T09:51:50.129428,1596932569534467,1,False,11,16,42,47
7628252522766994742,三角洲行动,2026-05-11T09:51:50.129428,1772634867886087,1,True,17,23,48,54
7628252522766994742,超会玩计划,2026-05-11T09:51:50.129428,1730799743538183,1,False,30,36,61,67
7628261714076634406,纪录片,2026-05-11T09:51:58.450417,1586123752103966,1,False,181,185,212,216
7628261714076634406,纪录片解说,2026-05-11T09:51:58.450417,1613318092285956,1,False,186,192,217,223
7628261714076634406,纪录片充电计划,2026-05-11T09:51:58.450417,1738140186027095,1,False,193,201,224,232
7628261714076634406,纪录片充电计划动物篇,2026-05-11T09:51:58.450417,1745461477606415,1,False,202,213,233,244
7628261714076634406,荒野求生,2026-05-11T09:51:58.450417,1581649203402766,1,False,214,219,245,250
7628269874644569395,詹姆斯,2026-05-11T09:52:18.179243,1600800922548231,1,False,0,4,29,33
7628269874644569395,湖人,2026-05-11T09:52:18.179243,1604942624574468,1,False,5,8,34,37
7628269874644569395,里弗斯,2026-05-11T09:52:18.179243,1633253741640772,1,False,9,13,38,42
7628271399622266121,三角洲行动,2026-05-11T09:52:24.958903,1772634867886087,1,True,0,6,22,28
7628271399622266121,三角洲跑刀,2026-05-11T09:52:24.958903,1793560239035468,1,False,7,13,29,35
7628271399622266121,三角洲s8蝶变时刻新赛季,2026-05-11T09:52:24.958903,7599146936339286068,1,False,14,27,36,49
7628271399622266121,青年创作者成长计划,2026-05-11T09:52:24.958903,7529832653680281615,1,False,28,38,50,60
7628271399622266121,非洲之心,2026-05-11T09:52:24.958903,1623244960704520,1,False,39,44,61,66
7628278392391060782,秋沙鸭,2026-05-11T09:52:31.955691,1635664546112535,1,False,30,34,56,60
7628278392391060782,动物科普,2026-05-11T09:52:31.955691,1597817242020878,1,False,35,40,61,66
7628299638219539091,李小冉,2026-05-11T09:52:34.583417,1581163940468749,1,False,28,32,28,32
7628299638219539091,浪姐,2026-05-11T09:52:34.583417,1609519448957059,1,False,33,36,33,36
7628299638219539091,心愿便利贴,2026-05-11T09:52:34.583417,1586000691762205,1,False,37,43,37,43
7628316217324948736,深度解说,2026-05-11T09:52:37.025428,1662318706546702,1,False,0,5,23,28
7628316217324948736,影视解说,2026-05-11T09:52:37.025428,7419051162252347433,1,False,7,12,30,35
7628316217324948736,抖音精选,2026-05-11T09:52:37.025428,1568943621383170,1,False,14,19,37,42
7628316217324948736,韩剧,2026-05-11T09:52:37.025428,1565186793875458,1,False,21,24,44,47
7628316217324948736,模范出租车,2026-05-11T09:52:37.025428,1693618827763716,1,False,26,32,49,55
7628375356185117602,爱车爱生活,2026-05-11T09:52:40.607850,1618447489483783,1,False,13,19,19,25
7628375356185117602,男人的梦想座驾,2026-05-11T09:52:40.607850,1620836951993491,1,False,21,29,27,35
7628410734539443499,神奇动物在抖音,2026-05-11T09:52:45.892664,1615585797143560,1,True,0,8,16,24
7628410734539443499,科普一下,2026-05-11T09:52:45.892664,1593401120368644,1,False,10,15,26,31
7628410734539443499,热点,2026-05-11T09:52:45.892664,1589032799848451,1,False,17,20,33,36
7628410734539443499,十万个为什么抖音都知道,2026-05-11T09:52:45.892664,1758767180089358,1,False,22,34,38,50
7628419080253154033,学习必备,2026-05-11T09:52:51.323645,1613840787984388,1,False,73,78,73,78
7628419080253154033,抖音科技风向标,2026-05-11T09:52:51.323645,7623628539199227919,1,False,79,87,79,87
7628419080253154033,ai工具测评,2026-05-11T09:52:51.323645,1770217240110155,1,False,91,98,91,98
7628419080253154033,ai教育,2026-05-11T09:52:51.323645,1618443556869124,1,False,100,105,100,105
7628419080253154033,真实生活分享计划,2026-05-11T09:52:51.323645,7512672201834547210,1,False,106,115,106,115
7628439313604218112,22岁甜妹申裕斌大胆示爱,2026-05-11T09:52:57.830639,7628439332147169289,1,False,0,13,31,44
7628439313604218112,王楚钦回应三个字,2026-05-11T09:52:57.830639,7628439345313089563,1,False,14,23,45,54
7628444751822149870,美食,2026-05-11T09:53:00.370015,1767586897793101,1,False,0,3,0,3
7628444751822149870,吃饭,2026-05-11T09:53:00.370015,1550878520448002,1,False,3,6,3,6
7628444751822149870,吃的真香,2026-05-11T09:53:00.370015,1590849412355166,1,False,7,12,7,12
7628449286069521710,狂飙,2026-05-11T09:53:16.782455,1594670867351556,1,False,0,3,19,22
7628449286069521710,抖音精选,2026-05-11T09:53:16.782455,1568943621383170,1,False,4,9,23,28
7628449286069521710,高启强,2026-05-11T09:53:16.782455,1744270284337160,1,False,10,14,29,33
7628498249464188201,满级吃商通关赛,2026-05-11T09:53:36.193469,7615617987986327615,1,False,0,8,18,26
7628498249464188201,法国蜗牛,2026-05-11T09:53:36.193469,1627515553349646,1,False,12,17,30,35
7628498249464188201,涨知识,2026-05-11T09:53:36.193469,1767586848635912,1,False,18,22,36,40
7628498249464188201,美食科普,2026-05-11T09:53:36.193469,1650965607644174,1,False,23,28,41,46
7628519585913769231,许家印,2026-05-11T09:53:56.604723,1590746909116420,1,False,0,4,17,21
7628519585913769231,商业人物故事,2026-05-11T09:53:56.604723,1667104515692552,1,False,5,12,22,29
7628519585913769231,抖音精选,2026-05-11T09:53:56.604723,1568943621383170,1,False,13,18,30,35
7628519585913769231,深度解析,2026-05-11T09:53:56.604723,1625271134396427,1,False,19,24,36,41
7628519585913769231,科普,2026-05-11T09:53:56.604723,1582741603218446,1,False,25,28,42,45
7628524892175009893,万物可爱计划,2026-05-11T09:54:21.538869,7362828232397162522,1,False,0,7,12,19
7628524892175009893,给春日养宠支个招,2026-05-11T09:54:21.538869,7611048370446010387,1,False,7,16,19,28
7628524892175009893,日常逗狗,2026-05-11T09:54:21.538869,1589373861658632,1,False,16,21,28,33
7628524892175009893,小奶狗,2026-05-11T09:54:21.538869,1571236941756417,1,False,21,25,33,37
7628524892175009893,狗狗的心思都写在脸上了,2026-05-11T09:54:21.538869,1753722959699983,1,False,25,37,37,49
7628536311300902179,罗威纳黑豹,2026-05-11T09:54:55.056626,1664589031333902,1,False,0,6,23,29
7628536311300902179,马犬,2026-05-11T09:54:55.056626,1568840755171329,1,False,7,10,30,33
7628536311300902179,豫西小丁,2026-05-11T09:54:55.056626,1680426360860687,1,False,11,16,34,39
7628536311300902179,青年创作者扶持计划,2026-05-11T09:54:55.056626,7519802101346617407,1,False,17,27,40,50
7628536311300902179,热点,2026-05-11T09:54:55.056626,1589032799848451,1,False,28,31,51,54
7628536809533869366,满级吃商通关赛,2026-05-11T09:54:59.550475,7615617987986327615,1,False,0,8,23,31
7628536809533869366,牛肉火锅,2026-05-11T09:54:59.550475,1576973784828942,1,False,11,16,34,39
7628536809533869366,广东潮汕美食,2026-05-11T09:54:59.550475,1653819347094541,1,False,18,25,41,48
7628536809533869366,地方特色美食,2026-05-11T09:54:59.550475,1588619068210180,1,False,27,34,50,57
7628536809533869366,舌尖上的美食,2026-05-11T09:54:59.550475,1568521550171138,1,False,36,43,59,66
7628540671300750634,维护国家安全人人都是主角,2026-05-11T09:55:11.193181,7628540532683180066,1,False,0,13,12,25
7628540671300750634,12339,2026-05-11T09:55:11.193181,1631575491782669,1,False,15,21,27,33
7628540671300750634,陈翔六点半,2026-05-11T09:55:11.193181,1585033776113694,1,False,22,28,34,40
7628550109457812786,九重紫,2026-05-11T09:55:37.687305,1676642086516743,1,False,0,4,22,26
7628557476409472625,户外美食,2026-05-11T09:56:17.709718,1595972209187844,1,False,47,52,47,52
7628557476409472625,露营,2026-05-11T09:56:17.709718,1580532647418893,1,False,53,56,53,56
7628557476409472625,沙尘暴,2026-05-11T09:56:17.709718,1574615707367437,1,False,57,61,57,61
7628557476409472625,治愈,2026-05-11T09:56:17.709718,1767586234303502,1,False,62,65,62,65
7628557476409472625,床车生活,2026-05-11T09:56:17.709718,1622695721791512,1,False,66,71,66,71
7628562006836137251,经典港片,2026-05-11T09:56:40.819897,1594114740998151,1,False,0,5,28,33
7628562006836137251,李连杰,2026-05-11T09:56:40.819897,1579167650659342,1,False,6,10,34,38
7628562006836137251,动作电影,2026-05-11T09:56:40.819897,1598970232075287,1,False,11,16,39,44
7628562006836137251,霍元甲,2026-05-11T09:56:40.819897,1566928670589953,1,False,17,21,45,49
7628562006836137251,青年创作者成长计划,2026-05-11T09:56:40.819897,7529832653680281615,1,False,22,32,50,60
7628563304751416730,越野,2026-05-11T09:56:43.259407,1566010205464578,1,False,7,10,7,10
7628563304751416730,摩托车,2026-05-11T09:56:43.259407,1564074336077826,1,False,11,15,11,15
7628563304751416730,摩托,2026-05-11T09:56:43.259407,1564183660753921,1,False,16,19,16,19
7628563304751416730,极限运动,2026-05-11T09:56:43.259407,1565011011169281,1,False,20,25,20,25
7628566495445929254,顺德美食,2026-05-11T09:56:49.188347,1767586704510024,1,False,0,5,30,35
7628566495445929254,鱼片,2026-05-11T09:56:49.188347,1630927814299660,1,False,6,9,36,39
7628566495445929254,鱼片粥,2026-05-11T09:56:49.188347,1622927055561735,1,False,10,14,40,44
7628566495445929254,青年创作者成长计划,2026-05-11T09:56:49.188347,7529832653680281615,1,False,15,25,45,55
7628574395027557686,恒大,2026-05-11T09:56:59.559547,1583127999367182,1,False,0,3,24,27
7628574395027557686,许家印,2026-05-11T09:56:59.559547,1590746909116420,1,False,4,8,28,32
7628574395027557686,房地产,2026-05-11T09:56:59.559547,1585929326261278,1,False,9,13,33,37
7628574395027557686,恒大地产,2026-05-11T09:56:59.559547,1631306869606404,1,False,14,19,38,43
7628574395027557686,酷温财经,2026-05-11T09:56:59.559547,7460539967945574437,1,False,20,25,44,49
7628587004670711686,nasa,2026-05-11T09:57:07.919130,1600983398029335,1,False,124,129,124,129
7628587004670711686,阿尔忒弥斯,2026-05-11T09:57:07.919130,1638031918698504,1,False,130,136,130,136
7628587004670711686,月球背面,2026-05-11T09:57:07.919130,1608974824692744,1,False,137,142,137,142
7628587004670711686,载人登月,2026-05-11T09:57:07.919130,1617824182973444,1,False,143,148,143,148
7628587004670711686,科普,2026-05-11T09:57:07.919130,1582741603218446,1,False,149,152,149,152
7628589758503079174,历史,2026-05-11T09:57:14.259453,1597973993212931,1,False,0,3,17,20
7628589758503079174,历史人物,2026-05-11T09:57:14.259453,1573155849265165,1,False,4,9,21,26
7628589758503079174,二战,2026-05-11T09:57:14.259453,1611770588786692,1,False,10,13,27,30
7628589758503079174,冷战,2026-05-11T09:57:14.259453,1571078914528258,1,False,14,17,31,34
7628594362502368539,人工智能,2026-05-11T09:57:23.783754,1576073697445901,1,False,0,5,29,34
7628594362502368539,大模型,2026-05-11T09:57:23.783754,1643459988429832,1,False,6,10,35,39
7628594362502368539,AI大模型,2026-05-11T09:57:23.783754,1747263253066755,1,False,11,17,40,46
7628594362502368539,CNN,2026-05-11T09:57:23.783754,1610011138229256,1,False,18,22,47,51
7628594362502368539,Transformer,2026-05-11T09:57:23.783754,1595562728525828,1,False,23,35,52,64
7628595595037458427,三角洲行动,2026-05-11T09:57:30.605400,1772634867886087,1,True,12,18,18,24
7628595595037458427,三角洲,2026-05-11T09:57:30.605400,1599329283826692,1,False,19,23,25,29
7628595595037458427,射击游戏,2026-05-11T09:57:30.605400,1584875421801486,1,False,24,29,30,35
7628602096148925696,历史人物,2026-05-11T09:57:44.405266,1573155849265165,1,False,24,29,37,42
7628602096148925696,朱瞻基,2026-05-11T09:57:44.405266,1608966992361476,1,False,30,34,43,47
7628602096148925696,明朝历史,2026-05-11T09:57:44.405266,1609487693888515,1,False,35,40,48,53
7628602096148925696,仁宣之治,2026-05-11T09:57:44.405266,1646288528381963,1,False,41,46,54,59
7628602096148925696,大明风华,2026-05-11T09:57:44.405266,1634751007282179,1,False,47,52,60,65
7628603267518169722,化妆分享,2026-05-11T09:57:48.633107,1589615387317262,1,False,15,20,15,20
7628603267518169722,大学生化妆vlog,2026-05-11T09:57:48.633107,1752187132678147,1,False,21,31,21,31
7628603267518169722,化妆前化妆后,2026-05-11T09:57:48.633107,7520900285116467252,1,False,32,39,32,39
7628615351278758388,毛娘,2026-05-11T09:57:55.319762,1657037608495117,1,False,11,14,11,14
7628615351278758388,bjd,2026-05-11T09:57:55.319762,1563478805992450,1,False,15,19,15,19
7628615351278758388,审美,2026-05-11T09:57:55.319762,1594635455700995,1,False,20,23,20,23
7628615351278758388,颜值,2026-05-11T09:57:55.319762,1571802300386305,1,False,24,27,24,27
7628615351278758388,万万没想到,2026-05-11T09:57:55.319762,1568542463306753,1,False,28,34,28,34
7628619916345707812,电影解说,2026-05-11T09:58:03.220841,1593455819938819,1,False,41,46,41,46
7628619916345707812,影视解说,2026-05-11T09:58:03.220841,7419051162252347433,1,False,47,52,47,52
7628619916345707812,了不起的精讲团,2026-05-11T09:58:03.220841,7519800545998014515,1,False,53,61,53,61
7628619916345707812,犯罪悬疑,2026-05-11T09:58:03.220841,1678322646924365,1,False,62,67,62,67
7628623725050465577,艾尔登法环,2026-05-11T09:58:30.253923,1702244656169987,1,False,0,6,19,25
7628623725050465577,锐评,2026-05-11T09:58:30.253923,1633429593781251,1,False,7,10,26,29
7628627245032164648,一口气看完系列,2026-05-11T09:58:39.708617,1657496491581444,1,False,38,46,38,46
7628627245032164648,恐怖片,2026-05-11T09:58:39.708617,1564209706450945,1,False,47,51,47,51
7628627245032164648,睡前故事,2026-05-11T09:58:39.708617,1767586852345869,1,False,52,57,52,57
7628627245032164648,抖音精选,2026-05-11T09:58:39.708617,1568943621383170,1,False,58,63,58,63
7628628390169414921,犯罪,2026-05-11T09:58:42.811408,7370938084919920666,1,False,18,21,18,21
7628628390169414921,悬疑,2026-05-11T09:58:42.811408,1577707248705566,1,False,22,25,22,25
7628630602241150208,地狱客栈,2026-05-11T09:58:50.353789,1627544796832772,1,False,0,5,26,31
7628630602241150208,路西法,2026-05-11T09:58:50.353789,1590184127612941,1,False,6,10,32,36
7628630602241150208,亚当,2026-05-11T09:58:50.353789,1590908756967432,1,False,11,14,37,40
7628630602241150208,充能计划,2026-05-11T09:58:50.353789,1655868948754440,1,False,15,20,41,46
7628630602241150208,大天使,2026-05-11T09:58:50.353789,1602900081380359,1,False,21,25,47,51
7628632649053031699,平板支撑,2026-05-11T09:58:57.214324,1573179535884318,1,False,0,5,17,22
7628632649053031699,徒手健身,2026-05-11T09:58:57.214324,1575955859575822,1,False,6,11,23,28
7628632649053031699,薄肌,2026-05-11T09:58:57.214324,1653441552213003,1,False,12,15,29,32
7628632649053031699,家庭健身,2026-05-11T09:58:57.214324,1583904358212622,1,False,16,21,33,38
7628632649053031699,核心肌群,2026-05-11T09:58:57.214324,1612104264188932,1,False,22,27,39,44
7628651805638921481,犯罪,2026-05-11T09:59:22.060026,7370938084919920666,1,False,0,3,16,19
7628651805638921481,悬疑,2026-05-11T09:59:22.060026,1577707248705566,1,False,4,7,20,23
7628682972862489786,河南,2026-05-11T09:59:28.611359,1573440268653582,1,False,43,46,54,57
7628682972862489786,许昌,2026-05-11T09:59:28.611359,1592649245809678,1,False,47,50,58,61
7628682972862489786,美食,2026-05-11T09:59:28.611359,1767586897793101,1,False,51,54,62,65
7628682972862489786,文旅,2026-05-11T09:59:28.611359,1607096707131399,1,False,55,58,66,69
7628682972862489786,人间烟火,2026-05-11T09:59:28.611359,1592198715425805,1,False,59,64,70,75
7628708323050753330,必有一战,2026-05-11T09:59:34.578201,1678171793960967,1,False,160,165,179,184
7628708323050753330,小米YU7,2026-05-11T09:59:34.578201,7369087550729750578,1,False,167,173,186,192
7628708323050753330,理想i6,2026-05-11T09:59:34.578201,7356841512958691368,1,False,175,180,194,199
7628770342903281526,国漫,2026-05-11T09:59:43.786826,1582836871562317,1,False,26,29,26,29
7628770342903281526,ai动漫,2026-05-11T09:59:43.786826,1684216673933320,1,False,30,35,30,35
7628770342903281526,原创动画,2026-05-11T09:59:43.786826,1590529075305486,1,False,36,41,36,41
7628786751019961610,2014世界杯,2026-05-11T10:00:06.630862,1603245159775240,1,False,23,31,23,31
7628786751019961610,德国队,2026-05-11T10:00:06.630862,1593848683941891,1,False,32,36,32,36
7628786751019961610,2026美加墨世界杯,2026-05-11T10:00:06.630862,1723580456364039,1,False,37,48,37,48
7628786751019961610,足球的魅力,2026-05-11T10:00:06.630862,1594588083881992,1,False,49,55,49,55
7628788153947524352,抖音二创激励计划,2026-05-11T10:00:09.394684,1742735565596739,1,False,0,9,29,38
7628788153947524352,我的观影报告,2026-05-11T10:00:09.394684,1640007327696910,1,False,10,17,39,46
7628848161309691188,汽车知识,2026-05-11T10:00:18.826619,1767586849930254,1,False,45,50,68,73
7628848161309691188,汽车知识分享,2026-05-11T10:00:18.826619,1617703520549896,1,False,51,58,74,81
7628848161309691188,发动机,2026-05-11T10:00:18.826619,1564465883468801,1,False,59,63,82,86
7628848161309691188,日系车,2026-05-11T10:00:18.826619,1596890851651598,1,False,64,68,87,91
7628848161309691188,青年创作者成长计划,2026-05-11T10:00:18.826619,7529832653680281615,1,False,69,79,92,102
7628852604046808753,上热门,2026-05-11T10:00:24.876950,1767587361772552,1,False,0,4,5,9
7628852604046808753,萌宠出道计划,2026-05-11T10:00:24.876950,1674607865397325,1,False,5,12,10,17
7628852604046808753,狗狗,2026-05-11T10:00:24.876950,1557785697053697,1,False,13,16,18,21
7628852604046808753,金毛,2026-05-11T10:00:24.876950,1767586908215389,1,False,17,20,22,25
7628852604046808753,狗狗吃饭,2026-05-11T10:00:24.876950,1579707982281742,1,False,21,26,26,31
7628853354383766395,麻辣牛蹄,2026-05-11T10:00:31.009639,1652341346977805,1,False,3,8,3,8
7628853354383766395,抖音美食,2026-05-11T10:00:31.009639,1567504523721730,1,False,9,14,9,14
7628853354383766395,抖音美食推荐官,2026-05-11T10:00:31.009639,1664545089292301,1,False,15,23,15,23
7628869046608063827,家的味道,2026-05-11T10:00:55.877103,1571082608558082,1,False,15,20,15,20
7628869046608063827,vlog十亿流量扶持计划,2026-05-11T10:00:55.877103,1631751653335043,1,False,21,34,21,34
7628869046608063827,未成年人禁止饮酒,2026-05-11T10:00:55.877103,7565868875360536602,1,False,35,44,35,44
7628869046608063827,农村原创视频,2026-05-11T10:00:55.877103,1646540513302531,1,False,45,52,45,52
7628888661060341007,恐怖游戏,2026-05-11T10:01:35.366163,1767586622634062,1,False,0,5,27,32
7628888661060341007,steam游戏,2026-05-11T10:01:35.366163,1608346897491988,1,False,6,14,33,41
7628890374672551220,宇宙,2026-05-11T10:01:42.226341,1584575841651725,1,False,0,3,10,13
7628890374672551220,TON618,2026-05-11T10:01:42.226341,1645080337365005,1,False,4,11,14,21
7628890374672551220,黑洞,2026-05-11T10:01:42.226341,1571501579261953,1,False,13,16,23,26
7628890750033415458,治愈,2026-05-11T10:01:56.237024,1767586234303502,1,False,0,3,25,28
7628890750033415458,美食,2026-05-11T10:01:56.237024,1767586897793101,1,False,4,7,29,32
7628890750033415458,孤独的美食家,2026-05-11T10:01:56.237024,1583419427120158,1,False,8,15,33,40
7628891112262892681,硬派越野,2026-05-11T10:02:12.803181,1767586787728392,1,False,31,36,31,36
7628891112262892681,瑞虎9,2026-05-11T10:02:12.803181,1628598167711756,1,False,37,41,37,41
7628891112262892681,路虎发现5,2026-05-11T10:02:12.803181,1607755397720077,1,False,42,48,42,48
7628891112262892681,每天一个用车知识,2026-05-11T10:02:12.803181,1614188455727117,1,False,49,58,49,58
7628891915664117055,广西,2026-05-11T10:02:21.827949,1582476165502990,1,False,160,163,187,190
7628891915664117055,三月三,2026-05-11T10:02:21.827949,1579563814939662,1,False,164,168,191,195
7628891915664117055,摄影,2026-05-11T10:02:21.827949,1767586156629000,1,False,169,172,196,199
7628891915664117055,每一帧都是热爱,2026-05-11T10:02:21.827949,1644033553605646,1,False,173,181,200,208
7628893782666216805,带着狗狗去旅行,2026-05-11T10:02:44.656231,1590630979703815,1,False,26,34,26,34
7628893782666216805,vlog十亿流量扶持计划,2026-05-11T10:02:44.656231,1631751653335043,1,False,35,48,35,48
7628893782666216805,狗狗的日常,2026-05-11T10:02:44.656231,1767586708036621,1,False,49,55,49,55
7628893782666216805,小狗的爱是永远的,2026-05-11T10:02:44.656231,1759147669140492,1,False,56,65,56,65
7628898034973150483,AI,2026-05-11T10:02:52.632446,1582049556616206,1,False,49,52,55,58
7628898034973150483,即梦,2026-05-11T10:02:52.632446,1786076106106947,1,False,53,56,59,62
7628898034973150483,AIGC,2026-05-11T10:02:52.632446,1722895911293971,1,False,57,62,63,68
7628898034973150483,AI视频,2026-05-11T10:02:52.632446,1617402745256973,1,False,63,68,69,74
7628898034973150483,新手必看AI,2026-05-11T10:02:52.632446,7582234800853878810,1,False,69,76,75,82
7628899504523476042,老面小笼包,2026-05-11T10:03:00.086932,1631604908572686,1,False,9,15,9,15
7628899504523476042,包包子手法,2026-05-11T10:03:00.086932,1633308620945411,1,False,16,22,16,22
7628899504523476042,捏包子手法教程,2026-05-11T10:03:00.086932,1742760522615837,1,False,23,31,23,31
7628899504523476042,面食,2026-05-11T10:03:00.086932,1577946115314702,1,False,32,35,32,35
7628899504523476042,小笼包,2026-05-11T10:03:00.086932,1582866537043038,1,False,36,40,36,40
7628902971924843782,寻尝姐妹美食,2026-05-11T10:03:05.198538,1687405780812803,1,False,0,7,20,27
7628902971924843782,心动打卡指南,2026-05-11T10:03:05.198538,7412941315874228274,1,False,8,15,28,35
7628902971924843782,遇见城市,2026-05-11T10:03:05.198538,1664863337556999,1,False,16,21,36,41
7628905973683473707,亚马尔,2026-05-11T10:03:08.721401,1720893307829256,1,False,0,4,10,14
7628905973683473707,巴萨,2026-05-11T10:03:08.721401,1581605731741725,1,False,5,8,15,18
7628905973683473707,巴萨vs马竞,2026-05-11T10:03:08.721401,1630119309643788,1,False,9,16,19,26
7628905973683473707,足球,2026-05-11T10:03:08.721401,1767586889749575,1,False,17,20,27,30
7628905973683473707,欧冠,2026-05-11T10:03:08.721401,1580070240994382,1,True,21,24,31,34
7628909223543459087,动物世界,2026-05-11T10:03:12.088566,1563220812237825,1,False,0,5,31,36
7628909223543459087,犀牛,2026-05-11T10:03:12.088566,1597476061044740,1,False,6,9,37,40
7628909223543459087,神奇动物在抖音,2026-05-11T10:03:12.088566,1615585797143560,1,True,10,18,41,49
7628909223543459087,野生动物零距离,2026-05-11T10:03:12.088566,1594167873378317,1,False,19,27,50,58
7628910813935389992,星野露比,2026-05-11T10:03:19.350937,1715680649627662,1,False,0,5,19,24
7628910813935389992,动漫编年史,2026-05-11T10:03:19.350937,1754442585463815,1,False,7,13,26,32
7628910813935389992,青年创作者成长计划,2026-05-11T10:03:19.350937,7529832653680281615,1,False,14,24,33,43
7628910813935389992,100个动漫人物志,2026-05-11T10:03:19.350937,7551795600816080939,1,False,25,35,44,54
7628910813935389992,动漫解说,2026-05-11T10:03:19.350937,1611295887654920,1,False,36,41,55,60
7628913485887311144,动漫,2026-05-11T10:03:22.197475,1562324094309378,1,False,0,3,21,24
7628913485887311144,动漫推荐,2026-05-11T10:03:22.197475,1587194314661901,1,False,4,9,25,30
7628913485887311144,动漫解说,2026-05-11T10:03:22.197475,1611295887654920,1,False,10,15,31,36
7628913485887311144,二次元,2026-05-11T10:03:22.197475,1549679016708097,1,False,16,20,37,41
7628913485887311144,我在抖音看动漫,2026-05-11T10:03:22.197475,1638671939469324,1,False,21,29,42,50
7628919503853718822,科普,2026-05-11T10:03:31.926880,1582741603218446,1,False,0,3,13,16
7628919503853718822,医学科普,2026-05-11T10:03:31.926880,1627453632599052,1,False,4,9,17,22
7628919503853718822,配音,2026-05-11T10:03:31.926880,1566159894075394,1,False,10,13,23,26
7628919503853718822,校园生活,2026-05-11T10:03:31.926880,1555596444813329,1,False,14,19,27,32
7628919503853718822,医学生,2026-05-11T10:03:31.926880,1653529519783944,1,False,20,24,33,37
7628920159272471842,单机游戏,2026-05-11T10:03:36.889363,1580346658018318,1,False,0,5,19,24
7628920159272471842,挑战,2026-05-11T10:03:36.889363,1553929685826562,1,False,6,9,25,28
7628920159272471842,我的世界,2026-05-11T10:03:36.889363,1565910651251713,1,False,10,15,29,34
7628920159272471842,法律,2026-05-11T10:03:36.889363,1596741704773636,1,False,16,19,35,38
7628923819662550714,05,2026-05-11T10:03:44.954753,1585737730383950,1,False,20,23,20,23
7628923819662550714,在校大学生日常vlog,2026-05-11T10:03:44.954753,1682788686087176,1,False,24,36,24,36
7628923819662550714,抖音十亿流量扶持,2026-05-11T10:03:44.954753,1661308084934670,1,False,37,46,37,46
7628924803579251987,justinbieber,2026-05-11T10:03:49.392243,1584827319800846,1,False,42,55,42,55
7628924803579251987,欧美音乐,2026-05-11T10:03:49.392243,1548246494982145,1,False,56,61,56,61
7628924803579251987,娱乐,2026-05-11T10:03:49.392243,7419044653233604627,1,False,62,65,62,65
7628924803579251987,贾斯汀比伯,2026-05-11T10:03:49.392243,1562847247126529,1,False,66,72,66,72
7628924803579251987,科切拉,2026-05-11T10:03:49.392243,1657883343299588,1,False,73,77,73,77
7628925159176457472,食物,2026-05-11T10:04:00.053372,1560936680690689,1,False,0,3,27,30
7628925159176457472,芬兰,2026-05-11T10:04:00.053372,1584973665619982,1,False,4,7,31,34
7628925159176457472,美食,2026-05-11T10:04:00.053372,1554036363744257,1,False,8,11,35,38
7628925159176457472,知识,2026-05-11T10:04:00.053372,1599643530364942,1,False,12,15,39,42
7628925159176457472,满级吃商通关赛,2026-05-11T10:04:00.053372,7615617987986327615,1,False,16,24,43,51
7628928816102001947,工作vlog,2026-05-11T10:04:08.143653,1610364882236430,1,False,0,7,15,22
7628928816102001947,随拍,2026-05-11T10:04:08.143653,1565837102636033,1,False,8,11,23,26
7628928816102001947,女主女配,2026-05-11T10:04:08.143653,1667481358597134,1,False,12,17,27,32
7628928816102001947,vlog十亿流量扶持计划,2026-05-11T10:04:08.143653,1631751653335043,1,False,18,31,33,46
7628928849535925939,丑橘,2026-05-11T10:04:22.209939,1587466484622350,1,False,0,3,7,10
7628928849535925939,哈基米,2026-05-11T10:04:22.209939,1661052176729096,1,False,4,8,11,15
7628928849535925939,萌宠出道计划,2026-05-11T10:04:22.209939,1674607865397325,1,False,9,16,16,23
7628928849535925939,万物可爱计划,2026-05-11T10:04:22.209939,7362828232397162522,1,False,17,24,24,31
7628931577795333419,僵尸先生,2026-05-11T10:04:37.549050,1569236805165121,1,False,0,5,24,29
7628931577795333419,林正英,2026-05-11T10:04:37.549050,1767586729070663,1,False,6,10,30,34
7628931577795333419,英叔,2026-05-11T10:04:37.549050,1590652136731651,1,False,11,14,35,38
7628931577795333419,港式灵幻片,2026-05-11T10:04:37.549050,7549186374160386094,1,False,15,21,39,45
7628936109376781413,旅行记录,2026-05-11T10:04:51.606195,1592422890549261,1,False,0,5,17,22
7628936109376781413,人生旅记,2026-05-11T10:04:51.606195,1638820448462852,1,False,6,11,23,28
7628937324558093568,新能源汽车知识,2026-05-11T10:04:56.000341,1623603954322436,1,False,23,31,23,31
7628937324558093568,新能源汽车,2026-05-11T10:04:56.000341,1600076256429059,1,False,32,38,32,38
7628937324558093568,油车和电车,2026-05-11T10:04:56.000341,1714317622110280,1,False,39,45,39,45
7628938371997486378,八大行星,2026-05-11T10:05:04.593727,1582379027297310,1,False,41,46,58,63
7628938371997486378,太阳系,2026-05-11T10:05:04.593727,1593165193997332,1,False,47,51,64,68
7628938371997486378,宇宙,2026-05-11T10:05:04.593727,1584575841651725,1,False,52,55,69,72
7628938371997486378,科普,2026-05-11T10:05:04.593727,1582741603218446,1,False,56,59,73,76
7628938371997486378,探索,2026-05-11T10:05:04.593727,1579219090440205,1,False,60,63,77,80
7628943410950425890,奔驰GLC,2026-05-11T10:05:17.036524,1633772926428172,1,False,34,40,48,54
7628943410950425890,青年创作者成长计划,2026-05-11T10:05:17.036524,7529832653680281615,1,False,41,51,55,65
7628943410950425890,汽车共创人计划,2026-05-11T10:05:17.036524,1684893401522179,1,False,52,60,66,74
7628946780247428378,斩神,2026-05-11T10:05:25.998661,7419051298684667923,1,False,0,3,20,23
7628946780247428378,安卿鱼,2026-05-11T10:05:25.998661,1723102318130180,1,False,4,8,24,28
7628946780247428378,拽哥,2026-05-11T10:05:25.998661,1607327941926925,1,False,9,12,29,32
7628946780247428378,我在抖音看动漫,2026-05-11T10:05:25.998661,1638671939469324,1,False,13,21,33,41
7628946780247428378,充能计划,2026-05-11T10:05:25.998661,1655868948754440,1,False,22,27,42,47
7628949084610645275,贾斯汀比伯,2026-05-11T10:05:30.768512,1562847247126529,1,False,0,6,23,29
7628949084610645275,欧美,2026-05-11T10:05:30.768512,1553051327652865,1,False,7,10,30,33
7628949084610645275,科切拉,2026-05-11T10:05:30.768512,1657883343299588,1,False,11,15,34,38
7628949084610645275,抖音精选,2026-05-11T10:05:30.768512,1568943621383170,1,False,16,21,39,44
7628949084610645275,baby,2026-05-11T10:05:30.768512,1553485315588097,1,False,22,27,45,50
7628953684101106985,动物世界,2026-05-11T10:05:41.578992,1563220812237825,1,False,0,5,17,22
7628953684101106985,动物独白,2026-05-11T10:05:41.578992,1612221911582734,1,False,6,11,23,28
7628953684101106985,动物世界纪录片,2026-05-11T10:05:41.578992,1701799063286788,1,False,12,20,29,37
7628953684101106985,动物纪录片,2026-05-11T10:05:41.578992,1668712690386951,1,False,21,27,38,44
7628953684101106985,美西螈,2026-05-11T10:05:41.578992,1628984868019208,1,False,28,32,45,49
7628959504528379171,房车旅行,2026-05-11T10:05:46.971794,1590541836403719,1,False,0,5,17,22
7628959504528379171,一人一车自驾游,2026-05-11T10:05:46.971794,1635747515437060,1,False,6,14,23,31
7628959504528379171,房车生活vlog,2026-05-11T10:05:46.971794,1714729937441806,1,False,15,24,32,41
7628959504528379171,暴雨,2026-05-11T10:05:46.971794,1571437929212929,1,False,25,28,42,45
7628964444684422442,科切拉,2026-05-11T10:05:54.418087,1657883343299588,1,False,24,28,24,28
7628964444684422442,贾斯汀比伯,2026-05-11T10:05:54.418087,1562847247126529,1,False,29,35,29,35
7628964444684422442,baby,2026-05-11T10:05:54.418087,1553485315588097,1,False,36,41,36,41
7628965450096872713,抖音精选,2026-05-11T10:06:01.116099,1568943621383170,1,False,0,5,25,30
7628965450096872713,贾斯汀比伯,2026-05-11T10:06:01.116099,1562847247126529,1,False,6,12,31,37
7628965450096872713,justinbieber,2026-05-11T10:06:01.116099,1584827319800846,1,False,13,26,38,51
7628965450096872713,科切拉,2026-05-11T10:06:01.116099,1657883343299588,1,False,27,31,52,56
7628965450096872713,baby,2026-05-11T10:06:01.116099,1553485315588097,1,False,32,37,57,62
7628967646020586795,电影解说,2026-05-11T10:06:20.618791,1593455819938819,1,False,0,5,20,25
7628967646020586795,恐怖片,2026-05-11T10:06:20.618791,1564209706450945,1,False,6,10,26,30
7628967646020586795,恐怖电影解说,2026-05-11T10:06:20.618791,1672200161264648,1,False,11,18,31,38
7628967646020586795,抖音午夜放映厅,2026-05-11T10:06:20.618791,7477909410770061346,1,False,19,27,39,47
7628967646020586795,青年创作者成长计划,2026-05-11T10:06:20.618791,7529832653680281615,1,False,28,38,48,58
7628971001287544106,音乐推荐,2026-05-11T10:06:26.907913,1587560888730638,1,False,0,5,31,36
7628971001287544106,音乐合集,2026-05-11T10:06:26.907913,1590752817677320,1,False,7,12,38,43
7628971001287544106,EMO歌曲,2026-05-11T10:06:26.907913,1693316286946315,1,False,14,20,45,51
7628971001287544106,热门音乐,2026-05-11T10:06:26.907913,1563226140259329,1,False,22,27,53,58
7628971001287544106,抖音精选,2026-05-11T10:06:26.907913,1568943621383170,1,False,29,34,60,65
7628971404293425009,新手化妆教程,2026-05-11T10:06:34.101518,1627679198120972,1,False,24,31,24,31
7628971404293425009,跟着美妆博主学化妆,2026-05-11T10:06:34.101518,1662473111761934,1,False,32,42,32,42
7628971404293425009,无效化妆vs有效化妆,2026-05-11T10:06:34.101518,1691590827126791,1,False,43,54,43,54
7628971404293425009,改妆小技巧,2026-05-11T10:06:34.101518,1646656333819917,1,False,55,61,55,61
7628971404293425009,美妆模范生,2026-05-11T10:06:34.101518,7385092237460015154,1,False,62,68,62,68
7628977521089894329,ai创作浪潮计划,2026-05-11T10:06:47.930008,7550926685631744000,1,False,54,63,54,63
7628977521089894329,ai新星计划,2026-05-11T10:06:47.930008,7488964312359241778,1,False,64,71,64,71
7628981840996617482,人物故事,2026-05-11T10:06:53.014219,1632687103716355,1,False,36,41,36,41
7628981840996617482,华语乐坛,2026-05-11T10:06:53.014219,1600531102146564,1,False,42,47,42,47
7628981840996617482,经典老歌,2026-05-11T10:06:53.014219,1576528106192974,1,False,48,53,48,53
7628985317609065762,F1,2026-05-11T10:06:57.718783,1566487067665409,1,False,0,3,20,23
7628985317609065762,维斯塔潘,2026-05-11T10:06:57.718783,1614131758453789,1,True,4,9,24,29
7628985317609065762,奥康,2026-05-11T10:06:57.718783,1616079773389832,1,False,10,13,30,33
7629023888940562505,社死尴尬瞬间,2026-05-11T10:08:01.778575,1713936892558407,1,False,0,7,0,7
7629023888940562505,社死名场面,2026-05-11T10:08:01.778575,1691451117584392,1,False,8,14,8,14
7629023888940562505,爆笑名场面,2026-05-11T10:08:01.778575,1623269978800142,1,False,15,21,15,21
7629023888940562505,爆笑,2026-05-11T10:08:01.778575,1569266004105217,1,False,22,25,22,25
7629079501259033883,美食vlog,2026-05-11T10:08:08.526456,,,,,,,
7629079501259033883,苍蝇馆子,2026-05-11T10:08:08.526456,,,,,,,
7629079501259033883,寻味烟火气,2026-05-11T10:08:08.526456,,,,,,,
7629079501259033883,河南美食,2026-05-11T10:08:08.526456,,,,,,,
7629079501259033883,烩面,2026-05-11T10:08:08.526456,,,,,,,
7629126688081498609,365天打卡挑战,2026-05-11T10:08:16.401746,1742662727114756,1,False,5,14,5,14
7629126688081498609,5分钟视频,2026-05-11T10:08:16.401746,1633603771405326,1,False,15,21,15,21
7629126688081498609,5分钟倒计时,2026-05-11T10:08:16.401746,1663329591674883,1,False,22,29,22,29
7629126688081498609,怀旧金曲,2026-05-11T10:08:16.401746,1580860887973966,1,False,30,35,30,35
7629149319744081192,中华田园猫,2026-05-11T10:08:28.549983,1568565551495169,1,False,0,6,13,19
7629149319744081192,狸花猫,2026-05-11T10:08:28.549983,1577977736597534,1,False,8,12,21,25
7629149319744081192,动物科普,2026-05-11T10:08:28.549983,1597817242020878,1,False,14,19,27,32
7629149319744081192,流浪猫,2026-05-11T10:08:28.549983,1572959399020574,1,False,20,24,33,37
7629190188559879487,青年创作者成长计划,2026-05-11T10:08:40.401246,7529832653680281615,1,False,17,27,48,58
7629197683688869166,追爱时光机,2026-05-11T10:08:43.281207,1654685202340871,1,False,37,43,37,43
7629197683688869166,潘春春,2026-05-11T10:08:43.281207,1604682683780110,1,False,44,48,44,48
7629197683688869166,一剪到底,2026-05-11T10:08:43.281207,1638232430172172,1,False,49,54,49,54
7629197683688869166,影视解说,2026-05-11T10:08:43.281207,7419051162252347433,1,False,55,60,55,60
7629197683688869166,青年创作者计划,2026-05-11T10:08:43.281207,7475216286520182811,1,False,61,69,61,69
7629203137928371577,野外,2026-05-11T10:08:51.917654,1574525704797213,1,False,7,10,7,10
7629203137928371577,户外,2026-05-11T10:08:51.917654,1571073586904066,1,False,11,14,11,14
7629206454704293618,目瑙纵歌,2026-05-11T10:08:55.337543,1567546112896002,1,False,17,22,17,22
7629206454704293618,旅行推荐官,2026-05-11T10:08:55.337543,1666634254425100,1,False,23,29,23,29
7629206454704293618,民族特色民族文化,2026-05-11T10:08:55.337543,1624709693140043,1,False,30,39,30,39
7629206454704293618,民族舞蹈舞出民族特色,2026-05-11T10:08:55.337543,1767586893419534,1,False,40,51,40,51
7629206454704293618,盈江,2026-05-11T10:08:55.337543,1579970957980766,1,False,52,55,52,55
7629220053048692019,祖国人,2026-05-11T10:09:14.420785,1641578443904013,1,False,0,4,22,26
7629220053048692019,黑袍纠察队,2026-05-11T10:09:14.420785,1702177526575192,1,False,5,11,27,33
7629220053048692019,影视解说,2026-05-11T10:09:14.420785,1637605463572493,1,False,12,17,34,39
7629245367539895590,零距离看懂财经,2026-05-11T10:09:47.569661,7548841766619711538,1,False,0,8,26,34
7629245367539895590,许家印,2026-05-11T10:09:47.569661,1590746909116420,1,False,8,12,34,38
7629245367539895590,恒大,2026-05-11T10:09:47.569661,1583127999367182,1,False,13,16,39,42
7629245367539895590,企业家,2026-05-11T10:09:47.569661,1599637501002782,1,False,17,21,43,47
7629245367539895590,富豪生活,2026-05-11T10:09:47.569661,1617103404979207,1,False,22,27,48,53
7629250206832001009,惊吓还是惊喜,2026-05-11T10:10:26.132137,1603071204783112,1,False,15,22,28,35
7629252647173754162,cs2,2026-05-11T10:10:32.990604,1665099884452868,1,False,21,25,35,39
7629252647173754162,csgo,2026-05-11T10:10:32.990604,1566363739858946,1,False,26,31,40,45
7629252647173754162,iem里约,2026-05-11T10:10:32.990604,1733770700193803,1,False,32,38,46,52
7629252647173754162,jee,2026-05-11T10:10:32.990604,1614174632915971,1,False,39,43,53,57
7629252647173754162,cs有搭子才go味,2026-05-11T10:10:32.990604,7618135913280849971,1,False,45,55,59,69
7629253379940794225,外国人看中国,2026-05-11T10:10:36.060158,1628519788958732,1,False,33,40,33,40
7629253379940794225,外国人游中国,2026-05-11T10:10:36.060158,1699109301542915,1,False,41,48,41,48
7629253379940794225,老外在中国,2026-05-11T10:10:36.060158,1592807731944455,1,False,50,56,50,56
7629253379940794225,外国人在中国,2026-05-11T10:10:36.060158,1588946759325709,1,False,58,65,58,65
7629253379940794225,外国人眼中的中国,2026-05-11T10:10:36.060158,1594546137117709,1,False,66,75,66,75
7629255405222667956,柳州美食推荐,2026-05-11T10:10:38.938614,1642000354084876,1,False,27,34,27,34
7629255405222667956,炒石螺,2026-05-11T10:10:38.938614,1602176975493124,1,False,35,39,35,39
7629255405222667956,流量扶持计划,2026-05-11T10:10:38.938614,1661406316384269,1,False,40,47,40,47
7629255405222667956,地方特色美食,2026-05-11T10:10:38.938614,1588619068210180,1,False,48,55,48,55
7629257103873510706,马龙,2026-05-11T10:10:41.444660,1578144376670222,1,False,0,3,17,20
7629257103873510706,张继科,2026-05-11T10:10:41.444660,1574244923316238,1,False,5,9,22,26
7629257103873510706,体育精神,2026-05-11T10:10:41.444660,1767586731829256,1,False,11,16,28,33
7629257103873510706,乒乓球比赛,2026-05-11T10:10:41.444660,1579887378574365,1,False,18,24,35,41
7629257103873510706,国乒,2026-05-11T10:10:41.444660,1585270356465678,1,False,26,29,43,46
7629257393813943227,武汉美食,2026-05-11T10:10:44.390289,1580974954143790,1,False,110,115,110,115
7629257393813943227,武汉美食攻略,2026-05-11T10:10:44.390289,1603517976823821,1,False,116,123,116,123
7629257393813943227,青年创作者成长计划,2026-05-11T10:10:44.390289,7529832653680281615,1,False,124,134,124,134
7629257393813943227,武汉,2026-05-11T10:10:44.390289,1767586333912078,1,False,135,138,135,138
7629257393813943227,武汉美食推荐,2026-05-11T10:10:44.390289,1638555808790540,1,False,139,146,139,146
7629263250559285433,青岛马拉松,2026-05-11T10:10:47.214745,1583190496528398,1,False,4,10,4,10
7629263250559285433,跑步,2026-05-11T10:10:47.214745,1565841806956546,1,False,25,28,25,28
7629263250559285433,马拉松,2026-05-11T10:10:47.214745,1566713077504002,1,False,28,32,28,32
7629267308439429459,许家印认罪,2026-05-11T10:10:50.477112,7628461067613538304,1,False,27,33,27,33
7629267308439429459,许家印,2026-05-11T10:10:50.477112,1590746909116420,1,False,34,38,34,38
7629267308439429459,恒大,2026-05-11T10:10:50.477112,1583127999367182,1,False,39,42,39,42
7629267308439429459,财经,2026-05-11T10:10:50.477112,1629797193636868,1,False,43,46,43,46
7629267308439429459,财经知识,2026-05-11T10:10:50.477112,1622149971700739,1,False,47,52,47,52
7629268749695281009,角雕,2026-05-11T10:10:53.449150,1603498571892744,1,False,8,11,11,14
7629268749695281009,红吼猴,2026-05-11T10:10:53.449150,1664761564305416,1,False,12,16,15,19
7629268749695281009,动物世界,2026-05-11T10:10:53.449150,1563220812237825,1,False,17,22,20,25
7629269106784587059,抖音精选,2026-05-11T10:11:05.324440,1568943621383170,1,False,0,0,25,30
7629269106784587059,了不起的精讲团,2026-05-11T10:11:05.324440,7519800545998014515,1,False,0,0,31,39
7629269106784587059,青年创作者成长计划,2026-05-11T10:11:05.324440,7529832653680281615,1,False,0,0,40,50
7629269106784587059,历史,2026-05-11T10:11:05.324440,1597973993212931,1,False,0,0,55,58
7629274114766818566,原创动画,2026-05-11T10:11:10.884354,1590529075305486,1,False,0,5,14,19
7629274114766818566,二次元,2026-05-11T10:11:10.884354,1549679016708097,1,False,6,10,20,24
7629274114766818566,国漫,2026-05-11T10:11:10.884354,1582836871562317,1,False,11,14,25,28
7629274114766818566,小说,2026-05-11T10:11:10.884354,1581413069105166,1,False,15,18,29,32
7629274114766818566,动漫小说,2026-05-11T10:11:10.884354,1608401827762190,1,False,19,24,33,38
7629282417131539752,和平精英,2026-05-11T10:11:19.747068,1632869330219016,1,True,0,5,12,17
7629282417131539752,和平精英七周年,2026-05-11T10:11:19.747068,1764865293088772,1,True,6,14,18,26
7629282417131539752,和平精英电玩嘉年华,2026-05-11T10:11:19.747068,7621007296348309556,1,False,15,25,27,37
7629282417131539752,和平顶尖男人,2026-05-11T10:11:19.747068,7517368393234647090,1,False,26,33,38,45
7629282417131539752,和平精英击杀秀,2026-05-11T10:11:19.747068,1633053399269387,1,False,34,42,46,54
7629284843255237914,抖音精选,2026-05-11T10:11:24.666827,1568943621383170,1,False,0,5,28,33
7629284843255237914,冬阴功,2026-05-11T10:11:24.666827,1593911315308548,1,False,6,10,34,38
7629284843255237914,泰国美食,2026-05-11T10:11:24.666827,1587493484333085,1,False,11,16,39,44
7629284843255237914,妈呀太香了,2026-05-11T10:11:24.666827,1767587175419917,1,False,17,23,45,51
7629284843255237914,美食推荐,2026-05-11T10:11:24.666827,1767586847042568,1,False,24,29,52,57
7629285588273944933,旅游穿搭,2026-05-11T10:11:31.506239,1595288013626376,1,False,0,5,25,30
7629285588273944933,裙子测评,2026-05-11T10:11:31.506239,1688221552298014,1,False,6,11,31,36
7629285588273944933,新衣试穿,2026-05-11T10:11:31.506239,1614020309760003,1,False,12,17,37,42
7629285588273944933,网红女装测评,2026-05-11T10:11:31.506239,1646715260402702,1,False,18,25,43,50
7629285588273944933,真实测评,2026-05-11T10:11:31.506239,1632509314091015,1,False,26,31,51,56
7629293061494820130,甄嬛传,2026-05-11T10:11:48.093467,1561758457486338,1,False,21,25,41,45
7629293061494820130,影视经典补完计划,2026-05-11T10:11:48.093467,7509046367072585763,1,False,26,35,46,55
7629293061494820130,了不起的精讲团,2026-05-11T10:11:48.093467,7519800545998014515,1,False,36,44,56,64
7629293061494820130,甄嬛传解说,2026-05-11T10:11:48.093467,1668844471067656,1,False,45,51,65,71
7629293061494820130,甄嬛传十级观众,2026-05-11T10:11:48.093467,1709796197715979,1,False,52,60,72,80
7629294666743074086,三国,2026-05-11T10:11:53.739545,1577713096475661,1,False,0,3,25,28
7629294666743074086,三国演义,2026-05-11T10:11:53.739545,1577861637432334,1,False,4,9,29,34
7629294666743074086,历史剧,2026-05-11T10:11:53.739545,1596806364717064,1,False,10,14,35,39
7629294666743074086,四大名著,2026-05-11T10:11:53.739545,1578163917637662,1,False,15,20,40,45
7629294666743074086,关羽,2026-05-11T10:11:53.739545,1581999413285902,1,False,21,24,46,49
7629299849012766437,热播电视剧,2026-05-11T10:12:05.158472,1601034623546376,1,False,0,6,0,6
7629299849012766437,因为一个片段看了整部剧,2026-05-11T10:12:05.158472,7419051913427027980,1,False,7,19,7,19
7629299849012766437,欢乐颂,2026-05-11T10:12:05.158472,1566737690825729,1,False,20,24,20,24
7629302154024661243,随拍,2026-05-11T10:12:14.560270,1565837102636033,1,False,22,25,22,25
7629303605610269952,赵云,2026-05-11T10:12:21.159221,1577068635313246,1,False,142,145,164,167
7629303605610269952,赵子龙,2026-05-11T10:12:21.159221,1580069342891022,1,False,146,150,168,172
7629303605610269952,三国,2026-05-11T10:12:21.159221,1577713096475661,1,False,151,154,173,176
7629303605610269952,常山赵子龙,2026-05-11T10:12:21.159221,1598160228297758,1,False,155,161,177,183
7629303605610269952,三国历史,2026-05-11T10:12:21.159221,1602510145001480,1,False,162,167,184,189
7629309652852837666,德班世乒赛,2026-05-11T10:12:35.370246,1767586465989646,1,False,0,6,31,37
7629309652852837666,国乒,2026-05-11T10:12:35.370246,1585270356465678,1,False,7,10,38,41
7629309652852837666,马龙,2026-05-11T10:12:35.370246,1578144376670222,1,False,11,14,42,45
7629309652852837666,乒乓球,2026-05-11T10:12:35.370246,1767586182114317,1,False,15,19,46,50
7629309652852837666,王楚钦,2026-05-11T10:12:35.370246,1598827327504387,1,False,20,24,51,55
7629315528632421632,道奇,2026-05-11T10:12:41.723483,1589464626258951,1,False,0,3,20,23
7629315528632421632,道奇战斧,2026-05-11T10:12:41.723483,1601522018200584,1,False,4,9,24,29
7629315528632421632,道奇战斧srt,2026-05-11T10:12:41.723483,1735503353448455,1,False,10,18,30,38
7629315528632421632,炸毛斧,2026-05-11T10:12:41.723483,1746471221964803,1,False,19,23,39,43
7629315528632421632,超跑,2026-05-11T10:12:41.723483,1565655142095874,1,False,24,27,44,47
7629322700645952326,太好吃了,2026-05-11T10:13:09.481574,1574361778868254,1,False,49,54,49,54
7629322700645952326,巴中酱肉包,2026-05-11T10:13:09.481574,1662583485721613,1,False,54,60,54,60
7629322700645952326,透油包子,2026-05-11T10:13:09.481574,1737021909862408,1,False,60,65,60,65
7629322700645952326,酱肉小笼包,2026-05-11T10:13:09.481574,1652231479273476,1,False,66,72,66,72
7629322700645952326,小笼包,2026-05-11T10:13:09.481574,1582866537043038,1,False,72,76,72,76
7629325409993581928,动物纪录片,2026-05-11T10:13:12.636719,1668712690386951,1,False,0,6,17,23
7629325409993581928,动物世界,2026-05-11T10:13:12.636719,1563220812237825,1,False,7,12,24,29
7629325409993581928,狮子,2026-05-11T10:13:12.636719,1574716170632205,1,False,13,16,30,33
7629325409993581928,动物情感故事,2026-05-11T10:13:12.636719,1703464337374215,1,False,17,24,34,41
7629325409993581928,动物治愈系,2026-05-11T10:13:12.636719,1637767315694606,1,False,25,31,42,48
7629328071782436122,狂鲨风暴,2026-05-11T10:13:16.137663,7535484537585797135,1,False,0,0,25,30
7629328071782436122,脑洞大开,2026-05-11T10:13:16.137663,1767587048561752,1,False,0,0,39,44
7629328071782436122,抖音电影,2026-05-11T10:13:16.137663,1581943156410381,1,False,0,0,46,51
7629328071782436122,电影解说,2026-05-11T10:13:16.137663,1593455819938819,1,False,0,0,52,57
7629332820577488168,恐怖片,2026-05-11T10:13:30.389726,1564209706450945,1,False,0,4,13,17
7629332820577488168,电影解说,2026-05-11T10:13:30.389726,1593455819938819,1,False,4,9,17,22
7629332820577488168,抖音精选,2026-05-11T10:13:30.389726,1568943621383170,1,False,9,14,22,27
7629332820577488168,青年创作者成长计划,2026-05-11T10:13:30.389726,7529832653680281615,1,False,14,24,27,37
7629347296429215003,顽皮定义世界宠物食品品质标准,2026-05-11T10:13:52.404194,7627458947847899136,1,False,0,15,20,35
7629347296429215003,顽皮猫猫挑战赛,2026-05-11T10:13:52.404194,7602210797091031049,1,False,15,23,35,43
7629347296429215003,第一口粮就选顽皮小金盾,2026-05-11T10:13:52.404194,7629637988317661225,1,True,23,35,43,55
7629355546226838830,生化危机8,2026-05-11T10:14:23.622893,1648077481705479,1,False,0,6,20,26
7629355546226838830,萝丝魅影,2026-05-11T10:14:23.622893,1738793012925451,1,False,7,12,27,32
7629358117553327386,拳击,2026-05-11T10:14:39.808918,1563271944097794,1,False,0,3,31,34
7629358117553327386,泰森,2026-05-11T10:14:39.808918,1586398694681629,1,False,4,7,35,38
7629358117553327386,KO,2026-05-11T10:14:39.808918,1566032353190914,1,False,8,11,39,42
7629358208817106227,无畏契约,2026-05-11T10:14:46.043466,1666206277071965,1,False,31,36,51,56
7629358208817106227,horcus,2026-05-11T10:14:46.043466,1729439314080779,1,False,37,44,57,64
7629358208817106227,尚博勒,2026-05-11T10:14:46.043466,1769662561717248,1,False,45,49,65,69
7629358208817106227,瓦学弟,2026-05-11T10:14:46.043466,7405272363774543912,1,False,50,54,70,74
7629358208817106227,青年创作者成长计划,2026-05-11T10:14:46.043466,7529832653680281615,1,False,55,65,75,85
7629358747367306355,绍兴旅行攻略,2026-05-11T10:14:50.547795,1715505062517779,1,False,0,7,17,24
7629358747367306355,绍兴一日游攻略,2026-05-11T10:14:50.547795,1760678639471619,1,False,8,16,25,33
7629358747367306355,vlog十亿流量扶持计划,2026-05-11T10:14:50.547795,1631751653335043,1,False,17,30,34,47
7629358747367306355,杭州旅行攻略,2026-05-11T10:14:50.547795,1626591864526852,1,False,31,38,48,55
7629358747367306355,绍兴攻略,2026-05-11T10:14:50.547795,1692949911985160,1,False,39,44,56,61
7629359219849973046,神秘,2026-05-11T10:14:57.834997,1576873836254238,1,False,46,49,46,49
7629359219849973046,知识分享,2026-05-11T10:14:57.834997,1767587197766734,1,False,51,56,51,56
7629359219849973046,旅行大玩家,2026-05-11T10:14:57.834997,1608054515739651,1,False,58,64,58,64
7629363975616056616,犯罪,2026-05-11T10:15:04.714158,7370938084919920666,1,False,0,3,15,18
7629363975616056616,悬疑,2026-05-11T10:15:04.714158,1577707248705566,1,False,4,7,19,22
7629371623325355298,美国,2026-05-11T10:15:12.553250,1566529870264322,1,False,0,3,14,17
7629371623325355298,经济,2026-05-11T10:15:12.553250,1596177855012878,1,False,4,7,18,21
7629371623325355298,深度解析,2026-05-11T10:15:12.553250,1625271134396427,1,False,8,13,22,27
7629371623325355298,财经,2026-05-11T10:15:12.553250,1629797193636868,1,False,14,17,28,31
7629371623325355298,零基础看懂全球,2026-05-11T10:15:12.553250,7457372823019849791,1,False,18,26,32,40
7629372907202444980,三峡游轮,2026-05-11T10:15:19.291596,1606015795484836,1,False,0,5,31,36
7629372907202444980,长江三峡,2026-05-11T10:15:19.291596,1583570184538125,1,False,6,11,37,42
7629372907202444980,旅行vlog,2026-05-11T10:15:19.291596,1587740131186798,1,False,12,19,43,50
7629372907202444980,国内旅游,2026-05-11T10:15:19.291596,1614281472261134,1,False,20,25,51,56
7629372907202444980,世纪远航,2026-05-11T10:15:19.291596,1677235124265992,1,False,26,31,57,62
7629378541355830537,旅行大玩家,2026-05-11T10:15:26.828790,1608054515739651,1,False,69,75,69,75
7629378541355830537,旅行vlog,2026-05-11T10:15:26.828790,1587740131186798,1,False,76,83,76,83
7629387571424005386,刘邦,2026-05-11T10:15:30.279318,1586660674833518,1,False,0,3,23,26
7629387571424005386,西汉,2026-05-11T10:15:30.279318,1611392359636995,1,False,4,7,27,30
7629387571424005386,汉高祖,2026-05-11T10:15:30.279318,1596328102865923,1,False,8,12,31,35
7629394226695137638,澳门,2026-05-11T10:15:37.076511,1563010098190338,1,False,0,3,0,3
7629394226695137638,澳门旅游,2026-05-11T10:15:37.076511,1581960575591437,1,False,4,9,4,9
7629394226695137638,澳门那点事儿,2026-05-11T10:15:37.076511,1691320352315400,1,False,10,17,10,17
7629431182454738203,旅游,2026-05-11T10:15:47.805333,1628918765741059,1,False,0,3,26,29
7629431182454738203,美食,2026-05-11T10:15:47.805333,1767586897793101,1,False,4,7,30,33
7629431182454738203,西班牙,2026-05-11T10:15:47.805333,1588353827328004,1,False,8,12,34,38
7629545729861934502,沉浸式,2026-05-11T10:17:06.632729,1609599333049422,1,False,0,4,17,21
7629545729861934502,修假发,2026-05-11T10:17:06.632729,1618835576121348,1,False,5,9,22,26
7629545729861934502,假发修剪,2026-05-11T10:17:06.632729,1636537849261070,1,False,10,15,27,32
7629545729861934502,假发,2026-05-11T10:17:06.632729,1564935806054401,1,False,16,19,33,36
7629557919751445850,女装测评,2026-05-11T10:17:11.657511,1668301376532494,1,False,0,5,14,19
7629557919751445850,服装测评,2026-05-11T10:17:11.657511,1631240468510732,1,False,6,11,20,25
7629557919751445850,网红女装测评,2026-05-11T10:17:11.657511,1646715260402702,1,False,12,19,26,33
7629557919751445850,丑衣服,2026-05-11T10:17:11.657511,1634103302936583,1,False,20,24,34,38
7629557919751445850,五一出游穿搭,2026-05-11T10:17:11.657511,1598785693114375,1,False,25,32,39,46
7629569783092118958,吃辣,2026-05-11T10:17:19.003741,1569430104875073,1,False,21,24,21,24
7629569783092118958,嘴硬,2026-05-11T10:17:19.003741,1595112535548932,1,False,24,27,24,27
7629569783092118958,辣王,2026-05-11T10:17:19.003741,1642213779835908,1,False,27,30,27,30
7629569783092118958,火锅,2026-05-11T10:17:19.003741,1767586728189960,1,False,30,33,30,33
7629589544752418048,音乐mv共创计划,2026-05-11T10:17:36.405189,7626866033709549574,1,False,64,73,86,95
7629595199115215540,徐良,2026-05-11T10:17:43.166474,1578159129828365,1,False,27,30,27,30
7629595199115215540,坏女孩,2026-05-11T10:17:43.166474,1572183941161997,1,False,31,35,31,35
7629595199115215540,萨克斯,2026-05-11T10:17:43.166474,1566072016056322,1,False,36,40,36,40
7629595199115215540,峰源萨克斯,2026-05-11T10:17:43.166474,1712493562614788,1,False,41,47,41,47
7629595199115215540,汽水音乐,2026-05-11T10:17:43.166474,1719180696305664,1,False,48,53,48,53
7629624062813261096,青年创作者成长计划,2026-05-11T10:18:06.212160,7529832653680281615,1,False,34,44,49,59
7629624062813261096,交换世界计划,2026-05-11T10:18:06.212160,1788224080892938,1,False,44,51,59,66
7629624062813261096,超会玩派对,2026-05-11T10:18:06.212160,7505114170086393891,1,False,51,57,66,72
7629624062813261096,未来导演扶持计划,2026-05-11T10:18:06.212160,7566556985903859766,1,False,57,66,72,81
7629624062813261096,武汉,2026-05-11T10:18:06.212160,1767586333912078,1,False,66,69,81,84
7629626844664401152,射手教学,2026-05-11T10:18:11.046614,1630170222586892,1,False,0,5,21,26
7629626844664401152,元射,2026-05-11T10:18:11.046614,7474205669814454335,1,False,6,9,27,30
7629629608652033318,关于肿瘤的那些事儿,2026-05-11T10:18:18.733016,7627010397639297039,1,False,21,31,48,58
7629629608652033318,全国肿瘤防治宣传周,2026-05-11T10:18:18.733016,1630879152912395,1,False,33,43,60,70
7629629608652033318,抖出健康知识宝藏,2026-05-11T10:18:18.733016,7453023475343575078,1,False,45,54,72,81
7629629608652033318,深度科普,2026-05-11T10:18:18.733016,1660419057504263,1,False,56,61,83,88
7629629608652033318,科普,2026-05-11T10:18:18.733016,1582741603218446,1,False,62,65,89,92
7629648597701391217,电美臣,2026-05-11T10:18:26.651382,7505095107738077234,1,False,166,170,197,201
7629648597701391217,长续航,2026-05-11T10:18:26.651382,1658429529582596,1,False,171,175,202,206
7629648597701391217,极核,2026-05-11T10:18:26.651382,1685511823631367,1,False,175,178,206,209
7629658750982294790,美国总统,2026-05-11T10:18:56.568355,1653603660051464,1,False,0,0,29,34
7629658750982294790,亿万富翁,2026-05-11T10:18:56.568355,1593029983686664,1,False,0,0,35,40
7629666699670768902,川西,2026-05-11T10:19:06.934070,1663959563485197,1,False,0,3,11,14
7629666699670768902,硬派越野,2026-05-11T10:19:06.934070,1767586787728392,1,False,4,9,15,20
7629666699670768902,川西自驾,2026-05-11T10:19:06.934070,1607201640303693,1,False,10,15,21,26
7629666699670768902,格聂c线,2026-05-11T10:19:06.934070,1663635661720590,1,False,16,21,27,32
7629669103603598690,小笼包,2026-05-11T10:19:12.398815,1582866537043038,1,False,21,25,52,56
7629669103603598690,小笼包做法,2026-05-11T10:19:12.398815,1663120104633347,1,False,26,32,57,63
7629669103603598690,酱肉小笼包,2026-05-11T10:19:12.398815,1652231479273476,1,False,33,39,64,70
7629669103603598690,美食,2026-05-11T10:19:12.398815,1767586897793101,1,False,40,43,71,74
7629669103603598690,美食教程,2026-05-11T10:19:12.398815,1581688162541582,1,False,44,49,75,80
7629675324778745126,音乐,2026-05-11T10:19:26.911747,7419051577312282660,1,False,0,3,25,28
7629675324778745126,2018年夏天,2026-05-11T10:19:26.911747,1606974381528135,1,False,4,12,29,37
7629675324778745126,热歌热门分享,2026-05-11T10:19:26.911747,1606128066639885,1,False,13,20,38,45
7629675324778745126,年度歌单,2026-05-11T10:19:26.911747,1621521413791758,1,False,21,26,46,51
7629675324778745126,来汽水听宝藏歌单,2026-05-11T10:19:26.911747,7538661121666844706,1,False,27,36,52,61
7629676523431382315,历史,2026-05-11T10:19:34.620535,1597973993212931,1,False,0,0,148,151
7629676523431382315,人文社科,2026-05-11T10:19:34.620535,1659067154494477,1,False,0,0,152,157
7629676523431382315,青年创作者成长计划,2026-05-11T10:19:34.620535,7529832653680281615,1,False,0,0,158,168
7629676523431382315,世界史,2026-05-11T10:19:34.620535,1619699681913934,1,False,0,0,169,173
7629676563658820906,历史,2026-05-11T10:19:42.688169,1597973993212931,1,False,0,3,25,28
7629676563658820906,二战,2026-05-11T10:19:42.688169,1611770588786692,1,False,4,7,29,32
7629676563658820906,人文星闪耀计划,2026-05-11T10:19:42.688169,7377755528166197263,1,False,8,16,33,41
7629680149474069769,大板鲫,2026-05-11T10:19:50.664594,1585403555806286,1,False,0,4,26,30
7629680149474069769,钓友,2026-05-11T10:19:50.664594,1590755368802307,1,False,5,8,31,34
7629680149474069769,钓鱼人,2026-05-11T10:19:50.664594,1575971706049550,1,False,9,13,35,39
7629680149474069769,抖音钓鱼人,2026-05-11T10:19:50.664594,1626973406161928,1,False,14,20,40,46
7629680149474069769,户外钓鱼,2026-05-11T10:19:50.664594,1591890408686606,1,False,21,26,47,52
7629681160717715185,大口吃肉,2026-05-11T10:19:53.641006,1576107798936653,1,False,7,12,7,12
7629681160717715185,解馋又过瘾的美食,2026-05-11T10:19:53.641006,7355111915456038922,1,False,13,22,13,22
7629681160717715185,太好吃了,2026-05-11T10:19:53.641006,1574361778868254,1,False,23,28,23,28
7629689986614299940,音乐推荐,2026-05-11T10:19:56.023731,1587560888730638,1,False,0,5,28,33
7629689986614299940,音乐合集,2026-05-11T10:19:56.023731,1590752817677320,1,False,7,12,35,40
7629689986614299940,薛之谦,2026-05-11T10:19:56.023731,1549617772481537,1,False,14,18,42,46
7629689986614299940,热门音乐,2026-05-11T10:19:56.023731,1563226140259329,1,False,20,25,48,53
7629689986614299940,抖音精选,2026-05-11T10:19:56.023731,1568943621383170,1,False,27,32,55,60
7629690438223547699,关羽,2026-05-11T10:20:02.905511,1581999413285902,1,False,0,3,16,19
7629690438223547699,三国,2026-05-11T10:20:02.905511,1577713096475661,1,False,4,7,20,23
7629690438223547699,武圣,2026-05-11T10:20:02.905511,1606024339087374,1,False,8,11,24,27
7629695024883567922,狂飙,2026-05-11T10:20:16.628223,1594670867351556,1,False,0,3,30,33
7629695024883567922,了不起的精讲团,2026-05-11T10:20:16.628223,7519800545998014515,1,False,4,12,34,42
7629695024883567922,青年创作者成长计划,2026-05-11T10:20:16.628223,7529832653680281615,1,False,13,23,43,53
7629695024883567922,影视经典补完计划,2026-05-11T10:20:16.628223,7509046367072585763,1,False,24,33,54,63
7629696770758413611,许家印,2026-05-11T10:20:24.788517,1590746909116420,1,False,11,15,11,15
7629696770758413611,人物故事,2026-05-11T10:20:24.788517,1632687103716355,1,False,43,48,43,48
7629699849016872243,动物世界,2026-05-11T10:20:33.326364,1563220812237825,1,False,0,5,27,32
7629699849016872243,小熊猫,2026-05-11T10:20:33.326364,1584300951461038,1,False,6,10,33,37
7629699849016872243,熊猫,2026-05-11T10:20:33.326364,1572161513948162,1,False,11,14,38,41
7629701737275998309,美食vlog,2026-05-11T10:20:36.869535,1611139232130071,1,False,9,16,33,40
7629701737275998309,吃货日常,2026-05-11T10:20:36.869535,1571058994544642,1,False,17,22,41,46
7629701737275998309,厨房日记,2026-05-11T10:20:36.869535,1592543316383752,1,False,23,28,47,52
7629701737275998309,婚后生活,2026-05-11T10:20:36.869535,1582924359186478,1,False,29,34,53,58
7629710674276388148,快餐,2026-05-11T10:21:08.107599,1578236837291038,1,False,0,3,26,29
7629710674276388148,餐饮,2026-05-11T10:21:08.107599,1767586723833880,1,False,4,7,30,33
7629723221567050353,涨知识,2026-05-11T10:21:23.711316,1767586848635912,1,False,0,0,15,19
7629723221567050353,许家印,2026-05-11T10:21:23.711316,1590746909116420,1,False,0,0,20,24
7629723221567050353,恒大,2026-05-11T10:21:23.711316,1583127999367182,1,False,0,0,25,28
7629723221567050353,人物故事,2026-05-11T10:21:23.711316,1632687103716355,1,False,0,0,29,34
7629723221567050353,传奇人物,2026-05-11T10:21:23.711316,1577756025359374,1,False,0,0,35,40
7629731639669874858,全球创作者计划,2026-05-11T10:21:27.168457,1784418353406976,1,False,23,31,23,31
7629731639669874858,热点,2026-05-11T10:21:27.168457,1589032799848451,1,False,32,35,32,35
7629731639669874858,国际,2026-05-11T10:21:27.168457,1586013536836622,1,False,36,39,36,39
7629731639669874858,卢旺达,2026-05-11T10:21:27.168457,1609365981605959,1,False,40,44,40,44
7629731639669874858,硬核深度计划,2026-05-11T10:21:27.168457,7374288611530770486,1,False,45,52,45,52
7629735841874726179,人工情报,2026-05-11T10:21:46.389648,7588032608924076058,1,False,0,5,28,33
7629735841874726179,电影解说,2026-05-11T10:21:46.389648,1593455819938819,1,False,6,11,34,39
7629735841874726179,了不起的精讲团,2026-05-11T10:21:46.389648,7519800545998014515,1,False,12,20,40,48
7629756932638657834,西游记,2026-05-11T10:22:16.519714,1628209320975371,1,False,0,4,29,33
7629756932638657834,四大名著,2026-05-11T10:22:16.519714,1578163917637662,1,False,5,10,34,39
7629756932638657834,青年创作者成长计划,2026-05-11T10:22:16.519714,7529832653680281615,1,False,11,21,40,50
7629763840629397626,徐良,2026-05-11T10:22:24.130706,1578159129828365,1,False,21,24,21,24
7629763840629397626,撞地球,2026-05-11T10:22:24.130706,1672022252279832,1,False,25,29,25,29
7629763840629397626,徐良杭州演唱会,2026-05-11T10:22:24.130706,7593218705408919552,1,False,30,38,30,38
7629790644810059050,国际,2026-05-11T10:22:39.401160,1586013536836622,1,False,14,17,34,37
7629790644810059050,社会百态,2026-05-11T10:22:39.401160,1594979820505101,1,False,18,23,38,43
7629790644810059050,奇葩,2026-05-11T10:22:39.401160,1565084692681746,1,False,24,27,44,47
7629790644810059050,知识分享,2026-05-11T10:22:39.401160,1767587197766734,1,False,28,33,48,53
7629790644810059050,上热门,2026-05-11T10:22:39.401160,1767587361772552,1,False,34,38,54,58
7629805050881256305,武当山,2026-05-11T10:22:44.934207,1582761857623069,1,False,12,16,12,16
7629805050881256305,湖北旅游攻略,2026-05-11T10:22:44.934207,1640825103535116,1,False,17,24,17,24
7629805050881256305,徒步,2026-05-11T10:22:44.934207,1563742837226497,1,False,25,28,25,28
7629805050881256305,十堰旅游攻略,2026-05-11T10:22:44.934207,1716320966817796,1,False,29,36,29,36
7629805050881256305,青年创作者成长计划,2026-05-11T10:22:44.934207,7529832653680281615,1,False,36,46,36,46
7629817316821273882,青年创作者计划,2026-05-11T10:22:47.792248,7475216286520182811,1,False,89,97,115,123
7629817316821273882,交换世界计划,2026-05-11T10:22:47.792248,1788224080892938,1,False,98,105,124,131
7629817316821273882,219国道,2026-05-11T10:22:47.792248,1608567494943816,1,False,106,112,132,138
7629817316821273882,西藏,2026-05-11T10:22:47.792248,1569061348137986,1,False,113,116,139,142
7629817316821273882,墨脱,2026-05-11T10:22:47.792248,1581463062701069,1,False,117,120,143,146
7629828284343258403,化妆音乐,2026-05-11T10:22:56.578101,1658416553256968,1,False,31,36,57,62
7629828284343258403,afro,2026-05-11T10:22:56.578101,1614311078568968,1,False,37,42,63,68
7629828284343258403,djset,2026-05-11T10:22:56.578101,1628782274141198,1,False,43,49,69,75
7629849664184389243,哈弗h9,2026-05-11T10:23:00.723656,1611836473615364,1,False,32,37,32,37
7629849664184389243,哈弗,2026-05-11T10:23:00.723656,1584642753896461,1,False,44,47,44,47
7629849664184389243,青年创作者成长计划,2026-05-11T10:23:00.723656,7529832653680281615,1,False,48,58,48,58
7629849664184389243,抖音汽车新知计划,2026-05-11T10:23:00.723656,1674074640138254,1,False,59,68,59,68
7629849664184389243,真实生活分享计划,2026-05-11T10:23:00.723656,7512672201834547210,1,False,69,78,69,78
7629859595846576101,头发,2026-05-11T10:23:09.126087,1564079778199554,1,False,0,3,10,13
7629859595846576101,头发护理,2026-05-11T10:23:09.126087,1606951303317518,1,False,4,9,14,19
7629883731415991790,职高,2026-05-11T10:23:14.864643,1592179490830340,1,False,17,20,46,49
7629883731415991790,职高生,2026-05-11T10:23:14.864643,1614929669279811,1,False,20,24,49,53
7629883731415991790,中专,2026-05-11T10:23:14.864643,1602865760644103,1,False,24,27,53,56
7629883731415991790,中专生,2026-05-11T10:23:14.864643,1602315143421965,1,False,27,31,56,60
7629915308827888936,鹦鹉,2026-05-11T10:23:28.534142,1571408962180097,1,False,0,0,13,16
7629915308827888936,动物科普,2026-05-11T10:23:28.534142,1597817242020878,1,False,0,0,17,22
7629915308827888936,虎皮鹦鹉,2026-05-11T10:23:28.534142,1573513599715341,1,False,0,0,36,41
7629922733811387654,叶罗丽精灵梦,2026-05-11T10:23:48.722705,1582325924876318,1,False,0,7,19,26
7629922733811387654,罗丽,2026-05-11T10:23:48.722705,1662394997022727,1,False,8,11,27,30
7629922733811387654,黑化,2026-05-11T10:23:48.722705,1580167926333453,1,False,12,15,31,34
7629922733811387654,二次元,2026-05-11T10:23:48.722705,1549679016708097,1,False,16,20,35,39
7629922733811387654,动画解说,2026-05-11T10:23:48.722705,1663988271757326,1,False,21,26,40,45
7629931601777921289,雪糕,2026-05-11T10:24:09.992664,1767586846193677,1,False,0,3,17,20
7629931601777921289,雪糕日记,2026-05-11T10:24:09.992664,1633855050245124,1,False,4,9,21,26
7629931601777921289,雪糕刺客,2026-05-11T10:24:09.992664,1700460234015755,1,False,10,15,27,32
7629931601777921289,美食,2026-05-11T10:24:09.992664,1767586897793101,1,False,16,19,33,36
7629931601777921289,科普,2026-05-11T10:24:09.992664,1582741603218446,1,False,20,23,37,40
7629934766040616227,跑步,2026-05-11T10:24:15.169544,1565841806956546,1,False,0,3,29,32
7629934766040616227,大迫杰,2026-05-11T10:24:15.169544,1614308092754958,1,False,4,8,33,37
7629934766040616227,coros高驰,2026-05-11T10:24:15.169544,1638733048655879,1,False,9,17,38,46
7629934766040616227,纪录片,2026-05-11T10:24:15.169544,1586123752103966,1,False,18,22,47,51
7629934766040616227,体坛人物,2026-05-11T10:24:15.169544,1713319712095245,1,False,23,28,52,57
7629935688158432550,宜居城市,2026-05-11T10:24:24.110441,1596607166261262,1,False,123,128,151,156
7629935688158432550,宝藏小城,2026-05-11T10:24:24.110441,1697797485987854,1,False,129,134,157,162
7629935688158432550,宝藏小城推荐官,2026-05-11T10:24:24.110441,1764498152986636,1,False,135,143,163,171
7629935688158432550,躺平城市,2026-05-11T10:24:24.110441,1756984618774531,1,False,144,149,172,177
7629935688158432550,旅居,2026-05-11T10:24:24.110441,1595629804893187,1,False,150,153,178,181
7629948942860449273,我的世界,2026-05-11T10:24:31.624053,1565910651251713,1,False,0,5,18,23
7629948942860449273,青年创作者成长计划,2026-05-11T10:24:31.624053,7529832653680281615,1,False,6,16,24,34
7629948942860449273,minecraft,2026-05-11T10:24:31.624053,1585414788353037,1,False,17,27,35,45
7629954694328106682,深圳原创时装周,2026-05-11T10:24:38.507560,1618545478925320,1,False,22,30,27,35
7629954694328106682,模特,2026-05-11T10:24:38.507560,1565395368494082,1,False,31,34,36,39
7629954694328106682,女装,2026-05-11T10:24:38.507560,1767585824454663,1,False,37,40,42,45
7629954694328106682,模特,2026-05-11T10:24:38.507560,1565395368494082,1,False,41,44,46,49
7629960714787291054,猫meme,2026-05-11T10:24:41.187090,1696612013383691,1,False,0,6,16,22
7629960714787291054,猫meme故事,2026-05-11T10:24:41.187090,7370523261089613858,1,False,7,15,23,31
7629960714787291054,猫meme剧场,2026-05-11T10:24:41.187090,7358027311436072994,1,False,16,24,32,40
7629960917693857487,高中宿舍,2026-05-11T10:24:48.206282,1597595294154755,1,False,12,17,12,17
7629960917693857487,加勒比海盗,2026-05-11T10:24:48.206282,1568658240354306,1,False,17,23,17,23
7629974653386044657,暗区突围,2026-05-11T10:24:51.165291,,,,,,,
7629977307431701769,因你,2026-05-11T10:24:54.429319,1619466690343939,1,False,0,3,13,16
7629977307431701769,了不起的精讲团,2026-05-11T10:24:54.429319,7519800545998014515,1,False,4,12,17,25
7629977307431701769,青年创作者成长计划,2026-05-11T10:24:54.429319,7529832653680281615,1,False,13,23,26,36
7629977307431701769,影视解说,2026-05-11T10:24:54.429319,7419051162252347433,1,False,24,29,37,42
7629977307431701769,悍女,2026-05-11T10:24:54.429319,1661152785012749,1,False,30,33,43,46
7629985674300624128,画江湖之不良人7,2026-05-11T10:25:00.660163,1718591104362567,1,False,0,9,9,18
7629985674300624128,降臣,2026-05-11T10:25:00.660163,1684739926883331,1,False,10,13,19,22
7629985674300624128,阿姐,2026-05-11T10:25:00.660163,1607947940040718,1,False,14,17,23,26
7629985674300624128,搞笑,2026-05-11T10:25:00.660163,1635669004810253,1,False,18,21,27,30
7629985674300624128,国漫,2026-05-11T10:25:00.660163,1582836871562317,1,False,22,25,31,34
7630013318602206705,老外在中国,2026-05-11T10:25:48.750902,1592807731944455,1,False,29,35,29,35
7630013318602206705,老外游中国,2026-05-11T10:25:48.750902,1697464214310916,1,False,36,42,36,42
7630013318602206705,老外坐高铁,2026-05-11T10:25:48.750902,1714309180540943,1,False,43,49,43,49
7630013318602206705,旅游vlog,2026-05-11T10:25:48.750902,1616346046549016,1,False,50,57,50,57
7630014862436863278,潮汕美食,2026-05-11T10:25:55.274073,1576394363694094,1,False,0,5,20,25
7630014862436863278,潮汕,2026-05-11T10:25:55.274073,1575982747473933,1,False,6,9,26,29
7630014862436863278,谢霆锋,2026-05-11T10:25:55.274073,1580966812605454,1,False,10,14,30,34
7630014862436863278,汕头美食,2026-05-11T10:25:55.274073,1590894487378951,1,False,15,20,35,40
7630014862436863278,旅行推荐官,2026-05-11T10:25:55.274073,1666634254425100,1,False,21,27,41,47
7630019833614260146,搭讪,2026-05-11T10:26:27.131687,,,,,,,
7630019833614260146,校园蹭饭,2026-05-11T10:26:27.131687,,,,,,,
7630019833614260146,青年创作者扶持计划,2026-05-11T10:26:27.131687,,,,,,,
7630019833614260146,热门,2026-05-11T10:26:27.131687,,,,,,,
