crawl_batch_id,crawl_time,target_url,source_page_type,request_url,request_cursor,response_status,response_timestamp,response_headers_raw,network_response_count,runtime_objects_count,primary_source_key,match_type,confidence
20260511_084923,2026-05-11T08:49:23.275352,https://www.douyin.com/video/7624828997314644195,video_detail,https://www.douyin.com/video/7624828997314644195,,200,2026-05-11T08:49:23.275352,,45,,,none,low
20260511_084923,2026-05-11T08:49:41.774520,https://www.douyin.com/video/7624829492262948122,video_detail,https://www.douyin.com/video/7624829492262948122,,200,2026-05-11T08:49:41.774520,,33,,network_response_30,exact,high
20260511_084923,2026-05-11T08:49:45.374740,https://www.douyin.com/video/7624833629935816689,video_detail,https://www.douyin.com/video/7624833629935816689,,200,2026-05-11T08:49:45.374740,,72,1,network_response_30,exact,high
20260511_084923,2026-05-11T08:49:52.551177,https://www.douyin.com/video/7624840865004916022,video_detail,https://www.douyin.com/video/7624840865004916022,,200,2026-05-11T08:49:52.551177,,75,1,network_response_32,exact,high
20260511_084923,2026-05-11T08:50:06.348352,https://www.douyin.com/video/7624840871008169829,video_detail,https://www.douyin.com/video/7624840871008169829,,200,2026-05-11T08:50:06.348352,,11,,,none,low
20260511_084923,2026-05-11T08:50:10.007405,https://www.douyin.com/video/7624845293707874282,video_detail,https://www.douyin.com/video/7624845293707874282,,200,2026-05-11T08:50:10.007405,,28,,network_response_12,exact,high
20260511_084923,2026-05-11T08:50:12.704401,https://www.douyin.com/video/7624853391398817060,video_detail,https://www.douyin.com/video/7624853391398817060,,200,2026-05-11T08:50:12.704401,,13,,,none,low
20260511_084923,2026-05-11T08:50:14.918566,https://www.douyin.com/video/7624866207954488585,video_detail,https://www.douyin.com/video/7624866207954488585,,200,2026-05-11T08:50:14.918566,,21,,,none,low
20260511_084923,2026-05-11T08:50:17.244006,https://www.douyin.com/video/7624868147074905466,video_detail,https://www.douyin.com/video/7624868147074905466,,200,2026-05-11T08:50:17.244006,,15,,network_response_13,exact,high
20260511_084923,2026-05-11T08:50:19.879521,https://www.douyin.com/video/7624880706258856881,video_detail,https://www.douyin.com/video/7624880706258856881,,200,2026-05-11T08:50:19.879521,,24,,,none,low
20260511_084923,2026-05-11T08:50:23.374704,https://www.douyin.com/video/7624882276250394853,video_detail,https://www.douyin.com/video/7624882276250394853,,200,2026-05-11T08:50:23.374704,,43,,network_response_36,exact,high
20260511_084923,2026-05-11T08:50:28.866634,https://www.douyin.com/video/7624886825865284910,video_detail,https://www.douyin.com/video/7624886825865284910,,200,2026-05-11T08:50:28.866634,,77,1,network_response_73,exact,high
20260511_084923,2026-05-11T08:50:37.203177,https://www.douyin.com/video/7624893866151267636,video_detail,https://www.douyin.com/video/7624893866151267636,,200,2026-05-11T08:50:37.203177,,12,,,none,low
20260511_084923,2026-05-11T08:50:40.279206,https://www.douyin.com/video/7624895613221511131,video_detail,https://www.douyin.com/video/7624895613221511131,,200,2026-05-11T08:50:40.279206,,76,1,network_response_64,exact,high
20260511_084923,2026-05-11T08:50:47.124367,https://www.douyin.com/video/7624896086624216740,video_detail,https://www.douyin.com/video/7624896086624216740,,200,2026-05-11T08:50:47.124367,,13,,,none,low
20260511_084923,2026-05-11T08:50:49.357757,https://www.douyin.com/video/7624909172987022642,video_detail,https://www.douyin.com/video/7624909172987022642,,200,2026-05-11T08:50:49.357757,,75,1,network_response_66,exact,high
20260511_084923,2026-05-11T08:50:56.335758,https://www.douyin.com/video/7624914536260862656,video_detail,https://www.douyin.com/video/7624914536260862656,,200,2026-05-11T08:50:56.335758,,13,,,none,low
20260511_084923,2026-05-11T08:50:58.569408,https://www.douyin.com/video/7624915041154822758,video_detail,https://www.douyin.com/video/7624915041154822758,,200,2026-05-11T08:50:58.569408,,27,,network_response_13,exact,high
20260511_084923,2026-05-11T08:51:00.833646,https://www.douyin.com/video/7624917350545952036,video_detail,https://www.douyin.com/video/7624917350545952036,,200,2026-05-11T08:51:00.833646,,71,1,network_response_58,exact,high
20260511_084923,2026-05-11T08:51:07.610410,https://www.douyin.com/video/7624925765334879529,video_detail,https://www.douyin.com/video/7624925765334879529,,200,2026-05-11T08:51:07.610410,,76,1,network_response_67,exact,high
20260511_084923,2026-05-11T08:51:15.325804,https://www.douyin.com/video/7624928184945052934,video_detail,https://www.douyin.com/video/7624928184945052934,,200,2026-05-11T08:51:15.325804,,50,,network_response_30,exact,high
20260511_084923,2026-05-11T08:51:22.082705,https://www.douyin.com/video/7624933790091817642,video_detail,https://www.douyin.com/video/7624933790091817642,,200,2026-05-11T08:51:22.082705,,26,,network_response_14,exact,high
20260511_084923,2026-05-11T08:51:25.016499,https://www.douyin.com/video/7624987086285704502,video_detail,https://www.douyin.com/video/7624987086285704502,,200,2026-05-11T08:51:25.016499,,27,,,none,low
20260511_084923,2026-05-11T08:51:27.752495,https://www.douyin.com/video/7625000575289117990,video_detail,https://www.douyin.com/video/7625000575289117990,,200,2026-05-11T08:51:27.752495,,27,,network_response_26,exact,high
20260511_084923,2026-05-11T08:51:30.333596,https://www.douyin.com/video/7625037092553787385,video_detail,https://www.douyin.com/video/7625037092553787385,,200,2026-05-11T08:51:30.333596,,78,1,network_response_28,exact,high
20260511_084923,2026-05-11T08:51:37.693154,https://www.douyin.com/video/7625045617538059529,video_detail,https://www.douyin.com/video/7625045617538059529,,200,2026-05-11T08:51:37.693154,,79,1,network_response_32,exact,high
20260511_084923,2026-05-11T08:51:51.731039,https://www.douyin.com/video/7625074635570154771,video_detail,https://www.douyin.com/video/7625074635570154771,,200,2026-05-11T08:51:51.731039,,27,,,none,low
20260511_084923,2026-05-11T08:51:56.097436,https://www.douyin.com/video/7625094088538308849,video_detail,https://www.douyin.com/video/7625094088538308849,,200,2026-05-11T08:51:56.097436,,69,1,network_response_61,exact,high
20260511_084923,2026-05-11T08:52:02.616736,https://www.douyin.com/video/7625096033369869611,video_detail,https://www.douyin.com/video/7625096033369869611,,200,2026-05-11T08:52:02.616736,,26,,,none,low
20260511_084923,2026-05-11T08:52:04.720973,https://www.douyin.com/video/7625103698292676479,video_detail,https://www.douyin.com/video/7625103698292676479,,200,2026-05-11T08:52:04.720973,,26,,network_response_25,exact,high
20260511_084923,2026-05-11T08:52:08.249296,https://www.douyin.com/video/7625109512797605120,video_detail,https://www.douyin.com/video/7625109512797605120,,200,2026-05-11T08:52:08.249296,,37,,network_response_33,exact,high
20260511_084923,2026-05-11T08:52:15.748041,https://www.douyin.com/video/7625113702585689594,video_detail,https://www.douyin.com/video/7625113702585689594,,200,2026-05-11T08:52:15.748041,,25,,,none,low
20260511_084923,2026-05-11T08:52:17.922211,https://www.douyin.com/video/7625123903962205491,video_detail,https://www.douyin.com/video/7625123903962205491,,200,2026-05-11T08:52:17.922211,,75,1,network_response_27,exact,high
20260511_084923,2026-05-11T08:52:24.918522,https://www.douyin.com/video/7625130455779642633,video_detail,https://www.douyin.com/video/7625130455779642633,,200,2026-05-11T08:52:24.918522,,27,,network_response_26,exact,high
20260511_084923,2026-05-11T08:52:27.572196,https://www.douyin.com/video/7625130766883722353,video_detail,https://www.douyin.com/video/7625130766883722353,,200,2026-05-11T08:52:27.572196,,26,,network_response_25,exact,high
20260511_084923,2026-05-11T08:52:29.941756,https://www.douyin.com/video/7625140333864586559,video_detail,https://www.douyin.com/video/7625140333864586559,,200,2026-05-11T08:52:29.941756,,71,1,network_response_34,exact,high
20260511_084923,2026-05-11T08:52:35.799155,https://www.douyin.com/video/7625154362465078563,video_detail,https://www.douyin.com/video/7625154362465078563,,200,2026-05-11T08:52:35.799155,,27,,network_response_25,exact,high
20260511_084923,2026-05-11T08:52:38.104878,https://www.douyin.com/video/7625158641125816393,video_detail,https://www.douyin.com/video/7625158641125816393,,200,2026-05-11T08:52:38.104878,,27,,network_response_26,exact,high
20260511_084923,2026-05-11T08:52:41.026071,https://www.douyin.com/video/7625167628769215220,video_detail,https://www.douyin.com/video/7625167628769215220,,200,2026-05-11T08:52:41.026071,,26,,,none,low
20260511_084923,2026-05-11T08:52:43.129218,https://www.douyin.com/video/7625167851342580992,video_detail,https://www.douyin.com/video/7625167851342580992,,200,2026-05-11T08:52:43.129218,,72,1,network_response_32,exact,high
20260511_084923,2026-05-11T08:52:49.994250,https://www.douyin.com/video/7625173378022188219,video_detail,https://www.douyin.com/video/7625173378022188219,,200,2026-05-11T08:52:49.994250,,36,,network_response_31,exact,high
20260511_084923,2026-05-11T08:52:54.722390,https://www.douyin.com/video/7625175559869402408,video_detail,https://www.douyin.com/video/7625175559869402408,,200,2026-05-11T08:52:54.722390,,72,1,network_response_30,exact,high
20260511_084923,2026-05-11T08:53:02.039250,https://www.douyin.com/video/7625184577439297381,video_detail,https://www.douyin.com/video/7625184577439297381,,200,2026-05-11T08:53:02.039250,,79,1,network_response_21,exact,high
20260511_084923,2026-05-11T08:53:15.531313,https://www.douyin.com/video/7625186941521558390,video_detail,https://www.douyin.com/video/7625186941521558390,,200,2026-05-11T08:53:15.531313,,27,,,none,low
20260511_084923,2026-05-11T08:53:17.922754,https://www.douyin.com/video/7625187567138262318,video_detail,https://www.douyin.com/video/7625187567138262318,,200,2026-05-11T08:53:17.922754,,28,,network_response_26,exact,high
20260511_084923,2026-05-11T08:53:20.477652,https://www.douyin.com/video/7625195947157702042,video_detail,https://www.douyin.com/video/7625195947157702042,,200,2026-05-11T08:53:20.477652,,26,,network_response_25,exact,high
20260511_084923,2026-05-11T08:53:23.158534,https://www.douyin.com/video/7625200810439834553,video_detail,https://www.douyin.com/video/7625200810439834553,,200,2026-05-11T08:53:23.158534,,19,,,none,low
20260511_084923,2026-05-11T08:53:25.497666,https://www.douyin.com/video/7625212070295801094,video_detail,https://www.douyin.com/video/7625212070295801094,,200,2026-05-11T08:53:25.497666,,90,1,network_response_25,exact,high
20260511_084923,2026-05-11T08:53:41.027971,https://www.douyin.com/video/7625215892213713337,video_detail,https://www.douyin.com/video/7625215892213713337,,200,2026-05-11T08:53:41.027971,,66,1,network_response_34,exact,high
20260511_084923,2026-05-11T08:53:48.735063,https://www.douyin.com/video/7625216770228920689,video_detail,https://www.douyin.com/video/7625216770228920689,,200,2026-05-11T08:53:48.735063,,75,1,network_response_26,exact,high
20260511_084923,2026-05-11T08:53:57.253765,https://www.douyin.com/video/7625219409203875107,video_detail,https://www.douyin.com/video/7625219409203875107,,200,2026-05-11T08:53:57.253765,,36,,network_response_33,exact,high
20260511_084923,2026-05-11T08:54:02.870328,https://www.douyin.com/video/7625220481704070436,video_detail,https://www.douyin.com/video/7625220481704070436,,200,2026-05-11T08:54:02.870328,,26,,,none,low
20260511_084923,2026-05-11T08:54:05.042183,https://www.douyin.com/video/7625221708013784371,video_detail,https://www.douyin.com/video/7625221708013784371,,200,2026-05-11T08:54:05.042183,,27,,network_response_25,exact,high
20260511_084923,2026-05-11T08:54:07.793980,https://www.douyin.com/video/7625222206913873777,video_detail,https://www.douyin.com/video/7625222206913873777,,200,2026-05-11T08:54:07.793980,,72,1,network_response_64,exact,high
20260511_084923,2026-05-11T08:54:15.023160,https://www.douyin.com/video/7625223941543431465,video_detail,https://www.douyin.com/video/7625223941543431465,,200,2026-05-11T08:54:15.023160,,73,1,network_response_64,exact,high
20260511_084923,2026-05-11T08:54:22.496381,https://www.douyin.com/video/7625227333401709834,video_detail,https://www.douyin.com/video/7625227333401709834,,200,2026-05-11T08:54:22.496381,,27,,network_response_24,exact,high
20260511_084923,2026-05-11T08:54:24.968740,https://www.douyin.com/video/7625228308661194026,video_detail,https://www.douyin.com/video/7625228308661194026,,200,2026-05-11T08:54:24.968740,,74,1,network_response_67,exact,high
20260511_084923,2026-05-11T08:54:31.630178,https://www.douyin.com/video/7625237839017674185,video_detail,https://www.douyin.com/video/7625237839017674185,,200,2026-05-11T08:54:31.630178,,29,,network_response_28,exact,high
20260511_084923,2026-05-11T08:54:34.301898,https://www.douyin.com/video/7625238671155049204,video_detail,https://www.douyin.com/video/7625238671155049204,,200,2026-05-11T08:54:34.301898,,28,,network_response_27,exact,high
20260511_084923,2026-05-11T08:54:37.086388,https://www.douyin.com/video/7625244896391187738,video_detail,https://www.douyin.com/video/7625244896391187738,,200,2026-05-11T08:54:37.086388,,77,1,network_response_64,exact,high
20260511_084923,2026-05-11T08:54:45.227890,https://www.douyin.com/video/7625254332576910655,video_detail,https://www.douyin.com/video/7625254332576910655,,200,2026-05-11T08:54:45.227890,,42,,network_response_34,exact,high
20260511_084923,2026-05-11T08:54:51.013105,https://www.douyin.com/video/7625258222202539305,video_detail,https://www.douyin.com/video/7625258222202539305,,200,2026-05-11T08:54:51.013105,,26,,,none,low
20260511_084923,2026-05-11T08:54:53.238165,https://www.douyin.com/video/7625259784464562426,video_detail,https://www.douyin.com/video/7625259784464562426,,200,2026-05-11T08:54:53.238165,,80,1,network_response_31,exact,high
20260511_084923,2026-05-11T08:55:01.390235,https://www.douyin.com/video/7625263102761651475,video_detail,https://www.douyin.com/video/7625263102761651475,,200,2026-05-11T08:55:01.390235,,81,1,network_response_31,exact,high
20260511_084923,2026-05-11T08:55:15.103095,https://www.douyin.com/video/7625266759122124394,video_detail,https://www.douyin.com/video/7625266759122124394,,200,2026-05-11T08:55:15.103095,,27,,,none,low
20260511_084923,2026-05-11T08:55:18.983465,https://www.douyin.com/video/7625267120347139379,video_detail,https://www.douyin.com/video/7625267120347139379,,200,2026-05-11T08:55:18.983465,,69,1,network_response_37,exact,high
20260511_084923,2026-05-11T08:55:25.351375,https://www.douyin.com/video/7625269234473422106,video_detail,https://www.douyin.com/video/7625269234473422106,,200,2026-05-11T08:55:25.351375,,28,,network_response_27,exact,high
20260511_084923,2026-05-11T08:55:28.182026,https://www.douyin.com/video/7625282040237182214,video_detail,https://www.douyin.com/video/7625282040237182214,,200,2026-05-11T08:55:28.182026,,27,,network_response_25,exact,high
20260511_084923,2026-05-11T08:55:30.582296,https://www.douyin.com/video/7625293810395255225,video_detail,https://www.douyin.com/video/7625293810395255225,,200,2026-05-11T08:55:30.582296,,28,,network_response_26,exact,high
20260511_084923,2026-05-11T08:55:32.998928,https://www.douyin.com/video/7625299274296839434,video_detail,https://www.douyin.com/video/7625299274296839434,,200,2026-05-11T08:55:32.998928,,28,,,none,low
20260511_084923,2026-05-11T08:55:36.496982,https://www.douyin.com/video/7625304702036831227,video_detail,https://www.douyin.com/video/7625304702036831227,,200,2026-05-11T08:55:36.496982,,50,,network_response_30,exact,high
20260511_084923,2026-05-11T08:55:43.721297,https://www.douyin.com/video/7625313536118771059,video_detail,https://www.douyin.com/video/7625313536118771059,,200,2026-05-11T08:55:43.721297,,78,1,network_response_76,exact,high
20260511_084923,2026-05-11T08:55:50.381512,https://www.douyin.com/video/7625447999616358779,video_detail,https://www.douyin.com/video/7625447999616358779,,200,2026-05-11T08:55:50.381512,,71,1,network_response_33,exact,high
20260511_084923,2026-05-11T08:55:57.948164,https://www.douyin.com/video/7625465250371964210,video_detail,https://www.douyin.com/video/7625465250371964210,,200,2026-05-11T08:55:57.948164,,30,,network_response_29,exact,high
20260511_084923,2026-05-11T08:56:02.752936,https://www.douyin.com/video/7625477671996198163,video_detail,https://www.douyin.com/video/7625477671996198163,,200,2026-05-11T08:56:02.752936,,79,1,network_response_28,exact,high
20260511_084923,2026-05-11T08:56:10.142759,https://www.douyin.com/video/7625483013190667572,video_detail,https://www.douyin.com/video/7625483013190667572,,200,2026-05-11T08:56:10.142759,,71,1,network_response_63,exact,high
20260511_084923,2026-05-11T08:56:17.146124,https://www.douyin.com/video/7625487788040850730,video_detail,https://www.douyin.com/video/7625487788040850730,,200,2026-05-11T08:56:17.146124,,26,,network_response_20,exact,high
20260511_084923,2026-05-11T08:56:20.841338,https://www.douyin.com/video/7625492432055039162,video_detail,https://www.douyin.com/video/7625492432055039162,,200,2026-05-11T08:56:20.841338,,93,1,network_response_66,exact,high
20260511_084923,2026-05-11T08:56:46.825642,https://www.douyin.com/video/7625503748445523209,video_detail,https://www.douyin.com/video/7625503748445523209,,200,2026-05-11T08:56:46.825642,,30,,network_response_20,exact,high
20260511_084923,2026-05-11T08:56:51.285872,https://www.douyin.com/video/7625518832794242313,video_detail,https://www.douyin.com/video/7625518832794242313,,200,2026-05-11T08:56:51.285872,,79,1,network_response_27,exact,high
20260511_084923,2026-05-11T08:57:01.208027,https://www.douyin.com/video/7625522071191293227,video_detail,https://www.douyin.com/video/7625522071191293227,,200,2026-05-11T08:57:01.208027,,43,,network_response_35,exact,high
20260511_084923,2026-05-11T08:57:07.791994,https://www.douyin.com/video/7625527593525136649,video_detail,https://www.douyin.com/video/7625527593525136649,,200,2026-05-11T08:57:07.791994,,79,1,network_response_28,exact,high
20260511_084923,2026-05-11T08:57:14.307508,https://www.douyin.com/video/7625531362971651698,video_detail,https://www.douyin.com/video/7625531362971651698,,200,2026-05-11T08:57:14.307508,,18,,,none,low
20260511_084923,2026-05-11T08:57:16.462489,https://www.douyin.com/video/7625532448492236390,video_detail,https://www.douyin.com/video/7625532448492236390,,200,2026-05-11T08:57:16.462489,,75,1,network_response_27,exact,high
20260511_084923,2026-05-11T08:57:22.657835,https://www.douyin.com/video/7625541598822059314,video_detail,https://www.douyin.com/video/7625541598822059314,,200,2026-05-11T08:57:22.657835,,28,,network_response_26,exact,high
20260511_084923,2026-05-11T08:57:25.567893,https://www.douyin.com/video/7625544326218885105,video_detail,https://www.douyin.com/video/7625544326218885105,,200,2026-05-11T08:57:25.567893,,28,,network_response_27,exact,high
20260511_084923,2026-05-11T08:57:28.189583,https://www.douyin.com/video/7625563423787124371,video_detail,https://www.douyin.com/video/7625563423787124371,,200,2026-05-11T08:57:28.189583,,75,1,network_response_26,exact,high
20260511_084923,2026-05-11T08:57:34.690943,https://www.douyin.com/video/7625565814087537083,video_detail,https://www.douyin.com/video/7625565814087537083,,200,2026-05-11T08:57:34.690943,,79,1,network_response_33,exact,high
20260511_084923,2026-05-11T08:57:48.302751,https://www.douyin.com/video/7625566351733640490,video_detail,https://www.douyin.com/video/7625566351733640490,,200,2026-05-11T08:57:48.302751,,93,1,network_response_32,exact,high
20260511_084923,2026-05-11T08:58:03.683395,https://www.douyin.com/video/7625566624988302619,video_detail,https://www.douyin.com/video/7625566624988302619,,200,2026-05-11T08:58:03.683395,,68,1,network_response_35,exact,high
20260511_084923,2026-05-11T08:58:12.679689,https://www.douyin.com/video/7625570144236271075,video_detail,https://www.douyin.com/video/7625570144236271075,,200,2026-05-11T08:58:12.679689,,39,,network_response_36,exact,high
20260511_084923,2026-05-11T08:58:18.214989,https://www.douyin.com/video/7625571441265757446,video_detail,https://www.douyin.com/video/7625571441265757446,,200,2026-05-11T08:58:18.214989,,91,1,network_response_30,exact,high
20260511_084923,2026-05-11T08:58:32.924379,https://www.douyin.com/video/7625571467249372456,video_detail,https://www.douyin.com/video/7625571467249372456,,200,2026-05-11T08:58:32.924379,,79,1,network_response_29,exact,high
20260511_084923,2026-05-11T08:58:46.719029,https://www.douyin.com/video/7625571648877038882,video_detail,https://www.douyin.com/video/7625571648877038882,,200,2026-05-11T08:58:46.719029,,25,,,none,low
20260511_084923,2026-05-11T08:58:50.546291,https://www.douyin.com/video/7625571963280636874,video_detail,https://www.douyin.com/video/7625571963280636874,,200,2026-05-11T08:58:50.546291,,27,,,none,low
20260511_084923,2026-05-11T08:58:52.741533,https://www.douyin.com/video/7625572216759088483,video_detail,https://www.douyin.com/video/7625572216759088483,,200,2026-05-11T08:58:52.741533,,23,,network_response_17,exact,high
20260511_084923,2026-05-11T08:58:55.106147,https://www.douyin.com/video/7625574960194522403,video_detail,https://www.douyin.com/video/7625574960194522403,,200,2026-05-11T08:58:55.106147,,76,1,network_response_26,exact,high
20260511_084923,2026-05-11T08:59:03.507413,https://www.douyin.com/video/7625591275979058600,video_detail,https://www.douyin.com/video/7625591275979058600,,200,2026-05-11T08:59:03.507413,,70,1,network_response_32,exact,high
20260511_084923,2026-05-11T08:59:10.686106,https://www.douyin.com/video/7625592707523562752,video_detail,https://www.douyin.com/video/7625592707523562752,,200,2026-05-11T08:59:10.686106,,78,1,network_response_20,exact,high
20260511_084923,2026-05-11T08:59:18.066015,https://www.douyin.com/video/7625592761428757810,video_detail,https://www.douyin.com/video/7625592761428757810,,200,2026-05-11T08:59:18.066015,,73,1,network_response_31,exact,high
20260511_084923,2026-05-11T08:59:26.720539,https://www.douyin.com/video/7625593557478411547,video_detail,https://www.douyin.com/video/7625593557478411547,,200,2026-05-11T08:59:26.720539,,33,,network_response_32,exact,high
20260511_084923,2026-05-11T08:59:31.252951,https://www.douyin.com/video/7625599418716261695,video_detail,https://www.douyin.com/video/7625599418716261695,,200,2026-05-11T08:59:31.252951,,27,,,none,low
20260511_084923,2026-05-11T08:59:33.570792,https://www.douyin.com/video/7625600304226061618,video_detail,https://www.douyin.com/video/7625600304226061618,,200,2026-05-11T08:59:33.570792,,80,1,network_response_76,exact,high
20260511_084923,2026-05-11T08:59:40.245282,https://www.douyin.com/video/7625602530718549638,video_detail,https://www.douyin.com/video/7625602530718549638,,200,2026-05-11T08:59:40.245282,,28,,,none,low
20260511_084923,2026-05-11T08:59:42.519886,https://www.douyin.com/video/7625605666253704482,video_detail,https://www.douyin.com/video/7625605666253704482,,200,2026-05-11T08:59:42.519886,,29,,network_response_28,exact,high
20260511_084923,2026-05-11T08:59:45.251498,https://www.douyin.com/video/7625612475249734130,video_detail,https://www.douyin.com/video/7625612475249734130,,200,2026-05-11T08:59:45.251498,,78,1,network_response_66,exact,high
20260511_084923,2026-05-11T08:59:52.485973,https://www.douyin.com/video/7625617396107103528,video_detail,https://www.douyin.com/video/7625617396107103528,,200,2026-05-11T08:59:52.485973,,70,1,network_response_32,exact,high
20260511_084923,2026-05-11T09:00:00.086698,https://www.douyin.com/video/7625623429186357233,video_detail,https://www.douyin.com/video/7625623429186357233,,200,2026-05-11T09:00:00.086698,,75,1,network_response_67,exact,high
20260511_084923,2026-05-11T09:00:06.916077,https://www.douyin.com/video/7625632532889272163,video_detail,https://www.douyin.com/video/7625632532889272163,,200,2026-05-11T09:00:06.916077,,28,,,none,low
20260511_084923,2026-05-11T09:00:10.216459,https://www.douyin.com/video/7625634412209806193,video_detail,https://www.douyin.com/video/7625634412209806193,,200,2026-05-11T09:00:10.216459,,68,1,network_response_58,exact,high
20260511_084923,2026-05-11T09:00:17.360286,https://www.douyin.com/video/7625635148511317288,video_detail,https://www.douyin.com/video/7625635148511317288,,200,2026-05-11T09:00:17.360286,,32,,,none,low
20260511_084923,2026-05-11T09:00:21.501514,https://www.douyin.com/video/7625640644869999918,video_detail,https://www.douyin.com/video/7625640644869999918,,200,2026-05-11T09:00:21.501514,,78,1,network_response_29,exact,high
20260511_084923,2026-05-11T09:00:28.797492,https://www.douyin.com/video/7625645301654687016,video_detail,https://www.douyin.com/video/7625645301654687016,,200,2026-05-11T09:00:28.797492,,19,,,none,low
20260511_084923,2026-05-11T09:00:32.422962,https://www.douyin.com/video/7625646706277826041,video_detail,https://www.douyin.com/video/7625646706277826041,,200,2026-05-11T09:00:32.422962,,14,,,none,low
20260511_084923,2026-05-11T09:00:34.567845,https://www.douyin.com/video/7625648271289651301,video_detail,https://www.douyin.com/video/7625648271289651301,,200,2026-05-11T09:00:34.567845,,16,,,none,low
20260511_084923,2026-05-11T09:00:36.839651,https://www.douyin.com/video/7625650477023235338,video_detail,https://www.douyin.com/video/7625650477023235338,,200,2026-05-11T09:00:36.839651,,69,1,network_response_31,exact,high
20260511_084923,2026-05-11T09:00:43.751110,https://www.douyin.com/video/7625658701742918963,video_detail,https://www.douyin.com/video/7625658701742918963,,200,2026-05-11T09:00:43.751110,,77,1,network_response_33,exact,high
20260511_084923,2026-05-11T09:00:57.293600,https://www.douyin.com/video/7625658711147752357,video_detail,https://www.douyin.com/video/7625658711147752357,,200,2026-05-11T09:00:57.293600,,29,,,none,low
20260511_084923,2026-05-11T09:01:01.219981,https://www.douyin.com/video/7625696533710720297,video_detail,https://www.douyin.com/video/7625696533710720297,,200,2026-05-11T09:01:01.219981,,67,1,network_response_55,exact,high
20260511_084923,2026-05-11T09:01:07.681885,https://www.douyin.com/video/7625696593508945162,video_detail,https://www.douyin.com/video/7625696593508945162,,200,2026-05-11T09:01:07.681885,,86,1,network_response_76,exact,high
20260511_084923,2026-05-11T09:01:22.456745,https://www.douyin.com/video/7625776078091465307,video_detail,https://www.douyin.com/video/7625776078091465307,,200,2026-05-11T09:01:22.456745,,38,,network_response_35,exact,high
20260511_084923,2026-05-11T09:01:27.962356,https://www.douyin.com/video/7625784238428001905,video_detail,https://www.douyin.com/video/7625784238428001905,,200,2026-05-11T09:01:27.962356,,75,1,network_response_31,exact,high
20260511_084923,2026-05-11T09:01:34.495904,https://www.douyin.com/video/7625820948268627368,video_detail,https://www.douyin.com/video/7625820948268627368,,200,2026-05-11T09:01:34.495904,,70,1,network_response_31,exact,high
20260511_084923,2026-05-11T09:01:41.555072,https://www.douyin.com/video/7625828911510719750,video_detail,https://www.douyin.com/video/7625828911510719750,,200,2026-05-11T09:01:41.555072,,72,1,network_response_50,exact,high
20260511_084923,2026-05-11T09:01:48.417747,https://www.douyin.com/video/7625834470150655258,video_detail,https://www.douyin.com/video/7625834470150655258,,200,2026-05-11T09:01:48.417747,,15,,,none,low
20260511_084923,2026-05-11T09:01:50.596015,https://www.douyin.com/video/7625838551422340393,video_detail,https://www.douyin.com/video/7625838551422340393,,200,2026-05-11T09:01:50.596015,,28,,network_response_24,exact,high
20260511_084923,2026-05-11T09:01:53.294517,https://www.douyin.com/video/7625848809276345636,video_detail,https://www.douyin.com/video/7625848809276345636,,200,2026-05-11T09:01:53.294517,,72,1,network_response_31,exact,high
20260511_084923,2026-05-11T09:02:00.742515,https://www.douyin.com/video/7625854346353184006,video_detail,https://www.douyin.com/video/7625854346353184006,,200,2026-05-11T09:02:00.742515,,28,,network_response_27,exact,high
20260511_084923,2026-05-11T09:02:03.623507,https://www.douyin.com/video/7625857056318197034,video_detail,https://www.douyin.com/video/7625857056318197034,,200,2026-05-11T09:02:03.623507,,32,,network_response_30,exact,high
20260511_084923,2026-05-11T09:02:06.662183,https://www.douyin.com/video/7625859969664978202,video_detail,https://www.douyin.com/video/7625859969664978202,,200,2026-05-11T09:02:06.662183,,28,,network_response_26,exact,high
20260511_084923,2026-05-11T09:02:09.940697,https://www.douyin.com/video/7625860019593940233,video_detail,https://www.douyin.com/video/7625860019593940233,,200,2026-05-11T09:02:09.940697,,39,,network_response_37,exact,high
20260511_084923,2026-05-11T09:02:15.038157,https://www.douyin.com/video/7625862508170972443,video_detail,https://www.douyin.com/video/7625862508170972443,,200,2026-05-11T09:02:15.038157,,79,1,network_response_66,exact,high
20260511_084923,2026-05-11T09:02:21.918904,https://www.douyin.com/video/7625873196030750373,video_detail,https://www.douyin.com/video/7625873196030750373,,200,2026-05-11T09:02:21.918904,,27,,,none,low
20260511_084923,2026-05-11T09:02:24.978551,https://www.douyin.com/video/7625874330726960438,video_detail,https://www.douyin.com/video/7625874330726960438,,200,2026-05-11T09:02:24.978551,,77,1,network_response_70,exact,high
20260511_084923,2026-05-11T09:02:32.407065,https://www.douyin.com/video/7625874671749057842,video_detail,https://www.douyin.com/video/7625874671749057842,,200,2026-05-11T09:02:32.407065,,28,,,none,low
20260511_084923,2026-05-11T09:02:36.178370,https://www.douyin.com/video/7625877545778531594,video_detail,https://www.douyin.com/video/7625877545778531594,,200,2026-05-11T09:02:36.178370,,71,1,network_response_59,exact,high
20260511_084923,2026-05-11T09:02:42.891051,https://www.douyin.com/video/7625883564604873326,video_detail,https://www.douyin.com/video/7625883564604873326,,200,2026-05-11T09:02:42.891051,,21,,,none,low
20260511_084923,2026-05-11T09:02:45.426800,https://www.douyin.com/video/7625883925591772442,video_detail,https://www.douyin.com/video/7625883925591772442,,200,2026-05-11T09:02:45.426800,,28,,network_response_27,exact,high
20260511_084923,2026-05-11T09:02:48.114648,https://www.douyin.com/video/7625884213615415145,video_detail,https://www.douyin.com/video/7625884213615415145,,200,2026-05-11T09:02:48.114648,,25,,,none,low
20260511_084923,2026-05-11T09:02:50.317522,https://www.douyin.com/video/7625884800724847891,video_detail,https://www.douyin.com/video/7625884800724847891,,200,2026-05-11T09:02:50.317522,,69,1,network_response_51,exact,high
20260511_084923,2026-05-11T09:02:57.711863,https://www.douyin.com/video/7625894328619044132,video_detail,https://www.douyin.com/video/7625894328619044132,,200,2026-05-11T09:02:57.711863,,35,,network_response_34,exact,high
20260511_084923,2026-05-11T09:03:02.851369,https://www.douyin.com/video/7625903925853560290,video_detail,https://www.douyin.com/video/7625903925853560290,,200,2026-05-11T09:03:02.851369,,92,1,network_response_76,exact,high
20260511_084923,2026-05-11T09:03:16.296399,https://www.douyin.com/video/7625904772935208244,video_detail,https://www.douyin.com/video/7625904772935208244,,200,2026-05-11T09:03:16.296399,,66,1,network_response_31,exact,high
20260511_084923,2026-05-11T09:03:24.204635,https://www.douyin.com/video/7625905993532064463,video_detail,https://www.douyin.com/video/7625905993532064463,,200,2026-05-11T09:03:24.204635,,27,,,none,low
20260511_084923,2026-05-11T09:03:26.471306,https://www.douyin.com/video/7625908276454001962,video_detail,https://www.douyin.com/video/7625908276454001962,,200,2026-05-11T09:03:26.471306,,27,,,none,low
20260511_084923,2026-05-11T09:03:28.826594,https://www.douyin.com/video/7625917781007071842,video_detail,https://www.douyin.com/video/7625917781007071842,,200,2026-05-11T09:03:28.826594,,27,,network_response_25,exact,high
20260511_084923,2026-05-11T09:03:31.091944,https://www.douyin.com/video/7625922762636266815,video_detail,https://www.douyin.com/video/7625922762636266815,,200,2026-05-11T09:03:31.091944,,27,,,none,low
20260511_084923,2026-05-11T09:03:33.242660,https://www.douyin.com/video/7625923168574294117,video_detail,https://www.douyin.com/video/7625923168574294117,,200,2026-05-11T09:03:33.242660,,71,1,network_response_60,exact,high
20260511_084923,2026-05-11T09:03:39.473376,https://www.douyin.com/video/7625925057935707428,video_detail,https://www.douyin.com/video/7625925057935707428,,200,2026-05-11T09:03:39.473376,,28,,network_response_23,exact,high
20260511_084923,2026-05-11T09:03:42.261478,https://www.douyin.com/video/7625926321197117608,video_detail,https://www.douyin.com/video/7625926321197117608,,200,2026-05-11T09:03:42.261478,,68,1,network_response_57,exact,high
20260511_084923,2026-05-11T09:03:49.265739,https://www.douyin.com/video/7625928557235047716,video_detail,https://www.douyin.com/video/7625928557235047716,,200,2026-05-11T09:03:49.265739,,41,,network_response_34,exact,high
20260511_084923,2026-05-11T09:03:54.954470,https://www.douyin.com/video/7625929057691078053,video_detail,https://www.douyin.com/video/7625929057691078053,,200,2026-05-11T09:03:54.954470,,89,1,network_response_33,exact,high
20260511_084923,2026-05-11T09:04:08.371357,https://www.douyin.com/video/7625930919555157291,video_detail,https://www.douyin.com/video/7625930919555157291,,200,2026-05-11T09:04:08.371357,,29,,network_response_28,exact,high
20260511_084923,2026-05-11T09:04:12.388475,https://www.douyin.com/video/7625932361125169838,video_detail,https://www.douyin.com/video/7625932361125169838,,200,2026-05-11T09:04:12.388475,,76,1,network_response_33,exact,high
20260511_084923,2026-05-11T09:04:18.962099,https://www.douyin.com/video/7625933647380362926,video_detail,https://www.douyin.com/video/7625933647380362926,,200,2026-05-11T09:04:18.962099,,88,1,network_response_30,exact,high
20260511_084923,2026-05-11T09:04:33.134178,https://www.douyin.com/video/7625933963341538728,video_detail,https://www.douyin.com/video/7625933963341538728,,200,2026-05-11T09:04:33.134178,,72,1,network_response_32,exact,high
20260511_084923,2026-05-11T09:04:41.361656,https://www.douyin.com/video/7625935832171531530,video_detail,https://www.douyin.com/video/7625935832171531530,,200,2026-05-11T09:04:41.361656,,29,,network_response_28,exact,high
20260511_084923,2026-05-11T09:04:44.437528,https://www.douyin.com/video/7625939741950741247,video_detail,https://www.douyin.com/video/7625939741950741247,,200,2026-05-11T09:04:44.437528,,29,,network_response_27,exact,high
20260511_084923,2026-05-11T09:04:47.113531,https://www.douyin.com/video/7625940013382362289,video_detail,https://www.douyin.com/video/7625940013382362289,,200,2026-05-11T09:04:47.113531,,72,1,network_response_33,exact,high
20260511_084923,2026-05-11T09:04:53.596225,https://www.douyin.com/video/7625944707465612596,video_detail,https://www.douyin.com/video/7625944707465612596,,200,2026-05-11T09:04:53.596225,,79,1,network_response_35,exact,high
20260511_084923,2026-05-11T09:05:02.891497,https://www.douyin.com/video/7625950025335573779,video_detail,https://www.douyin.com/video/7625950025335573779,,200,2026-05-11T09:05:02.891497,,39,,network_response_29,exact,high
20260511_084923,2026-05-11T09:05:09.003831,https://www.douyin.com/video/7625950469180951817,video_detail,https://www.douyin.com/video/7625950469180951817,,200,2026-05-11T09:05:09.003831,,72,1,network_response_33,exact,high
20260511_084923,2026-05-11T09:05:15.447419,https://www.douyin.com/video/7625952148475465011,video_detail,https://www.douyin.com/video/7625952148475465011,,200,2026-05-11T09:05:15.447419,,28,,network_response_25,exact,high
20260511_084923,2026-05-11T09:05:18.295575,https://www.douyin.com/video/7625953684052086051,video_detail,https://www.douyin.com/video/7625953684052086051,,200,2026-05-11T09:05:18.295575,,21,,,none,low
20260511_084923,2026-05-11T09:05:20.518783,https://www.douyin.com/video/7625954896398912768,video_detail,https://www.douyin.com/video/7625954896398912768,,200,2026-05-11T09:05:20.518783,,28,,network_response_27,exact,high
20260511_084923,2026-05-11T09:05:23.233669,https://www.douyin.com/video/7625956063569067379,video_detail,https://www.douyin.com/video/7625956063569067379,,200,2026-05-11T09:05:23.233669,,28,,network_response_26,exact,high
20260511_084923,2026-05-11T09:05:25.967140,https://www.douyin.com/video/7625963516918320393,video_detail,https://www.douyin.com/video/7625963516918320393,,200,2026-05-11T09:05:25.967140,,69,1,network_response_31,exact,high
20260511_084923,2026-05-11T09:05:33.002032,https://www.douyin.com/video/7625964240565837418,video_detail,https://www.douyin.com/video/7625964240565837418,,200,2026-05-11T09:05:33.002032,,25,,,none,low
20260511_084923,2026-05-11T09:05:36.147325,https://www.douyin.com/video/7625966725338500361,video_detail,https://www.douyin.com/video/7625966725338500361,,200,2026-05-11T09:05:36.147325,,79,1,network_response_26,exact,high
20260511_084923,2026-05-11T09:05:44.343294,https://www.douyin.com/video/7625966776837711461,video_detail,https://www.douyin.com/video/7625966776837711461,,200,2026-05-11T09:05:44.343294,,78,1,network_response_32,exact,high
20260511_084923,2026-05-11T09:05:59.320648,https://www.douyin.com/video/7625968079642949032,video_detail,https://www.douyin.com/video/7625968079642949032,,200,2026-05-11T09:05:59.320648,,37,,network_response_28,exact,high
20260511_084923,2026-05-11T09:06:05.495609,https://www.douyin.com/video/7625970187552148075,video_detail,https://www.douyin.com/video/7625970187552148075,,200,2026-05-11T09:06:05.495609,,31,,network_response_12,exact,high
20260511_084923,2026-05-11T09:06:09.298811,https://www.douyin.com/video/7625971608540302655,video_detail,https://www.douyin.com/video/7625971608540302655,,200,2026-05-11T09:06:09.298811,,27,,,none,low
20260511_084923,2026-05-11T09:06:12.272526,https://www.douyin.com/video/7625974741551123739,video_detail,https://www.douyin.com/video/7625974741551123739,,200,2026-05-11T09:06:12.272526,,112,1,network_response_26,exact,high
20260511_084923,2026-05-11T09:06:38.711203,https://www.douyin.com/video/7625975092018761010,video_detail,https://www.douyin.com/video/7625975092018761010,,200,2026-05-11T09:06:38.711203,,28,,network_response_27,exact,high
20260511_084923,2026-05-11T09:06:43.144436,https://www.douyin.com/video/7625975657343765814,video_detail,https://www.douyin.com/video/7625975657343765814,,200,2026-05-11T09:06:43.144436,,78,1,network_response_31,exact,high
20260511_084923,2026-05-11T09:06:52.417495,https://www.douyin.com/video/7625981090549198568,video_detail,https://www.douyin.com/video/7625981090549198568,,200,2026-05-11T09:06:52.417495,,78,1,network_response_70,exact,high
20260511_084923,2026-05-11T09:06:58.922248,https://www.douyin.com/video/7625981664917646035,video_detail,https://www.douyin.com/video/7625981664917646035,,200,2026-05-11T09:06:58.922248,,27,,,none,low
20260511_084923,2026-05-11T09:07:01.186660,https://www.douyin.com/video/7625983324246297883,video_detail,https://www.douyin.com/video/7625983324246297883,,200,2026-05-11T09:07:01.186660,,62,1,network_response_13,exact,high
20260511_084923,2026-05-11T09:07:08.352913,https://www.douyin.com/video/7625983379455872283,video_detail,https://www.douyin.com/video/7625983379455872283,,200,2026-05-11T09:07:08.352913,,61,1,network_response_26,exact,high
20260511_084923,2026-05-11T09:07:16.591926,https://www.douyin.com/video/7625983892776400448,video_detail,https://www.douyin.com/video/7625983892776400448,,200,2026-05-11T09:07:16.591926,,40,,network_response_32,exact,high
20260511_084923,2026-05-11T09:07:23.076349,https://www.douyin.com/video/7625984534638754286,video_detail,https://www.douyin.com/video/7625984534638754286,,200,2026-05-11T09:07:23.076349,,92,1,network_response_76,exact,high
20260511_084923,2026-05-11T09:07:36.920117,https://www.douyin.com/video/7625984610891074868,video_detail,https://www.douyin.com/video/7625984610891074868,,200,2026-05-11T09:07:36.920117,,71,1,network_response_69,exact,high
20260511_084923,2026-05-11T09:07:45.020021,https://www.douyin.com/video/7625986742398569747,video_detail,https://www.douyin.com/video/7625986742398569747,,200,2026-05-11T09:07:45.020021,,63,1,network_response_60,exact,high
20260511_084923,2026-05-11T09:07:52.284218,https://www.douyin.com/video/7625993440370773302,video_detail,https://www.douyin.com/video/7625993440370773302,,200,2026-05-11T09:07:52.284218,,73,1,network_response_52,exact,high
20260511_084923,2026-05-11T09:07:59.355134,https://www.douyin.com/video/7625994338704033018,video_detail,https://www.douyin.com/video/7625994338704033018,,200,2026-05-11T09:07:59.355134,,60,1,network_response_57,exact,high
20260511_084923,2026-05-11T09:08:06.021075,https://www.douyin.com/video/7625995766976236810,video_detail,https://www.douyin.com/video/7625995766976236810,,200,2026-05-11T09:08:06.021075,,66,1,network_response_60,exact,high
20260511_084923,2026-05-11T09:08:13.107254,https://www.douyin.com/video/7626001562082577700,video_detail,https://www.douyin.com/video/7626001562082577700,,200,2026-05-11T09:08:13.107254,,28,,network_response_27,exact,high
20260511_084923,2026-05-11T09:08:16.645116,https://www.douyin.com/video/7626002365396667682,video_detail,https://www.douyin.com/video/7626002365396667682,,200,2026-05-11T09:08:16.645116,,25,,,none,low
20260511_084923,2026-05-11T09:08:18.792921,https://www.douyin.com/video/7626009738531033774,video_detail,https://www.douyin.com/video/7626009738531033774,,200,2026-05-11T09:08:18.792921,,78,1,network_response_74,exact,high
20260511_084923,2026-05-11T09:08:27.434616,https://www.douyin.com/video/7626013516348067098,video_detail,https://www.douyin.com/video/7626013516348067098,,200,2026-05-11T09:08:27.434616,,38,,network_response_37,exact,high
20260511_084923,2026-05-11T09:08:33.084924,https://www.douyin.com/video/7626016770154941723,video_detail,https://www.douyin.com/video/7626016770154941723,,200,2026-05-11T09:08:33.084924,,27,,,none,low
20260511_084923,2026-05-11T09:08:35.441533,https://www.douyin.com/video/7626022842097798406,video_detail,https://www.douyin.com/video/7626022842097798406,,200,2026-05-11T09:08:35.441533,,26,,,none,low
20260511_084923,2026-05-11T09:08:37.834299,https://www.douyin.com/video/7626023532979424564,video_detail,https://www.douyin.com/video/7626023532979424564,,200,2026-05-11T09:08:37.834299,,28,,network_response_26,exact,high
20260511_084923,2026-05-11T09:08:40.704062,https://www.douyin.com/video/7626023771728820921,video_detail,https://www.douyin.com/video/7626023771728820921,,200,2026-05-11T09:08:40.704062,,26,,,none,low
20260511_084923,2026-05-11T09:08:42.930487,https://www.douyin.com/video/7626036832848991345,video_detail,https://www.douyin.com/video/7626036832848991345,,200,2026-05-11T09:08:42.930487,,26,,,none,low
20260511_084923,2026-05-11T09:08:45.119261,https://www.douyin.com/video/7626039783856311604,video_detail,https://www.douyin.com/video/7626039783856311604,,200,2026-05-11T09:08:45.119261,,91,1,network_response_64,exact,high
20260511_084923,2026-05-11T09:08:59.914647,https://www.douyin.com/video/7626044735936843044,video_detail,https://www.douyin.com/video/7626044735936843044,,200,2026-05-11T09:08:59.914647,,83,1,network_response_70,exact,high
20260511_084923,2026-05-11T09:09:14.200640,https://www.douyin.com/video/7626046109713976614,video_detail,https://www.douyin.com/video/7626046109713976614,,200,2026-05-11T09:09:14.200640,,28,,network_response_27,exact,high
20260511_084923,2026-05-11T09:09:16.733728,https://www.douyin.com/video/7626049806573587758,video_detail,https://www.douyin.com/video/7626049806573587758,,200,2026-05-11T09:09:16.733728,,95,1,network_response_69,exact,high
20260511_084923,2026-05-11T09:09:33.734499,https://www.douyin.com/video/7626127496848739625,video_detail,https://www.douyin.com/video/7626127496848739625,,200,2026-05-11T09:09:33.734499,,42,,network_response_31,exact,high
20260511_084923,2026-05-11T09:09:39.685219,https://www.douyin.com/video/7626180667251952931,video_detail,https://www.douyin.com/video/7626180667251952931,,200,2026-05-11T09:09:39.685219,,76,1,network_response_33,exact,high
20260511_084923,2026-05-11T09:09:47.342867,https://www.douyin.com/video/7626197491385371910,video_detail,https://www.douyin.com/video/7626197491385371910,,200,2026-05-11T09:09:47.342867,,71,1,network_response_30,exact,high
20260511_084923,2026-05-11T09:09:53.872747,https://www.douyin.com/video/7626203367521520896,video_detail,https://www.douyin.com/video/7626203367521520896,,200,2026-05-11T09:09:53.872747,,90,1,network_response_18,exact,high
20260511_084923,2026-05-11T09:10:08.368641,https://www.douyin.com/video/7626204261994597678,video_detail,https://www.douyin.com/video/7626204261994597678,,200,2026-05-11T09:10:08.368641,,67,1,network_response_33,exact,high
20260511_084923,2026-05-11T09:10:16.037528,https://www.douyin.com/video/7626204847745846566,video_detail,https://www.douyin.com/video/7626204847745846566,,200,2026-05-11T09:10:16.037528,,78,1,network_response_71,exact,high
20260511_084923,2026-05-11T09:10:24.250073,https://www.douyin.com/video/7626212603328564507,video_detail,https://www.douyin.com/video/7626212603328564507,,200,2026-05-11T09:10:24.250073,,19,,,none,low
20260511_084923,2026-05-11T09:10:27.732141,https://www.douyin.com/video/7626214482846551334,video_detail,https://www.douyin.com/video/7626214482846551334,,200,2026-05-11T09:10:27.732141,,14,,,none,low
20260511_084923,2026-05-11T09:10:29.794342,https://www.douyin.com/video/7626216151802023206,video_detail,https://www.douyin.com/video/7626216151802023206,,200,2026-05-11T09:10:29.794342,,29,,network_response_24,exact,high
20260511_084923,2026-05-11T09:10:32.404407,https://www.douyin.com/video/7626218085296442664,video_detail,https://www.douyin.com/video/7626218085296442664,,200,2026-05-11T09:10:32.404407,,27,,,none,low
20260511_084923,2026-05-11T09:10:35.774811,https://www.douyin.com/video/7626218222571761526,video_detail,https://www.douyin.com/video/7626218222571761526,,200,2026-05-11T09:10:35.774811,,38,,network_response_34,exact,high
20260511_084923,2026-05-11T09:10:42.381580,https://www.douyin.com/video/7626224456336041701,video_detail,https://www.douyin.com/video/7626224456336041701,,200,2026-05-11T09:10:42.381580,,70,1,network_response_68,exact,high
20260511_084923,2026-05-11T09:10:49.647917,https://www.douyin.com/video/7626232419351317796,video_detail,https://www.douyin.com/video/7626232419351317796,,200,2026-05-11T09:10:49.647917,,71,1,network_response_67,exact,high
20260511_084923,2026-05-11T09:10:56.953974,https://www.douyin.com/video/7626233840071118089,video_detail,https://www.douyin.com/video/7626233840071118089,,200,2026-05-11T09:10:56.953974,,83,1,network_response_75,exact,high
20260511_084923,2026-05-11T09:11:10.849607,https://www.douyin.com/video/7626275595265019142,video_detail,https://www.douyin.com/video/7626275595265019142,,200,2026-05-11T09:11:10.849607,,29,,network_response_27,exact,high
20260511_084923,2026-05-11T09:11:15.527139,https://www.douyin.com/video/7626276962222361882,video_detail,https://www.douyin.com/video/7626276962222361882,,200,2026-05-11T09:11:15.527139,,78,1,network_response_70,exact,high
20260511_084923,2026-05-11T09:11:24.216730,https://www.douyin.com/video/7626278259633786162,video_detail,https://www.douyin.com/video/7626278259633786162,,200,2026-05-11T09:11:24.216730,,76,1,network_response_74,exact,high
20260511_084923,2026-05-11T09:11:32.676498,https://www.douyin.com/video/7626279125297381222,video_detail,https://www.douyin.com/video/7626279125297381222,,200,2026-05-11T09:11:32.676498,,78,1,network_response_68,exact,high
20260511_084923,2026-05-11T09:11:46.883311,https://www.douyin.com/video/7626282813813280041,video_detail,https://www.douyin.com/video/7626282813813280041,,200,2026-05-11T09:11:46.883311,,11,,,none,low
20260511_084923,2026-05-11T09:12:08.407404,https://www.douyin.com/video/7626284075883547938,video_detail,https://www.douyin.com/video/7626284075883547938,,200,2026-05-11T09:12:08.407404,,9,,,none,low
20260511_084923,2026-05-11T09:12:11.601288,https://www.douyin.com/video/7626292084303056164,video_detail,https://www.douyin.com/video/7626292084303056164,,200,2026-05-11T09:12:11.601288,,41,,network_response_34,exact,high
20260511_084923,2026-05-11T09:12:17.157107,https://www.douyin.com/video/7626295225988317691,video_detail,https://www.douyin.com/video/7626295225988317691,,200,2026-05-11T09:12:17.157107,,32,,network_response_29,exact,high
20260511_084923,2026-05-11T09:12:20.466683,https://www.douyin.com/video/7626300638208511232,video_detail,https://www.douyin.com/video/7626300638208511232,,200,2026-05-11T09:12:20.466683,,27,,,none,low
20260511_084923,2026-05-11T09:12:22.863629,https://www.douyin.com/video/7626301002040476514,video_detail,https://www.douyin.com/video/7626301002040476514,,200,2026-05-11T09:12:22.863629,,78,1,network_response_70,exact,high
20260511_084923,2026-05-11T09:12:30.274391,https://www.douyin.com/video/7626301087217159439,video_detail,https://www.douyin.com/video/7626301087217159439,,200,2026-05-11T09:12:30.274391,,28,,,none,low
20260511_084923,2026-05-11T09:12:33.471005,https://www.douyin.com/video/7626302616330977139,video_detail,https://www.douyin.com/video/7626302616330977139,,200,2026-05-11T09:12:33.471005,,27,,,none,low
20260511_084923,2026-05-11T09:12:35.728755,https://www.douyin.com/video/7626304633208558833,video_detail,https://www.douyin.com/video/7626304633208558833,,200,2026-05-11T09:12:35.728755,,26,,,none,low
20260511_084923,2026-05-11T09:12:37.894864,https://www.douyin.com/video/7626308168850640178,video_detail,https://www.douyin.com/video/7626308168850640178,,200,2026-05-11T09:12:37.894864,,27,,,none,low
20260511_084923,2026-05-11T09:12:40.098260,https://www.douyin.com/video/7626310381228608822,video_detail,https://www.douyin.com/video/7626310381228608822,,200,2026-05-11T09:12:40.098260,,75,1,network_response_66,exact,high
20260511_084923,2026-05-11T09:12:46.133718,https://www.douyin.com/video/7626318672709337984,video_detail,https://www.douyin.com/video/7626318672709337984,,200,2026-05-11T09:12:46.133718,,67,1,network_response_57,exact,high
20260511_084923,2026-05-11T09:12:53.097667,https://www.douyin.com/video/7626321030159617331,video_detail,https://www.douyin.com/video/7626321030159617331,,200,2026-05-11T09:12:53.097667,,40,,network_response_33,exact,high
20260511_084923,2026-05-11T09:12:58.657778,https://www.douyin.com/video/7626322025379925286,video_detail,https://www.douyin.com/video/7626322025379925286,,200,2026-05-11T09:12:58.657778,,24,,network_response_20,exact,high
20260511_084923,2026-05-11T09:13:01.046963,https://www.douyin.com/video/7626327398945934638,video_detail,https://www.douyin.com/video/7626327398945934638,,200,2026-05-11T09:13:01.046963,,72,1,network_response_68,exact,high
20260511_084923,2026-05-11T09:13:08.338270,https://www.douyin.com/video/7626329154639777066,video_detail,https://www.douyin.com/video/7626329154639777066,,200,2026-05-11T09:13:08.338270,,26,,,none,low
20260511_084923,2026-05-11T09:13:10.677445,https://www.douyin.com/video/7626334896084028687,video_detail,https://www.douyin.com/video/7626334896084028687,,200,2026-05-11T09:13:10.677445,,25,,,none,low
20260511_084923,2026-05-11T09:13:12.908335,https://www.douyin.com/video/7626335213035156474,video_detail,https://www.douyin.com/video/7626335213035156474,,200,2026-05-11T09:13:12.908335,,28,,,none,low
20260511_084923,2026-05-11T09:13:15.402529,https://www.douyin.com/video/7626335593169487973,video_detail,https://www.douyin.com/video/7626335593169487973,,200,2026-05-11T09:13:15.402529,,73,1,network_response_65,exact,high
20260511_084923,2026-05-11T09:13:21.611096,https://www.douyin.com/video/7626343109332323594,video_detail,https://www.douyin.com/video/7626343109332323594,,200,2026-05-11T09:13:21.611096,,27,,network_response_25,exact,high
20260511_084923,2026-05-11T09:13:24.080246,https://www.douyin.com/video/7626345455701577001,video_detail,https://www.douyin.com/video/7626345455701577001,,200,2026-05-11T09:13:24.080246,,26,,network_response_25,exact,high
20260511_084923,2026-05-11T09:13:26.415373,https://www.douyin.com/video/7626348869613260047,video_detail,https://www.douyin.com/video/7626348869613260047,,200,2026-05-11T09:13:26.415373,,79,1,network_response_56,exact,high
20260511_084923,2026-05-11T09:13:41.589261,https://www.douyin.com/video/7626349547563896064,video_detail,https://www.douyin.com/video/7626349547563896064,,200,2026-05-11T09:13:41.589261,,44,,network_response_33,exact,high
20260511_084923,2026-05-11T09:13:47.227647,https://www.douyin.com/video/7626350456981609393,video_detail,https://www.douyin.com/video/7626350456981609393,,200,2026-05-11T09:13:47.227647,,72,1,network_response_63,exact,high
20260511_084923,2026-05-11T09:13:53.617559,https://www.douyin.com/video/7626350920493780275,video_detail,https://www.douyin.com/video/7626350920493780275,,200,2026-05-11T09:13:53.617559,,69,1,network_response_57,exact,high
20260511_084923,2026-05-11T09:14:00.300339,https://www.douyin.com/video/7626357094979861105,video_detail,https://www.douyin.com/video/7626357094979861105,,200,2026-05-11T09:14:00.300339,,28,,network_response_27,exact,high
20260511_084923,2026-05-11T09:14:02.712900,https://www.douyin.com/video/7626358369405867188,video_detail,https://www.douyin.com/video/7626358369405867188,,200,2026-05-11T09:14:02.712900,,15,,,none,low
20260511_084923,2026-05-11T09:14:04.985979,https://www.douyin.com/video/7626358941550693684,video_detail,https://www.douyin.com/video/7626358941550693684,,200,2026-05-11T09:14:04.985979,,27,,network_response_26,exact,high
20260511_084923,2026-05-11T09:14:07.616036,https://www.douyin.com/video/7626364794559319323,video_detail,https://www.douyin.com/video/7626364794559319323,,200,2026-05-11T09:14:07.616036,,28,,network_response_27,exact,high
20260511_084923,2026-05-11T09:14:10.067249,https://www.douyin.com/video/7626372717268274466,video_detail,https://www.douyin.com/video/7626372717268274466,,200,2026-05-11T09:14:10.067249,,24,,,none,low
20260511_084923,2026-05-11T09:14:12.247493,https://www.douyin.com/video/7626374941507734799,video_detail,https://www.douyin.com/video/7626374941507734799,,200,2026-05-11T09:14:12.247493,,27,,network_response_26,exact,high
20260511_084923,2026-05-11T09:14:14.788730,https://www.douyin.com/video/7626377731357314314,video_detail,https://www.douyin.com/video/7626377731357314314,,200,2026-05-11T09:14:14.788730,,26,,,none,low
20260511_084923,2026-05-11T09:14:17.849501,https://www.douyin.com/video/7626381492997885210,video_detail,https://www.douyin.com/video/7626381492997885210,,200,2026-05-11T09:14:17.849501,,51,,network_response_30,exact,high
20260511_084923,2026-05-11T09:14:24.092517,https://www.douyin.com/video/7626388302609878308,video_detail,https://www.douyin.com/video/7626388302609878308,,200,2026-05-11T09:14:24.092517,,74,1,network_response_30,exact,high
20260511_084923,2026-05-11T09:14:31.571658,https://www.douyin.com/video/7626396001716243747,video_detail,https://www.douyin.com/video/7626396001716243747,,200,2026-05-11T09:14:31.571658,,69,1,network_response_32,exact,high
20260511_084923,2026-05-11T09:14:38.114733,https://www.douyin.com/video/7626396310245018915,video_detail,https://www.douyin.com/video/7626396310245018915,,200,2026-05-11T09:14:38.114733,,14,,,none,low
20260511_084923,2026-05-11T09:14:59.710883,https://www.douyin.com/video/7626397342790323462,video_detail,https://www.douyin.com/video/7626397342790323462,,200,2026-05-11T09:14:59.710883,,8,,,none,low
20260511_084923,2026-05-11T09:15:01.787362,https://www.douyin.com/video/7626398433130070458,video_detail,https://www.douyin.com/video/7626398433130070458,,200,2026-05-11T09:15:01.787362,,83,1,network_response_31,exact,high
20260511_084923,2026-05-11T09:15:16.706371,https://www.douyin.com/video/7626404231037209891,video_detail,https://www.douyin.com/video/7626404231037209891,,200,2026-05-11T09:15:16.706371,,63,1,network_response_31,exact,high
20260511_084923,2026-05-11T09:15:23.928954,https://www.douyin.com/video/7626417365894417714,video_detail,https://www.douyin.com/video/7626417365894417714,,200,2026-05-11T09:15:23.928954,,27,,network_response_17,exact,high
20260511_084923,2026-05-11T09:15:26.702930,https://www.douyin.com/video/7626425357582798120,video_detail,https://www.douyin.com/video/7626425357582798120,,200,2026-05-11T09:15:26.702930,,75,1,network_response_28,exact,high
20260511_084923,2026-05-11T09:15:33.243608,https://www.douyin.com/video/7626427296438626728,video_detail,https://www.douyin.com/video/7626427296438626728,,200,2026-05-11T09:15:33.243608,,73,1,network_response_68,exact,high
20260511_084923,2026-05-11T09:15:41.074701,https://www.douyin.com/video/7626430118667472169,video_detail,https://www.douyin.com/video/7626430118667472169,,200,2026-05-11T09:15:41.074701,,35,,network_response_30,exact,high
20260511_084923,2026-05-11T09:15:46.383992,https://www.douyin.com/video/7626484879764589862,video_detail,https://www.douyin.com/video/7626484879764589862,,200,2026-05-11T09:15:46.383992,,73,1,network_response_69,exact,high
20260511_084923,2026-05-11T09:15:53.358641,https://www.douyin.com/video/7626532238510787891,video_detail,https://www.douyin.com/video/7626532238510787891,,200,2026-05-11T09:15:53.358641,,19,,,none,low
20260511_084923,2026-05-11T09:15:55.479804,https://www.douyin.com/video/7626548023719365903,video_detail,https://www.douyin.com/video/7626548023719365903,,200,2026-05-11T09:15:55.479804,,71,1,network_response_68,exact,high
20260511_084923,2026-05-11T09:16:01.548128,https://www.douyin.com/video/7626563648982371619,video_detail,https://www.douyin.com/video/7626563648982371619,,200,2026-05-11T09:16:01.548128,,80,1,network_response_70,exact,high
20260511_084923,2026-05-11T09:16:14.826121,https://www.douyin.com/video/7626570599200001332,video_detail,https://www.douyin.com/video/7626570599200001332,,200,2026-05-11T09:16:14.826121,,64,1,network_response_30,exact,high
20260511_084923,2026-05-11T09:16:22.228491,https://www.douyin.com/video/7626570767328709928,video_detail,https://www.douyin.com/video/7626570767328709928,,200,2026-05-11T09:16:22.228491,,17,,,none,low
20260511_084923,2026-05-11T09:16:24.396209,https://www.douyin.com/video/7626578852755606810,video_detail,https://www.douyin.com/video/7626578852755606810,,200,2026-05-11T09:16:24.396209,,27,,network_response_25,exact,high
20260511_084923,2026-05-11T09:16:27.125596,https://www.douyin.com/video/7626584955816021274,video_detail,https://www.douyin.com/video/7626584955816021274,,200,2026-05-11T09:16:27.125596,,27,,network_response_26,exact,high
20260511_084923,2026-05-11T09:16:29.623617,https://www.douyin.com/video/7626591509411843338,video_detail,https://www.douyin.com/video/7626591509411843338,,200,2026-05-11T09:16:29.623617,,14,,,none,low
20260511_084923,2026-05-11T09:16:32.750807,https://www.douyin.com/video/7626593162307620793,video_detail,https://www.douyin.com/video/7626593162307620793,,200,2026-05-11T09:16:32.750807,,43,,network_response_34,exact,high
20260511_084923,2026-05-11T09:16:38.875279,https://www.douyin.com/video/7626593522807852338,video_detail,https://www.douyin.com/video/7626593522807852338,,200,2026-05-11T09:16:38.875279,,78,1,network_response_68,exact,high
20260511_084923,2026-05-11T09:16:45.745083,https://www.douyin.com/video/7626602051157364003,video_detail,https://www.douyin.com/video/7626602051157364003,,200,2026-05-11T09:16:45.745083,,27,,network_response_26,exact,high
20260511_084923,2026-05-11T09:16:48.162176,https://www.douyin.com/video/7626609034053563515,video_detail,https://www.douyin.com/video/7626609034053563515,,200,2026-05-11T09:16:48.162176,,28,,network_response_27,exact,high
20260511_084923,2026-05-11T09:16:51.014366,https://www.douyin.com/video/7626610547642928420,video_detail,https://www.douyin.com/video/7626610547642928420,,200,2026-05-11T09:16:51.014366,,27,,,none,low
20260511_084923,2026-05-11T09:16:53.181997,https://www.douyin.com/video/7626611044605087022,video_detail,https://www.douyin.com/video/7626611044605087022,,200,2026-05-11T09:16:53.181997,,28,,network_response_26,exact,high
20260511_084923,2026-05-11T09:16:55.760448,https://www.douyin.com/video/7626613105853844736,video_detail,https://www.douyin.com/video/7626613105853844736,,200,2026-05-11T09:16:55.760448,,28,,,none,low
20260511_084923,2026-05-11T09:16:58.386616,https://www.douyin.com/video/7626616282837781794,video_detail,https://www.douyin.com/video/7626616282837781794,,200,2026-05-11T09:16:58.386616,,23,,,none,low
20260511_084923,2026-05-11T09:17:00.599642,https://www.douyin.com/video/7626616652783701254,video_detail,https://www.douyin.com/video/7626616652783701254,,200,2026-05-11T09:17:00.599642,,28,,network_response_27,exact,high
20260511_084923,2026-05-11T09:17:03.516970,https://www.douyin.com/video/7626617422544195913,video_detail,https://www.douyin.com/video/7626617422544195913,,200,2026-05-11T09:17:03.516970,,70,1,network_response_58,exact,high
20260511_084923,2026-05-11T09:17:11.497372,https://www.douyin.com/video/7626617714417704521,video_detail,https://www.douyin.com/video/7626617714417704521,,200,2026-05-11T09:17:11.497372,,46,,network_response_33,exact,high
20260511_084923,2026-05-11T09:17:17.068965,https://www.douyin.com/video/7626634197439907290,video_detail,https://www.douyin.com/video/7626634197439907290,,200,2026-05-11T09:17:17.068965,,94,1,network_response_72,exact,high
20260511_084923,2026-05-11T09:17:30.643660,https://www.douyin.com/video/7626638016841118458,video_detail,https://www.douyin.com/video/7626638016841118458,,200,2026-05-11T09:17:30.643660,,27,,,none,low
20260511_084923,2026-05-11T09:17:32.928916,https://www.douyin.com/video/7626639354722972081,video_detail,https://www.douyin.com/video/7626639354722972081,,200,2026-05-11T09:17:32.928916,,20,,,none,low
20260511_084923,2026-05-11T09:17:35.145242,https://www.douyin.com/video/7626642410856107310,video_detail,https://www.douyin.com/video/7626642410856107310,,200,2026-05-11T09:17:35.145242,,27,,,none,low
20260511_084923,2026-05-11T09:17:37.465338,https://www.douyin.com/video/7626644101340908800,video_detail,https://www.douyin.com/video/7626644101340908800,,200,2026-05-11T09:17:37.465338,,22,,,none,low
20260511_084923,2026-05-11T09:17:39.893624,https://www.douyin.com/video/7626646050119437619,video_detail,https://www.douyin.com/video/7626646050119437619,,200,2026-05-11T09:17:39.893624,,27,,,none,low
20260511_084923,2026-05-11T09:17:42.695016,https://www.douyin.com/video/7626648063490215203,video_detail,https://www.douyin.com/video/7626648063490215203,,200,2026-05-11T09:17:42.695016,,27,,,none,low
20260511_084923,2026-05-11T09:17:44.843645,https://www.douyin.com/video/7626650246977703209,video_detail,https://www.douyin.com/video/7626650246977703209,,200,2026-05-11T09:17:44.843645,,28,,network_response_26,exact,high
20260511_084923,2026-05-11T09:17:47.432374,https://www.douyin.com/video/7626656235399515434,video_detail,https://www.douyin.com/video/7626656235399515434,,200,2026-05-11T09:17:47.432374,,96,1,network_response_69,exact,high
20260511_084923,2026-05-11T09:18:04.581134,https://www.douyin.com/video/7626670297114755441,video_detail,https://www.douyin.com/video/7626670297114755441,,200,2026-05-11T09:18:04.581134,,38,,network_response_35,exact,high
20260511_084923,2026-05-11T09:18:10.088127,https://www.douyin.com/video/7626673691920796978,video_detail,https://www.douyin.com/video/7626673691920796978,,200,2026-05-11T09:18:10.088127,,28,,network_response_26,exact,high
20260511_084923,2026-05-11T09:18:13.096983,https://www.douyin.com/video/7626684177663986971,video_detail,https://www.douyin.com/video/7626684177663986971,,200,2026-05-11T09:18:13.096983,,94,1,network_response_31,exact,high
20260511_084923,2026-05-11T09:18:38.574608,https://www.douyin.com/video/7626687480826031610,video_detail,https://www.douyin.com/video/7626687480826031610,,200,2026-05-11T09:18:38.574608,,26,,,none,low
20260511_084923,2026-05-11T09:18:42.069158,https://www.douyin.com/video/7626689778339089699,video_detail,https://www.douyin.com/video/7626689778339089699,,200,2026-05-11T09:18:42.069158,,71,1,network_response_31,exact,high
20260511_084923,2026-05-11T09:18:49.174830,https://www.douyin.com/video/7626696897842924806,video_detail,https://www.douyin.com/video/7626696897842924806,,200,2026-05-11T09:18:49.174830,,85,1,network_response_32,exact,high
20260511_084923,2026-05-11T09:19:03.093589,https://www.douyin.com/video/7626697780509874010,video_detail,https://www.douyin.com/video/7626697780509874010,,200,2026-05-11T09:19:03.093589,,28,,network_response_27,exact,high
20260511_084923,2026-05-11T09:19:07.375191,https://www.douyin.com/video/7626700088521395519,video_detail,https://www.douyin.com/video/7626700088521395519,,200,2026-05-11T09:19:07.375191,,73,1,network_response_27,exact,high
20260511_084923,2026-05-11T09:19:15.102714,https://www.douyin.com/video/7626700596619348401,video_detail,https://www.douyin.com/video/7626700596619348401,,200,2026-05-11T09:19:15.102714,,28,,network_response_27,exact,high
20260511_084923,2026-05-11T09:19:18.812751,https://www.douyin.com/video/7626707224848616767,video_detail,https://www.douyin.com/video/7626707224848616767,,200,2026-05-11T09:19:18.812751,,25,,,none,low
20260511_084923,2026-05-11T09:19:22.133162,https://www.douyin.com/video/7626707971010989321,video_detail,https://www.douyin.com/video/7626707971010989321,,200,2026-05-11T09:19:22.133162,,36,,network_response_33,exact,high
20260511_084923,2026-05-11T09:19:27.869071,https://www.douyin.com/video/7626711210293494938,video_detail,https://www.douyin.com/video/7626711210293494938,,200,2026-05-11T09:19:27.869071,,72,1,network_response_61,exact,high
20260511_084923,2026-05-11T09:19:34.483903,https://www.douyin.com/video/7626712080967634219,video_detail,https://www.douyin.com/video/7626712080967634219,,200,2026-05-11T09:19:34.483903,,27,,network_response_26,exact,high
20260511_084923,2026-05-11T09:19:37.752000,https://www.douyin.com/video/7626712460912889088,video_detail,https://www.douyin.com/video/7626712460912889088,,200,2026-05-11T09:19:37.752000,,75,1,network_response_32,exact,high
20260511_084923,2026-05-11T09:19:44.332126,https://www.douyin.com/video/7626713441864027426,video_detail,https://www.douyin.com/video/7626713441864027426,,200,2026-05-11T09:19:44.332126,,68,1,network_response_31,exact,high
20260511_084923,2026-05-11T09:19:51.766652,https://www.douyin.com/video/7626714747941750501,video_detail,https://www.douyin.com/video/7626714747941750501,,200,2026-05-11T09:19:51.766652,,69,1,network_response_31,exact,high
20260511_084923,2026-05-11T09:19:58.393589,https://www.douyin.com/video/7626716783591869702,video_detail,https://www.douyin.com/video/7626716783591869702,,200,2026-05-11T09:19:58.393589,,26,,,none,low
20260511_084923,2026-05-11T09:20:00.554060,https://www.douyin.com/video/7626720045296536842,video_detail,https://www.douyin.com/video/7626720045296536842,,200,2026-05-11T09:20:00.554060,,26,,,none,low
20260511_084923,2026-05-11T09:20:02.757538,https://www.douyin.com/video/7626720408657546538,video_detail,https://www.douyin.com/video/7626720408657546538,,200,2026-05-11T09:20:02.757538,,28,,network_response_26,exact,high
20260511_084923,2026-05-11T09:20:05.380747,https://www.douyin.com/video/7626720567290334518,video_detail,https://www.douyin.com/video/7626720567290334518,,200,2026-05-11T09:20:05.380747,,28,,network_response_25,exact,high
20260511_084923,2026-05-11T09:20:08.716236,https://www.douyin.com/video/7626722155414460005,video_detail,https://www.douyin.com/video/7626722155414460005,,200,2026-05-11T09:20:08.716236,,35,,network_response_32,exact,high
20260511_084923,2026-05-11T09:20:14.145403,https://www.douyin.com/video/7626722211893824810,video_detail,https://www.douyin.com/video/7626722211893824810,,200,2026-05-11T09:20:14.145403,,26,,,none,low
20260511_084923,2026-05-11T09:20:16.654251,https://www.douyin.com/video/7626722536356678938,video_detail,https://www.douyin.com/video/7626722536356678938,,200,2026-05-11T09:20:16.654251,,26,,network_response_21,exact,high
20260511_084923,2026-05-11T09:20:19.670527,https://www.douyin.com/video/7626723958461551046,video_detail,https://www.douyin.com/video/7626723958461551046,,200,2026-05-11T09:20:19.670527,,25,,,none,low
20260511_084923,2026-05-11T09:20:21.987272,https://www.douyin.com/video/7626725769075102137,video_detail,https://www.douyin.com/video/7626725769075102137,,200,2026-05-11T09:20:21.987272,,27,,network_response_26,exact,high
20260511_084923,2026-05-11T09:20:24.665777,https://www.douyin.com/video/7626727318769143080,video_detail,https://www.douyin.com/video/7626727318769143080,,200,2026-05-11T09:20:24.665777,,27,,network_response_26,exact,high
20260511_084923,2026-05-11T09:20:27.447822,https://www.douyin.com/video/7626730052398796005,video_detail,https://www.douyin.com/video/7626730052398796005,,200,2026-05-11T09:20:27.447822,,72,1,network_response_61,exact,high
20260511_084923,2026-05-11T09:20:34.288332,https://www.douyin.com/video/7626732295185939621,video_detail,https://www.douyin.com/video/7626732295185939621,,200,2026-05-11T09:20:34.288332,,28,,network_response_27,exact,high
20260511_084923,2026-05-11T09:20:37.484916,https://www.douyin.com/video/7626732856122936611,video_detail,https://www.douyin.com/video/7626732856122936611,,200,2026-05-11T09:20:37.484916,,76,1,network_response_66,exact,high
20260511_084923,2026-05-11T09:20:44.673992,https://www.douyin.com/video/7626732885232400966,video_detail,https://www.douyin.com/video/7626732885232400966,,200,2026-05-11T09:20:44.673992,,27,,network_response_26,exact,high
20260511_084923,2026-05-11T09:20:47.999072,https://www.douyin.com/video/7626737575910231322,video_detail,https://www.douyin.com/video/7626737575910231322,,200,2026-05-11T09:20:47.999072,,33,,network_response_31,exact,high
20260511_084923,2026-05-11T09:20:53.374849,https://www.douyin.com/video/7626742075618250010,video_detail,https://www.douyin.com/video/7626742075618250010,,200,2026-05-11T09:20:53.374849,,74,1,network_response_65,exact,high
20260511_084923,2026-05-11T09:21:01.275469,https://www.douyin.com/video/7626744167569378600,video_detail,https://www.douyin.com/video/7626744167569378600,,200,2026-05-11T09:21:01.275469,,10,,,none,low
20260511_084923,2026-05-11T09:21:03.918253,https://www.douyin.com/video/7626745185426246912,video_detail,https://www.douyin.com/video/7626745185426246912,,200,2026-05-11T09:21:03.918253,,71,1,network_response_58,exact,high
20260511_084923,2026-05-11T09:21:10.932826,https://www.douyin.com/video/7626754730642918662,video_detail,https://www.douyin.com/video/7626754730642918662,,200,2026-05-11T09:21:10.932826,,70,1,network_response_68,exact,high
20260511_084923,2026-05-11T09:21:17.981524,https://www.douyin.com/video/7626755244307033521,video_detail,https://www.douyin.com/video/7626755244307033521,,200,2026-05-11T09:21:17.981524,,29,,network_response_28,exact,high
20260511_084923,2026-05-11T09:21:20.579327,https://www.douyin.com/video/7626765317121963172,video_detail,https://www.douyin.com/video/7626765317121963172,,200,2026-05-11T09:21:20.579327,,15,,,none,low
20260511_084923,2026-05-11T09:21:22.679496,https://www.douyin.com/video/7626793146587893044,video_detail,https://www.douyin.com/video/7626793146587893044,,200,2026-05-11T09:21:22.679496,,72,1,network_response_56,exact,high
20260511_084923,2026-05-11T09:21:29.430497,https://www.douyin.com/video/7626816545422953145,video_detail,https://www.douyin.com/video/7626816545422953145,,200,2026-05-11T09:21:29.430497,,29,,network_response_26,exact,high
20260511_084923,2026-05-11T09:21:33.320884,https://www.douyin.com/video/7626824478470720822,video_detail,https://www.douyin.com/video/7626824478470720822,,200,2026-05-11T09:21:33.320884,,29,,network_response_27,exact,high
20260511_084923,2026-05-11T09:21:36.766483,https://www.douyin.com/video/7626911640767810862,video_detail,https://www.douyin.com/video/7626911640767810862,,200,2026-05-11T09:21:36.766483,,40,,,none,low
20260511_084923,2026-05-11T09:21:42.549063,https://www.douyin.com/video/7626934706512071946,video_detail,https://www.douyin.com/video/7626934706512071946,,200,2026-05-11T09:21:42.549063,,27,,network_response_26,exact,high
20260511_084923,2026-05-11T09:21:45.251404,https://www.douyin.com/video/7626952398036770203,video_detail,https://www.douyin.com/video/7626952398036770203,,200,2026-05-11T09:21:45.251404,,74,1,network_response_72,exact,high
20260511_084923,2026-05-11T09:21:54.061669,https://www.douyin.com/video/7626952914468097331,video_detail,https://www.douyin.com/video/7626952914468097331,,200,2026-05-11T09:21:54.061669,,27,,network_response_26,exact,high
20260511_084923,2026-05-11T09:21:56.870475,https://www.douyin.com/video/7626957954645806399,video_detail,https://www.douyin.com/video/7626957954645806399,,200,2026-05-11T09:21:56.870475,,29,,network_response_24,exact,high
20260511_084923,2026-05-11T09:21:59.808936,https://www.douyin.com/video/7626967124505922831,video_detail,https://www.douyin.com/video/7626967124505922831,,200,2026-05-11T09:21:59.808936,,70,1,network_response_64,exact,high
20260511_084923,2026-05-11T09:22:06.101468,https://www.douyin.com/video/7626967674622640571,video_detail,https://www.douyin.com/video/7626967674622640571,,200,2026-05-11T09:22:06.101468,,25,,network_response_23,exact,high
20260511_084923,2026-05-11T09:22:08.707335,https://www.douyin.com/video/7626967695291845934,video_detail,https://www.douyin.com/video/7626967695291845934,,200,2026-05-11T09:22:08.707335,,73,1,network_response_62,exact,high
20260511_084923,2026-05-11T09:22:15.679565,https://www.douyin.com/video/7626983945627880704,video_detail,https://www.douyin.com/video/7626983945627880704,,200,2026-05-11T09:22:15.679565,,78,1,network_response_69,exact,high
20260511_084923,2026-05-11T09:22:29.276520,https://www.douyin.com/video/7626989620353436982,video_detail,https://www.douyin.com/video/7626989620353436982,,200,2026-05-11T09:22:29.276520,,28,,network_response_26,exact,high
20260511_084923,2026-05-11T09:22:34.190233,https://www.douyin.com/video/7626989898100215091,video_detail,https://www.douyin.com/video/7626989898100215091,,200,2026-05-11T09:22:34.190233,,45,,,none,low
20260511_084923,2026-05-11T09:22:39.923017,https://www.douyin.com/video/7627004419715992842,video_detail,https://www.douyin.com/video/7627004419715992842,,200,2026-05-11T09:22:39.923017,,93,1,network_response_80,exact,high
20260511_084923,2026-05-11T09:22:53.920951,https://www.douyin.com/video/7627006607183908131,video_detail,https://www.douyin.com/video/7627006607183908131,,200,2026-05-11T09:22:53.920951,,69,1,network_response_31,exact,high
20260511_084923,2026-05-11T09:23:01.918306,https://www.douyin.com/video/7627011626490727730,video_detail,https://www.douyin.com/video/7627011626490727730,,200,2026-05-11T09:23:01.918306,,77,1,network_response_72,exact,high
20260511_084923,2026-05-11T09:23:09.696356,https://www.douyin.com/video/7627017326655694438,video_detail,https://www.douyin.com/video/7627017326655694438,,200,2026-05-11T09:23:09.696356,,84,1,network_response_72,exact,high
20260511_084923,2026-05-11T09:23:23.704989,https://www.douyin.com/video/7627017418040298790,video_detail,https://www.douyin.com/video/7627017418040298790,,200,2026-05-11T09:23:23.704989,,27,,network_response_25,exact,high
20260511_084923,2026-05-11T09:23:28.223646,https://www.douyin.com/video/7627020315364826554,video_detail,https://www.douyin.com/video/7627020315364826554,,200,2026-05-11T09:23:28.223646,,24,,,none,low
20260511_084923,2026-05-11T09:23:30.541292,https://www.douyin.com/video/7627026047971691776,video_detail,https://www.douyin.com/video/7627026047971691776,,200,2026-05-11T09:23:30.541292,,21,,network_response_12,exact,high
20260511_084923,2026-05-11T09:23:32.801786,https://www.douyin.com/video/7627034882065108250,video_detail,https://www.douyin.com/video/7627034882065108250,,200,2026-05-11T09:23:32.801786,,67,1,network_response_62,exact,high
20260511_084923,2026-05-11T09:23:38.890102,https://www.douyin.com/video/7627035310081232166,video_detail,https://www.douyin.com/jingxuan?modal_id=7616545853347482931,,200,2026-05-11T09:23:38.890102,,143,1,network_response_32,exact,high
20260511_084923,2026-05-11T09:24:05.514375,https://www.douyin.com/video/7627038277941366058,video_detail,https://www.douyin.com/video/7627038277941366058,,200,2026-05-11T09:24:05.514375,,35,,network_response_29,exact,high
20260511_084923,2026-05-11T09:24:10.532007,https://www.douyin.com/video/7627040294193712410,video_detail,https://www.douyin.com/video/7627040294193712410,,200,2026-05-11T09:24:10.532007,,26,,network_response_21,exact,high
20260511_084923,2026-05-11T09:24:13.448272,https://www.douyin.com/video/7627042505527135523,video_detail,https://www.douyin.com/video/7627042505527135523,,200,2026-05-11T09:24:13.448272,,76,1,network_response_28,exact,high
20260511_084923,2026-05-11T09:24:21.418548,https://www.douyin.com/video/7627042758376672522,video_detail,https://www.douyin.com/video/7627042758376672522,,200,2026-05-11T09:24:21.418548,,21,,network_response_19,exact,high
20260511_084923,2026-05-11T09:24:24.130985,https://www.douyin.com/video/7627045114161990947,video_detail,https://www.douyin.com/video/7627045114161990947,,200,2026-05-11T09:24:24.130985,,28,,network_response_23,exact,high
20260511_084923,2026-05-11T09:24:26.784809,https://www.douyin.com/video/7627046821084286217,video_detail,https://www.douyin.com/video/7627046821084286217,,200,2026-05-11T09:24:26.784809,,63,1,network_response_27,exact,high
20260511_084923,2026-05-11T09:24:33.140110,https://www.douyin.com/video/7627049808649325843,video_detail,https://www.douyin.com/video/7627049808649325843,,200,2026-05-11T09:24:33.140110,,67,1,network_response_59,exact,high
20260511_084923,2026-05-11T09:24:40.589300,https://www.douyin.com/video/7627050475434544410,video_detail,https://www.douyin.com/video/7627050475434544410,,200,2026-05-11T09:24:40.589300,,28,,network_response_24,exact,high
20260511_084923,2026-05-11T09:24:42.975838,https://www.douyin.com/video/7627050967418741434,video_detail,https://www.douyin.com/video/7627050967418741434,,200,2026-05-11T09:24:42.975838,,26,,,none,low
20260511_084923,2026-05-11T09:24:45.308074,https://www.douyin.com/video/7627051197567913225,video_detail,https://www.douyin.com/video/7627051197567913225,,200,2026-05-11T09:24:45.308074,,68,1,network_response_63,exact,high
20260511_084923,2026-05-11T09:24:52.890579,https://www.douyin.com/video/7627051846750113649,video_detail,https://www.douyin.com/video/7627051846750113649,,200,2026-05-11T09:24:52.890579,,35,,network_response_32,exact,high
20260511_084923,2026-05-11T09:24:57.922184,https://www.douyin.com/video/7627052120906830810,video_detail,https://www.douyin.com/video/7627052120906830810,,200,2026-05-11T09:24:57.922184,,34,,,none,low
20260511_084923,2026-05-11T09:25:02.012294,https://www.douyin.com/video/7627052246185889064,video_detail,https://www.douyin.com/video/7627052246185889064,,200,2026-05-11T09:25:02.012294,,65,1,network_response_27,exact,high
20260511_084923,2026-05-11T09:25:09.054918,https://www.douyin.com/video/7627052493003853056,video_detail,https://www.douyin.com/video/7627052493003853056,,200,2026-05-11T09:25:09.054918,,80,1,,none,low
20260511_084923,2026-05-11T09:25:16.440232,https://www.douyin.com/video/7627052817022579897,video_detail,https://www.douyin.com/video/7627052817022579897,,200,2026-05-11T09:25:16.440232,,29,,network_response_26,exact,high
20260511_084923,2026-05-11T09:25:18.910488,https://www.douyin.com/video/7627053764105925369,video_detail,https://www.douyin.com/video/7627053764105925369,,200,2026-05-11T09:25:18.910488,,72,1,network_response_32,exact,high
20260511_084923,2026-05-11T09:25:25.817414,https://www.douyin.com/video/7627055833524099307,video_detail,https://www.douyin.com/video/7627055833524099307,,200,2026-05-11T09:25:25.817414,,72,1,network_response_32,exact,high
20260511_084923,2026-05-11T09:25:33.485958,https://www.douyin.com/video/7627056543288134958,video_detail,https://www.douyin.com/video/7627056543288134958,,200,2026-05-11T09:25:33.485958,,28,,,none,low
20260511_084923,2026-05-11T09:25:37.046216,https://www.douyin.com/video/7627061029150805302,video_detail,https://www.douyin.com/video/7627061029150805302,,200,2026-05-11T09:25:37.046216,,83,1,network_response_30,exact,high
20260511_084923,2026-05-11T09:25:45.713288,https://www.douyin.com/video/7627063560250414009,video_detail,https://www.douyin.com/video/7627063560250414009,,200,2026-05-11T09:25:45.713288,,29,,network_response_28,exact,high
20260511_084923,2026-05-11T09:25:49.841104,https://www.douyin.com/video/7627066134294023450,video_detail,https://www.douyin.com/video/7627066134294023450,,200,2026-05-11T09:25:49.841104,,43,,,none,low
20260511_084923,2026-05-11T09:25:56.006557,https://www.douyin.com/video/7627068064441339179,video_detail,https://www.douyin.com/video/7627068064441339179,,200,2026-05-11T09:25:56.006557,,73,1,network_response_30,exact,high
20260511_084923,2026-05-11T09:26:03.442069,https://www.douyin.com/video/7627068404575164602,video_detail,https://www.douyin.com/video/7627068404575164602,,200,2026-05-11T09:26:03.442069,,84,1,network_response_29,exact,high
20260511_084923,2026-05-11T09:26:17.591969,https://www.douyin.com/video/7627068445687404123,video_detail,https://www.douyin.com/video/7627068445687404123,,200,2026-05-11T09:26:17.591969,,67,1,,none,low
20260511_084923,2026-05-11T09:26:25.032368,https://www.douyin.com/video/7627075052248239395,video_detail,https://www.douyin.com/video/7627075052248239395,,200,2026-05-11T09:26:25.032368,,73,1,network_response_30,exact,high
20260511_084923,2026-05-11T09:26:31.582606,https://www.douyin.com/video/7627077237099440101,video_detail,https://www.douyin.com/video/7627077237099440101,,200,2026-05-11T09:26:31.582606,,80,1,network_response_32,exact,high
20260511_084923,2026-05-11T09:26:45.161906,https://www.douyin.com/video/7627077550971573210,video_detail,https://www.douyin.com/video/7627077550971573210,,200,2026-05-11T09:26:45.161906,,18,,,none,low
20260511_084923,2026-05-11T09:26:48.726357,https://www.douyin.com/video/7627078187637826161,video_detail,https://www.douyin.com/video/7627078187637826161,,200,2026-05-11T09:26:48.726357,,72,1,network_response_30,exact,high
20260511_084923,2026-05-11T09:26:55.426213,https://www.douyin.com/video/7627078317813204362,video_detail,https://www.douyin.com/video/7627078317813204362,,200,2026-05-11T09:26:55.426213,,28,,network_response_26,exact,high
20260511_084923,2026-05-11T09:26:58.092206,https://www.douyin.com/video/7627078444811160838,video_detail,https://www.douyin.com/video/7627078444811160838,,200,2026-05-11T09:26:58.092206,,70,1,network_response_31,exact,high
20260511_084923,2026-05-11T09:27:05.860939,https://www.douyin.com/video/7627081569815121187,video_detail,https://www.douyin.com/video/7627081569815121187,,200,2026-05-11T09:27:05.860939,,33,,network_response_20,exact,high
20260511_084923,2026-05-11T09:27:10.994099,https://www.douyin.com/video/7627084033142361353,video_detail,https://www.douyin.com/video/7627084033142361353,,200,2026-05-11T09:27:10.994099,,15,,,none,low
20260511_084923,2026-05-11T09:27:13.191820,https://www.douyin.com/video/7627084220242558970,video_detail,https://www.douyin.com/video/7627084220242558970,,200,2026-05-11T09:27:13.191820,,25,,network_response_16,exact,high
20260511_084923,2026-05-11T09:27:15.560434,https://www.douyin.com/video/7627084389972806938,video_detail,https://www.douyin.com/video/7627084389972806938,,200,2026-05-11T09:27:15.560434,,27,,,none,low
20260511_084923,2026-05-11T09:27:17.824105,https://www.douyin.com/video/7627086361807441158,video_detail,https://www.douyin.com/video/7627086361807441158,,200,2026-05-11T09:27:17.824105,,96,1,network_response_68,exact,high
20260511_084923,2026-05-11T09:27:33.234652,https://www.douyin.com/video/7627087515719142682,video_detail,https://www.douyin.com/video/7627087515719142682,,200,2026-05-11T09:27:33.234652,,22,,,none,low
20260511_084923,2026-05-11T09:27:36.467904,https://www.douyin.com/video/7627089421300550921,video_detail,https://www.douyin.com/video/7627089421300550921,,200,2026-05-11T09:27:36.467904,,26,,,none,low
20260511_084923,2026-05-11T09:27:38.636287,https://www.douyin.com/video/7627090464362335226,video_detail,https://www.douyin.com/video/7627090464362335226,,200,2026-05-11T09:27:38.636287,,74,1,network_response_67,exact,high
20260511_084923,2026-05-11T09:27:46.586676,https://www.douyin.com/video/7627096594760911034,video_detail,https://www.douyin.com/video/7627096594760911034,,200,2026-05-11T09:27:46.586676,,23,,network_response_19,exact,high
20260511_084923,2026-05-11T09:27:49.966361,https://www.douyin.com/video/7627097642107030825,video_detail,https://www.douyin.com/video/7627097642107030825,,200,2026-05-11T09:27:49.966361,,69,1,network_response_59,exact,high
20260511_084923,2026-05-11T09:27:57.147052,https://www.douyin.com/video/7627097855253089579,video_detail,https://www.douyin.com/video/7627097855253089579,,200,2026-05-11T09:27:57.147052,,42,,network_response_34,exact,high
20260511_084923,2026-05-11T09:28:03.268717,https://www.douyin.com/video/7627106028287974885,video_detail,https://www.douyin.com/video/7627106028287974885,,200,2026-05-11T09:28:03.268717,,22,,network_response_11,exact,high
20260511_084923,2026-05-11T09:28:06.317150,https://www.douyin.com/video/7627108697688378666,video_detail,https://www.douyin.com/video/7627108697688378666,,200,2026-05-11T09:28:06.317150,,15,,network_response_13,exact,high
20260511_084923,2026-05-11T09:28:09.059094,https://www.douyin.com/video/7627109507029617974,video_detail,https://www.douyin.com/video/7627109507029617974,,200,2026-05-11T09:28:09.059094,,72,1,network_response_59,exact,high
20260511_084923,2026-05-11T09:28:16.166748,https://www.douyin.com/video/7627113969324477759,video_detail,https://www.douyin.com/video/7627113969324477759,,200,2026-05-11T09:28:16.166748,,82,1,network_response_74,exact,high
20260511_084923,2026-05-11T09:28:29.596139,https://www.douyin.com/video/7627116551757450559,video_detail,https://www.douyin.com/video/7627116551757450559,,200,2026-05-11T09:28:29.596139,,93,1,network_response_72,exact,high
20260511_084923,2026-05-11T09:28:45.376206,https://www.douyin.com/video/7627127058539318569,video_detail,https://www.douyin.com/video/7627127058539318569,,200,2026-05-11T09:28:45.376206,,10,,,none,low
20260511_084923,2026-05-11T09:28:48.832723,https://www.douyin.com/video/7627127415558507786,video_detail,https://www.douyin.com/video/7627127415558507786,,200,2026-05-11T09:28:48.832723,,73,1,network_response_67,exact,high
20260511_084923,2026-05-11T09:28:56.146303,https://www.douyin.com/video/7627130367887166754,video_detail,https://www.douyin.com/video/7627130367887166754,,200,2026-05-11T09:28:56.146303,,25,,,none,low
20260511_084923,2026-05-11T09:28:58.302295,https://www.douyin.com/video/7627130714730859811,video_detail,https://www.douyin.com/video/7627130714730859811,,200,2026-05-11T09:28:58.302295,,27,,network_response_23,exact,high
20260511_084923,2026-05-11T09:29:01.795724,https://www.douyin.com/video/7627133543545638171,video_detail,https://www.douyin.com/video/7627133543545638171,,200,2026-05-11T09:29:01.795724,,31,,network_response_28,exact,high
20260511_084923,2026-05-11T09:29:06.686992,https://www.douyin.com/video/7627136144303541530,video_detail,https://www.douyin.com/video/7627136144303541530,,200,2026-05-11T09:29:06.686992,,27,,network_response_24,exact,high
20260511_084923,2026-05-11T09:29:09.007396,https://www.douyin.com/video/7627147321117101358,video_detail,https://www.douyin.com/video/7627147321117101358,,200,2026-05-11T09:29:09.007396,,26,,network_response_25,exact,high
20260511_084923,2026-05-11T09:29:11.297456,https://www.douyin.com/video/7627150603604544818,video_detail,https://www.douyin.com/video/7627150603604544818,,200,2026-05-11T09:29:11.297456,,26,,network_response_25,exact,high
20260511_084923,2026-05-11T09:29:13.673325,https://www.douyin.com/video/7627156852291226899,video_detail,https://www.douyin.com/video/7627156852291226899,,200,2026-05-11T09:29:13.673325,,51,1,network_response_50,exact,high
20260511_084923,2026-05-11T09:29:18.384332,https://www.douyin.com/video/7627157395302932721,video_detail,https://www.douyin.com/video/7627157395302932721,,200,2026-05-11T09:29:18.384332,,57,1,network_response_24,exact,high
20260511_084923,2026-05-11T09:29:24.862497,https://www.douyin.com/video/7627163067129842996,video_detail,https://www.douyin.com/video/7627163067129842996,,200,2026-05-11T09:29:24.862497,,79,1,network_response_75,exact,high
20260511_084923,2026-05-11T09:29:31.924083,https://www.douyin.com/video/7627263633172499739,video_detail,https://www.douyin.com/video/7627263633172499739,,200,2026-05-11T09:29:31.924083,,89,1,network_response_68,exact,high
20260511_084923,2026-05-11T09:29:45.659216,https://www.douyin.com/video/7627282438192702883,video_detail,https://www.douyin.com/video/7627282438192702883,,200,2026-05-11T09:29:45.659216,,92,1,network_response_71,exact,high
20260511_084923,2026-05-11T09:30:01.282045,https://www.douyin.com/video/7627303570510018931,video_detail,https://www.douyin.com/video/7627303570510018931,,200,2026-05-11T09:30:01.282045,,35,,network_response_29,exact,high
20260511_084923,2026-05-11T09:30:20.354888,https://www.douyin.com/video/7627304066300775715,video_detail,https://www.douyin.com/video/7627304066300775715,,200,2026-05-11T09:30:20.354888,,42,,network_response_37,exact,high
20260511_084923,2026-05-11T09:30:27.056533,https://www.douyin.com/video/7627315188374441226,video_detail,https://www.douyin.com/video/7627315188374441226,,200,2026-05-11T09:30:27.056533,,30,,network_response_23,exact,high
20260511_084923,2026-05-11T09:30:29.886283,https://www.douyin.com/video/7627317793243532495,video_detail,https://www.douyin.com/video/7627317793243532495,,200,2026-05-11T09:30:29.886283,,29,,network_response_27,exact,high
20260511_084923,2026-05-11T09:30:32.608875,https://www.douyin.com/video/7627320467275124020,video_detail,https://www.douyin.com/video/7627320467275124020,,200,2026-05-11T09:30:32.608875,,76,1,network_response_66,exact,high
20260511_084923,2026-05-11T09:30:40.852083,https://www.douyin.com/video/7627326318220201258,video_detail,https://www.douyin.com/video/7627326318220201258,,200,2026-05-11T09:30:40.852083,,34,,network_response_30,exact,high
20260511_084923,2026-05-11T09:30:45.418011,https://www.douyin.com/video/7627326708663848242,video_detail,https://www.douyin.com/video/7627326708663848242,,200,2026-05-11T09:30:45.418011,,72,1,network_response_70,exact,high
20260511_084923,2026-05-11T09:30:52.821449,https://www.douyin.com/video/7627337657621728539,video_detail,https://www.douyin.com/video/7627337657621728539,,200,2026-05-11T09:30:52.821449,,75,1,network_response_36,exact,high
20260511_084923,2026-05-11T09:31:02.337404,https://www.douyin.com/video/7627338256799925425,video_detail,https://www.douyin.com/video/7627338256799925425,,200,2026-05-11T09:31:02.337404,,29,,network_response_28,exact,high
20260511_084923,2026-05-11T09:31:06.988599,https://www.douyin.com/video/7627338394946784563,video_detail,https://www.douyin.com/video/7627338394946784563,,200,2026-05-11T09:31:06.988599,,29,,network_response_28,exact,high
20260511_084923,2026-05-11T09:31:10.680986,https://www.douyin.com/video/7627343681325927726,video_detail,https://www.douyin.com/video/7627343681325927726,,200,2026-05-11T09:31:10.680986,,75,1,network_response_60,exact,high
20260511_084923,2026-05-11T09:31:19.019531,https://www.douyin.com/video/7627345335110634794,video_detail,https://www.douyin.com/video/7627345335110634794,,200,2026-05-11T09:31:19.019531,,42,,network_response_34,exact,high
20260511_084923,2026-05-11T09:31:25.123406,https://www.douyin.com/video/7627346275424068706,video_detail,https://www.douyin.com/video/7627346275424068706,,200,2026-05-11T09:31:25.123406,,35,,network_response_30,exact,high
20260511_084923,2026-05-11T09:31:29.026740,https://www.douyin.com/video/7627347820277679801,video_detail,https://www.douyin.com/video/7627347820277679801,,200,2026-05-11T09:31:29.026740,,75,1,network_response_30,exact,high
20260511_084923,2026-05-11T09:31:36.566301,https://www.douyin.com/video/7627348004743269642,video_detail,https://www.douyin.com/video/7627348004743269642,,200,2026-05-11T09:31:36.566301,,57,1,network_response_15,exact,high
20260511_084923,2026-05-11T09:31:40.938729,https://www.douyin.com/video/7627348618081165673,video_detail,https://www.douyin.com/video/7627348618081165673,,200,2026-05-11T09:31:40.938729,,72,1,network_response_31,exact,high
20260511_084923,2026-05-11T09:31:47.970271,https://www.douyin.com/video/7627351417528091129,video_detail,https://www.douyin.com/video/7627351417528091129,,200,2026-05-11T09:31:47.970271,,98,1,network_response_64,exact,high
20260511_084923,2026-05-11T09:32:16.656653,https://www.douyin.com/video/7627351847695235429,video_detail,https://www.douyin.com/video/7627351847695235429,,200,2026-05-11T09:32:16.656653,,71,1,network_response_31,exact,high
20260511_084923,2026-05-11T09:32:26.329104,https://www.douyin.com/video/7627363584947972020,video_detail,https://www.douyin.com/video/7627363584947972020,,200,2026-05-11T09:32:26.329104,,28,,network_response_27,exact,high
20260511_084923,2026-05-11T09:32:29.537473,https://www.douyin.com/video/7627381964698729572,video_detail,https://www.douyin.com/video/7627381964698729572,,200,2026-05-11T09:32:29.537473,,27,,,none,low
20260511_084923,2026-05-11T09:32:31.796904,https://www.douyin.com/video/7627386504347716870,video_detail,https://www.douyin.com/video/7627386504347716870,,200,2026-05-11T09:32:31.796904,,70,1,network_response_31,exact,high
20260511_084923,2026-05-11T09:32:41.514609,https://www.douyin.com/video/7627387956558433578,video_detail,https://www.douyin.com/video/7627387956558433578,,200,2026-05-11T09:32:41.514609,,39,,network_response_35,exact,high
20260511_084923,2026-05-11T09:32:47.537852,https://www.douyin.com/video/7627389186135330086,video_detail,https://www.douyin.com/video/7627389186135330086,,200,2026-05-11T09:32:47.537852,,79,1,network_response_71,exact,high
20260511_084923,2026-05-11T09:32:55.908057,https://www.douyin.com/video/7627392285403878651,video_detail,https://www.douyin.com/video/7627392285403878651,,200,2026-05-11T09:32:55.908057,,68,1,network_response_66,exact,high
20260511_084923,2026-05-11T09:33:03.240662,https://www.douyin.com/video/7627393558156266779,video_detail,https://www.douyin.com/video/7627393558156266779,,200,2026-05-11T09:33:03.240662,,73,1,network_response_65,exact,high
20260511_084923,2026-05-11T09:33:11.275480,https://www.douyin.com/video/7627395615031071668,video_detail,https://www.douyin.com/video/7627395615031071668,,200,2026-05-11T09:33:11.275480,,26,,,none,low
20260511_084923,2026-05-11T09:33:13.843820,https://www.douyin.com/video/7627396261510925618,video_detail,https://www.douyin.com/video/7627396261510925618,,200,2026-05-11T09:33:13.843820,,75,1,network_response_74,exact,high
20260511_084923,2026-05-11T09:33:22.709052,https://www.douyin.com/video/7627400728541154612,video_detail,https://www.douyin.com/video/7627400728541154612,,200,2026-05-11T09:33:22.709052,,79,1,network_response_70,exact,high
20260511_084923,2026-05-11T09:33:36.737088,https://www.douyin.com/video/7627402034844667182,video_detail,https://www.douyin.com/video/7627402034844667182,,200,2026-05-11T09:33:36.737088,,71,1,,none,low
20260511_084923,2026-05-11T09:33:46.582042,https://www.douyin.com/video/7627402896010775808,video_detail,https://www.douyin.com/video/7627402896010775808,,200,2026-05-11T09:33:46.582042,,85,1,network_response_69,exact,high
20260511_084923,2026-05-11T09:34:00.685649,https://www.douyin.com/video/7627404213999488292,video_detail,https://www.douyin.com/video/7627404213999488292,,200,2026-05-11T09:34:00.685649,,69,1,network_response_32,exact,high
20260511_084923,2026-05-11T09:34:10.175268,https://www.douyin.com/video/7627408317001878793,video_detail,https://www.douyin.com/video/7627408317001878793,,200,2026-05-11T09:34:10.175268,,41,,network_response_33,exact,high
20260511_084923,2026-05-11T09:34:16.002978,https://www.douyin.com/video/7627409375031758132,video_detail,https://www.douyin.com/video/7627409375031758132,,200,2026-05-11T09:34:16.002978,,33,,network_response_19,exact,high
20260511_084923,2026-05-11T09:34:19.831132,https://www.douyin.com/video/7627412268250189092,video_detail,https://www.douyin.com/video/7627412268250189092,,200,2026-05-11T09:34:19.831132,,28,,network_response_24,exact,high
20260511_084923,2026-05-11T09:34:22.931167,https://www.douyin.com/video/7627414276671851776,video_detail,https://www.douyin.com/video/7627414276671851776,,200,2026-05-11T09:34:22.931167,,104,1,network_response_71,exact,high
20260511_084923,2026-05-11T09:34:45.910036,https://www.douyin.com/video/7627415695114588530,video_detail,https://www.douyin.com/video/7627415695114588530,,200,2026-05-11T09:34:45.910036,,26,,,none,low
20260511_084923,2026-05-11T09:34:49.441819,https://www.douyin.com/video/7627417139495256057,video_detail,https://www.douyin.com/video/7627417139495256057,,200,2026-05-11T09:34:49.441819,,26,,,none,low
20260511_084923,2026-05-11T09:34:51.648605,https://www.douyin.com/video/7627420702680861987,video_detail,https://www.douyin.com/video/7627420702680861987,,200,2026-05-11T09:34:51.648605,,26,,,none,low
20260511_084923,2026-05-11T09:34:53.804469,https://www.douyin.com/video/7627426969134681395,video_detail,https://www.douyin.com/video/7627426969134681395,,200,2026-05-11T09:34:53.804469,,19,,,none,low
20260511_084923,2026-05-11T09:34:56.008825,https://www.douyin.com/video/7627428059498466598,video_detail,https://www.douyin.com/video/7627428059498466598,,200,2026-05-11T09:34:56.008825,,24,,,none,low
20260511_084923,2026-05-11T09:34:58.304809,https://www.douyin.com/video/7627428173412510885,video_detail,https://www.douyin.com/video/7627428173412510885,,200,2026-05-11T09:34:58.304809,,26,,network_response_25,exact,high
20260511_084923,2026-05-11T09:35:01.605824,https://www.douyin.com/video/7627429503152753972,video_detail,https://www.douyin.com/video/7627429503152753972,,200,2026-05-11T09:35:01.605824,,46,,network_response_35,exact,high
20260511_084923,2026-05-11T09:35:07.464176,https://www.douyin.com/video/7627431605422901425,video_detail,https://www.douyin.com/video/7627431605422901425,,200,2026-05-11T09:35:07.464176,,26,,,none,low
20260511_084923,2026-05-11T09:35:09.927024,https://www.douyin.com/video/7627431726146424090,video_detail,https://www.douyin.com/video/7627431726146424090,,200,2026-05-11T09:35:09.927024,,25,,network_response_18,exact,high
20260511_084923,2026-05-11T09:35:12.552451,https://www.douyin.com/video/7627432590630276387,video_detail,https://www.douyin.com/video/7627432590630276387,,200,2026-05-11T09:35:12.552451,,79,1,network_response_30,exact,high
20260511_084923,2026-05-11T09:35:19.302225,https://www.douyin.com/video/7627440468883819810,video_detail,https://www.douyin.com/video/7627440468883819810,,200,2026-05-11T09:35:19.302225,,27,,network_response_26,exact,high
20260511_084923,2026-05-11T09:35:21.658494,https://www.douyin.com/video/7627440871650296229,video_detail,https://www.douyin.com/video/7627440871650296229,,200,2026-05-11T09:35:21.658494,,27,,,none,low
20260511_084923,2026-05-11T09:35:23.769853,https://www.douyin.com/video/7627441310144585595,video_detail,https://www.douyin.com/video/7627441310144585595,,200,2026-05-11T09:35:23.769853,,27,,network_response_26,exact,high
20260511_084923,2026-05-11T09:35:26.372990,https://www.douyin.com/video/7627441924966826341,video_detail,https://www.douyin.com/video/7627441924966826341,,200,2026-05-11T09:35:26.372990,,72,1,network_response_32,exact,high
20260511_084923,2026-05-11T09:35:32.901477,https://www.douyin.com/video/7627442624676367625,video_detail,https://www.douyin.com/video/7627442624676367625,,200,2026-05-11T09:35:32.901477,,27,,,none,low
20260511_084923,2026-05-11T09:35:36.053715,https://www.douyin.com/video/7627442942387276666,video_detail,https://www.douyin.com/video/7627442942387276666,,200,2026-05-11T09:35:36.053715,,25,,,none,low
20260511_084923,2026-05-11T09:35:39.200592,https://www.douyin.com/video/7627446266695290147,video_detail,https://www.douyin.com/video/7627446266695290147,,200,2026-05-11T09:35:39.200592,,44,,network_response_33,exact,high
20260511_084923,2026-05-11T09:35:44.794868,https://www.douyin.com/video/7627447334372183330,video_detail,https://www.douyin.com/video/7627447334372183330,,200,2026-05-11T09:35:44.794868,,27,,network_response_11,exact,high
20260511_084923,2026-05-11T09:35:47.688495,https://www.douyin.com/video/7627448636531592474,video_detail,https://www.douyin.com/video/7627448636531592474,,200,2026-05-11T09:35:47.688495,,71,1,network_response_65,exact,high
20260511_084923,2026-05-11T09:35:54.300909,https://www.douyin.com/video/7627450461839015567,video_detail,https://www.douyin.com/video/7627450461839015567,,200,2026-05-11T09:35:54.300909,,70,1,network_response_55,exact,high
20260511_084923,2026-05-11T09:36:00.958884,https://www.douyin.com/video/7627452517332421903,video_detail,https://www.douyin.com/video/7627452517332421903,,200,2026-05-11T09:36:00.958884,,91,1,network_response_79,exact,high
20260511_084923,2026-05-11T09:36:15.707476,https://www.douyin.com/video/7627452575201135922,video_detail,https://www.douyin.com/video/7627452575201135922,,200,2026-05-11T09:36:15.707476,,67,1,network_response_31,exact,high
20260511_084923,2026-05-11T09:36:23.591686,https://www.douyin.com/video/7627453338036245194,video_detail,https://www.douyin.com/video/7627453338036245194,,200,2026-05-11T09:36:23.591686,,86,1,network_response_73,exact,high
20260511_084923,2026-05-11T09:36:37.681118,https://www.douyin.com/video/7627454678133862843,video_detail,https://www.douyin.com/video/7627454678133862843,,200,2026-05-11T09:36:37.681118,,82,1,network_response_71,exact,high
20260511_084923,2026-05-11T09:36:52.465142,https://www.douyin.com/video/7627456712270664369,video_detail,https://www.douyin.com/video/7627456712270664369,,200,2026-05-11T09:36:52.465142,,67,1,network_response_31,exact,high
20260511_084923,2026-05-11T09:37:00.116949,https://www.douyin.com/video/7627459398679481636,video_detail,https://www.douyin.com/video/7627459398679481636,,200,2026-05-11T09:37:00.116949,,27,,network_response_23,exact,high
20260511_084923,2026-05-11T09:37:03.611792,https://www.douyin.com/video/7627459983411596586,video_detail,https://www.douyin.com/video/7627459983411596586,,200,2026-05-11T09:37:03.611792,,42,,network_response_37,exact,high
20260511_084923,2026-05-11T09:37:09.626454,https://www.douyin.com/video/7627462727191039267,video_detail,https://www.douyin.com/video/7627462727191039267,,200,2026-05-11T09:37:09.626454,,24,,network_response_22,exact,high
20260511_084923,2026-05-11T09:37:12.294806,https://www.douyin.com/video/7627466887443022321,video_detail,https://www.douyin.com/video/7627466887443022321,,200,2026-05-11T09:37:12.294806,,26,,,none,low
20260511_084923,2026-05-11T09:37:14.413677,https://www.douyin.com/video/7627469555594316145,video_detail,https://www.douyin.com/video/7627469555594316145,,200,2026-05-11T09:37:14.413677,,28,,network_response_17,exact,high
20260511_084923,2026-05-11T09:37:17.040102,https://www.douyin.com/video/7627475548268154162,video_detail,https://www.douyin.com/video/7627475548268154162,,200,2026-05-11T09:37:17.040102,,14,,,none,low
20260511_084923,2026-05-11T09:37:19.191738,https://www.douyin.com/video/7627476199606746842,video_detail,https://www.douyin.com/video/7627476199606746842,,200,2026-05-11T09:37:19.191738,,28,,network_response_26,exact,high
20260511_084923,2026-05-11T09:37:21.761235,https://www.douyin.com/video/7627480904333069568,video_detail,https://www.douyin.com/video/7627480904333069568,,200,2026-05-11T09:37:21.761235,,72,1,network_response_60,exact,high
20260511_084923,2026-05-11T09:37:28.331344,https://www.douyin.com/video/7627481290408725779,video_detail,https://www.douyin.com/video/7627481290408725779,,200,2026-05-11T09:37:28.331344,,28,,network_response_27,exact,high
20260511_084923,2026-05-11T09:37:31.097734,https://www.douyin.com/video/7627482512377367860,video_detail,https://www.douyin.com/video/7627482512377367860,,200,2026-05-11T09:37:31.097734,,67,1,network_response_57,exact,high
20260511_084923,2026-05-11T09:37:37.209239,https://www.douyin.com/video/7627482943329553718,video_detail,https://www.douyin.com/video/7627482943329553718,,200,2026-05-11T09:37:37.209239,,28,,network_response_19,exact,high
20260511_084923,2026-05-11T09:37:40.925954,https://www.douyin.com/video/7627484547906604324,video_detail,https://www.douyin.com/video/7627484547906604324,,200,2026-05-11T09:37:40.925954,,37,,network_response_30,exact,high
20260511_084923,2026-05-11T09:37:45.908874,https://www.douyin.com/video/7627486331857390875,video_detail,https://www.douyin.com/video/7627486331857390875,,200,2026-05-11T09:37:45.908874,,79,1,network_response_77,exact,high
20260511_084923,2026-05-11T09:37:53.771260,https://www.douyin.com/video/7627486597511957806,video_detail,https://www.douyin.com/video/7627486597511957806,,200,2026-05-11T09:37:53.771260,,13,,,none,low
20260511_084923,2026-05-11T09:37:56.137331,https://www.douyin.com/video/7627487586592849626,video_detail,https://www.douyin.com/video/7627487586592849626,,200,2026-05-11T09:37:56.137331,,57,1,,none,low
20260511_084923,2026-05-11T09:38:00.493505,https://www.douyin.com/video/7627489928384990498,video_detail,https://www.douyin.com/video/7627489928384990498,,200,2026-05-11T09:38:00.493505,,88,1,network_response_80,exact,high
20260511_084923,2026-05-11T09:38:14.169630,https://www.douyin.com/video/7627492482841939215,video_detail,https://www.douyin.com/video/7627492482841939215,,200,2026-05-11T09:38:14.169630,,25,,,none,low
20260511_084923,2026-05-11T09:38:18.320768,https://www.douyin.com/video/7627493063123799322,video_detail,https://www.douyin.com/video/7627493063123799322,,200,2026-05-11T09:38:18.320768,,78,1,network_response_72,exact,high
20260511_084923,2026-05-11T09:38:25.318423,https://www.douyin.com/video/7627495477520387343,video_detail,https://www.douyin.com/video/7627495477520387343,,200,2026-05-11T09:38:25.318423,,26,,,none,low
20260511_084923,2026-05-11T09:38:27.945757,https://www.douyin.com/video/7627496312996400420,video_detail,https://www.douyin.com/video/7627496312996400420,,200,2026-05-11T09:38:27.945757,,92,1,network_response_67,exact,high
20260511_084923,2026-05-11T09:38:52.843619,https://www.douyin.com/video/7627501413660134707,video_detail,https://www.douyin.com/video/7627501413660134707,,200,2026-05-11T09:38:52.843619,,26,,,none,low
20260511_084923,2026-05-11T09:38:57.782076,https://www.douyin.com/video/7627508129575570739,video_detail,https://www.douyin.com/video/7627508129575570739,,200,2026-05-11T09:38:57.782076,,34,,network_response_19,exact,high
20260511_084923,2026-05-11T09:39:02.959785,https://www.douyin.com/video/7627512585643186687,video_detail,https://www.douyin.com/video/7627512585643186687,,200,2026-05-11T09:39:02.959785,,28,,,none,low
20260511_084923,2026-05-11T09:39:05.125664,https://www.douyin.com/video/7627519742756080936,video_detail,https://www.douyin.com/video/7627519742756080936,,200,2026-05-11T09:39:05.125664,,24,,,none,low
20260511_084923,2026-05-11T09:39:07.520921,https://www.douyin.com/video/7627538851975679295,video_detail,https://www.douyin.com/video/7627538851975679295,,200,2026-05-11T09:39:07.520921,,27,,,none,low
20260511_084923,2026-05-11T09:39:09.787469,https://www.douyin.com/video/7627546143475420452,video_detail,https://www.douyin.com/video/7627546143475420452,,200,2026-05-11T09:39:09.787469,,28,,,none,low
20260511_084923,2026-05-11T09:39:11.961481,https://www.douyin.com/video/7627550865737534762,video_detail,https://www.douyin.com/video/7627550865737534762,,200,2026-05-11T09:39:11.961481,,9,,,none,low
20260511_084923,2026-05-11T09:39:13.892326,https://www.douyin.com/video/7627553077666647306,video_detail,https://www.douyin.com/video/7627553077666647306,,200,2026-05-11T09:39:13.892326,,28,,network_response_27,exact,high
20260511_084923,2026-05-11T09:39:16.443183,https://www.douyin.com/video/7627581607268344825,video_detail,https://www.douyin.com/video/7627581607268344825,,200,2026-05-11T09:39:16.443183,,53,1,network_response_38,exact,high
20260511_084923,2026-05-11T09:39:20.072195,https://www.douyin.com/video/7627587005018279178,video_detail,https://www.douyin.com/video/7627587005018279178,,200,2026-05-11T09:39:20.072195,,57,1,network_response_39,exact,high
20260511_084923,2026-05-11T09:39:32.582066,https://www.douyin.com/video/7627624211607031091,video_detail,https://www.douyin.com/video/7627624211607031091,,200,2026-05-11T09:39:32.582066,,29,,,none,low
20260511_084923,2026-05-11T09:39:37.326744,https://www.douyin.com/video/7627629212140113179,video_detail,https://www.douyin.com/video/7627629212140113179,,200,2026-05-11T09:39:37.326744,,39,,network_response_29,exact,high
20260511_084923,2026-05-11T09:39:42.616188,https://www.douyin.com/video/7627650507766566163,video_detail,https://www.douyin.com/video/7627650507766566163,,200,2026-05-11T09:39:42.616188,,22,,network_response_11,exact,high
20260511_084923,2026-05-11T09:39:45.357330,https://www.douyin.com/video/7627655513488397553,video_detail,https://www.douyin.com/video/7627655513488397553,,200,2026-05-11T09:39:45.357330,,57,1,network_response_31,exact,high
20260511_084923,2026-05-11T09:39:49.269957,https://www.douyin.com/video/7627688141486296326,video_detail,https://www.douyin.com/video/7627688141486296326,,200,2026-05-11T09:39:49.269957,,14,,,none,low
20260511_084923,2026-05-11T09:39:51.240847,https://www.douyin.com/video/7627703821750787558,video_detail,https://www.douyin.com/video/7627703821750787558,,200,2026-05-11T09:39:51.240847,,76,1,network_response_72,exact,high
20260511_084923,2026-05-11T09:39:57.843357,https://www.douyin.com/video/7627708676488449289,video_detail,https://www.douyin.com/video/7627708676488449289,,200,2026-05-11T09:39:57.843357,,86,1,network_response_72,exact,high
20260511_084923,2026-05-11T09:40:11.636654,https://www.douyin.com/video/7627722299139328360,video_detail,https://www.douyin.com/video/7627722299139328360,,200,2026-05-11T09:40:11.636654,,18,,,none,low
20260511_084923,2026-05-11T09:40:15.236144,https://www.douyin.com/video/7627727932538096911,video_detail,https://www.douyin.com/video/7627727932538096911,,200,2026-05-11T09:40:15.236144,,26,,,none,low
20260511_084923,2026-05-11T09:40:17.460015,https://www.douyin.com/video/7627732844999183631,video_detail,https://www.douyin.com/video/7627732844999183631,,200,2026-05-11T09:40:17.460015,,28,,,none,low
20260511_084923,2026-05-11T09:40:19.601416,https://www.douyin.com/video/7627733960478526747,video_detail,https://www.douyin.com/video/7627733960478526747,,200,2026-05-11T09:40:19.601416,,19,,,none,low
20260511_084923,2026-05-11T09:40:22.588505,https://www.douyin.com/video/7627738150206557503,video_detail,https://www.douyin.com/video/7627738150206557503,,200,2026-05-11T09:40:22.588505,,45,,network_response_34,exact,high
20260511_084923,2026-05-11T09:40:28.504254,https://www.douyin.com/video/7627739435852959012,video_detail,https://www.douyin.com/video/7627739435852959012,,200,2026-05-11T09:40:28.504254,,78,1,network_response_30,exact,high
20260511_084923,2026-05-11T09:40:35.289289,https://www.douyin.com/video/7627751964402666788,video_detail,https://www.douyin.com/video/7627751964402666788,,200,2026-05-11T09:40:35.289289,,22,,,none,low
20260511_084923,2026-05-11T09:40:38.336902,https://www.douyin.com/video/7627757213381506484,video_detail,https://www.douyin.com/video/7627757213381506484,,200,2026-05-11T09:40:38.336902,,26,,network_response_24,exact,high
20260511_084923,2026-05-11T09:40:40.800274,https://www.douyin.com/video/7627760943153286415,video_detail,https://www.douyin.com/video/7627760943153286415,,200,2026-05-11T09:40:40.800274,,12,,,none,low
20260511_084923,2026-05-11T09:40:42.967072,https://www.douyin.com/video/7627764790819939136,video_detail,https://www.douyin.com/video/7627764790819939136,,200,2026-05-11T09:40:42.967072,,26,,network_response_24,exact,high
20260511_084923,2026-05-11T09:40:45.487370,https://www.douyin.com/video/7627767565666041256,video_detail,https://www.douyin.com/video/7627767565666041256,,200,2026-05-11T09:40:45.487370,,26,,,none,low
20260511_084923,2026-05-11T09:40:47.647255,https://www.douyin.com/video/7627767745769957486,video_detail,https://www.douyin.com/video/7627767745769957486,,200,2026-05-11T09:40:47.647255,,75,1,network_response_32,exact,high
20260511_084923,2026-05-11T09:40:55.228240,https://www.douyin.com/video/7627768116780518691,video_detail,https://www.douyin.com/video/7627768116780518691,,200,2026-05-11T09:40:55.228240,,28,,network_response_27,exact,high
20260511_084923,2026-05-11T09:40:58.220612,https://www.douyin.com/video/7627773593241324836,video_detail,https://www.douyin.com/video/7627773593241324836,,200,2026-05-11T09:40:58.220612,,73,1,network_response_31,exact,high
20260511_084923,2026-05-11T09:41:05.546824,https://www.douyin.com/video/7627789716246531379,video_detail,https://www.douyin.com/video/7627789716246531379,,200,2026-05-11T09:41:05.546824,,33,,network_response_28,exact,high
20260511_084923,2026-05-11T09:41:10.737081,https://www.douyin.com/video/7627790321199705009,video_detail,https://www.douyin.com/video/7627790321199705009,,200,2026-05-11T09:41:10.737081,,23,,,none,low
20260511_084923,2026-05-11T09:41:12.984368,https://www.douyin.com/video/7627796121867341075,video_detail,https://www.douyin.com/video/7627796121867341075,,200,2026-05-11T09:41:12.984368,,12,,,none,low
20260511_084923,2026-05-11T09:41:14.962460,https://www.douyin.com/video/7627796273210363136,video_detail,https://www.douyin.com/video/7627796273210363136,,200,2026-05-11T09:41:14.962460,,10,,,none,low
20260511_084923,2026-05-11T09:41:16.841832,https://www.douyin.com/video/7627797556277398826,video_detail,https://www.douyin.com/video/7627797556277398826,,200,2026-05-11T09:41:16.841832,,15,,,none,low
20260511_084923,2026-05-11T09:41:18.708456,https://www.douyin.com/video/7627799015878700788,video_detail,https://www.douyin.com/video/7627799015878700788,,200,2026-05-11T09:41:18.708456,,10,,,none,low
20260511_084923,2026-05-11T09:41:20.869666,https://www.douyin.com/video/7627799756198169891,video_detail,https://www.douyin.com/video/7627799756198169891,,200,2026-05-11T09:41:20.869666,,26,,,none,low
20260511_084923,2026-05-11T09:41:22.885536,https://www.douyin.com/video/7627801800783031161,video_detail,https://www.douyin.com/video/7627801800783031161,,200,2026-05-11T09:41:22.885536,,13,,,none,low
20260511_084923,2026-05-11T09:41:24.760126,https://www.douyin.com/video/7627805429808018943,video_detail,https://www.douyin.com/video/7627805429808018943,,200,2026-05-11T09:41:24.760126,,11,,,none,low
20260511_084923,2026-05-11T09:41:26.811616,https://www.douyin.com/video/7627805720137714970,video_detail,https://www.douyin.com/video/7627805720137714970,,200,2026-05-11T09:41:26.811616,,14,,,none,low
20260511_084923,2026-05-11T09:41:29.904870,https://www.douyin.com/video/7627807559235483584,video_detail,https://www.douyin.com/video/7627807559235483584,,200,2026-05-11T09:41:29.904870,,37,,,none,low
20260511_084923,2026-05-11T09:41:35.044915,https://www.douyin.com/video/7627809482747170084,video_detail,https://www.douyin.com/video/7627809482747170084,,200,2026-05-11T09:41:35.044915,,17,,,none,low
20260511_084923,2026-05-11T09:41:37.131114,https://www.douyin.com/video/7627814145223658779,video_detail,https://www.douyin.com/video/7627814145223658779,,200,2026-05-11T09:41:37.131114,,24,,,none,low
20260511_084923,2026-05-11T09:41:39.271131,https://www.douyin.com/video/7627814682509708587,video_detail,https://www.douyin.com/video/7627814682509708587,,200,2026-05-11T09:41:39.271131,,28,,network_response_26,exact,high
20260511_084923,2026-05-11T09:41:41.973285,https://www.douyin.com/video/7627819328179604776,video_detail,https://www.douyin.com/video/7627819328179604776,,200,2026-05-11T09:41:41.973285,,28,,network_response_23,exact,high
20260511_084923,2026-05-11T09:41:44.740651,https://www.douyin.com/video/7627821252295560463,video_detail,https://www.douyin.com/video/7627821252295560463,,200,2026-05-11T09:41:44.740651,,74,1,network_response_31,exact,high
20260511_084923,2026-05-11T09:41:51.852979,https://www.douyin.com/video/7627822706527898914,video_detail,https://www.douyin.com/video/7627822706527898914,,200,2026-05-11T09:41:51.852979,,83,1,network_response_33,exact,high
20260511_084923,2026-05-11T09:42:05.223948,https://www.douyin.com/video/7627823292346436916,video_detail,https://www.douyin.com/video/7627823292346436916,,200,2026-05-11T09:42:05.223948,,72,1,network_response_35,exact,high
20260511_084923,2026-05-11T09:42:13.456256,https://www.douyin.com/video/7627824401820754304,video_detail,https://www.douyin.com/video/7627824401820754304,,200,2026-05-11T09:42:13.456256,,17,,network_response_16,exact,high
20260511_084923,2026-05-11T09:42:16.042005,https://www.douyin.com/video/7627827220685393152,video_detail,https://www.douyin.com/video/7627827220685393152,,200,2026-05-11T09:42:16.042005,,73,1,network_response_33,exact,high
20260511_084923,2026-05-11T09:42:23.181830,https://www.douyin.com/video/7627828868665134370,video_detail,https://www.douyin.com/video/7627828868665134370,,200,2026-05-11T09:42:23.181830,,43,,network_response_33,exact,high
20260511_084923,2026-05-11T09:42:28.671867,https://www.douyin.com/video/7627830958246382863,video_detail,https://www.douyin.com/video/7627830958246382863,,200,2026-05-11T09:42:28.671867,,17,,network_response_11,exact,high
20260511_084923,2026-05-11T09:42:31.515661,https://www.douyin.com/video/7627833921347226579,video_detail,https://www.douyin.com/video/7627833921347226579,,200,2026-05-11T09:42:31.515661,,27,,network_response_25,exact,high
20260511_084923,2026-05-11T09:42:34.351058,https://www.douyin.com/video/7627836194906230042,video_detail,https://www.douyin.com/video/7627836194906230042,,200,2026-05-11T09:42:34.351058,,12,,,none,low
20260511_084923,2026-05-11T09:42:36.309725,https://www.douyin.com/video/7627838475463953841,video_detail,https://www.douyin.com/video/7627838475463953841,,200,2026-05-11T09:42:36.309725,,25,,,none,low
20260511_084923,2026-05-11T09:42:38.565220,https://www.douyin.com/video/7627839624497572337,video_detail,https://www.douyin.com/video/7627839624497572337,,200,2026-05-11T09:42:38.565220,,18,,,none,low
20260511_084923,2026-05-11T09:42:40.754261,https://www.douyin.com/video/7627849411208498475,video_detail,https://www.douyin.com/video/7627849411208498475,,200,2026-05-11T09:42:40.754261,,72,1,network_response_69,exact,high
20260511_084923,2026-05-11T09:42:47.533513,https://www.douyin.com/video/7627868054499659060,video_detail,https://www.douyin.com/video/7627868054499659060,,200,2026-05-11T09:42:47.533513,,85,1,network_response_72,exact,high
20260511_084923,2026-05-11T09:43:01.425904,https://www.douyin.com/video/7627876099472510218,video_detail,https://www.douyin.com/video/7627876099472510218,,200,2026-05-11T09:43:01.425904,,66,1,network_response_31,exact,high
20260511_084923,2026-05-11T09:43:09.024522,https://www.douyin.com/video/7627877124682059044,video_detail,https://www.douyin.com/video/7627877124682059044,,200,2026-05-11T09:43:09.024522,,81,1,network_response_72,exact,high
20260511_084923,2026-05-11T09:43:23.770740,https://www.douyin.com/video/7627888154590131446,video_detail,https://www.douyin.com/video/7627888154590131446,,200,2026-05-11T09:43:23.770740,,34,,network_response_28,exact,high
20260511_084923,2026-05-11T09:43:29.183676,https://www.douyin.com/video/7627890574250577152,video_detail,https://www.douyin.com/video/7627890574250577152,,200,2026-05-11T09:43:29.183676,,72,1,network_response_32,exact,high
20260511_084923,2026-05-11T09:43:35.634911,https://www.douyin.com/video/7627890694136490102,video_detail,https://www.douyin.com/video/7627890694136490102,,200,2026-05-11T09:43:35.634911,,70,1,network_response_33,exact,high
20260511_084923,2026-05-11T09:43:41.888867,https://www.douyin.com/video/7627897180354874666,video_detail,https://www.douyin.com/video/7627897180354874666,,200,2026-05-11T09:43:41.888867,,72,1,network_response_24,exact,high
20260511_084923,2026-05-11T09:43:48.427772,https://www.douyin.com/video/7627920826385904617,video_detail,https://www.douyin.com/video/7627920826385904617,,200,2026-05-11T09:43:48.427772,,28,,network_response_27,exact,high
20260511_084923,2026-05-11T09:43:51.108919,https://www.douyin.com/video/7627924151814065418,video_detail,https://www.douyin.com/video/7627924151814065418,,200,2026-05-11T09:43:51.108919,,27,,network_response_24,exact,high
20260511_084923,2026-05-11T09:43:54.042878,https://www.douyin.com/video/7627928473400029925,video_detail,https://www.douyin.com/video/7627928473400029925,,200,2026-05-11T09:43:54.042878,,26,,,none,low
20260511_084923,2026-05-11T09:43:56.339449,https://www.douyin.com/video/7627929197108923690,video_detail,https://www.douyin.com/video/7627929197108923690,,200,2026-05-11T09:43:56.339449,,26,,network_response_25,exact,high
20260511_084923,2026-05-11T09:43:58.637014,https://www.douyin.com/video/7627930817636879658,video_detail,https://www.douyin.com/video/7627930817636879658,,200,2026-05-11T09:43:58.637014,,28,,network_response_26,exact,high
20260511_084923,2026-05-11T09:44:01.276668,https://www.douyin.com/video/7628031325068496182,video_detail,https://www.douyin.com/video/7628031325068496182,,200,2026-05-11T09:44:01.276668,,28,,network_response_26,exact,high
20260511_084923,2026-05-11T09:44:04.734289,https://www.douyin.com/video/7628047863448177971,video_detail,https://www.douyin.com/video/7628047863448177971,,200,2026-05-11T09:44:04.734289,,42,,network_response_31,exact,high
20260511_084923,2026-05-11T09:44:10.676775,https://www.douyin.com/video/7628048979867728027,video_detail,https://www.douyin.com/video/7628048979867728027,,200,2026-05-11T09:44:10.676775,,17,,,none,low
20260511_084923,2026-05-11T09:44:12.789473,https://www.douyin.com/video/7628058028667366757,video_detail,https://www.douyin.com/video/7628058028667366757,,200,2026-05-11T09:44:12.789473,,26,,network_response_23,exact,high
20260511_084923,2026-05-11T09:44:15.173025,https://www.douyin.com/video/7628060646696815926,video_detail,https://www.douyin.com/video/7628060646696815926,,200,2026-05-11T09:44:15.173025,,54,1,network_response_32,exact,high
20260511_084923,2026-05-11T09:44:19.829426,https://www.douyin.com/video/7628067898040528241,video_detail,https://www.douyin.com/video/7628067898040528241,,200,2026-05-11T09:44:19.829426,,23,,,none,low
20260511_084923,2026-05-11T09:44:22.632623,https://www.douyin.com/video/7628090801592196537,video_detail,https://www.douyin.com/video/7628090801592196537,,200,2026-05-11T09:44:22.632623,,26,,,none,low
20260511_084923,2026-05-11T09:44:24.944462,https://www.douyin.com/video/7628091879809301178,video_detail,https://www.douyin.com/video/7628091879809301178,,200,2026-05-11T09:44:24.944462,,76,1,network_response_31,exact,high
20260511_084923,2026-05-11T09:44:32.463024,https://www.douyin.com/video/7628093020415528218,video_detail,https://www.douyin.com/video/7628093020415528218,,200,2026-05-11T09:44:32.463024,,72,1,network_response_67,exact,high
20260511_084923,2026-05-11T09:44:39.954702,https://www.douyin.com/video/7628100705559072027,video_detail,https://www.douyin.com/video/7628100705559072027,,200,2026-05-11T09:44:39.954702,,27,,network_response_23,exact,high
20260511_084923,2026-05-11T09:44:42.348027,https://www.douyin.com/video/7628102244734438671,video_detail,https://www.douyin.com/video/7628102244734438671,,200,2026-05-11T09:44:42.348027,,67,1,network_response_31,exact,high
20260511_084923,2026-05-11T09:44:49.549392,https://www.douyin.com/video/7628102797761760538,video_detail,https://www.douyin.com/video/7628102797761760538,,200,2026-05-11T09:44:49.549392,,44,,network_response_33,exact,high
20260511_084923,2026-05-11T09:44:55.656687,https://www.douyin.com/video/7628110680549705189,video_detail,https://www.douyin.com/video/7628110680549705189,,200,2026-05-11T09:44:55.656687,,28,,network_response_27,exact,high
20260511_084923,2026-05-11T09:44:58.290516,https://www.douyin.com/video/7628111906008945401,video_detail,https://www.douyin.com/video/7628111906008945401,,200,2026-05-11T09:44:58.290516,,27,,network_response_21,exact,high
20260511_084923,2026-05-11T09:45:01.071710,https://www.douyin.com/video/7628113118803152166,video_detail,https://www.douyin.com/video/7628113118803152166,,200,2026-05-11T09:45:01.071710,,15,,,none,low
20260511_084923,2026-05-11T09:45:03.144475,https://www.douyin.com/video/7628116114135896933,video_detail,https://www.douyin.com/video/7628116114135896933,,200,2026-05-11T09:45:03.144475,,28,,network_response_27,exact,high
20260511_084923,2026-05-11T09:45:05.896992,https://www.douyin.com/video/7628116697542593828,video_detail,https://www.douyin.com/video/7628116697542593828,,200,2026-05-11T09:45:05.896992,,109,1,network_response_73,exact,high
20260511_084923,2026-05-11T09:45:31.897981,https://www.douyin.com/video/7628118527538515236,video_detail,https://www.douyin.com/video/7628118527538515236,,200,2026-05-11T09:45:31.897981,,81,1,network_response_69,exact,high
20260511_084923,2026-05-11T09:45:45.859779,https://www.douyin.com/video/7628123745483886267,video_detail,https://www.douyin.com/video/7628123745483886267,,200,2026-05-11T09:45:45.859779,,11,,,none,low
20260511_084923,2026-05-11T09:45:49.677998,https://www.douyin.com/video/7628127330842662905,video_detail,https://www.douyin.com/video/7628127330842662905,,200,2026-05-11T09:45:49.677998,,26,,,none,low
20260511_084923,2026-05-11T09:45:51.876540,https://www.douyin.com/video/7628130074872515880,video_detail,https://www.douyin.com/video/7628130074872515880,,200,2026-05-11T09:45:51.876540,,12,,,none,low
20260511_084923,2026-05-11T09:45:55.022069,https://www.douyin.com/video/7628141688007036194,video_detail,https://www.douyin.com/video/7628141688007036194,,200,2026-05-11T09:45:55.022069,,40,,network_response_30,exact,high
20260511_084923,2026-05-11T09:46:00.697220,https://www.douyin.com/video/7628146241486015771,video_detail,https://www.douyin.com/video/7628146241486015771,,200,2026-05-11T09:46:00.697220,,75,1,network_response_30,exact,high
20260511_084923,2026-05-11T09:46:07.782531,https://www.douyin.com/video/7628146721394410394,video_detail,https://www.douyin.com/video/7628146721394410394,,200,2026-05-11T09:46:07.782531,,18,,,none,low
20260511_084923,2026-05-11T09:46:10.505465,https://www.douyin.com/video/7628149182360079616,video_detail,https://www.douyin.com/video/7628149182360079616,,200,2026-05-11T09:46:10.505465,,28,,network_response_26,exact,high
20260511_084923,2026-05-11T09:46:13.357210,https://www.douyin.com/video/7628149590734163234,video_detail,https://www.douyin.com/video/7628149590734163234,,200,2026-05-11T09:46:13.357210,,74,1,network_response_27,exact,high
20260511_084923,2026-05-11T09:46:22.871518,https://www.douyin.com/video/7628151320943365395,video_detail,https://www.douyin.com/video/7628151320943365395,,200,2026-05-11T09:46:22.871518,,28,,network_response_25,exact,high
20260511_084923,2026-05-11T09:46:28.634568,https://www.douyin.com/video/7628153788234239268,video_detail,https://www.douyin.com/video/7628153788234239268,,200,2026-05-11T09:46:28.634568,,25,,,none,low
20260511_084923,2026-05-11T09:46:31.358045,https://www.douyin.com/video/7628156417312050484,video_detail,https://www.douyin.com/video/7628156417312050484,,200,2026-05-11T09:46:31.358045,,27,,,none,low
20260511_084923,2026-05-11T09:46:33.881840,https://www.douyin.com/video/7628157615948098033,video_detail,https://www.douyin.com/video/7628157615948098033,,200,2026-05-11T09:46:33.881840,,72,1,network_response_27,exact,high
20260511_084923,2026-05-11T09:46:41.037962,https://www.douyin.com/video/7628158414891306286,video_detail,https://www.douyin.com/video/7628158414891306286,,200,2026-05-11T09:46:41.037962,,25,,,none,low
20260511_084923,2026-05-11T09:46:45.189523,https://www.douyin.com/video/7628162809779976677,video_detail,https://www.douyin.com/video/7628162809779976677,,200,2026-05-11T09:46:45.189523,,36,,network_response_31,exact,high
20260511_084923,2026-05-11T09:46:50.317430,https://www.douyin.com/video/7628168143998946586,video_detail,https://www.douyin.com/video/7628168143998946586,,200,2026-05-11T09:46:50.317430,,32,,network_response_27,exact,high
20260511_084923,2026-05-11T09:46:53.437945,https://www.douyin.com/video/7628168149820591360,video_detail,https://www.douyin.com/video/7628168149820591360,,200,2026-05-11T09:46:53.437945,,27,,,none,low
20260511_084923,2026-05-11T09:46:55.906337,https://www.douyin.com/video/7628172065980632242,video_detail,https://www.douyin.com/video/7628172065980632242,,200,2026-05-11T09:46:55.906337,,74,1,,none,low
20260511_084923,2026-05-11T09:47:02.511160,https://www.douyin.com/video/7628172492074680745,video_detail,https://www.douyin.com/video/7628172492074680745,,200,2026-05-11T09:47:02.511160,,86,1,network_response_60,exact,high
20260511_084923,2026-05-11T09:47:16.626679,https://www.douyin.com/video/7628175675219823907,video_detail,https://www.douyin.com/video/7628175675219823907,,200,2026-05-11T09:47:16.626679,,67,1,network_response_35,exact,high
20260511_084923,2026-05-11T09:47:24.717205,https://www.douyin.com/video/7628177093649812774,video_detail,https://www.douyin.com/video/7628177093649812774,,200,2026-05-11T09:47:24.717205,,70,1,network_response_60,exact,high
20260511_084923,2026-05-11T09:47:30.959941,https://www.douyin.com/video/7628177167054114063,video_detail,https://www.douyin.com/video/7628177167054114063,,200,2026-05-11T09:47:30.959941,,22,,,none,low
20260511_084923,2026-05-11T09:47:33.258936,https://www.douyin.com/video/7628177288084852002,video_detail,https://www.douyin.com/video/7628177288084852002,,200,2026-05-11T09:47:33.258936,,26,,network_response_14,exact,high
20260511_084923,2026-05-11T09:47:35.746031,https://www.douyin.com/video/7628180869450281131,video_detail,https://www.douyin.com/video/7628180869450281131,,200,2026-05-11T09:47:35.746031,,28,,,none,low
20260511_084923,2026-05-11T09:47:39.654125,https://www.douyin.com/video/7628181442358989425,video_detail,https://www.douyin.com/video/7628181442358989425,,200,2026-05-11T09:47:39.654125,,32,,network_response_30,exact,high
20260511_084923,2026-05-11T09:47:44.131304,https://www.douyin.com/video/7628182693813878451,video_detail,https://www.douyin.com/video/7628182693813878451,,200,2026-05-11T09:47:44.131304,,13,,,none,low
20260511_084923,2026-05-11T09:47:46.148307,https://www.douyin.com/video/7628185859350744366,video_detail,https://www.douyin.com/video/7628185859350744366,,200,2026-05-11T09:47:46.148307,,84,1,network_response_77,exact,high
20260511_084923,2026-05-11T09:47:56.062308,https://www.douyin.com/video/7628186071175613748,video_detail,https://www.douyin.com/video/7628186071175613748,,200,2026-05-11T09:47:56.062308,,10,,,none,low
20260511_084923,2026-05-11T09:47:59.396202,https://www.douyin.com/video/7628187879991500219,video_detail,https://www.douyin.com/video/7628187879991500219,,200,2026-05-11T09:47:59.396202,,12,,,none,low
20260511_084923,2026-05-11T09:48:01.392187,https://www.douyin.com/video/7628188193254838961,video_detail,https://www.douyin.com/video/7628188193254838961,,200,2026-05-11T09:48:01.392187,,13,,,none,low
20260511_084923,2026-05-11T09:48:03.422311,https://www.douyin.com/video/7628191681187286315,video_detail,https://www.douyin.com/video/7628191681187286315,,200,2026-05-11T09:48:03.422311,,72,1,network_response_59,exact,high
20260511_084923,2026-05-11T09:48:10.897246,https://www.douyin.com/video/7628194613840751542,video_detail,https://www.douyin.com/video/7628194613840751542,,200,2026-05-11T09:48:10.897246,,26,,,none,low
20260511_084923,2026-05-11T09:48:14.070016,https://www.douyin.com/video/7628196155113872762,video_detail,https://www.douyin.com/video/7628196155113872762,,200,2026-05-11T09:48:14.070016,,71,1,network_response_59,exact,high
20260511_084923,2026-05-11T09:48:20.411478,https://www.douyin.com/video/7628196816488638891,video_detail,https://www.douyin.com/video/7628196816488638891,,200,2026-05-11T09:48:20.411478,,15,,,none,low
20260511_084923,2026-05-11T09:48:24.377112,https://www.douyin.com/video/7628199242552593698,video_detail,https://www.douyin.com/video/7628199242552593698,,200,2026-05-11T09:48:24.377112,,41,,network_response_27,exact,high
20260511_084923,2026-05-11T09:48:30.200397,https://www.douyin.com/video/7628200739264843050,video_detail,https://www.douyin.com/video/7628200739264843050,,200,2026-05-11T09:48:30.200397,,72,1,network_response_32,exact,high
20260511_084923,2026-05-11T09:48:37.424265,https://www.douyin.com/video/7628200995012562210,video_detail,https://www.douyin.com/video/7628200995012562210,,200,2026-05-11T09:48:37.424265,,24,,network_response_19,exact,high
20260511_084923,2026-05-11T09:48:40.620911,https://www.douyin.com/video/7628201072133229876,video_detail,https://www.douyin.com/video/7628201072133229876,,200,2026-05-11T09:48:40.620911,,21,,,none,low
20260511_084923,2026-05-11T09:48:42.820153,https://www.douyin.com/video/7628201207244311843,video_detail,https://www.douyin.com/video/7628201207244311843,,200,2026-05-11T09:48:42.820153,,70,1,network_response_32,exact,high
20260511_084923,2026-05-11T09:48:50.613131,https://www.douyin.com/video/7628201755314097417,video_detail,https://www.douyin.com/video/7628201755314097417,,200,2026-05-11T09:48:50.613131,,81,1,network_response_30,exact,high
20260511_084923,2026-05-11T09:49:04.317422,https://www.douyin.com/video/7628203471505755438,video_detail,https://www.douyin.com/video/7628203471505755438,,200,2026-05-11T09:49:04.317422,,10,,,none,low
20260511_084923,2026-05-11T09:49:25.341834,https://www.douyin.com/video/7628206627111423247,video_detail,https://www.douyin.com/video/7628206627111423247,,200,2026-05-11T09:49:25.341834,,73,1,network_response_29,exact,high
20260511_084923,2026-05-11T09:49:42.740588,https://www.douyin.com/video/7628209353560343144,video_detail,https://www.douyin.com/video/7628209353560343144,,200,2026-05-11T09:49:42.740588,,78,1,network_response_31,exact,high
20260511_084923,2026-05-11T09:49:56.802557,https://www.douyin.com/video/7628211761276524531,video_detail,https://www.douyin.com/video/7628211761276524531,,200,2026-05-11T09:49:56.802557,,33,,network_response_32,exact,high
20260511_084923,2026-05-11T09:50:38.292437,https://www.douyin.com/video/7628212717249105188,video_detail,https://www.douyin.com/video/7628212717249105188,,200,2026-05-11T09:50:38.292437,,31,,network_response_30,exact,high
20260511_084923,2026-05-11T09:50:43.180903,https://www.douyin.com/video/7628214670415799930,video_detail,https://www.douyin.com/video/7628214670415799930,,200,2026-05-11T09:50:43.180903,,88,1,network_response_78,exact,high
20260511_084923,2026-05-11T09:50:56.916587,https://www.douyin.com/video/7628215057280732457,video_detail,https://www.douyin.com/video/7628215057280732457,,200,2026-05-11T09:50:56.916587,,27,,,none,low
20260511_084923,2026-05-11T09:51:01.082344,https://www.douyin.com/video/7628215607988636980,video_detail,https://www.douyin.com/video/7628215607988636980,,200,2026-05-11T09:51:01.082344,,27,,network_response_26,exact,high
20260511_084923,2026-05-11T09:51:03.794997,https://www.douyin.com/video/7628216110852230450,video_detail,https://www.douyin.com/video/7628216110852230450,,200,2026-05-11T09:51:03.794997,,20,,,none,low
20260511_084923,2026-05-11T09:51:05.904087,https://www.douyin.com/video/7628216276028067087,video_detail,https://www.douyin.com/video/7628216276028067087,,200,2026-05-11T09:51:05.904087,,10,,,none,low
20260511_084923,2026-05-11T09:51:07.889835,https://www.douyin.com/video/7628223343635795252,video_detail,https://www.douyin.com/video/7628223343635795252,,200,2026-05-11T09:51:07.889835,,24,,network_response_23,exact,high
20260511_084923,2026-05-11T09:51:10.644679,https://www.douyin.com/video/7628223451060374835,video_detail,https://www.douyin.com/video/7628223451060374835,,200,2026-05-11T09:51:10.644679,,29,,network_response_13,exact,high
20260511_084923,2026-05-11T09:51:13.736269,https://www.douyin.com/video/7628226881866714403,video_detail,https://www.douyin.com/video/7628226881866714403,,200,2026-05-11T09:51:13.736269,,20,,,none,low
20260511_084923,2026-05-11T09:51:15.883219,https://www.douyin.com/video/7628232158884138249,video_detail,https://www.douyin.com/video/7628232158884138249,,200,2026-05-11T09:51:15.883219,,13,,,none,low
20260511_084923,2026-05-11T09:51:18.987499,https://www.douyin.com/video/7628236045397658886,video_detail,https://www.douyin.com/video/7628236045397658886,,200,2026-05-11T09:51:18.987499,,46,,network_response_33,exact,high
20260511_084923,2026-05-11T09:51:25.608664,https://www.douyin.com/video/7628236791497198902,video_detail,https://www.douyin.com/video/7628236791497198902,,200,2026-05-11T09:51:25.608664,,29,,network_response_12,exact,high
20260511_084923,2026-05-11T09:51:28.609685,https://www.douyin.com/video/7628238064955002158,video_detail,https://www.douyin.com/video/7628238064955002158,,200,2026-05-11T09:51:28.609685,,75,1,network_response_34,exact,high
20260511_084923,2026-05-11T09:51:35.726791,https://www.douyin.com/video/7628240869754249467,video_detail,https://www.douyin.com/video/7628240869754249467,,200,2026-05-11T09:51:35.726791,,28,,network_response_26,exact,high
20260511_084923,2026-05-11T09:51:38.892462,https://www.douyin.com/video/7628240891379076352,video_detail,https://www.douyin.com/video/7628240891379076352,,200,2026-05-11T09:51:38.892462,,27,,network_response_26,exact,high
20260511_084923,2026-05-11T09:51:41.296713,https://www.douyin.com/video/7628242387181079849,video_detail,https://www.douyin.com/video/7628242387181079849,,200,2026-05-11T09:51:41.296713,,13,,,none,low
20260511_084923,2026-05-11T09:51:43.429433,https://www.douyin.com/video/7628244059261406516,video_detail,https://www.douyin.com/video/7628244059261406516,,200,2026-05-11T09:51:43.429433,,12,,,none,low
20260511_084923,2026-05-11T09:51:45.338595,https://www.douyin.com/video/7628249525349876179,video_detail,https://www.douyin.com/video/7628249525349876179,,200,2026-05-11T09:51:45.338595,,17,,network_response_13,exact,high
20260511_084923,2026-05-11T09:51:47.836638,https://www.douyin.com/video/7628251246663518569,video_detail,https://www.douyin.com/video/7628251246663518569,,200,2026-05-11T09:51:47.836638,,27,,,none,low
20260511_084923,2026-05-11T09:51:50.129428,https://www.douyin.com/video/7628252522766994742,video_detail,https://www.douyin.com/video/7628252522766994742,,200,2026-05-11T09:51:50.129428,,76,1,network_response_29,exact,high
20260511_084923,2026-05-11T09:51:58.450417,https://www.douyin.com/video/7628261714076634406,video_detail,https://www.douyin.com/video/7628261714076634406,,200,2026-05-11T09:51:58.450417,,40,,network_response_33,exact,high
20260511_084923,2026-05-11T09:52:04.209446,https://www.douyin.com/video/7628263053420075258,video_detail,https://www.douyin.com/video/7628263053420075258,,200,2026-05-11T09:52:04.209446,,75,1,network_response_62,exact,high
20260511_084923,2026-05-11T09:52:11.067190,https://www.douyin.com/video/7628264505545746533,video_detail,https://www.douyin.com/video/7628264505545746533,,200,2026-05-11T09:52:11.067190,,72,1,network_response_66,exact,high
20260511_084923,2026-05-11T09:52:18.179243,https://www.douyin.com/video/7628269874644569395,video_detail,https://www.douyin.com/video/7628269874644569395,,200,2026-05-11T09:52:18.179243,,73,1,network_response_26,exact,high
20260511_084923,2026-05-11T09:52:24.958903,https://www.douyin.com/video/7628271399622266121,video_detail,https://www.douyin.com/video/7628271399622266121,,200,2026-05-11T09:52:24.958903,,26,,,none,low
20260511_084923,2026-05-11T09:52:27.369361,https://www.douyin.com/video/7628276975144176905,video_detail,https://www.douyin.com/video/7628276975144176905,,200,2026-05-11T09:52:27.369361,,12,,,none,low
20260511_084923,2026-05-11T09:52:29.889374,https://www.douyin.com/video/7628277398802418986,video_detail,https://www.douyin.com/video/7628277398802418986,,200,2026-05-11T09:52:29.889374,,25,,,none,low
20260511_084923,2026-05-11T09:52:31.955691,https://www.douyin.com/video/7628278392391060782,video_detail,https://www.douyin.com/video/7628278392391060782,,200,2026-05-11T09:52:31.955691,,28,,network_response_25,exact,high
20260511_084923,2026-05-11T09:52:34.583417,https://www.douyin.com/video/7628299638219539091,video_detail,https://www.douyin.com/video/7628299638219539091,,200,2026-05-11T09:52:34.583417,,26,,network_response_22,exact,high
20260511_084923,2026-05-11T09:52:37.025428,https://www.douyin.com/video/7628316217324948736,video_detail,https://www.douyin.com/video/7628316217324948736,,200,2026-05-11T09:52:37.025428,,17,,network_response_16,exact,high
20260511_084923,2026-05-11T09:52:40.607850,https://www.douyin.com/video/7628375356185117602,video_detail,https://www.douyin.com/video/7628375356185117602,,200,2026-05-11T09:52:40.607850,,40,,network_response_31,exact,high
20260511_084923,2026-05-11T09:52:45.892664,https://www.douyin.com/video/7628410734539443499,video_detail,https://www.douyin.com/video/7628410734539443499,,200,2026-05-11T09:52:45.892664,,32,,network_response_11,exact,high
20260511_084923,2026-05-11T09:52:49.122647,https://www.douyin.com/video/7628416550713806090,video_detail,https://www.douyin.com/video/7628416550713806090,,200,2026-05-11T09:52:49.122647,,13,,,none,low
20260511_084923,2026-05-11T09:52:51.323645,https://www.douyin.com/video/7628419080253154033,video_detail,https://www.douyin.com/video/7628419080253154033,,200,2026-05-11T09:52:51.323645,,27,,network_response_26,exact,high
20260511_084923,2026-05-11T09:52:53.641951,https://www.douyin.com/video/7628428336838069550,video_detail,https://www.douyin.com/video/7628428336838069550,,200,2026-05-11T09:52:53.641951,,15,,,none,low
20260511_084923,2026-05-11T09:52:55.703830,https://www.douyin.com/video/7628437876157500726,video_detail,https://www.douyin.com/video/7628437876157500726,,200,2026-05-11T09:52:55.703830,,15,,,none,low
20260511_084923,2026-05-11T09:52:57.830639,https://www.douyin.com/video/7628439313604218112,video_detail,https://www.douyin.com/video/7628439313604218112,,200,2026-05-11T09:52:57.830639,,28,,network_response_23,exact,high
20260511_084923,2026-05-11T09:53:00.370015,https://www.douyin.com/video/7628444751822149870,video_detail,https://www.douyin.com/video/7628444751822149870,,200,2026-05-11T09:53:00.370015,,60,1,,none,low
20260511_084923,2026-05-11T09:53:06.758484,https://www.douyin.com/video/7628446126118685958,video_detail,https://www.douyin.com/video/7628446126118685958,,200,2026-05-11T09:53:06.758484,,60,1,network_response_17,exact,high
20260511_084923,2026-05-11T09:53:13.736136,https://www.douyin.com/video/7628447637628325174,video_detail,https://www.douyin.com/video/7628447637628325174,,200,2026-05-11T09:53:13.736136,,14,,,none,low
20260511_084923,2026-05-11T09:53:16.782455,https://www.douyin.com/video/7628449286069521710,video_detail,https://www.douyin.com/video/7628449286069521710,,200,2026-05-11T09:53:16.782455,,46,,network_response_37,exact,high
20260511_084923,2026-05-11T09:53:22.637738,https://www.douyin.com/video/7628473525803715846,video_detail,https://www.douyin.com/video/7628473525803715846,,200,2026-05-11T09:53:22.637738,,26,,,none,low
20260511_084923,2026-05-11T09:53:24.699103,https://www.douyin.com/video/7628485699889944753,video_detail,https://www.douyin.com/video/7628485699889944753,,200,2026-05-11T09:53:24.699103,,85,1,network_response_76,exact,high
20260511_084923,2026-05-11T09:53:31.880041,https://www.douyin.com/video/7628487426688694514,video_detail,https://www.douyin.com/video/7628487426688694514,,200,2026-05-11T09:53:31.880041,,18,,,none,low
20260511_084923,2026-05-11T09:53:33.866173,https://www.douyin.com/video/7628490869452098879,video_detail,https://www.douyin.com/video/7628490869452098879,,200,2026-05-11T09:53:33.866173,,26,,,none,low
20260511_084923,2026-05-11T09:53:36.193469,https://www.douyin.com/video/7628498249464188201,video_detail,https://www.douyin.com/video/7628498249464188201,,200,2026-05-11T09:53:36.193469,,29,,network_response_28,exact,high
20260511_084923,2026-05-11T09:53:38.666845,https://www.douyin.com/video/7628498597714449913,video_detail,https://www.douyin.com/video/7628498597714449913,,200,2026-05-11T09:53:38.666845,,14,,,none,low
20260511_084923,2026-05-11T09:53:40.711399,https://www.douyin.com/video/7628506784818669658,video_detail,https://www.douyin.com/video/7628506784818669658,,200,2026-05-11T09:53:40.711399,,74,1,network_response_64,exact,high
20260511_084923,2026-05-11T09:53:46.710031,https://www.douyin.com/video/7628511976510983478,video_detail,https://www.douyin.com/video/7628511976510983478,,200,2026-05-11T09:53:46.710031,,26,,,none,low
20260511_084923,2026-05-11T09:53:48.876119,https://www.douyin.com/video/7628512753493265705,video_detail,https://www.douyin.com/video/7628512753493265705,,200,2026-05-11T09:53:48.876119,,73,1,network_response_64,exact,high
20260511_084923,2026-05-11T09:53:56.604723,https://www.douyin.com/video/7628519585913769231,video_detail,https://www.douyin.com/video/7628519585913769231,,200,2026-05-11T09:53:56.604723,,39,,network_response_34,exact,high
20260511_084923,2026-05-11T09:54:02.308805,https://www.douyin.com/video/7628521945339923748,video_detail,https://www.douyin.com/video/7628521945339923748,,200,2026-05-11T09:54:02.308805,,77,1,network_response_29,exact,high
20260511_084923,2026-05-11T09:54:13.569926,https://www.douyin.com/video/7628523506556334001,video_detail,https://www.douyin.com/video/7628523506556334001,,200,2026-05-11T09:54:13.569926,,70,1,network_response_67,exact,high
20260511_084923,2026-05-11T09:54:21.538869,https://www.douyin.com/video/7628524892175009893,video_detail,https://www.douyin.com/video/7628524892175009893,,200,2026-05-11T09:54:21.538869,,28,,network_response_18,exact,high
20260511_084923,2026-05-11T09:54:24.370502,https://www.douyin.com/video/7628533606793576858,video_detail,https://www.douyin.com/video/7628533606793576858,,200,2026-05-11T09:54:24.370502,,12,,,none,low
20260511_084923,2026-05-11T09:54:26.533563,https://www.douyin.com/video/7628534378175450414,video_detail,https://www.douyin.com/video/7628534378175450414,,200,2026-05-11T09:54:26.533563,,90,1,network_response_71,exact,high
20260511_084923,2026-05-11T09:54:41.340593,https://www.douyin.com/video/7628535890368826660,video_detail,https://www.douyin.com/video/7628535890368826660,,200,2026-05-11T09:54:41.340593,,76,1,network_response_67,exact,high
20260511_084923,2026-05-11T09:54:55.056626,https://www.douyin.com/video/7628536311300902179,video_detail,https://www.douyin.com/video/7628536311300902179,,200,2026-05-11T09:54:55.056626,,28,,network_response_24,exact,high
20260511_084923,2026-05-11T09:54:59.550475,https://www.douyin.com/video/7628536809533869366,video_detail,https://www.douyin.com/video/7628536809533869366,,200,2026-05-11T09:54:59.550475,,27,,network_response_20,exact,high
20260511_084923,2026-05-11T09:55:02.323678,https://www.douyin.com/video/7628538024846003496,video_detail,https://www.douyin.com/video/7628538024846003496,,200,2026-05-11T09:55:02.323678,,72,1,network_response_62,exact,high
20260511_084923,2026-05-11T09:55:11.193181,https://www.douyin.com/video/7628540671300750634,video_detail,https://www.douyin.com/video/7628540671300750634,,200,2026-05-11T09:55:11.193181,,38,,network_response_36,exact,high
20260511_084923,2026-05-11T09:55:17.002218,https://www.douyin.com/video/7628543943240394938,video_detail,https://www.douyin.com/video/7628543943240394938,,200,2026-05-11T09:55:17.002218,,25,,,none,low
20260511_084923,2026-05-11T09:55:19.221976,https://www.douyin.com/video/7628545446177199103,video_detail,https://www.douyin.com/video/7628545446177199103,,200,2026-05-11T09:55:19.221976,,26,,,none,low
20260511_084923,2026-05-11T09:55:21.493272,https://www.douyin.com/video/7628548054651587881,video_detail,https://www.douyin.com/video/7628548054651587881,,200,2026-05-11T09:55:21.493272,,25,,,none,low
20260511_084923,2026-05-11T09:55:23.675934,https://www.douyin.com/video/7628548056064986408,video_detail,https://www.douyin.com/video/7628548056064986408,,200,2026-05-11T09:55:23.675934,,75,1,network_response_70,exact,high
20260511_084923,2026-05-11T09:55:30.987795,https://www.douyin.com/video/7628548450518437166,video_detail,https://www.douyin.com/video/7628548450518437166,,200,2026-05-11T09:55:30.987795,,74,1,network_response_61,exact,high
20260511_084923,2026-05-11T09:55:37.687305,https://www.douyin.com/video/7628550109457812786,video_detail,https://www.douyin.com/video/7628550109457812786,,200,2026-05-11T09:55:37.687305,,28,,network_response_26,exact,high
20260511_084923,2026-05-11T09:55:40.172418,https://www.douyin.com/video/7628551066108245376,video_detail,https://www.douyin.com/video/7628551066108245376,,200,2026-05-11T09:55:40.172418,,71,1,network_response_57,exact,high
20260511_084923,2026-05-11T09:55:46.399983,https://www.douyin.com/video/7628553182126640238,video_detail,https://www.douyin.com/video/7628553182126640238,,200,2026-05-11T09:55:46.399983,,83,1,network_response_74,exact,high
20260511_084923,2026-05-11T09:56:00.361246,https://www.douyin.com/video/7628557418826159033,video_detail,https://www.douyin.com/video/7628557418826159033,,200,2026-05-11T09:56:00.361246,,90,1,network_response_77,exact,high
20260511_084923,2026-05-11T09:56:17.709718,https://www.douyin.com/video/7628557476409472625,video_detail,https://www.douyin.com/video/7628557476409472625,,200,2026-05-11T09:56:17.709718,,43,,network_response_30,exact,high
20260511_084923,2026-05-11T09:56:23.605813,https://www.douyin.com/video/7628558560288647013,video_detail,https://www.douyin.com/video/7628558560288647013,,200,2026-05-11T09:56:23.605813,,85,1,network_response_70,exact,high
20260511_084923,2026-05-11T09:56:36.984951,https://www.douyin.com/video/7628561201903045923,video_detail,https://www.douyin.com/video/7628561201903045923,,200,2026-05-11T09:56:36.984951,,20,,,none,low
20260511_084923,2026-05-11T09:56:40.819897,https://www.douyin.com/video/7628562006836137251,video_detail,https://www.douyin.com/video/7628562006836137251,,200,2026-05-11T09:56:40.819897,,25,,network_response_23,exact,high
20260511_084923,2026-05-11T09:56:43.259407,https://www.douyin.com/video/7628563304751416730,video_detail,https://www.douyin.com/video/7628563304751416730,,200,2026-05-11T09:56:43.259407,,70,1,network_response_29,exact,high
20260511_084923,2026-05-11T09:56:49.188347,https://www.douyin.com/video/7628566495445929254,video_detail,https://www.douyin.com/video/7628566495445929254,,200,2026-05-11T09:56:49.188347,,16,,network_response_15,exact,high
20260511_084923,2026-05-11T09:56:52.606013,https://www.douyin.com/video/7628568489162181939,video_detail,https://www.douyin.com/video/7628568489162181939,,200,2026-05-11T09:56:52.606013,,27,,,none,low
20260511_084923,2026-05-11T09:56:54.968072,https://www.douyin.com/video/7628569824158960915,video_detail,https://www.douyin.com/video/7628569824158960915,,200,2026-05-11T09:56:54.968072,,26,,,none,low
20260511_084923,2026-05-11T09:56:57.231898,https://www.douyin.com/video/7628572782032407848,video_detail,https://www.douyin.com/video/7628572782032407848,,200,2026-05-11T09:56:57.231898,,24,,,none,low
20260511_084923,2026-05-11T09:56:59.559547,https://www.douyin.com/video/7628574395027557686,video_detail,https://www.douyin.com/video/7628574395027557686,,200,2026-05-11T09:56:59.559547,,76,1,network_response_27,exact,high
20260511_084923,2026-05-11T09:57:07.919130,https://www.douyin.com/video/7628587004670711686,video_detail,https://www.douyin.com/video/7628587004670711686,,200,2026-05-11T09:57:07.919130,,46,,network_response_35,exact,high
20260511_084923,2026-05-11T09:57:14.259453,https://www.douyin.com/video/7628589758503079174,video_detail,https://www.douyin.com/video/7628589758503079174,,200,2026-05-11T09:57:14.259453,,79,1,network_response_30,exact,high
20260511_084923,2026-05-11T09:57:21.583214,https://www.douyin.com/video/7628589847770451234,video_detail,https://www.douyin.com/video/7628589847770451234,,200,2026-05-11T09:57:21.583214,,17,,,none,low
20260511_084923,2026-05-11T09:57:23.783754,https://www.douyin.com/video/7628594362502368539,video_detail,https://www.douyin.com/video/7628594362502368539,,200,2026-05-11T09:57:23.783754,,73,1,network_response_31,exact,high
20260511_084923,2026-05-11T09:57:30.605400,https://www.douyin.com/video/7628595595037458427,video_detail,https://www.douyin.com/video/7628595595037458427,,200,2026-05-11T09:57:30.605400,,76,1,network_response_33,exact,high
20260511_084923,2026-05-11T09:57:44.405266,https://www.douyin.com/video/7628602096148925696,video_detail,https://www.douyin.com/video/7628602096148925696,,200,2026-05-11T09:57:44.405266,,29,,network_response_28,exact,high
20260511_084923,2026-05-11T09:57:48.633107,https://www.douyin.com/video/7628603267518169722,video_detail,https://www.douyin.com/video/7628603267518169722,,200,2026-05-11T09:57:48.633107,,75,1,network_response_26,exact,high
20260511_084923,2026-05-11T09:57:55.319762,https://www.douyin.com/video/7628615351278758388,video_detail,https://www.douyin.com/video/7628615351278758388,,200,2026-05-11T09:57:55.319762,,72,1,network_response_31,exact,high
20260511_084923,2026-05-11T09:58:03.220841,https://www.douyin.com/video/7628619916345707812,video_detail,https://www.douyin.com/video/7628619916345707812,,200,2026-05-11T09:58:03.220841,,24,,network_response_22,exact,high
20260511_084923,2026-05-11T09:58:26.714840,https://www.douyin.com/video/7628623019606396206,video_detail,https://www.douyin.com/video/7628623019606396206,,200,2026-05-11T09:58:26.714840,,25,,,none,low
20260511_084923,2026-05-11T09:58:30.253923,https://www.douyin.com/video/7628623725050465577,video_detail,https://www.douyin.com/video/7628623725050465577,,200,2026-05-11T09:58:30.253923,,44,,network_response_30,exact,high
20260511_084923,2026-05-11T09:58:37.297722,https://www.douyin.com/video/7628626573750439208,video_detail,https://www.douyin.com/video/7628626573750439208,,200,2026-05-11T09:58:37.297722,,27,,,none,low
20260511_084923,2026-05-11T09:58:39.708617,https://www.douyin.com/video/7628627245032164648,video_detail,https://www.douyin.com/video/7628627245032164648,,200,2026-05-11T09:58:39.708617,,28,,network_response_27,exact,high
20260511_084923,2026-05-11T09:58:42.811408,https://www.douyin.com/video/7628628390169414921,video_detail,https://www.douyin.com/video/7628628390169414921,,200,2026-05-11T09:58:42.811408,,73,1,network_response_31,exact,high
20260511_084923,2026-05-11T09:58:50.353789,https://www.douyin.com/video/7628630602241150208,video_detail,https://www.douyin.com/video/7628630602241150208,,200,2026-05-11T09:58:50.353789,,74,1,network_response_29,exact,high
20260511_084923,2026-05-11T09:58:57.214324,https://www.douyin.com/video/7628632649053031699,video_detail,https://www.douyin.com/video/7628632649053031699,,200,2026-05-11T09:58:57.214324,,78,1,network_response_32,exact,high
20260511_084923,2026-05-11T09:59:11.050620,https://www.douyin.com/video/7628636595221957922,video_detail,https://www.douyin.com/video/7628636595221957922,,200,2026-05-11T09:59:11.050620,,71,1,network_response_69,exact,high
20260511_084923,2026-05-11T09:59:19.253046,https://www.douyin.com/video/7628642180706286079,video_detail,https://www.douyin.com/video/7628642180706286079,,200,2026-05-11T09:59:19.253046,,26,,network_response_19,exact,high
20260511_084923,2026-05-11T09:59:22.060026,https://www.douyin.com/video/7628651805638921481,video_detail,https://www.douyin.com/video/7628651805638921481,,200,2026-05-11T09:59:22.060026,,27,,network_response_15,exact,high
20260511_084923,2026-05-11T09:59:24.924551,https://www.douyin.com/video/7628675836527093883,video_detail,https://www.douyin.com/video/7628675836527093883,,200,2026-05-11T09:59:24.924551,,25,,,none,low
20260511_084923,2026-05-11T09:59:28.611359,https://www.douyin.com/video/7628682972862489786,video_detail,https://www.douyin.com/video/7628682972862489786,,200,2026-05-11T09:59:28.611359,,40,,,none,low
20260511_084923,2026-05-11T09:59:34.578201,https://www.douyin.com/video/7628708323050753330,video_detail,https://www.douyin.com/video/7628708323050753330,,200,2026-05-11T09:59:34.578201,,20,,network_response_18,exact,high
20260511_084923,2026-05-11T09:59:37.371533,https://www.douyin.com/video/7628751544200203546,video_detail,https://www.douyin.com/video/7628751544200203546,,200,2026-05-11T09:59:37.371533,,71,1,network_response_32,exact,high
20260511_084923,2026-05-11T09:59:43.786826,https://www.douyin.com/video/7628770342903281526,video_detail,https://www.douyin.com/video/7628770342903281526,,200,2026-05-11T09:59:43.786826,,83,1,network_response_32,exact,high
20260511_084923,2026-05-11T09:59:58.101705,https://www.douyin.com/video/7628775491838758170,video_detail,https://www.douyin.com/video/7628775491838758170,,200,2026-05-11T09:59:58.101705,,69,1,network_response_68,exact,high
20260511_084923,2026-05-11T10:00:06.630862,https://www.douyin.com/video/7628786751019961610,video_detail,https://www.douyin.com/video/7628786751019961610,,200,2026-05-11T10:00:06.630862,,24,,network_response_20,exact,high
20260511_084923,2026-05-11T10:00:09.394684,https://www.douyin.com/video/7628788153947524352,video_detail,https://www.douyin.com/video/7628788153947524352,,200,2026-05-11T10:00:09.394684,,76,1,network_response_24,exact,high
20260511_084923,2026-05-11T10:00:16.707789,https://www.douyin.com/video/7628843764034915634,video_detail,https://www.douyin.com/video/7628843764034915634,,200,2026-05-11T10:00:16.707789,,16,,,none,low
20260511_084923,2026-05-11T10:00:18.826619,https://www.douyin.com/video/7628848161309691188,video_detail,https://www.douyin.com/video/7628848161309691188,,200,2026-05-11T10:00:18.826619,,27,,network_response_25,exact,high
20260511_084923,2026-05-11T10:00:21.597057,https://www.douyin.com/video/7628852351016668470,video_detail,https://www.douyin.com/video/7628852351016668470,,200,2026-05-11T10:00:21.597057,,27,,,none,low
20260511_084923,2026-05-11T10:00:24.876950,https://www.douyin.com/video/7628852604046808753,video_detail,https://www.douyin.com/video/7628852604046808753,,200,2026-05-11T10:00:24.876950,,44,,network_response_35,exact,high
20260511_084923,2026-05-11T10:00:31.009639,https://www.douyin.com/video/7628853354383766395,video_detail,https://www.douyin.com/video/7628853354383766395,,200,2026-05-11T10:00:31.009639,,29,,network_response_11,exact,high
20260511_084923,2026-05-11T10:00:33.974005,https://www.douyin.com/video/7628854592680035443,video_detail,https://www.douyin.com/video/7628854592680035443,,200,2026-05-11T10:00:33.974005,,76,1,network_response_70,exact,high
20260511_084923,2026-05-11T10:00:40.509278,https://www.douyin.com/video/7628861580435934518,video_detail,https://www.douyin.com/video/7628861580435934518,,200,2026-05-11T10:00:40.509278,,79,1,network_response_69,exact,high
20260511_084923,2026-05-11T10:00:48.208898,https://www.douyin.com/video/7628866490497781044,video_detail,https://www.douyin.com/video/7628866490497781044,,200,2026-05-11T10:00:48.208898,,70,1,network_response_67,exact,high
20260511_084923,2026-05-11T10:00:55.877103,https://www.douyin.com/video/7628869046608063827,video_detail,https://www.douyin.com/video/7628869046608063827,,200,2026-05-11T10:00:55.877103,,15,,network_response_14,exact,high
20260511_084923,2026-05-11T10:00:59.283360,https://www.douyin.com/video/7628870353300884799,video_detail,https://www.douyin.com/video/7628870353300884799,,200,2026-05-11T10:00:59.283360,,15,,,none,low
20260511_084923,2026-05-11T10:01:01.624041,https://www.douyin.com/video/7628875015903112826,video_detail,https://www.douyin.com/video/7628875015903112826,,200,2026-05-11T10:01:01.624041,,75,1,network_response_67,exact,high
20260511_084923,2026-05-11T10:01:08.776023,https://www.douyin.com/video/7628875096031038755,video_detail,https://www.douyin.com/video/7628875096031038755,,200,2026-05-11T10:01:08.776023,,71,1,network_response_60,exact,high
20260511_084923,2026-05-11T10:01:15.768167,https://www.douyin.com/video/7628878277477731627,video_detail,https://www.douyin.com/video/7628878277477731627,,200,2026-05-11T10:01:15.768167,,14,,,none,low
20260511_084923,2026-05-11T10:01:19.070807,https://www.douyin.com/video/7628879158907813233,video_detail,https://www.douyin.com/video/7628879158907813233,,200,2026-05-11T10:01:19.070807,,41,,network_response_32,exact,high
20260511_084923,2026-05-11T10:01:24.820887,https://www.douyin.com/video/7628879370845202794,video_detail,https://www.douyin.com/video/7628879370845202794,,200,2026-05-11T10:01:24.820887,,74,1,network_response_70,exact,high
20260511_084923,2026-05-11T10:01:32.899561,https://www.douyin.com/video/7628882575699873064,video_detail,https://www.douyin.com/video/7628882575699873064,,200,2026-05-11T10:01:32.899561,,19,,,none,low
20260511_084923,2026-05-11T10:01:35.366163,https://www.douyin.com/video/7628888661060341007,video_detail,https://www.douyin.com/video/7628888661060341007,,200,2026-05-11T10:01:35.366163,,70,1,network_response_31,exact,high
20260511_084923,2026-05-11T10:01:42.226341,https://www.douyin.com/video/7628890374672551220,video_detail,https://www.douyin.com/video/7628890374672551220,,200,2026-05-11T10:01:42.226341,,86,1,network_response_17,exact,high
20260511_084923,2026-05-11T10:01:56.237024,https://www.douyin.com/video/7628890750033415458,video_detail,https://www.douyin.com/video/7628890750033415458,,200,2026-05-11T10:01:56.237024,,93,1,network_response_28,exact,high
20260511_084923,2026-05-11T10:02:12.803181,https://www.douyin.com/video/7628891112262892681,video_detail,https://www.douyin.com/video/7628891112262892681,,200,2026-05-11T10:02:12.803181,,70,1,network_response_31,exact,high
20260511_084923,2026-05-11T10:02:21.827949,https://www.douyin.com/video/7628891915664117055,video_detail,https://www.douyin.com/video/7628891915664117055,,200,2026-05-11T10:02:21.827949,,92,1,network_response_35,exact,high
20260511_084923,2026-05-11T10:02:44.656231,https://www.douyin.com/video/7628893782666216805,video_detail,https://www.douyin.com/video/7628893782666216805,,200,2026-05-11T10:02:44.656231,,68,1,network_response_31,exact,high
20260511_084923,2026-05-11T10:02:52.632446,https://www.douyin.com/video/7628898034973150483,video_detail,https://www.douyin.com/video/7628898034973150483,,200,2026-05-11T10:02:52.632446,,70,1,network_response_31,exact,high
20260511_084923,2026-05-11T10:03:00.086932,https://www.douyin.com/video/7628899504523476042,video_detail,https://www.douyin.com/video/7628899504523476042,,200,2026-05-11T10:03:00.086932,,40,,,none,low
20260511_084923,2026-05-11T10:03:05.198538,https://www.douyin.com/video/7628902971924843782,video_detail,https://www.douyin.com/video/7628902971924843782,,200,2026-05-11T10:03:05.198538,,33,,,none,low
20260511_084923,2026-05-11T10:03:08.721401,https://www.douyin.com/video/7628905973683473707,video_detail,https://www.douyin.com/video/7628905973683473707,,200,2026-05-11T10:03:08.721401,,33,,network_response_30,exact,high
20260511_084923,2026-05-11T10:03:12.088566,https://www.douyin.com/video/7628909223543459087,video_detail,https://www.douyin.com/video/7628909223543459087,,200,2026-05-11T10:03:12.088566,,71,1,network_response_31,exact,high
20260511_084923,2026-05-11T10:03:19.350937,https://www.douyin.com/video/7628910813935389992,video_detail,https://www.douyin.com/video/7628910813935389992,,200,2026-05-11T10:03:19.350937,,29,,network_response_27,exact,high
20260511_084923,2026-05-11T10:03:22.197475,https://www.douyin.com/video/7628913485887311144,video_detail,https://www.douyin.com/video/7628913485887311144,,200,2026-05-11T10:03:22.197475,,73,1,network_response_31,exact,high
20260511_084923,2026-05-11T10:03:29.753897,https://www.douyin.com/video/7628918047952178484,video_detail,https://www.douyin.com/video/7628918047952178484,,200,2026-05-11T10:03:29.753897,,27,,,none,low
20260511_084923,2026-05-11T10:03:31.926880,https://www.douyin.com/video/7628919503853718822,video_detail,https://www.douyin.com/video/7628919503853718822,,200,2026-05-11T10:03:31.926880,,28,,network_response_27,exact,high
20260511_084923,2026-05-11T10:03:34.655916,https://www.douyin.com/video/7628919920251637038,video_detail,https://www.douyin.com/video/7628919920251637038,,200,2026-05-11T10:03:34.655916,,27,,,none,low
20260511_084923,2026-05-11T10:03:36.889363,https://www.douyin.com/video/7628920159272471842,video_detail,https://www.douyin.com/video/7628920159272471842,,200,2026-05-11T10:03:36.889363,,28,,network_response_27,exact,high
20260511_084923,2026-05-11T10:03:40.311851,https://www.douyin.com/video/7628921205701086491,video_detail,https://www.douyin.com/video/7628921205701086491,,200,2026-05-11T10:03:40.311851,,27,,,none,low
20260511_084923,2026-05-11T10:03:44.954753,https://www.douyin.com/video/7628923819662550714,video_detail,https://www.douyin.com/video/7628923819662550714,,200,2026-05-11T10:03:44.954753,,43,1,network_response_27,exact,high
20260511_084923,2026-05-11T10:03:49.392243,https://www.douyin.com/video/7628924803579251987,video_detail,https://www.douyin.com/video/7628924803579251987,,200,2026-05-11T10:03:49.392243,,67,1,network_response_29,exact,high
20260511_084923,2026-05-11T10:03:56.331100,https://www.douyin.com/video/7628924929248955702,video_detail,https://www.douyin.com/video/7628924929248955702,,200,2026-05-11T10:03:56.331100,,28,,network_response_27,exact,high
20260511_084923,2026-05-11T10:04:00.053372,https://www.douyin.com/video/7628925159176457472,video_detail,https://www.douyin.com/video/7628925159176457472,,200,2026-05-11T10:04:00.053372,,75,1,network_response_32,exact,high
20260511_084923,2026-05-11T10:04:08.143653,https://www.douyin.com/video/7628928816102001947,video_detail,https://www.douyin.com/video/7628928816102001947,,200,2026-05-11T10:04:08.143653,,79,1,network_response_34,exact,high
20260511_084923,2026-05-11T10:04:22.209939,https://www.douyin.com/video/7628928849535925939,video_detail,https://www.douyin.com/video/7628928849535925939,,200,2026-05-11T10:04:22.209939,,82,1,network_response_32,exact,high
20260511_084923,2026-05-11T10:04:37.549050,https://www.douyin.com/video/7628931577795333419,video_detail,https://www.douyin.com/video/7628931577795333419,,200,2026-05-11T10:04:37.549050,,80,1,network_response_28,exact,high
20260511_084923,2026-05-11T10:04:51.606195,https://www.douyin.com/video/7628936109376781413,video_detail,https://www.douyin.com/video/7628936109376781413,,200,2026-05-11T10:04:51.606195,,29,,network_response_27,exact,high
20260511_084923,2026-05-11T10:04:56.000341,https://www.douyin.com/video/7628937324558093568,video_detail,https://www.douyin.com/video/7628937324558093568,,200,2026-05-11T10:04:56.000341,,72,1,network_response_31,exact,high
20260511_084923,2026-05-11T10:05:04.593727,https://www.douyin.com/video/7628938371997486378,video_detail,https://www.douyin.com/video/7628938371997486378,,200,2026-05-11T10:05:04.593727,,41,,network_response_14,exact,high
20260511_084923,2026-05-11T10:05:10.413375,https://www.douyin.com/video/7628939579731239098,video_detail,https://www.douyin.com/video/7628939579731239098,,200,2026-05-11T10:05:10.413375,,16,,,none,low
20260511_084923,2026-05-11T10:05:12.703650,https://www.douyin.com/video/7628941059279621418,video_detail,https://www.douyin.com/video/7628941059279621418,,200,2026-05-11T10:05:12.703650,,14,,,none,low
20260511_084923,2026-05-11T10:05:14.929273,https://www.douyin.com/video/7628942604163370240,video_detail,https://www.douyin.com/video/7628942604163370240,,200,2026-05-11T10:05:14.929273,,13,,,none,low
20260511_084923,2026-05-11T10:05:17.036524,https://www.douyin.com/video/7628943410950425890,video_detail,https://www.douyin.com/video/7628943410950425890,,200,2026-05-11T10:05:17.036524,,73,1,network_response_31,exact,high
20260511_084923,2026-05-11T10:05:23.752835,https://www.douyin.com/video/7628944459627105572,video_detail,https://www.douyin.com/video/7628944459627105572,,200,2026-05-11T10:05:23.752835,,13,,,none,low
20260511_084923,2026-05-11T10:05:25.998661,https://www.douyin.com/video/7628946780247428378,video_detail,https://www.douyin.com/video/7628946780247428378,,200,2026-05-11T10:05:25.998661,,15,,network_response_12,exact,high
20260511_084923,2026-05-11T10:05:28.598697,https://www.douyin.com/video/7628948286405102882,video_detail,https://www.douyin.com/video/7628948286405102882,,200,2026-05-11T10:05:28.598697,,12,,,none,low
20260511_084923,2026-05-11T10:05:30.768512,https://www.douyin.com/video/7628949084610645275,video_detail,https://www.douyin.com/video/7628949084610645275,,200,2026-05-11T10:05:30.768512,,73,1,network_response_32,exact,high
20260511_084923,2026-05-11T10:05:38.197559,https://www.douyin.com/video/7628951883876404530,video_detail,https://www.douyin.com/video/7628951883876404530,,200,2026-05-11T10:05:38.197559,,13,,,none,low
20260511_084923,2026-05-11T10:05:41.578992,https://www.douyin.com/video/7628953684101106985,video_detail,https://www.douyin.com/video/7628953684101106985,,200,2026-05-11T10:05:41.578992,,39,,network_response_32,exact,high
20260511_084923,2026-05-11T10:05:46.971794,https://www.douyin.com/video/7628959504528379171,video_detail,https://www.douyin.com/video/7628959504528379171,,200,2026-05-11T10:05:46.971794,,75,1,network_response_28,exact,high
20260511_084923,2026-05-11T10:05:54.418087,https://www.douyin.com/video/7628964444684422442,video_detail,https://www.douyin.com/video/7628964444684422442,,200,2026-05-11T10:05:54.418087,,68,1,network_response_31,exact,high
20260511_084923,2026-05-11T10:06:01.116099,https://www.douyin.com/video/7628965450096872713,video_detail,https://www.douyin.com/video/7628965450096872713,,200,2026-05-11T10:06:01.116099,,74,1,network_response_25,exact,high
20260511_084923,2026-05-11T10:06:07.149631,https://www.douyin.com/video/7628965504460001187,video_detail,https://www.douyin.com/video/7628965504460001187,,200,2026-05-11T10:06:07.149631,,78,1,network_response_31,exact,high
20260511_084923,2026-05-11T10:06:20.618791,https://www.douyin.com/video/7628967646020586795,video_detail,https://www.douyin.com/video/7628967646020586795,,200,2026-05-11T10:06:20.618791,,28,,network_response_27,exact,high
20260511_084923,2026-05-11T10:06:24.722498,https://www.douyin.com/video/7628969009010019611,video_detail,https://www.douyin.com/video/7628969009010019611,,200,2026-05-11T10:06:24.722498,,16,,,none,low
20260511_084923,2026-05-11T10:06:26.907913,https://www.douyin.com/video/7628971001287544106,video_detail,https://www.douyin.com/video/7628971001287544106,,200,2026-05-11T10:06:26.907913,,70,1,network_response_32,exact,high
20260511_084923,2026-05-11T10:06:34.101518,https://www.douyin.com/video/7628971404293425009,video_detail,https://www.douyin.com/video/7628971404293425009,,200,2026-05-11T10:06:34.101518,,86,1,network_response_35,exact,high
20260511_084923,2026-05-11T10:06:47.930008,https://www.douyin.com/video/7628977521089894329,video_detail,https://www.douyin.com/video/7628977521089894329,,200,2026-05-11T10:06:47.930008,,28,,network_response_27,exact,high
20260511_084923,2026-05-11T10:06:53.014219,https://www.douyin.com/video/7628981840996617482,video_detail,https://www.douyin.com/video/7628981840996617482,,200,2026-05-11T10:06:53.014219,,31,,network_response_14,exact,high
20260511_084923,2026-05-11T10:06:57.718783,https://www.douyin.com/video/7628985317609065762,video_detail,https://www.douyin.com/video/7628985317609065762,,200,2026-05-11T10:06:57.718783,,50,1,network_response_31,exact,high
20260511_084923,2026-05-11T10:07:01.925032,https://www.douyin.com/video/7628987263447239988,video_detail,https://www.douyin.com/video/7628987263447239988,,200,2026-05-11T10:07:01.925032,,91,1,network_response_69,exact,high
20260511_084923,2026-05-11T10:07:16.281021,https://www.douyin.com/video/7628989459984031097,video_detail,https://www.douyin.com/video/7628989459984031097,,200,2026-05-11T10:07:16.281021,,86,1,network_response_69,exact,high
20260511_084923,2026-05-11T10:07:31.532942,https://www.douyin.com/video/7629006341541072170,video_detail,https://www.douyin.com/video/7629006341541072170,,200,2026-05-11T10:07:31.532942,,64,1,network_response_63,exact,high
20260511_084923,2026-05-11T10:07:38.321260,https://www.douyin.com/video/7629010207619681599,video_detail,https://www.douyin.com/video/7629010207619681599,,200,2026-05-11T10:07:38.321260,,78,1,network_response_67,exact,high
20260511_084923,2026-05-11T10:07:51.977814,https://www.douyin.com/video/7629015105199541546,video_detail,https://www.douyin.com/video/7629015105199541546,,200,2026-05-11T10:07:51.977814,,71,1,network_response_67,exact,high
20260511_084923,2026-05-11T10:07:59.389560,https://www.douyin.com/video/7629015208404520219,video_detail,https://www.douyin.com/video/7629015208404520219,,200,2026-05-11T10:07:59.389560,,13,,,none,low
20260511_084923,2026-05-11T10:08:01.778575,https://www.douyin.com/video/7629023888940562505,video_detail,https://www.douyin.com/video/7629023888940562505,,200,2026-05-11T10:08:01.778575,,55,1,network_response_17,exact,high
20260511_084923,2026-05-11T10:08:08.526456,https://www.douyin.com/video/7629079501259033883,video_detail,https://www.douyin.com/video/7629079501259033883,,200,2026-05-11T10:08:08.526456,,59,1,,none,low
20260511_084923,2026-05-11T10:08:16.401746,https://www.douyin.com/video/7629126688081498609,video_detail,https://www.douyin.com/video/7629126688081498609,,200,2026-05-11T10:08:16.401746,,38,,network_response_36,exact,high
20260511_084923,2026-05-11T10:08:20.470061,https://www.douyin.com/video/7629132478027943231,video_detail,https://www.douyin.com/video/7629132478027943231,,200,2026-05-11T10:08:20.470061,,78,1,network_response_16,exact,high
20260511_084923,2026-05-11T10:08:28.549983,https://www.douyin.com/video/7629149319744081192,video_detail,https://www.douyin.com/video/7629149319744081192,,200,2026-05-11T10:08:28.549983,,24,,network_response_21,exact,high
20260511_084923,2026-05-11T10:08:31.158182,https://www.douyin.com/video/7629162100497173823,video_detail,https://www.douyin.com/video/7629162100497173823,,200,2026-05-11T10:08:31.158182,,18,,network_response_11,exact,high
20260511_084923,2026-05-11T10:08:33.726392,https://www.douyin.com/video/7629179264033688883,video_detail,https://www.douyin.com/video/7629179264033688883,,200,2026-05-11T10:08:33.726392,,20,,,none,low
20260511_084923,2026-05-11T10:08:35.950665,https://www.douyin.com/video/7629185729414974729,video_detail,https://www.douyin.com/video/7629185729414974729,,200,2026-05-11T10:08:35.950665,,13,,,none,low
20260511_084923,2026-05-11T10:08:38.306887,https://www.douyin.com/video/7629189671267929382,video_detail,https://www.douyin.com/video/7629189671267929382,,200,2026-05-11T10:08:38.306887,,13,,,none,low
20260511_084923,2026-05-11T10:08:40.401246,https://www.douyin.com/video/7629190188559879487,video_detail,https://www.douyin.com/video/7629190188559879487,,200,2026-05-11T10:08:40.401246,,18,,network_response_16,exact,high
20260511_084923,2026-05-11T10:08:43.281207,https://www.douyin.com/video/7629197683688869166,video_detail,https://www.douyin.com/video/7629197683688869166,,200,2026-05-11T10:08:43.281207,,81,1,network_response_14,exact,high
20260511_084923,2026-05-11T10:08:51.917654,https://www.douyin.com/video/7629203137928371577,video_detail,https://www.douyin.com/video/7629203137928371577,,200,2026-05-11T10:08:51.917654,,26,,network_response_22,exact,high
20260511_084923,2026-05-11T10:08:55.337543,https://www.douyin.com/video/7629206454704293618,video_detail,https://www.douyin.com/video/7629206454704293618,,200,2026-05-11T10:08:55.337543,,38,,,none,low
20260511_084923,2026-05-11T10:09:00.237711,https://www.douyin.com/video/7629213495350856960,video_detail,https://www.douyin.com/video/7629213495350856960,,200,2026-05-11T10:09:00.237711,,89,1,network_response_76,exact,high
20260511_084923,2026-05-11T10:09:14.420785,https://www.douyin.com/video/7629220053048692019,video_detail,https://www.douyin.com/video/7629220053048692019,,200,2026-05-11T10:09:14.420785,,23,,network_response_18,exact,high
20260511_084923,2026-05-11T10:09:36.511403,https://www.douyin.com/video/7629234100125976814,video_detail,https://www.douyin.com/video/7629234100125976814,,200,2026-05-11T10:09:36.511403,,71,1,network_response_56,exact,high
20260511_084923,2026-05-11T10:09:43.001468,https://www.douyin.com/video/7629237346789100834,video_detail,https://www.douyin.com/video/7629237346789100834,,200,2026-05-11T10:09:43.001468,,15,,,none,low
20260511_084923,2026-05-11T10:09:45.007241,https://www.douyin.com/video/7629239481501044003,video_detail,https://www.douyin.com/video/7629239481501044003,,200,2026-05-11T10:09:45.007241,,27,,,none,low
20260511_084923,2026-05-11T10:09:47.569661,https://www.douyin.com/video/7629245367539895590,video_detail,https://www.douyin.com/video/7629245367539895590,,200,2026-05-11T10:09:47.569661,,28,,network_response_27,exact,high
20260511_084923,2026-05-11T10:09:50.330220,https://www.douyin.com/video/7629245661220769051,video_detail,https://www.douyin.com/video/7629245661220769051,,200,2026-05-11T10:09:50.330220,,73,1,network_response_60,exact,high
20260511_084923,2026-05-11T10:09:56.198207,https://www.douyin.com/video/7629248232865926434,video_detail,https://www.douyin.com/video/7629248232865926434,,200,2026-05-11T10:09:56.198207,,91,1,network_response_76,exact,high
20260511_084923,2026-05-11T10:10:10.881947,https://www.douyin.com/video/7629248693383826738,video_detail,https://www.douyin.com/video/7629248693383826738,,200,2026-05-11T10:10:10.881947,,83,1,network_response_73,exact,high
20260511_084923,2026-05-11T10:10:26.132137,https://www.douyin.com/video/7629250206832001009,video_detail,https://www.douyin.com/video/7629250206832001009,,200,2026-05-11T10:10:26.132137,,46,,network_response_33,exact,high
20260511_084923,2026-05-11T10:10:32.990604,https://www.douyin.com/video/7629252647173754162,video_detail,https://www.douyin.com/video/7629252647173754162,,200,2026-05-11T10:10:32.990604,,28,,,none,low
20260511_084923,2026-05-11T10:10:36.060158,https://www.douyin.com/video/7629253379940794225,video_detail,https://www.douyin.com/video/7629253379940794225,,200,2026-05-11T10:10:36.060158,,26,,network_response_25,exact,high
20260511_084923,2026-05-11T10:10:38.938614,https://www.douyin.com/video/7629255405222667956,video_detail,https://www.douyin.com/video/7629255405222667956,,200,2026-05-11T10:10:38.938614,,26,,network_response_25,exact,high
20260511_084923,2026-05-11T10:10:41.444660,https://www.douyin.com/video/7629257103873510706,video_detail,https://www.douyin.com/video/7629257103873510706,,200,2026-05-11T10:10:41.444660,,27,,network_response_26,exact,high
20260511_084923,2026-05-11T10:10:44.390289,https://www.douyin.com/video/7629257393813943227,video_detail,https://www.douyin.com/video/7629257393813943227,,200,2026-05-11T10:10:44.390289,,27,,,none,low
20260511_084923,2026-05-11T10:10:47.214745,https://www.douyin.com/video/7629263250559285433,video_detail,https://www.douyin.com/video/7629263250559285433,,200,2026-05-11T10:10:47.214745,,31,,network_response_26,exact,high
20260511_084923,2026-05-11T10:10:50.477112,https://www.douyin.com/video/7629267308439429459,video_detail,https://www.douyin.com/video/7629267308439429459,,200,2026-05-11T10:10:50.477112,,27,,network_response_25,exact,high
20260511_084923,2026-05-11T10:10:53.449150,https://www.douyin.com/video/7629268749695281009,video_detail,https://www.douyin.com/video/7629268749695281009,,200,2026-05-11T10:10:53.449150,,80,1,network_response_27,exact,high
20260511_084923,2026-05-11T10:11:01.823623,https://www.douyin.com/video/7629268864936774931,video_detail,https://www.douyin.com/video/7629268864936774931,,200,2026-05-11T10:11:01.823623,,26,,,none,low
20260511_084923,2026-05-11T10:11:05.324440,https://www.douyin.com/video/7629269106784587059,video_detail,https://www.douyin.com/video/7629269106784587059,,200,2026-05-11T10:11:05.324440,,33,,network_response_28,exact,high
20260511_084923,2026-05-11T10:11:10.884354,https://www.douyin.com/video/7629274114766818566,video_detail,https://www.douyin.com/video/7629274114766818566,,200,2026-05-11T10:11:10.884354,,29,,network_response_12,exact,high
20260511_084923,2026-05-11T10:11:14.357226,https://www.douyin.com/video/7629277425473539362,video_detail,https://www.douyin.com/video/7629277425473539362,,200,2026-05-11T10:11:14.357226,,26,,,none,low
20260511_084923,2026-05-11T10:11:16.943145,https://www.douyin.com/video/7629281095209693861,video_detail,https://www.douyin.com/video/7629281095209693861,,200,2026-05-11T10:11:16.943145,,17,,,none,low
20260511_084923,2026-05-11T10:11:19.747068,https://www.douyin.com/video/7629282417131539752,video_detail,https://www.douyin.com/video/7629282417131539752,,200,2026-05-11T10:11:19.747068,,22,,network_response_19,exact,high
20260511_084923,2026-05-11T10:11:22.566616,https://www.douyin.com/video/7629283785984494883,video_detail,https://www.douyin.com/video/7629283785984494883,,200,2026-05-11T10:11:22.566616,,12,,,none,low
20260511_084923,2026-05-11T10:11:24.666827,https://www.douyin.com/video/7629284843255237914,video_detail,https://www.douyin.com/video/7629284843255237914,,200,2026-05-11T10:11:24.666827,,62,1,network_response_19,exact,high
20260511_084923,2026-05-11T10:11:31.506239,https://www.douyin.com/video/7629285588273944933,video_detail,https://www.douyin.com/video/7629285588273944933,,200,2026-05-11T10:11:31.506239,,51,1,network_response_30,exact,high
20260511_084923,2026-05-11T10:11:37.273301,https://www.douyin.com/video/7629287751103553649,video_detail,https://www.douyin.com/video/7629287751103553649,,200,2026-05-11T10:11:37.273301,,17,,network_response_13,exact,high
20260511_084923,2026-05-11T10:11:39.793709,https://www.douyin.com/video/7629290267174014250,video_detail,https://www.douyin.com/video/7629290267174014250,,200,2026-05-11T10:11:39.793709,,61,1,network_response_59,exact,high
20260511_084923,2026-05-11T10:11:48.093467,https://www.douyin.com/video/7629293061494820130,video_detail,https://www.douyin.com/video/7629293061494820130,,200,2026-05-11T10:11:48.093467,,34,,network_response_15,exact,high
20260511_084923,2026-05-11T10:11:53.739545,https://www.douyin.com/video/7629294666743074086,video_detail,https://www.douyin.com/video/7629294666743074086,,200,2026-05-11T10:11:53.739545,,73,1,network_response_13,exact,high
20260511_084923,2026-05-11T10:12:01.347211,https://www.douyin.com/video/7629294752583765300,video_detail,https://www.douyin.com/video/7629294752583765300,,200,2026-05-11T10:12:01.347211,,55,1,network_response_28,exact,high
20260511_084923,2026-05-11T10:12:05.158472,https://www.douyin.com/video/7629299849012766437,video_detail,https://www.douyin.com/video/7629299849012766437,,200,2026-05-11T10:12:05.158472,,71,1,network_response_32,exact,high
20260511_084923,2026-05-11T10:12:12.093313,https://www.douyin.com/video/7629300744407076096,video_detail,https://www.douyin.com/video/7629300744407076096,,200,2026-05-11T10:12:12.093313,,14,,,none,low
20260511_084923,2026-05-11T10:12:14.560270,https://www.douyin.com/video/7629302154024661243,video_detail,https://www.douyin.com/video/7629302154024661243,,200,2026-05-11T10:12:14.560270,,75,1,network_response_34,exact,high
20260511_084923,2026-05-11T10:12:21.159221,https://www.douyin.com/video/7629303605610269952,video_detail,https://www.douyin.com/video/7629303605610269952,,200,2026-05-11T10:12:21.159221,,70,1,network_response_32,exact,high
20260511_084923,2026-05-11T10:12:27.937445,https://www.douyin.com/video/7629306617544199434,video_detail,https://www.douyin.com/video/7629306617544199434,,200,2026-05-11T10:12:27.937445,,13,,,none,low
20260511_084923,2026-05-11T10:12:29.987342,https://www.douyin.com/video/7629308118224633275,video_detail,https://www.douyin.com/video/7629308118224633275,,200,2026-05-11T10:12:29.987342,,13,,,none,low
20260511_084923,2026-05-11T10:12:32.123102,https://www.douyin.com/video/7629308315826179379,video_detail,https://www.douyin.com/video/7629308315826179379,,200,2026-05-11T10:12:32.123102,,13,,,none,low
20260511_084923,2026-05-11T10:12:35.370246,https://www.douyin.com/video/7629309652852837666,video_detail,https://www.douyin.com/video/7629309652852837666,,200,2026-05-11T10:12:35.370246,,44,,network_response_34,exact,high
20260511_084923,2026-05-11T10:12:41.723483,https://www.douyin.com/video/7629315528632421632,video_detail,https://www.douyin.com/video/7629315528632421632,,200,2026-05-11T10:12:41.723483,,25,,network_response_24,exact,high
20260511_084923,2026-05-11T10:12:44.557875,https://www.douyin.com/video/7629318246903575784,video_detail,https://www.douyin.com/video/7629318246903575784,,200,2026-05-11T10:12:44.557875,,73,1,network_response_59,exact,high
20260511_084923,2026-05-11T10:12:51.266444,https://www.douyin.com/video/7629319206391747490,video_detail,https://www.douyin.com/video/7629319206391747490,,200,2026-05-11T10:12:51.266444,,26,,,none,low
20260511_084923,2026-05-11T10:12:54.617514,https://www.douyin.com/video/7629320835069998065,video_detail,https://www.douyin.com/video/7629320835069998065,,200,2026-05-11T10:12:54.617514,,73,1,network_response_64,exact,high
20260511_084923,2026-05-11T10:13:01.809276,https://www.douyin.com/video/7629322354115497226,video_detail,https://www.douyin.com/video/7629322354115497226,,200,2026-05-11T10:13:01.809276,,75,1,network_response_68,exact,high
20260511_084923,2026-05-11T10:13:09.481574,https://www.douyin.com/video/7629322700645952326,video_detail,https://www.douyin.com/video/7629322700645952326,,200,2026-05-11T10:13:09.481574,,28,,network_response_22,exact,high
20260511_084923,2026-05-11T10:13:12.636719,https://www.douyin.com/video/7629325409993581928,video_detail,https://www.douyin.com/video/7629325409993581928,,200,2026-05-11T10:13:12.636719,,27,,network_response_25,exact,high
20260511_084923,2026-05-11T10:13:16.137663,https://www.douyin.com/video/7629328071782436122,video_detail,https://www.douyin.com/video/7629328071782436122,,200,2026-05-11T10:13:16.137663,,27,,network_response_26,exact,high
20260511_084923,2026-05-11T10:13:19.760008,https://www.douyin.com/video/7629332690202539378,video_detail,https://www.douyin.com/video/7629332690202539378,,200,2026-05-11T10:13:19.760008,,72,1,network_response_69,exact,high
20260511_084923,2026-05-11T10:13:30.389726,https://www.douyin.com/video/7629332820577488168,video_detail,https://www.douyin.com/video/7629332820577488168,,200,2026-05-11T10:13:30.389726,,39,,network_response_32,exact,high
20260511_084923,2026-05-11T10:13:35.793555,https://www.douyin.com/video/7629335635451795023,video_detail,https://www.douyin.com/video/7629335635451795023,,200,2026-05-11T10:13:35.793555,,14,,,none,low
20260511_084923,2026-05-11T10:13:37.986078,https://www.douyin.com/video/7629335789637258530,video_detail,https://www.douyin.com/video/7629335789637258530,,200,2026-05-11T10:13:37.986078,,27,,,none,low
20260511_084923,2026-05-11T10:13:40.315340,https://www.douyin.com/video/7629337027342847267,video_detail,https://www.douyin.com/video/7629337027342847267,,200,2026-05-11T10:13:40.315340,,26,,,none,low
20260511_084923,2026-05-11T10:13:43.139446,https://www.douyin.com/video/7629339645013566053,video_detail,https://www.douyin.com/video/7629339645013566053,,200,2026-05-11T10:13:43.139446,,13,,,none,low
20260511_084923,2026-05-11T10:13:45.423408,https://www.douyin.com/video/7629344081289727251,video_detail,https://www.douyin.com/video/7629344081289727251,,200,2026-05-11T10:13:45.423408,,78,1,network_response_71,exact,high
20260511_084923,2026-05-11T10:13:52.404194,https://www.douyin.com/video/7629347296429215003,video_detail,https://www.douyin.com/video/7629347296429215003,,200,2026-05-11T10:13:52.404194,,86,1,network_response_34,exact,high
20260511_084923,2026-05-11T10:14:06.700615,https://www.douyin.com/video/7629352146139434303,video_detail,https://www.douyin.com/video/7629352146139434303,,200,2026-05-11T10:14:06.700615,,71,1,network_response_69,exact,high
20260511_084923,2026-05-11T10:14:15.882390,https://www.douyin.com/video/7629352397693693882,video_detail,https://www.douyin.com/video/7629352397693693882,,200,2026-05-11T10:14:15.882390,,71,1,network_response_69,exact,high
20260511_084923,2026-05-11T10:14:23.622893,https://www.douyin.com/video/7629355546226838830,video_detail,https://www.douyin.com/video/7629355546226838830,,200,2026-05-11T10:14:23.622893,,87,1,network_response_31,exact,high
20260511_084923,2026-05-11T10:14:39.808918,https://www.douyin.com/video/7629358117553327386,video_detail,https://www.douyin.com/video/7629358117553327386,,200,2026-05-11T10:14:39.808918,,39,,network_response_29,exact,high
20260511_084923,2026-05-11T10:14:46.043466,https://www.douyin.com/video/7629358208817106227,video_detail,https://www.douyin.com/video/7629358208817106227,,200,2026-05-11T10:14:46.043466,,32,,,none,low
20260511_084923,2026-05-11T10:14:50.547795,https://www.douyin.com/video/7629358747367306355,video_detail,https://www.douyin.com/video/7629358747367306355,,200,2026-05-11T10:14:50.547795,,65,1,network_response_11,exact,high
20260511_084923,2026-05-11T10:14:57.834997,https://www.douyin.com/video/7629359219849973046,video_detail,https://www.douyin.com/video/7629359219849973046,,200,2026-05-11T10:14:57.834997,,60,1,network_response_27,exact,high
20260511_084923,2026-05-11T10:15:04.714158,https://www.douyin.com/video/7629363975616056616,video_detail,https://www.douyin.com/video/7629363975616056616,,200,2026-05-11T10:15:04.714158,,60,1,network_response_15,exact,high
20260511_084923,2026-05-11T10:15:12.553250,https://www.douyin.com/video/7629371623325355298,video_detail,https://www.douyin.com/video/7629371623325355298,,200,2026-05-11T10:15:12.553250,,61,1,network_response_13,exact,high
20260511_084923,2026-05-11T10:15:19.291596,https://www.douyin.com/video/7629372907202444980,video_detail,https://www.douyin.com/video/7629372907202444980,,200,2026-05-11T10:15:19.291596,,59,1,network_response_27,exact,high
20260511_084923,2026-05-11T10:15:26.828790,https://www.douyin.com/video/7629378541355830537,video_detail,https://www.douyin.com/video/7629378541355830537,,200,2026-05-11T10:15:26.828790,,28,,network_response_27,exact,high
20260511_084923,2026-05-11T10:15:30.279318,https://www.douyin.com/video/7629387571424005386,video_detail,https://www.douyin.com/video/7629387571424005386,,200,2026-05-11T10:15:30.279318,,59,1,network_response_26,exact,high
20260511_084923,2026-05-11T10:15:37.076511,https://www.douyin.com/video/7629394226695137638,video_detail,https://www.douyin.com/video/7629394226695137638,,200,2026-05-11T10:15:37.076511,,76,1,network_response_29,exact,high
20260511_084923,2026-05-11T10:15:47.805333,https://www.douyin.com/video/7629431182454738203,video_detail,https://www.douyin.com/video/7629431182454738203,,200,2026-05-11T10:15:47.805333,,36,,network_response_34,exact,high
20260511_084923,2026-05-11T10:15:54.354002,https://www.douyin.com/video/7629455469555289359,video_detail,https://www.douyin.com/video/7629455469555289359,,200,2026-05-11T10:15:54.354002,,28,,network_response_27,exact,high
20260511_084923,2026-05-11T10:15:57.222041,https://www.douyin.com/video/7629485302955986182,video_detail,https://www.douyin.com/video/7629485302955986182,,200,2026-05-11T10:15:57.222041,,81,1,network_response_80,exact,high
20260511_084923,2026-05-11T10:16:06.738659,https://www.douyin.com/video/7629495357873350574,video_detail,https://www.douyin.com/video/7629495357873350574,,200,2026-05-11T10:16:06.738659,,77,1,network_response_67,exact,high
20260511_084923,2026-05-11T10:16:20.139530,https://www.douyin.com/video/7629502667521396009,video_detail,https://www.douyin.com/video/7629502667521396009,,200,2026-05-11T10:16:20.139530,,72,1,network_response_69,exact,high
20260511_084923,2026-05-11T10:16:28.327057,https://www.douyin.com/video/7629515308336710822,video_detail,https://www.douyin.com/video/7629515308336710822,,200,2026-05-11T10:16:28.327057,,80,1,network_response_67,exact,high
20260511_084923,2026-05-11T10:16:42.026615,https://www.douyin.com/video/7629516365313979514,video_detail,https://www.douyin.com/video/7629516365313979514,,200,2026-05-11T10:16:42.026615,,70,1,network_response_67,exact,high
20260511_084923,2026-05-11T10:16:49.116341,https://www.douyin.com/video/7629531648962383131,video_detail,https://www.douyin.com/video/7629531648962383131,,200,2026-05-11T10:16:49.116341,,73,1,network_response_66,exact,high
20260511_084923,2026-05-11T10:16:56.466782,https://www.douyin.com/video/7629542891035913189,video_detail,https://www.douyin.com/video/7629542891035913189,,200,2026-05-11T10:16:56.466782,,16,,,none,low
20260511_084923,2026-05-11T10:16:58.854741,https://www.douyin.com/video/7629543262432283914,video_detail,https://www.douyin.com/video/7629543262432283914,,200,2026-05-11T10:16:58.854741,,68,1,network_response_56,exact,high
20260511_084923,2026-05-11T10:17:06.632729,https://www.douyin.com/video/7629545729861934502,video_detail,https://www.douyin.com/video/7629545729861934502,,200,2026-05-11T10:17:06.632729,,44,,network_response_36,exact,high
20260511_084923,2026-05-11T10:17:11.657511,https://www.douyin.com/video/7629557919751445850,video_detail,https://www.douyin.com/video/7629557919751445850,,200,2026-05-11T10:17:11.657511,,71,1,network_response_31,exact,high
20260511_084923,2026-05-11T10:17:19.003741,https://www.douyin.com/video/7629569783092118958,video_detail,https://www.douyin.com/video/7629569783092118958,,200,2026-05-11T10:17:19.003741,,76,1,network_response_33,exact,high
20260511_084923,2026-05-11T10:17:32.436568,https://www.douyin.com/video/7629589002668450021,video_detail,https://www.douyin.com/video/7629589002668450021,,200,2026-05-11T10:17:32.436568,,27,,,none,low
20260511_084923,2026-05-11T10:17:36.405189,https://www.douyin.com/video/7629589544752418048,video_detail,https://www.douyin.com/video/7629589544752418048,,200,2026-05-11T10:17:36.405189,,71,1,network_response_31,exact,high
20260511_084923,2026-05-11T10:17:43.166474,https://www.douyin.com/video/7629595199115215540,video_detail,https://www.douyin.com/video/7629595199115215540,,200,2026-05-11T10:17:43.166474,,70,1,network_response_36,exact,high
20260511_084923,2026-05-11T10:17:50.371033,https://www.douyin.com/video/7629595552782585094,video_detail,https://www.douyin.com/video/7629595552782585094,,200,2026-05-11T10:17:50.371033,,14,,,none,low
20260511_084923,2026-05-11T10:17:52.652259,https://www.douyin.com/video/7629600464027372852,video_detail,https://www.douyin.com/video/7629600464027372852,,200,2026-05-11T10:17:52.652259,,79,1,network_response_69,exact,high
20260511_084923,2026-05-11T10:18:00.484319,https://www.douyin.com/video/7629601893467081993,video_detail,https://www.douyin.com/video/7629601893467081993,,200,2026-05-11T10:18:00.484319,,17,,,none,low
20260511_084923,2026-05-11T10:18:03.004584,https://www.douyin.com/video/7629620246408975802,video_detail,https://www.douyin.com/video/7629620246408975802,,200,2026-05-11T10:18:03.004584,,13,,,none,low
20260511_084923,2026-05-11T10:18:06.212160,https://www.douyin.com/video/7629624062813261096,video_detail,https://www.douyin.com/video/7629624062813261096,,200,2026-05-11T10:18:06.212160,,41,,network_response_33,exact,high
20260511_084923,2026-05-11T10:18:11.046614,https://www.douyin.com/video/7629626844664401152,video_detail,https://www.douyin.com/video/7629626844664401152,,200,2026-05-11T10:18:11.046614,,72,1,,none,low
20260511_084923,2026-05-11T10:18:18.733016,https://www.douyin.com/video/7629629608652033318,video_detail,https://www.douyin.com/video/7629629608652033318,,200,2026-05-11T10:18:18.733016,,27,,network_response_25,exact,high
20260511_084923,2026-05-11T10:18:21.500234,https://www.douyin.com/video/7629630078435942577,video_detail,https://www.douyin.com/video/7629630078435942577,,200,2026-05-11T10:18:21.500234,,27,,,none,low
20260511_084923,2026-05-11T10:18:23.915518,https://www.douyin.com/video/7629631326454369536,video_detail,https://www.douyin.com/video/7629631326454369536,,200,2026-05-11T10:18:23.915518,,27,,network_response_26,exact,high
20260511_084923,2026-05-11T10:18:26.651382,https://www.douyin.com/video/7629648597701391217,video_detail,https://www.douyin.com/video/7629648597701391217,,200,2026-05-11T10:18:26.651382,,28,,network_response_26,exact,high
20260511_084923,2026-05-11T10:18:29.610964,https://www.douyin.com/video/7629650380184692132,video_detail,https://www.douyin.com/video/7629650380184692132,,200,2026-05-11T10:18:29.610964,,27,,,none,low
20260511_084923,2026-05-11T10:18:32.021832,https://www.douyin.com/video/7629650992463662388,video_detail,https://www.douyin.com/video/7629650992463662388,,200,2026-05-11T10:18:32.021832,,27,,,none,low
20260511_084923,2026-05-11T10:18:34.364298,https://www.douyin.com/video/7629656366335986995,video_detail,https://www.douyin.com/video/7629656366335986995,,200,2026-05-11T10:18:34.364298,,76,1,network_response_67,exact,high
20260511_084923,2026-05-11T10:18:41.982456,https://www.douyin.com/video/7629658279982959887,video_detail,https://www.douyin.com/video/7629658279982959887,,200,2026-05-11T10:18:41.982456,,81,1,network_response_62,exact,high
20260511_084923,2026-05-11T10:18:56.568355,https://www.douyin.com/video/7629658750982294790,video_detail,https://www.douyin.com/video/7629658750982294790,,200,2026-05-11T10:18:56.568355,,42,,network_response_19,exact,high
20260511_084923,2026-05-11T10:19:02.093556,https://www.douyin.com/video/7629658786092895488,video_detail,https://www.douyin.com/video/7629658786092895488,,200,2026-05-11T10:19:02.093556,,16,,,none,low
20260511_084923,2026-05-11T10:19:04.565700,https://www.douyin.com/video/7629665962081714787,video_detail,https://www.douyin.com/video/7629665962081714787,,200,2026-05-11T10:19:04.565700,,18,,,none,low
20260511_084923,2026-05-11T10:19:06.934070,https://www.douyin.com/video/7629666699670768902,video_detail,https://www.douyin.com/video/7629666699670768902,,200,2026-05-11T10:19:06.934070,,27,,network_response_26,exact,high
20260511_084923,2026-05-11T10:19:09.858232,https://www.douyin.com/video/7629667940249406739,video_detail,https://www.douyin.com/video/7629667940249406739,,200,2026-05-11T10:19:09.858232,,26,,network_response_25,exact,high
20260511_084923,2026-05-11T10:19:12.398815,https://www.douyin.com/video/7629669103603598690,video_detail,https://www.douyin.com/video/7629669103603598690,,200,2026-05-11T10:19:12.398815,,27,,network_response_26,exact,high
20260511_084923,2026-05-11T10:19:15.500990,https://www.douyin.com/video/7629669133952535859,video_detail,https://www.douyin.com/video/7629669133952535859,,200,2026-05-11T10:19:15.500990,,81,1,network_response_60,exact,high
20260511_084923,2026-05-11T10:19:24.532860,https://www.douyin.com/video/7629671831254879503,video_detail,https://www.douyin.com/video/7629671831254879503,,200,2026-05-11T10:19:24.532860,,13,,,none,low
20260511_084923,2026-05-11T10:19:26.911747,https://www.douyin.com/video/7629675324778745126,video_detail,https://www.douyin.com/video/7629675324778745126,,200,2026-05-11T10:19:26.911747,,75,1,network_response_28,exact,high
20260511_084923,2026-05-11T10:19:34.620535,https://www.douyin.com/video/7629676523431382315,video_detail,https://www.douyin.com/video/7629676523431382315,,200,2026-05-11T10:19:34.620535,,70,1,network_response_30,exact,high
20260511_084923,2026-05-11T10:19:42.688169,https://www.douyin.com/video/7629676563658820906,video_detail,https://www.douyin.com/video/7629676563658820906,,200,2026-05-11T10:19:42.688169,,39,,network_response_32,exact,high
20260511_084923,2026-05-11T10:19:48.323279,https://www.douyin.com/video/7629679620434038054,video_detail,https://www.douyin.com/video/7629679620434038054,,200,2026-05-11T10:19:48.323279,,26,,,none,low
20260511_084923,2026-05-11T10:19:50.664594,https://www.douyin.com/video/7629680149474069769,video_detail,https://www.douyin.com/video/7629680149474069769,,200,2026-05-11T10:19:50.664594,,27,,,none,low
20260511_084923,2026-05-11T10:19:53.641006,https://www.douyin.com/video/7629681160717715185,video_detail,https://www.douyin.com/video/7629681160717715185,,200,2026-05-11T10:19:53.641006,,27,,network_response_26,exact,high
20260511_084923,2026-05-11T10:19:56.023731,https://www.douyin.com/video/7629689986614299940,video_detail,https://www.douyin.com/video/7629689986614299940,,200,2026-05-11T10:19:56.023731,,73,1,network_response_28,exact,high
20260511_084923,2026-05-11T10:20:02.905511,https://www.douyin.com/video/7629690438223547699,video_detail,https://www.douyin.com/video/7629690438223547699,,200,2026-05-11T10:20:02.905511,,83,1,network_response_30,exact,high
20260511_084923,2026-05-11T10:20:16.628223,https://www.douyin.com/video/7629695024883567922,video_detail,https://www.douyin.com/video/7629695024883567922,,200,2026-05-11T10:20:16.628223,,67,1,network_response_31,exact,high
20260511_084923,2026-05-11T10:20:24.788517,https://www.douyin.com/video/7629696770758413611,video_detail,https://www.douyin.com/video/7629696770758413611,,200,2026-05-11T10:20:24.788517,,68,1,network_response_31,exact,high
20260511_084923,2026-05-11T10:20:31.052087,https://www.douyin.com/video/7629698474803547442,video_detail,https://www.douyin.com/video/7629698474803547442,,200,2026-05-11T10:20:31.052087,,25,,,none,low
20260511_084923,2026-05-11T10:20:33.326364,https://www.douyin.com/video/7629699849016872243,video_detail,https://www.douyin.com/video/7629699849016872243,,200,2026-05-11T10:20:33.326364,,15,,network_response_14,exact,high
20260511_084923,2026-05-11T10:20:36.869535,https://www.douyin.com/video/7629701737275998309,video_detail,https://www.douyin.com/video/7629701737275998309,,200,2026-05-11T10:20:36.869535,,40,,network_response_33,exact,high
20260511_084923,2026-05-11T10:20:42.609943,https://www.douyin.com/video/7629705143416539569,video_detail,https://www.douyin.com/video/7629705143416539569,,200,2026-05-11T10:20:42.609943,,12,,,none,low
20260511_084923,2026-05-11T10:20:44.584090,https://www.douyin.com/video/7629707965674763493,video_detail,https://www.douyin.com/video/7629707965674763493,,200,2026-05-11T10:20:44.584090,,26,,,none,low
20260511_084923,2026-05-11T10:20:46.741381,https://www.douyin.com/video/7629709576249658670,video_detail,https://www.douyin.com/video/7629709576249658670,,200,2026-05-11T10:20:46.741381,,77,1,network_response_66,exact,high
20260511_084923,2026-05-11T10:20:54.338855,https://www.douyin.com/video/7629710513185869107,video_detail,https://www.douyin.com/video/7629710513185869107,,200,2026-05-11T10:20:54.338855,,84,1,network_response_77,exact,high
20260511_084923,2026-05-11T10:21:08.107599,https://www.douyin.com/video/7629710674276388148,video_detail,https://www.douyin.com/video/7629710674276388148,,200,2026-05-11T10:21:08.107599,,28,,network_response_23,exact,high
20260511_084923,2026-05-11T10:21:12.558916,https://www.douyin.com/video/7629710739053301002,video_detail,https://www.douyin.com/video/7629710739053301002,,200,2026-05-11T10:21:12.558916,,17,,,none,low
20260511_084923,2026-05-11T10:21:14.777044,https://www.douyin.com/video/7629714086762204459,video_detail,https://www.douyin.com/video/7629714086762204459,,200,2026-05-11T10:21:14.777044,,76,1,network_response_64,exact,high
20260511_084923,2026-05-11T10:21:20.726402,https://www.douyin.com/video/7629714536853124787,video_detail,https://www.douyin.com/video/7629714536853124787,,200,2026-05-11T10:21:20.726402,,26,,,none,low
20260511_084923,2026-05-11T10:21:23.711316,https://www.douyin.com/video/7629723221567050353,video_detail,https://www.douyin.com/video/7629723221567050353,,200,2026-05-11T10:21:23.711316,,28,,network_response_27,exact,high
20260511_084923,2026-05-11T10:21:27.168457,https://www.douyin.com/video/7629731639669874858,video_detail,https://www.douyin.com/video/7629731639669874858,,200,2026-05-11T10:21:27.168457,,43,,,none,low
20260511_084923,2026-05-11T10:21:32.669167,https://www.douyin.com/video/7629732848899231721,video_detail,https://www.douyin.com/video/7629732848899231721,,200,2026-05-11T10:21:32.669167,,90,1,network_response_79,exact,high
20260511_084923,2026-05-11T10:21:46.389648,https://www.douyin.com/video/7629735841874726179,video_detail,https://www.douyin.com/video/7629735841874726179,,200,2026-05-11T10:21:46.389648,,26,,network_response_25,exact,high
20260511_084923,2026-05-11T10:21:50.679706,https://www.douyin.com/video/7629740745536266993,video_detail,https://www.douyin.com/video/7629740745536266993,,200,2026-05-11T10:21:50.679706,,77,1,network_response_66,exact,high
20260511_084923,2026-05-11T10:21:57.147170,https://www.douyin.com/video/7629747145293188367,video_detail,https://www.douyin.com/video/7629747145293188367,,200,2026-05-11T10:21:57.147170,,9,,,none,low
20260511_084923,2026-05-11T10:21:59.123935,https://www.douyin.com/video/7629747822769753386,video_detail,https://www.douyin.com/video/7629747822769753386,,200,2026-05-11T10:21:59.123935,,24,,,none,low
20260511_084923,2026-05-11T10:22:01.142772,https://www.douyin.com/video/7629748727330114851,video_detail,https://www.douyin.com/video/7629748727330114851,,200,2026-05-11T10:22:01.142772,,18,,,none,low
20260511_084923,2026-05-11T10:22:03.266802,https://www.douyin.com/video/7629749363668946211,video_detail,https://www.douyin.com/video/7629749363668946211,,200,2026-05-11T10:22:03.266802,,13,,,none,low
20260511_084923,2026-05-11T10:22:05.472237,https://www.douyin.com/video/7629750238241561843,video_detail,https://www.douyin.com/video/7629750238241561843,,200,2026-05-11T10:22:05.472237,,25,,,none,low
20260511_084923,2026-05-11T10:22:07.627901,https://www.douyin.com/video/7629750710501920027,video_detail,https://www.douyin.com/video/7629750710501920027,,200,2026-05-11T10:22:07.627901,,68,1,network_response_57,exact,high
20260511_084923,2026-05-11T10:22:16.519714,https://www.douyin.com/video/7629756932638657834,video_detail,https://www.douyin.com/video/7629756932638657834,,200,2026-05-11T10:22:16.519714,,58,,network_response_29,exact,high
20260511_084923,2026-05-11T10:22:24.130706,https://www.douyin.com/video/7629763840629397626,video_detail,https://www.douyin.com/video/7629763840629397626,,200,2026-05-11T10:22:24.130706,,76,1,network_response_29,exact,high
20260511_084923,2026-05-11T10:22:32.098734,https://www.douyin.com/video/7629764408374291574,video_detail,https://www.douyin.com/video/7629764408374291574,,200,2026-05-11T10:22:32.098734,,31,,,none,low
20260511_084923,2026-05-11T10:22:36.860069,https://www.douyin.com/video/7629781803917806894,video_detail,https://www.douyin.com/video/7629781803917806894,,200,2026-05-11T10:22:36.860069,,27,,,none,low
20260511_084923,2026-05-11T10:22:39.401160,https://www.douyin.com/video/7629790644810059050,video_detail,https://www.douyin.com/video/7629790644810059050,,200,2026-05-11T10:22:39.401160,,27,,network_response_25,exact,high
20260511_084923,2026-05-11T10:22:42.532106,https://www.douyin.com/video/7629795635047319281,video_detail,https://www.douyin.com/video/7629795635047319281,,200,2026-05-11T10:22:42.532106,,28,,,none,low
20260511_084923,2026-05-11T10:22:44.934207,https://www.douyin.com/video/7629805050881256305,video_detail,https://www.douyin.com/video/7629805050881256305,,200,2026-05-11T10:22:44.934207,,29,,,none,low
20260511_084923,2026-05-11T10:22:47.792248,https://www.douyin.com/video/7629817316821273882,video_detail,https://www.douyin.com/video/7629817316821273882,,200,2026-05-11T10:22:47.792248,,75,1,network_response_32,exact,high
20260511_084923,2026-05-11T10:22:56.578101,https://www.douyin.com/video/7629828284343258403,video_detail,https://www.douyin.com/video/7629828284343258403,,200,2026-05-11T10:22:56.578101,,29,,network_response_27,exact,high
20260511_084923,2026-05-11T10:23:00.723656,https://www.douyin.com/video/7629849664184389243,video_detail,https://www.douyin.com/video/7629849664184389243,,200,2026-05-11T10:23:00.723656,,76,1,network_response_27,exact,high
20260511_084923,2026-05-11T10:23:09.126087,https://www.douyin.com/video/7629859595846576101,video_detail,https://www.douyin.com/video/7629859595846576101,,200,2026-05-11T10:23:09.126087,,36,,network_response_33,exact,high
20260511_084923,2026-05-11T10:23:14.864643,https://www.douyin.com/video/7629883731415991790,video_detail,https://www.douyin.com/video/7629883731415991790,,200,2026-05-11T10:23:14.864643,,73,1,network_response_33,exact,high
20260511_084923,2026-05-11T10:23:21.965558,https://www.douyin.com/video/7629910024546217395,video_detail,https://www.douyin.com/video/7629910024546217395,,200,2026-05-11T10:23:21.965558,,70,1,network_response_58,exact,high
20260511_084923,2026-05-11T10:23:28.534142,https://www.douyin.com/video/7629915308827888936,video_detail,https://www.douyin.com/video/7629915308827888936,,200,2026-05-11T10:23:28.534142,,82,1,network_response_35,exact,high
20260511_084923,2026-05-11T10:23:42.187357,https://www.douyin.com/video/7629916030818731731,video_detail,https://www.douyin.com/video/7629916030818731731,,200,2026-05-11T10:23:42.187357,,22,,,none,low
20260511_084923,2026-05-11T10:23:46.393542,https://www.douyin.com/video/7629922596940209658,video_detail,https://www.douyin.com/video/7629922596940209658,,200,2026-05-11T10:23:46.393542,,26,,,none,low
20260511_084923,2026-05-11T10:23:48.722705,https://www.douyin.com/video/7629922733811387654,video_detail,https://www.douyin.com/video/7629922733811387654,,200,2026-05-11T10:23:48.722705,,77,1,network_response_32,exact,high
20260511_084923,2026-05-11T10:23:56.503227,https://www.douyin.com/video/7629924595403010801,video_detail,https://www.douyin.com/video/7629924595403010801,,200,2026-05-11T10:23:56.503227,,27,,,none,low
20260511_084923,2026-05-11T10:23:59.522019,https://www.douyin.com/video/7629927577271946522,video_detail,https://www.douyin.com/video/7629927577271946522,,200,2026-05-11T10:23:59.522019,,27,,,none,low
20260511_084923,2026-05-11T10:24:01.834345,https://www.douyin.com/video/7629930532302501989,video_detail,https://www.douyin.com/video/7629930532302501989,,200,2026-05-11T10:24:01.834345,,75,1,network_response_67,exact,high
20260511_084923,2026-05-11T10:24:09.992664,https://www.douyin.com/video/7629931601777921289,video_detail,https://www.douyin.com/video/7629931601777921289,,200,2026-05-11T10:24:09.992664,,32,,network_response_27,exact,high
20260511_084923,2026-05-11T10:24:15.169544,https://www.douyin.com/video/7629934766040616227,video_detail,https://www.douyin.com/video/7629934766040616227,,200,2026-05-11T10:24:15.169544,,78,1,network_response_28,exact,high
20260511_084923,2026-05-11T10:24:24.110441,https://www.douyin.com/video/7629935688158432550,video_detail,https://www.douyin.com/video/7629935688158432550,,200,2026-05-11T10:24:24.110441,,25,,network_response_24,exact,high
20260511_084923,2026-05-11T10:24:27.189832,https://www.douyin.com/video/7629939367956018537,video_detail,https://www.douyin.com/video/7629939367956018537,,200,2026-05-11T10:24:27.189832,,27,,,none,low
20260511_084923,2026-05-11T10:24:29.494808,https://www.douyin.com/video/7629941680947814641,video_detail,https://www.douyin.com/video/7629941680947814641,,200,2026-05-11T10:24:29.494808,,26,,,none,low
20260511_084923,2026-05-11T10:24:31.624053,https://www.douyin.com/video/7629948942860449273,video_detail,https://www.douyin.com/video/7629948942860449273,,200,2026-05-11T10:24:31.624053,,74,1,network_response_31,exact,high
20260511_084923,2026-05-11T10:24:38.507560,https://www.douyin.com/video/7629954694328106682,video_detail,https://www.douyin.com/video/7629954694328106682,,200,2026-05-11T10:24:38.507560,,27,,network_response_26,exact,high
20260511_084923,2026-05-11T10:24:41.187090,https://www.douyin.com/video/7629960714787291054,video_detail,https://www.douyin.com/video/7629960714787291054,,200,2026-05-11T10:24:41.187090,,67,1,network_response_31,exact,high
20260511_084923,2026-05-11T10:24:48.206282,https://www.douyin.com/video/7629960917693857487,video_detail,https://www.douyin.com/video/7629960917693857487,,200,2026-05-11T10:24:48.206282,,30,,network_response_24,exact,high
20260511_084923,2026-05-11T10:24:51.165291,https://www.douyin.com/video/7629974653386044657,video_detail,https://www.douyin.com/video/7629974653386044657,,200,2026-05-11T10:24:51.165291,,28,,,none,low
20260511_084923,2026-05-11T10:24:54.429319,https://www.douyin.com/video/7629977307431701769,video_detail,https://www.douyin.com/video/7629977307431701769,,200,2026-05-11T10:24:54.429319,,42,,network_response_34,exact,high
20260511_084923,2026-05-11T10:25:00.660163,https://www.douyin.com/video/7629985674300624128,video_detail,https://www.douyin.com/video/7629985674300624128,,200,2026-05-11T10:25:00.660163,,27,,network_response_26,exact,high
20260511_084923,2026-05-11T10:25:03.114808,https://www.douyin.com/video/7629988339092950287,video_detail,https://www.douyin.com/video/7629988339092950287,,200,2026-05-11T10:25:03.114808,,73,1,network_response_51,exact,high
20260511_084923,2026-05-11T10:25:09.903866,https://www.douyin.com/video/7629990503278333219,video_detail,https://www.douyin.com/video/7629990503278333219,,200,2026-05-11T10:25:09.903866,,26,,,none,low
20260511_084923,2026-05-11T10:25:12.350058,https://www.douyin.com/video/7629995117918604598,video_detail,https://www.douyin.com/video/7629995117918604598,,200,2026-05-11T10:25:12.350058,,27,,,none,low
20260511_084923,2026-05-11T10:25:14.488047,https://www.douyin.com/video/7629999793296706850,video_detail,https://www.douyin.com/video/7629999793296706850,,200,2026-05-11T10:25:14.488047,,26,,,none,low
20260511_084923,2026-05-11T10:25:16.636184,https://www.douyin.com/video/7630000377902992675,video_detail,https://www.douyin.com/video/7630000377902992675,,200,2026-05-11T10:25:16.636184,,80,1,network_response_71,exact,high
20260511_084923,2026-05-11T10:25:24.397526,https://www.douyin.com/video/7630008273986597861,video_detail,https://www.douyin.com/video/7630008273986597861,,200,2026-05-11T10:25:24.397526,,77,1,network_response_69,exact,high
20260511_084923,2026-05-11T10:25:31.907961,https://www.douyin.com/video/7630008839231884563,video_detail,https://www.douyin.com/video/7630008839231884563,,200,2026-05-11T10:25:31.907961,,84,1,network_response_71,exact,high
20260511_084923,2026-05-11T10:25:45.015124,https://www.douyin.com/video/7630011131981008154,video_detail,https://www.douyin.com/video/7630011131981008154,,200,2026-05-11T10:25:45.015124,,24,,,none,low
20260511_084923,2026-05-11T10:25:48.750902,https://www.douyin.com/video/7630013318602206705,video_detail,https://www.douyin.com/video/7630013318602206705,,200,2026-05-11T10:25:48.750902,,35,,network_response_31,exact,high
20260511_084923,2026-05-11T10:25:52.960251,https://www.douyin.com/video/7630013585346891014,video_detail,https://www.douyin.com/video/7630013585346891014,,200,2026-05-11T10:25:52.960251,,26,,,none,low
20260511_084923,2026-05-11T10:25:55.274073,https://www.douyin.com/video/7630014862436863278,video_detail,https://www.douyin.com/video/7630014862436863278,,200,2026-05-11T10:25:55.274073,,28,,network_response_27,exact,high
20260511_084923,2026-05-11T10:25:57.842482,https://www.douyin.com/video/7630014884222350513,video_detail,https://www.douyin.com/video/7630014884222350513,,200,2026-05-11T10:25:57.842482,,27,,,none,low
20260511_084923,2026-05-11T10:26:00.243753,https://www.douyin.com/video/7630014969643289865,video_detail,https://www.douyin.com/video/7630014969643289865,,200,2026-05-11T10:26:00.243753,,73,1,network_response_70,exact,high
20260511_084923,2026-05-11T10:26:07.542383,https://www.douyin.com/video/7630015153681059099,video_detail,https://www.douyin.com/video/7630015153681059099,,200,2026-05-11T10:26:07.542383,,78,1,network_response_60,exact,high
20260511_084923,2026-05-11T10:26:20.906282,https://www.douyin.com/video/7630019338656877867,video_detail,https://www.douyin.com/video/7630019338656877867,,200,2026-05-11T10:26:20.906282,,70,1,network_response_57,exact,high
20260511_084923,2026-05-11T10:26:27.131687,https://www.douyin.com/video/7630019833614260146,video_detail,https://www.douyin.com/video/7630019833614260146,,200,2026-05-11T10:26:27.131687,,27,,network_response_26,exact,high
20260511_084923,2026-05-11T10:26:30.260122,https://www.douyin.com/video/7630022236753235254,video_detail,https://www.douyin.com/video/7630022236753235254,,200,2026-05-11T10:26:30.260122,,77,1,network_response_67,exact,high
20260511_084923,2026-05-11T10:26:37.688661,https://www.douyin.com/video/7630022742918348681,video_detail,https://www.douyin.com/video/7630022742918348681,,200,2026-05-11T10:26:37.688661,,27,,,none,low
