{
  "auc": 0.5727272727272728,
  "accuracy": 0.5161290322580645,
  "precision": 0.25,
  "recall": 0.18181818181818182,
  "f1": 0.21052631578947367,
  "recall_at_10": 0.2727272727272727,
  "precision_at_10": 0.3,
  "k": 10,
  "confusion_matrix": [
    [
      14,
      6
    ],
    [
      9,
      2
    ]
  ]
}