author_id,crawl_time,author_user_id,sec_uid,unique_id,short_id,nickname,signature,follower_count,total_favorited,favoriting_count,following_count,verification_type,custom_verify,enterprise_verify_reason,avatar_thumb_url_list,cover_url_list,author_status,author_secret,author_prevent_download
4403bca0-b308-31d0-fc24-660654f06f9a,2026-05-09 21:21:00.126708,,,,,我的,,,,,,,,,,,,,
4403bca0-b308-31d0-fc24-660654f06f9a,2026-05-09 21:21:08.604012,,,,,我的,,,,,,,,,,,,,
59639995221,2026-05-09 21:21:11.923994,,MS4wLjABAAAA6Y_2dEfQL7RUr6515qVJXINmruMWlL99pxhdMVjJfqs,,713207958,李永乐老师,"2002-2006北京大学物理系本科
2006-2009清华大学电子工程系硕士
2009-2025北京市重点中学教师
数百名学生考入清华北大，数名学生获得奥赛金牌
国际奥赛金牌教练，2021年北京榜样
知名科普作家，著作销售百万册
知名科普视频创作者，制作科普视频1000余期
公益课程400余期，公益课程在@李永乐和他的同事们",16916520,45046051,,,1,,,,"[""https://p3-pc-sign.douyinpic.com/obj/c8510002be9a3a61aad2?lk3s=138a59ce&x-expires=1779541200&x-signature=yGzoaHoMONHERF1Vc7pOku69KAc%3D&from=327834062""]",,,
73976690418,2026-05-09 21:21:15.361218,,MS4wLjABAAAAPYNtBK9LGG2e_UuzKfCJVUQHrjluZ5FMJ2bw_xiu4lc,,112064323,Antonyliu,"不要为无聊的世界埋单
不要为不值得的事难过
不要为不值得的人烦恼
世界就是一个草台班子
爱谁谁在台上表演
与我无关",33966,14438,,,1,,,,"[""https://p3-pc-sign.douyinpic.com/obj/c8510002be9a3a61aad2?lk3s=138a59ce&x-expires=1779541200&x-signature=yGzoaHoMONHERF1Vc7pOku69KAc%3D&from=327834062""]",,,
3338538583337303,2026-05-09 21:21:25.402767,,MS4wLjABAAAAnCL0s3OyVIGzAsMV4qWkZTqxYj1UCQe7hVojud78d5K66SuH_eDHD0vybaOBM1-W,ColaCatVision,30516788943,可乐猫视界,新时代数字世界构建,126,98,,,1,,,,"[""https://p3-pc-sign.douyinpic.com/obj/c8510002be9a3a61aad2?lk3s=138a59ce&x-expires=1779541200&x-signature=yGzoaHoMONHERF1Vc7pOku69KAc%3D&from=327834062""]",,,
3356127992753198,2026-05-09 21:21:35.489342,,MS4wLjABAAAAO0Pq8Z4Dfg2PCXA76CVOti9X-VemYkMtzbYedS_EB1IulbnzKkQAzLKKICwwti8L,90284985024,90284985024,数致西瓜讲AI,"1. 10多年技术经验
2. 连续创业，融资过亿 
3. 数致未来首席科学家
4. 讲让每个人都能听得懂的大模型技术",11136,34647,,,1,,店铺账号,,"[""https://p3-pc-sign.douyinpic.com/obj/c8510002be9a3a61aad2?lk3s=138a59ce&x-expires=1779541200&x-signature=yGzoaHoMONHERF1Vc7pOku69KAc%3D&from=327834062""]",,,
160941723098760,2026-05-09 21:21:50.662809,,MS4wLjABAAAA56mR6d1KxAAqfBqhPuf0Rs8Ka-4zrmwdd-khSek-yiA,36458206954,36458206954,漫士沉思录,"清华大学博士，研究人工智能，喜欢思考和分享知识
商务请联系manshishangwu，并备注来意",838112,5543146,,,1,,,,"[""https://p9-pc-sign.douyinpic.com/obj/c8510002be9a3a61aad2?lk3s=138a59ce&x-expires=1779541200&x-signature=PxSXcY0J0h3nd%2BT8qPCVwzUN5%2F8%3D&from=327834062""]",,,
2931726622135948,2026-05-09 21:21:56.032081,,MS4wLjABAAAAwbbVuf1W2DdgRe0xCa0oxg1ZIHbzuiTzyjq3NcOVgBuu6qIidYlMYqbL3ZFY2swu,32571643812,32571643812,秋芝2046,"AI很单纯，复杂的是人～
后期｜文案｜产品 欢迎投递简历 : join@qiuzhi2046.com
商务合作｜aiboole（注明来意 非本人）",1181536,6501133,,,1,,,,"[""https://p3-pc-sign.douyinpic.com/obj/c8510002be9a3a61aad2?lk3s=138a59ce&x-expires=1779541200&x-signature=yGzoaHoMONHERF1Vc7pOku69KAc%3D&from=327834062""]",,,
2fb61432-139a-24a3-f7e6-8a66d2cec7b3,2026-05-09 21:21:59.444641,,,,,我的,,,,,,,,,,,,,
2fb61432-139a-24a3-f7e6-8a66d2cec7b3,2026-05-09 21:22:02.284691,,,,,我的,,,,,,,,,,,,,
102334023579,2026-05-09 21:22:06.813332,,MS4wLjABAAAA0p2KVQFjTJBJQXglI8tc6OOt4i9O-j9Bd7GMki9NWo8,PKU_1898,1301066950,北京大学,爱国 进步 民主 科学,10255703,75342551,,,1,,北京大学官方账号,,"[""https://p3-pc-sign.douyinpic.com/obj/c8510002be9a3a61aad2?lk3s=138a59ce&x-expires=1779541200&x-signature=yGzoaHoMONHERF1Vc7pOku69KAc%3D&from=327834062""]",,,
3945471974594237,2026-05-09 21:22:14.626425,,MS4wLjABAAAABoRm4MQH-eDX1Q2w1deutI4fcJLHHxM7aHieemTqsh13nc4LXgn4eF_v3wkS7GqU,59302570695,59302570695,用户1515987786584,爱国 进步 民主 科学,10255640,75341875,,,1,,,,"[""https://p3-pc-sign.douyinpic.com/obj/c8510002be9a3a61aad2?lk3s=138a59ce&x-expires=1779541200&x-signature=yGzoaHoMONHERF1Vc7pOku69KAc%3D&from=327834062""]",,,
73137327069,2026-05-09 21:22:28.949571,,MS4wLjABAAAAW68uuBvEO8a7e8uiUhF3XlbW-REUh20eYTfKgr0lyNA,,205416365,呆了吧唧,"上海交通大学计算机系教授
研究强化学习、智能体技术和具身智能",21076,44944,,,1,,,,"[""https://p3-pc-sign.douyinpic.com/obj/c8510002be9a3a61aad2?lk3s=138a59ce&x-expires=1779541200&x-signature=yGzoaHoMONHERF1Vc7pOku69KAc%3D&from=327834062""]",,,
888017306269767,2026-05-09 21:22:40.118640,,MS4wLjABAAAADoKduu5G5iWH9k8hs7d8rn7DYZXTH2f3RsFoKEBfcOY,Cash3658,3565027286,🌈✨灌奶茶高手✨,"浙江大学信息与电子工程学院副教授
毕业于清华大学电子工程系（学士），英国南安普敦大学（博士）
从事深度学习的理论与应用，计算机视觉，模型压缩与加速，医学图像处理等领域的研究",6862,11990,,,1,,,,"[""https://p3-pc-sign.douyinpic.com/obj/c8510002be9a3a61aad2?lk3s=138a59ce&x-expires=1779541200&x-signature=yGzoaHoMONHERF1Vc7pOku69KAc%3D&from=327834062""]",,,
1429015326369028,2026-05-09 21:22:50.852559,,MS4wLjABAAAA6B6tfhhNg0x8mupyjo3620k92P4vuxPR9J8cFaf1viFsJ7Sd-ml6u0OPrp0SO1as,lsm129.,2288565436,llsm,"Wechat:StanfordOnline
为全球学习者提供广泛、前沿的在线课程",20280,36288,,,1,,,,"[""https://p3-pc-sign.douyinpic.com/obj/c8510002be9a3a61aad2?lk3s=138a59ce&x-expires=1779541200&x-signature=yGzoaHoMONHERF1Vc7pOku69KAc%3D&from=327834062""]",,,
ba5b07ea-2f53-c1f2-99bd-2358f8333529,2026-05-09 21:23:06.095934,,,,,我的,,,,,,,,,,,,,
66342716264,2026-05-09 21:23:10.969609,,MS4wLjABAAAA7wXCKtOg0r5jU9WUoezi2DouGXIaGT8NEhzEVPNDSMw,,361493046,氵木木与王木木,分享最优质的学习资源，传播最优秀的公开课程,1086,1316,,,1,,,,"[""https://p3-pc-sign.douyinpic.com/obj/c8510002be9a3a61aad2?lk3s=138a59ce&x-expires=1779541200&x-signature=yGzoaHoMONHERF1Vc7pOku69KAc%3D&from=327834062""]",,,
3078248584453918,2026-05-09 21:23:20.276401,,MS4wLjABAAAA1LJlp4qLm22nCdrWUgjMJUN_H-8-8l6SZickJsRZ6-3QKT2wX_5mpGGy3mCF55iL,dybkeiyf5csq,3858818548,赵桂,"Wechat:StanfordOnline
为全球学习者提供广泛、前沿的在线课程",20280,36288,,,1,,,,"[""https://p3-pc-sign.douyinpic.com/obj/c8510002be9a3a61aad2?lk3s=138a59ce&x-expires=1779541200&x-signature=yGzoaHoMONHERF1Vc7pOku69KAc%3D&from=327834062""]",,,
1538935081666328,2026-05-09 21:23:34.434364,,MS4wLjABAAAAZe_3pUyscDwy7ZwROlS1F0t4cwmck-w4w8Z-qRyUg0_JZqsDrXrlgj2xbMQ1Gmet,agentingxiao33,3597256468,人人健康,爱国 进步 民主 科学,10255638,75341953,,,1,,,,"[""https://p9-pc-sign.douyinpic.com/obj/c8510002be9a3a61aad2?lk3s=138a59ce&x-expires=1779541200&x-signature=PxSXcY0J0h3nd%2BT8qPCVwzUN5%2F8%3D&from=327834062""]",,,
4403bca0-b308-31d0-fc24-660654f06f9a,2026-05-09 21:23:48.838977,,,,,我的,,,,,,,,,,,,,
97963912656,2026-05-09 21:24:12.847437,,MS4wLjABAAAAsApACXI9Twh8WF6wby5FosAE2Xiz_DGyW9cfeapG680,zju1897,895821664,浙江大学,"求是 创新
在这里记录不一样的浙大",2292062,44108222,,,1,,浙江大学官方账号,,"[""https://p3-pc-sign.douyinpic.com/obj/c8510002be9a3a61aad2?lk3s=138a59ce&x-expires=1779541200&x-signature=yGzoaHoMONHERF1Vc7pOku69KAc%3D&from=327834062""]",,,
4403bca0-b308-31d0-fc24-660654f06f9a,2026-05-09 21:24:20.815147,,,,,我的,,,,,,,,,,,,,
2207423758342172,2026-05-09 21:24:23.845391,,MS4wLjABAAAAGd-TXIXP0b79tWH9T3bruB5Sv8Y2E4cxIBr69EsN8YR11-NYnBoCGye-x5YTNBR-,baiduAICloud,3744936191,百度智能云,云智一体，深入产业,1122407,3982842,,,1,,,,"[""https://p9-pc-sign.douyinpic.com/obj/c8510002be9a3a61aad2?lk3s=138a59ce&x-expires=1779541200&x-signature=PxSXcY0J0h3nd%2BT8qPCVwzUN5%2F8%3D&from=327834062""]",,,
97963912656,2026-05-09 21:24:32.642810,,MS4wLjABAAAAsApACXI9Twh8WF6wby5FosAE2Xiz_DGyW9cfeapG680,zju1897,895821664,浙江大学,"求是 创新
在这里记录不一样的浙大",2292063,44108222,,,1,,浙江大学官方账号,,"[""https://p3-pc-sign.douyinpic.com/obj/c8510002be9a3a61aad2?lk3s=138a59ce&x-expires=1779541200&x-signature=yGzoaHoMONHERF1Vc7pOku69KAc%3D&from=327834062""]",,,
4403bca0-b308-31d0-fc24-660654f06f9a,2026-05-09 21:24:40.436350,,,,,我的,,,,,,,,,,,,,
4403bca0-b308-31d0-fc24-660654f06f9a,2026-05-09 21:24:43.627700,,,,,我的,,,,,,,,,,,,,
4403bca0-b308-31d0-fc24-660654f06f9a,2026-05-09 21:24:46.852172,,,,,我的,,,,,,,,,,,,,
4403bca0-b308-31d0-fc24-660654f06f9a,2026-05-09 21:24:50.127529,,,,,我的,,,,,,,,,,,,,
2931726622135948,2026-05-09 21:24:53.287551,,MS4wLjABAAAAwbbVuf1W2DdgRe0xCa0oxg1ZIHbzuiTzyjq3NcOVgBuu6qIidYlMYqbL3ZFY2swu,32571643812,32571643812,秋芝2046,"AI很单纯，复杂的是人～
后期｜文案｜产品 欢迎投递简历 : join@qiuzhi2046.com
商务合作｜aiboole（注明来意 非本人）",1181547,6501316,,,1,,,,"[""https://p3-pc-sign.douyinpic.com/obj/c8510002be9a3a61aad2?lk3s=138a59ce&x-expires=1779541200&x-signature=yGzoaHoMONHERF1Vc7pOku69KAc%3D&from=327834062""]",,,
4403bca0-b308-31d0-fc24-660654f06f9a,2026-05-09 21:25:01.239314,,,,,我的,,,,,,,,,,,,,
3472701123732212,2026-05-09 21:25:05.561573,,MS4wLjABAAAAG90TDEPFsyT4FHFFkA5M-gcsAD3TAYurbpDTztv6NfRp_JepWitApGeq0v_N95bc,36028208789,36028208789,水七讲大模型,"👉机器学习 | 大模型 | 论文| 竞赛
🔥帮助大家不给职业留遗憾",25550,136279,,,1,,,,"[""https://p3-pc-sign.douyinpic.com/obj/c8510002be9a3a61aad2?lk3s=138a59ce&x-expires=1779541200&x-signature=yGzoaHoMONHERF1Vc7pOku69KAc%3D&from=327834062""]",,,
1512581882719389,2026-05-09 21:25:12.539938,,MS4wLjABAAAAB45K7zcot4O5wCEX_pRI1JnnD-O4wfQmTBJXwM9jJSfKkoX3UW2b5_t-Eh-7srJt,cangjiecode,4011044935,仓颉编程语言,高性能 强安全 跨平台 智能化,28182,39136,,,1,,华为技术有限公司,,"[""https://p3-pc-sign.douyinpic.com/obj/c8510002be9a3a61aad2?lk3s=138a59ce&x-expires=1779541200&x-signature=yGzoaHoMONHERF1Vc7pOku69KAc%3D&from=327834062""]",,,
107103767758649,2026-05-09 21:25:21.572184,,MS4wLjABAAAAo6TLf8UJYf8YILApPVbtjXkC94vR7I6qrAr7-uinMMY,50824091677,50824091677,曲水流觞,"🌟我是真的想教会你AI算法！
🧎求你学点吧，真的是好东西来的！
✋全网同名，🉑Free或取孜料在@科研论文程助理",4088,10466,,,1,,,,"[""https://p3-pc-sign.douyinpic.com/obj/c8510002be9a3a61aad2?lk3s=138a59ce&x-expires=1779541200&x-signature=yGzoaHoMONHERF1Vc7pOku69KAc%3D&from=327834062""]",,,
747323848917437,2026-05-09 21:25:36.072025,,MS4wLjABAAAAzyPooiuJH3y5Vq7hbszMVtldCebUpKFz6e0HVUcwh9A,StanfordRobotics,3805324549,斯坦福机器人庞博士Leo,"美国斯坦福（史丹福）大学计算机、机械工程博士，SPIE Fellow（院士），硅谷连续创业者（一家纳斯达克，一家被收购），半导体光刻专家。MYNT AI小觅智能，史丹福机器人创始人CEO。中科大本硕，师从伍小平院士。
内容：硅谷高科技、黑科技、AI人工智能、机器人、3D视觉、双目、SLAM、半导体和芯片新闻和解读，创业心得，滑雪和VLOG
爱好：跑步，滑雪，羽毛球
全网170万+粉丝",647499,3713523,,,1,,,,"[""https://p3-pc-sign.douyinpic.com/obj/c8510002be9a3a61aad2?lk3s=138a59ce&x-expires=1779541200&x-signature=yGzoaHoMONHERF1Vc7pOku69KAc%3D&from=327834062""]",,,
3432020902417799,2026-05-09 21:25:41.261735,,MS4wLjABAAAAFnCEG0QqaQuXrRMl_ySmIeIQF7q-vbaA3ToOEO0AihK23tHqV77A_99-hsegSv2o,21416030431,21416030431,老鱼讲AI,"六年大厂开发/专注AI Agent/coze教学
致力于全民AI技能提升 做人人都能学会的教程
超级个体践行者 米核AI学院合伙人
交流学习 进下方粉丝群⬇️⬇️⬇️",8085,30323,,,1,,,,"[""https://p9-pc-sign.douyinpic.com/obj/c8510002be9a3a61aad2?lk3s=138a59ce&x-expires=1779541200&x-signature=PxSXcY0J0h3nd%2BT8qPCVwzUN5%2F8%3D&from=327834062""]",,,
50726946807,2026-05-09 21:25:50.736452,,MS4wLjABAAAA1ECB5e1lRZ_V2pI23PLMvIvCNNpVjCdi3YhpndVav30,dydsbtmvowz8,3576241435,海山人间,"一起学习进步！
视频配套籽料📑去👉自娶！朋友：@智创-大模型东东",38670,85510,,,1,,,,"[""https://p3-pc-sign.douyinpic.com/obj/c8510002be9a3a61aad2?lk3s=138a59ce&x-expires=1779541200&x-signature=yGzoaHoMONHERF1Vc7pOku69KAc%3D&from=327834062""]",,,
4403bca0-b308-31d0-fc24-660654f06f9a,2026-05-09 21:26:04.990983,,,,,我的,,,,,,,,,,,,,
3162676202832255,2026-05-09 21:26:09.573481,,MS4wLjABAAAAxx-o8jQwBhcooKpMkKP2nsqZDFlwlZU9UqPofBgGQsIdyaB3A6AdH6qksjPTy8DT,LC131666,96247264731,绿韵长青,"美国斯坦福（史丹福）大学计算机、机械工程博士，SPIE Fellow（院士），硅谷连续创业者（一家纳斯达克，一家被收购），半导体光刻专家。MYNT AI小觅智能，史丹福机器人创始人CEO。中科大本硕，师从伍小平院士。
内容：硅谷高科技、黑科技、AI人工智能、机器人、3D视觉、双目、SLAM、半导体和芯片新闻和解读，创业心得，滑雪和VLOG
爱好：跑步，滑雪，羽毛球
全网170万+粉丝",647499,3713523,,,1,,,,"[""https://p3-pc-sign.douyinpic.com/obj/c8510002be9a3a61aad2?lk3s=138a59ce&x-expires=1779541200&x-signature=yGzoaHoMONHERF1Vc7pOku69KAc%3D&from=327834062""]",,,
4403bca0-b308-31d0-fc24-660654f06f9a,2026-05-09 21:26:21.412865,,,,,我的,,,,,,,,,,,,,
4403bca0-b308-31d0-fc24-660654f06f9a,2026-05-09 21:26:26.441251,,,,,我的,,,,,,,,,,,,,
3765182212624168,2026-05-09 21:26:30.981092,,MS4wLjABAAAACdroe6GwinpG9hAQVuxg_BukmpLKQ6eSL8lQrDs7d0gyupfMp7A7eQ7lCGrVCtwH,40580712497,40580712497,ZOMI酱,,10715,26527,,,1,,,,"[""https://p3-pc-sign.douyinpic.com/obj/c8510002be9a3a61aad2?lk3s=138a59ce&x-expires=1779541200&x-signature=yGzoaHoMONHERF1Vc7pOku69KAc%3D&from=327834062""]",,,
4403bca0-b308-31d0-fc24-660654f06f9a,2026-05-09 21:26:40.613733,,,,,我的,,,,,,,,,,,,,
7411852413869671481,2026-05-09 21:26:44.009910,,MS4wLjABAAAA4MbaI7dCSSup9TNRfhmUcDkDzKBhZaogLgvOZ8q-FUrHapV264LIpdzuydoH_gu2,91736528920,91736528920,AI智库,专注分享体系化的AI大模型课程，从入门到精通。,6900,8669,,,1,,,,"[""https://p3-pc-sign.douyinpic.com/obj/c8510002be9a3a61aad2?lk3s=138a59ce&x-expires=1779541200&x-signature=yGzoaHoMONHERF1Vc7pOku69KAc%3D&from=327834062""]",,,
7524649017218434105,2026-05-09 21:26:46.693863,,MS4wLjABAAAAp1JLKbTFFSTL3CroaHG2lKdu6hSNg1esaqAqRsvZsVBSuRky-cm-JWxcYZJmhRHh,86673006762,86673006762,深度学习工程师,🚀【AI探索者联盟】——你的AI进阶加速站！🚀,325,728,,,1,,,,"[""https://p3-pc-sign.douyinpic.com/obj/c8510002be9a3a61aad2?lk3s=138a59ce&x-expires=1779541200&x-signature=yGzoaHoMONHERF1Vc7pOku69KAc%3D&from=327834062""]",,,
7542343451725448249,2026-05-09 21:26:55.443332,,MS4wLjABAAAATs5zi2yhrFQnjw9_hnEI09oY0wtu08GXQCyYVuV91F8QDZfpJv6BhBhiAiEAHvxh,85540271087,85540271087,AI大模型教程,AI赋能一切，先从赋能你开始！关注我，一起进阶。,1454,2078,,,1,,,,"[""https://p3-pc-sign.douyinpic.com/obj/c8510002be9a3a61aad2?lk3s=138a59ce&x-expires=1779541200&x-signature=yGzoaHoMONHERF1Vc7pOku69KAc%3D&from=327834062""]",,,
688752401591276,2026-05-09 21:27:10.521394,,MS4wLjABAAAAhoJ4CNYlSDmFqQeLxUz69AhBfsQunJXL7sW1RMgtjls,2582525719z,62803756962,卖核弹的小男孩儿,🚀【AI探索者联盟】——你的AI进阶加速站！🚀,325,728,,,1,,,,"[""https://p3-pc-sign.douyinpic.com/obj/c8510002be9a3a61aad2?lk3s=138a59ce&x-expires=1779541200&x-signature=yGzoaHoMONHERF1Vc7pOku69KAc%3D&from=327834062""]",,,
7524625866836902971,2026-05-09 21:27:21.839303,,MS4wLjABAAAAtl1UsC-XZk89CJfXbh_rIVjlJqBtPDWhS6V3ZURvNsXJ9Zca2RO2EYwWol9xpp8Q,72259391869,72259391869,AI课程研究院,拒绝纸上谈兵！本频道专注AI技术实战拆解,4349,3040,,,1,,,,"[""https://p3-pc-sign.douyinpic.com/obj/c8510002be9a3a61aad2?lk3s=138a59ce&x-expires=1779541200&x-signature=yGzoaHoMONHERF1Vc7pOku69KAc%3D&from=327834062""]",,,
7524625866836902971,2026-05-09 21:27:24.859864,,MS4wLjABAAAAtl1UsC-XZk89CJfXbh_rIVjlJqBtPDWhS6V3ZURvNsXJ9Zca2RO2EYwWol9xpp8Q,72259391869,72259391869,AI课程研究院,拒绝纸上谈兵！本频道专注AI技术实战拆解,4349,3040,,,1,,,,"[""https://p3-pc-sign.douyinpic.com/obj/c8510002be9a3a61aad2?lk3s=138a59ce&x-expires=1779541200&x-signature=yGzoaHoMONHERF1Vc7pOku69KAc%3D&from=327834062""]",,,
7524649017218434105,2026-05-09 21:27:36.122281,,MS4wLjABAAAAp1JLKbTFFSTL3CroaHG2lKdu6hSNg1esaqAqRsvZsVBSuRky-cm-JWxcYZJmhRHh,86673006762,86673006762,深度学习工程师,🚀【AI探索者联盟】——你的AI进阶加速站！🚀,325,728,,,1,,,,"[""https://p3-pc-sign.douyinpic.com/obj/c8510002be9a3a61aad2?lk3s=138a59ce&x-expires=1779541200&x-signature=yGzoaHoMONHERF1Vc7pOku69KAc%3D&from=327834062""]",,,
1eca9005-4891-8f74-1482-3cf1dfebdcd5,2026-05-09 21:27:41.086463,,,,,我的,,,,,,,,,,,,,
7524625866836902971,2026-05-09 21:27:44.508416,,MS4wLjABAAAAtl1UsC-XZk89CJfXbh_rIVjlJqBtPDWhS6V3ZURvNsXJ9Zca2RO2EYwWol9xpp8Q,72259391869,72259391869,AI课程研究院,拒绝纸上谈兵！本频道专注AI技术实战拆解,4349,3040,,,1,,,,"[""https://p3-pc-sign.douyinpic.com/obj/c8510002be9a3a61aad2?lk3s=138a59ce&x-expires=1779541200&x-signature=yGzoaHoMONHERF1Vc7pOku69KAc%3D&from=327834062""]",,,
7411852413869671481,2026-05-09 21:27:51.287562,,MS4wLjABAAAA4MbaI7dCSSup9TNRfhmUcDkDzKBhZaogLgvOZ8q-FUrHapV264LIpdzuydoH_gu2,91736528920,91736528920,AI智库,专注分享体系化的AI大模型课程，从入门到精通。,6900,8669,,,1,,,,"[""https://p3-pc-sign.douyinpic.com/obj/c8510002be9a3a61aad2?lk3s=138a59ce&x-expires=1779541200&x-signature=yGzoaHoMONHERF1Vc7pOku69KAc%3D&from=327834062""]",,,
cf69752f-3718-00db-c106-5fc3402ede8f,2026-05-09 21:27:58.120688,,,,,我的,,,,,,,,,,,,,
7524651291906245691,2026-05-09 21:28:00.469323,,MS4wLjABAAAAAExwIPPrDPseZ4q_z4Urm-Z3aB6NdK_iLKsaVToo4v8pHWqICrHgU9wwnaIDt5SD,71452731075,71452731075,真想教会你AI,无论你是AI小白还是进阶高手，这里都有你需要的宝藏课程,3660,4840,,,1,,,,"[""https://p3-pc-sign.douyinpic.com/obj/c8510002be9a3a61aad2?lk3s=138a59ce&x-expires=1779541200&x-signature=yGzoaHoMONHERF1Vc7pOku69KAc%3D&from=327834062""]",,,
7524625866836902971,2026-05-09 21:28:17.413061,,MS4wLjABAAAAtl1UsC-XZk89CJfXbh_rIVjlJqBtPDWhS6V3ZURvNsXJ9Zca2RO2EYwWol9xpp8Q,72259391869,72259391869,AI课程研究院,拒绝纸上谈兵！本频道专注AI技术实战拆解,4349,3040,,,1,,,,"[""https://p3-pc-sign.douyinpic.com/obj/c8510002be9a3a61aad2?lk3s=138a59ce&x-expires=1779541200&x-signature=yGzoaHoMONHERF1Vc7pOku69KAc%3D&from=327834062""]",,,
721700892993743,2026-05-09 21:28:36.628606,,MS4wLjABAAAAnqQkvUAAOMc4cQTKJPQRbV-EOIZv1dfL12_pfW3ssFQ,83996111400,83996111400,新媒沈阳,清华大学人工智能与新媒体的双聘教授,13115,54863,,,1,,,,"[""https://p3-pc-sign.douyinpic.com/obj/c8510002be9a3a61aad2?lk3s=138a59ce&x-expires=1779541200&x-signature=yGzoaHoMONHERF1Vc7pOku69KAc%3D&from=327834062""]",,,
1376e17b-3f75-029f-4eec-d4921c94401a,2026-05-09 21:28:45.810154,,,,,我的,,,,,,,,,,,,,
721700892993743,2026-05-09 21:28:49.389789,,MS4wLjABAAAAnqQkvUAAOMc4cQTKJPQRbV-EOIZv1dfL12_pfW3ssFQ,83996111400,83996111400,新媒沈阳,清华大学人工智能与新媒体的双聘教授,13115,54863,,,1,,,,"[""https://p3-pc-sign.douyinpic.com/obj/c8510002be9a3a61aad2?lk3s=138a59ce&x-expires=1779541200&x-signature=yGzoaHoMONHERF1Vc7pOku69KAc%3D&from=327834062""]",,,
3765182212624168,2026-05-09 21:28:59.454675,,MS4wLjABAAAACdroe6GwinpG9hAQVuxg_BukmpLKQ6eSL8lQrDs7d0gyupfMp7A7eQ7lCGrVCtwH,40580712497,40580712497,ZOMI酱,,10714,26528,,,1,,,,"[""https://p3-pc-sign.douyinpic.com/obj/c8510002be9a3a61aad2?lk3s=138a59ce&x-expires=1779541200&x-signature=yGzoaHoMONHERF1Vc7pOku69KAc%3D&from=327834062""]",,,
3765182212624168,2026-05-09 21:29:06.686460,,MS4wLjABAAAACdroe6GwinpG9hAQVuxg_BukmpLKQ6eSL8lQrDs7d0gyupfMp7A7eQ7lCGrVCtwH,40580712497,40580712497,ZOMI酱,,10714,26527,,,1,,,,"[""https://p3-pc-sign.douyinpic.com/obj/c8510002be9a3a61aad2?lk3s=138a59ce&x-expires=1779541200&x-signature=yGzoaHoMONHERF1Vc7pOku69KAc%3D&from=327834062""]",,,
7542343451725448249,2026-05-09 21:29:22.708632,,MS4wLjABAAAATs5zi2yhrFQnjw9_hnEI09oY0wtu08GXQCyYVuV91F8QDZfpJv6BhBhiAiEAHvxh,85540271087,85540271087,AI大模型教程,AI赋能一切，先从赋能你开始！关注我，一起进阶。,1454,2078,,,1,,,,"[""https://p3-pc-sign.douyinpic.com/obj/c8510002be9a3a61aad2?lk3s=138a59ce&x-expires=1779541200&x-signature=yGzoaHoMONHERF1Vc7pOku69KAc%3D&from=327834062""]",,,
7542343451725448249,2026-05-09 21:29:28.702013,,MS4wLjABAAAATs5zi2yhrFQnjw9_hnEI09oY0wtu08GXQCyYVuV91F8QDZfpJv6BhBhiAiEAHvxh,85540271087,85540271087,AI大模型教程,AI赋能一切，先从赋能你开始！关注我，一起进阶。,1454,2078,,,1,,,,"[""https://p3-pc-sign.douyinpic.com/obj/c8510002be9a3a61aad2?lk3s=138a59ce&x-expires=1779541200&x-signature=yGzoaHoMONHERF1Vc7pOku69KAc%3D&from=327834062""]",,,
7542343451725448249,2026-05-09 21:29:42.631623,,MS4wLjABAAAATs5zi2yhrFQnjw9_hnEI09oY0wtu08GXQCyYVuV91F8QDZfpJv6BhBhiAiEAHvxh,85540271087,85540271087,AI大模型教程,AI赋能一切，先从赋能你开始！关注我，一起进阶。,1454,2078,,,1,,,,"[""https://p3-pc-sign.douyinpic.com/obj/c8510002be9a3a61aad2?lk3s=138a59ce&x-expires=1779541200&x-signature=yGzoaHoMONHERF1Vc7pOku69KAc%3D&from=327834062""]",,,
cb90ec8a-358c-3b38-d9f8-dadda5d65f95,2026-05-09 21:29:47.246516,,,,,我的,,,,,,,,,,,,,
3912530210338105,2026-05-09 21:29:49.787689,,MS4wLjABAAAAWOa8ti7q_DVtBpMMSncW8eTHqN1V0rLDh5a27-e6ilIoi4N3no0q9Csu1NtbRXxf,44837362592,44837362592,AI学习课堂,"彻底搞懂A大模型底层原理!带你从0构建对大模型的认知!小白也能看""懂!",24668,172019,,,1,,,,"[""https://p3-pc-sign.douyinpic.com/obj/c8510002be9a3a61aad2?lk3s=138a59ce&x-expires=1779541200&x-signature=yGzoaHoMONHERF1Vc7pOku69KAc%3D&from=327834062""]",,,
3912530210338105,2026-05-09 21:29:52.448755,,MS4wLjABAAAAWOa8ti7q_DVtBpMMSncW8eTHqN1V0rLDh5a27-e6ilIoi4N3no0q9Csu1NtbRXxf,44837362592,44837362592,AI学习课堂,"彻底搞懂A大模型底层原理!带你从0构建对大模型的认知!小白也能看""懂!",24668,172019,,,1,,,,"[""https://p3-pc-sign.douyinpic.com/obj/c8510002be9a3a61aad2?lk3s=138a59ce&x-expires=1779541200&x-signature=yGzoaHoMONHERF1Vc7pOku69KAc%3D&from=327834062""]",,,
7524649017218434105,2026-05-09 21:30:01.610229,,MS4wLjABAAAAp1JLKbTFFSTL3CroaHG2lKdu6hSNg1esaqAqRsvZsVBSuRky-cm-JWxcYZJmhRHh,86673006762,86673006762,深度学习工程师,🚀【AI探索者联盟】——你的AI进阶加速站！🚀,325,728,,,1,,,,"[""https://p3-pc-sign.douyinpic.com/obj/c8510002be9a3a61aad2?lk3s=138a59ce&x-expires=1779541200&x-signature=yGzoaHoMONHERF1Vc7pOku69KAc%3D&from=327834062""]",,,
7524651291906245691,2026-05-09 21:30:10.147715,,MS4wLjABAAAAAExwIPPrDPseZ4q_z4Urm-Z3aB6NdK_iLKsaVToo4v8pHWqICrHgU9wwnaIDt5SD,71452731075,71452731075,真想教会你AI,无论你是AI小白还是进阶高手，这里都有你需要的宝藏课程,3660,4840,,,1,,,,"[""https://p3-pc-sign.douyinpic.com/obj/c8510002be9a3a61aad2?lk3s=138a59ce&x-expires=1779541200&x-signature=yGzoaHoMONHERF1Vc7pOku69KAc%3D&from=327834062""]",,,
3912530210338105,2026-05-09 21:30:13.704008,,MS4wLjABAAAAWOa8ti7q_DVtBpMMSncW8eTHqN1V0rLDh5a27-e6ilIoi4N3no0q9Csu1NtbRXxf,44837362592,44837362592,AI学习课堂,"彻底搞懂A大模型底层原理!带你从0构建对大模型的认知!小白也能看""懂!",24668,172019,,,1,,,,"[""https://p3-pc-sign.douyinpic.com/obj/c8510002be9a3a61aad2?lk3s=138a59ce&x-expires=1779541200&x-signature=yGzoaHoMONHERF1Vc7pOku69KAc%3D&from=327834062""]",,,
3912530210338105,2026-05-09 21:30:22.964934,,MS4wLjABAAAAWOa8ti7q_DVtBpMMSncW8eTHqN1V0rLDh5a27-e6ilIoi4N3no0q9Csu1NtbRXxf,44837362592,44837362592,AI学习课堂,"彻底搞懂A大模型底层原理!带你从0构建对大模型的认知!小白也能看""懂!",24668,172019,,,1,,,,"[""https://p3-pc-sign.douyinpic.com/obj/c8510002be9a3a61aad2?lk3s=138a59ce&x-expires=1779541200&x-signature=yGzoaHoMONHERF1Vc7pOku69KAc%3D&from=327834062""]",,,
2849562992849757,2026-05-09 21:30:34.534747,,MS4wLjABAAAAT5zLrIOcRghyFlzgqYqs4cbuIdv8imoFwYOuVJnJsyZC7JaowF_elvjxicqob3_Z,volcengine,3925358062,火山引擎,字节跳动旗下云和AI服务平台,763746,4317872,,,1,,火山引擎官方账号,,"[""https://p3-pc-sign.douyinpic.com/obj/c8510002be9a3a61aad2?lk3s=138a59ce&x-expires=1779541200&x-signature=yGzoaHoMONHERF1Vc7pOku69KAc%3D&from=327834062""]",,,
f7e2f8c8-ac7a-61b4-2fc8-464d7aaabcfc,2026-05-09 21:30:39.979014,,,,,我的,,,,,,,,,,,,,
2571108665526523,2026-05-09 21:30:42.167510,,MS4wLjABAAAANk0XPrDLCVMY5gvKjp-hSx1GFm5AherUkcqIc_vTiYAwo_kzLZKdkSIsApGrcMPn,35657605966,35657605966,卢老师养老护理,无论你是AI小白还是进阶高手，这里都有你需要的宝藏课程,3660,4840,,,1,,,,"[""https://p3-pc-sign.douyinpic.com/obj/c8510002be9a3a61aad2?lk3s=138a59ce&x-expires=1779541200&x-signature=yGzoaHoMONHERF1Vc7pOku69KAc%3D&from=327834062""]",,,
4241258240032026,2026-05-09 21:30:50.022300,,MS4wLjABAAAA14E8xpwU00iM4np-o432NiZ2NYcgQiXMvmAimmmXZBaAoWJKLXIX4uU0-wr4RJpb,52613011082,52613011082,跟着工程师学AI,带你解读技术前沿，拆解AI如何重塑世界,213,443,,,1,,,,"[""https://p3-pc-sign.douyinpic.com/obj/c8510002be9a3a61aad2?lk3s=138a59ce&x-expires=1779541200&x-signature=yGzoaHoMONHERF1Vc7pOku69KAc%3D&from=327834062""]",,,
c8136c45-58dd-5fda-c4f9-2c7a514cb90e,2026-05-09 21:31:04.548532,,,,,我的,,,,,,,,,,,,,
98999040651,2026-05-09 21:31:08.821389,,MS4wLjABAAAARUNEhyTOKbV7y96ffjTTCTE1k8Exi1q3AaJZuD9Gog4,,993947336,houlin,无论你是AI小白还是进阶高手，这里都有你需要的宝藏课程,3660,4840,,,1,,,,"[""https://p3-pc-sign.douyinpic.com/obj/c8510002be9a3a61aad2?lk3s=138a59ce&x-expires=1779541200&x-signature=yGzoaHoMONHERF1Vc7pOku69KAc%3D&from=327834062""]",,,
3912530210338105,2026-05-09 21:31:16.575288,,MS4wLjABAAAAWOa8ti7q_DVtBpMMSncW8eTHqN1V0rLDh5a27-e6ilIoi4N3no0q9Csu1NtbRXxf,44837362592,44837362592,AI学习课堂,"彻底搞懂A大模型底层原理!带你从0构建对大模型的认知!小白也能看""懂!",24668,172019,,,1,,,,"[""https://p3-pc-sign.douyinpic.com/obj/c8510002be9a3a61aad2?lk3s=138a59ce&x-expires=1779541200&x-signature=yGzoaHoMONHERF1Vc7pOku69KAc%3D&from=327834062""]",,,
c8136c45-58dd-5fda-c4f9-2c7a514cb90e,2026-05-09 21:31:20.072432,,,,,我的,,,,,,,,,,,,,
76353606926,2026-05-09 21:31:22.548441,,MS4wLjABAAAAhbAeb6CtU00TQZBhGiS1_XJjEr2irsXqyHR1kFjPZE4,,129648462,露妹儿,清华大学人工智能与新媒体的双聘教授,13115,54863,,,1,,,,"[""https://p9-pc-sign.douyinpic.com/obj/c8510002be9a3a61aad2?lk3s=138a59ce&x-expires=1779541200&x-signature=PxSXcY0J0h3nd%2BT8qPCVwzUN5%2F8%3D&from=327834062""]",,,
55542153774,2026-05-09 21:31:30.714816,,MS4wLjABAAAA5HNrkz6eGmXI08inBV70fakVDYOBDYPnMnRG3cBw0uk,,1228677775,双子辛❤座,AI赋能一切，先从赋能你开始！关注我，一起进阶。,1454,2078,,,1,,,,"[""https://p3-pc-sign.douyinpic.com/obj/c8510002be9a3a61aad2?lk3s=138a59ce&x-expires=1779541200&x-signature=yGzoaHoMONHERF1Vc7pOku69KAc%3D&from=327834062""]",,,
3083473328803944,2026-05-09 21:31:46.350784,,MS4wLjABAAAA3KYPWn6683GatZi2BrwqSbLI1DTAoeAgv_6NJwxerHDdJDBeFiJrYYW9SN3nBHwF,92608116931,92608116931,卢菁老师讲AI,"卢菁博士，北京大学博士后🔥热销书籍《deepseek核心揭秘》《速通机器学习》《速通深度学习数学基础》
    🎁🎁联系客服 免费领取AI大模型学习资料！
💥💥【AI大模型与智能体开发训练营、0基础入门到精通人工智能体系课、算法工程师面试刷题精讲实战班、SCI论文写作实战、多模态大模型训练营】开课啦！",14571,81743,,,1,,店铺账号,,"[""https://p3-pc-sign.douyinpic.com/obj/c8510002be9a3a61aad2?lk3s=138a59ce&x-expires=1779541200&x-signature=yGzoaHoMONHERF1Vc7pOku69KAc%3D&from=327834062""]",,,
7542343451725448249,2026-05-09 21:31:53.067436,,MS4wLjABAAAATs5zi2yhrFQnjw9_hnEI09oY0wtu08GXQCyYVuV91F8QDZfpJv6BhBhiAiEAHvxh,85540271087,85540271087,AI大模型教程,AI赋能一切，先从赋能你开始！关注我，一起进阶。,1454,2078,,,1,,,,"[""https://p3-pc-sign.douyinpic.com/obj/c8510002be9a3a61aad2?lk3s=138a59ce&x-expires=1779541200&x-signature=yGzoaHoMONHERF1Vc7pOku69KAc%3D&from=327834062""]",,,
76430904155,2026-05-09 21:31:55.906072,,MS4wLjABAAAAYLsmcaErrApKaZj6apA0m2EukAy_2HGSNnxJPtJ7vLI,a1134172800,130177295,龙运,一起来学习AI课程吧～,2363,10940,,,1,,,,"[""https://p3-pc-sign.douyinpic.com/obj/c8510002be9a3a61aad2?lk3s=138a59ce&x-expires=1779541200&x-signature=yGzoaHoMONHERF1Vc7pOku69KAc%3D&from=327834062""]",,,
107790155162,2026-05-09 21:32:03.290521,,MS4wLjABAAAABYYLNWJjOUo41AFNWwZ-iVhdxtDqKYhBtMuXLfKvOjk,woaichixiangyu,1821106389,🌈脂肪杀手🌈,创造知识，培育领袖，贡献中国，影响世界。,397531,712224,,,1,,,,"[""https://p3-pc-sign.douyinpic.com/obj/c8510002be9a3a61aad2?lk3s=138a59ce&x-expires=1779541200&x-signature=yGzoaHoMONHERF1Vc7pOku69KAc%3D&from=327834062""]",,,
62e93bbc-003b-0e3e-3c7d-1ae411f1e554,2026-05-09 21:32:27.509683,,,,,我的,,,,,,,,,,,,,
62e93bbc-003b-0e3e-3c7d-1ae411f1e554,2026-05-09 21:32:48.847729,,,,,我的,,,,,,,,,,,,,
109963934015,2026-05-09 21:32:51.311606,,MS4wLjABAAAA9eWEQTOb5pkO7Y_E8UcpQ2IQrvTnW4xjrfOCTsKO5Cw,dy42un9tv6pd,3982303866,xhuyyy,清华大学人工智能与新媒体的双聘教授,13115,54863,,,1,,,,"[""https://p3-pc-sign.douyinpic.com/obj/c8510002be9a3a61aad2?lk3s=138a59ce&x-expires=1779541200&x-signature=yGzoaHoMONHERF1Vc7pOku69KAc%3D&from=327834062""]",,,
96153329909,2026-05-09 21:32:57.984980,,MS4wLjABAAAADNMpXAuuYlEoeOJrBwrzy3SNy9Ze4Hv6xfM2HPKvtmQ,182jason,662906722,未命名,《给孩子们的大师讲堂》是中国宋庆龄基金会与腾讯集团共同打造的一档面向青少年的知识扩展类公益栏目，着眼于围绕科学技术、卫生健康、历史文化、美学艺术和体育运动等方向连接科学家、艺术家、时代楷模等名人名家，为青少年讲科学故事、谈艺术文化、分享成长经历，激发他们对不同领域的兴趣和向往。自2021年9月1日启动以来，已制作和收录156集视频内容，全网曝光量超过18亿。,1007,28413,,,1,,,,"[""https://p3-pc-sign.douyinpic.com/obj/c8510002be9a3a61aad2?lk3s=138a59ce&x-expires=1779541200&x-signature=yGzoaHoMONHERF1Vc7pOku69KAc%3D&from=327834062""]",,,
62e93bbc-003b-0e3e-3c7d-1ae411f1e554,2026-05-09 21:33:04.589900,,,,,我的,,,,,,,,,,,,,
3554097246242431,2026-05-09 21:33:06.915616,,MS4wLjABAAAAVGc48-I9gPvTGQczLp43Z9xc6fyhLoXznB8nOY1QPLOw5nugxRU3yTJLgZwATWxH,21970099061,21970099061,织锦绣,"允公允能，日新月异
公共投稿邮箱：Nankaidouyin@163.com",820648,9800686,,,1,,,,"[""https://p3-pc-sign.douyinpic.com/obj/c8510002be9a3a61aad2?lk3s=138a59ce&x-expires=1779541200&x-signature=yGzoaHoMONHERF1Vc7pOku69KAc%3D&from=327834062""]",,,
78529946587,2026-05-09 21:33:39.886617,,MS4wLjABAAAAPbrN0imf6ViIKKkw2RoHoH2NeAVm7NY4B3rdxFagslA,IOPCAS,1225325471,中科院物理所,"没错，我就是那个物理所
关注我，每周三日常直播
不定期进行知识传播类直播",4085261,14732458,,,1,,中国科学院物理研究所官方抖音号,,"[""https://p3-pc-sign.douyinpic.com/obj/c8510002be9a3a61aad2?lk3s=138a59ce&x-expires=1779541200&x-signature=yGzoaHoMONHERF1Vc7pOku69KAc%3D&from=327834062""]",,,
e12d275a-bec9-6763-5646-93cfa3afd26a,2026-05-09 21:33:45.265594,,,,,我的,,,,,,,,,,,,,
e12d275a-bec9-6763-5646-93cfa3afd26a,2026-05-09 21:33:47.746907,,,,,我的,,,,,,,,,,,,,
108757131937,2026-05-09 21:33:50.608433,,MS4wLjABAAAARvty7CoYRihQKLa9lOSqdPxUCyQeDqdp0JKPaXQF_ck,,1825599670,斯文狼,"亚洲首位获得世界科幻最高奖“雨果奖”职业艺术家
第29届科幻“银河奖”最佳美术奖获得者
第7届第8届全球华语科幻“星云奖”最佳美术作品银奖获得者",8760,11813,,,1,,,,"[""https://p9-pc-sign.douyinpic.com/obj/c8510002be9a3a61aad2?lk3s=138a59ce&x-expires=1779541200&x-signature=PxSXcY0J0h3nd%2BT8qPCVwzUN5%2F8%3D&from=327834062""]",,,
78529946587,2026-05-09 21:33:58.501583,,MS4wLjABAAAAPbrN0imf6ViIKKkw2RoHoH2NeAVm7NY4B3rdxFagslA,IOPCAS,1225325471,中科院物理所,"没错，我就是那个物理所
关注我，每周三日常直播
不定期进行知识传播类直播",4085260,14732455,,,1,,中国科学院物理研究所官方抖音号,,"[""https://p3-pc-sign.douyinpic.com/obj/c8510002be9a3a61aad2?lk3s=138a59ce&x-expires=1779541200&x-signature=yGzoaHoMONHERF1Vc7pOku69KAc%3D&from=327834062""]",,,
721700892993743,2026-05-09 21:34:06.679968,,MS4wLjABAAAAnqQkvUAAOMc4cQTKJPQRbV-EOIZv1dfL12_pfW3ssFQ,83996111400,83996111400,新媒沈阳,清华大学人工智能与新媒体的双聘教授,13115,54863,,,1,,,,"[""https://p9-pc-sign.douyinpic.com/obj/c8510002be9a3a61aad2?lk3s=138a59ce&x-expires=1779541200&x-signature=PxSXcY0J0h3nd%2BT8qPCVwzUN5%2F8%3D&from=327834062""]",,,
54788708057,2026-05-09 21:34:15.378410,,MS4wLjABAAAABzHYyz43a1-YPNQncU9oEwUNy7g1PaVWvzOJhKEVFM4,xxs113,1907700287,SpaceX,“人文清华”讲坛遍邀当代人文大家，在标志性建筑新清华学堂定期开讲，阐述经典学说、独特思考和重大发现 。演讲兼顾学术性与大众性、思想性与社会性，选择大众关心、与社会密切相关的话题，进行观点碰撞与思想分享，构建一个人文思想持续发声的公共空间，推动人文日新、社会进步。,4085934,9256451,,,1,,,,"[""https://p3-pc-sign.douyinpic.com/obj/c8510002be9a3a61aad2?lk3s=138a59ce&x-expires=1779541200&x-signature=yGzoaHoMONHERF1Vc7pOku69KAc%3D&from=327834062""]",,,
98529703680,2026-05-09 21:34:23.971686,,MS4wLjABAAAA-_D3-vdjj-JBsseNnilufgs4iQkQ3GeR59u4i2drEzw,,1045066427,slmyeye,"欢迎来到西湖大学智能无人系统实验室（WINDY Lab)。
这里将定期发布我们的科研相关视频。
有关我们实验室和研究的更多信息，
请访问我们的网站：
https://shiyuzhao.westlake.edu.cn
https://www.shiyuzhao.net",7541,31872,,,1,,,,"[""https://p3-pc-sign.douyinpic.com/obj/c8510002be9a3a61aad2?lk3s=138a59ce&x-expires=1779541200&x-signature=yGzoaHoMONHERF1Vc7pOku69KAc%3D&from=327834062""]",,,
78529946587,2026-05-09 21:34:32.710782,,MS4wLjABAAAAPbrN0imf6ViIKKkw2RoHoH2NeAVm7NY4B3rdxFagslA,IOPCAS,1225325471,中科院物理所,"没错，我就是那个物理所
关注我，每周三日常直播
不定期进行知识传播类直播",4085261,14732460,,,1,,中国科学院物理研究所官方抖音号,,"[""https://p3-pc-sign.douyinpic.com/obj/c8510002be9a3a61aad2?lk3s=138a59ce&x-expires=1779541200&x-signature=yGzoaHoMONHERF1Vc7pOku69KAc%3D&from=327834062""]",,,
64368951615,2026-05-09 21:34:41.347901,,MS4wLjABAAAA9PYyFuZwzbuAbRsWpfos3-PwB52vrCaXwxpnTT68qcM,YehKuoHao,79155417,HAO,为全球思考并创造“智能而有温度”的未来,59435,132218,,,1,,,,"[""https://p9-pc-sign.douyinpic.com/obj/c8510002be9a3a61aad2?lk3s=138a59ce&x-expires=1779541200&x-signature=PxSXcY0J0h3nd%2BT8qPCVwzUN5%2F8%3D&from=327834062""]",,,
1833632878036766,2026-05-09 21:34:56.796551,,MS4wLjABAAAAHnjsBNVFEU-kpKSCZYc6770u6-q4jG1M8Z49aFK9R79G4IRh9aTVQh7UBu7I2khA,dyjnmwmnh3bc,2830794110,中国人民大学高瓴人工智能学院,为全球思考并创造“智能而有温度”的未来,59435,132218,,,1,,,,"[""https://p3-pc-sign.douyinpic.com/obj/c8510002be9a3a61aad2?lk3s=138a59ce&x-expires=1779541200&x-signature=yGzoaHoMONHERF1Vc7pOku69KAc%3D&from=327834062""]",,,
98383539711,2026-05-09 21:35:03.723232,,MS4wLjABAAAAxaO6Ye49jNnjRxX5Ew9AVQJgOrrsomd3Az9JfA9jHz0,NKU19191017,1544011255,南开大学,"允公允能，日新月异
公共投稿邮箱：Nankaidouyin@163.com",820648,9800688,,,1,,南开大学官方抖音号,,"[""https://p3-pc-sign.douyinpic.com/obj/c8510002be9a3a61aad2?lk3s=138a59ce&x-expires=1779541200&x-signature=yGzoaHoMONHERF1Vc7pOku69KAc%3D&from=327834062""]",,,
78529946587,2026-05-09 21:35:12.822082,,MS4wLjABAAAAPbrN0imf6ViIKKkw2RoHoH2NeAVm7NY4B3rdxFagslA,IOPCAS,1225325471,中科院物理所,"没错，我就是那个物理所
关注我，每周三日常直播
不定期进行知识传播类直播",4085260,14732461,,,1,,中国科学院物理研究所官方抖音号,,"[""https://p3-pc-sign.douyinpic.com/obj/c8510002be9a3a61aad2?lk3s=138a59ce&x-expires=1779541200&x-signature=yGzoaHoMONHERF1Vc7pOku69KAc%3D&from=327834062""]",,,
78348149157,2026-05-09 21:35:23.278070,,MS4wLjABAAAAhHr0i4auxqtDrwIblVZjynWNNOGX4g_Znr6nyvt-8hg,Hanyy1111,142606226,扶摇电影,"🎬电影的世界 世界的电影
➰感谢大家一直以来的支持
🎤真人配音努力成长中...",652357,7960638,,,1,,,,"[""https://p3-pc-sign.douyinpic.com/obj/c8510002be9a3a61aad2?lk3s=138a59ce&x-expires=1779541200&x-signature=yGzoaHoMONHERF1Vc7pOku69KAc%3D&from=327834062""]",,,
103797704116,2026-05-09 21:35:50.001765,,MS4wLjABAAAASNP4ZTOpGB12ulDsvV2ILkhbRtgrWEDbhz6Pp2mAQBE,SJTU,1529649512,上海交通大学,"饮水思源，爱国荣校。
投稿及联系邮箱：yuanstudio2021@163.com",1383563,14367653,,,1,,上海交通大学官方抖音账号,,"[""https://p3-pc-sign.douyinpic.com/obj/c8510002be9a3a61aad2?lk3s=138a59ce&x-expires=1779541200&x-signature=yGzoaHoMONHERF1Vc7pOku69KAc%3D&from=327834062""]",,,
4b2d4432-6dd6-4a68-eecb-35c4e4dbfae0,2026-05-09 21:35:59.525462,,,,,我的,,,,,,,,,,,,,
96099527096,2026-05-09 21:36:01.789509,,MS4wLjABAAAAjYtGzOei0G9qkMQdm68QmDHu7rWV8QoO1SG-cDG24b8,,628357463,丹牛食,"油管同名
不接商單推廣",657352,3577761,,,1,,,,"[""https://p9-pc-sign.douyinpic.com/obj/c8510002be9a3a61aad2?lk3s=138a59ce&x-expires=1779541200&x-signature=PxSXcY0J0h3nd%2BT8qPCVwzUN5%2F8%3D&from=327834062""]",,,
1107950429813283,2026-05-09 21:36:09.754124,,MS4wLjABAAAA_nAbJAxAIWozvN2JTgF7Ik3RBrEKeFLU68pZujwnG19_v10Azn2tdHR1omeIanX4,588990Q,3963182154,小小新酱,"🌟每日更新～感谢大家喜欢
希望可爱的你，每天开心喔🥳
喜欢回复粉丝评论😁",157694,3198689,,,1,,,,"[""https://p3-pc-sign.douyinpic.com/obj/c8510002be9a3a61aad2?lk3s=138a59ce&x-expires=1779541200&x-signature=yGzoaHoMONHERF1Vc7pOku69KAc%3D&from=327834062""]",,,
3668421832879464,2026-05-09 21:36:12.606862,,MS4wLjABAAAAy2e7zW7znr5-wtZEGBnWelBqNhTa5x9W2Aqfs_DslpCUg03s-cYow2Rycfn_hbKw,88039415955,88039415955,剧会说,"已签约抖音独家
每天18:00-21:00更新
🥰  🥰  🥰
不出号！不出号！不出号！",223849,4295639,,,1,,,,"[""https://p3-pc-sign.douyinpic.com/obj/c8510002be9a3a61aad2?lk3s=138a59ce&x-expires=1779541200&x-signature=yGzoaHoMONHERF1Vc7pOku69KAc%3D&from=327834062""]",,,
7575416598552265765,2026-05-09 21:36:15.766319,,MS4wLjABAAAASz5_gVdp-BIIGTX6iIspO9YkssyZRMSZjNjBtBeKHu8n0QT3VLaAju9Zxai6p7J3,50674964817,50674964817,千挑百怪,"猫鼠游戏节目集结营
点赞加关注好运挡不住
百万撤离连续三季更新中...",37194,438947,,,1,,,,"[""https://p3-pc-sign.douyinpic.com/obj/c8510002be9a3a61aad2?lk3s=138a59ce&x-expires=1779541200&x-signature=yGzoaHoMONHERF1Vc7pOku69KAc%3D&from=327834062""]",,,
3342934588534379,2026-05-09 21:36:25.053530,,MS4wLjABAAAAeCVXF1BS18gw-g3M4MyCpMKOdW9J9kqvEam1eASVQoqpfhucRoSAI1cwdt7N7rdm,83592854984,83592854984,子壹ziye,"无美颜 无滤镜 原相机真实测评📷
1⃣️ 毒舌不是目的 只是为了说大实话
2⃣️ 测评也许不是最专业的 但💯的真实
3⃣️ 立志成为你们的民间质检员
🈴️🛰️：xqt9554（备注来意）
⚠️无信心勿寄品，不好用会开麦",1587446,18411203,,,1,,,,"[""https://p3-pc-sign.douyinpic.com/obj/c8510002be9a3a61aad2?lk3s=138a59ce&x-expires=1779541200&x-signature=yGzoaHoMONHERF1Vc7pOku69KAc%3D&from=327834062""]",,,
76085500832,2026-05-09 21:36:31.604295,,MS4wLjABAAAAPxDzrV6PMmBJOMlDaqo9g3OLVaUyZVMrxD3SNubkV9s,weigangzaowu,127424943,微缸造物,"佛系.雨林造景狂热者，分享，创作，定制，学习
🌏Wgzw2025注明来意
所有作品均为原创，侵权必究",151391,603378,,,1,,,,"[""https://p3-pc-sign.douyinpic.com/obj/c8510002be9a3a61aad2?lk3s=138a59ce&x-expires=1779541200&x-signature=yGzoaHoMONHERF1Vc7pOku69KAc%3D&from=327834062""]",,,
2023580325385987,2026-05-09 21:36:34.769374,,MS4wLjABAAAAERZq9afXNbLKg8MN6dHJgDvI1ezkBNz1lYbZIJm3sCyrs1o_v3RN_txSdSAnxjFt,BigbearAuto2063,32237367188,大熊试车,"商务合作BigbearAuto2063（请注明具体来意）
个人号@大熊不是大能 
我是大熊，不是车评人
只是个对车感兴趣的普通人
体验各种车型
【沉浸式试车】【AI小曲】【超详细】",74052,937540,,,1,,,,"[""https://p3-pc-sign.douyinpic.com/obj/c8510002be9a3a61aad2?lk3s=138a59ce&x-expires=1779541200&x-signature=yGzoaHoMONHERF1Vc7pOku69KAc%3D&from=327834062""]",,,
4b2d4432-6dd6-4a68-eecb-35c4e4dbfae0,2026-05-09 21:36:37.849834,,,,,我的,,,,,,,,,,,,,
4b2d4432-6dd6-4a68-eecb-35c4e4dbfae0,2026-05-09 21:36:40.174268,,,,,我的,,,,,,,,,,,,,
3325397375918525,2026-05-09 21:36:42.818437,,MS4wLjABAAAAcBRt9DgsTgT9puik0S7myqWStstMGoWnFfEvedfOHeSBAqJjcBpKwvEYL7ytN0ph,apan998998,76021458944,桃子的早餐,"美食/vlog
我的早餐分享🍤
日常分享在这里
@桃子姐姐",1106219,34591761,,,1,,,,"[""https://p3-pc-sign.douyinpic.com/obj/c8510002be9a3a61aad2?lk3s=138a59ce&x-expires=1779541200&x-signature=yGzoaHoMONHERF1Vc7pOku69KAc%3D&from=327834062""]",,,
358894106853232,2026-05-09 21:36:51.900316,,MS4wLjABAAAAB4fS4f9VCLBmBGEZO4f6bWg6K0ge1-q_3_fOfA1j_n0,Bobaya,30235934067,Bobaya,"🎧是人类的避难所  🎵是心脏的救命丸
喜欢听的点一个免费的关注吧！
恋人：@Boba",211475,6056001,,,1,,,,"[""https://p3-pc-sign.douyinpic.com/obj/c8510002be9a3a61aad2?lk3s=138a59ce&x-expires=1779541200&x-signature=yGzoaHoMONHERF1Vc7pOku69KAc%3D&from=327834062""]",,,
51867854930,2026-05-09 21:37:05.969790,,MS4wLjABAAAABqbF2jNjxychUnPY18yNV8h_5XyNcKpRjI6hhfLgtnk,,632321385,小颜剧说,"动漫解说，深度解析，持续更新！🔥
视频不见了就是被下架了～",428033,9157987,,,1,,,,"[""https://p3-pc-sign.douyinpic.com/obj/c8510002be9a3a61aad2?lk3s=138a59ce&x-expires=1779541200&x-signature=yGzoaHoMONHERF1Vc7pOku69KAc%3D&from=327834062""]",,,
4b2d4432-6dd6-4a68-eecb-35c4e4dbfae0,2026-05-09 21:37:16.126406,,,,,我的,,,,,,,,,,,,,
4435873729611747,2026-05-09 21:37:19.562264,,MS4wLjABAAAA18nFPikfC7dr2iB8VYapbMXzw5al2v9Ml4GrosBlLN3nxODMx4am2NmclCnM39AL,master_xie111,25915172598,谢师（必吃榜ing,"必吃榜持续更新中～
好玩又好用 高性价比博主 （省钱教科书
（只有抖音🍠两个平台，其他平台是假的哟～大家注意
闺蜜：@谢师的小号 
商务：August_12_LL",474317,6973974,,,1,,,,"[""https://p3-pc-sign.douyinpic.com/obj/c8510002be9a3a61aad2?lk3s=138a59ce&x-expires=1779541200&x-signature=yGzoaHoMONHERF1Vc7pOku69KAc%3D&from=327834062""]",,,
468860308305123,2026-05-09 21:37:23.256176,,MS4wLjABAAAAnoyh9sBFB774Lzqq1s3JzlQq15_O1u0HYEx50Aqku5E,Lddy520,80849196854,林豆豆y,"爱播@林豆豆y（国一曜教学） 
关注我 看各国服打法思路
商务合作➕:dyldd666（本人）
谢谢你的关注～",22762,574120,,,1,,,,"[""https://p3-pc-sign.douyinpic.com/obj/c8510002be9a3a61aad2?lk3s=138a59ce&x-expires=1779541200&x-signature=yGzoaHoMONHERF1Vc7pOku69KAc%3D&from=327834062""]",,,
1925940838412859,2026-05-09 21:37:29.067825,,MS4wLjABAAAAHqoB8cnJvWk99rwPVUpgAJIrcFaIvS_iufoYZGn5E7FEfYl3aLZ2TFEdFLt-nuss,JSNO.00001,3433549772,正说清代十二朝,"经典影视，辛辣解说
我们看的就不是电视剧…",6033342,41515900,,,1,,,,"[""https://p3-pc-sign.douyinpic.com/obj/c8510002be9a3a61aad2?lk3s=138a59ce&x-expires=1779541200&x-signature=yGzoaHoMONHERF1Vc7pOku69KAc%3D&from=327834062""]",,,
259083924942420,2026-05-09 21:37:44.380858,,MS4wLjABAAAAA0zJ_uXUnphODQabNactSu-bzbAV_5A_rdb95-MV8bo,dxh667788,2989443443,逗小胡,分享各种魔术教学、骗术揭秘，开箱和物理实验视频！,1028318,5287780,,,1,,,,"[""https://p3-pc-sign.douyinpic.com/obj/c8510002be9a3a61aad2?lk3s=138a59ce&x-expires=1779541200&x-signature=yGzoaHoMONHERF1Vc7pOku69KAc%3D&from=327834062""]",,,
7532414220820268090,2026-05-09 21:37:49.377319,,MS4wLjABAAAA4_zZ-jV1p84hI24DQX35FPUJEBvtxL0_fq8CesIatz6feTt45xyQna_5_ZtAu5kT,54026202330,54026202330,晴天暴富,"❤关注我，不迷路，
🙏我的粉丝都暴富!
🌹爱生活，爱分享，
感谢平台以及官方的支持!",7234,84853,,,1,,,,"[""https://p3-pc-sign.douyinpic.com/obj/c8510002be9a3a61aad2?lk3s=138a59ce&x-expires=1779541200&x-signature=yGzoaHoMONHERF1Vc7pOku69KAc%3D&from=327834062""]",,,
1435293166616217,2026-05-09 21:37:52.647258,,MS4wLjABAAAArCUK4fL-uDzqJVsiNwoxoFL1esn8w4ccUJ9bL03cICvejFZMCVMT2u6R4xvnkPD5,93532330905,93532330905,星乐Lab,"音为热爱，所以精选✨
旋律作伴，自在摇曳🎶
以乐为引，遇见同频的你💞
文案、剪辑、商务+：Ajiesuan1",4044,255731,,,1,,,,"[""https://p3-pc-sign.douyinpic.com/obj/c8510002be9a3a61aad2?lk3s=138a59ce&x-expires=1779541200&x-signature=yGzoaHoMONHERF1Vc7pOku69KAc%3D&from=327834062""]",,,
358894106853232,2026-05-09 21:37:59.821469,,MS4wLjABAAAAB4fS4f9VCLBmBGEZO4f6bWg6K0ge1-q_3_fOfA1j_n0,Bobaya,30235934067,Bobaya,"🎧是人类的避难所  🎵是心脏的救命丸
喜欢听的点一个免费的关注吧！
恋人：@Boba",211478,6056041,,,1,,,,"[""https://p3-pc-sign.douyinpic.com/obj/c8510002be9a3a61aad2?lk3s=138a59ce&x-expires=1779541200&x-signature=yGzoaHoMONHERF1Vc7pOku69KAc%3D&from=327834062""]",,,
691e50fe-991b-c00b-0e90-fc2e0c014835,2026-05-09 21:38:07.071919,,,,,我的,,,,,,,,,,,,,
691e50fe-991b-c00b-0e90-fc2e0c014835,2026-05-09 21:38:09.704027,,,,,我的,,,,,,,,,,,,,
691e50fe-991b-c00b-0e90-fc2e0c014835,2026-05-09 21:38:12.475060,,,,,我的,,,,,,,,,,,,,
281918140324957,2026-05-09 21:38:14.833275,,MS4wLjABAAAAuq3Na8FkiiYzvyfhaYez52gwkObI7H8caX1lOvHVPwg,42558546867,42558546867,超话荒野,"😝持续稳定更新
😜热情洋溢互动
🤪感谢点赞关注",348131,4306251,,,1,,,,"[""https://p3-pc-sign.douyinpic.com/obj/c8510002be9a3a61aad2?lk3s=138a59ce&x-expires=1779541200&x-signature=yGzoaHoMONHERF1Vc7pOku69KAc%3D&from=327834062""]",,,
7594056311407658021,2026-05-09 21:38:23.803067,,MS4wLjABAAAAH_U4am6BVC1h5o0XmDp0nqnSyH5g95vVgbKEWQro_AxpqC_4zE0DLZ6kpy5YNz-a,29849942537,29849942537,里这个喜仔,对与错是一种判断，善良是一种选择。,62,5374,,,1,,,,"[""https://p3-pc-sign.douyinpic.com/obj/c8510002be9a3a61aad2?lk3s=138a59ce&x-expires=1779541200&x-signature=yGzoaHoMONHERF1Vc7pOku69KAc%3D&from=327834062""]",,,
1abcb671-90de-88bc-41bf-06ccbadbada2,2026-05-09 21:38:30.135905,,,,,我的,,,,,,,,,,,,,
63234041857,2026-05-09 21:38:32.689654,,MS4wLjABAAAAMUzeW8D1vL8G3ZD_hRYlR8IqDXsm137tieJRFU_nnUg,,921953609,安行盾充电桩,"流水不争先 争的是滔滔不绝
讲故事，听故事，说故事
每个人的一生也是一场故事",244508,1215311,,,1,,店铺账号,,"[""https://p3-pc-sign.douyinpic.com/obj/c8510002be9a3a61aad2?lk3s=138a59ce&x-expires=1779541200&x-signature=yGzoaHoMONHERF1Vc7pOku69KAc%3D&from=327834062""]",,,
3393532456098656,2026-05-09 21:38:40.491801,,MS4wLjABAAAABf1tjAzjoNs-F3jJAYfRg7BCgf8kIBzVwD8nme5qDVr13n-PMlWtQNWo-DJPOruG,2772087723a,66595455744,我好崩溃,"🥜全方位教学/基础/点位/地图/英雄/思路
🥜商务🛰️douyinhuasheng1
🥜抖音主页群聊欢迎大家一起探讨·",150776,4034010,,,1,,,,"[""https://p3-pc-sign.douyinpic.com/obj/c8510002be9a3a61aad2?lk3s=138a59ce&x-expires=1779541200&x-signature=yGzoaHoMONHERF1Vc7pOku69KAc%3D&from=327834062""]",,,
901241915836813,2026-05-09 21:38:47.424927,,MS4wLjABAAAAEkEZVk_9G457WQOivZTH-tveqQE88YP0v1fCoLG1_X8,dy_mushi,2263370149,王者荣耀慕矢（幻影镜）,"原创镜z字抖动！给大家带来更实用有意思的技巧~
橱窗慕矢的王者小店，还有零基础教会你玩镜~
↑🌟工作室：qaqc775
商业、陪丸:Mmushi111(本人带备注）",1011178,31504777,,,1,,,,"[""https://p9-pc-sign.douyinpic.com/obj/c8510002be9a3a61aad2?lk3s=138a59ce&x-expires=1779541200&x-signature=PxSXcY0J0h3nd%2BT8qPCVwzUN5%2F8%3D&from=327834062""]",,,
798701260651488,2026-05-09 21:38:50.275701,,MS4wLjABAAAAdaR_7SNU-qxrSshez3BvuubIIVi3QAoQlDOzPBYGMnw,96074628070,96074628070,于瑾年,"每晚周天歇十点开播    6级牌 福袋切片 @乔木X助理 
猛男带飞: @ENG俱乐部(双端国一) 
哈弗： @屯屯鼠商行小助理（三角洲） 
@《天才少年养成记》 自己@木木木ovo 
商务合作：@🥕",1549087,22245894,,,1,,,,"[""https://p3-pc-sign.douyinpic.com/obj/c8510002be9a3a61aad2?lk3s=138a59ce&x-expires=1779541200&x-signature=yGzoaHoMONHERF1Vc7pOku69KAc%3D&from=327834062""]",,,
4378683369589120,2026-05-09 21:38:57.454045,,MS4wLjABAAAAF1uQTGDOKtoomh8myo-jzapGd5i1kV4tqz5gLzsjZInbmzkjX1w3wNWnCD3-PLHB,83257331796,83257331796,未来日记,"🗣️每一首歌都有它自己的故事，且听我细细道来！
🗣️直播时间：下午1点30唱歌，晚上10点30
⚠️原创不易，搬运请注明出处！",165385,833935,,,2,,,,"[""https://p3-pc-sign.douyinpic.com/obj/c8510002be9a3a61aad2?lk3s=138a59ce&x-expires=1779541200&x-signature=yGzoaHoMONHERF1Vc7pOku69KAc%3D&from=327834062""]",,,
1abcb671-90de-88bc-41bf-06ccbadbada2,2026-05-09 21:39:03.817157,,,,,我的,,,,,,,,,,,,,
1abcb671-90de-88bc-41bf-06ccbadbada2,2026-05-09 21:39:05.936878,,,,,我的,,,,,,,,,,,,,
1abcb671-90de-88bc-41bf-06ccbadbada2,2026-05-09 21:39:08.086658,,,,,我的,,,,,,,,,,,,,
406158857744452,2026-05-09 21:39:11.350092,,MS4wLjABAAAAEHOHAgXhJkPAtXrWObNY-GoSKKIqLwdqgxzTLld5iTs,cocoapple,75502818761,CocoApple（LELEPOP版）,"👑LELEPOP不瘦女团天花板
🎀生活的I人，跳舞的E人
💃🏻周日～周五晚7点半直播有氧舞
🌻一起加油，成为更好的自己
😘减减这件事，跳舞就好啦～",565720,269226,,,1,,,,"[""https://p3-pc-sign.douyinpic.com/obj/c8510002be9a3a61aad2?lk3s=138a59ce&x-expires=1779541200&x-signature=yGzoaHoMONHERF1Vc7pOku69KAc%3D&from=327834062""]",,,
b97d568d-49ad-a3c8-5d38-07cc40d78584,2026-05-09 21:39:16.716589,,,,,我的,,,,,,,,,,,,,
2900941162684969,2026-05-09 21:39:18.968679,,MS4wLjABAAAAcyxSyH4D1ndTq0nVC0iz41VIpwnBvEFYn5gbeQq_fdvLHbzRAjnJAaXJbA-iZWRy,yyt5201253,42427849263,子婷精读,"💥私信666，发财商电子书
✨因为一句话，读了一本书📚我负责替你轻轻展开
📖你负责慢慢欣赏🔥把厚书读薄，把好书读透
🎁推荐好书均在橱窗（搜索书名即可）",194743,905241,,,1,,,,"[""https://p3-pc-sign.douyinpic.com/obj/c8510002be9a3a61aad2?lk3s=138a59ce&x-expires=1779541200&x-signature=yGzoaHoMONHERF1Vc7pOku69KAc%3D&from=327834062""]",,,
502899183205280,2026-05-09 21:39:26.566248,,MS4wLjABAAAAKTlgalm6By06Cjqvw9nDOCUlaJR2Yq6r1PcsCyl8jMc,86952179264,86952179264,耶耶烤箱记,,2937,17977,,,1,,,,"[""https://p9-pc-sign.douyinpic.com/obj/c8510002be9a3a61aad2?lk3s=138a59ce&x-expires=1779541200&x-signature=PxSXcY0J0h3nd%2BT8qPCVwzUN5%2F8%3D&from=327834062""]",,,
b97d568d-49ad-a3c8-5d38-07cc40d78584,2026-05-09 21:39:39.929380,,,,,我的,,,,,,,,,,,,,
b97d568d-49ad-a3c8-5d38-07cc40d78584,2026-05-09 21:39:42.538207,,,,,我的,,,,,,,,,,,,,
b97d568d-49ad-a3c8-5d38-07cc40d78584,2026-05-09 21:39:44.793677,,,,,我的,,,,,,,,,,,,,
2896555070459460,2026-05-09 21:39:47.268076,,MS4wLjABAAAAXC0KFM821L6F5-iD12mFWQ22G3u1b_2dhaqw1qieYD1nbGFYYU7FRAP7-x0PKXUK,78227102626,78227102626,云柯体育,"讲好每一位运动员的故事
一起见证平凡人的非凡时刻
数据如有错误，感谢指正",19044,338854,,,1,,,,"[""https://p3-pc-sign.douyinpic.com/obj/c8510002be9a3a61aad2?lk3s=138a59ce&x-expires=1779541200&x-signature=yGzoaHoMONHERF1Vc7pOku69KAc%3D&from=327834062""]",,,
2418572055022589,2026-05-09 21:39:50.241376,,MS4wLjABAAAAIBlYkAL-pYkeljVgseC7xhQqT1-yLRwBS0rw20E2v7wYP76E5qRIlXwUR4Qon3Uy,damojieshuo,3809710990,大漠解说动物世界,"分享动物世界
感谢抖音让我们相识相遇 
每条评论尽量会去回复老铁们 
谢谢大家一直以来的支持和鼓励！",3246411,64013729,,,1,,,,"[""https://p3-pc-sign.douyinpic.com/obj/c8510002be9a3a61aad2?lk3s=138a59ce&x-expires=1779541200&x-signature=yGzoaHoMONHERF1Vc7pOku69KAc%3D&from=327834062""]",,,
b97d568d-49ad-a3c8-5d38-07cc40d78584,2026-05-09 21:40:06.263601,,,,,我的,,,,,,,,,,,,,
4479863672808800,2026-05-09 21:40:10.149209,,MS4wLjABAAAArtPYnY_-ALl7y3jw-i6k6FzhwZh88JhXokmc4k7rQxutCNWpUN4T8K-FXvtqyygY,xbdfb666,33830624442,虾掰的夫斌,"感谢点赞与关注！聚焦于全球政经消息的高质量解析！
😃开始思考了只是第一步，有些事需要串联、辩证地看，请让子弹飞一会儿……",56007,367731,,,1,,,,"[""https://p9-pc-sign.douyinpic.com/obj/c8510002be9a3a61aad2?lk3s=138a59ce&x-expires=1779541200&x-signature=PxSXcY0J0h3nd%2BT8qPCVwzUN5%2F8%3D&from=327834062""]",,,
2687684687182212,2026-05-09 21:40:15.516885,,MS4wLjABAAAACmlnSm1a9Z-53yL2Wwl_lJb0Q0MqGfEKHk_BBbuZ0hia80sKoWG7rYj3ZwJb3fXo,63253854243,63253854243,答案就在路上,"我爱抖音
目标20000粉丝  目前10000
学习沉淀，打造巨作",10407,230146,,,1,,,,"[""https://p3-pc-sign.douyinpic.com/obj/c8510002be9a3a61aad2?lk3s=138a59ce&x-expires=1779541200&x-signature=yGzoaHoMONHERF1Vc7pOku69KAc%3D&from=327834062""]",,,
98e3a78a-c603-db90-31bd-150249b76763,2026-05-09 21:40:18.681327,,,,,我的,,,,,,,,,,,,,
3758605678158540,2026-05-09 21:40:20.956987,,MS4wLjABAAAAYnpFEoyRymlwwSY9pqLgrER_KVXDOjVxOk9rkrIGlNFTdf79Telc79lw-AepEb0d,96883465177,96883465177,恐怖判官,"每晚一个恐怖故事……
用心讲才能共鸣……
真人配音!
已签约独家，招优质恐怖片合作投稿!(优质优质 不优质勿扰)",119525,868614,,,1,,,,"[""https://p3-pc-sign.douyinpic.com/obj/c8510002be9a3a61aad2?lk3s=138a59ce&x-expires=1779541200&x-signature=yGzoaHoMONHERF1Vc7pOku69KAc%3D&from=327834062""]",,,
98e3a78a-c603-db90-31bd-150249b76763,2026-05-09 21:40:27.768029,,,,,我的,,,,,,,,,,,,,
98e3a78a-c603-db90-31bd-150249b76763,2026-05-09 21:40:30.631922,,,,,我的,,,,,,,,,,,,,
98e3a78a-c603-db90-31bd-150249b76763,2026-05-09 21:40:35.085755,,,,,我的,,,,,,,,,,,,,
98e3a78a-c603-db90-31bd-150249b76763,2026-05-09 21:40:37.741501,,,,,我的,,,,,,,,,,,,,
98e3a78a-c603-db90-31bd-150249b76763,2026-05-09 21:40:39.839885,,,,,我的,,,,,,,,,,,,,
275331762893258,2026-05-09 21:40:42.209497,,MS4wLjABAAAAcGJF8BdrwWNUIrbx3AL5QF7U2c8RBaGynJwt-0QFuoA,89018333476,89018333476,阿阳不睡觉,"我知道你喜欢阿阳
来和阿阳一起努力奋斗的捡破烂儿
粉丝群🐧:996181194

每个星期休息一天随机的",36673,271053,,,1,,,,"[""https://p3-pc-sign.douyinpic.com/obj/c8510002be9a3a61aad2?lk3s=138a59ce&x-expires=1779541200&x-signature=yGzoaHoMONHERF1Vc7pOku69KAc%3D&from=327834062""]",,,
4136827549138061,2026-05-09 21:41:01.676075,,MS4wLjABAAAA8Gs3ch-vjuuPPrFzbC4A4TXCmyKyKZoVtzBXH1XwcpWNSAb1qLtnPoWFW6ANw90b,A_PIG12,89108305468,一只猪,关于樟树木香,502,77068,,,1,,,,"[""https://p3-pc-sign.douyinpic.com/obj/c8510002be9a3a61aad2?lk3s=138a59ce&x-expires=1779541200&x-signature=yGzoaHoMONHERF1Vc7pOku69KAc%3D&from=327834062""]",,,
7526876437166933052,2026-05-09 21:41:08.389772,,MS4wLjABAAAAaieaGfxeQprZPpZOYZVQ2n4O5WolBhtyWYuUIDXEHsNL9MpGokEosaaavtUDkbl_,57751371776,57751371776,芊予（鑫学生三角洲电竞）,"破产豪猪拯救计划！！
魔王、沪：  @鑫学生三角洲电竞 
有事🛰️：xinxuesheng123（说明来意）
上车需要排队请联系小助手哦～",2521,138242,,,1,,,,"[""https://p3-pc-sign.douyinpic.com/obj/c8510002be9a3a61aad2?lk3s=138a59ce&x-expires=1779541200&x-signature=yGzoaHoMONHERF1Vc7pOku69KAc%3D&from=327834062""]",,,
62200739304,2026-05-09 21:41:18.142715,,MS4wLjABAAAAunRn18tvpFGpN0aLkcjG9nL2y5TVEH5UIit7ZrwQS8A,,26836013,小静的干饭日常,"感谢🙏抖音官方
更新日常吃饭视频呦",533097,5146729,,,1,,,,"[""https://p3-pc-sign.douyinpic.com/obj/c8510002be9a3a61aad2?lk3s=138a59ce&x-expires=1779541200&x-signature=yGzoaHoMONHERF1Vc7pOku69KAc%3D&from=327834062""]",,,
65114488299,2026-05-09 21:41:30.352162,,MS4wLjABAAAAG0WERc4bKmeTwLgnWBqDz7k0azeqGdmUHIDuyPpi2Bs,,576509814,康哟喂,"世界的另一面，我带你去下海体验！
合作vx：maguabd",1821184,18003079,,,1,,,,"[""https://p3-pc-sign.douyinpic.com/obj/c8510002be9a3a61aad2?lk3s=138a59ce&x-expires=1779541200&x-signature=yGzoaHoMONHERF1Vc7pOku69KAc%3D&from=327834062""]",,,
98e3a78a-c603-db90-31bd-150249b76763,2026-05-09 21:41:40.281308,,,,,我的,,,,,,,,,,,,,
3028496555187780,2026-05-09 21:41:44.610696,,MS4wLjABAAAAxtnUkSVE8H6p7Kj0ZuZNtUqOD5mAC8s1zOtCHUyt3Es-m36hx-S5diDaP14o8f92,73628595319,73628595319,子衿动漫,"动漫人物独白😊
另一个角度，讲述他们的故事🤗
国漫影迷聚集地，有空常来哦😎
个人拙见，欢迎讨论👏",93224,4598640,,,1,,,,"[""https://p3-pc-sign.douyinpic.com/obj/c8510002be9a3a61aad2?lk3s=138a59ce&x-expires=1779541200&x-signature=yGzoaHoMONHERF1Vc7pOku69KAc%3D&from=327834062""]",,,
98e3a78a-c603-db90-31bd-150249b76763,2026-05-09 21:41:51.498732,,,,,我的,,,,,,,,,,,,,
4088419601612971,2026-05-09 21:41:54.931004,,MS4wLjABAAAAlHK_3_Lx6l9VVh6tL2-OlxNbF5CbwIxiEl4AfZQxz-_zj3mMGvBRkycQqT_SE-rg,85080004459,85080004459,知音财经,与你一起解读热点财经,412134,2921197,,,1,,,,"[""https://p3-pc-sign.douyinpic.com/obj/c8510002be9a3a61aad2?lk3s=138a59ce&x-expires=1779541200&x-signature=yGzoaHoMONHERF1Vc7pOku69KAc%3D&from=327834062""]",,,
439399861988952,2026-05-09 21:42:02.048827,,MS4wLjABAAAAs6SR_CZ-ojyi4U4Go6hwLS4SBzhmbdFbzBPMf58b0rA,ajats8,3779141595,阿静爱探索,,1664687,12939447,,,1,,,,"[""https://p3-pc-sign.douyinpic.com/obj/c8510002be9a3a61aad2?lk3s=138a59ce&x-expires=1779541200&x-signature=yGzoaHoMONHERF1Vc7pOku69KAc%3D&from=327834062""]",,,
1359465183183246,2026-05-09 21:42:09.008852,,MS4wLjABAAAA0yW-eL5fsIP6gw6rdCXzEkrFl9MDVG5XpvQocoYRNLKk05a5LEgc-LrWlgjfuYtG,69402821454,69402821454,青柠动画,"入驻抖音，搬运必究！！！！！！！
最近盘点一段时间，后续更剧情！！
恋人@小忻杂谈",420840,16309299,,,1,,,,"[""https://p3-pc-sign.douyinpic.com/obj/c8510002be9a3a61aad2?lk3s=138a59ce&x-expires=1779541200&x-signature=yGzoaHoMONHERF1Vc7pOku69KAc%3D&from=327834062""]",,,
2638421053407320,2026-05-09 21:42:19.940932,,MS4wLjABAAAAOz32aYSWcM76PO8Ad1X44BcnFZk121JsPXrd23lFX3ccFogz-dA1IyYvYx9QAGFJ,xiaoyang00619,3774394271,今有缘影视,"煮播没有口音，都是大家的幻觉。可以艾特我奥，
马不停蹄更新视频中……
真人配音    禁止克隆
禁止搬运洗稿",1074030,15255161,,,1,,,,"[""https://p3-pc-sign.douyinpic.com/obj/c8510002be9a3a61aad2?lk3s=138a59ce&x-expires=1779541200&x-signature=yGzoaHoMONHERF1Vc7pOku69KAc%3D&from=327834062""]",,,
81660814735,2026-05-09 21:42:26.544799,,MS4wLjABAAAAqkUN7I3ClnFS5aKtcfb-crUeuj3m8BcV2OWqhkq7NgY,abeemusiclive,2358670619,ABeeMusicLive,"一档专注宣传优秀音乐作品的节目🎵
🏠@一蜂音乐
🈴️🉑️abeemusiclive",45327,290780,,,1,,,,"[""https://p3-pc-sign.douyinpic.com/obj/c8510002be9a3a61aad2?lk3s=138a59ce&x-expires=1779541200&x-signature=yGzoaHoMONHERF1Vc7pOku69KAc%3D&from=327834062""]",,,
233509969727027,2026-05-09 21:42:31.448579,,MS4wLjABAAAAcyLsf7uvwVUZ5w48968Z44z0wD9J0P1joo7H0zqOw2U,38307173018,38307173018,到处游荡,"大千世界，无奇不有
感谢你的关注",305688,1748256,,,1,,,,"[""https://p3-pc-sign.douyinpic.com/obj/c8510002be9a3a61aad2?lk3s=138a59ce&x-expires=1779541200&x-signature=yGzoaHoMONHERF1Vc7pOku69KAc%3D&from=327834062""]",,,
98e3a78a-c603-db90-31bd-150249b76763,2026-05-09 21:42:39.730086,,,,,我的,,,,,,,,,,,,,
3496039510971357,2026-05-09 21:42:42.851271,,MS4wLjABAAAAAfn7Q5ZvnkvLH4HkKODinYF1YwULTLSLLdssCV-UcMolYdO4qOgp1uZ2O7qgjLvs,80522836019,80522836019,飞鸟在天我在渊,"仰望星空，星河璀璨。
感谢关注，带你重温那段
让人无法忘怀的抗战岁月。",322678,5907297,,,1,,,,"[""https://p3-pc-sign.douyinpic.com/obj/c8510002be9a3a61aad2?lk3s=138a59ce&x-expires=1779541200&x-signature=yGzoaHoMONHERF1Vc7pOku69KAc%3D&from=327834062""]",,,
3494682899516576,2026-05-09 21:42:49.979088,,MS4wLjABAAAA036wnkHi60rKxa1_Emt_JWKfDpOj5X0blayC7wvKN4qyryLXZOnxTDcHsPfCK47R,66271294467,66271294467,唐豆豆儿,"专注分享越南贫困山区人文风情
带领大家看看不同的世界
喜欢我的作品，请给个关注。
感谢大家的支持。",696392,5435358,,,1,,,,"[""https://p3-pc-sign.douyinpic.com/obj/c8510002be9a3a61aad2?lk3s=138a59ce&x-expires=1779541200&x-signature=yGzoaHoMONHERF1Vc7pOku69KAc%3D&from=327834062""]",,,
1983937012046435,2026-05-09 21:42:52.470276,,MS4wLjABAAAAX3LmzMZWpOrNAnXdSwAqD6WeVgqw_wDZp2wR7bKJVR5lkocRRVGcSFXZzo4Emf5_,28022641810,28022641810,芙ng,"合作，学习，商务V：zhejiushisuxi（备注来意）
游戏不仅是游戏，还可以走进生活，改变生活
努力做好每一个教学跟讲解
希望有一天大家都能冲上赋能
有想法跟有意思的可以跟我吐槽
最后祝大家天天开心～",366276,7824738,,,1,,,,"[""https://p3-pc-sign.douyinpic.com/obj/c8510002be9a3a61aad2?lk3s=138a59ce&x-expires=1779541200&x-signature=yGzoaHoMONHERF1Vc7pOku69KAc%3D&from=327834062""]",,,
3551899539231332,2026-05-09 21:42:59.312452,,MS4wLjABAAAADezKdQv5BlkAmDtR14rTmplTU1sROvjwCUiX4EXXio_xoO6dPnM3WTLOCCQSnUSZ,LJQ0701.,35208827398,流星雨^,"我爱音乐🎵
不出耗别问
如果我是dj你会爱我吗",560456,11156253,,,1,,,,"[""https://p3-pc-sign.douyinpic.com/obj/c8510002be9a3a61aad2?lk3s=138a59ce&x-expires=1779541200&x-signature=yGzoaHoMONHERF1Vc7pOku69KAc%3D&from=327834062""]",,,
1702488346992088,2026-05-09 21:43:06.019956,,MS4wLjABAAAAhlPTsWwGzh-2r1eMYte5n3ORxUqrxPXQ8xj2OI9yZPuW0j_6vReQ1yOuuazPHjkt,80127626368,80127626368,问问,"深度穿越爱好者，带你领略不同世界！
本人仅在抖音发布视频，其他平台均为搬运，请看到的朋友们点点举报。
已签约抖音独家，搬运必究！",64474,1427311,,,1,,,,"[""https://p3-pc-sign.douyinpic.com/obj/c8510002be9a3a61aad2?lk3s=138a59ce&x-expires=1779541200&x-signature=yGzoaHoMONHERF1Vc7pOku69KAc%3D&from=327834062""]",,,
251160364069287,2026-05-09 21:43:21.765209,,MS4wLjABAAAAAqj5vNvxactpaB7IKStzRaWceVYgF3qNdB901CveJKo,80097947627,80097947627,大黄是只狗,记录和小狗的生活,243371,6917343,,,1,,,,"[""https://p3-pc-sign.douyinpic.com/obj/c8510002be9a3a61aad2?lk3s=138a59ce&x-expires=1779541200&x-signature=yGzoaHoMONHERF1Vc7pOku69KAc%3D&from=327834062""]",,,
105170084682,2026-05-09 21:43:30.054587,,MS4wLjABAAAA6afqC5_UCwV27mdJeM41I5KjiaUMRgcMPxN-Ut_B4jY,Cmm727,1712430550,巷子里的垃圾桶,"感谢抖音平台， 
纯属爱好，多多体谅，
虚构演绎，仅供娱乐。
如有侵权，请联系删除！谢呀！",21852,221036,,,1,,,,"[""https://p3-pc-sign.douyinpic.com/obj/c8510002be9a3a61aad2?lk3s=138a59ce&x-expires=1779541200&x-signature=yGzoaHoMONHERF1Vc7pOku69KAc%3D&from=327834062""]",,,
9adeee7e-e87e-aedc-52ed-028b2addfc33,2026-05-09 21:43:34.972995,,,,,我的,,,,,,,,,,,,,
9adeee7e-e87e-aedc-52ed-028b2addfc33,2026-05-09 21:43:37.097824,,,,,我的,,,,,,,,,,,,,
29066190928524,2026-05-09 21:43:39.373259,,MS4wLjABAAAAKEMuUl26skVsu4PeqZWdOsPMJHa4tBN_Yc2xsaOrgQ8,28046924508,28046924508,用户5575090489436,"感谢大家的支持！
高清修复宝藏小品相声脱口秀！
素材来源于网络，如有侵权请联系删除！",44784,508260,,,1,,,,"[""https://p3-pc-sign.douyinpic.com/obj/c8510002be9a3a61aad2?lk3s=138a59ce&x-expires=1779541200&x-signature=yGzoaHoMONHERF1Vc7pOku69KAc%3D&from=327834062""]",,,
9adeee7e-e87e-aedc-52ed-028b2addfc33,2026-05-09 21:43:47.084470,,,,,我的,,,,,,,,,,,,,
9adeee7e-e87e-aedc-52ed-028b2addfc33,2026-05-09 21:43:50.330657,,,,,我的,,,,,,,,,,,,,
104872832376,2026-05-09 21:43:52.386162,,MS4wLjABAAAAnUL_0zG_cA9c9Xc1VQadVhcnRMOvPS2y_pBHBBZGNc0,825931746012151.,45910484539,白.loy,"我们共同奔赴属于自己的未来，感谢陪伴！
源能杯冠军🏆
无畏契约手游官签主播✅
找大神公粽号：@J.A电竞（无畏契约手游） 小号：@小小7 
直播时间：晚上8-10
📡：thbxiao7（八级灯牌加）
队友：@小胡（无畏契约手游）@安度（无畏契约手游）",96553,1009115,,,1,,,,"[""https://p3-pc-sign.douyinpic.com/obj/c8510002be9a3a61aad2?lk3s=138a59ce&x-expires=1779541200&x-signature=yGzoaHoMONHERF1Vc7pOku69KAc%3D&from=327834062""]",,,
9adeee7e-e87e-aedc-52ed-028b2addfc33,2026-05-09 21:43:59.628978,,,,,我的,,,,,,,,,,,,,
7619887674401686586,2026-05-09 21:44:02.092736,,MS4wLjABAAAA7sEszjcP5VNSDBnaasKUbbB4QJFqEPN_tk4B5k-Xg2QmBgaIPPZ-JgGAYdI_qPIJ,45184314107,45184314107,用户4717390033542,"半身自拍研究中
杂食人，高p，还原优先
全平台同名，拒to签！！！拒搬运！！！
禁ai，不要把我的图喂ai！非常无敌大雷",134195,7704530,,,1,,,,"[""https://p3-pc-sign.douyinpic.com/obj/c8510002be9a3a61aad2?lk3s=138a59ce&x-expires=1779541200&x-signature=yGzoaHoMONHERF1Vc7pOku69KAc%3D&from=327834062""]",,,
9adeee7e-e87e-aedc-52ed-028b2addfc33,2026-05-09 21:44:09.015232,,,,,我的,,,,,,,,,,,,,
7504147764683916345,2026-05-09 21:44:12.274217,,MS4wLjABAAAAO8kLCHj8IFbBCdo7BRJ8eKZDx1iJYe2qUSGGZAkPHK_f8_XB2py1yprHZmXePRKG,65394452823,65394452823,音屿,"Listen to the music🎧
“耳机里的音乐是最低成本的快乐”
每天分享一个合集
关注我 每天享受视听盛宴❤️",107892,937902,,,1,,,,"[""https://p3-pc-sign.douyinpic.com/obj/c8510002be9a3a61aad2?lk3s=138a59ce&x-expires=1779541200&x-signature=yGzoaHoMONHERF1Vc7pOku69KAc%3D&from=327834062""]",,,
1025196285503872,2026-05-09 21:44:20.193604,,MS4wLjABAAAAZfKBmarorIMBSVvejVVpqfsg1C1xZHvx2viTgQLAKUzx123GyhLvyW-IuRE0REcF,48123536101,48123536101,体能勇者谈,"聚焦体育明星风采，揭秘荣耀背后故事
招文案和剪辑
欢迎投稿
学习&商务 ssvvp001",251167,9642077,,,1,,,,"[""https://p3-pc-sign.douyinpic.com/obj/c8510002be9a3a61aad2?lk3s=138a59ce&x-expires=1779541200&x-signature=yGzoaHoMONHERF1Vc7pOku69KAc%3D&from=327834062""]",,,
0153b274-b17a-1cca-0b58-68bd29bc27f8,2026-05-09 21:44:29.054374,,,,,我的,,,,,,,,,,,,,
0153b274-b17a-1cca-0b58-68bd29bc27f8,2026-05-09 21:44:31.344634,,,,,我的,,,,,,,,,,,,,
0153b274-b17a-1cca-0b58-68bd29bc27f8,2026-05-09 21:44:33.530337,,,,,我的,,,,,,,,,,,,,
0153b274-b17a-1cca-0b58-68bd29bc27f8,2026-05-09 21:44:35.627308,,,,,我的,,,,,,,,,,,,,
0153b274-b17a-1cca-0b58-68bd29bc27f8,2026-05-09 21:44:37.810173,,,,,我的,,,,,,,,,,,,,
204983379965076,2026-05-09 21:44:39.960535,,MS4wLjABAAAA_kdRI-AWAtsipGfDjB7EQzbiZ0QLfA8ElXN1elSHRJY,96087328061,96087328061,坐在凌晨三点半的大街狂炫路边的拼好饭,"全网卧底最快第一人！
娱乐主播，祝大家天天开心！
直播时间：13.00-16.00
每周日带会员打游戏
星期一休息
10级灯牌进铁粉群联系@YoKi ಣ（苏尔南无人）",115433,728511,,,1,,,,"[""https://p3-pc-sign.douyinpic.com/obj/c8510002be9a3a61aad2?lk3s=138a59ce&x-expires=1779541200&x-signature=yGzoaHoMONHERF1Vc7pOku69KAc%3D&from=327834062""]",,,
465816081669512,2026-05-09 21:44:46.677608,,MS4wLjABAAAAM7OGVJNgZ_cFbpLxV0Z7A5TVjdV8O_qemjLvLHEUHQU,37191779049,37191779049,其实我是司婆婆,牧神记中一片天，谁见婆婆不递烟,10814,778520,,,1,,,,"[""https://p3-pc-sign.douyinpic.com/obj/c8510002be9a3a61aad2?lk3s=138a59ce&x-expires=1779541200&x-signature=yGzoaHoMONHERF1Vc7pOku69KAc%3D&from=327834062""]",,,
103397729578,2026-05-09 21:44:54.456158,,MS4wLjABAAAAMHaw6FJ2JvrT7W31HcCAtz3mN0BXd4sPAwGbmFaZf0w,LD12220022,3774425522,六点速看,酸萝卜 被吃！,809891,38747905,,,1,,,,"[""https://p3-pc-sign.douyinpic.com/obj/c8510002be9a3a61aad2?lk3s=138a59ce&x-expires=1779541200&x-signature=yGzoaHoMONHERF1Vc7pOku69KAc%3D&from=327834062""]",,,
916328144182416,2026-05-09 21:45:04.464215,,MS4wLjABAAAATlz5uD2Z7wufcRmHRl2gfulW0LDF44eUOeSdcYMKxsc,GTZ8989,69059881868,相对论,"春风已至
💻代剪/调色/修复/教学
🛰️ BBH3654（备注来意）
主页群取原视频",3947,591742,,,2,,,,"[""https://p3-pc-sign.douyinpic.com/obj/c8510002be9a3a61aad2?lk3s=138a59ce&x-expires=1779541200&x-signature=yGzoaHoMONHERF1Vc7pOku69KAc%3D&from=327834062""]",,,
3828918265323544,2026-05-09 21:45:10.775692,,MS4wLjABAAAAfhH3aSkNmFmxeIeqvXoTiL-JzaEHFc5g2VJM5T3hZIecY96gVhPXpwMVJ_kflUi5,hongxing2023888,54018707414,红星新片速递,"新片速递，告别片荒🙏
看电影，品人生🙏
感谢您的关注🙏",174644,421405,,,1,,,,"[""https://p9-pc-sign.douyinpic.com/obj/c8510002be9a3a61aad2?lk3s=138a59ce&x-expires=1779541200&x-signature=PxSXcY0J0h3nd%2BT8qPCVwzUN5%2F8%3D&from=327834062""]",,,
4257778562248414,2026-05-09 21:45:13.807468,,MS4wLjABAAAADONNMNIb4r77gfMqi2mvTj8RSaOCTss1FG-9ls9DEmSv_QnRWxHy55a-fgLze8Jo,BUGU0476,69804529537,布谷港电影,"🏆细读港片经典       🎬致敬光影流年
🍊抖音独家签约作者
🍊诚招文案高手    剪辑高手（新手勿扰）
🍉合作BUGU0476  注明来意
🍉不卖课 冒充的都是骗子",2231164,30847119,,,1,,,,"[""https://p3-pc-sign.douyinpic.com/obj/c8510002be9a3a61aad2?lk3s=138a59ce&x-expires=1779541200&x-signature=yGzoaHoMONHERF1Vc7pOku69KAc%3D&from=327834062""]",,,
3648595962102588,2026-05-09 21:45:21.963270,,MS4wLjABAAAA1heBOppLA9mxdjX1fSRb2_1W7nmh_4K9TjNkQwiQh1A7d-U1hPRcF_XA6DXsoxaG,81717946166,81717946166,晁🏸,"Listen to the music🎧
“耳机里的音乐是最低成本的快乐”
每天分享一个合集
关注我 每天享受视听盛宴❤️",107893,937903,,,1,,,,"[""https://p3-pc-sign.douyinpic.com/obj/c8510002be9a3a61aad2?lk3s=138a59ce&x-expires=1779541200&x-signature=yGzoaHoMONHERF1Vc7pOku69KAc%3D&from=327834062""]",,,
1975146980585031,2026-05-09 21:45:36.084623,,MS4wLjABAAAAMSjUxrhA0tkETYyYJROpb7tkfx-lMwbRIU0JPUhJT5iec3USoe4sToFJtpYXxOwa,81774138150,81774138150,用户4659574331658,"🎊感谢官方 感谢关注
📺作品持续更新
👍🏻点点赞留个关注再走吧",37449,338095,,,1,,,,"[""https://p3-pc-sign.douyinpic.com/obj/c8510002be9a3a61aad2?lk3s=138a59ce&x-expires=1779541200&x-signature=yGzoaHoMONHERF1Vc7pOku69KAc%3D&from=327834062""]",,,
98e3a78a-c603-db90-31bd-150249b76763,2026-05-09 21:45:47.700316,,,,,我的,,,,,,,,,,,,,
98e3a78a-c603-db90-31bd-150249b76763,2026-05-09 21:45:51.369547,,,,,我的,,,,,,,,,,,,,
3660731595622768,2026-05-09 21:45:53.770506,,MS4wLjABAAAAhhqE8UwDgSSiSsReAsfydW3ep2cYSLjRSJypylYg_Vt_WfUWVTEgQWYX5Bu1DIsO,z2004428,57149899448,¹糕冷小美,"短视频征稿/热搜/全案营销 
商务联系:m1678v

国漫随缘更新",6859,1944067,,,1,,,,"[""https://p3-pc-sign.douyinpic.com/obj/c8510002be9a3a61aad2?lk3s=138a59ce&x-expires=1779541200&x-signature=yGzoaHoMONHERF1Vc7pOku69KAc%3D&from=327834062""]",,,
98e3a78a-c603-db90-31bd-150249b76763,2026-05-09 21:46:01.126025,,,,,我的,,,,,,,,,,,,,
1490532069016008,2026-05-09 21:46:03.499839,,MS4wLjABAAAAWHYNO-QxbU8Ipsk9_SRn4yOiXh6OMYI_ngDr7dc417vZOBhao85_Pi_dw7nmvfKe,dy71si73g1b8,2327546620,板面hhh,爱生活，爱动漫，感谢你这么好看，还关注我,14102,302923,,,1,,,,"[""https://p3-pc-sign.douyinpic.com/obj/c8510002be9a3a61aad2?lk3s=138a59ce&x-expires=1779541200&x-signature=yGzoaHoMONHERF1Vc7pOku69KAc%3D&from=327834062""]",,,
2115905410564941,2026-05-09 21:46:10.159690,,MS4wLjABAAAANhZrsCdzalmho-Glf3ybwjeqHRhbns6DZ_eQTQDdm_ZSNKPHvYHG5N7ewhQVa4cK,50337924689,50337924689,吃货看世界,"🌈开心也很重要啊，对吧？
商务：wql0201",1287804,11233414,,,1,,,,"[""https://p3-pc-sign.douyinpic.com/obj/c8510002be9a3a61aad2?lk3s=138a59ce&x-expires=1779541200&x-signature=yGzoaHoMONHERF1Vc7pOku69KAc%3D&from=327834062""]",,,
72654952176,2026-05-09 21:46:15.450615,,MS4wLjABAAAAHR16jwls58AP00RUOtvJ4DHWSif7epVjVjUTp6fQUUw,,203308105,王小二呀,90后，2个娃，娘家江苏，婆家山东，会做点小饭，日常视频更新在@王小二在努力 这个号,27575,258882,,,1,,,,"[""https://p3-pc-sign.douyinpic.com/obj/c8510002be9a3a61aad2?lk3s=138a59ce&x-expires=1779541200&x-signature=yGzoaHoMONHERF1Vc7pOku69KAc%3D&from=327834062""]",,,
107101284996826,2026-05-09 21:46:22.794377,,MS4wLjABAAAALZ6L1409wgAwp6Rdh5m9CXQOll-oX3D6oPiBdyraVaM,48341329854,48341329854,雨后,"电音只是爱好，DJ才是生活
所有音乐完整版U盘在@致电之音 
部分音乐在汽水🎵同名
另一个我@DJ亚哲 
定制串烧 单曲 教学 素材各种🈴:yazhedada（不备注来意不通过）",82262,3460265,,,2,,,,"[""https://p3-pc-sign.douyinpic.com/obj/c8510002be9a3a61aad2?lk3s=138a59ce&x-expires=1779541200&x-signature=yGzoaHoMONHERF1Vc7pOku69KAc%3D&from=327834062""]",,,
7484625430974121020,2026-05-09 21:46:41.478121,,MS4wLjABAAAAnGEV7EYNeqXHVFhgk6mVf0sqvlZZtut0wt24YTbwfpsE2gHnkUUjNaaUh30uh_Ik,66714486030,66714486030,盗圣食者,"准备先分享1000个食物背后的故事🤡
尊重各地区风俗，不拉踩
“石匠敲击石头101次，石头碎了，让石头碎的不是那最后一击，而是前面一百次敲击的结果。”
商务备注品牌私信，入驻勿扰",124819,1367349,,,1,,,,"[""https://p3-pc-sign.douyinpic.com/obj/c8510002be9a3a61aad2?lk3s=138a59ce&x-expires=1779541200&x-signature=yGzoaHoMONHERF1Vc7pOku69KAc%3D&from=327834062""]",,,
95424c1a-7363-ee3a-9723-ff93b84cc0c3,2026-05-09 21:46:50.188735,,,,,我的,,,,,,,,,,,,,
3474074307407230,2026-05-09 21:46:52.617903,,MS4wLjABAAAAF81H5vcnzw8TrJEYyC8lNTK0bbn3IbmnmW9_B9hkm0lTdQCpum1HheGNACwzl7Wj,sfc111,3590352238,Star·Fantasy·Canvas,"（妈妈的号）@七个佩奇妈妈
三个女儿，四个儿子，一家九口
感谢喜欢我们一家
商务：wangwenwen581",3326531,43244351,,,1,,,,"[""https://p3-pc-sign.douyinpic.com/obj/c8510002be9a3a61aad2?lk3s=138a59ce&x-expires=1779541200&x-signature=yGzoaHoMONHERF1Vc7pOku69KAc%3D&from=327834062""]",,,
1497984976029543,2026-05-09 21:47:00.065611,,MS4wLjABAAAA6TrNns5V8yeVdHIUxRLp4mdWp7svvUy4Xjeo1-Fm7ACyRnOlXom22i-yrC3ADbjT,89237561653,89237561653,pireat,商务：Meetfoodbiz（注明品牌，非本人）,2363560,14221409,,,1,,,,"[""https://p3-pc-sign.douyinpic.com/obj/c8510002be9a3a61aad2?lk3s=138a59ce&x-expires=1779541200&x-signature=yGzoaHoMONHERF1Vc7pOku69KAc%3D&from=327834062""]",,,
110846233792,2026-05-09 21:47:07.167678,,MS4wLjABAAAAZDJIAnCys4_23nKBNPe_1Ctl8sby6NBmUvlz20bNaoQ,xiaoyifilm666,3820808390,我就是小伊,"📺真人配音中...
💜深度解说 专注优质内容创作
🧡感谢支持  一起成长",286417,7331659,,,1,,,,"[""https://p3-pc-sign.douyinpic.com/obj/c8510002be9a3a61aad2?lk3s=138a59ce&x-expires=1779541200&x-signature=yGzoaHoMONHERF1Vc7pOku69KAc%3D&from=327834062""]",,,
101177750018,2026-05-09 21:47:16.718825,,MS4wLjABAAAA9lC51MwLO8Zid-WxJAWvqzvGhMq-s06wz5xM9lyY6eM,huahua12388888,3520196874,爱画画的子墨,"等我找到那个人，就一直拍她
谢谢你的关注
🈴 yg_5667 (主页粉丝群)",453918,9899645,,,1,,,,"[""https://p3-pc-sign.douyinpic.com/obj/c8510002be9a3a61aad2?lk3s=138a59ce&x-expires=1779541200&x-signature=yGzoaHoMONHERF1Vc7pOku69KAc%3D&from=327834062""]",,,
2088675856094552,2026-05-09 21:47:26.062421,,MS4wLjABAAAABDldkovPfK2PjXywUfGvOGG_H_NfX7T-BpzjhtfgNWj9RDcgr2RGdS2Td5AO187U,WXF930303,2802575583,小飞,"记录一家人的晚餐🥘
视频里同款美食好物都在橱窗～
📮qiyanxi666",1694993,20411520,,,1,,,,"[""https://p3-pc-sign.douyinpic.com/obj/c8510002be9a3a61aad2?lk3s=138a59ce&x-expires=1779541200&x-signature=yGzoaHoMONHERF1Vc7pOku69KAc%3D&from=327834062""]",,,
67530039871,2026-05-09 21:47:41.124282,,MS4wLjABAAAAMBts_cmqTcJIL2E-tGKzaak9Lm-fmOGGymieKUNETEs,,126288524,魔鬼厨房,📱商务： yswhsw01,4415163,35677845,,,1,,,,"[""https://p3-pc-sign.douyinpic.com/obj/c8510002be9a3a61aad2?lk3s=138a59ce&x-expires=1779541200&x-signature=yGzoaHoMONHERF1Vc7pOku69KAc%3D&from=327834062""]",,,
98e3a78a-c603-db90-31bd-150249b76763,2026-05-09 21:47:47.732547,,,,,我的,,,,,,,,,,,,,
3160477435436346,2026-05-09 21:47:50.380965,,MS4wLjABAAAASRo1GxxfR3cejUi8JhEhX9xPGus-39WeQLObLsk75i1-rxoSCyogsA2I7P98afDD,jmhxz0807,29463260421,剧迷话匣子,"乾坤未马，
你我皆是黑定！",115211,357816,,,1,,,,"[""https://p3-pc-sign.douyinpic.com/obj/c8510002be9a3a61aad2?lk3s=138a59ce&x-expires=1779541200&x-signature=yGzoaHoMONHERF1Vc7pOku69KAc%3D&from=327834062""]",,,
98e3a78a-c603-db90-31bd-150249b76763,2026-05-09 21:47:59.386099,,,,,我的,,,,,,,,,,,,,
3949865037739407,2026-05-09 21:48:02.094583,,MS4wLjABAAAAH_u6oTaMROaWt4xzpBDFBcBYRhXiN6YhaZg73CX75SDb9K4MsHP8msnb2eR7pYCJ,Zdys16789,30474236993,大千说电影,"承蒙厚爱，感谢关注！
抖音独家签约作者
尽全力讲好每一部作品
不负支持！",1143861,19730328,,,1,,,,"[""https://p3-pc-sign.douyinpic.com/obj/c8510002be9a3a61aad2?lk3s=138a59ce&x-expires=1779541200&x-signature=yGzoaHoMONHERF1Vc7pOku69KAc%3D&from=327834062""]",,,
105321194084,2026-05-09 21:48:05.123866,,MS4wLjABAAAAmkeR6CJ3aIqDhgh4ALdTqJGbju8ReFDv_OdrWSyI9e4,guidaoyyds,3428114453,鬼岛,"巅峰赛社交悍匪🏆  有宝贝了！
不是剧本！不是演员！每天都在努力打素材！🫶
暂无直播🈚️ 商务🛰️：anff0928（备注来意）",4121475,53934156,,,1,,,,"[""https://p3-pc-sign.douyinpic.com/obj/c8510002be9a3a61aad2?lk3s=138a59ce&x-expires=1779541200&x-signature=yGzoaHoMONHERF1Vc7pOku69KAc%3D&from=327834062""]",,,
101826354104,2026-05-09 21:48:07.706898,,MS4wLjABAAAAAMwq-NkQTlQbiJDoLDipmK1mz4t6JMUsZaEwCG9Ggh8,G070902Z_,1189261558,G·Z不是鸽子🕊️,"第五人格手搓朱波
万分A勘
✨ 专注于做 每个分段都能看懂 的实战解说
😋感谢每一份支持！
承蒙厚爱 ❤
娱乐主播 ovo",83110,4174049,,,1,,,,"[""https://p3-pc-sign.douyinpic.com/obj/c8510002be9a3a61aad2?lk3s=138a59ce&x-expires=1779541200&x-signature=yGzoaHoMONHERF1Vc7pOku69KAc%3D&from=327834062""]",,,
1424605765184253,2026-05-09 21:48:14.310261,,MS4wLjABAAAAqJwf76K90xnl8Cz6azUyrj9iXcrI3PU3JA8A01Fpy4Fk8OD8SdTPI-u72xkwgGeH,wzdfl250,3953612570,瘦弱的苦力怕,✨高清修复经典动画✨,235361,4731333,,,1,,,,"[""https://p3-pc-sign.douyinpic.com/obj/c8510002be9a3a61aad2?lk3s=138a59ce&x-expires=1779541200&x-signature=yGzoaHoMONHERF1Vc7pOku69KAc%3D&from=327834062""]",,,
101382101082,2026-05-09 21:48:22.221081,,MS4wLjABAAAAlJZia4-gLvoW8_7N1WiyrGaxRmP37vzGuHFx1MZQOwI,,1129453031,腹黑鲸屿🐳,再见少年拉满弓，不惧岁月不惧风,2722,28543,,,1,,,,"[""https://p3-pc-sign.douyinpic.com/obj/c8510002be9a3a61aad2?lk3s=138a59ce&x-expires=1779541200&x-signature=yGzoaHoMONHERF1Vc7pOku69KAc%3D&from=327834062""]",,,
2ca1f3c7-3ae7-6e72-39b6-cfb12ad722ef,2026-05-09 21:48:25.967144,,,,,我的,,,,,,,,,,,,,
88249984278,2026-05-09 21:48:29.420192,,MS4wLjABAAAAjs6o2GYPVJK_na_x7dHYSc6M_rkcjWw61jiDEg5WSWU,542405510.,346598572,春晓闯地球（自改房车）,自改房车，走遍中国！记录美好生活！！！！,819565,4730985,,,1,,,,"[""https://p3-pc-sign.douyinpic.com/obj/c8510002be9a3a61aad2?lk3s=138a59ce&x-expires=1779541200&x-signature=yGzoaHoMONHERF1Vc7pOku69KAc%3D&from=327834062""]",,,
2ca1f3c7-3ae7-6e72-39b6-cfb12ad722ef,2026-05-09 21:48:35.003630,,,,,我的,,,,,,,,,,,,,
8873835679,2026-05-09 21:48:37.103811,,MS4wLjABAAAA9KaUAjGt_4GL8a3qc9nIYDEHhpjiocWsKydlXv21ZAE,,172869693,至少,"QJjieshuo （备注来意）
如果巅峰留不住~那就从走来时路
加油不忘初心 ❤️",102101,1491493,,,1,,,,"[""https://p3-pc-sign.douyinpic.com/obj/c8510002be9a3a61aad2?lk3s=138a59ce&x-expires=1779541200&x-signature=yGzoaHoMONHERF1Vc7pOku69KAc%3D&from=327834062""]",,,
2ca1f3c7-3ae7-6e72-39b6-cfb12ad722ef,2026-05-09 21:48:44.854560,,,,,我的,,,,,,,,,,,,,
2ca1f3c7-3ae7-6e72-39b6-cfb12ad722ef,2026-05-09 21:48:47.256534,,,,,我的,,,,,,,,,,,,,
2ca1f3c7-3ae7-6e72-39b6-cfb12ad722ef,2026-05-09 21:48:49.597233,,,,,我的,,,,,,,,,,,,,
2ca1f3c7-3ae7-6e72-39b6-cfb12ad722ef,2026-05-09 21:48:51.583604,,,,,我的,,,,,,,,,,,,,
2ca1f3c7-3ae7-6e72-39b6-cfb12ad722ef,2026-05-09 21:48:53.783196,,,,,我的,,,,,,,,,,,,,
60270666013,2026-05-09 21:48:55.970137,,MS4wLjABAAAAdY8yjxxxIDu-eVOVZDMOiLTtOuMHbkCA3598eap98Bk,h060708..,14658125,活性氧,"威海队(鲁超)
同款⚽1️⃣  v：18263138285(共创 代剪 🈴)
衣服 @無球跑動
搬砖兄弟：@강문현",12510,983026,,,1,,,,"[""https://p3-pc-sign.douyinpic.com/obj/c8510002be9a3a61aad2?lk3s=138a59ce&x-expires=1779541200&x-signature=yGzoaHoMONHERF1Vc7pOku69KAc%3D&from=327834062""]",,,
1548548832762718,2026-05-09 21:49:29.950851,,MS4wLjABAAAAmZsrtWCKNHPYAa2kVpDx15yBFS1fZ7nkTHSeKSzGU7cmdcbDss_ommUpkDnNI6T5,qizaimanyou9,4166248135,七仔漫游,关于重庆和重庆之外的杂玩漫游攻略,43252,341186,,,1,,,,"[""https://p9-pc-sign.douyinpic.com/obj/c8510002be9a3a61aad2?lk3s=138a59ce&x-expires=1779541200&x-signature=PxSXcY0J0h3nd%2BT8qPCVwzUN5%2F8%3D&from=327834062""]",,,
1655207022834984,2026-05-09 21:49:40.528433,,MS4wLjABAAAAUOrI0dBebJvioQ5qMia6I9mGYso7onviTp3Aw2khIKTuGB6HSKp1bPQt_deIISjh,97249823627,97249823627,关关想睡觉💤（助眠历史版）,"入睡困难户😴为自己制作长篇助眠历史📖
更新中:大唐兴衰
配音以瞌睡为主---尊重历史,不虚构历史~",38613,80563,,,1,,,,"[""https://p3-pc-sign.douyinpic.com/obj/c8510002be9a3a61aad2?lk3s=138a59ce&x-expires=1779541200&x-signature=yGzoaHoMONHERF1Vc7pOku69KAc%3D&from=327834062""]",,,
2ca1f3c7-3ae7-6e72-39b6-cfb12ad722ef,2026-05-09 21:49:45.680334,,,,,我的,,,,,,,,,,,,,
1667291262230648,2026-05-09 21:49:50.237191,,MS4wLjABAAAAjyM2ru4Nnv31uyVaT-MqXqru0R5lANVOKGnVNKCwEo_SDDuIwqkWKrHqzdh9Dv7c,21287652393,21287652393,壹禾说球,,37517,776292,,,1,,,,"[""https://p3-pc-sign.douyinpic.com/obj/c8510002be9a3a61aad2?lk3s=138a59ce&x-expires=1779541200&x-signature=yGzoaHoMONHERF1Vc7pOku69KAc%3D&from=327834062""]",,,
109426381883,2026-05-09 21:49:54.241901,,MS4wLjABAAAAjKpF4v4H6pHl46piiFxmSYYccuFkfk1kNcbm7k9hQq0,yilufast,2945344774,王洪浩的lu,"➡️女朋友也能看懂
➡️可下载、可截屏
➡️评论区更精彩",253554,3321770,,,1,,,,"[""https://p3-pc-sign.douyinpic.com/obj/c8510002be9a3a61aad2?lk3s=138a59ce&x-expires=1779541200&x-signature=yGzoaHoMONHERF1Vc7pOku69KAc%3D&from=327834062""]",,,
928461455110653,2026-05-09 21:49:57.417893,,MS4wLjABAAAA7VHTGOls2igfTBN0rQuTBt8TT0Ho3RsAsRak31G2Ln8,ForAlice333,42169243207,鸯锦鹌狸鶕鵾,"🚀 人工智能资深讲师 & 设计师
🎓 5年ai授课经验，企业特聘导师
📈 线上线下学员超万名👉❤️fxb665
🌟 Ai项目落地领学官，深耕前沿技术",1056934,3593311,,,1,,,,"[""https://p3-pc-sign.douyinpic.com/obj/c8510002be9a3a61aad2?lk3s=138a59ce&x-expires=1779541200&x-signature=yGzoaHoMONHERF1Vc7pOku69KAc%3D&from=327834062""]",,,
2005976006801166,2026-05-09 21:50:14.402945,,MS4wLjABAAAARlrZVKYM5VMJ9nZqhejCy5VRjRDrDPHMiwPNpF8Xuvn1fTis4Si7ES0_9-rxaDHB,36522350018,36522350018,自然界精选,"今天又是看自然的一天。
（已签独家）",35650,498567,,,1,,,,"[""https://p3-pc-sign.douyinpic.com/obj/c8510002be9a3a61aad2?lk3s=138a59ce&x-expires=1779541200&x-signature=yGzoaHoMONHERF1Vc7pOku69KAc%3D&from=327834062""]",,,
104303515548,2026-05-09 21:50:23.206435,,MS4wLjABAAAAsgzxzzbdh7d_GHe1nNsIoguoBThouzCyhImrGT6N7tA,Xguaioxo,3788367177,天真,"纵使凄风苦雨 我也再不回头
🥣/段位认知➕v：XQ_sxx（营业中）
实战✂️ 🐧：568928896
我爱这个乖：@装乖被肘击
盗视频的替我挡灾",174916,9995521,,,1,,,,"[""https://p3-pc-sign.douyinpic.com/obj/c8510002be9a3a61aad2?lk3s=138a59ce&x-expires=1779541200&x-signature=yGzoaHoMONHERF1Vc7pOku69KAc%3D&from=327834062""]",,,
2911927066696775,2026-05-09 21:50:37.669706,,MS4wLjABAAAA4amZXvvdN_PyZYBUy3B2LtMZWFArB7rvevV_zVMU0n-7pyHyJRtP4tvQjvexPQCu,52565511726,52565511726,Super单闯天下,"05大二在读
记录日常生活，想拍啥就拍啥
弟弟:@小单单单",386,15058,,,1,,,,"[""https://p3-pc-sign.douyinpic.com/obj/c8510002be9a3a61aad2?lk3s=138a59ce&x-expires=1779541200&x-signature=yGzoaHoMONHERF1Vc7pOku69KAc%3D&from=327834062""]",,,
2ca1f3c7-3ae7-6e72-39b6-cfb12ad722ef,2026-05-09 21:50:44.034187,,,,,我的,,,,,,,,,,,,,
2ca1f3c7-3ae7-6e72-39b6-cfb12ad722ef,2026-05-09 21:50:46.868840,,,,,我的,,,,,,,,,,,,,
7459688919762191374,2026-05-09 21:50:50.677462,,MS4wLjABAAAAstUx99LEA_4Uwj03cEhOIoqmuAu1CKqR4cu0XJ8KrgRoBP3UvPwDUF2n-2juor9c,22874176658,22874176658,数字人Lily,"你好，我是一名数字人歌手，原创歌曲和翻唱都是我的强项。
我的名字是：StarVoXLily，需要备注清楚哦，不然那边的小伙伴不知道",70774,300160,,,1,,,,"[""https://p3-pc-sign.douyinpic.com/obj/c8510002be9a3a61aad2?lk3s=138a59ce&x-expires=1779541200&x-signature=yGzoaHoMONHERF1Vc7pOku69KAc%3D&from=327834062""]",,,
60940717927,2026-05-09 21:50:56.988939,,MS4wLjABAAAAn0IaAepu3IXL0vkjTGL-AeSymUfJatBDBdeguzYnXoY,mm3323,1293379485,甜甜美食家,甜甜的人才会有甜甜的人生。,206897,3374770,,,1,,,,"[""https://p3-pc-sign.douyinpic.com/obj/c8510002be9a3a61aad2?lk3s=138a59ce&x-expires=1779541200&x-signature=yGzoaHoMONHERF1Vc7pOku69KAc%3D&from=327834062""]",,,
3824530286711920,2026-05-09 21:51:11.303023,,MS4wLjABAAAAYNjSItbHVVs7QJlfGfHQrWGI0tfo8LdZUUUjcGSFWpeI6YlAhWQbe0C6rFiB24QT,58378096601,58378096601,沐风追影,"小时候没上过兴趣班
成年后也不想去上班
现在做影视结果也一般",411484,6850267,,,1,,,,"[""https://p3-pc-sign.douyinpic.com/obj/c8510002be9a3a61aad2?lk3s=138a59ce&x-expires=1779541200&x-signature=yGzoaHoMONHERF1Vc7pOku69KAc%3D&from=327834062""]",,,
4144496161593996,2026-05-09 21:51:26.061460,,MS4wLjABAAAAlxrqLk8TuGNeQD6gzsAoOB_9bVl1CR84KgDQngITwEwO2B1yHf4XdROytD_OS2TJ,98373021214,98373021214,照桥心美,"日常@心美2.0 
世界和平",271229,3014747,,,1,,,,"[""https://p3-pc-sign.douyinpic.com/obj/c8510002be9a3a61aad2?lk3s=138a59ce&x-expires=1779541200&x-signature=yGzoaHoMONHERF1Vc7pOku69KAc%3D&from=327834062""]",,,
7564241533131998266,2026-05-09 21:51:36.660342,,MS4wLjABAAAAfONPFy_qCNIaWLrbRDH2Yhp8laUGmDLHok3EFIEe-l_SMwdefVi04QHDcQ0BZFcK,91757620753,91757620753,大象探世界,"🌏从人文地理到自然景观
🌳带大家探索地球每一个角落
🐘关注我，换个角度看世界",8599,1494233,,,1,,,,"[""https://p3-pc-sign.douyinpic.com/obj/c8510002be9a3a61aad2?lk3s=138a59ce&x-expires=1779541200&x-signature=yGzoaHoMONHERF1Vc7pOku69KAc%3D&from=327834062""]",,,
64117131714,2026-05-09 21:51:46.927495,,MS4wLjABAAAAYWkymXM9aTMnj4h17F59zl69JbDm31VNDmvmFFJRX-Q,,268039206,日食记,"温暖治愈你的心和胃：）
📮zoe@canbox.tv",11069346,100265285,,,1,,,,"[""https://p3-pc-sign.douyinpic.com/obj/c8510002be9a3a61aad2?lk3s=138a59ce&x-expires=1779541200&x-signature=yGzoaHoMONHERF1Vc7pOku69KAc%3D&from=327834062""]",,,
2755798314784285,2026-05-09 21:52:02.008963,,MS4wLjABAAAASmmmKB1k-BOAZmIZQ-cShu5Bcw0jqjjXU-T2PHdj4s39Gfsw8l03nBTQvKzPLxOC,32375272985,32375272985,生灵之歌,感谢关注的兄弟们，想要的都拥有，好运爆棚，一路开挂*^_^*,37215,1050246,,,1,,,,"[""https://p3-pc-sign.douyinpic.com/obj/c8510002be9a3a61aad2?lk3s=138a59ce&x-expires=1779541200&x-signature=yGzoaHoMONHERF1Vc7pOku69KAc%3D&from=327834062""]",,,
96511197240,2026-05-09 21:52:13.474819,,MS4wLjABAAAABTAGRhZImiELPSlARGnej2NksCrvFVPCsb72y5APbuc,1020189775sxy,2280705243,睡神小欣zZ,天天开心⌯'ᵕ'⌯,6320,301334,,,1,,,,"[""https://p3-pc-sign.douyinpic.com/obj/c8510002be9a3a61aad2?lk3s=138a59ce&x-expires=1779541200&x-signature=yGzoaHoMONHERF1Vc7pOku69KAc%3D&from=327834062""]",,,
109692092945,2026-05-09 21:52:22.946663,,MS4wLjABAAAA1aYjJ2upDeuiK85cGqL1hQQDds9XfOvy0rjV13BPbFc,,1893164268,阿宝爆漫,"《斗罗大陆》《绝世唐门》深度解析😎
每日不间断持续更新✍🏻
如果你是斗罗迷那就请关注我吧👊
合作🛰️（备注来意）：LB53K63",1533584,32557650,,,1,,,,"[""https://p3-pc-sign.douyinpic.com/obj/c8510002be9a3a61aad2?lk3s=138a59ce&x-expires=1779541200&x-signature=yGzoaHoMONHERF1Vc7pOku69KAc%3D&from=327834062""]",,,
70166245903,2026-05-09 21:52:25.681171,,MS4wLjABAAAAtiV1jjeoh7jHaw0NnAwSajTsNypJomsWfU3r0Xe0H84,Dailytaste,1605355424,小宇菇菇,"大号@小宇菇 
🤳🏻信：XYGG889（商务）",12451576,261028632,,,1,,,,"[""https://p3-pc-sign.douyinpic.com/obj/c8510002be9a3a61aad2?lk3s=138a59ce&x-expires=1779541200&x-signature=yGzoaHoMONHERF1Vc7pOku69KAc%3D&from=327834062""]",,,
3214595381537639,2026-05-09 21:52:29.918056,,MS4wLjABAAAA5KjagUbE4ma3GW2d0e2cpkFaz_0NBjkHrZaNfyZjrf37ule2eRh8IfBnQ7oOBEwY,shijiebuyuan,3928897477,即录,"这里是即录，真实记录世界每一个角落。
文旅品牌合作，让更多人看到你的故事。",4076986,18798629,,,1,,,,"[""https://p3-pc-sign.douyinpic.com/obj/c8510002be9a3a61aad2?lk3s=138a59ce&x-expires=1779541200&x-signature=yGzoaHoMONHERF1Vc7pOku69KAc%3D&from=327834062""]",,,
3519961464833076,2026-05-09 21:52:35.150893,,MS4wLjABAAAA8wqwF7v1kGKHjX4P9_B2xcMVq_Wp6nYWFWLeNRuqzz63Mytv6OajJCd2GSMXU2-h,76885303127,76885303127,静语STD,愿你能保持月亮般的心.,68617,1182921,,,1,,,,"[""https://p3-pc-sign.douyinpic.com/obj/c8510002be9a3a61aad2?lk3s=138a59ce&x-expires=1779541200&x-signature=yGzoaHoMONHERF1Vc7pOku69KAc%3D&from=327834062""]",,,
62425115161,2026-05-09 21:52:49.299192,,MS4wLjABAAAAWcA5B8ttR-V7WACdM21EVZSrPvBb97M0tYD-DLoucno,xiaolou222,46482442,栗栗兔,"hello，这里是辣辣U
一个爱吃早茶的靓女🧚‍♀️
只体验，不接餐厅探店广告
理性种草 感谢关注💕",5744106,76213828,,,1,,,,"[""https://p3-pc-sign.douyinpic.com/obj/c8510002be9a3a61aad2?lk3s=138a59ce&x-expires=1779541200&x-signature=yGzoaHoMONHERF1Vc7pOku69KAc%3D&from=327834062""]",,,
4191806042678430,2026-05-09 21:53:04.230266,,MS4wLjABAAAAfo2f51bfqWDQq6br85nQ3P1Hej71Nl9FuOkjcGi2JuwFE-nNZBzmzaKBAK5Srhem,30845403448,30845403448,历史事物所,以史为鉴,630181,6011797,,,1,,,,"[""https://p3-pc-sign.douyinpic.com/obj/c8510002be9a3a61aad2?lk3s=138a59ce&x-expires=1779541200&x-signature=yGzoaHoMONHERF1Vc7pOku69KAc%3D&from=327834062""]",,,
94110986557,2026-05-09 21:53:15.821453,,MS4wLjABAAAADHQfN-oClGazdxr5yB21V4nd-_fYNm8XecWy4ViBAdU,,800115427,wo,"👉多家一线互联网公司架构师
👉ai大模型学习籽料，AI Agent，系统课程
❤️❤️❤️籽料看置顶🔝取@AI大模型资料小助理 
👉以上提前获取：私✉️我或主页置顶裙领",13758,49434,,,1,,,,"[""https://p3-pc-sign.douyinpic.com/obj/c8510002be9a3a61aad2?lk3s=138a59ce&x-expires=1779541200&x-signature=yGzoaHoMONHERF1Vc7pOku69KAc%3D&from=327834062""]",,,
2985868281521283,2026-05-09 21:53:31.161769,,MS4wLjABAAAADtETrqus99YkidrtphyeLO4-Bvmyq01K6Ll_f9f6Ux4B4tRG-onq7-G07XeYL0Oc,SUPER_ORATOR1314,2328830538,桐艺成长,"欢迎来到AIGC的世界~学习工具
资料：@AI视频制作教程（籽料主页抱走）",3449,14776,,,1,,北京桐艺教育咨询有限公司,,"[""https://p3-pc-sign.douyinpic.com/obj/c8510002be9a3a61aad2?lk3s=138a59ce&x-expires=1779541200&x-signature=yGzoaHoMONHERF1Vc7pOku69KAc%3D&from=327834062""]",,,
4419659773772652,2026-05-09 21:53:42.408208,,MS4wLjABAAAAJ-K_D0XgXlvsqK4uUYWSG1VGudcvSbAPPSsJ5Yanjc7lRhaFPjA0vQAW2TNfGAwe,shixinjie771,3599244606,失心劫,"美漫首席研究员
------------------------------------",1985011,69694000,,,1,,,,"[""https://p3-pc-sign.douyinpic.com/obj/c8510002be9a3a61aad2?lk3s=138a59ce&x-expires=1779541200&x-signature=yGzoaHoMONHERF1Vc7pOku69KAc%3D&from=327834062""]",,,
4496322546112016,2026-05-09 21:53:54.338523,,MS4wLjABAAAAVtLHdXFwF-_0Zld5vXQzfzBakMSvJcGSeWNqaMZNPkzkCLHy8ofyVIVtB9Fx0s5x,68535577562,68535577562,奇幻专家,追漫专业户，专注动漫剪辑不迷路！高能片段、治愈台词全安排，让你重温二次元里的感动与热血～,13191,1437053,,,1,,,,"[""https://p3-pc-sign.douyinpic.com/obj/c8510002be9a3a61aad2?lk3s=138a59ce&x-expires=1779541200&x-signature=yGzoaHoMONHERF1Vc7pOku69KAc%3D&from=327834062""]",,,
96245712291,2026-05-09 21:54:12.247978,,MS4wLjABAAAAPSH14xzGn_MJb7Rx3KgrWaI_XAzSHo_5kcwY7MpycT8,Lnsane34314,658431732,小朋友,"真人配音 原创作品
只为在有限的时间里 给您带来无限的欢乐
点个关注 祝您在新的一年里 暴富💰💰",6241,97252,,,1,,,,"[""https://p3-pc-sign.douyinpic.com/obj/c8510002be9a3a61aad2?lk3s=138a59ce&x-expires=1779541200&x-signature=yGzoaHoMONHERF1Vc7pOku69KAc%3D&from=327834062""]",,,
3538673737140872,2026-05-09 21:54:24.597614,,MS4wLjABAAAA9FyJUTAhjDpevkOhtMabxw0DC6SCCUqZklUx7dHz3bXg6GVQVnZdmot2ZReHyJ0S,75081173554,75081173554,75081173554,"高清记录张韶涵「玩家」 2026巡回演唱会精彩瞬间
偶尔串场 所有视频均为本人线下拍摄 请勿搬运",326307,5078629,,,1,,,,"[""https://p3-pc-sign.douyinpic.com/obj/c8510002be9a3a61aad2?lk3s=138a59ce&x-expires=1779541200&x-signature=yGzoaHoMONHERF1Vc7pOku69KAc%3D&from=327834062""]",,,
4153322460956442,2026-05-09 21:54:33.862881,,MS4wLjABAAAAuWiQ_az8KgYcywQQDMA0yPwwAtLM5-7MFf6rQfq903kocillhU5BqoqUjLqrDNfT,80889425916,80889425916,鲲述史,"你知道课本之外的历史细节吗？
历史是最好的编剧🎞️
但真实的故事远超戏剧📺",76232,782858,,,1,,,,"[""https://p3-pc-sign.douyinpic.com/obj/c8510002be9a3a61aad2?lk3s=138a59ce&x-expires=1779541200&x-signature=yGzoaHoMONHERF1Vc7pOku69KAc%3D&from=327834062""]",,,
1157111048055262,2026-05-09 21:54:39.681064,,MS4wLjABAAAA6ncT1Qfz3iS6K144hNzbtWE--tsag5MpBQ21f1srZqhYm0S9fEJcIf_7gFLIW1mB,HJ80902024,95765199701,乐娱先生,"带你了解更多乐坛传奇
在旋律中，让我们找到共鸣
感谢您的支持与陪伴！
永远的神：@刘德华",664433,6522348,,,1,,,,"[""https://p3-pc-sign.douyinpic.com/obj/c8510002be9a3a61aad2?lk3s=138a59ce&x-expires=1779541200&x-signature=yGzoaHoMONHERF1Vc7pOku69KAc%3D&from=327834062""]",,,
2ca1f3c7-3ae7-6e72-39b6-cfb12ad722ef,2026-05-09 21:54:46.442276,,,,,我的,,,,,,,,,,,,,
57049210697,2026-05-09 21:54:48.628688,,MS4wLjABAAAAGHw8dx7vNeuK6ym7yvTGW2izSJ3pI_SvHfluYIV36A4,zhaoshichao7,950789515,大榆说车,汽车网站总编辑，15年汽车媒体经验，陪你一起走进汽车的世界,1226655,13805818,,,1,,,,"[""https://p3-pc-sign.douyinpic.com/obj/c8510002be9a3a61aad2?lk3s=138a59ce&x-expires=1779541200&x-signature=yGzoaHoMONHERF1Vc7pOku69KAc%3D&from=327834062""]",,,
4099458445607268,2026-05-09 21:54:55.975389,,MS4wLjABAAAABoSu94AmD-yYyL2EeGiZwTUbI6wAVlWVF35x1kvnzyqIwRsTchbme1AmHPyiwqsp,wulei7_9248,69195301576,褚岩的7号频道,"“足坛是出群像，凭什么在你青春中留下荣耀的叫英雄，在我记忆中写下故事的叫反派”
vx：wulei7_9248，备注id和来意",53028,775338,,,1,,,,"[""https://p3-pc-sign.douyinpic.com/obj/c8510002be9a3a61aad2?lk3s=138a59ce&x-expires=1779541200&x-signature=yGzoaHoMONHERF1Vc7pOku69KAc%3D&from=327834062""]",,,
59482590562,2026-05-09 21:54:58.388478,,MS4wLjABAAAAmQnxm4-jQ0P0PC2_cjCB71WQut4G_PrAzDOV8PZUV70,,10650987,粉色鱼籽🎹,"治愈钢琴曲🎹
感谢抖音💓感谢大家的喜欢～",629557,13858271,,,1,,,,"[""https://p3-pc-sign.douyinpic.com/obj/c8510002be9a3a61aad2?lk3s=138a59ce&x-expires=1779541200&x-signature=yGzoaHoMONHERF1Vc7pOku69KAc%3D&from=327834062""]",,,
2ca1f3c7-3ae7-6e72-39b6-cfb12ad722ef,2026-05-09 21:55:01.118110,,,,,我的,,,,,,,,,,,,,
4222583297023315,2026-05-09 21:55:03.531977,,MS4wLjABAAAA7J5tg-pWl0IukfaXHqxuBNCrp1prXV1iv0fSAlt6lgQkYSaK6fbNxchcT2S-Ed48,91746439740,91746439740,胖虎说科普,沉迷科普的硬核姐(a)姐(yi)   商务:kepu5566,984984,4370438,,,1,,,,"[""https://p3-pc-sign.douyinpic.com/obj/c8510002be9a3a61aad2?lk3s=138a59ce&x-expires=1779541200&x-signature=yGzoaHoMONHERF1Vc7pOku69KAc%3D&from=327834062""]",,,
7571712876664521785,2026-05-09 21:55:06.092180,,MS4wLjABAAAALj5gj41W03uI5WICy0KSYtoL4Vsqi4I25LpzzkyPkV36MbI34X1ow2PBLgQ28uBS,96900155169,96900155169,足球先生,"跟着我学习足球技巧！
我就不相信你学不会",107904,736969,,,1,,,,"[""https://p3-pc-sign.douyinpic.com/obj/c8510002be9a3a61aad2?lk3s=138a59ce&x-expires=1779541200&x-signature=yGzoaHoMONHERF1Vc7pOku69KAc%3D&from=327834062""]",,,
70367542514,2026-05-09 21:55:13.287136,,MS4wLjABAAAAkkq051E4yD7pUewXK7Tcm228qPqYl3Jwp0fvFBaKj04,,81320119,杆哥（国服芈月）,"5.7号请假一天金牌/大小国标/巅峰战力/上星（全英雄可接）
上分加:  qx528023
自营 安全效率👆🏻",2744770,68643653,,,1,,,,"[""https://p3-pc-sign.douyinpic.com/obj/c8510002be9a3a61aad2?lk3s=138a59ce&x-expires=1779541200&x-signature=yGzoaHoMONHERF1Vc7pOku69KAc%3D&from=327834062""]",,,
7519137652848706620,2026-05-09 21:55:22.021052,,MS4wLjABAAAAQDPo45ayVUkjD225bdilVO4kpml4UtW7MHm2kO-LYtoZDsisLmM4Lrz7KFZ07qD0,57295258366,57295258366,蔡崽崽,"谢谢你那么好看还关注我❤️
分享外卖日常（克服社恐）
想把快乐传递出去（分享快乐）❤️",53508,1493143,,,1,,,,"[""https://p3-pc-sign.douyinpic.com/obj/c8510002be9a3a61aad2?lk3s=138a59ce&x-expires=1779541200&x-signature=yGzoaHoMONHERF1Vc7pOku69KAc%3D&from=327834062""]",,,
2704394016263783,2026-05-09 21:55:27.126575,,MS4wLjABAAAAPjrxCPcO8vhqRkJXyyF1ORggv41qw5oIugQhYY8lD7lkFDdQ2q-ovzJkBD3-_tQ0,Baron.Luo,2373535307,罗南珏,"恋人：@大头和啰啰（俺是大头） 
周五周六周日@南豪小酒馆bar 驻唱
合作：☝️L981254067 （通过备注来意）✌️honey-12x    ➕粉丝群取铃声",346694,4695430,,,1,,,,"[""https://p3-pc-sign.douyinpic.com/obj/c8510002be9a3a61aad2?lk3s=138a59ce&x-expires=1779541200&x-signature=yGzoaHoMONHERF1Vc7pOku69KAc%3D&from=327834062""]",,,
103397729578,2026-05-09 21:55:31.661024,,MS4wLjABAAAAMHaw6FJ2JvrT7W31HcCAtz3mN0BXd4sPAwGbmFaZf0w,LD12220022,3774425522,六点速看,酸萝卜 被吃！,809892,38747474,,,1,,,,"[""https://p3-pc-sign.douyinpic.com/obj/c8510002be9a3a61aad2?lk3s=138a59ce&x-expires=1779541200&x-signature=yGzoaHoMONHERF1Vc7pOku69KAc%3D&from=327834062""]",,,
52114198695,2026-05-09 21:55:40.828548,,MS4wLjABAAAAxyaL78IanyOMhN-Fm6fp8EPZ7bLBOLrXCWy9l1A7y1I,,371969507,、花花世界,"一枚星星粉⭐⭐
剪辑星爷电影片段
有些电影片段没发出来就是内容审核发布不了
喜欢的小伙伴点个赞，谢谢支持！",206249,3846236,,,1,,,,"[""https://p3-pc-sign.douyinpic.com/obj/c8510002be9a3a61aad2?lk3s=138a59ce&x-expires=1779541200&x-signature=yGzoaHoMONHERF1Vc7pOku69KAc%3D&from=327834062""]",,,
82745142061,2026-05-09 21:55:51.789307,,MS4wLjABAAAAhXRfsbVq9bPMwXIeoxKrorN9fIzKxCuwulrpb4KkH5s,,655080128,小猪姐姐zz,商务🛰️：xz19725713725,282923,2516522,,,1,,,,"[""https://p3-pc-sign.douyinpic.com/obj/c8510002be9a3a61aad2?lk3s=138a59ce&x-expires=1779541200&x-signature=yGzoaHoMONHERF1Vc7pOku69KAc%3D&from=327834062""]",,,
63488083598,2026-05-09 21:56:05.929304,,MS4wLjABAAAAJjYH8NEuN1Ni5q5sQxMJAsEzXdYPD-f1ON-RugrFRq8,,40209718,Slaye,"It’s me, hi, I’m Peter 
一个喜欢健身的音乐博主🖤",142915,4552718,,,1,,,,"[""https://p3-pc-sign.douyinpic.com/obj/c8510002be9a3a61aad2?lk3s=138a59ce&x-expires=1779541200&x-signature=yGzoaHoMONHERF1Vc7pOku69KAc%3D&from=327834062""]",,,
d745981d-5b58-d2fb-fddf-0f478f0cbe42,2026-05-09 21:56:14.540216,,,,,我的,,,,,,,,,,,,,
9248930020957,2026-05-09 21:56:17.224929,,MS4wLjABAAAAlYaKJDoaWUtO2aO2uFvGDfxT1P-bUIQeNPg7qQ9tknk,30335324028,30335324028,用户1283510743554,"理性看球，理性评价，勿当键盘侠，开心你我他
持续学习，持续变好，持续输出，感谢您的关注
努力讲好每场比赛每个球员的背后故事",39968,1744679,,,1,,,,"[""https://p9-pc-sign.douyinpic.com/obj/c8510002be9a3a61aad2?lk3s=138a59ce&x-expires=1779541200&x-signature=PxSXcY0J0h3nd%2BT8qPCVwzUN5%2F8%3D&from=327834062""]",,,
1909228761253416,2026-05-09 21:56:24.391912,,MS4wLjABAAAAJ6Tp4R9cD-G6z_yVUF9TS11jfT6TR-8y8YuVHqcAJYtbPAf5X3I90qpA1p_UIfW-,97115250430,97115250430,中国非著名日常生活屁大点事儿分享专家,"如果你喜欢一个人，就多夸夸他，如果没人夸你，你就夸夸你自己。你走到今天只靠你自己！你真棒！😌
开通会员可指导复盘
打号可➕🛰️love3000uuu----本人",37944,540215,,,1,,,,"[""https://p3-pc-sign.douyinpic.com/obj/c8510002be9a3a61aad2?lk3s=138a59ce&x-expires=1779541200&x-signature=yGzoaHoMONHERF1Vc7pOku69KAc%3D&from=327834062""]",,,
1181293826021083,2026-05-09 21:56:31.753237,,MS4wLjABAAAAjZ79J9TuZDI2dwI0QS6MmMU2p5ygfGElTS3ICJ4n0TXWVoGPsd2ldommf1JtRcW9,ttyyul441827,37102379563,转圈,"马特修车，持续更新中。🐮🐴💪💪
内容原创，禁止搬运。 
支持马特，点个赞、加个关注，💪真的感谢大家。
每一集都尽量还原原片高能台词，
让没时间看长视频的朋友，
几分钟看完最硬核的修车精华。🫰❤❤❤",304821,2486351,,,1,,,,"[""https://p3-pc-sign.douyinpic.com/obj/c8510002be9a3a61aad2?lk3s=138a59ce&x-expires=1779541200&x-signature=yGzoaHoMONHERF1Vc7pOku69KAc%3D&from=327834062""]",,,
3883910597462056,2026-05-09 21:56:40.753761,,MS4wLjABAAAAetVj20PZlGwDX7M0ZJDWQmRwCO3j5Wkhq_S785Rrrwc-CWfguNiBX1LIZC-IwTYT,88556751374,88556751374,杰诺探美食(收学徒),"世界只有一个，但饭堂有很多
吃货最高境界，即是眼见为食
又是我，一个专注世界食谱的有心人！
（收学徒 注明来意 ttc9399）",662101,5464220,,,1,,,,"[""https://p3-pc-sign.douyinpic.com/obj/c8510002be9a3a61aad2?lk3s=138a59ce&x-expires=1779541200&x-signature=yGzoaHoMONHERF1Vc7pOku69KAc%3D&from=327834062""]",,,
2622752463534944,2026-05-09 21:56:47.819253,,MS4wLjABAAAAmq6_3Txb4LlwGjkj2yb5Iee34nlVJCz_afu_hxfiyzoI4T4D1rRLuGjTkHeNysu4,38080128989,38080128989,饼饼," hi～
我是@莓猫饼  祝大家天天开心～🩷
 老婆：@赵露思 
好龟龟@蚂蚁🐜 @晓晓晓毛",16981,910330,,,1,,,,"[""https://p3-pc-sign.douyinpic.com/obj/c8510002be9a3a61aad2?lk3s=138a59ce&x-expires=1779541200&x-signature=yGzoaHoMONHERF1Vc7pOku69KAc%3D&from=327834062""]",,,
94460321183,2026-05-09 21:56:55.651815,,MS4wLjABAAAApztpdXeF_ktesrZ87RLA-00eYyRG4XIPSP1rRx1HRuY,,799152003,马大善良,"商务合作 相约美食+：majun6669
五月出行计划待定，每周一，周四晚7:20更新",282695,573546,,,1,,,,"[""https://p9-pc-sign.douyinpic.com/obj/c8510002be9a3a61aad2?lk3s=138a59ce&x-expires=1779541200&x-signature=PxSXcY0J0h3nd%2BT8qPCVwzUN5%2F8%3D&from=327834062""]",,,
391856804083136,2026-05-09 21:57:10.545069,,MS4wLjABAAAASznww3bQZ1FDgdlDXbC16eo9kBRTSrl5Y_btTGbT7Og,65634115942,65634115942,Bro不讲废话,"从今天起
跟我做一个有文化的rapper
商务softf0143",66057,3034619,,,1,,,,"[""https://p3-pc-sign.douyinpic.com/obj/c8510002be9a3a61aad2?lk3s=138a59ce&x-expires=1779541200&x-signature=yGzoaHoMONHERF1Vc7pOku69KAc%3D&from=327834062""]",,,
4015884911257248,2026-05-09 21:57:15.262649,,MS4wLjABAAAASroGc-I9YcLFBDNtXkrn2QgfC0AEbIY5oYXKPHxnjy31NtzQj3Lgdfwa6JPyf1Dh,37824963102,37824963102,艾.,"剪辑是情绪的表达
每周一把对局，提高你的决斗场思路
⭕投稿（有米）or共创➕🐧裙：921635461
🔥标/段位➕🐧：1470788075
商务🛰️+A1470788075（备注品牌）
思路交流🐧裙：821535625
制作难度大，耗时长，基本为每周五 六晚更
如若拖更请见谅，感谢观众感谢抖音平台
✨下期预告：盾构
承蒙厚爱，感谢关注",279031,4340209,,,1,,,,"[""https://p3-pc-sign.douyinpic.com/obj/c8510002be9a3a61aad2?lk3s=138a59ce&x-expires=1779541200&x-signature=yGzoaHoMONHERF1Vc7pOku69KAc%3D&from=327834062""]",,,
2430388434636867,2026-05-09 21:57:23.757393,,MS4wLjABAAAAJLRyt0RTU1pJqu3SKp7XElP9CsTfhcCihXwZipBwcc8Purr-qoWjzG_XfGfabrl7,26330561844,26330561844,爆笑花花,"点关注 承包你的快乐时光
合作+v  mc54916
账号学习+v    mc54916",179112,1634892,,,1,,,,"[""https://p3-pc-sign.douyinpic.com/obj/c8510002be9a3a61aad2?lk3s=138a59ce&x-expires=1779541200&x-signature=yGzoaHoMONHERF1Vc7pOku69KAc%3D&from=327834062""]",,,
2194274246998062,2026-05-09 21:57:26.631699,,MS4wLjABAAAAEwNOSrvOhELvnwmSJ-jNa68VS-yLA6HIQVXReH8jPqQSvmJi3lNzT-pV-2160eJG,jiumimama,2972560308,九米妈妈,韩国综艺、韩国明星、韩国娱乐，聊聊呗！,132736,708214,,,1,,,,"[""https://p3-pc-sign.douyinpic.com/obj/c8510002be9a3a61aad2?lk3s=138a59ce&x-expires=1779541200&x-signature=yGzoaHoMONHERF1Vc7pOku69KAc%3D&from=327834062""]",,,
1873157740312414,2026-05-09 21:57:33.839637,,MS4wLjABAAAAcbXs84k_Y6_khNEo5bdnJdNlLMwtKk4US5Vk1vOpqeYlIbsoKb7FHRSLFYBU-1Vv,dy9fyk6ca6oe,3467245514,野兽中文配音版本,Hi，欢迎来到野兽先生中文频道，这里持续更新野兽先生系列，希望大家能够喜欢，谢谢！,956770,2021444,,,1,,,,"[""https://p3-pc-sign.douyinpic.com/obj/c8510002be9a3a61aad2?lk3s=138a59ce&x-expires=1779541200&x-signature=yGzoaHoMONHERF1Vc7pOku69KAc%3D&from=327834062""]",,,
63038290966,2026-05-09 21:57:56.507958,,MS4wLjABAAAAUVhlLPVNHZqioowc0sKvbyIf0kVHDqU5YtbVAvpIcBQ,silangjiangqi,860426701,四郎讲棋,象棋激情解说第一人！,2901832,43432298,,,1,,,,"[""https://p3-pc-sign.douyinpic.com/obj/c8510002be9a3a61aad2?lk3s=138a59ce&x-expires=1779541200&x-signature=yGzoaHoMONHERF1Vc7pOku69KAc%3D&from=327834062""]",,,
316313956789079,2026-05-09 21:58:00.313152,,MS4wLjABAAAARgahftvXRMihHG5SPCE748ZKZRdETUHzFTGHbDZ7vzo,66456544107,66456544107,美食原产地,"舌尖的起点，风味的源头。
深入原产地，探寻美食背后的山河水土与美食技艺。
关注我，看特色美食",229209,1184688,,,1,,,,"[""https://p3-pc-sign.douyinpic.com/obj/c8510002be9a3a61aad2?lk3s=138a59ce&x-expires=1779541200&x-signature=yGzoaHoMONHERF1Vc7pOku69KAc%3D&from=327834062""]",,,
880025629891079,2026-05-09 21:58:04.281167,,MS4wLjABAAAA57tz6ABT9J4NqTi99buroQz_ZcF_BqRb8-CtmgTU4TY,monkey990622,4030670069,猴儿甜猴儿甜,"🈴 🛰️houer_tian（备注品牌谢谢🙏不接暗广谢谢🙏）
兄弟：@小胡爱吃甜食 
小宝贝：@猴宝和龙宝 
旅游攻略没有店铺推广（如果后面接到了会标出来）
好吃的店铺就发出来做成攻略😍
不好吃的店就不发出来也不影响别人生意😘（除非忍不住😡）",758055,9906145,,,1,,,,"[""https://p3-pc-sign.douyinpic.com/obj/c8510002be9a3a61aad2?lk3s=138a59ce&x-expires=1779541200&x-signature=yGzoaHoMONHERF1Vc7pOku69KAc%3D&from=327834062""]",,,
100412022104,2026-05-09 21:58:10.181454,,MS4wLjABAAAA9y8s4147-nueoRDNuD4LfVu8v5xf61GFq9Px-IXQuVk,dajiangmovie,1070077189,大酱电影,"看电影，品百味人生
推荐精彩好看的电影，告别片荒
解说没有原片的沉浸之感，大家看完有兴趣的话多多支持原片哦！",1094783,18316684,,,1,,,,"[""https://p3-pc-sign.douyinpic.com/obj/c8510002be9a3a61aad2?lk3s=138a59ce&x-expires=1779541200&x-signature=yGzoaHoMONHERF1Vc7pOku69KAc%3D&from=327834062""]",,,
106802985204,2026-05-09 21:58:25.360202,,MS4wLjABAAAAuX_sBnrcWal2Ux6Tp9vJq6l_IBuWuzy02AUzfiSiAQc,jialongdongman,1746037097,佳龙动漫解说,我也想做长视频，但长视频真的没流量，现在只能做短的，见谅！🙏,915909,9846566,,,1,,,,"[""https://p3-pc-sign.douyinpic.com/obj/c8510002be9a3a61aad2?lk3s=138a59ce&x-expires=1779541200&x-signature=yGzoaHoMONHERF1Vc7pOku69KAc%3D&from=327834062""]",,,
95341219320,2026-05-09 21:58:33.771046,,MS4wLjABAAAARQl9jvUCw7zSLfMyt9Z2AypKgeE9vm7IIbMCcPMMOgI,hh2528295948,1794063009,婲婲凑热闹,"感谢支持
感谢关注",39766,310543,,,1,,,,"[""https://p3-pc-sign.douyinpic.com/obj/c8510002be9a3a61aad2?lk3s=138a59ce&x-expires=1779541200&x-signature=yGzoaHoMONHERF1Vc7pOku69KAc%3D&from=327834062""]",,,
2675544174106123,2026-05-09 21:58:41.236705,,MS4wLjABAAAAFXgFeAE8m3dWl_Y9qxGNL6CGnxEBq_sWo971kdTXQxuko6r627vk0mEiX6OHye6W,ansy20250901,82942345052,阿楠说影,,100118,2050377,,,1,,,,"[""https://p3-pc-sign.douyinpic.com/obj/c8510002be9a3a61aad2?lk3s=138a59ce&x-expires=1779541200&x-signature=yGzoaHoMONHERF1Vc7pOku69KAc%3D&from=327834062""]",,,
90058d41-98de-4667-54eb-dd461d229941,2026-05-09 21:58:46.144393,,,,,我的,,,,,,,,,,,,,
90058d41-98de-4667-54eb-dd461d229941,2026-05-09 21:58:49.933882,,,,,我的,,,,,,,,,,,,,
90058d41-98de-4667-54eb-dd461d229941,2026-05-09 21:58:52.510849,,,,,我的,,,,,,,,,,,,,
3485882270882156,2026-05-09 21:58:55.120134,,MS4wLjABAAAAu2P8ik32JgJf6nYo95X63h5lfhf4TVLNB-dh3R9hroZKSSxFwgKzlQuZGB0xzKlH,30463269954,30463269954,自驾游攻略路书,"探索中国之美，攻略分享
⬇️⬇️点击下面“商品橱窗”，有同款地图",869406,4140453,,,1,,昆明青阳文旅科技有限公司,,"[""https://p3-pc-sign.douyinpic.com/obj/c8510002be9a3a61aad2?lk3s=138a59ce&x-expires=1779541200&x-signature=yGzoaHoMONHERF1Vc7pOku69KAc%3D&from=327834062""]",,,
90058d41-98de-4667-54eb-dd461d229941,2026-05-09 21:59:02.082139,,,,,我的,,,,,,,,,,,,,
7571072628598064187,2026-05-09 21:59:05.704644,,MS4wLjABAAAAq8UhhGzjdzFAC6tlI-R07BaHelBjMUnrKNi8xL7qWbd8tKeD5Rm3LaT_T85jMTy8,75549959967,75549959967,暂别,"原来以为相遇不易 后来发现重逢更难.
后台听:抖音精选",167239,5121377,,,1,,,,"[""https://p9-pc-sign.douyinpic.com/obj/c8510002be9a3a61aad2?lk3s=138a59ce&x-expires=1779541200&x-signature=PxSXcY0J0h3nd%2BT8qPCVwzUN5%2F8%3D&from=327834062""]",,,
2845179522330439,2026-05-09 21:59:11.593075,,MS4wLjABAAAArH3YqTYuoBRqkObRgNMaFqlsYy1q3BIPo3Jncz2NtQ9krrrjK9Bo6nt7tkIRZqce,saka40733,2950877021,撒卡,德华煮播+@吕德华公会（华创文化）,492677,33067665,,,1,,,,"[""https://p3-pc-sign.douyinpic.com/obj/c8510002be9a3a61aad2?lk3s=138a59ce&x-expires=1779541200&x-signature=yGzoaHoMONHERF1Vc7pOku69KAc%3D&from=327834062""]",,,
3891908235245300,2026-05-09 21:59:25.591900,,MS4wLjABAAAAL-aLtLdWtuXVxqfa4FscJArIx88TSl5Y_qqrKePYHk3Wcp-xUIckv7eKVYx8b7yQ,napowan49436,3675370521,拿破万,hi，欢迎来到野兽先生中文配音频道，这里持续更新野兽先生和有趣的Youtube视频，希望大家能够喜欢谢谢,367119,935663,,,1,,,,"[""https://p9-pc-sign.douyinpic.com/obj/c8510002be9a3a61aad2?lk3s=138a59ce&x-expires=1779541200&x-signature=PxSXcY0J0h3nd%2BT8qPCVwzUN5%2F8%3D&from=327834062""]",,,
2825059300280361,2026-05-09 21:59:39.186475,,MS4wLjABAAAAbs1n5eev6FPp6M_OaOHLwxP1buRJKY1SNmrNxzvNZKSxxs50SKWpjRitgEV1UV2D,baozoulaoli0419,43381716012,暴走老李（流浪食记）,"创业失败选择出走，无视负债选择潇洒！
我虽流浪但不沉沦，心怀希冀续写乾坤！

（备注：独自一个人！没有团队运作！）",552941,4150241,,,1,,,,"[""https://p3-pc-sign.douyinpic.com/obj/c8510002be9a3a61aad2?lk3s=138a59ce&x-expires=1779541200&x-signature=yGzoaHoMONHERF1Vc7pOku69KAc%3D&from=327834062""]",,,
72642524383,2026-05-09 21:59:45.589311,,MS4wLjABAAAA039tg_XfjTj8_0ddsgoTgMkgW3O5aNS2osd89SMbqaI,,100382308,一斤两毛五,"好歌一起听，心情都在歌里
感恩遇见，感谢抖音平台
🎶🈴：miaoting9988",116697,2965608,,,1,,,,"[""https://p3-pc-sign.douyinpic.com/obj/c8510002be9a3a61aad2?lk3s=138a59ce&x-expires=1779541200&x-signature=yGzoaHoMONHERF1Vc7pOku69KAc%3D&from=327834062""]",,,
7979d5d4-4ee7-e292-891f-1326dde1fc9f,2026-05-09 21:59:59.459404,,,,,我的,,,,,,,,,,,,,
1091158293886600,2026-05-09 22:00:20.958927,,MS4wLjABAAAATVJzWTNoH9D3qGNTgxN-mcdwiSdNMjHldh3hA-5ezibOO_RrPFXhBuqmhzfsOamR,76571474934,76571474934,洛杉矶的凌晨四点,"🇺🇸194cm肌肉款｜吃啥都爱一口闷🏋🏻‍♂️
🇨🇳爱开中式生活盲盒｜中文菜鸟进阶中🗣️
宝子们想看我挑战啥请在评论区给我定KPI呀❗️
合作+：Gogo2020winwin",2234028,6187002,,,1,,,,"[""https://p3-pc-sign.douyinpic.com/obj/c8510002be9a3a61aad2?lk3s=138a59ce&x-expires=1779544800&x-signature=YGr5Ss%2FmqG7LjX84cMemX4icfUU%3D&from=327834062""]",,,
86420108793,2026-05-09 22:00:28.299723,,MS4wLjABAAAAFeJ0HXHrrBFRjL6-zqsng_5eJbtdsquWvU4eoiXFLy0,dymzedjb8quf,2302672443,玲妹,"官方邮箱：douyinjingxuan@bytedance.com
直播回放：均在主页【节目】板块哦",1112720,79004518,,,1,,,,"[""https://p3-pc-sign.douyinpic.com/obj/c8510002be9a3a61aad2?lk3s=138a59ce&x-expires=1779544800&x-signature=YGr5Ss%2FmqG7LjX84cMemX4icfUU%3D&from=327834062""]",,,
90058d41-98de-4667-54eb-dd461d229941,2026-05-09 22:00:37.170232,,,,,我的,,,,,,,,,,,,,
90058d41-98de-4667-54eb-dd461d229941,2026-05-09 22:00:40.407561,,,,,我的,,,,,,,,,,,,,
4443574575046396,2026-05-09 22:00:43.743772,,MS4wLjABAAAAUbjRxnpLYt_mUPe2rPeVjs7oRJdOhgEHrhh34We0vPr0Vga8DClx9v4fcq8DBywO,67412867058,67412867058,音幕,"闭上眼睛 慢慢聆听

商务🈴：ZYueL22
招✍🏻、🧑🏻‍💻：ZYueL22",477,34660,,,1,,,,"[""https://p3-pc-sign.douyinpic.com/obj/c8510002be9a3a61aad2?lk3s=138a59ce&x-expires=1779544800&x-signature=YGr5Ss%2FmqG7LjX84cMemX4icfUU%3D&from=327834062""]",,,
90058d41-98de-4667-54eb-dd461d229941,2026-05-09 22:00:48.883219,,,,,我的,,,,,,,,,,,,,
1073585571498119,2026-05-09 22:00:51.333181,,MS4wLjABAAAAtByl5t3hy_0oRn6_asvbnUuD_Uyg_q0pw0qNu0hDJRg9ClsAYl1u1WJKtyFIdWd-,33490306267,33490306267,云社君,为一百个城市写日记。,594657,4176800,,,1,,,,"[""https://p3-pc-sign.douyinpic.com/obj/c8510002be9a3a61aad2?lk3s=138a59ce&x-expires=1779544800&x-signature=YGr5Ss%2FmqG7LjX84cMemX4icfUU%3D&from=327834062""]",,,
3491702790440253,2026-05-09 22:00:54.106206,,MS4wLjABAAAAdR7hWrbXBrG5J07wAUKWPUJBIa7dSBL3qEtTVSeo6OO2t4sf-jZswWOgFoIAC0kO,laolitanju1123,3800127776,老黎探剧,"讲好每一个故事，多点没用的知识。
刑侦剧，法医剧，医疗剧深度解说。",837304,8165722,,,1,,,,"[""https://p3-pc-sign.douyinpic.com/obj/c8510002be9a3a61aad2?lk3s=138a59ce&x-expires=1779544800&x-signature=YGr5Ss%2FmqG7LjX84cMemX4icfUU%3D&from=327834062""]",,,
3536487459069031,2026-05-09 22:00:59.688317,,MS4wLjABAAAAIxsqk7iFjw3sZb7Bwt3Qj86xg76dl3AylB0IwvGq4jdsdQ9Vq-_WRLPKsCz77Nh6,20786493312,20786493312,老马哄睡宇宙,讨论前沿科技，探索未知世界，每天22点更新,372774,1580554,,,1,,,,"[""https://p3-pc-sign.douyinpic.com/obj/c8510002be9a3a61aad2?lk3s=138a59ce&x-expires=1779544800&x-signature=YGr5Ss%2FmqG7LjX84cMemX4icfUU%3D&from=327834062""]",,,
90058d41-98de-4667-54eb-dd461d229941,2026-05-09 22:01:08.332357,,,,,我的,,,,,,,,,,,,,
974625767175196,2026-05-09 22:01:10.566835,,MS4wLjABAAAAqIO8oXYiqYQXjpr-Es8KydZbHpfB-Zav8-zXXBGaAcI,TeaR.Y,92470170942,九,"09天才少年勇闯长弓摸卡～
服雾浩@天选俱乐部（18.8包1大红）",102985,980205,,,1,,,,"[""https://p3-pc-sign.douyinpic.com/obj/c8510002be9a3a61aad2?lk3s=138a59ce&x-expires=1779544800&x-signature=YGr5Ss%2FmqG7LjX84cMemX4icfUU%3D&from=327834062""]",,,
90058d41-98de-4667-54eb-dd461d229941,2026-05-09 22:01:18.994637,,,,,我的,,,,,,,,,,,,,
90058d41-98de-4667-54eb-dd461d229941,2026-05-09 22:01:40.631170,,,,,我的,,,,,,,,,,,,,
90058d41-98de-4667-54eb-dd461d229941,2026-05-09 22:01:42.942086,,,,,我的,,,,,,,,,,,,,
3966637158711080,2026-05-09 22:01:46.480080,,MS4wLjABAAAA2fGz-KztHl3kMcVue6lQGoyMnWwhkWtAXILpBRjoW_xFjlJPf3HagROThZ16gx7D,skjx1688,3478647537,飛哥呦,“你在读这句的时候，这几秒属于我”,765886,20175462,,,1,,,,"[""https://p3-pc-sign.douyinpic.com/obj/c8510002be9a3a61aad2?lk3s=138a59ce&x-expires=1779544800&x-signature=YGr5Ss%2FmqG7LjX84cMemX4icfUU%3D&from=327834062""]",,,
78316818165,2026-05-09 22:01:52.372103,,MS4wLjABAAAA_1uzrso_iCSA1XO93aI-t2RcRVZ88GiaIeAGj2URK6c,,583007110,Ai视频生成教学,"专业Ai教学｜零基础教学｜
工具箱.提示词、商🥚👉🏻【@AI工具箱小助理 】
💰渠道商务合作：XSDLYGWX（招剪辑招讲师）
 相信一切都不晚，带你实现Ai自由产粮【免沸拿】
聪明的人都在【👀主页置顶】",144364,341857,,,1,,,,"[""https://p3-pc-sign.douyinpic.com/obj/c8510002be9a3a61aad2?lk3s=138a59ce&x-expires=1779544800&x-signature=YGr5Ss%2FmqG7LjX84cMemX4icfUU%3D&from=327834062""]",,,
3245404635006448,2026-05-09 22:02:06.156198,,MS4wLjABAAAAIeAMf0yGcyOjsTqDdNaNuFvMEOp3b1zzsEFuCHtX1M570di5YMkO86kQk0Mghamy,zgyxjs,3706827726,猪哥游戏解说,"我除了帅一无是处，除非点赞和关注！
玩游戏，看猪哥，我永不服输！
❤️感谢平台，更感谢你们",1679655,22638167,,,1,,,,"[""https://p3-pc-sign.douyinpic.com/obj/c8510002be9a3a61aad2?lk3s=138a59ce&x-expires=1779544800&x-signature=YGr5Ss%2FmqG7LjX84cMemX4icfUU%3D&from=327834062""]",,,
142314558732032,2026-05-09 22:02:21.099523,,MS4wLjABAAAAuCTitPn0wTEigF2F_AqDNhgQ4oaJxo14OWcdm_nFlp4,44407929758,44407929758,时尚边角料,"👀时尚圈的另一个视角～
💐品牌｜秀场｜明星｜时尚科普
🌷两分钟看透时尚圈，持续围观悄悄变内行🤫",4410,218768,,,1,,,,"[""https://p3-pc-sign.douyinpic.com/obj/c8510002be9a3a61aad2?lk3s=138a59ce&x-expires=1779544800&x-signature=YGr5Ss%2FmqG7LjX84cMemX4icfUU%3D&from=327834062""]",,,
c35671e2-7562-72f2-9e02-b4fca0d430bb,2026-05-09 22:02:30.530244,,,,,我的,,,,,,,,,,,,,
4234972565605982,2026-05-09 22:02:33.045975,,MS4wLjABAAAAW_bd4vhZg6M4Zu9x7fk6lHrDpTSZQ-aEeURGPC3wou5nQ-Uk9oRG3mPYUjuvDQSO,xiaolaze,4159731117,穿毛裤的小拉泽,"全网统一ID：穿毛裤的小拉泽
星图VX：laze66668888或jsjs2888「麻烦添加注明来意」
带货VX：laze66668888 「麻烦添加注明来意」",1760952,9916537,,,1,,,,"[""https://p3-pc-sign.douyinpic.com/obj/c8510002be9a3a61aad2?lk3s=138a59ce&x-expires=1779544800&x-signature=YGr5Ss%2FmqG7LjX84cMemX4icfUU%3D&from=327834062""]",,,
c35671e2-7562-72f2-9e02-b4fca0d430bb,2026-05-09 22:02:40.793696,,,,,我的,,,,,,,,,,,,,
4152227996118312,2026-05-09 22:02:43.437104,,MS4wLjABAAAAIm3bQG6EJqTR0NduT--jorv0gYfzRhoGm5P-bc0rsU39It9WnFMfHwAIa_xyyFq4,ZhenShuTV,91897457504,帧述,"🎭用每一帧画面拆解光影魔术，讲述剧本之外的匠心与温度，深度解析影综娱背后的故事🧩
商务V：SWTV1588",86928,3824747,,,1,,,,"[""https://p3-pc-sign.douyinpic.com/obj/c8510002be9a3a61aad2?lk3s=138a59ce&x-expires=1779544800&x-signature=YGr5Ss%2FmqG7LjX84cMemX4icfUU%3D&from=327834062""]",,,
256613826955924,2026-05-09 22:02:50.466750,,MS4wLjABAAAAdfkEzo1ESpWdugSp4NlAdTzNiJjsz6JUwvwZvveKA20,85158833511,85158833511,一朵云cloud（测评版,"🌟163/49kg
      大腿围43 小腿围27
☺️受众非男性
袜袜来自@一朵云cloud
分享一些喜欢的袜袜^^",14133,172956,,,1,,,,"[""https://p3-pc-sign.douyinpic.com/obj/c8510002be9a3a61aad2?lk3s=138a59ce&x-expires=1779544800&x-signature=YGr5Ss%2FmqG7LjX84cMemX4icfUU%3D&from=327834062""]",,,
c35671e2-7562-72f2-9e02-b4fca0d430bb,2026-05-09 22:02:53.341881,,,,,我的,,,,,,,,,,,,,
1731043634193328,2026-05-09 22:02:57.189881,,MS4wLjABAAAACWwirkuZuwMaELURA5An4yZu2lHz_HTYYSnDcxK09ch2i82nUNTiWh4qnp9V0dnq,51044910614,51044910614,大王评车,专业视角评说，分享汽车干货，感谢老铁关注！,46103,621898,,,1,,,,"[""https://p3-pc-sign.douyinpic.com/obj/c8510002be9a3a61aad2?lk3s=138a59ce&x-expires=1779544800&x-signature=YGr5Ss%2FmqG7LjX84cMemX4icfUU%3D&from=327834062""]",,,
90058d41-98de-4667-54eb-dd461d229941,2026-05-09 22:03:03.231319,,,,,我的,,,,,,,,,,,,,
4410844527985372,2026-05-09 22:03:05.947831,,MS4wLjABAAAAuHZ2gh4xVMva9P5oNrmBJLNC1pDkFSdh27P9TGCOpFD1ONgZjnr03NZmlF-NQBoC,batiemeimei6,2359582502,东方宋,"承蒙厚爱，娶了比自己小9岁的巴基斯坦媳妇。
一百万粉丝才能直播，每个关注对我们非常重要。
如果方便请留下一个免费的关注支持一下。谢谢
有事：open-man123",1332986,14760501,,,1,,,,"[""https://p3-pc-sign.douyinpic.com/obj/c8510002be9a3a61aad2?lk3s=138a59ce&x-expires=1779544800&x-signature=YGr5Ss%2FmqG7LjX84cMemX4icfUU%3D&from=327834062""]",,,
97097715312,2026-05-09 22:03:13.365677,,MS4wLjABAAAAOwcQLp9jKh-Lh56Iy_oW_gRKvQmJ6pJrYjie2UjjC-M,,1179136825,半途鹅飞,"售后+锦鲤宝宝联系小助理@鹅鹅小助理 

放青松🌲🍚
isfj💭混干 163/95-100浮动
Vlog认真给电子闺蜜报告生活/不定期但一定好用好物分享/购物拆箱
🔗在🧣🎺",1204140,36726590,,,1,,,,"[""https://p9-pc-sign.douyinpic.com/obj/c8510002be9a3a61aad2?lk3s=138a59ce&x-expires=1779544800&x-signature=GjtdeJ5vtievZ4V846YAZ85j6TA%3D&from=327834062""]",,,
90058d41-98de-4667-54eb-dd461d229941,2026-05-09 22:03:21.839978,,,,,我的,,,,,,,,,,,,,
90058d41-98de-4667-54eb-dd461d229941,2026-05-09 22:03:24.685577,,,,,我的,,,,,,,,,,,,,
90058d41-98de-4667-54eb-dd461d229941,2026-05-09 22:03:27.557561,,,,,我的,,,,,,,,,,,,,
3245404635006448,2026-05-09 22:03:30.250620,,MS4wLjABAAAAIeAMf0yGcyOjsTqDdNaNuFvMEOp3b1zzsEFuCHtX1M570di5YMkO86kQk0Mghamy,zgyxjs,3706827726,猪哥游戏解说,"我除了帅一无是处，除非点赞和关注！
玩游戏，看猪哥，我永不服输！
❤️感谢平台，更感谢你们",1679656,22638142,,,1,,,,"[""https://p3-pc-sign.douyinpic.com/obj/c8510002be9a3a61aad2?lk3s=138a59ce&x-expires=1779544800&x-signature=YGr5Ss%2FmqG7LjX84cMemX4icfUU%3D&from=327834062""]",,,
2518346399230276,2026-05-09 22:03:39.047763,,MS4wLjABAAAAUTMzbNq6sJSzQYlW8zSLySUDyi-gRUdJXbNCe1z7tfepcEAY7byL5OujX5u7Xc89,2023101ghost,20239664835,饺子WTF,"全网最宠粉丝的主包300：277.8% @_stewie
汽水音乐/抖音精选可后台听🈴:L2982125838（备注来意）
需要访客和电子签名可以在视频下评论（看到都会回复）
网易☁️（播客）：饺子WTF",2788069,131218467,,,2,,,,"[""https://p3-pc-sign.douyinpic.com/obj/c8510002be9a3a61aad2?lk3s=138a59ce&x-expires=1779544800&x-signature=YGr5Ss%2FmqG7LjX84cMemX4icfUU%3D&from=327834062""]",,,
3619244324958030,2026-05-09 22:03:53.647047,,MS4wLjABAAAA1czBk9guM7b-LJ96yL2KJ-1-3nKKhsy7S0br1Gok7df2Ivj54WTfTmgp-jYFiVGT,huanmie123,2995476374,幻咩咩,主为动漫二创，什么都会发一些，想看啥可以蹲一蹲！视频全部自制，非AI，全网同名。一个人做视频，所以更新不会特别快，见谅。超级社恐(ᇂ_ᇂ|||),281681,7269623,,,1,,,,"[""https://p3-pc-sign.douyinpic.com/obj/c8510002be9a3a61aad2?lk3s=138a59ce&x-expires=1779544800&x-signature=YGr5Ss%2FmqG7LjX84cMemX4icfUU%3D&from=327834062""]",,,
162383628337659,2026-05-09 22:04:05.316431,,MS4wLjABAAAA9fELPwwJfsVCtwv-D8NJNgADed2aQkClm9-4QNrJKcA,juechen90136,2305235791,大飞评车,"抖音独家签约作者，搬运必究
欢迎投稿，车源提供
招文案策划和运营
学习&商务 ssvvp001",93804,1314541,,,1,,,,"[""https://p3-pc-sign.douyinpic.com/obj/c8510002be9a3a61aad2?lk3s=138a59ce&x-expires=1779544800&x-signature=YGr5Ss%2FmqG7LjX84cMemX4icfUU%3D&from=327834062""]",,,
4242333923018035,2026-05-09 22:04:10.129779,,MS4wLjABAAAAi13KPUp5qlJYh7DJ0ym9XuMirRApfjbwQsIxIyod0sQj5piTeFgqQ-pvDAdMyIVN,22823127373,22823127373,麻吉大叔,"扎根南京第12年，生在台北，祖籍重慶！
用美食@黄大隆 搭建兩岸橋梁
希望傳遞兩岸最真實溫情和善良！
助理：rubyLrockie
所有餐飲探店，都是真實自費
謝絕餐飲類推廣",168352,2632608,,,1,,,,"[""https://p3-pc-sign.douyinpic.com/obj/c8510002be9a3a61aad2?lk3s=138a59ce&x-expires=1779544800&x-signature=YGr5Ss%2FmqG7LjX84cMemX4icfUU%3D&from=327834062""]",,,
73457860344,2026-05-09 22:04:18.121386,,MS4wLjABAAAAMy5UYmwrfZDc0YO2-n5gz5uwbjS_8qXe7_b-ltOl68w,93457860344,179491905,王开乒乓,"鹤岗王开杯报名：zy13145912906
玄铁一出！谁与争峰！
绝胜品牌主理人
🛰：ecoagency101
📮：ecoagency@ecosports.cn",6281210,94449599,,,1,,,,"[""https://p3-pc-sign.douyinpic.com/obj/c8510002be9a3a61aad2?lk3s=138a59ce&x-expires=1779544800&x-signature=YGr5Ss%2FmqG7LjX84cMemX4icfUU%3D&from=327834062""]",,,
90058d41-98de-4667-54eb-dd461d229941,2026-05-09 22:04:25.299925,,,,,我的,,,,,,,,,,,,,
62895067493,2026-05-09 22:04:28.349311,,MS4wLjABAAAAdGEwBGHjrx3jn0QGtPhXOQ_CGwkQsZCwtMN4sGCI-j4,LeZXC_,42479991,乐在现场,"🎼感受快乐 就在现场
单曲/宣推/拍摄合作🛰️：s75183784",576187,55219077,,,1,,,,"[""https://p3-pc-sign.douyinpic.com/obj/c8510002be9a3a61aad2?lk3s=138a59ce&x-expires=1779544800&x-signature=YGr5Ss%2FmqG7LjX84cMemX4icfUU%3D&from=327834062""]",,,
90058d41-98de-4667-54eb-dd461d229941,2026-05-09 22:04:35.855240,,,,,我的,,,,,,,,,,,,,
2175263466859449,2026-05-09 22:04:38.938272,,MS4wLjABAAAAO46QSnvHdNgQRz9cMFXzPfvTkluE77gIWOMXmd2KQEyWpmSaaAoLNzhaEpYafQvH,oumo1217.,28708645773,Omer,"中华人民共和国万岁！！！
每天早或晚8点更新！！！",29086,2524937,,,1,,,,"[""https://p3-pc-sign.douyinpic.com/obj/c8510002be9a3a61aad2?lk3s=138a59ce&x-expires=1779544800&x-signature=YGr5Ss%2FmqG7LjX84cMemX4icfUU%3D&from=327834062""]",,,
2078546460425896,2026-05-09 22:04:46.746474,,MS4wLjABAAAANp6gS3npi5WdxClnWrHeixj_OXQK_tMQpaFSi6Z1rLI22CHgutFRLj_jGLechBaT,lili9439,40578312545,里由,"只更最新或自己觉得有趣的游戏！不是什么都更！
商务合作私或🛰️：cw17759105089
永远保持温柔真诚且只爱我的粉丝😘😘
抖音独家签约创作者",184631,2943384,,,1,,,,"[""https://p3-pc-sign.douyinpic.com/obj/c8510002be9a3a61aad2?lk3s=138a59ce&x-expires=1779544800&x-signature=YGr5Ss%2FmqG7LjX84cMemX4icfUU%3D&from=327834062""]",,,
1209084580740743,2026-05-09 22:05:00.704427,,MS4wLjABAAAAyN1FnUQvKNNI8gNT3ZF6fgkGdg84PPw2x5M4NqnQJlg08kjgRF2zjOuQsKnHyRbo,Yanjie1210,2819228351,燕姐说影,"影视解说
专注各种悬疑犯罪推理剧
《超感神探》更新中……",402387,10227997,,,1,,,,"[""https://p3-pc-sign.douyinpic.com/obj/c8510002be9a3a61aad2?lk3s=138a59ce&x-expires=1779544800&x-signature=YGr5Ss%2FmqG7LjX84cMemX4icfUU%3D&from=327834062""]",,,
90058d41-98de-4667-54eb-dd461d229941,2026-05-09 22:05:18.450779,,,,,我的,,,,,,,,,,,,,
206335072277108,2026-05-09 22:05:24.139214,,MS4wLjABAAAA2jWbGekMFGbl5CdFKaBqEH8AC50WoKUIhE0ImHIymI4,bys1,2832821597,捕月说Official,"👉长视频每周五更新。（没更就是被禁止播放了）
👉会员视频持续更新中👏
👉天文宇宙，未解之谜，奇闻异事，都市传说。
👉私信会看，随缘回复
⚡商务V：bys100w（请备注来意）",2431768,11126514,,,1,,,,"[""https://p3-pc-sign.douyinpic.com/obj/c8510002be9a3a61aad2?lk3s=138a59ce&x-expires=1779544800&x-signature=YGr5Ss%2FmqG7LjX84cMemX4icfUU%3D&from=327834062""]",,,
1038366920159323,2026-05-09 22:05:29.590785,,MS4wLjABAAAAUvSQhIA4YRwgG7lsdobEKQ_aOoVZ2qM06_qO06mUC9CAgOUYpy9YPqLoeHGyrQW7,qinzhiyuanyyds,4148032179,荒野小鱼,荒野建造 🪓｜暴雪露营❄️｜野外生存 🪚｜解压助眠💤,43916,648314,,,1,,,,"[""https://p3-pc-sign.douyinpic.com/obj/c8510002be9a3a61aad2?lk3s=138a59ce&x-expires=1779544800&x-signature=YGr5Ss%2FmqG7LjX84cMemX4icfUU%3D&from=327834062""]",,,
98259673214,2026-05-09 22:05:32.592850,,MS4wLjABAAAAft_asl3sOUtyAhfYFORRgxUujLjsaRnEk97iOWslmjE,Kl1437.,923774383,可乐乐乐,"第五人格手搓朱波
万分A勘
✨ 专注于做 每个分段都能看懂 的实战解说
😋感谢每一份支持！
承蒙厚爱 ❤
娱乐主播 ovo",83116,4174409,,,1,,,,"[""https://p3-pc-sign.douyinpic.com/obj/c8510002be9a3a61aad2?lk3s=138a59ce&x-expires=1779544800&x-signature=YGr5Ss%2FmqG7LjX84cMemX4icfUU%3D&from=327834062""]",,,
504027302343642,2026-05-09 22:05:35.563828,,MS4wLjABAAAAEcrOOW7l4hnv_RpXuugYEWPn9mh4LwnRSw62seeRZC4,30636100071,30636100071,环球生物录,"整活啥的，实在不会
那就好好讲述每一个野生动物的生存故事
男声讲故事  女声偏科普",275574,1985325,,,1,,,,"[""https://p3-pc-sign.douyinpic.com/obj/c8510002be9a3a61aad2?lk3s=138a59ce&x-expires=1779544800&x-signature=YGr5Ss%2FmqG7LjX84cMemX4icfUU%3D&from=327834062""]",,,
106065875187,2026-05-09 22:05:43.052991,,MS4wLjABAAAAd4TIy94cQG65MNakylVC_4I5T3d8r6CsD0v7J4u3IX4,daxiangfangying,2273682694,大象放映室,"关注中国时代变迁。
两届百大UP主⚡⚡🏆🏆
商务合作： zwwdd456",2074316,10244998,,,1,,,,"[""https://p3-pc-sign.douyinpic.com/obj/c8510002be9a3a61aad2?lk3s=138a59ce&x-expires=1779544800&x-signature=YGr5Ss%2FmqG7LjX84cMemX4icfUU%3D&from=327834062""]",,,
90058d41-98de-4667-54eb-dd461d229941,2026-05-09 22:05:46.171950,,,,,我的,,,,,,,,,,,,,
1359447910002776,2026-05-09 22:05:48.915133,,MS4wLjABAAAAKNK8A40C3cljD6MWYR4U4K584--GQ5EKXwvAasx4O63v9XFJBfZvFTAVb-bzMdZs,52129640984,52129640984,午夜场沸客,全新观点，犀利视角，带你深度观看每一部电影！（平台入驻请勿打扰，谢谢）,66622,1492224,,,1,,,,"[""https://p3-pc-sign.douyinpic.com/obj/c8510002be9a3a61aad2?lk3s=138a59ce&x-expires=1779544800&x-signature=YGr5Ss%2FmqG7LjX84cMemX4icfUU%3D&from=327834062""]",,,
4453497454202109,2026-05-09 22:05:56.561247,,MS4wLjABAAAAn8Bbte4oYken9JI-LeesfozGtxqTNjhGoHWSRxL5tOqwL8dsoRbehvKmaBm4EUj6,41036195309,41036195309,甄知棒,"在更：我眼里的《甄嬛传》✨
这里没有标准答案，只有我的个人理解与偏爱。玩笑有之，拉踩无意。
💖共鸣者，赞藏随心。",433641,7174209,,,1,,,,"[""https://p3-pc-sign.douyinpic.com/obj/c8510002be9a3a61aad2?lk3s=138a59ce&x-expires=1779544800&x-signature=YGr5Ss%2FmqG7LjX84cMemX4icfUU%3D&from=327834062""]",,,
7576847707413054513,2026-05-09 22:06:05.265564,,MS4wLjABAAAASrffrypeCCsizHSN_JoCjyZkKgKK7qTkJZNSGZ49DDe6HYF_nFTFUpR7KtWeM_bA,85131195624,85131195624,Mr野兽中文版,"《野兽先生》《MrBeast》综艺挑战系列
全网最快实时更新野兽先生，希望你们能够喜欢！
每周我将在点赞、评论、收藏中的随机粉丝送出一份神秘礼物🎁！",244204,389172,,,1,,,,"[""https://p3-pc-sign.douyinpic.com/obj/c8510002be9a3a61aad2?lk3s=138a59ce&x-expires=1779544800&x-signature=YGr5Ss%2FmqG7LjX84cMemX4icfUU%3D&from=327834062""]",,,
93480519330,2026-05-09 22:06:08.914458,,MS4wLjABAAAAy2mbJaDIVwFwWIu14ugzClwcIkDPGZkJM-N57EwoBfE,,370194255,足球的记忆,"最纯粹的足球
记录足球记忆
分享球星不为人知的细节
创作不易 欢迎关注",16469,429030,,,1,,,,"[""https://p3-pc-sign.douyinpic.com/obj/c8510002be9a3a61aad2?lk3s=138a59ce&x-expires=1779544800&x-signature=YGr5Ss%2FmqG7LjX84cMemX4icfUU%3D&from=327834062""]",,,
7417742625292371003,2026-05-09 22:06:12.781533,,MS4wLjABAAAAx0cqSUfZLgJaHjTxtzJcyrm86CZ-K1KhORRULhMMTPnGMr1_7uPOKU6xHMnosWcb,04316OvO,27859979590,呜呜八九,"~(＾◇^)/这里是5589喵 评论经常被吞 可以进群问！
每周三四五六19:00直播化妆〈特殊情况会请假〉
不会主动加任何联系方式 请勿被骗
没有ks账号！只有🎶和🍠 
盗我视频照片替我挡灾 使用我照片不标明我直接举报
🈴：Qwaq445
直播🈴 kawa1_lll〈仅直播〉
我是玻璃心 骂我的会拉黑
画自己喜欢的妆 互相尊重
谢谢宝贝们的喜欢～",158293,4683819,,,1,,,,"[""https://p3-pc-sign.douyinpic.com/obj/c8510002be9a3a61aad2?lk3s=138a59ce&x-expires=1779544800&x-signature=YGr5Ss%2FmqG7LjX84cMemX4icfUU%3D&from=327834062""]",,,
63726891021,2026-05-09 22:06:19.129342,,MS4wLjABAAAA9pX1J7cO15cZr_reLMeZzG9B10Y55MvCDpolsGulJMM,,56987773,予我❤️安,"• 尽心尽力做好每一个作品
• 持续更新最精彩的比赛
• 感谢你的支持与关注 ❤️
• 你们的支持就是我最大的动力
• 商务联系：FSco1027（注明来意）",70001,1262435,,,1,,,,"[""https://p3-pc-sign.douyinpic.com/obj/c8510002be9a3a61aad2?lk3s=138a59ce&x-expires=1779544800&x-signature=YGr5Ss%2FmqG7LjX84cMemX4icfUU%3D&from=327834062""]",,,
3924622344981513,2026-05-09 22:06:27.574101,,MS4wLjABAAAAGPd_KIWioZNs0aE_M1kOAbE9st-W9DZnBcWmEl5w2nOXg6tc3EoJimD7qOeGoclx,55732786939,55732786939,𝙈𝙉𝙈.闖王 🅥,"❤️心有定力，稳步前行
💖祝粉丝们身体健康，财源滚滚🏮
📱商务Minecraft_Lem⭐粉丝可加⭐
🐧👗916405285‖搬运/仿冒者替我挡灾",931102,6620297,,,1,,,,"[""https://p3-pc-sign.douyinpic.com/obj/c8510002be9a3a61aad2?lk3s=138a59ce&x-expires=1779544800&x-signature=YGr5Ss%2FmqG7LjX84cMemX4icfUU%3D&from=327834062""]",,,
111422788675,2026-05-09 22:06:41.500155,,MS4wLjABAAAAVZdYTvqm_WNMFQJ-K5LGEv1ESSHnBsgJSQzFR7ylDbg,,2099411916,宇宙深空记,"揣着星星碎片，聊遍宇宙山海
专扒黑洞/星云/史前动物天体冷知识",51479,759045,,,1,,,,"[""https://p3-pc-sign.douyinpic.com/obj/c8510002be9a3a61aad2?lk3s=138a59ce&x-expires=1779544800&x-signature=YGr5Ss%2FmqG7LjX84cMemX4icfUU%3D&from=327834062""]",,,
1403432900766846,2026-05-09 22:06:56.328659,,MS4wLjABAAAAyShDzAlwGgRatJr-9Q7CIG6IBSEzLjMOKnlYER9bCVSCgxZNk_SlTciceR9zoH5f,55092659845,55092659845,我不要睡觉,"国一兰陵王国一东皇外加国服小乔
本人巅峰打标🛰️：zhezhi0917
直播时间，下午2点-6点
排位上⭐：h678048（备注粉丝）
11、13级粉丝牌送巅峰分，15级送小国",24093,244159,,,1,,,,"[""https://p3-pc-sign.douyinpic.com/obj/c8510002be9a3a61aad2?lk3s=138a59ce&x-expires=1779544800&x-signature=YGr5Ss%2FmqG7LjX84cMemX4icfUU%3D&from=327834062""]",,,
aa6c5ce9-d82f-1eb3-92ef-9bd019021e1a,2026-05-09 22:07:04.981402,,,,,我的,,,,,,,,,,,,,
98111872983,2026-05-09 22:07:08.135287,,MS4wLjABAAAA3V__G-H52I8n6FyT1xKagE4szqDygO-36oGUzpNi274,,1224505867,香草🌿拿铁,"💗美食分享｜零食测评｜持续更新ing
💕牙齿是多生牙
🌷感谢大家的关注，千人千味，理性种草哦～
有什么好吃的或者想尝试的都可以告诉我哦～",17822,127880,,,1,,,,"[""https://p3-pc-sign.douyinpic.com/obj/c8510002be9a3a61aad2?lk3s=138a59ce&x-expires=1779544800&x-signature=YGr5Ss%2FmqG7LjX84cMemX4icfUU%3D&from=327834062""]",,,
844845840137851,2026-05-09 22:07:15.014922,,MS4wLjABAAAAEOQnf1wJOHHZyFwElAiNpGrF1rXIXZhyebzU4kjK_j4,danziweinian73,4117980708,耀吃西饭,"全网最宠粉丝的主包300：277.8% @_stewie
汽水音乐/抖音精选可后台听🈴:L2982125838（备注来意）
需要访客和电子签名可以在视频下评论（看到都会回复）
网易☁️（播客）：饺子WTF",2788097,131219521,,,2,,,,"[""https://p3-pc-sign.douyinpic.com/obj/c8510002be9a3a61aad2?lk3s=138a59ce&x-expires=1779544800&x-signature=YGr5Ss%2FmqG7LjX84cMemX4icfUU%3D&from=327834062""]",,,
55539553020,2026-05-09 22:07:29.764770,,MS4wLjABAAAAH76hhSfHYnLxOgvyMxoiXzy3hw-F4-B0RTOPtTuN-h8,pw1317032928,1317032925,品味影视,"精彩纪录片带你寻宝
一起去看不一样的世界
加入粉丝团精彩下期等着你",3361446,44647548,,,1,,,,"[""https://p3-pc-sign.douyinpic.com/obj/c8510002be9a3a61aad2?lk3s=138a59ce&x-expires=1779544800&x-signature=YGr5Ss%2FmqG7LjX84cMemX4icfUU%3D&from=327834062""]",,,
56813329125,2026-05-09 22:07:38.350605,,MS4wLjABAAAAwSJoXGbZsyXWi_vLFhwUkj4ZaBVSSWcHYYS_AcsVISg,,587978567,欢,"我不是搬运工 真的真的真的
俱乐部目前有YY，魔公，拉客，Charlie四人🤣",34059,1352553,,,1,,,,"[""https://p3-pc-sign.douyinpic.com/obj/c8510002be9a3a61aad2?lk3s=138a59ce&x-expires=1779544800&x-signature=YGr5Ss%2FmqG7LjX84cMemX4icfUU%3D&from=327834062""]",,,
536214489021671,2026-05-09 22:07:54.115330,,MS4wLjABAAAAMfR4Qm054-etdHYK30f28J5j8KDytcEoivFOHoxmOx0,yekai2009,3729572428,历史其实挺有趣,"哎，我这知识啊，都学杂了
商务  xdreamsun",1510030,3354489,,,1,,,,"[""https://p3-pc-sign.douyinpic.com/obj/c8510002be9a3a61aad2?lk3s=138a59ce&x-expires=1779544800&x-signature=YGr5Ss%2FmqG7LjX84cMemX4icfUU%3D&from=327834062""]",,,
3952086217144025,2026-05-09 22:07:59.646262,,MS4wLjABAAAAjRo2b5JQ7Jf4_I_uJEQssUYt9vPkFjGU4KRwp5_XqhffZrwBpwrHFNHU2AseO4xF,40707902175,40707902175,南疆利剑,"每天更新最新军武资讯
星辰大海独属于种花家！
请勿搬运，创作不易感谢理解！",277164,6112729,,,1,,,,"[""https://p3-pc-sign.douyinpic.com/obj/c8510002be9a3a61aad2?lk3s=138a59ce&x-expires=1779544800&x-signature=YGr5Ss%2FmqG7LjX84cMemX4icfUU%3D&from=327834062""]",,,
3256088029837872,2026-05-09 22:08:03.010973,,MS4wLjABAAAAU_IHLXQ-aH5neGQ3HH7ebQ1jF7B_0v4GACVQ29NrzTqJ3H94uL99h4Pnf5XQYumj,95616779177,95616779177,杨齐家切片鼠,"需要哈夫币纯跑刀🌏v：aarr1122ar纯瘾大！！
杨齐家最新直播切片！！
杨齐家在hy直播，现场更精彩！！！
正主@杨齐家(三角洲行动)🥰！",24428,396001,,,1,,,,"[""https://p3-pc-sign.douyinpic.com/obj/c8510002be9a3a61aad2?lk3s=138a59ce&x-expires=1779544800&x-signature=YGr5Ss%2FmqG7LjX84cMemX4icfUU%3D&from=327834062""]",,,
105015127468,2026-05-09 22:08:07.699497,,MS4wLjABAAAAoNkmJhhNlsXOZASAmOlPhYVbdF0rUJ89zEkanbExwYg,anan991011,2192356068,晨,"跟着夏叔学做菜，做家人的金牌大厨！
有温度的国宴大厨 私藏配方倾囊分享
中国烹饪大师、北京烹饪协会副秘书长
世界中餐业联合会青年名厨专业委员会执行主席
第六届世界中餐烹饪大赛特金奖获得者
中国药膳研究会文化建设专委会委员
美食节目主持人，《天天饮食》《养生堂》等百余档电视节目特邀嘉宾
粉丝交流❤️Xiashuyouhaohuo",22178878,306855576,,,1,,,,"[""https://p3-pc-sign.douyinpic.com/obj/c8510002be9a3a61aad2?lk3s=138a59ce&x-expires=1779544800&x-signature=YGr5Ss%2FmqG7LjX84cMemX4icfUU%3D&from=327834062""]",,,
2242619096972638,2026-05-09 22:08:21.146753,,MS4wLjABAAAAouzv6Nsqxlvz2OURRH9OYQ-HlBKs6KiQSi15IFpxhROfMA7g3Etey-A3SZ_xdmNd,hanyuqiande,3581177664,韩雨倩,"好物分享@欣迪杨 
日常分享@好运小杨 
视频同款都在橱窗哦 无广自用
🈴：ydx888888fff
只推荐适合自己的  任何东西都不会适合所有人  宝宝们多做功课哦❤️",358880,28635470,,,1,,,,"[""https://p9-pc-sign.douyinpic.com/obj/c8510002be9a3a61aad2?lk3s=138a59ce&x-expires=1779544800&x-signature=GjtdeJ5vtievZ4V846YAZ85j6TA%3D&from=327834062""]",,,
61628357929,2026-05-09 22:08:35.261210,,MS4wLjABAAAAYNgCFc0u_FQBuApFi2BYB61Cm0rv7LmrGtw3meQVNhc,,600843866,喵🥰,"让世界看见新时代的中国魅力，通过镜头记录中国变迁：城市发展、基建奇迹、文化传承、民生故事。让世界透过多元视角，重新认识一个立体、真实、蓬勃发展的中国。 每周五《时光盲盒》今昔对比。
📌 粉丝可参与#我家这十年#投稿  
🔍 关注我，一起收藏时代记忆！  
#纵观中国 #时代变迁",50767,449972,,,1,,,,"[""https://p3-pc-sign.douyinpic.com/obj/c8510002be9a3a61aad2?lk3s=138a59ce&x-expires=1779544800&x-signature=YGr5Ss%2FmqG7LjX84cMemX4icfUU%3D&from=327834062""]",,,
1456216075150916,2026-05-09 22:08:45.304180,,MS4wLjABAAAAZEuwccJwKCrpJ-djbt-QWMpYIleMzCcP3T9GOPchdMwnmbj8WpitAzpjrmIJDjEu,91418688799,91418688799,猫神的老公,"大号:@江南游戏达人
兄弟:@张道长 
商务联系方式：cw17759105089
🛰: a1628192805(👇先看下面再加👇）
⭐️不卖号⭐️不入驻任何平台⭐️广告只做一口价",625477,2719376,,,1,,,,"[""https://p3-pc-sign.douyinpic.com/obj/c8510002be9a3a61aad2?lk3s=138a59ce&x-expires=1779544800&x-signature=YGr5Ss%2FmqG7LjX84cMemX4icfUU%3D&from=327834062""]",,,
92359502552,2026-05-09 22:08:55.571862,,MS4wLjABAAAAVRHERm5B0T_kcZeVjxxigNjjaMioj61XXccvsvawgDk,,891978526,李三,了解大千世界，分享有趣有料社会热点，万物皆特别！,370686,2801886,,,1,,,,"[""https://p3-pc-sign.douyinpic.com/obj/c8510002be9a3a61aad2?lk3s=138a59ce&x-expires=1779544800&x-signature=YGr5Ss%2FmqG7LjX84cMemX4icfUU%3D&from=327834062""]",,,
430d109d-f5c7-fa5a-91de-5a8a346f6607,2026-05-09 22:09:04.235834,,,,,我的,,,,,,,,,,,,,
104882922289,2026-05-09 22:09:06.689360,,MS4wLjABAAAAuKEI3JzWMXrvqTBqj4xPnWPIQ4jQ6KIj_B-KfeqywsM,Monkey_D_Moon,1552182816,悠嘻猴,"看美女有益身心健康
美丽角色的魅力呈现",2009440,36669912,,,1,,,,"[""https://p9-pc-sign.douyinpic.com/obj/c8510002be9a3a61aad2?lk3s=138a59ce&x-expires=1779544800&x-signature=GjtdeJ5vtievZ4V846YAZ85j6TA%3D&from=327834062""]",,,
109178348574,2026-05-09 22:09:15.998134,,MS4wLjABAAAA_W83nYbVqC5M9bEsrbuLlji8WVSOdyWrz-7_KuhoAas,XL957,2226705433,彦儿,"乾坤未定，你我皆黑马。
日常：@彦儿日常 
🍠：彦儿
🛰️：Yaner-997
🧣: 彦儿Sariel
合作：OSTSW009（备注品牌）",9755313,249141830,,,1,,,,"[""https://p3-pc-sign.douyinpic.com/obj/c8510002be9a3a61aad2?lk3s=138a59ce&x-expires=1779544800&x-signature=YGr5Ss%2FmqG7LjX84cMemX4icfUU%3D&from=327834062""]",,,
110793337723,2026-05-09 22:09:21.782263,,MS4wLjABAAAAahxTv8J3fjIougFouxAAfffx4FV33G35mNASfNra9Qs,WHniushifu,1989019707,玩越野车的牛师傅,"资深越野玩家，长期组织带队穿越各种无人区及经典越野路线
湖北飞行军队长／山海营中营营长
一汽丰田湖北普拉多车主俱乐部会长
专注越野改装与维修干货分享
用车轮丈量世界，用技术攻克难关
喜欢技术可移步老号@牛师傅越野车会

商务🛰️：FJniushifu666",1119176,19240677,,,1,,,,"[""https://p3-pc-sign.douyinpic.com/obj/c8510002be9a3a61aad2?lk3s=138a59ce&x-expires=1779544800&x-signature=YGr5Ss%2FmqG7LjX84cMemX4icfUU%3D&from=327834062""]",,,
100061957495,2026-05-09 22:09:29.641890,,MS4wLjABAAAAtfJeodbu5kcvsiGuCbJPAbDPg5AwUZ9Fw0HETWfztgQ,bubaichi892,2293080463,我是不白吃,"我是不白吃，我真是太有文化了
来不白吃的家玩儿吧@不白吃有文化中心 
—— ——
售后一进入店铺联系客服
⭐私信转账退款都是骗子不要信!⭐
—— ——
不白吃VX: woshibubaichi01
短视频商务合作: bubaifamily",26329876,719511181,,,1,,,,"[""https://p9-pc-sign.douyinpic.com/obj/c8510002be9a3a61aad2?lk3s=138a59ce&x-expires=1779544800&x-signature=GjtdeJ5vtievZ4V846YAZ85j6TA%3D&from=327834062""]",,,
75475765599,2026-05-09 22:09:43.356687,,MS4wLjABAAAA7xRpWhuaKy3bgmebtlRqWs6ClGvEb5iHbQ33pftsvqo,lowjun2333,173043900,low君,"专注影视解说
想看哪部剧可以评论告诉我！",1382524,26049068,,,1,,,,"[""https://p3-pc-sign.douyinpic.com/obj/c8510002be9a3a61aad2?lk3s=138a59ce&x-expires=1779544800&x-signature=YGr5Ss%2FmqG7LjX84cMemX4icfUU%3D&from=327834062""]",,,
358894106853232,2026-05-09 22:10:01.102207,,MS4wLjABAAAAB4fS4f9VCLBmBGEZO4f6bWg6K0ge1-q_3_fOfA1j_n0,Bobaya,30235934067,Bobaya,"🎧是人类的避难所  🎵是心脏的救命丸
喜欢听的点一个免费的关注吧！
恋人：@Boba",211545,6057364,,,1,,,,"[""https://p9-pc-sign.douyinpic.com/obj/c8510002be9a3a61aad2?lk3s=138a59ce&x-expires=1779544800&x-signature=GjtdeJ5vtievZ4V846YAZ85j6TA%3D&from=327834062""]",,,
798685327526260,2026-05-09 22:10:18.749331,,MS4wLjABAAAA_ay6Asv0OAVrAjZrLmYb5-bLf8wQAeXbnNXjwEL_-XY,80141502842,80141502842,王大闲人聊车,闲来无事，聊聊车，不喜勿喷！,39057,555933,,,1,,,,"[""https://p3-pc-sign.douyinpic.com/obj/c8510002be9a3a61aad2?lk3s=138a59ce&x-expires=1779544800&x-signature=YGr5Ss%2FmqG7LjX84cMemX4icfUU%3D&from=327834062""]",,,
95543094986,2026-05-09 22:10:28.019399,,MS4wLjABAAAA93cSGzpN-u3E5u_7qrM_dhu0MPkbITJTHDnjaJI7_Ao,L1513445,2092813394,小刘去哪玩,"旅行｜攻略｜vlog
一个人也可以去好多多多多多多地方🤩
穷游富游不如少年游
分享自己真实旅行体验",67701,2096182,,,1,,,,"[""https://p3-pc-sign.douyinpic.com/obj/c8510002be9a3a61aad2?lk3s=138a59ce&x-expires=1779544800&x-signature=YGr5Ss%2FmqG7LjX84cMemX4icfUU%3D&from=327834062""]",,,
60420893541,2026-05-09 22:10:36.812468,,MS4wLjABAAAAoXm3UTY6L_aOBfJxd0Y8B9ojQS4rUUWwDK-iEre3opQ,,15304842,IC实验室馆长,"从商业的视角看一切
商务合作：supercute_lili",827519,3664860,,,1,,,,"[""https://p3-pc-sign.douyinpic.com/obj/c8510002be9a3a61aad2?lk3s=138a59ce&x-expires=1779544800&x-signature=YGr5Ss%2FmqG7LjX84cMemX4icfUU%3D&from=327834062""]",,,
334713997497021,2026-05-09 22:10:50.805131,,MS4wLjABAAAAMbWuts8qQ2fOUFA50Jt-I6BAwFukcQ-8oxGFWHgviKg,tanchishe778,91567363815,贪吃She,"一个梦想是吃遍中国乃至世界美食的潮州小土著！！😋
持续分享好吃的小店跟游玩攻略（目前大部份是潮汕）
拍视频只是爱好！！都是真实分享！！😘
日常vlog ：@我是真的皮啊 
咨询或进美食群可➕🛰️：a13160620670",11307,208442,,,1,,,,"[""https://p3-pc-sign.douyinpic.com/obj/c8510002be9a3a61aad2?lk3s=138a59ce&x-expires=1779544800&x-signature=YGr5Ss%2FmqG7LjX84cMemX4icfUU%3D&from=327834062""]",,,
430d109d-f5c7-fa5a-91de-5a8a346f6607,2026-05-09 22:10:59.790254,,,,,我的,,,,,,,,,,,,,
4178589993151200,2026-05-09 22:11:03.476871,,MS4wLjABAAAA92PH_RCAHvvq4fHsX3cqTIt9BGtEMNAr_LIUlhweKk8yGvtkjjbed9aILZ56U4rp,JUNJ001,80470312834,海岛兄弟阿宏,"环球赶海进行中🌏
带上锅实现全球海鲜自由🐟
星图商务FOXJUN11（备注来意）",865158,8485175,,,1,,,,"[""https://p3-pc-sign.douyinpic.com/obj/c8510002be9a3a61aad2?lk3s=138a59ce&x-expires=1779544800&x-signature=YGr5Ss%2FmqG7LjX84cMemX4icfUU%3D&from=327834062""]",,,
4290747684372624,2026-05-09 22:11:08.918991,,MS4wLjABAAAAC4z8wQMY4FxX-CsAD_wPTiNCCNC3Our8kAJGkGPYmtqdC8vW8xyv6CeWs04zoCwa,XH68876609,32665257881,仙鹤三角洲,"支持抖音正能量   老贝榨代言人
  直播平台在隔壁黄色📷
自家保镖小程序🔎:  @鹤仙电竞 
哈佛币换米🐧：1078586838
（考核🐧群）：253259067
企鹅：431462570（榨菜学校）
商务：haohaoail",891739,5103978,,,1,,,,"[""https://p3-pc-sign.douyinpic.com/obj/c8510002be9a3a61aad2?lk3s=138a59ce&x-expires=1779544800&x-signature=YGr5Ss%2FmqG7LjX84cMemX4icfUU%3D&from=327834062""]",,,
79005264019,2026-05-09 22:11:13.453174,,MS4wLjABAAAAicvDp0ZTRH4byEZy94to1ADa8f7mUG893ofEZtLABo4,hl807619131,833274796,假老练万喜,"☞四川版猫和老鼠假老练配音万喜
☞假老练工作号@假老练新车  
☞风车车配音者@风车车桔子 
☞ 商务合作:Wanxigege333
☞假老练语音导航在高德地图以上线",662698,7422618,,,1,,,,"[""https://p3-pc-sign.douyinpic.com/obj/c8510002be9a3a61aad2?lk3s=138a59ce&x-expires=1779544800&x-signature=YGr5Ss%2FmqG7LjX84cMemX4icfUU%3D&from=327834062""]",,,
7599934593777501243,2026-05-09 22:11:27.241700,,MS4wLjABAAAAoF3mrUy_DGGH-FVghyw4c6XvqputB86mcmZLe2gv4jERSpK9Te6KvXD7KmNWShFd,39197408131,39197408131,百态车史,"钟情一台车，就深挖它的细节
杜绝洗稿抄袭，不做劣质搬运
百态车圈史，每天聊一段，让你看车不迷路",28269,278316,,,1,,,,"[""https://p3-pc-sign.douyinpic.com/obj/c8510002be9a3a61aad2?lk3s=138a59ce&x-expires=1779544800&x-signature=YGr5Ss%2FmqG7LjX84cMemX4icfUU%3D&from=327834062""]",,,
d3fc28fb-550c-4223-ed07-b9a340b44f80,2026-05-09 22:11:31.685266,,,,,我的,,,,,,,,,,,,,
d3fc28fb-550c-4223-ed07-b9a340b44f80,2026-05-09 22:11:34.595569,,,,,我的,,,,,,,,,,,,,
2605199070084427,2026-05-09 22:11:37.111981,,MS4wLjABAAAAVjM1Rt6eB-0dLazAI5DpCjfimU2-IAcYF0VC82bNHyLoXPj_AWXBd9VeZ1FsNjcR,93290246123,93290246123,粤语怀旧精选,"✨正版粤语经典合集下方⬇️橱窗有售
💗需要其他➕V➡️YYG2268
只有一个账号，其他撕💌都是骗子，大家请勿上当🚫
❌未经允许 搬运必究❌",166041,742803,,,1,,,,"[""https://p3-pc-sign.douyinpic.com/obj/c8510002be9a3a61aad2?lk3s=138a59ce&x-expires=1779544800&x-signature=YGr5Ss%2FmqG7LjX84cMemX4icfUU%3D&from=327834062""]",,,
d3fc28fb-550c-4223-ed07-b9a340b44f80,2026-05-09 22:11:40.663213,,,,,我的,,,,,,,,,,,,,
2084275896457597,2026-05-09 22:11:43.613983,,MS4wLjABAAAAUrCU2Ydy8t2PqRjl_ljr6OsX6LfqAmJGCaNDxmGkcvlSufli1TyP7dwRe-MFlfWr,WEIJING2678,3503049076,乒乓吕教练🏓️,"🏅前山东鲁能乒乓球运动员，国家一级运动员；
🎗️前张本智和教练，专注于乒乓球教学；
🏓️合作商务：🛰️z4413161",324216,2504128,,,1,,,,"[""https://p9-pc-sign.douyinpic.com/obj/c8510002be9a3a61aad2?lk3s=138a59ce&x-expires=1779544800&x-signature=GjtdeJ5vtievZ4V846YAZ85j6TA%3D&from=327834062""]",,,
2786634883406123,2026-05-09 22:11:51.929963,,MS4wLjABAAAAZhPbmyIopmMpOGnD-Ek8o6tazDJJuuOqAhyTbr6sP3Hl-DdCSohioTX1shgYMm6J,73628238393,73628238393,动漫老撕机,"一个带你看透动漫的老司机！🚗💨
不讲流水账，只挖细节和伏笔！
你想看的深度解析这里都有！
关注我，看懂动漫不迷路！",286660,4435915,,,1,,,,"[""https://p3-pc-sign.douyinpic.com/obj/c8510002be9a3a61aad2?lk3s=138a59ce&x-expires=1779544800&x-signature=YGr5Ss%2FmqG7LjX84cMemX4icfUU%3D&from=327834062""]",,,
3544464185902543,2026-05-09 22:12:09.127846,,MS4wLjABAAAAWTpBdd3PphuE6i4SGakQIQKavKEWArxy73y8uqP0on3POooZ-RZMrwsZ1Jyutspa,dyzly2tfk3cp,3680332427,美乐,,98583,9543128,,,1,,,,"[""https://p9-pc-sign.douyinpic.com/obj/c8510002be9a3a61aad2?lk3s=138a59ce&x-expires=1779544800&x-signature=GjtdeJ5vtievZ4V846YAZ85j6TA%3D&from=327834062""]",,,
102291736165,2026-05-09 22:12:15.888079,,MS4wLjABAAAAuNU3iTv0LSSGQvypx6RJK1NFrzNs8OdvcU3hXqjV_fQ,,1218507947,小魏huhu,"看起来高冷的碎碎念学姐🎓
双胞胎@魏什么 小跟班@吃肉会胖 
164/42 🧣&📕小魏huhu
啵啵问题👉@小魏小助理（周六日回复慢） 
广告🈴Nye--CHD
直播🈴lxt001206",1011227,30556813,,,1,,,,"[""https://p3-pc-sign.douyinpic.com/obj/c8510002be9a3a61aad2?lk3s=138a59ce&x-expires=1779544800&x-signature=YGr5Ss%2FmqG7LjX84cMemX4icfUU%3D&from=327834062""]",,,
4339136622244458,2026-05-09 22:12:20.090536,,MS4wLjABAAAArmFRSXgjhoty4cW7cRZfG3o-3N0rml5Yx0ggp-YvFcT0_gqyZ43uDmQJWKS466e_,96646253471,96646253471,726,,847,116186,,,1,,,,"[""https://p3-pc-sign.douyinpic.com/obj/c8510002be9a3a61aad2?lk3s=138a59ce&x-expires=1779544800&x-signature=YGr5Ss%2FmqG7LjX84cMemX4icfUU%3D&from=327834062""]",,,
430d109d-f5c7-fa5a-91de-5a8a346f6607,2026-05-09 22:12:28.839209,,,,,我的,,,,,,,,,,,,,
99642805072,2026-05-09 22:12:31.551125,,MS4wLjABAAAAAvpMPdwz9rhcv4T6NrQ4FkST4igzqDZRxMqEfu7UEzs,,1164229715,挽心♡（小深情～）,"周深相关图频📷
禁抹水印二传
宣传用途视频请！自！取！💙",10878,962915,,,1,,,,"[""https://p3-pc-sign.douyinpic.com/obj/c8510002be9a3a61aad2?lk3s=138a59ce&x-expires=1779544800&x-signature=YGr5Ss%2FmqG7LjX84cMemX4icfUU%3D&from=327834062""]",,,
96953641757,2026-05-09 22:12:39.208831,,MS4wLjABAAAAPaH9uuu4tw0m2UgPI7ixAD-wQt6dCr8m35vMZjfhshI,liu2000410,831641815,白蘭,"🎬挖掘球星故事
🎬讲述篮球人生
🎬没有天赋那就持续努力
🎬感谢大家的关注与支持",37408,1017869,,,1,,,,"[""https://p3-pc-sign.douyinpic.com/obj/c8510002be9a3a61aad2?lk3s=138a59ce&x-expires=1779544800&x-signature=YGr5Ss%2FmqG7LjX84cMemX4icfUU%3D&from=327834062""]",,,
2518346399230276,2026-05-09 22:12:52.884876,,MS4wLjABAAAAUTMzbNq6sJSzQYlW8zSLySUDyi-gRUdJXbNCe1z7tfepcEAY7byL5OujX5u7Xc89,2023101ghost,20239664835,饺子WTF,"全网最宠粉丝的主包300：277.8% @_stewie
汽水音乐/抖音精选可后台听🈴:L2982125838（备注来意）
需要访客和电子签名可以在视频下评论（看到都会回复）
网易☁️（播客）：饺子WTF",2788139,131232132,,,2,,,,"[""https://p3-pc-sign.douyinpic.com/obj/c8510002be9a3a61aad2?lk3s=138a59ce&x-expires=1779544800&x-signature=YGr5Ss%2FmqG7LjX84cMemX4icfUU%3D&from=327834062""]",,,
66308977407,2026-05-09 22:13:02.293199,,MS4wLjABAAAAC2EabF7FgvbK313oT_-eh-4pYIJSJ6skWTb9sEGETY4,yx0160,59042906,上门女婿,"常用工具都在左下角橱窗
推荐跟喜欢列表为结果呈现选曲场（顺便提升下抵抗力）
技术交流进左下角群聊
平时忙私信抱歉不能每条回复
应聘➕🛰ws1041934371（私人号）
同行交流➕🛰ws10419343711（工作号）
作品均为现场实操 
同频号@苏晓  （精神状态回拉）
各平台统一名称@DL江林 📕✋🦋
喜欢的达人：@☁️云biu（期末战斗中） 
喜欢的达人：@杰瑞的杰·杰伦的伦 
在路上 终会登顶",124817,1407147,,,1,,,,"[""https://p3-pc-sign.douyinpic.com/obj/c8510002be9a3a61aad2?lk3s=138a59ce&x-expires=1779544800&x-signature=YGr5Ss%2FmqG7LjX84cMemX4icfUU%3D&from=327834062""]",,,
84328556630,2026-05-09 22:13:11.094194,,MS4wLjABAAAAgiulsWObrJhvwfRN5m3NoXdzP2mEmxFBV0n0pft59Cg,hair2014,865737914,物语百科,"从微观世界到浩瀚宇宙
从坊间传闻到史书所载
这个世界总有你不知道的秘密
关注我，带你揭秘未知的真相",382959,1331980,,,1,,,,"[""https://p3-pc-sign.douyinpic.com/obj/c8510002be9a3a61aad2?lk3s=138a59ce&x-expires=1779544800&x-signature=YGr5Ss%2FmqG7LjX84cMemX4icfUU%3D&from=327834062""]",,,
430d109d-f5c7-fa5a-91de-5a8a346f6607,2026-05-09 22:13:14.678403,,,,,我的,,,,,,,,,,,,,
7475713667725870138,2026-05-09 22:13:18.387753,,MS4wLjABAAAASqxPwzv6i3PBaxeUi_oIhdWA-jH8WFBuIcLzxnVivQsOv3zYgLUqdS7GU7-sRBFs,73005466805,73005466805,奕口吨吨吨,"💌千人千味 | 测评仅代表个人口味哦
⚠️评分5⭐满分‼️觉得好吃的会放橱窗
非专业测评 有说的不对或者不好的地方 欢迎评论区指正
日常、穿搭链接、乱七八糟、揪🎁@奕口克 
群里不定期抽🎁～欢迎大家进群玩
周四、周五、周六晚上9点直播",32354,550848,,,1,,,,"[""https://p3-pc-sign.douyinpic.com/obj/c8510002be9a3a61aad2?lk3s=138a59ce&x-expires=1779544800&x-signature=YGr5Ss%2FmqG7LjX84cMemX4icfUU%3D&from=327834062""]",,,
100164937198,2026-05-09 22:13:24.925087,,MS4wLjABAAAAth1b7EZwmIY-eIziRGa6NuiEvPfok9MU8_uRVhZ_nMs,lgw_dd88,2841138866,我梦,,82310,1931770,,,1,,,,"[""https://p3-pc-sign.douyinpic.com/obj/c8510002be9a3a61aad2?lk3s=138a59ce&x-expires=1779544800&x-signature=YGr5Ss%2FmqG7LjX84cMemX4icfUU%3D&from=327834062""]",,,
430d109d-f5c7-fa5a-91de-5a8a346f6607,2026-05-09 22:13:39.359183,,,,,我的,,,,,,,,,,,,,
3906999689688868,2026-05-09 22:13:43.468005,,MS4wLjABAAAAgqEGNp0K6rta2opmgcbotm7hNNDl1iylQfgjBxnPBCxLEBJhPd8VNF0YlFonYlDa,41681061945,41681061945,微尘·星,"暗区性价比 特惠顶护🛰️🔍：凌小阳电竞
仓库破产认准：@凌小阳电竞 
knb换馒头@暗区西湖商行 
性价比起装🛰️🔍：羚羊暗区起装
打压全网起装：@羚羊暗区起装 
灵感来源：@柒零（暗区突围） 
商务合作：GGBCSBN
第二人格@暗区突围凌阴",597161,11708780,,,1,,,,"[""https://p3-pc-sign.douyinpic.com/obj/c8510002be9a3a61aad2?lk3s=138a59ce&x-expires=1779544800&x-signature=YGr5Ss%2FmqG7LjX84cMemX4icfUU%3D&from=327834062""]",,,
3457337444548206,2026-05-09 22:13:51.472319,,MS4wLjABAAAA2ld769_Ii2A21yHG7gYcJwfwP5BOTQUID4FznDUjGdUjWnkRFL2ffPVi7kcbHxKj,70006852998,70006852998,war,"总有一天你会发现，这个世界什么都是假的
而你，却认真看一辈子",114254,1693424,,,1,,,,"[""https://p3-pc-sign.douyinpic.com/obj/c8510002be9a3a61aad2?lk3s=138a59ce&x-expires=1779544800&x-signature=YGr5Ss%2FmqG7LjX84cMemX4icfUU%3D&from=327834062""]",,,
105887391427,2026-05-09 22:14:06.282362,,MS4wLjABAAAAXZEuPhRoCl3VjJnCMQwZsKdtW9kVH1Mvbp5VK2mW2Ts,,1687789461,有限无边,"当下不杂，生出智慧
🛰️yxwb2014",97414,2106665,,,1,,,,"[""https://p3-pc-sign.douyinpic.com/obj/c8510002be9a3a61aad2?lk3s=138a59ce&x-expires=1779544800&x-signature=YGr5Ss%2FmqG7LjX84cMemX4icfUU%3D&from=327834062""]",,,
52277576-d1e2-4ecf-de9c-c91c4fbe97d9,2026-05-09 22:14:15.779284,,,,,我的,,,,,,,,,,,,,
104936723900,2026-05-09 22:14:18.223383,,MS4wLjABAAAA0-SuVe-G136ym2vQ35xQeSbJZJwW3TR02Qxhi227lg0,,2174511302,揣着大斌逮着谁都捅一下,"每天更新国外各种赶海
99乳山生蚝十斤：guanzhuxiaoni",346835,599963,,,1,,,,"[""https://p3-pc-sign.douyinpic.com/obj/c8510002be9a3a61aad2?lk3s=138a59ce&x-expires=1779544800&x-signature=YGr5Ss%2FmqG7LjX84cMemX4icfUU%3D&from=327834062""]",,,
957023094056852,2026-05-09 22:14:25.045122,,MS4wLjABAAAA7KXBy3Qgz62nfbdkIquPD5kVCiRFTrtLFTS2eSvoe4A,98400620249,98400620249,叶鑫宏,"声音是本人不是AI
语速单纯就是快
日常@海棠一派",568471,6018809,,,1,,,,"[""https://p3-pc-sign.douyinpic.com/obj/c8510002be9a3a61aad2?lk3s=138a59ce&x-expires=1779544800&x-signature=YGr5Ss%2FmqG7LjX84cMemX4icfUU%3D&from=327834062""]",,,
bd8e265a-6fb4-8c2f-15c0-5752549feee0,2026-05-09 22:14:39.537601,,,,,我的,,,,,,,,,,,,,
2694239543363360,2026-05-09 22:14:44.678264,,MS4wLjABAAAAbYJbD5Lk20dPfGznqYa8Lgt65L5-OnbidM9wvG2cuiwPfPz1FVGqSzcx5vDxXxxK,64235164920,64235164920,环球文志,"把不同土壤里的故事
酿成人人能懂的温度。
文化从不是孤岛
是千万条溪流汇成的河。",72938,659763,,,1,,,,"[""https://p9-pc-sign.douyinpic.com/obj/c8510002be9a3a61aad2?lk3s=138a59ce&x-expires=1779544800&x-signature=GjtdeJ5vtievZ4V846YAZ85j6TA%3D&from=327834062""]",,,
430d109d-f5c7-fa5a-91de-5a8a346f6607,2026-05-09 22:14:51.620237,,,,,我的,,,,,,,,,,,,,
3080166853851178,2026-05-09 22:14:54.265587,,MS4wLjABAAAA7wwyH9BRY2AGaNLlJg8HNGKHrrDZBd_P2Asgr9efm4-ozMPfTlD5Oac4s2bPRA6P,yzpp666,23589425482,潘潘唱歌很上头,"（群里拿声乐课）
世另我@潘潘就爱教唱歌（特种兵版） 
毕业于上海音乐学院
乐评人&音乐老师
6年教学经验
你们我罩的，懂？",102582,1868453,,,1,,,,"[""https://p3-pc-sign.douyinpic.com/obj/c8510002be9a3a61aad2?lk3s=138a59ce&x-expires=1779544800&x-signature=YGr5Ss%2FmqG7LjX84cMemX4icfUU%3D&from=327834062""]",,,
7581685767953974309,2026-05-09 22:15:01.443852,,MS4wLjABAAAAjVXGTxBxQsKsz0AqYLTLw1iZMxCHUgY5JT--LkXphQgVSNoSPgbRUgOuU1167cJS,43657794593,43657794593,爱剪张雨琦,被《我们的足球之路》狠狠种草足球！这是网红足球张雨琦的诚意之作，既有大学时光的青涩回忆杀，又能带你感受赛场内外的专属快乐，足球爱好者必冲！@足球张雨琦,3648,23142,,,1,,,,"[""https://p3-pc-sign.douyinpic.com/obj/c8510002be9a3a61aad2?lk3s=138a59ce&x-expires=1779544800&x-signature=YGr5Ss%2FmqG7LjX84cMemX4icfUU%3D&from=327834062""]",,,
430d109d-f5c7-fa5a-91de-5a8a346f6607,2026-05-09 22:15:10.979507,,,,,我的,,,,,,,,,,,,,
430d109d-f5c7-fa5a-91de-5a8a346f6607,2026-05-09 22:15:12.954754,,,,,我的,,,,,,,,,,,,,
2988886390744347,2026-05-09 22:15:15.262638,,MS4wLjABAAAA7SQqVx98Ub6V8Sesuy93I_NtXaw01B1UCQ7fMGY2--RJNiP1PoBoWz9ZFu6fNYV-,23600418223,23600418223,猛男小王（印度修仙中）,"📷用不同的视角记录世界📷
🩷人生不过三万天，勇敢的做自己
💡视频仅供娱乐，大家要树立正确价值观
🌍合：ryu968 （备注来意）",14287,140476,,,1,,,,"[""https://p3-pc-sign.douyinpic.com/obj/c8510002be9a3a61aad2?lk3s=138a59ce&x-expires=1779544800&x-signature=YGr5Ss%2FmqG7LjX84cMemX4icfUU%3D&from=327834062""]",,,
188708457559943,2026-05-09 22:15:21.723248,,MS4wLjABAAAAJLg-vCqgqzzPgOgDLMsxx9T08zK29Cm9FUsIhuRtjho,dyf850aqmtcq,2954012760,军shi说,军事历史，不一样的感知，一样的震撼的史诗,333563,2476644,,,1,,,,"[""https://p3-pc-sign.douyinpic.com/obj/c8510002be9a3a61aad2?lk3s=138a59ce&x-expires=1779544800&x-signature=YGr5Ss%2FmqG7LjX84cMemX4icfUU%3D&from=327834062""]",,,
430d109d-f5c7-fa5a-91de-5a8a346f6607,2026-05-09 22:15:27.618879,,,,,我的,,,,,,,,,,,,,
430d109d-f5c7-fa5a-91de-5a8a346f6607,2026-05-09 22:15:29.812015,,,,,我的,,,,,,,,,,,,,
100715124285,2026-05-09 22:15:33.236372,,MS4wLjABAAAA0jY6QHr6F8Kr2SQkPQuL6YEEpDpkqdkqCjn0gI_f8p8,,1090702533,傻狗,"医疗软件和科研从业者
AI工具重度使用者
还有一只4岁的白色豆柴：唐唐
所有发布歌曲都是原创",55589,412356,,,1,,,,"[""https://p3-pc-sign.douyinpic.com/obj/c8510002be9a3a61aad2?lk3s=138a59ce&x-expires=1779544800&x-signature=YGr5Ss%2FmqG7LjX84cMemX4icfUU%3D&from=327834062""]",,,
86210598670620,2026-05-09 22:15:39.106435,,MS4wLjABAAAA4ScY_3fwU1oOipT6pGXPhjeAmbUUci_tT9PHEO8uK1w,82677180453,82677180453,雨中漫步,"⚽️让我们一起走进足球，去领略足球的魅力！
⚽️合作🤝：w89794528",98666,2094274,,,1,,,,"[""https://p3-pc-sign.douyinpic.com/obj/c8510002be9a3a61aad2?lk3s=138a59ce&x-expires=1779544800&x-signature=YGr5Ss%2FmqG7LjX84cMemX4icfUU%3D&from=327834062""]",,,
430d109d-f5c7-fa5a-91de-5a8a346f6607,2026-05-09 22:15:45.710766,,,,,我的,,,,,,,,,,,,,
430d109d-f5c7-fa5a-91de-5a8a346f6607,2026-05-09 22:15:48.542293,,,,,我的,,,,,,,,,,,,,
430d109d-f5c7-fa5a-91de-5a8a346f6607,2026-05-09 22:15:50.596310,,,,,我的,,,,,,,,,,,,,
430d109d-f5c7-fa5a-91de-5a8a346f6607,2026-05-09 22:15:52.947080,,,,,我的,,,,,,,,,,,,,
97833217796,2026-05-09 22:15:55.147993,,MS4wLjABAAAAS1xhRWblMMZ0u7Ll1j2osddu4MosCZS0OJFHFgii47w,,884327218,小c,"大家好，我是食在四川，味在自贡的一个小小厨师
自贡唯一一个跟肛肠科合作的战略伙伴 
烧烤冷吃盐帮菜不懂的可以随时问我，我会一一回复",218407,1107505,,,1,,,,"[""https://p3-pc-sign.douyinpic.com/obj/c8510002be9a3a61aad2?lk3s=138a59ce&x-expires=1779544800&x-signature=YGr5Ss%2FmqG7LjX84cMemX4icfUU%3D&from=327834062""]",,,
88381842003680,2026-05-09 22:16:03.093565,,MS4wLjABAAAA4CNr7VaZgm1yEodz7zm7OvNVqQB71pC_w3V47ktt_io,42974774077,42974774077,淳于,风禾起，食味长;                                                                                   解锁古代饮食里的烟火食事，每一口都是文明的印记,37883,372683,,,1,,,,"[""https://p3-pc-sign.douyinpic.com/obj/c8510002be9a3a61aad2?lk3s=138a59ce&x-expires=1779544800&x-signature=YGr5Ss%2FmqG7LjX84cMemX4icfUU%3D&from=327834062""]",,,
430d109d-f5c7-fa5a-91de-5a8a346f6607,2026-05-09 22:16:16.664886,,,,,我的,,,,,,,,,,,,,
2546070297255019,2026-05-09 22:16:39.646598,,MS4wLjABAAAApdpVdufOHX6WmXtHvPJnw7J18QsDrKiClGYmDtCVo5gzJk1XtrxOcDf3CD_s-8l8,LX3097147054,3582169191,睡不着,"🧐真诚利他  清醒坚定
☝一个可以帮你实现自由的博主
🔴原创内容 请勿抄袭",33918,702816,,,1,,,,"[""https://p3-pc-sign.douyinpic.com/obj/c8510002be9a3a61aad2?lk3s=138a59ce&x-expires=1779544800&x-signature=YGr5Ss%2FmqG7LjX84cMemX4icfUU%3D&from=327834062""]",,,
925115087601114,2026-05-09 22:16:47.927325,,MS4wLjABAAAAAFsSuiawrdgix1atHeKeYUazSP1T2qWWQBxuC83j_a8,91182690659,91182690659,茜茜游西安✨,"👶私人纯玩定制｜家庭.情侣.亲子.小包团
🎉精品小团｜一日游｜景点门票
❌不要相信除茜茜以外的任何人📩奥，以防受骗!",2007,56620,,,1,,,,"[""https://p3-pc-sign.douyinpic.com/obj/c8510002be9a3a61aad2?lk3s=138a59ce&x-expires=1779544800&x-signature=YGr5Ss%2FmqG7LjX84cMemX4icfUU%3D&from=327834062""]",,,
430d109d-f5c7-fa5a-91de-5a8a346f6607,2026-05-09 22:16:53.055965,,,,,我的,,,,,,,,,,,,,
430d109d-f5c7-fa5a-91de-5a8a346f6607,2026-05-09 22:16:55.122066,,,,,我的,,,,,,,,,,,,,
2929539177000164,2026-05-09 22:16:57.026127,,MS4wLjABAAAAzEBAYLHmmzsp-isJa_C2JvbqOliYwClxGXg1JXW1rNFiA3WaEm0ZnjmKsyRO4dLW,mwzt2022,56072247464,科幻真探,"正在更X战警系列
主页发布的就是漫威观影顺序
—————————————————
励志做不一样的解析",1640321,31437329,,,1,,,,"[""https://p3-pc-sign.douyinpic.com/obj/c8510002be9a3a61aad2?lk3s=138a59ce&x-expires=1779544800&x-signature=YGr5Ss%2FmqG7LjX84cMemX4icfUU%3D&from=327834062""]",,,
430d109d-f5c7-fa5a-91de-5a8a346f6607,2026-05-09 22:17:04.184704,,,,,我的,,,,,,,,,,,,,
430d109d-f5c7-fa5a-91de-5a8a346f6607,2026-05-09 22:17:08.343028,,,,,我的,,,,,,,,,,,,,
100061957495,2026-05-09 22:17:10.582794,,MS4wLjABAAAAtfJeodbu5kcvsiGuCbJPAbDPg5AwUZ9Fw0HETWfztgQ,bubaichi892,2293080463,我是不白吃,"我是不白吃，我真是太有文化了
来不白吃的家玩儿吧@不白吃有文化中心 
—— ——
售后一进入店铺联系客服
⭐私信转账退款都是骗子不要信!⭐
—— ——
不白吃VX: woshibubaichi01
短视频商务合作: bubaifamily",26329893,719511456,,,1,,,,"[""https://p3-pc-sign.douyinpic.com/obj/c8510002be9a3a61aad2?lk3s=138a59ce&x-expires=1779544800&x-signature=YGr5Ss%2FmqG7LjX84cMemX4icfUU%3D&from=327834062""]",,,
100061957495,2026-05-09 22:17:17.495600,,MS4wLjABAAAAtfJeodbu5kcvsiGuCbJPAbDPg5AwUZ9Fw0HETWfztgQ,bubaichi892,2293080463,我是不白吃,"我是不白吃，我真是太有文化了
来不白吃的家玩儿吧@不白吃有文化中心 
—— ——
售后一进入店铺联系客服
⭐私信转账退款都是骗子不要信!⭐
—— ——
不白吃VX: woshibubaichi01
短视频商务合作: bubaifamily",26329890,719511168,,,1,,,,"[""https://p3-pc-sign.douyinpic.com/obj/c8510002be9a3a61aad2?lk3s=138a59ce&x-expires=1779544800&x-signature=YGr5Ss%2FmqG7LjX84cMemX4icfUU%3D&from=327834062""]",,,
2409776961584107,2026-05-09 22:17:31.157398,,MS4wLjABAAAA2vVMm1uILu2eMtO7lBTT3XP2dxlRmnM5tLGbyByYzFLIeJrPsL6xrpPi7gxHE3Lj,zhusan18,3982048973,朱三的勺,"这个男人有很多包子饺子馅料配方
每日1-2更
禾rmb3968w（备注来意）",219019,1275210,,,1,,,,"[""https://p9-pc-sign.douyinpic.com/obj/c8510002be9a3a61aad2?lk3s=138a59ce&x-expires=1779544800&x-signature=GjtdeJ5vtievZ4V846YAZ85j6TA%3D&from=327834062""]",,,
2229419398932316,2026-05-09 22:17:39.591552,,MS4wLjABAAAAcCwe8D6q9p-9Dj2dGW-ASX1ypyzarM4UUuOgZJwQGA6U9bJRGN439gNOS28J4QPM,nuomiwanzi521,3654869108,蔡囧蛋,给你不一样的游戏剧情，一个认真玩游戏做视频的蔡蔡，希望能给喜欢我的小伙伴带来快乐，这么可爱快来关注哦！！,648810,3035923,,,1,,,,"[""https://p3-pc-sign.douyinpic.com/obj/c8510002be9a3a61aad2?lk3s=138a59ce&x-expires=1779544800&x-signature=YGr5Ss%2FmqG7LjX84cMemX4icfUU%3D&from=327834062""]",,,
1407009959712039,2026-05-09 22:17:55.135400,,MS4wLjABAAAAyJs_NVpCGw-311Z3gSbpsHTZ3tW_vMHsPxSZ2eHTbIIDidPrvXx11gZ1YTNlesnx,saiboshilu,78845952373,赛博食录,"不止科普，更提供一种观察食物的角度
🈴saiboshilu
📭marketing@huxiu.com",874404,8519197,,,1,,,,"[""https://p3-pc-sign.douyinpic.com/obj/c8510002be9a3a61aad2?lk3s=138a59ce&x-expires=1779544800&x-signature=YGr5Ss%2FmqG7LjX84cMemX4icfUU%3D&from=327834062""]",,,
1999381526492932,2026-05-09 22:18:01.105778,,MS4wLjABAAAAdOiW55Aus5TIo2Oh1Uk_EL-PniKDNYSFgtYlPq2zH80_s7_l6_WVcA47WzSUVkkn,74879260092,74879260092,港澳甄选-港澳游,▲不定时开播推荐，全国目的地旅游优质品牌,12578,41406,,,1,,,,"[""https://p3-pc-sign.douyinpic.com/obj/c8510002be9a3a61aad2?lk3s=138a59ce&x-expires=1779544800&x-signature=YGr5Ss%2FmqG7LjX84cMemX4icfUU%3D&from=327834062""]",,,
102172648991,2026-05-09 22:18:09.292314,,MS4wLjABAAAA3OdXphhu0dX6RU1js5oueONINLT0G75N5x16LFh-Rco,,1207747908,铁旦熊幸福的龟友生活,定居厦门的西安大叔，喜欢画画、健身、养龟的服装设计师，热爱生活和大自然并乐于将美好感受分享给喜欢的朋友们，每周末更新视频，周六晚八点直播（非商家没有卖龟，有合作上星图）,186986,1589201,,,1,,,,"[""https://p3-pc-sign.douyinpic.com/obj/c8510002be9a3a61aad2?lk3s=138a59ce&x-expires=1779544800&x-signature=YGr5Ss%2FmqG7LjX84cMemX4icfUU%3D&from=327834062""]",,,
1935589586777072,2026-05-09 22:18:22.934116,,MS4wLjABAAAA-Ym9Ps8LAAJV_uad8w4qAFgvXxZNMRg7wU7ui_GWmFK368Ea-z3Oy6ZgLSw2M3Nh,HB11163,4196613064,何冰冰🧊,"《恋爱记录片》
恋爱怎么会和谁谈都一样呢 记录每段恋爱的点滴希望能触动你
粉丝破30万就拍一个时长两个半小时的😇
视频横屏观看会有更好的体验感哦 🫶
星图: BWZ-NO1",67216,990801,,,1,,,,"[""https://p3-pc-sign.douyinpic.com/obj/c8510002be9a3a61aad2?lk3s=138a59ce&x-expires=1779544800&x-signature=YGr5Ss%2FmqG7LjX84cMemX4icfUU%3D&from=327834062""]",,,
2199494924447015,2026-05-09 22:18:31.004779,,MS4wLjABAAAA7o4nfWf6YhmTtf0nPXU3qQqMiNwqdaJyP9Al-oPnegR4_XkSN7udMiPGWZuZjDDU,zhuwangyunxiao,97687795217,瞩望云霄,唯一官方合作账号：z185632800,6729191,61097403,,,1,,,,"[""https://p3-pc-sign.douyinpic.com/obj/c8510002be9a3a61aad2?lk3s=138a59ce&x-expires=1779544800&x-signature=YGr5Ss%2FmqG7LjX84cMemX4icfUU%3D&from=327834062""]",,,
820fed04-7128-867b-8347-1a85381eb124,2026-05-09 22:18:39.794938,,,,,我的,,,,,,,,,,,,,
3026288407222455,2026-05-09 22:18:43.246186,,MS4wLjABAAAA5cKJl3WoMyWixaeagHkLRPaDa7oXixDnKslqxTntOjK2FffEjgebPTvQWYb4MdBP,76426369430,76426369430,小旋宝宝,"对独生嘴好一点怎么了❓
七情六欲只剩食欲🤤🍜
💁🏻‍♀️深夜食堂感谢您的关注
（欢迎爱美食的拍摄后期加入）",215065,1745616,,,1,,,,"[""https://p3-pc-sign.douyinpic.com/obj/c8510002be9a3a61aad2?lk3s=138a59ce&x-expires=1779544800&x-signature=YGr5Ss%2FmqG7LjX84cMemX4icfUU%3D&from=327834062""]",,,
1185686246142521,2026-05-09 22:18:51.387876,,MS4wLjABAAAAUjWSGH7FpkGnSi0YA7WOdGM24nngtIUFXTgWfp7JbYMJ4WSgL3Z0z_vzRyY0sIDo,86593369966,86593369966,Ghostar-魔星队长,"睡不醒的太阳在失眠
@黄霄雲(2025宇宙无敌号巡演版)",757,22018,,,1,,,,"[""https://p3-pc-sign.douyinpic.com/obj/c8510002be9a3a61aad2?lk3s=138a59ce&x-expires=1779544800&x-signature=YGr5Ss%2FmqG7LjX84cMemX4icfUU%3D&from=327834062""]",,,
820fed04-7128-867b-8347-1a85381eb124,2026-05-09 22:18:54.982616,,,,,我的,,,,,,,,,,,,,
7418138438963037242,2026-05-09 22:18:57.030253,,MS4wLjABAAAAb4VS2LgdVTgVROnJh6HUMZQM7I8VMyTPuZen5-mJsiJT0ml2hcIj43l6_CbVOTJf,82243286785,82243286785,星Lu-Tang.,"🎧〖livehouse|混响〗身临其境
🎵推/🈴作：Xlt_cx692（备注来意）
🐧/🕸️1☁️/q💦【歌单】:星Lu-Tang.  bz:星Lu棠
🎶另一个我：@Cx.L 
☁️【播客】：Cx.L",115336,5592074,,,1,,,,"[""https://p3-pc-sign.douyinpic.com/obj/c8510002be9a3a61aad2?lk3s=138a59ce&x-expires=1779544800&x-signature=YGr5Ss%2FmqG7LjX84cMemX4icfUU%3D&from=327834062""]",,,
4296509547357255,2026-05-09 22:19:04.172144,,MS4wLjABAAAAP9FRi2eEz6sZw7cIT7PH2SlnnBeXjHuwgUsVy8EsAI-cTvevvv012rS8VmoJ_RjR,babeb67284,2283663466,阿里北杯,"开心快乐每一天～
alibae888@163.com
安静版：@好爱吃薯条 
幸运儿查收：@米家军一把手 
ig：alibaebie",4575419,163347164,,,1,,,,"[""https://p3-pc-sign.douyinpic.com/obj/c8510002be9a3a61aad2?lk3s=138a59ce&x-expires=1779544800&x-signature=YGr5Ss%2FmqG7LjX84cMemX4icfUU%3D&from=327834062""]",,,
820fed04-7128-867b-8347-1a85381eb124,2026-05-09 22:19:10.159538,,,,,我的,,,,,,,,,,,,,
95758601431,2026-05-09 22:19:12.549947,,MS4wLjABAAAA-CgPAh6HTlnkZxNcCat0bQgTqwpKPEqUXAuS2w5Xw6g,abuchandefenggu,1497487999,阿布禅,"全网最尊重路易十六的博主（已签独家 不接其他平台的邀请）
主页有粉丝群 喜欢可以加一下",98249,2773376,,,1,,,,"[""https://p9-pc-sign.douyinpic.com/obj/c8510002be9a3a61aad2?lk3s=138a59ce&x-expires=1779544800&x-signature=GjtdeJ5vtievZ4V846YAZ85j6TA%3D&from=327834062""]",,,
2436943466475070,2026-05-09 22:19:25.430861,,MS4wLjABAAAAYFU1mG6pDtBZTH6S3mWaHr8WNwOSEk9VnQ2qLGaf9I0tc6Uwqpx-5UtLW_WZ5QyH,27487529576,27487529576,唐老鸭！,"166.103｜腰围69臀围90！肩宽40  ！（❤️极简主义）
原相机无滤镜无美颜（做真实的自己）大骨架
抖服测评 推荐的都挂在橱窗里！
网红店测评就是一个店铺！
合：yhp1428331214",15591,136645,,,1,,,,"[""https://p3-pc-sign.douyinpic.com/obj/c8510002be9a3a61aad2?lk3s=138a59ce&x-expires=1779544800&x-signature=YGr5Ss%2FmqG7LjX84cMemX4icfUU%3D&from=327834062""]",,,
4223683720127691,2026-05-09 22:19:34.546738,,MS4wLjABAAAAKQt_SH-UgFpZ4NksSoPyTtdF4NyO4gLdj-oTRs1S-NvAQdgoJ2jH5vDwBNADxf5o,86696674398,86696674398,倾心之剪,拒绝浮光掠影，专注深度解说。,5955,70821,,,1,,,,"[""https://p3-pc-sign.douyinpic.com/obj/c8510002be9a3a61aad2?lk3s=138a59ce&x-expires=1779544800&x-signature=YGr5Ss%2FmqG7LjX84cMemX4icfUU%3D&from=327834062""]",,,
75374740692,2026-05-09 22:19:38.603140,,MS4wLjABAAAA_JvH_sNbzUmQQAOy7TcC8LM5hbv_KbUZYD0rCaMbxRs,,164571237,飞蓝海舰,"99年的我们在相爱的第7️⃣年，决定把生活搬进房车里(/^▽^)/，开启我们俩人一咪的旅居生活
女生时小柳🥰➡男生赵大崽🥳
房车大發糕🚞➡猫猫咪小發🐱",8694,44318,,,1,,,,"[""https://p3-pc-sign.douyinpic.com/obj/c8510002be9a3a61aad2?lk3s=138a59ce&x-expires=1779544800&x-signature=YGr5Ss%2FmqG7LjX84cMemX4icfUU%3D&from=327834062""]",,,
99013554107,2026-05-09 22:19:46.915826,,MS4wLjABAAAAgVjML6kDJq49pR6OHbvr3pqxFkMurGlACrTG3LCF_qw,,2077143931,济南宏贝君食品有限公司,"济南宏贝君有限公司20余年专注米线，朝鲜面生产、最近新增牛筋面，玉米面，宽面，荞麦冷面。25年强势推出""糯丫粉""让入行小白轻松与周边同行老店竞争。本公司非常注重产品质量、原材料的高品质。把最完美的产品交付给各位老板。""全心全意宏贝君，美食美刻米线情""",24811,191185,,,1,,济南宏贝君食品有限公司,,"[""https://p3-pc-sign.douyinpic.com/obj/c8510002be9a3a61aad2?lk3s=138a59ce&x-expires=1779544800&x-signature=YGr5Ss%2FmqG7LjX84cMemX4icfUU%3D&from=327834062""]",,,
1308864734573082,2026-05-09 22:19:50.067288,,MS4wLjABAAAAuHazFxDK6mnNJc0Z943lUucHe9viMd93qf4oY6tKbkQdqr4H2nNKo6DV0ObNMQAY,83819174807,83819174807,世,"每日更新下饭小剧场蜡笔小新
感谢您的关注⚈₃⚈",77023,2942910,,,1,,,,"[""https://p3-pc-sign.douyinpic.com/obj/c8510002be9a3a61aad2?lk3s=138a59ce&x-expires=1779544800&x-signature=YGr5Ss%2FmqG7LjX84cMemX4icfUU%3D&from=327834062""]",,,
820fed04-7128-867b-8347-1a85381eb124,2026-05-09 22:19:57.780153,,,,,我的,,,,,,,,,,,,,
653526506935198,2026-05-09 22:20:01.679393,,MS4wLjABAAAAgjT3YfjE2a-5rWU_mbX7IC3RYKcnUAbYeG81vrtS3U0,54116236186,54116236186,我球被偷了,"生活大于篮球，但篮球也有温度
想看谁可私信，努力做好人物故事
谢谢每一位关注的朋友🙏",26941,1616812,,,1,,,,"[""https://p3-pc-sign.douyinpic.com/obj/c8510002be9a3a61aad2?lk3s=138a59ce&x-expires=1779544800&x-signature=YGr5Ss%2FmqG7LjX84cMemX4icfUU%3D&from=327834062""]",,,
2359978942281787,2026-05-09 22:20:05.819724,,MS4wLjABAAAAUPk6eDjmKR6wUa2wgM6RHggo6gLnrMWq_HPRYl62CwycUYsfAaA5oe2t3XnU78_1,51252477368,51252477368,大千动物馆,偶尔科普，经常整活,1280602,11648405,,,1,,,,"[""https://p3-pc-sign.douyinpic.com/obj/c8510002be9a3a61aad2?lk3s=138a59ce&x-expires=1779544800&x-signature=YGr5Ss%2FmqG7LjX84cMemX4icfUU%3D&from=327834062""]",,,
800862684066939,2026-05-09 22:20:11.772580,,MS4wLjABAAAAf0z4wmpJDAQwc1GVsuPE67Tpp31B6uQlQzSoAJS5-1w,46552304085,46552304085,苹果大王ovo,狗狗教忠实信徒@Poison,87,52144,,,1,,,,"[""https://p9-pc-sign.douyinpic.com/obj/c8510002be9a3a61aad2?lk3s=138a59ce&x-expires=1779544800&x-signature=GjtdeJ5vtievZ4V846YAZ85j6TA%3D&from=327834062""]",,,
3419920759528676,2026-05-09 22:20:26.723176,,MS4wLjABAAAAL91NFBbtgqTrDPM_BsPvt8O7umJ2eRkJYkuqdFiYWk1rC1G_S8CZNQXaktngXsjF,Zyffzl,81474708206,V,,242,42055,,,1,,,,"[""https://p3-pc-sign.douyinpic.com/obj/c8510002be9a3a61aad2?lk3s=138a59ce&x-expires=1779544800&x-signature=YGr5Ss%2FmqG7LjX84cMemX4icfUU%3D&from=327834062""]",,,
820fed04-7128-867b-8347-1a85381eb124,2026-05-09 22:20:34.091927,,,,,我的,,,,,,,,,,,,,
2559274537199037,2026-05-09 22:20:37.116472,,MS4wLjABAAAAo-WoM4jmnDFMw8VELcKSuDVqCYQsrnxKjWNghqEnvyPdn7NzMFxlUgxzNdLwgFnC,likzjy,45881454030,926,"直播时间：晚上 9 点
找我🥣：llke1225
跑刀/代肝： @超频俱乐部",47281,369678,,,1,,,,"[""https://p9-pc-sign.douyinpic.com/obj/c8510002be9a3a61aad2?lk3s=138a59ce&x-expires=1779544800&x-signature=GjtdeJ5vtievZ4V846YAZ85j6TA%3D&from=327834062""]",,,
334673460333534,2026-05-09 22:20:44.722605,,MS4wLjABAAAABGYZax8v7PcB_uS2a5J1AMgb9M3mHVFX24AhgOxwT4U,TD0538,4132137347,财猫喵呜,"童年是美好的回忆💚💚
分享喜欢点赞关注❤️❤️",85108,368874,,,1,,,,"[""https://p3-pc-sign.douyinpic.com/obj/c8510002be9a3a61aad2?lk3s=138a59ce&x-expires=1779544800&x-signature=YGr5Ss%2FmqG7LjX84cMemX4icfUU%3D&from=327834062""]",,,
84322267321,2026-05-09 22:20:47.399777,,MS4wLjABAAAAHSLKZ0Xk64tBWCEzPdUGS1Gkp7YnQXhUDEQcSbktm-4,rzls6153,2992321191,徐徐道来,抖音知名科幻博主，科幻作家，优质科幻鉴赏家，游戏设计师。商务合作注明来意+V: GameNovelist (不入驻）,297940,4834751,,,1,,,,"[""https://p3-pc-sign.douyinpic.com/obj/c8510002be9a3a61aad2?lk3s=138a59ce&x-expires=1779544800&x-signature=YGr5Ss%2FmqG7LjX84cMemX4icfUU%3D&from=327834062""]",,,
820fed04-7128-867b-8347-1a85381eb124,2026-05-09 22:20:56.600801,,,,,我的,,,,,,,,,,,,,
820fed04-7128-867b-8347-1a85381eb124,2026-05-09 22:20:58.900915,,,,,我的,,,,,,,,,,,,,
74776306742,2026-05-09 22:21:01.214029,,MS4wLjABAAAAF6qrmrp8v9sRFpK6B1yxGQdVPKIOaAcYdHVffVyfTKU,,117464942,甘蕉吉梨罗柚,若无共鸣｜沉默即安,68525,417303,,,1,,,,"[""https://p3-pc-sign.douyinpic.com/obj/c8510002be9a3a61aad2?lk3s=138a59ce&x-expires=1779544800&x-signature=YGr5Ss%2FmqG7LjX84cMemX4icfUU%3D&from=327834062""]",,,
96428030012,2026-05-09 22:21:15.280231,,MS4wLjABAAAAVXMkT_RhK6z6qgm-jij7KruvBS_WX72gtlWJ_0GnOAI,yyy8500,2297961622,小羽ovo（世一李白）,"上⭐陪🥣工作室：yysm2589
接李白大小国标
8年李白老玩家， 国服李白
收徒！收徒！收徒！包教包会李白（不是免费）
打金标一天 小国李白两天半
李白这一块，没有我不懂的",22588,219320,,,1,,,,"[""https://p3-pc-sign.douyinpic.com/obj/c8510002be9a3a61aad2?lk3s=138a59ce&x-expires=1779544800&x-signature=YGr5Ss%2FmqG7LjX84cMemX4icfUU%3D&from=327834062""]",,,
1532048748319529,2026-05-09 22:21:20.603648,,MS4wLjABAAAAPuFZHZhhOPaZShKOw27f7P0-cBLOaRMiJMRE9zhnbusbF6cXrbomWKqLHGKzzZfu,41275586055,41275586055,探索编辑部,"探索未知谜团
以及我们的浩瀚宇宙",123816,1666816,,,1,,,,"[""https://p3-pc-sign.douyinpic.com/obj/c8510002be9a3a61aad2?lk3s=138a59ce&x-expires=1779544800&x-signature=YGr5Ss%2FmqG7LjX84cMemX4icfUU%3D&from=327834062""]",,,
57cb690a-47e3-532e-add6-bbabdf3878ff,2026-05-09 22:21:25.981819,,,,,我的,,,,,,,,,,,,,
3272564297445214,2026-05-09 22:21:28.883156,,MS4wLjABAAAAbmX2kYFT6WL8t31HcSo33OHiFmEyb8ArJxY_09rGBCBBAdmOv-Kmj7ALUpMqYneI,Dydh95278888,68753688586,寻觅人间,"❤️精选纪录片讲解；请勿搬运账号视频，搬运必究；
❤️寻觅人间酸甜苦辣，品味不同人生。",1025536,12876835,,,1,,,,"[""https://p3-pc-sign.douyinpic.com/obj/c8510002be9a3a61aad2?lk3s=138a59ce&x-expires=1779544800&x-signature=YGr5Ss%2FmqG7LjX84cMemX4icfUU%3D&from=327834062""]",,,
1198887761880375,2026-05-09 22:21:32.961838,,MS4wLjABAAAAkGZAybWlJWZvDXZn4dxybc5_XNRjDAK4dN1kfiuEsMqFv_6NjaFKjutu3aZnkvHw,22434671204,22434671204,毛石富,"毛毛&石头
饭搭子：@毛伙记 （分享异常生活和半拉做饭教程）
谁说女朋友不能当哥们儿处？
工作：Ynianzhinenggai1cima",4799291,66610793,,,1,,,,"[""https://p9-pc-sign.douyinpic.com/obj/c8510002be9a3a61aad2?lk3s=138a59ce&x-expires=1779544800&x-signature=GjtdeJ5vtievZ4V846YAZ85j6TA%3D&from=327834062""]",,,
7530296694723511356,2026-05-09 22:21:36.744229,,MS4wLjABAAAAkm-YW7uvOIxuL8JqDEjYrPGRD8CXizhHHCqHLnklMrTcKOb2zSrM9LlKJgcs5_RI,273643873_v,61211390425,大树AI创业圈（新）,"访谈100 位 AI 落地商业的一线实践者｜超级链接者
关注 AI 在真实业务里的落地场景｜AI能落地
企业AI落地（AI培训- AI工具- AI定制解决方案）
咨询合作：nihaodaoshu",44698,152046,,,1,,,,"[""https://p3-pc-sign.douyinpic.com/obj/c8510002be9a3a61aad2?lk3s=138a59ce&x-expires=1779544800&x-signature=YGr5Ss%2FmqG7LjX84cMemX4icfUU%3D&from=327834062""]",,,
3437508029855227,2026-05-09 22:21:45.549618,,MS4wLjABAAAAR1T7St6V1VX3DFMdvD-avlnc3N_X8DEpGdrRwB_rgqgwfXC09e5e_v2QpsNPlsqr,zhenjiedu,60141467106,甄解之读,"🌹吐槽仅评价剧情本身，请勿上升演员本人
🌹点击上方“求更新”会自动推送",339956,9663152,,,1,,,,"[""https://p3-pc-sign.douyinpic.com/obj/c8510002be9a3a61aad2?lk3s=138a59ce&x-expires=1779544800&x-signature=YGr5Ss%2FmqG7LjX84cMemX4icfUU%3D&from=327834062""]",,,
93412293671,2026-05-09 22:21:49.113345,,MS4wLjABAAAAqK_a74QwInMMz65L8BJQ7-fzHfgyECh-0SVuVR2lVZk,,367118515,多多,"视频作品用款尤盘
橱窗下单⬇️⬇️",672549,4652337,,,1,,,,"[""https://p3-pc-sign.douyinpic.com/obj/c8510002be9a3a61aad2?lk3s=138a59ce&x-expires=1779544800&x-signature=YGr5Ss%2FmqG7LjX84cMemX4icfUU%3D&from=327834062""]",,,
58551269218,2026-05-09 22:22:00.138107,,MS4wLjABAAAAOlX8Tf8cfIYTlcivNZ3yAhGMFTKh5AA9zXoHnkKIcKg,,5437662,李蠕蠕,"【无团队 个人小剧场】
❤️ 呐！做人呢，最重要的就是开心啦！
日常：@蠕蠕在旋转跳跃 
商务📮：244890275@qq.com
🧣：李如儒",25531871,663126837,,,1,,,,"[""https://p3-pc-sign.douyinpic.com/obj/c8510002be9a3a61aad2?lk3s=138a59ce&x-expires=1779544800&x-signature=YGr5Ss%2FmqG7LjX84cMemX4icfUU%3D&from=327834062""]",,,
820fed04-7128-867b-8347-1a85381eb124,2026-05-09 22:22:06.953678,,,,,我的,,,,,,,,,,,,,
7460009747736724538,2026-05-09 22:22:10.713020,,MS4wLjABAAAAS232rzqC3wORTk_CZWeNm3MmEKg3KoS5NrBDyXoqeErss7C9PK-JKiktM6jgOSOJ,naiyaaaa,26829448091,奈亚（射手全局精讲）,"🏆做简单易懂的射手教学，感谢关注，对你有帮助就是我的荣幸
⬆️🌟巅峰全英雄标:Naiya328（本人接待）
🏆2w苍全能国服111段射手，专注于做全局精讲，感谢抖音平台
🥳你们的认可就是我创作最大的动力！
😊不接广告不接陪玩不接复盘感谢理解！（没有多余精力了）",135961,2132434,,,1,,,,"[""https://p3-pc-sign.douyinpic.com/obj/c8510002be9a3a61aad2?lk3s=138a59ce&x-expires=1779544800&x-signature=YGr5Ss%2FmqG7LjX84cMemX4icfUU%3D&from=327834062""]",,,
70884188320,2026-05-09 22:22:17.325900,,MS4wLjABAAAA9gYmHnTYaFaipBejsVeUw1i2Z7X8qswG4F7Raw0evO4,,117618084,阿斯塔特,"不常看私信 可加入专属会员向我提问
名人溯源｜移民社会｜历史地理语言
南洋和华裔爱好者 全网同名",105299,627008,,,1,,,,"[""https://p3-pc-sign.douyinpic.com/obj/c8510002be9a3a61aad2?lk3s=138a59ce&x-expires=1779544800&x-signature=YGr5Ss%2FmqG7LjX84cMemX4icfUU%3D&from=327834062""]",,,
73244212656,2026-05-09 22:22:31.262788,,MS4wLjABAAAAW4_HXigwpZHyPSbsLxSnwiiZ4vpprncwKoxZjUgxpGE,,105732438,一场日出☀️,"《Solo》已上线🔥
抖音刷到的就是这首
👉 搜「Oscar Yuan - Solo」
一响就是那个夏天✨",4994,473094,,,2,,,,"[""https://p3-pc-sign.douyinpic.com/obj/c8510002be9a3a61aad2?lk3s=138a59ce&x-expires=1779544800&x-signature=YGr5Ss%2FmqG7LjX84cMemX4icfUU%3D&from=327834062""]",,,
820fed04-7128-867b-8347-1a85381eb124,2026-05-09 22:22:39.784102,,,,,我的,,,,,,,,,,,,,
820fed04-7128-867b-8347-1a85381eb124,2026-05-09 22:22:42.252550,,,,,我的,,,,,,,,,,,,,
104503221725,2026-05-09 22:22:44.627384,,MS4wLjABAAAAKyqwrJM9UfdPlQi4Snvos8y880g-U7Ax7Ku8mkF21pY,MYmuyu,1593564032,我的世界木鱼,"你好，我是头顶着火男！
喜欢我的动画可以关注我噢！
商务wx：auroxcent 
粉丝群：758862771",917074,6576193,,,1,,,,"[""https://p9-pc-sign.douyinpic.com/obj/c8510002be9a3a61aad2?lk3s=138a59ce&x-expires=1779544800&x-signature=GjtdeJ5vtievZ4V846YAZ85j6TA%3D&from=327834062""]",,,
820fed04-7128-867b-8347-1a85381eb124,2026-05-09 22:22:52.571412,,,,,我的,,,,,,,,,,,,,
86325202040,2026-05-09 22:22:54.992349,,MS4wLjABAAAA027AgzDrRdrCXlXJ7tqBXdnE2XwAD4Cg-_Z8X-TLvv0,LYG1999999,368778736,臻会选车,"敢说真话的人不少🤔
敢说臻话的人不多🤣
买车选车聊车修车🚗
找小臻就对了🚙",935656,16405393,,,1,,,,"[""https://p3-pc-sign.douyinpic.com/obj/c8510002be9a3a61aad2?lk3s=138a59ce&x-expires=1779544800&x-signature=YGr5Ss%2FmqG7LjX84cMemX4icfUU%3D&from=327834062""]",,,
4072216021440344,2026-05-09 22:22:57.379864,,MS4wLjABAAAA8iPlJCz8OhbqmhfPEfB1EtL55UEMvBaC5SUDJKbq67Z3K6PDHBdGKJXCvscH_bu4,dylei9h0b9gb,3627060267,好收成,"8年专注健身教练培训
累计输送10000+专业健身教练
全国长沙·南京·广州三大校区
国内/国际官方指定考点
入学10天无理由退款
私信咨询领取至高优惠
女宝集合地👉体德健身培训（女生版）",1041392,7078514,,,1,,,,"[""https://p3-pc-sign.douyinpic.com/obj/c8510002be9a3a61aad2?lk3s=138a59ce&x-expires=1779544800&x-signature=YGr5Ss%2FmqG7LjX84cMemX4icfUU%3D&from=327834062""]",,,
100391951430,2026-05-09 22:23:03.614888,,MS4wLjABAAAA2ojTisWYKZrKjLKZwVX4FH8gkWJxfb35Jp0Mge0Bp7o,,1068008814,全能小刘做装修之装修设计材料批发～🍊,"Python零基础入门 系列教程持续更新中...
如需Python配套籽料（安装包及激活码）等
直接+🛰️\/x：kzr5426  自曲。",8641,25642,,,1,,,,"[""https://p3-pc-sign.douyinpic.com/obj/c8510002be9a3a61aad2?lk3s=138a59ce&x-expires=1779544800&x-signature=YGr5Ss%2FmqG7LjX84cMemX4icfUU%3D&from=327834062""]",,,
844887936216748,2026-05-09 22:23:12.011144,,MS4wLjABAAAAYJbNCJCujQVP5TqQrd7R7zyzZQTp28T2mtwuae0F0_E,tatatatashuo,89776708685,蒜鸟不是鸟,"蒜鸟不是鸟，此鸟飞比鸟，一个热爱动漫的小鸟
商务：wg78951",283456,7353569,,,1,,,,"[""https://p3-pc-sign.douyinpic.com/obj/c8510002be9a3a61aad2?lk3s=138a59ce&x-expires=1779544800&x-signature=YGr5Ss%2FmqG7LjX84cMemX4icfUU%3D&from=327834062""]",,,
93770677171,2026-05-09 22:23:17.966760,,MS4wLjABAAAACeSA5FlSjiOPtsZdeI-kmmjqSUdLWLEv6jIyeN7OCGE,,378812783,杨光_建厨师,"美食博主
清华大学建筑系本科/耶鲁大学硕士
世界/亚洲50最佳餐厅中国大陆区副主席",688382,2800529,,,1,,,,"[""https://p3-pc-sign.douyinpic.com/obj/c8510002be9a3a61aad2?lk3s=138a59ce&x-expires=1779544800&x-signature=YGr5Ss%2FmqG7LjX84cMemX4icfUU%3D&from=327834062""]",,,
63838727162,2026-05-09 22:23:20.812084,,MS4wLjABAAAA1_bnMfsSDcFSdgqvpCtbTc0t_a8u2ABrrLmfq1vRALw,,44967626,快门队长📷,"你一定可以去到你想要去的地方
一直记录
相机：尼康，大疆，影石，哈苏胶片🎞️",36334,2549486,,,1,,,,"[""https://p3-pc-sign.douyinpic.com/obj/c8510002be9a3a61aad2?lk3s=138a59ce&x-expires=1779544800&x-signature=YGr5Ss%2FmqG7LjX84cMemX4icfUU%3D&from=327834062""]",,,
79625724863,2026-05-09 22:23:28.380691,,MS4wLjABAAAAoINK1ACEOCG1cR9-ZfV3vW-jZ3XBWEjVpgQ9wBicsVI,XPIN_Auto,149739585,差评汽车部,车企不会说的，技术没看懂的，看车不会选的，都来差评汽车部！商务合作请加V：tyc15168,606761,13040774,,,1,,,,"[""https://p3-pc-sign.douyinpic.com/obj/c8510002be9a3a61aad2?lk3s=138a59ce&x-expires=1779544800&x-signature=YGr5Ss%2FmqG7LjX84cMemX4icfUU%3D&from=327834062""]",,,
3756410635291595,2026-05-09 22:23:35.929809,,MS4wLjABAAAAiEFggongPKgAmYqrl4Fm9kJ2lunk6yvy5_wi8ILeEF2_thUI8Vo2Uh-_u7VvCjjZ,33823989831,33823989831,洛酷司大,"他(她)关注了你
讲述音乐故事，品味极致歌单",173912,5832491,,,1,,,,"[""https://p3-pc-sign.douyinpic.com/obj/c8510002be9a3a61aad2?lk3s=138a59ce&x-expires=1779544800&x-signature=YGr5Ss%2FmqG7LjX84cMemX4icfUU%3D&from=327834062""]",,,
820fed04-7128-867b-8347-1a85381eb124,2026-05-09 22:23:43.053141,,,,,我的,,,,,,,,,,,,,
2696422603098743,2026-05-09 22:23:46.436013,,MS4wLjABAAAAD--RLVsd7ZP58EqVgVesCM_3k87ngNd5gJsObrKaKyBVyApn9rxzhw-TBE9Ln1nq,JLRC991218,36349160867,最时尚圈芭莎,"最潮最有趣的
高端时尚知识 
艺术欣赏 品牌设计
🔎🛰视    频   號
找到我！欢迎👏",8108,852338,,,1,,,,"[""https://p3-pc-sign.douyinpic.com/obj/c8510002be9a3a61aad2?lk3s=138a59ce&x-expires=1779544800&x-signature=YGr5Ss%2FmqG7LjX84cMemX4icfUU%3D&from=327834062""]",,,
820fed04-7128-867b-8347-1a85381eb124,2026-05-09 22:23:49.178665,,,,,我的,,,,,,,,,,,,,
96011117310,2026-05-09 22:23:51.191269,,MS4wLjABAAAA6UfHsKXKvhLoYC0uFIXSoIRm9ZsLdAKFqYhlXMTKW5c,37048769473,37048769473,叶秋电影,本人配音 克隆必究⚠️,561067,14789506,,,1,,,,"[""https://p3-pc-sign.douyinpic.com/obj/c8510002be9a3a61aad2?lk3s=138a59ce&x-expires=1779544800&x-signature=YGr5Ss%2FmqG7LjX84cMemX4icfUU%3D&from=327834062""]",,,
105525949232,2026-05-09 22:23:53.947966,,MS4wLjABAAAAaCcBHb3Rhc4zxF8YkBOfHfLh6k-IWEK2l3Ne9xOXPnQ,superslow,1691873498,影视飓风,"无限进步！
短视频合作请联系WX：MediaStormBD（添加时请备注公司、咨询内容）",13805032,107149059,,,1,,,,"[""https://p3-pc-sign.douyinpic.com/obj/c8510002be9a3a61aad2?lk3s=138a59ce&x-expires=1779544800&x-signature=YGr5Ss%2FmqG7LjX84cMemX4icfUU%3D&from=327834062""]",,,
4064210401115479,2026-05-09 22:24:01.989152,,MS4wLjABAAAA-iAExhxW8GM9g2qOTwm6sl5aSo-Nz_MraxM4MmMCDqT8UCQ8zE4WEOjCYm0wg6Uu,sankejinzi521,4027970108,三颗金子,每天更新精彩电影！,351697,1909426,,,1,,,,"[""https://p3-pc-sign.douyinpic.com/obj/c8510002be9a3a61aad2?lk3s=138a59ce&x-expires=1779544800&x-signature=YGr5Ss%2FmqG7LjX84cMemX4icfUU%3D&from=327834062""]",,,
820fed04-7128-867b-8347-1a85381eb124,2026-05-09 22:24:07.806292,,,,,我的,,,,,,,,,,,,,
4353705269283144,2026-05-09 22:24:10.053272,,MS4wLjABAAAAmBEYX_eRgO3LWplcgxPYsLbMtAHa10Kyclyput8CobkLUzB6YKnkPtxZS4LycvAM,W2509722,57258942312,@W,"关注我❤️
澳门吃喝玩乐旅游攻略一站式服务
给您的澳门游玩之旅带来更加省心的体验👣",14899,201518,,,1,,,,"[""https://p3-pc-sign.douyinpic.com/obj/c8510002be9a3a61aad2?lk3s=138a59ce&x-expires=1779544800&x-signature=YGr5Ss%2FmqG7LjX84cMemX4icfUU%3D&from=327834062""]",,,
3991688022625388,2026-05-09 22:24:16.542478,,MS4wLjABAAAARxLrQZxRnwUFF6llBKFRbmD-r0dTbbwJxKWnm1_09dZusGHSucoxEeAXzIRzGnNS,82377117201,82377117201,此时make up,"搬砖兄弟：@段雨彤彤彤（此时make up）私人 
私教美妆：dytlqq20210926合作➕（烂饭别来 会喷人谢谢）
红🍠：20051212dyt",227136,4387260,,,1,,,,"[""https://p3-pc-sign.douyinpic.com/obj/c8510002be9a3a61aad2?lk3s=138a59ce&x-expires=1779544800&x-signature=YGr5Ss%2FmqG7LjX84cMemX4icfUU%3D&from=327834062""]",,,
820fed04-7128-867b-8347-1a85381eb124,2026-05-09 22:24:19.315866,,,,,我的,,,,,,,,,,,,,
1398219351534519,2026-05-09 22:24:21.518679,,MS4wLjABAAAAShsqNRhB4zC20kcVRGviKQh1vhd20QK3ox-LA6L1XDrYFQDSBw4eaoA9DWT0oSrF,qiaokeli187853,4129463116,严胜,"游戏分享爱好者
商务合作：f793053340（备注来意）
大号@影舞刘奇 
扣裙：812559362欢迎粉丝们的加入",157980,1251269,,,1,,,,"[""https://p3-pc-sign.douyinpic.com/obj/c8510002be9a3a61aad2?lk3s=138a59ce&x-expires=1779544800&x-signature=YGr5Ss%2FmqG7LjX84cMemX4icfUU%3D&from=327834062""]",,,
106162909541,2026-05-09 22:24:47.465496,,MS4wLjABAAAAzyh7wSh0OO-yfrB8sgmGUWZd5NoNSDLpIzto3tFcPcE,,2223637456,安徽省宣城市第四人民医院（智障科主任）,😘现在关注你就是老粉了,38969,1864898,,,1,,,,"[""https://p9-pc-sign.douyinpic.com/obj/c8510002be9a3a61aad2?lk3s=138a59ce&x-expires=1779544800&x-signature=GjtdeJ5vtievZ4V846YAZ85j6TA%3D&from=327834062""]",,,
89512734897882,2026-05-09 22:24:56.092868,,MS4wLjABAAAAoPScVBU-7IqM8LcRKua5TczwbhzA_r7I08E0_Q1r-uQ,68394798561,68394798561,鹿茸my.,"管家的每一天都认真生活
山东大妞 豪爽 可爱 认真 细致
开启精致美丽生活～
🍹星图商务：zxyd556",1025793,10584679,,,1,,,,"[""https://p3-pc-sign.douyinpic.com/obj/c8510002be9a3a61aad2?lk3s=138a59ce&x-expires=1779544800&x-signature=YGr5Ss%2FmqG7LjX84cMemX4icfUU%3D&from=327834062""]",,,
85760110713,2026-05-09 22:25:02.835481,,MS4wLjABAAAAQO7y70EdpcG-6D0Yu3DdTplCWf1UTRF_YtZJkSbEZeE,gaoqingdidai,853756162,闪电传真📠,只是个体育赛事爱好者,140410,4193345,,,1,,,,"[""https://p9-pc-sign.douyinpic.com/obj/c8510002be9a3a61aad2?lk3s=138a59ce&x-expires=1779544800&x-signature=GjtdeJ5vtievZ4V846YAZ85j6TA%3D&from=327834062""]",,,
103978161551,2026-05-09 22:25:12.218771,,MS4wLjABAAAAkLqFcKIBKa5Xqh5V3PNusmQSZbb3-TuhLb7XJDQgw-s,45015813714,45015813714,SV,🎶感谢您的关注，感谢正能量平台！,1115255,10440911,,,1,,,,"[""https://p3-pc-sign.douyinpic.com/obj/c8510002be9a3a61aad2?lk3s=138a59ce&x-expires=1779544800&x-signature=YGr5Ss%2FmqG7LjX84cMemX4icfUU%3D&from=327834062""]",,,
4215984521482403,2026-05-09 22:25:27.444321,,MS4wLjABAAAA0MGICf7cx_uFBE--sbfBboci9iNBNyH7kjHUpJ-sOjmzIc4w2Il5aEDeiDDFHo8W,46845769299,46845769299,李吉说财,"不听故事，不讲情怀，只用大白话撕开商业底裤。
算清资本账本，讲透搞钱的底层逻辑。💵
经济学┃财经┃商业，我是李吉，带你在这场割韭菜的游戏里，少走十年弯路💰
商务：quanxinquanyizhe",10230,73440,,,1,,,,"[""https://p3-pc-sign.douyinpic.com/obj/c8510002be9a3a61aad2?lk3s=138a59ce&x-expires=1779544800&x-signature=YGr5Ss%2FmqG7LjX84cMemX4icfUU%3D&from=327834062""]",,,
62614973995,2026-05-09 22:25:33.774209,,MS4wLjABAAAANPg3BXhWMiu6qBXAgvvVpcDMIQYEfW_34FxwQB97XGk,,30223262,伯乐电影,👆橱窗有零基础电影剪辑教程！,584993,1441262,,,1,,,,"[""https://p3-pc-sign.douyinpic.com/obj/c8510002be9a3a61aad2?lk3s=138a59ce&x-expires=1779544800&x-signature=YGr5Ss%2FmqG7LjX84cMemX4icfUU%3D&from=327834062""]",,,
820fed04-7128-867b-8347-1a85381eb124,2026-05-09 22:25:47.564704,,,,,我的,,,,,,,,,,,,,
820fed04-7128-867b-8347-1a85381eb124,2026-05-09 22:25:51.667662,,,,,我的,,,,,,,,,,,,,
3036188762965528,2026-05-09 22:25:53.937054,,MS4wLjABAAAA8s3N6f8Zo2B4I4yLO_f6KCRvjSKZnLNnCIllcJlx0AxNJKkbEqBiIqaIyOe2I8gn,2411974029chang,27526285041,足球之夜,足球是世界第一运动,3552,127774,,,1,,,,"[""https://p3-pc-sign.douyinpic.com/obj/c8510002be9a3a61aad2?lk3s=138a59ce&x-expires=1779544800&x-signature=YGr5Ss%2FmqG7LjX84cMemX4icfUU%3D&from=327834062""]",,,
57599748640,2026-05-09 22:26:00.979281,,MS4wLjABAAAAYX47BeVY9VdvUsx6-LUlPRL-4a29UQgbLIlbfGabxR4,jmdg5566,160927763,大板哥钓鱼,只想做一个纯粹的钓鱼人…,671276,6088339,,,1,,,,"[""https://p3-pc-sign.douyinpic.com/obj/c8510002be9a3a61aad2?lk3s=138a59ce&x-expires=1779544800&x-signature=YGr5Ss%2FmqG7LjX84cMemX4icfUU%3D&from=327834062""]",,,
820fed04-7128-867b-8347-1a85381eb124,2026-05-09 22:26:03.765381,,,,,我的,,,,,,,,,,,,,
820fed04-7128-867b-8347-1a85381eb124,2026-05-09 22:26:05.974905,,,,,我的,,,,,,,,,,,,,
3430081681427755,2026-05-09 22:26:07.918347,,MS4wLjABAAAAKc5KIj-ACurO3KPJZf23e26gQ0cuDj-ApJNVgXMpKdzxwJjL9Pee0DHbF85Q1Qe8,HannahComer,3818513229,𝐉𝐮𝐬𝐭,“ᐅ II||II||II||II ″ 听音乐.▸🎧︎”,150371,9411433,,,1,,,,"[""https://p3-pc-sign.douyinpic.com/obj/c8510002be9a3a61aad2?lk3s=138a59ce&x-expires=1779544800&x-signature=YGr5Ss%2FmqG7LjX84cMemX4icfUU%3D&from=327834062""]",,,
96895396715,2026-05-09 22:26:14.167594,,MS4wLjABAAAAhxlgjWtrRGJHuAwskK7IQWPzkJXldNTWcgR0XDAkV24,,819076862,代某,"〽️重庆实用攻略（详细版）
🚠每天暴走5w步「实地测评打卡·一镜到底」
📍旅游攻略 | 打卡攻略 | 探店vlog  | 美食测评",23185,283759,,,1,,,,"[""https://p3-pc-sign.douyinpic.com/obj/c8510002be9a3a61aad2?lk3s=138a59ce&x-expires=1779544800&x-signature=YGr5Ss%2FmqG7LjX84cMemX4icfUU%3D&from=327834062""]",,,
3267348268320845,2026-05-09 22:26:22.789241,,MS4wLjABAAAAlC-BkIOtlkvOF9_O0gdZ1DQv8Vj2PknpYMSrYnSUz4lTh15m9pw0DvyeLfLGow2g,yexiellie,64239521459,Yezi叶子,"🕊️音乐即自由
🎓钢琴演奏硕士
📧yexiellie@163.com",37058,960496,,,1,,,,"[""https://p3-pc-sign.douyinpic.com/obj/c8510002be9a3a61aad2?lk3s=138a59ce&x-expires=1779544800&x-signature=YGr5Ss%2FmqG7LjX84cMemX4icfUU%3D&from=327834062""]",,,
104623521470,2026-05-09 22:26:28.297845,,MS4wLjABAAAAeJ5Apv3WKMvTgZCeBR17DqsTYJ-Q6gr1mXYwOgYmF-0,zhuanyedajiw,3571028859,小罗,"第一悬案南大案被限制成好友才能看
目前遇到瓶颈，家人们有建议可以私信我
每条视频评论区点赞最多的评论宝子
给热门电影票，前提点赞超100",2135731,25752497,,,1,,,,"[""https://p3-pc-sign.douyinpic.com/obj/c8510002be9a3a61aad2?lk3s=138a59ce&x-expires=1779544800&x-signature=YGr5Ss%2FmqG7LjX84cMemX4icfUU%3D&from=327834062""]",,,
1802842471931152,2026-05-09 22:26:38.871733,,MS4wLjABAAAAxcxmJXhlDKk1QDBxRBhYDLHbXVynoNmfhASocR9jAp-TeeSIUSi5f-kan6KT7DAC,huahuijiayua43,3697056048,（）,"没事，爱上我简直易如反掌
#善良摇粒绒#纯情小狗#纯爱战神
谢谢老婆们给我点小心心❤️
盗图默认为我挡灾
to有偿",83652,4321766,,,1,,,,"[""https://p9-pc-sign.douyinpic.com/obj/c8510002be9a3a61aad2?lk3s=138a59ce&x-expires=1779544800&x-signature=GjtdeJ5vtievZ4V846YAZ85j6TA%3D&from=327834062""]",,,
3546370491039052,2026-05-09 22:26:46.473106,,MS4wLjABAAAAT7u9jCBXMKoBvhl7YzF1zn0MOx1Om-mt-bkvmjabFxsLL_v5izrPUWT4No7VDZZ1,33524983708,33524983708,默,"一枚星星粉⭐⭐
剪辑星爷电影片段
有些电影片段没发出来就是内容审核发布不了
喜欢的小伙伴点个赞，谢谢支持！",206278,3846678,,,1,,,,"[""https://p3-pc-sign.douyinpic.com/obj/c8510002be9a3a61aad2?lk3s=138a59ce&x-expires=1779544800&x-signature=YGr5Ss%2FmqG7LjX84cMemX4icfUU%3D&from=327834062""]",,,
358894106853232,2026-05-09 22:26:54.008161,,MS4wLjABAAAAB4fS4f9VCLBmBGEZO4f6bWg6K0ge1-q_3_fOfA1j_n0,Bobaya,30235934067,Bobaya,"🎧是人类的避难所  🎵是心脏的救命丸
喜欢听的点一个免费的关注吧！
恋人：@Boba",211565,6057977,,,1,,,,"[""https://p3-pc-sign.douyinpic.com/obj/c8510002be9a3a61aad2?lk3s=138a59ce&x-expires=1779544800&x-signature=YGr5Ss%2FmqG7LjX84cMemX4icfUU%3D&from=327834062""]",,,
81893775475,2026-05-09 22:26:57.790916,,MS4wLjABAAAAAkpUjVY6h4guzlbMp9cDkq1jlzXibjdecq6TAOzIbQs,,924518,Famy雪,"看懂电影，也看懂创造它的时代
已签独家/接受合作/外站勿扰",24153,609300,,,1,,,,"[""https://p9-pc-sign.douyinpic.com/obj/c8510002be9a3a61aad2?lk3s=138a59ce&x-expires=1779544800&x-signature=GjtdeJ5vtievZ4V846YAZ85j6TA%3D&from=327834062""]",,,
97739754904,2026-05-09 22:27:05.679381,,MS4wLjABAAAA8nhkCqA_5q0q6KOhfhLEgg3JfpfuUcOxACIhI6T3KpU,zlx1009574191,1050088979,拾音客栈,"作品歌单在置顶视频领取！
合作+:",1268166,19968255,,,1,,,,"[""https://p3-pc-sign.douyinpic.com/obj/c8510002be9a3a61aad2?lk3s=138a59ce&x-expires=1779544800&x-signature=YGr5Ss%2FmqG7LjX84cMemX4icfUU%3D&from=327834062""]",,,
4306133371858336,2026-05-09 22:27:09.564676,,MS4wLjABAAAAbTtnccGS8TNp7h9bPp9k3zaNkq0rB9lo5A9q_qbSFyXjVIm0hbpG9ZD5mMYDE8zR,CU1118,20694915378,CU,"荒野建造解压助眠！
欢迎催更👏👏",109709,477927,,,1,,,,"[""https://p3-pc-sign.douyinpic.com/obj/c8510002be9a3a61aad2?lk3s=138a59ce&x-expires=1779544800&x-signature=YGr5Ss%2FmqG7LjX84cMemX4icfUU%3D&from=327834062""]",,,
2605193420358716,2026-05-09 22:27:17.988946,,MS4wLjABAAAA8tHInyX4jHzCFtGowpoXpvJJ6ZjJlYipxj_BLXwzMud3PMxuLdF8qneeJwFwfAOL,87640520412,87640520412,Ai商业智囊,专注 AI 行业趋势与商业逻辑拆解，分享前沿洞察与实用干货，做你理性、专业的 AI 商业参考,5883,121384,,,1,,,,"[""https://p3-pc-sign.douyinpic.com/obj/c8510002be9a3a61aad2?lk3s=138a59ce&x-expires=1779544800&x-signature=YGr5Ss%2FmqG7LjX84cMemX4icfUU%3D&from=327834062""]",,,
1073588709364255,2026-05-09 22:27:26.348716,,MS4wLjABAAAA2OaBdvmllBdRJnKzbTclkCuq9iDhwmaSKi6ThGu2YNyehxosYG42HVUmBiebxMEp,lucky0801m,36628172403,岁岁,"禁止🚫搬运 搬运必究
不敷衍，只做有温度的动漫解说
求点赞！求关注！",95389,5523844,,,1,,,,"[""https://p3-pc-sign.douyinpic.com/obj/c8510002be9a3a61aad2?lk3s=138a59ce&x-expires=1779544800&x-signature=YGr5Ss%2FmqG7LjX84cMemX4icfUU%3D&from=327834062""]",,,
106594082021,2026-05-09 22:27:41.620024,,MS4wLjABAAAAh6l38T6uyESZ-J7lnSqY44i_h_Sfs9kEx3IbAfRqj7Y,dyujzegozzf8,3741465818,一天能喝一吨水,"上学路上总是被美食绊倒的“小学生”呀
😚🍗🍕🍟🥯🥟🍤🍧🍫🍬🍪🏃
小宝贝：@一天能炫一桶饭 
start0218",606285,8845039,,,1,,,,"[""https://p3-pc-sign.douyinpic.com/obj/c8510002be9a3a61aad2?lk3s=138a59ce&x-expires=1779544800&x-signature=YGr5Ss%2FmqG7LjX84cMemX4icfUU%3D&from=327834062""]",,,
820fed04-7128-867b-8347-1a85381eb124,2026-05-09 22:27:46.814275,,,,,我的,,,,,,,,,,,,,
82010462855,2026-05-09 22:27:48.925078,,MS4wLjABAAAAXJJwV6BcoFF0gRRxvIyRQyVOOKh3pm6l3uQp13y-fUA,,690344514,(๑• . •๑),"近期预告：
极挑、跑男、爸爸去哪儿",83384,10022949,,,1,,,,"[""https://p3-pc-sign.douyinpic.com/obj/c8510002be9a3a61aad2?lk3s=138a59ce&x-expires=1779544800&x-signature=YGr5Ss%2FmqG7LjX84cMemX4icfUU%3D&from=327834062""]",,,
66145686119,2026-05-09 22:27:55.794962,,MS4wLjABAAAAFTNEjzC2rc6s1exQrl1zliLUto4ecMRMVprzu38EdZs,,58453504,斷片先生,"🎬:专注影视原创制作 · 经典港片放映室。
💿:超清4k修复    每日一更欢乐解压
🥤:观众姥爷想看什么评论区留言
🍑:感谢您的关注🍓",55539,223015,,,1,,,,"[""https://p3-pc-sign.douyinpic.com/obj/c8510002be9a3a61aad2?lk3s=138a59ce&x-expires=1779544800&x-signature=YGr5Ss%2FmqG7LjX84cMemX4icfUU%3D&from=327834062""]",,,
820fed04-7128-867b-8347-1a85381eb124,2026-05-09 22:28:03.606148,,,,,我的,,,,,,,,,,,,,
820fed04-7128-867b-8347-1a85381eb124,2026-05-09 22:28:06.037845,,,,,我的,,,,,,,,,,,,,
106875647783,2026-05-09 22:28:08.135076,,MS4wLjABAAAAGxo1SSQsmYttFD_krSMrlvSSUFHZjSYsFd8m-RajF1s,,2091512660,蜜虎34281055,"旅行✈️   摄影📷
没有旅行的时候可能在学习摄影
时间过得太快了，我想做的事情还有很多",13955,370356,,,1,,,,"[""https://p3-pc-sign.douyinpic.com/obj/c8510002be9a3a61aad2?lk3s=138a59ce&x-expires=1779544800&x-signature=YGr5Ss%2FmqG7LjX84cMemX4icfUU%3D&from=327834062""]",,,
1d7b682d-17b0-4351-a44c-15830d7b7ff6,2026-05-09 22:28:15.834107,,,,,我的,,,,,,,,,,,,,
3494697505393172,2026-05-09 22:28:18.018977,,MS4wLjABAAAAwFzAuP58IXLXAiFLdKihJ1qK52DqRoqUyY9KB_PJKKaK1haMAs-l5Sh9YCSKyKUK,80877171063,80877171063,芝士情报局,"普通打工人，副业自媒体人
专注：科技｜新能源｜航天探索
持续输出有价值的内容
助理V：IDEA_708090（商务合作请注明来意）",149880,3593446,,,1,,,,"[""https://p3-pc-sign.douyinpic.com/obj/c8510002be9a3a61aad2?lk3s=138a59ce&x-expires=1779544800&x-signature=YGr5Ss%2FmqG7LjX84cMemX4icfUU%3D&from=327834062""]",,,
2797603867338382,2026-05-09 22:28:27.141664,,MS4wLjABAAAA1namYzAX1h4gWuu01eHtPRNaJE6u8XB0-6Q6ClaqupJRWoEqFjCeAbhOBsQDYheL,66845821309,66845821309,Forget.,"银色歌单🐧音乐搜迪薇迪 影分身：@Dv7 
回放银色6、银色虞姬直播精彩片段
冲10w粉 合作cn030116（说明来意）
爱播:@银色虞姬（世一装） @银色6 @银i",78530,3936110,,,1,,,,"[""https://p3-pc-sign.douyinpic.com/obj/c8510002be9a3a61aad2?lk3s=138a59ce&x-expires=1779544800&x-signature=YGr5Ss%2FmqG7LjX84cMemX4icfUU%3D&from=327834062""]",,,
3689589293449976,2026-05-09 22:28:35.537813,,MS4wLjABAAAAx4ybT110HAsU_tqZzcSMbYu2QIyxBpHZiQmm9iosDoPBYhjxEYOw9eOi7F4T_C9L,Tiktok_0997,3092059935,丹东急电,,1003,110436,,,1,,,,"[""https://p3-pc-sign.douyinpic.com/obj/c8510002be9a3a61aad2?lk3s=138a59ce&x-expires=1779544800&x-signature=YGr5Ss%2FmqG7LjX84cMemX4icfUU%3D&from=327834062""]",,,
1d7b682d-17b0-4351-a44c-15830d7b7ff6,2026-05-09 22:28:40.893740,,,,,我的,,,,,,,,,,,,,
53091692755,2026-05-09 22:28:43.008335,,MS4wLjABAAAAqfUCuktMCHNMypNDLUkz2_UOhqmHYrZTbGA-vBLtSXU,,177363904,你是没吃过好猪肉哦,"🔝关注我们，对于新能源汽车你好奇的这里都有
🕹我们致力于：影响更多人的未来出行
📮联系我们：bd@42how.com
进车友群 | 聊天吹水送福利 欢迎私信留言😉

「认真做一件事，会解释所有事」",137039,832234,,,1,,,,"[""https://p9-pc-sign.douyinpic.com/obj/c8510002be9a3a61aad2?lk3s=138a59ce&x-expires=1779544800&x-signature=GjtdeJ5vtievZ4V846YAZ85j6TA%3D&from=327834062""]",,,
1d7b682d-17b0-4351-a44c-15830d7b7ff6,2026-05-09 22:28:49.552095,,,,,我的,,,,,,,,,,,,,
1d7b682d-17b0-4351-a44c-15830d7b7ff6,2026-05-09 22:28:51.538697,,,,,我的,,,,,,,,,,,,,
1d7b682d-17b0-4351-a44c-15830d7b7ff6,2026-05-09 22:28:53.589237,,,,,我的,,,,,,,,,,,,,
3962275814185132,2026-05-09 22:28:55.590275,,MS4wLjABAAAAgpE_rm3GEH4bequSPy4zSW3VH4uW2SjW8yCZ-bGZc2kIq0SN1aZA4HWcr-1D5G7p,dyhsef55xhh3,2248815663,北野六,"是一名相当不错的韩国博主
国安💚｜马拉松🏅｜旅游🎒
Youtube：Junbum
商务：kjb0208@163.com",36294,265847,,,1,,,,"[""https://p9-pc-sign.douyinpic.com/obj/c8510002be9a3a61aad2?lk3s=138a59ce&x-expires=1779544800&x-signature=GjtdeJ5vtievZ4V846YAZ85j6TA%3D&from=327834062""]",,,
286313205737000,2026-05-09 22:29:01.622897,,MS4wLjABAAAA7LRRIrL6yYmBio0X_RJHNiqbyZi3-cDqoUvqw_agFZQ,94694827875,94694827875,泰勒猫爱丽丝,,30894,333658,,,1,,,,"[""https://p3-pc-sign.douyinpic.com/obj/c8510002be9a3a61aad2?lk3s=138a59ce&x-expires=1779544800&x-signature=YGr5Ss%2FmqG7LjX84cMemX4icfUU%3D&from=327834062""]",,,
3916929816341338,2026-05-09 22:29:05.332870,,MS4wLjABAAAAHv10CDMg3KifEUFAKvzNlE_5FUcy8MnRu1VE953aRjMgTD8Gp8nKe1BWlC2qgDm3,22551886953,22551886953,抖了个音,牛马的一天,65615,341383,,,1,,,,"[""https://p3-pc-sign.douyinpic.com/obj/c8510002be9a3a61aad2?lk3s=138a59ce&x-expires=1779544800&x-signature=YGr5Ss%2FmqG7LjX84cMemX4icfUU%3D&from=327834062""]",,,
1700286408958492,2026-05-09 22:29:12.716216,,MS4wLjABAAAAeS_Xrleiy_XFufKG5BGrA1ZdCojLMNAW9V1dSKyzc1yGSyzmLaQM0xTWM7fWjiqe,89135332208,89135332208,一夫吃什么,"贵州凯里人（半个云南人）欢迎大家来我的家乡吃美食
干餐饮第九年
只吃发自己喜欢吃的 超喜欢回复
开店日常@一夫说这里有好吃的 
百人百味 理解万岁",136105,3433688,,,1,,,,"[""https://p3-pc-sign.douyinpic.com/obj/c8510002be9a3a61aad2?lk3s=138a59ce&x-expires=1779544800&x-signature=YGr5Ss%2FmqG7LjX84cMemX4icfUU%3D&from=327834062""]",,,
82568077052,2026-05-09 22:29:27.269243,,MS4wLjABAAAAmCPCI6fpG-RJP9ykw-sQ5OB81qY2wbBr7v0g-S1tlD0,,185938608,爱养鱼的卓林,"全球🌐海洋馆、动物园全方面真实测评探馆系列持续更新中！
搬砖兄弟：@爱逛的小鱼兜
商务合作V: wxid_yhb9rgjjwqp22",520382,8371861,,,1,,,,"[""https://p9-pc-sign.douyinpic.com/obj/c8510002be9a3a61aad2?lk3s=138a59ce&x-expires=1779544800&x-signature=GjtdeJ5vtievZ4V846YAZ85j6TA%3D&from=327834062""]",,,
369084847371469,2026-05-09 22:29:32.311921,,MS4wLjABAAAAkr4hnBiKvvFCB_FOiexKRXJfru2v0Sy0iGQa3LVnypw,OU2025101,3982902856,小歐只喝冰可乐ღ,"抖音和腾二创合约到期，很多剧被强制下架
后面会更非腾影视剧
感谢好看的你，来看可爱的我🤗
每天坚持更新原创好剧
喜欢的点个关注支持下🙆
欢迎加入粉丝群交流",300796,4011513,,,1,,,,"[""https://p3-pc-sign.douyinpic.com/obj/c8510002be9a3a61aad2?lk3s=138a59ce&x-expires=1779544800&x-signature=YGr5Ss%2FmqG7LjX84cMemX4icfUU%3D&from=327834062""]",,,
104766352442,2026-05-09 22:29:50.297114,,MS4wLjABAAAACpbELG2695QyL2OD6QnYDKvKlw_hRA7-_L-EbnEwxUY,daylight6666,3285233993,遥望将军澳,师从广东省陶瓷艺术大师黄焯南先生。现为全国陶瓷行业技术能手，广东省技术能手，佛山市工艺美术大师，佛山市陶瓷艺术大师，广东岭南工艺美术馆特聘艺术家。2002年起从艺至今，作品收藏单位有：澳门镜湖医院，广东岭南工艺美术馆、佛山市石湾陶瓷博物馆。,993,10028,,,1,,,,"[""https://p9-pc-sign.douyinpic.com/obj/c8510002be9a3a61aad2?lk3s=138a59ce&x-expires=1779544800&x-signature=GjtdeJ5vtievZ4V846YAZ85j6TA%3D&from=327834062""]",,,
3562017396360931,2026-05-09 22:30:04.739113,,MS4wLjABAAAArCFJEEH9Vld8bxPuelg0LwgwgzAahQNgZ4V8KzDrv_arkvJxT6SR0beSQEp_aYuX,dyy42gdx9r08,3489562214,动动3,象棋激情解说第一人！,2901839,43432506,,,1,,,,"[""https://p3-pc-sign.douyinpic.com/obj/c8510002be9a3a61aad2?lk3s=138a59ce&x-expires=1779544800&x-signature=YGr5Ss%2FmqG7LjX84cMemX4icfUU%3D&from=327834062""]",,,
1759654969609032,2026-05-09 22:30:21.705596,,MS4wLjABAAAAPjbIXmjBb3Hjpi2MrxH27iXEu3EG1S6exHjIHHGZrXv4bLGNM4smkBpLsATB9zJw,peng_ge0914,4166615388,鹏哥在长沙（邱主任,"hello，我是皮哥
这里就是你的《第十放映室》！",1409013,2270021,,,1,,,,"[""https://p3-pc-sign.douyinpic.com/obj/c8510002be9a3a61aad2?lk3s=138a59ce&x-expires=1779544800&x-signature=YGr5Ss%2FmqG7LjX84cMemX4icfUU%3D&from=327834062""]",,,
ad0e7b85-c7d5-00d9-e243-6e5e31281aca,2026-05-09 22:30:37.106167,,,,,我的,,,,,,,,,,,,,
62912684620,2026-05-09 22:30:39.196552,,MS4wLjABAAAAdZfBMTHU_hUWyuxgEGuCjcuffy1peuhnnmyrB8GkY1g,,1096128524,-大铭,"🔥个人成长｜INTJ｜看世界
📍裸辞后i人独自出行+详细攻略
😌嘴很笨但还是想把我的故事分享给你们
💌愿将来胜过往，过好当下每一天
🈴：Daming17788",11575,355307,,,1,,,,"[""https://p3-pc-sign.douyinpic.com/obj/c8510002be9a3a61aad2?lk3s=138a59ce&x-expires=1779544800&x-signature=YGr5Ss%2FmqG7LjX84cMemX4icfUU%3D&from=327834062""]",,,
ad0e7b85-c7d5-00d9-e243-6e5e31281aca,2026-05-09 22:30:41.867767,,,,,我的,,,,,,,,,,,,,
ad0e7b85-c7d5-00d9-e243-6e5e31281aca,2026-05-09 22:30:44.181334,,,,,我的,,,,,,,,,,,,,
1113119674077899,2026-05-09 22:30:46.363880,,MS4wLjABAAAAz3Kktmz_RMLOFkN_voklVaxeitqT8Ei59pl9rGMPm2-i9HbxeFVHx9P84Smr4yYS,53209483773,53209483773,用户2722964622747,"台灣資深媒體人翟翾(zhái xuān)
為兩岸交流努力 說我該說 做我該做
🪐宅宅的漫遊筆記 🌍
媒體人｜YTR｜傳媒主理人
🎬 用影像與文字記錄自己的「人生體驗卡」
鏡頭記錄｜觀察筆記｜深度思考｜人生感悟
合作聯繫 chai.hsuan@gmail.com",638784,3727068,,,1,,,,"[""https://p3-pc-sign.douyinpic.com/obj/c8510002be9a3a61aad2?lk3s=138a59ce&x-expires=1779544800&x-signature=YGr5Ss%2FmqG7LjX84cMemX4icfUU%3D&from=327834062""]",,,
1326466514562932,2026-05-09 22:30:54.439740,,MS4wLjABAAAAdQCiMD8sbpiM5j6ZuPoUUAo8mlnHXzr7OOWfjHk7yG0mgDy1r-hU0osMg8pdn-Xb,76995597006,76995597006,硬核影视,经典影视解说。感谢抖音平台，感谢每一次遇见。,40948,382025,,,1,,,,"[""https://p3-pc-sign.douyinpic.com/obj/c8510002be9a3a61aad2?lk3s=138a59ce&x-expires=1779544800&x-signature=YGr5Ss%2FmqG7LjX84cMemX4icfUU%3D&from=327834062""]",,,
110488101673,2026-05-09 22:31:00.345590,,MS4wLjABAAAAZNgozjNV-xryEI30ZHJLpRDMdB0TMkSGGRqInBlNeBw,,2019739545,前途似海,"我就是给车拍广告的🚗
如今的车都很好，我拍的却一般😶
究竟怎么买，看您喜好和能力了🥰
我最想买911，可买不起，但万一呢😝
感谢喜欢💕",540405,651261,,,1,,,,"[""https://p3-pc-sign.douyinpic.com/obj/c8510002be9a3a61aad2?lk3s=138a59ce&x-expires=1779544800&x-signature=YGr5Ss%2FmqG7LjX84cMemX4icfUU%3D&from=327834062""]",,,
1275082234149767,2026-05-09 22:31:07.191572,,MS4wLjABAAAALE8K9m7OsE_6e0UsyamWItPMfPbSAbTU3bWurhC_LPNZ0uRKNh6T_Qm_yUvPsmgs,97203625728,97203625728,liufan,一个演义历史传奇的频道。数往者顺 知来者逆 | 商务合作：hanachirusato.miko@gmail.com,85133,444354,,,1,,,,"[""https://p3-pc-sign.douyinpic.com/obj/c8510002be9a3a61aad2?lk3s=138a59ce&x-expires=1779544800&x-signature=YGr5Ss%2FmqG7LjX84cMemX4icfUU%3D&from=327834062""]",,,
659335761113344,2026-05-09 22:31:21.889114,,MS4wLjABAAAAbZqQ6O8vYXKlUNBlNBREdz8LcIpW1sO7GIQ4Z6sd7mY,Mxdou198,3644192842,莫白电影,"注:《教父》有两个合集！
本人自己配音，请勿克隆，否则必究！
一个用灵魂解读的电影博主
拜师学习，商务宣发：Mxdou1988（注明来意）",4051268,50766245,,,1,,,,"[""https://p3-pc-sign.douyinpic.com/obj/c8510002be9a3a61aad2?lk3s=138a59ce&x-expires=1779544800&x-signature=YGr5Ss%2FmqG7LjX84cMemX4icfUU%3D&from=327834062""]",,,
3232186740248691,2026-05-09 22:31:29.476745,,MS4wLjABAAAAFwQ-9OKOwA1B6jvsKFPG5okruodZ-B41CClqYqrXWzTRUFYwKhCSOOEk1ACEZoiL,baoma5201,2820455929,加油吖,"微弱de改动，乐趣无穷！🤣
谢谢您的关注！😘
魔性的僵尸实验室，也将开启😂
下面👇🏻领棒棒糖！
🍭🍭🍭🍭🍭🍭🍭🍭🍭🍭🍭🍭🍭🍭🍭🍭🍭🍭🍭🍭🍭🍭🍭🍭🍭🍭",1421302,12166931,,,1,,,,"[""https://p3-pc-sign.douyinpic.com/obj/c8510002be9a3a61aad2?lk3s=138a59ce&x-expires=1779544800&x-signature=YGr5Ss%2FmqG7LjX84cMemX4icfUU%3D&from=327834062""]",,,
1d7b682d-17b0-4351-a44c-15830d7b7ff6,2026-05-09 22:31:36.929574,,,,,我的,,,,,,,,,,,,,
1d7b682d-17b0-4351-a44c-15830d7b7ff6,2026-05-09 22:31:39.104516,,,,,我的,,,,,,,,,,,,,
1d7b682d-17b0-4351-a44c-15830d7b7ff6,2026-05-09 22:31:41.125699,,,,,我的,,,,,,,,,,,,,
1d7b682d-17b0-4351-a44c-15830d7b7ff6,2026-05-09 22:31:43.062258,,,,,我的,,,,,,,,,,,,,
1d7b682d-17b0-4351-a44c-15830d7b7ff6,2026-05-09 22:31:45.299834,,,,,我的,,,,,,,,,,,,,
12449822571,2026-05-09 22:31:48.351622,,MS4wLjABAAAAoDPbeBJwY9IpoMFWKaDAPR7WXPset_2zjILeb65yPeg,chuichuikaixin,570069247,开心锤锤,开心锤锤，专注原创快乐正能量动画视频！,43714838,1044278739,,,1,,开心锤锤官方账号,,"[""https://p9-pc-sign.douyinpic.com/obj/c8510002be9a3a61aad2?lk3s=138a59ce&x-expires=1779544800&x-signature=GjtdeJ5vtievZ4V846YAZ85j6TA%3D&from=327834062""]",,,
1d7b682d-17b0-4351-a44c-15830d7b7ff6,2026-05-09 22:31:53.179553,,,,,我的,,,,,,,,,,,,,
1d7b682d-17b0-4351-a44c-15830d7b7ff6,2026-05-09 22:31:55.253668,,,,,我的,,,,,,,,,,,,,
73224037537,2026-05-09 22:31:57.362222,,MS4wLjABAAAALvfEfee5rrML8mS2ADPw31XRxHwhTlikcN8YNFfn9tA,qiaoba2023,136036509,Joba‘s Life Science,理解本质，自我判断,2806460,160078,,,1,,,,"[""https://p3-pc-sign.douyinpic.com/obj/c8510002be9a3a61aad2?lk3s=138a59ce&x-expires=1779544800&x-signature=YGr5Ss%2FmqG7LjX84cMemX4icfUU%3D&from=327834062""]",,,
1d7b682d-17b0-4351-a44c-15830d7b7ff6,2026-05-09 22:31:59.534936,,,,,我的,,,,,,,,,,,,,
1d7b682d-17b0-4351-a44c-15830d7b7ff6,2026-05-09 22:32:01.614667,,,,,我的,,,,,,,,,,,,,
1d7b682d-17b0-4351-a44c-15830d7b7ff6,2026-05-09 22:32:03.560664,,,,,我的,,,,,,,,,,,,,
1d7b682d-17b0-4351-a44c-15830d7b7ff6,2026-05-09 22:32:05.690831,,,,,我的,,,,,,,,,,,,,
1d7b682d-17b0-4351-a44c-15830d7b7ff6,2026-05-09 22:32:07.722786,,,,,我的,,,,,,,,,,,,,
88306720305,2026-05-09 22:32:09.730182,,MS4wLjABAAAAH_YSjSBpUOItBNIP5B3B235ER7GUYgJ1qnkpKPF2kKc,,728019754,汤圆开心电影,"开心，有趣的故事
还原喜剧的原汁原味
繁杂的生活中找到自己的开心方程式。
合作vx：tyxfz66",210182,3349098,,,1,,,,"[""https://p9-pc-sign.douyinpic.com/obj/c8510002be9a3a61aad2?lk3s=138a59ce&x-expires=1779544800&x-signature=GjtdeJ5vtievZ4V846YAZ85j6TA%3D&from=327834062""]",,,
8392820919319,2026-05-09 22:32:13.215943,,MS4wLjABAAAAA6v7bzPBSxqjirupO5cnnx2Ta9uX6UA1gfQSViNPlG0,haolin12300,4187306109,杨齐家（三角洲扶贫）,"切片号，不是本人，杨齐家粉丝一个，分享杨齐家搞笑片段
本人：@杨齐家(三角洲行动)",88691,411553,,,1,,,,"[""https://p3-pc-sign.douyinpic.com/obj/c8510002be9a3a61aad2?lk3s=138a59ce&x-expires=1779544800&x-signature=YGr5Ss%2FmqG7LjX84cMemX4icfUU%3D&from=327834062""]",,,
3002092071958444,2026-05-09 22:32:18.953397,,MS4wLjABAAAADBHWdPh5GvFAQKh3UJphUD51n33_k9ANYrHgBgPlCnBQzEkgalP_6fTj-qxsQtzb,42569543541,42569543541,湾湾不弯,"从来没标榜过自己客观
视频非常主观主观主观
ps：文案视频均由本人制作 更新较慢
（一般不删评 评论没了可能是被吞了）",55181,2729581,,,1,,,,"[""https://p3-pc-sign.douyinpic.com/obj/c8510002be9a3a61aad2?lk3s=138a59ce&x-expires=1779544800&x-signature=YGr5Ss%2FmqG7LjX84cMemX4icfUU%3D&from=327834062""]",,,
745943422732707,2026-05-09 22:32:21.230941,,MS4wLjABAAAAnqJeUqAzvMQNosX4pzkrXGfQwXaAnM-twCvAMJ9j2gk,wujie102497,85085064405,五杰游戏解说,"王者荣耀游戏解说
主更：桑杰
感谢你的喜欢~",1740,68863,,,1,,,,"[""https://p3-pc-sign.douyinpic.com/obj/c8510002be9a3a61aad2?lk3s=138a59ce&x-expires=1779544800&x-signature=YGr5Ss%2FmqG7LjX84cMemX4icfUU%3D&from=327834062""]",,,
100279854350,2026-05-09 22:32:27.669621,,MS4wLjABAAAAU9awH226W09Ad4BxN0LBAjTV4cy5w4DdVKyHSizOBzA,,1061287431,爱财爱己～～～,努力💪🏻，坚持，才会有收获！我们一起加油💪,54969,522306,,,1,,,,"[""https://p3-pc-sign.douyinpic.com/obj/c8510002be9a3a61aad2?lk3s=138a59ce&x-expires=1779544800&x-signature=YGr5Ss%2FmqG7LjX84cMemX4icfUU%3D&from=327834062""]",,,
5e67b9f3-bf1a-f6a8-4d07-547afe0382e8,2026-05-09 22:32:30.060592,,,,,我的,,,,,,,,,,,,,
5e67b9f3-bf1a-f6a8-4d07-547afe0382e8,2026-05-09 22:32:32.213722,,,,,我的,,,,,,,,,,,,,
59975380035,2026-05-09 22:32:34.223048,,MS4wLjABAAAAFbQ37sSFgUttteiDyq0-cQKbrumHfVNpOHs_Nvo2g8Y,,13290020,尤琦乒乓,"山西省直板乒乓球运动员🏓️
免费搭配器材🛰️+2540747729
聊天进粉丝群👇🏻",504841,2838760,,,1,,,,"[""https://p3-pc-sign.douyinpic.com/obj/c8510002be9a3a61aad2?lk3s=138a59ce&x-expires=1779544800&x-signature=YGr5Ss%2FmqG7LjX84cMemX4icfUU%3D&from=327834062""]",,,
4396279581389755,2026-05-09 22:32:36.953918,,MS4wLjABAAAA2G3CpyzSOWOi3ix25OVQapF9H05f3hr5ZAlhqvmookzUumXkeiot3wls1xv0M4HY,70865564780,70865564780,晚安食光机,,80856,655551,,,1,,,,"[""https://p3-pc-sign.douyinpic.com/obj/c8510002be9a3a61aad2?lk3s=138a59ce&x-expires=1779544800&x-signature=YGr5Ss%2FmqG7LjX84cMemX4icfUU%3D&from=327834062""]",,,
2517239297490220,2026-05-09 22:32:44.578673,,MS4wLjABAAAAU_jrM_Qajy8nhdNqyhaGs1JsRLFalO9b8WL8TtCdknIVbZtg-wF8qYgV_tjv44ZH,97573142334,97573142334,三叶动漫屋,"禁止🚫搬运 搬运必究
不敷衍，只做有温度的动漫解说
求点赞！求关注！",95391,5523908,,,1,,,,"[""https://p3-pc-sign.douyinpic.com/obj/c8510002be9a3a61aad2?lk3s=138a59ce&x-expires=1779544800&x-signature=YGr5Ss%2FmqG7LjX84cMemX4icfUU%3D&from=327834062""]",,,
3318769496367632,2026-05-09 22:32:48.469186,,MS4wLjABAAAA88eguVVI6IOXVtCSJ1YlFPPWslrfOMFOgOObrma-6SjTzMsG8dC73DhCZnbqvNvT,80979126359,80979126359,梗中画,"挖掘综艺中的笑点🍒
每天更新，感谢关注，关注都能发大财🍑",22036,1347400,,,1,,,,"[""https://p3-pc-sign.douyinpic.com/obj/c8510002be9a3a61aad2?lk3s=138a59ce&x-expires=1779544800&x-signature=YGr5Ss%2FmqG7LjX84cMemX4icfUU%3D&from=327834062""]",,,
3474929201709972,2026-05-09 22:32:52.211831,,MS4wLjABAAAAdo63SiT3nuAFcx7Z_twRqrEVkSeMur1kUZkBzXUwZtLJ63kTOviF_YfezXDhFWyn,QijiJs,53160447113,麒迹（上分教学）,"QJjieshuo （备注来意）
如果巅峰留不住~那就从走来时路
加油不忘初心 ❤️",102109,1492751,,,1,,,,"[""https://p3-pc-sign.douyinpic.com/obj/c8510002be9a3a61aad2?lk3s=138a59ce&x-expires=1779544800&x-signature=YGr5Ss%2FmqG7LjX84cMemX4icfUU%3D&from=327834062""]",,,
2579878585831972,2026-05-09 22:32:57.830823,,MS4wLjABAAAALwz-tVXxMZB7PFHi29DqmxVfBOqbKdxu8HwOiedWvCn4lHR3MbfI91P6_16ZtYQg,40757301508,40757301508,抱拳看世界,"👊抱拳了各位！这里是「抱拳看世界」
🚝用江湖气闯遍全球，解锁近百个国家的风土人情、奇闻轶事、人文历史🌍
✈️我们不做走马观花的打卡，只挖藏在世界角落的硬核干货",19558,128041,,,1,,,,"[""https://p3-pc-sign.douyinpic.com/obj/c8510002be9a3a61aad2?lk3s=138a59ce&x-expires=1779544800&x-signature=YGr5Ss%2FmqG7LjX84cMemX4icfUU%3D&from=327834062""]",,,
1d7b682d-17b0-4351-a44c-15830d7b7ff6,2026-05-09 22:33:04.729667,,,,,我的,,,,,,,,,,,,,
1d7b682d-17b0-4351-a44c-15830d7b7ff6,2026-05-09 22:33:06.664219,,,,,我的,,,,,,,,,,,,,
1d7b682d-17b0-4351-a44c-15830d7b7ff6,2026-05-09 22:33:08.760119,,,,,我的,,,,,,,,,,,,,
1d7b682d-17b0-4351-a44c-15830d7b7ff6,2026-05-09 22:33:10.875972,,,,,我的,,,,,,,,,,,,,
1d7b682d-17b0-4351-a44c-15830d7b7ff6,2026-05-09 22:33:12.940589,,,,,我的,,,,,,,,,,,,,
111606777168,2026-05-09 22:33:14.910629,,MS4wLjABAAAAASxV3zdlaCwF0mkDJQ8rU2q69zuL4VgOX9vrkpPlRW0,Jasonnanatravel,2133038479,Jason和小芭蕉,"两个人，两个背包，出发看世界 ～
跟着我们一起出发，路上的快乐分你一半！",100235,815885,,,1,,,,"[""https://p3-pc-sign.douyinpic.com/obj/c8510002be9a3a61aad2?lk3s=138a59ce&x-expires=1779544800&x-signature=YGr5Ss%2FmqG7LjX84cMemX4icfUU%3D&from=327834062""]",,,
7499013607011664954,2026-05-09 22:33:22.025470,,MS4wLjABAAAAto4_UEG7v_j267jbcbg9XmWU0l5ZtT3m77263lSEXJ3rRxiZkRf8m1V78mhzujoo,39578563172,39578563172,蜡笔游戏解说,剪辑视频原创作者@猪兜游戏解说   谢谢大家支持🐳,5569,146073,,,1,,,,"[""https://p3-pc-sign.douyinpic.com/obj/c8510002be9a3a61aad2?lk3s=138a59ce&x-expires=1779544800&x-signature=YGr5Ss%2FmqG7LjX84cMemX4icfUU%3D&from=327834062""]",,,
3280553840225496,2026-05-09 22:33:24.195790,,MS4wLjABAAAAQDfYp7zOpNJSafBpvXzG-sl4gU4LrEnuaUJYIypLugHXFnBqUctjBjBuOPsBsome,ximi765,3660001539,余影绕梁,"专讲有意思的金融人物和故事🌏
不合作不推荐不鼓励任何投资行为🙅
橱窗卖点正版书赚个三瓜两枣🫡
感谢支持🫰🫶",1257602,13731451,,,1,,,,"[""https://p3-pc-sign.douyinpic.com/obj/c8510002be9a3a61aad2?lk3s=138a59ce&x-expires=1779544800&x-signature=YGr5Ss%2FmqG7LjX84cMemX4icfUU%3D&from=327834062""]",,,
109935008848,2026-05-09 22:33:27.893595,,MS4wLjABAAAAVN_NZajfIXXL5gpMruT1J4ZPnDRo6Fe-Yfo2Wugrd50,xednksj,1909724859,小恩带你看世界,"💡职业环球旅行者↗旅居50国🌍xednksj
💡自己拍自己剪100%原创🎥 抄袭或搬运必究🚫
💡有时候穿插一些日常，进合集看不会乱🎬
💡有啥事进粉丝团我会回复⤵️（别重复加会被踢）
⚠️我不会为了任何当下热点而改变出片顺序⚠️",762351,4603160,,,1,,,,"[""https://p3-pc-sign.douyinpic.com/obj/c8510002be9a3a61aad2?lk3s=138a59ce&x-expires=1779544800&x-signature=YGr5Ss%2FmqG7LjX84cMemX4icfUU%3D&from=327834062""]",,,
1461682614048611,2026-05-09 22:33:32.751861,,MS4wLjABAAAArpWrZCzzZLPFkxJJyoeq50e8p0DOuWnn6tkg8YEpmpHXrClltsgRHIhSzpuHdtHf,30593237904,30593237904,ZUS灼视,"看见恐惧，理解生存，见证超越。
用视觉解码属于人类的浪漫～",54484,793080,,,1,,,,"[""https://p3-pc-sign.douyinpic.com/obj/c8510002be9a3a61aad2?lk3s=138a59ce&x-expires=1779544800&x-signature=YGr5Ss%2FmqG7LjX84cMemX4icfUU%3D&from=327834062""]",,,
1d7b682d-17b0-4351-a44c-15830d7b7ff6,2026-05-09 22:33:41.034079,,,,,我的,,,,,,,,,,,,,
1d7b682d-17b0-4351-a44c-15830d7b7ff6,2026-05-09 22:33:44.118573,,,,,我的,,,,,,,,,,,,,
1d7b682d-17b0-4351-a44c-15830d7b7ff6,2026-05-09 22:33:46.418978,,,,,我的,,,,,,,,,,,,,
2528474880281191,2026-05-09 22:33:48.732150,,MS4wLjABAAAAUDuQSwpzdjgmnrmpiD2786oZpTnBhV6xhQokKZnCwtMoIdCtCJJ5NkSeM54hJL-Z,sdludan802366131,3678130755,鲁蛋爱摩旅,"2019年喜提二手GW250
2022-2023年摩旅中国，骑行6万公里（江苏-安徽-江西-湖南-广-云南-四川-西藏-新疆-甘肃-陕西-河南）
2024年环山东摩旅一圈后骑行（江苏-上海-浙江-福建）
2025年继续第三季摩旅中国（继续中）
#爱骑行爱生活 #爱记录拍摄",69407,543953,,,1,,,,"[""https://p3-pc-sign.douyinpic.com/obj/c8510002be9a3a61aad2?lk3s=138a59ce&x-expires=1779544800&x-signature=YGr5Ss%2FmqG7LjX84cMemX4icfUU%3D&from=327834062""]",,,
1d7b682d-17b0-4351-a44c-15830d7b7ff6,2026-05-09 22:33:55.172333,,,,,我的,,,,,,,,,,,,,
1883932985145323,2026-05-09 22:33:58.062096,,MS4wLjABAAAAU4zIojFxs0ZyLS8vmHCMvdUPXqaM5lAyj0dl1q37ZmTi8Jrxi8pLQ9KLiTZutdmZ,69290450177,69290450177,干饭人阿伟（蝙蝠侠）,"i人吃货一枚！
带头套为了缓解社恐！
关注我✅目标粉丝过150万
已露脸（以后会经常露脸直播）",1399833,5380150,,,1,,,,"[""https://p9-pc-sign.douyinpic.com/obj/c8510002be9a3a61aad2?lk3s=138a59ce&x-expires=1779544800&x-signature=GjtdeJ5vtievZ4V846YAZ85j6TA%3D&from=327834062""]",,,
1568340708966125,2026-05-09 22:34:04.856604,,MS4wLjABAAAAgSJakTxZftPx1ewc8ladzIGsPVt5KeIeK8DRx-UjZUteE5KIPoIGdbsK-2uKgd7V,89518575468,89518575468,中日夫妻小俊和小爱,"中日夫妻，老婆爱酱日本人，很喜欢中国文化，分享生活日常，感谢抖音❤️感谢关注
🈴： qccm0906（备注来意）",303405,3956838,,,1,,,,"[""https://p3-pc-sign.douyinpic.com/obj/c8510002be9a3a61aad2?lk3s=138a59ce&x-expires=1779544800&x-signature=YGr5Ss%2FmqG7LjX84cMemX4icfUU%3D&from=327834062""]",,,
68608063173,2026-05-09 22:34:08.172774,,MS4wLjABAAAAyaUdVNghdWpX5PLsiH39F8K2u8LZX-gBtUgilUdFFCU,,72196779,小赫旅行日记,"以脚步丈量历史厚度，专注探访全国古迹古墓，解锁岁月尘封的故事。
@小赫（竖版视频） 🎒（生活号）
商务＋xiaohelvxing001（备注来意）
谢谢您的关注和支持",1711987,7586668,,,1,,,,"[""https://p3-pc-sign.douyinpic.com/obj/c8510002be9a3a61aad2?lk3s=138a59ce&x-expires=1779544800&x-signature=YGr5Ss%2FmqG7LjX84cMemX4icfUU%3D&from=327834062""]",,,
398475919101564,2026-05-09 22:34:11.616456,,MS4wLjABAAAAHSl_RKN1-Rqe8XgVA7_-QofSzixkc6wi24JxNU1sjAU,51911916062,51911916062,小木说给你听,"关注小木，把我的视频当作您看世界的眼睛
2025荣获《河北省文旅推荐官》
商务📅：RXSZXM2
生于华夏 馈于华夏
小木来自河北石家庄，军人出身
行万里路传播正能量
用脚步丈量祖国的大好河山
不忘初心 继续前行.",3467920,33888029,,,1,,,,"[""https://p3-pc-sign.douyinpic.com/obj/c8510002be9a3a61aad2?lk3s=138a59ce&x-expires=1779544800&x-signature=YGr5Ss%2FmqG7LjX84cMemX4icfUU%3D&from=327834062""]",,,
3553215023416615,2026-05-09 22:34:17.900945,,MS4wLjABAAAAv3avteltq6p1dy3kmWRu1P5fjGwWuuYL4sVwTpFy_p-eF8LEu2sGeDtYvTteHgwZ,HJ20010405,3774523602,纯爱战士小竹,"影视剧&人文社科知识科普
你的电子褪黑素~
正版账号，不是盗视频！",16307,236919,,,1,,,,"[""https://p9-pc-sign.douyinpic.com/obj/c8510002be9a3a61aad2?lk3s=138a59ce&x-expires=1779544800&x-signature=GjtdeJ5vtievZ4V846YAZ85j6TA%3D&from=327834062""]",,,
111608693809,2026-05-09 22:34:25.541657,,MS4wLjABAAAACyyduCHp9GLJdtfqnPJl3dxs8J4QsR8SdMQJMLHjT1U,,2133540430,3,"努力做好每一个作品，把欢乐传递给每一位朋友❤️
点单🛰️搜：狠人电竞俱乐部（小程序/服雾号）@狠人电竞 
商务合作➕HEBI109",2295501,28270497,,,1,,,,"[""https://p3-pc-sign.douyinpic.com/obj/c8510002be9a3a61aad2?lk3s=138a59ce&x-expires=1779544800&x-signature=YGr5Ss%2FmqG7LjX84cMemX4icfUU%3D&from=327834062""]",,,
4396312897006170,2026-05-09 22:34:40.109651,,MS4wLjABAAAAhZcZRzNmlW2MRBgw2sBJ-6KKDnCN3m-LdeOzP-OvId9Fe9dk5YvhkgRDrKOlQOU-,25218833358,25218833358,偷走月亮的Q,"韩娱圈野生观察员｜Kpop回归安利、影视测评和饭圈趣闻
商务：kaozhu123
抖音独家签约作者",29317,3770724,,,1,,,,"[""https://p3-pc-sign.douyinpic.com/obj/c8510002be9a3a61aad2?lk3s=138a59ce&x-expires=1779544800&x-signature=YGr5Ss%2FmqG7LjX84cMemX4icfUU%3D&from=327834062""]",,,
99011709398,2026-05-09 22:34:49.721627,,MS4wLjABAAAAqL7zJ62ZiYv9hiiSiWMVJavRorns2ApXcfT5bFkxb1g,,1172917354,不想上学的（学生）,"一个看动漫的OG ，搁这解读动漫背后的那些细节👀
招文案✍🏿剪辑💻
商务合作:562401895
抖音签约独家作者，搬运必究❌",128896,5043928,,,1,,,,"[""https://p3-pc-sign.douyinpic.com/obj/c8510002be9a3a61aad2?lk3s=138a59ce&x-expires=1779544800&x-signature=YGr5Ss%2FmqG7LjX84cMemX4icfUU%3D&from=327834062""]",,,
3c49281d-b8e4-2cc9-5b55-3efab7526ed0,2026-05-09 22:35:03.680467,,,,,我的,,,,,,,,,,,,,
3c49281d-b8e4-2cc9-5b55-3efab7526ed0,2026-05-09 22:35:07.427009,,,,,我的,,,,,,,,,,,,,
4172004065023247,2026-05-09 22:35:09.681389,,MS4wLjABAAAAapCPDnhIXW7z1rD3y1zkzxAaP4cqaR0-lufg4rjWZxnJJGvo2Ba8QPSwtwpsbJKo,48417055352,48417055352,烫史儿,"大号@唐尼是个ber 
星图商务：tnsgder(注明来意)",11679487,231443501,,,1,,,,"[""https://p3-pc-sign.douyinpic.com/obj/c8510002be9a3a61aad2?lk3s=138a59ce&x-expires=1779544800&x-signature=YGr5Ss%2FmqG7LjX84cMemX4icfUU%3D&from=327834062""]",,,
3573835808906792,2026-05-09 22:35:15.844501,,MS4wLjABAAAA9B9o9SY9RDvYe00g8bVPIoxtVgQgJ_KUPHnLGgutoOMRF1pNRF3_sWrsEKrYX474,98908152009,98908152009,机灵小狼君,"💼 上海海归创业女性 | 导师级AI应用师
👫 团队自研数字人、VR、AI小程序
🔥 专注最新Al转化可落地的提效&变现方式
🏫 The University of Warwick
📭 chenfan@9orange.com",9128,57910,,,1,,,,"[""https://p3-pc-sign.douyinpic.com/obj/c8510002be9a3a61aad2?lk3s=138a59ce&x-expires=1779544800&x-signature=YGr5Ss%2FmqG7LjX84cMemX4icfUU%3D&from=327834062""]",,,
110611022534,2026-05-09 22:35:22.463073,,MS4wLjABAAAAuhPj-3tegQh11FOuYrF1v2EU_FIMXRLFKIB1Hr0WJlQ,,1977173732,单身羡慕狗🐶,感谢大家的喜欢,35950,147943,,,1,,,,"[""https://p9-pc-sign.douyinpic.com/obj/c8510002be9a3a61aad2?lk3s=138a59ce&x-expires=1779544800&x-signature=GjtdeJ5vtievZ4V846YAZ85j6TA%3D&from=327834062""]",,,
62637336337,2026-05-09 22:35:41.341264,,MS4wLjABAAAAIF6rMTpqONt0NV7nN5vs0W9IyoxkFk0E-s8HlAQOFOU,,60686662,江洋看世界,"只懂一个国家的人，他实际上什么国家都不懂——李普塞特
天天做视频没空看书了，所以改名了。
@江洋读书看世界-没空读书版＝@江洋看世界",689826,4295326,,,1,,,,"[""https://p3-pc-sign.douyinpic.com/obj/c8510002be9a3a61aad2?lk3s=138a59ce&x-expires=1779544800&x-signature=YGr5Ss%2FmqG7LjX84cMemX4icfUU%3D&from=327834062""]",,,
99122011-406a-3093-d6f4-12d58f812ac8,2026-05-09 22:35:47.202739,,,,,我的,,,,,,,,,,,,,
99122011-406a-3093-d6f4-12d58f812ac8,2026-05-09 22:35:49.311375,,,,,我的,,,,,,,,,,,,,
99122011-406a-3093-d6f4-12d58f812ac8,2026-05-09 22:35:51.444249,,,,,我的,,,,,,,,,,,,,
529330356364171,2026-05-09 22:35:53.632846,,MS4wLjABAAAACLWHBxjak9bvRePeiA_ElSUyce3bCseXDrnZuRBeAgA,65738812760,65738812760,阿欢看番日记,二次元聚集地，随便聊聊，动漫探讨 商务合作:kezai2512(添加备注来意),29019,897239,,,1,,,,"[""https://p9-pc-sign.douyinpic.com/obj/c8510002be9a3a61aad2?lk3s=138a59ce&x-expires=1779544800&x-signature=GjtdeJ5vtievZ4V846YAZ85j6TA%3D&from=327834062""]",,,
1587321034777699,2026-05-09 22:35:56.533165,,MS4wLjABAAAAjr1nlNl1zw5HFwWy6a--602FTujknnvLsQxbHPjgdTSN7dxV1NjRbKUbQcNH6tJg,wuyuwuqiucisheng,3469497743,沪上总,"上个账号没卖，只是离职了
擅长解锁每个城市的美食
谢谢大家的支持♥️",93471,2013145,,,1,,,,"[""https://p3-pc-sign.douyinpic.com/obj/c8510002be9a3a61aad2?lk3s=138a59ce&x-expires=1779544800&x-signature=YGr5Ss%2FmqG7LjX84cMemX4icfUU%3D&from=327834062""]",,,
1745673955319227,2026-05-09 22:36:03.076848,,MS4wLjABAAAA1GkXVQ13vqf9m4CMCOMCq1gK1b_gevwCldCKNgwqXR2tPbh5s6QhHLMg-Fmiae-o,yuan2983395,3605358866,第365次日落,"🔥下🥚公种呺:@速凌电竞 
♻️回收旧哈夫币@朝乾商行 757 
@三角洲西西西商行 
其他平台皆为冒充！！（骗子过多，咨询请认准朝乾商行757）
商务：_Ananqaq(非本人)
⚠️注意速凌电竞蓝v认证！
只有这四个字其他都是冒充！！！
急需分镜师大神，编导，加入团队",5881271,87760703,,,1,,,,"[""https://p3-pc-sign.douyinpic.com/obj/c8510002be9a3a61aad2?lk3s=138a59ce&x-expires=1779544800&x-signature=YGr5Ss%2FmqG7LjX84cMemX4icfUU%3D&from=327834062""]",,,
14094718939,2026-05-09 22:36:11.181511,,MS4wLjABAAAAZ_l7vJ9SeqZLYiFjiqiUs_kHmcZBsSB7lSjynI7lZRA,mengcheng62230,3976600136,梦城,"沉淀沉淀
招文案，剪辑
商务合作：Ax585867（添加备注来意）",32339,1980109,,,1,,,,"[""https://p3-pc-sign.douyinpic.com/obj/c8510002be9a3a61aad2?lk3s=138a59ce&x-expires=1779544800&x-signature=YGr5Ss%2FmqG7LjX84cMemX4icfUU%3D&from=327834062""]",,,
795700993989083,2026-05-09 22:36:19.282789,,MS4wLjABAAAAOH881dp4VQtFGr8iQlYT8a4weNopQsBLNuq5q2rw-GI,lan86237,2300990295,兰,"隔壁直播
希望我的视频能给每一个人带来快乐
听说我是西伯利亚老山羊？咩咩咩咩！！
【老山羊电竞】【下单】服雾号搜🛰️【老山羊电竞】考核看🐧：754384099
🛰️：wxs007514sy",522396,2302954,,,1,,,,"[""https://p3-pc-sign.douyinpic.com/obj/c8510002be9a3a61aad2?lk3s=138a59ce&x-expires=1779544800&x-signature=YGr5Ss%2FmqG7LjX84cMemX4icfUU%3D&from=327834062""]",,,
1848752731074624,2026-05-09 22:36:25.407088,,MS4wLjABAAAAcD0WtdqMkk-TjB5qgJX5WFovKxQZjUer86xieSlekEksviqLhE4Z_0HF_ktgeWVI,27281166943,27281166943,海棠蚀,"内双肿眼泡，敏感肌、小个子
生活花絮这里 @阿九子 ☀️
•许愿池的王八
想看啥角色，欢迎留言 投稿 艾特！
商v：yy1605087027",10307990,224396556,,,1,,,,"[""https://p3-pc-sign.douyinpic.com/obj/c8510002be9a3a61aad2?lk3s=138a59ce&x-expires=1779544800&x-signature=YGr5Ss%2FmqG7LjX84cMemX4icfUU%3D&from=327834062""]",,,
2258810838459188,2026-05-09 22:36:34.448866,,MS4wLjABAAAAyxKY3uQtojZls91oiUCJgUQAqtecxHskRVshnb90taWJsvMVPyP1-9CGRCOOL470,33916233966,33916233966,安澜（三角洲行动）,"🎊直播时间：下午3点  
⭐三角洲老祖家仓库:@粑粑三角洲（不要错字哦）
⭐三角洲高玩：@豆腐电竞（三角洲行动） 
🛰️商务联系:@🥕  🤫切片联系：@粑粑粽切片总殿  
🧧福袋兑换：@萍果欣欣（安澜小助理） 
🌞日常号:@猛攻的哈基澜
只认以上，其他说dy和我合作的一律是骗子
洲之颠，傲世间，有我安澜便有天！（中二）",4107382,42982860,,,1,,,,"[""https://p3-pc-sign.douyinpic.com/obj/c8510002be9a3a61aad2?lk3s=138a59ce&x-expires=1779544800&x-signature=YGr5Ss%2FmqG7LjX84cMemX4icfUU%3D&from=327834062""]",,,
2631566537789524,2026-05-09 22:36:40.620326,,MS4wLjABAAAA6Wk5PTi-XEPNS7pNl3IAJ6btFNhojv7EdazhgvRgHVgqR_7mhRyAu1S8a9-hFeeW,87333773662,87333773662,阿澜,"所有作品均为原创｜大号@予依木兰 
全英雄上🌟巅峰大小国➕v：ache910【本人安全效率】@澈离电竞(上⭐️全英雄大小国）
百段路人王 售后无忧 国服裴🥣➕v：DK040199 @天真（DK club）",45344,795271,,,1,,,,"[""https://p3-pc-sign.douyinpic.com/obj/c8510002be9a3a61aad2?lk3s=138a59ce&x-expires=1779544800&x-signature=YGr5Ss%2FmqG7LjX84cMemX4icfUU%3D&from=327834062""]",,,
1362992924727519,2026-05-09 22:36:53.891582,,MS4wLjABAAAANYoRd62vA077Wk67BlNokJ52bptXnTV9JKW4kKNS8sXqhz8fY7u7cRnsdzYk9bLl,dy3pro8vgd6x,3463035223,Border,讲动漫里的温柔瞬间，读角色没说出口的心事。愿你在故事里看到自己。,50415,881427,,,1,,,,"[""https://p3-pc-sign.douyinpic.com/obj/c8510002be9a3a61aad2?lk3s=138a59ce&x-expires=1779544800&x-signature=YGr5Ss%2FmqG7LjX84cMemX4icfUU%3D&from=327834062""]",,,
94826405616,2026-05-09 22:37:02.881983,,MS4wLjABAAAAYrZkS5Ik9S0R3iFLbJRAUSBlsu3MknkaDTQDrjaJTQM,Ti1986522,995998194,田先森,"足坛名场面+足球趣闻
体验足球的快乐
代✂️+商务 CY1017070",129861,5320237,,,1,,,,"[""https://p3-pc-sign.douyinpic.com/obj/c8510002be9a3a61aad2?lk3s=138a59ce&x-expires=1779544800&x-signature=YGr5Ss%2FmqG7LjX84cMemX4icfUU%3D&from=327834062""]",,,
2005143940502856,2026-05-09 22:37:16.480828,,MS4wLjABAAAAK2SbnGlUo6DjtxDAtWQqmu9MelFCf_zictS7NARxvhg7jlDcKfaTjri8BqBH7XwB,73041877915,73041877915,xieaoio,"168 96 不会私信，谨防被骗
全平台号👉：@-鱼九九-
【5.7号下午6点抖音&红书，眼镜专场直播，有问题进主页群】
合作📮751880339@qq.com",68960,594599,,,1,,,,"[""https://p9-pc-sign.douyinpic.com/obj/c8510002be9a3a61aad2?lk3s=138a59ce&x-expires=1779544800&x-signature=GjtdeJ5vtievZ4V846YAZ85j6TA%3D&from=327834062""]",,,
358887131197456,2026-05-09 22:37:24.889938,,MS4wLjABAAAApwH-n5cNIuRKXZ7c3wtUnuoeeLK_pQNLQCNAAYB77xY,23260278291,23260278291,1967🇵🇸,"招募优质剪辑手、文案写手
每日更新篮球故事合集,尽情期待!
剪辑/文案/交流请私信🏀",23722,588338,,,1,,,,"[""https://p3-pc-sign.douyinpic.com/obj/c8510002be9a3a61aad2?lk3s=138a59ce&x-expires=1779544800&x-signature=YGr5Ss%2FmqG7LjX84cMemX4icfUU%3D&from=327834062""]",,,
1d7b682d-17b0-4351-a44c-15830d7b7ff6,2026-05-09 22:37:39.305038,,,,,我的,,,,,,,,,,,,,
152174687161056,2026-05-09 22:37:43.203253,,MS4wLjABAAAAMPhC5rt82jWDIMrfJhpF9luW4M8QvjhCAxrHWVR1FvI,kkv08,34242879157,川西带队（提供车辆装备）,"✦包含车辆装备摄影吃住行：KTM70707
✦川西车队基地｜酒店🏨｜带队🏍｜318摩友驿站⛺️
✦@七月ㅤ车队为你保驾护航｜与你一起探索川西秘境
✦最近行程：『5.6-5.9』 『5.11-5.14』『5.15–18』『5.22-5.25』『5.27-5.30』",39405,729621,,,1,,,,"[""https://p3-pc-sign.douyinpic.com/obj/c8510002be9a3a61aad2?lk3s=138a59ce&x-expires=1779544800&x-signature=YGr5Ss%2FmqG7LjX84cMemX4icfUU%3D&from=327834062""]",,,
2894390606432803,2026-05-09 22:37:45.997391,,MS4wLjABAAAAdYf-ecdSL8GH2Z89vTfyUlQkv_f_b1u2ZlBAQavwtKoxd8T-XXl4uiYFbR5fz2NM,45746467568,45746467568,烁烁（畅听旋律）,"🕸️1️⃣☁️博客：DJ烁烁
🛰️：FU13803159405
⬆️收徒⬆️共创⬆️MP3单曲
热门旋律@DJSkine",45378,1771324,,,1,,,,"[""https://p3-pc-sign.douyinpic.com/obj/c8510002be9a3a61aad2?lk3s=138a59ce&x-expires=1779544800&x-signature=YGr5Ss%2FmqG7LjX84cMemX4icfUU%3D&from=327834062""]",,,
536160099636663,2026-05-09 22:37:48.609964,,MS4wLjABAAAAKR_trmE1bDeBzoV3gYyfSEs4VFrikwX7568OiYyQm_k,k20160917,3699472494,茜云,"听说关注之后都摸到想要的大红了，杨齐家切片鼠一枚
正主在这儿 @杨齐家(三角洲行动)",133522,1194866,,,1,,,,"[""https://p3-pc-sign.douyinpic.com/obj/c8510002be9a3a61aad2?lk3s=138a59ce&x-expires=1779544800&x-signature=YGr5Ss%2FmqG7LjX84cMemX4icfUU%3D&from=327834062""]",,,
106857201122,2026-05-09 22:37:57.892287,,MS4wLjABAAAAkASPzTkTtABffEIw1pBLDcHnaO1H-6c_jrx3D-skct4,47894853285,47894853285,鞅论星轨,"做不设限的学科漫游者，关注交叉学科，复杂科学与人工智能的前沿进展，每一次热爱都值得被珍藏！
橱窗不用太在意，都是自己家需要的东西临时上架，赚个佣金手动给自己打个折🤣大家需要啥也可以后台私信我，佣金每累计1000，买奖品随机给大伙抽了，不挣钱权当交朋友",2481,10693,,,1,,,,"[""https://p3-pc-sign.douyinpic.com/obj/c8510002be9a3a61aad2?lk3s=138a59ce&x-expires=1779544800&x-signature=YGr5Ss%2FmqG7LjX84cMemX4icfUU%3D&from=327834062""]",,,
96544136506,2026-05-09 22:38:03.984094,,MS4wLjABAAAAxksRdq3L8DIep8yLZsCtpR9ZPQ04L9JURDilQ5Z5bDQ,,703221329,河马🇨🇳海外之旅,"非洲坦桑尼亚❤️海外奋斗六年❤️
记录我的生活❤️分享海外常识❤️
相遇即是缘分❤️感谢你的关注❤️",471933,3403505,,,1,,,,"[""https://p9-pc-sign.douyinpic.com/obj/c8510002be9a3a61aad2?lk3s=138a59ce&x-expires=1779544800&x-signature=GjtdeJ5vtievZ4V846YAZ85j6TA%3D&from=327834062""]",,,
af302a7d-235b-8d80-fa8c-f0bb6b2d9f64,2026-05-09 22:38:12.240777,,,,,我的,,,,,,,,,,,,,
7561923163878097978,2026-05-09 22:38:14.386850,,MS4wLjABAAAAWnefAd5gms2u9j-VUqGa5KrhipX9yRH9eKgDtOB9Nbv67t7qXAAZfdZw4uyFpher,57036214785,57036214785,世界奇源,"✨ 动物世界科普！🐿️ 🌰🥜🥜
✨ 谢谢你的喜欢！🐿️ 🌰🌰🥜🥜",35609,362938,,,1,,,,"[""https://p3-pc-sign.douyinpic.com/obj/c8510002be9a3a61aad2?lk3s=138a59ce&x-expires=1779544800&x-signature=YGr5Ss%2FmqG7LjX84cMemX4icfUU%3D&from=327834062""]",,,
2532894624192711,2026-05-09 22:38:22.044619,,MS4wLjABAAAAZbjbu7ixNgK2PhhIOqn0ipjFKKnWO8LtbzEFmDMvJ8KmdlOf4krWP4RdkBD10LF4,NewVoiceFilms,4100558809,新声电影,希望成为一个有趣的灵魂,11643,360889,,,1,,,,"[""https://p3-pc-sign.douyinpic.com/obj/c8510002be9a3a61aad2?lk3s=138a59ce&x-expires=1779544800&x-signature=YGr5Ss%2FmqG7LjX84cMemX4icfUU%3D&from=327834062""]",,,
af302a7d-235b-8d80-fa8c-f0bb6b2d9f64,2026-05-09 22:38:24.791212,,,,,我的,,,,,,,,,,,,,
3361637295458059,2026-05-09 22:38:27.045905,,MS4wLjABAAAAbfVarPnFFC3LoZg9SXtN3Zl2aS3LRPEYd90aDVdFdD-eWr3D9Pzhjr-4P6Muduw5,72223341295,72223341295,熊出没动画站,,5501,25693,,,1,,,,"[""https://p9-pc-sign.douyinpic.com/obj/c8510002be9a3a61aad2?lk3s=138a59ce&x-expires=1779544800&x-signature=GjtdeJ5vtievZ4V846YAZ85j6TA%3D&from=327834062""]",,,
1852033346830684,2026-05-09 22:38:29.622522,,MS4wLjABAAAAaQK0Bo3nk-ExosEjvdCY7OCM_y0bhO-K_1ePomsx0-k8tUPPg-RzDmqpt8TO3FKE,70440661686,70440661686,牛马解说,"每只动物都有属于它们自己的故事！
《独白》《科普》《搞笑》
希望大家喜欢🫰",162954,779474,,,1,,,,"[""https://p3-pc-sign.douyinpic.com/obj/c8510002be9a3a61aad2?lk3s=138a59ce&x-expires=1779544800&x-signature=YGr5Ss%2FmqG7LjX84cMemX4icfUU%3D&from=327834062""]",,,
af302a7d-235b-8d80-fa8c-f0bb6b2d9f64,2026-05-09 22:38:36.194203,,,,,我的,,,,,,,,,,,,,
3474108524017422,2026-05-09 22:38:38.537461,,MS4wLjABAAAAILIw3u36-ZeQ5bppiel2BIruvfEMiqYP-s5j5BEoZ767AipdwrSw97aYRvqOUiR_,22106232933,22106232933,欲缘.,"🐯承蒙厚爱 谢谢关注，非专业的剪辑  不定时更新作品🌹
🐯您的点赞和关注是我持续更新的动力 非常感谢各位🌹",300826,5703817,,,1,,,,"[""https://p9-pc-sign.douyinpic.com/obj/c8510002be9a3a61aad2?lk3s=138a59ce&x-expires=1779544800&x-signature=GjtdeJ5vtievZ4V846YAZ85j6TA%3D&from=327834062""]",,,
1030673477932720,2026-05-09 22:38:47.395075,,MS4wLjABAAAAExBbLwgD2KOur2jWJVzEQXSg5swoRdJXZAmo6PC123phNGqJfbvTfIrbSXFYhlK5,jie157340451,76913964196,驭史而行,"🍋专注汽车历史解说！
🫰感谢每一位关注！讲好每一段故事！",18866,272905,,,1,,,,"[""https://p3-pc-sign.douyinpic.com/obj/c8510002be9a3a61aad2?lk3s=138a59ce&x-expires=1779544800&x-signature=YGr5Ss%2FmqG7LjX84cMemX4icfUU%3D&from=327834062""]",,,
2927343252802730,2026-05-09 22:38:53.529871,,MS4wLjABAAAAwAXyez6jZYJxuIf0gxL-kwuaU-oH3dz9CyGuMI5TufSgK1VL3tFVzP-Ba_inHGv5,71093789466,71093789466,find h,"记录旅行中见到的陌生人的故事
读万卷书，行万里路
看真实的世界体验不同的人生可能
各国玩乐会员攻略598起！大阪东京有一户建可以预定！
商务请注明来意：Holywarriorworld",286248,1508938,,,1,,,,"[""https://p3-pc-sign.douyinpic.com/obj/c8510002be9a3a61aad2?lk3s=138a59ce&x-expires=1779544800&x-signature=YGr5Ss%2FmqG7LjX84cMemX4icfUU%3D&from=327834062""]",,,
1233006044124739,2026-05-09 22:39:00.279368,,MS4wLjABAAAAWT2-m8yE6L5vQQOmTZd3FHYOwJ-POYKQ9ggNn5DUi4pXdxKEm135wkIBf3CBz44a,63972498910,63972498910,自从得了精神病，整个人都精神多了,"鸣潮动画连续剧《鸣潮雄心》持续更新中，关注不迷路
讨论群：694406244",32366,582803,,,1,,,,"[""https://p9-pc-sign.douyinpic.com/obj/c8510002be9a3a61aad2?lk3s=138a59ce&x-expires=1779544800&x-signature=GjtdeJ5vtievZ4V846YAZ85j6TA%3D&from=327834062""]",,,
57efa322-a5fe-bbe9-dfab-92e9cc3189db,2026-05-09 22:39:07.669959,,,,,我的,,,,,,,,,,,,,
102014571334,2026-05-09 22:39:10.798044,,MS4wLjABAAAApsw9fVo3wFz6hIqCZkr-kmFjYC7vBbIR-WmXfXQoW6c,,1194975239,迎,,923956,11918871,,,1,,,,"[""https://p3-pc-sign.douyinpic.com/obj/c8510002be9a3a61aad2?lk3s=138a59ce&x-expires=1779544800&x-signature=YGr5Ss%2FmqG7LjX84cMemX4icfUU%3D&from=327834062""]",,,
57efa322-a5fe-bbe9-dfab-92e9cc3189db,2026-05-09 22:39:17.108311,,,,,我的,,,,,,,,,,,,,
3519983505117395,2026-05-09 22:39:20.162284,,MS4wLjABAAAAyY5oGX-h92W325Qx4bUfzo0boxs_QwjpTeCO_RgLA_RramfrpOEiP39NLUZZypp3,98925587446,98925587446,˚ʚ₍ ᐢ清风ᐢ  ₎ɞ˚,是一条活人的日常,5294,28372,,,1,,,,"[""https://p3-pc-sign.douyinpic.com/obj/c8510002be9a3a61aad2?lk3s=138a59ce&x-expires=1779544800&x-signature=YGr5Ss%2FmqG7LjX84cMemX4icfUU%3D&from=327834062""]",,,
57efa322-a5fe-bbe9-dfab-92e9cc3189db,2026-05-09 22:39:26.454736,,,,,我的,,,,,,,,,,,,,
116976837472564,2026-05-09 22:39:29.143066,,MS4wLjABAAAAPqfdkEWGdYGafAoqAX-mEfz2fo6smlruHbAi-GQSoms,53600325967,53600325967,谋生者白言（无畏契约）,"赋能夜露专精  0枪法上赋能第一人
技术高手/温柔甜美：@Fake电竞 
小电视播  投稿邮箱 2352643883@qq.com
哈基言Q群：1080792409
哈基言V群：-by114514     （备注来意）
商务合作vx: c1561729069",346883,4541445,,,1,,,,"[""https://p3-pc-sign.douyinpic.com/obj/c8510002be9a3a61aad2?lk3s=138a59ce&x-expires=1779544800&x-signature=YGr5Ss%2FmqG7LjX84cMemX4icfUU%3D&from=327834062""]",,,
80191783316,2026-05-09 22:39:31.454605,,MS4wLjABAAAAJmdvox1xAyQ3E_jObefOGZWioR3shFgalk4HF9Gkopo,,153020542,Pia子,"⛹🏻‍♂️运动无界，热爱无边
⛹🏻‍♀️分享体育背后的励志故事！
【本账号解说声音已获@葫芦说车 授权】",105636,4608487,,,1,,,,"[""https://p3-pc-sign.douyinpic.com/obj/c8510002be9a3a61aad2?lk3s=138a59ce&x-expires=1779544800&x-signature=YGr5Ss%2FmqG7LjX84cMemX4icfUU%3D&from=327834062""]",,,
82119117638,2026-05-09 22:39:39.095385,,MS4wLjABAAAA7EoXIr6KahCEV_a2EG7PW2JrTOZbtyk2VOVfL2EIHs8,MXHmakeup,285422605,造型师马小花,"零基础想学习成化妆师｜化妆师进修(都可以)
咨询化妆/看长教程请点:@马小花造型KF（培训） 
所有化妆好物看这里，本人推荐@马小花
马小花化妆造型培训学校创始人
国内知名化妆讲师，培养化妆师超7000人
不跟网感，化妆千人千面，输出各种审美",2437212,33623797,,,1,,,,"[""https://p3-pc-sign.douyinpic.com/obj/c8510002be9a3a61aad2?lk3s=138a59ce&x-expires=1779544800&x-signature=YGr5Ss%2FmqG7LjX84cMemX4icfUU%3D&from=327834062""]",,,
c442139c-ea68-522a-32cd-376aab6ee4c8,2026-05-09 22:39:44.718133,,,,,我的,,,,,,,,,,,,,
c442139c-ea68-522a-32cd-376aab6ee4c8,2026-05-09 22:39:46.819611,,,,,我的,,,,,,,,,,,,,
c442139c-ea68-522a-32cd-376aab6ee4c8,2026-05-09 22:39:48.936594,,,,,我的,,,,,,,,,,,,,
c442139c-ea68-522a-32cd-376aab6ee4c8,2026-05-09 22:39:51.069159,,,,,我的,,,,,,,,,,,,,
c442139c-ea68-522a-32cd-376aab6ee4c8,2026-05-09 22:39:53.428601,,,,,我的,,,,,,,,,,,,,
51006864113548,2026-05-09 22:39:55.726451,,MS4wLjABAAAAu3nx0mE5VS1TknBG21mKwqIzOBgxaS7NjUBPXpidJtI,96149758683,96149758683,方块丶,"开心最重要 
仓库：@三角洲西西西商行 
双子星：@贪吃的杜 
偶像：@方块块",548765,10022496,,,1,,,,"[""https://p3-pc-sign.douyinpic.com/obj/c8510002be9a3a61aad2?lk3s=138a59ce&x-expires=1779544800&x-signature=YGr5Ss%2FmqG7LjX84cMemX4icfUU%3D&from=327834062""]",,,
109304332854,2026-05-09 22:39:58.095073,,MS4wLjABAAAAeSILphIhZTYTa8TNyj5YHToVLXrKv4fr3Uo9tOn2Nts,,1864912453,童叔动漫游戏,"🔥喜欢动漫游戏的怀旧大叔
🔥一起追忆最难忘的时光
🔥橱窗有我们儿时的回忆",760828,7058437,,,1,,,,"[""https://p3-pc-sign.douyinpic.com/obj/c8510002be9a3a61aad2?lk3s=138a59ce&x-expires=1779544800&x-signature=YGr5Ss%2FmqG7LjX84cMemX4icfUU%3D&from=327834062""]",,,
4153322460956442,2026-05-09 22:40:00.768210,,MS4wLjABAAAAuWiQ_az8KgYcywQQDMA0yPwwAtLM5-7MFf6rQfq903kocillhU5BqoqUjLqrDNfT,80889425916,80889425916,鲲述史,"你知道课本之外的历史细节吗？
历史是最好的编剧🎞️
但真实的故事远超戏剧📺",76231,782867,,,1,,,,"[""https://p3-pc-sign.douyinpic.com/obj/c8510002be9a3a61aad2?lk3s=138a59ce&x-expires=1779544800&x-signature=YGr5Ss%2FmqG7LjX84cMemX4icfUU%3D&from=327834062""]",,,
c442139c-ea68-522a-32cd-376aab6ee4c8,2026-05-09 22:40:08.368734,,,,,我的,,,,,,,,,,,,,
2417187782926460,2026-05-09 22:40:11.929274,,MS4wLjABAAAAOkuLj6jV_8d9bWnqG0flgHKfSvBSp_tEpg4VEGCocRrC6B7JzYUikSctnGvl9RX1,91353288053,91353288053,问千秋,"千秋兴衰，一鉴知往
纵论古今，见微知著",29202,162286,,,1,,,,"[""https://p3-pc-sign.douyinpic.com/obj/c8510002be9a3a61aad2?lk3s=138a59ce&x-expires=1779544800&x-signature=YGr5Ss%2FmqG7LjX84cMemX4icfUU%3D&from=327834062""]",,,
103975810214,2026-05-09 22:40:30.854072,,MS4wLjABAAAAyNK7cbRMEjnl7eP-JAmuce9tzdmV9VmSeWplD24maDw,,1605023859,濤聲不再依舊,"用独特视角挖掘动物的野性魅力
用最原始的情怀为您呈现动物的自然传奇
商务734135706（请注明来意）",2414003,22731052,,,1,,,,"[""https://p3-pc-sign.douyinpic.com/obj/c8510002be9a3a61aad2?lk3s=138a59ce&x-expires=1779544800&x-signature=YGr5Ss%2FmqG7LjX84cMemX4icfUU%3D&from=327834062""]",,,
c442139c-ea68-522a-32cd-376aab6ee4c8,2026-05-09 22:40:44.961401,,,,,我的,,,,,,,,,,,,,
c442139c-ea68-522a-32cd-376aab6ee4c8,2026-05-09 22:40:48.962188,,,,,我的,,,,,,,,,,,,,
c442139c-ea68-522a-32cd-376aab6ee4c8,2026-05-09 22:40:51.119646,,,,,我的,,,,,,,,,,,,,
c442139c-ea68-522a-32cd-376aab6ee4c8,2026-05-09 22:40:53.434961,,,,,我的,,,,,,,,,,,,,
957036205183050,2026-05-09 22:40:55.536810,,MS4wLjABAAAAGqjp8SLY1cT9EbK2pnyJYmyo5aAOiKwiIImpRj6pBAY,hu81yyds,32549398610,追寻自由的胡81,"一个96程序员，决定逃离工作计划(不是不工作，而是不简单出卖自己劳动力和时间）
25年，看了一些书，明白了一些道理，不妨勇敢做自己，决定五月份离职环游中国（期间探索自由职业，自媒体+电商）
5月份开始做电商，第一个月已经出单了，足足赚了500元巨款
7月份，也就是做自媒体的第二个月，自媒体当月收入2000
朋友们，有梦就去实现吧，大胆行动，未来没有那么可怕
合作请注明意图：hu81yyds",184502,1675172,,,1,,,,"[""https://p3-pc-sign.douyinpic.com/obj/c8510002be9a3a61aad2?lk3s=138a59ce&x-expires=1779544800&x-signature=YGr5Ss%2FmqG7LjX84cMemX4icfUU%3D&from=327834062""]",,,
517214955665408,2026-05-09 22:40:58.483039,,MS4wLjABAAAAY-_WSQ-47YBDnN-KOAwBFhAn7LaWqiagLF1L-Fr4pzU,Kk885121,31577333058,燕子说动漫,"❤️每天更新有趣的动漫视频❤️
❤️感谢您这么好看还关注我❤️",80462,489548,,,1,,,,"[""https://p3-pc-sign.douyinpic.com/obj/c8510002be9a3a61aad2?lk3s=138a59ce&x-expires=1779544800&x-signature=YGr5Ss%2FmqG7LjX84cMemX4icfUU%3D&from=327834062""]",,,
1102137613105723,2026-05-09 22:41:01.136587,,MS4wLjABAAAAkiy2PVuNW4QW-7k16uAXp5B9hIP94LkZgfPI7lBIG482I0wVpAqZbcJVArVMvb0e,idjdbeb,80124344714,开场白,"每一个为梦想拼搏的追梦人
都是自己的Super Star！
|现在关注就是老粉了🤟🤟🙏🙏|
| 原创视频！感谢大家的支持与关注！谢谢！|",3436,421801,,,1,,,,"[""https://p3-pc-sign.douyinpic.com/obj/c8510002be9a3a61aad2?lk3s=138a59ce&x-expires=1779544800&x-signature=YGr5Ss%2FmqG7LjX84cMemX4icfUU%3D&from=327834062""]",,,
1297051500945928,2026-05-09 22:41:08.262275,,MS4wLjABAAAAojFCDsU20I7xhZGaZSIljK6ImBmjLCJiaj3RFXVONI1NFhokyO8ZafDe1XqNfubt,muwaimen2951,2835576658,木外门,我们是大学初恋，在一起12年了（恋爱5年、结婚7年），经历过跨国、大城市漂泊，定居浙江乡村。在这里和大家分享我们舒适相处的经验。,7067,21440,,,1,,,,"[""https://p3-pc-sign.douyinpic.com/obj/c8510002be9a3a61aad2?lk3s=138a59ce&x-expires=1779544800&x-signature=YGr5Ss%2FmqG7LjX84cMemX4icfUU%3D&from=327834062""]",,,
93008862345,2026-05-09 22:41:16.795285,,MS4wLjABAAAAVgrzDoduCxxZfZKPzQfDp5LD5CWbF6nA9vQanHpF3qg,klanqiu,34046514508,篮球视角🏀,"🏀讲述篮球故事，分享体育热爱
🌹谢谢你的关注",8984,182637,,,1,,,,"[""https://p3-pc-sign.douyinpic.com/obj/c8510002be9a3a61aad2?lk3s=138a59ce&x-expires=1779544800&x-signature=YGr5Ss%2FmqG7LjX84cMemX4icfUU%3D&from=327834062""]",,,
3649979855409980,2026-05-09 22:41:22.530142,,MS4wLjABAAAAmeBSW3JMUTlr91Q9VkyIiB2tR-U62BHbbHUwXlLUyPB5OgJJ0jAGgwH9p4t_WDNz,feirun33086,3498936796,Toyota小美,26款凯美瑞2.0双擎运动plus女车主🚗,6049,178397,,,1,,,,"[""https://p3-pc-sign.douyinpic.com/obj/c8510002be9a3a61aad2?lk3s=138a59ce&x-expires=1779544800&x-signature=YGr5Ss%2FmqG7LjX84cMemX4icfUU%3D&from=327834062""]",,,
111131149128,2026-05-09 22:41:28.852366,,MS4wLjABAAAAbCZ4D7757UsRsoqZkQsUnhSAByd7cFDz7viKgo1t3T8,A71271137,2034635006,悟 空,"每天中午12:00准时更新，欢迎收看

商业合作（请备注内容）：dandanzhang128@yahoo.com",1740251,8347429,,,1,,,,"[""https://p3-pc-sign.douyinpic.com/obj/c8510002be9a3a61aad2?lk3s=138a59ce&x-expires=1779544800&x-signature=YGr5Ss%2FmqG7LjX84cMemX4icfUU%3D&from=327834062""]",,,
98151223492,2026-05-09 22:41:43.516529,,MS4wLjABAAAAfz8eNd2jsNdKRSAzJbRhZo0fQ1vc25YD_ENE4qUudy8,,918156205,拂晓东升,"🥰喜欢旅游，热爱美食！坚持走遍世界！
😘粉丝+💫：xmcm0916
👑承蒙厚爱，感谢关注！
饭搭子：@陈小沫的小号",5565539,59072991,,,1,,,,"[""https://p3-pc-sign.douyinpic.com/obj/c8510002be9a3a61aad2?lk3s=138a59ce&x-expires=1779544800&x-signature=YGr5Ss%2FmqG7LjX84cMemX4icfUU%3D&from=327834062""]",,,
3648631262682890,2026-05-09 22:41:51.850515,,MS4wLjABAAAAsfTfb1ZO4Hda17WG6jbYFH_VhNStzJB8sKmbNMnk4I31ZMkPo-68C9Um888f41R0,mn00924,38056178631,CS（地铁逃生）,"直播时间：下午16点-18点  晚21点-23:00
商务合作🛰️：CS786991（备注来意，不然不通过！）
作品都是直播素材    （每周三休息）
辣椒日常更新：@小cs 
我是卧底  只玩cs
视频来源均为直播素材
本人没有俱乐部，谨防上当受骗！",269976,2960076,,,1,,,,"[""https://p3-pc-sign.douyinpic.com/obj/c8510002be9a3a61aad2?lk3s=138a59ce&x-expires=1779544800&x-signature=YGr5Ss%2FmqG7LjX84cMemX4icfUU%3D&from=327834062""]",,,
86518249884,2026-05-09 22:41:58.895659,,MS4wLjABAAAAwL5PGD9n5x9uvk4Sf9kbJK-hs9KPAA5M_fkenSSFxAE,Miracle48957,358661686,Miracle,"中德情侣 Lee💍Gerrit
🧠设计师 📍深圳
频道更美妆/生活分享
售后问题联系@ONLeeLOVE小助理-龙珠 
小号@ONLee本Lee
商务：wx112ppc",2132111,14504837,,,1,,,,"[""https://p3-pc-sign.douyinpic.com/obj/c8510002be9a3a61aad2?lk3s=138a59ce&x-expires=1779544800&x-signature=YGr5Ss%2FmqG7LjX84cMemX4icfUU%3D&from=327834062""]",,,
71037570641,2026-05-09 22:42:12.633485,,MS4wLjABAAAAgsUGwmKyWKm3fogxLjXeJdBftWP2IwaPMScXT7pnqN0,,84854581,曹小灵,前顶级科技咨询公司亚太区负责人 | 阿姆斯特丹大学MBA | 财经商业、博弈谈判资深观察员,615481,2263057,,,1,,,,"[""https://p3-pc-sign.douyinpic.com/obj/c8510002be9a3a61aad2?lk3s=138a59ce&x-expires=1779544800&x-signature=YGr5Ss%2FmqG7LjX84cMemX4icfUU%3D&from=327834062""]",,,
1526560720166935,2026-05-09 22:42:20.183173,,MS4wLjABAAAAwlFJmUwJNLm4Fjlz32QSBjFxIXiEzyRETHJVcsImy8lCl2Jkyf4Lz5z85vk9Y2un,80611782051,80611782051,矛盾螺旋,"相信技术,相信正道,相信华夏
真实的表达观点和态度比对错重要
独立开发者
以防万一，多谢关注备用号：@第二基地 
联系+♈️   xfengzs",4472602,35694457,,,1,,,,"[""https://p3-pc-sign.douyinpic.com/obj/c8510002be9a3a61aad2?lk3s=138a59ce&x-expires=1779544800&x-signature=YGr5Ss%2FmqG7LjX84cMemX4icfUU%3D&from=327834062""]",,,
452614974087687,2026-05-09 22:42:33.829739,,MS4wLjABAAAA-DvILatuviIV4mCWo38zWHmbzQnrBRXTVnKxCjveH4Q,22796286003,22796286003,22796286003,🎧耳机分你一只 开启只属于你的情绪出口🎵,1837,63795,,,1,,,,"[""https://p9-pc-sign.douyinpic.com/obj/c8510002be9a3a61aad2?lk3s=138a59ce&x-expires=1779544800&x-signature=GjtdeJ5vtievZ4V846YAZ85j6TA%3D&from=327834062""]",,,
a506f983-7ab7-279c-b334-fc5a56236b2f,2026-05-09 22:42:42.078032,,,,,我的,,,,,,,,,,,,,
1532058866031113,2026-05-09 22:42:45.403758,,MS4wLjABAAAAFq5pgjS6oaK1PoVlIuHplsUG0M8nfytjjbuK-fpkr2IQ7X6NkTeDpAs1B5NUZtCf,51393297639,51393297639,Soleil.,"宝宝们快来听歌🎵
🕸️易☁️：子夕Lau
合作🛰️：Michi_AnoHana（备注来意）
教学／🚗U盘🛰️：-Kxiii",215926,7966557,,,1,,,,"[""https://p3-pc-sign.douyinpic.com/obj/c8510002be9a3a61aad2?lk3s=138a59ce&x-expires=1779544800&x-signature=YGr5Ss%2FmqG7LjX84cMemX4icfUU%3D&from=327834062""]",,,
3e4016a4-877b-18bd-78ec-0e741bf645a9,2026-05-09 22:42:51.137549,,,,,我的,,,,,,,,,,,,,
294323877840263,2026-05-09 22:42:53.246187,,MS4wLjABAAAAtMRAOxFJo2CTM5H2TbAIEq8Q96tFS4cC3MAV01bL6cM,ylp1376947,3020869336,小舞说斗罗,"正在尝试真人配音....不喜勿喷！禁止克隆🚫🚫
感谢每一个关注我的人！💗🐯🈶
恶意举报，替我挡灾！！！！",600706,8845822,,,1,,,,"[""https://p3-pc-sign.douyinpic.com/obj/c8510002be9a3a61aad2?lk3s=138a59ce&x-expires=1779544800&x-signature=YGr5Ss%2FmqG7LjX84cMemX4icfUU%3D&from=327834062""]",,,
37860243418404,2026-05-09 22:43:00.291340,,MS4wLjABAAAAR6sKd8MXJ9Ay7AOz1Mqliivsizajsq55o_h8f6kW8qI,iyouoyi_DYid,57278804481,独衣无二,向每一个努力存续的文明和为文明存续奋斗的人，致以最崇高的敬意。商务微信：HanzawaTopaz,8813,155519,,,1,,,,"[""https://p3-pc-sign.douyinpic.com/obj/c8510002be9a3a61aad2?lk3s=138a59ce&x-expires=1779544800&x-signature=YGr5Ss%2FmqG7LjX84cMemX4icfUU%3D&from=327834062""]",,,
3e4016a4-877b-18bd-78ec-0e741bf645a9,2026-05-09 22:43:06.944542,,,,,我的,,,,,,,,,,,,,
2773445873240571,2026-05-09 22:43:08.997532,,MS4wLjABAAAAg2eD_zRc0ozR1C_or71PYo2-yBR07VWvINdZqMkLqAZx1l1VIFLrWuN5dyzdaGID,pqqpqpq,71330161620,千屿影视,"🎬阅万千影视 品百味人生
✨持续更新中 后续更精彩",75970,1962892,,,1,,,,"[""https://p3-pc-sign.douyinpic.com/obj/c8510002be9a3a61aad2?lk3s=138a59ce&x-expires=1779544800&x-signature=YGr5Ss%2FmqG7LjX84cMemX4icfUU%3D&from=327834062""]",,,
1499382892731860,2026-05-09 22:43:11.542505,,MS4wLjABAAAALcLNXk2v4mjGLByH_iT_kZDuSHz5gawSsGntjEicrCKcx8kuZoYWEeET_U3O_6MI,labishuotiyu,4202783717,蜡笔足球（收徒）,"这世界，唯有足球不可辜负
学习商务加hz9060060
 备注来意才会通过",118626,4782503,,,1,,,,"[""https://p3-pc-sign.douyinpic.com/obj/c8510002be9a3a61aad2?lk3s=138a59ce&x-expires=1779544800&x-signature=YGr5Ss%2FmqG7LjX84cMemX4icfUU%3D&from=327834062""]",,,
02bc0f57-a3f3-fc6e-7594-3caa51263a9f,2026-05-09 22:43:18.191208,,,,,我的,,,,,,,,,,,,,
02bc0f57-a3f3-fc6e-7594-3caa51263a9f,2026-05-09 22:43:20.817057,,,,,我的,,,,,,,,,,,,,
2714010949525021,2026-05-09 22:43:22.975392,,MS4wLjABAAAA3mS66kAe8lzKcn9G4548yVifX9H-FFfd8RJUGY-sPg9TfM_z_OJ8DYxTurbz0qLr,95054367331,95054367331,舒克电影,"✨专注悬疑/犯罪/动作/人性
✨招文案、招投稿，欢迎带作品咨询！ 
✨感谢抖音平台",962606,8823729,,,1,,,,"[""https://p3-pc-sign.douyinpic.com/obj/c8510002be9a3a61aad2?lk3s=138a59ce&x-expires=1779544800&x-signature=YGr5Ss%2FmqG7LjX84cMemX4icfUU%3D&from=327834062""]",,,
92848710207,2026-05-09 22:43:31.757884,,MS4wLjABAAAAu5bveT_KavDx3uFYtDlOahJ1siDnMjz81jXq9APcgkI,Onestarrrrrr,342986423,星星总是在开车🚗,"工作和代驾没本质区别🤣
数不清开过多少款车🤣
揣着国家B级赛照🤣
MUFM资深用户🤣",6943,69128,,,1,,,,"[""https://p3-pc-sign.douyinpic.com/obj/c8510002be9a3a61aad2?lk3s=138a59ce&x-expires=1779544800&x-signature=YGr5Ss%2FmqG7LjX84cMemX4icfUU%3D&from=327834062""]",,,
7547261929199305788,2026-05-09 22:43:37.254963,,MS4wLjABAAAAQ2aD9XjJiAn5QKp_GU5STkgXx0bPDfBNdYJ75uncBJrMfAh6-A3Quz2fqeSlnIBA,77329709733,77329709733,中国风味,"四方食事，不过一碗人间烟火
让我们一同追溯，舌尖上的中国风味",158099,651969,,,1,,,,"[""https://p3-pc-sign.douyinpic.com/obj/c8510002be9a3a61aad2?lk3s=138a59ce&x-expires=1779544800&x-signature=YGr5Ss%2FmqG7LjX84cMemX4icfUU%3D&from=327834062""]",,,
63556187172,2026-05-09 22:43:50.986811,,MS4wLjABAAAAd_apP3E6WATmrnKDruoNp2RFtDWD31eGZeejj4RXVxE,cywl2333,41172641,反派巧乐兹🦋,"最细最全的三角洲俱乐部测评
直播时间9:05-13:00 周四休息
商务：ruoyingovo
助理（视频体验单/禁言：@狐狸没有毛🦊（青涩小助理）",60243,905405,,,1,,,,"[""https://p3-pc-sign.douyinpic.com/obj/c8510002be9a3a61aad2?lk3s=138a59ce&x-expires=1779544800&x-signature=YGr5Ss%2FmqG7LjX84cMemX4icfUU%3D&from=327834062""]",,,
4331722849388172,2026-05-09 22:44:05.193318,,MS4wLjABAAAAzx0KoXLdLfgv2IGP-iAFJ_ls0ErHQ8fzYmV1UUOs7zP68Mvl497rsvzuzcHRTqyR,26371746026,26371746026,吹散z,"在隔壁直播 时间12-14点 19-21点
全能百星求生者 拿过很多S牌 绝活先知最高S2
教学兼娱乐博主 如果视频能给你带来启发和快乐就再好不过啦",526429,9737907,,,1,,,,"[""https://p3-pc-sign.douyinpic.com/obj/c8510002be9a3a61aad2?lk3s=138a59ce&x-expires=1779544800&x-signature=YGr5Ss%2FmqG7LjX84cMemX4icfUU%3D&from=327834062""]",,,
70753972247,2026-05-09 22:44:09.762821,,MS4wLjABAAAA3DXjlhRuecCe5Lj4VT8Tne1_R83LR_UVM-lolw_Qanw,,577804673,Amber💗🌹🍀,"一边旅行一边读懂中国艺术史！
行四方，侃艺术！
梦想做一个装载艺术的漂流瓶，游到世界每处！",20319,166552,,,1,,,,"[""https://p3-pc-sign.douyinpic.com/obj/c8510002be9a3a61aad2?lk3s=138a59ce&x-expires=1779544800&x-signature=YGr5Ss%2FmqG7LjX84cMemX4icfUU%3D&from=327834062""]",,,
3287953428456298,2026-05-09 22:44:17.048222,,MS4wLjABAAAAwvxC6MPBZ9lsOgL4ZITSyezTW07M2Sp6Df-K5S_XJjOCyFUWhMijSsyjLuXtZvip,fbh888520,60226871455,范不慌,"『知命而行天命，是上士之道』
认知成长｜情感关系｜了解自己
📩商务合作：fbh01888",647131,7049402,,,1,,,,"[""https://p3-pc-sign.douyinpic.com/obj/c8510002be9a3a61aad2?lk3s=138a59ce&x-expires=1779544800&x-signature=YGr5Ss%2FmqG7LjX84cMemX4icfUU%3D&from=327834062""]",,,
2282227505311262,2026-05-09 22:44:43.052953,,MS4wLjABAAAAAkKO468DkNi7ftK8-2ol-jr31ajR7dDnxrQBK08DTHb-AWmKiSqmk4YFrRRol02M,MJMFYX829,2939243396,MJ•迈粉影像,"–持续更新MJ双语高清修复演唱会切片&MV&演出
–分享Michael大爱👑👑👑
-橱窗有MJ周边短袖喜欢的可以看看哟🥰🥰🥰",291163,5454811,,,1,,,,"[""https://p3-pc-sign.douyinpic.com/obj/c8510002be9a3a61aad2?lk3s=138a59ce&x-expires=1779544800&x-signature=YGr5Ss%2FmqG7LjX84cMemX4icfUU%3D&from=327834062""]",,,
7532645772019876923,2026-05-09 22:44:58.564749,,MS4wLjABAAAAURWEn9gtctJycTQYmk2PeCUL2XWNIK-WRINPieH3zL1yKBz4ImOsTg8aHSszlOZs,87621953079,87621953079,港电影,"🎬再好的解说也不及去看一次原片
🎬超清蓝光修复经典港片
✍️已签约独家，外站勿扰",151563,633665,,,1,,,,"[""https://p3-pc-sign.douyinpic.com/obj/c8510002be9a3a61aad2?lk3s=138a59ce&x-expires=1779544800&x-signature=YGr5Ss%2FmqG7LjX84cMemX4icfUU%3D&from=327834062""]",,,
1767648549668375,2026-05-09 22:45:07.329073,,MS4wLjABAAAAmvqKcm1dBmv5TQO44GMMQYyCG7aH8h3vKJRPUXdU-9m0qyHvGbBdHIfoHw7AkQj5,96393337130,96393337130,电三驴的粉丝,"喜欢的达人：@电三驴
考古早期驴哥视频
希望驴哥快快回来更新，粉丝们都想死了你了",6380,27962,,,1,,,,"[""https://p3-pc-sign.douyinpic.com/obj/c8510002be9a3a61aad2?lk3s=138a59ce&x-expires=1779544800&x-signature=YGr5Ss%2FmqG7LjX84cMemX4icfUU%3D&from=327834062""]",,,
110501074000,2026-05-09 22:45:21.347303,,MS4wLjABAAAAnaJXL6Zsz9qUKVXj9We7aX388EIOof4RTYQtvpm5Vs0,Dams777,3713218094,大喵叔,"本喵性格：人善闷骚爱腿怕鬼。 商务：Dmo777
猛户陪玩下🥚搜：@非酋电竞 
哈夫换馒头就找@小草商行（哈币♻️） 
靠谱代肝哈夫找：@鼠攻电竞",452175,5583916,,,1,,,,"[""https://p3-pc-sign.douyinpic.com/obj/c8510002be9a3a61aad2?lk3s=138a59ce&x-expires=1779544800&x-signature=YGr5Ss%2FmqG7LjX84cMemX4icfUU%3D&from=327834062""]",,,
1618933180542663,2026-05-09 22:45:30.026875,,MS4wLjABAAAAFvYVYSmrHYDeplvU1AQpImDPtEkpX61VdUXMio8661S9cqg0beOU-V53XgQzL8mI,67125188489,67125188489,王者荣耀爱鸽,"极霸流代言人，喜欢研究各种好玩的打法
商单只接一口价",29868,499033,,,1,,,,"[""https://p3-pc-sign.douyinpic.com/obj/c8510002be9a3a61aad2?lk3s=138a59ce&x-expires=1779544800&x-signature=YGr5Ss%2FmqG7LjX84cMemX4icfUU%3D&from=327834062""]",,,
c442139c-ea68-522a-32cd-376aab6ee4c8,2026-05-09 22:45:35.975547,,,,,我的,,,,,,,,,,,,,
c442139c-ea68-522a-32cd-376aab6ee4c8,2026-05-09 22:45:38.072134,,,,,我的,,,,,,,,,,,,,
c442139c-ea68-522a-32cd-376aab6ee4c8,2026-05-09 22:45:40.267694,,,,,我的,,,,,,,,,,,,,
92773717548,2026-05-09 22:45:42.510519,,MS4wLjABAAAAVp9OiFuB2e8yt7vsJBtUPNoLJ1INqNLlcfTOoUdg784,,1054950370,Sooya.,"记录的意义是让幸福的瞬间可以翻阅
🧣🍠：十一列车-

饭搭子：@贡菜大王",1928908,87283471,,,1,,,,"[""https://p3-pc-sign.douyinpic.com/obj/c8510002be9a3a61aad2?lk3s=138a59ce&x-expires=1779544800&x-signature=YGr5Ss%2FmqG7LjX84cMemX4icfUU%3D&from=327834062""]",,,
60496994371,2026-05-09 22:45:48.999067,,MS4wLjABAAAAFV1IhraKRTIIVf1vBZIA2iDHqIyl_31X0ipO0vQps-M,,154736346,暮暮,"啃点乱七八糟的日常
视频同款在➗窗奥😋（真实测评，千人千味）
📥zhiyaocc21💕（备注来意）
（请勿搬运，违者必究）",120337,1318133,,,1,,,,"[""https://p3-pc-sign.douyinpic.com/obj/c8510002be9a3a61aad2?lk3s=138a59ce&x-expires=1779544800&x-signature=YGr5Ss%2FmqG7LjX84cMemX4icfUU%3D&from=327834062""]",,,
104654554985,2026-05-09 22:45:55.022833,,MS4wLjABAAAAJOKqUCyf2Qd5U5Rrq8LFo8xJoMLHrQzAZB77v1Q7tyQ,,1510609846,niner,"努力发光🌟
全网同名 
不允许评论诋毁人或者容易引战的言论，本人很少看评论，如看到不好的会删除，请合理发言",5473,1422416,,,1,,,,"[""https://p9-pc-sign.douyinpic.com/obj/c8510002be9a3a61aad2?lk3s=138a59ce&x-expires=1779544800&x-signature=GjtdeJ5vtievZ4V846YAZ85j6TA%3D&from=327834062""]",,,
61944624464,2026-05-09 22:46:09.261432,,MS4wLjABAAAAcDB9SHPBFWzB5trS_23pGOQTMYvQmBW2g51pHyIa2qM,,24590153,羡慕同桌的好同桌,"叫我大韩就行！
经常吃自助餐！偶尔做个奖金猎人！
假如这世界上没有人爱你，那就由我来守护你吧～
合作带品牌加v:yyddh211314",359052,5778774,,,1,,,,"[""https://p3-pc-sign.douyinpic.com/obj/c8510002be9a3a61aad2?lk3s=138a59ce&x-expires=1779544800&x-signature=YGr5Ss%2FmqG7LjX84cMemX4icfUU%3D&from=327834062""]",,,
4a62e5d2-7d37-6d33-cc32-e80a1605348d,2026-05-09 22:46:17.821410,,,,,我的,,,,,,,,,,,,,
3223387464272589,2026-05-09 22:46:23.608210,,MS4wLjABAAAAxpbvbKshhbtnQha_RF7X9RjY1gCSFtIPA17JoJbkdWL1dD0M368eN1Mx4X_KSVnk,025030916030yn,2158831516,莫问归期,🌹 谢谢您的关注,57033,4488123,,,1,,,,"[""https://p3-pc-sign.douyinpic.com/obj/c8510002be9a3a61aad2?lk3s=138a59ce&x-expires=1779544800&x-signature=YGr5Ss%2FmqG7LjX84cMemX4icfUU%3D&from=327834062""]",,,
71423414695,2026-05-09 22:46:40.130113,,MS4wLjABAAAAdgSquGhR8Cn2yCM37v0JcV16r9hXRebvPvFzzAEYqCM,wk19950404,112297442,十一(电视剧解说),"真人配音，
外站勿扰，以签独家
谨慎搬运，追究到底
如果只有上集没有下集，那就是被下架了。",87759,969510,,,1,,,,"[""https://p3-pc-sign.douyinpic.com/obj/c8510002be9a3a61aad2?lk3s=138a59ce&x-expires=1779544800&x-signature=YGr5Ss%2FmqG7LjX84cMemX4icfUU%3D&from=327834062""]",,,
93069031722,2026-05-09 22:46:46.569663,,MS4wLjABAAAAjq5ja2ImedKrd-JIJwBBX8XsvOyQY-RUTD_Yjo_Jpw4,940827_950617,1689481747,扣扣Cola,"🏰在青岛，专注于老车翻新
🚗发动机、变速箱原厂数据翻新
🚌整车底盘喷砂电泳，内饰翻新
🚚外观全套巴斯夫鹦鹉镜面漆
✈️私信车型报价
🌏 car89garage",78680,233610,,,1,,,,"[""https://p3-pc-sign.douyinpic.com/obj/c8510002be9a3a61aad2?lk3s=138a59ce&x-expires=1779544800&x-signature=YGr5Ss%2FmqG7LjX84cMemX4icfUU%3D&from=327834062""]",,,
c442139c-ea68-522a-32cd-376aab6ee4c8,2026-05-09 22:46:52.985966,,,,,我的,,,,,,,,,,,,,
c442139c-ea68-522a-32cd-376aab6ee4c8,2026-05-09 22:47:00.072289,,,,,我的,,,,,,,,,,,,,
1394647162952631,2026-05-09 22:47:03.423818,,MS4wLjABAAAAY-2Oq-WAP_kgXK8rHZ6qQZEdjeYCFliGEzilYxZbZ1Rb7xWjeguiRkMqyo4s-Sp2,34175455537,34175455537,咕嘎不旮旯,"直播时间第一场14:00-17:00  偶尔小号播：@SH电竞俱乐部 
自家宫棕赫大神甜妹33V：@SH电竞俱乐部",356275,8826583,,,1,,,,"[""https://p3-pc-sign.douyinpic.com/obj/c8510002be9a3a61aad2?lk3s=138a59ce&x-expires=1779544800&x-signature=YGr5Ss%2FmqG7LjX84cMemX4icfUU%3D&from=327834062""]",,,
2309430182946664,2026-05-09 22:47:11.914067,,MS4wLjABAAAAZ_Gl_QxZbz6W5qYSUWsfdeCCdWr_PEl0oKKk426iDneoirrBwQruGu3FGVctcZ8f,38395757925,38395757925,山鱼海,"两万分国服李信未拥有者🏆
s41赛季用李信霸榜巅峰第一未成功🏆
经常用热血南梁但主播不是热血南梁☺️
喜欢就点赞关注吧😍",152303,2938557,,,1,,,,"[""https://p3-pc-sign.douyinpic.com/obj/c8510002be9a3a61aad2?lk3s=138a59ce&x-expires=1779544800&x-signature=YGr5Ss%2FmqG7LjX84cMemX4icfUU%3D&from=327834062""]",,,
3282464680190620,2026-05-09 22:47:14.615626,,MS4wLjABAAAALpbllmWXbFddbZ_g4sXYim0Ar4zYKwLKX-ua9HwfpzHVZAstseZYSW7PjN4EphGN,98842954367,98842954367,默林,"这里是酷鱼的频道，持续带你沉浸式体验镜头里的精彩！
不接广告，不卖号，不发其他平台，抄袭搬运必究",200298,3552233,,,1,,,,"[""https://p3-pc-sign.douyinpic.com/obj/c8510002be9a3a61aad2?lk3s=138a59ce&x-expires=1779544800&x-signature=YGr5Ss%2FmqG7LjX84cMemX4icfUU%3D&from=327834062""]",,,
c442139c-ea68-522a-32cd-376aab6ee4c8,2026-05-09 22:47:21.171954,,,,,我的,,,,,,,,,,,,,
752506145090127,2026-05-09 22:47:24.245396,,MS4wLjABAAAAwN-db7ZV2xd0ymcfMMIzaREsZiYvaxRIghcDWM9VeUI,93932551354,93932551354,喵兔影视,"一部电影，一个人生
一样的电影，不一样的解读
点合集可看完整集数",159945,2873809,,,1,,,,"[""https://p3-pc-sign.douyinpic.com/obj/c8510002be9a3a61aad2?lk3s=138a59ce&x-expires=1779544800&x-signature=YGr5Ss%2FmqG7LjX84cMemX4icfUU%3D&from=327834062""]",,,
782445959455886,2026-05-09 22:47:26.698656,,MS4wLjABAAAAz0iRbsuYw3s4HErMEXN-8t8qn31TGtfUJUkQHxaHc_o,13713813988w,3421209973,脑洞大开,"📽️专注动物世界纪录片
👀沉浸式观看野生动物的秘密生活
💕愿您喜欢，感谢关注🙏",19911,108107,,,1,,,,"[""https://p3-pc-sign.douyinpic.com/obj/c8510002be9a3a61aad2?lk3s=138a59ce&x-expires=1779544800&x-signature=YGr5Ss%2FmqG7LjX84cMemX4icfUU%3D&from=327834062""]",,,
1222262814681480,2026-05-09 22:47:34.532282,,MS4wLjABAAAABflBSSs0_klbf51-oDpzOVFo3BLK_Np4jaAi88C0XZTdEtaj09fvIFuA6I6QVaVf,XGZT2024,3744576694,小G知识局,"感谢你的关注！
对世界保持好奇，让小G说给你听！
全网同名，同步更新！
每天都要有点小快乐",1311911,16039169,,,1,,,,"[""https://p9-pc-sign.douyinpic.com/obj/c8510002be9a3a61aad2?lk3s=138a59ce&x-expires=1779544800&x-signature=GjtdeJ5vtievZ4V846YAZ85j6TA%3D&from=327834062""]",,,
c442139c-ea68-522a-32cd-376aab6ee4c8,2026-05-09 22:47:40.100784,,,,,我的,,,,,,,,,,,,,
7535515266944730170,2026-05-09 22:47:42.060184,,MS4wLjABAAAAqNSWWOus4Ows3FrQNIdM8h533mDtikCxry9UCV7qnuwGQ5C_8Bf8xojJ7WXjt34g,DMG95271205,90826409746,思政大满贯,"跟着大满贯老师学思政·让你思政大满贯
提升高中成绩1v1、定向快速提升课、小课班等
专业严谨 细致用心 高中学习交流-私信
加主页粉丝群，学习资料请关注@思政大满贯的小助理",163897,982614,,,1,,,,"[""https://p3-pc-sign.douyinpic.com/obj/c8510002be9a3a61aad2?lk3s=138a59ce&x-expires=1779544800&x-signature=YGr5Ss%2FmqG7LjX84cMemX4icfUU%3D&from=327834062""]",,,
c442139c-ea68-522a-32cd-376aab6ee4c8,2026-05-09 22:47:44.477441,,,,,我的,,,,,,,,,,,,,
c442139c-ea68-522a-32cd-376aab6ee4c8,2026-05-09 22:47:46.732154,,,,,我的,,,,,,,,,,,,,
68380629219,2026-05-09 22:47:49.017239,,MS4wLjABAAAAKbrSFmMDYl9gh0eH9RESlpmZYT6f6U5M5al6bVddNSc,,70990689,列缺霹雳,6666666666,2991,310471,,,1,,,,"[""https://p3-pc-sign.douyinpic.com/obj/c8510002be9a3a61aad2?lk3s=138a59ce&x-expires=1779544800&x-signature=YGr5Ss%2FmqG7LjX84cMemX4icfUU%3D&from=327834062""]",,,
4349309425555924,2026-05-09 22:47:56.549908,,MS4wLjABAAAAnOCespxlawH0y-_s3A3xoYRap6bUuwxRLEwTS3-pv9TVoxMYZUJtu94cS8UEgZdN,SCR88088,3695102373,传奇老马·马亮,敦煌老马发小，大家点个关注，支持一下,93132,632738,,,1,,,,"[""https://p9-pc-sign.douyinpic.com/obj/c8510002be9a3a61aad2?lk3s=138a59ce&x-expires=1779544800&x-signature=GjtdeJ5vtievZ4V846YAZ85j6TA%3D&from=327834062""]",,,
3916875565106080,2026-05-09 22:48:03.777107,,MS4wLjABAAAAfaZz_elkrR54vvTprL0PStdF3JzqZ6ZmaZ-iv1MywGAbzZsN-G97EGIKUIO7Vx1N,47262999532,47262999532,会呆呆,"🈴U33FFF
05大三学姐，评论问链接回复不及时，直接进粉丝群！另外平时看到有想学的妆可以@我噢
橱🪟都是我的自用款噢，🔍理性种草
仿各种各样的妆容，近距离不讲废话的妆教，希望能帮到你们！",152840,4628380,,,1,,,,"[""https://p3-pc-sign.douyinpic.com/obj/c8510002be9a3a61aad2?lk3s=138a59ce&x-expires=1779544800&x-signature=YGr5Ss%2FmqG7LjX84cMemX4icfUU%3D&from=327834062""]",,,
308304901319086,2026-05-09 22:48:17.662244,,MS4wLjABAAAA7rm6fo8L_53KxeC7Vohh__ocTbeKJvN44ReiZqYHEkU,55895363438,55895363438,游子,"我喜欢一朵花，未必一定要摘它下来。
我喜欢风，难道让风停下来，让我闻闻。",12796,1193468,,,1,,,,"[""https://p3-pc-sign.douyinpic.com/obj/c8510002be9a3a61aad2?lk3s=138a59ce&x-expires=1779544800&x-signature=YGr5Ss%2FmqG7LjX84cMemX4icfUU%3D&from=327834062""]",,,
b2332ea9-a0b8-40ab-fbcd-4d5f53f18253,2026-05-09 22:48:25.494406,,,,,我的,,,,,,,,,,,,,
95457337016,2026-05-09 22:48:29.620874,,MS4wLjABAAAAKQ88LuweHpVKUPuVzLJCYzWpQYukRl0H8TATuEn1lQc,Timeisland2018,954473238,时差岛,探索世界奇观，理解人类奇迹,459310,18980884,,,1,,时差岛（北京）网络科技有限公司,,"[""https://p3-pc-sign.douyinpic.com/obj/c8510002be9a3a61aad2?lk3s=138a59ce&x-expires=1779544800&x-signature=YGr5Ss%2FmqG7LjX84cMemX4icfUU%3D&from=327834062""]",,,
3891926451362508,2026-05-09 22:48:35.396176,,MS4wLjABAAAAvOLPYowtFnEwyTFX90m3n4N8HLcD6n5tH58OP2P0dpXejQFFBLubnvyQt-4gJpaU,50251172452,50251172452,车闻百家说,"直线硬刚、越野实测
真人配音不AI
带你看懂最真实的性能差距🚗💨⚙️",323337,3863062,,,1,,,,"[""https://p3-pc-sign.douyinpic.com/obj/c8510002be9a3a61aad2?lk3s=138a59ce&x-expires=1779544800&x-signature=YGr5Ss%2FmqG7LjX84cMemX4icfUU%3D&from=327834062""]",,,
666754430804105,2026-05-09 22:48:38.928195,,MS4wLjABAAAAw34wyREAR9nH-MtnXExFgLzvSACvFsgxZH2KGUDbFhA,95328016314,95328016314,云梦自然说,"科普奇妙动物 分享有趣故事
了解自然星球 珍惜生命美好
希望大家喜欢 感谢点赞关注",50186,437034,,,1,,,,"[""https://p3-pc-sign.douyinpic.com/obj/c8510002be9a3a61aad2?lk3s=138a59ce&x-expires=1779544800&x-signature=YGr5Ss%2FmqG7LjX84cMemX4icfUU%3D&from=327834062""]",,,
4026831712551051,2026-05-09 22:48:41.874187,,MS4wLjABAAAAtCXAju2ku3tdzaogFgwePrTSfc8kvB6Jr8gjBgM-WClfHzlaD8SGwIwdioAiII67,87822255399,87822255399,空巷,来首music！,19081,737834,,,2,,,,"[""https://p9-pc-sign.douyinpic.com/obj/c8510002be9a3a61aad2?lk3s=138a59ce&x-expires=1779544800&x-signature=GjtdeJ5vtievZ4V846YAZ85j6TA%3D&from=327834062""]",,,
59589523985,2026-05-09 22:48:44.330623,,MS4wLjABAAAAfc2IMdG5neRANRsCRHdcVtU6oSk2RB5flL1RTKp0_-k,,20019253,华天崎,"明星彩妆师，匠心，风格美，分享美。
日常@真的华天崎 同款@“华”重点 
明星妆发团队创办人@华天崎工作室 
素人模特招募&中奖名单@华天崎小助理",1523073,16999757,,,1,,,,"[""https://p3-pc-sign.douyinpic.com/obj/c8510002be9a3a61aad2?lk3s=138a59ce&x-expires=1779544800&x-signature=YGr5Ss%2FmqG7LjX84cMemX4icfUU%3D&from=327834062""]",,,
d4d01695-c3c7-b25a-8c0e-ca7926de171a,2026-05-09 22:48:46.755262,,,,,我的,,,,,,,,,,,,,
2417187782926460,2026-05-09 22:48:48.936612,,MS4wLjABAAAAOkuLj6jV_8d9bWnqG0flgHKfSvBSp_tEpg4VEGCocRrC6B7JzYUikSctnGvl9RX1,91353288053,91353288053,问千秋,"千秋兴衰，一鉴知往
纵论古今，见微知著",29205,162293,,,1,,,,"[""https://p3-pc-sign.douyinpic.com/obj/c8510002be9a3a61aad2?lk3s=138a59ce&x-expires=1779544800&x-signature=YGr5Ss%2FmqG7LjX84cMemX4icfUU%3D&from=327834062""]",,,
1315483947646571,2026-05-09 22:48:56.504206,,MS4wLjABAAAA9yUGotH1ROSPGGyFRjC-grBGT6xBQpQojKrkSORGzXaBCK6yR6dQaLGVnJMQO3qi,galizhuiju,70195029988,咖喱追剧,Every Misstep，Leads To The Next Success.,1565678,15455324,,,1,,,,"[""https://p3-pc-sign.douyinpic.com/obj/c8510002be9a3a61aad2?lk3s=138a59ce&x-expires=1779544800&x-signature=YGr5Ss%2FmqG7LjX84cMemX4icfUU%3D&from=327834062""]",,,
7520894534788678715,2026-05-09 22:49:11.306808,,MS4wLjABAAAA9osHTGAi0f50OxdRAdmtJzoSK2BgIpYDITs2DtT8zzSOOn8PTXo-9aKsLtUFzavz,26995857211,26995857211,𝗥𝗮𝗶𝗻𝗱𝗿𝗼𝗽,“ᐅ II||II||II||II ″ 请你听首歌.▸🎧︎”,23910,761408,,,1,,,,"[""https://p3-pc-sign.douyinpic.com/obj/c8510002be9a3a61aad2?lk3s=138a59ce&x-expires=1779544800&x-signature=YGr5Ss%2FmqG7LjX84cMemX4icfUU%3D&from=327834062""]",,,
7e547736-6b0f-b1dd-6a7a-64c00e8b7b20,2026-05-09 22:49:17.363167,,,,,我的,,,,,,,,,,,,,
1129948451452958,2026-05-09 22:49:20.761348,,MS4wLjABAAAAhV8-lz-QOUpkk492RbeuOM4c1ocosD_DPY9IQiE6iQJR7YW87fECiUQk55QhDXHU,CMG_yangshipin,2299332428,央视频,中央广播电视总台央视频官方账号,29400261,900437745,,,1,,中央广播电视总台央视频官方账号,,"[""https://p3-pc-sign.douyinpic.com/obj/c8510002be9a3a61aad2?lk3s=138a59ce&x-expires=1779544800&x-signature=YGr5Ss%2FmqG7LjX84cMemX4icfUU%3D&from=327834062""]",,,
fcd910ba-fa73-9272-de07-3f74342e5559,2026-05-09 22:49:25.989392,,,,,我的,,,,,,,,,,,,,
93517796699,2026-05-09 22:49:28.021918,,MS4wLjABAAAAU3IqhPXYgYol8zr_dtPyfJSUmP8HJbCpsxiRmo4Jgt4,LY810212,371649359,娱乐星鲜事,"📷现场直拍 | 😃首映礼现场
📚影视资讯 | 🆕明星见面会
喜欢的朋友点点关注❤️",14459,987574,,,1,,,,"[""https://p3-pc-sign.douyinpic.com/obj/c8510002be9a3a61aad2?lk3s=138a59ce&x-expires=1779544800&x-signature=YGr5Ss%2FmqG7LjX84cMemX4icfUU%3D&from=327834062""]",,,
73134626979,2026-05-09 22:49:30.591682,,MS4wLjABAAAAahGwhY9e9ooMVLBmbL12YZ2_2_hYs-H09x_PXWu81v8,zhijiju001,574991679,金局,"一书一模型
播放量高的都是好内容
播放量低的都是真干货
就这样。",31718,78372,,,1,,,,"[""https://p3-pc-sign.douyinpic.com/obj/c8510002be9a3a61aad2?lk3s=138a59ce&x-expires=1779544800&x-signature=YGr5Ss%2FmqG7LjX84cMemX4icfUU%3D&from=327834062""]",,,
4275317714719022,2026-05-09 22:49:33.231828,,MS4wLjABAAAAaoL5egVgkPCo2DxZKTM-GUUQc55uTGz-EPN8-KS2D0eTSX4jiJFKZZf8YdRAPyyV,CW2021211,4031462877,迎新年看春晚,1983年-2026年央视春晚网播平台,18323312,71717463,,,1,,《央视春晚》网播平台,,"[""https://p9-pc-sign.douyinpic.com/obj/c8510002be9a3a61aad2?lk3s=138a59ce&x-expires=1779544800&x-signature=GjtdeJ5vtievZ4V846YAZ85j6TA%3D&from=327834062""]",,,
1161513499368653,2026-05-09 22:49:41.431043,,MS4wLjABAAAAo2A_-KkwAIdzMQsfZpIpcR016NPBwrxALuL3zWaY4Txq5-Pg0Ot_xWEmUOQOqmbS,gangqinnainai,4151670310,钢琴奶奶-尹松,"🎹 国家一级演奏员
🎹 深圳交响乐团钢琴家
🎹 全国钢琴考级高级评委
🎹 上海音乐学院钢琴硕士
🎹 全国钢琴教材《新编儿童钢琴初步教程》编著者
🎹 萧邦钢琴艺术中心创始人
🎹 和大家分享❤️50年的钢琴教学经验
📖《新编儿童钢琴初步教程》启蒙篇，一级篇，二级篇
欢迎大家加入尹松老师粉丝群，一群二群三群已满请加四群。商务合作zhouxi1",659381,5208447,,,1,,,,"[""https://p3-pc-sign.douyinpic.com/obj/c8510002be9a3a61aad2?lk3s=138a59ce&x-expires=1779544800&x-signature=YGr5Ss%2FmqG7LjX84cMemX4icfUU%3D&from=327834062""]",,,
b2332ea9-a0b8-40ab-fbcd-4d5f53f18253,2026-05-09 22:49:56.001160,,,,,我的,,,,,,,,,,,,,
b2332ea9-a0b8-40ab-fbcd-4d5f53f18253,2026-05-09 22:50:00.261529,,,,,我的,,,,,,,,,,,,,
b2332ea9-a0b8-40ab-fbcd-4d5f53f18253,2026-05-09 22:50:02.414630,,,,,我的,,,,,,,,,,,,,
105887391427,2026-05-09 22:50:04.794073,,MS4wLjABAAAAXZEuPhRoCl3VjJnCMQwZsKdtW9kVH1Mvbp5VK2mW2Ts,,1687789461,有限无边,"当下不杂，生出智慧
🛰️yxwb2014",97413,2106692,,,1,,,,"[""https://p9-pc-sign.douyinpic.com/obj/c8510002be9a3a61aad2?lk3s=138a59ce&x-expires=1779544800&x-signature=GjtdeJ5vtievZ4V846YAZ85j6TA%3D&from=327834062""]",,,
224769531191087,2026-05-09 22:50:29.647054,,MS4wLjABAAAAHQeVTaFdt-rmFYQWWQ1Sn4JUYtipVuypcwUABOqzM_I,62689246985,62689246985,动物奇观,"感谢您的关注🌹
合作（备注品牌）:dongwuqiguan",892603,10516502,,,1,,,,"[""https://p3-pc-sign.douyinpic.com/obj/c8510002be9a3a61aad2?lk3s=138a59ce&x-expires=1779544800&x-signature=YGr5Ss%2FmqG7LjX84cMemX4icfUU%3D&from=327834062""]",,,
98898692521,2026-05-09 22:50:35.525566,,MS4wLjABAAAAdv27iy3PoP_8-HIlu6NaWTHO2NG8Ir3gDzjR9RVjL9Y,leewell2021,967161974,行摄美好,"我们的焦点，是光环下的真实与选择
从每一个她身上，找到你的答案
招文案 | 招剪辑|商务合作：hrkailang（备注来意）",252839,4297971,,,1,,,,"[""https://p3-pc-sign.douyinpic.com/obj/c8510002be9a3a61aad2?lk3s=138a59ce&x-expires=1779544800&x-signature=YGr5Ss%2FmqG7LjX84cMemX4icfUU%3D&from=327834062""]",,,
2212660377557213,2026-05-09 22:50:42.162559,,MS4wLjABAAAAX5XBUv3cTdY7xLctLTrQyF33BtDQtYPGd0NhXYcv4S36BwTu00JEbqgxQ3JXbb7Q,76428816636,76428816636,教化妆的大姨,"❤️国家高级化妆师
      没啥特长，只会化妆
💚教普通人化妆11年
     改妆请进粉丝群
❗️主动私信你退款就是骗子
商务合作：632828043@qq.com",189487,1240584,,,1,,,,"[""https://p3-pc-sign.douyinpic.com/obj/c8510002be9a3a61aad2?lk3s=138a59ce&x-expires=1779544800&x-signature=YGr5Ss%2FmqG7LjX84cMemX4icfUU%3D&from=327834062""]",,,
d783f0ad-529f-44eb-b3bf-dcc5f212622c,2026-05-09 22:50:44.835081,,,,,我的,,,,,,,,,,,,,
61528433149,2026-05-09 22:50:46.893531,,MS4wLjABAAAATpZon6ae9xaWEgnuqaWDaPI0mwfQoPiQrL_SoL66iMM,,619886566,༒ཻLジ尛龍籹E࿐²⁰²⁶ᰔᰔ,"一个利用下班空闲时间追剧的小透明
剪辑不易 感谢关注🙏
谢谢大家支持♥️",26927,530284,,,1,,,,"[""https://p3-pc-sign.douyinpic.com/obj/c8510002be9a3a61aad2?lk3s=138a59ce&x-expires=1779544800&x-signature=YGr5Ss%2FmqG7LjX84cMemX4icfUU%3D&from=327834062""]",,,
72033140731,2026-05-09 22:50:53.867546,,MS4wLjABAAAAAsp7NV82k0EizdsTVlzSjUP66dgjF7gF13lHOm_25Ok,,370003440,A+刘小五155503,"荒野建造🏡野外生存🍉户外露营🏕沉浸解压💤
感谢点赞和关注🌹",52078,300742,,,1,,,,"[""https://p3-pc-sign.douyinpic.com/obj/c8510002be9a3a61aad2?lk3s=138a59ce&x-expires=1779544800&x-signature=YGr5Ss%2FmqG7LjX84cMemX4icfUU%3D&from=327834062""]",,,
1408893633441008,2026-05-09 22:51:07.625747,,MS4wLjABAAAARM4O9_oumA0iyKG72yR_nAicEQUAldN-x_2ZJnEi306QB-8kruKF1bVpCaIRiWeb,qiyue289789.,67423333254,每日一笑😁,"分享欢乐，总有一句台词、一个瞬间戳中你的笑点，给生活加点甜！
视频来源于网络。
如有侵权请联系删除！！
少一点套路，多一点真诚🎈",3211,142487,,,1,,,,"[""https://p3-pc-sign.douyinpic.com/obj/c8510002be9a3a61aad2?lk3s=138a59ce&x-expires=1779544800&x-signature=YGr5Ss%2FmqG7LjX84cMemX4icfUU%3D&from=327834062""]",,,
36e2daf6-a65e-4b1f-7f92-dd087dc03f4c,2026-05-09 22:51:11.454709,,,,,我的,,,,,,,,,,,,,
769304057880632,2026-05-09 22:51:13.642063,,MS4wLjABAAAAydmKN5PCGNXcXu7mxefBRDk_SBIssc9B_lsX9G5tqiI,yexiaoge16888,3498296580,4哥,"全网最温柔的解说，专注重温老港片！
每天中午更新，没更就是写稿去了！",243212,2924499,,,1,,,,"[""https://p3-pc-sign.douyinpic.com/obj/c8510002be9a3a61aad2?lk3s=138a59ce&x-expires=1779544800&x-signature=YGr5Ss%2FmqG7LjX84cMemX4icfUU%3D&from=327834062""]",,,
826443498259535,2026-05-09 22:51:20.891908,,MS4wLjABAAAAMnsCGnIgUe6n5LPhg1FN8jZ_KwWyTfRg9dsYUY8tsXc,dydz4gydwoxj,3961089803,巨蟹座很377,"每天坚持更新和平精英解说视频
业余剪辑
您的点赞与关注就是小编的动力
欢迎投稿帅哥美女们
搬运联系本人违者必究",56618,809929,,,1,,,,"[""https://p3-pc-sign.douyinpic.com/obj/c8510002be9a3a61aad2?lk3s=138a59ce&x-expires=1779544800&x-signature=YGr5Ss%2FmqG7LjX84cMemX4icfUU%3D&from=327834062""]",,,
1961127220353123,2026-05-09 22:51:36.613196,,MS4wLjABAAAAIJcIPB0JZ3j478-Us4Cm85ctfQye0l6FkLHNN_XWPZaGUsW1w-e_aeJYe7uUABgI,D9n75P1r2l68m,3463832967,枕雪听风,,49479,3312793,,,1,,,,"[""https://p3-pc-sign.douyinpic.com/obj/c8510002be9a3a61aad2?lk3s=138a59ce&x-expires=1779544800&x-signature=YGr5Ss%2FmqG7LjX84cMemX4icfUU%3D&from=327834062""]",,,
52241450011,2026-05-09 22:51:42.069109,,MS4wLjABAAAAqS1XpXczgZENqTGN3lJPFmuQyeEXvtoKdCV-IvKpv_E,,1179727442,紫月,"本宇宙超科学现象观察者😎
带你们畅享科幻世界🌎
全平台同名✨
商务合作VX: zili1277（非本人）",1224449,13549536,,,1,,,,"[""https://p3-pc-sign.douyinpic.com/obj/c8510002be9a3a61aad2?lk3s=138a59ce&x-expires=1779544800&x-signature=YGr5Ss%2FmqG7LjX84cMemX4icfUU%3D&from=327834062""]",,,
1002359402803847,2026-05-09 22:51:49.870030,,MS4wLjABAAAAAkGRA_i61vWTfol1SZ4bJkoXzvVPlyldk-oWBKwVbFh6TZAZZwuldfih-xvzm2Pg,haitangxiang74,3841516331,🌈欲是晴月逅,"入驻抖音，搬运必究！！！！！！！
最近盘点一段时间，后续更剧情！！
恋人@小忻杂谈",420849,16310827,,,1,,,,"[""https://p3-pc-sign.douyinpic.com/obj/c8510002be9a3a61aad2?lk3s=138a59ce&x-expires=1779544800&x-signature=YGr5Ss%2FmqG7LjX84cMemX4icfUU%3D&from=327834062""]",,,
b2332ea9-a0b8-40ab-fbcd-4d5f53f18253,2026-05-09 22:51:58.899592,,,,,我的,,,,,,,,,,,,,
111119980533,2026-05-09 22:52:01.305544,,MS4wLjABAAAAMmZq7-ThkuqGk516-mHz5S0yuWREaWovB8rkIuUmqOU,9596219h,2033145506,风灵月影,关注我外网热门视频一网打尽，我的知识不够，你的评论来凑。,279396,2699783,,,1,,,,"[""https://p3-pc-sign.douyinpic.com/obj/c8510002be9a3a61aad2?lk3s=138a59ce&x-expires=1779544800&x-signature=YGr5Ss%2FmqG7LjX84cMemX4icfUU%3D&from=327834062""]",,,
b2332ea9-a0b8-40ab-fbcd-4d5f53f18253,2026-05-09 22:52:08.927898,,,,,我的,,,,,,,,,,,,,
b2332ea9-a0b8-40ab-fbcd-4d5f53f18253,2026-05-09 22:52:11.132095,,,,,我的,,,,,,,,,,,,,
b2332ea9-a0b8-40ab-fbcd-4d5f53f18253,2026-05-09 22:52:13.314147,,,,,我的,,,,,,,,,,,,,
b2332ea9-a0b8-40ab-fbcd-4d5f53f18253,2026-05-09 22:52:15.385242,,,,,我的,,,,,,,,,,,,,
b2332ea9-a0b8-40ab-fbcd-4d5f53f18253,2026-05-09 22:52:17.525047,,,,,我的,,,,,,,,,,,,,
70367542514,2026-05-09 22:52:20.994952,,MS4wLjABAAAAkkq051E4yD7pUewXK7Tcm228qPqYl3Jwp0fvFBaKj04,,81320119,杆哥（国服芈月）,"5.7号请假一天金牌/大小国标/巅峰战力/上星（全英雄可接）
上分加:  qx528023
自营 安全效率👆🏻",2744829,68645311,,,1,,,,"[""https://p3-pc-sign.douyinpic.com/obj/c8510002be9a3a61aad2?lk3s=138a59ce&x-expires=1779544800&x-signature=YGr5Ss%2FmqG7LjX84cMemX4icfUU%3D&from=327834062""]",,,
156578512909178,2026-05-09 22:52:26.596601,,MS4wLjABAAAALc4kETj5YEPPpJXumFbEKsrihV9MQCdEtP4p8im0w2g,aidmxyuanyuan,95139496244,AI大模型学习,"想要系统化学习AI大模型@AI大模型学习助理 
只有AI大模型学习全套🎁【课件PPT或文档不共享！不对外分享课件！感谢支持！】 @AI大模型学习助理
想要询问大模型相关技术@AI大模型学习助理 
挑战每天讲透一个AI大模型知识点
持续更新中...",125858,234780,,,1,,,,"[""https://p3-pc-sign.douyinpic.com/obj/c8510002be9a3a61aad2?lk3s=138a59ce&x-expires=1779544800&x-signature=YGr5Ss%2FmqG7LjX84cMemX4icfUU%3D&from=327834062""]",,,
1004295884115232,2026-05-09 22:52:30.358486,,MS4wLjABAAAAJ_hStQ2eUxKwJAdPN6FI8bvqLb05IDJQ_cDwtPIK7dh7Twk_6zS6jy9pwjIJc7Fi,72744324266,72744324266,都选C,"每晚一个恐怖故事……
用心讲才能共鸣……
真人配音!
已签约独家，招优质恐怖片合作投稿!(优质优质 不优质勿扰)",119525,868656,,,1,,,,"[""https://p3-pc-sign.douyinpic.com/obj/c8510002be9a3a61aad2?lk3s=138a59ce&x-expires=1779544800&x-signature=YGr5Ss%2FmqG7LjX84cMemX4icfUU%3D&from=327834062""]",,,
70324993558,2026-05-09 22:52:37.252803,,MS4wLjABAAAAJr7unwh-OlC-BX8blETklOYY5WxsXasnHymKdsQRH7Y,,280008697,Mr吴美年健康,"解锁更多足球故事⚽️
与喜欢足球的你共同进步
都是自己配音🎙️@谷茶茶",263924,4833292,,,1,,,,"[""https://p3-pc-sign.douyinpic.com/obj/c8510002be9a3a61aad2?lk3s=138a59ce&x-expires=1779544800&x-signature=YGr5Ss%2FmqG7LjX84cMemX4icfUU%3D&from=327834062""]",,,
8bbef3b6-2968-da49-25c8-63aadd61ebaf,2026-05-09 22:52:51.692437,,,,,我的,,,,,,,,,,,,,
1029569689695591,2026-05-09 22:52:55.791496,,MS4wLjABAAAAt7RxotCII2_JgzSTy7Yp5hKuHPJsFEgUzLbcgf4k0puBJB5pv7qe9Sa5Nbu2SdMB,78598596785,78598596785,白小歪Tin,"热爱旅行的视频新人一枚
期待与世界的每次相遇
全平台：白小歪Tin",203,2185,,,1,,,,"[""https://p3-pc-sign.douyinpic.com/obj/c8510002be9a3a61aad2?lk3s=138a59ce&x-expires=1779544800&x-signature=YGr5Ss%2FmqG7LjX84cMemX4icfUU%3D&from=327834062""]",,,
2466943444453772,2026-05-09 22:52:58.317424,,MS4wLjABAAAAhE1n7GN8KsM7uLRpvH3eDHYMvOnps0RqdgBH-bR9Q4vXFSymr3o67Rmd68qmESlm,21773330218,21773330218,爱门－游玩人生－歌手t,"🎮︎脱坑入坑  就上转转app@转转APP-游戏频道 
宝宝~关注我
感谢喜欢，我会努力哒👋
🌟有趣的评论都会回复哦",253427,15235578,,,1,,,,"[""https://p3-pc-sign.douyinpic.com/obj/c8510002be9a3a61aad2?lk3s=138a59ce&x-expires=1779544800&x-signature=YGr5Ss%2FmqG7LjX84cMemX4icfUU%3D&from=327834062""]",,,
62073444241,2026-05-09 22:53:04.907644,,MS4wLjABAAAAn9LyaapxXiXTq1eTmJaEl2iIwv9L7w_d52G62DPpkVE,Jaycheng.,666281257,21 Guns,无与伦比，为杰成伦！,2018,110323,,,1,,,,"[""https://p3-pc-sign.douyinpic.com/obj/c8510002be9a3a61aad2?lk3s=138a59ce&x-expires=1779544800&x-signature=YGr5Ss%2FmqG7LjX84cMemX4icfUU%3D&from=327834062""]",,,
8bbef3b6-2968-da49-25c8-63aadd61ebaf,2026-05-09 22:53:11.775946,,,,,我的,,,,,,,,,,,,,
8bbef3b6-2968-da49-25c8-63aadd61ebaf,2026-05-09 22:53:15.041562,,,,,我的,,,,,,,,,,,,,
96547448149,2026-05-09 22:53:18.403648,,MS4wLjABAAAAfXbjq35RWvORr1EoYZLoDwSPWnZbpAAs2Q1KB1HnNMI,,945252234,电动知士,搞不懂电动汽车？来问我！,53388,287006,,,1,,,,"[""https://p9-pc-sign.douyinpic.com/obj/c8510002be9a3a61aad2?lk3s=138a59ce&x-expires=1779544800&x-signature=GjtdeJ5vtievZ4V846YAZ85j6TA%3D&from=327834062""]",,,
2297303938642807,2026-05-09 22:53:23.851434,,MS4wLjABAAAArtuzwcOKGnHDIflgK4sqfE3P9-VIWDxoq8I2HWfb96iC5OH8f56ZeWGfZUgINImS,72353020966,72353020966,赤脚科学家,"“别太相信你的眼睛，这个世界可能不是真的。”
🔭 天文地理 | 🧠 脑科学 | 🛸 未解之谜
每晚9:30更新，你的睡眠搭子😴",317519,3308062,,,1,,,,"[""https://p3-pc-sign.douyinpic.com/obj/c8510002be9a3a61aad2?lk3s=138a59ce&x-expires=1779544800&x-signature=YGr5Ss%2FmqG7LjX84cMemX4icfUU%3D&from=327834062""]",,,
1f35feee-4abb-3021-09a9-72b6abbce808,2026-05-09 22:53:26.751620,,,,,我的,,,,,,,,,,,,,
1f35feee-4abb-3021-09a9-72b6abbce808,2026-05-09 22:53:28.872731,,,,,我的,,,,,,,,,,,,,
3271772390306851,2026-05-09 22:53:30.971801,,MS4wLjABAAAAXIt6PzJ_fy5JW3ZGDAbLohx63dRyIRVRjpkUXOdYXXpF4IUBXbFS8MyYTRqM7vbc,changlongdiedie,3886583720,927,"分享欢乐，总有一句台词、一个瞬间戳中你的笑点，给生活加点甜！
视频来源于网络。
如有侵权请联系删除！！
少一点套路，多一点真诚🎈",3211,142487,,,1,,,,"[""https://p3-pc-sign.douyinpic.com/obj/c8510002be9a3a61aad2?lk3s=138a59ce&x-expires=1779544800&x-signature=YGr5Ss%2FmqG7LjX84cMemX4icfUU%3D&from=327834062""]",,,
4034835781159,2026-05-09 22:53:39.160194,,MS4wLjABAAAAzxIzMCjYx8it9D6Y2ctI97lddLGSJkTf6mpRtacqlH4,wDH13192816,3646624280,烟花易冷,已为94台车写了歌 ｜合作v：FREE19981208 ｜投稿车主群v：1047794900（备注：我想加入车队）,1353676,9474642,,,1,,,,"[""https://p3-pc-sign.douyinpic.com/obj/c8510002be9a3a61aad2?lk3s=138a59ce&x-expires=1779544800&x-signature=YGr5Ss%2FmqG7LjX84cMemX4icfUU%3D&from=327834062""]",,,
1a883ab7-cff4-0695-e99d-62b3535a87c7,2026-05-09 22:53:53.086702,,,,,我的,,,,,,,,,,,,,
2720651249467580,2026-05-09 22:53:56.880835,,MS4wLjABAAAAo_2YIogC_t_rhH6uRGInsQeF3A2skDyBCubOMIZ11zShJMsNWlqJXBwSo_UUS6mB,23554743745,23554743745,刘奇游戏解说,"游戏分享爱好者
商务合作：f793053340（备注来意）
大号@影舞刘奇 
扣裙：812559362欢迎粉丝们的加入",158015,1251510,,,1,,,,"[""https://p3-pc-sign.douyinpic.com/obj/c8510002be9a3a61aad2?lk3s=138a59ce&x-expires=1779544800&x-signature=YGr5Ss%2FmqG7LjX84cMemX4icfUU%3D&from=327834062""]",,,
1a883ab7-cff4-0695-e99d-62b3535a87c7,2026-05-09 22:53:59.524115,,,,,我的,,,,,,,,,,,,,
87907598030,2026-05-09 22:54:01.603160,,MS4wLjABAAAAFbpHnk_Q0qFKGgi6PdxCHpnwxtGnIOr5dAx-jC-n8Fk,,268423325,柳辉家,"👨🏻‍🍼：一个快奔三的90后大叔家装家居分享
🏠：151平已完工入住，103平装修中
🤗：分享的软装及家居好物都在除窗👇🏻
💌：hlh2314574注明来意",515203,7071640,,,1,,,,"[""https://p3-pc-sign.douyinpic.com/obj/c8510002be9a3a61aad2?lk3s=138a59ce&x-expires=1779544800&x-signature=YGr5Ss%2FmqG7LjX84cMemX4icfUU%3D&from=327834062""]",,,
295095704230269,2026-05-09 22:54:05.191483,,MS4wLjABAAAAkCaqMAm9T3wNh30P3dDay1a_1HrKSNIM9GdjNGDUmXk,33410363400,33410363400,秋琳说电影,"招高水平代剪文案 
能做沙盘有战争电影解说经验的请联系我",943013,22928965,,,1,,,,"[""https://p3-pc-sign.douyinpic.com/obj/c8510002be9a3a61aad2?lk3s=138a59ce&x-expires=1779544800&x-signature=YGr5Ss%2FmqG7LjX84cMemX4icfUU%3D&from=327834062""]",,,
b2332ea9-a0b8-40ab-fbcd-4d5f53f18253,2026-05-09 22:54:10.932586,,,,,我的,,,,,,,,,,,,,
b2332ea9-a0b8-40ab-fbcd-4d5f53f18253,2026-05-09 22:54:12.956083,,,,,我的,,,,,,,,,,,,,
b2332ea9-a0b8-40ab-fbcd-4d5f53f18253,2026-05-09 22:54:15.297193,,,,,我的,,,,,,,,,,,,,
4111766935316308,2026-05-09 22:54:18.448176,,MS4wLjABAAAA-u2YdhIGrCGAT1tp-gsmvnQn2Yts_zCGGRndSEc_c4lGhAFRgm0nYMnQobxvIEuz,QQ2859887192,2324498929,顾忌（国服孙策）,"火影号：@顾忌火影忍者 
不会止步于策@燎原【云缨控枪术】
商务合作：g15731903676（本人）",1325462,12185172,,,1,,,,"[""https://p3-pc-sign.douyinpic.com/obj/c8510002be9a3a61aad2?lk3s=138a59ce&x-expires=1779544800&x-signature=YGr5Ss%2FmqG7LjX84cMemX4icfUU%3D&from=327834062""]",,,
1603503400160765,2026-05-09 22:54:25.246028,,MS4wLjABAAAATNR2rfY1pJmtEVyVGqZTxG-goXMN5UI4oZASKtMrGDq--591ngi-h6DoqLARfS1T,35002634806,35002634806,野兽超清中文配音,,109502,298063,,,1,,,,"[""https://p3-pc-sign.douyinpic.com/obj/c8510002be9a3a61aad2?lk3s=138a59ce&x-expires=1779544800&x-signature=YGr5Ss%2FmqG7LjX84cMemX4icfUU%3D&from=327834062""]",,,
2949350615683387,2026-05-09 22:54:38.987988,,MS4wLjABAAAAltMyOru6jtA9YZW48gk1ilmI7nQeq2NF7BrzWdOMVVmpjCQDM8cQA3AvUEUqiHTp,47961623600,47961623600,锐评舌尖事,"没有滤镜加持，全是犀利锐评 —— 爱吃但不盲从，懂味更敢说破。
精选内容生产者&抖音签约作者✍🏻
师傅@美食江湖 
学习📚：cz220702y",37383,514412,,,1,,,,"[""https://p3-pc-sign.douyinpic.com/obj/c8510002be9a3a61aad2?lk3s=138a59ce&x-expires=1779544800&x-signature=YGr5Ss%2FmqG7LjX84cMemX4icfUU%3D&from=327834062""]",,,
2705256009708509,2026-05-09 22:54:47.615803,,MS4wLjABAAAA0MXXMUA998ZxmA3jVfR5Fearut3eFr7_wCpAnvOu4ZJRGnHbnRTk7TagrZicGtx4,25972812889,25972812889,鱼十七Justin,"🎒环游世界，你们的互联网眼替
📪商务：Justiiin917（商务合作注明来意）
💁🏻IG: justiiin_917（生活日常在这里）
🐟小号：@賈斯汀 
🌏挑战让全球100个陌生人带我旅行
（当小综艺看就好，节目效果切勿当真）
📷你们暂时去不了的地方，就由我来先探探路吧～",1159794,8977783,,,1,,,,"[""https://p3-pc-sign.douyinpic.com/obj/c8510002be9a3a61aad2?lk3s=138a59ce&x-expires=1779544800&x-signature=YGr5Ss%2FmqG7LjX84cMemX4icfUU%3D&from=327834062""]",,,
101865367669,2026-05-09 22:55:01.584511,,MS4wLjABAAAAbGmN5-GYmgMMivF14v5nY62kKkq8IUxUAi6Rtr4o2zs,XY25252525,1177674924,皮皮匠,"皮皮匠品牌创始人，深耕行业18载
⭕个人服务超过30000+车主
⭕“皮皮匠”式翻新修复技术被行业广泛应用
⭕全国均有徒弟分布，需要修复私发照片即可
⭕大师未成，潜心修行!",1050931,6053059,,,1,,重庆维卡匠皮皮汽车科技有限公司,,"[""https://p3-pc-sign.douyinpic.com/obj/c8510002be9a3a61aad2?lk3s=138a59ce&x-expires=1779544800&x-signature=YGr5Ss%2FmqG7LjX84cMemX4icfUU%3D&from=327834062""]",,,
1534567761064420,2026-05-09 22:55:09.629073,,MS4wLjABAAAAiZP2ScnV5BbL0K6J3fH18M8H8MKSaSnH6T0uhbZ1gWdRwzVv-BtXk4Go4QgePnIL,xiaoming0507,2828345315,游不动的小明,"📝记录非著名不专业业余铁三爱好者的日常
希望让更多的人参与到运动中@年轻无限可能 
装备分享@是小明同学哈 
商务：houlangwenhua8/houlangwenhua2",3867668,121731581,,,1,,,,"[""https://p3-pc-sign.douyinpic.com/obj/c8510002be9a3a61aad2?lk3s=138a59ce&x-expires=1779544800&x-signature=YGr5Ss%2FmqG7LjX84cMemX4icfUU%3D&from=327834062""]",,,
101443943742,2026-05-09 22:55:24.359325,,MS4wLjABAAAA6d3Jw3hFSuXA4nnpTw6nRCQGzo-0q0YVlk341e7YwzQ,,1704035572,六哥不六,"😋我喜欢吃东西
❤️感谢您的关注
💼 robbieliuge@qq.com",1825739,19818156,,,1,,,,"[""https://p3-pc-sign.douyinpic.com/obj/c8510002be9a3a61aad2?lk3s=138a59ce&x-expires=1779544800&x-signature=YGr5Ss%2FmqG7LjX84cMemX4icfUU%3D&from=327834062""]",,,
b2332ea9-a0b8-40ab-fbcd-4d5f53f18253,2026-05-09 22:55:30.397513,,,,,我的,,,,,,,,,,,,,
b2332ea9-a0b8-40ab-fbcd-4d5f53f18253,2026-05-09 22:55:32.783830,,,,,我的,,,,,,,,,,,,,
104688286593,2026-05-09 22:55:34.868870,,MS4wLjABAAAA6xwox5Ahx5XlDZQei6p9iedyIYHsSIPIdCugaE-1zW0,45725938756,45725938756,无语,"走遍中国，不止美食！
小号：@麦总的日常",8476123,105446009,,,1,,,,"[""https://p3-pc-sign.douyinpic.com/obj/c8510002be9a3a61aad2?lk3s=138a59ce&x-expires=1779544800&x-signature=YGr5Ss%2FmqG7LjX84cMemX4icfUU%3D&from=327834062""]",,,
b2332ea9-a0b8-40ab-fbcd-4d5f53f18253,2026-05-09 22:55:41.730701,,,,,我的,,,,,,,,,,,,,
7517229004618892347,2026-05-09 22:55:44.636536,,MS4wLjABAAAAX_LC7O27QgpeUBTANxqpd5KmO5TIDb4X_59CCr3ev1fAkajGRUEHvawlW0oOXWHf,86937360057,86937360057,诡蜜说,感谢关注。,60218,762642,,,1,,,,"[""https://p3-pc-sign.douyinpic.com/obj/c8510002be9a3a61aad2?lk3s=138a59ce&x-expires=1779544800&x-signature=YGr5Ss%2FmqG7LjX84cMemX4icfUU%3D&from=327834062""]",,,
b2332ea9-a0b8-40ab-fbcd-4d5f53f18253,2026-05-09 22:55:54.260066,,,,,我的,,,,,,,,,,,,,
1953182157388221,2026-05-09 22:55:57.197328,,MS4wLjABAAAATfnRqN3zz4NyQU3p7hO3At8dA264w-3ZGBMG2XRzr_-jVPBZsIQJIYWo0Qg-uaGR,68483640026,68483640026,德云驿站,点赞+关注，快乐不迷路,14756,109664,,,1,,,,"[""https://p3-pc-sign.douyinpic.com/obj/c8510002be9a3a61aad2?lk3s=138a59ce&x-expires=1779544800&x-signature=YGr5Ss%2FmqG7LjX84cMemX4icfUU%3D&from=327834062""]",,,
3949926663877982,2026-05-09 22:55:59.798043,,MS4wLjABAAAAehf2SKitPAqhPQwbmFJ8BSDxqHoW5MbTC0vT6XizwOHO_K8mfIhMKft6KWQ-3IaZ,92100375568,92100375568,智老师（三角洲行动）,"三角洲签约视频作者 
我大哥@瓜（海王电竞负责人） 
自家猛男工粽号：海王电竞俱乐部
宝哥小助理: hw1720522  杯子不接
跑刀:@海王电竞（三角洲顶沪跑刀） 
ID:大宝老弟小 我只有这一个号
战绩没隐藏随时可查
视频把把出红大多节目效果
愿我的好运传递给所有兄弟们",1903664,33054287,,,1,,,,"[""https://p3-pc-sign.douyinpic.com/obj/c8510002be9a3a61aad2?lk3s=138a59ce&x-expires=1779544800&x-signature=YGr5Ss%2FmqG7LjX84cMemX4icfUU%3D&from=327834062""]",,,
b2332ea9-a0b8-40ab-fbcd-4d5f53f18253,2026-05-09 22:56:06.686252,,,,,我的,,,,,,,,,,,,,
3648631262682890,2026-05-09 22:56:10.859771,,MS4wLjABAAAAsfTfb1ZO4Hda17WG6jbYFH_VhNStzJB8sKmbNMnk4I31ZMkPo-68C9Um888f41R0,mn00924,38056178631,CS（地铁逃生）,"直播时间：下午16点-18点  晚21点-23:00
商务合作🛰️：CS786991（备注来意，不然不通过！）
作品都是直播素材    （每周三休息）
辣椒日常更新：@小cs 
我是卧底  只玩cs
视频来源均为直播素材
本人没有俱乐部，谨防上当受骗！",269988,2960181,,,1,,,,"[""https://p3-pc-sign.douyinpic.com/obj/c8510002be9a3a61aad2?lk3s=138a59ce&x-expires=1779544800&x-signature=YGr5Ss%2FmqG7LjX84cMemX4icfUU%3D&from=327834062""]",,,
2999944754767907,2026-05-09 22:56:15.940197,,MS4wLjABAAAAh5jDi6wAkEvl3RGOTrh4vBDrSNiQffne6f5juiqYI2BeF_K483rPMO-5Ra8Eh1J4,27235744603,27235744603,哈12,"心之所向 无坚不摧
⬇️直播暂时先不播⬇️【日常号@一月禧 】
❗️仅此唯一帐号：盗视频必追究❗️
整合包免费分享🐧
1群：996772077
2群：981391333
3群：1070530807
视频每周平均2～3更（中午11点准时）
带着粉丝们，去看巅峰的风景⛳️",597829,4674889,,,1,,,,"[""https://p3-pc-sign.douyinpic.com/obj/c8510002be9a3a61aad2?lk3s=138a59ce&x-expires=1779544800&x-signature=YGr5Ss%2FmqG7LjX84cMemX4icfUU%3D&from=327834062""]",,,
87001317698,2026-05-09 22:56:25.494818,,MS4wLjABAAAA56RMCqwDjR8t2OPcj8_Z3QucX8LjnoFsD0Io0tMfGUI,,883956102,吃货小仙,"走遍中国，不止美食！
小号：@麦总的日常",8476124,105446524,,,1,,,,"[""https://p3-pc-sign.douyinpic.com/obj/c8510002be9a3a61aad2?lk3s=138a59ce&x-expires=1779544800&x-signature=YGr5Ss%2FmqG7LjX84cMemX4icfUU%3D&from=327834062""]",,,
99764667487,2026-05-09 22:56:32.938231,,MS4wLjABAAAAXVz4JA0VHszJXzck6icQ0qUwiKBe6r3mAZlDcQ2dIZ4,gjL12135875608,1203122978,袁来朋友圈🍟,"原创作品🚫🈲二传 
发现必举报
🉑扩列
线下活动会发物料哦，本人很好相处，希望和大家一起追线下
xhs：同名
wb：鼠纯纯",181,34952,,,1,,,,"[""https://p3-pc-sign.douyinpic.com/obj/c8510002be9a3a61aad2?lk3s=138a59ce&x-expires=1779544800&x-signature=YGr5Ss%2FmqG7LjX84cMemX4icfUU%3D&from=327834062""]",,,
4253350739576103,2026-05-09 22:56:40.398539,,MS4wLjABAAAAG5xxG2M6rctMXko5-3zNah1xgzrj4j3NQALMCutUBsk5MoPkFJg_RVVClg7QoeUj,63873336098,63873336098,食影双修,"影视解说员
商业合作🛰️ ：sanqi37xx",1293527,10244738,,,1,,,,"[""https://p3-pc-sign.douyinpic.com/obj/c8510002be9a3a61aad2?lk3s=138a59ce&x-expires=1779544800&x-signature=YGr5Ss%2FmqG7LjX84cMemX4icfUU%3D&from=327834062""]",,,
b2332ea9-a0b8-40ab-fbcd-4d5f53f18253,2026-05-09 22:56:43.947491,,,,,我的,,,,,,,,,,,,,
1672783128443712,2026-05-09 22:56:45.836967,,MS4wLjABAAAA2olTovGQdipT2jBvRL8ZcpApiOlfG04krX7jYOHIhwGS_B3YFCHPXnBBjSYTqxd_,lrxtxzm,64751864704,天使用户0828,"分享新赛季、新出装、新英雄、新玩法，爱玩点吃手法的英雄。
🛰️：wangxi888pro
🐧群：912690170（娱乐开黑偷菜）",47531,709249,,,1,,,,"[""https://p3-pc-sign.douyinpic.com/obj/c8510002be9a3a61aad2?lk3s=138a59ce&x-expires=1779544800&x-signature=YGr5Ss%2FmqG7LjX84cMemX4icfUU%3D&from=327834062""]",,,
136dc9b7-54e7-6c55-7172-95fc5ad2459c,2026-05-09 22:56:53.538339,,,,,我的,,,,,,,,,,,,,
104567932545,2026-05-09 22:56:57.463635,,MS4wLjABAAAAurIi3syT_VtDSmxTZfYl7gBNEcMJyQFqSjX7kyHwBww,,1552193624,野猪,"🎓北大本科｜AI创作者
🎞️专注于探索电影级的AIGC叙事
📁文档资料可以进群自领
✉️AI课程学习交流戳我⬆️",78482,273904,,,1,,,,"[""https://p3-pc-sign.douyinpic.com/obj/c8510002be9a3a61aad2?lk3s=138a59ce&x-expires=1779544800&x-signature=YGr5Ss%2FmqG7LjX84cMemX4icfUU%3D&from=327834062""]",,,
136dc9b7-54e7-6c55-7172-95fc5ad2459c,2026-05-09 22:57:05.123056,,,,,我的,,,,,,,,,,,,,
1247308296751403,2026-05-09 22:57:08.276931,,MS4wLjABAAAAkjQiefcoSdqL2vZ8z3jZrk2kW1OUmBAntNZx5YJvZW4vUPff5uvohuGpfm0IYvV4,39050318151,39050318151,闪光放映员,"🔥每天更新精彩电影，一口气看到爽
🔥感谢各位的支持，你的支持就是我的动力",154162,2793615,,,1,,,,"[""https://p9-pc-sign.douyinpic.com/obj/c8510002be9a3a61aad2?lk3s=138a59ce&x-expires=1779544800&x-signature=GjtdeJ5vtievZ4V846YAZ85j6TA%3D&from=327834062""]",,,
d1a69e41-12a8-fcf4-1504-e06cf2d3acfe,2026-05-09 22:57:13.569851,,,,,我的,,,,,,,,,,,,,
d1a69e41-12a8-fcf4-1504-e06cf2d3acfe,2026-05-09 22:57:15.821137,,,,,我的,,,,,,,,,,,,,
d1a69e41-12a8-fcf4-1504-e06cf2d3acfe,2026-05-09 22:57:18.095752,,,,,我的,,,,,,,,,,,,,
1102174047176099,2026-05-09 22:57:20.607522,,MS4wLjABAAAAiQ4lqlE9HzqxTgTzNlCrdhxkxEov2SzqZm1OuaNZXDPy9gWwQ1MbKceE-CxY1JNi,37596067253,37596067253,加油呀,"一个社恐的众包仔
座驾:黑骑士F100
@小土豆跑不快 
闺蜜：@大兔牙漏风     💕 
爱好：王者  钓鱼",315894,1931759,,,1,,,,"[""https://p3-pc-sign.douyinpic.com/obj/c8510002be9a3a61aad2?lk3s=138a59ce&x-expires=1779544800&x-signature=YGr5Ss%2FmqG7LjX84cMemX4icfUU%3D&from=327834062""]",,,
d1a69e41-12a8-fcf4-1504-e06cf2d3acfe,2026-05-09 22:57:29.244145,,,,,我的,,,,,,,,,,,,,
7554408010266821689,2026-05-09 22:57:32.583122,,MS4wLjABAAAAyRQhY5M3Gc-EsHg9UkP9xfKj6NCE854DO03OgzEN5zxTVg6zsQF_CjpiZ2Go5nsh,65917977134,65917977134,杨齐家（三角洲跑刀鼠）,"分享直播精彩搞笑片段
有喜欢的视频可留言催更
感谢每一位观众的点赞评论
谢谢大家的支持",32071,500745,,,1,,,,"[""https://p3-pc-sign.douyinpic.com/obj/c8510002be9a3a61aad2?lk3s=138a59ce&x-expires=1779544800&x-signature=YGr5Ss%2FmqG7LjX84cMemX4icfUU%3D&from=327834062""]",,,
2387734622634300,2026-05-09 22:57:34.948909,,MS4wLjABAAAAGVsfo9kbz-KZ6YmkDvUYcltpP9x6WbfbhGzSBPJYNtWwejVRUvpHDBLBlnYGcz7M,dynki03bctpl,2330723083,白开水中的枫叶,,6822,103583,,,1,,,,"[""https://p3-pc-sign.douyinpic.com/obj/c8510002be9a3a61aad2?lk3s=138a59ce&x-expires=1779544800&x-signature=YGr5Ss%2FmqG7LjX84cMemX4icfUU%3D&from=327834062""]",,,
d1a69e41-12a8-fcf4-1504-e06cf2d3acfe,2026-05-09 22:57:41.790508,,,,,我的,,,,,,,,,,,,,
102978799714,2026-05-09 22:57:44.383953,,MS4wLjABAAAAMISdilZr0G29r7vPznUX_i0RJXfXyVtsS4Ic5jhxdG0,,2157900826,我的阿玛尼,一个喜欢音乐的人,16926,181305,,,1,,,,"[""https://p3-pc-sign.douyinpic.com/obj/c8510002be9a3a61aad2?lk3s=138a59ce&x-expires=1779544800&x-signature=YGr5Ss%2FmqG7LjX84cMemX4icfUU%3D&from=327834062""]",,,
2903183552154285,2026-05-09 22:57:52.345620,,MS4wLjABAAAAX1jRb-bHlfoCEVfLEXO52Po5z19IVIhHkwRpDGbVd_rOzUsNp2jJkmSdTwbWJgcy,73871579143,73871579143,阿晋剪影,一段历史，一个故事,400972,9250383,,,1,,,,"[""https://p9-pc-sign.douyinpic.com/obj/c8510002be9a3a61aad2?lk3s=138a59ce&x-expires=1779544800&x-signature=GjtdeJ5vtievZ4V846YAZ85j6TA%3D&from=327834062""]",,,
b2332ea9-a0b8-40ab-fbcd-4d5f53f18253,2026-05-09 22:57:56.812656,,,,,我的,,,,,,,,,,,,,
67615241026,2026-05-09 22:57:59.101674,,MS4wLjABAAAAQfMbjdJc-7o5P8jBL9ipVPeBOqKxPvVD1ziz6qOZtkA,,392187420,褴褛的帆,一生挚爱@密码x,15702,4293314,,,1,,,,"[""https://p3-pc-sign.douyinpic.com/obj/c8510002be9a3a61aad2?lk3s=138a59ce&x-expires=1779544800&x-signature=YGr5Ss%2FmqG7LjX84cMemX4icfUU%3D&from=327834062""]",,,
3716769658442572,2026-05-09 22:58:06.468206,,MS4wLjABAAAA_uf5TcXE1G1SLWE8oD5ju64EfdBXOgrod66yJpfy3nRH33Te9Y92H14v37PUEdMd,zhaokeke921,31945754982,明信片live,"一万年太久 我只争朝夕
🎵宣发 投稿 ：zjyhzh12345（备注来意）",397952,37741749,,,1,,,,"[""https://p3-pc-sign.douyinpic.com/obj/c8510002be9a3a61aad2?lk3s=138a59ce&x-expires=1779544800&x-signature=YGr5Ss%2FmqG7LjX84cMemX4icfUU%3D&from=327834062""]",,,
2579917271207308,2026-05-09 22:58:21.396018,,MS4wLjABAAAAEhggTpnGH8MizUjJNY1AlWyW6uSW81sWqLhCmt6fifI4_wSGebnmrZhdhcSiYY0d,79442676844,79442676844,经济棱镜,"提高认知-个人成长-财富思维
用最简单的方式，让你看懂财富规律
商务合作-教学（备注）+Apao8028",40891,472103,,,1,,,,"[""https://p3-pc-sign.douyinpic.com/obj/c8510002be9a3a61aad2?lk3s=138a59ce&x-expires=1779544800&x-signature=YGr5Ss%2FmqG7LjX84cMemX4icfUU%3D&from=327834062""]",,,
1583710831132382,2026-05-09 22:58:31.029083,,MS4wLjABAAAAgdiHn6yuVhIc3fBTPj5_rLic2okFldgO0sjbXlTw6Kh9XuYayYuzvCiCFb6920_y,61982913510,61982913510,罗子,"没有任务，就没有报酬

🌟图合作V：SXLY1105 （请标明来意）",3843078,27266212,,,1,,,,"[""https://p3-pc-sign.douyinpic.com/obj/c8510002be9a3a61aad2?lk3s=138a59ce&x-expires=1779544800&x-signature=YGr5Ss%2FmqG7LjX84cMemX4icfUU%3D&from=327834062""]",,,
e5d8d2b5-334f-e1a3-3d57-524081e00209,2026-05-09 22:58:38.029695,,,,,我的,,,,,,,,,,,,,
4503662886994934,2026-05-09 22:58:40.971911,,MS4wLjABAAAAzb4YdGBBzkj5xC5TWOSHIVOPdcKByxKdNppqnszHU12SbzXzvkLwDS4XUSw_QXsX,wuhui96120,3135303367,影迷说剧,满怀希望，就会所向披靡。,221923,1064967,,,1,,,,"[""https://p3-pc-sign.douyinpic.com/obj/c8510002be9a3a61aad2?lk3s=138a59ce&x-expires=1779544800&x-signature=YGr5Ss%2FmqG7LjX84cMemX4icfUU%3D&from=327834062""]",,,
e5d8d2b5-334f-e1a3-3d57-524081e00209,2026-05-09 22:58:43.437208,,,,,我的,,,,,,,,,,,,,
14274331419,2026-05-09 22:58:45.691501,,MS4wLjABAAAAz_pt_n6Z3u4MuWt39oWSIoMcQGI536o2AEomo5ikcMo,,134088188,青竹,"文学书籍《我家有三双袜子》由读者出版社出版。
一个西北大地的女儿，一个没地可种的农民。
喜欢的作家：刘亮程、三毛和李娟……还有很多，写不下了。
（作品均为原创，请勿搬用）",512345,11075053,,,1,,,,"[""https://p9-pc-sign.douyinpic.com/obj/c8510002be9a3a61aad2?lk3s=138a59ce&x-expires=1779544800&x-signature=GjtdeJ5vtievZ4V846YAZ85j6TA%3D&from=327834062""]",,,
3438878986945591,2026-05-09 22:58:49.155667,,MS4wLjABAAAAtZXDaomkUDDgB_-2wO8L_MlfJnreCbO58BfZng2B9cIM7Oo4jeffk4LZywDDn3Hk,shanshuilang17,3787302991,山水狼,生而为人，就要看点不是人的,15834,215406,,,1,,,,"[""https://p3-pc-sign.douyinpic.com/obj/c8510002be9a3a61aad2?lk3s=138a59ce&x-expires=1779544800&x-signature=YGr5Ss%2FmqG7LjX84cMemX4icfUU%3D&from=327834062""]",,,
4321750300,2026-05-09 22:58:55.574211,,MS4wLjABAAAAVNI2eLI_wY6Hq_tP_3I5sFLGzixPYzCN5thrG2zK52I,qn.bfsm,2928561063,永带妹,"大小国宝石自家🛰️：JXX00622/JXX06223（频繁请加另一个）
直播时间：12-2 19-21（周一休）（可以点进ai头像续灯牌啦）
❤️三两万分海诺 aq20740 iq20650 20035
🌟11级灯牌专属绿泡泡粉丝群私聊小江或直播间管理
理想型@勾叉叉ovo",63837,447455,,,1,,,,"[""https://p3-pc-sign.douyinpic.com/obj/c8510002be9a3a61aad2?lk3s=138a59ce&x-expires=1779544800&x-signature=YGr5Ss%2FmqG7LjX84cMemX4icfUU%3D&from=327834062""]",,,
e5d8d2b5-334f-e1a3-3d57-524081e00209,2026-05-09 22:59:09.025272,,,,,我的,,,,,,,,,,,,,
3879515724977454,2026-05-09 22:59:13.094600,,MS4wLjABAAAAARR9Bx_MDLRoAjcNOgMwXXwsefl2ptreB1Ol4zZAur8uVoRkF810ewl2sTVLnzJS,36613397807,36613397807,去看海绕世界流浪,"抖音精选/汽水音乐可以锁屏听音乐
歌单同步🐧音乐：ID同名",140913,3630457,,,1,,,,"[""https://p3-pc-sign.douyinpic.com/obj/c8510002be9a3a61aad2?lk3s=138a59ce&x-expires=1779544800&x-signature=YGr5Ss%2FmqG7LjX84cMemX4icfUU%3D&from=327834062""]",,,
e5d8d2b5-334f-e1a3-3d57-524081e00209,2026-05-09 22:59:19.495308,,,,,我的,,,,,,,,,,,,,
e5d8d2b5-334f-e1a3-3d57-524081e00209,2026-05-09 22:59:22.400761,,,,,我的,,,,,,,,,,,,,
84962212702,2026-05-09 22:59:24.446051,,MS4wLjABAAAA22QJ2jyHldUuJAcfAgxdKwxa8bXQF8DRfytLofTPvJY,xuehua81308,2261106686,清风明月,@田七浪迹天涯1 找不到我的时候来这个号,1225212,9330867,,,1,,,,"[""https://p9-pc-sign.douyinpic.com/obj/c8510002be9a3a61aad2?lk3s=138a59ce&x-expires=1779544800&x-signature=GjtdeJ5vtievZ4V846YAZ85j6TA%3D&from=327834062""]",,,
e5d8d2b5-334f-e1a3-3d57-524081e00209,2026-05-09 22:59:30.569516,,,,,我的,,,,,,,,,,,,,
2087335028860480,2026-05-09 22:59:32.600981,,MS4wLjABAAAAfTtKs6yYNxzQ70OBW5j9R5CQv4ptOTb9bmgpXzHMBjV9SZJrujU4Gqj21sFTcnKZ,jaynb.520,64326137222,Jay.,"姜姜是好奇哥🐕 | 雪雪肯定是大美女🧚‍♀️
这里是我们的测评日常！！谢谢你的喜欢～愿你永远开心！
星图商务：haha2haha222（备注来意）",262667,2499746,,,1,,,,"[""https://p3-pc-sign.douyinpic.com/obj/c8510002be9a3a61aad2?lk3s=138a59ce&x-expires=1779544800&x-signature=YGr5Ss%2FmqG7LjX84cMemX4icfUU%3D&from=327834062""]",,,
e5d8d2b5-334f-e1a3-3d57-524081e00209,2026-05-09 22:59:37.564139,,,,,我的,,,,,,,,,,,,,
2681059500897643,2026-05-09 22:59:40.843296,,MS4wLjABAAAAaL97KNGGgF_2HC9hIALlsWDvIrsk1sKDlGXjMUHNd8vRPqGk4XdfewktgNki_Gdr,70904787982,70904787982,客客,谢谢各位的关注,37515,323969,,,1,,,,"[""https://p3-pc-sign.douyinpic.com/obj/c8510002be9a3a61aad2?lk3s=138a59ce&x-expires=1779544800&x-signature=YGr5Ss%2FmqG7LjX84cMemX4icfUU%3D&from=327834062""]",,,
2fa8631c-6275-9476-7ad1-bf588e21f648,2026-05-09 22:59:45.518499,,,,,我的,,,,,,,,,,,,,
2532878530120979,2026-05-09 22:59:47.499611,,MS4wLjABAAAAF4rU3fvC5XrX-O_2_Aw7RYpifiGP91d4AqB_vatePB3M5gDD_ZktFWq7zVIE3IX-,123qwdhftfg,3814041533,跟猩子粉丝讲话像和猪讲话还特难骂虞书欣挡,分享白鹿、敖瑞鹏日常、美食、剧组拍摄花絮，喜欢的朋友可以点赞关注，感谢各位的支持，不定时更新,1968,174901,,,1,,,,"[""https://p9-pc-sign.douyinpic.com/obj/c8510002be9a3a61aad2?lk3s=138a59ce&x-expires=1779544800&x-signature=GjtdeJ5vtievZ4V846YAZ85j6TA%3D&from=327834062""]",,,
102856359945,2026-05-09 22:59:54.040849,,MS4wLjABAAAAYSywlemHO44QgP-TanQMGJz1Y5p4egWOgnepXVRQ5bQ,,1368550122,京城流淌,想了解更多仙侠大作《诛仙》详解内容，请点波关注,104780,771374,,,1,,,,"[""https://p3-pc-sign.douyinpic.com/obj/c8510002be9a3a61aad2?lk3s=138a59ce&x-expires=1779548400&x-signature=YBmyKAcXw60iDc0b7kzRgSwRsSo%3D&from=327834062""]",,,
2fa8631c-6275-9476-7ad1-bf588e21f648,2026-05-09 22:59:58.769510,,,,,我的,,,,,,,,,,,,,
864662958387500,2026-05-09 23:00:00.807018,,MS4wLjABAAAANrE3kXa_gWS2VptuOYLlneys2I-GOIaPsD_u_l8qiSY,45249572350,45249572350,中国·地域美食,"吃，才是中国人行动的第一动力！
该短篇旨在普及各地留传至今的奇特美食，让你足不出户便可领略其中滋味。
————————————————————",184844,889007,,,1,,,,"[""https://p3-pc-sign.douyinpic.com/obj/c8510002be9a3a61aad2?lk3s=138a59ce&x-expires=1779548400&x-signature=YBmyKAcXw60iDc0b7kzRgSwRsSo%3D&from=327834062""]",,,
2fa8631c-6275-9476-7ad1-bf588e21f648,2026-05-09 23:00:03.223201,,,,,我的,,,,,,,,,,,,,
2019179180600013,2026-05-09 23:00:05.241397,,MS4wLjABAAAAnkpYv4GG4zaut_doip-VRKIo-nJeeCiDPyQwliznK0doBCbkZIhLVeC11CnrZKZg,52984060086,52984060086,康康,一人探索中国，用长视频记录旅途中的风景，体验不同文化、风俗、美食。,95550,449319,,,1,,,,"[""https://p3-pc-sign.douyinpic.com/obj/c8510002be9a3a61aad2?lk3s=138a59ce&x-expires=1779548400&x-signature=YBmyKAcXw60iDc0b7kzRgSwRsSo%3D&from=327834062""]",,,
1697258898731447,2026-05-09 23:00:11.983164,,MS4wLjABAAAAQtGqHe9zlcINIdV1TunCu5oCWj4wPV3VCTxjzvbXVOqqm9fJn1zb6LeONgRRIgEF,douchang8119,3799768932,@元宝是只小八嘎,"三贱客忠实粉丝
每天都为您带来最搞笑的三贱客汽车节目
非常感谢您的点赞关注💛💛💛",255188,6451765,,,1,,,,"[""https://p3-pc-sign.douyinpic.com/obj/c8510002be9a3a61aad2?lk3s=138a59ce&x-expires=1779548400&x-signature=YBmyKAcXw60iDc0b7kzRgSwRsSo%3D&from=327834062""]",,,
e6fe2cac-a3b5-1c5a-19b3-e09bea6781de,2026-05-09 23:00:26.547424,,,,,我的,,,,,,,,,,,,,
7488269273815761980,2026-05-09 23:00:31.383479,,MS4wLjABAAAAuW0d71jQ06LH6dEU4kcuKV6ntou81rKD23Ha2140t8a4NwAx_8IwPBHc621fG-Xf,34090492951,34090492951,DJ小金,"DJ制作人  完整版都会上架网郁☁️播客看这主页@小金 
代表作《落了白》国会鼓
想听什么可私信投稿 （随机看）主播没有大佬架子
一般两到三天更新一次  因为要上班当牛马",47096,2537078,,,1,,,,"[""https://p3-pc-sign.douyinpic.com/obj/c8510002be9a3a61aad2?lk3s=138a59ce&x-expires=1779548400&x-signature=YBmyKAcXw60iDc0b7kzRgSwRsSo%3D&from=327834062""]",,,
2505144866968068,2026-05-09 23:00:36.921224,,MS4wLjABAAAAAD9tnUwQzzO1RWXjcsQixugz0IR6WgfkzYBvyZkPoIJAtyUCUwUYSHKE3Nfq7GGP,84381839243,84381839243,六天,"世界那么奇特，老杨在这儿呢。
The world is peculiar and Young is here.",16578,86641,,,1,,,,"[""https://p3-pc-sign.douyinpic.com/obj/c8510002be9a3a61aad2?lk3s=138a59ce&x-expires=1779548400&x-signature=YBmyKAcXw60iDc0b7kzRgSwRsSo%3D&from=327834062""]",,,
3335241843868264,2026-05-09 23:00:44.395987,,MS4wLjABAAAAi1lINfmSUoc4jmsPUKnoLkJggEnchYUJIPL920n6PLXr5B82-abE7KVy3WsUqz7U,50195929058,50195929058,逍遥丶,"每日更新 还没更新是在打磨作品哟
原创作品 搬运必究
谢谢每一位默默支持我的观众❤️",32282,236041,,,1,,,,"[""https://p3-pc-sign.douyinpic.com/obj/c8510002be9a3a61aad2?lk3s=138a59ce&x-expires=1779548400&x-signature=YBmyKAcXw60iDc0b7kzRgSwRsSo%3D&from=327834062""]",,,
97230883916,2026-05-09 23:00:51.018691,,MS4wLjABAAAAJPDSrwKAEk0th1eTfMgOiFa1LV35hvPrCzxORxO_v3c,ruoruo.ya,1072301450,Rachel,"爱吃震慑且经常破轮的小女孩主包
直播时间（8:30～10:30 12:00～14:00 19:00～21:30）
第二人格：@李哒哒 
一个菜的抠脚的养成系娱乐煮波
不是技术主包下饭请见谅～
谢谢宝宝喜欢⌯>ᴗo⌯ಣ",133511,1231015,,,1,,,,"[""https://p3-pc-sign.douyinpic.com/obj/c8510002be9a3a61aad2?lk3s=138a59ce&x-expires=1779548400&x-signature=YBmyKAcXw60iDc0b7kzRgSwRsSo%3D&from=327834062""]",,,
2779998141032990,2026-05-09 23:01:05.229386,,MS4wLjABAAAAb5XIwLz6x0qRtr0RqxeOWI_28j6BGcP4vhdIMU94lGne5_nkF2pu5UsRSgXIJhMC,xiaoachouguo,4183945632,小阿丑（射手教学）,"射手打法思路教学博主
每周六、日下午一点直播
开通会员即可复盘四次",241647,2844730,,,1,,,,"[""https://p3-pc-sign.douyinpic.com/obj/c8510002be9a3a61aad2?lk3s=138a59ce&x-expires=1779548400&x-signature=YBmyKAcXw60iDc0b7kzRgSwRsSo%3D&from=327834062""]",,,
73118257381,2026-05-09 23:01:11.785150,,MS4wLjABAAAAjuIJ0hpSOkuj7Qt4IW6IQCRPAINv0oTrsQHUql-nsLo,zuizui0524,1722034879,嘴嘴深夜食堂,"全网同名，一个有趣且有一点点🤏沙雕的宝藏博主
超级宠粉哟～商务❤ LL10021221",6782619,59164235,,,1,,,,"[""https://p9-pc-sign.douyinpic.com/obj/c8510002be9a3a61aad2?lk3s=138a59ce&x-expires=1779548400&x-signature=Q2Dq0YkmzZjU%2FSs7qxe22Y%2F8T4I%3D&from=327834062""]",,,
7b735380-210f-91d4-fda8-1cb9ef05390a,2026-05-09 23:01:18.858612,,,,,我的,,,,,,,,,,,,,
52555376817,2026-05-09 23:01:21.636774,,MS4wLjABAAAA7Lq10Zo_NnqftVdoAlbke2AJFVZ4lr2l6bKN1qIlxfk,laozhangshidalao,929560319,老张是大佬,"极客老张，爱玩爱折腾，你无法定义我，因为我是那个传说中的男人。@老张的车库 现已发车
商务：blackhfb",900565,4897364,,,1,,,,"[""https://p3-pc-sign.douyinpic.com/obj/c8510002be9a3a61aad2?lk3s=138a59ce&x-expires=1779548400&x-signature=YBmyKAcXw60iDc0b7kzRgSwRsSo%3D&from=327834062""]",,,
65056888307,2026-05-09 23:01:27.400949,,MS4wLjABAAAA6PjFeokqOmqe6Fm6VTrYhAk7K-l59DldojCacN9GUeE,131619369w,54139939,失控,把开心留给各位，愿各位新的一年马到成功  功成名就。😁,717,14515,,,1,,,,"[""https://p3-pc-sign.douyinpic.com/obj/c8510002be9a3a61aad2?lk3s=138a59ce&x-expires=1779548400&x-signature=YBmyKAcXw60iDc0b7kzRgSwRsSo%3D&from=327834062""]",,,
101483212500,2026-05-09 23:01:41.805236,,MS4wLjABAAAAaox25HMza4xNObv6oIb7ZIKdTggYdAf71YrFxon1VhM,42520864663,42520864663,狗大蛋子,狗蛋CINEMA,264312,2619354,,,1,,,,"[""https://p3-pc-sign.douyinpic.com/obj/c8510002be9a3a61aad2?lk3s=138a59ce&x-expires=1779548400&x-signature=YBmyKAcXw60iDc0b7kzRgSwRsSo%3D&from=327834062""]",,,
104671281190,2026-05-09 23:01:53.126362,,MS4wLjABAAAAlBbQG7X8l6YpukWHGxcLi_OKt0RBSUg0BZwbvvLF0S8,,2044371889,至尊咸肉粽,"最新台剧韩剧
主页乱合集观看
感谢官方感谢大家
如有侵权请联系删除",283695,2549520,,,1,,,,"[""https://p3-pc-sign.douyinpic.com/obj/c8510002be9a3a61aad2?lk3s=138a59ce&x-expires=1779548400&x-signature=YBmyKAcXw60iDc0b7kzRgSwRsSo%3D&from=327834062""]",,,
808832617679631,2026-05-09 23:01:58.394110,,MS4wLjABAAAA1TtYH7bUtm7Gl-j1xo1JAaZ_boraq0I0VuUFH-2O48c,41288785240,41288785240,清颜影视,"如果再也见不到你！
祝你：早安 午安 晚安。",479389,11038041,,,2,,,,"[""https://p3-pc-sign.douyinpic.com/obj/c8510002be9a3a61aad2?lk3s=138a59ce&x-expires=1779548400&x-signature=YBmyKAcXw60iDc0b7kzRgSwRsSo%3D&from=327834062""]",,,
3714574780990523,2026-05-09 23:02:02.964448,,MS4wLjABAAAAWc_AtHJxL59WF0pw6lJ-YP5vLO7ufN6slwie_0-t6cIMmPOh17ikmh4h86ETd5Fp,48014042369,48014042369,三鑫不吃香菜,"感谢大家关注...
野生原创动画博主。
交流合作:gsir
注明来意:2419
博主作品已随机注册了版权，请搬运者慎重。",38016,600787,,,1,,,,"[""https://p3-pc-sign.douyinpic.com/obj/c8510002be9a3a61aad2?lk3s=138a59ce&x-expires=1779548400&x-signature=YBmyKAcXw60iDc0b7kzRgSwRsSo%3D&from=327834062""]",,,
95780546243,2026-05-09 23:02:11.252837,,MS4wLjABAAAAam1QZe1dlFwPwyKeO5N7lmqdxRxI1udfBVFPfFwgaP8,,845403627,咕咕两万里,"东北养龟/经验分享/生态造景
手搓懒人生态缸🍃养龟可以很简单
感谢朋友们的喜欢和支持💕
📮ring00728@163.com",23557,184294,,,1,,,,"[""https://p3-pc-sign.douyinpic.com/obj/c8510002be9a3a61aad2?lk3s=138a59ce&x-expires=1779548400&x-signature=YBmyKAcXw60iDc0b7kzRgSwRsSo%3D&from=327834062""]",,,
4453497454202109,2026-05-09 23:02:14.868337,,MS4wLjABAAAAn8Bbte4oYken9JI-LeesfozGtxqTNjhGoHWSRxL5tOqwL8dsoRbehvKmaBm4EUj6,41036195309,41036195309,甄知棒,"在更：我眼里的《甄嬛传》✨
这里没有标准答案，只有我的个人理解与偏爱。玩笑有之，拉踩无意。
💖共鸣者，赞藏随心。",433892,7179373,,,1,,,,"[""https://p3-pc-sign.douyinpic.com/obj/c8510002be9a3a61aad2?lk3s=138a59ce&x-expires=1779548400&x-signature=YBmyKAcXw60iDc0b7kzRgSwRsSo%3D&from=327834062""]",,,
e5d8d2b5-334f-e1a3-3d57-524081e00209,2026-05-09 23:02:17.538220,,,,,我的,,,,,,,,,,,,,
e5d8d2b5-334f-e1a3-3d57-524081e00209,2026-05-09 23:02:19.920135,,,,,我的,,,,,,,,,,,,,
87854359222,2026-05-09 23:02:21.956870,,MS4wLjABAAAApgXe2cYc3REheMWU0QxqjX9lb3lKCoccHeEbodqmXBo,,1120387917,我心永恒,,15566,124618,,,1,,,,"[""https://p3-pc-sign.douyinpic.com/obj/c8510002be9a3a61aad2?lk3s=138a59ce&x-expires=1779548400&x-signature=YBmyKAcXw60iDc0b7kzRgSwRsSo%3D&from=327834062""]",,,
109602161725,2026-05-09 23:02:24.883226,,MS4wLjABAAAAcmc6nNkQiL7iPLGSovOKClNoXMaW-dIgB2Fnc3BV0hI,gsq17,3767553701,淦诗岐,"秘密基地：@mini 淦 
“我相信 真诚是最畅销的产品”
就爱买点特别的 （喜欢买流量品的勿关）
你的专属买手主播和小众买手店铺已上线  
一个功能性博主 一切选品标准 以能让大家拿到结果为导向
专注解决大家的护肤问题和变美需求       
水光/院线/彩妆/护肤/香水/女性护理逐步上线中
产品售后及使用搭配方法@淦诗岐小助理啵啵 @淦诗岐小助理泰尔德(试用报名➕v)",1725437,32903589,,,1,,,,"[""https://p3-pc-sign.douyinpic.com/obj/c8510002be9a3a61aad2?lk3s=138a59ce&x-expires=1779548400&x-signature=YBmyKAcXw60iDc0b7kzRgSwRsSo%3D&from=327834062""]",,,
e5d8d2b5-334f-e1a3-3d57-524081e00209,2026-05-09 23:02:32.891283,,,,,我的,,,,,,,,,,,,,
105167495936,2026-05-09 23:02:37.166067,,MS4wLjABAAAAZSxAucFNxc6TsT5DA7z_v2GsJyP9K6pKq7V19EecS1s,,1616390522,桥海鱼,"与AI…交个朋友？
做些很好玩的视频！
INFJ",21106,394717,,,1,,,,"[""https://p3-pc-sign.douyinpic.com/obj/c8510002be9a3a61aad2?lk3s=138a59ce&x-expires=1779548400&x-signature=YBmyKAcXw60iDc0b7kzRgSwRsSo%3D&from=327834062""]",,,
2430388434636867,2026-05-09 23:02:43.339727,,MS4wLjABAAAAJLRyt0RTU1pJqu3SKp7XElP9CsTfhcCihXwZipBwcc8Purr-qoWjzG_XfGfabrl7,26330561844,26330561844,爆笑花花,"点关注 承包你的快乐时光
合作+v  mc54916
账号学习+v    mc54916",179155,1635108,,,1,,,,"[""https://p3-pc-sign.douyinpic.com/obj/c8510002be9a3a61aad2?lk3s=138a59ce&x-expires=1779548400&x-signature=YBmyKAcXw60iDc0b7kzRgSwRsSo%3D&from=327834062""]",,,
55539553020,2026-05-09 23:02:45.933541,,MS4wLjABAAAAH76hhSfHYnLxOgvyMxoiXzy3hw-F4-B0RTOPtTuN-h8,pw1317032928,1317032925,品味影视,"精彩纪录片带你寻宝
一起去看不一样的世界
加入粉丝团精彩下期等着你",3361438,44647974,,,1,,,,"[""https://p3-pc-sign.douyinpic.com/obj/c8510002be9a3a61aad2?lk3s=138a59ce&x-expires=1779548400&x-signature=YBmyKAcXw60iDc0b7kzRgSwRsSo%3D&from=327834062""]",,,
e5d8d2b5-334f-e1a3-3d57-524081e00209,2026-05-09 23:02:53.493509,,,,,我的,,,,,,,,,,,,,
92515611325,2026-05-09 23:02:56.708072,,MS4wLjABAAAAcUVNVKGBCfheZ4ZS_bw7wu1HH_rtLvr56vxpUH1xSxw,Potato_bike,380810889,骑不动的洋芋,"我爱骑车，单纯瘾大
轮组：Scom Voso
相机：影石Acepro2
兄弟：@小徐老师🚴（骑车仔）
日常：@洋芋的朋友圈",224468,7336144,,,1,,,,"[""https://p3-pc-sign.douyinpic.com/obj/c8510002be9a3a61aad2?lk3s=138a59ce&x-expires=1779548400&x-signature=YBmyKAcXw60iDc0b7kzRgSwRsSo%3D&from=327834062""]",,,
e5d8d2b5-334f-e1a3-3d57-524081e00209,2026-05-09 23:03:03.333050,,,,,我的,,,,,,,,,,,,,
e5d8d2b5-334f-e1a3-3d57-524081e00209,2026-05-09 23:03:06.668794,,,,,我的,,,,,,,,,,,,,
7587685867491198001,2026-05-09 23:03:09.058187,,MS4wLjABAAAAr4D6PPz0K7gdcMNvtv2wXuAfCAZE7isViexUbiAO4UJLoymDb3n3oJC3M3YoUkpo,31269928166,31269928166,苏江动画,"超前一到两天更，免费二到三天
超前已更新至第五十九集
正在更新小说《安柔之歌》🍅可搜
发原小说名字的拉黑",164413,1357174,,,1,,,,"[""https://p3-pc-sign.douyinpic.com/obj/c8510002be9a3a61aad2?lk3s=138a59ce&x-expires=1779548400&x-signature=YBmyKAcXw60iDc0b7kzRgSwRsSo%3D&from=327834062""]",,,
596365853601196,2026-05-09 23:03:16.917373,,MS4wLjABAAAA8CGt9kTrIMlu_bY0dTfPBjY0wFVNeg_ZVXLI9YdfbPw,62202736172,62202736172,风月皆温柔,"以岁月之名，重温经典剧集。
深耕细作优质解说，慢品人间烟火与剧中悲欢。
此刻正更新《新白娘子传奇》《还珠格格》，
关注我！愿与同好共赴旧时光，重拾年少追剧的心动。",39056,728221,,,1,,,,"[""https://p3-pc-sign.douyinpic.com/obj/c8510002be9a3a61aad2?lk3s=138a59ce&x-expires=1779548400&x-signature=YBmyKAcXw60iDc0b7kzRgSwRsSo%3D&from=327834062""]",,,
e5d8d2b5-334f-e1a3-3d57-524081e00209,2026-05-09 23:03:23.350975,,,,,我的,,,,,,,,,,,,,
2709627464333310,2026-05-09 23:03:27.747767,,MS4wLjABAAAAILRjjyHC17_n96VVZTgIP6KjVfk5sWRNkxrqJOyC61OO-XdE6YbBgRv3gjp5KRDr,54498306655,54498306655,街头美食秀,"下方【橱窗】有好吃的🤣🤣
每天分享各种美食❤️
💚yuzims777",312967,3487122,,,1,,,,"[""https://p3-pc-sign.douyinpic.com/obj/c8510002be9a3a61aad2?lk3s=138a59ce&x-expires=1779548400&x-signature=YBmyKAcXw60iDc0b7kzRgSwRsSo%3D&from=327834062""]",,,
e5d8d2b5-334f-e1a3-3d57-524081e00209,2026-05-09 23:03:33.430831,,,,,我的,,,,,,,,,,,,,
e5d8d2b5-334f-e1a3-3d57-524081e00209,2026-05-09 23:03:35.451195,,,,,我的,,,,,,,,,,,,,
4497446315495987,2026-05-09 23:03:37.395660,,MS4wLjABAAAA6CSr-JoD1anN96NO-MN0XKusD9KBPCXU4lCzAalCspma-6VtfIWgANevUaAlHS9F,86832091815,86832091815,twit,干饭人吖,307,32082,,,1,,,,"[""https://p3-pc-sign.douyinpic.com/obj/c8510002be9a3a61aad2?lk3s=138a59ce&x-expires=1779548400&x-signature=YBmyKAcXw60iDc0b7kzRgSwRsSo%3D&from=327834062""]",,,
574408368598074,2026-05-09 23:03:44.780694,,MS4wLjABAAAADzkwEv7CMz5sRUxqQZKgQume38Qd39nKt7mFs_Ylug4,56250431736,56250431736,张张游泳池,"讨伐型人格，不礼貌发言会毕业
商务🛰️：xinhe318（非本人）",932897,7275356,,,1,,,,"[""https://p3-pc-sign.douyinpic.com/obj/c8510002be9a3a61aad2?lk3s=138a59ce&x-expires=1779548400&x-signature=YBmyKAcXw60iDc0b7kzRgSwRsSo%3D&from=327834062""]",,,
68497841650,2026-05-09 23:03:50.182369,,MS4wLjABAAAAvGr5ijz3rf65y77OXWzUZx_AurgfYiRu5qFzHC7FoJI,DaErChuiBaoBao,944079957,大耳垂宝宝,合作+v信decbbb，希望我的视频能陪伴你一路成长,219217,1599671,,,1,,,,"[""https://p9-pc-sign.douyinpic.com/obj/c8510002be9a3a61aad2?lk3s=138a59ce&x-expires=1779548400&x-signature=Q2Dq0YkmzZjU%2FSs7qxe22Y%2F8T4I%3D&from=327834062""]",,,
323710226801507,2026-05-09 23:03:58.313909,,MS4wLjABAAAAOxLe7INgQo5_14tjOpeOawV37owFuK33UYUcaCn9fug,63563017644,63563017644,俭条,"三角洲跑雷第一人，250开火键掌控者
感谢抖音官方的流量
直播时间：每晚20:00～22:00 
自家保镖：@俭条电竞（多一个字都是假的） 
另一个我/9级回关找：@俭条条 
跑刀：@191工作室（跑刀3×3部门） 9.9跑266w
哈弗B回收：@东东商行（回收哈夫币）  
商务私",1309060,9229913,,,1,,,,"[""https://p3-pc-sign.douyinpic.com/obj/c8510002be9a3a61aad2?lk3s=138a59ce&x-expires=1779548400&x-signature=YBmyKAcXw60iDc0b7kzRgSwRsSo%3D&from=327834062""]",,,
e5d8d2b5-334f-e1a3-3d57-524081e00209,2026-05-09 23:04:02.133212,,,,,我的,,,,,,,,,,,,,
e5d8d2b5-334f-e1a3-3d57-524081e00209,2026-05-09 23:04:04.294246,,,,,我的,,,,,,,,,,,,,
1289071587755949,2026-05-09 23:04:06.520606,,MS4wLjABAAAAFsokyx_U31RbIWN8umvGMnLsxM3dBNOShRZE6rg1H9icOECtRWiPB4kD77RRj_Qz,31259316924,31259316924,小小万mini厨房,"抖音唯一更新账号
合：Taurus_11001",415031,1482859,,,1,,,,"[""https://p3-pc-sign.douyinpic.com/obj/c8510002be9a3a61aad2?lk3s=138a59ce&x-expires=1779548400&x-signature=YBmyKAcXw60iDc0b7kzRgSwRsSo%3D&from=327834062""]",,,
3732170067682359,2026-05-09 23:04:10.097982,,MS4wLjABAAAAUwR17_25fnOHPHXdu7D093uWum_p21GaRTZg_H1KL4FT7AajcFiGP1RVK3bP2_r_,34697166554,34697166554,幕逅,"赶快关注我吧！
要不然等我火了，你就不是原始股了！😘",45338,1403780,,,1,,,,"[""https://p3-pc-sign.douyinpic.com/obj/c8510002be9a3a61aad2?lk3s=138a59ce&x-expires=1779548400&x-signature=YBmyKAcXw60iDc0b7kzRgSwRsSo%3D&from=327834062""]",,,
e5d8d2b5-334f-e1a3-3d57-524081e00209,2026-05-09 23:04:14.988426,,,,,我的,,,,,,,,,,,,,
3222016459538932,2026-05-09 23:04:17.123024,,MS4wLjABAAAA7XXEtLKJxpnx6gKJBHPf1740tlg25I-1rgWmjHacP1EVZKXROk9aNgjU8FctRBsQ,56818397984,56818397984,xs,"🩷每天更新和平解说视频
💖爱播：@昊昊 
🩵点赞越多更新越快
💞非专业剪辑➕非正经解说
@盼之代售App",66662,1411646,,,1,,,,"[""https://p3-pc-sign.douyinpic.com/obj/c8510002be9a3a61aad2?lk3s=138a59ce&x-expires=1779548400&x-signature=YBmyKAcXw60iDc0b7kzRgSwRsSo%3D&from=327834062""]",,,
e5d8d2b5-334f-e1a3-3d57-524081e00209,2026-05-09 23:04:24.747467,,,,,我的,,,,,,,,,,,,,
e5d8d2b5-334f-e1a3-3d57-524081e00209,2026-05-09 23:04:26.985446,,,,,我的,,,,,,,,,,,,,
e5d8d2b5-334f-e1a3-3d57-524081e00209,2026-05-09 23:04:29.837242,,,,,我的,,,,,,,,,,,,,
86535818534,2026-05-09 23:04:32.079995,,MS4wLjABAAAAvpvz-pJOjkV8MDZGMriKrEeUhUy88EfcdMmqw360Rxw,Linjianjie82,205595740,林檬茶,风格多变，一个不正经的动物科普博主~,174140,2719022,,,1,,,,"[""https://p3-pc-sign.douyinpic.com/obj/c8510002be9a3a61aad2?lk3s=138a59ce&x-expires=1779548400&x-signature=YBmyKAcXw60iDc0b7kzRgSwRsSo%3D&from=327834062""]",,,
e5d8d2b5-334f-e1a3-3d57-524081e00209,2026-05-09 23:04:39.551507,,,,,我的,,,,,,,,,,,,,
396253353740312,2026-05-09 23:04:41.762476,,MS4wLjABAAAAX86Xph4CG7IMXy4gpMl1T9gm025IAi4mEdhPUIx52xQ,zhangbinguancha,40292294246,张斌观察,闲话古今，随看东西，轻重口味,2413049,11039570,,,1,,,,"[""https://p3-pc-sign.douyinpic.com/obj/c8510002be9a3a61aad2?lk3s=138a59ce&x-expires=1779548400&x-signature=YBmyKAcXw60iDc0b7kzRgSwRsSo%3D&from=327834062""]",,,
e5d8d2b5-334f-e1a3-3d57-524081e00209,2026-05-09 23:04:44.386824,,,,,我的,,,,,,,,,,,,,
2936123528067851,2026-05-09 23:04:47.670392,,MS4wLjABAAAAx6wO6kXpIrdpWYJpGqz2aHS2_GHSZXYqKXWtQk-inAFd_CfsD1L-4k0RP57p_b9K,86548444680,86548444680,张嘴吃,"分享日常生活，分享美食
感谢大家的点赞和关注🌹",5994,52516,,,1,,,,"[""https://p3-pc-sign.douyinpic.com/obj/c8510002be9a3a61aad2?lk3s=138a59ce&x-expires=1779548400&x-signature=YBmyKAcXw60iDc0b7kzRgSwRsSo%3D&from=327834062""]",,,
e5d8d2b5-334f-e1a3-3d57-524081e00209,2026-05-09 23:04:53.247717,,,,,我的,,,,,,,,,,,,,
795699167895948,2026-05-09 23:04:55.528961,,MS4wLjABAAAAEQdgQCV2cmBpieojzkN-V2E6XIO9ZDpKt-itvGjmehI,JS17594,2295918971,JS,"专注分享优质小故事🫰
主题：探洞、潜水、登山、徒步、意外事故等🫰",716889,6667369,,,1,,,,"[""https://p3-pc-sign.douyinpic.com/obj/c8510002be9a3a61aad2?lk3s=138a59ce&x-expires=1779548400&x-signature=YBmyKAcXw60iDc0b7kzRgSwRsSo%3D&from=327834062""]",,,
e5d8d2b5-334f-e1a3-3d57-524081e00209,2026-05-09 23:05:02.768191,,,,,我的,,,,,,,,,,,,,
918813938817133,2026-05-09 23:05:04.900638,,MS4wLjABAAAA65ZmoVIHkOdakiyCECpzVSVQZAu3YpRaKDpRrvfgQz8,doudouli20145,2942715168,木木木喝烫水,"24届法学本科生/已过法考
不想上班/是个i人",43923,708622,,,1,,,,"[""https://p3-pc-sign.douyinpic.com/obj/c8510002be9a3a61aad2?lk3s=138a59ce&x-expires=1779548400&x-signature=YBmyKAcXw60iDc0b7kzRgSwRsSo%3D&from=327834062""]",,,
93580696244,2026-05-09 23:05:11.556809,,MS4wLjABAAAAQHqv05UFwLXiM6_evmbcBIAifdQ4gG51C8CDeu0S8aI,34618348407,374345462,34618348407,"分享乡村真人真唱现场好声音
感谢抖音绿色平台
一三五晚八点八分准时更新
🔥置顶规则：红心前一二名第一个自留地
🤝谢谢您的支持与关注！",65025,1915994,,,1,,,,"[""https://p3-pc-sign.douyinpic.com/obj/c8510002be9a3a61aad2?lk3s=138a59ce&x-expires=1779548400&x-signature=YBmyKAcXw60iDc0b7kzRgSwRsSo%3D&from=327834062""]",,,
175547725656334,2026-05-09 23:05:19.042116,,MS4wLjABAAAA8-B8x-7zAItUiYnP_iakJG6xhKFfY7dC27oU5dCLOak,ysys2021930,3886673213,王者荣耀一僧（国服达摩）,"宝宝们要天天快乐
商务🛰️ZG776589（备注来意）",2365838,42816240,,,1,,,,"[""https://p3-pc-sign.douyinpic.com/obj/c8510002be9a3a61aad2?lk3s=138a59ce&x-expires=1779548400&x-signature=YBmyKAcXw60iDc0b7kzRgSwRsSo%3D&from=327834062""]",,,
e5d8d2b5-334f-e1a3-3d57-524081e00209,2026-05-09 23:05:22.275779,,,,,我的,,,,,,,,,,,,,
99091140237,2026-05-09 23:05:24.655675,,MS4wLjABAAAA-bDkFcoFmw0TI5vA5Ziw8B7-9oQBdF2tgzI9ROmnZk4,,1163370455,🍀🐠燕子🍀🌻,"☕每天解读1本经典好书┊商业思维×哲学智慧×人文洞察×心理健康┊提升认知边界✨
🌈以阅界┊破边界┊丰盈思想┊辽阔内心┊与智者同频┊言谈有光┊好书分享┊经典必读🌱
💗分享书籍解读纯属个人爱好，初心皆在提升自己，若也能让你受用，倍感荣幸🙏",195282,308352,,,1,,,,"[""https://p3-pc-sign.douyinpic.com/obj/c8510002be9a3a61aad2?lk3s=138a59ce&x-expires=1779548400&x-signature=YBmyKAcXw60iDc0b7kzRgSwRsSo%3D&from=327834062""]",,,
e5d8d2b5-334f-e1a3-3d57-524081e00209,2026-05-09 23:05:31.815410,,,,,我的,,,,,,,,,,,,,
58528513119,2026-05-09 23:05:35.292835,,MS4wLjABAAAAILeqOntmxQXaqLeYzSC6ACmI3cN8Az5qGMtUunkXGjQ,qln20020709,1063832820,王者荣耀帝鑫,认真做好每一个视频，你的喜爱是我制作的动力,197709,11626007,,,1,,,,"[""https://p3-pc-sign.douyinpic.com/obj/c8510002be9a3a61aad2?lk3s=138a59ce&x-expires=1779548400&x-signature=YBmyKAcXw60iDc0b7kzRgSwRsSo%3D&from=327834062""]",,,
7497843347475907643,2026-05-09 23:05:40.581293,,MS4wLjABAAAA1aN6plWgikYQCmexm4Yb3G52J1Pp5Z9ovXoEnn2bVPX4rn4ONowsJVYlNJTftdPO,81000098038,81000098038,地道中国味,"“走遍中国，只为一口地道味！
跟着我，翻山越岭钻进街头巷尾，把最真实的中国风味端到你眼前。",504596,1657162,,,1,,,,"[""https://p3-pc-sign.douyinpic.com/obj/c8510002be9a3a61aad2?lk3s=138a59ce&x-expires=1779548400&x-signature=YBmyKAcXw60iDc0b7kzRgSwRsSo%3D&from=327834062""]",,,
4152224902035979,2026-05-09 23:05:44.210359,,MS4wLjABAAAAhDH2ymBPDCEiV_LmVMRxdKw2aqHK-8QXoSFouIjCq2Ij7kRU3_JYuIHui6f6Wtno,dy347377,88803375171,园长鼠鼠,"一代人有一代人的动物世界🦕
一枚小小的动物博主🐋
每一个视频都是一个有趣的故事。🐣
谢谢您的喜欢😊",136017,2116439,,,1,,,,"[""https://p3-pc-sign.douyinpic.com/obj/c8510002be9a3a61aad2?lk3s=138a59ce&x-expires=1779548400&x-signature=YBmyKAcXw60iDc0b7kzRgSwRsSo%3D&from=327834062""]",,,
1408893633441008,2026-05-09 23:05:51.919736,,MS4wLjABAAAARM4O9_oumA0iyKG72yR_nAicEQUAldN-x_2ZJnEi306QB-8kruKF1bVpCaIRiWeb,qiyue289789.,67423333254,每日一笑😁,"分享欢乐，总有一句台词、一个瞬间戳中你的笑点，给生活加点甜！
视频来源于网络。
如有侵权请联系删除！！
少一点套路，多一点真诚🎈",3211,142487,,,1,,,,"[""https://p3-pc-sign.douyinpic.com/obj/c8510002be9a3a61aad2?lk3s=138a59ce&x-expires=1779548400&x-signature=YBmyKAcXw60iDc0b7kzRgSwRsSo%3D&from=327834062""]",,,
1216472580364048,2026-05-09 23:06:06.067096,,MS4wLjABAAAAZLS4nbOInT4n4E0kpftsLyuw0IL72nKXvHXu1_fWMUgE8Aux5n1Auz_WsFTO9TQ_,77611935063,77611935063,睁眼看世界,,333009,1551080,,,1,,,,"[""https://p9-pc-sign.douyinpic.com/obj/c8510002be9a3a61aad2?lk3s=138a59ce&x-expires=1779548400&x-signature=Q2Dq0YkmzZjU%2FSs7qxe22Y%2F8T4I%3D&from=327834062""]",,,
8dc75dc6-8da6-49ae-0ac0-4c960575ee89,2026-05-09 23:06:13.908442,,,,,我的,,,,,,,,,,,,,
8dc75dc6-8da6-49ae-0ac0-4c960575ee89,2026-05-09 23:06:16.156934,,,,,我的,,,,,,,,,,,,,
8dc75dc6-8da6-49ae-0ac0-4c960575ee89,2026-05-09 23:06:18.246556,,,,,我的,,,,,,,,,,,,,
1222250472417672,2026-05-09 23:06:20.377676,,MS4wLjABAAAAjG0IHCfIzKuDjA3Jbrbj0XCMcOLurS-8A7PKwfMHbCyuSEEaGgAP_QqQZhASeI5P,zhenban86348,3659647012,快乐短剧,"🔥关注我，每天更新热门短剧，好看的短剧。
希望大家多多与我评论区互动。
拯救剧荒，推荐的每一部剧都是经过筛选
 
❤感恩平台以及官方大大支持",13951,108841,,,1,,,,"[""https://p3-pc-sign.douyinpic.com/obj/c8510002be9a3a61aad2?lk3s=138a59ce&x-expires=1779548400&x-signature=YBmyKAcXw60iDc0b7kzRgSwRsSo%3D&from=327834062""]",,,
100580589501,2026-05-09 23:06:27.287784,,MS4wLjABAAAAm_2Pg7Uzo9nSDTU-5xFVNfNdgVLZVbCz__9mBlmAGWE,N47529,1339037807,兰导（游戏解说）,"🎮︎脱坑入坑  就上转转app@转转APP-游戏频道 
宝宝~关注我
感谢喜欢，我会努力哒👋
🌟有趣的评论都会回复哦",253427,15235809,,,1,,,,"[""https://p3-pc-sign.douyinpic.com/obj/c8510002be9a3a61aad2?lk3s=138a59ce&x-expires=1779548400&x-signature=YBmyKAcXw60iDc0b7kzRgSwRsSo%3D&from=327834062""]",,,
2439169152665136,2026-05-09 23:06:36.208222,,MS4wLjABAAAAXV--plKi2u1PqhSOOaX-U2OCKD-9D542SLgKn4XesqBTVmFfv7u7WP6nlvdOcIfP,42227980206,42227980206,风味视界,,12842,38183,,,1,,,,"[""https://p3-pc-sign.douyinpic.com/obj/c8510002be9a3a61aad2?lk3s=138a59ce&x-expires=1779548400&x-signature=YBmyKAcXw60iDc0b7kzRgSwRsSo%3D&from=327834062""]",,,
108048760796,2026-05-09 23:06:42.029628,,MS4wLjABAAAAmYXNX7IujtPpxPCa9ZgLqUB_B0pqJvKN1IFOF-ksEUg,,2171641526,醉酒赢天下,"真人配音  稳定输出
已签独家  搬运必究
感谢平台  感谢粉丝
目前正在更新《名义》",172612,5179491,,,1,,,,"[""https://p9-pc-sign.douyinpic.com/obj/c8510002be9a3a61aad2?lk3s=138a59ce&x-expires=1779548400&x-signature=Q2Dq0YkmzZjU%2FSs7qxe22Y%2F8T4I%3D&from=327834062""]",,,
4006273936268936,2026-05-09 23:06:49.649257,,MS4wLjABAAAAZitSOW-S-9VeT0ZxdBvCvTwrKVwU5EzJ5SGqddjwupMSwboujljmSf2VuqDmlXfX,qidian24519,3696294257,经典老歌汇（车载优盘）,"唯独音乐没有辜负8090后，回顾老歌是一种情怀！
优盘：⬇️⬇️下方进入［商品橱窗］
                     视频同款：国粤经典/作品合集",494074,2796919,,,1,,,,"[""https://p3-pc-sign.douyinpic.com/obj/c8510002be9a3a61aad2?lk3s=138a59ce&x-expires=1779548400&x-signature=YBmyKAcXw60iDc0b7kzRgSwRsSo%3D&from=327834062""]",,,
d650f6a2-e37e-f8f6-f9da-50104275092d,2026-05-09 23:06:57.320365,,,,,我的,,,,,,,,,,,,,
817631943473438,2026-05-09 23:06:59.589431,,MS4wLjABAAAA2fXjX3vSuosuP7oetof_4LgVyoxOkjP1gw2q_vzjGDE,xxgny123,3431659961,潇潇国内游,爱旅行的川妹子,434734,3898965,,,1,,,,"[""https://p3-pc-sign.douyinpic.com/obj/c8510002be9a3a61aad2?lk3s=138a59ce&x-expires=1779548400&x-signature=YBmyKAcXw60iDc0b7kzRgSwRsSo%3D&from=327834062""]",,,
98449827819,2026-05-09 23:07:02.189764,,MS4wLjABAAAAZwLzVPsgbB_mfIaxeky5X3OT_-kU_FAeOpMuN1HT-Sc,29844982781,29844982781,英剧说,搜罗欧美最新剧集，由于很多属于周播剧，主页有点乱，点合集观看。总有一部剧，走进你心里。,783102,8202178,,,1,,,,"[""https://p9-pc-sign.douyinpic.com/obj/c8510002be9a3a61aad2?lk3s=138a59ce&x-expires=1779548400&x-signature=Q2Dq0YkmzZjU%2FSs7qxe22Y%2F8T4I%3D&from=327834062""]",,,
d650f6a2-e37e-f8f6-f9da-50104275092d,2026-05-09 23:07:08.339880,,,,,我的,,,,,,,,,,,,,
1759686516026204,2026-05-09 23:07:10.533842,,MS4wLjABAAAASbExN8bqWOSt22Mw7DGMLbU4el2p16WVjSLYAotF7XTOAPJomcEtwjvvuiXNvFpu,30594478659,30594478659,秋刀鱼.,"苦尽甘来
兄弟：@白凝冰（小号会回关）",1233,92628,,,1,,,,"[""https://p3-pc-sign.douyinpic.com/obj/c8510002be9a3a61aad2?lk3s=138a59ce&x-expires=1779548400&x-signature=YBmyKAcXw60iDc0b7kzRgSwRsSo%3D&from=327834062""]",,,
72195975319,2026-05-09 23:07:16.859683,,MS4wLjABAAAAYee1Wtis9GddVUNd2pU1Qc2ZfUHSluhLnM3uBZ8GUiI,,1054300268,小勋勋哥,"• 尽心尽力做好每一个作品
• 持续更新最精彩的比赛
• 感谢你的支持与关注 ❤️
• 你们的支持就是我最大的动力
• 商务联系：FSco1027（注明来意）",70034,1263101,,,1,,,,"[""https://p3-pc-sign.douyinpic.com/obj/c8510002be9a3a61aad2?lk3s=138a59ce&x-expires=1779548400&x-signature=YBmyKAcXw60iDc0b7kzRgSwRsSo%3D&from=327834062""]",,,
12da6c5b-63f0-685d-27a3-ff012301c5b1,2026-05-09 23:07:25.435399,,,,,我的,,,,,,,,,,,,,
7495719354778420284,2026-05-09 23:07:28.751164,,MS4wLjABAAAAmq4ElsjorgKNowcayN2vIcK0wDgj8pg11yUhzdYPRWpqZmhvsYsV7e_jMrMYdJiM,Yi.WangFinance,96497078142,王一财经,"七年在美经历。
在纽约/洛杉矶/波士顿/密尔沃基/俄亥俄都有居住。
看得多了，自然也就看得清了。",320287,1818910,,,1,,,,"[""https://p3-pc-sign.douyinpic.com/obj/c8510002be9a3a61aad2?lk3s=138a59ce&x-expires=1779548400&x-signature=YBmyKAcXw60iDc0b7kzRgSwRsSo%3D&from=327834062""]",,,
1577114208313495,2026-05-09 23:07:34.490370,,MS4wLjABAAAAmApDRbC1J1tuJjhkoq4Ye64AfC0zA86cFVkdIq_eTgJgz_bA8UgvRTsn54JwlDXO,98197312931,98197312931,temet（无畏契约）,"让国服有更多的霓虹滑铲扫射绝活哥
叮当1600 0.4
temet1600 0.18 nxrth 800 0.44 slump1000 0.777",48594,2062633,,,1,,,,"[""https://p3-pc-sign.douyinpic.com/obj/c8510002be9a3a61aad2?lk3s=138a59ce&x-expires=1779548400&x-signature=YBmyKAcXw60iDc0b7kzRgSwRsSo%3D&from=327834062""]",,,
3593624047857967,2026-05-09 23:07:43.137755,,MS4wLjABAAAAC7gwkV0OnJntvliWGTjyRJ8zV26dV_Hlr3zIPScR4xG_pAhVH6u2CBvffmteS6x7,67597796097,67597796097,小兔文学,"读书不是为了雄辩和驳斥
也不是为了轻信和盲从
而是为了思考和权衡",162679,2161082,,,1,,,,"[""https://p3-pc-sign.douyinpic.com/obj/c8510002be9a3a61aad2?lk3s=138a59ce&x-expires=1779548400&x-signature=YBmyKAcXw60iDc0b7kzRgSwRsSo%3D&from=327834062""]",,,
e5d8d2b5-334f-e1a3-3d57-524081e00209,2026-05-09 23:07:47.361812,,,,,我的,,,,,,,,,,,,,
298655052470240,2026-05-09 23:07:49.387757,,MS4wLjABAAAARFU6IURNthi35MsH5wcLrqeUo-4apETgEWcttg6r3Pc,suoluomendee84,3746753989,DS,"看美女有益身心健康
美丽角色的魅力呈现",2009421,36669910,,,1,,,,"[""https://p3-pc-sign.douyinpic.com/obj/c8510002be9a3a61aad2?lk3s=138a59ce&x-expires=1779548400&x-signature=YBmyKAcXw60iDc0b7kzRgSwRsSo%3D&from=327834062""]",,,
e5d8d2b5-334f-e1a3-3d57-524081e00209,2026-05-09 23:07:57.028130,,,,,我的,,,,,,,,,,,,,
e5d8d2b5-334f-e1a3-3d57-524081e00209,2026-05-09 23:07:59.681670,,,,,我的,,,,,,,,,,,,,
83923317004,2026-05-09 23:08:01.735148,,MS4wLjABAAAAMemxpGcfWcLdazer2yZbdOfHixqRu3kNITcgkWkOzMU,,1322508649,Xiaobing蒋,"过去可以挽回，未来可以改变
             神人来的
心情好了就更新
一个有意思的人:@玉米面君",511333,5791598,,,1,,,,"[""https://p3-pc-sign.douyinpic.com/obj/c8510002be9a3a61aad2?lk3s=138a59ce&x-expires=1779548400&x-signature=YBmyKAcXw60iDc0b7kzRgSwRsSo%3D&from=327834062""]",,,
e5d8d2b5-334f-e1a3-3d57-524081e00209,2026-05-09 23:08:08.210324,,,,,我的,,,,,,,,,,,,,
2839404692911500,2026-05-09 23:08:10.084713,,MS4wLjABAAAA_q8lMtnteJOOPCIK9MV7FkbkTxdijEicHhw9TOLn7QONXMLN8mbEw4cjmqp0dPT2,96589388654,96589388654,中国味之旅,"看中国，看世界🌏
了解不同地域 | 饮食文化 | 
关注我，一起开启舌尖上的旅程！",111146,590359,,,1,,,,"[""https://p3-pc-sign.douyinpic.com/obj/c8510002be9a3a61aad2?lk3s=138a59ce&x-expires=1779548400&x-signature=YBmyKAcXw60iDc0b7kzRgSwRsSo%3D&from=327834062""]",,,
1950997075475644,2026-05-09 23:08:14.113329,,MS4wLjABAAAACCh4-oJW5PNZo-gAeoRA3z0Xiu3Enh85VdvoymPp1TqiKn_IiEy4Dguuj6jc2mxt,94347466885,94347466885,万物皆可趣解,用趣味打开科学，用脑洞解读世界，奇趣科普陪你涨知识,20244,1252259,,,1,,,,"[""https://p3-pc-sign.douyinpic.com/obj/c8510002be9a3a61aad2?lk3s=138a59ce&x-expires=1779548400&x-signature=YBmyKAcXw60iDc0b7kzRgSwRsSo%3D&from=327834062""]",,,
87444549334,2026-05-09 23:08:19.903391,,MS4wLjABAAAAMyg7JVtdFqxGnSOvvShE0V_0mlQ9DOfe69-lGqB6VJ8,,1764600507,8点20,这里是MC Auto 学习整理总结 汽车文化的频道 欢迎大家一起学习成长 maichaoauto@gmail.com,212363,1366422,,,1,,,,"[""https://p3-pc-sign.douyinpic.com/obj/c8510002be9a3a61aad2?lk3s=138a59ce&x-expires=1779548400&x-signature=YBmyKAcXw60iDc0b7kzRgSwRsSo%3D&from=327834062""]",,,
24293d6e-8131-6341-b8a5-d2049792eac5,2026-05-09 23:08:28.241439,,,,,我的,,,,,,,,,,,,,
720934615392448,2026-05-09 23:08:30.580841,,MS4wLjABAAAAVzFK1scBUjDqyZGzMxNa9egCme95LRoNSKOP6bhp854,hongze198115,4013465163,鸿泽游戏解说,"主更：宗师 小正 等主播精彩视频！
本人：HZ836521172（备注来意）
@盼之代售App
全英雄效率底价上分v：timi4499@上分阁-电竞（全英雄上⭐️大小国）",93244,5256570,,,1,,,,"[""https://p3-pc-sign.douyinpic.com/obj/c8510002be9a3a61aad2?lk3s=138a59ce&x-expires=1779548400&x-signature=YBmyKAcXw60iDc0b7kzRgSwRsSo%3D&from=327834062""]",,,
24293d6e-8131-6341-b8a5-d2049792eac5,2026-05-09 23:08:33.479441,,,,,我的,,,,,,,,,,,,,
24293d6e-8131-6341-b8a5-d2049792eac5,2026-05-09 23:08:36.062660,,,,,我的,,,,,,,,,,,,,
588926977847819,2026-05-09 23:08:39.200044,,MS4wLjABAAAAZ7Fo6x_ZJGzknNC9VtBZ2JP1YeKM4nVqGfRPpAw1XSs,dyo2pkqfl7uz,4102763132,徐大厨，,一个来自山东的煮厨，认真分享每一道美食。,135249,848906,,,1,,,,"[""https://p9-pc-sign.douyinpic.com/obj/c8510002be9a3a61aad2?lk3s=138a59ce&x-expires=1779548400&x-signature=Q2Dq0YkmzZjU%2FSs7qxe22Y%2F8T4I%3D&from=327834062""]",,,
1603503400160765,2026-05-09 23:08:42.246534,,MS4wLjABAAAATNR2rfY1pJmtEVyVGqZTxG-goXMN5UI4oZASKtMrGDq--591ngi-h6DoqLARfS1T,35002634806,35002634806,野兽超清中文配音,,109503,298070,,,1,,,,"[""https://p9-pc-sign.douyinpic.com/obj/c8510002be9a3a61aad2?lk3s=138a59ce&x-expires=1779548400&x-signature=Q2Dq0YkmzZjU%2FSs7qxe22Y%2F8T4I%3D&from=327834062""]",,,
1921581410422811,2026-05-09 23:08:51.159422,,MS4wLjABAAAA--uPtfghk8se0gqFqoRei82zZ8OHBgS2kUjmr8uM_uR62o_cp1sHhVwyI_OjXdDT,dymn5m6gxpqp,3615696189,虎姑婆,"📷用不同的视角记录世界📷
🩷人生不过三万天，勇敢的做自己
💡视频仅供娱乐，大家要树立正确价值观
🌍合：ryu968 （备注来意）",14289,140491,,,1,,,,"[""https://p3-pc-sign.douyinpic.com/obj/c8510002be9a3a61aad2?lk3s=138a59ce&x-expires=1779548400&x-signature=YBmyKAcXw60iDc0b7kzRgSwRsSo%3D&from=327834062""]",,,
916368424436155,2026-05-09 23:09:05.229892,,MS4wLjABAAAAwrFVAubP29ntF3SkuyePFHvAns5X3I7lX48n9OMDyxU,30377787770,30377787770,FINDCODE 觅码,"时尚解码人 FINDCODE
解析流行密码 寻觅你的风格
Find Code, Find your Style.
合作：🛰️Yunhvnm8096",14286,523621,,,1,,,,"[""https://p3-pc-sign.douyinpic.com/obj/c8510002be9a3a61aad2?lk3s=138a59ce&x-expires=1779548400&x-signature=YBmyKAcXw60iDc0b7kzRgSwRsSo%3D&from=327834062""]",,,
2922923284238861,2026-05-09 23:09:11.273714,,MS4wLjABAAAAC_pfHifauYJF2NdQBS9zCFXqG8zunvWDOYcAO761tgEEmOjUKsUiunKqcSfOJy7r,dongjianlishi,73016704469,洞见历史,"◎闲花落地听有声｜愿做北邙山下尘
◎已签约不出勿扰｜请勿搬运洗稿克隆
◎视频分系列更新｜系列可观看合集
◎好书分享在橱窗｜交流可进主页群
◎唯一小号：@田布衣 
◎搬砖兄弟：@星球编辑室@历史说书人 @历史摆渡人",329425,1009001,,,1,,,,"[""https://p3-pc-sign.douyinpic.com/obj/c8510002be9a3a61aad2?lk3s=138a59ce&x-expires=1779548400&x-signature=YBmyKAcXw60iDc0b7kzRgSwRsSo%3D&from=327834062""]",,,
95940364353,2026-05-09 23:09:18.818347,,MS4wLjABAAAAVvFUaeCFa4OjtdIuubHlx9I_PjKHK5d8moq9J2gplME,,618653635,不明所以,"喜欢主播可以加一下粉丝群呀
段位武斗🐧3174418331直播打
周内晚21:10到23：00播段位+单挑
接段位组织活动
谢绝一切形式搬运",27530,1633541,,,1,,,,"[""https://p3-pc-sign.douyinpic.com/obj/c8510002be9a3a61aad2?lk3s=138a59ce&x-expires=1779548400&x-signature=YBmyKAcXw60iDc0b7kzRgSwRsSo%3D&from=327834062""]",,,
1851208007167380,2026-05-09 23:09:27.795053,,MS4wLjABAAAAfqZ5DbPq6evH5tIiRIgKxn4NdTeF_zdiiUXhSmpk77F0IeW1MQCGGKSau8_uohUb,zzmyjj89763,2367814697,𝓩𝓱𝓻𝓸𝓷𝓮,"🈴/共创/剪辑/代/上🛰️:lyccxcy
直播时间:中午12点，晚上随机播小唐蛋或宗门大比（偶尔休息）
小号播其它内容:@小唐蛋 
投稿素材邮箱:2517865984@qq.com
（偷我视频替我挡灾）
只有抖音一个账号，其它皆为搬运（没授权给过任何人❗❗❗）
梦想是成为被粉丝喜欢的大主播",319570,5056308,,,1,,,,"[""https://p3-pc-sign.douyinpic.com/obj/c8510002be9a3a61aad2?lk3s=138a59ce&x-expires=1779548400&x-signature=YBmyKAcXw60iDc0b7kzRgSwRsSo%3D&from=327834062""]",,,
2153298267214297,2026-05-09 23:09:42.337580,,MS4wLjABAAAAuJRmKHgaCsfqGwWglS6Ntk2i4RRclRY4AmzcD8JjTrPLvGSyCp0luq_wOQR2TBq7,77PuppyLove,94004047144,yaimeio77,"叫我小牙或者77就好啦
🈴💚 ：Doll_qiqi（无ins）
🍠：77eve_puppy 
全平台只有dy和🍠 不允许搬运
没有ks！没有视频号 盗图替我挡灾骂我反弹
不社交，不吵架，专心经营我的吊丝生活",222898,8173434,,,1,,,,"[""https://p3-pc-sign.douyinpic.com/obj/c8510002be9a3a61aad2?lk3s=138a59ce&x-expires=1779548400&x-signature=YBmyKAcXw60iDc0b7kzRgSwRsSo%3D&from=327834062""]",,,
6aa5ef20-9fed-c620-7a05-05f8abfdc2c5,2026-05-09 23:09:56.670133,,,,,我的,,,,,,,,,,,,,
3957891235581480,2026-05-09 23:10:00.959582,,MS4wLjABAAAA4_Z4azV9QXsPV42NWF9B9IeFOgYCI9OXrIUeHftx0TwfCQPvKiq9Dz-PxBkhl2LB,yey365,3985794964,洋过探世界,"漂洋过海探世界
请长按推荐，下一集更精彩
免费版照常更新
历史的一粒沙是个人的一座山
在宏大中寻找人的最终价值",3115429,13794549,,,1,,,,"[""https://p3-pc-sign.douyinpic.com/obj/c8510002be9a3a61aad2?lk3s=138a59ce&x-expires=1779548400&x-signature=YBmyKAcXw60iDc0b7kzRgSwRsSo%3D&from=327834062""]",,,
99343407154,2026-05-09 23:10:09.632527,,MS4wLjABAAAAERF_qsGAvLGBFaGtc2a5g2SW6260VKwFU3A4bF5tGGg,40381059317,40381059317,五情团队_成熟,"变得强大是为了更方便的保护弱者
🥈源能杯亚军
🏠大神/上芬@闪耀电竞（首🥚9.9） 
😎共创伙伴:@酷  
🤫生活号:@靠自己. 
⏰直播时间:下午16：00（3小时）
🏠会员一对一教学（包复盘）
#我没有顶尖的操作，但是我有迷人的真诚",167735,2739139,,,1,,,,"[""https://p3-pc-sign.douyinpic.com/obj/c8510002be9a3a61aad2?lk3s=138a59ce&x-expires=1779548400&x-signature=YBmyKAcXw60iDc0b7kzRgSwRsSo%3D&from=327834062""]",,,
a241f81c-555f-e7d2-c23b-1c68605929d1,2026-05-09 23:10:16.434407,,,,,我的,,,,,,,,,,,,,
2789907049228688,2026-05-09 23:10:19.990438,,MS4wLjABAAAAoXuAOYnyXSrJzAM3D_jZjCkwqpnzepJcyRRN8WUOsafbf64dY7QoFfUMCnhzCf1I,29375451804,29375451804,晚安助眠社,睡前听会小故事，用声音治愈疲惫，陪着你安稳入梦。,1948,15244,,,1,,,,"[""https://p3-pc-sign.douyinpic.com/obj/c8510002be9a3a61aad2?lk3s=138a59ce&x-expires=1779548400&x-signature=YBmyKAcXw60iDc0b7kzRgSwRsSo%3D&from=327834062""]",,,
4233575010416569,2026-05-09 23:10:23.477297,,MS4wLjABAAAAnVC17X8hJzjTTG-qwyJIUypteLlp6U0-_a0dEe4HOF0iKjsmdka_90UlBGjChyJ4,28731135814,28731135814,半步棋,王者爱好者,4588,24272,,,1,,,,"[""https://p3-pc-sign.douyinpic.com/obj/c8510002be9a3a61aad2?lk3s=138a59ce&x-expires=1779548400&x-signature=YBmyKAcXw60iDc0b7kzRgSwRsSo%3D&from=327834062""]",,,
