crawl_batch_id,crawl_time,target_url,source_page_type,request_url,request_cursor,response_status,response_timestamp,response_headers_raw,network_response_count,runtime_objects_count,primary_source_key,match_type,confidence
20260509_212100,2026-05-09T21:21:00.126708,https://www.douyin.com/video/6773901168964798477,video_detail,https://www.douyin.com/video/6773901168964798477,,200,2026-05-09T21:21:00.126708,,33,,network_response_32,exact,high
20260509_212100,2026-05-09T21:21:08.604012,https://www.douyin.com/video/6773906068725565448,video_detail,https://www.douyin.com/video/6773906068725565448,,200,2026-05-09T21:21:08.604012,,29,,network_response_12,exact,high
20260509_212100,2026-05-09T21:21:11.923994,https://www.douyin.com/video/7289747189515980067,video_detail,https://www.douyin.com/video/7289747189515980067,,200,2026-05-09T21:21:11.923994,,28,,network_response_27,exact,high
20260509_212100,2026-05-09T21:21:15.361218,https://www.douyin.com/video/7309857450302213376,video_detail,https://www.douyin.com/video/7309857450302213376,,200,2026-05-09T21:21:15.361218,,81,1,network_response_32,exact,high
20260509_212100,2026-05-09T21:21:25.402767,https://www.douyin.com/video/7361427727863385359,video_detail,https://www.douyin.com/video/7361427727863385359,,200,2026-05-09T21:21:25.402767,,65,1,,none,low
20260509_212100,2026-05-09T21:21:35.489342,https://www.douyin.com/video/7396829450211446050,video_detail,https://www.douyin.com/video/7396829450211446050,,200,2026-05-09T21:21:35.489342,,81,1,network_response_31,exact,high
20260509_212100,2026-05-09T21:21:50.662809,https://www.douyin.com/video/7427381362337778980,video_detail,https://www.douyin.com/video/7427381362337778980,,200,2026-05-09T21:21:50.662809,,28,,network_response_24,exact,high
20260509_212100,2026-05-09T21:21:56.032081,https://www.douyin.com/video/7434082518397226249,video_detail,https://www.douyin.com/video/7434082518397226249,,200,2026-05-09T21:21:56.032081,,28,,network_response_27,exact,high
20260509_212100,2026-05-09T21:21:59.444641,https://www.douyin.com/video/7436607919690484992,video_detail,https://www.douyin.com/video/7436607919690484992,,200,2026-05-09T21:21:59.444641,,27,,,none,low
20260509_212100,2026-05-09T21:22:02.284691,https://www.douyin.com/video/7436608563918769448,video_detail,https://www.douyin.com/video/7436608563918769448,,200,2026-05-09T21:22:02.284691,,26,,,none,low
20260509_212100,2026-05-09T21:22:06.813332,https://www.douyin.com/video/7444105017394482482,video_detail,https://www.douyin.com/video/7444105017394482482,,200,2026-05-09T21:22:06.813332,,37,,network_response_33,exact,high
20260509_212100,2026-05-09T21:22:14.626425,https://www.douyin.com/video/7444362506467872027,video_detail,https://www.douyin.com/video/7444362506467872027,,200,2026-05-09T21:22:14.626425,,84,1,network_response_74,exact,high
20260509_212100,2026-05-09T21:22:28.949571,https://www.douyin.com/video/7446264878886554895,video_detail,https://www.douyin.com/video/7446264878886554895,,200,2026-05-09T21:22:28.949571,,73,1,network_response_57,exact,high
20260509_212100,2026-05-09T21:22:40.118640,https://www.douyin.com/video/7446279061011303732,video_detail,https://www.douyin.com/video/7446279061011303732,,200,2026-05-09T21:22:40.118640,,73,1,network_response_62,exact,high
20260509_212100,2026-05-09T21:22:50.852559,https://www.douyin.com/video/7454910938953698575,video_detail,https://www.douyin.com/video/7454910938953698575,,200,2026-05-09T21:22:50.852559,,87,1,network_response_75,exact,high
20260509_212100,2026-05-09T21:23:06.095934,https://www.douyin.com/video/7465919739051642166,video_detail,https://www.douyin.com/video/7465919739051642166,,200,2026-05-09T21:23:06.095934,,27,,,none,low
20260509_212100,2026-05-09T21:23:10.969609,https://www.douyin.com/video/7468609439512235291,video_detail,https://www.douyin.com/video/7468609439512235291,,200,2026-05-09T21:23:10.969609,,75,1,network_response_73,exact,high
20260509_212100,2026-05-09T21:23:20.276401,https://www.douyin.com/video/7471153546663169315,video_detail,https://www.douyin.com/video/7471153546663169315,,200,2026-05-09T21:23:20.276401,,76,1,network_response_67,exact,high
20260509_212100,2026-05-09T21:23:34.434364,https://www.douyin.com/video/7471174464001101090,video_detail,https://www.douyin.com/video/7471174464001101090,,200,2026-05-09T21:23:34.434364,,81,1,network_response_62,exact,high
20260509_212100,2026-05-09T21:23:48.838977,https://www.douyin.com/video/7471634760171834659,video_detail,https://www.douyin.com/video/7471634760171834659,,200,2026-05-09T21:23:48.838977,,27,,,none,low
20260509_212100,2026-05-09T21:24:12.847437,https://www.douyin.com/video/7473095677464136975,video_detail,https://www.douyin.com/video/7473095677464136975,,200,2026-05-09T21:24:12.847437,,56,1,network_response_31,exact,high
20260509_212100,2026-05-09T21:24:20.815147,https://www.douyin.com/video/7476789346587151651,video_detail,https://www.douyin.com/video/7476789346587151651,,200,2026-05-09T21:24:20.815147,,21,,,none,low
20260509_212100,2026-05-09T21:24:23.845391,https://www.douyin.com/video/7483107090936941874,video_detail,https://www.douyin.com/video/7483107090936941874,,200,2026-05-09T21:24:23.845391,,63,1,network_response_29,exact,high
20260509_212100,2026-05-09T21:24:32.642810,https://www.douyin.com/video/7485566382344588578,video_detail,https://www.douyin.com/video/7485566382344588578,,200,2026-05-09T21:24:32.642810,,57,1,network_response_27,exact,high
20260509_212100,2026-05-09T21:24:40.436350,https://www.douyin.com/video/7486467317828816166,video_detail,https://www.douyin.com/video/7486467317828816166,,200,2026-05-09T21:24:40.436350,,27,,,none,low
20260509_212100,2026-05-09T21:24:43.627700,https://www.douyin.com/video/7509363148483267874,video_detail,https://www.douyin.com/video/7509363148483267874,,200,2026-05-09T21:24:43.627700,,22,,,none,low
20260509_212100,2026-05-09T21:24:46.852172,https://www.douyin.com/video/7513843872540233023,video_detail,https://www.douyin.com/video/7513843872540233023,,200,2026-05-09T21:24:46.852172,,26,,,none,low
20260509_212100,2026-05-09T21:24:50.127529,https://www.douyin.com/video/7514106819482045755,video_detail,https://www.douyin.com/video/7514106819482045755,,200,2026-05-09T21:24:50.127529,,27,,,none,low
20260509_212100,2026-05-09T21:24:53.287551,https://www.douyin.com/video/7517969543269059850,video_detail,https://www.douyin.com/video/7517969543269059850,,200,2026-05-09T21:24:53.287551,,59,1,network_response_29,exact,high
20260509_212100,2026-05-09T21:25:01.239314,https://www.douyin.com/video/7518075611806551322,video_detail,https://www.douyin.com/video/7518075611806551322,,200,2026-05-09T21:25:01.239314,,26,,,none,low
20260509_212100,2026-05-09T21:25:05.561573,https://www.douyin.com/video/7520905099401497891,video_detail,https://www.douyin.com/video/7520905099401497891,,200,2026-05-09T21:25:05.561573,,52,1,network_response_34,exact,high
20260509_212100,2026-05-09T21:25:12.539938,https://www.douyin.com/video/7520939828767132928,video_detail,https://www.douyin.com/video/7520939828767132928,,200,2026-05-09T21:25:12.539938,,71,1,network_response_26,exact,high
20260509_212100,2026-05-09T21:25:21.572184,https://www.douyin.com/video/7523116377247321383,video_detail,https://www.douyin.com/video/7523116377247321383,,200,2026-05-09T21:25:21.572184,,78,1,network_response_68,exact,high
20260509_212100,2026-05-09T21:25:36.072025,https://www.douyin.com/video/7529381510349180223,video_detail,https://www.douyin.com/video/7529381510349180223,,200,2026-05-09T21:25:36.072025,,27,,network_response_24,exact,high
20260509_212100,2026-05-09T21:25:41.261735,https://www.douyin.com/video/7531357712618114313,video_detail,https://www.douyin.com/video/7531357712618114313,,200,2026-05-09T21:25:41.261735,,73,1,network_response_65,exact,high
20260509_212100,2026-05-09T21:25:50.736452,https://www.douyin.com/video/7532461688206085402,video_detail,https://www.douyin.com/video/7532461688206085402,,200,2026-05-09T21:25:50.736452,,85,1,network_response_71,exact,high
20260509_212100,2026-05-09T21:26:04.990983,https://www.douyin.com/video/7533316009105575220,video_detail,https://www.douyin.com/video/7533316009105575220,,200,2026-05-09T21:26:04.990983,,26,,,none,low
20260509_212100,2026-05-09T21:26:09.573481,https://www.douyin.com/video/7533721108269321472,video_detail,https://www.douyin.com/video/7533721108269321472,,200,2026-05-09T21:26:09.573481,,79,1,network_response_76,exact,high
20260509_212100,2026-05-09T21:26:21.412865,https://www.douyin.com/video/7536515789558451495,video_detail,https://www.douyin.com/video/7536515789558451495,,200,2026-05-09T21:26:21.412865,,23,,,none,low
20260509_212100,2026-05-09T21:26:26.441251,https://www.douyin.com/video/7539019622574525736,video_detail,https://www.douyin.com/video/7539019622574525736,,200,2026-05-09T21:26:26.441251,,25,,,none,low
20260509_212100,2026-05-09T21:26:30.981092,https://www.douyin.com/video/7540659036979514643,video_detail,https://www.douyin.com/video/7540659036979514643,,200,2026-05-09T21:26:30.981092,,57,1,network_response_35,exact,high
20260509_212100,2026-05-09T21:26:40.613733,https://www.douyin.com/video/7542449576419020083,video_detail,https://www.douyin.com/video/7542449576419020083,,200,2026-05-09T21:26:40.613733,,27,,,none,low
20260509_212100,2026-05-09T21:26:44.009910,https://www.douyin.com/video/7542468244687293715,video_detail,https://www.douyin.com/video/7542468244687293715,,200,2026-05-09T21:26:44.009910,,28,,network_response_25,exact,high
20260509_212100,2026-05-09T21:26:46.693863,https://www.douyin.com/video/7542804279636069667,video_detail,https://www.douyin.com/video/7542804279636069667,,200,2026-05-09T21:26:46.693863,,52,1,network_response_21,exact,high
20260509_212100,2026-05-09T21:26:55.443332,https://www.douyin.com/video/7542842698634431783,video_detail,https://www.douyin.com/video/7542842698634431783,,200,2026-05-09T21:26:55.443332,,90,1,network_response_57,exact,high
20260509_212100,2026-05-09T21:27:10.521394,https://www.douyin.com/video/7542847691571744000,video_detail,https://www.douyin.com/video/7542847691571744000,,200,2026-05-09T21:27:10.521394,,77,1,network_response_69,exact,high
20260509_212100,2026-05-09T21:27:21.839303,https://www.douyin.com/video/7543076811148676379,video_detail,https://www.douyin.com/video/7543076811148676379,,200,2026-05-09T21:27:21.839303,,26,,network_response_21,exact,high
20260509_212100,2026-05-09T21:27:24.859864,https://www.douyin.com/video/7543115485139782958,video_detail,https://www.douyin.com/video/7543115485139782958,,200,2026-05-09T21:27:24.859864,,75,1,network_response_27,exact,high
20260509_212100,2026-05-09T21:27:36.122281,https://www.douyin.com/video/7543152714943876387,video_detail,https://www.douyin.com/video/7543152714943876387,,200,2026-05-09T21:27:36.122281,,29,,network_response_25,exact,high
20260509_212100,2026-05-09T21:27:41.086463,https://www.douyin.com/video/7543185221487693090,video_detail,https://www.douyin.com/video/7543185221487693090,,200,2026-05-09T21:27:41.086463,,27,,,none,low
20260509_212100,2026-05-09T21:27:44.508416,https://www.douyin.com/video/7543189889081249074,video_detail,https://www.douyin.com/video/7543189889081249074,,200,2026-05-09T21:27:44.508416,,48,,network_response_33,exact,high
20260509_212100,2026-05-09T21:27:51.287562,https://www.douyin.com/video/7543215101344517439,video_detail,https://www.douyin.com/video/7543215101344517439,,200,2026-05-09T21:27:51.287562,,76,1,network_response_28,exact,high
20260509_212100,2026-05-09T21:27:58.120688,https://www.douyin.com/video/7543224564684197120,video_detail,https://www.douyin.com/video/7543224564684197120,,200,2026-05-09T21:27:58.120688,,14,,,none,low
20260509_212100,2026-05-09T21:28:00.469323,https://www.douyin.com/video/7543503016624655654,video_detail,https://www.douyin.com/video/7543503016624655654,,200,2026-05-09T21:28:00.469323,,90,1,network_response_27,exact,high
20260509_212100,2026-05-09T21:28:17.413061,https://www.douyin.com/video/7543520466653236530,video_detail,https://www.douyin.com/video/7543520466653236530,,200,2026-05-09T21:28:17.413061,,69,1,network_response_29,exact,high
20260509_212100,2026-05-09T21:28:36.628606,https://www.douyin.com/video/7543581458393337103,video_detail,https://www.douyin.com/video/7543581458393337103,,200,2026-05-09T21:28:36.628606,,73,1,network_response_31,exact,high
20260509_212100,2026-05-09T21:28:45.810154,https://www.douyin.com/video/7543906254733823284,video_detail,https://www.douyin.com/video/7543906254733823284,,200,2026-05-09T21:28:45.810154,,24,,,none,low
20260509_212100,2026-05-09T21:28:49.389789,https://www.douyin.com/video/7544038150016929058,video_detail,https://www.douyin.com/video/7544038150016929058,,200,2026-05-09T21:28:49.389789,,78,1,network_response_31,exact,high
20260509_212100,2026-05-09T21:28:59.454675,https://www.douyin.com/video/7544569960832453924,video_detail,https://www.douyin.com/video/7544569960832453924,,200,2026-05-09T21:28:59.454675,,68,1,network_response_35,exact,high
20260509_212100,2026-05-09T21:29:06.686460,https://www.douyin.com/video/7544971601616424243,video_detail,https://www.douyin.com/video/7544971601616424243,,200,2026-05-09T21:29:06.686460,,75,1,network_response_41,exact,high
20260509_212100,2026-05-09T21:29:22.708632,https://www.douyin.com/video/7545038328261872911,video_detail,https://www.douyin.com/video/7545038328261872911,,200,2026-05-09T21:29:22.708632,,41,,network_response_33,exact,high
20260509_212100,2026-05-09T21:29:28.702013,https://www.douyin.com/video/7545041840672623912,video_detail,https://www.douyin.com/video/7545041840672623912,,200,2026-05-09T21:29:28.702013,,82,1,network_response_29,exact,high
20260509_212100,2026-05-09T21:29:42.631623,https://www.douyin.com/video/7545044054392720675,video_detail,https://www.douyin.com/video/7545044054392720675,,200,2026-05-09T21:29:42.631623,,26,,network_response_25,exact,high
20260509_212100,2026-05-09T21:29:47.246516,https://www.douyin.com/video/7545154739588173102,video_detail,https://www.douyin.com/video/7545154739588173102,,200,2026-05-09T21:29:47.246516,,26,,,none,low
20260509_212100,2026-05-09T21:29:49.787689,https://www.douyin.com/video/7545305886307241216,video_detail,https://www.douyin.com/video/7545305886307241216,,200,2026-05-09T21:29:49.787689,,26,,network_response_24,exact,high
20260509_212100,2026-05-09T21:29:52.448755,https://www.douyin.com/video/7545362996415974697,video_detail,https://www.douyin.com/video/7545362996415974697,,200,2026-05-09T21:29:52.448755,,74,1,network_response_28,exact,high
20260509_212100,2026-05-09T21:30:01.610229,https://www.douyin.com/video/7545381758141795634,video_detail,https://www.douyin.com/video/7545381758141795634,,200,2026-05-09T21:30:01.610229,,68,1,network_response_29,exact,high
20260509_212100,2026-05-09T21:30:10.147715,https://www.douyin.com/video/7545681988758293779,video_detail,https://www.douyin.com/video/7545681988758293779,,200,2026-05-09T21:30:10.147715,,28,,network_response_27,exact,high
20260509_212100,2026-05-09T21:30:13.704008,https://www.douyin.com/video/7545695756263410998,video_detail,https://www.douyin.com/video/7545695756263410998,,200,2026-05-09T21:30:13.704008,,78,1,network_response_26,exact,high
20260509_212100,2026-05-09T21:30:22.964934,https://www.douyin.com/video/7546175154821319999,video_detail,https://www.douyin.com/video/7546175154821319999,,200,2026-05-09T21:30:22.964934,,77,1,network_response_23,exact,high
20260509_212100,2026-05-09T21:30:34.534747,https://www.douyin.com/video/7546245825110740233,video_detail,https://www.douyin.com/video/7546245825110740233,,200,2026-05-09T21:30:34.534747,,33,,network_response_30,exact,high
20260509_212100,2026-05-09T21:30:39.979014,https://www.douyin.com/video/7546263863453289778,video_detail,https://www.douyin.com/video/7546263863453289778,,200,2026-05-09T21:30:39.979014,,25,,,none,low
20260509_212100,2026-05-09T21:30:42.167510,https://www.douyin.com/video/7546401851793575222,video_detail,https://www.douyin.com/video/7546401851793575222,,200,2026-05-09T21:30:42.167510,,75,1,network_response_73,exact,high
20260509_212100,2026-05-09T21:30:50.022300,https://www.douyin.com/video/7546402243684125988,video_detail,https://www.douyin.com/video/7546402243684125988,,200,2026-05-09T21:30:50.022300,,78,1,network_response_38,exact,high
20260509_212100,2026-05-09T21:31:04.548532,https://www.douyin.com/video/7546469954996948274,video_detail,https://www.douyin.com/video/7546469954996948274,,200,2026-05-09T21:31:04.548532,,26,,,none,low
20260509_212100,2026-05-09T21:31:08.821389,https://www.douyin.com/video/7546836238272056619,video_detail,https://www.douyin.com/video/7546836238272056619,,200,2026-05-09T21:31:08.821389,,74,1,network_response_62,exact,high
20260509_212100,2026-05-09T21:31:16.575288,https://www.douyin.com/video/7547620359265209639,video_detail,https://www.douyin.com/video/7547620359265209639,,200,2026-05-09T21:31:16.575288,,28,,network_response_24,exact,high
20260509_212100,2026-05-09T21:31:20.072432,https://www.douyin.com/video/7547954215356779815,video_detail,https://www.douyin.com/video/7547954215356779815,,200,2026-05-09T21:31:20.072432,,16,,,none,low
20260509_212100,2026-05-09T21:31:22.548441,https://www.douyin.com/video/7547991038376299810,video_detail,https://www.douyin.com/video/7547991038376299810,,200,2026-05-09T21:31:22.548441,,73,1,network_response_58,exact,high
20260509_212100,2026-05-09T21:31:30.714816,https://www.douyin.com/video/7548001201619553536,video_detail,https://www.douyin.com/video/7548001201619553536,,200,2026-05-09T21:31:30.714816,,80,1,network_response_73,exact,high
20260509_212100,2026-05-09T21:31:46.350784,https://www.douyin.com/video/7548024723947474176,video_detail,https://www.douyin.com/video/7548024723947474176,,200,2026-05-09T21:31:46.350784,,35,,,none,low
20260509_212100,2026-05-09T21:31:53.067436,https://www.douyin.com/video/7548390561330367794,video_detail,https://www.douyin.com/video/7548390561330367794,,200,2026-05-09T21:31:53.067436,,23,,network_response_16,exact,high
20260509_212100,2026-05-09T21:31:55.906072,https://www.douyin.com/video/7548734306391215395,video_detail,https://www.douyin.com/video/7548734306391215395,,200,2026-05-09T21:31:55.906072,,73,1,network_response_71,exact,high
20260509_212100,2026-05-09T21:32:03.290521,https://www.douyin.com/video/7548755625631665444,video_detail,https://www.douyin.com/video/7548755625631665444,,200,2026-05-09T21:32:03.290521,,90,1,network_response_60,exact,high
20260509_212100,2026-05-09T21:32:27.509683,https://www.douyin.com/video/7549114173926509851,video_detail,https://www.douyin.com/video/7549114173926509851,,200,2026-05-09T21:32:27.509683,,14,,,none,low
20260509_212100,2026-05-09T21:32:48.847729,https://www.douyin.com/video/7551273257052163374,video_detail,https://www.douyin.com/video/7551273257052163374,,200,2026-05-09T21:32:48.847729,,14,,,none,low
20260509_212100,2026-05-09T21:32:51.311606,https://www.douyin.com/video/7554260809254178048,video_detail,https://www.douyin.com/video/7554260809254178048,,200,2026-05-09T21:32:51.311606,,71,1,network_response_58,exact,high
20260509_212100,2026-05-09T21:32:57.984980,https://www.douyin.com/video/7561278311050005779,video_detail,https://www.douyin.com/video/7561278311050005779,,200,2026-05-09T21:32:57.984980,,72,1,network_response_57,exact,high
20260509_212100,2026-05-09T21:33:04.589900,https://www.douyin.com/video/7562839428796861711,video_detail,https://www.douyin.com/video/7562839428796861711,,200,2026-05-09T21:33:04.589900,,27,,,none,low
20260509_212100,2026-05-09T21:33:06.915616,https://www.douyin.com/video/7563552305543482624,video_detail,https://www.douyin.com/video/7563552305543482624,,200,2026-05-09T21:33:06.915616,,90,1,network_response_58,exact,high
20260509_212100,2026-05-09T21:33:39.886617,https://www.douyin.com/video/7563585523508399386,video_detail,https://www.douyin.com/video/7563585523508399386,,200,2026-05-09T21:33:39.886617,,30,,network_response_25,exact,high
20260509_212100,2026-05-09T21:33:45.265594,https://www.douyin.com/video/7563942642787126538,video_detail,https://www.douyin.com/video/7563942642787126538,,200,2026-05-09T21:33:45.265594,,21,,,none,low
20260509_212100,2026-05-09T21:33:47.746907,https://www.douyin.com/video/7564266010748964159,video_detail,https://www.douyin.com/video/7564266010748964159,,200,2026-05-09T21:33:47.746907,,25,,,none,low
20260509_212100,2026-05-09T21:33:50.608433,https://www.douyin.com/video/7566550506869493042,video_detail,https://www.douyin.com/video/7566550506869493042,,200,2026-05-09T21:33:50.608433,,77,1,network_response_73,exact,high
20260509_212100,2026-05-09T21:33:58.501583,https://www.douyin.com/video/7567284867466071306,video_detail,https://www.douyin.com/video/7567284867466071306,,200,2026-05-09T21:33:58.501583,,66,1,network_response_27,exact,high
20260509_212100,2026-05-09T21:34:06.679968,https://www.douyin.com/video/7568320604852473123,video_detail,https://www.douyin.com/video/7568320604852473123,,200,2026-05-09T21:34:06.679968,,70,1,network_response_28,exact,high
20260509_212100,2026-05-09T21:34:15.378410,https://www.douyin.com/video/7568702566624808202,video_detail,https://www.douyin.com/video/7568702566624808202,,200,2026-05-09T21:34:15.378410,,72,1,network_response_65,exact,high
20260509_212100,2026-05-09T21:34:23.971686,https://www.douyin.com/video/7568707871634885924,video_detail,https://www.douyin.com/video/7568707871634885924,,200,2026-05-09T21:34:23.971686,,70,1,network_response_52,exact,high
20260509_212100,2026-05-09T21:34:32.710782,https://www.douyin.com/video/7569106505291631907,video_detail,https://www.douyin.com/video/7569106505291631907,,200,2026-05-09T21:34:32.710782,,64,1,network_response_31,exact,high
20260509_212100,2026-05-09T21:34:41.347901,https://www.douyin.com/video/7569586392179707179,video_detail,https://www.douyin.com/video/7569586392179707179,,200,2026-05-09T21:34:41.347901,,82,1,network_response_62,exact,high
20260509_212100,2026-05-09T21:34:56.796551,https://www.douyin.com/video/7569888176370699526,video_detail,https://www.douyin.com/video/7569888176370699526,,200,2026-05-09T21:34:56.796551,,46,,network_response_34,exact,high
20260509_212100,2026-05-09T21:35:03.723232,https://www.douyin.com/video/7570225863401180457,video_detail,https://www.douyin.com/video/7570225863401180457,,200,2026-05-09T21:35:03.723232,,80,1,network_response_30,exact,high
20260509_212100,2026-05-09T21:35:12.822082,https://www.douyin.com/video/7572554930871864626,video_detail,https://www.douyin.com/video/7572554930871864626,,200,2026-05-09T21:35:12.822082,,68,1,network_response_31,exact,high
20260509_212100,2026-05-09T21:35:23.278070,https://www.douyin.com/video/7589984240465382706,video_detail,https://www.douyin.com/video/7589984240465382706,,200,2026-05-09T21:35:23.278070,,93,1,network_response_31,exact,high
20260509_212100,2026-05-09T21:35:50.001765,https://www.douyin.com/video/7592195553556057380,video_detail,https://www.douyin.com/video/7592195553556057380,,200,2026-05-09T21:35:50.001765,,70,1,network_response_30,exact,high
20260509_212100,2026-05-09T21:35:59.525462,https://www.douyin.com/video/7601778210447084840,video_detail,https://www.douyin.com/video/7601778210447084840,,200,2026-05-09T21:35:59.525462,,12,,,none,low
20260509_212100,2026-05-09T21:36:01.789509,https://www.douyin.com/video/7602990563549351174,video_detail,https://www.douyin.com/video/7602990563549351174,,200,2026-05-09T21:36:01.789509,,77,1,network_response_29,exact,high
20260509_212100,2026-05-09T21:36:09.754124,https://www.douyin.com/video/7603044045849414918,video_detail,https://www.douyin.com/video/7603044045849414918,,200,2026-05-09T21:36:09.754124,,26,,network_response_25,exact,high
20260509_212100,2026-05-09T21:36:12.606862,https://www.douyin.com/video/7603284173666667817,video_detail,https://www.douyin.com/video/7603284173666667817,,200,2026-05-09T21:36:12.606862,,28,,network_response_26,exact,high
20260509_212100,2026-05-09T21:36:15.766319,https://www.douyin.com/video/7603320749184617762,video_detail,https://www.douyin.com/video/7603320749184617762,,200,2026-05-09T21:36:15.766319,,76,1,network_response_27,exact,high
20260509_212100,2026-05-09T21:36:25.053530,https://www.douyin.com/video/7603331528524959027,video_detail,https://www.douyin.com/video/7603331528524959027,,200,2026-05-09T21:36:25.053530,,39,,network_response_31,exact,high
20260509_212100,2026-05-09T21:36:31.604295,https://www.douyin.com/video/7603413279016554682,video_detail,https://www.douyin.com/video/7603413279016554682,,200,2026-05-09T21:36:31.604295,,28,,network_response_26,exact,high
20260509_212100,2026-05-09T21:36:34.769374,https://www.douyin.com/video/7603425798183292201,video_detail,https://www.douyin.com/video/7603425798183292201,,200,2026-05-09T21:36:34.769374,,29,,network_response_28,exact,high
20260509_212100,2026-05-09T21:36:37.849834,https://www.douyin.com/video/7603531613670097866,video_detail,https://www.douyin.com/video/7603531613670097866,,200,2026-05-09T21:36:37.849834,,12,,,none,low
20260509_212100,2026-05-09T21:36:40.174268,https://www.douyin.com/video/7603629344644156698,video_detail,https://www.douyin.com/video/7603629344644156698,,200,2026-05-09T21:36:40.174268,,27,,,none,low
20260509_212100,2026-05-09T21:36:42.818437,https://www.douyin.com/video/7603682013224817051,video_detail,https://www.douyin.com/video/7603682013224817051,,200,2026-05-09T21:36:42.818437,,75,1,network_response_37,exact,high
20260509_212100,2026-05-09T21:36:51.900316,https://www.douyin.com/video/7603699399272730533,video_detail,https://www.douyin.com/video/7603699399272730533,,200,2026-05-09T21:36:51.900316,,82,1,network_response_36,exact,high
20260509_212100,2026-05-09T21:37:05.969790,https://www.douyin.com/video/7603699433041186048,video_detail,https://www.douyin.com/video/7603699433041186048,,200,2026-05-09T21:37:05.969790,,73,1,network_response_31,exact,high
20260509_212100,2026-05-09T21:37:16.126406,https://www.douyin.com/video/7603718258667080970,video_detail,https://www.douyin.com/video/7603718258667080970,,200,2026-05-09T21:37:16.126406,,27,,,none,low
20260509_212100,2026-05-09T21:37:19.562264,https://www.douyin.com/video/7603718397817392422,video_detail,https://www.douyin.com/video/7603718397817392422,,200,2026-05-09T21:37:19.562264,,26,,network_response_25,exact,high
20260509_212100,2026-05-09T21:37:23.256176,https://www.douyin.com/video/7603726437715656399,video_detail,https://www.douyin.com/video/7603726437715656399,,200,2026-05-09T21:37:23.256176,,38,,,none,low
20260509_212100,2026-05-09T21:37:29.067825,https://www.douyin.com/video/7603733933624167699,video_detail,https://www.douyin.com/video/7603733933624167699,,200,2026-05-09T21:37:29.067825,,95,1,network_response_33,exact,high
20260509_212100,2026-05-09T21:37:44.380858,https://www.douyin.com/video/7603736558218300722,video_detail,https://www.douyin.com/video/7603736558218300722,,200,2026-05-09T21:37:44.380858,,28,,network_response_27,exact,high
20260509_212100,2026-05-09T21:37:49.377319,https://www.douyin.com/video/7603737330705256569,video_detail,https://www.douyin.com/video/7603737330705256569,,200,2026-05-09T21:37:49.377319,,28,,network_response_27,exact,high
20260509_212100,2026-05-09T21:37:52.647258,https://www.douyin.com/video/7603753776276622646,video_detail,https://www.douyin.com/video/7603753776276622646,,200,2026-05-09T21:37:52.647258,,70,1,network_response_29,exact,high
20260509_212100,2026-05-09T21:37:59.821469,https://www.douyin.com/video/7603755400656393147,video_detail,https://www.douyin.com/video/7603755400656393147,,200,2026-05-09T21:37:59.821469,,70,1,network_response_31,exact,high
20260509_212100,2026-05-09T21:38:07.071919,https://www.douyin.com/video/7603755807763424378,video_detail,https://www.douyin.com/video/7603755807763424378,,200,2026-05-09T21:38:07.071919,,26,,,none,low
20260509_212100,2026-05-09T21:38:09.704027,https://www.douyin.com/video/7603764563376377138,video_detail,https://www.douyin.com/video/7603764563376377138,,200,2026-05-09T21:38:09.704027,,22,,,none,low
20260509_212100,2026-05-09T21:38:12.475060,https://www.douyin.com/video/7603769059172393062,video_detail,https://www.douyin.com/video/7603769059172393062,,200,2026-05-09T21:38:12.475060,,27,,,none,low
20260509_212100,2026-05-09T21:38:14.833275,https://www.douyin.com/video/7603773185716260130,video_detail,https://www.douyin.com/video/7603773185716260130,,200,2026-05-09T21:38:14.833275,,71,1,network_response_31,exact,high
20260509_212100,2026-05-09T21:38:23.803067,https://www.douyin.com/video/7603775122772472229,video_detail,https://www.douyin.com/video/7603775122772472229,,200,2026-05-09T21:38:23.803067,,46,,network_response_33,exact,high
20260509_212100,2026-05-09T21:38:30.135905,https://www.douyin.com/video/7603788948229360947,video_detail,https://www.douyin.com/video/7603788948229360947,,200,2026-05-09T21:38:30.135905,,19,,,none,low
20260509_212100,2026-05-09T21:38:32.689654,https://www.douyin.com/video/7603793573145742643,video_detail,https://www.douyin.com/video/7603793573145742643,,200,2026-05-09T21:38:32.689654,,75,1,network_response_64,exact,high
20260509_212100,2026-05-09T21:38:40.491801,https://www.douyin.com/video/7603808767205068075,video_detail,https://www.douyin.com/video/7603808767205068075,,200,2026-05-09T21:38:40.491801,,73,1,network_response_50,exact,high
20260509_212100,2026-05-09T21:38:47.424927,https://www.douyin.com/video/7603837619394639028,video_detail,https://www.douyin.com/video/7603837619394639028,,200,2026-05-09T21:38:47.424927,,17,,network_response_14,exact,high
20260509_212100,2026-05-09T21:38:50.275701,https://www.douyin.com/video/7603864787012881710,video_detail,https://www.douyin.com/video/7603864787012881710,,200,2026-05-09T21:38:50.275701,,71,1,network_response_51,exact,high
20260509_212100,2026-05-09T21:38:57.454045,https://www.douyin.com/video/7603891979139719610,video_detail,https://www.douyin.com/video/7603891979139719610,,200,2026-05-09T21:38:57.454045,,76,1,network_response_58,exact,high
20260509_212100,2026-05-09T21:39:03.817157,https://www.douyin.com/video/7603912339285888497,video_detail,https://www.douyin.com/video/7603912339285888497,,200,2026-05-09T21:39:03.817157,,10,,,none,low
20260509_212100,2026-05-09T21:39:05.936878,https://www.douyin.com/video/7603917458073135994,video_detail,https://www.douyin.com/video/7603917458073135994,,200,2026-05-09T21:39:05.936878,,9,,,none,low
20260509_212100,2026-05-09T21:39:08.086658,https://www.douyin.com/video/7603929935245283493,video_detail,https://www.douyin.com/video/7603929935245283493,,200,2026-05-09T21:39:08.086658,,12,,,none,low
20260509_212100,2026-05-09T21:39:11.350092,https://www.douyin.com/video/7603939586112244998,video_detail,https://www.douyin.com/video/7603939586112244998,,200,2026-05-09T21:39:11.350092,,37,,network_response_36,exact,high
20260509_212100,2026-05-09T21:39:16.716589,https://www.douyin.com/video/7603940317389229355,video_detail,https://www.douyin.com/video/7603940317389229355,,200,2026-05-09T21:39:16.716589,,13,,,none,low
20260509_212100,2026-05-09T21:39:18.968679,https://www.douyin.com/video/7603950842764447002,video_detail,https://www.douyin.com/video/7603950842764447002,,200,2026-05-09T21:39:18.968679,,77,1,network_response_36,exact,high
20260509_212100,2026-05-09T21:39:26.566248,https://www.douyin.com/video/7603951550888972907,video_detail,https://www.douyin.com/video/7603951550888972907,,200,2026-05-09T21:39:26.566248,,76,1,network_response_32,exact,high
20260509_212100,2026-05-09T21:39:39.929380,https://www.douyin.com/video/7603953248071929107,video_detail,https://www.douyin.com/video/7603953248071929107,,200,2026-05-09T21:39:39.929380,,22,,,none,low
20260509_212100,2026-05-09T21:39:42.538207,https://www.douyin.com/video/7603954576844246298,video_detail,https://www.douyin.com/video/7603954576844246298,,200,2026-05-09T21:39:42.538207,,16,,,none,low
20260509_212100,2026-05-09T21:39:44.793677,https://www.douyin.com/video/7603957216462310691,video_detail,https://www.douyin.com/video/7603957216462310691,,200,2026-05-09T21:39:44.793677,,20,,,none,low
20260509_212100,2026-05-09T21:39:47.268076,https://www.douyin.com/video/7603960114824300409,video_detail,https://www.douyin.com/video/7603960114824300409,,200,2026-05-09T21:39:47.268076,,26,,network_response_25,exact,high
20260509_212100,2026-05-09T21:39:50.241376,https://www.douyin.com/video/7603962632123059264,video_detail,https://www.douyin.com/video/7603962632123059264,,200,2026-05-09T21:39:50.241376,,83,1,network_response_32,exact,high
20260509_212100,2026-05-09T21:40:06.263601,https://www.douyin.com/video/7603966638735510784,video_detail,https://www.douyin.com/video/7603966638735510784,,200,2026-05-09T21:40:06.263601,,26,,,none,low
20260509_212100,2026-05-09T21:40:10.149209,https://www.douyin.com/video/7603966706201021723,video_detail,https://www.douyin.com/video/7603966706201021723,,200,2026-05-09T21:40:10.149209,,31,,network_response_30,exact,high
20260509_212100,2026-05-09T21:40:15.516885,https://www.douyin.com/video/7603978036769295650,video_detail,https://www.douyin.com/video/7603978036769295650,,200,2026-05-09T21:40:15.516885,,28,,network_response_13,exact,high
20260509_212100,2026-05-09T21:40:18.681327,https://www.douyin.com/video/7603987685513907471,video_detail,https://www.douyin.com/video/7603987685513907471,,200,2026-05-09T21:40:18.681327,,9,,,none,low
20260509_212100,2026-05-09T21:40:20.956987,https://www.douyin.com/video/7603994527816355135,video_detail,https://www.douyin.com/video/7603994527816355135,,200,2026-05-09T21:40:20.956987,,57,1,network_response_29,exact,high
20260509_212100,2026-05-09T21:40:27.768029,https://www.douyin.com/video/7603994961058565422,video_detail,https://www.douyin.com/video/7603994961058565422,,200,2026-05-09T21:40:27.768029,,16,,,none,low
20260509_212100,2026-05-09T21:40:30.631922,https://www.douyin.com/video/7603997807167866276,video_detail,https://www.douyin.com/video/7603997807167866276,,200,2026-05-09T21:40:30.631922,,34,1,network_response_16,exact,high
20260509_212100,2026-05-09T21:40:35.085755,https://www.douyin.com/video/7604002191677852963,video_detail,https://www.douyin.com/video/7604002191677852963,,200,2026-05-09T21:40:35.085755,,27,,,none,low
20260509_212100,2026-05-09T21:40:37.741501,https://www.douyin.com/video/7604002899378720046,video_detail,https://www.douyin.com/video/7604002899378720046,,200,2026-05-09T21:40:37.741501,,15,,,none,low
20260509_212100,2026-05-09T21:40:39.839885,https://www.douyin.com/video/7604006384128118042,video_detail,https://www.douyin.com/video/7604006384128118042,,200,2026-05-09T21:40:39.839885,,10,,,none,low
20260509_212100,2026-05-09T21:40:42.209497,https://www.douyin.com/video/7604014713420270867,video_detail,https://www.douyin.com/video/7604014713420270867,,200,2026-05-09T21:40:42.209497,,99,1,network_response_27,exact,high
20260509_212100,2026-05-09T21:41:01.676075,https://www.douyin.com/video/7604024000348129893,video_detail,https://www.douyin.com/video/7604024000348129893,,200,2026-05-09T21:41:01.676075,,35,,network_response_21,exact,high
20260509_212100,2026-05-09T21:41:08.389772,https://www.douyin.com/video/7604026740457450210,video_detail,https://www.douyin.com/video/7604026740457450210,,200,2026-05-09T21:41:08.389772,,73,1,network_response_25,exact,high
20260509_212100,2026-05-09T21:41:18.142715,https://www.douyin.com/video/7604029611425653233,video_detail,https://www.douyin.com/video/7604029611425653233,,200,2026-05-09T21:41:18.142715,,73,1,network_response_34,exact,high
20260509_212100,2026-05-09T21:41:30.352162,https://www.douyin.com/video/7604030384984182016,video_detail,https://www.douyin.com/video/7604030384984182016,,200,2026-05-09T21:41:30.352162,,69,1,network_response_31,exact,high
20260509_212100,2026-05-09T21:41:40.281308,https://www.douyin.com/video/7604034088026066185,video_detail,https://www.douyin.com/video/7604034088026066185,,200,2026-05-09T21:41:40.281308,,17,,,none,low
20260509_212100,2026-05-09T21:41:44.610696,https://www.douyin.com/video/7604034130250124544,video_detail,https://www.douyin.com/video/7604034130250124544,,200,2026-05-09T21:41:44.610696,,75,1,network_response_28,exact,high
20260509_212100,2026-05-09T21:41:51.498732,https://www.douyin.com/video/7604037287877397801,video_detail,https://www.douyin.com/video/7604037287877397801,,200,2026-05-09T21:41:51.498732,,26,,,none,low
20260509_212100,2026-05-09T21:41:54.931004,https://www.douyin.com/video/7604037794855472430,video_detail,https://www.douyin.com/video/7604037794855472430,,200,2026-05-09T21:41:54.931004,,73,1,network_response_32,exact,high
20260509_212100,2026-05-09T21:42:02.048827,https://www.douyin.com/video/7604038890642525440,video_detail,https://www.douyin.com/video/7604038890642525440,,200,2026-05-09T21:42:02.048827,,70,1,network_response_30,exact,high
20260509_212100,2026-05-09T21:42:09.008852,https://www.douyin.com/video/7604040586265414946,video_detail,https://www.douyin.com/video/7604040586265414946,,200,2026-05-09T21:42:09.008852,,76,1,network_response_27,exact,high
20260509_212100,2026-05-09T21:42:19.940932,https://www.douyin.com/video/7604040954676366632,video_detail,https://www.douyin.com/video/7604040954676366632,,200,2026-05-09T21:42:19.940932,,40,,network_response_36,exact,high
20260509_212100,2026-05-09T21:42:26.544799,https://www.douyin.com/video/7604045476991667491,video_detail,https://www.douyin.com/video/7604045476991667491,,200,2026-05-09T21:42:26.544799,,31,,network_response_12,exact,high
20260509_212100,2026-05-09T21:42:31.448579,https://www.douyin.com/video/7604046089524924913,video_detail,https://www.douyin.com/video/7604046089524924913,,200,2026-05-09T21:42:31.448579,,81,1,network_response_71,exact,high
20260509_212100,2026-05-09T21:42:39.730086,https://www.douyin.com/video/7604046193676668210,video_detail,https://www.douyin.com/video/7604046193676668210,,200,2026-05-09T21:42:39.730086,,28,,,none,low
20260509_212100,2026-05-09T21:42:42.851271,https://www.douyin.com/video/7604048820174933294,video_detail,https://www.douyin.com/video/7604048820174933294,,200,2026-05-09T21:42:42.851271,,75,1,network_response_61,exact,high
20260509_212100,2026-05-09T21:42:49.979088,https://www.douyin.com/video/7604051956532874550,video_detail,https://www.douyin.com/video/7604051956532874550,,200,2026-05-09T21:42:49.979088,,29,,network_response_28,exact,high
20260509_212100,2026-05-09T21:42:52.470276,https://www.douyin.com/video/7604054749255568659,video_detail,https://www.douyin.com/video/7604054749255568659,,200,2026-05-09T21:42:52.470276,,70,1,network_response_56,exact,high
20260509_212100,2026-05-09T21:42:59.312452,https://www.douyin.com/video/7604056570150498411,video_detail,https://www.douyin.com/video/7604056570150498411,,200,2026-05-09T21:42:59.312452,,73,1,network_response_64,exact,high
20260509_212100,2026-05-09T21:43:06.019956,https://www.douyin.com/video/7604057676993039650,video_detail,https://www.douyin.com/video/7604057676993039650,,200,2026-05-09T21:43:06.019956,,90,1,network_response_75,exact,high
20260509_212100,2026-05-09T21:43:21.765209,https://www.douyin.com/video/7604063810458782073,video_detail,https://www.douyin.com/video/7604063810458782073,,200,2026-05-09T21:43:21.765209,,58,1,network_response_45,exact,high
20260509_212100,2026-05-09T21:43:30.054587,https://www.douyin.com/video/7604065839311181433,video_detail,https://www.douyin.com/video/7604065839311181433,,200,2026-05-09T21:43:30.054587,,32,,,none,low
20260509_212100,2026-05-09T21:43:34.972995,https://www.douyin.com/video/7604066029022514447,video_detail,https://www.douyin.com/video/7604066029022514447,,200,2026-05-09T21:43:34.972995,,25,,,none,low
20260509_212100,2026-05-09T21:43:37.097824,https://www.douyin.com/video/7604072977512156425,video_detail,https://www.douyin.com/video/7604072977512156425,,200,2026-05-09T21:43:37.097824,,13,,,none,low
20260509_212100,2026-05-09T21:43:39.373259,https://www.douyin.com/video/7604074672300231979,video_detail,https://www.douyin.com/video/7604074672300231979,,200,2026-05-09T21:43:39.373259,,80,1,network_response_69,exact,high
20260509_212100,2026-05-09T21:43:47.084470,https://www.douyin.com/video/7604076634525797674,video_detail,https://www.douyin.com/video/7604076634525797674,,200,2026-05-09T21:43:47.084470,,27,,,none,low
20260509_212100,2026-05-09T21:43:50.330657,https://www.douyin.com/video/7604076883122534115,video_detail,https://www.douyin.com/video/7604076883122534115,,200,2026-05-09T21:43:50.330657,,27,,,none,low
20260509_212100,2026-05-09T21:43:52.386162,https://www.douyin.com/video/7604077761469297573,video_detail,https://www.douyin.com/video/7604077761469297573,,200,2026-05-09T21:43:52.386162,,72,1,network_response_50,exact,high
20260509_212100,2026-05-09T21:43:59.628978,https://www.douyin.com/video/7604078137794949802,video_detail,https://www.douyin.com/video/7604078137794949802,,200,2026-05-09T21:43:59.628978,,27,,,none,low
20260509_212100,2026-05-09T21:44:02.092736,https://www.douyin.com/video/7604078629597658533,video_detail,https://www.douyin.com/video/7604078629597658533,,200,2026-05-09T21:44:02.092736,,71,1,network_response_68,exact,high
20260509_212100,2026-05-09T21:44:09.015232,https://www.douyin.com/video/7604080177258684554,video_detail,https://www.douyin.com/video/7604080177258684554,,200,2026-05-09T21:44:09.015232,,12,,,none,low
20260509_212100,2026-05-09T21:44:12.274217,https://www.douyin.com/video/7604080211956681990,video_detail,https://www.douyin.com/video/7604080211956681990,,200,2026-05-09T21:44:12.274217,,34,,network_response_16,exact,high
20260509_212100,2026-05-09T21:44:20.193604,https://www.douyin.com/video/7604090131200412962,video_detail,https://www.douyin.com/video/7604090131200412962,,200,2026-05-09T21:44:20.193604,,79,1,network_response_29,exact,high
20260509_212100,2026-05-09T21:44:29.054374,https://www.douyin.com/video/7604095920950545707,video_detail,https://www.douyin.com/video/7604095920950545707,,200,2026-05-09T21:44:29.054374,,25,,,none,low
20260509_212100,2026-05-09T21:44:31.344634,https://www.douyin.com/video/7604101190787370291,video_detail,https://www.douyin.com/video/7604101190787370291,,200,2026-05-09T21:44:31.344634,,26,,,none,low
20260509_212100,2026-05-09T21:44:33.530337,https://www.douyin.com/video/7604104653042935979,video_detail,https://www.douyin.com/video/7604104653042935979,,200,2026-05-09T21:44:33.530337,,12,,,none,low
20260509_212100,2026-05-09T21:44:35.627308,https://www.douyin.com/video/7604108500482018614,video_detail,https://www.douyin.com/video/7604108500482018614,,200,2026-05-09T21:44:35.627308,,10,,,none,low
20260509_212100,2026-05-09T21:44:37.810173,https://www.douyin.com/video/7604110106657131826,video_detail,https://www.douyin.com/video/7604110106657131826,,200,2026-05-09T21:44:37.810173,,12,,,none,low
20260509_212100,2026-05-09T21:44:39.960535,https://www.douyin.com/video/7604114592243044529,video_detail,https://www.douyin.com/video/7604114592243044529,,200,2026-05-09T21:44:39.960535,,74,1,network_response_62,exact,high
20260509_212100,2026-05-09T21:44:46.677608,https://www.douyin.com/video/7604124716625890570,video_detail,https://www.douyin.com/video/7604124716625890570,,200,2026-05-09T21:44:46.677608,,74,1,network_response_37,exact,high
20260509_212100,2026-05-09T21:44:54.456158,https://www.douyin.com/video/7604127791285636378,video_detail,https://www.douyin.com/video/7604127791285636378,,200,2026-05-09T21:44:54.456158,,75,1,network_response_32,exact,high
20260509_212100,2026-05-09T21:45:04.464215,https://www.douyin.com/video/7604135201773594944,video_detail,https://www.douyin.com/video/7604135201773594944,,200,2026-05-09T21:45:04.464215,,34,,network_response_25,exact,high
20260509_212100,2026-05-09T21:45:10.775692,https://www.douyin.com/video/7604137669597187374,video_detail,https://www.douyin.com/video/7604137669597187374,,200,2026-05-09T21:45:10.775692,,27,,network_response_25,exact,high
20260509_212100,2026-05-09T21:45:13.807468,https://www.douyin.com/video/7604137674009595186,video_detail,https://www.douyin.com/video/7604137674009595186,,200,2026-05-09T21:45:13.807468,,64,1,network_response_26,exact,high
20260509_212100,2026-05-09T21:45:21.963270,https://www.douyin.com/video/7604152238784695571,video_detail,https://www.douyin.com/video/7604152238784695571,,200,2026-05-09T21:45:21.963270,,87,1,network_response_74,exact,high
20260509_212100,2026-05-09T21:45:36.084623,https://www.douyin.com/video/7604174298995035433,video_detail,https://www.douyin.com/video/7604174298995035433,,200,2026-05-09T21:45:36.084623,,80,1,network_response_72,exact,high
20260509_212100,2026-05-09T21:45:47.700316,https://www.douyin.com/video/7604238732819991835,video_detail,https://www.douyin.com/video/7604238732819991835,,200,2026-05-09T21:45:47.700316,,24,,,none,low
20260509_212100,2026-05-09T21:45:51.369547,https://www.douyin.com/video/7604245798041177354,video_detail,https://www.douyin.com/video/7604245798041177354,,200,2026-05-09T21:45:51.369547,,9,,,none,low
20260509_212100,2026-05-09T21:45:53.770506,https://www.douyin.com/video/7604317499274127014,video_detail,https://www.douyin.com/video/7604317499274127014,,200,2026-05-09T21:45:53.770506,,74,1,network_response_57,exact,high
20260509_212100,2026-05-09T21:46:01.126025,https://www.douyin.com/video/7604327856541420846,video_detail,https://www.douyin.com/video/7604327856541420846,,200,2026-05-09T21:46:01.126025,,25,,,none,low
20260509_212100,2026-05-09T21:46:03.499839,https://www.douyin.com/video/7604340191856687099,video_detail,https://www.douyin.com/video/7604340191856687099,,200,2026-05-09T21:46:03.499839,,67,1,network_response_62,exact,high
20260509_212100,2026-05-09T21:46:10.159690,https://www.douyin.com/video/7604341041562455322,video_detail,https://www.douyin.com/video/7604341041562455322,,200,2026-05-09T21:46:10.159690,,30,,network_response_25,exact,high
20260509_212100,2026-05-09T21:46:15.450615,https://www.douyin.com/video/7604342167151238106,video_detail,https://www.douyin.com/video/7604342167151238106,,200,2026-05-09T21:46:15.450615,,73,1,network_response_27,exact,high
20260509_212100,2026-05-09T21:46:22.794377,https://www.douyin.com/video/7604348803650522406,video_detail,https://www.douyin.com/video/7604348803650522406,,200,2026-05-09T21:46:22.794377,,83,1,network_response_72,exact,high
20260509_212100,2026-05-09T21:46:41.478121,https://www.douyin.com/video/7604367274186657058,video_detail,https://www.douyin.com/video/7604367274186657058,,200,2026-05-09T21:46:41.478121,,64,1,network_response_47,exact,high
20260509_212100,2026-05-09T21:46:50.188735,https://www.douyin.com/video/7604374688277499171,video_detail,https://www.douyin.com/video/7604374688277499171,,200,2026-05-09T21:46:50.188735,,28,,,none,low
20260509_212100,2026-05-09T21:46:52.617903,https://www.douyin.com/video/7604379602140161254,video_detail,https://www.douyin.com/video/7604379602140161254,,200,2026-05-09T21:46:52.617903,,69,1,network_response_63,exact,high
20260509_212100,2026-05-09T21:47:00.065611,https://www.douyin.com/video/7604380985584585994,video_detail,https://www.douyin.com/video/7604380985584585994,,200,2026-05-09T21:47:00.065611,,69,1,network_response_51,exact,high
20260509_212100,2026-05-09T21:47:07.167678,https://www.douyin.com/video/7604390214110383386,video_detail,https://www.douyin.com/video/7604390214110383386,,200,2026-05-09T21:47:07.167678,,70,1,network_response_51,exact,high
20260509_212100,2026-05-09T21:47:16.718825,https://www.douyin.com/video/7604404896028638186,video_detail,https://www.douyin.com/video/7604404896028638186,,200,2026-05-09T21:47:16.718825,,71,1,network_response_33,exact,high
20260509_212100,2026-05-09T21:47:26.062421,https://www.douyin.com/video/7604407723140735985,video_detail,https://www.douyin.com/video/7604407723140735985,,200,2026-05-09T21:47:26.062421,,78,1,network_response_69,exact,high
20260509_212100,2026-05-09T21:47:41.124282,https://www.douyin.com/video/7604416857461837083,video_detail,https://www.douyin.com/video/7604416857461837083,,200,2026-05-09T21:47:41.124282,,35,,network_response_19,exact,high
20260509_212100,2026-05-09T21:47:47.732547,https://www.douyin.com/video/7604423054055214376,video_detail,https://www.douyin.com/video/7604423054055214376,,200,2026-05-09T21:47:47.732547,,27,,,none,low
20260509_212100,2026-05-09T21:47:50.380965,https://www.douyin.com/video/7604427377451533294,video_detail,https://www.douyin.com/video/7604427377451533294,,200,2026-05-09T21:47:50.380965,,73,1,network_response_31,exact,high
20260509_212100,2026-05-09T21:47:59.386099,https://www.douyin.com/video/7604427829970816292,video_detail,https://www.douyin.com/video/7604427829970816292,,200,2026-05-09T21:47:59.386099,,26,,,none,low
20260509_212100,2026-05-09T21:48:02.094583,https://www.douyin.com/video/7604434310531140900,video_detail,https://www.douyin.com/video/7604434310531140900,,200,2026-05-09T21:48:02.094583,,28,,network_response_27,exact,high
20260509_212100,2026-05-09T21:48:05.123866,https://www.douyin.com/video/7604435852509855878,video_detail,https://www.douyin.com/video/7604435852509855878,,200,2026-05-09T21:48:05.123866,,25,,network_response_22,exact,high
20260509_212100,2026-05-09T21:48:07.706898,https://www.douyin.com/video/7604440649315756155,video_detail,https://www.douyin.com/video/7604440649315756155,,200,2026-05-09T21:48:07.706898,,74,1,network_response_61,exact,high
20260509_212100,2026-05-09T21:48:14.310261,https://www.douyin.com/video/7604441996056366382,video_detail,https://www.douyin.com/video/7604441996056366382,,200,2026-05-09T21:48:14.310261,,75,1,network_response_23,exact,high
20260509_212100,2026-05-09T21:48:22.221081,https://www.douyin.com/video/7604447279004536073,video_detail,https://www.douyin.com/video/7604447279004536073,,200,2026-05-09T21:48:22.221081,,28,,network_response_27,exact,high
20260509_212100,2026-05-09T21:48:25.967144,https://www.douyin.com/video/7604447588103867691,video_detail,https://www.douyin.com/video/7604447588103867691,,200,2026-05-09T21:48:25.967144,,20,,,none,low
20260509_212100,2026-05-09T21:48:29.420192,https://www.douyin.com/video/7604448676124108282,video_detail,https://www.douyin.com/video/7604448676124108282,,200,2026-05-09T21:48:29.420192,,38,,network_response_35,exact,high
20260509_212100,2026-05-09T21:48:35.003630,https://www.douyin.com/video/7604458351792425642,video_detail,https://www.douyin.com/video/7604458351792425642,,200,2026-05-09T21:48:35.003630,,16,,,none,low
20260509_212100,2026-05-09T21:48:37.103811,https://www.douyin.com/video/7604458920309101733,video_detail,https://www.douyin.com/video/7604458920309101733,,200,2026-05-09T21:48:37.103811,,79,1,network_response_69,exact,high
20260509_212100,2026-05-09T21:48:44.854560,https://www.douyin.com/video/7604461023206769844,video_detail,https://www.douyin.com/video/7604461023206769844,,200,2026-05-09T21:48:44.854560,,20,,,none,low
20260509_212100,2026-05-09T21:48:47.256534,https://www.douyin.com/video/7604462135770385705,video_detail,https://www.douyin.com/video/7604462135770385705,,200,2026-05-09T21:48:47.256534,,12,,,none,low
20260509_212100,2026-05-09T21:48:49.597233,https://www.douyin.com/video/7604464497180429595,video_detail,https://www.douyin.com/video/7604464497180429595,,200,2026-05-09T21:48:49.597233,,8,,,none,low
20260509_212100,2026-05-09T21:48:51.583604,https://www.douyin.com/video/7604473704143146246,video_detail,https://www.douyin.com/video/7604473704143146246,,200,2026-05-09T21:48:51.583604,,13,,,none,low
20260509_212100,2026-05-09T21:48:53.783196,https://www.douyin.com/video/7604475998310059270,video_detail,https://www.douyin.com/video/7604475998310059270,,200,2026-05-09T21:48:53.783196,,12,,,none,low
20260509_212100,2026-05-09T21:48:55.970137,https://www.douyin.com/video/7604477564245962404,video_detail,https://www.douyin.com/video/7604477564245962404,,200,2026-05-09T21:48:55.970137,,100,1,network_response_62,exact,high
20260509_212100,2026-05-09T21:49:29.950851,https://www.douyin.com/video/7604502587320539237,video_detail,https://www.douyin.com/video/7604502587320539237,,200,2026-05-09T21:49:29.950851,,68,1,network_response_33,exact,high
20260509_212100,2026-05-09T21:49:40.528433,https://www.douyin.com/video/7604518913342688625,video_detail,https://www.douyin.com/video/7604518913342688625,,200,2026-05-09T21:49:40.528433,,32,,network_response_25,exact,high
20260509_212100,2026-05-09T21:49:45.680334,https://www.douyin.com/video/7604533061430021411,video_detail,https://www.douyin.com/video/7604533061430021411,,200,2026-05-09T21:49:45.680334,,26,,,none,low
20260509_212100,2026-05-09T21:49:50.237191,https://www.douyin.com/video/7604683041507708169,video_detail,https://www.douyin.com/video/7604683041507708169,,200,2026-05-09T21:49:50.237191,,31,,network_response_11,exact,high
20260509_212100,2026-05-09T21:49:54.241901,https://www.douyin.com/video/7604689111810641195,video_detail,https://www.douyin.com/video/7604689111810641195,,200,2026-05-09T21:49:54.241901,,29,,network_response_27,exact,high
20260509_212100,2026-05-09T21:49:57.417893,https://www.douyin.com/video/7604690992516474286,video_detail,https://www.douyin.com/video/7604690992516474286,,200,2026-05-09T21:49:57.417893,,103,1,network_response_80,exact,high
20260509_212100,2026-05-09T21:50:14.402945,https://www.douyin.com/video/7604696082626399539,video_detail,https://www.douyin.com/video/7604696082626399539,,200,2026-05-09T21:50:14.402945,,67,1,network_response_31,exact,high
20260509_212100,2026-05-09T21:50:23.206435,https://www.douyin.com/video/7604700966990616768,video_detail,https://www.douyin.com/video/7604700966990616768,,200,2026-05-09T21:50:23.206435,,80,1,network_response_70,exact,high
20260509_212100,2026-05-09T21:50:37.669706,https://www.douyin.com/video/7604705275565031923,video_detail,https://www.douyin.com/video/7604705275565031923,,200,2026-05-09T21:50:37.669706,,49,1,network_response_48,exact,high
20260509_212100,2026-05-09T21:50:44.034187,https://www.douyin.com/video/7604707566375013647,video_detail,https://www.douyin.com/video/7604707566375013647,,200,2026-05-09T21:50:44.034187,,16,,,none,low
20260509_212100,2026-05-09T21:50:46.868840,https://www.douyin.com/video/7604707589558424817,video_detail,https://www.douyin.com/video/7604707589558424817,,200,2026-05-09T21:50:46.868840,,19,,,none,low
20260509_212100,2026-05-09T21:50:50.677462,https://www.douyin.com/video/7604709484639948032,video_detail,https://www.douyin.com/video/7604709484639948032,,200,2026-05-09T21:50:50.677462,,34,,network_response_33,exact,high
20260509_212100,2026-05-09T21:50:56.988939,https://www.douyin.com/video/7604714453602422022,video_detail,https://www.douyin.com/video/7604714453602422022,,200,2026-05-09T21:50:56.988939,,88,1,network_response_32,exact,high
20260509_212100,2026-05-09T21:51:11.303023,https://www.douyin.com/video/7604714703704689983,video_detail,https://www.douyin.com/video/7604714703704689983,,200,2026-05-09T21:51:11.303023,,80,1,network_response_27,exact,high
20260509_212100,2026-05-09T21:51:26.061460,https://www.douyin.com/video/7604715465789240955,video_detail,https://www.douyin.com/video/7604715465789240955,,200,2026-05-09T21:51:26.061460,,74,1,network_response_32,exact,high
20260509_212100,2026-05-09T21:51:36.660342,https://www.douyin.com/video/7604717643710401842,video_detail,https://www.douyin.com/video/7604717643710401842,,200,2026-05-09T21:51:36.660342,,70,1,network_response_32,exact,high
20260509_212100,2026-05-09T21:51:46.927495,https://www.douyin.com/video/7604742543871347994,video_detail,https://www.douyin.com/video/7604742543871347994,,200,2026-05-09T21:51:46.927495,,89,1,network_response_25,exact,high
20260509_212100,2026-05-09T21:52:02.008963,https://www.douyin.com/video/7604757220122774799,video_detail,https://www.douyin.com/video/7604757220122774799,,200,2026-05-09T21:52:02.008963,,74,1,network_response_33,exact,high
20260509_212100,2026-05-09T21:52:13.474819,https://www.douyin.com/video/7604758929083801434,video_detail,https://www.douyin.com/video/7604758929083801434,,200,2026-05-09T21:52:13.474819,,69,1,network_response_35,exact,high
20260509_212100,2026-05-09T21:52:22.946663,https://www.douyin.com/video/7604761450908765503,video_detail,https://www.douyin.com/video/7604761450908765503,,200,2026-05-09T21:52:22.946663,,25,,network_response_17,exact,high
20260509_212100,2026-05-09T21:52:25.681171,https://www.douyin.com/video/7604767230370352434,video_detail,https://www.douyin.com/video/7604767230370352434,,200,2026-05-09T21:52:25.681171,,29,,network_response_27,exact,high
20260509_212100,2026-05-09T21:52:29.918056,https://www.douyin.com/video/7604770989410372914,video_detail,https://www.douyin.com/video/7604770989410372914,,200,2026-05-09T21:52:29.918056,,32,,network_response_24,exact,high
20260509_212100,2026-05-09T21:52:35.150893,https://www.douyin.com/video/7604773826357972266,video_detail,https://www.douyin.com/video/7604773826357972266,,200,2026-05-09T21:52:35.150893,,84,1,network_response_74,exact,high
20260509_212100,2026-05-09T21:52:49.299192,https://www.douyin.com/video/7604779943569984806,video_detail,https://www.douyin.com/video/7604779943569984806,,200,2026-05-09T21:52:49.299192,,75,1,network_response_73,exact,high
20260509_212100,2026-05-09T21:53:04.230266,https://www.douyin.com/video/7604780846096108810,video_detail,https://www.douyin.com/video/7604780846096108810,,200,2026-05-09T21:53:04.230266,,64,1,network_response_38,exact,high
20260509_212100,2026-05-09T21:53:15.821453,https://www.douyin.com/video/7604784282208423183,video_detail,https://www.douyin.com/video/7604784282208423183,,200,2026-05-09T21:53:15.821453,,82,1,network_response_73,exact,high
20260509_212100,2026-05-09T21:53:31.161769,https://www.douyin.com/video/7604784330254093568,video_detail,https://www.douyin.com/video/7604784330254093568,,200,2026-05-09T21:53:31.161769,,72,1,network_response_66,exact,high
20260509_212100,2026-05-09T21:53:42.408208,https://www.douyin.com/video/7604787367005719858,video_detail,https://www.douyin.com/video/7604787367005719858,,200,2026-05-09T21:53:42.408208,,76,1,network_response_75,exact,high
20260509_212100,2026-05-09T21:53:54.338523,https://www.douyin.com/video/7604790593214041354,video_detail,https://www.douyin.com/video/7604790593214041354,,200,2026-05-09T21:53:54.338523,,89,1,network_response_51,exact,high
20260509_212100,2026-05-09T21:54:12.247978,https://www.douyin.com/video/7604792373616332067,video_detail,https://www.douyin.com/video/7604792373616332067,,200,2026-05-09T21:54:12.247978,,70,1,network_response_69,exact,high
20260509_212100,2026-05-09T21:54:24.597614,https://www.douyin.com/video/7604793145407602598,video_detail,https://www.douyin.com/video/7604793145407602598,,200,2026-05-09T21:54:24.597614,,70,1,network_response_65,exact,high
20260509_212100,2026-05-09T21:54:33.862881,https://www.douyin.com/video/7604793666514767119,video_detail,https://www.douyin.com/video/7604793666514767119,,200,2026-05-09T21:54:33.862881,,41,,network_response_31,exact,high
20260509_212100,2026-05-09T21:54:39.681064,https://www.douyin.com/video/7604796240710682021,video_detail,https://www.douyin.com/video/7604796240710682021,,200,2026-05-09T21:54:39.681064,,72,1,network_response_34,exact,high
20260509_212100,2026-05-09T21:54:46.442276,https://www.douyin.com/video/7604796398495610085,video_detail,https://www.douyin.com/video/7604796398495610085,,200,2026-05-09T21:54:46.442276,,27,,,none,low
20260509_212100,2026-05-09T21:54:48.628688,https://www.douyin.com/video/7604799410305286650,video_detail,https://www.douyin.com/video/7604799410305286650,,200,2026-05-09T21:54:48.628688,,74,1,network_response_31,exact,high
20260509_212100,2026-05-09T21:54:55.975389,https://www.douyin.com/video/7604799847492881674,video_detail,https://www.douyin.com/video/7604799847492881674,,200,2026-05-09T21:54:55.975389,,28,,network_response_26,exact,high
20260509_212100,2026-05-09T21:54:58.388478,https://www.douyin.com/video/7604803171110757339,video_detail,https://www.douyin.com/video/7604803171110757339,,200,2026-05-09T21:54:58.388478,,28,,network_response_26,exact,high
20260509_212100,2026-05-09T21:55:01.118110,https://www.douyin.com/video/7604804004799311699,video_detail,https://www.douyin.com/video/7604804004799311699,,200,2026-05-09T21:55:01.118110,,26,,,none,low
20260509_212100,2026-05-09T21:55:03.531977,https://www.douyin.com/video/7604810466707262783,video_detail,https://www.douyin.com/video/7604810466707262783,,200,2026-05-09T21:55:03.531977,,28,,network_response_26,exact,high
20260509_212100,2026-05-09T21:55:06.092180,https://www.douyin.com/video/7604811588068310129,video_detail,https://www.douyin.com/video/7604811588068310129,,200,2026-05-09T21:55:06.092180,,73,1,network_response_31,exact,high
20260509_212100,2026-05-09T21:55:13.287136,https://www.douyin.com/video/7604815184556789044,video_detail,https://www.douyin.com/video/7604815184556789044,,200,2026-05-09T21:55:13.287136,,68,1,network_response_31,exact,high
20260509_212100,2026-05-09T21:55:22.021052,https://www.douyin.com/video/7604815402157357925,video_detail,https://www.douyin.com/video/7604815402157357925,,200,2026-05-09T21:55:22.021052,,32,,,none,low
20260509_212100,2026-05-09T21:55:27.126575,https://www.douyin.com/video/7604817876642617850,video_detail,https://www.douyin.com/video/7604817876642617850,,200,2026-05-09T21:55:27.126575,,44,1,network_response_35,exact,high
20260509_212100,2026-05-09T21:55:31.661024,https://www.douyin.com/video/7604819288226139426,video_detail,https://www.douyin.com/video/7604819288226139426,,200,2026-05-09T21:55:31.661024,,71,1,network_response_31,exact,high
20260509_212100,2026-05-09T21:55:40.828548,https://www.douyin.com/video/7604820811354759526,video_detail,https://www.douyin.com/video/7604820811354759526,,200,2026-05-09T21:55:40.828548,,75,1,network_response_67,exact,high
20260509_212100,2026-05-09T21:55:51.789307,https://www.douyin.com/video/7604821651553427557,video_detail,https://www.douyin.com/video/7604821651553427557,,200,2026-05-09T21:55:51.789307,,81,1,network_response_73,exact,high
20260509_212100,2026-05-09T21:56:05.929304,https://www.douyin.com/video/7604821850169904418,video_detail,https://www.douyin.com/video/7604821850169904418,,200,2026-05-09T21:56:05.929304,,70,1,network_response_69,exact,high
20260509_212100,2026-05-09T21:56:14.540216,https://www.douyin.com/video/7604825732351437243,video_detail,https://www.douyin.com/video/7604825732351437243,,200,2026-05-09T21:56:14.540216,,27,,,none,low
20260509_212100,2026-05-09T21:56:17.224929,https://www.douyin.com/video/7604829537238551860,video_detail,https://www.douyin.com/video/7604829537238551860,,200,2026-05-09T21:56:17.224929,,74,1,network_response_62,exact,high
20260509_212100,2026-05-09T21:56:24.391912,https://www.douyin.com/video/7604833555604065570,video_detail,https://www.douyin.com/video/7604833555604065570,,200,2026-05-09T21:56:24.391912,,67,1,network_response_51,exact,high
20260509_212100,2026-05-09T21:56:31.753237,https://www.douyin.com/video/7604835015356173620,video_detail,https://www.douyin.com/video/7604835015356173620,,200,2026-05-09T21:56:31.753237,,73,1,network_response_66,exact,high
20260509_212100,2026-05-09T21:56:40.753761,https://www.douyin.com/video/7604835214270958875,video_detail,https://www.douyin.com/video/7604835214270958875,,200,2026-05-09T21:56:40.753761,,59,1,network_response_35,exact,high
20260509_212100,2026-05-09T21:56:47.819253,https://www.douyin.com/video/7604852939303793003,video_detail,https://www.douyin.com/video/7604852939303793003,,200,2026-05-09T21:56:47.819253,,75,1,network_response_27,exact,high
20260509_212100,2026-05-09T21:56:55.651815,https://www.douyin.com/video/7604856005398236468,video_detail,https://www.douyin.com/video/7604856005398236468,,200,2026-05-09T21:56:55.651815,,87,1,network_response_24,exact,high
20260509_212100,2026-05-09T21:57:10.545069,https://www.douyin.com/video/7604858929071490153,video_detail,https://www.douyin.com/video/7604858929071490153,,200,2026-05-09T21:57:10.545069,,27,,network_response_20,exact,high
20260509_212100,2026-05-09T21:57:15.262649,https://www.douyin.com/video/7604859830657895706,video_detail,https://www.douyin.com/video/7604859830657895706,,200,2026-05-09T21:57:15.262649,,78,1,network_response_72,exact,high
20260509_212100,2026-05-09T21:57:23.757393,https://www.douyin.com/video/7604863321012364195,video_detail,https://www.douyin.com/video/7604863321012364195,,200,2026-05-09T21:57:23.757393,,24,,network_response_19,exact,high
20260509_212100,2026-05-09T21:57:26.631699,https://www.douyin.com/video/7604872935458835758,video_detail,https://www.douyin.com/video/7604872935458835758,,200,2026-05-09T21:57:26.631699,,73,1,network_response_30,exact,high
20260509_212100,2026-05-09T21:57:33.839637,https://www.douyin.com/video/7604879605300816057,video_detail,https://www.douyin.com/video/7604879605300816057,,200,2026-05-09T21:57:33.839637,,35,,,none,low
20260509_212100,2026-05-09T21:57:56.507958,https://www.douyin.com/video/7604880795479877349,video_detail,https://www.douyin.com/video/7604880795479877349,,200,2026-05-09T21:57:56.507958,,32,,network_response_23,exact,high
20260509_212100,2026-05-09T21:58:00.313152,https://www.douyin.com/video/7604882883202927899,video_detail,https://www.douyin.com/video/7604882883202927899,,200,2026-05-09T21:58:00.313152,,29,,network_response_28,exact,high
20260509_212100,2026-05-09T21:58:04.281167,https://www.douyin.com/video/7604885085570406473,video_detail,https://www.douyin.com/video/7604885085570406473,,200,2026-05-09T21:58:04.281167,,41,,network_response_14,exact,high
20260509_212100,2026-05-09T21:58:10.181454,https://www.douyin.com/video/7604887425696959807,video_detail,https://www.douyin.com/video/7604887425696959807,,200,2026-05-09T21:58:10.181454,,96,1,network_response_12,exact,high
20260509_212100,2026-05-09T21:58:25.360202,https://www.douyin.com/video/7604888001172344064,video_detail,https://www.douyin.com/video/7604888001172344064,,200,2026-05-09T21:58:25.360202,,68,1,network_response_39,exact,high
20260509_212100,2026-05-09T21:58:33.771046,https://www.douyin.com/video/7604890481492041192,video_detail,https://www.douyin.com/video/7604890481492041192,,200,2026-05-09T21:58:33.771046,,72,1,network_response_29,exact,high
20260509_212100,2026-05-09T21:58:41.236705,https://www.douyin.com/video/7604970219076979977,video_detail,https://www.douyin.com/video/7604970219076979977,,200,2026-05-09T21:58:41.236705,,29,,network_response_16,exact,high
20260509_212100,2026-05-09T21:58:46.144393,https://www.douyin.com/video/7605008048323319483,video_detail,https://www.douyin.com/video/7605008048323319483,,200,2026-05-09T21:58:46.144393,,25,,,none,low
20260509_212100,2026-05-09T21:58:49.933882,https://www.douyin.com/video/7605047371885577830,video_detail,https://www.douyin.com/video/7605047371885577830,,200,2026-05-09T21:58:49.933882,,27,,,none,low
20260509_212100,2026-05-09T21:58:52.510849,https://www.douyin.com/video/7605050624215878918,video_detail,https://www.douyin.com/video/7605050624215878918,,200,2026-05-09T21:58:52.510849,,27,,,none,low
20260509_212100,2026-05-09T21:58:55.120134,https://www.douyin.com/video/7605057565919218041,video_detail,https://www.douyin.com/video/7605057565919218041,,200,2026-05-09T21:58:55.120134,,61,1,network_response_26,exact,high
20260509_212100,2026-05-09T21:59:02.082139,https://www.douyin.com/video/7605064229628585338,video_detail,https://www.douyin.com/video/7605064229628585338,,200,2026-05-09T21:59:02.082139,,25,,,none,low
20260509_212100,2026-05-09T21:59:05.704644,https://www.douyin.com/video/7605076911856832625,video_detail,https://www.douyin.com/video/7605076911856832625,,200,2026-05-09T21:59:05.704644,,44,,network_response_34,exact,high
20260509_212100,2026-05-09T21:59:11.593075,https://www.douyin.com/video/7605077051481148735,video_detail,https://www.douyin.com/video/7605077051481148735,,200,2026-05-09T21:59:11.593075,,91,1,network_response_76,exact,high
20260509_212100,2026-05-09T21:59:25.591900,https://www.douyin.com/video/7605078447808285041,video_detail,https://www.douyin.com/video/7605078447808285041,,200,2026-05-09T21:59:25.591900,,83,1,network_response_60,exact,high
20260509_212100,2026-05-09T21:59:39.186475,https://www.douyin.com/video/7605083290021678376,video_detail,https://www.douyin.com/video/7605083290021678376,,200,2026-05-09T21:59:39.186475,,63,1,network_response_34,exact,high
20260509_212100,2026-05-09T21:59:45.589311,https://www.douyin.com/video/7605084999448761265,video_detail,https://www.douyin.com/video/7605084999448761265,,200,2026-05-09T21:59:45.589311,,79,1,network_response_68,exact,high
20260509_212100,2026-05-09T21:59:59.459404,https://www.douyin.com/video/7605085668968041763,video_detail,https://www.douyin.com/video/7605085668968041763,,200,2026-05-09T21:59:59.459404,,25,,,none,low
20260509_212100,2026-05-09T22:00:20.958927,https://www.douyin.com/video/7605090106180996358,video_detail,https://www.douyin.com/video/7605090106180996358,,200,2026-05-09T22:00:20.958927,,77,1,network_response_65,exact,high
20260509_212100,2026-05-09T22:00:28.299723,https://www.douyin.com/video/7605099148534189321,video_detail,https://www.douyin.com/video/7605099148534189321,,200,2026-05-09T22:00:28.299723,,76,1,network_response_69,exact,high
20260509_212100,2026-05-09T22:00:37.170232,https://www.douyin.com/video/7605103373188189486,video_detail,https://www.douyin.com/video/7605103373188189486,,200,2026-05-09T22:00:37.170232,,17,,,none,low
20260509_212100,2026-05-09T22:00:40.407561,https://www.douyin.com/video/7605115313167912226,video_detail,https://www.douyin.com/video/7605115313167912226,,200,2026-05-09T22:00:40.407561,,13,,,none,low
20260509_212100,2026-05-09T22:00:43.743772,https://www.douyin.com/video/7605117328174501139,video_detail,https://www.douyin.com/video/7605117328174501139,,200,2026-05-09T22:00:43.743772,,32,,network_response_23,exact,high
20260509_212100,2026-05-09T22:00:48.883219,https://www.douyin.com/video/7605123123365497499,video_detail,https://www.douyin.com/video/7605123123365497499,,200,2026-05-09T22:00:48.883219,,24,,,none,low
20260509_212100,2026-05-09T22:00:51.333181,https://www.douyin.com/video/7605130050542832947,video_detail,https://www.douyin.com/video/7605130050542832947,,200,2026-05-09T22:00:51.333181,,27,,network_response_24,exact,high
20260509_212100,2026-05-09T22:00:54.106206,https://www.douyin.com/video/7605130058524609818,video_detail,https://www.douyin.com/video/7605130058524609818,,200,2026-05-09T22:00:54.106206,,50,1,network_response_31,exact,high
20260509_212100,2026-05-09T22:00:59.688317,https://www.douyin.com/video/7605132619512139048,video_detail,https://www.douyin.com/video/7605132619512139048,,200,2026-05-09T22:00:59.688317,,76,1,network_response_27,exact,high
20260509_212100,2026-05-09T22:01:08.332357,https://www.douyin.com/video/7605133334242528562,video_detail,https://www.douyin.com/video/7605133334242528562,,200,2026-05-09T22:01:08.332357,,11,,,none,low
20260509_212100,2026-05-09T22:01:10.566835,https://www.douyin.com/video/7605138865829851200,video_detail,https://www.douyin.com/video/7605138865829851200,,200,2026-05-09T22:01:10.566835,,72,1,network_response_65,exact,high
20260509_212100,2026-05-09T22:01:18.994637,https://www.douyin.com/video/7605139587539239013,video_detail,https://www.douyin.com/video/7605139587539239013,,200,2026-05-09T22:01:18.994637,,27,,,none,low
20260509_212100,2026-05-09T22:01:40.631170,https://www.douyin.com/video/7605141261988946792,video_detail,https://www.douyin.com/video/7605141261988946792,,200,2026-05-09T22:01:40.631170,,26,,,none,low
20260509_212100,2026-05-09T22:01:42.942086,https://www.douyin.com/video/7605144480890522880,video_detail,https://www.douyin.com/video/7605144480890522880,,200,2026-05-09T22:01:42.942086,,25,,,none,low
20260509_212100,2026-05-09T22:01:46.480080,https://www.douyin.com/video/7605149399638969636,video_detail,https://www.douyin.com/video/7605149399638969636,,200,2026-05-09T22:01:46.480080,,42,,network_response_34,exact,high
20260509_212100,2026-05-09T22:01:52.372103,https://www.douyin.com/video/7605154583966420243,video_detail,https://www.douyin.com/video/7605154583966420243,,200,2026-05-09T22:01:52.372103,,84,1,network_response_33,exact,high
20260509_212100,2026-05-09T22:02:06.156198,https://www.douyin.com/video/7605157782739897638,video_detail,https://www.douyin.com/video/7605157782739897638,,200,2026-05-09T22:02:06.156198,,83,1,network_response_23,exact,high
20260509_212100,2026-05-09T22:02:21.099523,https://www.douyin.com/video/7605158000101182756,video_detail,https://www.douyin.com/video/7605158000101182756,,200,2026-05-09T22:02:21.099523,,73,1,network_response_34,exact,high
20260509_212100,2026-05-09T22:02:30.530244,https://www.douyin.com/video/7605159795833703686,video_detail,https://www.douyin.com/video/7605159795833703686,,200,2026-05-09T22:02:30.530244,,21,,,none,low
20260509_212100,2026-05-09T22:02:33.045975,https://www.douyin.com/video/7605160714780593449,video_detail,https://www.douyin.com/video/7605160714780593449,,200,2026-05-09T22:02:33.045975,,71,1,network_response_29,exact,high
20260509_212100,2026-05-09T22:02:40.793696,https://www.douyin.com/video/7605164093934275883,video_detail,https://www.douyin.com/video/7605164093934275883,,200,2026-05-09T22:02:40.793696,,13,,,none,low
20260509_212100,2026-05-09T22:02:43.437104,https://www.douyin.com/video/7605164823495724330,video_detail,https://www.douyin.com/video/7605164823495724330,,200,2026-05-09T22:02:43.437104,,69,1,network_response_31,exact,high
20260509_212100,2026-05-09T22:02:50.466750,https://www.douyin.com/video/7605170245396864232,video_detail,https://www.douyin.com/video/7605170245396864232,,200,2026-05-09T22:02:50.466750,,28,,network_response_27,exact,high
20260509_212100,2026-05-09T22:02:53.341881,https://www.douyin.com/video/7605171096479862052,video_detail,https://www.douyin.com/video/7605171096479862052,,200,2026-05-09T22:02:53.341881,,23,,,none,low
20260509_212100,2026-05-09T22:02:57.189881,https://www.douyin.com/video/7605173930139077938,video_detail,https://www.douyin.com/video/7605173930139077938,,200,2026-05-09T22:02:57.189881,,35,,network_response_31,exact,high
20260509_212100,2026-05-09T22:03:03.231319,https://www.douyin.com/video/7605175037038355109,video_detail,https://www.douyin.com/video/7605175037038355109,,200,2026-05-09T22:03:03.231319,,17,,,none,low
20260509_212100,2026-05-09T22:03:05.947831,https://www.douyin.com/video/7605176499457732736,video_detail,https://www.douyin.com/video/7605176499457732736,,200,2026-05-09T22:03:05.947831,,77,1,network_response_33,exact,high
20260509_212100,2026-05-09T22:03:13.365677,https://www.douyin.com/video/7605177000685447153,video_detail,https://www.douyin.com/video/7605177000685447153,,200,2026-05-09T22:03:13.365677,,74,1,network_response_33,exact,high
20260509_212100,2026-05-09T22:03:21.839978,https://www.douyin.com/video/7605177045475917937,video_detail,https://www.douyin.com/video/7605177045475917937,,200,2026-05-09T22:03:21.839978,,23,,,none,low
20260509_212100,2026-05-09T22:03:24.685577,https://www.douyin.com/video/7605180193380468069,video_detail,https://www.douyin.com/video/7605180193380468069,,200,2026-05-09T22:03:24.685577,,24,,,none,low
20260509_212100,2026-05-09T22:03:27.557561,https://www.douyin.com/video/7605180918755964850,video_detail,https://www.douyin.com/video/7605180918755964850,,200,2026-05-09T22:03:27.557561,,28,,,none,low
20260509_212100,2026-05-09T22:03:30.250620,https://www.douyin.com/video/7605181021159558419,video_detail,https://www.douyin.com/video/7605181021159558419,,200,2026-05-09T22:03:30.250620,,76,1,network_response_33,exact,high
20260509_212100,2026-05-09T22:03:39.047763,https://www.douyin.com/video/7605185260209846138,video_detail,https://www.douyin.com/video/7605185260209846138,,200,2026-05-09T22:03:39.047763,,83,1,network_response_31,exact,high
20260509_212100,2026-05-09T22:03:53.647047,https://www.douyin.com/video/7605187692435807370,video_detail,https://www.douyin.com/video/7605187692435807370,,200,2026-05-09T22:03:53.647047,,74,1,network_response_33,exact,high
20260509_212100,2026-05-09T22:04:05.316431,https://www.douyin.com/video/7605192237844122918,video_detail,https://www.douyin.com/video/7605192237844122918,,200,2026-05-09T22:04:05.316431,,26,,network_response_19,exact,high
20260509_212100,2026-05-09T22:04:10.129779,https://www.douyin.com/video/7605193423230905280,video_detail,https://www.douyin.com/video/7605193423230905280,,200,2026-05-09T22:04:10.129779,,75,1,,none,low
20260509_212100,2026-05-09T22:04:18.121386,https://www.douyin.com/video/7605194095530741044,video_detail,https://www.douyin.com/video/7605194095530741044,,200,2026-05-09T22:04:18.121386,,71,1,network_response_42,exact,high
20260509_212100,2026-05-09T22:04:25.299925,https://www.douyin.com/video/7605196131735804367,video_detail,https://www.douyin.com/video/7605196131735804367,,200,2026-05-09T22:04:25.299925,,23,,,none,low
20260509_212100,2026-05-09T22:04:28.349311,https://www.douyin.com/video/7605200301079055525,video_detail,https://www.douyin.com/video/7605200301079055525,,200,2026-05-09T22:04:28.349311,,72,1,network_response_27,exact,high
20260509_212100,2026-05-09T22:04:35.855240,https://www.douyin.com/video/7605208165118568037,video_detail,https://www.douyin.com/video/7605208165118568037,,200,2026-05-09T22:04:35.855240,,27,,,none,low
20260509_212100,2026-05-09T22:04:38.938272,https://www.douyin.com/video/7605212850579998201,video_detail,https://www.douyin.com/video/7605212850579998201,,200,2026-05-09T22:04:38.938272,,75,1,network_response_30,exact,high
20260509_212100,2026-05-09T22:04:46.746474,https://www.douyin.com/video/7605214796832787738,video_detail,https://www.douyin.com/video/7605214796832787738,,200,2026-05-09T22:04:46.746474,,79,1,network_response_32,exact,high
20260509_212100,2026-05-09T22:05:00.704427,https://www.douyin.com/video/7605218796038638886,video_detail,https://www.douyin.com/video/7605218796038638886,,200,2026-05-09T22:05:00.704427,,96,1,network_response_28,exact,high
20260509_212100,2026-05-09T22:05:18.450779,https://www.douyin.com/video/7605222249427258666,video_detail,https://www.douyin.com/video/7605222249427258666,,200,2026-05-09T22:05:18.450779,,24,,,none,low
20260509_212100,2026-05-09T22:05:24.139214,https://www.douyin.com/video/7605235161080319258,video_detail,https://www.douyin.com/video/7605235161080319258,,200,2026-05-09T22:05:24.139214,,35,,network_response_31,exact,high
20260509_212100,2026-05-09T22:05:29.590785,https://www.douyin.com/video/7605239821782633774,video_detail,https://www.douyin.com/video/7605239821782633774,,200,2026-05-09T22:05:29.590785,,28,,network_response_27,exact,high
20260509_212100,2026-05-09T22:05:32.592850,https://www.douyin.com/video/7605245012923151867,video_detail,https://www.douyin.com/video/7605245012923151867,,200,2026-05-09T22:05:32.592850,,28,,,none,low
20260509_212100,2026-05-09T22:05:35.563828,https://www.douyin.com/video/7605246076626521385,video_detail,https://www.douyin.com/video/7605246076626521385,,200,2026-05-09T22:05:35.563828,,72,1,network_response_31,exact,high
20260509_212100,2026-05-09T22:05:43.052991,https://www.douyin.com/video/7605247823310834982,video_detail,https://www.douyin.com/video/7605247823310834982,,200,2026-05-09T22:05:43.052991,,27,,network_response_25,exact,high
20260509_212100,2026-05-09T22:05:46.171950,https://www.douyin.com/video/7605256340319128867,video_detail,https://www.douyin.com/video/7605256340319128867,,200,2026-05-09T22:05:46.171950,,27,,,none,low
20260509_212100,2026-05-09T22:05:48.915133,https://www.douyin.com/video/7605259543337061684,video_detail,https://www.douyin.com/video/7605259543337061684,,200,2026-05-09T22:05:48.915133,,72,1,network_response_30,exact,high
20260509_212100,2026-05-09T22:05:56.561247,https://www.douyin.com/video/7605268571102721275,video_detail,https://www.douyin.com/video/7605268571102721275,,200,2026-05-09T22:05:56.561247,,72,1,network_response_39,exact,high
20260509_212100,2026-05-09T22:06:05.265564,https://www.douyin.com/video/7605294820663381497,video_detail,https://www.douyin.com/video/7605294820663381497,,200,2026-05-09T22:06:05.265564,,23,,network_response_22,exact,high
20260509_212100,2026-05-09T22:06:08.914458,https://www.douyin.com/video/7605300919302933769,video_detail,https://www.douyin.com/video/7605300919302933769,,200,2026-05-09T22:06:08.914458,,27,,network_response_26,exact,high
20260509_212100,2026-05-09T22:06:12.781533,https://www.douyin.com/video/7605305458317061236,video_detail,https://www.douyin.com/video/7605305458317061236,,200,2026-05-09T22:06:12.781533,,40,,network_response_33,exact,high
20260509_212100,2026-05-09T22:06:19.129342,https://www.douyin.com/video/7605309309672508722,video_detail,https://www.douyin.com/video/7605309309672508722,,200,2026-05-09T22:06:19.129342,,80,1,network_response_72,exact,high
20260509_212100,2026-05-09T22:06:27.574101,https://www.douyin.com/video/7605333789232876826,video_detail,https://www.douyin.com/video/7605333789232876826,,200,2026-05-09T22:06:27.574101,,76,1,network_response_67,exact,high
20260509_212100,2026-05-09T22:06:41.500155,https://www.douyin.com/video/7605374785064946995,video_detail,https://www.douyin.com/video/7605374785064946995,,200,2026-05-09T22:06:41.500155,,87,1,network_response_31,exact,high
20260509_212100,2026-05-09T22:06:56.328659,https://www.douyin.com/video/7605384723913544803,video_detail,https://www.douyin.com/video/7605384723913544803,,200,2026-05-09T22:06:56.328659,,70,1,network_response_67,exact,high
20260509_212100,2026-05-09T22:07:04.981402,https://www.douyin.com/video/7605399688351542345,video_detail,https://www.douyin.com/video/7605399688351542345,,200,2026-05-09T22:07:04.981402,,20,,,none,low
20260509_212100,2026-05-09T22:07:08.135287,https://www.douyin.com/video/7605426394411373989,video_detail,https://www.douyin.com/video/7605426394411373989,,200,2026-05-09T22:07:08.135287,,74,1,network_response_64,exact,high
20260509_212100,2026-05-09T22:07:15.014922,https://www.douyin.com/video/7605440470504874161,video_detail,https://www.douyin.com/video/7605440470504874161,,200,2026-05-09T22:07:15.014922,,86,1,network_response_75,exact,high
20260509_212100,2026-05-09T22:07:29.764770,https://www.douyin.com/video/7605448696087889657,video_detail,https://www.douyin.com/video/7605448696087889657,,200,2026-05-09T22:07:29.764770,,68,1,network_response_39,exact,high
20260509_212100,2026-05-09T22:07:38.350605,https://www.douyin.com/video/7605451404043373878,video_detail,https://www.douyin.com/video/7605451404043373878,,200,2026-05-09T22:07:38.350605,,80,1,network_response_71,exact,high
20260509_212100,2026-05-09T22:07:54.115330,https://www.douyin.com/video/7605453761003212042,video_detail,https://www.douyin.com/video/7605453761003212042,,200,2026-05-09T22:07:54.115330,,33,,network_response_30,exact,high
20260509_212100,2026-05-09T22:07:59.646262,https://www.douyin.com/video/7605460172823072019,video_detail,https://www.douyin.com/video/7605460172823072019,,200,2026-05-09T22:07:59.646262,,29,,network_response_27,exact,high
20260509_212100,2026-05-09T22:08:03.010973,https://www.douyin.com/video/7605466435598470438,video_detail,https://www.douyin.com/video/7605466435598470438,,200,2026-05-09T22:08:03.010973,,52,1,,none,low
20260509_212100,2026-05-09T22:08:07.699497,https://www.douyin.com/video/7605474182641536290,video_detail,https://www.douyin.com/video/7605474182641536290,,200,2026-05-09T22:08:07.699497,,88,1,network_response_74,exact,high
20260509_212100,2026-05-09T22:08:21.146753,https://www.douyin.com/video/7605477165496797681,video_detail,https://www.douyin.com/video/7605477165496797681,,200,2026-05-09T22:08:21.146753,,81,1,network_response_73,exact,high
20260509_212100,2026-05-09T22:08:35.261210,https://www.douyin.com/video/7605477912359357705,video_detail,https://www.douyin.com/video/7605477912359357705,,200,2026-05-09T22:08:35.261210,,71,1,network_response_69,exact,high
20260509_212100,2026-05-09T22:08:45.304180,https://www.douyin.com/video/7605478430457353585,video_detail,https://www.douyin.com/video/7605478430457353585,,200,2026-05-09T22:08:45.304180,,73,1,network_response_70,exact,high
20260509_212100,2026-05-09T22:08:55.571862,https://www.douyin.com/video/7605481837024054566,video_detail,https://www.douyin.com/video/7605481837024054566,,200,2026-05-09T22:08:55.571862,,76,1,network_response_71,exact,high
20260509_212100,2026-05-09T22:09:04.235834,https://www.douyin.com/video/7605485598002701786,video_detail,https://www.douyin.com/video/7605485598002701786,,200,2026-05-09T22:09:04.235834,,26,,,none,low
20260509_212100,2026-05-09T22:09:06.689360,https://www.douyin.com/video/7605490387235495857,video_detail,https://www.douyin.com/video/7605490387235495857,,200,2026-05-09T22:09:06.689360,,73,1,network_response_68,exact,high
20260509_212100,2026-05-09T22:09:15.998134,https://www.douyin.com/video/7605501208069798863,video_detail,https://www.douyin.com/video/7605501208069798863,,200,2026-05-09T22:09:15.998134,,39,,network_response_37,exact,high
20260509_212100,2026-05-09T22:09:21.782263,https://www.douyin.com/video/7605502088684096794,video_detail,https://www.douyin.com/video/7605502088684096794,,200,2026-05-09T22:09:21.782263,,73,1,network_response_32,exact,high
20260509_212100,2026-05-09T22:09:29.641890,https://www.douyin.com/video/7605503304650476863,video_detail,https://www.douyin.com/video/7605503304650476863,,200,2026-05-09T22:09:29.641890,,78,1,network_response_31,exact,high
20260509_212100,2026-05-09T22:09:43.356687,https://www.douyin.com/video/7605521309665168703,video_detail,https://www.douyin.com/video/7605521309665168703,,200,2026-05-09T22:09:43.356687,,87,1,network_response_32,exact,high
20260509_212100,2026-05-09T22:10:01.102207,https://www.douyin.com/video/7605526649652728561,video_detail,https://www.douyin.com/video/7605526649652728561,,200,2026-05-09T22:10:01.102207,,88,1,network_response_28,exact,high
20260509_212100,2026-05-09T22:10:18.749331,https://www.douyin.com/video/7605527486759226670,video_detail,https://www.douyin.com/video/7605527486759226670,,200,2026-05-09T22:10:18.749331,,72,1,network_response_32,exact,high
20260509_212100,2026-05-09T22:10:28.019399,https://www.douyin.com/video/7605530403600835561,video_detail,https://www.douyin.com/video/7605530403600835561,,200,2026-05-09T22:10:28.019399,,75,1,network_response_27,exact,high
20260509_212100,2026-05-09T22:10:36.812468,https://www.douyin.com/video/7605537545136475444,video_detail,https://www.douyin.com/video/7605537545136475444,,200,2026-05-09T22:10:36.812468,,77,1,network_response_36,exact,high
20260509_212100,2026-05-09T22:10:50.805131,https://www.douyin.com/video/7605541782989901092,video_detail,https://www.douyin.com/video/7605541782989901092,,200,2026-05-09T22:10:50.805131,,72,1,network_response_32,exact,high
20260509_212100,2026-05-09T22:10:59.790254,https://www.douyin.com/video/7605545716735429914,video_detail,https://www.douyin.com/video/7605545716735429914,,200,2026-05-09T22:10:59.790254,,27,,,none,low
20260509_212100,2026-05-09T22:11:03.476871,https://www.douyin.com/video/7605550132192974501,video_detail,https://www.douyin.com/video/7605550132192974501,,200,2026-05-09T22:11:03.476871,,30,,network_response_29,exact,high
20260509_212100,2026-05-09T22:11:08.918991,https://www.douyin.com/video/7605552441379232869,video_detail,https://www.douyin.com/video/7605552441379232869,,200,2026-05-09T22:11:08.918991,,56,1,,none,low
20260509_212100,2026-05-09T22:11:13.453174,https://www.douyin.com/video/7605557499852279040,video_detail,https://www.douyin.com/video/7605557499852279040,,200,2026-05-09T22:11:13.453174,,81,1,network_response_28,exact,high
20260509_212100,2026-05-09T22:11:27.241700,https://www.douyin.com/video/7605557909119847690,video_detail,https://www.douyin.com/video/7605557909119847690,,200,2026-05-09T22:11:27.241700,,27,,network_response_26,exact,high
20260509_212100,2026-05-09T22:11:31.685266,https://www.douyin.com/video/7605565522310171956,video_detail,https://www.douyin.com/video/7605565522310171956,,200,2026-05-09T22:11:31.685266,,24,,,none,low
20260509_212100,2026-05-09T22:11:34.595569,https://www.douyin.com/video/7605566503789792553,video_detail,https://www.douyin.com/video/7605566503789792553,,200,2026-05-09T22:11:34.595569,,17,,,none,low
20260509_212100,2026-05-09T22:11:37.111981,https://www.douyin.com/video/7605581604237327714,video_detail,https://www.douyin.com/video/7605581604237327714,,200,2026-05-09T22:11:37.111981,,27,,network_response_26,exact,high
20260509_212100,2026-05-09T22:11:40.663213,https://www.douyin.com/video/7605585192850504564,video_detail,https://www.douyin.com/video/7605585192850504564,,200,2026-05-09T22:11:40.663213,,14,,,none,low
20260509_212100,2026-05-09T22:11:43.613983,https://www.douyin.com/video/7605587550506062715,video_detail,https://www.douyin.com/video/7605587550506062715,,200,2026-05-09T22:11:43.613983,,72,1,network_response_29,exact,high
20260509_212100,2026-05-09T22:11:51.929963,https://www.douyin.com/video/7605589546096528640,video_detail,https://www.douyin.com/video/7605589546096528640,,200,2026-05-09T22:11:51.929963,,85,1,network_response_27,exact,high
20260509_212100,2026-05-09T22:12:09.127846,https://www.douyin.com/video/7605592145314991375,video_detail,https://www.douyin.com/video/7605592145314991375,,200,2026-05-09T22:12:09.127846,,32,,network_response_31,exact,high
20260509_212100,2026-05-09T22:12:15.888079,https://www.douyin.com/video/7605598509676632433,video_detail,https://www.douyin.com/video/7605598509676632433,,200,2026-05-09T22:12:15.888079,,32,,network_response_11,exact,high
20260509_212100,2026-05-09T22:12:20.090536,https://www.douyin.com/video/7605599389457260017,video_detail,https://www.douyin.com/video/7605599389457260017,,200,2026-05-09T22:12:20.090536,,74,1,network_response_31,exact,high
20260509_212100,2026-05-09T22:12:28.839209,https://www.douyin.com/video/7605599967830363433,video_detail,https://www.douyin.com/video/7605599967830363433,,200,2026-05-09T22:12:28.839209,,17,,,none,low
20260509_212100,2026-05-09T22:12:31.551125,https://www.douyin.com/video/7605620231252581873,video_detail,https://www.douyin.com/video/7605620231252581873,,200,2026-05-09T22:12:31.551125,,71,1,network_response_57,exact,high
20260509_212100,2026-05-09T22:12:39.208831,https://www.douyin.com/video/7605620865430951867,video_detail,https://www.douyin.com/video/7605620865430951867,,200,2026-05-09T22:12:39.208831,,82,1,network_response_72,exact,high
20260509_212100,2026-05-09T22:12:52.884876,https://www.douyin.com/video/7605623331803621233,video_detail,https://www.douyin.com/video/7605623331803621233,,200,2026-05-09T22:12:52.884876,,68,1,network_response_50,exact,high
20260509_212100,2026-05-09T22:13:02.293199,https://www.douyin.com/video/7605624352293534821,video_detail,https://www.douyin.com/video/7605624352293534821,,200,2026-05-09T22:13:02.293199,,77,1,network_response_76,exact,high
20260509_212100,2026-05-09T22:13:11.094194,https://www.douyin.com/video/7605626172835237129,video_detail,https://www.douyin.com/video/7605626172835237129,,200,2026-05-09T22:13:11.094194,,20,,network_response_19,exact,high
20260509_212100,2026-05-09T22:13:14.678403,https://www.douyin.com/video/7605629147838953128,video_detail,https://www.douyin.com/video/7605629147838953128,,200,2026-05-09T22:13:14.678403,,25,,,none,low
20260509_212100,2026-05-09T22:13:18.387753,https://www.douyin.com/video/7605641585342947283,video_detail,https://www.douyin.com/video/7605641585342947283,,200,2026-05-09T22:13:18.387753,,45,,network_response_38,exact,high
20260509_212100,2026-05-09T22:13:24.925087,https://www.douyin.com/video/7605661521717406900,video_detail,https://www.douyin.com/video/7605661521717406900,,200,2026-05-09T22:13:24.925087,,89,1,network_response_75,exact,high
20260509_212100,2026-05-09T22:13:39.359183,https://www.douyin.com/video/7605674619164511497,video_detail,https://www.douyin.com/video/7605674619164511497,,200,2026-05-09T22:13:39.359183,,20,,,none,low
20260509_212100,2026-05-09T22:13:43.468005,https://www.douyin.com/video/7605689528309914537,video_detail,https://www.douyin.com/video/7605689528309914537,,200,2026-05-09T22:13:43.468005,,76,1,network_response_65,exact,high
20260509_212100,2026-05-09T22:13:51.472319,https://www.douyin.com/video/7605706548916014374,video_detail,https://www.douyin.com/video/7605706548916014374,,200,2026-05-09T22:13:51.472319,,84,1,network_response_73,exact,high
20260509_212100,2026-05-09T22:14:06.282362,https://www.douyin.com/video/7605752433431563520,video_detail,https://www.douyin.com/video/7605752433431563520,,200,2026-05-09T22:14:06.282362,,70,1,network_response_32,exact,high
20260509_212100,2026-05-09T22:14:15.779284,https://www.douyin.com/video/7605758820161770149,video_detail,https://www.douyin.com/video/7605758820161770149,,200,2026-05-09T22:14:15.779284,,26,,,none,low
20260509_212100,2026-05-09T22:14:18.223383,https://www.douyin.com/video/7605772426667953435,video_detail,https://www.douyin.com/video/7605772426667953435,,200,2026-05-09T22:14:18.223383,,79,1,network_response_70,exact,high
20260509_212100,2026-05-09T22:14:25.045122,https://www.douyin.com/video/7605776314468994355,video_detail,https://www.douyin.com/video/7605776314468994355,,200,2026-05-09T22:14:25.045122,,84,1,network_response_71,exact,high
20260509_212100,2026-05-09T22:14:39.537601,https://www.douyin.com/video/7605778368901991699,video_detail,https://www.douyin.com/video/7605778368901991699,,200,2026-05-09T22:14:39.537601,,23,,,none,low
20260509_212100,2026-05-09T22:14:44.678264,https://www.douyin.com/video/7605789748233309467,video_detail,https://www.douyin.com/video/7605789748233309467,,200,2026-05-09T22:14:44.678264,,32,,network_response_25,exact,high
20260509_212100,2026-05-09T22:14:51.620237,https://www.douyin.com/video/7605794819055620473,video_detail,https://www.douyin.com/video/7605794819055620473,,200,2026-05-09T22:14:51.620237,,14,,,none,low
20260509_212100,2026-05-09T22:14:54.265587,https://www.douyin.com/video/7605800817559391531,video_detail,https://www.douyin.com/video/7605800817559391531,,200,2026-05-09T22:14:54.265587,,75,1,network_response_32,exact,high
20260509_212100,2026-05-09T22:15:01.443852,https://www.douyin.com/video/7605804629427029745,video_detail,https://www.douyin.com/video/7605804629427029745,,200,2026-05-09T22:15:01.443852,,71,1,network_response_32,exact,high
20260509_212100,2026-05-09T22:15:10.979507,https://www.douyin.com/video/7605810387035901225,video_detail,https://www.douyin.com/video/7605810387035901225,,200,2026-05-09T22:15:10.979507,,8,,,none,low
20260509_212100,2026-05-09T22:15:12.954754,https://www.douyin.com/video/7605813056999804212,video_detail,https://www.douyin.com/video/7605813056999804212,,200,2026-05-09T22:15:12.954754,,20,,,none,low
20260509_212100,2026-05-09T22:15:15.262638,https://www.douyin.com/video/7605815719078407601,video_detail,https://www.douyin.com/video/7605815719078407601,,200,2026-05-09T22:15:15.262638,,73,1,network_response_21,exact,high
20260509_212100,2026-05-09T22:15:21.723248,https://www.douyin.com/video/7605818052336209167,video_detail,https://www.douyin.com/video/7605818052336209167,,200,2026-05-09T22:15:21.723248,,69,1,network_response_31,exact,high
20260509_212100,2026-05-09T22:15:27.618879,https://www.douyin.com/video/7605822425167615478,video_detail,https://www.douyin.com/video/7605822425167615478,,200,2026-05-09T22:15:27.618879,,16,,,none,low
20260509_212100,2026-05-09T22:15:29.812015,https://www.douyin.com/video/7605824588253380550,video_detail,https://www.douyin.com/video/7605824588253380550,,200,2026-05-09T22:15:29.812015,,14,,,none,low
20260509_212100,2026-05-09T22:15:33.236372,https://www.douyin.com/video/7605828330876701987,video_detail,https://www.douyin.com/video/7605828330876701987,,200,2026-05-09T22:15:33.236372,,38,,network_response_35,exact,high
20260509_212100,2026-05-09T22:15:39.106435,https://www.douyin.com/video/7605836157187870003,video_detail,https://www.douyin.com/video/7605836157187870003,,200,2026-05-09T22:15:39.106435,,70,1,network_response_62,exact,high
20260509_212100,2026-05-09T22:15:45.710766,https://www.douyin.com/video/7605840599660514600,video_detail,https://www.douyin.com/video/7605840599660514600,,200,2026-05-09T22:15:45.710766,,13,,,none,low
20260509_212100,2026-05-09T22:15:48.542293,https://www.douyin.com/video/7605842823463767347,video_detail,https://www.douyin.com/video/7605842823463767347,,200,2026-05-09T22:15:48.542293,,13,,,none,low
20260509_212100,2026-05-09T22:15:50.596310,https://www.douyin.com/video/7605844825748966696,video_detail,https://www.douyin.com/video/7605844825748966696,,200,2026-05-09T22:15:50.596310,,12,,,none,low
20260509_212100,2026-05-09T22:15:52.947080,https://www.douyin.com/video/7605844943944355082,video_detail,https://www.douyin.com/video/7605844943944355082,,200,2026-05-09T22:15:52.947080,,27,,,none,low
20260509_212100,2026-05-09T22:15:55.147993,https://www.douyin.com/video/7605855559791552954,video_detail,https://www.douyin.com/video/7605855559791552954,,200,2026-05-09T22:15:55.147993,,80,1,network_response_71,exact,high
20260509_212100,2026-05-09T22:16:03.093565,https://www.douyin.com/video/7605856631003335963,video_detail,https://www.douyin.com/video/7605856631003335963,,200,2026-05-09T22:16:03.093565,,85,1,network_response_69,exact,high
20260509_212100,2026-05-09T22:16:16.664886,https://www.douyin.com/video/7605856975536033059,video_detail,https://www.douyin.com/video/7605856975536033059,,200,2026-05-09T22:16:16.664886,,29,,,none,low
20260509_212100,2026-05-09T22:16:39.646598,https://www.douyin.com/video/7605869100422717561,video_detail,https://www.douyin.com/video/7605869100422717561,,200,2026-05-09T22:16:39.646598,,77,1,network_response_69,exact,high
20260509_212100,2026-05-09T22:16:47.927325,https://www.douyin.com/video/7605871935414717731,video_detail,https://www.douyin.com/video/7605871935414717731,,200,2026-05-09T22:16:47.927325,,37,,network_response_35,exact,high
20260509_212100,2026-05-09T22:16:53.055965,https://www.douyin.com/video/7605877215523310890,video_detail,https://www.douyin.com/video/7605877215523310890,,200,2026-05-09T22:16:53.055965,,25,,,none,low
20260509_212100,2026-05-09T22:16:55.122066,https://www.douyin.com/video/7605886579009211658,video_detail,https://www.douyin.com/video/7605886579009211658,,200,2026-05-09T22:16:55.122066,,26,,,none,low
20260509_212100,2026-05-09T22:16:57.026127,https://www.douyin.com/video/7605888129202965803,video_detail,https://www.douyin.com/video/7605888129202965803,,200,2026-05-09T22:16:57.026127,,70,1,network_response_31,exact,high
20260509_212100,2026-05-09T22:17:04.184704,https://www.douyin.com/video/7605892984499965210,video_detail,https://www.douyin.com/video/7605892984499965210,,200,2026-05-09T22:17:04.184704,,27,,,none,low
20260509_212100,2026-05-09T22:17:08.343028,https://www.douyin.com/video/7605894200172842291,video_detail,https://www.douyin.com/video/7605894200172842291,,200,2026-05-09T22:17:08.343028,,27,,,none,low
20260509_212100,2026-05-09T22:17:10.582794,https://www.douyin.com/video/7605897698939505974,video_detail,https://www.douyin.com/video/7605897698939505974,,200,2026-05-09T22:17:10.582794,,69,1,network_response_31,exact,high
20260509_212100,2026-05-09T22:17:17.495600,https://www.douyin.com/video/7605898178700856618,video_detail,https://www.douyin.com/video/7605898178700856618,,200,2026-05-09T22:17:17.495600,,79,1,network_response_34,exact,high
20260509_212100,2026-05-09T22:17:31.157398,https://www.douyin.com/video/7605903511544674139,video_detail,https://www.douyin.com/video/7605903511544674139,,200,2026-05-09T22:17:31.157398,,76,1,network_response_33,exact,high
20260509_212100,2026-05-09T22:17:39.591552,https://www.douyin.com/video/7605903654689041594,video_detail,https://www.douyin.com/video/7605903654689041594,,200,2026-05-09T22:17:39.591552,,80,1,network_response_33,exact,high
20260509_212100,2026-05-09T22:17:55.135400,https://www.douyin.com/video/7605905462193556770,video_detail,https://www.douyin.com/video/7605905462193556770,,200,2026-05-09T22:17:55.135400,,40,,network_response_29,exact,high
20260509_212100,2026-05-09T22:18:01.105778,https://www.douyin.com/video/7605909486405979398,video_detail,https://www.douyin.com/video/7605909486405979398,,200,2026-05-09T22:18:01.105778,,76,1,network_response_26,exact,high
20260509_212100,2026-05-09T22:18:09.292314,https://www.douyin.com/video/7605910396138927089,video_detail,https://www.douyin.com/video/7605910396138927089,,200,2026-05-09T22:18:09.292314,,79,1,network_response_32,exact,high
20260509_212100,2026-05-09T22:18:22.934116,https://www.douyin.com/video/7605910541261539497,video_detail,https://www.douyin.com/video/7605910541261539497,,200,2026-05-09T22:18:22.934116,,68,1,network_response_40,exact,high
20260509_212100,2026-05-09T22:18:31.004779,https://www.douyin.com/video/7605912375123840306,video_detail,https://www.douyin.com/video/7605912375123840306,,200,2026-05-09T22:18:31.004779,,69,1,network_response_41,exact,high
20260509_212100,2026-05-09T22:18:39.794938,https://www.douyin.com/video/7605916080782970139,video_detail,https://www.douyin.com/video/7605916080782970139,,200,2026-05-09T22:18:39.794938,,26,,,none,low
20260509_212100,2026-05-09T22:18:43.246186,https://www.douyin.com/video/7605918627308555526,video_detail,https://www.douyin.com/video/7605918627308555526,,200,2026-05-09T22:18:43.246186,,76,1,network_response_28,exact,high
20260509_212100,2026-05-09T22:18:51.387876,https://www.douyin.com/video/7605919134269984051,video_detail,https://www.douyin.com/video/7605919134269984051,,200,2026-05-09T22:18:51.387876,,28,,network_response_27,exact,high
20260509_212100,2026-05-09T22:18:54.982616,https://www.douyin.com/video/7605922254366477602,video_detail,https://www.douyin.com/video/7605922254366477602,,200,2026-05-09T22:18:54.982616,,26,,,none,low
20260509_212100,2026-05-09T22:18:57.030253,https://www.douyin.com/video/7605927072259982075,video_detail,https://www.douyin.com/video/7605927072259982075,,200,2026-05-09T22:18:57.030253,,72,1,network_response_31,exact,high
20260509_212100,2026-05-09T22:19:04.172144,https://www.douyin.com/video/7605929292572282163,video_detail,https://www.douyin.com/video/7605929292572282163,,200,2026-05-09T22:19:04.172144,,52,,network_response_33,exact,high
20260509_212100,2026-05-09T22:19:10.159538,https://www.douyin.com/video/7605929574534249610,video_detail,https://www.douyin.com/video/7605929574534249610,,200,2026-05-09T22:19:10.159538,,27,,,none,low
20260509_212100,2026-05-09T22:19:12.549947,https://www.douyin.com/video/7605930056317209908,video_detail,https://www.douyin.com/video/7605930056317209908,,200,2026-05-09T22:19:12.549947,,86,1,network_response_79,exact,high
20260509_212100,2026-05-09T22:19:25.430861,https://www.douyin.com/video/7605932170264602489,video_detail,https://www.douyin.com/video/7605932170264602489,,200,2026-05-09T22:19:25.430861,,68,1,network_response_31,exact,high
20260509_212100,2026-05-09T22:19:34.546738,https://www.douyin.com/video/7605932417567788338,video_detail,https://www.douyin.com/video/7605932417567788338,,200,2026-05-09T22:19:34.546738,,27,,network_response_26,exact,high
20260509_212100,2026-05-09T22:19:38.603140,https://www.douyin.com/video/7605934698338045220,video_detail,https://www.douyin.com/video/7605934698338045220,,200,2026-05-09T22:19:38.603140,,76,1,network_response_69,exact,high
20260509_212100,2026-05-09T22:19:46.915826,https://www.douyin.com/video/7605934861299931514,video_detail,https://www.douyin.com/video/7605934861299931514,,200,2026-05-09T22:19:46.915826,,28,,network_response_27,exact,high
20260509_212100,2026-05-09T22:19:50.067288,https://www.douyin.com/video/7605934998461484328,video_detail,https://www.douyin.com/video/7605934998461484328,,200,2026-05-09T22:19:50.067288,,77,1,network_response_66,exact,high
20260509_212100,2026-05-09T22:19:57.780153,https://www.douyin.com/video/7605935152887352591,video_detail,https://www.douyin.com/video/7605935152887352591,,200,2026-05-09T22:19:57.780153,,27,,,none,low
20260509_212100,2026-05-09T22:20:01.679393,https://www.douyin.com/video/7605938674362423793,video_detail,https://www.douyin.com/video/7605938674362423793,,200,2026-05-09T22:20:01.679393,,28,,network_response_27,exact,high
20260509_212100,2026-05-09T22:20:05.819724,https://www.douyin.com/video/7605939191305817371,video_detail,https://www.douyin.com/video/7605939191305817371,,200,2026-05-09T22:20:05.819724,,40,,network_response_32,exact,high
20260509_212100,2026-05-09T22:20:11.772580,https://www.douyin.com/video/7605941529463655278,video_detail,https://www.douyin.com/video/7605941529463655278,,200,2026-05-09T22:20:11.772580,,85,1,network_response_73,exact,high
20260509_212100,2026-05-09T22:20:26.723176,https://www.douyin.com/video/7605946126495502830,video_detail,https://www.douyin.com/video/7605946126495502830,,200,2026-05-09T22:20:26.723176,,58,1,network_response_46,exact,high
20260509_212100,2026-05-09T22:20:34.091927,https://www.douyin.com/video/7605947388829969542,video_detail,https://www.douyin.com/video/7605947388829969542,,200,2026-05-09T22:20:34.091927,,27,,,none,low
20260509_212100,2026-05-09T22:20:37.116472,https://www.douyin.com/video/7605952357863673097,video_detail,https://www.douyin.com/video/7605952357863673097,,200,2026-05-09T22:20:37.116472,,73,1,network_response_61,exact,high
20260509_212100,2026-05-09T22:20:44.722605,https://www.douyin.com/video/7605957861881069285,video_detail,https://www.douyin.com/video/7605957861881069285,,200,2026-05-09T22:20:44.722605,,28,,network_response_27,exact,high
20260509_212100,2026-05-09T22:20:47.399777,https://www.douyin.com/video/7605961087145757958,video_detail,https://www.douyin.com/video/7605961087145757958,,200,2026-05-09T22:20:47.399777,,71,1,network_response_69,exact,high
20260509_212100,2026-05-09T22:20:56.600801,https://www.douyin.com/video/7605963655150193956,video_detail,https://www.douyin.com/video/7605963655150193956,,200,2026-05-09T22:20:56.600801,,27,,,none,low
20260509_212100,2026-05-09T22:20:58.900915,https://www.douyin.com/video/7605968387344465829,video_detail,https://www.douyin.com/video/7605968387344465829,,200,2026-05-09T22:20:58.900915,,26,,,none,low
20260509_212100,2026-05-09T22:21:01.214029,https://www.douyin.com/video/7605971905669041435,video_detail,https://www.douyin.com/video/7605971905669041435,,200,2026-05-09T22:21:01.214029,,79,1,network_response_76,exact,high
20260509_212100,2026-05-09T22:21:15.280231,https://www.douyin.com/video/7605988010110867889,video_detail,https://www.douyin.com/video/7605988010110867889,,200,2026-05-09T22:21:15.280231,,32,,,none,low
20260509_212100,2026-05-09T22:21:20.603648,https://www.douyin.com/video/7605989814269201664,video_detail,https://www.douyin.com/video/7605989814269201664,,200,2026-05-09T22:21:20.603648,,44,1,network_response_29,exact,high
20260509_212100,2026-05-09T22:21:25.981819,https://www.douyin.com/video/7605990487618506025,video_detail,https://www.douyin.com/video/7605990487618506025,,200,2026-05-09T22:21:25.981819,,26,,,none,low
20260509_212100,2026-05-09T22:21:28.883156,https://www.douyin.com/video/7605992063615683886,video_detail,https://www.douyin.com/video/7605992063615683886,,200,2026-05-09T22:21:28.883156,,29,,network_response_17,exact,high
20260509_212100,2026-05-09T22:21:32.961838,https://www.douyin.com/video/7605992560377654254,video_detail,https://www.douyin.com/video/7605992560377654254,,200,2026-05-09T22:21:32.961838,,28,,network_response_27,exact,high
20260509_212100,2026-05-09T22:21:36.744229,https://www.douyin.com/video/7605993035348969585,video_detail,https://www.douyin.com/video/7605993035348969585,,200,2026-05-09T22:21:36.744229,,59,1,network_response_26,exact,high
20260509_212100,2026-05-09T22:21:45.549618,https://www.douyin.com/video/7605995535341849883,video_detail,https://www.douyin.com/video/7605995535341849883,,200,2026-05-09T22:21:45.549618,,27,,network_response_25,exact,high
20260509_212100,2026-05-09T22:21:49.113345,https://www.douyin.com/video/7606024474709822772,video_detail,https://www.douyin.com/video/7606024474709822772,,200,2026-05-09T22:21:49.113345,,82,1,network_response_77,exact,high
20260509_212100,2026-05-09T22:22:00.138107,https://www.douyin.com/video/7606024896863626929,video_detail,https://www.douyin.com/video/7606024896863626929,,200,2026-05-09T22:22:00.138107,,48,1,network_response_30,exact,high
20260509_212100,2026-05-09T22:22:06.953678,https://www.douyin.com/video/7606046924671700258,video_detail,https://www.douyin.com/video/7606046924671700258,,200,2026-05-09T22:22:06.953678,,24,,,none,low
20260509_212100,2026-05-09T22:22:10.713020,https://www.douyin.com/video/7606067998448782644,video_detail,https://www.douyin.com/video/7606067998448782644,,200,2026-05-09T22:22:10.713020,,34,,,none,low
20260509_212100,2026-05-09T22:22:17.325900,https://www.douyin.com/video/7606142218274259624,video_detail,https://www.douyin.com/video/7606142218274259624,,200,2026-05-09T22:22:17.325900,,96,1,network_response_75,exact,high
20260509_212100,2026-05-09T22:22:31.262788,https://www.douyin.com/video/7606151692518267307,video_detail,https://www.douyin.com/video/7606151692518267307,,200,2026-05-09T22:22:31.262788,,70,1,network_response_69,exact,high
20260509_212100,2026-05-09T22:22:39.784102,https://www.douyin.com/video/7606158290820949946,video_detail,https://www.douyin.com/video/7606158290820949946,,200,2026-05-09T22:22:39.784102,,24,,,none,low
20260509_212100,2026-05-09T22:22:42.252550,https://www.douyin.com/video/7606165999628389683,video_detail,https://www.douyin.com/video/7606165999628389683,,200,2026-05-09T22:22:42.252550,,27,,,none,low
20260509_212100,2026-05-09T22:22:44.627384,https://www.douyin.com/video/7606178185500855567,video_detail,https://www.douyin.com/video/7606178185500855567,,200,2026-05-09T22:22:44.627384,,77,1,network_response_71,exact,high
20260509_212100,2026-05-09T22:22:52.571412,https://www.douyin.com/video/7606203497633816443,video_detail,https://www.douyin.com/video/7606203497633816443,,200,2026-05-09T22:22:52.571412,,27,,,none,low
20260509_212100,2026-05-09T22:22:54.992349,https://www.douyin.com/video/7606204435873778954,video_detail,https://www.douyin.com/video/7606204435873778954,,200,2026-05-09T22:22:54.992349,,27,,network_response_25,exact,high
20260509_212100,2026-05-09T22:22:57.379864,https://www.douyin.com/video/7606216391733120296,video_detail,https://www.douyin.com/video/7606216391733120296,,200,2026-05-09T22:22:57.379864,,71,1,network_response_59,exact,high
20260509_212100,2026-05-09T22:23:03.614888,https://www.douyin.com/video/7606231547636731145,video_detail,https://www.douyin.com/video/7606231547636731145,,200,2026-05-09T22:23:03.614888,,77,1,network_response_67,exact,high
20260509_212100,2026-05-09T22:23:12.011144,https://www.douyin.com/video/7606232664923786559,video_detail,https://www.douyin.com/video/7606232664923786559,,200,2026-05-09T22:23:12.011144,,36,,network_response_31,exact,high
20260509_212100,2026-05-09T22:23:17.966760,https://www.douyin.com/video/7606239429388193024,video_detail,https://www.douyin.com/video/7606239429388193024,,200,2026-05-09T22:23:17.966760,,19,,network_response_14,exact,high
20260509_212100,2026-05-09T22:23:20.812084,https://www.douyin.com/video/7606243602649353535,video_detail,https://www.douyin.com/video/7606243602649353535,,200,2026-05-09T22:23:20.812084,,64,1,network_response_24,exact,high
20260509_212100,2026-05-09T22:23:28.380691,https://www.douyin.com/video/7606245512638991659,video_detail,https://www.douyin.com/video/7606245512638991659,,200,2026-05-09T22:23:28.380691,,72,1,network_response_29,exact,high
20260509_212100,2026-05-09T22:23:35.929809,https://www.douyin.com/video/7606259601511599396,video_detail,https://www.douyin.com/video/7606259601511599396,,200,2026-05-09T22:23:35.929809,,71,1,network_response_31,exact,high
20260509_212100,2026-05-09T22:23:43.053141,https://www.douyin.com/video/7606259661712395555,video_detail,https://www.douyin.com/video/7606259661712395555,,200,2026-05-09T22:23:43.053141,,16,,,none,low
20260509_212100,2026-05-09T22:23:46.436013,https://www.douyin.com/video/7606260213338950921,video_detail,https://www.douyin.com/video/7606260213338950921,,200,2026-05-09T22:23:46.436013,,28,,network_response_26,exact,high
20260509_212100,2026-05-09T22:23:49.178665,https://www.douyin.com/video/7606260643792261733,video_detail,https://www.douyin.com/video/7606260643792261733,,200,2026-05-09T22:23:49.178665,,11,,,none,low
20260509_212100,2026-05-09T22:23:51.191269,https://www.douyin.com/video/7606262029439028506,video_detail,https://www.douyin.com/video/7606262029439028506,,200,2026-05-09T22:23:51.191269,,27,,network_response_26,exact,high
20260509_212100,2026-05-09T22:23:53.947966,https://www.douyin.com/video/7606264908308663571,video_detail,https://www.douyin.com/video/7606264908308663571,,200,2026-05-09T22:23:53.947966,,60,1,network_response_27,exact,high
20260509_212100,2026-05-09T22:24:01.989152,https://www.douyin.com/video/7606266365179202825,video_detail,https://www.douyin.com/video/7606266365179202825,,200,2026-05-09T22:24:01.989152,,41,,network_response_33,exact,high
20260509_212100,2026-05-09T22:24:07.806292,https://www.douyin.com/video/7606268026119326976,video_detail,https://www.douyin.com/video/7606268026119326976,,200,2026-05-09T22:24:07.806292,,27,,,none,low
20260509_212100,2026-05-09T22:24:10.053272,https://www.douyin.com/video/7606272312576843633,video_detail,https://www.douyin.com/video/7606272312576843633,,200,2026-05-09T22:24:10.053272,,72,1,network_response_65,exact,high
20260509_212100,2026-05-09T22:24:16.542478,https://www.douyin.com/video/7606273341577934002,video_detail,https://www.douyin.com/video/7606273341577934002,,200,2026-05-09T22:24:16.542478,,28,,network_response_26,exact,high
20260509_212100,2026-05-09T22:24:19.315866,https://www.douyin.com/video/7606275186920361251,video_detail,https://www.douyin.com/video/7606275186920361251,,200,2026-05-09T22:24:19.315866,,22,,,none,low
20260509_212100,2026-05-09T22:24:21.518679,https://www.douyin.com/video/7606275398392925455,video_detail,https://www.douyin.com/video/7606275398392925455,,200,2026-05-09T22:24:21.518679,,102,1,network_response_71,exact,high
20260509_212100,2026-05-09T22:24:47.465496,https://www.douyin.com/video/7606276449649118464,video_detail,https://www.douyin.com/video/7606276449649118464,,200,2026-05-09T22:24:47.465496,,73,1,network_response_71,exact,high
20260509_212100,2026-05-09T22:24:56.092868,https://www.douyin.com/video/7606278219394155643,video_detail,https://www.douyin.com/video/7606278219394155643,,200,2026-05-09T22:24:56.092868,,71,1,network_response_59,exact,high
20260509_212100,2026-05-09T22:25:02.835481,https://www.douyin.com/video/7606283140419554602,video_detail,https://www.douyin.com/video/7606283140419554602,,200,2026-05-09T22:25:02.835481,,69,1,network_response_67,exact,high
20260509_212100,2026-05-09T22:25:12.218771,https://www.douyin.com/video/7606283356012041125,video_detail,https://www.douyin.com/video/7606283356012041125,,200,2026-05-09T22:25:12.218771,,77,1,network_response_69,exact,high
20260509_212100,2026-05-09T22:25:27.444321,https://www.douyin.com/video/7606284279789653257,video_detail,https://www.douyin.com/video/7606284279789653257,,200,2026-05-09T22:25:27.444321,,37,,network_response_28,exact,high
20260509_212100,2026-05-09T22:25:33.774209,https://www.douyin.com/video/7606284369635839258,video_detail,https://www.douyin.com/video/7606284369635839258,,200,2026-05-09T22:25:33.774209,,85,1,network_response_31,exact,high
20260509_212100,2026-05-09T22:25:47.564704,https://www.douyin.com/video/7606284698528058639,video_detail,https://www.douyin.com/video/7606284698528058639,,200,2026-05-09T22:25:47.564704,,25,,,none,low
20260509_212100,2026-05-09T22:25:51.667662,https://www.douyin.com/video/7606286808644652298,video_detail,https://www.douyin.com/video/7606286808644652298,,200,2026-05-09T22:25:51.667662,,11,,,none,low
20260509_212100,2026-05-09T22:25:53.937054,https://www.douyin.com/video/7606287877814775022,video_detail,https://www.douyin.com/video/7606287877814775022,,200,2026-05-09T22:25:53.937054,,73,1,network_response_27,exact,high
20260509_212100,2026-05-09T22:26:00.979281,https://www.douyin.com/video/7606289230674925733,video_detail,https://www.douyin.com/video/7606289230674925733,,200,2026-05-09T22:26:00.979281,,28,,network_response_27,exact,high
20260509_212100,2026-05-09T22:26:03.765381,https://www.douyin.com/video/7606289289604779306,video_detail,https://www.douyin.com/video/7606289289604779306,,200,2026-05-09T22:26:03.765381,,26,,,none,low
20260509_212100,2026-05-09T22:26:05.974905,https://www.douyin.com/video/7606289413400238053,video_detail,https://www.douyin.com/video/7606289413400238053,,200,2026-05-09T22:26:05.974905,,11,,,none,low
20260509_212100,2026-05-09T22:26:07.918347,https://www.douyin.com/video/7606289522289292005,video_detail,https://www.douyin.com/video/7606289522289292005,,200,2026-05-09T22:26:07.918347,,71,1,network_response_32,exact,high
20260509_212100,2026-05-09T22:26:14.167594,https://www.douyin.com/video/7606289987432172815,video_detail,https://www.douyin.com/video/7606289987432172815,,200,2026-05-09T22:26:14.167594,,71,1,network_response_58,exact,high
20260509_212100,2026-05-09T22:26:22.789241,https://www.douyin.com/video/7606290231008520098,video_detail,https://www.douyin.com/video/7606290231008520098,,200,2026-05-09T22:26:22.789241,,41,,network_response_33,exact,high
20260509_212100,2026-05-09T22:26:28.297845,https://www.douyin.com/video/7606290589100920090,video_detail,https://www.douyin.com/video/7606290589100920090,,200,2026-05-09T22:26:28.297845,,74,1,network_response_70,exact,high
20260509_212100,2026-05-09T22:26:38.871733,https://www.douyin.com/video/7606290916114793449,video_detail,https://www.douyin.com/video/7606290916114793449,,200,2026-05-09T22:26:38.871733,,72,1,network_response_52,exact,high
20260509_212100,2026-05-09T22:26:46.473106,https://www.douyin.com/video/7606291703188594286,video_detail,https://www.douyin.com/video/7606291703188594286,,200,2026-05-09T22:26:46.473106,,74,1,network_response_61,exact,high
20260509_212100,2026-05-09T22:26:54.008161,https://www.douyin.com/video/7606295612183801777,video_detail,https://www.douyin.com/video/7606295612183801777,,200,2026-05-09T22:26:54.008161,,28,,network_response_27,exact,high
20260509_212100,2026-05-09T22:26:57.790916,https://www.douyin.com/video/7606295999501454655,video_detail,https://www.douyin.com/video/7606295999501454655,,200,2026-05-09T22:26:57.790916,,75,1,network_response_74,exact,high
20260509_212100,2026-05-09T22:27:05.679381,https://www.douyin.com/video/7606296568925706747,video_detail,https://www.douyin.com/video/7606296568925706747,,200,2026-05-09T22:27:05.679381,,29,,network_response_27,exact,high
20260509_212100,2026-05-09T22:27:09.564676,https://www.douyin.com/video/7606298759294618932,video_detail,https://www.douyin.com/video/7606298759294618932,,200,2026-05-09T22:27:09.564676,,72,1,network_response_60,exact,high
20260509_212100,2026-05-09T22:27:17.988946,https://www.douyin.com/video/7606298993580150059,video_detail,https://www.douyin.com/video/7606298993580150059,,200,2026-05-09T22:27:17.988946,,71,1,network_response_29,exact,high
20260509_212100,2026-05-09T22:27:26.348716,https://www.douyin.com/video/7606302066796956980,video_detail,https://www.douyin.com/video/7606302066796956980,,200,2026-05-09T22:27:26.348716,,89,1,network_response_66,exact,high
20260509_212100,2026-05-09T22:27:41.620024,https://www.douyin.com/video/7606302699990028258,video_detail,https://www.douyin.com/video/7606302699990028258,,200,2026-05-09T22:27:41.620024,,37,,network_response_29,exact,high
20260509_212100,2026-05-09T22:27:46.814275,https://www.douyin.com/video/7606303981039635754,video_detail,https://www.douyin.com/video/7606303981039635754,,200,2026-05-09T22:27:46.814275,,26,,,none,low
20260509_212100,2026-05-09T22:27:48.925078,https://www.douyin.com/video/7606304713675459867,video_detail,https://www.douyin.com/video/7606304713675459867,,200,2026-05-09T22:27:48.925078,,76,1,network_response_61,exact,high
20260509_212100,2026-05-09T22:27:55.794962,https://www.douyin.com/video/7606305760600159898,video_detail,https://www.douyin.com/video/7606305760600159898,,200,2026-05-09T22:27:55.794962,,73,1,network_response_65,exact,high
20260509_212100,2026-05-09T22:28:03.606148,https://www.douyin.com/video/7606318977169683301,video_detail,https://www.douyin.com/video/7606318977169683301,,200,2026-05-09T22:28:03.606148,,27,,,none,low
20260509_212100,2026-05-09T22:28:06.037845,https://www.douyin.com/video/7606319324428569892,video_detail,https://www.douyin.com/video/7606319324428569892,,200,2026-05-09T22:28:06.037845,,11,,,none,low
20260509_212100,2026-05-09T22:28:08.135076,https://www.douyin.com/video/7606319700070452543,video_detail,https://www.douyin.com/video/7606319700070452543,,200,2026-05-09T22:28:08.135076,,77,1,network_response_72,exact,high
20260509_212100,2026-05-09T22:28:15.834107,https://www.douyin.com/video/7606320237662735667,video_detail,https://www.douyin.com/video/7606320237662735667,,200,2026-05-09T22:28:15.834107,,25,,,none,low
20260509_212100,2026-05-09T22:28:18.018977,https://www.douyin.com/video/7606323278772276518,video_detail,https://www.douyin.com/video/7606323278772276518,,200,2026-05-09T22:28:18.018977,,75,1,network_response_30,exact,high
20260509_212100,2026-05-09T22:28:27.141664,https://www.douyin.com/video/7606324620236442889,video_detail,https://www.douyin.com/video/7606324620236442889,,200,2026-05-09T22:28:27.141664,,76,1,network_response_66,exact,high
20260509_212100,2026-05-09T22:28:35.537813,https://www.douyin.com/video/7606330210171521785,video_detail,https://www.douyin.com/video/7606330210171521785,,200,2026-05-09T22:28:35.537813,,35,,network_response_33,exact,high
20260509_212100,2026-05-09T22:28:40.893740,https://www.douyin.com/video/7606331248570617107,video_detail,https://www.douyin.com/video/7606331248570617107,,200,2026-05-09T22:28:40.893740,,24,,,none,low
20260509_212100,2026-05-09T22:28:43.008335,https://www.douyin.com/video/7606331367487589673,video_detail,https://www.douyin.com/video/7606331367487589673,,200,2026-05-09T22:28:43.008335,,79,1,network_response_63,exact,high
20260509_212100,2026-05-09T22:28:49.552095,https://www.douyin.com/video/7606331554087832895,video_detail,https://www.douyin.com/video/7606331554087832895,,200,2026-05-09T22:28:49.552095,,14,,,none,low
20260509_212100,2026-05-09T22:28:51.538697,https://www.douyin.com/video/7606332253527364553,video_detail,https://www.douyin.com/video/7606332253527364553,,200,2026-05-09T22:28:51.538697,,14,,,none,low
20260509_212100,2026-05-09T22:28:53.589237,https://www.douyin.com/video/7606335917623725318,video_detail,https://www.douyin.com/video/7606335917623725318,,200,2026-05-09T22:28:53.589237,,25,,,none,low
20260509_212100,2026-05-09T22:28:55.590275,https://www.douyin.com/video/7606339079990529290,video_detail,https://www.douyin.com/video/7606339079990529290,,200,2026-05-09T22:28:55.590275,,75,1,network_response_65,exact,high
20260509_212100,2026-05-09T22:29:01.622897,https://www.douyin.com/video/7606343085446024463,video_detail,https://www.douyin.com/video/7606343085446024463,,200,2026-05-09T22:29:01.622897,,28,,network_response_27,exact,high
20260509_212100,2026-05-09T22:29:05.332870,https://www.douyin.com/video/7606343809152077090,video_detail,https://www.douyin.com/video/7606343809152077090,,200,2026-05-09T22:29:05.332870,,76,1,network_response_62,exact,high
20260509_212100,2026-05-09T22:29:12.716216,https://www.douyin.com/video/7606346439869992242,video_detail,https://www.douyin.com/video/7606346439869992242,,200,2026-05-09T22:29:12.716216,,77,1,network_response_69,exact,high
20260509_212100,2026-05-09T22:29:27.269243,https://www.douyin.com/video/7606349636491611443,video_detail,https://www.douyin.com/video/7606349636491611443,,200,2026-05-09T22:29:27.269243,,34,,,none,low
20260509_212100,2026-05-09T22:29:32.311921,https://www.douyin.com/video/7606354630133419315,video_detail,https://www.douyin.com/video/7606354630133419315,,200,2026-05-09T22:29:32.311921,,100,1,network_response_76,exact,high
20260509_212100,2026-05-09T22:29:50.297114,https://www.douyin.com/video/7606356699700662501,video_detail,https://www.douyin.com/video/7606356699700662501,,200,2026-05-09T22:29:50.297114,,83,1,network_response_64,exact,high
20260509_212100,2026-05-09T22:30:04.739113,https://www.douyin.com/video/7606358590584829425,video_detail,https://www.douyin.com/video/7606358590584829425,,200,2026-05-09T22:30:04.739113,,91,1,network_response_73,exact,high
20260509_212100,2026-05-09T22:30:21.705596,https://www.douyin.com/video/7606362081482280243,video_detail,https://www.douyin.com/video/7606362081482280243,,200,2026-05-09T22:30:21.705596,,81,1,network_response_58,exact,high
20260509_212100,2026-05-09T22:30:37.106167,https://www.douyin.com/video/7606363159783394575,video_detail,https://www.douyin.com/video/7606363159783394575,,200,2026-05-09T22:30:37.106167,,10,,,none,low
20260509_212100,2026-05-09T22:30:39.196552,https://www.douyin.com/video/7606380479705178852,video_detail,https://www.douyin.com/video/7606380479705178852,,200,2026-05-09T22:30:39.196552,,23,,network_response_20,exact,high
20260509_212100,2026-05-09T22:30:41.867767,https://www.douyin.com/video/7606383187849235746,video_detail,https://www.douyin.com/video/7606383187849235746,,200,2026-05-09T22:30:41.867767,,17,,,none,low
20260509_212100,2026-05-09T22:30:44.181334,https://www.douyin.com/video/7606384642156924211,video_detail,https://www.douyin.com/video/7606384642156924211,,200,2026-05-09T22:30:44.181334,,23,,,none,low
20260509_212100,2026-05-09T22:30:46.363880,https://www.douyin.com/video/7606388565810974015,video_detail,https://www.douyin.com/video/7606388565810974015,,200,2026-05-09T22:30:46.363880,,74,1,network_response_62,exact,high
20260509_212100,2026-05-09T22:30:54.439740,https://www.douyin.com/video/7606399079538593034,video_detail,https://www.douyin.com/video/7606399079538593034,,200,2026-05-09T22:30:54.439740,,43,,network_response_33,exact,high
20260509_212100,2026-05-09T22:31:00.345590,https://www.douyin.com/video/7606407139141127470,video_detail,https://www.douyin.com/video/7606407139141127470,,200,2026-05-09T22:31:00.345590,,76,1,network_response_62,exact,high
20260509_212100,2026-05-09T22:31:07.191572,https://www.douyin.com/video/7606414751400234266,video_detail,https://www.douyin.com/video/7606414751400234266,,200,2026-05-09T22:31:07.191572,,81,1,network_response_59,exact,high
20260509_212100,2026-05-09T22:31:21.889114,https://www.douyin.com/video/7606527719412698422,video_detail,https://www.douyin.com/video/7606527719412698422,,200,2026-05-09T22:31:21.889114,,68,1,network_response_55,exact,high
20260509_212100,2026-05-09T22:31:29.476745,https://www.douyin.com/video/7606532990256172315,video_detail,https://www.douyin.com/video/7606532990256172315,,200,2026-05-09T22:31:29.476745,,75,1,network_response_69,exact,high
20260509_212100,2026-05-09T22:31:36.929574,https://www.douyin.com/video/7606536393187183907,video_detail,https://www.douyin.com/video/7606536393187183907,,200,2026-05-09T22:31:36.929574,,22,,,none,low
20260509_212100,2026-05-09T22:31:39.104516,https://www.douyin.com/video/7606536643977219354,video_detail,https://www.douyin.com/video/7606536643977219354,,200,2026-05-09T22:31:39.104516,,11,,,none,low
20260509_212100,2026-05-09T22:31:41.125699,https://www.douyin.com/video/7606540682399976740,video_detail,https://www.douyin.com/video/7606540682399976740,,200,2026-05-09T22:31:41.125699,,9,,,none,low
20260509_212100,2026-05-09T22:31:43.062258,https://www.douyin.com/video/7606541557461765391,video_detail,https://www.douyin.com/video/7606541557461765391,,200,2026-05-09T22:31:43.062258,,12,,,none,low
20260509_212100,2026-05-09T22:31:45.299834,https://www.douyin.com/video/7606542056395246891,video_detail,https://www.douyin.com/video/7606542056395246891,,200,2026-05-09T22:31:45.299834,,11,,,none,low
20260509_212100,2026-05-09T22:31:48.351622,https://www.douyin.com/video/7606542755296185651,video_detail,https://www.douyin.com/video/7606542755296185651,,200,2026-05-09T22:31:48.351622,,32,,network_response_30,exact,high
20260509_212100,2026-05-09T22:31:53.179553,https://www.douyin.com/video/7606545403823066411,video_detail,https://www.douyin.com/video/7606545403823066411,,200,2026-05-09T22:31:53.179553,,27,,,none,low
20260509_212100,2026-05-09T22:31:55.253668,https://www.douyin.com/video/7606547781976689983,video_detail,https://www.douyin.com/video/7606547781976689983,,200,2026-05-09T22:31:55.253668,,12,,,none,low
20260509_212100,2026-05-09T22:31:57.362222,https://www.douyin.com/video/7606548278003404066,video_detail,https://www.douyin.com/video/7606548278003404066,,200,2026-05-09T22:31:57.362222,,28,,network_response_27,exact,high
20260509_212100,2026-05-09T22:31:59.534936,https://www.douyin.com/video/7606548416834915622,video_detail,https://www.douyin.com/video/7606548416834915622,,200,2026-05-09T22:31:59.534936,,22,,,none,low
20260509_212100,2026-05-09T22:32:01.614667,https://www.douyin.com/video/7606555263290377979,video_detail,https://www.douyin.com/video/7606555263290377979,,200,2026-05-09T22:32:01.614667,,15,,,none,low
20260509_212100,2026-05-09T22:32:03.560664,https://www.douyin.com/video/7606555421687483648,video_detail,https://www.douyin.com/video/7606555421687483648,,200,2026-05-09T22:32:03.560664,,27,,,none,low
20260509_212100,2026-05-09T22:32:05.690831,https://www.douyin.com/video/7606556203392437547,video_detail,https://www.douyin.com/video/7606556203392437547,,200,2026-05-09T22:32:05.690831,,15,,,none,low
20260509_212100,2026-05-09T22:32:07.722786,https://www.douyin.com/video/7606557345761594639,video_detail,https://www.douyin.com/video/7606557345761594639,,200,2026-05-09T22:32:07.722786,,15,,,none,low
20260509_212100,2026-05-09T22:32:09.730182,https://www.douyin.com/video/7606566218174057737,video_detail,https://www.douyin.com/video/7606566218174057737,,200,2026-05-09T22:32:09.730182,,28,,network_response_25,exact,high
20260509_212100,2026-05-09T22:32:13.215943,https://www.douyin.com/video/7606572153726713434,video_detail,https://www.douyin.com/video/7606572153726713434,,200,2026-05-09T22:32:13.215943,,43,,network_response_33,exact,high
20260509_212100,2026-05-09T22:32:18.953397,https://www.douyin.com/video/7606572971809366863,video_detail,https://www.douyin.com/video/7606572971809366863,,200,2026-05-09T22:32:18.953397,,28,,network_response_27,exact,high
20260509_212100,2026-05-09T22:32:21.230941,https://www.douyin.com/video/7606574680212235621,video_detail,https://www.douyin.com/video/7606574680212235621,,200,2026-05-09T22:32:21.230941,,78,1,network_response_31,exact,high
20260509_212100,2026-05-09T22:32:27.669621,https://www.douyin.com/video/7606577827001621093,video_detail,https://www.douyin.com/video/7606577827001621093,,200,2026-05-09T22:32:27.669621,,28,,network_response_27,exact,high
20260509_212100,2026-05-09T22:32:30.060592,https://www.douyin.com/video/7606580442308906255,video_detail,https://www.douyin.com/video/7606580442308906255,,200,2026-05-09T22:32:30.060592,,12,,,none,low
20260509_212100,2026-05-09T22:32:32.213722,https://www.douyin.com/video/7606583802420317455,video_detail,https://www.douyin.com/video/7606583802420317455,,200,2026-05-09T22:32:32.213722,,24,,,none,low
20260509_212100,2026-05-09T22:32:34.223048,https://www.douyin.com/video/7606585288500403042,video_detail,https://www.douyin.com/video/7606585288500403042,,200,2026-05-09T22:32:34.223048,,28,,network_response_26,exact,high
20260509_212100,2026-05-09T22:32:36.953918,https://www.douyin.com/video/7606587500164910386,video_detail,https://www.douyin.com/video/7606587500164910386,,200,2026-05-09T22:32:36.953918,,77,1,network_response_25,exact,high
20260509_212100,2026-05-09T22:32:44.578673,https://www.douyin.com/video/7606600144997420323,video_detail,https://www.douyin.com/video/7606600144997420323,,200,2026-05-09T22:32:44.578673,,28,,network_response_27,exact,high
20260509_212100,2026-05-09T22:32:48.469186,https://www.douyin.com/video/7606609617145273841,video_detail,https://www.douyin.com/video/7606609617145273841,,200,2026-05-09T22:32:48.469186,,28,,,none,low
20260509_212100,2026-05-09T22:32:52.211831,https://www.douyin.com/video/7606613992610158202,video_detail,https://www.douyin.com/video/7606613992610158202,,200,2026-05-09T22:32:52.211831,,43,,,none,low
20260509_212100,2026-05-09T22:32:57.830823,https://www.douyin.com/video/7606616063899454726,video_detail,https://www.douyin.com/video/7606616063899454726,,200,2026-05-09T22:32:57.830823,,77,1,network_response_28,exact,high
20260509_212100,2026-05-09T22:33:04.729667,https://www.douyin.com/video/7606617583911046426,video_detail,https://www.douyin.com/video/7606617583911046426,,200,2026-05-09T22:33:04.729667,,18,,,none,low
20260509_212100,2026-05-09T22:33:06.664219,https://www.douyin.com/video/7606619324672920838,video_detail,https://www.douyin.com/video/7606619324672920838,,200,2026-05-09T22:33:06.664219,,24,,,none,low
20260509_212100,2026-05-09T22:33:08.760119,https://www.douyin.com/video/7606621917005875898,video_detail,https://www.douyin.com/video/7606621917005875898,,200,2026-05-09T22:33:08.760119,,12,,,none,low
20260509_212100,2026-05-09T22:33:10.875972,https://www.douyin.com/video/7606628876248190242,video_detail,https://www.douyin.com/video/7606628876248190242,,200,2026-05-09T22:33:10.875972,,22,,,none,low
20260509_212100,2026-05-09T22:33:12.940589,https://www.douyin.com/video/7606632829086309882,video_detail,https://www.douyin.com/video/7606632829086309882,,200,2026-05-09T22:33:12.940589,,23,,,none,low
20260509_212100,2026-05-09T22:33:14.910629,https://www.douyin.com/video/7606636273608019240,video_detail,https://www.douyin.com/video/7606636273608019240,,200,2026-05-09T22:33:14.910629,,71,1,network_response_32,exact,high
20260509_212100,2026-05-09T22:33:22.025470,https://www.douyin.com/video/7606637367701078641,video_detail,https://www.douyin.com/video/7606637367701078641,,200,2026-05-09T22:33:22.025470,,26,,network_response_25,exact,high
20260509_212100,2026-05-09T22:33:24.195790,https://www.douyin.com/video/7606639650555948731,video_detail,https://www.douyin.com/video/7606639650555948731,,200,2026-05-09T22:33:24.195790,,28,,network_response_27,exact,high
20260509_212100,2026-05-09T22:33:27.893595,https://www.douyin.com/video/7606640138227174707,video_detail,https://www.douyin.com/video/7606640138227174707,,200,2026-05-09T22:33:27.893595,,33,,,none,low
20260509_212100,2026-05-09T22:33:32.751861,https://www.douyin.com/video/7606640466682989834,video_detail,https://www.douyin.com/video/7606640466682989834,,200,2026-05-09T22:33:32.751861,,82,1,network_response_31,exact,high
20260509_212100,2026-05-09T22:33:41.034079,https://www.douyin.com/video/7606641301550927119,video_detail,https://www.douyin.com/video/7606641301550927119,,200,2026-05-09T22:33:41.034079,,15,,,none,low
20260509_212100,2026-05-09T22:33:44.118573,https://www.douyin.com/video/7606644448935665393,video_detail,https://www.douyin.com/video/7606644448935665393,,200,2026-05-09T22:33:44.118573,,25,,,none,low
20260509_212100,2026-05-09T22:33:46.418978,https://www.douyin.com/video/7606644813890790321,video_detail,https://www.douyin.com/video/7606644813890790321,,200,2026-05-09T22:33:46.418978,,15,,,none,low
20260509_212100,2026-05-09T22:33:48.732150,https://www.douyin.com/video/7606645868350950692,video_detail,https://www.douyin.com/video/7606645868350950692,,200,2026-05-09T22:33:48.732150,,73,1,network_response_32,exact,high
20260509_212100,2026-05-09T22:33:55.172333,https://www.douyin.com/video/7606646012479819042,video_detail,https://www.douyin.com/video/7606646012479819042,,200,2026-05-09T22:33:55.172333,,17,,,none,low
20260509_212100,2026-05-09T22:33:58.062096,https://www.douyin.com/video/7606646667698210681,video_detail,https://www.douyin.com/video/7606646667698210681,,200,2026-05-09T22:33:58.062096,,74,1,network_response_37,exact,high
20260509_212100,2026-05-09T22:34:04.856604,https://www.douyin.com/video/7606646800858657777,video_detail,https://www.douyin.com/video/7606646800858657777,,200,2026-05-09T22:34:04.856604,,27,,network_response_26,exact,high
20260509_212100,2026-05-09T22:34:08.172774,https://www.douyin.com/video/7606648180420382308,video_detail,https://www.douyin.com/video/7606648180420382308,,200,2026-05-09T22:34:08.172774,,26,,network_response_25,exact,high
20260509_212100,2026-05-09T22:34:11.616456,https://www.douyin.com/video/7606649370737466441,video_detail,https://www.douyin.com/video/7606649370737466441,,200,2026-05-09T22:34:11.616456,,43,,network_response_33,exact,high
20260509_212100,2026-05-09T22:34:17.900945,https://www.douyin.com/video/7606649988541730111,video_detail,https://www.douyin.com/video/7606649988541730111,,200,2026-05-09T22:34:17.900945,,77,1,network_response_59,exact,high
20260509_212100,2026-05-09T22:34:25.541657,https://www.douyin.com/video/7606650530508590387,video_detail,https://www.douyin.com/video/7606650530508590387,,200,2026-05-09T22:34:25.541657,,91,1,network_response_78,exact,high
20260509_212100,2026-05-09T22:34:40.109651,https://www.douyin.com/video/7606654055909297458,video_detail,https://www.douyin.com/video/7606654055909297458,,200,2026-05-09T22:34:40.109651,,78,1,network_response_60,exact,high
20260509_212100,2026-05-09T22:34:49.721627,https://www.douyin.com/video/7606654354942151990,video_detail,https://www.douyin.com/video/7606654354942151990,,200,2026-05-09T22:34:49.721627,,84,1,network_response_69,exact,high
20260509_212100,2026-05-09T22:35:03.680467,https://www.douyin.com/video/7606654935949741318,video_detail,https://www.douyin.com/video/7606654935949741318,,200,2026-05-09T22:35:03.680467,,25,,,none,low
20260509_212100,2026-05-09T22:35:07.427009,https://www.douyin.com/video/7606655718552259882,video_detail,https://www.douyin.com/video/7606655718552259882,,200,2026-05-09T22:35:07.427009,,27,,,none,low
20260509_212100,2026-05-09T22:35:09.681389,https://www.douyin.com/video/7606656344929733951,video_detail,https://www.douyin.com/video/7606656344929733951,,200,2026-05-09T22:35:09.681389,,69,1,network_response_62,exact,high
20260509_212100,2026-05-09T22:35:15.844501,https://www.douyin.com/video/7606657996835913188,video_detail,https://www.douyin.com/video/7606657996835913188,,200,2026-05-09T22:35:15.844501,,70,1,network_response_56,exact,high
20260509_212100,2026-05-09T22:35:22.463073,https://www.douyin.com/video/7606658886971955577,video_detail,https://www.douyin.com/video/7606658886971955577,,200,2026-05-09T22:35:22.463073,,89,1,network_response_63,exact,high
20260509_212100,2026-05-09T22:35:41.341264,https://www.douyin.com/video/7606661884867071241,video_detail,https://www.douyin.com/video/7606661884867071241,,200,2026-05-09T22:35:41.341264,,44,,network_response_37,exact,high
20260509_212100,2026-05-09T22:35:47.202739,https://www.douyin.com/video/7606662285615959332,video_detail,https://www.douyin.com/video/7606662285615959332,,200,2026-05-09T22:35:47.202739,,16,,,none,low
20260509_212100,2026-05-09T22:35:49.311375,https://www.douyin.com/video/7606662776861363465,video_detail,https://www.douyin.com/video/7606662776861363465,,200,2026-05-09T22:35:49.311375,,18,,,none,low
20260509_212100,2026-05-09T22:35:51.444249,https://www.douyin.com/video/7606665361945583467,video_detail,https://www.douyin.com/video/7606665361945583467,,200,2026-05-09T22:35:51.444249,,27,,,none,low
20260509_212100,2026-05-09T22:35:53.632846,https://www.douyin.com/video/7606666821290249515,video_detail,https://www.douyin.com/video/7606666821290249515,,200,2026-05-09T22:35:53.632846,,29,,network_response_27,exact,high
20260509_212100,2026-05-09T22:35:56.533165,https://www.douyin.com/video/7606668586329053029,video_detail,https://www.douyin.com/video/7606668586329053029,,200,2026-05-09T22:35:56.533165,,74,1,network_response_69,exact,high
20260509_212100,2026-05-09T22:36:03.076848,https://www.douyin.com/video/7606670021040885018,video_detail,https://www.douyin.com/video/7606670021040885018,,200,2026-05-09T22:36:03.076848,,72,1,network_response_62,exact,high
20260509_212100,2026-05-09T22:36:11.181511,https://www.douyin.com/video/7606673486957858090,video_detail,https://www.douyin.com/video/7606673486957858090,,200,2026-05-09T22:36:11.181511,,75,1,network_response_70,exact,high
20260509_212100,2026-05-09T22:36:19.282789,https://www.douyin.com/video/7606674063105667178,video_detail,https://www.douyin.com/video/7606674063105667178,,200,2026-05-09T22:36:19.282789,,72,1,network_response_62,exact,high
20260509_212100,2026-05-09T22:36:25.407088,https://www.douyin.com/video/7606680161619363705,video_detail,https://www.douyin.com/video/7606680161619363705,,200,2026-05-09T22:36:25.407088,,77,1,network_response_69,exact,high
20260509_212100,2026-05-09T22:36:34.448866,https://www.douyin.com/video/7606683502926515482,video_detail,https://www.douyin.com/video/7606683502926515482,,200,2026-05-09T22:36:34.448866,,45,,,none,low
20260509_212100,2026-05-09T22:36:40.620326,https://www.douyin.com/video/7606684936633057919,video_detail,https://www.douyin.com/video/7606684936633057919,,200,2026-05-09T22:36:40.620326,,82,1,network_response_73,exact,high
20260509_212100,2026-05-09T22:36:53.891582,https://www.douyin.com/video/7606690470764268800,video_detail,https://www.douyin.com/video/7606690470764268800,,200,2026-05-09T22:36:53.891582,,65,1,network_response_63,exact,high
20260509_212100,2026-05-09T22:37:02.881983,https://www.douyin.com/video/7606690770556423474,video_detail,https://www.douyin.com/video/7606690770556423474,,200,2026-05-09T22:37:02.881983,,78,1,network_response_64,exact,high
20260509_212100,2026-05-09T22:37:16.480828,https://www.douyin.com/video/7606693314511860660,video_detail,https://www.douyin.com/video/7606693314511860660,,200,2026-05-09T22:37:16.480828,,72,1,network_response_63,exact,high
20260509_212100,2026-05-09T22:37:24.889938,https://www.douyin.com/video/7606695502188383498,video_detail,https://www.douyin.com/video/7606695502188383498,,200,2026-05-09T22:37:24.889938,,86,1,network_response_69,exact,high
20260509_212100,2026-05-09T22:37:39.305038,https://www.douyin.com/video/7606701347228646507,video_detail,https://www.douyin.com/video/7606701347228646507,,200,2026-05-09T22:37:39.305038,,12,,,none,low
20260509_212100,2026-05-09T22:37:43.203253,https://www.douyin.com/video/7606728250346260342,video_detail,https://www.douyin.com/video/7606728250346260342,,200,2026-05-09T22:37:43.203253,,28,,network_response_26,exact,high
20260509_212100,2026-05-09T22:37:45.997391,https://www.douyin.com/video/7606738266532971685,video_detail,https://www.douyin.com/video/7606738266532971685,,200,2026-05-09T22:37:45.997391,,29,,network_response_26,exact,high
20260509_212100,2026-05-09T22:37:48.609964,https://www.douyin.com/video/7606756961153027328,video_detail,https://www.douyin.com/video/7606756961153027328,,200,2026-05-09T22:37:48.609964,,73,1,network_response_52,exact,high
20260509_212100,2026-05-09T22:37:57.892287,https://www.douyin.com/video/7606758988792876331,video_detail,https://www.douyin.com/video/7606758988792876331,,200,2026-05-09T22:37:57.892287,,40,,network_response_29,exact,high
20260509_212100,2026-05-09T22:38:03.984094,https://www.douyin.com/video/7606791079057693818,video_detail,https://www.douyin.com/video/7606791079057693818,,200,2026-05-09T22:38:03.984094,,79,1,network_response_31,exact,high
20260509_212100,2026-05-09T22:38:12.240777,https://www.douyin.com/video/7606796070017846543,video_detail,https://www.douyin.com/video/7606796070017846543,,200,2026-05-09T22:38:12.240777,,16,,,none,low
20260509_212100,2026-05-09T22:38:14.386850,https://www.douyin.com/video/7606853655270116644,video_detail,https://www.douyin.com/video/7606853655270116644,,200,2026-05-09T22:38:14.386850,,78,1,network_response_38,exact,high
20260509_212100,2026-05-09T22:38:22.044619,https://www.douyin.com/video/7606862832822439211,video_detail,https://www.douyin.com/video/7606862832822439211,,200,2026-05-09T22:38:22.044619,,28,,network_response_24,exact,high
20260509_212100,2026-05-09T22:38:24.791212,https://www.douyin.com/video/7606887904220138778,video_detail,https://www.douyin.com/video/7606887904220138778,,200,2026-05-09T22:38:24.791212,,26,,,none,low
20260509_212100,2026-05-09T22:38:27.045905,https://www.douyin.com/video/7606888341694507124,video_detail,https://www.douyin.com/video/7606888341694507124,,200,2026-05-09T22:38:27.045905,,27,,network_response_26,exact,high
20260509_212100,2026-05-09T22:38:29.622522,https://www.douyin.com/video/7606888429342805275,video_detail,https://www.douyin.com/video/7606888429342805275,,200,2026-05-09T22:38:29.622522,,71,1,network_response_31,exact,high
20260509_212100,2026-05-09T22:38:36.194203,https://www.douyin.com/video/7606894099077139775,video_detail,https://www.douyin.com/video/7606894099077139775,,200,2026-05-09T22:38:36.194203,,26,,,none,low
20260509_212100,2026-05-09T22:38:38.537461,https://www.douyin.com/video/7606904934738562358,video_detail,https://www.douyin.com/video/7606904934738562358,,200,2026-05-09T22:38:38.537461,,77,1,network_response_68,exact,high
20260509_212100,2026-05-09T22:38:47.395075,https://www.douyin.com/video/7606908555061773922,video_detail,https://www.douyin.com/video/7606908555061773922,,200,2026-05-09T22:38:47.395075,,41,,network_response_37,exact,high
20260509_212100,2026-05-09T22:38:53.529871,https://www.douyin.com/video/7606910621250158523,video_detail,https://www.douyin.com/video/7606910621250158523,,200,2026-05-09T22:38:53.529871,,75,1,network_response_64,exact,high
20260509_212100,2026-05-09T22:39:00.279368,https://www.douyin.com/video/7606919255669361971,video_detail,https://www.douyin.com/video/7606919255669361971,,200,2026-05-09T22:39:00.279368,,72,1,network_response_59,exact,high
20260509_212100,2026-05-09T22:39:07.669959,https://www.douyin.com/video/7606921841688464674,video_detail,https://www.douyin.com/video/7606921841688464674,,200,2026-05-09T22:39:07.669959,,22,,,none,low
20260509_212100,2026-05-09T22:39:10.798044,https://www.douyin.com/video/7606937294477511946,video_detail,https://www.douyin.com/video/7606937294477511946,,200,2026-05-09T22:39:10.798044,,72,1,network_response_62,exact,high
20260509_212100,2026-05-09T22:39:17.108311,https://www.douyin.com/video/7606941277057305897,video_detail,https://www.douyin.com/video/7606941277057305897,,200,2026-05-09T22:39:17.108311,,17,,,none,low
20260509_212100,2026-05-09T22:39:20.162284,https://www.douyin.com/video/7606960340119007089,video_detail,https://www.douyin.com/video/7606960340119007089,,200,2026-05-09T22:39:20.162284,,75,1,network_response_59,exact,high
20260509_212100,2026-05-09T22:39:26.454736,https://www.douyin.com/video/7606984755569118505,video_detail,https://www.douyin.com/video/7606984755569118505,,200,2026-05-09T22:39:26.454736,,27,,,none,low
20260509_212100,2026-05-09T22:39:29.143066,https://www.douyin.com/video/7606985473008979254,video_detail,https://www.douyin.com/video/7606985473008979254,,200,2026-05-09T22:39:29.143066,,28,,network_response_27,exact,high
20260509_212100,2026-05-09T22:39:31.454605,https://www.douyin.com/video/7606988452952837385,video_detail,https://www.douyin.com/video/7606988452952837385,,200,2026-05-09T22:39:31.454605,,75,1,network_response_65,exact,high
20260509_212100,2026-05-09T22:39:39.095385,https://www.douyin.com/video/7606989723680247066,video_detail,https://www.douyin.com/video/7606989723680247066,,200,2026-05-09T22:39:39.095385,,37,,network_response_29,exact,high
20260509_212100,2026-05-09T22:39:44.718133,https://www.douyin.com/video/7606994775799057673,video_detail,https://www.douyin.com/video/7606994775799057673,,200,2026-05-09T22:39:44.718133,,23,,,none,low
20260509_212100,2026-05-09T22:39:46.819611,https://www.douyin.com/video/7607001534336912692,video_detail,https://www.douyin.com/video/7607001534336912692,,200,2026-05-09T22:39:46.819611,,14,,,none,low
20260509_212100,2026-05-09T22:39:48.936594,https://www.douyin.com/video/7607004011866098970,video_detail,https://www.douyin.com/video/7607004011866098970,,200,2026-05-09T22:39:48.936594,,17,,,none,low
20260509_212100,2026-05-09T22:39:51.069159,https://www.douyin.com/video/7607004690408099126,video_detail,https://www.douyin.com/video/7607004690408099126,,200,2026-05-09T22:39:51.069159,,26,,,none,low
20260509_212100,2026-05-09T22:39:53.428601,https://www.douyin.com/video/7607007767707208805,video_detail,https://www.douyin.com/video/7607007767707208805,,200,2026-05-09T22:39:53.428601,,27,,,none,low
20260509_212100,2026-05-09T22:39:55.726451,https://www.douyin.com/video/7607009329589780857,video_detail,https://www.douyin.com/video/7607009329589780857,,200,2026-05-09T22:39:55.726451,,28,,network_response_27,exact,high
20260509_212100,2026-05-09T22:39:58.095073,https://www.douyin.com/video/7607010462454107442,video_detail,https://www.douyin.com/video/7607010462454107442,,200,2026-05-09T22:39:58.095073,,27,,network_response_26,exact,high
20260509_212100,2026-05-09T22:40:00.768210,https://www.douyin.com/video/7607014981187554575,video_detail,https://www.douyin.com/video/7607014981187554575,,200,2026-05-09T22:40:00.768210,,64,1,network_response_27,exact,high
20260509_212100,2026-05-09T22:40:08.368734,https://www.douyin.com/video/7607018293542554921,video_detail,https://www.douyin.com/video/7607018293542554921,,200,2026-05-09T22:40:08.368734,,27,,,none,low
20260509_212100,2026-05-09T22:40:11.929274,https://www.douyin.com/video/7607024306920475942,video_detail,https://www.douyin.com/video/7607024306920475942,,200,2026-05-09T22:40:11.929274,,108,1,network_response_36,exact,high
20260509_212100,2026-05-09T22:40:30.854072,https://www.douyin.com/video/7607025316766272819,video_detail,https://www.douyin.com/video/7607025316766272819,,200,2026-05-09T22:40:30.854072,,84,1,network_response_61,exact,high
20260509_212100,2026-05-09T22:40:44.961401,https://www.douyin.com/video/7607034991523941666,video_detail,https://www.douyin.com/video/7607034991523941666,,200,2026-05-09T22:40:44.961401,,18,,,none,low
20260509_212100,2026-05-09T22:40:48.962188,https://www.douyin.com/video/7607039390603574117,video_detail,https://www.douyin.com/video/7607039390603574117,,200,2026-05-09T22:40:48.962188,,22,,,none,low
20260509_212100,2026-05-09T22:40:51.119646,https://www.douyin.com/video/7607042202937625919,video_detail,https://www.douyin.com/video/7607042202937625919,,200,2026-05-09T22:40:51.119646,,21,,,none,low
20260509_212100,2026-05-09T22:40:53.434961,https://www.douyin.com/video/7607042587593292977,video_detail,https://www.douyin.com/video/7607042587593292977,,200,2026-05-09T22:40:53.434961,,15,,,none,low
20260509_212100,2026-05-09T22:40:55.536810,https://www.douyin.com/video/7607050425765760297,video_detail,https://www.douyin.com/video/7607050425765760297,,200,2026-05-09T22:40:55.536810,,27,,network_response_23,exact,high
20260509_212100,2026-05-09T22:40:58.483039,https://www.douyin.com/video/7607052018280549254,video_detail,https://www.douyin.com/video/7607052018280549254,,200,2026-05-09T22:40:58.483039,,28,,network_response_27,exact,high
20260509_212100,2026-05-09T22:41:01.136587,https://www.douyin.com/video/7607053552271297826,video_detail,https://www.douyin.com/video/7607053552271297826,,200,2026-05-09T22:41:01.136587,,75,1,network_response_65,exact,high
20260509_212100,2026-05-09T22:41:08.262275,https://www.douyin.com/video/7607055437799771401,video_detail,https://www.douyin.com/video/7607055437799771401,,200,2026-05-09T22:41:08.262275,,69,1,network_response_67,exact,high
20260509_212100,2026-05-09T22:41:16.795285,https://www.douyin.com/video/7607055556070690083,video_detail,https://www.douyin.com/video/7607055556070690083,,200,2026-05-09T22:41:16.795285,,38,,network_response_28,exact,high
20260509_212100,2026-05-09T22:41:22.530142,https://www.douyin.com/video/7607055561746476923,video_detail,https://www.douyin.com/video/7607055561746476923,,200,2026-05-09T22:41:22.530142,,63,1,network_response_30,exact,high
20260509_212100,2026-05-09T22:41:28.852366,https://www.douyin.com/video/7607059319472835846,video_detail,https://www.douyin.com/video/7607059319472835846,,200,2026-05-09T22:41:28.852366,,92,1,network_response_64,exact,high
20260509_212100,2026-05-09T22:41:43.516529,https://www.douyin.com/video/7607059382672690467,video_detail,https://www.douyin.com/video/7607059382672690467,,200,2026-05-09T22:41:43.516529,,72,1,network_response_71,exact,high
20260509_212100,2026-05-09T22:41:51.850515,https://www.douyin.com/video/7607059805152262976,video_detail,https://www.douyin.com/video/7607059805152262976,,200,2026-05-09T22:41:51.850515,,68,1,network_response_54,exact,high
20260509_212100,2026-05-09T22:41:58.895659,https://www.douyin.com/video/7607062887407914278,video_detail,https://www.douyin.com/video/7607062887407914278,,200,2026-05-09T22:41:58.895659,,85,1,network_response_70,exact,high
20260509_212100,2026-05-09T22:42:12.633485,https://www.douyin.com/video/7607064812492688655,video_detail,https://www.douyin.com/video/7607064812492688655,,200,2026-05-09T22:42:12.633485,,67,1,network_response_31,exact,high
20260509_212100,2026-05-09T22:42:20.183173,https://www.douyin.com/video/7607069161327512847,video_detail,https://www.douyin.com/video/7607069161327512847,,200,2026-05-09T22:42:20.183173,,78,1,network_response_69,exact,high
20260509_212100,2026-05-09T22:42:33.829739,https://www.douyin.com/video/7607073020498460517,video_detail,https://www.douyin.com/video/7607073020498460517,,200,2026-05-09T22:42:33.829739,,71,1,network_response_70,exact,high
20260509_212100,2026-05-09T22:42:42.078032,https://www.douyin.com/video/7607076417293028649,video_detail,https://www.douyin.com/video/7607076417293028649,,200,2026-05-09T22:42:42.078032,,15,,,none,low
20260509_212100,2026-05-09T22:42:45.403758,https://www.douyin.com/video/7607076791609541236,video_detail,https://www.douyin.com/video/7607076791609541236,,200,2026-05-09T22:42:45.403758,,47,,network_response_29,exact,high
20260509_212100,2026-05-09T22:42:51.137549,https://www.douyin.com/video/7607083767275059707,video_detail,https://www.douyin.com/video/7607083767275059707,,200,2026-05-09T22:42:51.137549,,27,,,none,low
20260509_212100,2026-05-09T22:42:53.246187,https://www.douyin.com/video/7607084476295859492,video_detail,https://www.douyin.com/video/7607084476295859492,,200,2026-05-09T22:42:53.246187,,73,1,network_response_33,exact,high
20260509_212100,2026-05-09T22:43:00.291340,https://www.douyin.com/video/7607087967051517199,video_detail,https://www.douyin.com/video/7607087967051517199,,200,2026-05-09T22:43:00.291340,,72,1,network_response_51,exact,high
20260509_212100,2026-05-09T22:43:06.944542,https://www.douyin.com/video/7607089096900611369,video_detail,https://www.douyin.com/video/7607089096900611369,,200,2026-05-09T22:43:06.944542,,26,,,none,low
20260509_212100,2026-05-09T22:43:08.997532,https://www.douyin.com/video/7607089649906948593,video_detail,https://www.douyin.com/video/7607089649906948593,,200,2026-05-09T22:43:08.997532,,28,,network_response_26,exact,high
20260509_212100,2026-05-09T22:43:11.542505,https://www.douyin.com/video/7607102467590917419,video_detail,https://www.douyin.com/video/7607102467590917419,,200,2026-05-09T22:43:11.542505,,77,1,network_response_31,exact,high
20260509_212100,2026-05-09T22:43:18.191208,https://www.douyin.com/video/7607104183858138340,video_detail,https://www.douyin.com/video/7607104183858138340,,200,2026-05-09T22:43:18.191208,,26,,,none,low
20260509_212100,2026-05-09T22:43:20.817057,https://www.douyin.com/video/7607118022394536689,video_detail,https://www.douyin.com/video/7607118022394536689,,200,2026-05-09T22:43:20.817057,,26,,,none,low
20260509_212100,2026-05-09T22:43:22.975392,https://www.douyin.com/video/7607120051346410786,video_detail,https://www.douyin.com/video/7607120051346410786,,200,2026-05-09T22:43:22.975392,,76,1,network_response_27,exact,high
20260509_212100,2026-05-09T22:43:31.757884,https://www.douyin.com/video/7607128650294594856,video_detail,https://www.douyin.com/video/7607128650294594856,,200,2026-05-09T22:43:31.757884,,33,,network_response_30,exact,high
20260509_212100,2026-05-09T22:43:37.254963,https://www.douyin.com/video/7607134026389867814,video_detail,https://www.douyin.com/video/7607134026389867814,,200,2026-05-09T22:43:37.254963,,90,1,network_response_31,exact,high
20260509_212100,2026-05-09T22:43:50.986811,https://www.douyin.com/video/7607136030566714659,video_detail,https://www.douyin.com/video/7607136030566714659,,200,2026-05-09T22:43:50.986811,,82,1,network_response_72,exact,high
20260509_212100,2026-05-09T22:44:05.193318,https://www.douyin.com/video/7607140206080543369,video_detail,https://www.douyin.com/video/7607140206080543369,,200,2026-05-09T22:44:05.193318,,28,,,none,low
20260509_212100,2026-05-09T22:44:09.762821,https://www.douyin.com/video/7607144227364965674,video_detail,https://www.douyin.com/video/7607144227364965674,,200,2026-05-09T22:44:09.762821,,79,1,network_response_67,exact,high
20260509_212100,2026-05-09T22:44:17.048222,https://www.douyin.com/video/7607172140437097764,video_detail,https://www.douyin.com/video/7607172140437097764,,200,2026-05-09T22:44:17.048222,,101,1,network_response_27,exact,high
20260509_212100,2026-05-09T22:44:43.052953,https://www.douyin.com/video/7607180781983732425,video_detail,https://www.douyin.com/video/7607180781983732425,,200,2026-05-09T22:44:43.052953,,85,1,network_response_28,exact,high
20260509_212100,2026-05-09T22:44:58.564749,https://www.douyin.com/video/7607232277738818862,video_detail,https://www.douyin.com/video/7607232277738818862,,200,2026-05-09T22:44:58.564749,,70,1,network_response_31,exact,high
20260509_212100,2026-05-09T22:45:07.329073,https://www.douyin.com/video/7607235110291718885,video_detail,https://www.douyin.com/video/7607235110291718885,,200,2026-05-09T22:45:07.329073,,81,1,network_response_36,exact,high
20260509_212100,2026-05-09T22:45:21.347303,https://www.douyin.com/video/7607246762680469221,video_detail,https://www.douyin.com/video/7607246762680469221,,200,2026-05-09T22:45:21.347303,,70,1,network_response_31,exact,high
20260509_212100,2026-05-09T22:45:30.026875,https://www.douyin.com/video/7607274295208174051,video_detail,https://www.douyin.com/video/7607274295208174051,,200,2026-05-09T22:45:30.026875,,41,,,none,low
20260509_212100,2026-05-09T22:45:35.975547,https://www.douyin.com/video/7607283944169458980,video_detail,https://www.douyin.com/video/7607283944169458980,,200,2026-05-09T22:45:35.975547,,16,,,none,low
20260509_212100,2026-05-09T22:45:38.072134,https://www.douyin.com/video/7607311079044322218,video_detail,https://www.douyin.com/video/7607311079044322218,,200,2026-05-09T22:45:38.072134,,27,,,none,low
20260509_212100,2026-05-09T22:45:40.267694,https://www.douyin.com/video/7607313987209825551,video_detail,https://www.douyin.com/video/7607313987209825551,,200,2026-05-09T22:45:40.267694,,27,,,none,low
20260509_212100,2026-05-09T22:45:42.510519,https://www.douyin.com/video/7607314487176275377,video_detail,https://www.douyin.com/video/7607314487176275377,,200,2026-05-09T22:45:42.510519,,77,1,network_response_65,exact,high
20260509_212100,2026-05-09T22:45:48.999067,https://www.douyin.com/video/7607323978294904680,video_detail,https://www.douyin.com/video/7607323978294904680,,200,2026-05-09T22:45:48.999067,,67,1,network_response_49,exact,high
20260509_212100,2026-05-09T22:45:55.022833,https://www.douyin.com/video/7607335254320405745,video_detail,https://www.douyin.com/video/7607335254320405745,,200,2026-05-09T22:45:55.022833,,79,1,network_response_68,exact,high
20260509_212100,2026-05-09T22:46:09.261432,https://www.douyin.com/video/7607345384344848241,video_detail,https://www.douyin.com/video/7607345384344848241,,200,2026-05-09T22:46:09.261432,,75,1,network_response_69,exact,high
20260509_212100,2026-05-09T22:46:17.821410,https://www.douyin.com/video/7607360540528874481,video_detail,https://www.douyin.com/video/7607360540528874481,,200,2026-05-09T22:46:17.821410,,29,,,none,low
20260509_212100,2026-05-09T22:46:23.608210,https://www.douyin.com/video/7607366571448137710,video_detail,https://www.douyin.com/video/7607366571448137710,,200,2026-05-09T22:46:23.608210,,88,1,network_response_69,exact,high
20260509_212100,2026-05-09T22:46:40.130113,https://www.douyin.com/video/7607372948768623514,video_detail,https://www.douyin.com/video/7607372948768623514,,200,2026-05-09T22:46:40.130113,,51,,network_response_34,exact,high
20260509_212100,2026-05-09T22:46:46.569663,https://www.douyin.com/video/7607373851324642762,video_detail,https://www.douyin.com/video/7607373851324642762,,200,2026-05-09T22:46:46.569663,,75,1,network_response_62,exact,high
20260509_212100,2026-05-09T22:46:52.985966,https://www.douyin.com/video/7607374455833128043,video_detail,https://www.douyin.com/video/7607374455833128043,,200,2026-05-09T22:46:52.985966,,23,,,none,low
20260509_212100,2026-05-09T22:47:00.072289,https://www.douyin.com/video/7607376335287209262,video_detail,https://www.douyin.com/video/7607376335287209262,,200,2026-05-09T22:47:00.072289,,13,,network_response_12,exact,high
20260509_212100,2026-05-09T22:47:03.423818,https://www.douyin.com/video/7607379481963007268,video_detail,https://www.douyin.com/video/7607379481963007268,,200,2026-05-09T22:47:03.423818,,73,1,network_response_66,exact,high
20260509_212100,2026-05-09T22:47:11.914067,https://www.douyin.com/video/7607380506698599731,video_detail,https://www.douyin.com/video/7607380506698599731,,200,2026-05-09T22:47:11.914067,,22,,,none,low
20260509_212100,2026-05-09T22:47:14.615626,https://www.douyin.com/video/7607380840657538358,video_detail,https://www.douyin.com/video/7607380840657538358,,200,2026-05-09T22:47:14.615626,,68,1,network_response_55,exact,high
20260509_212100,2026-05-09T22:47:21.171954,https://www.douyin.com/video/7607383202928312246,video_detail,https://www.douyin.com/video/7607383202928312246,,200,2026-05-09T22:47:21.171954,,27,,,none,low
20260509_212100,2026-05-09T22:47:24.245396,https://www.douyin.com/video/7607383481127030016,video_detail,https://www.douyin.com/video/7607383481127030016,,200,2026-05-09T22:47:24.245396,,15,,network_response_14,exact,high
20260509_212100,2026-05-09T22:47:26.698656,https://www.douyin.com/video/7607385954109623578,video_detail,https://www.douyin.com/video/7607385954109623578,,200,2026-05-09T22:47:26.698656,,69,1,network_response_59,exact,high
20260509_212100,2026-05-09T22:47:34.532282,https://www.douyin.com/video/7607388569644141843,video_detail,https://www.douyin.com/video/7607388569644141843,,200,2026-05-09T22:47:34.532282,,37,,network_response_16,exact,high
20260509_212100,2026-05-09T22:47:40.100784,https://www.douyin.com/video/7607389499387522289,video_detail,https://www.douyin.com/video/7607389499387522289,,200,2026-05-09T22:47:40.100784,,13,,,none,low
20260509_212100,2026-05-09T22:47:42.060184,https://www.douyin.com/video/7607389804414088114,video_detail,https://www.douyin.com/video/7607389804414088114,,200,2026-05-09T22:47:42.060184,,20,,network_response_14,exact,high
20260509_212100,2026-05-09T22:47:44.477441,https://www.douyin.com/video/7607390688984122515,video_detail,https://www.douyin.com/video/7607390688984122515,,200,2026-05-09T22:47:44.477441,,13,,,none,low
20260509_212100,2026-05-09T22:47:46.732154,https://www.douyin.com/video/7607393028625942089,video_detail,https://www.douyin.com/video/7607393028625942089,,200,2026-05-09T22:47:46.732154,,14,,,none,low
20260509_212100,2026-05-09T22:47:49.017239,https://www.douyin.com/video/7607394861045876410,video_detail,https://www.douyin.com/video/7607394861045876410,,200,2026-05-09T22:47:49.017239,,73,1,network_response_30,exact,high
20260509_212100,2026-05-09T22:47:56.549908,https://www.douyin.com/video/7607401706338403529,video_detail,https://www.douyin.com/video/7607401706338403529,,200,2026-05-09T22:47:56.549908,,73,1,network_response_25,exact,high
20260509_212100,2026-05-09T22:48:03.777107,https://www.douyin.com/video/7607404499456002914,video_detail,https://www.douyin.com/video/7607404499456002914,,200,2026-05-09T22:48:03.777107,,77,1,network_response_36,exact,high
20260509_212100,2026-05-09T22:48:17.662244,https://www.douyin.com/video/7607409480846086326,video_detail,https://www.douyin.com/video/7607409480846086326,,200,2026-05-09T22:48:17.662244,,68,1,network_response_36,exact,high
20260509_212100,2026-05-09T22:48:25.494406,https://www.douyin.com/video/7607411548643008489,video_detail,https://www.douyin.com/video/7607411548643008489,,200,2026-05-09T22:48:25.494406,,27,,,none,low
20260509_212100,2026-05-09T22:48:29.620874,https://www.douyin.com/video/7607414588090436873,video_detail,https://www.douyin.com/video/7607414588090436873,,200,2026-05-09T22:48:29.620874,,43,,network_response_35,exact,high
20260509_212100,2026-05-09T22:48:35.396176,https://www.douyin.com/video/7607415966037966299,video_detail,https://www.douyin.com/video/7607415966037966299,,200,2026-05-09T22:48:35.396176,,31,,network_response_11,exact,high
20260509_212100,2026-05-09T22:48:38.928195,https://www.douyin.com/video/7607416748622613812,video_detail,https://www.douyin.com/video/7607416748622613812,,200,2026-05-09T22:48:38.928195,,29,,network_response_20,exact,high
20260509_212100,2026-05-09T22:48:41.874187,https://www.douyin.com/video/7607424359539976586,video_detail,https://www.douyin.com/video/7607424359539976586,,200,2026-05-09T22:48:41.874187,,28,,network_response_27,exact,high
20260509_212100,2026-05-09T22:48:44.330623,https://www.douyin.com/video/7607435691080879386,video_detail,https://www.douyin.com/video/7607435691080879386,,200,2026-05-09T22:48:44.330623,,19,,network_response_13,exact,high
20260509_212100,2026-05-09T22:48:46.755262,https://www.douyin.com/video/7607436305449913610,video_detail,https://www.douyin.com/video/7607436305449913610,,200,2026-05-09T22:48:46.755262,,27,,,none,low
20260509_212100,2026-05-09T22:48:48.936612,https://www.douyin.com/video/7607437626601180425,video_detail,https://www.douyin.com/video/7607437626601180425,,200,2026-05-09T22:48:48.936612,,76,1,network_response_28,exact,high
20260509_212100,2026-05-09T22:48:56.504206,https://www.douyin.com/video/7607440945180691764,video_detail,https://www.douyin.com/video/7607440945180691764,,200,2026-05-09T22:48:56.504206,,87,1,network_response_22,exact,high
20260509_212100,2026-05-09T22:49:11.306808,https://www.douyin.com/video/7607445084376753587,video_detail,https://www.douyin.com/video/7607445084376753587,,200,2026-05-09T22:49:11.306808,,55,,network_response_30,exact,high
20260509_212100,2026-05-09T22:49:17.363167,https://www.douyin.com/video/7607454656763055867,video_detail,https://www.douyin.com/video/7607454656763055867,,200,2026-05-09T22:49:17.363167,,21,,,none,low
20260509_212100,2026-05-09T22:49:20.761348,https://www.douyin.com/video/7607455701912358163,video_detail,https://www.douyin.com/video/7607455701912358163,,200,2026-05-09T22:49:20.761348,,32,,network_response_24,exact,high
20260509_212100,2026-05-09T22:49:25.989392,https://www.douyin.com/video/7607458813859417396,video_detail,https://www.douyin.com/video/7607458813859417396,,200,2026-05-09T22:49:25.989392,,14,,,none,low
20260509_212100,2026-05-09T22:49:28.021918,https://www.douyin.com/video/7607469536342903622,video_detail,https://www.douyin.com/video/7607469536342903622,,200,2026-05-09T22:49:28.021918,,27,,network_response_19,exact,high
20260509_212100,2026-05-09T22:49:30.591682,https://www.douyin.com/video/7607480082923261226,video_detail,https://www.douyin.com/video/7607480082923261226,,200,2026-05-09T22:49:30.591682,,26,,network_response_25,exact,high
20260509_212100,2026-05-09T22:49:33.231828,https://www.douyin.com/video/7607486088327777571,video_detail,https://www.douyin.com/video/7607486088327777571,,200,2026-05-09T22:49:33.231828,,62,1,network_response_27,exact,high
20260509_212100,2026-05-09T22:49:41.431043,https://www.douyin.com/video/7607520661585661230,video_detail,https://www.douyin.com/video/7607520661585661230,,200,2026-05-09T22:49:41.431043,,81,1,network_response_33,exact,high
20260509_212100,2026-05-09T22:49:56.001160,https://www.douyin.com/video/7607527853835554054,video_detail,https://www.douyin.com/video/7607527853835554054,,200,2026-05-09T22:49:56.001160,,23,,,none,low
20260509_212100,2026-05-09T22:50:00.261529,https://www.douyin.com/video/7607557086951509254,video_detail,https://www.douyin.com/video/7607557086951509254,,200,2026-05-09T22:50:00.261529,,26,,,none,low
20260509_212100,2026-05-09T22:50:02.414630,https://www.douyin.com/video/7607587735985048870,video_detail,https://www.douyin.com/video/7607587735985048870,,200,2026-05-09T22:50:02.414630,,10,,,none,low
20260509_212100,2026-05-09T22:50:04.794073,https://www.douyin.com/video/7607601909549026600,video_detail,https://www.douyin.com/video/7607601909549026600,,200,2026-05-09T22:50:04.794073,,89,1,network_response_33,exact,high
20260509_212100,2026-05-09T22:50:29.647054,https://www.douyin.com/video/7607668528891677995,video_detail,https://www.douyin.com/video/7607668528891677995,,200,2026-05-09T22:50:29.647054,,44,,network_response_35,exact,high
20260509_212100,2026-05-09T22:50:35.525566,https://www.douyin.com/video/7607668915158721657,video_detail,https://www.douyin.com/video/7607668915158721657,,200,2026-05-09T22:50:35.525566,,79,1,network_response_64,exact,high
20260509_212100,2026-05-09T22:50:42.162559,https://www.douyin.com/video/7607672638223236529,video_detail,https://www.douyin.com/video/7607672638223236529,,200,2026-05-09T22:50:42.162559,,19,,network_response_18,exact,high
20260509_212100,2026-05-09T22:50:44.835081,https://www.douyin.com/video/7607692247135472934,video_detail,https://www.douyin.com/video/7607692247135472934,,200,2026-05-09T22:50:44.835081,,15,,,none,low
20260509_212100,2026-05-09T22:50:46.893531,https://www.douyin.com/video/7607692253804839284,video_detail,https://www.douyin.com/video/7607692253804839284,,200,2026-05-09T22:50:46.893531,,75,1,network_response_63,exact,high
20260509_212100,2026-05-09T22:50:53.867546,https://www.douyin.com/video/7607699287614622372,video_detail,https://www.douyin.com/video/7607699287614622372,,200,2026-05-09T22:50:53.867546,,79,1,network_response_68,exact,high
20260509_212100,2026-05-09T22:51:07.625747,https://www.douyin.com/video/7607711219013194175,video_detail,https://www.douyin.com/video/7607711219013194175,,200,2026-05-09T22:51:07.625747,,28,,network_response_27,exact,high
20260509_212100,2026-05-09T22:51:11.454709,https://www.douyin.com/video/7607724626927570176,video_detail,https://www.douyin.com/video/7607724626927570176,,200,2026-05-09T22:51:11.454709,,27,,,none,low
20260509_212100,2026-05-09T22:51:13.642063,https://www.douyin.com/video/7607726283342105896,video_detail,https://www.douyin.com/video/7607726283342105896,,200,2026-05-09T22:51:13.642063,,72,1,network_response_58,exact,high
20260509_212100,2026-05-09T22:51:20.891908,https://www.douyin.com/video/7607732449753222450,video_detail,https://www.douyin.com/video/7607732449753222450,,200,2026-05-09T22:51:20.891908,,85,1,network_response_65,exact,high
20260509_212100,2026-05-09T22:51:36.613196,https://www.douyin.com/video/7607739517923242831,video_detail,https://www.douyin.com/video/7607739517923242831,,200,2026-05-09T22:51:36.613196,,38,,,none,low
20260509_212100,2026-05-09T22:51:42.069109,https://www.douyin.com/video/7607742080462425395,video_detail,https://www.douyin.com/video/7607742080462425395,,200,2026-05-09T22:51:42.069109,,75,1,network_response_63,exact,high
20260509_212100,2026-05-09T22:51:49.870030,https://www.douyin.com/video/7607748177952918819,video_detail,https://www.douyin.com/video/7607748177952918819,,200,2026-05-09T22:51:49.870030,,69,1,network_response_67,exact,high
20260509_212100,2026-05-09T22:51:58.899592,https://www.douyin.com/video/7607748984727260467,video_detail,https://www.douyin.com/video/7607748984727260467,,200,2026-05-09T22:51:58.899592,,26,,,none,low
20260509_212100,2026-05-09T22:52:01.305544,https://www.douyin.com/video/7607766821898292490,video_detail,https://www.douyin.com/video/7607766821898292490,,200,2026-05-09T22:52:01.305544,,77,1,network_response_71,exact,high
20260509_212100,2026-05-09T22:52:08.927898,https://www.douyin.com/video/7607768090113330442,video_detail,https://www.douyin.com/video/7607768090113330442,,200,2026-05-09T22:52:08.927898,,17,,,none,low
20260509_212100,2026-05-09T22:52:11.132095,https://www.douyin.com/video/7607775313866673460,video_detail,https://www.douyin.com/video/7607775313866673460,,200,2026-05-09T22:52:11.132095,,24,,,none,low
20260509_212100,2026-05-09T22:52:13.314147,https://www.douyin.com/video/7607790913686965546,video_detail,https://www.douyin.com/video/7607790913686965546,,200,2026-05-09T22:52:13.314147,,25,,,none,low
20260509_212100,2026-05-09T22:52:15.385242,https://www.douyin.com/video/7607795496917153018,video_detail,https://www.douyin.com/video/7607795496917153018,,200,2026-05-09T22:52:15.385242,,27,,,none,low
20260509_212100,2026-05-09T22:52:17.525047,https://www.douyin.com/video/7607800876350389113,video_detail,https://www.douyin.com/video/7607800876350389113,,200,2026-05-09T22:52:17.525047,,27,,,none,low
20260509_212100,2026-05-09T22:52:20.994952,https://www.douyin.com/video/7607801625654136116,video_detail,https://www.douyin.com/video/7607801625654136116,,200,2026-05-09T22:52:20.994952,,44,,network_response_34,exact,high
20260509_212100,2026-05-09T22:52:26.596601,https://www.douyin.com/video/7607803372799905064,video_detail,https://www.douyin.com/video/7607803372799905064,,200,2026-05-09T22:52:26.596601,,28,,network_response_11,exact,high
20260509_212100,2026-05-09T22:52:30.358486,https://www.douyin.com/video/7607810340427975972,video_detail,https://www.douyin.com/video/7607810340427975972,,200,2026-05-09T22:52:30.358486,,77,1,network_response_64,exact,high
20260509_212100,2026-05-09T22:52:37.252803,https://www.douyin.com/video/7607810462327131443,video_detail,https://www.douyin.com/video/7607810462327131443,,200,2026-05-09T22:52:37.252803,,82,1,network_response_74,exact,high
20260509_212100,2026-05-09T22:52:51.692437,https://www.douyin.com/video/7607811451033554210,video_detail,https://www.douyin.com/video/7607811451033554210,,200,2026-05-09T22:52:51.692437,,21,,,none,low
20260509_212100,2026-05-09T22:52:55.791496,https://www.douyin.com/video/7607812323348139305,video_detail,https://www.douyin.com/video/7607812323348139305,,200,2026-05-09T22:52:55.791496,,27,,network_response_26,exact,high
20260509_212100,2026-05-09T22:52:58.317424,https://www.douyin.com/video/7607819774106611323,video_detail,https://www.douyin.com/video/7607819774106611323,,200,2026-05-09T22:52:58.317424,,71,1,network_response_57,exact,high
20260509_212100,2026-05-09T22:53:04.907644,https://www.douyin.com/video/7607828877499714277,video_detail,https://www.douyin.com/video/7607828877499714277,,200,2026-05-09T22:53:04.907644,,76,1,network_response_68,exact,high
20260509_212100,2026-05-09T22:53:11.775946,https://www.douyin.com/video/7607832764989270373,video_detail,https://www.douyin.com/video/7607832764989270373,,200,2026-05-09T22:53:11.775946,,19,,,none,low
20260509_212100,2026-05-09T22:53:15.041562,https://www.douyin.com/video/7607846832681289659,video_detail,https://www.douyin.com/video/7607846832681289659,,200,2026-05-09T22:53:15.041562,,26,,,none,low
20260509_212100,2026-05-09T22:53:18.403648,https://www.douyin.com/video/7607858944899435816,video_detail,https://www.douyin.com/video/7607858944899435816,,200,2026-05-09T22:53:18.403648,,43,,network_response_33,exact,high
20260509_212100,2026-05-09T22:53:23.851434,https://www.douyin.com/video/7607863577131578020,video_detail,https://www.douyin.com/video/7607863577131578020,,200,2026-05-09T22:53:23.851434,,29,,network_response_25,exact,high
20260509_212100,2026-05-09T22:53:26.751620,https://www.douyin.com/video/7607868171072048435,video_detail,https://www.douyin.com/video/7607868171072048435,,200,2026-05-09T22:53:26.751620,,27,,,none,low
20260509_212100,2026-05-09T22:53:28.872731,https://www.douyin.com/video/7607883846809378801,video_detail,https://www.douyin.com/video/7607883846809378801,,200,2026-05-09T22:53:28.872731,,26,,,none,low
20260509_212100,2026-05-09T22:53:30.971801,https://www.douyin.com/video/7607884317389811947,video_detail,https://www.douyin.com/video/7607884317389811947,,200,2026-05-09T22:53:30.971801,,75,1,network_response_68,exact,high
20260509_212100,2026-05-09T22:53:39.160194,https://www.douyin.com/video/7607965474080558378,video_detail,https://www.douyin.com/video/7607965474080558378,,200,2026-05-09T22:53:39.160194,,85,1,network_response_73,exact,high
20260509_212100,2026-05-09T22:53:53.086702,https://www.douyin.com/video/7607972221948573439,video_detail,https://www.douyin.com/video/7607972221948573439,,200,2026-05-09T22:53:53.086702,,25,,,none,low
20260509_212100,2026-05-09T22:53:56.880835,https://www.douyin.com/video/7608010032399027492,video_detail,https://www.douyin.com/video/7608010032399027492,,200,2026-05-09T22:53:56.880835,,27,,network_response_26,exact,high
20260509_212100,2026-05-09T22:53:59.524115,https://www.douyin.com/video/7608016477077261602,video_detail,https://www.douyin.com/video/7608016477077261602,,200,2026-05-09T22:53:59.524115,,25,,,none,low
20260509_212100,2026-05-09T22:54:01.603160,https://www.douyin.com/video/7608019175772048649,video_detail,https://www.douyin.com/video/7608019175772048649,,200,2026-05-09T22:54:01.603160,,27,,network_response_26,exact,high
20260509_212100,2026-05-09T22:54:05.191483,https://www.douyin.com/video/7608026438750489892,video_detail,https://www.douyin.com/video/7608026438750489892,,200,2026-05-09T22:54:05.191483,,44,,network_response_29,exact,high
20260509_212100,2026-05-09T22:54:10.932586,https://www.douyin.com/video/7608053654871887144,video_detail,https://www.douyin.com/video/7608053654871887144,,200,2026-05-09T22:54:10.932586,,9,,,none,low
20260509_212100,2026-05-09T22:54:12.956083,https://www.douyin.com/video/7608076915013946659,video_detail,https://www.douyin.com/video/7608076915013946659,,200,2026-05-09T22:54:12.956083,,27,,,none,low
20260509_212100,2026-05-09T22:54:15.297193,https://www.douyin.com/video/7608079954768673129,video_detail,https://www.douyin.com/video/7608079954768673129,,200,2026-05-09T22:54:15.297193,,27,,,none,low
20260509_212100,2026-05-09T22:54:18.448176,https://www.douyin.com/video/7608088138846717873,video_detail,https://www.douyin.com/video/7608088138846717873,,200,2026-05-09T22:54:18.448176,,72,1,network_response_31,exact,high
20260509_212100,2026-05-09T22:54:25.246028,https://www.douyin.com/video/7608093659036175667,video_detail,https://www.douyin.com/video/7608093659036175667,,200,2026-05-09T22:54:25.246028,,76,1,network_response_33,exact,high
20260509_212100,2026-05-09T22:54:38.987988,https://www.douyin.com/video/7608097202153475328,video_detail,https://www.douyin.com/video/7608097202153475328,,200,2026-05-09T22:54:38.987988,,72,1,network_response_31,exact,high
20260509_212100,2026-05-09T22:54:47.615803,https://www.douyin.com/video/7608126852103753000,video_detail,https://www.douyin.com/video/7608126852103753000,,200,2026-05-09T22:54:47.615803,,78,1,network_response_32,exact,high
20260509_212100,2026-05-09T22:55:01.584511,https://www.douyin.com/video/7608127467353591103,video_detail,https://www.douyin.com/video/7608127467353591103,,200,2026-05-09T22:55:01.584511,,68,1,network_response_31,exact,high
20260509_212100,2026-05-09T22:55:09.629073,https://www.douyin.com/video/7608130340364057171,video_detail,https://www.douyin.com/video/7608130340364057171,,200,2026-05-09T22:55:09.629073,,82,1,network_response_33,exact,high
20260509_212100,2026-05-09T22:55:24.359325,https://www.douyin.com/video/7608136711474782649,video_detail,https://www.douyin.com/video/7608136711474782649,,200,2026-05-09T22:55:24.359325,,42,,network_response_34,exact,high
20260509_212100,2026-05-09T22:55:30.397513,https://www.douyin.com/video/7608140184538728443,video_detail,https://www.douyin.com/video/7608140184538728443,,200,2026-05-09T22:55:30.397513,,28,,,none,low
20260509_212100,2026-05-09T22:55:32.783830,https://www.douyin.com/video/7608142992549245928,video_detail,https://www.douyin.com/video/7608142992549245928,,200,2026-05-09T22:55:32.783830,,17,,,none,low
20260509_212100,2026-05-09T22:55:34.868870,https://www.douyin.com/video/7608143203951415973,video_detail,https://www.douyin.com/video/7608143203951415973,,200,2026-05-09T22:55:34.868870,,73,1,network_response_70,exact,high
20260509_212100,2026-05-09T22:55:41.730701,https://www.douyin.com/video/7608145177290476841,video_detail,https://www.douyin.com/video/7608145177290476841,,200,2026-05-09T22:55:41.730701,,26,,,none,low
20260509_212100,2026-05-09T22:55:44.636536,https://www.douyin.com/video/7608149316523412777,video_detail,https://www.douyin.com/video/7608149316523412777,,200,2026-05-09T22:55:44.636536,,78,1,network_response_29,exact,high
20260509_212100,2026-05-09T22:55:54.260066,https://www.douyin.com/video/7608158902592899914,video_detail,https://www.douyin.com/video/7608158902592899914,,200,2026-05-09T22:55:54.260066,,25,,,none,low
20260509_212100,2026-05-09T22:55:57.197328,https://www.douyin.com/video/7608161050651487476,video_detail,https://www.douyin.com/video/7608161050651487476,,200,2026-05-09T22:55:57.197328,,29,,network_response_23,exact,high
20260509_212100,2026-05-09T22:55:59.798043,https://www.douyin.com/video/7608161124324205993,video_detail,https://www.douyin.com/video/7608161124324205993,,200,2026-05-09T22:55:59.798043,,79,1,network_response_71,exact,high
20260509_212100,2026-05-09T22:56:06.686252,https://www.douyin.com/video/7608164506237291812,video_detail,https://www.douyin.com/video/7608164506237291812,,200,2026-05-09T22:56:06.686252,,14,,,none,low
20260509_212100,2026-05-09T22:56:10.859771,https://www.douyin.com/video/7608172670064226658,video_detail,https://www.douyin.com/video/7608172670064226658,,200,2026-05-09T22:56:10.859771,,34,,,none,low
20260509_212100,2026-05-09T22:56:15.940197,https://www.douyin.com/video/7608175123066435210,video_detail,https://www.douyin.com/video/7608175123066435210,,200,2026-05-09T22:56:15.940197,,89,1,network_response_78,exact,high
20260509_212100,2026-05-09T22:56:25.494818,https://www.douyin.com/video/7608175621836234161,video_detail,https://www.douyin.com/video/7608175621836234161,,200,2026-05-09T22:56:25.494818,,70,1,network_response_57,exact,high
20260509_212100,2026-05-09T22:56:32.938231,https://www.douyin.com/video/7608180911763341419,video_detail,https://www.douyin.com/video/7608180911763341419,,200,2026-05-09T22:56:32.938231,,71,1,network_response_67,exact,high
20260509_212100,2026-05-09T22:56:40.398539,https://www.douyin.com/video/7608188088065609001,video_detail,https://www.douyin.com/video/7608188088065609001,,200,2026-05-09T22:56:40.398539,,28,,network_response_26,exact,high
20260509_212100,2026-05-09T22:56:43.947491,https://www.douyin.com/video/7608189820883504430,video_detail,https://www.douyin.com/video/7608189820883504430,,200,2026-05-09T22:56:43.947491,,8,,,none,low
20260509_212100,2026-05-09T22:56:45.836967,https://www.douyin.com/video/7608200993600457317,video_detail,https://www.douyin.com/video/7608200993600457317,,200,2026-05-09T22:56:45.836967,,71,1,network_response_60,exact,high
20260509_212100,2026-05-09T22:56:53.538339,https://www.douyin.com/video/7608201347386007464,video_detail,https://www.douyin.com/video/7608201347386007464,,200,2026-05-09T22:56:53.538339,,26,,,none,low
20260509_212100,2026-05-09T22:56:57.463635,https://www.douyin.com/video/7608201389763857715,video_detail,https://www.douyin.com/video/7608201389763857715,,200,2026-05-09T22:56:57.463635,,76,1,network_response_75,exact,high
20260509_212100,2026-05-09T22:57:05.123056,https://www.douyin.com/video/7608216289194616817,video_detail,https://www.douyin.com/video/7608216289194616817,,200,2026-05-09T22:57:05.123056,,13,,,none,low
20260509_212100,2026-05-09T22:57:08.276931,https://www.douyin.com/video/7608217690154568979,video_detail,https://www.douyin.com/video/7608217690154568979,,200,2026-05-09T22:57:08.276931,,33,,network_response_29,exact,high
20260509_212100,2026-05-09T22:57:13.569851,https://www.douyin.com/video/7608225203646221622,video_detail,https://www.douyin.com/video/7608225203646221622,,200,2026-05-09T22:57:13.569851,,22,,,none,low
20260509_212100,2026-05-09T22:57:15.821137,https://www.douyin.com/video/7608233817375712689,video_detail,https://www.douyin.com/video/7608233817375712689,,200,2026-05-09T22:57:15.821137,,13,,,none,low
20260509_212100,2026-05-09T22:57:18.095752,https://www.douyin.com/video/7608236791132327187,video_detail,https://www.douyin.com/video/7608236791132327187,,200,2026-05-09T22:57:18.095752,,26,,,none,low
20260509_212100,2026-05-09T22:57:20.607522,https://www.douyin.com/video/7608241824624827257,video_detail,https://www.douyin.com/video/7608241824624827257,,200,2026-05-09T22:57:20.607522,,83,1,network_response_76,exact,high
20260509_212100,2026-05-09T22:57:29.244145,https://www.douyin.com/video/7608263983452586609,video_detail,https://www.douyin.com/video/7608263983452586609,,200,2026-05-09T22:57:29.244145,,27,,,none,low
20260509_212100,2026-05-09T22:57:32.583122,https://www.douyin.com/video/7608279583091133696,video_detail,https://www.douyin.com/video/7608279583091133696,,200,2026-05-09T22:57:32.583122,,15,,,none,low
20260509_212100,2026-05-09T22:57:34.948909,https://www.douyin.com/video/7608326202629796517,video_detail,https://www.douyin.com/video/7608326202629796517,,200,2026-05-09T22:57:34.948909,,69,1,network_response_58,exact,high
20260509_212100,2026-05-09T22:57:41.790508,https://www.douyin.com/video/7608356842376581361,video_detail,https://www.douyin.com/video/7608356842376581361,,200,2026-05-09T22:57:41.790508,,26,,,none,low
20260509_212100,2026-05-09T22:57:44.383953,https://www.douyin.com/video/7608368026291920335,video_detail,https://www.douyin.com/video/7608368026291920335,,200,2026-05-09T22:57:44.383953,,68,1,network_response_56,exact,high
20260509_212100,2026-05-09T22:57:52.345620,https://www.douyin.com/video/7608374101903772968,video_detail,https://www.douyin.com/video/7608374101903772968,,200,2026-05-09T22:57:52.345620,,33,,network_response_30,exact,high
20260509_212100,2026-05-09T22:57:56.812656,https://www.douyin.com/video/7608387207289127099,video_detail,https://www.douyin.com/video/7608387207289127099,,200,2026-05-09T22:57:56.812656,,25,,,none,low
20260509_212100,2026-05-09T22:57:59.101674,https://www.douyin.com/video/7608396217576558479,video_detail,https://www.douyin.com/video/7608396217576558479,,200,2026-05-09T22:57:59.101674,,83,1,network_response_78,exact,high
20260509_212100,2026-05-09T22:58:06.468206,https://www.douyin.com/video/7608413163126150137,video_detail,https://www.douyin.com/video/7608413163126150137,,200,2026-05-09T22:58:06.468206,,81,1,network_response_32,exact,high
20260509_212100,2026-05-09T22:58:21.396018,https://www.douyin.com/video/7608415338648128777,video_detail,https://www.douyin.com/video/7608415338648128777,,200,2026-05-09T22:58:21.396018,,71,1,network_response_43,exact,high
20260509_212100,2026-05-09T22:58:31.029083,https://www.douyin.com/video/7608416022781005107,video_detail,https://www.douyin.com/video/7608416022781005107,,200,2026-05-09T22:58:31.029083,,58,1,network_response_55,exact,high
20260509_212100,2026-05-09T22:58:38.029695,https://www.douyin.com/video/7608419019595171441,video_detail,https://www.douyin.com/video/7608419019595171441,,200,2026-05-09T22:58:38.029695,,26,,,none,low
20260509_212100,2026-05-09T22:58:40.971911,https://www.douyin.com/video/7608420622221782129,video_detail,https://www.douyin.com/video/7608420622221782129,,200,2026-05-09T22:58:40.971911,,27,,network_response_25,exact,high
20260509_212100,2026-05-09T22:58:43.437208,https://www.douyin.com/video/7608436855016574260,video_detail,https://www.douyin.com/video/7608436855016574260,,200,2026-05-09T22:58:43.437208,,12,,,none,low
20260509_212100,2026-05-09T22:58:45.691501,https://www.douyin.com/video/7608440424969485233,video_detail,https://www.douyin.com/video/7608440424969485233,,200,2026-05-09T22:58:45.691501,,28,,network_response_27,exact,high
20260509_212100,2026-05-09T22:58:49.155667,https://www.douyin.com/video/7608460845298814214,video_detail,https://www.douyin.com/video/7608460845298814214,,200,2026-05-09T22:58:49.155667,,43,,network_response_33,exact,high
20260509_212100,2026-05-09T22:58:55.574211,https://www.douyin.com/video/7608462661235379499,video_detail,https://www.douyin.com/video/7608462661235379499,,200,2026-05-09T22:58:55.574211,,87,1,network_response_74,exact,high
20260509_212100,2026-05-09T22:59:09.025272,https://www.douyin.com/video/7608468119216427362,video_detail,https://www.douyin.com/video/7608468119216427362,,200,2026-05-09T22:59:09.025272,,27,,,none,low
20260509_212100,2026-05-09T22:59:13.094600,https://www.douyin.com/video/7608474882602470699,video_detail,https://www.douyin.com/video/7608474882602470699,,200,2026-05-09T22:59:13.094600,,70,1,network_response_58,exact,high
20260509_212100,2026-05-09T22:59:19.495308,https://www.douyin.com/video/7608479724943265066,video_detail,https://www.douyin.com/video/7608479724943265066,,200,2026-05-09T22:59:19.495308,,26,,,none,low
20260509_212100,2026-05-09T22:59:22.400761,https://www.douyin.com/video/7608487505469508890,video_detail,https://www.douyin.com/video/7608487505469508890,,200,2026-05-09T22:59:22.400761,,25,,,none,low
20260509_212100,2026-05-09T22:59:24.446051,https://www.douyin.com/video/7608493576032380083,video_detail,https://www.douyin.com/video/7608493576032380083,,200,2026-05-09T22:59:24.446051,,72,1,network_response_66,exact,high
20260509_212100,2026-05-09T22:59:30.569516,https://www.douyin.com/video/7608496076403821870,video_detail,https://www.douyin.com/video/7608496076403821870,,200,2026-05-09T22:59:30.569516,,24,,,none,low
20260509_212100,2026-05-09T22:59:32.600981,https://www.douyin.com/video/7608499607560431817,video_detail,https://www.douyin.com/video/7608499607560431817,,200,2026-05-09T22:59:32.600981,,66,1,network_response_62,exact,high
20260509_212100,2026-05-09T22:59:37.564139,https://www.douyin.com/video/7608500111580171566,video_detail,https://www.douyin.com/video/7608500111580171566,,200,2026-05-09T22:59:37.564139,,17,,,none,low
20260509_212100,2026-05-09T22:59:40.843296,https://www.douyin.com/video/7608500912520236307,video_detail,https://www.douyin.com/video/7608500912520236307,,200,2026-05-09T22:59:40.843296,,33,,network_response_30,exact,high
20260509_212100,2026-05-09T22:59:45.518499,https://www.douyin.com/video/7608502472471467246,video_detail,https://www.douyin.com/video/7608502472471467246,,200,2026-05-09T22:59:45.518499,,26,,,none,low
20260509_212100,2026-05-09T22:59:47.499611,https://www.douyin.com/video/7608507754059682489,video_detail,https://www.douyin.com/video/7608507754059682489,,200,2026-05-09T22:59:47.499611,,61,1,network_response_59,exact,high
20260509_212100,2026-05-09T22:59:54.040849,https://www.douyin.com/video/7608508092510283378,video_detail,https://www.douyin.com/video/7608508092510283378,,200,2026-05-09T22:59:54.040849,,52,1,network_response_30,exact,high
20260509_212100,2026-05-09T22:59:58.769510,https://www.douyin.com/video/7608508828979678505,video_detail,https://www.douyin.com/video/7608508828979678505,,200,2026-05-09T22:59:58.769510,,27,,,none,low
20260509_212100,2026-05-09T23:00:00.807018,https://www.douyin.com/video/7608513432496770350,video_detail,https://www.douyin.com/video/7608513432496770350,,200,2026-05-09T23:00:00.807018,,28,,network_response_26,exact,high
20260509_212100,2026-05-09T23:00:03.223201,https://www.douyin.com/video/7608514239482010491,video_detail,https://www.douyin.com/video/7608514239482010491,,200,2026-05-09T23:00:03.223201,,26,,,none,low
20260509_212100,2026-05-09T23:00:05.241397,https://www.douyin.com/video/7608516704481578276,video_detail,https://www.douyin.com/video/7608516704481578276,,200,2026-05-09T23:00:05.241397,,71,1,network_response_52,exact,high
20260509_212100,2026-05-09T23:00:11.983164,https://www.douyin.com/video/7608518748621802762,video_detail,https://www.douyin.com/video/7608518748621802762,,200,2026-05-09T23:00:11.983164,,91,1,network_response_61,exact,high
20260509_212100,2026-05-09T23:00:26.547424,https://www.douyin.com/video/7608519619872567110,video_detail,https://www.douyin.com/video/7608519619872567110,,200,2026-05-09T23:00:26.547424,,27,,,none,low
20260509_212100,2026-05-09T23:00:31.383479,https://www.douyin.com/video/7608520355707190961,video_detail,https://www.douyin.com/video/7608520355707190961,,200,2026-05-09T23:00:31.383479,,44,,network_response_31,exact,high
20260509_212100,2026-05-09T23:00:36.921224,https://www.douyin.com/video/7608523841056427264,video_detail,https://www.douyin.com/video/7608523841056427264,,200,2026-05-09T23:00:36.921224,,86,1,network_response_75,exact,high
20260509_212100,2026-05-09T23:00:44.395987,https://www.douyin.com/video/7608527521180601652,video_detail,https://www.douyin.com/video/7608527521180601652,,200,2026-05-09T23:00:44.395987,,72,1,network_response_33,exact,high
20260509_212100,2026-05-09T23:00:51.018691,https://www.douyin.com/video/7608527639725216357,video_detail,https://www.douyin.com/video/7608527639725216357,,200,2026-05-09T23:00:51.018691,,84,1,network_response_77,exact,high
20260509_212100,2026-05-09T23:01:05.229386,https://www.douyin.com/video/7608553810880990514,video_detail,https://www.douyin.com/video/7608553810880990514,,200,2026-05-09T23:01:05.229386,,66,1,,none,low
20260509_212100,2026-05-09T23:01:11.785150,https://www.douyin.com/video/7608556161473793321,video_detail,https://www.douyin.com/video/7608556161473793321,,200,2026-05-09T23:01:11.785150,,73,1,network_response_28,exact,high
20260509_212100,2026-05-09T23:01:18.858612,https://www.douyin.com/video/7608562332779760896,video_detail,https://www.douyin.com/video/7608562332779760896,,200,2026-05-09T23:01:18.858612,,27,,,none,low
20260509_212100,2026-05-09T23:01:21.636774,https://www.douyin.com/video/7608567338077572371,video_detail,https://www.douyin.com/video/7608567338077572371,,200,2026-05-09T23:01:21.636774,,71,1,network_response_31,exact,high
20260509_212100,2026-05-09T23:01:27.400949,https://www.douyin.com/video/7608582158329218993,video_detail,https://www.douyin.com/video/7608582158329218993,,200,2026-05-09T23:01:27.400949,,85,1,network_response_71,exact,high
20260509_212100,2026-05-09T23:01:41.805236,https://www.douyin.com/video/7608582602789752074,video_detail,https://www.douyin.com/video/7608582602789752074,,200,2026-05-09T23:01:41.805236,,70,1,network_response_31,exact,high
20260509_212100,2026-05-09T23:01:53.126362,https://www.douyin.com/video/7608596024134798611,video_detail,https://www.douyin.com/video/7608596024134798611,,200,2026-05-09T23:01:53.126362,,32,,network_response_29,exact,high
20260509_212100,2026-05-09T23:01:58.394110,https://www.douyin.com/video/7608597516090740009,video_detail,https://www.douyin.com/video/7608597516090740009,,200,2026-05-09T23:01:58.394110,,33,,network_response_30,exact,high
20260509_212100,2026-05-09T23:02:02.964448,https://www.douyin.com/video/7608600072049134867,video_detail,https://www.douyin.com/video/7608600072049134867,,200,2026-05-09T23:02:02.964448,,74,1,network_response_26,exact,high
20260509_212100,2026-05-09T23:02:11.252837,https://www.douyin.com/video/7608606336431579889,video_detail,https://www.douyin.com/video/7608606336431579889,,200,2026-05-09T23:02:11.252837,,28,,network_response_27,exact,high
20260509_212100,2026-05-09T23:02:14.868337,https://www.douyin.com/video/7608608513292716645,video_detail,https://www.douyin.com/video/7608608513292716645,,200,2026-05-09T23:02:14.868337,,28,,network_response_26,exact,high
20260509_212100,2026-05-09T23:02:17.538220,https://www.douyin.com/video/7608611815190203691,video_detail,https://www.douyin.com/video/7608611815190203691,,200,2026-05-09T23:02:17.538220,,26,,,none,low
20260509_212100,2026-05-09T23:02:19.920135,https://www.douyin.com/video/7608697894925352954,video_detail,https://www.douyin.com/video/7608697894925352954,,200,2026-05-09T23:02:19.920135,,20,,,none,low
20260509_212100,2026-05-09T23:02:21.956870,https://www.douyin.com/video/7608723840827906660,video_detail,https://www.douyin.com/video/7608723840827906660,,200,2026-05-09T23:02:21.956870,,27,,network_response_26,exact,high
20260509_212100,2026-05-09T23:02:24.883226,https://www.douyin.com/video/7608752850202436337,video_detail,https://www.douyin.com/video/7608752850202436337,,200,2026-05-09T23:02:24.883226,,72,1,network_response_27,exact,high
20260509_212100,2026-05-09T23:02:32.891283,https://www.douyin.com/video/7608767886521388288,video_detail,https://www.douyin.com/video/7608767886521388288,,200,2026-05-09T23:02:32.891283,,26,,,none,low
20260509_212100,2026-05-09T23:02:37.166067,https://www.douyin.com/video/7608769632790433087,video_detail,https://www.douyin.com/video/7608769632790433087,,200,2026-05-09T23:02:37.166067,,43,,network_response_33,exact,high
20260509_212100,2026-05-09T23:02:43.339727,https://www.douyin.com/video/7608770837176593763,video_detail,https://www.douyin.com/video/7608770837176593763,,200,2026-05-09T23:02:43.339727,,28,,network_response_26,exact,high
20260509_212100,2026-05-09T23:02:45.933541,https://www.douyin.com/video/7608773568385981305,video_detail,https://www.douyin.com/video/7608773568385981305,,200,2026-05-09T23:02:45.933541,,70,1,network_response_31,exact,high
20260509_212100,2026-05-09T23:02:53.493509,https://www.douyin.com/video/7608779907829793721,video_detail,https://www.douyin.com/video/7608779907829793721,,200,2026-05-09T23:02:53.493509,,26,,,none,low
20260509_212100,2026-05-09T23:02:56.708072,https://www.douyin.com/video/7608780141396888841,video_detail,https://www.douyin.com/video/7608780141396888841,,200,2026-05-09T23:02:56.708072,,74,1,network_response_34,exact,high
20260509_212100,2026-05-09T23:03:03.333050,https://www.douyin.com/video/7608780766516156587,video_detail,https://www.douyin.com/video/7608780766516156587,,200,2026-05-09T23:03:03.333050,,27,,,none,low
20260509_212100,2026-05-09T23:03:06.668794,https://www.douyin.com/video/7608782137458223985,video_detail,https://www.douyin.com/video/7608782137458223985,,200,2026-05-09T23:03:06.668794,,27,,,none,low
20260509_212100,2026-05-09T23:03:09.058187,https://www.douyin.com/video/7608785177396940068,video_detail,https://www.douyin.com/video/7608785177396940068,,200,2026-05-09T23:03:09.058187,,73,1,network_response_31,exact,high
20260509_212100,2026-05-09T23:03:16.917373,https://www.douyin.com/video/7608787484507458854,video_detail,https://www.douyin.com/video/7608787484507458854,,200,2026-05-09T23:03:16.917373,,68,1,network_response_31,exact,high
20260509_212100,2026-05-09T23:03:23.350975,https://www.douyin.com/video/7608790607493860662,video_detail,https://www.douyin.com/video/7608790607493860662,,200,2026-05-09T23:03:23.350975,,26,,,none,low
20260509_212100,2026-05-09T23:03:27.747767,https://www.douyin.com/video/7608799328011123699,video_detail,https://www.douyin.com/video/7608799328011123699,,200,2026-05-09T23:03:27.747767,,39,,network_response_34,exact,high
20260509_212100,2026-05-09T23:03:33.430831,https://www.douyin.com/video/7608819623450816436,video_detail,https://www.douyin.com/video/7608819623450816436,,200,2026-05-09T23:03:33.430831,,25,,,none,low
20260509_212100,2026-05-09T23:03:35.451195,https://www.douyin.com/video/7608823093695368498,video_detail,https://www.douyin.com/video/7608823093695368498,,200,2026-05-09T23:03:35.451195,,25,,,none,low
20260509_212100,2026-05-09T23:03:37.395660,https://www.douyin.com/video/7608826291739842907,video_detail,https://www.douyin.com/video/7608826291739842907,,200,2026-05-09T23:03:37.395660,,76,1,network_response_32,exact,high
20260509_212100,2026-05-09T23:03:44.780694,https://www.douyin.com/video/7608835196514864436,video_detail,https://www.douyin.com/video/7608835196514864436,,200,2026-05-09T23:03:44.780694,,32,,network_response_26,exact,high
20260509_212100,2026-05-09T23:03:50.182369,https://www.douyin.com/video/7608845034426780971,video_detail,https://www.douyin.com/video/7608845034426780971,,200,2026-05-09T23:03:50.182369,,80,1,network_response_27,exact,high
20260509_212100,2026-05-09T23:03:58.313909,https://www.douyin.com/video/7608856066558151872,video_detail,https://www.douyin.com/video/7608856066558151872,,200,2026-05-09T23:03:58.313909,,27,,,none,low
20260509_212100,2026-05-09T23:04:02.133212,https://www.douyin.com/video/7608863932044180334,video_detail,https://www.douyin.com/video/7608863932044180334,,200,2026-05-09T23:04:02.133212,,26,,,none,low
20260509_212100,2026-05-09T23:04:04.294246,https://www.douyin.com/video/7608864649169494116,video_detail,https://www.douyin.com/video/7608864649169494116,,200,2026-05-09T23:04:04.294246,,27,,,none,low
20260509_212100,2026-05-09T23:04:06.520606,https://www.douyin.com/video/7608876142858226987,video_detail,https://www.douyin.com/video/7608876142858226987,,200,2026-05-09T23:04:06.520606,,28,,network_response_27,exact,high
20260509_212100,2026-05-09T23:04:10.097982,https://www.douyin.com/video/7608877640129749169,video_detail,https://www.douyin.com/video/7608877640129749169,,200,2026-05-09T23:04:10.097982,,38,,network_response_37,exact,high
20260509_212100,2026-05-09T23:04:14.988426,https://www.douyin.com/video/7608878818496924934,video_detail,https://www.douyin.com/video/7608878818496924934,,200,2026-05-09T23:04:14.988426,,23,,,none,low
20260509_212100,2026-05-09T23:04:17.123024,https://www.douyin.com/video/7608879036118338854,video_detail,https://www.douyin.com/video/7608879036118338854,,200,2026-05-09T23:04:17.123024,,77,1,network_response_72,exact,high
20260509_212100,2026-05-09T23:04:24.747467,https://www.douyin.com/video/7608879240592012977,video_detail,https://www.douyin.com/video/7608879240592012977,,200,2026-05-09T23:04:24.747467,,17,,,none,low
20260509_212100,2026-05-09T23:04:26.985446,https://www.douyin.com/video/7608887833092312329,video_detail,https://www.douyin.com/video/7608887833092312329,,200,2026-05-09T23:04:26.985446,,26,,,none,low
20260509_212100,2026-05-09T23:04:29.837242,https://www.douyin.com/video/7608888915899173531,video_detail,https://www.douyin.com/video/7608888915899173531,,200,2026-05-09T23:04:29.837242,,13,,,none,low
20260509_212100,2026-05-09T23:04:32.079995,https://www.douyin.com/video/7608891922815388954,video_detail,https://www.douyin.com/video/7608891922815388954,,200,2026-05-09T23:04:32.079995,,73,1,network_response_61,exact,high
20260509_212100,2026-05-09T23:04:39.551507,https://www.douyin.com/video/7608896614271291237,video_detail,https://www.douyin.com/video/7608896614271291237,,200,2026-05-09T23:04:39.551507,,27,,,none,low
20260509_212100,2026-05-09T23:04:41.762476,https://www.douyin.com/video/7608897541765221678,video_detail,https://www.douyin.com/video/7608897541765221678,,200,2026-05-09T23:04:41.762476,,28,,network_response_27,exact,high
20260509_212100,2026-05-09T23:04:44.386824,https://www.douyin.com/video/7608897972226526505,video_detail,https://www.douyin.com/video/7608897972226526505,,200,2026-05-09T23:04:44.386824,,27,,,none,low
20260509_212100,2026-05-09T23:04:47.670392,https://www.douyin.com/video/7608900298522890850,video_detail,https://www.douyin.com/video/7608900298522890850,,200,2026-05-09T23:04:47.670392,,41,,network_response_36,exact,high
20260509_212100,2026-05-09T23:04:53.247717,https://www.douyin.com/video/7608904928903433535,video_detail,https://www.douyin.com/video/7608904928903433535,,200,2026-05-09T23:04:53.247717,,19,,,none,low
20260509_212100,2026-05-09T23:04:55.528961,https://www.douyin.com/video/7608909969203865329,video_detail,https://www.douyin.com/video/7608909969203865329,,200,2026-05-09T23:04:55.528961,,81,1,network_response_66,exact,high
20260509_212100,2026-05-09T23:05:02.768191,https://www.douyin.com/video/7608909971468944714,video_detail,https://www.douyin.com/video/7608909971468944714,,200,2026-05-09T23:05:02.768191,,23,,,none,low
20260509_212100,2026-05-09T23:05:04.900638,https://www.douyin.com/video/7608911796371492134,video_detail,https://www.douyin.com/video/7608911796371492134,,200,2026-05-09T23:05:04.900638,,73,1,network_response_64,exact,high
20260509_212100,2026-05-09T23:05:11.556809,https://www.douyin.com/video/7608917773196743080,video_detail,https://www.douyin.com/video/7608917773196743080,,200,2026-05-09T23:05:11.556809,,81,1,network_response_64,exact,high
20260509_212100,2026-05-09T23:05:19.042116,https://www.douyin.com/video/7608918247442287857,video_detail,https://www.douyin.com/video/7608918247442287857,,200,2026-05-09T23:05:19.042116,,29,,network_response_28,exact,high
20260509_212100,2026-05-09T23:05:22.275779,https://www.douyin.com/video/7608918978237757873,video_detail,https://www.douyin.com/video/7608918978237757873,,200,2026-05-09T23:05:22.275779,,28,,,none,low
20260509_212100,2026-05-09T23:05:24.655675,https://www.douyin.com/video/7608919829953484651,video_detail,https://www.douyin.com/video/7608919829953484651,,200,2026-05-09T23:05:24.655675,,75,1,network_response_56,exact,high
20260509_212100,2026-05-09T23:05:31.815410,https://www.douyin.com/video/7608923265087638820,video_detail,https://www.douyin.com/video/7608923265087638820,,200,2026-05-09T23:05:31.815410,,28,,,none,low
20260509_212100,2026-05-09T23:05:35.292835,https://www.douyin.com/video/7608923773831622134,video_detail,https://www.douyin.com/video/7608923773831622134,,200,2026-05-09T23:05:35.292835,,38,,,none,low
20260509_212100,2026-05-09T23:05:40.581293,https://www.douyin.com/video/7608925428576734490,video_detail,https://www.douyin.com/video/7608925428576734490,,200,2026-05-09T23:05:40.581293,,29,,network_response_14,exact,high
20260509_212100,2026-05-09T23:05:44.210359,https://www.douyin.com/video/7608926978552384814,video_detail,https://www.douyin.com/video/7608926978552384814,,200,2026-05-09T23:05:44.210359,,60,1,network_response_27,exact,high
20260509_212100,2026-05-09T23:05:51.919736,https://www.douyin.com/video/7608934350918865386,video_detail,https://www.douyin.com/video/7608934350918865386,,200,2026-05-09T23:05:51.919736,,86,1,network_response_40,exact,high
20260509_212100,2026-05-09T23:06:06.067096,https://www.douyin.com/video/7608936055114435874,video_detail,https://www.douyin.com/video/7608936055114435874,,200,2026-05-09T23:06:06.067096,,68,1,network_response_31,exact,high
20260509_212100,2026-05-09T23:06:13.908442,https://www.douyin.com/video/7608936175051932315,video_detail,https://www.douyin.com/video/7608936175051932315,,200,2026-05-09T23:06:13.908442,,12,,,none,low
20260509_212100,2026-05-09T23:06:16.156934,https://www.douyin.com/video/7608940233421311295,video_detail,https://www.douyin.com/video/7608940233421311295,,200,2026-05-09T23:06:16.156934,,12,,,none,low
20260509_212100,2026-05-09T23:06:18.246556,https://www.douyin.com/video/7608942470914903331,video_detail,https://www.douyin.com/video/7608942470914903331,,200,2026-05-09T23:06:18.246556,,13,,,none,low
20260509_212100,2026-05-09T23:06:20.377676,https://www.douyin.com/video/7608948330852584562,video_detail,https://www.douyin.com/video/7608948330852584562,,200,2026-05-09T23:06:20.377676,,72,1,network_response_31,exact,high
20260509_212100,2026-05-09T23:06:27.287784,https://www.douyin.com/video/7608952338556696698,video_detail,https://www.douyin.com/video/7608952338556696698,,200,2026-05-09T23:06:27.287784,,66,1,,none,low
20260509_212100,2026-05-09T23:06:36.208222,https://www.douyin.com/video/7608953451225107739,video_detail,https://www.douyin.com/video/7608953451225107739,,200,2026-05-09T23:06:36.208222,,39,,network_response_28,exact,high
20260509_212100,2026-05-09T23:06:42.029628,https://www.douyin.com/video/7608955208701463835,video_detail,https://www.douyin.com/video/7608955208701463835,,200,2026-05-09T23:06:42.029628,,74,1,network_response_61,exact,high
20260509_212100,2026-05-09T23:06:49.649257,https://www.douyin.com/video/7608967274339787386,video_detail,https://www.douyin.com/video/7608967274339787386,,200,2026-05-09T23:06:49.649257,,66,1,network_response_32,exact,high
20260509_212100,2026-05-09T23:06:57.320365,https://www.douyin.com/video/7608971017733688582,video_detail,https://www.douyin.com/video/7608971017733688582,,200,2026-05-09T23:06:57.320365,,17,,,none,low
20260509_212100,2026-05-09T23:06:59.589431,https://www.douyin.com/video/7608971859098422578,video_detail,https://www.douyin.com/video/7608971859098422578,,200,2026-05-09T23:06:59.589431,,29,,,none,low
20260509_212100,2026-05-09T23:07:02.189764,https://www.douyin.com/video/7608975361203850515,video_detail,https://www.douyin.com/video/7608975361203850515,,200,2026-05-09T23:07:02.189764,,64,1,network_response_32,exact,high
20260509_212100,2026-05-09T23:07:08.339880,https://www.douyin.com/video/7608978915763162394,video_detail,https://www.douyin.com/video/7608978915763162394,,200,2026-05-09T23:07:08.339880,,14,,,none,low
20260509_212100,2026-05-09T23:07:10.533842,https://www.douyin.com/video/7608979223819455219,video_detail,https://www.douyin.com/video/7608979223819455219,,200,2026-05-09T23:07:10.533842,,64,1,network_response_34,exact,high
20260509_212100,2026-05-09T23:07:16.859683,https://www.douyin.com/video/7608997327084244267,video_detail,https://www.douyin.com/video/7608997327084244267,,200,2026-05-09T23:07:16.859683,,74,1,network_response_65,exact,high
20260509_212100,2026-05-09T23:07:25.435399,https://www.douyin.com/video/7609060309503888646,video_detail,https://www.douyin.com/video/7609060309503888646,,200,2026-05-09T23:07:25.435399,,20,,,none,low
20260509_212100,2026-05-09T23:07:28.751164,https://www.douyin.com/video/7609064878027902271,video_detail,https://www.douyin.com/video/7609064878027902271,,200,2026-05-09T23:07:28.751164,,36,,,none,low
20260509_212100,2026-05-09T23:07:34.490370,https://www.douyin.com/video/7609088968348934470,video_detail,https://www.douyin.com/video/7609088968348934470,,200,2026-05-09T23:07:34.490370,,61,1,,none,low
20260509_212100,2026-05-09T23:07:43.137755,https://www.douyin.com/video/7609116387638669753,video_detail,https://www.douyin.com/video/7609116387638669753,,200,2026-05-09T23:07:43.137755,,21,,network_response_20,exact,high
20260509_212100,2026-05-09T23:07:47.361812,https://www.douyin.com/video/7609118089883685233,video_detail,https://www.douyin.com/video/7609118089883685233,,200,2026-05-09T23:07:47.361812,,16,,,none,low
20260509_212100,2026-05-09T23:07:49.387757,https://www.douyin.com/video/7609130898299217777,video_detail,https://www.douyin.com/video/7609130898299217777,,200,2026-05-09T23:07:49.387757,,79,1,network_response_76,exact,high
20260509_212100,2026-05-09T23:07:57.028130,https://www.douyin.com/video/7609131611975585064,video_detail,https://www.douyin.com/video/7609131611975585064,,200,2026-05-09T23:07:57.028130,,12,,,none,low
20260509_212100,2026-05-09T23:07:59.681670,https://www.douyin.com/video/7609147312274754843,video_detail,https://www.douyin.com/video/7609147312274754843,,200,2026-05-09T23:07:59.681670,,17,,,none,low
20260509_212100,2026-05-09T23:08:01.735148,https://www.douyin.com/video/7609147610754059529,video_detail,https://www.douyin.com/video/7609147610754059529,,200,2026-05-09T23:08:01.735148,,71,1,network_response_57,exact,high
20260509_212100,2026-05-09T23:08:08.210324,https://www.douyin.com/video/7609148983239697337,video_detail,https://www.douyin.com/video/7609148983239697337,,200,2026-05-09T23:08:08.210324,,14,,,none,low
20260509_212100,2026-05-09T23:08:10.084713,https://www.douyin.com/video/7609151749651205410,video_detail,https://www.douyin.com/video/7609151749651205410,,200,2026-05-09T23:08:10.084713,,28,,network_response_26,exact,high
20260509_212100,2026-05-09T23:08:14.113329,https://www.douyin.com/video/7609153202914676020,video_detail,https://www.douyin.com/video/7609153202914676020,,200,2026-05-09T23:08:14.113329,,38,,network_response_35,exact,high
20260509_212100,2026-05-09T23:08:19.903391,https://www.douyin.com/video/7609156010996960531,video_detail,https://www.douyin.com/video/7609156010996960531,,200,2026-05-09T23:08:19.903391,,77,1,network_response_72,exact,high
20260509_212100,2026-05-09T23:08:28.241439,https://www.douyin.com/video/7609163109764173066,video_detail,https://www.douyin.com/video/7609163109764173066,,200,2026-05-09T23:08:28.241439,,24,,,none,low
20260509_212100,2026-05-09T23:08:30.580841,https://www.douyin.com/video/7609166869585916607,video_detail,https://www.douyin.com/video/7609166869585916607,,200,2026-05-09T23:08:30.580841,,28,,,none,low
20260509_212100,2026-05-09T23:08:33.479441,https://www.douyin.com/video/7609175152714748078,video_detail,https://www.douyin.com/video/7609175152714748078,,200,2026-05-09T23:08:33.479441,,20,,,none,low
20260509_212100,2026-05-09T23:08:36.062660,https://www.douyin.com/video/7609175744144526592,video_detail,https://www.douyin.com/video/7609175744144526592,,200,2026-05-09T23:08:36.062660,,12,1,,none,low
20260509_212100,2026-05-09T23:08:39.200044,https://www.douyin.com/video/7609180256843509156,video_detail,https://www.douyin.com/video/7609180256843509156,,200,2026-05-09T23:08:39.200044,,27,,network_response_15,exact,high
20260509_212100,2026-05-09T23:08:42.246534,https://www.douyin.com/video/7609181647744830761,video_detail,https://www.douyin.com/video/7609181647744830761,,200,2026-05-09T23:08:42.246534,,75,1,network_response_27,exact,high
20260509_212100,2026-05-09T23:08:51.159422,https://www.douyin.com/video/7609182689301070513,video_detail,https://www.douyin.com/video/7609182689301070513,,200,2026-05-09T23:08:51.159422,,84,1,network_response_71,exact,high
20260509_212100,2026-05-09T23:09:05.229892,https://www.douyin.com/video/7609196928894618895,video_detail,https://www.douyin.com/video/7609196928894618895,,200,2026-05-09T23:09:05.229892,,28,,network_response_26,exact,high
20260509_212100,2026-05-09T23:09:11.273714,https://www.douyin.com/video/7609197481221524770,video_detail,https://www.douyin.com/video/7609197481221524770,,200,2026-05-09T23:09:11.273714,,45,,network_response_36,exact,high
20260509_212100,2026-05-09T23:09:18.818347,https://www.douyin.com/video/7609206320315574783,video_detail,https://www.douyin.com/video/7609206320315574783,,200,2026-05-09T23:09:18.818347,,74,1,network_response_28,exact,high
20260509_212100,2026-05-09T23:09:27.795053,https://www.douyin.com/video/7609207732381914033,video_detail,https://www.douyin.com/video/7609207732381914033,,200,2026-05-09T23:09:27.795053,,80,1,network_response_70,exact,high
20260509_212100,2026-05-09T23:09:42.337580,https://www.douyin.com/video/7609208483157990309,video_detail,https://www.douyin.com/video/7609208483157990309,,200,2026-05-09T23:09:42.337580,,83,1,network_response_27,exact,high
20260509_212100,2026-05-09T23:09:56.670133,https://www.douyin.com/video/7609216180854852902,video_detail,https://www.douyin.com/video/7609216180854852902,,200,2026-05-09T23:09:56.670133,,28,,,none,low
20260509_212100,2026-05-09T23:10:00.959582,https://www.douyin.com/video/7609218203612384566,video_detail,https://www.douyin.com/video/7609218203612384566,,200,2026-05-09T23:10:00.959582,,75,1,network_response_31,exact,high
20260509_212100,2026-05-09T23:10:09.632527,https://www.douyin.com/video/7609220598820484570,video_detail,https://www.douyin.com/video/7609220598820484570,,200,2026-05-09T23:10:09.632527,,67,1,network_response_51,exact,high
20260509_212100,2026-05-09T23:10:16.434407,https://www.douyin.com/video/7609222261405861978,video_detail,https://www.douyin.com/video/7609222261405861978,,200,2026-05-09T23:10:16.434407,,28,,,none,low
20260509_212100,2026-05-09T23:10:19.990438,https://www.douyin.com/video/7609222616229940526,video_detail,https://www.douyin.com/video/7609222616229940526,,200,2026-05-09T23:10:19.990438,,28,,network_response_27,exact,high
20260509_212100,2026-05-09T23:10:23.477297,https://www.douyin.com/video/7609229616628368825,video_detail,https://www.douyin.com/video/7609229616628368825,,200,2026-05-09T23:10:23.477297,,71,1,network_response_30,exact,high
