video_id,crawl_time,cover_uri,cover_url_list,cover_width,cover_height,origin_cover_uri,origin_cover_url_list,origin_cover_width,origin_cover_height,dynamic_cover_uri,dynamic_cover_url_list,dynamic_cover_width,dynamic_cover_height,video_width,video_height,video_format,video_ratio,is_h265,is_long_video,has_watermark,bit_rate_raw,big_thumbs_raw,video_meta_raw
7609234531203206446,2026-05-10 18:09:35.907411,image-cut-tos-priv/e1bc01cc4698cea5a150d4c2fe7101b2,"[""https://p3-pc-sign.douyinpic.com/obj/c8510002be9a3a61aad2?lk3s=138a59ce&x-expires=1779616800&x-signature=CVOHhEzpGVD%2FDZykxYNOx6i5iD0%3D&from=327834062""]",,,tos-cn-p-0015/o4FvmIawGIIrOBQK6lmt8AqiBZklaAbtivvPZ,"[""tos-cn-p-0015/o4FvmIawGIIrOBQK6lmt8AqiBZklaAbtivvPZ""]",640,360,tos-cn-i-dy/629f26b58f9e4f08a586511c6c595600,"[""tos-cn-i-dy/629f26b58f9e4f08a586511c6c595600""]",720,720,720,720,,,,,,,,
7609237272457710911,2026-05-10 18:09:46.960114,image-cut-tos-priv/15b19d99f4a3071f3eb0b10ddb371dde,"[""https://p3-pc-sign.douyinpic.com/obj/c8510002be9a3a61aad2?lk3s=138a59ce&x-expires=1779616800&x-signature=CVOHhEzpGVD%2FDZykxYNOx6i5iD0%3D&from=327834062""]",,,tos-cn-p-0015/ow2c9AeeEMQBQ470B1AAQILI8CDlyTywGfBtCp,"[""tos-cn-p-0015/ow2c9AeeEMQBQ470B1AAQILI8CDlyTywGfBtCp""]",640,360,tos-cn-i-dy/54c3007eb326437a95b280506ddb58ca,"[""tos-cn-i-dy/54c3007eb326437a95b280506ddb58ca""]",720,720,720,720,,,,,,,,
7609247736906452234,2026-05-10 18:10:01.658900,image-cut-tos-priv/3419585ac3ef8a37e65fafc993c74b91,"[""https://p9-pc-sign.douyinpic.com/obj/c8510002be9a3a61aad2?lk3s=138a59ce&x-expires=1779616800&x-signature=gw1NPbrtEB1OKGLee4yRrhASt4E%3D&from=327834062""]",,,tos-cn-p-0015/oAmGIBALgQa3U7AAPuBML3QuyeenGeaCEv0Tdy,"[""tos-cn-p-0015/oAmGIBALgQa3U7AAPuBML3QuyeenGeaCEv0Tdy""]",640,360,tos-cn-i-dy/d16b755f84284543a238c389a0634c27,"[""tos-cn-i-dy/d16b755f84284543a238c389a0634c27""]",720,720,720,720,,,,,,,,
7609249318403748281,2026-05-10 18:10:19.450284,image-cut-tos-priv/2a3b48af660e33277e8c373603021570,"[""https://p3-pc-sign.douyinpic.com/obj/c8510002be9a3a61aad2?lk3s=138a59ce&x-expires=1779616800&x-signature=CVOHhEzpGVD%2FDZykxYNOx6i5iD0%3D&from=327834062""]",,,tos-cn-p-0015c000-ce/oYxi9pL8fABMDRDZAfXyvWQwSF9VXmOgnnEQEU,"[""tos-cn-p-0015c000-ce/oYxi9pL8fABMDRDZAfXyvWQwSF9VXmOgnnEQEU""]",360,640,tos-cn-p-0015c000-ce/oYpGLMlseHEBiJelgKneIeoz47yGMgAivmPtAf,"[""tos-cn-p-0015c000-ce/oYpGLMlseHEBiJelgKneIeoz47yGMgAivmPtAf""]",720,720,720,720,,,,,,,,
7609253689307450666,2026-05-10 18:10:34.969579,image-cut-tos-priv/1df9620f995fd6c722c82b616281b6ee,"[""https://p3-pc-sign.douyinpic.com/obj/c8510002be9a3a61aad2?lk3s=138a59ce&x-expires=1779616800&x-signature=CVOHhEzpGVD%2FDZykxYNOx6i5iD0%3D&from=327834062""]",,,tos-cn-p-0015/osCAeJBQiUL9zgZYYeKQABnAJ6MIICBPg0LOJi,"[""tos-cn-p-0015/osCAeJBQiUL9zgZYYeKQABnAJ6MIICBPg0LOJi""]",480,360,tos-cn-i-dy/8c9646303b50411aa03539f0ca062dd8,"[""tos-cn-i-dy/8c9646303b50411aa03539f0ca062dd8""]",720,720,720,720,,,,,,,,
7609256965910983089,2026-05-10 18:10:49.467392,image-cut-tos-priv/ca6cc04fb0713779fa0b90e65a674503,"[""https://p3-pc-sign.douyinpic.com/obj/c8510002be9a3a61aad2?lk3s=138a59ce&x-expires=1779616800&x-signature=CVOHhEzpGVD%2FDZykxYNOx6i5iD0%3D&from=327834062""]",,,tos-cn-p-0015c000-ce/oI2nHauIPmMZiAji2AB2BBMP5BaDZWgGPI8bI,"[""tos-cn-p-0015c000-ce/oI2nHauIPmMZiAji2AB2BBMP5BaDZWgGPI8bI""]",640,360,tos-cn-i-0813c000-ce/ospzGpmJEWyYAFfE1AoIAwEAhaAmCYDvAQzf9x,"[""tos-cn-i-0813c000-ce/ospzGpmJEWyYAFfE1AoIAwEAhaAmCYDvAQzf9x""]",720,720,720,720,,,,,,,,
7609257947324068507,2026-05-10 18:11:07.476437,image-cut-tos-priv/5fe52e687e00ad70d4b7de37419ba426,"[""https://p3-pc-sign.douyinpic.com/obj/c8510002be9a3a61aad2?lk3s=138a59ce&x-expires=1779616800&x-signature=CVOHhEzpGVD%2FDZykxYNOx6i5iD0%3D&from=327834062""]",,,tos-cn-p-0015/o88xPiHdDBqQxAQzIaTZPHIBiAZiaIgETImKW,"[""tos-cn-p-0015/o88xPiHdDBqQxAQzIaTZPHIBiAZiaIgETImKW""]",641,360,tos-cn-i-0813c001/oQHzBf9kAi1NI8gaEA0giCOZEUeMAA5lCAnAuu,"[""tos-cn-i-0813c001/oQHzBf9kAi1NI8gaEA0giCOZEUeMAA5lCAnAuu""]",720,720,720,720,,,,,,,,
7609258186339812025,2026-05-10 18:11:21.165595,image-cut-tos-priv/e2b7e06b8df013b40cefcaa629474261,"[""https://p3-pc-sign.douyinpic.com/obj/c8510002be9a3a61aad2?lk3s=138a59ce&x-expires=1779616800&x-signature=CVOHhEzpGVD%2FDZykxYNOx6i5iD0%3D&from=327834062""]",,,tos-cn-p-0015c000-ce/os0KIZvAABiQLwW2KhDBfiA2HEoAzInYeMzwyC,"[""tos-cn-p-0015c000-ce/os0KIZvAABiQLwW2KhDBfiA2HEoAzInYeMzwyC""]",360,803,tos-cn-p-0015c000-ce/oIIdVeB07zZhHiLI2KCBAwEAovEfAzYcwIHniM,"[""tos-cn-p-0015c000-ce/oIIdVeB07zZhHiLI2KCBAwEAovEfAzYcwIHniM""]",720,720,720,720,,,,,,,,
7609258400518452465,2026-05-10 18:11:36.025523,image-cut-tos-priv/fd1088ef62af10677768ad11143e8fd7,"[""https://p3-pc-sign.douyinpic.com/obj/c8510002be9a3a61aad2?lk3s=138a59ce&x-expires=1779616800&x-signature=CVOHhEzpGVD%2FDZykxYNOx6i5iD0%3D&from=327834062""]",,,tos-cn-p-0015c000-ce/okG8gX7WADS2vMfGQihTfHHeetQDZmPgACGZQE,"[""tos-cn-p-0015c000-ce/okG8gX7WADS2vMfGQihTfHHeetQDZmPgACGZQE""]",640,360,tos-cn-i-0813c000-ce/o0GQEo6H5DADh5AmAYFfE9pACAGw3CGmIifEZE,"[""tos-cn-i-0813c000-ce/o0GQEo6H5DADh5AmAYFfE9pACAGw3CGmIifEZE""]",720,720,720,720,,,,,,,,
7609263711907342778,2026-05-10 18:11:49.643434,,,,,,,,,,,,,300,318,,,,,,,,
7609264892156276328,2026-05-10 18:11:56.429521,image-cut-tos-priv/81e1fde333b8249a36848ac01f548926,"[""https://p3-pc-sign.douyinpic.com/obj/c8510002be9a3a61aad2?lk3s=138a59ce&x-expires=1779616800&x-signature=CVOHhEzpGVD%2FDZykxYNOx6i5iD0%3D&from=327834062""]",,,tos-cn-p-0015/oAkZ2AffDmIBGi9aASgZI7FExrXwcpZmDHAYBO,"[""tos-cn-p-0015/oAkZ2AffDmIBGi9aASgZI7FExrXwcpZmDHAYBO""]",360,640,tos-cn-i-0813c001/oUEmDIcQDxSoYCFsgEfDAnAApFX9ApAAv0C9fz,"[""tos-cn-i-0813c001/oUEmDIcQDxSoYCFsgEfDAnAApFX9ApAAv0C9fz""]",720,720,720,720,,,,,,,,
7609270477764201728,2026-05-10 18:12:04.035979,image-cut-tos-priv/0596f52c780bf92aca6863883f3c663c,"[""https://p3-pc-sign.douyinpic.com/obj/c8510002be9a3a61aad2?lk3s=138a59ce&x-expires=1779616800&x-signature=CVOHhEzpGVD%2FDZykxYNOx6i5iD0%3D&from=327834062""]",,,tos-cn-p-0015/o4Kz9pNNExYYAFOcjCDQpgAHdaAmBOD0AQff9Z,"[""tos-cn-p-0015/o4Kz9pNNExYYAFOcjCDQpgAHdaAmBOD0AQff9Z""]",640,360,tos-cn-i-dy/45d016e0c35246059dd8f14b01ef79d0,"[""tos-cn-i-dy/45d016e0c35246059dd8f14b01ef79d0""]",720,720,720,720,,,,,,,,
7609274603249615993,2026-05-10 18:12:12.580924,image-cut-tos-priv/5ec7f90ae3a82a10c15296d17c6dc103,"[""https://p3-pc-sign.douyinpic.com/obj/c8510002be9a3a61aad2?lk3s=138a59ce&x-expires=1779616800&x-signature=CVOHhEzpGVD%2FDZykxYNOx6i5iD0%3D&from=327834062""]",,,tos-cn-p-0015c000-ce/oI5xuIZ1POnCAAikiQ1I8ZbmMPAaBZSnv4ZSc,"[""tos-cn-p-0015c000-ce/oI5xuIZ1POnCAAikiQ1I8ZbmMPAaBZSnv4ZSc""]",480,360,tos-cn-i-0813c000-ce/o0Fw6ikxArLAZenp9jiCENpsvEIlEAFZACAmfD,"[""tos-cn-i-0813c000-ce/o0Fw6ikxArLAZenp9jiCENpsvEIlEAFZACAmfD""]",720,720,720,720,,,,,,,,
7609276716301581989,2026-05-10 18:12:18.401772,image-cut-tos-priv/78b36880ab50b1704c6a232e6d3c77f9,"[""https://p3-pc-sign.douyinpic.com/obj/c8510002be9a3a61aad2?lk3s=138a59ce&x-expires=1779616800&x-signature=CVOHhEzpGVD%2FDZykxYNOx6i5iD0%3D&from=327834062""]",,,tos-cn-p-0015c000-ce/osclAfB4DECpFOkAFZElZyIOmCeIMeYwsB9ATA,"[""tos-cn-p-0015c000-ce/osclAfB4DECpFOkAFZElZyIOmCeIMeYwsB9ATA""]",479,360,tos-cn-i-0813c000-ce/o4aAAyZCmyBMiN3EAUZpmh5pPZlIAPiMFnI3A,"[""tos-cn-i-0813c000-ce/o4aAAyZCmyBMiN3EAUZpmh5pPZlIAPiMFnI3A""]",720,720,720,720,,,,,,,,
7609282971559939370,2026-05-10 18:12:23.304793,image-cut-tos-priv/73aea4eaf0a96e2c822c0fdcf74ddd69,"[""https://p3-pc-sign.douyinpic.com/obj/c8510002be9a3a61aad2?lk3s=138a59ce&x-expires=1779616800&x-signature=CVOHhEzpGVD%2FDZykxYNOx6i5iD0%3D&from=327834062""]",,,tos-cn-p-0015/ocmAKBEZ2oD89mgDolxWFGZAffDAipIAmVIq4B,"[""tos-cn-p-0015/ocmAKBEZ2oD89mgDolxWFGZAffDAipIAmVIq4B""]",640,360,tos-cn-i-dy/3084dfceb0b142e1a8308d9471449756,"[""tos-cn-i-dy/3084dfceb0b142e1a8308d9471449756""]",720,720,720,720,,,,,,,,
7609284015854791814,2026-05-10 18:12:36.770498,image-cut-tos-priv/d1d952a91dad07db4578a859345acf24,"[""https://p3-pc-sign.douyinpic.com/obj/c8510002be9a3a61aad2?lk3s=138a59ce&x-expires=1779616800&x-signature=CVOHhEzpGVD%2FDZykxYNOx6i5iD0%3D&from=327834062""]",,,tos-cn-p-0015/o4ABzFGdrmWwDNmq9fsBZzApgDELAU2Qppf9Qc,"[""tos-cn-p-0015/o4ABzFGdrmWwDNmq9fsBZzApgDELAU2Qppf9Qc""]",640,360,tos-cn-i-0813c001/o8E7jfQzzETRAGDwEAfyFTAGAbIpvA6fBzMTNB,"[""tos-cn-i-0813c001/o8E7jfQzzETRAGDwEAfyFTAGAbIpvA6fBzMTNB""]",720,720,720,720,,,,,,,,
7609284301134183782,2026-05-10 18:12:42.961556,,,,,,,,,,,,,300,318,,,,,,,,
7609285197485689003,2026-05-10 18:12:48.794251,image-cut-tos-priv/ed288216851707ae07d702abaf9e8f2a,"[""https://p3-pc-sign.douyinpic.com/obj/c8510002be9a3a61aad2?lk3s=138a59ce&x-expires=1779616800&x-signature=CVOHhEzpGVD%2FDZykxYNOx6i5iD0%3D&from=327834062""]",,,tos-cn-p-0015/oUlZJrgtEEBQ1TypAcBSInIZfuAC2BACDDe9mF,"[""tos-cn-p-0015/oUlZJrgtEEBQ1TypAcBSInIZfuAC2BACDDe9mF""]",360,640,tos-cn-i-0813c001/o0ieCaIZ9CMKA2BHCgf8i6ACA5ELJAGIAMz0nA,"[""tos-cn-i-0813c001/o0ieCaIZ9CMKA2BHCgf8i6ACA5ELJAGIAMz0nA""]",720,720,720,720,,,,,,,,
7609288762858948337,2026-05-10 18:13:03.503649,image-cut-tos-priv/1a2cf7277ad3f67ac24a755629034dad,"[""https://p3-pc-sign.douyinpic.com/obj/c8510002be9a3a61aad2?lk3s=138a59ce&x-expires=1779616800&x-signature=CVOHhEzpGVD%2FDZykxYNOx6i5iD0%3D&from=327834062""]",,,tos-cn-p-0015c000-ce/okBaMm3DkGnCvA2L3PAAzXQThfMehZMDJ8pfec,"[""tos-cn-p-0015c000-ce/okBaMm3DkGnCvA2L3PAAzXQThfMehZMDJ8pfec""]",640,360,tos-cn-p-0015c000-ce/owQDTMB9rzfzBDayUHwJh9mAEkOfz4wQSgfF7P,"[""tos-cn-p-0015c000-ce/owQDTMB9rzfzBDayUHwJh9mAEkOfz4wQSgfF7P""]",720,720,720,720,,,,,,,,
7609293976624975145,2026-05-10 18:13:18.091220,image-cut-tos-priv/5054cc96c6191f464a9dff273c5ac16a,"[""https://p3-pc-sign.douyinpic.com/obj/c8510002be9a3a61aad2?lk3s=138a59ce&x-expires=1779616800&x-signature=CVOHhEzpGVD%2FDZykxYNOx6i5iD0%3D&from=327834062""]",,,tos-cn-p-0015/oMBoilaf9pEGaNAgBfDZ9SFaHSKmgAhIS6p0IA,"[""tos-cn-p-0015/oMBoilaf9pEGaNAgBfDZ9SFaHSKmgAhIS6p0IA""]",640,360,tos-cn-i-dy/09bd1a6f6de9409686b2772f05f88f07,"[""tos-cn-i-dy/09bd1a6f6de9409686b2772f05f88f07""]",720,720,720,720,,,,,,,,
7609301947010665780,2026-05-10 18:13:36.144555,image-cut-tos-priv/f62d72199d9f7e9cbdd1c7c49410490a,"[""https://p3-pc-sign.douyinpic.com/obj/c8510002be9a3a61aad2?lk3s=138a59ce&x-expires=1779616800&x-signature=CVOHhEzpGVD%2FDZykxYNOx6i5iD0%3D&from=327834062""]",,,tos-cn-p-0015/oEf9IAwhNeE9y97ZZdBSIWTrgAFQApAamlDN7E,"[""tos-cn-p-0015/oEf9IAwhNeE9y97ZZdBSIWTrgAFQApAamlDN7E""]",640,360,tos-cn-i-dy/37a7e7476c0b49c5a6094e21ffc1ae4a,"[""tos-cn-i-dy/37a7e7476c0b49c5a6094e21ffc1ae4a""]",720,720,720,720,,,,,,,,
7609302344068533567,2026-05-10 18:13:45.202268,image-cut-tos-priv/136fd1e7aa79c8bf89a40cbe5b77b61c,"[""https://p3-pc-sign.douyinpic.com/obj/c8510002be9a3a61aad2?lk3s=138a59ce&x-expires=1779616800&x-signature=CVOHhEzpGVD%2FDZykxYNOx6i5iD0%3D&from=327834062""]",,,tos-cn-p-0015/oM0HAcZieNmf9WqkrgBNOIlzIAI0F2BOJ3KAiB,"[""tos-cn-p-0015/oM0HAcZieNmf9WqkrgBNOIlzIAI0F2BOJ3KAiB""]",480,360,tos-cn-i-0629/oAubpAI2qADzgeAGEaCnCA3Z8DFoVm8E3AY7fA,"[""tos-cn-i-0629/oAubpAI2qADzgeAGEaCnCA3Z8DFoVm8E3AY7fA""]",720,720,720,720,,,,,,,,
7609303378321100084,2026-05-10 18:14:00.782155,image-cut-tos-priv/ce71674d3f4eebedf3f1bb33723a0512,"[""https://p9-pc-sign.douyinpic.com/obj/c8510002be9a3a61aad2?lk3s=138a59ce&x-expires=1779616800&x-signature=gw1NPbrtEB1OKGLee4yRrhASt4E%3D&from=327834062""]",,,tos-cn-p-0015/oQ3BT5XMtgMeR5EAMsKA80QbTmgm7afBEqf1tC,"[""tos-cn-p-0015/oQ3BT5XMtgMeR5EAMsKA80QbTmgm7afBEqf1tC""]",640,360,tos-cn-i-dy/be7c83ea9473417c837b2cb026fdb0e3,"[""tos-cn-i-dy/be7c83ea9473417c837b2cb026fdb0e3""]",720,720,720,720,,,,,,,,
7609307534905707811,2026-05-10 18:14:06.480154,image-cut-tos-priv/69ab16cfa97897732c27eabdf78a25f3,"[""https://p3-pc-sign.douyinpic.com/obj/c8510002be9a3a61aad2?lk3s=138a59ce&x-expires=1779616800&x-signature=CVOHhEzpGVD%2FDZykxYNOx6i5iD0%3D&from=327834062""]",,,tos-cn-p-0015/oIFDbU3pmArBAJYBEmBbO9sBDQZfIserA1dgID,"[""tos-cn-p-0015/oIFDbU3pmArBAJYBEmBbO9sBDQZfIserA1dgID""]",640,360,tos-cn-i-dy/55e8dbf5340b408b9ef2d62826948d49,"[""tos-cn-i-dy/55e8dbf5340b408b9ef2d62826948d49""]",720,720,720,720,,,,,,,,
7609321500864622450,2026-05-10 18:14:17.511365,image-cut-tos-priv/e58565ad487e05fa4aa753e5331c88c3,"[""https://p3-pc-sign.douyinpic.com/obj/c8510002be9a3a61aad2?lk3s=138a59ce&x-expires=1779616800&x-signature=CVOHhEzpGVD%2FDZykxYNOx6i5iD0%3D&from=327834062""]",,,tos-cn-p-0015/o08zICzDxDAavfQV7bF1A9pAWAqgBB3mImf7ZE,"[""tos-cn-p-0015/o08zICzDxDAavfQV7bF1A9pAWAqgBB3mImf7ZE""]",640,360,tos-cn-i-0813c001/ooBAvCizyEBDKxAA7dAgf6iS0ZIVe6bACAZNvC,"[""tos-cn-i-0813c001/ooBAvCizyEBDKxAA7dAgf6iS0ZIVe6bACAZNvC""]",720,720,720,720,,,,,,,,
7609330192552660264,2026-05-10 18:14:33.728220,image-cut-tos-priv/aaac1359c78751c4fc555dc22d2862bb,"[""https://p3-pc-sign.douyinpic.com/obj/c8510002be9a3a61aad2?lk3s=138a59ce&x-expires=1779616800&x-signature=CVOHhEzpGVD%2FDZykxYNOx6i5iD0%3D&from=327834062""]",,,tos-cn-p-0015/ooZatiANiwFKn85ZBICEa9xiIBbAmNthvQIhP,"[""tos-cn-p-0015/ooZatiANiwFKn85ZBICEa9xiIBbAmNthvQIhP""]",640,360,tos-cn-i-dy/593b5df2652c4983a56f47bc805b5df2,"[""tos-cn-i-dy/593b5df2652c4983a56f47bc805b5df2""]",720,720,720,720,,,,,,,,
7609331472114042843,2026-05-10 18:14:47.172809,image-cut-tos-priv/470b4c99153e2a345340b732611eb6e1,"[""https://p3-pc-sign.douyinpic.com/obj/c8510002be9a3a61aad2?lk3s=138a59ce&x-expires=1779616800&x-signature=CVOHhEzpGVD%2FDZykxYNOx6i5iD0%3D&from=327834062""]",,,tos-cn-p-0015/oIAFEAAFIIl3q9BgwhAmgMIcjfxaDfgBCtgpcZ,"[""tos-cn-p-0015/oIAFEAAFIIl3q9BgwhAmgMIcjfxaDfgBCtgpcZ""]",640,360,tos-cn-i-0813/ocAa0UEgCLAioiOxCler2zfiANB9ACAIGAq0jZ,"[""tos-cn-i-0813/ocAa0UEgCLAioiOxCler2zfiANB9ACAIGAq0jZ""]",720,720,720,720,,,,,,,,
7609338322171351717,2026-05-10 18:15:00.865473,image-cut-tos-priv/e290f4a1ae5ebb9dfe966426972dade4,"[""https://p3-pc-sign.douyinpic.com/obj/c8510002be9a3a61aad2?lk3s=138a59ce&x-expires=1779616800&x-signature=CVOHhEzpGVD%2FDZykxYNOx6i5iD0%3D&from=327834062""]",,,tos-cn-p-0015c000-ce/oojdzAZc5QCPfQQTMMW8JDgLfmfSl6Qz7qMjBx,"[""tos-cn-p-0015c000-ce/oojdzAZc5QCPfQQTMMW8JDgLfmfSl6Qz7qMjBx""]",360,640,tos-cn-p-0015c000-ce/oIGxOIRBlIzMxLmBfQ2eafoOZs79D7g5ZTI5AJ,"[""tos-cn-p-0015c000-ce/oIGxOIRBlIzMxLmBfQ2eafoOZs79D7g5ZTI5AJ""]",720,720,720,720,,,,,,,,
7609339199140990214,2026-05-10 18:15:12.423319,image-cut-tos-priv/617267a8c27c068e9ef5905ef9552474,"[""https://p3-pc-sign.douyinpic.com/obj/c8510002be9a3a61aad2?lk3s=138a59ce&x-expires=1779616800&x-signature=CVOHhEzpGVD%2FDZykxYNOx6i5iD0%3D&from=327834062""]",,,tos-cn-p-0015/ogoBQQFoeBDktYiZAHDAQtmq9hpgzBGADcEAfl,"[""tos-cn-p-0015/ogoBQQFoeBDktYiZAHDAQtmq9hpgzBGADcEAfl""]",640,360,tos-cn-i-dy/c84ea6f8111f480c94a9e621aabc263d,"[""tos-cn-i-dy/c84ea6f8111f480c94a9e621aabc263d""]",720,720,720,720,,,,,,,,
7609346232292543807,2026-05-10 18:15:26.976198,image-cut-tos-priv/c1fe01ccb161d2c1f45efce51c7bde6f,"[""https://p3-pc-sign.douyinpic.com/obj/c8510002be9a3a61aad2?lk3s=138a59ce&x-expires=1779616800&x-signature=CVOHhEzpGVD%2FDZykxYNOx6i5iD0%3D&from=327834062""]",,,tos-cn-p-0015/oYGveIdBLQ1MdLjBfa9e6XOZn1asC7AcZTQ5AB,"[""tos-cn-p-0015/oYGveIdBLQ1MdLjBfa9e6XOZn1asC7AcZTQ5AB""]",778,360,tos-cn-i-dy/f8acf8c986da4fcb8cd1b556990ed15c,"[""tos-cn-i-dy/f8acf8c986da4fcb8cd1b556990ed15c""]",720,720,720,720,,,,,,,,
7609348530687184164,2026-05-10 18:15:43.909655,image-cut-tos-priv/929ad0c01c295a74d27e93fb4f67548e,"[""https://p3-pc-sign.douyinpic.com/obj/c8510002be9a3a61aad2?lk3s=138a59ce&x-expires=1779616800&x-signature=CVOHhEzpGVD%2FDZykxYNOx6i5iD0%3D&from=327834062""]",,,tos-cn-p-0015/o0QxWxZZ6uAQBI3cuGvAa1slPiIiHiAI1TnJx,"[""tos-cn-p-0015/o0QxWxZZ6uAQBI3cuGvAa1slPiIiHiAI1TnJx""]",640,360,tos-cn-i-dy/b175ca9fe24a42b482b0cb7773e5a839,"[""tos-cn-i-dy/b175ca9fe24a42b482b0cb7773e5a839""]",720,720,720,720,,,,,,,,
7609357409513535909,2026-05-10 18:15:51.526281,image-cut-tos-priv/e54d89ac901a13fd3fba40801b07f03a,"[""https://p3-pc-sign.douyinpic.com/obj/c8510002be9a3a61aad2?lk3s=138a59ce&x-expires=1779616800&x-signature=CVOHhEzpGVD%2FDZykxYNOx6i5iD0%3D&from=327834062""]",,,tos-cn-p-0015c000-ce/o82nImo9xA9demDsEcwFJmkHIf3xpgEBwBy1ZA,"[""tos-cn-p-0015c000-ce/o82nImo9xA9demDsEcwFJmkHIf3xpgEBwBy1ZA""]",640,360,tos-cn-i-0813c000-ce/oofL3OhozCEiTANEAI1A2AAPg78wk0a6BAeZiC,"[""tos-cn-i-0813c000-ce/oofL3OhozCEiTANEAI1A2AAPg78wk0a6BAeZiC""]",720,720,720,720,,,,,,,,
7609360049735027995,2026-05-10 18:16:04.683287,image-cut-tos-priv/4f77b602397e500ca00583b65d08709d,"[""https://p3-pc-sign.douyinpic.com/obj/c8510002be9a3a61aad2?lk3s=138a59ce&x-expires=1779616800&x-signature=CVOHhEzpGVD%2FDZykxYNOx6i5iD0%3D&from=327834062""]",,,tos-cn-p-0015/owCDXk6IEKgAIWFgplJAr4dfJze9BMAmZIAGcq,"[""tos-cn-p-0015/owCDXk6IEKgAIWFgplJAr4dfJze9BMAmZIAGcq""]",576,360,tos-cn-i-dy/d306b0463eea48a28f79cd5eae80be68,"[""tos-cn-i-dy/d306b0463eea48a28f79cd5eae80be68""]",720,720,720,720,,,,,,,,
7609375627342318902,2026-05-10 18:16:15.231818,image-cut-tos-priv/1a1fa80646d810c56d387454ee92a150,"[""https://p9-pc-sign.douyinpic.com/obj/c8510002be9a3a61aad2?lk3s=138a59ce&x-expires=1779616800&x-signature=gw1NPbrtEB1OKGLee4yRrhASt4E%3D&from=327834062""]",,,tos-cn-p-0015/oQ0BofeziAP7D0BQDq7EAPCG3BMFQeTSTmxpj0,"[""tos-cn-p-0015/oQ0BofeziAP7D0BQDq7EAPCG3BMFQeTSTmxpj0""]",640,360,tos-cn-i-dy/b817d4707a3a4c58a5e795ebfcfe7d3c,"[""tos-cn-i-dy/b817d4707a3a4c58a5e795ebfcfe7d3c""]",720,720,720,720,,,,,,,,
7609406177427885322,2026-05-10 18:16:30.195551,image-cut-tos-priv/dac94ff790052af30b9173f86df44074,"[""https://p3-pc-sign.douyinpic.com/obj/c8510002be9a3a61aad2?lk3s=138a59ce&x-expires=1779616800&x-signature=CVOHhEzpGVD%2FDZykxYNOx6i5iD0%3D&from=327834062""]",,,tos-cn-p-0015/o8QD0Lm58ELxCKGTQeVXX0BAIfFHeZrfUM8A2x,"[""tos-cn-p-0015/o8QD0Lm58ELxCKGTQeVXX0BAIfFHeZrfUM8A2x""]",360,640,tos-cn-i-dy/2a0b78ef67a94cc688c68fa904ff861f,"[""tos-cn-i-dy/2a0b78ef67a94cc688c68fa904ff861f""]",720,720,720,720,,,,,,,,
7609434785257196834,2026-05-10 18:16:42.565336,image-cut-tos-priv/a5de234ec6f4dcbdbe6acbdba81e873e,"[""https://p3-pc-sign.douyinpic.com/obj/c8510002be9a3a61aad2?lk3s=138a59ce&x-expires=1779616800&x-signature=CVOHhEzpGVD%2FDZykxYNOx6i5iD0%3D&from=327834062""]",,,tos-cn-p-0015/oczPffBuQIQQdGTCEJmDaGhEaQUQIFXeAAgLe2,"[""tos-cn-p-0015/oczPffBuQIQQdGTCEJmDaGhEaQUQIFXeAAgLe2""]",360,640,tos-cn-i-dy/b1540c9291be427781ffb9563721139b,"[""tos-cn-i-dy/b1540c9291be427781ffb9563721139b""]",720,720,720,720,,,,,,,,
7609459905250037001,2026-05-10 18:16:52.614839,,,,,,,,,,,,,300,318,,,,,,,,
7609491802986384678,2026-05-10 18:16:55.196751,image-cut-tos-priv/0f5c09aa8141138875c323e1769fbb1f,"[""https://p3-pc-sign.douyinpic.com/obj/c8510002be9a3a61aad2?lk3s=138a59ce&x-expires=1779616800&x-signature=CVOHhEzpGVD%2FDZykxYNOx6i5iD0%3D&from=327834062""]",,,tos-cn-p-0015/oYgIgNmIHkSWAupkPFlMAUE2aDzMfSAe9BBdaD,"[""tos-cn-p-0015/oYgIgNmIHkSWAupkPFlMAUE2aDzMfSAe9BBdaD""]",640,360,tos-cn-i-dy/dcc28ae9ede8408791365041818e94b9,"[""tos-cn-i-dy/dcc28ae9ede8408791365041818e94b9""]",720,720,720,720,,,,,,,,
7609496106027863338,2026-05-10 18:17:03.959688,,,,,,,,,,,,,300,318,,,,,,,,
7609517967953138865,2026-05-10 18:17:07.541165,,,,,,,,,,,,,300,318,,,,,,,,
7609519430296423732,2026-05-10 18:17:11.736620,image-cut-tos-priv/469b6470324b2a5cf3ec8b25e6bf0ce7,"[""https://p3-pc-sign.douyinpic.com/obj/c8510002be9a3a61aad2?lk3s=138a59ce&x-expires=1779616800&x-signature=CVOHhEzpGVD%2FDZykxYNOx6i5iD0%3D&from=327834062""]",,,tos-cn-p-0015/oMCtLBCDpBckJIfFEoomrAIIAAKafmkgS9InS0,"[""tos-cn-p-0015/oMCtLBCDpBckJIfFEoomrAIIAAKafmkgS9InS0""]",640,360,tos-cn-i-dy/bd5fc1df1e4648038c4e5cfb52a3ccd5,"[""tos-cn-i-dy/bd5fc1df1e4648038c4e5cfb52a3ccd5""]",720,720,720,720,,,,,,,,
7609525882880904467,2026-05-10 18:17:18.357034,image-cut-tos-priv/04673eb9b85cbfcf936f922168a41c06,"[""https://p3-pc-sign.douyinpic.com/obj/c8510002be9a3a61aad2?lk3s=138a59ce&x-expires=1779616800&x-signature=CVOHhEzpGVD%2FDZykxYNOx6i5iD0%3D&from=327834062""]",,,tos-cn-p-0015/oABqe3QAGkALIIO7Mk7rXNe2l0GDBCsQfE2TF0,"[""tos-cn-p-0015/oABqe3QAGkALIIO7Mk7rXNe2l0GDBCsQfE2TF0""]",640,360,tos-cn-i-dy/9e52bd26d78d49ac80eaea6c6cc4e2ee,"[""tos-cn-i-dy/9e52bd26d78d49ac80eaea6c6cc4e2ee""]",720,720,720,720,,,,,,,,
7609532257409174803,2026-05-10 18:17:29.896642,,,,,,,,,,,,,300,318,,,,,,,,
7609533554220977414,2026-05-10 18:17:34.072105,image-cut-tos-priv/90ea35e560fde827aab1847956a52d7f,"[""https://p3-pc-sign.douyinpic.com/obj/c8510002be9a3a61aad2?lk3s=138a59ce&x-expires=1779616800&x-signature=CVOHhEzpGVD%2FDZykxYNOx6i5iD0%3D&from=327834062""]",,,tos-cn-p-0015/oAes0AMPPaBPBIQT8NLeBCANzfcjsEQ17oGYBx,"[""tos-cn-p-0015/oAes0AMPPaBPBIQT8NLeBCANzfcjsEQ17oGYBx""]",640,360,tos-cn-i-dy/fb26a501210241e6b5c59792d5471c70,"[""tos-cn-i-dy/fb26a501210241e6b5c59792d5471c70""]",720,720,720,720,,,,,,,,
7609546758560943366,2026-05-10 18:17:44.111089,image-cut-tos-priv/7a5eb985f277e924aa7e7271ec6051ad,"[""https://p3-pc-sign.douyinpic.com/obj/c8510002be9a3a61aad2?lk3s=138a59ce&x-expires=1779616800&x-signature=CVOHhEzpGVD%2FDZykxYNOx6i5iD0%3D&from=327834062""]",,,tos-cn-p-0015/osAPZ0waAJ0ilMVCBzIAWQwmHIJTi9tBIaPqi,"[""tos-cn-p-0015/osAPZ0waAJ0ilMVCBzIAWQwmHIJTi9tBIaPqi""]",640,360,tos-cn-i-dy/de21747372cb45968cd61873ab97dbb3,"[""tos-cn-i-dy/de21747372cb45968cd61873ab97dbb3""]",720,720,720,720,,,,,,,,
7609546881866634981,2026-05-10 18:17:47.315264,image-cut-tos-priv/62e6b61ccd9dba7ce5a1df28f35a177b,"[""https://p3-pc-sign.douyinpic.com/obj/c8510002be9a3a61aad2?lk3s=138a59ce&x-expires=1779616800&x-signature=CVOHhEzpGVD%2FDZykxYNOx6i5iD0%3D&from=327834062""]",,,tos-cn-p-0015c000-ce/oYqpaAa8QQEiJEQTeNFfJDgmLib7t0Qd7IDoBf,"[""tos-cn-p-0015c000-ce/oYqpaAa8QQEiJEQTeNFfJDgmLib7t0Qd7IDoBf""]",360,640,tos-cn-i-0813c000-ce/oIECEeC0azaiViXi92CBpwAAoZEfAIIArIAoiU,"[""tos-cn-i-0813c000-ce/oIECEeC0azaiViXi92CBpwAAoZEfAIIArIAoiU""]",720,720,720,720,,,,,,,,
7609558857332952329,2026-05-10 18:17:59.081769,image-cut-tos-priv/3d685b0aba3c073a7476ad4cb7ebdcad,"[""https://p3-pc-sign.douyinpic.com/obj/c8510002be9a3a61aad2?lk3s=138a59ce&x-expires=1779616800&x-signature=CVOHhEzpGVD%2FDZykxYNOx6i5iD0%3D&from=327834062""]",,,tos-cn-p-0015/oglSAZfBNI5veu0ATl2MOzYUaBYABipMiByoIg,"[""tos-cn-p-0015/oglSAZfBNI5veu0ATl2MOzYUaBYABipMiByoIg""]",640,360,tos-cn-i-dy/2661ea139e7d42db859d6a441b2d35d9,"[""tos-cn-i-dy/2661ea139e7d42db859d6a441b2d35d9""]",720,720,720,720,,,,,,,,
7609579296738397459,2026-05-10 18:18:14.374258,image-cut-tos-priv/1f5b7524b28dd2bbd7e275d6dda46fc3,"[""https://p3-pc-sign.douyinpic.com/obj/c8510002be9a3a61aad2?lk3s=138a59ce&x-expires=1779616800&x-signature=CVOHhEzpGVD%2FDZykxYNOx6i5iD0%3D&from=327834062""]",,,tos-cn-p-0015/o8iani9RcZMQqwUBIJaiPQIuIB7dLGDCqAvAn,"[""tos-cn-p-0015/o8iani9RcZMQqwUBIJaiPQIuIB7dLGDCqAvAn""]",640,360,tos-cn-i-dy/d3eb840053a746a495b82fbaa8f1639f,"[""tos-cn-i-dy/d3eb840053a746a495b82fbaa8f1639f""]",720,720,720,720,,,,,,,,
7609581959399886080,2026-05-10 18:18:29.415301,image-cut-tos-priv/afd46a7d4a6b9f42936c890093914bac,"[""https://p9-pc-sign.douyinpic.com/obj/c8510002be9a3a61aad2?lk3s=138a59ce&x-expires=1779616800&x-signature=gw1NPbrtEB1OKGLee4yRrhASt4E%3D&from=327834062""]",,,tos-cn-p-0015/oIM0JIM0HABzBeuMgIiQzqDB8f3HDtViAABCaI,"[""tos-cn-p-0015/oIM0JIM0HABzBeuMgIiQzqDB8f3HDtViAABCaI""]",480,360,tos-cn-i-dy/21c4d4f9a8e347b9914426a317861cec,"[""tos-cn-i-dy/21c4d4f9a8e347b9914426a317861cec""]",720,720,720,720,,,,,,,,
7609589768434765066,2026-05-10 18:18:40.020234,image-cut-tos-priv/d4ed835d10a943c33b9bf527a66a8c2a,"[""https://p3-pc-sign.douyinpic.com/obj/c8510002be9a3a61aad2?lk3s=138a59ce&x-expires=1779616800&x-signature=CVOHhEzpGVD%2FDZykxYNOx6i5iD0%3D&from=327834062""]",,,tos-cn-p-0015/o0rE6BDDpBs1FkPFESQrtAIfAAXafm5go9IdSQ,"[""tos-cn-p-0015/o0rE6BDDpBs1FkPFESQrtAIfAAXafm5go9IdSQ""]",640,360,tos-cn-i-dy/40e9bf0defa045f4a218614c6aa02b74,"[""tos-cn-i-dy/40e9bf0defa045f4a218614c6aa02b74""]",720,720,720,720,,,,,,,,
7609594254351944970,2026-05-10 18:18:57.765300,image-cut-tos-priv/4982f0593b5f9601ce385024fdee557a,"[""https://p3-pc-sign.douyinpic.com/obj/c8510002be9a3a61aad2?lk3s=138a59ce&x-expires=1779616800&x-signature=CVOHhEzpGVD%2FDZykxYNOx6i5iD0%3D&from=327834062""]",,,tos-cn-p-0015/o4AarbQgDYAFsErakA9HymfKCUDgABTQLEfpr1,"[""tos-cn-p-0015/o4AarbQgDYAFsErakA9HymfKCUDgABTQLEfpr1""]",640,360,tos-cn-i-dy/68f6f6d6925b4d5db43c4ab680294778,"[""tos-cn-i-dy/68f6f6d6925b4d5db43c4ab680294778""]",720,720,720,720,,,,,,,,
7609602048346837169,2026-05-10 18:19:06.199588,image-cut-tos-priv/4982c9b7358a5341445c1d02787b67c1,"[""https://p3-pc-sign.douyinpic.com/obj/c8510002be9a3a61aad2?lk3s=138a59ce&x-expires=1779616800&x-signature=CVOHhEzpGVD%2FDZykxYNOx6i5iD0%3D&from=327834062""]",,,tos-cn-p-0015c000-ce/ogaxInvNgDAMvEnnMrFoE9pCaAFw2B6mIefbaE,"[""tos-cn-p-0015c000-ce/ogaxInvNgDAMvEnnMrFoE9pCaAFw2B6mIefbaE""]",360,640,tos-cn-i-0813c000-ce/oICiHvsME70AnszCkaXBfETe5iAiAAVwAiR0Ik,"[""tos-cn-i-0813c000-ce/oICiHvsME70AnszCkaXBfETe5iAiAAVwAiR0Ik""]",720,720,720,720,,,,,,,,
7609609290029993262,2026-05-10 18:19:21.619161,image-cut-tos-priv/e9e3195f935981100354326f44f7ae4c,"[""https://p3-pc-sign.douyinpic.com/obj/c8510002be9a3a61aad2?lk3s=138a59ce&x-expires=1779616800&x-signature=CVOHhEzpGVD%2FDZykxYNOx6i5iD0%3D&from=327834062""]",,,tos-cn-p-0015/oMQeYLUYA0A77GvoQKhB5faKMRIBNTfGACC1Qt,"[""tos-cn-p-0015/oMQeYLUYA0A77GvoQKhB5faKMRIBNTfGACC1Qt""]",640,360,tos-cn-i-dy/98baacb677a248538201b3742d379177,"[""tos-cn-i-dy/98baacb677a248538201b3742d379177""]",720,720,720,720,,,,,,,,
7609618307804613113,2026-05-10 18:19:41.045188,image-cut-tos-priv/f972e0de95a0afb7f61853adba204daf,"[""https://p3-pc-sign.douyinpic.com/obj/c8510002be9a3a61aad2?lk3s=138a59ce&x-expires=1779616800&x-signature=CVOHhEzpGVD%2FDZykxYNOx6i5iD0%3D&from=327834062""]",,,tos-cn-p-0015c000-ce/ossBi9xfWa8pFEApQm4k9ybDwEWAorDZLamwQf,"[""tos-cn-p-0015c000-ce/ossBi9xfWa8pFEApQm4k9ybDwEWAorDZLamwQf""]",360,640,tos-cn-i-0813c000-ce/oIABLIZ0PCiAAAiyi1aECaKrMPAaBqLr4hi7A,"[""tos-cn-i-0813c000-ce/oIABLIZ0PCiAAAiyi1aECaKrMPAaBqLr4hi7A""]",720,720,720,720,,,,,,,,
7609618364947893540,2026-05-10 18:19:51.862316,image-cut-tos-priv/d50287ab298bef4e921a670f462a9f44,"[""https://p3-pc-sign.douyinpic.com/obj/c8510002be9a3a61aad2?lk3s=138a59ce&x-expires=1779616800&x-signature=CVOHhEzpGVD%2FDZykxYNOx6i5iD0%3D&from=327834062""]",,,tos-cn-p-0015/osspBacIEHJFmmzA2gUImSAy9tNjDABoAfDIeD,"[""tos-cn-p-0015/osspBacIEHJFmmzA2gUImSAy9tNjDABoAfDIeD""]",640,360,tos-cn-i-dy/ad993cafab2d4e81a0d1ac4d52d2df9c,"[""tos-cn-i-dy/ad993cafab2d4e81a0d1ac4d52d2df9c""]",720,720,720,720,,,,,,,,
7609623308687254267,2026-05-10 18:20:00.003724,,,,,,,,,,,,,300,318,,,,,,,,
7609628032944409891,2026-05-10 18:20:03.916741,image-cut-tos-priv/edc65f0df860019aebabbb6a5c28631b,"[""https://p3-pc-sign.douyinpic.com/obj/c8510002be9a3a61aad2?lk3s=138a59ce&x-expires=1779616800&x-signature=CVOHhEzpGVD%2FDZykxYNOx6i5iD0%3D&from=327834062""]",,,tos-cn-p-0015/o8FkOcZpmAMQACrBEe3sW91BCcafIN9UALAgID,"[""tos-cn-p-0015/o8FkOcZpmAMQACrBEe3sW91BCcafIN9UALAgID""]",640,360,tos-cn-i-dy/48c9c23015fc4de6bdc2fd27e49990de,"[""tos-cn-i-dy/48c9c23015fc4de6bdc2fd27e49990de""]",720,720,720,720,,,,,,,,
7609628120602314596,2026-05-10 18:20:07.618350,image-cut-tos-priv/0aad5255f9d39f3db17ad841018bdaae,"[""https://p3-pc-sign.douyinpic.com/obj/c8510002be9a3a61aad2?lk3s=138a59ce&x-expires=1779616800&x-signature=CVOHhEzpGVD%2FDZykxYNOx6i5iD0%3D&from=327834062""]",,,tos-cn-p-0015/ootQgzmQjaf1Akp8DFt6AHEQaDoHf5AY9CBQ6C,"[""tos-cn-p-0015/ootQgzmQjaf1Akp8DFt6AHEQaDoHf5AY9CBQ6C""]",640,360,tos-cn-i-0813/ooY1HAAS0CAsPlqaC3iigoB9AzAersAIEjfGCW,"[""tos-cn-i-0813/ooY1HAAS0CAsPlqaC3iigoB9AzAersAIEjfGCW""]",720,720,720,720,,,,,,,,
7609628243947228425,2026-05-10 18:20:14.129131,image-cut-tos-priv/bd66f268963e112a256b388ef46c0598,"[""https://p3-pc-sign.douyinpic.com/obj/c8510002be9a3a61aad2?lk3s=138a59ce&x-expires=1779616800&x-signature=CVOHhEzpGVD%2FDZykxYNOx6i5iD0%3D&from=327834062""]",,,tos-cn-p-0015/osejQGIGkeeBOj4B1TaaBWkQOhLMN7ANxPCWTA,"[""tos-cn-p-0015/osejQGIGkeeBOj4B1TaaBWkQOhLMN7ANxPCWTA""]",640,360,tos-cn-i-dy/3c5c77fc1f7b4fabb1ec7e2a0fd33600,"[""tos-cn-i-dy/3c5c77fc1f7b4fabb1ec7e2a0fd33600""]",720,720,720,720,,,,,,,,
7609630783078288694,2026-05-10 18:20:26.958063,,,,,,,,,,,,,300,318,,,,,,,,
7609633655434022153,2026-05-10 18:20:31.120947,image-cut-tos-priv/a36cd54aee528212ef6d7efae112e435,"[""https://p3-pc-sign.douyinpic.com/obj/c8510002be9a3a61aad2?lk3s=138a59ce&x-expires=1779616800&x-signature=CVOHhEzpGVD%2FDZykxYNOx6i5iD0%3D&from=327834062""]",,,tos-cn-p-0015/oY1Y0neB7QqA7GdeBsQAfZGT66ELIB5bCApIsN,"[""tos-cn-p-0015/oY1Y0neB7QqA7GdeBsQAfZGT66ELIB5bCApIsN""]",640,360,tos-cn-i-dy/91d4368988b440e7adb9236d52417032,"[""tos-cn-i-dy/91d4368988b440e7adb9236d52417032""]",720,720,720,720,,,,,,,,
7609634616177216777,2026-05-10 18:20:37.961921,image-cut-tos-priv/9537afdcdc1e3fb1b1ba8b677ef937b7,"[""https://p3-pc-sign.douyinpic.com/obj/c8510002be9a3a61aad2?lk3s=138a59ce&x-expires=1779616800&x-signature=CVOHhEzpGVD%2FDZykxYNOx6i5iD0%3D&from=327834062""]",,,tos-cn-p-0015/ogA1ooQgCEAFgEt2eN90jmfaDgDzAB0QbExpWa,"[""tos-cn-p-0015/ogA1ooQgCEAFgEt2eN90jmfaDgDzAB0QbExpWa""]",640,360,tos-cn-i-dy/3d77755e1f034cdaa581fbaa042b86cf,"[""tos-cn-i-dy/3d77755e1f034cdaa581fbaa042b86cf""]",720,720,720,720,,,,,,,,
7609650038457300858,2026-05-10 18:20:47.133771,,,,,,,,,,,,,300,318,,,,,,,,
7609650736758033674,2026-05-10 18:20:49.731487,image-cut-tos-priv/d35e32de301f48e6e0ecc9ae13ae6b44,"[""https://p3-pc-sign.douyinpic.com/obj/c8510002be9a3a61aad2?lk3s=138a59ce&x-expires=1779616800&x-signature=CVOHhEzpGVD%2FDZykxYNOx6i5iD0%3D&from=327834062""]",,,tos-cn-p-0015/ocCxA0ZNHLM0RBcDQTIGYfe8QO3XArfoBa1H57,"[""tos-cn-p-0015/ocCxA0ZNHLM0RBcDQTIGYfe8QO3XArfoBa1H57""]",640,360,tos-cn-i-dy/b1ca8adcf3b545dea54844375a2bed99,"[""tos-cn-i-dy/b1ca8adcf3b545dea54844375a2bed99""]",720,720,720,720,,,,,,,,
7609651415614622976,2026-05-10 18:21:05.727143,,,,,,,,,,,,,300,318,,,,,,,,
7609657661520383247,2026-05-10 18:21:09.881249,image-cut-tos-priv/e97826062b1d16d7a8f1a03c03010e43,"[""https://p3-pc-sign.douyinpic.com/obj/c8510002be9a3a61aad2?lk3s=138a59ce&x-expires=1779616800&x-signature=CVOHhEzpGVD%2FDZykxYNOx6i5iD0%3D&from=327834062""]",,,tos-cn-p-0015/oACa9ufbpINYAbA88BmFXOxEIFDBS4A3Pgf8Ac,"[""tos-cn-p-0015/oACa9ufbpINYAbA88BmFXOxEIFDBS4A3Pgf8Ac""]",640,360,tos-cn-i-dy/99661d9d71464f2a9c96b2cb820ba1db,"[""tos-cn-i-dy/99661d9d71464f2a9c96b2cb820ba1db""]",720,720,720,720,,,,,,,,
7609668217497341234,2026-05-10 18:21:18.121357,image-cut-tos-priv/6cde8d9c6c289270bc7e60bcb6481a9f,"[""https://p3-pc-sign.douyinpic.com/obj/c8510002be9a3a61aad2?lk3s=138a59ce&x-expires=1779616800&x-signature=CVOHhEzpGVD%2FDZykxYNOx6i5iD0%3D&from=327834062""]",,,tos-cn-p-0015/oowHF1jEvGQjm81pAqBQ986F6fcbePANADCBgy,"[""tos-cn-p-0015/oowHF1jEvGQjm81pAqBQ986F6fcbePANADCBgy""]",480,360,tos-cn-i-dy/6ad89089df9549a3abe2fc5b458b2bc8,"[""tos-cn-i-dy/6ad89089df9549a3abe2fc5b458b2bc8""]",720,720,720,720,,,,,,,,
7609668443273505478,2026-05-10 18:21:23.277908,image-cut-tos-priv/c0c4d43679c0bdbe91941469ff569c4e,"[""https://p3-pc-sign.douyinpic.com/obj/c8510002be9a3a61aad2?lk3s=138a59ce&x-expires=1779616800&x-signature=CVOHhEzpGVD%2FDZykxYNOx6i5iD0%3D&from=327834062""]",,,tos-cn-p-0015c000-ce/oQfV16FATBGEjAA6uJD8cmQXaQbere2seFGDMY,"[""tos-cn-p-0015c000-ce/oQfV16FATBGEjAA6uJD8cmQXaQbere2seFGDMY""]",640,360,tos-cn-i-0629/oUNbGevfdIzMQbOJWAmALII2IJWHCAeaECeA7U,"[""tos-cn-i-0629/oUNbGevfdIzMQbOJWAmALII2IJWHCAeaECeA7U""]",720,720,720,720,,,,,,,,
7609673453263766698,2026-05-10 18:21:28.418305,image-cut-tos-priv/f589b58a86d4b55bd853d6c9f20411ad,"[""https://p3-pc-sign.douyinpic.com/obj/c8510002be9a3a61aad2?lk3s=138a59ce&x-expires=1779616800&x-signature=CVOHhEzpGVD%2FDZykxYNOx6i5iD0%3D&from=327834062""]",,,tos-cn-p-0015/osVQb8ENADfmgD517iF0gzQE9A7RBWsfANBp4v,"[""tos-cn-p-0015/osVQb8ENADfmgD517iF0gzQE9A7RBWsfANBp4v""]",640,360,tos-cn-i-0813c001/oMg2qMmAfexQkpkrGCQ0ZaLJ7AAIhAe6IeDAtq,"[""tos-cn-i-0813c001/oMg2qMmAfexQkpkrGCQ0ZaLJ7AAIhAe6IeDAtq""]",720,720,720,720,,,,,,,,
7609674990040460682,2026-05-10 18:21:41.026654,image-cut-tos-priv/6797e24dc8839be43e2d8c0e1260b2b3,"[""https://p3-pc-sign.douyinpic.com/obj/c8510002be9a3a61aad2?lk3s=138a59ce&x-expires=1779616800&x-signature=CVOHhEzpGVD%2FDZykxYNOx6i5iD0%3D&from=327834062""]",,,tos-cn-p-0015/o0Ql1mfDEEfWtA28HNQA8LICzfGRPaDDte0PyI,"[""tos-cn-p-0015/o0Ql1mfDEEfWtA28HNQA8LICzfGRPaDDte0PyI""]",540,360,tos-cn-p-0015/oAfD8aF0tLf0AEIqNmHP2rAizIQheCPGQ1fyMX,"[""tos-cn-p-0015/oAfD8aF0tLf0AEIqNmHP2rAizIQheCPGQ1fyMX""]",720,720,720,720,,,,,,,,
7609678035784092980,2026-05-10 18:21:55.447066,image-cut-tos-priv/1bb0e182f003d59cc1849bac58ec91bf,"[""https://p9-pc-sign.douyinpic.com/obj/c8510002be9a3a61aad2?lk3s=138a59ce&x-expires=1779616800&x-signature=gw1NPbrtEB1OKGLee4yRrhASt4E%3D&from=327834062""]",,,tos-cn-p-0015/oUfkVNqSY0uTIgiIAjuiuA9BBH3YzIebDyNAAA,"[""tos-cn-p-0015/oUfkVNqSY0uTIgiIAjuiuA9BBH3YzIebDyNAAA""]",640,360,tos-cn-i-dy/225675557ae84ec293c560bd0c26c6d9,"[""tos-cn-i-dy/225675557ae84ec293c560bd0c26c6d9""]",720,720,720,720,,,,,,,,
7609678524055702803,2026-05-10 18:22:04.220329,image-cut-tos-priv/e3af52bcced8e373b2d6fb205b3df2eb,"[""https://p9-pc-sign.douyinpic.com/obj/c8510002be9a3a61aad2?lk3s=138a59ce&x-expires=1779616800&x-signature=gw1NPbrtEB1OKGLee4yRrhASt4E%3D&from=327834062""]",,,tos-cn-p-0015/ospQAIfC7M7QTABe2J0Ncbhh6w9GBCLjEBeBkZ,"[""tos-cn-p-0015/ospQAIfC7M7QTABe2J0Ncbhh6w9GBCLjEBeBkZ""]",640,360,tos-cn-i-dy/8830b54e9dfa4366bc68734a3813a09c,"[""tos-cn-i-dy/8830b54e9dfa4366bc68734a3813a09c""]",720,720,720,720,,,,,,,,
7609683553865010472,2026-05-10 18:22:22.434772,image-cut-tos-priv/243699ff03622c4d5b4bed49acc2cfa6,"[""https://p3-pc-sign.douyinpic.com/obj/c8510002be9a3a61aad2?lk3s=138a59ce&x-expires=1779616800&x-signature=CVOHhEzpGVD%2FDZykxYNOx6i5iD0%3D&from=327834062""]",,,tos-cn-p-0015/osiep5Ib0msqnaBmBgfGiPACBHIO7Bp7AYz0BA,"[""tos-cn-p-0015/osiep5Ib0msqnaBmBgfGiPACBHIO7Bp7AYz0BA""]",640,360,tos-cn-i-dy/1a997a80a2ac4227ad282392c1ad6bdf,"[""tos-cn-i-dy/1a997a80a2ac4227ad282392c1ad6bdf""]",720,720,720,720,,,,,,,,
7609691699988996083,2026-05-10 18:22:32.541086,image-cut-tos-priv/f7320550294f468377affdcbdb8b9fb6,"[""https://p3-pc-sign.douyinpic.com/obj/c8510002be9a3a61aad2?lk3s=138a59ce&x-expires=1779616800&x-signature=CVOHhEzpGVD%2FDZykxYNOx6i5iD0%3D&from=327834062""]",,,tos-cn-p-0015/o4NBmqsAawzDmdgSCze9kyf4AmAFbDEpgQsQZp,"[""tos-cn-p-0015/o4NBmqsAawzDmdgSCze9kyf4AmAFbDEpgQsQZp""]",480,360,tos-cn-i-0813c001/oI4gGiHHAB5Aw9Np9fICAqvHIEQbIAF2AEAmfD,"[""tos-cn-i-0813c001/oI4gGiHHAB5Aw9Np9fICAqvHIEQbIAF2AEAmfD""]",720,720,720,720,,,,,,,,
7609691888005762342,2026-05-10 18:22:40.026216,image-cut-tos-priv/196c6ac687d6d648e88eb6ff709ac593,"[""https://p3-pc-sign.douyinpic.com/obj/c8510002be9a3a61aad2?lk3s=138a59ce&x-expires=1779616800&x-signature=CVOHhEzpGVD%2FDZykxYNOx6i5iD0%3D&from=327834062""]",,,tos-cn-p-0015/oMfubInAADBiqTgM97BoD0IuzIjcoDeiYi9AK6,"[""tos-cn-p-0015/oMfubInAADBiqTgM97BoD0IuzIjcoDeiYi9AK6""]",640,360,tos-cn-i-dy/ccb8400378cd439c924553b20d2775c7,"[""tos-cn-i-dy/ccb8400378cd439c924553b20d2775c7""]",720,720,720,720,,,,,,,,
7609697604419077711,2026-05-10 18:22:49.705646,image-cut-tos-priv/1e6f9b3fe2c81704509787cec9119dc5,"[""https://p3-pc-sign.douyinpic.com/obj/c8510002be9a3a61aad2?lk3s=138a59ce&x-expires=1779616800&x-signature=CVOHhEzpGVD%2FDZykxYNOx6i5iD0%3D&from=327834062""]",,,tos-cn-p-0015c000-ce/o0KE6BafTCJbgS2bDiFEgXDeBNA7opvIIAf0Qi,"[""tos-cn-p-0015c000-ce/o0KE6BafTCJbgS2bDiFEgXDeBNA7opvIIAf0Qi""]",640,360,tos-cn-i-0813c000-ce/oMapEAYNZEJPN7IAZM6iqBHsBvjYCAibADKAT,"[""tos-cn-i-0813c000-ce/oMapEAYNZEJPN7IAZM6iqBHsBvjYCAibADKAT""]",720,720,720,720,,,,,,,,
7609719314309185905,2026-05-10 18:22:53.102541,image-cut-tos-priv/063cc2f7ed18e5e7c4e2487a1f7febf4,"[""https://p3-pc-sign.douyinpic.com/obj/c8510002be9a3a61aad2?lk3s=138a59ce&x-expires=1779616800&x-signature=CVOHhEzpGVD%2FDZykxYNOx6i5iD0%3D&from=327834062""]",,,tos-cn-p-0015c000-ce/ogA0XHQwneAFsEyTUH92kmft0VD2EBdQCB0pd2,"[""tos-cn-p-0015c000-ce/ogA0XHQwneAFsEyTUH92kmft0VD2EBdQCB0pd2""]",780,360,tos-cn-i-0629/oQAA8IPaTBAUeYrYBGENE5pPLAcIEQer5Ove8u,"[""tos-cn-i-0629/oQAA8IPaTBAUeYrYBGENE5pPLAcIEQer5Ove8u""]",720,720,720,720,,,,,,,,
7609721874657856818,2026-05-10 18:22:56.461883,image-cut-tos-priv/3112790f4a5e8253cceb37b839f0a10a,"[""https://p3-pc-sign.douyinpic.com/obj/c8510002be9a3a61aad2?lk3s=138a59ce&x-expires=1779616800&x-signature=CVOHhEzpGVD%2FDZykxYNOx6i5iD0%3D&from=327834062""]",,,tos-cn-p-0015/oEaMWOTQQsuBQSWATQ6AOVl8LCe7C9BN2QBesf,"[""tos-cn-p-0015/oEaMWOTQQsuBQSWATQ6AOVl8LCe7C9BN2QBesf""]",640,360,tos-cn-i-dy/45bad292d26e4b14b4cb0d5455252900,"[""tos-cn-i-dy/45bad292d26e4b14b4cb0d5455252900""]",720,720,720,720,,,,,,,,
7609740635104398646,2026-05-10 18:22:59.888889,image-cut-tos-priv/594913571a2a772916d9aaeb40e87538,"[""https://p3-pc-sign.douyinpic.com/obj/c8510002be9a3a61aad2?lk3s=138a59ce&x-expires=1779616800&x-signature=CVOHhEzpGVD%2FDZykxYNOx6i5iD0%3D&from=327834062""]",,,tos-cn-p-0015/oYtmgfCTBAcgNJ7cwIeieDMAsxnGNLARnGU7iB,"[""tos-cn-p-0015/oYtmgfCTBAcgNJ7cwIeieDMAsxnGNLARnGU7iB""]",640,360,tos-cn-i-dy/5003e87818794bed9d1b40674ef1acca,"[""tos-cn-i-dy/5003e87818794bed9d1b40674ef1acca""]",720,720,720,720,,,,,,,,
7609748964081945898,2026-05-10 18:23:02.942790,image-cut-tos-priv/03aebcc795f6babb6a301b664efed33a,"[""https://p3-pc-sign.douyinpic.com/obj/c8510002be9a3a61aad2?lk3s=138a59ce&x-expires=1779616800&x-signature=CVOHhEzpGVD%2FDZykxYNOx6i5iD0%3D&from=327834062""]",,,tos-cn-p-0015/osFngeCcQglffFNCQhmD2YnEbQWYIei4AAEus2,"[""tos-cn-p-0015/osFngeCcQglffFNCQhmD2YnEbQWYIei4AAEus2""]",640,360,tos-cn-i-dy/9bec11e5e2664bb2848056adaf6e002f,"[""tos-cn-i-dy/9bec11e5e2664bb2848056adaf6e002f""]",720,720,720,720,,,,,,,,
7609813868533124392,2026-05-10 18:23:32.893348,image-cut-tos-priv/fda57e2882f5dc47bd49deefef07349b,"[""https://p3-pc-sign.douyinpic.com/obj/c8510002be9a3a61aad2?lk3s=138a59ce&x-expires=1779616800&x-signature=CVOHhEzpGVD%2FDZykxYNOx6i5iD0%3D&from=327834062""]",,,tos-cn-p-0015/owfIfvAqGgEYc2vgAwLGET7ZMCeaTtBgIBAbBN,"[""tos-cn-p-0015/owfIfvAqGgEYc2vgAwLGET7ZMCeaTtBgIBAbBN""]",640,360,tos-cn-i-dy/3e5eeca5915d4b3f8db159a292485c2f,"[""tos-cn-i-dy/3e5eeca5915d4b3f8db159a292485c2f""]",720,720,720,720,,,,,,,,
7609830109150727466,2026-05-10 18:23:39.888561,image-cut-tos-priv/80d396d8a00437ed6424e746e9f50bd3,"[""https://p3-pc-sign.douyinpic.com/obj/c8510002be9a3a61aad2?lk3s=138a59ce&x-expires=1779616800&x-signature=CVOHhEzpGVD%2FDZykxYNOx6i5iD0%3D&from=327834062""]",,,tos-cn-p-0015/oITNEJxGgexUCvxBgDs3eBAaF7LmBEet1AUGhI,"[""tos-cn-p-0015/oITNEJxGgexUCvxBgDs3eBAaF7LmBEet1AUGhI""]",640,360,tos-cn-i-dy/511bb7aabf9a4eb9a15e73f25f9a2e19,"[""tos-cn-i-dy/511bb7aabf9a4eb9a15e73f25f9a2e19""]",720,720,720,720,,,,,,,,
7609875156403740122,2026-05-10 18:23:50.125501,image-cut-tos-priv/24e9af02fd0241772b120e0fae75996c,"[""https://p3-pc-sign.douyinpic.com/obj/c8510002be9a3a61aad2?lk3s=138a59ce&x-expires=1779616800&x-signature=CVOHhEzpGVD%2FDZykxYNOx6i5iD0%3D&from=327834062""]",,,tos-cn-p-0015/oYeE1tLTQ2gACAmB9blDfAK9RqAFB57gQ0KpQu,"[""tos-cn-p-0015/oYeE1tLTQ2gACAmB9blDfAK9RqAFB57gQ0KpQu""]",640,360,tos-cn-i-0629/oEf0LCqCTJBz1doilUinkEA8AiAQIQB5qFABuA,"[""tos-cn-i-0629/oEf0LCqCTJBz1doilUinkEA8AiAQIQB5qFABuA""]",720,720,720,720,,,,,,,,
7609880941481168182,2026-05-10 18:23:54.491020,image-cut-tos-priv/8cf3ac1fbe2a6ed16290295fa199988d,"[""https://p3-pc-sign.douyinpic.com/obj/c8510002be9a3a61aad2?lk3s=138a59ce&x-expires=1779616800&x-signature=CVOHhEzpGVD%2FDZykxYNOx6i5iD0%3D&from=327834062""]",,,tos-cn-p-0015/oA7BztLfebSpFAArQkqu9uODgE5ADGChbqmrQ8,"[""tos-cn-p-0015/oA7BztLfebSpFAArQkqu9uODgE5ADGChbqmrQ8""]",640,360,tos-cn-i-dy/741a74d143d8434eb89ccff47205a491,"[""tos-cn-i-dy/741a74d143d8434eb89ccff47205a491""]",720,720,720,720,,,,,,,,
7609892680834845998,2026-05-10 18:23:57.655141,image-cut-tos-priv/1a88fd6ad3a6a4aa2d620a4f8076f11a,"[""https://p3-pc-sign.douyinpic.com/obj/c8510002be9a3a61aad2?lk3s=138a59ce&x-expires=1779616800&x-signature=CVOHhEzpGVD%2FDZykxYNOx6i5iD0%3D&from=327834062""]",,,tos-cn-p-0015/oAB7AxlmoiWGXAeBIpiB2Vf5IEYSgIbKANbqT9,"[""tos-cn-p-0015/oAB7AxlmoiWGXAeBIpiB2Vf5IEYSgIbKANbqT9""]",640,360,tos-cn-i-dy/817ade1c571c443eab356c2babcc2241,"[""tos-cn-i-dy/817ade1c571c443eab356c2babcc2241""]",720,720,720,720,,,,,,,,
7609897501545879962,2026-05-10 18:24:08.017317,image-cut-tos-priv/f9ef741b1d4adb4ca11a980131770518,"[""https://p3-pc-sign.douyinpic.com/obj/c8510002be9a3a61aad2?lk3s=138a59ce&x-expires=1779616800&x-signature=CVOHhEzpGVD%2FDZykxYNOx6i5iD0%3D&from=327834062""]",,,tos-cn-p-0015/o0ZgNIZ7vGUkABiyiMkIpbmvIPAaBQJ9X9yNa,"[""tos-cn-p-0015/o0ZgNIZ7vGUkABiyiMkIpbmvIPAaBQJ9X9yNa""]",640,360,tos-cn-p-0015/o4alYECDpBy3aEYFE3f8cAQTAA6bfmpgN9QXyS,"[""tos-cn-p-0015/o4alYECDpBy3aEYFE3f8cAQTAA6bfmpgN9QXyS""]",720,720,720,720,,,,,,,,
7609899935160604891,2026-05-10 18:24:22.386084,image-cut-tos-priv/a51315ebcff24b1cd772c7898b4c9d62,"[""https://p3-pc-sign.douyinpic.com/obj/c8510002be9a3a61aad2?lk3s=138a59ce&x-expires=1779616800&x-signature=CVOHhEzpGVD%2FDZykxYNOx6i5iD0%3D&from=327834062""]",,,tos-cn-p-0015/oc9gNYyXAXsA8fDp9kZBAFhG7EIOIBFb0CnmfD,"[""tos-cn-p-0015/oc9gNYyXAXsA8fDp9kZBAFhG7EIOIBFb0CnmfD""]",640,360,tos-cn-i-0813c001/owBsIDauXDAilcAfA8FmA9pAEAZgMC5mQ3fW3E,"[""tos-cn-i-0813c001/owBsIDauXDAilcAfA8FmA9pAEAZgMC5mQ3fW3E""]",720,720,720,720,,,,,,,,
7609902176302894388,2026-05-10 18:24:31.447328,image-cut-tos-priv/f390490fdc823f2d40ddfef47a561dd6,"[""https://p3-pc-sign.douyinpic.com/obj/c8510002be9a3a61aad2?lk3s=138a59ce&x-expires=1779616800&x-signature=CVOHhEzpGVD%2FDZykxYNOx6i5iD0%3D&from=327834062""]",,,tos-cn-p-0015/oAQ3QBA39ngmA7DpCFsXf73Xqw8AGEOgNo8FBf,"[""tos-cn-p-0015/oAQ3QBA39ngmA7DpCFsXf73Xqw8AGEOgNo8FBf""]",640,360,tos-cn-i-dy/d5ddf956786149ce8fd2ddd98f3f85cb,"[""tos-cn-i-dy/d5ddf956786149ce8fd2ddd98f3f85cb""]",720,720,720,720,,,,,,,,
7609903965095081551,2026-05-10 18:24:34.416549,,,,,,,,,,,,,300,318,,,,,,,,
7609904955348270577,2026-05-10 18:24:36.797238,image-cut-tos-priv/12a585a895034a63f194585e5053e801,"[""https://p3-pc-sign.douyinpic.com/obj/c8510002be9a3a61aad2?lk3s=138a59ce&x-expires=1779616800&x-signature=CVOHhEzpGVD%2FDZykxYNOx6i5iD0%3D&from=327834062""]",,,tos-cn-p-0015c000-ce/oApcQ3zAADEfkwyzcopBfFHyAEoXaQph99m71E,"[""tos-cn-p-0015c000-ce/oApcQ3zAADEfkwyzcopBfFHyAEoXaQph99m71E""]",360,640,tos-cn-i-0813c000-ce/oAC5A2SmyiCACAeAEpiB4HfXIANiwwgGEob5T9,"[""tos-cn-i-0813c000-ce/oAC5A2SmyiCACAeAEpiB4HfXIANiwwgGEob5T9""]",720,720,720,720,,,,,,,,
7609914259312545030,2026-05-10 18:24:47.425394,image-cut-tos-priv/72dfeddd3fa1521c6fefadbac1943550,"[""https://p9-pc-sign.douyinpic.com/obj/c8510002be9a3a61aad2?lk3s=138a59ce&x-expires=1779616800&x-signature=gw1NPbrtEB1OKGLee4yRrhASt4E%3D&from=327834062""]",,,tos-cn-p-0015/ogAAaAfi1gmPpqjN0IBx9jACaGIziGAyBySe2b,"[""tos-cn-p-0015/ogAAaAfi1gmPpqjN0IBx9jACaGIziGAyBySe2b""]",480,360,tos-cn-i-dy/9a7370a69e21445e80f92df40a58d2cc,"[""tos-cn-i-dy/9a7370a69e21445e80f92df40a58d2cc""]",720,720,720,720,,,,,,,,
7609914905126447955,2026-05-10 18:24:53.614539,image-cut-tos-priv/173ae63e9951d30eb67ea84e6c9e1d28,"[""https://p3-pc-sign.douyinpic.com/obj/c8510002be9a3a61aad2?lk3s=138a59ce&x-expires=1779616800&x-signature=CVOHhEzpGVD%2FDZykxYNOx6i5iD0%3D&from=327834062""]",,,tos-cn-p-0015/oMYB83TQb0qG4Ce2AhGU6eIOLBA7eDNS3MzFwQ,"[""tos-cn-p-0015/oMYB83TQb0qG4Ce2AhGU6eIOLBA7eDNS3MzFwQ""]",640,360,tos-cn-p-0015/owPUGIA880Cp23vBSIwI2iQhP4b1ZadPGWZAi,"[""tos-cn-p-0015/owPUGIA880Cp23vBSIwI2iQhP4b1ZadPGWZAi""]",720,720,720,720,,,,,,,,
7609915071100349538,2026-05-10 18:25:03.070330,,,,,,,,,,,,,300,318,,,,,,,,
7609915421256454521,2026-05-10 18:25:06.972017,image-cut-tos-priv/4d280bdb6e2b2413651ab1bfc05dee7c,"[""https://p3-pc-sign.douyinpic.com/obj/c8510002be9a3a61aad2?lk3s=138a59ce&x-expires=1779616800&x-signature=CVOHhEzpGVD%2FDZykxYNOx6i5iD0%3D&from=327834062""]",,,tos-cn-p-0015c000-ce/oIIBOOLNDIGvBgAAGfngekIeTbIY7sEJ85c72C,"[""tos-cn-p-0015c000-ce/oIIBOOLNDIGvBgAAGfngekIeTbIY7sEJ85c72C""]",640,360,tos-cn-i-0813c000-ce/oQviaAAMB1iAAvCbA4PEIi1yhhL22wZLc5Zn6,"[""tos-cn-i-0813c000-ce/oQviaAAMB1iAAvCbA4PEIi1yhhL22wZLc5Zn6""]",720,720,720,720,,,,,,,,
7609921064319062132,2026-05-10 18:25:09.822519,,,,,,,,,,,,,300,318,,,,,,,,
7609922858428691106,2026-05-10 18:25:12.487485,image-cut-tos-priv/ec6f9cfc6125b1694f9e62167cd7887f,"[""https://p3-pc-sign.douyinpic.com/obj/c8510002be9a3a61aad2?lk3s=138a59ce&x-expires=1779616800&x-signature=CVOHhEzpGVD%2FDZykxYNOx6i5iD0%3D&from=327834062""]",,,tos-cn-p-0015c000-ce/oAAUmHIweqAiZif4qh946mfxQAB6ECBI9BIpob,"[""tos-cn-p-0015c000-ce/oAAUmHIweqAiZif4qh946mfxQAB6ECBI9BIpob""]",640,360,tos-cn-p-0015c000-ce/osxpmBB9IECioS6wfAAwIcniUfbHTZ4AIHo9e4,"[""tos-cn-p-0015c000-ce/osxpmBB9IECioS6wfAAwIcniUfbHTZ4AIHo9e4""]",720,720,720,720,,,,,,,,
7609926132556745999,2026-05-10 18:25:16.467647,,,,,,,,,,,,,300,318,,,,,,,,
7609927135096535753,2026-05-10 18:25:38.318668,,,,,,,,,,,,,300,318,,,,,,,,
7609941028577053979,2026-05-10 18:25:40.951581,image-cut-tos-priv/66e7a81e66bb102bbea9ccce7bd998b7,"[""https://p3-pc-sign.douyinpic.com/obj/c8510002be9a3a61aad2?lk3s=138a59ce&x-expires=1779616800&x-signature=CVOHhEzpGVD%2FDZykxYNOx6i5iD0%3D&from=327834062""]",,,tos-cn-p-0015/ocm9JCaGTC8EZhiLIKF9GAQpBBebeNUA77QSen,"[""tos-cn-p-0015/ocm9JCaGTC8EZhiLIKF9GAQpBBebeNUA77QSen""]",640,360,tos-cn-i-dy/15f14192b25746d89a5e580da58e096a,"[""tos-cn-i-dy/15f14192b25746d89a5e580da58e096a""]",720,720,720,720,,,,,,,,
7609941798038834447,2026-05-10 18:25:49.065191,image-cut-tos-priv/e4f970f92c2137f726fc715a7a29b80a,"[""https://p3-pc-sign.douyinpic.com/obj/c8510002be9a3a61aad2?lk3s=138a59ce&x-expires=1779616800&x-signature=CVOHhEzpGVD%2FDZykxYNOx6i5iD0%3D&from=327834062""]",,,tos-cn-p-0015/oI6mNIoIBzYzeB8lgifiAUBUTihxhpAAw0A95b,"[""tos-cn-p-0015/oI6mNIoIBzYzeB8lgifiAUBUTihxhpAAw0A95b""]",640,360,tos-cn-i-dy/802b5f60d430488fa5560a09b330bf11,"[""tos-cn-i-dy/802b5f60d430488fa5560a09b330bf11""]",720,720,720,720,,,,,,,,
7609947132375731507,2026-05-10 18:26:05.035154,image-cut-tos-priv/91c3e34fc661512a0667dbdd4d3ff94b,"[""https://p3-pc-sign.douyinpic.com/obj/c8510002be9a3a61aad2?lk3s=138a59ce&x-expires=1779616800&x-signature=CVOHhEzpGVD%2FDZykxYNOx6i5iD0%3D&from=327834062""]",,,tos-cn-p-0015/oQCLm5T9WIjdA9wAipfgsrByinfAABvDKIabWa,"[""tos-cn-p-0015/oQCLm5T9WIjdA9wAipfgsrByinfAABvDKIabWa""]",640,360,tos-cn-i-dy/e0c0ee6b86b14eacb375a03b4318cd54,"[""tos-cn-i-dy/e0c0ee6b86b14eacb375a03b4318cd54""]",720,720,720,720,,,,,,,,
7609949566632332596,2026-05-10 18:26:11.552425,image-cut-tos-priv/1ff1f8bd311bc305cfe0592fda7fd4e9,"[""https://p3-pc-sign.douyinpic.com/obj/c8510002be9a3a61aad2?lk3s=138a59ce&x-expires=1779616800&x-signature=CVOHhEzpGVD%2FDZykxYNOx6i5iD0%3D&from=327834062""]",,,tos-cn-p-0015/owChAQyf7TE50GBUCSD35gFfLT3NAA6Q0ieXQB,"[""tos-cn-p-0015/owChAQyf7TE50GBUCSD35gFfLT3NAA6Q0ieXQB""]",480,360,tos-cn-i-dy/0857850fa0824250b00c06ec3a6a7d10,"[""tos-cn-i-dy/0857850fa0824250b00c06ec3a6a7d10""]",720,720,720,720,,,,,,,,
7609955800739613952,2026-05-10 18:26:22.179094,image-cut-tos-priv/8d8fb38d0d442587e3415989b8b36542,"[""https://p3-pc-sign.douyinpic.com/obj/c8510002be9a3a61aad2?lk3s=138a59ce&x-expires=1779616800&x-signature=CVOHhEzpGVD%2FDZykxYNOx6i5iD0%3D&from=327834062""]",,,tos-cn-p-0015/oU8scCEDTCfqWsDFEmyeLAQLBBn3fNqA77Quc1,"[""tos-cn-p-0015/oU8scCEDTCfqWsDFEmyeLAQLBBn3fNqA77Quc1""]",624,360,tos-cn-i-dy/c5b7408cab984c7bac89f8617c5ad7ea,"[""tos-cn-i-dy/c5b7408cab984c7bac89f8617c5ad7ea""]",720,720,720,720,,,,,,,,
7609956533716018030,2026-05-10 18:26:32.709368,image-cut-tos-priv/cd795e0a9ae2f439fcc1461fd4bdea23,"[""https://p3-pc-sign.douyinpic.com/obj/c8510002be9a3a61aad2?lk3s=138a59ce&x-expires=1779616800&x-signature=CVOHhEzpGVD%2FDZykxYNOx6i5iD0%3D&from=327834062""]",,,tos-cn-p-0015c000-ce/okfROFD37BJv6Q1qk3EQ07DAfDtgy7GUNTfyBc,"[""tos-cn-p-0015c000-ce/okfROFD37BJv6Q1qk3EQ07DAfDtgy7GUNTfyBc""]",516,360,tos-cn-p-0015c000-ce/o87Uj37EfqQBNqyTAREQ7f0Ftf092vBOJDyDgt,"[""tos-cn-p-0015c000-ce/o87Uj37EfqQBNqyTAREQ7f0Ftf092vBOJDyDgt""]",720,720,720,720,,,,,,,,
7609966295506146222,2026-05-10 18:26:42.915383,image-cut-tos-priv/ff4beb18ad4b8f697810fc94eb7f7233,"[""https://p3-pc-sign.douyinpic.com/obj/c8510002be9a3a61aad2?lk3s=138a59ce&x-expires=1779616800&x-signature=CVOHhEzpGVD%2FDZykxYNOx6i5iD0%3D&from=327834062""]",,,tos-cn-p-0015/oEicEwPikBBQ9BaIAQ1GHIoGvCiAP3ncg3ZsI,"[""tos-cn-p-0015/oEicEwPikBBQ9BaIAQ1GHIoGvCiAP3ncg3ZsI""]",480,360,tos-cn-i-0813/oEAADDneQACGjgAAuAEE6HgA2IE9gAFUp4C4Cf,"[""tos-cn-i-0813/oEAADDneQACGjgAAuAEE6HgA2IE9gAFUp4C4Cf""]",720,720,720,720,,,,,,,,
7609967385193998713,2026-05-10 18:26:52.501558,,,,,,,,,,,,,300,318,,,,,,,,
7609972884358198479,2026-05-10 18:26:55.565978,image-cut-tos-priv/fb19bac688d5dad8a7d4affeb8c89c38,"[""https://p3-pc-sign.douyinpic.com/obj/c8510002be9a3a61aad2?lk3s=138a59ce&x-expires=1779616800&x-signature=CVOHhEzpGVD%2FDZykxYNOx6i5iD0%3D&from=327834062""]",,,tos-cn-p-0015/oEybINiBSOfAO8JAD0gcA1qIhtikHeAzuKBFug,"[""tos-cn-p-0015/oEybINiBSOfAO8JAD0gcA1qIhtikHeAzuKBFug""]",640,360,tos-cn-p-0015/owQ4QEAV9HcnAcDpcF06frfPU24AVEDgNdACBU,"[""tos-cn-p-0015/owQ4QEAV9HcnAcDpcF06frfPU24AVEDgNdACBU""]",720,720,720,720,,,,,,,,
7609975965518860614,2026-05-10 18:27:23.871282,image-cut-tos-priv/abc6f6c636763c2a097f54e27597f0c4,"[""https://p3-pc-sign.douyinpic.com/obj/c8510002be9a3a61aad2?lk3s=138a59ce&x-expires=1779616800&x-signature=CVOHhEzpGVD%2FDZykxYNOx6i5iD0%3D&from=327834062""]",,,tos-cn-p-0015/oY7CqXBqBwl85mO7WTeMA4axezgBgHeWMIFpQA,"[""tos-cn-p-0015/oY7CqXBqBwl85mO7WTeMA4axezgBgHeWMIFpQA""]",525,360,tos-cn-i-0813c001/oYaGSAhAIExAQqLATfFAfiIevqn7EvBO4IB5dt,"[""tos-cn-i-0813c001/oYaGSAhAIExAQqLATfFAfiIevqn7EvBO4IB5dt""]",720,720,720,720,,,,,,,,
7609979360514182435,2026-05-10 18:27:35.124152,image-cut-tos-priv/25e70aad0f00f7f617ffd176304e0e2a,"[""https://p3-pc-sign.douyinpic.com/obj/c8510002be9a3a61aad2?lk3s=138a59ce&x-expires=1779616800&x-signature=CVOHhEzpGVD%2FDZykxYNOx6i5iD0%3D&from=327834062""]",,,tos-cn-p-0015/oEA8IiMmlZIVAFBQTTsacEPCHxXwGsqyVIiPD,"[""tos-cn-p-0015/oEA8IiMmlZIVAFBQTTsacEPCHxXwGsqyVIiPD""]",640,360,tos-cn-i-dy/35cf866597b7491d878795aab37d9f82,"[""tos-cn-i-dy/35cf866597b7491d878795aab37d9f82""]",720,720,720,720,,,,,,,,
7609980559762943738,2026-05-10 18:27:43.762563,image-cut-tos-priv/532681b0387ca7e3e919a61ebf8a562c,"[""https://p3-pc-sign.douyinpic.com/obj/c8510002be9a3a61aad2?lk3s=138a59ce&x-expires=1779616800&x-signature=CVOHhEzpGVD%2FDZykxYNOx6i5iD0%3D&from=327834062""]",,,tos-cn-p-0015c000-ce/oYCTD4QDIHhLmsKAZgeQOKks7WQfGJDdBeEQOO,"[""tos-cn-p-0015c000-ce/oYCTD4QDIHhLmsKAZgeQOKks7WQfGJDdBeEQOO""]",640,360,tos-cn-i-0813c000-ce/oQAeAfb6DEEpFAqAE4EKBMIgnCnQXcBwqi9bUA,"[""tos-cn-i-0813c000-ce/oQAeAfb6DEEpFAqAE4EKBMIgnCnQXcBwqi9bUA""]",720,720,720,720,,,,,,,,
7609980930032518521,2026-05-10 18:27:48.877657,image-cut-tos-priv/78013df1e86b939806aad7ae345d7a16,"[""https://p3-pc-sign.douyinpic.com/obj/c8510002be9a3a61aad2?lk3s=138a59ce&x-expires=1779616800&x-signature=CVOHhEzpGVD%2FDZykxYNOx6i5iD0%3D&from=327834062""]",,,tos-cn-p-0015c000-ce/oI8jX5IIIJgTvYOeMFLQczm7ZVmeaBAPGDC7Af,"[""tos-cn-p-0015c000-ce/oI8jX5IIIJgTvYOeMFLQczm7ZVmeaBAPGDC7Af""]",640,360,tos-cn-i-0813c000-ce/ocAiAqIc8AAkVFMBAEZOWzCVP0gXw2PBVcaPi,"[""tos-cn-i-0813c000-ce/ocAiAqIc8AAkVFMBAEZOWzCVP0gXw2PBVcaPi""]",720,720,720,720,,,,,,,,
7609983204430269737,2026-05-10 18:27:56.823398,image-cut-tos-priv/d9af102165ae09732a3309917f5b2f1b,"[""https://p3-pc-sign.douyinpic.com/obj/c8510002be9a3a61aad2?lk3s=138a59ce&x-expires=1779616800&x-signature=CVOHhEzpGVD%2FDZykxYNOx6i5iD0%3D&from=327834062""]",,,tos-cn-p-0015/oQGe4ee6D2vBTLVBJzKCAFGGIOQBLQtA7Acqna,"[""tos-cn-p-0015/oQGe4ee6D2vBTLVBJzKCAFGGIOQBLQtA7Acqna""]",640,360,tos-cn-i-dy/1912d0293432420b960aef28ac6baba3,"[""tos-cn-i-dy/1912d0293432420b960aef28ac6baba3""]",720,720,720,720,,,,,,,,
7609983487164075316,2026-05-10 18:28:01.670305,image-cut-tos-priv/95e5f575bb665e29320144a504db4214,"[""https://p3-pc-sign.douyinpic.com/obj/c8510002be9a3a61aad2?lk3s=138a59ce&x-expires=1779616800&x-signature=CVOHhEzpGVD%2FDZykxYNOx6i5iD0%3D&from=327834062""]",,,tos-cn-p-0015/oEL9f2CTOA1XBe3CIIiCk7LCaq4eQg7CBMgAQG,"[""tos-cn-p-0015/oEL9f2CTOA1XBe3CIIiCk7LCaq4eQg7CBMgAQG""]",576,360,tos-cn-i-0629/ogA8Eis9cZIlJLBgvgjadj1AAMS0CymuAIiP8,"[""tos-cn-i-0629/ogA8Eis9cZIlJLBgvgjadj1AAMS0CymuAIiP8""]",720,720,720,720,,,,,,,,
7609997637932461477,2026-05-10 18:28:13.203936,image-cut-tos-priv/c523bfc4e40944ed4687067af6d116d2,"[""https://p3-pc-sign.douyinpic.com/obj/c8510002be9a3a61aad2?lk3s=138a59ce&x-expires=1779616800&x-signature=CVOHhEzpGVD%2FDZykxYNOx6i5iD0%3D&from=327834062""]",,,tos-cn-p-0015c000-ce/o8NPasiJzIwIZkiZ7xPikV2XcvLASA1jBAMJG,"[""tos-cn-p-0015c000-ce/o8NPasiJzIwIZkiZ7xPikV2XcvLASA1jBAMJG""]",360,640,tos-cn-i-0813c000-ce/ocCIAJfJEFDBOcOFccGGeJV7kjALAAEgAqRTIf,"[""tos-cn-i-0813c000-ce/ocCIAJfJEFDBOcOFccGGeJV7kjALAAEgAqRTIf""]",720,720,720,720,,,,,,,,
7609998904545659882,2026-05-10 18:28:17.909027,image-cut-tos-priv/60231b4037366da4ad0c1d35f7684148,"[""https://p3-pc-sign.douyinpic.com/obj/c8510002be9a3a61aad2?lk3s=138a59ce&x-expires=1779616800&x-signature=CVOHhEzpGVD%2FDZykxYNOx6i5iD0%3D&from=327834062""]",,,tos-cn-p-0015/oA9LEDERge2MEURfjeId4gJBm2eSKGwicEIAAC,"[""tos-cn-p-0015/oA9LEDERge2MEURfjeId4gJBm2eSKGwicEIAAC""]",360,640,tos-cn-i-0813c001/ooAfCFWmAa397DwkIeJAuEAaCBEAnpbDgACcEF,"[""tos-cn-i-0813c001/ooAfCFWmAa397DwkIeJAuEAaCBEAnpbDgACcEF""]",720,720,720,720,,,,,,,,
7609999300039517029,2026-05-10 18:28:27.713004,image-cut-tos-priv/b8867b5c949f4213db012dba5940bc93,"[""https://p3-pc-sign.douyinpic.com/obj/c8510002be9a3a61aad2?lk3s=138a59ce&x-expires=1779616800&x-signature=CVOHhEzpGVD%2FDZykxYNOx6i5iD0%3D&from=327834062""]",,,tos-cn-p-0015c000-ce/o0ckwzBAVI0EiSCHBofBer1Lg9Y0JhAVAiEA7I,"[""tos-cn-p-0015c000-ce/o0ckwzBAVI0EiSCHBofBer1Lg9Y0JhAVAiEA7I""]",640,360,tos-cn-i-0813c000-ce/oABiqqCCADAEZBw6iAJXZacsCmIMlgPvAAwMn,"[""tos-cn-i-0813c000-ce/oABiqqCCADAEZBw6iAJXZacsCmIMlgPvAAwMn""]",720,720,720,720,,,,,,,,
7610008079488355603,2026-05-10 18:28:32.189281,image-cut-tos-priv/8f3d5057fadd67b474dc0b9bafa2288e,"[""https://p9-pc-sign.douyinpic.com/obj/c8510002be9a3a61aad2?lk3s=138a59ce&x-expires=1779616800&x-signature=gw1NPbrtEB1OKGLee4yRrhASt4E%3D&from=327834062""]",,,tos-cn-p-0015/oUHxwc3IJowIAiztzZwFPkviQLxCBEaBEcnIA,"[""tos-cn-p-0015/oUHxwc3IJowIAiztzZwFPkviQLxCBEaBEcnIA""]",640,360,tos-cn-i-0629/oEApApDCgqvEnHFVOUQA9OANRdgfyjg4AEnIeD,"[""tos-cn-i-0629/oEApApDCgqvEnHFVOUQA9OANRdgfyjg4AEnIeD""]",720,720,720,720,,,,,,,,
7610013931079276965,2026-05-10 18:28:44.925174,image-cut-tos-priv/7d2dcb2a0183fd204e8afe8f7e449b56,"[""https://p3-pc-sign.douyinpic.com/obj/c8510002be9a3a61aad2?lk3s=138a59ce&x-expires=1779616800&x-signature=CVOHhEzpGVD%2FDZykxYNOx6i5iD0%3D&from=327834062""]",,,tos-cn-p-0015c000-ce/o8DEoExCCQMngFLAzoafem93TrpGB9wkcpQDAE,"[""tos-cn-p-0015c000-ce/o8DEoExCCQMngFLAzoafem93TrpGB9wkcpQDAE""]",576,360,tos-cn-i-0813c000-ce/oEQFOtZACGMGJvYnAAA7MZeGBrJLcMITgEeIfy,"[""tos-cn-i-0813c000-ce/oEQFOtZACGMGJvYnAAA7MZeGBrJLcMITgEeIfy""]",720,720,720,720,,,,,,,,
7610015342609354035,2026-05-10 18:28:56.781419,image-cut-tos-priv/088e64e79a2e9aee7174b52563388aaf,"[""https://p3-pc-sign.douyinpic.com/obj/c8510002be9a3a61aad2?lk3s=138a59ce&x-expires=1779616800&x-signature=CVOHhEzpGVD%2FDZykxYNOx6i5iD0%3D&from=327834062""]",,,tos-cn-p-0015/ocTBRAfEBgnRpuINKIBM9FAUhAICFjABDe6DNc,"[""tos-cn-p-0015/ocTBRAfEBgnRpuINKIBM9FAUhAICFjABDe6DNc""]",640,360,tos-cn-i-dy/1ed2419c25ab49078c319bbd03fe96ef,"[""tos-cn-i-dy/1ed2419c25ab49078c319bbd03fe96ef""]",720,720,720,720,,,,,,,,
7610016137169866018,2026-05-10 18:29:12.082743,image-cut-tos-priv/e287fdd751e17ba2c4c8c11b9679a592,"[""https://p3-pc-sign.douyinpic.com/obj/c8510002be9a3a61aad2?lk3s=138a59ce&x-expires=1779616800&x-signature=CVOHhEzpGVD%2FDZykxYNOx6i5iD0%3D&from=327834062""]",,,tos-cn-p-0015/o0emaGgdGg0fs4GpAcLEEA7FuCeFTTBgIKAUBO,"[""tos-cn-p-0015/o0emaGgdGg0fs4GpAcLEEA7FuCeFTTBgIKAUBO""]",640,360,tos-cn-i-dy/86f6cb37b55c41288f4b8ae16ca33570,"[""tos-cn-i-dy/86f6cb37b55c41288f4b8ae16ca33570""]",720,720,720,720,,,,,,,,
7610016358876712228,2026-05-10 18:29:26.877063,image-cut-tos-priv/83f9a95e8bc2e6b3c9cda6958e504af0,"[""https://p3-pc-sign.douyinpic.com/obj/c8510002be9a3a61aad2?lk3s=138a59ce&x-expires=1779616800&x-signature=CVOHhEzpGVD%2FDZykxYNOx6i5iD0%3D&from=327834062""]",,,tos-cn-p-0015/oojNkfBhIIuzzcLBGNTBcGiCOIqfatveAAKLG7,"[""tos-cn-p-0015/oojNkfBhIIuzzcLBGNTBcGiCOIqfatveAAKLG7""]",480,360,tos-cn-i-dy/1e30f90d12044ed8bae612588601691c,"[""tos-cn-i-dy/1e30f90d12044ed8bae612588601691c""]",720,720,720,720,,,,,,,,
7610017325214944558,2026-05-10 18:29:36.086117,image-cut-tos-priv/970ed83303275e21187626ef01673f13,"[""https://p3-pc-sign.douyinpic.com/obj/c8510002be9a3a61aad2?lk3s=138a59ce&x-expires=1779616800&x-signature=CVOHhEzpGVD%2FDZykxYNOx6i5iD0%3D&from=327834062""]",,,tos-cn-p-0015/o8mAYuDEFHKZnNcqp9TSAB8AHeFIINBfgpDyIE,"[""tos-cn-p-0015/o8mAYuDEFHKZnNcqp9TSAB8AHeFIINBfgpDyIE""]",640,360,tos-cn-i-dy/a01fdd488f1a464c99ad397e4a6d1357,"[""tos-cn-i-dy/a01fdd488f1a464c99ad397e4a6d1357""]",720,720,720,720,,,,,,,,
7610018474110274835,2026-05-10 18:29:47.218185,image-cut-tos-priv/5ab13a425826cf9cd60351a681392b42,"[""https://p3-pc-sign.douyinpic.com/obj/c8510002be9a3a61aad2?lk3s=138a59ce&x-expires=1779616800&x-signature=CVOHhEzpGVD%2FDZykxYNOx6i5iD0%3D&from=327834062""]",,,tos-cn-p-0015/okaB9AMTXjfROOcce7v4ACbBtaeQQEA8ATGjSQ,"[""tos-cn-p-0015/okaB9AMTXjfROOcce7v4ACbBtaeQQEA8ATGjSQ""]",640,360,tos-cn-i-dy/a180512cfec24fd7b841740c7f108514,"[""tos-cn-i-dy/a180512cfec24fd7b841740c7f108514""]",720,720,720,720,,,,,,,,
7610019331821857509,2026-05-10 18:29:51.107317,image-cut-tos-priv/8e5460c7debc93740f99338b7dd26692,"[""https://p3-pc-sign.douyinpic.com/obj/c8510002be9a3a61aad2?lk3s=138a59ce&x-expires=1779616800&x-signature=CVOHhEzpGVD%2FDZykxYNOx6i5iD0%3D&from=327834062""]",,,tos-cn-p-0015c000-ce/oAf90nEWWF9WOceGAbQhO5wIDfA2FEBMuCrpDI,"[""tos-cn-p-0015c000-ce/oAf90nEWWF9WOceGAbQhO5wIDfA2FEBMuCrpDI""]",640,360,tos-cn-i-0813c000-ce/o4AA4FdEhnmIDc3A9fDEDgAiweEfEEAQ3pYII0,"[""tos-cn-i-0813c000-ce/o4AA4FdEhnmIDc3A9fDEDgAiweEfEEAQ3pYII0""]",720,720,720,720,,,,,,,,
7610019806670032143,2026-05-10 18:29:58.917515,,,,,,,,,,,,,300,318,,,,,,,,
7610023539684527395,2026-05-10 18:30:01.758836,image-cut-tos-priv/3acbecb9c19b7637ec2aa5c8113b8705,"[""https://p3-pc-sign.douyinpic.com/obj/c8510002be9a3a61aad2?lk3s=138a59ce&x-expires=1779616800&x-signature=CVOHhEzpGVD%2FDZykxYNOx6i5iD0%3D&from=327834062""]",,,tos-cn-p-0015/ow3zBfzRAiHCILPjTA0giBwcIwehAbyL2AR6ks,"[""tos-cn-p-0015/ow3zBfzRAiHCILPjTA0giBwcIwehAbyL2AR6ks""]",640,360,tos-cn-i-dy/34bb64740c184ef885c44b1a82880b49,"[""tos-cn-i-dy/34bb64740c184ef885c44b1a82880b49""]",720,720,720,720,,,,,,,,
7610026352292498740,2026-05-10 18:30:04.612248,,,,,,,,,,,,,300,318,,,,,,,,
7610029518489822137,2026-05-10 18:30:07.015205,,,,,,,,,,,,,300,318,,,,,,,,
7610031393782975785,2026-05-10 18:30:09.407903,image-cut-tos-priv/e8c146373cc4f2ec95a3464af7029966,"[""https://p3-pc-sign.douyinpic.com/obj/c8510002be9a3a61aad2?lk3s=138a59ce&x-expires=1779616800&x-signature=CVOHhEzpGVD%2FDZykxYNOx6i5iD0%3D&from=327834062""]",,,tos-cn-p-0015/oUDtaEfBJIQnxFFA9CJfm377m9yUB9gBcpIEAA,"[""tos-cn-p-0015/oUDtaEfBJIQnxFFA9CJfm377m9yUB9gBcpIEAA""]",640,360,tos-cn-i-dy/3eada0a9fe9e49f2848f7c4409cc1775,"[""tos-cn-i-dy/3eada0a9fe9e49f2848f7c4409cc1775""]",720,720,720,720,,,,,,,,
7610046082432699686,2026-05-10 18:30:16.471294,image-cut-tos-priv/42ec39ad37b9111dbd9a14ed82321423,"[""https://p3-pc-sign.douyinpic.com/obj/c8510002be9a3a61aad2?lk3s=138a59ce&x-expires=1779616800&x-signature=CVOHhEzpGVD%2FDZykxYNOx6i5iD0%3D&from=327834062""]",,,tos-cn-p-0015/oYAwFgIgC1AiDiEUm99Z5nfi2eB1AB3IbAXpQc,"[""tos-cn-p-0015/oYAwFgIgC1AiDiEUm99Z5nfi2eB1AB3IbAXpQc""]",640,360,tos-cn-i-dy/767094363f544cdd88927b0ca636e314,"[""tos-cn-i-dy/767094363f544cdd88927b0ca636e314""]",720,720,720,720,,,,,,,,
7610051524118498596,2026-05-10 18:30:41.719713,image-cut-tos-priv/5891afa5f0b7f3b93a6b827792f14509,"[""https://p3-pc-sign.douyinpic.com/obj/c8510002be9a3a61aad2?lk3s=138a59ce&x-expires=1779616800&x-signature=CVOHhEzpGVD%2FDZykxYNOx6i5iD0%3D&from=327834062""]",,,tos-cn-p-0015/oIVFpAI1UBDXgrASIBKABLecbNFk9nlEIOJHfT,"[""tos-cn-p-0015/oIVFpAI1UBDXgrASIBKABLecbNFk9nlEIOJHfT""]",640,360,tos-cn-i-dy/b6653d7ecb864aa1a038e2646bdd57a0,"[""tos-cn-i-dy/b6653d7ecb864aa1a038e2646bdd57a0""]",720,720,720,720,,,,,,,,
7610057688260838774,2026-05-10 18:30:48.009195,image-cut-tos-priv/a8629c87657ba06880b81b6a12882cfb,"[""https://p3-pc-sign.douyinpic.com/obj/c8510002be9a3a61aad2?lk3s=138a59ce&x-expires=1779616800&x-signature=CVOHhEzpGVD%2FDZykxYNOx6i5iD0%3D&from=327834062""]",,,tos-cn-p-0015/oMoBBOfEeQAL18AcwFtT4VBFuAZe1CxkTQO7O6,"[""tos-cn-p-0015/oMoBBOfEeQAL18AcwFtT4VBFuAZe1CxkTQO7O6""]",640,360,tos-cn-i-0813c001/oAFAArpIc7eD2CLWgbCtFfEsFAA9CAnls0ITAE,"[""tos-cn-i-0813c001/oAFAArpIc7eD2CLWgbCtFfEsFAA9CAnls0ITAE""]",720,720,720,720,,,,,,,,
7610058367406542089,2026-05-10 18:31:06.449690,image-cut-tos-priv/92f64325e84c4bf2c3d156add489e827,"[""https://p3-pc-sign.douyinpic.com/obj/c8510002be9a3a61aad2?lk3s=138a59ce&x-expires=1779616800&x-signature=CVOHhEzpGVD%2FDZykxYNOx6i5iD0%3D&from=327834062""]",,,tos-cn-p-0015/o4CDYTGf9pETaDAtBfDczuFFrFzngA2IQ3XTIA,"[""tos-cn-p-0015/o4CDYTGf9pETaDAtBfDczuFFrFzngA2IQ3XTIA""]",640,360,tos-cn-i-dy/48e58cab828d4f0a8e0d85ac2f6e0566,"[""tos-cn-i-dy/48e58cab828d4f0a8e0d85ac2f6e0566""]",720,720,720,720,,,,,,,,
7610060039767854382,2026-05-10 18:31:15.393005,image-cut-tos-priv/3e4459114e021180cd340594112bf8b7,"[""https://p3-pc-sign.douyinpic.com/obj/c8510002be9a3a61aad2?lk3s=138a59ce&x-expires=1779616800&x-signature=CVOHhEzpGVD%2FDZykxYNOx6i5iD0%3D&from=327834062""]",,,tos-cn-p-0015/o8IcIAAj9XynAZDpuFGsfHaEe0pArEzgNmFYB2,"[""tos-cn-p-0015/o8IcIAAj9XynAZDpuFGsfHaEe0pArEzgNmFYB2""]",640,360,tos-cn-i-0813/oEAAKJIIEBATFEOe8XLacXCeEYsa1BABGEL7Ae,"[""tos-cn-i-0813/oEAAKJIIEBATFEOe8XLacXCeEYsa1BABGEL7Ae""]",720,720,720,720,,,,,,,,
7610064775883672832,2026-05-10 18:31:18.963055,image-cut-tos-priv/0c2e0373add5016f159b8042c36ec898,"[""https://p3-pc-sign.douyinpic.com/obj/c8510002be9a3a61aad2?lk3s=138a59ce&x-expires=1779616800&x-signature=CVOHhEzpGVD%2FDZykxYNOx6i5iD0%3D&from=327834062""]",,,tos-cn-p-0015/oEzxY0GOfABuAGBZAqwcBEIgAieDjzRUECiIAk,"[""tos-cn-p-0015/oEzxY0GOfABuAGBZAqwcBEIgAieDjzRUECiIAk""]",640,360,tos-cn-i-dy/784e7c28fb27489aa3c02b1ee581e2df,"[""tos-cn-i-dy/784e7c28fb27489aa3c02b1ee581e2df""]",720,720,720,720,,,,,,,,
7610069265059695914,2026-05-10 18:31:30.352189,image-cut-tos-priv/ef6dec5a63a89f887d1e8c4a701f2060,"[""https://p3-pc-sign.douyinpic.com/obj/c8510002be9a3a61aad2?lk3s=138a59ce&x-expires=1779616800&x-signature=CVOHhEzpGVD%2FDZykxYNOx6i5iD0%3D&from=327834062""]",,,tos-cn-p-0015/o0w1ZvkiNS8AicGGHIQBaAiPTgIIIPhBiZinx,"[""tos-cn-p-0015/o0w1ZvkiNS8AicGGHIQBaAiPTgIIIPhBiZinx""]",640,360,tos-cn-i-dy/feaa10509c764138b33c24dab5de7815,"[""tos-cn-i-dy/feaa10509c764138b33c24dab5de7815""]",720,720,720,720,,,,,,,,
7610081152968246132,2026-05-10 18:31:48.103714,,,,,,,,,,,,,300,318,,,,,,,,
7610085736536196730,2026-05-10 18:31:53.106913,image-cut-tos-priv/a30cc73e0d7789960227d6552c59deab,"[""https://p3-pc-sign.douyinpic.com/obj/c8510002be9a3a61aad2?lk3s=138a59ce&x-expires=1779616800&x-signature=CVOHhEzpGVD%2FDZykxYNOx6i5iD0%3D&from=327834062""]",,,tos-cn-p-0015c000-ce/owKeIQWvBfQ1YPJcJAMAIdOe7rTgdDmBTOQk8u,"[""tos-cn-p-0015c000-ce/owKeIQWvBfQ1YPJcJAMAIdOe7rTgdDmBTOQk8u""]",640,360,tos-cn-i-0813c000-ce/owAcnsoiAHe8AI9EBCi0AdCBwnoXAE3EfjzA97,"[""tos-cn-i-0813c000-ce/owAcnsoiAHe8AI9EBCi0AdCBwnoXAE3EfjzA97""]",720,720,720,720,,,,,,,,
7610091916838882602,2026-05-10 18:31:57.654575,image-cut-tos-priv/0a942fd1de4959d53b0c163f7af9a5ef,"[""https://p3-pc-sign.douyinpic.com/obj/c8510002be9a3a61aad2?lk3s=138a59ce&x-expires=1779616800&x-signature=CVOHhEzpGVD%2FDZykxYNOx6i5iD0%3D&from=327834062""]",,,tos-cn-p-0015/oAfAmY6rAbLBPKaT7H4CBAEe5Ig3gDLxspNOeG,"[""tos-cn-p-0015/oAfAmY6rAbLBPKaT7H4CBAEe5Ig3gDLxspNOeG""]",640,360,tos-cn-i-dy/08750dc2ab1643c1b8613450bc4c8997,"[""tos-cn-i-dy/08750dc2ab1643c1b8613450bc4c8997""]",720,720,720,720,,,,,,,,
7610125409123863808,2026-05-10 18:32:07.416852,image-cut-tos-priv/640d56d20df186ea43af93b68653b315,"[""https://p3-pc-sign.douyinpic.com/obj/c8510002be9a3a61aad2?lk3s=138a59ce&x-expires=1779616800&x-signature=CVOHhEzpGVD%2FDZykxYNOx6i5iD0%3D&from=327834062""]",,,tos-cn-p-0015/oUKFfADnMmeAyF9EpiL2iDNAgQGcBKFQOAtJEO,"[""tos-cn-p-0015/oUKFfADnMmeAyF9EpiL2iDNAgQGcBKFQOAtJEO""]",640,360,tos-cn-i-dy/ae0365da3bb04fbc9baa16810ba69678,"[""tos-cn-i-dy/ae0365da3bb04fbc9baa16810ba69678""]",720,720,720,720,,,,,,,,
7610216460324982057,2026-05-10 18:32:22.349319,image-cut-tos-priv/16585587a62326a6a2c50981e55a6b0c,"[""https://p3-pc-sign.douyinpic.com/obj/c8510002be9a3a61aad2?lk3s=138a59ce&x-expires=1779616800&x-signature=CVOHhEzpGVD%2FDZykxYNOx6i5iD0%3D&from=327834062""]",,,tos-cn-p-0015/o4fz2mzwcpmgDr0LCAgGfNO4vheAGtgYCe0EI6,"[""tos-cn-p-0015/o4fz2mzwcpmgDr0LCAgGfNO4vheAGtgYCe0EI6""]",640,360,tos-cn-i-dy/010b7155117d42ef9a1ab02838da820d,"[""tos-cn-i-dy/010b7155117d42ef9a1ab02838da820d""]",720,720,720,720,,,,,,,,
7610255093421690127,2026-05-10 18:32:29.307197,image-cut-tos-priv/b69f7c9b9e62d764ef3463a64da1eba6,"[""https://p3-pc-sign.douyinpic.com/obj/c8510002be9a3a61aad2?lk3s=138a59ce&x-expires=1779616800&x-signature=CVOHhEzpGVD%2FDZykxYNOx6i5iD0%3D&from=327834062""]",,,tos-cn-p-0015/oweulAhiA7NIxAs09oNiiM7zIBGfK66d1gBDAb,"[""tos-cn-p-0015/oweulAhiA7NIxAs09oNiiM7zIBGfK66d1gBDAb""]",360,640,tos-cn-i-dy/e52759a03fa74751a7c2116a23a88070,"[""tos-cn-i-dy/e52759a03fa74751a7c2116a23a88070""]",720,720,720,720,,,,,,,,
7610261944881482082,2026-05-10 18:32:34.435748,image-cut-tos-priv/2edc514c0857380de93acca818c99fd5,"[""https://p9-pc-sign.douyinpic.com/obj/c8510002be9a3a61aad2?lk3s=138a59ce&x-expires=1779616800&x-signature=gw1NPbrtEB1OKGLee4yRrhASt4E%3D&from=327834062""]",,,tos-cn-p-0015/oo2SFaiPdKQyIyACVgTIA3QgJCZ0IP3KiBVHP,"[""tos-cn-p-0015/oo2SFaiPdKQyIyACVgTIA3QgJCZ0IP3KiBVHP""]",360,640,tos-cn-i-0813c001/oUFAAibBgSACsp6ifA0eAAA9EYdiOzI7o1vCgC,"[""tos-cn-i-0813c001/oUFAAibBgSACsp6ifA0eAAA9EYdiOzI7o1vCgC""]",720,720,720,720,,,,,,,,
7610263457007076307,2026-05-10 18:32:44.386648,image-cut-tos-priv/a808896220be3d6ab074ed147fb335e7,"[""https://p3-pc-sign.douyinpic.com/obj/c8510002be9a3a61aad2?lk3s=138a59ce&x-expires=1779616800&x-signature=CVOHhEzpGVD%2FDZykxYNOx6i5iD0%3D&from=327834062""]",,,tos-cn-p-0015/okp6DXd5vBGIRAF9yAvIfl1BknA2gMfaIRFDET,"[""tos-cn-p-0015/okp6DXd5vBGIRAF9yAvIfl1BknA2gMfaIRFDET""]",360,640,tos-cn-i-0813/oAwtuakIP0lZiAUilAB1WwITiAgAdCFCPBAiE,"[""tos-cn-i-0813/oAwtuakIP0lZiAUilAB1WwITiAgAdCFCPBAiE""]",720,720,720,720,,,,,,,,
7610264285923398574,2026-05-10 18:32:54.315035,image-cut-tos-priv/ebaa88df6a65462b514f0312b7875bad,"[""https://p3-pc-sign.douyinpic.com/obj/c8510002be9a3a61aad2?lk3s=138a59ce&x-expires=1779616800&x-signature=CVOHhEzpGVD%2FDZykxYNOx6i5iD0%3D&from=327834062""]",,,tos-cn-p-0015/ocGBiBRLoA7q76ldIBlxifCXDFz70IAvPAQeg3,"[""tos-cn-p-0015/ocGBiBRLoA7q76ldIBlxifCXDFz70IAvPAQeg3""]",360,640,tos-cn-i-0813c001/oQb6cphAEbQRAFeEFADIAgALbLAnCCDnAQhf9J,"[""tos-cn-i-0813c001/oQb6cphAEbQRAFeEFADIAgALbLAnCCDnAQhf9J""]",720,720,720,720,,,,,,,,
7610277370319237105,2026-05-10 18:33:05.428055,image-cut-tos-priv/b62e7f1ad5d5b312f8548039004efc08,"[""https://p3-pc-sign.douyinpic.com/obj/c8510002be9a3a61aad2?lk3s=138a59ce&x-expires=1779616800&x-signature=CVOHhEzpGVD%2FDZykxYNOx6i5iD0%3D&from=327834062""]",,,tos-cn-p-0015c000-ce/oI6Mi9EIIEwpacnftIFnda6fZvLBAAAyDBS9Ah,"[""tos-cn-p-0015c000-ce/oI6Mi9EIIEwpacnftIFnda6fZvLBAAAyDBS9Ah""]",640,360,tos-cn-i-0813c000-ce/o8nTfKXfAAA5A7ARgILsOROGPeLZvckIJBFE6Q,"[""tos-cn-i-0813c000-ce/o8nTfKXfAAA5A7ARgILsOROGPeLZvckIJBFE6Q""]",720,720,720,720,,,,,,,,
7610279230388551141,2026-05-10 18:33:21.647570,image-cut-tos-priv/e95524634139ea0d39925987013e6d03,"[""https://p3-pc-sign.douyinpic.com/obj/c8510002be9a3a61aad2?lk3s=138a59ce&x-expires=1779616800&x-signature=CVOHhEzpGVD%2FDZykxYNOx6i5iD0%3D&from=327834062""]",,,tos-cn-p-0015c000-ce/oAQH89BpQndJKFEJnSeDKwCAnCEfAnR4RQlWES,"[""tos-cn-p-0015c000-ce/oAQH89BpQndJKFEJnSeDKwCAnCEfAnR4RQlWES""]",360,640,tos-cn-i-0813c000-ce/o4vKHEA3q1AAAO0BCMxIJippLqdnRacPokZAi,"[""tos-cn-i-0813c000-ce/o4vKHEA3q1AAAO0BCMxIJippLqdnRacPokZAi""]",720,720,720,720,,,,,,,,
7610281531420843611,2026-05-10 18:33:33.660549,image-cut-tos-priv/fa653e73d6e6ec0629d938052255a806,"[""https://p3-pc-sign.douyinpic.com/obj/c8510002be9a3a61aad2?lk3s=138a59ce&x-expires=1779616800&x-signature=CVOHhEzpGVD%2FDZykxYNOx6i5iD0%3D&from=327834062""]",,,tos-cn-p-0015/ocArBBsTGIxAq7lQr8deCLJOeG0iBkQzawDPeA,"[""tos-cn-p-0015/ocArBBsTGIxAq7lQr8deCLJOeG0iBkQzawDPeA""]",506,360,tos-cn-p-0015/ogqOGIxIGPQrkCJaAIetAHB0DLBeSTBBQze7nd,"[""tos-cn-p-0015/ogqOGIxIGPQrkCJaAIetAHB0DLBeSTBBQze7nd""]",720,720,720,720,,,,,,,,
7610283350162545265,2026-05-10 18:33:38.426475,image-cut-tos-priv/ed8ba37ef893229c3532833945123247,"[""https://p3-pc-sign.douyinpic.com/obj/c8510002be9a3a61aad2?lk3s=138a59ce&x-expires=1779616800&x-signature=CVOHhEzpGVD%2FDZykxYNOx6i5iD0%3D&from=327834062""]",,,tos-cn-p-0015c000-ce/oAaJdIMQXtBhOKdpS7meADfBWn7IIOC8gTkfRQ,"[""tos-cn-p-0015c000-ce/oAaJdIMQXtBhOKdpS7meADfBWn7IIOC8gTkfRQ""]",360,640,tos-cn-p-0015c000-ce/okKnBXWBQISIg2Ofkd8deWhA73fYTMO7JEAIDH,"[""tos-cn-p-0015c000-ce/okKnBXWBQISIg2Ofkd8deWhA73fYTMO7JEAIDH""]",720,720,720,720,,,,,,,,
7610294222368836891,2026-05-10 18:33:49.635940,image-cut-tos-priv/1c07f7a22916ef7ae3526b2016865773,"[""https://p3-pc-sign.douyinpic.com/obj/c8510002be9a3a61aad2?lk3s=138a59ce&x-expires=1779616800&x-signature=CVOHhEzpGVD%2FDZykxYNOx6i5iD0%3D&from=327834062""]",,,tos-cn-p-0015/oQMoiAAiEIZ02eCgIxAzKdIpQTMNBf1BDnz0hd,"[""tos-cn-p-0015/oQMoiAAiEIZ02eCgIxAzKdIpQTMNBf1BDnz0hd""]",640,360,tos-cn-i-dy/74c94e25a15f4740bc5cf3a4229fbe0e,"[""tos-cn-i-dy/74c94e25a15f4740bc5cf3a4229fbe0e""]",720,720,720,720,,,,,,,,
7610300216243162414,2026-05-10 18:34:04.215859,image-cut-tos-priv/767095eccc65c0cffbd47a5757bbacce,"[""https://p3-pc-sign.douyinpic.com/obj/c8510002be9a3a61aad2?lk3s=138a59ce&x-expires=1779616800&x-signature=CVOHhEzpGVD%2FDZykxYNOx6i5iD0%3D&from=327834062""]",,,tos-cn-p-0015/oEbAcECDgEvBbVwFfOp9ABAuQj648nQyT6eMbC,"[""tos-cn-p-0015/oEbAcECDgEvBbVwFfOp9ABAuQj648nQyT6eMbC""]",576,360,tos-cn-i-dy/420ed284739a44df9f12bd24bc7e823f,"[""tos-cn-i-dy/420ed284739a44df9f12bd24bc7e823f""]",720,720,720,720,,,,,,,,
7610303805573954555,2026-05-10 18:34:14.248836,image-cut-tos-priv/ff9d7db1b5c833d1386fcb2af259646a,"[""https://p3-pc-sign.douyinpic.com/obj/c8510002be9a3a61aad2?lk3s=138a59ce&x-expires=1779616800&x-signature=CVOHhEzpGVD%2FDZykxYNOx6i5iD0%3D&from=327834062""]",,,tos-cn-p-0015c000-ce/oU0aIdaAABiPcwthmO1Cfix9zEezUINAepzdwB,"[""tos-cn-p-0015c000-ce/oU0aIdaAABiPcwthmO1Cfix9zEezUINAepzdwB""]",360,640,tos-cn-p-0015c000-ce/oImzDCeB0CO9aqciiNdpcAIAAEddfzKwNeIxaU,"[""tos-cn-p-0015c000-ce/oImzDCeB0CO9aqciiNdpcAIAAEddfzKwNeIxaU""]",720,720,720,720,,,,,,,,
7610309340989279539,2026-05-10 18:34:19.541795,image-cut-tos-priv/01af90f301c6f464d64544f84c887ed3,"[""https://p3-pc-sign.douyinpic.com/obj/c8510002be9a3a61aad2?lk3s=138a59ce&x-expires=1779616800&x-signature=CVOHhEzpGVD%2FDZykxYNOx6i5iD0%3D&from=327834062""]",,,tos-cn-p-0015/ogQGTODtqh1nBCAfik8BoAeAIGECdWSQ4AeL7Q,"[""tos-cn-p-0015/ogQGTODtqh1nBCAfik8BoAeAIGECdWSQ4AeL7Q""]",480,360,tos-cn-i-0629/oE4pEvAngS5VAEoLpAICyjFWnUAdDUfRC6AeDA,"[""tos-cn-i-0629/oE4pEvAngS5VAEoLpAICyjFWnUAdDUfRC6AeDA""]",720,720,720,720,,,,,,,,
7610310569521925410,2026-05-10 18:34:28.637159,,,,,,,,,,,,,300,318,,,,,,,,
7610311173065477403,2026-05-10 18:34:33.331082,image-cut-tos-priv/d1e5ece8f091452caf011e496ac6ee51,"[""https://p9-pc-sign.douyinpic.com/obj/c8510002be9a3a61aad2?lk3s=138a59ce&x-expires=1779616800&x-signature=gw1NPbrtEB1OKGLee4yRrhASt4E%3D&from=327834062""]",,,tos-cn-p-0015/o06ATIyRdkpAO7zQQzE2BFnA9AdDegCCnIfqhU,"[""tos-cn-p-0015/o06ATIyRdkpAO7zQQzE2BFnA9AdDegCCnIfqhU""]",640,360,tos-cn-i-dy/fe514bce6de343fb9998607b0f14b476,"[""tos-cn-i-dy/fe514bce6de343fb9998607b0f14b476""]",720,720,720,720,,,,,,,,
7610314949809818890,2026-05-10 18:34:42.786429,image-cut-tos-priv/c351e9c637a234e5136b0d90af2aba57,"[""https://p3-pc-sign.douyinpic.com/obj/c8510002be9a3a61aad2?lk3s=138a59ce&x-expires=1779616800&x-signature=CVOHhEzpGVD%2FDZykxYNOx6i5iD0%3D&from=327834062""]",,,tos-cn-p-0015/oguQ2RejQIfBEcOCRdMM8B87WhAWB9oAec4TQI,"[""tos-cn-p-0015/oguQ2RejQIfBEcOCRdMM8B87WhAWB9oAec4TQI""]",640,360,tos-cn-i-dy/653a3ac5e7264466afa67759cbc3ebf9,"[""tos-cn-i-dy/653a3ac5e7264466afa67759cbc3ebf9""]",720,720,720,720,,,,,,,,
7610319571144449509,2026-05-10 18:34:56.291938,image-cut-tos-priv/768cbf70cbe560e6190c3161bdb921d1,"[""https://p3-pc-sign.douyinpic.com/obj/c8510002be9a3a61aad2?lk3s=138a59ce&x-expires=1779616800&x-signature=CVOHhEzpGVD%2FDZykxYNOx6i5iD0%3D&from=327834062""]",,,tos-cn-p-0015c000-ce/oAXJgBgMTpJLfVe1DGXQgHMNBOA7ehMggI8LOo,"[""tos-cn-p-0015c000-ce/oAXJgBgMTpJLfVe1DGXQgHMNBOA7ehMggI8LOo""]",640,360,tos-cn-p-0015c000-ce/oEPNHjAmQIqfTTnJokTB6GwDOQfLOFlegAELk7,"[""tos-cn-p-0015c000-ce/oEPNHjAmQIqfTTnJokTB6GwDOQfLOFlegAELk7""]",720,720,720,720,,,,,,,,
7610320147886132515,2026-05-10 18:35:03.311960,image-cut-tos-priv/ff8ba60e1827820ddbb3b21ecfbd4ad9,"[""https://p9-pc-sign.douyinpic.com/obj/c8510002be9a3a61aad2?lk3s=138a59ce&x-expires=1779616800&x-signature=gw1NPbrtEB1OKGLee4yRrhASt4E%3D&from=327834062""]",,,tos-cn-p-0015/owfHSUyDnBAFCY0IBI3npxACftighp35DA9dEC,"[""tos-cn-p-0015/owfHSUyDnBAFCY0IBI3npxACftighp35DA9dEC""]",640,360,tos-cn-i-dy/431e5de2a0d7440690966edeeea5a1cb,"[""tos-cn-i-dy/431e5de2a0d7440690966edeeea5a1cb""]",720,720,720,720,,,,,,,,
7610326779017858331,2026-05-10 18:35:13.533071,image-cut-tos-priv/9579d8e606ce2724f86900afd6988329,"[""https://p3-pc-sign.douyinpic.com/obj/c8510002be9a3a61aad2?lk3s=138a59ce&x-expires=1779616800&x-signature=CVOHhEzpGVD%2FDZykxYNOx6i5iD0%3D&from=327834062""]",,,tos-cn-p-0015/o8Ud5pQfEDXUAFDinBNINgAUSUWnBCD6AIBf9I,"[""tos-cn-p-0015/o8Ud5pQfEDXUAFDinBNINgAUSUWnBCD6AIBf9I""]",640,360,tos-cn-i-dy/1a64e582d9d74a7385622e3f3641cc3b,"[""tos-cn-i-dy/1a64e582d9d74a7385622e3f3641cc3b""]",720,720,720,720,,,,,,,,
7610331942675829723,2026-05-10 18:35:25.152420,image-cut-tos-priv/89a308cf8376d399e8bb56c79cc10666,"[""https://p3-pc-sign.douyinpic.com/obj/c8510002be9a3a61aad2?lk3s=138a59ce&x-expires=1779616800&x-signature=CVOHhEzpGVD%2FDZykxYNOx6i5iD0%3D&from=327834062""]",,,tos-cn-p-0015/oMnAd8FnbQDi34HAOwhgfJETp6QS9eRACcTVqB,"[""tos-cn-p-0015/oMnAd8FnbQDi34HAOwhgfJETp6QS9eRACcTVqB""]",360,640,tos-cn-i-0813/o0wASCFnxEDJVgAASfAgfpE0pdIV9NlACAJVVC,"[""tos-cn-i-0813/o0wASCFnxEDJVgAASfAgfpE0pdIV9NlACAJVVC""]",720,720,720,720,,,,,,,,
7610338643235966217,2026-05-10 18:35:38.882717,image-cut-tos-priv/97322b6366b9ecb6c04fe14466f0252a,"[""https://p3-pc-sign.douyinpic.com/obj/c8510002be9a3a61aad2?lk3s=138a59ce&x-expires=1779616800&x-signature=CVOHhEzpGVD%2FDZykxYNOx6i5iD0%3D&from=327834062""]",,,tos-cn-p-0015/oAyg72WLAZxAqwD0eMvBAuIpviIUIAidBOtzfB,"[""tos-cn-p-0015/oAyg72WLAZxAqwD0eMvBAuIpviIUIAidBOtzfB""]",640,360,tos-cn-i-dy/99387074ca994db2a56ba3c0e6bf9627,"[""tos-cn-i-dy/99387074ca994db2a56ba3c0e6bf9627""]",720,720,720,720,,,,,,,,
7610339422060892025,2026-05-10 18:35:45.619927,image-cut-tos-priv/078dfcf07bf87353880348300908e6fb,"[""https://p3-pc-sign.douyinpic.com/obj/c8510002be9a3a61aad2?lk3s=138a59ce&x-expires=1779616800&x-signature=CVOHhEzpGVD%2FDZykxYNOx6i5iD0%3D&from=327834062""]",,,tos-cn-p-0015c000-ce/o81pAaxYIiBdFSHJxXbi2AFIPBaWMD0BvFBZy,"[""tos-cn-p-0015c000-ce/o81pAaxYIiBdFSHJxXbi2AFIPBaWMD0BvFBZy""]",360,640,tos-cn-p-0015c000-ce/oIIadZWQivxi1XBIAyFJBPASbM0BCFiH42FMa,"[""tos-cn-p-0015c000-ce/oIIadZWQivxi1XBIAyFJBPASbM0BCFiH42FMa""]",720,720,720,720,,,,,,,,
7610346419286740275,2026-05-10 18:36:01.456526,image-cut-tos-priv/bdd08b9ad56535760310d2ad17938885,"[""https://p3-pc-sign.douyinpic.com/obj/c8510002be9a3a61aad2?lk3s=138a59ce&x-expires=1779616800&x-signature=CVOHhEzpGVD%2FDZykxYNOx6i5iD0%3D&from=327834062""]",,,tos-cn-p-0015/oUzAOBirdbBtengbCu0hi5dAf8CAa0IAYJI8X6,"[""tos-cn-p-0015/oUzAOBirdbBtengbCu0hi5dAf8CAa0IAYJI8X6""]",640,360,tos-cn-i-dy/3b3e471d56d64e6cb00da484110fec13,"[""tos-cn-i-dy/3b3e471d56d64e6cb00da484110fec13""]",720,720,720,720,,,,,,,,
7610350234136251688,2026-05-10 18:36:12.861304,image-cut-tos-priv/2366870b17a0db87858afac37d6b8da9,"[""https://p3-pc-sign.douyinpic.com/obj/c8510002be9a3a61aad2?lk3s=138a59ce&x-expires=1779616800&x-signature=CVOHhEzpGVD%2FDZykxYNOx6i5iD0%3D&from=327834062""]",,,tos-cn-p-0015/oEadT1NiIBYQYEaIAVItIIPdvZiAP5dGwYZqI,"[""tos-cn-p-0015/oEadT1NiIBYQYEaIAVItIIPdvZiAP5dGwYZqI""]",640,360,tos-cn-i-0629/osTPEifYQAMME8dOIhAemBB9ArLdDae1bAYGOI,"[""tos-cn-i-0629/osTPEifYQAMME8dOIhAemBB9ArLdDae1bAYGOI""]",720,720,720,720,,,,,,,,
7610354626152211642,2026-05-10 18:36:23.474425,image-cut-tos-priv/43dadd251bdac272d0c385c0bbbb24b1,"[""https://p3-pc-sign.douyinpic.com/obj/c8510002be9a3a61aad2?lk3s=138a59ce&x-expires=1779616800&x-signature=CVOHhEzpGVD%2FDZykxYNOx6i5iD0%3D&from=327834062""]",,,tos-cn-p-0015c000-ce/oMIEWQ2T6upAieR02wETBFnA9EnD7whoLQf8Dh,"[""tos-cn-p-0015c000-ce/oMIEWQ2T6upAieR02wETBFnA9EnD7whoLQf8Dh""]",720,360,tos-cn-p-0015c000-ce/ow7TdAh3roDnFiI06zifEBwiwaNxQxIdeDB3Ap,"[""tos-cn-p-0015c000-ce/ow7TdAh3roDnFiI06zifEBwiwaNxQxIdeDB3Ap""]",720,720,720,720,,,,,,,,
7610356720712482809,2026-05-10 18:36:36.336636,,,,,,,,,,,,,300,318,,,,,,,,
7610358803929812233,2026-05-10 18:36:42.763115,image-cut-tos-priv/b555368bd4683b7f11c5fd9d133316a8,"[""https://p3-pc-sign.douyinpic.com/obj/c8510002be9a3a61aad2?lk3s=138a59ce&x-expires=1779616800&x-signature=CVOHhEzpGVD%2FDZykxYNOx6i5iD0%3D&from=327834062""]",,,tos-cn-p-0015/oMLTTTaTOAWTBfrBIMote7bCEZdeQs0ZBuIAQG,"[""tos-cn-p-0015/oMLTTTaTOAWTBfrBIMote7bCEZdeQs0ZBuIAQG""]",640,360,tos-cn-i-dy/783ba6aa65584e7ca2fb69cd78253967,"[""tos-cn-i-dy/783ba6aa65584e7ca2fb69cd78253967""]",720,720,720,720,,,,,,,,
7610363635906432310,2026-05-10 18:36:55.383693,,,,,,,,,,,,,300,318,,,,,,,,
7610365621490418154,2026-05-10 18:37:01.832941,image-cut-tos-priv/ff4871322461033fd5a6134734fa60f4,"[""https://p3-pc-sign.douyinpic.com/obj/c8510002be9a3a61aad2?lk3s=138a59ce&x-expires=1779616800&x-signature=CVOHhEzpGVD%2FDZykxYNOx6i5iD0%3D&from=327834062""]",,,tos-cn-p-0015/oQew8dJEXgImnB0pARBI9cRFhfKoQSACADXBgV,"[""tos-cn-p-0015/oQew8dJEXgImnB0pARBI9cRFhfKoQSACADXBgV""]",640,360,tos-cn-i-0813c001/oQAT5XElDQEak6sLAIFACD9QACfBpAAIEfgMAn,"[""tos-cn-i-0813c001/oQAT5XElDQEak6sLAIFACD9QACfBpAAIEfgMAn""]",720,720,720,720,,,,,,,,
7610367327146850426,2026-05-10 18:37:10.258618,image-cut-tos-priv/c5ccbaf0486d76809497323affddaabc,"[""https://p3-pc-sign.douyinpic.com/obj/c8510002be9a3a61aad2?lk3s=138a59ce&x-expires=1779616800&x-signature=CVOHhEzpGVD%2FDZykxYNOx6i5iD0%3D&from=327834062""]",,,tos-cn-p-0015c000-ce/ocpviadSixMGQBdCMPAB1Ia11AI6Pog4PIM0Z,"[""tos-cn-p-0015c000-ce/ocpviadSixMGQBdCMPAB1Ia11AI6Pog4PIM0Z""]",640,360,tos-cn-p-0015c000-ce/oEvd0ix6VZIa1B4BIMaiP9MPIE1DZpgKdAPA1,"[""tos-cn-p-0015c000-ce/oEvd0ix6VZIa1B4BIMaiP9MPIE1DZpgKdAPA1""]",720,720,720,720,,,,,,,,
7610367331545500928,2026-05-10 18:37:20.648576,image-cut-tos-priv/2b687c757e51fcc2b0ff6bd15a404f1c,"[""https://p9-pc-sign.douyinpic.com/obj/c8510002be9a3a61aad2?lk3s=138a59ce&x-expires=1779616800&x-signature=gw1NPbrtEB1OKGLee4yRrhASt4E%3D&from=327834062""]",,,tos-cn-p-0015/o8fQd7mAABBEI1gF0FDxCpQRnQFNtd9SXFwAeo,"[""tos-cn-p-0015/o8fQd7mAABBEI1gF0FDxCpQRnQFNtd9SXFwAeo""]",540,360,tos-cn-i-dy/6446350aa54b4b75b3e42f3bceedb25c,"[""tos-cn-i-dy/6446350aa54b4b75b3e42f3bceedb25c""]",720,720,720,720,,,,,,,,
7610369930764061952,2026-05-10 18:37:28.385909,image-cut-tos-priv/5f5c5d50a325a838928e225f8e2b844f,"[""https://p3-pc-sign.douyinpic.com/obj/c8510002be9a3a61aad2?lk3s=138a59ce&x-expires=1779616800&x-signature=CVOHhEzpGVD%2FDZykxYNOx6i5iD0%3D&from=327834062""]",,,tos-cn-p-0015/ogeTrS7CBqGO9dZIUdL55IE2BmzfIACeulAa5A,"[""tos-cn-p-0015/ogeTrS7CBqGO9dZIUdL55IE2BmzfIACeulAa5A""]",360,640,tos-cn-i-dy/14852977ca1e4f3cb4e88e70ea698376,"[""tos-cn-i-dy/14852977ca1e4f3cb4e88e70ea698376""]",720,720,720,720,,,,,,,,
7610370737342290939,2026-05-10 18:37:39.442431,image-cut-tos-priv/cd1c8a1683ab992ffa17fb8e6a438745,"[""https://p9-pc-sign.douyinpic.com/obj/c8510002be9a3a61aad2?lk3s=138a59ce&x-expires=1779616800&x-signature=gw1NPbrtEB1OKGLee4yRrhASt4E%3D&from=327834062""]",,,tos-cn-p-0015c000-ce/owDhbvyf7TEWUQJMD2D66eFuMe7OgAxQyQ7UQB,"[""tos-cn-p-0015c000-ce/owDhbvyf7TEWUQJMD2D66eFuMe7OgAxQyQ7UQB""]",640,360,tos-cn-i-0813c000-ce/ok7Byfu6ZgV7D8AQAjiEAaFQ7JOFIfoJTZfYAE,"[""tos-cn-i-0813c000-ce/ok7Byfu6ZgV7D8AQAjiEAaFQ7JOFIfoJTZfYAE""]",720,720,720,720,,,,,,,,
7610372789568032051,2026-05-10 18:37:43.535960,image-cut-tos-priv/1091cfc8111eecea84be59adc94e9593,"[""https://p9-pc-sign.douyinpic.com/obj/c8510002be9a3a61aad2?lk3s=138a59ce&x-expires=1779616800&x-signature=gw1NPbrtEB1OKGLee4yRrhASt4E%3D&from=327834062""]",,,tos-cn-p-0015/owRBXcLOUQGbVFBAGodAeeIIT6Q87UbBEIcveC,"[""tos-cn-p-0015/owRBXcLOUQGbVFBAGodAeeIIT6Q87UbBEIcveC""]",640,360,tos-cn-i-dy/a48cf71e08e84ede81880479442fd68c,"[""tos-cn-i-dy/a48cf71e08e84ede81880479442fd68c""]",720,720,720,720,,,,,,,,
7610373639266913542,2026-05-10 18:37:48.699125,image-cut-tos-priv/7caa01bab257bc0cc2a59e65320e23b1,"[""https://p3-pc-sign.douyinpic.com/obj/c8510002be9a3a61aad2?lk3s=138a59ce&x-expires=1779616800&x-signature=CVOHhEzpGVD%2FDZykxYNOx6i5iD0%3D&from=327834062""]",,,tos-cn-p-0015/owQ6QDBA7eROArGTALMve6bqeqXBZIsAEDutCp,"[""tos-cn-p-0015/owQ6QDBA7eROArGTALMve6bqeqXBZIsAEDutCp""]",640,360,tos-cn-i-dy/8b77c47887fb48c29f09ecc76f0dc936,"[""tos-cn-i-dy/8b77c47887fb48c29f09ecc76f0dc936""]",720,720,720,720,,,,,,,,
7610374126213111214,2026-05-10 18:37:53.843281,image-cut-tos-priv/e4bf041de84d7e01b21c8016b8232730,"[""https://p3-pc-sign.douyinpic.com/obj/c8510002be9a3a61aad2?lk3s=138a59ce&x-expires=1779616800&x-signature=CVOHhEzpGVD%2FDZykxYNOx6i5iD0%3D&from=327834062""]",,,tos-cn-p-0015/owQs9f2DBCA8vA86KmfA8hkdIEXp0edMdb0fHz,"[""tos-cn-p-0015/owQs9f2DBCA8vA86KmfA8hkdIEXp0edMdb0fHz""]",523,360,tos-cn-p-0015/ow0B0vDzFqdfOe6XC75IACXB58PQQEDfATuPTE,"[""tos-cn-p-0015/ow0B0vDzFqdfOe6XC75IACXB58PQQEDfATuPTE""]",720,720,720,720,,,,,,,,
7610375415252667658,2026-05-10 18:37:57.811200,image-cut-tos-priv/005bb5e379878f689949ea757e7e233b,"[""https://p3-pc-sign.douyinpic.com/obj/c8510002be9a3a61aad2?lk3s=138a59ce&x-expires=1779616800&x-signature=CVOHhEzpGVD%2FDZykxYNOx6i5iD0%3D&from=327834062""]",,,tos-cn-p-0015/o8KBBO5E4gAv6ZY0Leeb1eFc0AIhTCGpTgk7dL,"[""tos-cn-p-0015/o8KBBO5E4gAv6ZY0Leeb1eFc0AIhTCGpTgk7dL""]",640,360,tos-cn-i-dy/80df216f1cf547b0b933706d96a3f012,"[""tos-cn-i-dy/80df216f1cf547b0b933706d96a3f012""]",720,720,720,720,,,,,,,,
7610376181707201930,2026-05-10 18:38:01.741239,image-cut-tos-priv/43cd76ff864e59a43f89c8448afbf418,"[""https://p3-pc-sign.douyinpic.com/obj/c8510002be9a3a61aad2?lk3s=138a59ce&x-expires=1779616800&x-signature=CVOHhEzpGVD%2FDZykxYNOx6i5iD0%3D&from=327834062""]",,,tos-cn-p-0015c000-ce/o4fVPLuBIQ0QgEOGv6ejeZzA7VB2TG8KJC6NCR,"[""tos-cn-p-0015c000-ce/o4fVPLuBIQ0QgEOGv6ejeZzA7VB2TG8KJC6NCR""]",360,640,tos-cn-i-0813/oUvAjDieCEBgxwAAakAgvLiH0gIbeFyANAsBWC,"[""tos-cn-i-0813/oUvAjDieCEBgxwAAakAgvLiH0gIbeFyANAsBWC""]",720,720,720,720,,,,,,,,
7610377511456754995,2026-05-10 18:38:12.022898,,,,,,,,,,,,,300,318,,,,,,,,
7610379315860510885,2026-05-10 18:38:18.413457,image-cut-tos-priv/5dc0dc66dfc3f9b9bccedf058c0477bb,"[""https://p3-pc-sign.douyinpic.com/obj/c8510002be9a3a61aad2?lk3s=138a59ce&x-expires=1779616800&x-signature=CVOHhEzpGVD%2FDZykxYNOx6i5iD0%3D&from=327834062""]",,,tos-cn-p-0015c000-ce/oAa7eOQU6HgDV6Q7BS21fagQM8ANWJCegDITvQ,"[""tos-cn-p-0015c000-ce/oAa7eOQU6HgDV6Q7BS21fagQM8ANWJCegDITvQ""]",640,360,tos-cn-i-0813c000-ce/oAEJe7DGFAXxOf6cA7wiAFEBVqRIQQAfgTvzJE,"[""tos-cn-i-0813c000-ce/oAEJe7DGFAXxOf6cA7wiAFEBVqRIQQAfgTvzJE""]",720,720,720,720,,,,,,,,
7610381984031902976,2026-05-10 18:38:31.233615,image-cut-tos-priv/6c631b11790a5eb83038d5596bb10799,"[""https://p3-pc-sign.douyinpic.com/obj/c8510002be9a3a61aad2?lk3s=138a59ce&x-expires=1779616800&x-signature=CVOHhEzpGVD%2FDZykxYNOx6i5iD0%3D&from=327834062""]",,,tos-cn-p-0015/oAFgUDg8AQDAsxN0eBDBA6RRoiIvIBidUOBzfB,"[""tos-cn-p-0015/oAFgUDg8AQDAsxN0eBDBA6RRoiIvIBidUOBzfB""]",640,360,tos-cn-i-dy/81fa2f979ee64bdaa16b1502393d174c,"[""tos-cn-i-dy/81fa2f979ee64bdaa16b1502393d174c""]",720,720,720,720,,,,,,,,
7610387712541231089,2026-05-10 18:38:38.530324,image-cut-tos-priv/8029a28ac82bdec7c6d4fd867a557edf,"[""https://p3-pc-sign.douyinpic.com/obj/c8510002be9a3a61aad2?lk3s=138a59ce&x-expires=1779616800&x-signature=CVOHhEzpGVD%2FDZykxYNOx6i5iD0%3D&from=327834062""]",,,tos-cn-p-0015c000-ce/oMvE0WpcBD9REtOAFYA0eQQD7whonB2BudfOqs,"[""tos-cn-p-0015c000-ce/oMvE0WpcBD9REtOAFYA0eQQD7whonB2BudfOqs""]",640,360,tos-cn-i-0813c000-ce/oQlwqHucAR1Alnep9CYEEwkerEQYIAFEAHA4fD,"[""tos-cn-i-0813c000-ce/oQlwqHucAR1Alnep9CYEEwkerEQYIAFEAHA4fD""]",720,720,720,720,,,,,,,,
7610391754982543462,2026-05-10 18:38:47.891957,image-cut-tos-priv/74a8246e4d6d79fef9024afb95c4eb50,"[""https://p3-pc-sign.douyinpic.com/obj/c8510002be9a3a61aad2?lk3s=138a59ce&x-expires=1779616800&x-signature=CVOHhEzpGVD%2FDZykxYNOx6i5iD0%3D&from=327834062""]",,,tos-cn-p-0015c000-ce/o8q45AffnnIAoi9iAZwsIxFEJ1KVxpdvDrEYBs,"[""tos-cn-p-0015c000-ce/o8q45AffnnIAoi9iAZwsIxFEJ1KVxpdvDrEYBs""]",480,360,tos-cn-i-0813c000-ce/o4iA6EPDwIACgreFfAp9EAA6E6dovnI0Y6oCwn,"[""tos-cn-i-0813c000-ce/o4iA6EPDwIACgreFfAp9EAA6E6dovnI0Y6oCwn""]",720,720,720,720,,,,,,,,
7610395781702405386,2026-05-10 18:38:52.488395,image-cut-tos-priv/b05e9f623a3d09ef602765dd32e0f4d6,"[""https://p3-pc-sign.douyinpic.com/obj/c8510002be9a3a61aad2?lk3s=138a59ce&x-expires=1779616800&x-signature=CVOHhEzpGVD%2FDZykxYNOx6i5iD0%3D&from=327834062""]",,,tos-cn-p-0015/ocqAQImgIjZiOhIAIw6iPykvpB7B4p2Yuad9A,"[""tos-cn-p-0015/ocqAQImgIjZiOhIAIw6iPykvpB7B4p2Yuad9A""]",640,360,tos-cn-i-dy/b33e51d663774f9cb126e98e85abe04d,"[""tos-cn-i-dy/b33e51d663774f9cb126e98e85abe04d""]",720,720,720,720,,,,,,,,
7610398307341675883,2026-05-10 18:39:07.316187,image-cut-tos-priv/b8e313fedb50652a4fce26b4b18a6a4f,"[""https://p3-pc-sign.douyinpic.com/obj/c8510002be9a3a61aad2?lk3s=138a59ce&x-expires=1779616800&x-signature=CVOHhEzpGVD%2FDZykxYNOx6i5iD0%3D&from=327834062""]",,,tos-cn-p-0015c000-ce/oQIl2L7BgJAeegJ2GTlgucgrQDLGWQOGy7e7z8,"[""tos-cn-p-0015c000-ce/oQIl2L7BgJAeegJ2GTlgucgrQDLGWQOGy7e7z8""]",640,360,tos-cn-i-0813c000-ce/oIf4A2PCs0vlEwiFkT5iiA3BCYAczIedhwoAAE,"[""tos-cn-i-0813c000-ce/oIf4A2PCs0vlEwiFkT5iiA3BCYAczIedhwoAAE""]",720,720,720,720,,,,,,,,
7610399903009169769,2026-05-10 18:39:21.601642,image-cut-tos-priv/a8246a2a0a363786973c43f29eb7c596,"[""https://p3-pc-sign.douyinpic.com/obj/c8510002be9a3a61aad2?lk3s=138a59ce&x-expires=1779616800&x-signature=CVOHhEzpGVD%2FDZykxYNOx6i5iD0%3D&from=327834062""]",,,tos-cn-p-0015/oQqDQDgaNDAokjy7eZF2A9pBiAQgtB0nQCfHdE,"[""tos-cn-p-0015/oQqDQDgaNDAokjy7eZF2A9pBiAQgtB0nQCfHdE""]",360,640,tos-cn-p-0015/o82Cj7DEZNQtnSPpAaEQ9JjFRfEQe1ADADgBgQ,"[""tos-cn-p-0015/o82Cj7DEZNQtnSPpAaEQ9JjFRfEQe1ADADgBgQ""]",720,720,720,720,,,,,,,,
7610400760286694698,2026-05-10 18:39:32.592485,image-cut-tos-priv/c57eee840d962a418c009930a46de937,"[""https://p3-pc-sign.douyinpic.com/obj/c8510002be9a3a61aad2?lk3s=138a59ce&x-expires=1779616800&x-signature=CVOHhEzpGVD%2FDZykxYNOx6i5iD0%3D&from=327834062""]",,,tos-cn-p-0015/ocAaRB2HIZPBIA52UPQaSIu44ZdYkii05wt8p,"[""tos-cn-p-0015/ocAaRB2HIZPBIA52UPQaSIu44ZdYkii05wt8p""]",585,360,tos-cn-i-dy/d9f555eeb3d9467cbef9f6da7dc34ceb,"[""tos-cn-i-dy/d9f555eeb3d9467cbef9f6da7dc34ceb""]",720,720,720,720,,,,,,,,
7610402475199188267,2026-05-10 18:39:48.567552,image-cut-tos-priv/c17b4293782cf987bcbe3f5ad3efedbc,"[""https://p3-pc-sign.douyinpic.com/obj/c8510002be9a3a61aad2?lk3s=138a59ce&x-expires=1779616800&x-signature=CVOHhEzpGVD%2FDZykxYNOx6i5iD0%3D&from=327834062""]",,,tos-cn-p-0015/okc3fADOnlmBTF7MTMyejBaBAIRdCpIICCfyEj,"[""tos-cn-p-0015/okc3fADOnlmBTF7MTMyejBaBAIRdCpIICCfyEj""]",640,360,tos-cn-i-dy/f2593aa3325c433f9da93b04dfe8b399,"[""tos-cn-i-dy/f2593aa3325c433f9da93b04dfe8b399""]",720,720,720,720,,,,,,,,
7610403884008259685,2026-05-10 18:40:00.357541,,,,,,,,,,,,,300,318,,,,,,,,
7610406005620428078,2026-05-10 18:40:03.047617,image-cut-tos-priv/0bb93b2d89868c03f6227afd016d0a48,"[""https://p3-pc-sign.douyinpic.com/obj/c8510002be9a3a61aad2?lk3s=138a59ce&x-expires=1779616800&x-signature=CVOHhEzpGVD%2FDZykxYNOx6i5iD0%3D&from=327834062""]",,,tos-cn-p-0015/oAAVKpZBUCbEA7F9uhICP0ACTmgfSwfd8mnIGD,"[""tos-cn-p-0015/oAAVKpZBUCbEA7F9uhICP0ACTmgfSwfd8mnIGD""]",640,360,tos-cn-i-dy/846876191d1e4b03895d7af7f6e25e9c,"[""tos-cn-i-dy/846876191d1e4b03895d7af7f6e25e9c""]",720,720,720,720,,,,,,,,
7610408496185609482,2026-05-10 18:40:08.388729,image-cut-tos-priv/90a680c6c762b74f5c503d897e40f19d,"[""https://p3-pc-sign.douyinpic.com/obj/c8510002be9a3a61aad2?lk3s=138a59ce&x-expires=1779616800&x-signature=CVOHhEzpGVD%2FDZykxYNOx6i5iD0%3D&from=327834062""]",,,tos-cn-p-0015/o0fpuc9WACDn5doE6mFlRIdoAfGkIgB0ZvDN9A,"[""tos-cn-p-0015/o0fpuc9WACDn5doE6mFlRIdoAfGkIgB0ZvDN9A""]",640,360,tos-cn-i-dy/22e8184111a84ab4be6521c7f31896d9,"[""tos-cn-i-dy/22e8184111a84ab4be6521c7f31896d9""]",720,720,720,720,,,,,,,,
7610409219417738547,2026-05-10 18:40:13.999779,,,,,,,,,,,,,300,318,,,,,,,,
7610415188914851078,2026-05-10 18:40:17.773986,image-cut-tos-priv/8fcad3cae4549a8b8f4279271f718289,"[""https://p3-pc-sign.douyinpic.com/obj/c8510002be9a3a61aad2?lk3s=138a59ce&x-expires=1779616800&x-signature=CVOHhEzpGVD%2FDZykxYNOx6i5iD0%3D&from=327834062""]",,,tos-cn-p-0015/osjZ7AeozGDOVQQT8OX8BCAfiQWMneQw7iM6BF,"[""tos-cn-p-0015/osjZ7AeozGDOVQQT8OX8BCAfiQWMneQw7iM6BF""]",640,360,tos-cn-i-dy/e3389e5de5d748ed88bbe337fd48f849,"[""tos-cn-i-dy/e3389e5de5d748ed88bbe337fd48f849""]",720,720,720,720,,,,,,,,
7610416024365567241,2026-05-10 18:40:45.911614,,,,,,,,,,,,,300,318,,,,,,,,
7610417226293726498,2026-05-10 18:40:50.956308,image-cut-tos-priv/b83a125d5b22aff0cd76f65132365a51,"[""https://p3-pc-sign.douyinpic.com/obj/c8510002be9a3a61aad2?lk3s=138a59ce&x-expires=1779616800&x-signature=CVOHhEzpGVD%2FDZykxYNOx6i5iD0%3D&from=327834062""]",,,tos-cn-p-0015/o8He0zi6osBqXdNsArEDo7gIBfAKiABcMB20tI,"[""tos-cn-p-0015/o8He0zi6osBqXdNsArEDo7gIBfAKiABcMB20tI""]",640,360,tos-cn-i-dy/9cf9dec235b94d269bf2f414a88862dc,"[""tos-cn-i-dy/9cf9dec235b94d269bf2f414a88862dc""]",720,720,720,720,,,,,,,,
7610419060269993279,2026-05-10 18:41:00.310245,,,,,,,,,,,,,300,318,,,,,,,,
7610424303737649216,2026-05-10 18:41:05.189592,image-cut-tos-priv/99d5f6b14f7957beb68424ad98d35cc3,"[""https://p9-pc-sign.douyinpic.com/obj/c8510002be9a3a61aad2?lk3s=138a59ce&x-expires=1779616800&x-signature=gw1NPbrtEB1OKGLee4yRrhASt4E%3D&from=327834062""]",,,tos-cn-p-0015/o8AAdFYThnJJDqQ79ffBa7ArgCEMAqUIKpoKID,"[""tos-cn-p-0015/o8AAdFYThnJJDqQ79ffBa7ArgCEMAqUIKpoKID""]",640,360,tos-cn-i-0629/o4gANEa5pAATqdUuADCKCDUnFApECIfVlnledP,"[""tos-cn-i-0629/o4gANEa5pAATqdUuADCKCDUnFApECIfVlnledP""]",720,720,720,720,,,,,,,,
7610427898152246598,2026-05-10 18:41:17.718412,,,,,,,,,,,,,300,318,,,,,,,,
7610431247386711394,2026-05-10 18:41:22.301584,image-cut-tos-priv/7c228b4f11a622232b6f451e62788758,"[""https://p3-pc-sign.douyinpic.com/obj/c8510002be9a3a61aad2?lk3s=138a59ce&x-expires=1779616800&x-signature=CVOHhEzpGVD%2FDZykxYNOx6i5iD0%3D&from=327834062""]",,,tos-cn-p-0015/oofGtrveapZWQgELr59FCAADB4UmnQ9d6lNAEA,"[""tos-cn-p-0015/oofGtrveapZWQgELr59FCAADB4UmnQ9d6lNAEA""]",360,640,tos-cn-p-0015/ooDdiN6GIBen5IEavf9rASlAO68zag1ZDCAGFp,"[""tos-cn-p-0015/ooDdiN6GIBen5IEavf9rASlAO68zag1ZDCAGFp""]",720,720,720,720,,,,,,,,
7610439927767072369,2026-05-10 18:41:34.765764,image-cut-tos-priv/0e56c9615a1cbdad13e45656becf281f,"[""https://p3-pc-sign.douyinpic.com/obj/c8510002be9a3a61aad2?lk3s=138a59ce&x-expires=1779616800&x-signature=CVOHhEzpGVD%2FDZykxYNOx6i5iD0%3D&from=327834062""]",,,tos-cn-p-0015c000-ce/owA1CYQwoEAFaEbbke96infQbaD2EBJQSFZpb7,"[""tos-cn-p-0015c000-ce/owA1CYQwoEAFaEbbke96infQbaD2EBJQSFZpb7""]",640,360,tos-cn-p-0015c000-ce/o0PsLIAqmxESFC2BKMBItiaNa9ddpaoPN2ZAi,"[""tos-cn-p-0015c000-ce/o0PsLIAqmxESFC2BKMBItiaNa9ddpaoPN2ZAi""]",720,720,720,720,,,,,,,,
7610452053550508474,2026-05-10 18:41:48.637485,image-cut-tos-priv/4d8136c679261310d99fd53647e78f75,"[""https://p3-pc-sign.douyinpic.com/obj/c8510002be9a3a61aad2?lk3s=138a59ce&x-expires=1779616800&x-signature=CVOHhEzpGVD%2FDZykxYNOx6i5iD0%3D&from=327834062""]",,,tos-cn-p-0015c000-ce/ogDTqhMekAGxB7P8gQXEOw8Mr8AGfd4QJBCedQ,"[""tos-cn-p-0015c000-ce/ogDTqhMekAGxB7P8gQXEOw8Mr8AGfd4QJBCedQ""]",480,360,tos-cn-p-0015c000-ce/ocDIddfGBHjcpFWA4GeCAVeCEnIEwIYw9vqOph,"[""tos-cn-p-0015c000-ce/ocDIddfGBHjcpFWA4GeCAVeCEnIEwIYw9vqOph""]",720,720,720,720,,,,,,,,
7610454328482264293,2026-05-10 18:41:55.932646,image-cut-tos-priv/df5b2e489a158726872848b77c963b39,"[""https://p3-pc-sign.douyinpic.com/obj/c8510002be9a3a61aad2?lk3s=138a59ce&x-expires=1779616800&x-signature=CVOHhEzpGVD%2FDZykxYNOx6i5iD0%3D&from=327834062""]",,,tos-cn-p-0015c000-ce/ogDhjP4e7TIeE8JoCyG7EUL4f9COgABgDXhTgB,"[""tos-cn-p-0015c000-ce/ogDhjP4e7TIeE8JoCyG7EUL4f9COgABgDXhTgB""]",360,640,tos-cn-i-0813c000-ce/ooPnDfpnAEVeQ8hJcApwFEU7IM9cAAsGEEfA4U,"[""tos-cn-i-0813c000-ce/ooPnDfpnAEVeQ8hJcApwFEU7IM9cAAsGEEfA4U""]",720,720,720,720,,,,,,,,
7610458918732483846,2026-05-10 18:42:12.197604,image-cut-tos-priv/86cce0c9b9dbce0a0f62af075777dfb7,"[""https://p3-pc-sign.douyinpic.com/obj/c8510002be9a3a61aad2?lk3s=138a59ce&x-expires=1779616800&x-signature=CVOHhEzpGVD%2FDZykxYNOx6i5iD0%3D&from=327834062""]",,,tos-cn-p-0015/ogEyIDofcO5IZUA9WynpiAFgU73DHigAATfDdB,"[""tos-cn-p-0015/ogEyIDofcO5IZUA9WynpiAFgU73DHigAATfDdB""]",640,360,tos-cn-i-dy/cc277e4ac0504b4f952f057d6922e599,"[""tos-cn-i-dy/cc277e4ac0504b4f952f057d6922e599""]",720,720,720,720,,,,,,,,
7610462605362187554,2026-05-10 18:42:26.262919,image-cut-tos-priv/d8972cc00915990c304d0726e5ea3826,"[""https://p3-pc-sign.douyinpic.com/obj/c8510002be9a3a61aad2?lk3s=138a59ce&x-expires=1779616800&x-signature=CVOHhEzpGVD%2FDZykxYNOx6i5iD0%3D&from=327834062""]",,,tos-cn-p-0015/oQdfHfiB7QGABEzeQmQDbzGTjs4LIBZ5CAXTzO,"[""tos-cn-p-0015/oQdfHfiB7QGABEzeQmQDbzGTjs4LIBZ5CAXTzO""]",640,360,tos-cn-i-dy/2517e54e70074af5860081bc9e9856ea,"[""tos-cn-i-dy/2517e54e70074af5860081bc9e9856ea""]",720,720,720,720,,,,,,,,
7610466696536526122,2026-05-10 18:42:36.724605,image-cut-tos-priv/9a89643ba73e1af48b117e85702e2293,"[""https://p3-pc-sign.douyinpic.com/obj/c8510002be9a3a61aad2?lk3s=138a59ce&x-expires=1779616800&x-signature=CVOHhEzpGVD%2FDZykxYNOx6i5iD0%3D&from=327834062""]",,,tos-cn-p-0015/oMGGOl3KIEMBQ6LATPVAon5eEzf7CdBO7QBf29,"[""tos-cn-p-0015/oMGGOl3KIEMBQ6LATPVAon5eEzf7CdBO7QBf29""]",640,360,tos-cn-i-dy/92e46d1c4c8143c4af5c17fdf34bdca1,"[""tos-cn-i-dy/92e46d1c4c8143c4af5c17fdf34bdca1""]",720,720,720,720,,,,,,,,
7610473208995891455,2026-05-10 18:42:47.056527,image-cut-tos-priv/b41a5f14477cb8ed7a2f4913f44048f2,"[""https://p3-pc-sign.douyinpic.com/obj/c8510002be9a3a61aad2?lk3s=138a59ce&x-expires=1779616800&x-signature=CVOHhEzpGVD%2FDZykxYNOx6i5iD0%3D&from=327834062""]",,,tos-cn-p-0015c000-ce/oUA776GOTQQEB1JcqDOLV8kIQhGFneAVVgehjf,"[""tos-cn-p-0015c000-ce/oUA776GOTQQEB1JcqDOLV8kIQhGFneAVVgehjf""]",640,360,tos-cn-i-0813c000-ce/oY3AAqOSEiBdXCzS9TViRAFIPAa1MAVBPwVZ3,"[""tos-cn-i-0813c000-ce/oY3AAqOSEiBdXCzS9TViRAFIPAa1MAVBPwVZ3""]",720,720,720,720,,,,,,,,
7610477894120344873,2026-05-10 18:42:51.611511,image-cut-tos-priv/79b21a3c41bb5a6bb339b8bec9b7151b,"[""https://p3-pc-sign.douyinpic.com/obj/c8510002be9a3a61aad2?lk3s=138a59ce&x-expires=1779616800&x-signature=CVOHhEzpGVD%2FDZykxYNOx6i5iD0%3D&from=327834062""]",,,tos-cn-p-0015/osEQfsYfQeFBaNOCo7hM8BA7MLAWFD6AXp3TQD,"[""tos-cn-p-0015/osEQfsYfQeFBaNOCo7hM8BA7MLAWFD6AXp3TQD""]",360,640,tos-cn-i-dy/ec8a18c94fb54abbaa94466eb98d210b,"[""tos-cn-i-dy/ec8a18c94fb54abbaa94466eb98d210b""]",720,720,720,720,,,,,,,,
7610517647272283442,2026-05-10 18:43:04.739360,image-cut-tos-priv/9cd42e56efa57b38c7e60614d7c93625,"[""https://p9-pc-sign.douyinpic.com/obj/c8510002be9a3a61aad2?lk3s=138a59ce&x-expires=1779616800&x-signature=gw1NPbrtEB1OKGLee4yRrhASt4E%3D&from=327834062""]",,,tos-cn-p-0015/o4ucBcfDEQ3l7ETBwf9GcOuf7ChAaE14FAErQA,"[""tos-cn-p-0015/o4ucBcfDEQ3l7ETBwf9GcOuf7ChAaE14FAErQA""]",480,360,tos-cn-i-dy/c6ca4b003b09488fa91f3a283f92d83c,"[""tos-cn-i-dy/c6ca4b003b09488fa91f3a283f92d83c""]",720,720,720,720,,,,,,,,
7610528105132578426,2026-05-10 18:43:17.042915,image-cut-tos-priv/28c13723f97cb186dc173914a73cba5c,"[""https://p3-pc-sign.douyinpic.com/obj/c8510002be9a3a61aad2?lk3s=138a59ce&x-expires=1779616800&x-signature=CVOHhEzpGVD%2FDZykxYNOx6i5iD0%3D&from=327834062""]",,,tos-cn-p-0015c000-ce/o0EqQeHfgwvQQoA9NBnpQFFaYBxDwMwEAF89eC,"[""tos-cn-p-0015c000-ce/o0EqQeHfgwvQQoA9NBnpQFFaYBxDwMwEAF89eC""]",360,640,tos-cn-p-0015c000-ce/oc5QvAEQQEwpN8nfwBFeeKkFYxaQ6AAQDCg9G8,"[""tos-cn-p-0015c000-ce/oc5QvAEQQEwpN8nfwBFeeKkFYxaQ6AAQDCg9G8""]",720,720,720,720,,,,,,,,
7610547189874215158,2026-05-10 18:43:33.305077,image-cut-tos-priv/016290422b1dfbb4660108e41fe0276e,"[""https://p9-pc-sign.douyinpic.com/obj/c8510002be9a3a61aad2?lk3s=138a59ce&x-expires=1779616800&x-signature=gw1NPbrtEB1OKGLee4yRrhASt4E%3D&from=327834062""]",,,tos-cn-p-0015/ooQMe7CTNP8M6FwGtK8DUAEBa2BfAfC2tQ7KEC,"[""tos-cn-p-0015/ooQMe7CTNP8M6FwGtK8DUAEBa2BfAfC2tQ7KEC""]",360,640,tos-cn-p-0015/o4TxaG8CfC2QCAF7tBwQKVXG9PBtAwfEf6MDEK,"[""tos-cn-p-0015/o4TxaG8CfC2QCAF7tBwQKVXG9PBtAwfEf6MDEK""]",720,720,720,720,,,,,,,,
7610600754138664211,2026-05-10 18:43:40.800700,image-cut-tos-priv/5e3974166e87f2503584bfa92d921e53,"[""https://p3-pc-sign.douyinpic.com/obj/c8510002be9a3a61aad2?lk3s=138a59ce&x-expires=1779616800&x-signature=CVOHhEzpGVD%2FDZykxYNOx6i5iD0%3D&from=327834062""]",,,tos-cn-p-0015/oAkAXnBUlFPqABCLOp5m9ugdjEQBfA0DQeSWPv,"[""tos-cn-p-0015/oAkAXnBUlFPqABCLOp5m9ugdjEQBfA0DQeSWPv""]",640,360,tos-cn-i-dy/a3a71bd04d6a46538ba2829b928a1500,"[""tos-cn-i-dy/a3a71bd04d6a46538ba2829b928a1500""]",720,720,720,720,,,,,,,,
7610604971285785009,2026-05-10 18:43:48.568621,image-cut-tos-priv/c15cbda3f0e847a20b944e959eaec52e,"[""https://p3-pc-sign.douyinpic.com/obj/c8510002be9a3a61aad2?lk3s=138a59ce&x-expires=1779616800&x-signature=CVOHhEzpGVD%2FDZykxYNOx6i5iD0%3D&from=327834062""]",,,tos-cn-p-0015c000-ce/owTkpEQtyCD1wRAmQyUACIYeCeFO9n7EU9TDfX,"[""tos-cn-p-0015c000-ce/owTkpEQtyCD1wRAmQyUACIYeCeFO9n7EU9TDfX""]",640,360,tos-cn-p-0015c000-ce/oYAEeF1mynDPDTjn9fYCknAtweE3EUcQ7pORQC,"[""tos-cn-p-0015c000-ce/oYAEeF1mynDPDTjn9fYCknAtweE3EUcQ7pORQC""]",720,720,720,720,,,,,,,,
7610626699532848447,2026-05-10 18:43:53.198047,image-cut-tos-priv/55062c1cfb9fe702f75441009fe0d4f9,"[""https://p3-pc-sign.douyinpic.com/obj/c8510002be9a3a61aad2?lk3s=138a59ce&x-expires=1779616800&x-signature=CVOHhEzpGVD%2FDZykxYNOx6i5iD0%3D&from=327834062""]",,,tos-cn-p-0015/ooQwC9BpYneYBFl64MsDPgBACPAfAonBPQ64Em,"[""tos-cn-p-0015/ooQwC9BpYneYBFl64MsDPgBACPAfAonBPQ64Em""]",640,360,tos-cn-i-dy/be6ada8e029b42458ee2c4d166ef3647,"[""tos-cn-i-dy/be6ada8e029b42458ee2c4d166ef3647""]",720,720,720,720,,,,,,,,
7610632603967835446,2026-05-10 18:44:03.122513,image-cut-tos-priv/25f4af7d57c85d6d960da226de87e231,"[""https://p3-pc-sign.douyinpic.com/obj/c8510002be9a3a61aad2?lk3s=138a59ce&x-expires=1779616800&x-signature=CVOHhEzpGVD%2FDZykxYNOx6i5iD0%3D&from=327834062""]",,,tos-cn-p-0015/oc8JrHBcgIsnMgfBMZTBeGkCPgNqGNneAAiLM7,"[""tos-cn-p-0015/oc8JrHBcgIsnMgfBMZTBeGkCPgNqGNneAAiLM7""]",640,360,tos-cn-i-dy/4134cd9016574cab9a3eb890baeb6fba,"[""tos-cn-i-dy/4134cd9016574cab9a3eb890baeb6fba""]",720,720,720,720,,,,,,,,
7610649614208055141,2026-05-10 18:44:16.489210,image-cut-tos-priv/d5ef4dbe2eb98f6d965a8dd2f0496bbd,"[""https://p3-pc-sign.douyinpic.com/obj/c8510002be9a3a61aad2?lk3s=138a59ce&x-expires=1779616800&x-signature=CVOHhEzpGVD%2FDZykxYNOx6i5iD0%3D&from=327834062""]",,,tos-cn-p-0015c000-ce/oEAejTV4IOSOALbkyJOgBgJdAZfPDgGGBgae7p,"[""tos-cn-p-0015c000-ce/oEAejTV4IOSOALbkyJOgBgJdAZfPDgGGBgae7p""]",640,360,tos-cn-p-0015c000-ce/oQfwdnsnnBEFgswQHQZSjNAPUcRwapUKDA9eEE,"[""tos-cn-p-0015c000-ce/oQfwdnsnnBEFgswQHQZSjNAPUcRwapUKDA9eEE""]",720,720,720,720,,,,,,,,
7610655021025217819,2026-05-10 18:44:27.893834,image-cut-tos-priv/acc8195efc919103c2e285d7fd127f13,"[""https://p3-pc-sign.douyinpic.com/obj/c8510002be9a3a61aad2?lk3s=138a59ce&x-expires=1779616800&x-signature=CVOHhEzpGVD%2FDZykxYNOx6i5iD0%3D&from=327834062""]",,,tos-cn-p-0015/o8XeoA8GTkBkae68CnLIAKGLBPA76uyQQCepGP,"[""tos-cn-p-0015/o8XeoA8GTkBkae68CnLIAKGLBPA76uyQQCepGP""]",640,360,tos-cn-i-dy/9e550e66c3674b38bb3139ed1d6229dc,"[""tos-cn-i-dy/9e550e66c3674b38bb3139ed1d6229dc""]",720,720,720,720,,,,,,,,
7610655131796835599,2026-05-10 18:44:45.799080,,,,,,,,,,,,,300,318,,,,,,,,
7610667151669693742,2026-05-10 18:45:07.991316,,,,,,,,,,,,,300,318,,,,,,,,
7610673409453853967,2026-05-10 18:45:11.254763,image-cut-tos-priv/4aed752046d4ddedd1f7879044426d99,"[""https://p3-pc-sign.douyinpic.com/obj/c8510002be9a3a61aad2?lk3s=138a59ce&x-expires=1779616800&x-signature=CVOHhEzpGVD%2FDZykxYNOx6i5iD0%3D&from=327834062""]",,,tos-cn-p-0015/oQLN0AWTPAguBf3BIR5RM7iCaOeeQtjgBMoAQG,"[""tos-cn-p-0015/oQLN0AWTPAguBf3BIR5RM7iCaOeeQtjgBMoAQG""]",640,360,tos-cn-i-dy/2542cd4ff00a47a19c37eca65738c317,"[""tos-cn-i-dy/2542cd4ff00a47a19c37eca65738c317""]",720,720,720,720,,,,,,,,
7610679843012830386,2026-05-10 18:45:15.513408,image-cut-tos-priv/2989a88802798a057a728f40c8ebbbf6,"[""https://p3-pc-sign.douyinpic.com/obj/c8510002be9a3a61aad2?lk3s=138a59ce&x-expires=1779616800&x-signature=CVOHhEzpGVD%2FDZykxYNOx6i5iD0%3D&from=327834062""]",,,tos-cn-p-0015/oYCPGepRBIhaQQk3fCTALCKeQ17SAvlS8BuQyS,"[""tos-cn-p-0015/oYCPGepRBIhaQQk3fCTALCKeQ17SAvlS8BuQyS""]",640,360,tos-cn-i-0813c001/o0pANnekBCSIpAF9pAIQIQHAAnAMg0fETEkDEu,"[""tos-cn-i-0813c001/o0pANnekBCSIpAF9pAIQIQHAAnAMg0fETEkDEu""]",720,720,720,720,,,,,,,,
7610680161973182626,2026-05-10 18:45:20.615167,image-cut-tos-priv/054bc218e5cc422e543af70872fb9451,"[""https://p3-pc-sign.douyinpic.com/obj/c8510002be9a3a61aad2?lk3s=138a59ce&x-expires=1779616800&x-signature=CVOHhEzpGVD%2FDZykxYNOx6i5iD0%3D&from=327834062""]",,,tos-cn-p-0015c000-ce/oY69onE0tp8n4eeUA2EtkwwQDfAyFEAdoCUppQ,"[""tos-cn-p-0015c000-ce/oY69onE0tp8n4eeUA2EtkwwQDfAyFEAdoCUppQ""]",480,360,tos-cn-i-0813c000-ce/oMQDpnAmZzIpAEQbdBFEelAAEEep9rAIRwfF9I,"[""tos-cn-i-0813c000-ce/oMQDpnAmZzIpAEQbdBFEelAAEEep9rAIRwfF9I""]",720,720,720,720,,,,,,,,
7610681454888062214,2026-05-10 18:45:28.412154,image-cut-tos-priv/1b536566a47098c197201cd01d962f28,"[""https://p3-pc-sign.douyinpic.com/obj/c8510002be9a3a61aad2?lk3s=138a59ce&x-expires=1779616800&x-signature=CVOHhEzpGVD%2FDZykxYNOx6i5iD0%3D&from=327834062""]",,,tos-cn-p-0015/oA3BOLToCk7xEf2BFSAcPQQDeAZEPvHCsufGph,"[""tos-cn-p-0015/oA3BOLToCk7xEf2BFSAcPQQDeAZEPvHCsufGph""]",585,360,tos-cn-i-dy/97753afc57994c37b01cccd29381876d,"[""tos-cn-i-dy/97753afc57994c37b01cccd29381876d""]",720,720,720,720,,,,,,,,
7610683091778030883,2026-05-10 18:45:33.018766,image-cut-tos-priv/f54646020419688b936120fc7c5c4417,"[""https://p3-pc-sign.douyinpic.com/obj/c8510002be9a3a61aad2?lk3s=138a59ce&x-expires=1779616800&x-signature=CVOHhEzpGVD%2FDZykxYNOx6i5iD0%3D&from=327834062""]",,,tos-cn-p-0015/o8AQ9yqf9pELMNAPBtDeGHFplBkngAxQiFl4QA,"[""tos-cn-p-0015/o8AQ9yqf9pELMNAPBtDeGHFplBkngAxQiFl4QA""]",640,360,tos-cn-i-dy/3e13259e79394e67920f785a49896e2a,"[""tos-cn-i-dy/3e13259e79394e67920f785a49896e2a""]",720,720,720,720,,,,,,,,
7610693130987444707,2026-05-10 18:45:42.090700,image-cut-tos-priv/39ac4e3946364881008c33ea88839666,"[""https://p3-pc-sign.douyinpic.com/obj/c8510002be9a3a61aad2?lk3s=138a59ce&x-expires=1779616800&x-signature=CVOHhEzpGVD%2FDZykxYNOx6i5iD0%3D&from=327834062""]",,,tos-cn-p-0015c000-ce/okQcepRAcBpiLw9ludQAMFEEynDTDnAdBfK4Rn,"[""tos-cn-p-0015c000-ce/okQcepRAcBpiLw9ludQAMFEEynDTDnAdBfK4Rn""]",640,360,tos-cn-i-0813c000-ce/owM9AOEvQFePGIQfa87OB4fJqmSYTgEYAaAAWT,"[""tos-cn-i-0813c000-ce/owM9AOEvQFePGIQfa87OB4fJqmSYTgEYAaAAWT""]",720,720,720,720,,,,,,,,
7610700099760475392,2026-05-10 18:45:46.823931,,,,,,,,,,,,,300,318,,,,,,,,
7610706224660730088,2026-05-10 18:45:49.848657,,,,,,,,,,,,,300,318,,,,,,,,
7610711614341385499,2026-05-10 18:45:53.048833,image-cut-tos-priv/e45a2b135f3491731bd8fff86646a4e1,"[""https://p3-pc-sign.douyinpic.com/obj/c8510002be9a3a61aad2?lk3s=138a59ce&x-expires=1779616800&x-signature=CVOHhEzpGVD%2FDZykxYNOx6i5iD0%3D&from=327834062""]",,,tos-cn-p-0015/ooZrgDfkTcBJJYReCiLIAcG1BPA7Rt6gg0eaaV,"[""tos-cn-p-0015/ooZrgDfkTcBJJYReCiLIAcG1BPA7Rt6gg0eaaV""]",640,360,tos-cn-i-dy/10a226d7038f4da8a65b369a169f86c4,"[""tos-cn-i-dy/10a226d7038f4da8a65b369a169f86c4""]",720,720,720,720,,,,,,,,
7610717840077317299,2026-05-10 18:46:03.392755,image-cut-tos-priv/1088909bd5ab6b7790bc9b6d1e1dd99e,"[""https://p3-pc-sign.douyinpic.com/obj/c8510002be9a3a61aad2?lk3s=138a59ce&x-expires=1779616800&x-signature=CVOHhEzpGVD%2FDZykxYNOx6i5iD0%3D&from=327834062""]",,,tos-cn-p-0015/ocpnkgEsQTryBGOAQqZeJAAVD9F5oNfJ1gzDME,"[""tos-cn-p-0015/ocpnkgEsQTryBGOAQqZeJAAVD9F5oNfJ1gzDME""]",360,640,tos-cn-p-0015/oMGTUIAHZgsPVLUBJaqe0m05yMekC7AceTgWAB,"[""tos-cn-p-0015/oMGTUIAHZgsPVLUBJaqe0m05yMekC7AceTgWAB""]",720,720,720,720,,,,,,,,
7610719563105849265,2026-05-10 18:46:14.993103,image-cut-tos-priv/b9fc0f0bd7dc1a88b2a98a01c48ecddc,"[""https://p3-pc-sign.douyinpic.com/obj/c8510002be9a3a61aad2?lk3s=138a59ce&x-expires=1779616800&x-signature=CVOHhEzpGVD%2FDZykxYNOx6i5iD0%3D&from=327834062""]",,,tos-cn-p-0015c000-ce/okUeiMwQEBDAnoMFrdB6kptUlxME9ACuQJSAfu,"[""tos-cn-p-0015c000-ce/okUeiMwQEBDAnoMFrdB6kptUlxME9ACuQJSAfu""]",360,640,tos-cn-i-0813c000-ce/os1ADEFnbIDWgnAAU4Awf2E5peQB9RnEoASrtC,"[""tos-cn-i-0813c000-ce/os1ADEFnbIDWgnAAU4Awf2E5peQB9RnEoASrtC""]",720,720,720,720,,,,,,,,
7610721154919058724,2026-05-10 18:46:26.720055,,,,,,,,,,,,,300,318,,,,,,,,
7610725855181933858,2026-05-10 18:46:33.996580,image-cut-tos-priv/c950a671ef9d872a585d648fe7b7e6da,"[""https://p3-pc-sign.douyinpic.com/obj/c8510002be9a3a61aad2?lk3s=138a59ce&x-expires=1779616800&x-signature=CVOHhEzpGVD%2FDZykxYNOx6i5iD0%3D&from=327834062""]",,,tos-cn-p-0015/osm4HEEQQAgpQ4nfxuFCeYcKmwYi2AA8DBr9Cg,"[""tos-cn-p-0015/osm4HEEQQAgpQ4nfxuFCeYcKmwYi2AA8DBr9Cg""]",360,640,tos-cn-i-dy/b5e91616a95047b49f58e03d7516e291,"[""tos-cn-i-dy/b5e91616a95047b49f58e03d7516e291""]",720,720,720,720,,,,,,,,
7610729508840525227,2026-05-10 18:46:41.648181,image-cut-tos-priv/44c34ccebe9f45be89444f48043e079d,"[""https://p9-pc-sign.douyinpic.com/obj/c8510002be9a3a61aad2?lk3s=138a59ce&x-expires=1779616800&x-signature=gw1NPbrtEB1OKGLee4yRrhASt4E%3D&from=327834062""]",,,tos-cn-p-0015c000-ce/o8ZdRuIggJgTr9PeNfL86IJJEHqueBA7GCX7F5,"[""tos-cn-p-0015c000-ce/o8ZdRuIggJgTr9PeNfL86IJJEHqueBA7GCX7F5""]",640,360,tos-cn-i-0813c000-ce/osXQeAGPIvEJiL74Tu4VxA8BgIYeEppQAAfXIO,"[""tos-cn-i-0813c000-ce/osXQeAGPIvEJiL74Tu4VxA8BgIYeEppQAAfXIO""]",720,720,720,720,,,,,,,,
7610729707512843252,2026-05-10 18:46:58.197067,image-cut-tos-priv/48c9f792c3b7a969f61ddd959d59e8ff,"[""https://p3-pc-sign.douyinpic.com/obj/c8510002be9a3a61aad2?lk3s=138a59ce&x-expires=1779616800&x-signature=CVOHhEzpGVD%2FDZykxYNOx6i5iD0%3D&from=327834062""]",,,tos-cn-p-0015/oUgwmErwpANvvW8sADB5sCMnFC4QCQf9lAAaeu,"[""tos-cn-p-0015/oUgwmErwpANvvW8sADB5sCMnFC4QCQf9lAAaeu""]",640,360,tos-cn-p-0015/o0EEwZ9AQAAfmQkeEpzgAuamCBF4WvnDrkO8Ls,"[""tos-cn-p-0015/o0EEwZ9AQAAfmQkeEpzgAuamCBF4WvnDrkO8Ls""]",720,720,720,720,,,,,,,,
7610729799836847366,2026-05-10 18:47:09.867817,image-cut-tos-priv/db7fb3d3507138b7ba14b2d0f7a1263b,"[""https://p3-pc-sign.douyinpic.com/obj/c8510002be9a3a61aad2?lk3s=138a59ce&x-expires=1779616800&x-signature=CVOHhEzpGVD%2FDZykxYNOx6i5iD0%3D&from=327834062""]",,,tos-cn-p-0015/oUIAx5vNAZvBXaGT7iqCBeBGpIQRQFLen8bPeG,"[""tos-cn-p-0015/oUIAx5vNAZvBXaGT7iqCBeBGpIQRQFLen8bPeG""]",640,360,tos-cn-i-dy/4514a79519c14e309ae2db44af8c01b0,"[""tos-cn-i-dy/4514a79519c14e309ae2db44af8c01b0""]",720,720,720,720,,,,,,,,
7610730950833523994,2026-05-10 18:47:26.772134,image-cut-tos-priv/73378b8955514e4a2eb7a8c9a4b92c29,"[""https://p3-pc-sign.douyinpic.com/obj/c8510002be9a3a61aad2?lk3s=138a59ce&x-expires=1779616800&x-signature=CVOHhEzpGVD%2FDZykxYNOx6i5iD0%3D&from=327834062""]",,,tos-cn-p-0015/o0NTPCG2QBCINkCDeBAAQ3tLzXeN6Af44bX7Ev,"[""tos-cn-p-0015/o0NTPCG2QBCINkCDeBAAQ3tLzXeN6Af44bX7Ev""]",640,360,tos-cn-i-dy/6685c744a7194e3d8a885bb2b5831594,"[""tos-cn-i-dy/6685c744a7194e3d8a885bb2b5831594""]",720,720,720,720,,,,,,,,
7610734105476001971,2026-05-10 18:47:49.483440,,,,,,,,,,,,,300,318,,,,,,,,
7610736802383050929,2026-05-10 18:47:52.847179,image-cut-tos-priv/678de71f6a236a0db8c8b914f6e2f8ed,"[""https://p3-pc-sign.douyinpic.com/obj/c8510002be9a3a61aad2?lk3s=138a59ce&x-expires=1779616800&x-signature=CVOHhEzpGVD%2FDZykxYNOx6i5iD0%3D&from=327834062""]",,,tos-cn-p-0015c000-ce/oo8gQgxxgAQCJ9DW7LeoYTGDAfPoIIBXNRuzGe,"[""tos-cn-p-0015c000-ce/oo8gQgxxgAQCJ9DW7LeoYTGDAfPoIIBXNRuzGe""]",360,480,tos-cn-p-0015c000-ce/oAPAEDIYN2GP76grQeaLLCeJeDQGETQBxXQz0Q,"[""tos-cn-p-0015c000-ce/oAPAEDIYN2GP76grQeaLLCeJeDQGETQBxXQz0Q""]",720,720,720,720,,,,,,,,
7610737490655284506,2026-05-10 18:48:03.566644,image-cut-tos-priv/9ec5c7a43b05619f27a9028438ce3c9d,"[""https://p3-pc-sign.douyinpic.com/obj/c8510002be9a3a61aad2?lk3s=138a59ce&x-expires=1779616800&x-signature=CVOHhEzpGVD%2FDZykxYNOx6i5iD0%3D&from=327834062""]",,,tos-cn-p-0015/owLenegQ1P7ILgFgOCXTAx0MAoaZeBvY8YPBQz,"[""tos-cn-p-0015/owLenegQ1P7ILgFgOCXTAx0MAoaZeBvY8YPBQz""]",640,360,tos-cn-i-dy/8528d354080441f195779ab4208ad1df,"[""tos-cn-i-dy/8528d354080441f195779ab4208ad1df""]",720,720,720,720,,,,,,,,
7610738637801557288,2026-05-10 18:48:07.379996,image-cut-tos-priv/39a9fc7ea8767cc17315635b9e43c627,"[""https://p3-pc-sign.douyinpic.com/obj/c8510002be9a3a61aad2?lk3s=138a59ce&x-expires=1779616800&x-signature=CVOHhEzpGVD%2FDZykxYNOx6i5iD0%3D&from=327834062""]",,,tos-cn-p-0015/os0SxskXDQMo0elSArFDNt9BaBfrpPAQE6gWAn,"[""tos-cn-p-0015/os0SxskXDQMo0elSArFDNt9BaBfrpPAQE6gWAn""]",360,720,tos-cn-i-dy/bcaa961bc87d4da4b550d023a87ca718,"[""tos-cn-i-dy/bcaa961bc87d4da4b550d023a87ca718""]",720,720,720,720,,,,,,,,
7610739076781690118,2026-05-10 18:48:17.167136,,,,,,,,,,,,,300,318,,,,,,,,
7610741877964596145,2026-05-10 18:48:22.302309,image-cut-tos-priv/1b26115bca8178c33714c66839dfb11b,"[""https://p3-pc-sign.douyinpic.com/obj/c8510002be9a3a61aad2?lk3s=138a59ce&x-expires=1779616800&x-signature=CVOHhEzpGVD%2FDZykxYNOx6i5iD0%3D&from=327834062""]",,,tos-cn-p-0015c000-ce/osnln4C9ZQgsAydEEpswacDgFZfBABXrcQ3eAB,"[""tos-cn-p-0015c000-ce/osnln4C9ZQgsAydEEpswacDgFZfBABXrcQ3eAB""]",480,360,tos-cn-i-0813c000-ce/oUEElWDrFAwqnyeSA9iAACaAsrBIQnAfwpst6E,"[""tos-cn-i-0813c000-ce/oUEElWDrFAwqnyeSA9iAACaAsrBIQnAfwpst6E""]",720,720,720,720,,,,,,,,
7610743143541099826,2026-05-10 18:48:28.346412,image-cut-tos-priv/0a18e44efa0a69bbb063d57589c73f00,"[""https://p3-pc-sign.douyinpic.com/obj/c8510002be9a3a61aad2?lk3s=138a59ce&x-expires=1779616800&x-signature=CVOHhEzpGVD%2FDZykxYNOx6i5iD0%3D&from=327834062""]",,,tos-cn-p-0015/oYBD5TZCzSIEB5F7IJQBrFAGpyAfifwe8MPQrD,"[""tos-cn-p-0015/oYBD5TZCzSIEB5F7IJQBrFAGpyAfifwe8MPQrD""]",640,360,tos-cn-i-dy/9e9e0873c86d47b088d78171b79fb7a6,"[""tos-cn-i-dy/9e9e0873c86d47b088d78171b79fb7a6""]",720,720,720,720,,,,,,,,
7610743504322448691,2026-05-10 18:48:39.263881,,,,,,,,,,,,,300,318,,,,,,,,
7610746540487381568,2026-05-10 18:48:45.384561,image-cut-tos-priv/a096d5909d141d7a8c247dcfc7b7ed4e,"[""https://p3-pc-sign.douyinpic.com/obj/c8510002be9a3a61aad2?lk3s=138a59ce&x-expires=1779616800&x-signature=CVOHhEzpGVD%2FDZykxYNOx6i5iD0%3D&from=327834062""]",,,tos-cn-p-0015/osIbFfs3DAUpFsxA79EmsfQ1nBCQ6spguj9BzA,"[""tos-cn-p-0015/osIbFfs3DAUpFsxA79EmsfQ1nBCQ6spguj9BzA""]",640,360,tos-cn-p-0015/oos6XDzQs8FsAS7fAgue3CpazU9pnA63EQxBG2,"[""tos-cn-p-0015/oos6XDzQs8FsAS7fAgue3CpazU9pnA63EQxBG2""]",720,720,720,720,,,,,,,,
7610746545448733998,2026-05-10 18:48:57.451118,image-cut-tos-priv/ed1b5c7074861a67c97a4877e28e3e1f,"[""https://p3-pc-sign.douyinpic.com/obj/c8510002be9a3a61aad2?lk3s=138a59ce&x-expires=1779616800&x-signature=CVOHhEzpGVD%2FDZykxYNOx6i5iD0%3D&from=327834062""]",,,tos-cn-p-0015/oU9SgFC7aDTsPrBemAPmAP3cQf2qKNBEzeQIYA,"[""tos-cn-p-0015/oU9SgFC7aDTsPrBemAPmAP3cQf2qKNBEzeQIYA""]",640,360,tos-cn-i-dy/663f8ba37ae64130bda06819ea45c74f,"[""tos-cn-i-dy/663f8ba37ae64130bda06819ea45c74f""]",720,720,720,720,,,,,,,,
7610747552861850931,2026-05-10 18:49:08.325728,image-cut-tos-priv/1796cbf6c25f83cf33de014c21de1ce4,"[""https://p3-pc-sign.douyinpic.com/obj/c8510002be9a3a61aad2?lk3s=138a59ce&x-expires=1779616800&x-signature=CVOHhEzpGVD%2FDZykxYNOx6i5iD0%3D&from=327834062""]",,,tos-cn-p-0015/oEqfYFfuArg7PDoyQMzB0knV8UEBPTkGADCeQu,"[""tos-cn-p-0015/oEqfYFfuArg7PDoyQMzB0knV8UEBPTkGADCeQu""]",640,360,tos-cn-i-0629/o8AICTAdAoa3BER5JFI1agiABAAAHdRgiHvwL,"[""tos-cn-i-0629/o8AICTAdAoa3BER5JFI1agiABAAAHdRgiHvwL""]",720,720,720,720,,,,,,,,
7610748585131923451,2026-05-10 18:49:14.318255,image-cut-tos-priv/ef819510d7e10bc15da81b304fb791de,"[""https://p3-pc-sign.douyinpic.com/obj/c8510002be9a3a61aad2?lk3s=138a59ce&x-expires=1779616800&x-signature=CVOHhEzpGVD%2FDZykxYNOx6i5iD0%3D&from=327834062""]",,,tos-cn-p-0015c000-ce/o4QaepDAlBsYKw9MxIQA0FEE2zDB1nBosfAQ4n,"[""tos-cn-p-0015c000-ce/o4QaepDAlBsYKw9MxIQA0FEE2zDB1nBosfAQ4n""]",480,360,tos-cn-i-0813c000-ce/og6TeF8mAAAXA7xAgIXOPnOMP8eeOwZQJBFE9Q,"[""tos-cn-i-0813c000-ce/og6TeF8mAAAXA7xAgIXOPnOMP8eeOwZQJBFE9Q""]",720,720,720,720,,,,,,,,
7610749861453595822,2026-05-10 18:49:25.130043,image-cut-tos-priv/a8987ec875a44ec295278402dc2be159,"[""https://p3-pc-sign.douyinpic.com/obj/c8510002be9a3a61aad2?lk3s=138a59ce&x-expires=1779616800&x-signature=CVOHhEzpGVD%2FDZykxYNOx6i5iD0%3D&from=327834062""]",,,tos-cn-p-0015/owoeA6gnfAQLi18MFD9pELBO0EANFA34MsWQyk,"[""tos-cn-p-0015/owoeA6gnfAQLi18MFD9pELBO0EANFA34MsWQyk""]",360,640,tos-cn-i-0813c001/o8FCKAypnAcVA3sAEsutE90CNxefQx1AANSgID,"[""tos-cn-i-0813c001/o8FCKAypnAcVA3sAEsutE90CNxefQx1AANSgID""]",720,720,720,720,,,,,,,,
7610753434442140968,2026-05-10 18:49:31.409980,image-cut-tos-priv/9f97618aa7db69cbfe20414c9c36c5e4,"[""https://p3-pc-sign.douyinpic.com/obj/c8510002be9a3a61aad2?lk3s=138a59ce&x-expires=1779616800&x-signature=CVOHhEzpGVD%2FDZykxYNOx6i5iD0%3D&from=327834062""]",,,tos-cn-p-0015/oEm9n3MEAd9EBQLQABFpAqsDg4Cf5AkAftnAMj,"[""tos-cn-p-0015/oEm9n3MEAd9EBQLQABFpAqsDg4Cf5AkAftnAMj""]",640,360,tos-cn-i-dy/51d2deea1e68420abfd08777c0cb81d3,"[""tos-cn-i-dy/51d2deea1e68420abfd08777c0cb81d3""]",720,720,720,720,,,,,,,,
7610755662263422214,2026-05-10 18:49:40.950765,image-cut-tos-priv/2f85798e69ba9f449b9df1dd6dd8966b,"[""https://p3-pc-sign.douyinpic.com/obj/c8510002be9a3a61aad2?lk3s=138a59ce&x-expires=1779616800&x-signature=CVOHhEzpGVD%2FDZykxYNOx6i5iD0%3D&from=327834062""]",,,tos-cn-p-0015/oAuftFMGAi49DD8JQk1A90m50WEAnpGDgCBeQ7,"[""tos-cn-p-0015/oAuftFMGAi49DD8JQk1A90m50WEAnpGDgCBeQ7""]",640,360,tos-cn-i-dy/d50d832636b34590a617e7987949eeeb,"[""tos-cn-i-dy/d50d832636b34590a617e7987949eeeb""]",720,720,720,720,,,,,,,,
7610758765083659562,2026-05-10 18:49:53.814915,image-cut-tos-priv/96490e5a11a1f9f1eb10345ef9aa0d13,"[""https://p3-pc-sign.douyinpic.com/obj/c8510002be9a3a61aad2?lk3s=138a59ce&x-expires=1779616800&x-signature=CVOHhEzpGVD%2FDZykxYNOx6i5iD0%3D&from=327834062""]",,,tos-cn-p-0015/oUAhEHNMYILErtrQfceeIL2e8GPhf1QvrcGhtA,"[""tos-cn-p-0015/oUAhEHNMYILErtrQfceeIL2e8GPhf1QvrcGhtA""]",640,360,tos-cn-i-dy/8852297b45f944cf97ba0765e21670e3,"[""tos-cn-i-dy/8852297b45f944cf97ba0765e21670e3""]",720,720,720,720,,,,,,,,
7610762657645301042,2026-05-10 18:50:00.095636,image-cut-tos-priv/58bb643382774b4cd2a408a5a27c9278,"[""https://p3-pc-sign.douyinpic.com/obj/c8510002be9a3a61aad2?lk3s=138a59ce&x-expires=1779616800&x-signature=CVOHhEzpGVD%2FDZykxYNOx6i5iD0%3D&from=327834062""]",,,tos-cn-p-0015/oEQ9I9Bpkne3cF0P920DHgCADaAfAPbtjQoxEt,"[""tos-cn-p-0015/oEQ9I9Bpkne3cF0P920DHgCADaAfAPbtjQoxEt""]",640,360,tos-cn-i-dy/0e8fc4d6df5e41478d5205c7f9e5a764,"[""tos-cn-i-dy/0e8fc4d6df5e41478d5205c7f9e5a764""]",720,720,720,720,,,,,,,,
7610762906937855266,2026-05-10 18:50:04.260750,image-cut-tos-priv/9d50894299def891bb36c65cb89ee911,"[""https://p3-pc-sign.douyinpic.com/obj/c8510002be9a3a61aad2?lk3s=138a59ce&x-expires=1779616800&x-signature=CVOHhEzpGVD%2FDZykxYNOx6i5iD0%3D&from=327834062""]",,,tos-cn-p-0015/oE4bfADni38AJF9ZpWnusBCAgQ6eBy9Qx34tED,"[""tos-cn-p-0015/oE4bfADni38AJF9ZpWnusBCAgQ6eBy9Qx34tED""]",640,360,tos-cn-i-dy/9c4294da473b42fdb165cc95f9abb65a,"[""tos-cn-i-dy/9c4294da473b42fdb165cc95f9abb65a""]",720,720,720,720,,,,,,,,
7610765578827025702,2026-05-10 18:50:17.053370,image-cut-tos-priv/627e1bdaad893f4909a86a40db440ea1,"[""https://p3-pc-sign.douyinpic.com/obj/c8510002be9a3a61aad2?lk3s=138a59ce&x-expires=1779616800&x-signature=CVOHhEzpGVD%2FDZykxYNOx6i5iD0%3D&from=327834062""]",,,tos-cn-p-0015/o4vdB5eGGgHZ7NTBj3FwkPYbeCxAGIoALGe3gA,"[""tos-cn-p-0015/o4vdB5eGGgHZ7NTBj3FwkPYbeCxAGIoALGe3gA""]",640,360,tos-cn-i-dy/29e12d45c90d45d4b294e8ab1ad07b36,"[""tos-cn-i-dy/29e12d45c90d45d4b294e8ab1ad07b36""]",720,720,720,720,,,,,,,,
7610769968813141730,2026-05-10 18:50:32.691371,,,,,,,,,,,,,300,318,,,,,,,,
7610777465354554667,2026-05-10 18:50:54.910764,image-cut-tos-priv/7cf154dc4f3b79bb8858980091cb9b63,"[""https://p3-pc-sign.douyinpic.com/obj/c8510002be9a3a61aad2?lk3s=138a59ce&x-expires=1779616800&x-signature=CVOHhEzpGVD%2FDZykxYNOx6i5iD0%3D&from=327834062""]",,,tos-cn-p-0015/owcgy6wdgCpHY7eIfe7Y4EEtJbAuFs6AerMMge,"[""tos-cn-p-0015/owcgy6wdgCpHY7eIfe7Y4EEtJbAuFs6AerMMge""]",480,360,tos-cn-i-dy/d0c4b045717f4d2bad834465cef246e1,"[""tos-cn-i-dy/d0c4b045717f4d2bad834465cef246e1""]",720,720,720,720,,,,,,,,
7610781123358779510,2026-05-10 18:51:09.898529,image-cut-tos-priv/ef246153b4926fc1771de3effe776f0a,"[""https://p9-pc-sign.douyinpic.com/obj/c8510002be9a3a61aad2?lk3s=138a59ce&x-expires=1779616800&x-signature=gw1NPbrtEB1OKGLee4yRrhASt4E%3D&from=327834062""]",,,tos-cn-p-0015c000-ce/okT9u6wQELDAnnGFueB90p2zmGLE9AByQPkufU,"[""tos-cn-p-0015c000-ce/okT9u6wQELDAnnGFueB90p2zmGLE9AByQPkufU""]",360,640,tos-cn-i-0813c000-ce/oIooIOcq5MAR74AyAdX0J7TAEBfgZFNPQf8aeQ,"[""tos-cn-i-0813c000-ce/oIooIOcq5MAR74AyAdX0J7TAEBfgZFNPQf8aeQ""]",720,720,720,720,,,,,,,,
7610786187380329782,2026-05-10 18:51:25.727319,image-cut-tos-priv/69657f40afc8368957bebd59ce9a6217,"[""https://p3-pc-sign.douyinpic.com/obj/c8510002be9a3a61aad2?lk3s=138a59ce&x-expires=1779616800&x-signature=CVOHhEzpGVD%2FDZykxYNOx6i5iD0%3D&from=327834062""]",,,tos-cn-p-0015/ogihIDcfgt6IT4A9TCfpCBiTwrTBD7gAAI0a8B,"[""tos-cn-p-0015/ogihIDcfgt6IT4A9TCfpCBiTwrTBD7gAAI0a8B""]",640,360,,,720,720,300,318,,,,,,,,
7610789659672579337,2026-05-10 18:51:34.769248,image-cut-tos-priv/074ca495c2f90e6716e64142ce9e5488,"[""https://p3-pc-sign.douyinpic.com/obj/c8510002be9a3a61aad2?lk3s=138a59ce&x-expires=1779616800&x-signature=CVOHhEzpGVD%2FDZykxYNOx6i5iD0%3D&from=327834062""]",,,tos-cn-p-0015/ooPCQuFP2uCO3uaeACDAQKnx9dpg9BsANvEsfR,"[""tos-cn-p-0015/ooPCQuFP2uCO3uaeACDAQKnx9dpg9BsANvEsfR""]",640,360,tos-cn-i-dy/69ccaeca1d154f1dbf6cb839a2d181f4,"[""tos-cn-i-dy/69ccaeca1d154f1dbf6cb839a2d181f4""]",720,720,720,720,,,,,,,,
7610791413408247653,2026-05-10 18:51:47.119153,image-cut-tos-priv/cf3a1313ca3645fac2f2a06838a040ab,"[""https://p3-pc-sign.douyinpic.com/obj/c8510002be9a3a61aad2?lk3s=138a59ce&x-expires=1779616800&x-signature=CVOHhEzpGVD%2FDZykxYNOx6i5iD0%3D&from=327834062""]",,,tos-cn-p-0015c000-ce/oMBR9mD9nMvfWc7WeDnIoTzEDAkFQAp7EQwAop,"[""tos-cn-p-0015c000-ce/oMBR9mD9nMvfWc7WeDnIoTzEDAkFQAp7EQwAop""]",360,640,tos-cn-i-0813c000-ce/ocmQAMeVe6zIHhLtRgQAtdAAD9AeKvzeAEeInG,"[""tos-cn-i-0813c000-ce/ocmQAMeVe6zIHhLtRgQAtdAAD9AeKvzeAEeInG""]",720,720,720,720,,,,,,,,
7610792639998391138,2026-05-10 18:51:54.269630,image-cut-tos-priv/7514d0a9abdd72ccf7840fb3ee73ec45,"[""https://p3-pc-sign.douyinpic.com/obj/c8510002be9a3a61aad2?lk3s=138a59ce&x-expires=1779616800&x-signature=CVOHhEzpGVD%2FDZykxYNOx6i5iD0%3D&from=327834062""]",,,tos-cn-p-0015/oQ1ekFAQIhGAeQmLeGI5kM96f4nEtHCjQv5neI,"[""tos-cn-p-0015/oQ1ekFAQIhGAeQmLeGI5kM96f4nEtHCjQv5neI""]",480,360,tos-cn-p-0015/ow5IQkLoX5QhnnReEDGAQ6eftnMA9IEHDeIFeG,"[""tos-cn-p-0015/ow5IQkLoX5QhnnReEDGAQ6eftnMA9IEHDeIFeG""]",720,720,720,720,,,,,,,,
7610792924393098536,2026-05-10 18:52:01.809941,image-cut-tos-priv/a57c421df4bbc711610a3288f700c02d,"[""https://p3-pc-sign.douyinpic.com/obj/c8510002be9a3a61aad2?lk3s=138a59ce&x-expires=1779616800&x-signature=CVOHhEzpGVD%2FDZykxYNOx6i5iD0%3D&from=327834062""]",,,tos-cn-p-0015/oAS9inEEaGdbz9CeATKT7LgQDfAhFAAvpBipvQ,"[""tos-cn-p-0015/oAS9inEEaGdbz9CeATKT7LgQDfAhFAAvpBipvQ""]",640,360,tos-cn-i-dy/bc38e28153ee4703a6ae4d59a5c7936f,"[""tos-cn-i-dy/bc38e28153ee4703a6ae4d59a5c7936f""]",720,720,720,720,,,,,,,,
7610796850376022011,2026-05-10 18:52:13.846277,,,,,,,,,,,,,300,318,,,,,,,,
7610797436382104884,2026-05-10 18:52:17.956475,image-cut-tos-priv/d561f7d0b1c0212f6c8bedc8a859796a,"[""https://p3-pc-sign.douyinpic.com/obj/c8510002be9a3a61aad2?lk3s=138a59ce&x-expires=1779616800&x-signature=CVOHhEzpGVD%2FDZykxYNOx6i5iD0%3D&from=327834062""]",,,tos-cn-p-0015/o8KB7A5efYDaXIgMJeLeEIAhGe7LWog2tvG8Hl,"[""tos-cn-p-0015/o8KB7A5efYDaXIgMJeLeEIAhGe7LWog2tvG8Hl""]",640,360,tos-cn-i-dy/b53405ab53714a4fa94d755bf1661d31,"[""tos-cn-i-dy/b53405ab53714a4fa94d755bf1661d31""]",720,720,720,720,,,,,,,,
7610801871120256265,2026-05-10 18:52:21.852781,image-cut-tos-priv/0926b78f414b231b7da213db31d698f5,"[""https://p3-pc-sign.douyinpic.com/obj/c8510002be9a3a61aad2?lk3s=138a59ce&x-expires=1779616800&x-signature=CVOHhEzpGVD%2FDZykxYNOx6i5iD0%3D&from=327834062""]",,,tos-cn-p-0015/o8QAfFptvBAuA8D3Qf2E8CFgEDAVqnmcxM8A9A,"[""tos-cn-p-0015/o8QAfFptvBAuA8D3Qf2E8CFgEDAVqnmcxM8A9A""]",640,360,tos-cn-i-dy/db574a5928934f7191d4816edb86bf30,"[""tos-cn-i-dy/db574a5928934f7191d4816edb86bf30""]",720,720,720,720,,,,,,,,
7610802683535969571,2026-05-10 18:52:26.209626,image-cut-tos-priv/3fe114b8fbe7c793c02d77bfef2d7690,"[""https://p3-pc-sign.douyinpic.com/obj/c8510002be9a3a61aad2?lk3s=138a59ce&x-expires=1779616800&x-signature=CVOHhEzpGVD%2FDZykxYNOx6i5iD0%3D&from=327834062""]",,,tos-cn-p-0015/o0LM9EGygEJIYsn2eHAAgveLMfffJQwmMPptoA,"[""tos-cn-p-0015/o0LM9EGygEJIYsn2eHAAgveLMfffJQwmMPptoA""]",640,360,tos-cn-i-dy/dce9c83e6099410ba3843c47761758fd,"[""tos-cn-i-dy/dce9c83e6099410ba3843c47761758fd""]",720,720,720,720,,,,,,,,
7610803926492810559,2026-05-10 18:52:54.932599,image-cut-tos-priv/1590e2c69c463b85a192da3431b7a499,"[""https://p9-pc-sign.douyinpic.com/obj/c8510002be9a3a61aad2?lk3s=138a59ce&x-expires=1779616800&x-signature=gw1NPbrtEB1OKGLee4yRrhASt4E%3D&from=327834062""]",,,tos-cn-p-0015/o4gkDGogslLfEmveHAYecQMAB5tNeANeIgJIIp,"[""tos-cn-p-0015/o4gkDGogslLfEmveHAYecQMAB5tNeANeIgJIIp""]",640,360,tos-cn-i-dy/96d5828322fc4d64b75e0173ec57c25d,"[""tos-cn-i-dy/96d5828322fc4d64b75e0173ec57c25d""]",720,720,720,720,,,,,,,,
7610812132124347674,2026-05-10 18:53:10.836436,image-cut-tos-priv/5499066ec2cfbd84c068469493442eec,"[""https://p3-pc-sign.douyinpic.com/obj/c8510002be9a3a61aad2?lk3s=138a59ce&x-expires=1779616800&x-signature=CVOHhEzpGVD%2FDZykxYNOx6i5iD0%3D&from=327834062""]",,,tos-cn-p-0015/oIsQAbDSEFAPRnBgQ9mDDXtHwwCrispfyAdfBW,"[""tos-cn-p-0015/oIsQAbDSEFAPRnBgQ9mDDXtHwwCrispfyAdfBW""]",640,360,tos-cn-i-dy/c99f6e9785e44fe2b9030c2c3becfe7e,"[""tos-cn-i-dy/c99f6e9785e44fe2b9030c2c3becfe7e""]",720,720,720,720,,,,,,,,
7610818309927875046,2026-05-10 18:53:21.755480,,,,,,,,,,,,,300,318,,,,,,,,
7610833039454670095,2026-05-10 18:53:25.250567,image-cut-tos-priv/a84e27db88b2efece3e164d7fb630b44,"[""https://p3-pc-sign.douyinpic.com/obj/c8510002be9a3a61aad2?lk3s=138a59ce&x-expires=1779616800&x-signature=CVOHhEzpGVD%2FDZykxYNOx6i5iD0%3D&from=327834062""]",,,tos-cn-p-0015/oYGBmejfhAm7GWiQEeRIARCGHBPLQ962TXWxhs,"[""tos-cn-p-0015/oYGBmejfhAm7GWiQEeRIARCGHBPLQ962TXWxhs""]",480,360,tos-cn-i-dy/729f30a24bf547dd8186663c9862875b,"[""tos-cn-i-dy/729f30a24bf547dd8186663c9862875b""]",720,720,720,720,,,,,,,,
7610867072432015818,2026-05-10 18:53:38.450738,image-cut-tos-priv/3c023f59c3bb4e154a6ac69642240807,"[""https://p3-pc-sign.douyinpic.com/obj/c8510002be9a3a61aad2?lk3s=138a59ce&x-expires=1779616800&x-signature=CVOHhEzpGVD%2FDZykxYNOx6i5iD0%3D&from=327834062""]",,,tos-cn-p-0015/oEWBEe3aGBcTLMfBJfIOnXQ1PCaQAuMAwC7ZZA,"[""tos-cn-p-0015/oEWBEe3aGBcTLMfBJfIOnXQ1PCaQAuMAwC7ZZA""]",480,360,tos-cn-i-0813/oQnBhPAJnLJ8AEaA9TEZ7LAAaIQfeBRGgedpgs,"[""tos-cn-i-0813/oQnBhPAJnLJ8AEaA9TEZ7LAAaIQfeBRGgedpgs""]",720,720,720,720,,,,,,,,
7610998069269695780,2026-05-10 18:53:46.377266,image-cut-tos-priv/ad49337197f290c29b6db5fd5f7edf5d,"[""https://p9-pc-sign.douyinpic.com/obj/c8510002be9a3a61aad2?lk3s=138a59ce&x-expires=1779616800&x-signature=gw1NPbrtEB1OKGLee4yRrhASt4E%3D&from=327834062""]",,,tos-cn-p-0015/oICNAs4PZL8TMB2CQTIGCpeeQLKgAMAKBGfjV7,"[""tos-cn-p-0015/oICNAs4PZL8TMB2CQTIGCpeeQLKgAMAKBGfjV7""]",640,360,tos-cn-i-0813c000-ce/o8E9DEwBIapAKkAoQEfAjeFA4nAHxEf8hPARaE,"[""tos-cn-i-0813c000-ce/o8E9DEwBIapAKkAoQEfAjeFA4nAHxEf8hPARaE""]",720,720,720,720,,,,,,,,
7611011317172450661,2026-05-10 18:54:02.281207,image-cut-tos-priv/307ca32b3635f4faa3e21ba7614b1093,"[""https://p3-pc-sign.douyinpic.com/obj/c8510002be9a3a61aad2?lk3s=138a59ce&x-expires=1779616800&x-signature=CVOHhEzpGVD%2FDZykxYNOx6i5iD0%3D&from=327834062""]",,,tos-cn-p-0015c000-ce/osJf73eXTQOBBNJ0vDPLOkzIQTGExyAJXgeQnF,"[""tos-cn-p-0015c000-ce/osJf73eXTQOBBNJ0vDPLOkzIQTGExyAJXgeQnF""]",360,640,tos-cn-i-0813c000-ce/o0COAvonuFEAcA7AIpEDjnfuQAFZw5kKEnfxU9,"[""tos-cn-i-0813c000-ce/o0COAvonuFEAcA7AIpEDjnfuQAFZw5kKEnfxU9""]",720,720,720,720,,,,,,,,
7611013457718054187,2026-05-10 18:54:18.334555,,,,,,,,,,,,,300,318,,,,,,,,
7611018286372762310,2026-05-10 18:54:23.834318,image-cut-tos-priv/c2625f4673b890e624b9bae95b185b9a,"[""https://p3-pc-sign.douyinpic.com/obj/c8510002be9a3a61aad2?lk3s=138a59ce&x-expires=1779616800&x-signature=CVOHhEzpGVD%2FDZykxYNOx6i5iD0%3D&from=327834062""]",,,tos-cn-p-0015/oMPPDfjfBEjaQNx6NETAFC4fQu74AEt0MBUjm4,"[""tos-cn-p-0015/oMPPDfjfBEjaQNx6NETAFC4fQu74AEt0MBUjm4""]",360,640,tos-cn-p-0015/oYoaGfIpNBbBffQaPxffikAgGeAcLIO1bT5Zgg,"[""tos-cn-p-0015/oYoaGfIpNBbBffQaPxffikAgGeAcLIO1bT5Zgg""]",720,720,720,720,,,,,,,,
7611020792889783273,2026-05-10 18:54:33.149141,,,,,,,,,,,,,300,318,,,,,,,,
7611027972534832422,2026-05-10 18:54:38.433312,image-cut-tos-priv/bdd2862e95863e98ed57af51108d4bf3,"[""https://p3-pc-sign.douyinpic.com/obj/c8510002be9a3a61aad2?lk3s=138a59ce&x-expires=1779616800&x-signature=CVOHhEzpGVD%2FDZykxYNOx6i5iD0%3D&from=327834062""]",,,tos-cn-p-0015/ocrSIV2PAoQ7AQsbTmQUfLLMBKBfa5ezCFCIGu,"[""tos-cn-p-0015/ocrSIV2PAoQ7AQsbTmQUfLLMBKBfa5ezCFCIGu""]",640,360,tos-cn-i-dy/ff9dc301b7b344bc9fe61daa00eb0926,"[""tos-cn-i-dy/ff9dc301b7b344bc9fe61daa00eb0926""]",720,720,720,720,,,,,,,,
7611033049689525547,2026-05-10 18:54:41.706934,image-cut-tos-priv/4a14018cbb5f272ec65cfb07e3702611,"[""https://p3-pc-sign.douyinpic.com/obj/c8510002be9a3a61aad2?lk3s=138a59ce&x-expires=1779616800&x-signature=CVOHhEzpGVD%2FDZykxYNOx6i5iD0%3D&from=327834062""]",,,tos-cn-p-0015/ocEuEONngC69AQpmpbQsgFFpAUAfD9f0BaDAD9,"[""tos-cn-p-0015/ocEuEONngC69AQpmpbQsgFFpAUAfD9f0BaDAD9""]",585,360,tos-cn-i-dy/be7b30914d254f33a7096b98e74f025e,"[""tos-cn-i-dy/be7b30914d254f33a7096b98e74f025e""]",720,720,720,720,,,,,,,,
7611037789966126382,2026-05-10 18:54:52.659760,image-cut-tos-priv/b88068c08a29b6a084f8018d46556e6e,"[""https://p3-pc-sign.douyinpic.com/obj/c8510002be9a3a61aad2?lk3s=138a59ce&x-expires=1779616800&x-signature=CVOHhEzpGVD%2FDZykxYNOx6i5iD0%3D&from=327834062""]",,,tos-cn-p-0015/oYcAQZpQf4wDUBz1gMNq9fE8FAA9sBnrO4kUOQ,"[""tos-cn-p-0015/oYcAQZpQf4wDUBz1gMNq9fE8FAA9sBnrO4kUOQ""]",640,360,tos-cn-i-dy/44f3e660e8bb4f5fa3d842a34c9137e1,"[""tos-cn-i-dy/44f3e660e8bb4f5fa3d842a34c9137e1""]",720,720,720,720,,,,,,,,
7611043588604005651,2026-05-10 18:55:02.010384,image-cut-tos-priv/af5ff76fd0806ecfc3be1d1c222f4bee,"[""https://p3-pc-sign.douyinpic.com/obj/c8510002be9a3a61aad2?lk3s=138a59ce&x-expires=1779616800&x-signature=CVOHhEzpGVD%2FDZykxYNOx6i5iD0%3D&from=327834062""]",,,tos-cn-p-0015/oIXTeYmTPAeOB5VXQhi7T7bCEUf8AJuUBnJABM,"[""tos-cn-p-0015/oIXTeYmTPAeOB5VXQhi7T7bCEUf8AJuUBnJABM""]",640,360,tos-cn-i-dy/8dffef9cfd1c43c8b864119108f488ac,"[""tos-cn-i-dy/8dffef9cfd1c43c8b864119108f488ac""]",720,720,720,720,,,,,,,,
7611045889054555877,2026-05-10 18:55:07.929036,image-cut-tos-priv/6e47e43f56cfae6b3fd40c87fe7b0f42,"[""https://p3-pc-sign.douyinpic.com/obj/c8510002be9a3a61aad2?lk3s=138a59ce&x-expires=1779616800&x-signature=CVOHhEzpGVD%2FDZykxYNOx6i5iD0%3D&from=327834062""]",,,tos-cn-p-0015c000-ce/o4qefAjH78G6WIgTJPLeJCgnguQDaogI7zGzBD,"[""tos-cn-p-0015c000-ce/o4qefAjH78G6WIgTJPLeJCgnguQDaogI7zGzBD""]",576,360,tos-cn-i-0813c000-ce/ooB5JReG8Iro7eTBX210EPt7fE0ARIaALAABQg,"[""tos-cn-i-0813c000-ce/ooB5JReG8Iro7eTBX210EPt7fE0ARIaALAABQg""]",720,720,720,720,,,,,,,,
7611052408839490831,2026-05-10 18:55:15.196440,image-cut-tos-priv/1afc939d0d3fcb40aea1dacd5168c9f8,"[""https://p3-pc-sign.douyinpic.com/obj/c8510002be9a3a61aad2?lk3s=138a59ce&x-expires=1779616800&x-signature=CVOHhEzpGVD%2FDZykxYNOx6i5iD0%3D&from=327834062""]",,,tos-cn-p-0015/ogg6fT5BlC7YNA7nFNgA5LIB1xGSzPG4ieIPfG,"[""tos-cn-p-0015/ogg6fT5BlC7YNA7nFNgA5LIB1xGSzPG4ieIPfG""]",640,360,tos-cn-i-dy/8adec2aa7d4b40a69a983236ac45270f,"[""tos-cn-i-dy/8adec2aa7d4b40a69a983236ac45270f""]",720,720,720,720,,,,,,,,
7611055897909022003,2026-05-10 18:55:27.158012,image-cut-tos-priv/973db7ddb7c7f67d5c7ed058fc5042ff,"[""https://p3-pc-sign.douyinpic.com/obj/c8510002be9a3a61aad2?lk3s=138a59ce&x-expires=1779616800&x-signature=CVOHhEzpGVD%2FDZykxYNOx6i5iD0%3D&from=327834062""]",,,tos-cn-p-0015/oUfI5eHGPCBFbngQDQhsuVA9kTPAxTUYDB7fEk,"[""tos-cn-p-0015/oUfI5eHGPCBFbngQDQhsuVA9kTPAxTUYDB7fEk""]",640,360,tos-cn-i-dy/775969abe55344408ef8dbede30316de,"[""tos-cn-i-dy/775969abe55344408ef8dbede30316de""]",720,720,720,720,,,,,,,,
7611061544587234566,2026-05-10 18:55:43.352232,image-cut-tos-priv/23b5d0136d208f3e15dd293db3b0f4ad,"[""https://p3-pc-sign.douyinpic.com/obj/c8510002be9a3a61aad2?lk3s=138a59ce&x-expires=1779616800&x-signature=CVOHhEzpGVD%2FDZykxYNOx6i5iD0%3D&from=327834062""]",,,tos-cn-p-0015/og8QaQ7KAAYUBIw17LeE9TGCbjPhMIB8ESf1Ff,"[""tos-cn-p-0015/og8QaQ7KAAYUBIw17LeE9TGCbjPhMIB8ESf1Ff""]",540,360,tos-cn-i-dy/2e5c2b25b8a7460cbb23d6c0aece2afa,"[""tos-cn-i-dy/2e5c2b25b8a7460cbb23d6c0aece2afa""]",720,720,720,720,,,,,,,,
7611072238611123519,2026-05-10 18:55:54.814181,image-cut-tos-priv/c4b32d60f24182639b69034cf0d9aa0f,"[""https://p3-pc-sign.douyinpic.com/obj/c8510002be9a3a61aad2?lk3s=138a59ce&x-expires=1779616800&x-signature=CVOHhEzpGVD%2FDZykxYNOx6i5iD0%3D&from=327834062""]",,,tos-cn-p-0015/oYtIrLE2BBze5kf6fM8dAIYfWkgHgsMiGe6wIA,"[""tos-cn-p-0015/oYtIrLE2BBze5kf6fM8dAIYfWkgHgsMiGe6wIA""]",640,360,tos-cn-i-dy/569da26488ca46ca9d0f91f8ceab2047,"[""tos-cn-i-dy/569da26488ca46ca9d0f91f8ceab2047""]",720,720,720,720,,,,,,,,
7611074938762364921,2026-05-10 18:56:05.284595,,,,,,,,,,,,,300,318,,,,,,,,
7611075018357423013,2026-05-10 18:56:09.012105,image-cut-tos-priv/38af660987770dc58201d0acb5c1b107,"[""https://p9-pc-sign.douyinpic.com/obj/c8510002be9a3a61aad2?lk3s=138a59ce&x-expires=1779616800&x-signature=gw1NPbrtEB1OKGLee4yRrhASt4E%3D&from=327834062""]",,,tos-cn-p-0015c000-ce/oAMeGIwoMJmtW6AfNJLIAWG5HfAtFv9gglegAe,"[""tos-cn-p-0015c000-ce/oAMeGIwoMJmtW6AfNJLIAWG5HfAtFv9gglegAe""]",360,640,tos-cn-i-0813c000-ce/oQfJXAXHtgXAGAcedJQAPOGMAosLImPfVA4Def,"[""tos-cn-i-0813c000-ce/oQfJXAXHtgXAGAcedJQAPOGMAosLImPfVA4Def""]",720,720,720,720,,,,,,,,
7611079015830506786,2026-05-10 18:56:18.262248,image-cut-tos-priv/bc3f1e67ea56f7938e6c31c1580e46da,"[""https://p3-pc-sign.douyinpic.com/obj/c8510002be9a3a61aad2?lk3s=138a59ce&x-expires=1779616800&x-signature=CVOHhEzpGVD%2FDZykxYNOx6i5iD0%3D&from=327834062""]",,,tos-cn-p-0015/oMgMMfAJOqXfHI8f81VE0H6AQpYCfnVgwA8Xtf,"[""tos-cn-p-0015/oMgMMfAJOqXfHI8f81VE0H6AQpYCfnVgwA8Xtf""]",640,360,tos-cn-i-dy/82552bd459b64c77b1990911e5d26ac0,"[""tos-cn-i-dy/82552bd459b64c77b1990911e5d26ac0""]",720,720,720,720,,,,,,,,
7611083533703990571,2026-05-10 18:56:33.184693,image-cut-tos-priv/786a9f0af0cba6a5c7500619a6d063f2,"[""https://p3-pc-sign.douyinpic.com/obj/c8510002be9a3a61aad2?lk3s=138a59ce&x-expires=1779616800&x-signature=CVOHhEzpGVD%2FDZykxYNOx6i5iD0%3D&from=327834062""]",,,tos-cn-p-0015/oM3AEBLHpWAdwYAgB3iigfB1AnA9Kg1II8vgNf,"[""tos-cn-p-0015/oM3AEBLHpWAdwYAgB3iigfB1AnA9Kg1II8vgNf""]",640,360,tos-cn-i-dy/92b255393b4c4629b653c45289e877c0,"[""tos-cn-i-dy/92b255393b4c4629b653c45289e877c0""]",720,720,720,720,,,,,,,,
7611083792229034725,2026-05-10 18:56:47.833313,image-cut-tos-priv/18c68d526f4ec694d27a5d5e0a17adf0,"[""https://p3-pc-sign.douyinpic.com/obj/c8510002be9a3a61aad2?lk3s=138a59ce&x-expires=1779616800&x-signature=CVOHhEzpGVD%2FDZykxYNOx6i5iD0%3D&from=327834062""]",,,tos-cn-p-0015c000-ce/owffDfiGHEywQNAZmFMAFLDAQgtfAQsA9meATc,"[""tos-cn-p-0015c000-ce/owffDfiGHEywQNAZmFMAFLDAQgtfAQsA9meATc""]",640,360,tos-cn-i-0813c000-ce/oUk8vAGnaPAXAM8CAZATiTCIAABiPaOgMAhAE,"[""tos-cn-i-0813c000-ce/oUk8vAGnaPAXAM8CAZATiTCIAABiPaOgMAhAE""]",720,720,720,720,,,,,,,,
7611084877173345551,2026-05-10 18:57:04.919692,image-cut-tos-priv/6e01e6226b7417c934318c2bb6d1891d,"[""https://p9-pc-sign.douyinpic.com/obj/c8510002be9a3a61aad2?lk3s=138a59ce&x-expires=1779616800&x-signature=gw1NPbrtEB1OKGLee4yRrhASt4E%3D&from=327834062""]",,,tos-cn-p-0015/oIanCI8IB9ZffBAZgivXAzBqViHUQpAAa4994g,"[""tos-cn-p-0015/oIanCI8IB9ZffBAZgivXAzBqViHUQpAAa4994g""]",640,360,tos-cn-i-dy/835d0630f246476d9c5a6a4d3ded3e2d,"[""tos-cn-i-dy/835d0630f246476d9c5a6a4d3ded3e2d""]",720,720,720,720,,,,,,,,
7611090164215024948,2026-05-10 18:57:12.184674,image-cut-tos-priv/914af0d227ec5054de52b811db6a7131,"[""https://p3-pc-sign.douyinpic.com/obj/c8510002be9a3a61aad2?lk3s=138a59ce&x-expires=1779616800&x-signature=CVOHhEzpGVD%2FDZykxYNOx6i5iD0%3D&from=327834062""]",,,tos-cn-p-0015/okNPaQ0QDPwvfCDYAEfIAzE0zFIDNTBBqx67fA,"[""tos-cn-p-0015/okNPaQ0QDPwvfCDYAEfIAzE0zFIDNTBBqx67fA""]",640,360,tos-cn-i-dy/d6176ee6a1764018aea44ecc7920f263,"[""tos-cn-i-dy/d6176ee6a1764018aea44ecc7920f263""]",720,720,720,720,,,,,,,,
7611093412703472911,2026-05-10 18:57:27.344078,image-cut-tos-priv/c5979d5c4645f3442ac8d523abf89565,"[""https://p3-pc-sign.douyinpic.com/obj/c8510002be9a3a61aad2?lk3s=138a59ce&x-expires=1779616800&x-signature=CVOHhEzpGVD%2FDZykxYNOx6i5iD0%3D&from=327834062""]",,,tos-cn-p-0015/oMQqABoa9vZPTCIaJgANNAw5ii2aRIBAUIGg3,"[""tos-cn-p-0015/oMQqABoa9vZPTCIaJgANNAw5ii2aRIBAUIGg3""]",640,360,tos-cn-i-dy/8b286bcab527408f989b5224de5bcd31,"[""tos-cn-i-dy/8b286bcab527408f989b5224de5bcd31""]",720,720,720,720,,,,,,,,
7611096109804555530,2026-05-10 18:57:43.027932,image-cut-tos-priv/b4fe2a9697b7415fab2973e4e88cf452,"[""https://p3-pc-sign.douyinpic.com/obj/c8510002be9a3a61aad2?lk3s=138a59ce&x-expires=1779616800&x-signature=CVOHhEzpGVD%2FDZykxYNOx6i5iD0%3D&from=327834062""]",,,tos-cn-p-0015/o0GGkK5fIeFCg7LATgDAhCBemCm7CbBQggB3gm,"[""tos-cn-p-0015/o0GGkK5fIeFCg7LATgDAhCBemCm7CbBQggB3gm""]",640,360,tos-cn-i-dy/0720a3b916334aa7aca51e4023046927,"[""tos-cn-i-dy/0720a3b916334aa7aca51e4023046927""]",720,720,720,720,,,,,,,,
7611096123570130239,2026-05-10 18:57:59.272344,image-cut-tos-priv/d27b132b1443e46ca2a8da416ad186fc,"[""https://p3-pc-sign.douyinpic.com/obj/c8510002be9a3a61aad2?lk3s=138a59ce&x-expires=1779616800&x-signature=CVOHhEzpGVD%2FDZykxYNOx6i5iD0%3D&from=327834062""]",,,tos-cn-p-0015/oIApBAYXE11FmVFABgfQoygW9pWpDAE6AfwQjD,"[""tos-cn-p-0015/oIApBAYXE11FmVFABgfQoygW9pWpDAE6AfwQjD""]",640,360,tos-cn-i-dy/69d80130c8994790a059bebffd04f48a,"[""tos-cn-i-dy/69d80130c8994790a059bebffd04f48a""]",720,720,720,720,,,,,,,,
7611096265891328433,2026-05-10 18:58:11.009165,image-cut-tos-priv/ba17804fb405dd2060b7471e2e662449,"[""https://p3-pc-sign.douyinpic.com/obj/c8510002be9a3a61aad2?lk3s=138a59ce&x-expires=1779616800&x-signature=CVOHhEzpGVD%2FDZykxYNOx6i5iD0%3D&from=327834062""]",,,tos-cn-p-0015c000-ce/ogm7guAefGiQCAL2XTIQl4PEUgD1AXelf4FGIa,"[""tos-cn-p-0015c000-ce/ogm7guAefGiQCAL2XTIQl4PEUgD1AXelf4FGIa""]",360,640,tos-cn-p-0015c000-ce/o0uoDfrPAEwoI8CRfDpwFBSgIG9AAUkNCEKA6G,"[""tos-cn-p-0015c000-ce/o0uoDfrPAEwoI8CRfDpwFBSgIG9AAUkNCEKA6G""]",720,720,720,720,,,,,,,,
7611098364306738021,2026-05-10 18:58:15.551364,image-cut-tos-priv/754640971bb8889f4c15d584cdbaa3c8,"[""https://p3-pc-sign.douyinpic.com/obj/c8510002be9a3a61aad2?lk3s=138a59ce&x-expires=1779616800&x-signature=CVOHhEzpGVD%2FDZykxYNOx6i5iD0%3D&from=327834062""]",,,tos-cn-p-0015c000-ce/ooA9eFDq9AEZPQfwNgEQd0CADCywa9oQopfQcq,"[""tos-cn-p-0015c000-ce/ooA9eFDq9AEZPQfwNgEQd0CADCywa9oQopfQcq""]",515,360,tos-cn-i-0813c000-ce/okeEbiEPApRfC10Ea0QuAcegEAEAIAcpBADtiw,"[""tos-cn-i-0813c000-ce/okeEbiEPApRfC10Ea0QuAcegEAEAIAcpBADtiw""]",720,720,720,720,,,,,,,,
7611100399365836115,2026-05-10 18:58:26.928047,image-cut-tos-priv/5fae1ea85ef0df53aa7d641050f269fb,"[""https://p9-pc-sign.douyinpic.com/obj/c8510002be9a3a61aad2?lk3s=138a59ce&x-expires=1779616800&x-signature=gw1NPbrtEB1OKGLee4yRrhASt4E%3D&from=327834062""]",,,tos-cn-p-0015/osATAQIPIiwgAa2c7ZPi4AHIPBaDIIcBPqZa2,"[""tos-cn-p-0015/osATAQIPIiwgAa2c7ZPi4AHIPBaDIIcBPqZa2""]",640,360,tos-cn-p-0015/oEF8wrYpoAWAA4cDEstAV9HBDeAfQBULAz4gQD,"[""tos-cn-p-0015/oEF8wrYpoAWAA4cDEstAV9HBDeAfQBULAz4gQD""]",720,720,720,720,,,,,,,,
7611101579597892340,2026-05-10 18:58:39.382303,image-cut-tos-priv/ff33e6159d2d1b9ecf67d23f11654310,"[""https://p3-pc-sign.douyinpic.com/obj/c8510002be9a3a61aad2?lk3s=138a59ce&x-expires=1779616800&x-signature=CVOHhEzpGVD%2FDZykxYNOx6i5iD0%3D&from=327834062""]",,,tos-cn-p-0015/oAfTo67tB3DQWAuEfIFe4QlWBWLrQACpBCBG5A,"[""tos-cn-p-0015/oAfTo67tB3DQWAuEfIFe4QlWBWLrQACpBCBG5A""]",640,360,tos-cn-i-0629/oMCJA1PYqSgDdIIaAAEAigRitAgnaAFEwB13i,"[""tos-cn-i-0629/oMCJA1PYqSgDdIIaAAEAigRitAgnaAFEwB13i""]",720,720,720,720,,,,,,,,
7611102135735815458,2026-05-10 18:58:46.002232,,,,,,,,,,,,,300,318,,,,,,,,
7611103456983567625,2026-05-10 18:58:50.926049,image-cut-tos-priv/01b12b964a7078d89cbba676b735f08f,"[""https://p3-pc-sign.douyinpic.com/obj/c8510002be9a3a61aad2?lk3s=138a59ce&x-expires=1779616800&x-signature=CVOHhEzpGVD%2FDZykxYNOx6i5iD0%3D&from=327834062""]",,,tos-cn-p-0015/osQ7E0NKfABJAgBtAmNgioIgpiejA0MDrNiIAs,"[""tos-cn-p-0015/osQ7E0NKfABJAgBtAmNgioIgpiejA0MDrNiIAs""]",640,360,tos-cn-i-dy/f1a6715f0afb4a4d8aaf81d91f443816,"[""tos-cn-i-dy/f1a6715f0afb4a4d8aaf81d91f443816""]",720,720,720,720,,,,,,,,
7611103881086455103,2026-05-10 18:58:57.675185,image-cut-tos-priv/ce0bb9cd20964013d5584eabf77ead14,"[""https://p3-pc-sign.douyinpic.com/obj/c8510002be9a3a61aad2?lk3s=138a59ce&x-expires=1779616800&x-signature=CVOHhEzpGVD%2FDZykxYNOx6i5iD0%3D&from=327834062""]",,,tos-cn-p-0015/oIg1PEA0pA3CEsNqADBneS3oFB1QDQf9wAQ6g2,"[""tos-cn-p-0015/oIg1PEA0pA3CEsNqADBneS3oFB1QDQf9wAQ6g2""]",640,360,tos-cn-i-dy/3c489c0106d14411a4a6ab302490329e,"[""tos-cn-i-dy/3c489c0106d14411a4a6ab302490329e""]",720,720,720,720,,,,,,,,
7611104313548573998,2026-05-10 18:59:13.139684,image-cut-tos-priv/314f398e7f9a17a681aaf5163d18316e,"[""https://p3-pc-sign.douyinpic.com/obj/c8510002be9a3a61aad2?lk3s=138a59ce&x-expires=1779616800&x-signature=CVOHhEzpGVD%2FDZykxYNOx6i5iD0%3D&from=327834062""]",,,tos-cn-p-0015/o8HLAXfDNQpo9upACE3AeozAgB0ABEzdFBpVQg,"[""tos-cn-p-0015/o8HLAXfDNQpo9upACE3AeozAgB0ABEzdFBpVQg""]",640,360,tos-cn-i-dy/7544963714944ed8a41ac5649d05dbad,"[""tos-cn-i-dy/7544963714944ed8a41ac5649d05dbad""]",720,720,720,720,,,,,,,,
7611105498808454463,2026-05-10 18:59:19.884861,image-cut-tos-priv/57d13d3c2a7cece05ff2b08ca58f2869,"[""https://p3-pc-sign.douyinpic.com/obj/c8510002be9a3a61aad2?lk3s=138a59ce&x-expires=1779616800&x-signature=CVOHhEzpGVD%2FDZykxYNOx6i5iD0%3D&from=327834062""]",,,tos-cn-p-0015/oQZfFpNmfABoBqD1AEFgM8IgBF9QBoJHYCEIAi,"[""tos-cn-p-0015/oQZfFpNmfABoBqD1AEFgM8IgBF9QBoJHYCEIAi""]",480,360,tos-cn-i-dy/7901851875dd4711b54435f321e75ac2,"[""tos-cn-i-dy/7901851875dd4711b54435f321e75ac2""]",720,720,720,720,,,,,,,,
7611106829761908020,2026-05-10 18:59:30.896767,tos-cn-i-dy/3d3146fc15d24e7b824723edcb68a928,"[""https://p3-pc-sign.douyinpic.com/obj/c8510002be9a3a61aad2?lk3s=138a59ce&x-expires=1779616800&x-signature=CVOHhEzpGVD%2FDZykxYNOx6i5iD0%3D&from=327834062""]",,,tos-cn-p-0015/oEF3dFjAEI6IgUo5BgfUeJSA93aHpDCJABbYBK,"[""tos-cn-p-0015/oEF3dFjAEI6IgUo5BgfUeJSA93aHpDCJABbYBK""]",360,640,tos-cn-i-dy/3d3146fc15d24e7b824723edcb68a928,"[""tos-cn-i-dy/3d3146fc15d24e7b824723edcb68a928""]",720,720,720,720,,,,,,,,
7611112635064952165,2026-05-10 18:59:49.623806,image-cut-tos-priv/fe66209c398251a09659f7d5f73288b2,"[""https://p3-pc-sign.douyinpic.com/obj/c8510002be9a3a61aad2?lk3s=138a59ce&x-expires=1779616800&x-signature=CVOHhEzpGVD%2FDZykxYNOx6i5iD0%3D&from=327834062""]",,,tos-cn-p-0015c000-ce/oko50MHeMIoZAG4Ei0AwB1BziCfBABqT2ISgl9,"[""tos-cn-p-0015c000-ce/oko50MHeMIoZAG4Ei0AwB1BziCfBABqT2ISgl9""]",479,360,tos-cn-i-0813c000-ce/osApGD7LDICpogxUA0FAQV7eeFfdTAJEE4gRBQ,"[""tos-cn-i-0813c000-ce/osApGD7LDICpogxUA0FAQV7eeFfdTAJEE4gRBQ""]",720,720,720,720,,,,,,,,
7611114675740118310,2026-05-10 19:00:01.567253,image-cut-tos-priv/09e422ab501e916f03343626e22c0db7,"[""https://p3-pc-sign.douyinpic.com/obj/c8510002be9a3a61aad2?lk3s=138a59ce&x-expires=1779620400&x-signature=I7Nmirj4Jy2OT9wSc4%2Fcjb6ZeHQ%3D&from=327834062""]",,,tos-cn-p-0015/oAIAA0ECbIAAViLnk0H3gfAn8gizxBBq0IKe8i,"[""tos-cn-p-0015/oAIAA0ECbIAAViLnk0H3gfAn8gizxBBq0IKe8i""]",480,360,tos-cn-i-dy/ac52a4d99e7b428fa3fbeabed50b37fe,"[""tos-cn-i-dy/ac52a4d99e7b428fa3fbeabed50b37fe""]",720,720,720,720,,,,,,,,
7611114974517185819,2026-05-10 19:00:12.141013,image-cut-tos-priv/aeeda64b72d5b8008701535638febb81,"[""https://p3-pc-sign.douyinpic.com/obj/c8510002be9a3a61aad2?lk3s=138a59ce&x-expires=1779620400&x-signature=I7Nmirj4Jy2OT9wSc4%2Fcjb6ZeHQ%3D&from=327834062""]",,,tos-cn-p-0015/owZdArxIGNgIAiYcOabbPcPiQH0KBraA7g1IA,"[""tos-cn-p-0015/owZdArxIGNgIAiYcOabbPcPiQH0KBraA7g1IA""]",654,360,tos-cn-i-dy/f168a5b4eab3424086c8400872220f87,"[""tos-cn-i-dy/f168a5b4eab3424086c8400872220f87""]",720,720,720,720,,,,,,,,
7611117303438118194,2026-05-10 19:00:22.448370,image-cut-tos-priv/04250c15ba93c2071027a10027a24063,"[""https://p3-pc-sign.douyinpic.com/obj/c8510002be9a3a61aad2?lk3s=138a59ce&x-expires=1779620400&x-signature=I7Nmirj4Jy2OT9wSc4%2Fcjb6ZeHQ%3D&from=327834062""]",,,tos-cn-p-0015/okeTN27WBzGQTg7IlHLvhIQvBaU1IACfDfCasA,"[""tos-cn-p-0015/okeTN27WBzGQTg7IlHLvhIQvBaU1IACfDfCasA""]",640,360,tos-cn-i-0629/okEc2AVnIAAfHQGJApAgU0x6NCFIipxDNng7ej,"[""tos-cn-i-0629/okEc2AVnIAAfHQGJApAgU0x6NCFIipxDNng7ej""]",720,720,720,720,,,,,,,,
7611117612667292968,2026-05-10 19:00:30.553079,image-cut-tos-priv/cf94d1a290c8816cf7997a9ba2ebd100,"[""https://p3-pc-sign.douyinpic.com/obj/c8510002be9a3a61aad2?lk3s=138a59ce&x-expires=1779616800&x-signature=CVOHhEzpGVD%2FDZykxYNOx6i5iD0%3D&from=327834062""]",,,tos-cn-p-0015/oIXgte6EwB90AI9IJBFpAHaDglCUiA01fBoAV9,"[""tos-cn-p-0015/oIXgte6EwB90AI9IJBFpAHaDglCUiA01fBoAV9""]",640,360,tos-cn-i-0629/oYKnGfGAJgGVDeAQAqqEAQCCxAoFI0HQpuJsAF,"[""tos-cn-i-0629/oYKnGfGAJgGVDeAQAqqEAQCCxAoFI0HQpuJsAF""]",720,720,720,720,,,,,,,,
7611117630241410313,2026-05-10 19:00:40.998302,image-cut-tos-priv/aa66bb98061a1be7a41b8adf265367c4,"[""https://p3-pc-sign.douyinpic.com/obj/c8510002be9a3a61aad2?lk3s=138a59ce&x-expires=1779620400&x-signature=I7Nmirj4Jy2OT9wSc4%2Fcjb6ZeHQ%3D&from=327834062""]",,,tos-cn-p-0015/owta4iCBMgLaPQdBKIbaAtpyIXiBAGUIT3API,"[""tos-cn-p-0015/owta4iCBMgLaPQdBKIbaAtpyIXiBAGUIT3API""]",640,360,tos-cn-i-dy/c99b333afcd64f1fb27284aef62073c5,"[""tos-cn-i-dy/c99b333afcd64f1fb27284aef62073c5""]",720,720,720,720,,,,,,,,
7611118740822716282,2026-05-10 19:00:51.202722,image-cut-tos-priv/469b888997a7ef3b61fcbac14778f9ba,"[""https://p3-pc-sign.douyinpic.com/obj/c8510002be9a3a61aad2?lk3s=138a59ce&x-expires=1779620400&x-signature=I7Nmirj4Jy2OT9wSc4%2Fcjb6ZeHQ%3D&from=327834062""]",,,tos-cn-p-0015c000-ce/o8gg9BfKpIojAXEtIBoF6a5EIgDBJ4AiLwfWCG,"[""tos-cn-p-0015c000-ce/o8gg9BfKpIojAXEtIBoF6a5EIgDBJ4AiLwfWCG""]",665,360,tos-cn-i-0813c000-ce/o8sA9FFoHIDAnhAAAqAwfHE0pAQf9oVEoAECQC,"[""tos-cn-i-0813c000-ce/o8sA9FFoHIDAnhAAAqAwfHE0pAQf9oVEoAECQC""]",720,720,720,720,,,,,,,,
7611123147353832697,2026-05-10 19:01:01.735597,image-cut-tos-priv/3eabd9a5ee29ecc2bf24e35e3ab14e8b,"[""https://p3-pc-sign.douyinpic.com/obj/c8510002be9a3a61aad2?lk3s=138a59ce&x-expires=1779620400&x-signature=I7Nmirj4Jy2OT9wSc4%2Fcjb6ZeHQ%3D&from=327834062""]",,,tos-cn-p-0015c000-ce/oAgfATlBfDES5g7UA8gAtLIJYSGG4QHUgeUZGO,"[""tos-cn-p-0015c000-ce/oAgfATlBfDES5g7UA8gAtLIJYSGG4QHUgeUZGO""]",640,360,tos-cn-i-0813c000-ce/owieHGIg8Cj1AxBvCwf5iFAnAIErCAMREB00JA,"[""tos-cn-i-0813c000-ce/owieHGIg8Cj1AxBvCwf5iFAnAIErCAMREB00JA""]",720,720,720,720,,,,,,,,
7611125350038293801,2026-05-10 19:01:17.663849,image-cut-tos-priv/c9ee368e6554e344416648d4c1a8149e,"[""https://p3-pc-sign.douyinpic.com/obj/c8510002be9a3a61aad2?lk3s=138a59ce&x-expires=1779620400&x-signature=I7Nmirj4Jy2OT9wSc4%2Fcjb6ZeHQ%3D&from=327834062""]",,,tos-cn-p-0015/osggfdVi1Z9VAINIHBipAJmBg5CsKAxkfCoAA4,"[""tos-cn-p-0015/osggfdVi1Z9VAINIHBipAJmBg5CsKAxkfCoAA4""]",640,360,tos-cn-i-dy/d14976d9a39d40919e32bc6ab1f3fa1e,"[""tos-cn-i-dy/d14976d9a39d40919e32bc6ab1f3fa1e""]",720,720,720,720,,,,,,,,
7611125935995326363,2026-05-10 19:01:41.945270,image-cut-tos-priv/14e3295216cd6a4a19a5ba9ab053cdd8,"[""https://p3-pc-sign.douyinpic.com/obj/c8510002be9a3a61aad2?lk3s=138a59ce&x-expires=1779620400&x-signature=I7Nmirj4Jy2OT9wSc4%2Fcjb6ZeHQ%3D&from=327834062""]",,,tos-cn-p-0015c000-ce/oYeFIBC9Ir78Ctaejf1WgIEdTsCJZDyNQCEgAJ,"[""tos-cn-p-0015c000-ce/oYeFIBC9Ir78Ctaejf1WgIEdTsCJZDyNQCEgAJ""]",360,640,tos-cn-p-0015c000-ce/o0EBZQEiWF9IAC83dT1e7QgwtEIQfJeDIgJs0u,"[""tos-cn-p-0015c000-ce/o0EBZQEiWF9IAC83dT1e7QgwtEIQfJeDIgJs0u""]",720,720,720,720,,,,,,,,
7611129313949125903,2026-05-10 19:01:51.868677,image-cut-tos-priv/d7ad66a4f5fe06e250016b3f80d4eaec,"[""https://p3-pc-sign.douyinpic.com/obj/c8510002be9a3a61aad2?lk3s=138a59ce&x-expires=1779620400&x-signature=I7Nmirj4Jy2OT9wSc4%2Fcjb6ZeHQ%3D&from=327834062""]",,,tos-cn-p-0015/oUAFqEKB7gwAfGeeyKgEYsGTMSILIBrCCAdUpQ,"[""tos-cn-p-0015/oUAFqEKB7gwAfGeeyKgEYsGTMSILIBrCCAdUpQ""]",480,360,tos-cn-i-dy/045fffc46a8e4bfe8c1041b76c2a1422,"[""tos-cn-i-dy/045fffc46a8e4bfe8c1041b76c2a1422""]",720,720,720,720,,,,,,,,
7611129536964562214,2026-05-10 19:02:00.420612,image-cut-tos-priv/cedfc7edb50fe1d55831b03777aaf584,"[""https://p3-pc-sign.douyinpic.com/obj/c8510002be9a3a61aad2?lk3s=138a59ce&x-expires=1779620400&x-signature=I7Nmirj4Jy2OT9wSc4%2Fcjb6ZeHQ%3D&from=327834062""]",,,tos-cn-p-0015/ocfFAAIYEGEejQgTqQW8BCA6gqfAtcgU7DMhBT,"[""tos-cn-p-0015/ocfFAAIYEGEejQgTqQW8BCA6gqfAtcgU7DMhBT""]",360,640,tos-cn-i-dy/32ec7270d17e40ffb100d6b53a1c1ca2,"[""tos-cn-i-dy/32ec7270d17e40ffb100d6b53a1c1ca2""]",720,720,720,720,,,,,,,,
7611135398470864168,2026-05-10 19:02:04.412727,image-cut-tos-priv/34ece420105a35580882520da5631999,"[""https://p3-pc-sign.douyinpic.com/obj/c8510002be9a3a61aad2?lk3s=138a59ce&x-expires=1779620400&x-signature=I7Nmirj4Jy2OT9wSc4%2Fcjb6ZeHQ%3D&from=327834062""]",,,tos-cn-p-0015/o44g9pBVoaeEALJ5AAIvhy7fNqPg6FIDBgDBOC,"[""tos-cn-p-0015/o44g9pBVoaeEALJ5AAIvhy7fNqPg6FIDBgDBOC""]",640,360,tos-cn-i-dy/21c1be8774e04bcd96f91011ecf44cf0,"[""tos-cn-i-dy/21c1be8774e04bcd96f91011ecf44cf0""]",720,720,720,720,,,,,,,,
7611135958389427507,2026-05-10 19:02:12.715232,,,,,,,,,,,,,300,318,,,,,,,,
7611135969429404095,2026-05-10 19:02:15.803696,image-cut-tos-priv/515e46cf52ecc1056cc452a0e7f39309,"[""https://p3-pc-sign.douyinpic.com/obj/c8510002be9a3a61aad2?lk3s=138a59ce&x-expires=1779620400&x-signature=I7Nmirj4Jy2OT9wSc4%2Fcjb6ZeHQ%3D&from=327834062""]",,,tos-cn-p-0015c000-ce/osCf7sMwQKG8DzffAlkQ8j9QLQoXgBTzJggAtS,"[""tos-cn-p-0015c000-ce/osCf7sMwQKG8DzffAlkQ8j9QLQoXgBTzJggAtS""]",640,360,tos-cn-i-0629/ogDD9AyAECOAIOFgpPyAzNDfiTtVCjnogEALfH,"[""tos-cn-i-0629/ogDD9AyAECOAIOFgpPyAzNDfiTtVCjnogEALfH""]",720,720,720,720,,,,,,,,
7611136456778643562,2026-05-10 19:02:25.594628,image-cut-tos-priv/3d564391732a35e17d2833f6b601bc2e,"[""https://p3-pc-sign.douyinpic.com/obj/c8510002be9a3a61aad2?lk3s=138a59ce&x-expires=1779620400&x-signature=I7Nmirj4Jy2OT9wSc4%2Fcjb6ZeHQ%3D&from=327834062""]",,,tos-cn-p-0015/oMsgARgi9NhfQfW0MgBCDIgoIAHps9BEdSJAiB,"[""tos-cn-p-0015/oMsgARgi9NhfQfW0MgBCDIgoIAHps9BEdSJAiB""]",640,360,tos-cn-p-0015/oIFeIeKTQA4hBBlDE6DFC7MCaygfQXYPBPoAQD,"[""tos-cn-p-0015/oIFeIeKTQA4hBBlDE6DFC7MCaygfQXYPBPoAQD""]",720,720,720,720,,,,,,,,
7611136492157194225,2026-05-10 19:02:33.443591,image-cut-tos-priv/d96ac7ea9a159364ec0e612e6d5b9b8e,"[""https://p3-pc-sign.douyinpic.com/obj/c8510002be9a3a61aad2?lk3s=138a59ce&x-expires=1779620400&x-signature=I7Nmirj4Jy2OT9wSc4%2Fcjb6ZeHQ%3D&from=327834062""]",,,tos-cn-p-0015c000-ce/osKpPNAeDAMtA9RlwIF1oMoDtfuuJFDEEABCgI,"[""tos-cn-p-0015c000-ce/osKpPNAeDAMtA9RlwIF1oMoDtfuuJFDEEABCgI""]",640,360,tos-cn-i-0813c000-ce/ogaAABaCAWBtiFoEAwggKBw7POMIAPiMHqSUA,"[""tos-cn-i-0813c000-ce/ogaAABaCAWBtiFoEAwggKBw7POMIAPiMHqSUA""]",720,720,720,720,,,,,,,,
7611141230974879482,2026-05-10 19:02:38.762861,image-cut-tos-priv/45240292b82276ded34093a1dfa57f82,"[""https://p3-pc-sign.douyinpic.com/obj/c8510002be9a3a61aad2?lk3s=138a59ce&x-expires=1779620400&x-signature=I7Nmirj4Jy2OT9wSc4%2Fcjb6ZeHQ%3D&from=327834062""]",,,tos-cn-p-0015c000-ce/ooGLgAVNBeBOqiI020ifECw95NKujRIsecB1A3,"[""tos-cn-p-0015c000-ce/ooGLgAVNBeBOqiI020ifECw95NKujRIsecB1A3""]",360,640,tos-cn-i-0813c000-ce/oA9BiE7aBA6AECpgEAAJifFPeN0c0IAg3EJews,"[""tos-cn-i-0813c000-ce/oA9BiE7aBA6AECpgEAAJifFPeN0c0IAg3EJews""]",720,720,720,720,,,,,,,,
7611141804808834330,2026-05-10 19:02:43.022411,image-cut-tos-priv/fc7b4dd5e34256158b77d5dc7e64dc6c,"[""https://p9-pc-sign.douyinpic.com/obj/c8510002be9a3a61aad2?lk3s=138a59ce&x-expires=1779620400&x-signature=MDmnCoipdIlaw2IDlfBSuUulOLU%3D&from=327834062""]",,,tos-cn-p-0015/oAgAwEINoeGf29A0M7MELnACep0B1mgDaPgfKj,"[""tos-cn-p-0015/oAgAwEINoeGf29A0M7MELnACep0B1mgDaPgfKj""]",480,360,tos-cn-i-dy/5b2abbb3bace40fc8eb3a7fb7e771666,"[""tos-cn-i-dy/5b2abbb3bace40fc8eb3a7fb7e771666""]",720,720,720,720,,,,,,,,
7611149861840325914,2026-05-10 19:02:47.191796,image-cut-tos-priv/43fca845b53da6630ded8467bd74336a,"[""https://p3-pc-sign.douyinpic.com/obj/c8510002be9a3a61aad2?lk3s=138a59ce&x-expires=1779620400&x-signature=I7Nmirj4Jy2OT9wSc4%2Fcjb6ZeHQ%3D&from=327834062""]",,,tos-cn-p-0015/o0tDKzgQ0EjAfK2pAKBHIPIgftAGYBADHD39oF,"[""tos-cn-p-0015/o0tDKzgQ0EjAfK2pAKBHIPIgftAGYBADHD39oF""]",640,360,tos-cn-i-dy/98ba899f7da846a3851d44164c2357d6,"[""tos-cn-i-dy/98ba899f7da846a3851d44164c2357d6""]",720,720,720,720,,,,,,,,
7611154023076482356,2026-05-10 19:02:51.400042,image-cut-tos-priv/d26e304b14b97d0c83b10693d50576c1,"[""https://p3-pc-sign.douyinpic.com/obj/c8510002be9a3a61aad2?lk3s=138a59ce&x-expires=1779620400&x-signature=I7Nmirj4Jy2OT9wSc4%2Fcjb6ZeHQ%3D&from=327834062""]",,,tos-cn-p-0015/okeeOA0GmEQcIaILI5MPOAIfDCGgeglAq2IFaN,"[""tos-cn-p-0015/okeeOA0GmEQcIaILI5MPOAIfDCGgeglAq2IFaN""]",640,360,tos-cn-i-dy/b5c3d7686bbe4b8b9f39e0d34501b8b6,"[""tos-cn-i-dy/b5c3d7686bbe4b8b9f39e0d34501b8b6""]",720,720,720,720,,,,,,,,
7611157715930351295,2026-05-10 19:03:02.210128,image-cut-tos-priv/79e35df72c88553f5e109d81b45140e7,"[""https://p3-pc-sign.douyinpic.com/obj/c8510002be9a3a61aad2?lk3s=138a59ce&x-expires=1779620400&x-signature=I7Nmirj4Jy2OT9wSc4%2Fcjb6ZeHQ%3D&from=327834062""]",,,tos-cn-p-0015/oE9wBifDaQ6w7ETBRQl4SQYHgC7AAEfRFBfMQA,"[""tos-cn-p-0015/oE9wBifDaQ6w7ETBRQl4SQYHgC7AAEfRFBfMQA""]",360,640,tos-cn-i-0813/o8CAO6DJFA3ioQgqA9SbACUAS0DEINAfgpEePE,"[""tos-cn-i-0813/o8CAO6DJFA3ioQgqA9SbACUAS0DEINAfgpEePE""]",720,720,720,720,,,,,,,,
7611160582393187594,2026-05-10 19:03:12.173600,,,,,,,,,,,,,300,318,,,,,,,,
7611163927775696714,2026-05-10 19:03:16.805594,,,,,,,,,,,,,300,318,,,,,,,,
7611165249701465371,2026-05-10 19:03:19.978933,image-cut-tos-priv/941db330509e7f755b03632f729d2567,"[""https://p3-pc-sign.douyinpic.com/obj/c8510002be9a3a61aad2?lk3s=138a59ce&x-expires=1779620400&x-signature=I7Nmirj4Jy2OT9wSc4%2Fcjb6ZeHQ%3D&from=327834062""]",,,tos-cn-p-0015/ocS8BJP0iI2aANldv2mHiCHxTgpBAIaIQaBVz,"[""tos-cn-p-0015/ocS8BJP0iI2aANldv2mHiCHxTgpBAIaIQaBVz""]",640,360,tos-cn-i-dy/8697f75e2f0941968e339f5aa6c198dc,"[""tos-cn-i-dy/8697f75e2f0941968e339f5aa6c198dc""]",720,720,720,720,,,,,,,,
7611165603060226491,2026-05-10 19:03:33.379939,image-cut-tos-priv/d05cf79b26df374e0f4bddafb6e15e41,"[""https://p3-pc-sign.douyinpic.com/obj/c8510002be9a3a61aad2?lk3s=138a59ce&x-expires=1779620400&x-signature=I7Nmirj4Jy2OT9wSc4%2Fcjb6ZeHQ%3D&from=327834062""]",,,tos-cn-p-0015c000-ce/owE9iqIgeWH0UJDsBwf1FNAoApIRsnwhEEopSA,"[""tos-cn-p-0015c000-ce/owE9iqIgeWH0UJDsBwf1FNAoApIRsnwhEEopSA""]",480,360,tos-cn-p-0015c000-ce/o4geATxBbDJuXg7S4KgAVLIJTlGeHQDG3eUDaQ,"[""tos-cn-p-0015c000-ce/o4geATxBbDJuXg7S4KgAVLIJTlGeHQDG3eUDaQ""]",720,720,720,720,,,,,,,,
7611168045582617866,2026-05-10 19:03:40.282632,image-cut-tos-priv/02bc8bd370801c0cf56e560eaad8afa2,"[""https://p3-pc-sign.douyinpic.com/obj/c8510002be9a3a61aad2?lk3s=138a59ce&x-expires=1779620400&x-signature=I7Nmirj4Jy2OT9wSc4%2Fcjb6ZeHQ%3D&from=327834062""]",,,tos-cn-p-0015/ooaZICiBNQfAR6cBT0CgABHISBiOLeA0hyBsOg,"[""tos-cn-p-0015/ooaZICiBNQfAR6cBT0CgABHISBiOLeA0hyBsOg""]",360,640,tos-cn-i-dy/f779e1d93f064507958e056406127dca,"[""tos-cn-i-dy/f779e1d93f064507958e056406127dca""]",720,720,720,720,,,,,,,,
7611171896062676259,2026-05-10 19:03:57.461483,image-cut-tos-priv/7d9849a13312ac87442db05f4a3edfec,"[""https://p3-pc-sign.douyinpic.com/obj/c8510002be9a3a61aad2?lk3s=138a59ce&x-expires=1779620400&x-signature=I7Nmirj4Jy2OT9wSc4%2Fcjb6ZeHQ%3D&from=327834062""]",,,tos-cn-p-0015/oAfTQEMeQBCQget08BAAQgZWNJg3Q8VMQFu7GU,"[""tos-cn-p-0015/oAfTQEMeQBCQget08BAAQgZWNJg3Q8VMQFu7GU""]",640,360,tos-cn-i-dy/3e967c8970bb43f98179b5131ead8d32,"[""tos-cn-i-dy/3e967c8970bb43f98179b5131ead8d32""]",720,720,720,720,,,,,,,,
7611175900909964595,2026-05-10 19:04:09.910733,image-cut-tos-priv/daafacb1e3a36a4975cde6d92bf33951,"[""https://p3-pc-sign.douyinpic.com/obj/c8510002be9a3a61aad2?lk3s=138a59ce&x-expires=1779620400&x-signature=I7Nmirj4Jy2OT9wSc4%2Fcjb6ZeHQ%3D&from=327834062""]",,,tos-cn-p-0015/oE9gbTneIMcKAL8O9AaIPABVJdyQC1GeBIEe74,"[""tos-cn-p-0015/oE9gbTneIMcKAL8O9AaIPABVJdyQC1GeBIEe74""]",360,640,tos-cn-i-dy/d2d71917e9854b14b65ec345397324d1,"[""tos-cn-i-dy/d2d71917e9854b14b65ec345397324d1""]",720,720,720,720,,,,,,,,
7611189754108874010,2026-05-10 19:04:21.051919,image-cut-tos-priv/f8399f3865ef73bad1c50794bf3e36bd,"[""https://p9-pc-sign.douyinpic.com/obj/c8510002be9a3a61aad2?lk3s=138a59ce&x-expires=1779620400&x-signature=MDmnCoipdIlaw2IDlfBSuUulOLU%3D&from=327834062""]",,,tos-cn-p-0015/oMNB0bKA2DdBz41YBOleOrfAACAigYi0gIIItF,"[""tos-cn-p-0015/oMNB0bKA2DdBz41YBOleOrfAACAigYi0gIIItF""]",640,360,tos-cn-i-dy/a8f19f80762d49e1a58c31f1b5102f4d,"[""tos-cn-i-dy/a8f19f80762d49e1a58c31f1b5102f4d""]",720,720,720,720,,,,,,,,
7611196583253740838,2026-05-10 19:04:25.148946,image-cut-tos-priv/e705e1567820c5a684947e87d08e5e7b,"[""https://p3-pc-sign.douyinpic.com/obj/c8510002be9a3a61aad2?lk3s=138a59ce&x-expires=1779620400&x-signature=I7Nmirj4Jy2OT9wSc4%2Fcjb6ZeHQ%3D&from=327834062""]",,,tos-cn-p-0015/o8vnBYuGAaAiP8ZTlPYPlgisBaIQI9IwwCuiQ,"[""tos-cn-p-0015/o8vnBYuGAaAiP8ZTlPYPlgisBaIQI9IwwCuiQ""]",640,360,tos-cn-i-dy/a410e6eb3d3544d1911c4fe4475a12f5,"[""tos-cn-i-dy/a410e6eb3d3544d1911c4fe4475a12f5""]",720,720,720,720,,,,,,,,
7611219903841350265,2026-05-10 19:04:35.005069,image-cut-tos-priv/9b38f507f4dd39b841197c00eace937d,"[""https://p3-pc-sign.douyinpic.com/obj/c8510002be9a3a61aad2?lk3s=138a59ce&x-expires=1779620400&x-signature=I7Nmirj4Jy2OT9wSc4%2Fcjb6ZeHQ%3D&from=327834062""]",,,tos-cn-p-0015c000-ce/oIQAoDIPQeGE7egucBgjLpBJe2QH6TgB8RgVUZ,"[""tos-cn-p-0015c000-ce/oIQAoDIPQeGE7egucBgjLpBJe2QH6TgB8RgVUZ""]",640,360,tos-cn-p-0015c000-ce/oEoBoPqAlHIDpA7XDzX9EKfuA3EFAfEpwQUQxK,"[""tos-cn-p-0015c000-ce/oEoBoPqAlHIDpA7XDzX9EKfuA3EFAfEpwQUQxK""]",720,720,720,720,,,,,,,,
7611226389173341466,2026-05-10 19:04:46.289015,image-cut-tos-priv/b3b5835c43d0b80e955a7b17c0a3af65,"[""https://p3-pc-sign.douyinpic.com/obj/c8510002be9a3a61aad2?lk3s=138a59ce&x-expires=1779620400&x-signature=I7Nmirj4Jy2OT9wSc4%2Fcjb6ZeHQ%3D&from=327834062""]",,,tos-cn-p-0015/oUIAgFpsIBmeAjD1IfzM5CBgEzgHcorjGWCA9m,"[""tos-cn-p-0015/oUIAgFpsIBmeAjD1IfzM5CBgEzgHcorjGWCA9m""]",640,360,tos-cn-i-dy/94095f20bf5d4cdaaef53e45403da674,"[""tos-cn-i-dy/94095f20bf5d4cdaaef53e45403da674""]",720,720,720,720,,,,,,,,
7611239866415746355,2026-05-10 19:04:58.958594,image-cut-tos-priv/4fbfbfb37b6919d99b84f1598308243e,"[""https://p3-pc-sign.douyinpic.com/obj/c8510002be9a3a61aad2?lk3s=138a59ce&x-expires=1779620400&x-signature=I7Nmirj4Jy2OT9wSc4%2Fcjb6ZeHQ%3D&from=327834062""]",,,tos-cn-p-0015/o0IgqQ4ksTPPyaAiCCp8YmIjBBIaQiIN3AQAI,"[""tos-cn-p-0015/o0IgqQ4ksTPPyaAiCCp8YmIjBBIaQiIN3AQAI""]",640,360,tos-cn-i-dy/6b8f321d4d464704a6313c2e5413a8ff,"[""tos-cn-i-dy/6b8f321d4d464704a6313c2e5413a8ff""]",720,720,720,720,,,,,,,,
7611251949962349859,2026-05-10 19:05:10.425509,image-cut-tos-priv/793f9114b0a732dac97fda8f6bf30bd8,"[""https://p3-pc-sign.douyinpic.com/obj/c8510002be9a3a61aad2?lk3s=138a59ce&x-expires=1779620400&x-signature=I7Nmirj4Jy2OT9wSc4%2Fcjb6ZeHQ%3D&from=327834062""]",,,tos-cn-p-0015/oseQGQmPAAGjByrc7LeGTTGCjjQPOIBfWdsnBg,"[""tos-cn-p-0015/oseQGQmPAAGjByrc7LeGTTGCjjQPOIBfWdsnBg""]",640,360,tos-cn-i-dy/31cbfe2fb6754287a85b7cee50eafc74,"[""tos-cn-i-dy/31cbfe2fb6754287a85b7cee50eafc74""]",720,720,720,720,,,,,,,,
7611256307223399716,2026-05-10 19:05:28.615771,image-cut-tos-priv/95c2f18c022b30916f42aaf48b744dd9,"[""https://p3-pc-sign.douyinpic.com/obj/c8510002be9a3a61aad2?lk3s=138a59ce&x-expires=1779620400&x-signature=I7Nmirj4Jy2OT9wSc4%2Fcjb6ZeHQ%3D&from=327834062""]",,,tos-cn-p-0015/osgAeEIneRGp2FArNCbXLQBCenMD1mQDOWQfUW,"[""tos-cn-p-0015/osgAeEIneRGp2FArNCbXLQBCenMD1mQDOWQfUW""]",640,360,tos-cn-i-dy/99c61bdbd9674197b4a1f3f410fe2aef,"[""tos-cn-i-dy/99c61bdbd9674197b4a1f3f410fe2aef""]",720,720,720,720,,,,,,,,
7611274869514940259,2026-05-10 19:05:35.362005,image-cut-tos-priv/9c86ece3b4b9872bd4596fe77bcc9680,"[""https://p3-pc-sign.douyinpic.com/obj/c8510002be9a3a61aad2?lk3s=138a59ce&x-expires=1779620400&x-signature=I7Nmirj4Jy2OT9wSc4%2Fcjb6ZeHQ%3D&from=327834062""]",,,tos-cn-p-0015c000-ce/osEiAXIm5JAmsrMhBIaqncakPHUbCzaBRgaPi,"[""tos-cn-p-0015c000-ce/osEiAXIm5JAmsrMhBIaqncakPHUbCzaBRgaPi""]",360,640,tos-cn-i-0813c000-ce/oInVLBAa2vVP7rIauACSjAhRiiZFzMAAiECgW,"[""tos-cn-i-0813c000-ce/oInVLBAa2vVP7rIauACSjAhRiiZFzMAAiECgW""]",720,720,720,720,,,,,,,,
7611283653557046543,2026-05-10 19:05:46.521083,image-cut-tos-priv/a5d9ecf4ce2a43209a17cc42bdcc476f,"[""https://p3-pc-sign.douyinpic.com/obj/c8510002be9a3a61aad2?lk3s=138a59ce&x-expires=1779620400&x-signature=I7Nmirj4Jy2OT9wSc4%2Fcjb6ZeHQ%3D&from=327834062""]",,,tos-cn-p-0015/ocagPA9JwIIaHBQSAUi51iqAIPt4Ak3wC27Ez,"[""tos-cn-p-0015/ocagPA9JwIIaHBQSAUi51iqAIPt4Ak3wC27Ez""]",640,360,tos-cn-i-dy/78787f70b0334db28c4174cd70048912,"[""tos-cn-i-dy/78787f70b0334db28c4174cd70048912""]",720,720,720,720,,,,,,,,
7611291427854617862,2026-05-10 19:06:02.310103,image-cut-tos-priv/7ae393a6ed15ac484794d0ba0c20ff36,"[""https://p9-pc-sign.douyinpic.com/obj/c8510002be9a3a61aad2?lk3s=138a59ce&x-expires=1779620400&x-signature=MDmnCoipdIlaw2IDlfBSuUulOLU%3D&from=327834062""]",,,tos-cn-p-0015/oogFTB0dIACgC1BA6Avi1TLJaIaegDiT0gB04f,"[""tos-cn-p-0015/oogFTB0dIACgC1BA6Avi1TLJaIaegDiT0gB04f""]",640,360,tos-cn-i-dy/d704bd48e94a4caa964b1a3105c0614a,"[""tos-cn-i-dy/d704bd48e94a4caa964b1a3105c0614a""]",720,720,720,720,,,,,,,,
7611351388479638810,2026-05-10 19:06:16.634091,image-cut-tos-priv/67df6e9f1336629a351355f2cdf5bf02,"[""https://p3-pc-sign.douyinpic.com/obj/c8510002be9a3a61aad2?lk3s=138a59ce&x-expires=1779620400&x-signature=I7Nmirj4Jy2OT9wSc4%2Fcjb6ZeHQ%3D&from=327834062""]",,,tos-cn-p-0015/o0qBUKTnDz7sIdhBLcAqyggGDAeaQ2TCECeueK,"[""tos-cn-p-0015/o0qBUKTnDz7sIdhBLcAqyggGDAeaQ2TCECeueK""]",640,360,tos-cn-i-dy/54bf2a72be58413fa57b6d240ad43db9,"[""tos-cn-i-dy/54bf2a72be58413fa57b6d240ad43db9""]",720,720,720,720,,,,,,,,
7611355686668078336,2026-05-10 19:06:30.053538,image-cut-tos-priv/d657a3d5283a7a08a3bc1c43a6e92135,"[""https://p3-pc-sign.douyinpic.com/obj/c8510002be9a3a61aad2?lk3s=138a59ce&x-expires=1779620400&x-signature=I7Nmirj4Jy2OT9wSc4%2Fcjb6ZeHQ%3D&from=327834062""]",,,tos-cn-p-0015/osVP90gF9EeZJDBpAWDMQ9QgfcAOgBANFDt9oF,"[""tos-cn-p-0015/osVP90gF9EeZJDBpAWDMQ9QgfcAOgBANFDt9oF""]",640,360,tos-cn-i-dy/d9e5547e065843aabbfd17c18a3cd3ff,"[""tos-cn-i-dy/d9e5547e065843aabbfd17c18a3cd3ff""]",720,720,720,720,,,,,,,,
7611364418932296996,2026-05-10 19:06:37.739849,,,,,,"[""https://lf-douyin-pc-web.douyinstatic.com/obj/douyin-pc-web/ies/douyin_web/media/jxWeakBtnBg.4825674cf3b03409.png""]",,,,,,,300,318,,,,,,,,
7611368055809035520,2026-05-10 19:06:43.112165,image-cut-tos-priv/ce897b8bcadbf563a066e2910f8abfba,"[""https://p3-pc-sign.douyinpic.com/obj/c8510002be9a3a61aad2?lk3s=138a59ce&x-expires=1779620400&x-signature=I7Nmirj4Jy2OT9wSc4%2Fcjb6ZeHQ%3D&from=327834062""]",,,tos-cn-p-0015/oUAK5zAawiIwiJyh5aBvIQP96P1aADyxAiDIJ,"[""tos-cn-p-0015/oUAK5zAawiIwiJyh5aBvIQP96P1aADyxAiDIJ""]",640,360,tos-cn-i-dy/fad0d95700594768814c533feddfdf5e,"[""tos-cn-i-dy/fad0d95700594768814c533feddfdf5e""]",720,720,720,720,,,,,,,,
7611374663045745963,2026-05-10 19:07:00.807361,image-cut-tos-priv/12f6b1e433eb82d9ded408906ddc9785,"[""https://p3-pc-sign.douyinpic.com/obj/c8510002be9a3a61aad2?lk3s=138a59ce&x-expires=1779620400&x-signature=I7Nmirj4Jy2OT9wSc4%2Fcjb6ZeHQ%3D&from=327834062""]",,,tos-cn-p-0015/osDRvElBhICoYF4ALN5fyXrQN0ieB9gshpIQAA,"[""tos-cn-p-0015/osDRvElBhICoYF4ALN5fyXrQN0ieB9gshpIQAA""]",640,360,tos-cn-i-dy/5795ed8f3d1545d695199063aec41d95,"[""tos-cn-i-dy/5795ed8f3d1545d695199063aec41d95""]",720,720,720,720,,,,,,,,
7611375060230136019,2026-05-10 19:07:16.461322,image-cut-tos-priv/644adf8c7383e1952fd9a2b2b017d461,"[""https://p3-pc-sign.douyinpic.com/obj/c8510002be9a3a61aad2?lk3s=138a59ce&x-expires=1779620400&x-signature=I7Nmirj4Jy2OT9wSc4%2Fcjb6ZeHQ%3D&from=327834062""]",,,tos-cn-p-0015c000-ce/ocjvIpo9yAoQqiDtEGwFQoVGIfC7pIEBeBilhA,"[""tos-cn-p-0015c000-ce/ocjvIpo9yAoQqiDtEGwFQoVGIfC7pIEBeBilhA""]",640,360,tos-cn-i-0813c000-ce/oECAziPBwGACaSAifA0eEAA4EyhCU0IGIlsCDo,"[""tos-cn-i-0813c000-ce/oECAziPBwGACaSAifA0eEAA4EyhCU0IGIlsCDo""]",720,720,720,720,,,,,,,,
7611378760356531465,2026-05-10 19:07:28.193670,image-cut-tos-priv/3b5e02fd43eea148522cbe5772fab506,"[""https://p3-pc-sign.douyinpic.com/obj/c8510002be9a3a61aad2?lk3s=138a59ce&x-expires=1779620400&x-signature=I7Nmirj4Jy2OT9wSc4%2Fcjb6ZeHQ%3D&from=327834062""]",,,tos-cn-p-0015/oYYC9pSwo1MEAGUgAAQ5FixfZ8eglFQDBxCBoQ,"[""tos-cn-p-0015/oYYC9pSwo1MEAGUgAAQ5FixfZ8eglFQDBxCBoQ""]",360,640,tos-cn-i-dy/d02c96b44e5f4a1b856f2f5404df26f6,"[""tos-cn-i-dy/d02c96b44e5f4a1b856f2f5404df26f6""]",720,720,720,720,,,,,,,,
7611379590255505883,2026-05-10 19:07:35.408531,image-cut-tos-priv/912dc62768c634fd88930a5190f91bbf,"[""https://p3-pc-sign.douyinpic.com/obj/c8510002be9a3a61aad2?lk3s=138a59ce&x-expires=1779620400&x-signature=I7Nmirj4Jy2OT9wSc4%2Fcjb6ZeHQ%3D&from=327834062""]",,,tos-cn-p-0015c000-ce/ocDBUIAGgfDDvpMLelT7JAA6I3heWQIthhtyNO,"[""tos-cn-p-0015c000-ce/ocDBUIAGgfDDvpMLelT7JAA6I3heWQIthhtyNO""]",720,360,tos-cn-i-0813c000-ce/ooaaDAgA9EUP40IAaMWipxlEBP1gCAihADiAN,"[""tos-cn-i-0813c000-ce/ooaaDAgA9EUP40IAaMWipxlEBP1gCAihADiAN""]",720,720,720,720,,,,,,,,
7611379785020869922,2026-05-10 19:07:40.619353,image-cut-tos-priv/a1db8b040f5889b16cf7475b82b1d24e,"[""https://p3-pc-sign.douyinpic.com/obj/c8510002be9a3a61aad2?lk3s=138a59ce&x-expires=1779620400&x-signature=I7Nmirj4Jy2OT9wSc4%2Fcjb6ZeHQ%3D&from=327834062""]",,,tos-cn-p-0015/owBhHDmpIBy0WIicbfeDA25AoahQIgpaBkAEi0,"[""tos-cn-p-0015/owBhHDmpIBy0WIicbfeDA25AoahQIgpaBkAEi0""]",480,360,tos-cn-i-dy/dc510922176940db9853401a51379f92,"[""tos-cn-i-dy/dc510922176940db9853401a51379f92""]",720,720,720,720,,,,,,,,
7611381750254993082,2026-05-10 19:07:55.983849,image-cut-tos-priv/9429542bfdae54be4e8b5381cadbd0ca,"[""https://p3-pc-sign.douyinpic.com/obj/c8510002be9a3a61aad2?lk3s=138a59ce&x-expires=1779620400&x-signature=I7Nmirj4Jy2OT9wSc4%2Fcjb6ZeHQ%3D&from=327834062""]",,,tos-cn-p-0015c000-ce/oIDnUEiC5IDoyFmAwoMfqpx29fQgB9wUhpIQAE,"[""tos-cn-p-0015c000-ce/oIDnUEiC5IDoyFmAwoMfqpx29fQgB9wUhpIQAE""]",360,640,tos-cn-i-0813c000-ce/oEwB7Ia7vCXAAAiDiBnErhoEMPAaBqPk1Z6ZA,"[""tos-cn-i-0813c000-ce/oEwB7Ia7vCXAAAiDiBnErhoEMPAaBqPk1Z6ZA""]",720,720,720,720,,,,,,,,
7611391285915853162,2026-05-10 19:08:05.629885,image-cut-tos-priv/69cd4fce13c7a60b129dc952b00246b7,"[""https://p3-pc-sign.douyinpic.com/obj/c8510002be9a3a61aad2?lk3s=138a59ce&x-expires=1779620400&x-signature=I7Nmirj4Jy2OT9wSc4%2Fcjb6ZeHQ%3D&from=327834062""]",,,tos-cn-p-0015/ogABhFHpeQzADGxI7foCi9BeAaEFB6gIsTBkI5,"[""tos-cn-p-0015/ogABhFHpeQzADGxI7foCi9BeAaEFB6gIsTBkI5""]",360,640,tos-cn-i-0813c001/owAAWw0wAGeUiFMAiIACkEIBhgSN0A7C6uf0Aw,"[""tos-cn-i-0813c001/owAAWw0wAGeUiFMAiIACkEIBhgSN0A7C6uf0Aw""]",720,720,720,720,,,,,,,,
7611399395455667490,2026-05-10 19:08:21.245689,image-cut-tos-priv/cd201a97ee8fb0059bfc1ba15c9c96f7,"[""https://p3-pc-sign.douyinpic.com/obj/c8510002be9a3a61aad2?lk3s=138a59ce&x-expires=1779620400&x-signature=I7Nmirj4Jy2OT9wSc4%2Fcjb6ZeHQ%3D&from=327834062""]",,,tos-cn-p-0015/oo27mvEQQAgp6OofaHFNhgeim60QjAA4DBR9Ep,"[""tos-cn-p-0015/oo27mvEQQAgp6OofaHFNhgeim60QjAA4DBR9Ep""]",640,360,tos-cn-i-dy/43732034deb34d0ba4f50b7065cec46a,"[""tos-cn-i-dy/43732034deb34d0ba4f50b7065cec46a""]",720,720,720,720,,,,,,,,
7611400390927495514,2026-05-10 19:08:34.352163,,,,,,"[""//p3-pc-weboff.byteimg.com/tos-cn-i-9r5gewecjs/emblem.png""]",,,,,,,300,318,,,,,,,,
7611404374530690319,2026-05-10 19:08:42.754521,image-cut-tos-priv/5ad0264ecfabc12abdf1ad4d040e4f89,"[""https://p3-pc-sign.douyinpic.com/obj/c8510002be9a3a61aad2?lk3s=138a59ce&x-expires=1779620400&x-signature=I7Nmirj4Jy2OT9wSc4%2Fcjb6ZeHQ%3D&from=327834062""]",,,tos-cn-p-0015/oQCII5FC9RCracWhAADAINoe9RpgJBmAPSE8fx,"[""tos-cn-p-0015/oQCII5FC9RCracWhAADAINoe9RpgJBmAPSE8fx""]",640,360,tos-cn-i-dy/c109ffa5b7c94e9698d9bad2bd8cc546,"[""tos-cn-i-dy/c109ffa5b7c94e9698d9bad2bd8cc546""]",720,720,720,720,,,,,,,,
7611417618273585588,2026-05-10 19:08:54.902271,image-cut-tos-priv/7b4c1553358c572883ba7863a93430b8,"[""https://p3-pc-sign.douyinpic.com/obj/c8510002be9a3a61aad2?lk3s=138a59ce&x-expires=1779620400&x-signature=I7Nmirj4Jy2OT9wSc4%2Fcjb6ZeHQ%3D&from=327834062""]",,,tos-cn-p-0015/oUT4OWEQQBAThmQfZMFGhBe4mAfJEBAHDCl7Dz,"[""tos-cn-p-0015/oUT4OWEQQBAThmQfZMFGhBe4mAfJEBAHDCl7Dz""]",640,360,tos-cn-p-0015/oYsAhA8HSDCVkiIpKoifABgaHMl5fTIj9hB5Aw,"[""tos-cn-p-0015/oYsAhA8HSDCVkiIpKoifABgaHMl5fTIj9hB5Aw""]",720,720,720,720,,,,,,,,
7611418352262614307,2026-05-10 19:09:06.860999,image-cut-tos-priv/746afb9fcaceb049154cd2beabad9cca,"[""https://p3-pc-sign.douyinpic.com/obj/c8510002be9a3a61aad2?lk3s=138a59ce&x-expires=1779620400&x-signature=I7Nmirj4Jy2OT9wSc4%2Fcjb6ZeHQ%3D&from=327834062""]",,,tos-cn-p-0015/oUfp3y9lAeDoWCjEIYFBFQhbAmu1QgBzT2BNIA,"[""tos-cn-p-0015/oUfp3y9lAeDoWCjEIYFBFQhbAmu1QgBzT2BNIA""]",640,360,tos-cn-i-dy/8bc548ecc7004516b810b06421b12f2e,"[""tos-cn-i-dy/8bc548ecc7004516b810b06421b12f2e""]",720,720,720,720,,,,,,,,
7611420783990033698,2026-05-10 19:09:21.107347,image-cut-tos-priv/eeda017b1292945c8420d3f4042de4ad,"[""https://p3-pc-sign.douyinpic.com/obj/c8510002be9a3a61aad2?lk3s=138a59ce&x-expires=1779620400&x-signature=I7Nmirj4Jy2OT9wSc4%2Fcjb6ZeHQ%3D&from=327834062""]",,,tos-cn-p-0015/oMmoNIsIDfi7SBM6gEfxACBqqFJhmpAAMyE9Eh,"[""tos-cn-p-0015/oMmoNIsIDfi7SBM6gEfxACBqqFJhmpAAMyE9Eh""]",640,360,tos-cn-i-dy/632c06cfc8de4e24a16bc217561a9116,"[""tos-cn-i-dy/632c06cfc8de4e24a16bc217561a9116""]",720,720,720,720,,,,,,,,
7611425916975189290,2026-05-10 19:09:27.737283,image-cut-tos-priv/2a177e8d597afa3cd0bff4ed4fd14633,"[""https://p3-pc-sign.douyinpic.com/obj/c8510002be9a3a61aad2?lk3s=138a59ce&x-expires=1779620400&x-signature=I7Nmirj4Jy2OT9wSc4%2Fcjb6ZeHQ%3D&from=327834062""]",,,tos-cn-p-0015/o4BhSCWNIBu09IiF6feNAq2Aor4tJgxGBZA5i0,"[""tos-cn-p-0015/o4BhSCWNIBu09IiF6feNAq2Aor4tJgxGBZA5i0""]",640,360,tos-cn-i-dy/9f621f86c6634307bb098696d2f359f6,"[""tos-cn-i-dy/9f621f86c6634307bb098696d2f359f6""]",720,720,720,720,,,,,,,,
7611428236974755118,2026-05-10 19:09:43.207383,image-cut-tos-priv/c96dc549f509be6181e5de07c71adc71,"[""https://p3-pc-sign.douyinpic.com/obj/c8510002be9a3a61aad2?lk3s=138a59ce&x-expires=1779620400&x-signature=I7Nmirj4Jy2OT9wSc4%2Fcjb6ZeHQ%3D&from=327834062""]",,,tos-cn-p-0015/ocKIcifQADOodDHh8dF6gHIE9ApvBv3fAnBpoT,"[""tos-cn-p-0015/ocKIcifQADOodDHh8dF6gHIE9ApvBv3fAnBpoT""]",480,360,tos-cn-i-dy/dd828c2f50a64f3e9c4f96754e569be7,"[""tos-cn-i-dy/dd828c2f50a64f3e9c4f96754e569be7""]",720,720,720,720,,,,,,,,
7611428401068428544,2026-05-10 19:09:57.629242,image-cut-tos-priv/ff88da826bdb01cc3b2dce735a497d78,"[""https://p3-pc-sign.douyinpic.com/obj/c8510002be9a3a61aad2?lk3s=138a59ce&x-expires=1779620400&x-signature=I7Nmirj4Jy2OT9wSc4%2Fcjb6ZeHQ%3D&from=327834062""]",,,tos-cn-p-0015/oMgABfThngI9DCCIBdtEAgBCOAoFIJImpfjVau,"[""tos-cn-p-0015/oMgABfThngI9DCCIBdtEAgBCOAoFIJImpfjVau""]",640,360,tos-cn-i-dy/c35005ad64444688984e2b58e52ac540,"[""tos-cn-i-dy/c35005ad64444688984e2b58e52ac540""]",720,720,720,720,,,,,,,,
7611429641907129638,2026-05-10 19:10:10.504031,image-cut-tos-priv/5d0cd509e0989a37db3fc01fa8300453,"[""https://p3-pc-sign.douyinpic.com/obj/c8510002be9a3a61aad2?lk3s=138a59ce&x-expires=1779620400&x-signature=I7Nmirj4Jy2OT9wSc4%2Fcjb6ZeHQ%3D&from=327834062""]",,,tos-cn-p-0015/o45DEAAFZIykK9BgoAAoYJITCfO7DfIBNziphh,"[""tos-cn-p-0015/o45DEAAFZIykK9BgoAAoYJITCfO7DfIBNziphh""]",480,360,tos-cn-i-dy/d0530a50c331427895f21f4d18c4a48f,"[""tos-cn-i-dy/d0530a50c331427895f21f4d18c4a48f""]",720,720,720,720,,,,,,,,
7611431555038186752,2026-05-10 19:10:21.767520,image-cut-tos-priv/407e0a3eba4491508566fa78a4850336,"[""https://p3-pc-sign.douyinpic.com/obj/c8510002be9a3a61aad2?lk3s=138a59ce&x-expires=1779620400&x-signature=I7Nmirj4Jy2OT9wSc4%2Fcjb6ZeHQ%3D&from=327834062""]",,,tos-cn-p-0015/ocIahaPciPHiE4BIAzZ4gPAG0IxLBNLqROViQ,"[""tos-cn-p-0015/ocIahaPciPHiE4BIAzZ4gPAG0IxLBNLqROViQ""]",640,360,tos-cn-i-dy/37bcb8e0cf2d4aa99bad99f69b7191ad,"[""tos-cn-i-dy/37bcb8e0cf2d4aa99bad99f69b7191ad""]",720,720,720,720,,,,,,,,
7611441307865447153,2026-05-10 19:10:28.086438,image-cut-tos-priv/fb6513b391c27406062d703ee1f3600d,"[""https://p3-pc-sign.douyinpic.com/obj/c8510002be9a3a61aad2?lk3s=138a59ce&x-expires=1779620400&x-signature=I7Nmirj4Jy2OT9wSc4%2Fcjb6ZeHQ%3D&from=327834062""]",,,tos-cn-p-0015c000-ce/oYfphf9yAUDoDhdE2RFOTIyYE02UIwBlUkBnSA,"[""tos-cn-p-0015c000-ce/oYfphf9yAUDoDhdE2RFOTIyYE02UIwBlUkBnSA""]",515,360,tos-cn-i-0813c000-ce/og61fADociFExF9SpiuJWAnAwIfCC0IQAAuUEZ,"[""tos-cn-i-0813c000-ce/og61fADociFExF9SpiuJWAnAwIfCC0IQAAuUEZ""]",720,720,720,720,,,,,,,,
7611442496220024083,2026-05-10 19:10:39.744726,image-cut-tos-priv/1077383c64da2a0e8bf8d1b1ef5e99cd,"[""https://p3-pc-sign.douyinpic.com/obj/c8510002be9a3a61aad2?lk3s=138a59ce&x-expires=1779620400&x-signature=I7Nmirj4Jy2OT9wSc4%2Fcjb6ZeHQ%3D&from=327834062""]",,,tos-cn-p-0015/oMcBxAfE6gorpG6CXIBV9eA1uYIPFtASDnKURh,"[""tos-cn-p-0015/oMcBxAfE6gorpG6CXIBV9eA1uYIPFtASDnKURh""]",640,360,tos-cn-i-dy/4012a13fa91f4b5fbd7a5304adc1961e,"[""tos-cn-i-dy/4012a13fa91f4b5fbd7a5304adc1961e""]",720,720,720,720,,,,,,,,
7611444039196739731,2026-05-10 19:10:44.574034,image-cut-tos-priv/3b44ddc7871950141226df2e6c6bc7b0,"[""https://p3-pc-sign.douyinpic.com/obj/c8510002be9a3a61aad2?lk3s=138a59ce&x-expires=1779620400&x-signature=I7Nmirj4Jy2OT9wSc4%2Fcjb6ZeHQ%3D&from=327834062""]",,,tos-cn-p-0015/ocbFSom6DQeAmhnfAXFCEX73JCfCTMBQEVAtBQ,"[""tos-cn-p-0015/ocbFSom6DQeAmhnfAXFCEX73JCfCTMBQEVAtBQ""]",640,360,tos-cn-p-0015/oEU5fAB0zS6AAiei09k7PBCAgIMhBWsIwWzKir,"[""tos-cn-p-0015/oEU5fAB0zS6AAiei09k7PBCAgIMhBWsIwWzKir""]",720,720,720,720,,,,,,,,
7611447422547528975,2026-05-10 19:10:55.640007,image-cut-tos-priv/f5800ad6d9e0d900bb5e544f64ba7a8c,"[""https://p3-pc-sign.douyinpic.com/obj/c8510002be9a3a61aad2?lk3s=138a59ce&x-expires=1779620400&x-signature=I7Nmirj4Jy2OT9wSc4%2Fcjb6ZeHQ%3D&from=327834062""]",,,tos-cn-p-0015/oAooDfysAEOCI0S06BpgFB2hIG9UAWwfSArpHn,"[""tos-cn-p-0015/oAooDfysAEOCI0S06BpgFB2hIG9UAWwfSArpHn""]",640,360,tos-cn-i-dy/1e9fd92e75c04d2e8949636c6937f0f5,"[""tos-cn-i-dy/1e9fd92e75c04d2e8949636c6937f0f5""]",720,720,720,720,,,,,,,,
7611447797790838068,2026-05-10 19:11:12.938982,image-cut-tos-priv/96c030678db1e29e56b18c60bfc01f76,"[""https://p3-pc-sign.douyinpic.com/obj/c8510002be9a3a61aad2?lk3s=138a59ce&x-expires=1779620400&x-signature=I7Nmirj4Jy2OT9wSc4%2Fcjb6ZeHQ%3D&from=327834062""]",,,tos-cn-p-0015/og14hAfHpaB4DIITmQLeBCAWxSmVZIIe7CGtBB,"[""tos-cn-p-0015/og14hAfHpaB4DIITmQLeBCAWxSmVZIIe7CGtBB""]",640,360,tos-cn-i-dy/9a14c5c651b6461a96c30e58898ee168,"[""tos-cn-i-dy/9a14c5c651b6461a96c30e58898ee168""]",720,720,720,720,,,,,,,,
7611449739258760458,2026-05-10 19:11:19.630892,image-cut-tos-priv/0b5d2b97ec2c4eb3d1f85a3edf4abe34,"[""https://p3-pc-sign.douyinpic.com/obj/c8510002be9a3a61aad2?lk3s=138a59ce&x-expires=1779620400&x-signature=I7Nmirj4Jy2OT9wSc4%2Fcjb6ZeHQ%3D&from=327834062""]",,,tos-cn-p-0015/oIp3ehsEUpQCoWWpAHCQ9ToFtf6K4TANAD4Bgg,"[""tos-cn-p-0015/oIp3ehsEUpQCoWWpAHCQ9ToFtf6K4TANAD4Bgg""]",640,360,tos-cn-i-dy/89c08afac5324d1ba406548678f24ddb,"[""tos-cn-i-dy/89c08afac5324d1ba406548678f24ddb""]",720,720,720,720,,,,,,,,
7611451108774382884,2026-05-10 19:11:35.909069,image-cut-tos-priv/8b34fec91cedaef35d4d9a5433c25d40,"[""https://p3-pc-sign.douyinpic.com/obj/c8510002be9a3a61aad2?lk3s=138a59ce&x-expires=1779620400&x-signature=I7Nmirj4Jy2OT9wSc4%2Fcjb6ZeHQ%3D&from=327834062""]",,,tos-cn-p-0015/ocUBuezfihEpFAAjI2ob9TWDgEPAD3BI4ToJII,"[""tos-cn-p-0015/ocUBuezfihEpFAAjI2ob9TWDgEPAD3BI4ToJII""]",480,360,tos-cn-i-dy/7777832f75354968853671abec3dceb1,"[""tos-cn-i-dy/7777832f75354968853671abec3dceb1""]",720,720,720,720,,,,,,,,
7611453126025331178,2026-05-10 19:11:51.456864,image-cut-tos-priv/a994b598c931a82f76823b77d8e0e218,"[""https://p3-pc-sign.douyinpic.com/obj/c8510002be9a3a61aad2?lk3s=138a59ce&x-expires=1779620400&x-signature=I7Nmirj4Jy2OT9wSc4%2Fcjb6ZeHQ%3D&from=327834062""]",,,tos-cn-p-0015/ogQBCLTepCU2BdGVQeIfwEDAIRobWQ5BWNiA7O,"[""tos-cn-p-0015/ogQBCLTepCU2BdGVQeIfwEDAIRobWQ5BWNiA7O""]",360,640,tos-cn-i-0813c001/oASyF0E4AaAivwUAQPA69hC6BaIBEqIgEATig,"[""tos-cn-i-0813c001/oASyF0E4AaAivwUAQPA69hC6BaIBEqIgEATig""]",720,720,720,720,,,,,,,,
7611453694109912329,2026-05-10 19:11:58.467018,image-cut-tos-priv/621b2dcaa2f225ca48a255669d089eed,"[""https://p3-pc-sign.douyinpic.com/obj/c8510002be9a3a61aad2?lk3s=138a59ce&x-expires=1779620400&x-signature=I7Nmirj4Jy2OT9wSc4%2Fcjb6ZeHQ%3D&from=327834062""]",,,tos-cn-p-0015/osopTBQiPBGLAFALQ0tBCHeCEELd7QrIfBO8e4,"[""tos-cn-p-0015/osopTBQiPBGLAFALQ0tBCHeCEELd7QrIfBO8e4""]",640,360,tos-cn-i-dy/4a9cf5e7b72b417abcbfdd861544e37a,"[""tos-cn-i-dy/4a9cf5e7b72b417abcbfdd861544e37a""]",720,720,720,720,,,,,,,,
7611454234835324223,2026-05-10 19:12:11.994731,image-cut-tos-priv/c24d787bd9657bbf3dc12db70e1ffa9e,"[""https://p3-pc-sign.douyinpic.com/obj/c8510002be9a3a61aad2?lk3s=138a59ce&x-expires=1779620400&x-signature=I7Nmirj4Jy2OT9wSc4%2Fcjb6ZeHQ%3D&from=327834062""]",,,tos-cn-p-0015/owZIUAaXPhtJSiiPQEbAayhBTwqyPLIllIAAF,"[""tos-cn-p-0015/owZIUAaXPhtJSiiPQEbAayhBTwqyPLIllIAAF""]",640,360,tos-cn-i-dy/2921cc77661243cf9afde3897e9a1158,"[""tos-cn-i-dy/2921cc77661243cf9afde3897e9a1158""]",720,720,720,720,,,,,,,,
7611455717287928182,2026-05-10 19:12:27.496665,image-cut-tos-priv/24b38ac6881e6ff06edf77e6a88d56cd,"[""https://p3-pc-sign.douyinpic.com/obj/c8510002be9a3a61aad2?lk3s=138a59ce&x-expires=1779620400&x-signature=I7Nmirj4Jy2OT9wSc4%2Fcjb6ZeHQ%3D&from=327834062""]",,,tos-cn-p-0015/ow5OUKiSBI6qGh8kADiBCceYTBfN0OAIivgaA0,"[""tos-cn-p-0015/ow5OUKiSBI6qGh8kADiBCceYTBfN0OAIivgaA0""]",640,360,tos-cn-p-0015/oA8OrhkiKYIT0iq0ASBIeUaiwfqOKnACABGBgD,"[""tos-cn-p-0015/oA8OrhkiKYIT0iq0ASBIeUaiwfqOKnACABGBgD""]",720,720,720,720,,,,,,,,
7611459412167331914,2026-05-10 19:13:00.727480,,,,,,,,,,,,,300,318,,,,,,,,
7611466497757066339,2026-05-10 19:13:03.159810,,,,,,,,,,,,,300,318,,,,,,,,
7611467108735569186,2026-05-10 19:13:06.153708,image-cut-tos-priv/1aba8ce6bfcd8c6f4c1c2f8393cb9cb7,"[""https://p3-pc-sign.douyinpic.com/obj/c8510002be9a3a61aad2?lk3s=138a59ce&x-expires=1779620400&x-signature=I7Nmirj4Jy2OT9wSc4%2Fcjb6ZeHQ%3D&from=327834062""]",,,tos-cn-p-0015/oQoAsBEVRIDa9HgKjsW1FwhAfeDBypIAX5I4XM,"[""tos-cn-p-0015/oQoAsBEVRIDa9HgKjsW1FwhAfeDBypIAX5I4XM""]",640,360,tos-cn-i-dy/50162a1c7e7149f3965e344e6e5ea9b1,"[""tos-cn-i-dy/50162a1c7e7149f3965e344e6e5ea9b1""]",720,720,720,720,,,,,,,,
7611470569116110086,2026-05-10 19:13:18.520327,image-cut-tos-priv/7710e8c8bedb08c478f5fcad40c0bb62,"[""https://p3-pc-sign.douyinpic.com/obj/c8510002be9a3a61aad2?lk3s=138a59ce&x-expires=1779620400&x-signature=I7Nmirj4Jy2OT9wSc4%2Fcjb6ZeHQ%3D&from=327834062""]",,,tos-cn-p-0015/owHBBQbEWIAlJP7WeuYnheAMUAIfECGqTIy7wL,"[""tos-cn-p-0015/owHBBQbEWIAlJP7WeuYnheAMUAIfECGqTIy7wL""]",641,360,tos-cn-i-dy/80ba86cceb2c4b6697472ee069a4e3f3,"[""tos-cn-i-dy/80ba86cceb2c4b6697472ee069a4e3f3""]",720,720,720,720,,,,,,,,
7611470931826937124,2026-05-10 19:13:24.726337,image-cut-tos-priv/82fab00fa0cb64366e1c7dda029b3eed,"[""https://p3-pc-sign.douyinpic.com/obj/c8510002be9a3a61aad2?lk3s=138a59ce&x-expires=1779620400&x-signature=I7Nmirj4Jy2OT9wSc4%2Fcjb6ZeHQ%3D&from=327834062""]",,,tos-cn-p-0015/oUErYpeafABWDZDsAKchu7Qg4F9oVoPiOCEQAk,"[""tos-cn-p-0015/oUErYpeafABWDZDsAKchu7Qg4F9oVoPiOCEQAk""]",360,640,tos-cn-i-dy/39ca07f5fa214ff0b0d06987c984ad75,"[""tos-cn-i-dy/39ca07f5fa214ff0b0d06987c984ad75""]",720,720,720,720,,,,,,,,
7611474692729228595,2026-05-10 19:13:40.127155,image-cut-tos-priv/8a2b820b4e0acce01520c23e6751c07f,"[""https://p3-pc-sign.douyinpic.com/obj/c8510002be9a3a61aad2?lk3s=138a59ce&x-expires=1779620400&x-signature=I7Nmirj4Jy2OT9wSc4%2Fcjb6ZeHQ%3D&from=327834062""]",,,tos-cn-p-0015/oYDAhAOgKNDRCiI0a0ifABgYuZClv0IgesByAn,"[""tos-cn-p-0015/oYDAhAOgKNDRCiI0a0ifABgYuZClv0IgesByAn""]",640,360,tos-cn-i-dy/85f71a624aee4863a58eea7ceb8c4043,"[""tos-cn-i-dy/85f71a624aee4863a58eea7ceb8c4043""]",720,720,720,720,,,,,,,,
7611475532743527722,2026-05-10 19:13:50.379736,image-cut-tos-priv/e0f42a922362792f61c5f49f32170a3f,"[""https://p3-pc-sign.douyinpic.com/obj/c8510002be9a3a61aad2?lk3s=138a59ce&x-expires=1779620400&x-signature=I7Nmirj4Jy2OT9wSc4%2Fcjb6ZeHQ%3D&from=327834062""]",,,tos-cn-p-0015/oEBTWKQPONiFrO7IGAiibqha91Ixv5aA1AIPZ,"[""tos-cn-p-0015/oEBTWKQPONiFrO7IGAiibqha91Ixv5aA1AIPZ""]",640,360,tos-cn-i-dy/8a1acc8bc3ca42d4bc062ca25613e28f,"[""tos-cn-i-dy/8a1acc8bc3ca42d4bc062ca25613e28f""]",720,720,720,720,,,,,,,,
7611475643745783083,2026-05-10 19:14:01.851968,image-cut-tos-priv/d7dc7084b4ff32ff8bfdea3f719cc24d,"[""https://p3-pc-sign.douyinpic.com/obj/c8510002be9a3a61aad2?lk3s=138a59ce&x-expires=1779620400&x-signature=I7Nmirj4Jy2OT9wSc4%2Fcjb6ZeHQ%3D&from=327834062""]",,,tos-cn-p-0015/oEBxpPQAG3ALGIHd1f7UKTefyaG5BCkQPC5T7M,"[""tos-cn-p-0015/oEBxpPQAG3ALGIHd1f7UKTefyaG5BCkQPC5T7M""]",640,360,tos-cn-i-dy/3ebb19146d5b4f73b415609d347ec5f5,"[""tos-cn-i-dy/3ebb19146d5b4f73b415609d347ec5f5""]",720,720,720,720,,,,,,,,
7611475745198667249,2026-05-10 19:14:16.410480,image-cut-tos-priv/b35904e33d96ce12485fff37206abf6a,"[""https://p3-pc-sign.douyinpic.com/obj/c8510002be9a3a61aad2?lk3s=138a59ce&x-expires=1779620400&x-signature=I7Nmirj4Jy2OT9wSc4%2Fcjb6ZeHQ%3D&from=327834062""]",,,tos-cn-p-0015c000-ce/ow2LNKwxViJ8Lwt0A5AQIZIhfGAOrBEn9B0e0i,"[""tos-cn-p-0015c000-ce/ow2LNKwxViJ8Lwt0A5AQIZIhfGAOrBEn9B0e0i""]",640,360,tos-cn-p-0015c000-ce/oEqaEEAFVQbo19DwXeAo7NQWoyytDfYBnb4paC,"[""tos-cn-p-0015c000-ce/oEqaEEAFVQbo19DwXeAo7NQWoyytDfYBnb4paC""]",720,720,720,720,,,,,,,,
7611478274371308840,2026-05-10 19:14:25.857828,,,,,,,,,,,,,300,318,,,,,,,,
7611478554081037578,2026-05-10 19:14:29.256148,image-cut-tos-priv/c4ce50271dbaaf6e722b4c1fe6a5379a,"[""https://p3-pc-sign.douyinpic.com/obj/c8510002be9a3a61aad2?lk3s=138a59ce&x-expires=1779620400&x-signature=I7Nmirj4Jy2OT9wSc4%2Fcjb6ZeHQ%3D&from=327834062""]",,,tos-cn-p-0015/oIMhTGYEVA9dBIsIuBFpAZCDgiDG8AF5fWoAhf,"[""tos-cn-p-0015/oIMhTGYEVA9dBIsIuBFpAZCDgiDG8AF5fWoAhf""]",360,640,tos-cn-i-dy/7d01f602de2445119a797c78b818f8dc,"[""tos-cn-i-dy/7d01f602de2445119a797c78b818f8dc""]",720,720,720,720,,,,,,,,
7611478635916214523,2026-05-10 19:14:32.657344,image-cut-tos-priv/4b68b9574aa466aab97feaef64aab923,"[""https://p9-pc-sign.douyinpic.com/obj/c8510002be9a3a61aad2?lk3s=138a59ce&x-expires=1779620400&x-signature=MDmnCoipdIlaw2IDlfBSuUulOLU%3D&from=327834062""]",,,tos-cn-p-0015c000-ce/o8QDpoB4C3gWAB0pgCZEEnbAEGo4hbfQowfF9Z,"[""tos-cn-p-0015c000-ce/o8QDpoB4C3gWAB0pgCZEEnbAEGo4hbfQowfF9Z""]",640,360,tos-cn-i-0813c000-ce/oMBvJnA0DhBIPMqrFACUyiA84A1aZiEaAFqAc,"[""tos-cn-i-0813c000-ce/oMBvJnA0DhBIPMqrFACUyiA84A1aZiEaAFqAc""]",720,720,720,720,,,,,,,,
7611481198795164979,2026-05-10 19:14:40.926543,image-cut-tos-priv/c34f85d7fa69e0f6b522931c128ea56e,"[""https://p3-pc-sign.douyinpic.com/obj/c8510002be9a3a61aad2?lk3s=138a59ce&x-expires=1779620400&x-signature=I7Nmirj4Jy2OT9wSc4%2Fcjb6ZeHQ%3D&from=327834062""]",,,tos-cn-p-0015/osD8lExCfQ0Q8FvBOGIfdlnfW0B0C7AaCTQsAB,"[""tos-cn-p-0015/osD8lExCfQ0Q8FvBOGIfdlnfW0B0C7AaCTQsAB""]",640,360,tos-cn-i-dy/1bdf27528e6a467c8699117b0e5a6c19,"[""tos-cn-i-dy/1bdf27528e6a467c8699117b0e5a6c19""]",720,720,720,720,,,,,,,,
7611481273887006379,2026-05-10 19:14:52.890942,image-cut-tos-priv/d8ca02c82565f9bce39f55f7605da074,"[""https://p3-pc-sign.douyinpic.com/obj/c8510002be9a3a61aad2?lk3s=138a59ce&x-expires=1779620400&x-signature=I7Nmirj4Jy2OT9wSc4%2Fcjb6ZeHQ%3D&from=327834062""]",,,tos-cn-p-0015/okrAybpQCPWD6Bd0gGNfWfEPFAA9NBojqw1bNQ,"[""tos-cn-p-0015/okrAybpQCPWD6Bd0gGNfWfEPFAA9NBojqw1bNQ""]",640,360,tos-cn-i-0813/oQAAWQAiC2pAsFL0WTECCFoA9AeDXgnN4IfFH7,"[""tos-cn-i-0813/oQAAWQAiC2pAsFL0WTECCFoA9AeDXgnN4IfFH7""]",720,720,720,720,,,,,,,,
7611482675374822534,2026-05-10 19:14:58.368701,image-cut-tos-priv/c9352940614354ca80ba49ef03e631a6,"[""https://p3-pc-sign.douyinpic.com/obj/c8510002be9a3a61aad2?lk3s=138a59ce&x-expires=1779620400&x-signature=I7Nmirj4Jy2OT9wSc4%2Fcjb6ZeHQ%3D&from=327834062""]",,,tos-cn-p-0015/oUAzIiXq6aIiAaBgpQ0ahqPCtUoFm7jSLIivy,"[""tos-cn-p-0015/oUAzIiXq6aIiAaBgpQ0ahqPCtUoFm7jSLIivy""]",360,640,tos-cn-i-0813/o4mC9WaJpICAAAAs1CoFeFsEQEDAxWAhqgf2lR,"[""tos-cn-i-0813/o4mC9WaJpICAAAAs1CoFeFsEQEDAxWAhqgf2lR""]",720,720,720,720,,,,,,,,
7611486783305501988,2026-05-10 19:15:02.976099,image-cut-tos-priv/b9388b6e420b7cb412f2d905b1e6e8f4,"[""https://p3-pc-sign.douyinpic.com/obj/c8510002be9a3a61aad2?lk3s=138a59ce&x-expires=1779620400&x-signature=I7Nmirj4Jy2OT9wSc4%2Fcjb6ZeHQ%3D&from=327834062""]",,,tos-cn-p-0015/okArAAy0DieC9e4IdNhPBib0OBpMpLI1OFoKKg,"[""tos-cn-p-0015/okArAAy0DieC9e4IdNhPBib0OBpMpLI1OFoKKg""]",640,360,tos-cn-i-dy/a96153b8e2d74961a8ad4a24aad32a90,"[""tos-cn-i-dy/a96153b8e2d74961a8ad4a24aad32a90""]",720,720,720,720,,,,,,,,
7611487269387603252,2026-05-10 19:15:13.543215,,,,,,,,,,,,,300,318,,,,,,,,
7611487286815824313,2026-05-10 19:15:17.580413,image-cut-tos-priv/617b63778bedf9dc167c53f413c161f0,"[""https://p3-pc-sign.douyinpic.com/obj/c8510002be9a3a61aad2?lk3s=138a59ce&x-expires=1779620400&x-signature=I7Nmirj4Jy2OT9wSc4%2Fcjb6ZeHQ%3D&from=327834062""]",,,tos-cn-p-0015c000-ce/osrfWF8VAsV93DkVQG3EjHLa1fEAopEnwDBCQY,"[""tos-cn-p-0015c000-ce/osrfWF8VAsV93DkVQG3EjHLa1fEAopEnwDBCQY""]",640,360,tos-cn-p-0015c000-ce/oYNhepsDiH3WAia6KCnIXwEbQRpoBjByAI2f9q,"[""tos-cn-p-0015c000-ce/oYNhepsDiH3WAia6KCnIXwEbQRpoBjByAI2f9q""]",720,720,720,720,,,,,,,,
7611487515303873802,2026-05-10 19:15:26.547715,,,,,,,,,,,,,300,318,,,,,,,,
7611492012851760399,2026-05-10 19:15:30.162340,image-cut-tos-priv/a7a2d0f5ba61597457bcf0841d03d044,"[""https://p3-pc-sign.douyinpic.com/obj/c8510002be9a3a61aad2?lk3s=138a59ce&x-expires=1779620400&x-signature=I7Nmirj4Jy2OT9wSc4%2Fcjb6ZeHQ%3D&from=327834062""]",,,tos-cn-p-0015/osGAXIw0hepA93bcnYEqBFoA9A9DmgKDBIfmLM,"[""tos-cn-p-0015/osGAXIw0hepA93bcnYEqBFoA9A9DmgKDBIfmLM""]",475,360,tos-cn-i-dy/c8bb1800d01e4ff5b1c63b46159a78a6,"[""tos-cn-i-dy/c8bb1800d01e4ff5b1c63b46159a78a6""]",720,720,720,720,,,,,,,,
7611501068048280674,2026-05-10 19:15:39.049482,image-cut-tos-priv/39ab920f61da82e3d7563c9acd155dc6,"[""https://p3-pc-sign.douyinpic.com/obj/c8510002be9a3a61aad2?lk3s=138a59ce&x-expires=1779620400&x-signature=I7Nmirj4Jy2OT9wSc4%2Fcjb6ZeHQ%3D&from=327834062""]",,,tos-cn-p-0015/o49AB7eGGQex7yTBM9EgdQwvCCeAYIc6LBCpQA,"[""tos-cn-p-0015/o49AB7eGGQex7yTBM9EgdQwvCCeAYIc6LBCpQA""]",360,641,tos-cn-i-0813c001/o0QzA9wCMLFAxHeAINIGU6ecQAnfAe3iEYCpet,"[""tos-cn-i-0813c001/o0QzA9wCMLFAxHeAINIGU6ecQAnfAe3iEYCpet""]",720,720,720,720,,,,,,,,
7611502169715627963,2026-05-10 19:15:48.856119,image-cut-tos-priv/f04ba32b44f1feed69f71148cf2bbbc0,"[""https://p3-pc-sign.douyinpic.com/obj/c8510002be9a3a61aad2?lk3s=138a59ce&x-expires=1779620400&x-signature=I7Nmirj4Jy2OT9wSc4%2Fcjb6ZeHQ%3D&from=327834062""]",,,tos-cn-p-0015c000-ce/owetCmTAmELIFfAFKnGawNQOCQ0exftmeLOHtQ,"[""tos-cn-p-0015c000-ce/owetCmTAmELIFfAFKnGawNQOCQ0exftmeLOHtQ""]",360,640,tos-cn-p-0015c000-ce/ogCAcLQedOMLtKA0eKxeWIFm8UwMKNgHebgThe,"[""tos-cn-p-0015c000-ce/ogCAcLQedOMLtKA0eKxeWIFm8UwMKNgHebgThe""]",720,720,720,720,,,,,,,,
7611504602529402152,2026-05-10 19:15:52.418469,image-cut-tos-priv/2c80710bb1fbde7cc80e251b3a8fe8be,"[""https://p3-pc-sign.douyinpic.com/obj/c8510002be9a3a61aad2?lk3s=138a59ce&x-expires=1779620400&x-signature=I7Nmirj4Jy2OT9wSc4%2Fcjb6ZeHQ%3D&from=327834062""]",,,tos-cn-p-0015/oQrpHW3d4AH1C9bZgQFKofDDDfYjF3XEAABVCQ,"[""tos-cn-p-0015/oQrpHW3d4AH1C9bZgQFKofDDDfYjF3XEAABVCQ""]",640,360,tos-cn-i-dy/966d4fa3f9ba4b2881ea6ae93bfea9c4,"[""tos-cn-i-dy/966d4fa3f9ba4b2881ea6ae93bfea9c4""]",720,720,720,720,,,,,,,,
7611509558498165874,2026-05-10 19:16:23.514384,image-cut-tos-priv/3ea4970c72811b7bb340be72e01c7aa6,"[""https://p9-pc-sign.douyinpic.com/obj/c8510002be9a3a61aad2?lk3s=138a59ce&x-expires=1779620400&x-signature=MDmnCoipdIlaw2IDlfBSuUulOLU%3D&from=327834062""]",,,tos-cn-p-0015/oIIeFC0AMK7Wj3thBAIcK0iWmVCBHgf4igAiY6,"[""tos-cn-p-0015/oIIeFC0AMK7Wj3thBAIcK0iWmVCBHgf4igAiY6""]",360,640,tos-cn-p-0015/o0SeBigHIW0DcsA6IBhSKCiYY0tQgAfM4TAqF3,"[""tos-cn-p-0015/o0SeBigHIW0DcsA6IBhSKCiYY0tQgAfM4TAqF3""]",720,720,720,720,,,,,,,,
7611510845563604234,2026-05-10 19:16:30.781885,image-cut-tos-priv/6d977719ae9c4d46ecdba2f63bb6563e,"[""https://p3-pc-sign.douyinpic.com/obj/c8510002be9a3a61aad2?lk3s=138a59ce&x-expires=1779620400&x-signature=I7Nmirj4Jy2OT9wSc4%2Fcjb6ZeHQ%3D&from=327834062""]",,,tos-cn-p-0015/oAkhA9fDDIeL9CpA2hrOCoaYhBQAQEMkFBVrIg,"[""tos-cn-p-0015/oAkhA9fDDIeL9CpA2hrOCoaYhBQAQEMkFBVrIg""]",640,360,tos-cn-i-dy/35923c7e55a54ce099380fdbdb6e695e,"[""tos-cn-i-dy/35923c7e55a54ce099380fdbdb6e695e""]",720,720,720,720,,,,,,,,
7611512408795827506,2026-05-10 19:16:40.259023,,,,,,,,,,,,,300,318,,,,,,,,
7611513486182452531,2026-05-10 19:16:43.805544,image-cut-tos-priv/84d050a78716f0df93e87c4a2e9738ea,"[""https://p9-pc-sign.douyinpic.com/obj/c8510002be9a3a61aad2?lk3s=138a59ce&x-expires=1779620400&x-signature=MDmnCoipdIlaw2IDlfBSuUulOLU%3D&from=327834062""]",,,tos-cn-p-0015/oUHIiiIBPiawBHi2G8AL0I2GhQ8STWvp6AhCa,"[""tos-cn-p-0015/oUHIiiIBPiawBHi2G8AL0I2GhQ8STWvp6AhCa""]",640,360,tos-cn-i-dy/0fc2bbf31e6f4a7ba98544c9b7803e36,"[""tos-cn-i-dy/0fc2bbf31e6f4a7ba98544c9b7803e36""]",720,720,720,720,,,,,,,,
7611526108927823138,2026-05-10 19:16:56.025430,image-cut-tos-priv/76b19158cdc5fd07874518ba00f6848d,"[""https://p3-pc-sign.douyinpic.com/obj/c8510002be9a3a61aad2?lk3s=138a59ce&x-expires=1779620400&x-signature=I7Nmirj4Jy2OT9wSc4%2Fcjb6ZeHQ%3D&from=327834062""]",,,tos-cn-p-0015/ooaE8ktvIf8ACVoBBhBDfAc9HcAFB4Zg8VcpIa,"[""tos-cn-p-0015/ooaE8ktvIf8ACVoBBhBDfAc9HcAFB4Zg8VcpIa""]",640,360,tos-cn-i-dy/89c5f843eb134f338fc58f02776d7d92,"[""tos-cn-i-dy/89c5f843eb134f338fc58f02776d7d92""]",720,720,720,720,,,,,,,,
7611537488699542835,2026-05-10 19:17:09.070764,image-cut-tos-priv/6a297ed8b4dddac9b7452adf686460d1,"[""https://p3-pc-sign.douyinpic.com/obj/c8510002be9a3a61aad2?lk3s=138a59ce&x-expires=1779620400&x-signature=I7Nmirj4Jy2OT9wSc4%2Fcjb6ZeHQ%3D&from=327834062""]",,,tos-cn-p-0015/oEEeFB9AQAAfqQ9DDpugdojDNBFxBOoDZzcniy,"[""tos-cn-p-0015/oEEeFB9AQAAfqQ9DDpugdojDNBFxBOoDZzcniy""]",640,360,tos-cn-i-dy/392b155cee914aef9f45fadc63de4a40,"[""tos-cn-i-dy/392b155cee914aef9f45fadc63de4a40""]",720,720,720,720,,,,,,,,
7611542753037569286,2026-05-10 19:17:19.362335,image-cut-tos-priv/7d1448544e9c0ffbbf6bcc7569ed06a1,"[""https://p3-pc-sign.douyinpic.com/obj/c8510002be9a3a61aad2?lk3s=138a59ce&x-expires=1779620400&x-signature=I7Nmirj4Jy2OT9wSc4%2Fcjb6ZeHQ%3D&from=327834062""]",,,tos-cn-p-0015/oo9QAs1wEFA1EoAgQ9eDCn0JaORmCzpDRAXfBF,"[""tos-cn-p-0015/oo9QAs1wEFA1EoAgQ9eDCn0JaORmCzpDRAXfBF""]",640,360,tos-cn-i-dy/3d98d24e4f7e44f9be9b461d39913910,"[""tos-cn-i-dy/3d98d24e4f7e44f9be9b461d39913910""]",720,720,720,720,,,,,,,,
7611544070904696083,2026-05-10 19:17:30.199359,image-cut-tos-priv/e80f5123e2b5027a0f42852d6a998607,"[""https://p3-pc-sign.douyinpic.com/obj/c8510002be9a3a61aad2?lk3s=138a59ce&x-expires=1779620400&x-signature=I7Nmirj4Jy2OT9wSc4%2Fcjb6ZeHQ%3D&from=327834062""]",,,tos-cn-p-0015/ogeTZJ7aBzGQqhyIJoL1hID4BYRYIACfzyBGeA,"[""tos-cn-p-0015/ogeTZJ7aBzGQqhyIJoL1hID4BYRYIACfzyBGeA""]",640,360,tos-cn-i-dy/1376e458f34b45e897bb5e520e9a95ba,"[""tos-cn-i-dy/1376e458f34b45e897bb5e520e9a95ba""]",720,720,720,720,,,,,,,,
7611549391657663397,2026-05-10 19:17:37.448063,image-cut-tos-priv/14a4d7e3480aefed03db63c59c720f5a,"[""https://p3-pc-sign.douyinpic.com/obj/c8510002be9a3a61aad2?lk3s=138a59ce&x-expires=1779620400&x-signature=I7Nmirj4Jy2OT9wSc4%2Fcjb6ZeHQ%3D&from=327834062""]",,,tos-cn-p-0015c000-ce/okSp9BUYpeEqg7ohBxFEwdD0AoA9NqYQQFfwoa,"[""tos-cn-p-0015c000-ce/okSp9BUYpeEqg7ohBxFEwdD0AoA9NqYQQFfwoa""]",480,360,tos-cn-i-0813c000-ce/oUiZwoDAAIpAFCrk7ofC9fLuQn0vOjAQAEEj9E,"[""tos-cn-i-0813c000-ce/oUiZwoDAAIpAFCrk7ofC9fLuQn0vOjAQAEEj9E""]",720,720,720,720,,,,,,,,
7611552308753470363,2026-05-10 19:17:41.602947,image-cut-tos-priv/afc5ae8c17803d53a068bece055c7d61,"[""https://p3-pc-sign.douyinpic.com/obj/c8510002be9a3a61aad2?lk3s=138a59ce&x-expires=1779620400&x-signature=I7Nmirj4Jy2OT9wSc4%2Fcjb6ZeHQ%3D&from=327834062""]",,,tos-cn-p-0015/oMBBNNgAEIAL0I1q6e717QenjRGfBCigREgTzG,"[""tos-cn-p-0015/oMBBNNgAEIAL0I1q6e717QenjRGfBCigREgTzG""]",640,360,tos-cn-i-0813/oUAfaFpaAlD9HDf6IlqARTAYC7EAoprCgAChEh,"[""tos-cn-i-0813/oUAfaFpaAlD9HDf6IlqARTAYC7EAoprCgAChEh""]",720,720,720,720,,,,,,,,
7611555514266193206,2026-05-10 19:17:46.764488,image-cut-tos-priv/c26cdedf450e624aed1384265449fb6a,"[""https://p3-pc-sign.douyinpic.com/obj/c8510002be9a3a61aad2?lk3s=138a59ce&x-expires=1779620400&x-signature=I7Nmirj4Jy2OT9wSc4%2Fcjb6ZeHQ%3D&from=327834062""]",,,tos-cn-p-0015/oQgh9aumpQDVAiAhrBoFYevEQ7DElIA6mgfXcW,"[""tos-cn-p-0015/oQgh9aumpQDVAiAhrBoFYevEQ7DElIA6mgfXcW""]",640,360,tos-cn-i-dy/00f741e92d7346a4bc006134c5bcf610,"[""tos-cn-i-dy/00f741e92d7346a4bc006134c5bcf610""]",720,720,720,720,,,,,,,,
7611556418738523392,2026-05-10 19:17:53.845731,image-cut-tos-priv/790e6f0f69f6a681d4d96f48d8b44e67,"[""https://p3-pc-sign.douyinpic.com/obj/c8510002be9a3a61aad2?lk3s=138a59ce&x-expires=1779620400&x-signature=I7Nmirj4Jy2OT9wSc4%2Fcjb6ZeHQ%3D&from=327834062""]",,,tos-cn-p-0015/ooIhICAa9reoAFDp2FuvfICL8RvAtEggDwasBM,"[""tos-cn-p-0015/ooIhICAa9reoAFDp2FuvfICL8RvAtEggDwasBM""]",640,360,tos-cn-i-dy/9aaf1325bb7b49d8840dc289bbb290c7,"[""tos-cn-i-dy/9aaf1325bb7b49d8840dc289bbb290c7""]",720,720,720,720,,,,,,,,
7611564814908788004,2026-05-10 19:17:57.806514,image-cut-tos-priv/67ab999704a3731ed0032a0135a09e52,"[""https://p3-pc-sign.douyinpic.com/obj/c8510002be9a3a61aad2?lk3s=138a59ce&x-expires=1779620400&x-signature=I7Nmirj4Jy2OT9wSc4%2Fcjb6ZeHQ%3D&from=327834062""]",,,tos-cn-p-0015/o0GBE82DIAi7MW7QBfeQAXCGbBQWQfzSTXl0I1,"[""tos-cn-p-0015/o0GBE82DIAi7MW7QBfeQAXCGbBQWQfzSTXl0I1""]",480,360,tos-cn-i-dy/e4b4525d0860405684b36b6bce609055,"[""tos-cn-i-dy/e4b4525d0860405684b36b6bce609055""]",720,720,720,720,,,,,,,,
7611565006647299370,2026-05-10 19:18:08.606567,,,,,,,,,,,,,300,318,,,,,,,,
7611577920171117833,2026-05-10 19:18:14.157076,image-cut-tos-priv/8b30df53e68bc7fb8982a51578353327,"[""https://p3-pc-sign.douyinpic.com/obj/c8510002be9a3a61aad2?lk3s=138a59ce&x-expires=1779620400&x-signature=I7Nmirj4Jy2OT9wSc4%2Fcjb6ZeHQ%3D&from=327834062""]",,,tos-cn-p-0015/ok3EAffEDAOpFX1AvhEwc6IhoBNIZnXg7v9ZGA,"[""tos-cn-p-0015/ok3EAffEDAOpFX1AvhEwc6IhoBNIZnXg7v9ZGA""]",640,360,tos-cn-i-dy/ebbc62d93f61454aba1899dab0a79fb1,"[""tos-cn-i-dy/ebbc62d93f61454aba1899dab0a79fb1""]",720,720,720,720,,,,,,,,
7611597731531137257,2026-05-10 19:18:27.734607,image-cut-tos-priv/93fb5cd82066ec24b400de9261fdf2fb,"[""https://p3-pc-sign.douyinpic.com/obj/c8510002be9a3a61aad2?lk3s=138a59ce&x-expires=1779620400&x-signature=I7Nmirj4Jy2OT9wSc4%2Fcjb6ZeHQ%3D&from=327834062""]",,,tos-cn-p-0015/oMBfiT3e7TIOmEB2ClGhyaL6X9FQAAVIeR0xIB,"[""tos-cn-p-0015/oMBfiT3e7TIOmEB2ClGhyaL6X9FQAAVIeR0xIB""]",480,360,tos-cn-p-0015/oseTQy7aBwGQlhFIX0LaTIo9B3liIACV6fCEeA,"[""tos-cn-p-0015/oseTQy7aBwGQlhFIX0LaTIo9B3liIACV6fCEeA""]",720,720,720,720,,,,,,,,
7611598921588100362,2026-05-10 19:18:42.558561,image-cut-tos-priv/5aa07e73ec18d1f6ad0450e2efc1c08c,"[""https://p3-pc-sign.douyinpic.com/obj/c8510002be9a3a61aad2?lk3s=138a59ce&x-expires=1779620400&x-signature=I7Nmirj4Jy2OT9wSc4%2Fcjb6ZeHQ%3D&from=327834062""]",,,tos-cn-p-0015/oI19miHAiImIg30NOhfoRD3Ae88r0BD6AAEPBN,"[""tos-cn-p-0015/oI19miHAiImIg30NOhfoRD3Ae88r0BD6AAEPBN""]",640,360,tos-cn-i-dy/7c78d5abc9c04bd2b6145811eb4edbf2,"[""tos-cn-i-dy/7c78d5abc9c04bd2b6145811eb4edbf2""]",720,720,720,720,,,,,,,,
7611611279710539049,2026-05-10 19:19:05.070753,image-cut-tos-priv/69657f40afc8368957bebd59ce9a6217,"[""https://p3-pc-sign.douyinpic.com/obj/c8510002be9a3a61aad2?lk3s=138a59ce&x-expires=1779620400&x-signature=I7Nmirj4Jy2OT9wSc4%2Fcjb6ZeHQ%3D&from=327834062""]",,,tos-cn-p-0015/ogihIDcfgt6IT4A9TCfpCBiTwrTBD7gAAI0a8B,"[""tos-cn-p-0015/ogihIDcfgt6IT4A9TCfpCBiTwrTBD7gAAI0a8B""]",640,360,,,720,720,300,318,,,,,,,,
7611619296996756782,2026-05-10 19:19:11.373971,image-cut-tos-priv/5232e4246d2c5056c436fbe33894bca7,"[""https://p3-pc-sign.douyinpic.com/obj/c8510002be9a3a61aad2?lk3s=138a59ce&x-expires=1779620400&x-signature=I7Nmirj4Jy2OT9wSc4%2Fcjb6ZeHQ%3D&from=327834062""]",,,tos-cn-p-0015/oIfD7TuxQ9tEBzwoBAQPr14fe1dAPFQDCNGCo8,"[""tos-cn-p-0015/oIfD7TuxQ9tEBzwoBAQPr14fe1dAPFQDCNGCo8""]",640,360,tos-cn-i-dy/4675f620ab9042f7ad71fd9ee9e3500d,"[""tos-cn-i-dy/4675f620ab9042f7ad71fd9ee9e3500d""]",720,720,720,720,,,,,,,,
7611619977572928778,2026-05-10 19:19:27.417423,image-cut-tos-priv/dcdd3393f34edcaf0670aa67e3e01988,"[""https://p9-pc-sign.douyinpic.com/obj/c8510002be9a3a61aad2?lk3s=138a59ce&x-expires=1779620400&x-signature=MDmnCoipdIlaw2IDlfBSuUulOLU%3D&from=327834062""]",,,tos-cn-p-0015/okTQmyH6IP8vC5fBIbJhtBAjB7FJEEfs4AJDeE,"[""tos-cn-p-0015/okTQmyH6IP8vC5fBIbJhtBAjB7FJEEfs4AJDeE""]",480,360,tos-cn-i-dy/7448b90a5f5b45688477a8551f051725,"[""tos-cn-i-dy/7448b90a5f5b45688477a8551f051725""]",720,720,720,720,,,,,,,,
7611622646463089960,2026-05-10 19:19:39.695496,image-cut-tos-priv/ee167d14ffcd6514789c4046cc8e4498,"[""https://p9-pc-sign.douyinpic.com/obj/c8510002be9a3a61aad2?lk3s=138a59ce&x-expires=1779620400&x-signature=MDmnCoipdIlaw2IDlfBSuUulOLU%3D&from=327834062""]",,,tos-cn-p-0015/ocCoCI3IDT1acB68gEf6A1CRsFQj5pAALfr9ih,"[""tos-cn-p-0015/ocCoCI3IDT1acB68gEf6A1CRsFQj5pAALfr9ih""]",640,360,tos-cn-i-dy/3706562c0c4543d4ad319b565491787a,"[""tos-cn-i-dy/3706562c0c4543d4ad319b565491787a""]",720,720,720,720,,,,,,,,
7611633585342952677,2026-05-10 19:19:44.718560,,,,,,,,,,,,,300,318,,,,,,,,
7611650376644130959,2026-05-10 19:19:47.406085,image-cut-tos-priv/0efd45a38152c996df1cc126c6e7ae56,"[""https://p9-pc-sign.douyinpic.com/obj/c8510002be9a3a61aad2?lk3s=138a59ce&x-expires=1779620400&x-signature=MDmnCoipdIlaw2IDlfBSuUulOLU%3D&from=327834062""]",,,tos-cn-p-0015c000-ce/o489yoEtDX0ecEn2AuOoBTwQDfARFEBMHBmpgQ,"[""tos-cn-p-0015c000-ce/o489yoEtDX0ecEn2AuOoBTwQDfARFEBMHBmpgQ""]",360,640,tos-cn-p-0015c000-ce/okOggeRgpGYDJeT4cLARBBIyIGlteEAZ7DDdqO,"[""tos-cn-p-0015c000-ce/okOggeRgpGYDJeT4cLARBBIyIGlteEAZ7DDdqO""]",720,720,720,720,,,,,,,,
7611701264426170722,2026-05-10 19:19:57.351146,,,,,,,,,,,,,300,318,,,,,,,,
7611706445305793843,2026-05-10 19:20:01.251773,image-cut-tos-priv/f338560eca8c087499594c4ac1976f20,"[""https://p3-pc-sign.douyinpic.com/obj/c8510002be9a3a61aad2?lk3s=138a59ce&x-expires=1779620400&x-signature=I7Nmirj4Jy2OT9wSc4%2Fcjb6ZeHQ%3D&from=327834062""]",,,tos-cn-p-0015/ociiANMvIcwANE0BHinBfARepCAiBFRgUwh0IM,"[""tos-cn-p-0015/ociiANMvIcwANE0BHinBfARepCAiBFRgUwh0IM""]",640,360,tos-cn-i-dy/6474c726cf6c4a61a84ee0fac107defc,"[""tos-cn-i-dy/6474c726cf6c4a61a84ee0fac107defc""]",720,720,720,720,,,,,,,,
7611721017026809142,2026-05-10 19:20:11.683456,,,,,,,,,,,,,300,318,,,,,,,,
7611733217149799720,2026-05-10 19:20:16.745002,image-cut-tos-priv/a2deec1ad271c2f781d6636598306f02,"[""https://p3-pc-sign.douyinpic.com/obj/c8510002be9a3a61aad2?lk3s=138a59ce&x-expires=1779620400&x-signature=I7Nmirj4Jy2OT9wSc4%2Fcjb6ZeHQ%3D&from=327834062""]",,,tos-cn-p-0015/oUJhnJGhGQdnEERiAeLCGO7rzCeeT0BQIdAaBR,"[""tos-cn-p-0015/oUJhnJGhGQdnEERiAeLCGO7rzCeeT0BQIdAaBR""]",640,360,tos-cn-i-dy/06198d6f6afd4e6f95b0572cc8fb1916,"[""tos-cn-i-dy/06198d6f6afd4e6f95b0572cc8fb1916""]",720,720,720,720,,,,,,,,
7611737517351521599,2026-05-10 19:20:27.718042,image-cut-tos-priv/b639972976efab391ad225d01e57a84b,"[""https://p3-pc-sign.douyinpic.com/obj/c8510002be9a3a61aad2?lk3s=138a59ce&x-expires=1779620400&x-signature=I7Nmirj4Jy2OT9wSc4%2Fcjb6ZeHQ%3D&from=327834062""]",,,tos-cn-p-0015/oAk8aANDpBU6iz7FE7PkzAI1AAOifoUge9Ixmn,"[""tos-cn-p-0015/oAk8aANDpBU6iz7FE7PkzAI1AAOifoUge9Ixmn""]",640,360,tos-cn-i-dy/c3e4e31e35134648b7747021b51efe4a,"[""tos-cn-i-dy/c3e4e31e35134648b7747021b51efe4a""]",720,720,720,720,,,,,,,,
7611737798785207578,2026-05-10 19:20:38.138928,image-cut-tos-priv/c84f2e841858434137ab233e0e214af2,"[""https://p3-pc-sign.douyinpic.com/obj/c8510002be9a3a61aad2?lk3s=138a59ce&x-expires=1779620400&x-signature=I7Nmirj4Jy2OT9wSc4%2Fcjb6ZeHQ%3D&from=327834062""]",,,tos-cn-p-0015/ooERTvfA9Q7ArDZf69QCqwDp3poFEA8kBgD7po,"[""tos-cn-p-0015/ooERTvfA9Q7ArDZf69QCqwDp3poFEA8kBgD7po""]",639,360,tos-cn-i-dy/da89f7ad824348e8b89a4e9763e47daa,"[""tos-cn-i-dy/da89f7ad824348e8b89a4e9763e47daa""]",720,720,720,720,,,,,,,,
7611739431167832677,2026-05-10 19:20:54.317453,image-cut-tos-priv/85573efb39cab2c2d246ca515a1bbc55,"[""https://p3-pc-sign.douyinpic.com/obj/c8510002be9a3a61aad2?lk3s=138a59ce&x-expires=1779620400&x-signature=I7Nmirj4Jy2OT9wSc4%2Fcjb6ZeHQ%3D&from=327834062""]",,,tos-cn-p-0015c000-ce/oYZa5WqiKMBZaAV5LBB2J5GbIxIjiIPTABPiV,"[""tos-cn-p-0015c000-ce/oYZa5WqiKMBZaAV5LBB2J5GbIxIjiIPTABPiV""]",640,360,tos-cn-i-0813c000-ce/o8FlIOIGAjeJB1wAqTKEBziQVALIf7ARLdFfbg,"[""tos-cn-i-0813c000-ce/o8FlIOIGAjeJB1wAqTKEBziQVALIf7ARLdFfbg""]",720,720,720,720,,,,,,,,
7611743077669014834,2026-05-10 19:21:26.761700,image-cut-tos-priv/0b1ffc11fb7da473af085c1b2e29ecb6,"[""https://p3-pc-sign.douyinpic.com/obj/c8510002be9a3a61aad2?lk3s=138a59ce&x-expires=1779620400&x-signature=I7Nmirj4Jy2OT9wSc4%2Fcjb6ZeHQ%3D&from=327834062""]",,,tos-cn-p-0015/o4gIgEfA9bAIpAWfi4coKlBl9RNDABFzDaOAzD,"[""tos-cn-p-0015/o4gIgEfA9bAIpAWfi4coKlBl9RNDABFzDaOAzD""]",640,360,tos-cn-i-dy/2c1b3648168d415ea08bbf044dcc43fe,"[""tos-cn-i-dy/2c1b3648168d415ea08bbf044dcc43fe""]",720,720,720,720,,,,,,,,
7611756757483916582,2026-05-10 19:21:33.513740,,,,,,,,,,,,,300,318,,,,,,,,
7611759486058990874,2026-05-10 19:21:38.085979,image-cut-tos-priv/fc013fea7bc8b391da49594f0f5bf9ad,"[""https://p3-pc-sign.douyinpic.com/obj/c8510002be9a3a61aad2?lk3s=138a59ce&x-expires=1779620400&x-signature=I7Nmirj4Jy2OT9wSc4%2Fcjb6ZeHQ%3D&from=327834062""]",,,tos-cn-p-0015/owQiQCAo9ZToA2DpsFa3f4FwINwAsEfgC3mvBD,"[""tos-cn-p-0015/owQiQCAo9ZToA2DpsFa3f4FwINwAsEfgC3mvBD""]",360,640,tos-cn-i-dy/3c60b3276e574322bdbd44395d3e75c1,"[""tos-cn-i-dy/3c60b3276e574322bdbd44395d3e75c1""]",720,720,720,720,,,,,,,,
7611760990367092006,2026-05-10 19:21:42.292875,image-cut-tos-priv/e9b5d08a799c525d035619e3460a42e0,"[""https://p9-pc-sign.douyinpic.com/obj/c8510002be9a3a61aad2?lk3s=138a59ce&x-expires=1779620400&x-signature=MDmnCoipdIlaw2IDlfBSuUulOLU%3D&from=327834062""]",,,tos-cn-p-0015/oEui7aTGISwADH0BIimBfAze9hAiBIRgHxP0I0,"[""tos-cn-p-0015/oEui7aTGISwADH0BIimBfAze9hAiBIRgHxP0I0""]",640,360,tos-cn-i-dy/48a1782850ba4f2d8ea031b232237ee4,"[""tos-cn-i-dy/48a1782850ba4f2d8ea031b232237ee4""]",720,720,720,720,,,,,,,,
7611764091195906163,2026-05-10 19:21:55.036560,image-cut-tos-priv/c302e6705b20a17f793e1ff3031deab8,"[""https://p3-pc-sign.douyinpic.com/obj/c8510002be9a3a61aad2?lk3s=138a59ce&x-expires=1779620400&x-signature=I7Nmirj4Jy2OT9wSc4%2Fcjb6ZeHQ%3D&from=327834062""]",,,tos-cn-p-0015/okrham09DI6y2ieqATFBDL95qBfNpVAIEzgAAo,"[""tos-cn-p-0015/okrham09DI6y2ieqATFBDL95qBfNpVAIEzgAAo""]",360,640,tos-cn-i-0813c001/o8wPyrA4WiBIPIgrcACHvin39AxaaiEaAJrAM,"[""tos-cn-i-0813c001/o8wPyrA4WiBIPIgrcACHvin39AxaaiEaAJrAM""]",720,720,720,720,,,,,,,,
7611767406167412010,2026-05-10 19:22:06.380794,,,,,,,,,,,,,300,318,,,,,,,,
7611772542478470438,2026-05-10 19:22:13.599383,image-cut-tos-priv/8e7ac32549d639b11de09e3a4f466ccd,"[""https://p3-pc-sign.douyinpic.com/obj/c8510002be9a3a61aad2?lk3s=138a59ce&x-expires=1779620400&x-signature=I7Nmirj4Jy2OT9wSc4%2Fcjb6ZeHQ%3D&from=327834062""]",,,tos-cn-p-0015/oc8pkyFiIAolB9qegQFwo5NDyfS7ndnEAAB1EQ,"[""tos-cn-p-0015/oc8pkyFiIAolB9qegQFwo5NDyfS7ndnEAAB1EQ""]",640,360,tos-cn-i-dy/f2c2fa8a607c4760b99d0c15468efb48,"[""tos-cn-i-dy/f2c2fa8a607c4760b99d0c15468efb48""]",720,720,720,720,,,,,,,,
7611772889654477541,2026-05-10 19:22:17.910956,image-cut-tos-priv/9d5bdc6727a658a969ab521b731ce54a,"[""https://p3-pc-sign.douyinpic.com/obj/c8510002be9a3a61aad2?lk3s=138a59ce&x-expires=1779620400&x-signature=I7Nmirj4Jy2OT9wSc4%2Fcjb6ZeHQ%3D&from=327834062""]",,,tos-cn-p-0015c000-ce/oog2WCQGTD624cULIt1LeAQpBJeEeRpgQ7QDlB,"[""tos-cn-p-0015c000-ce/oog2WCQGTD624cULIt1LeAQpBJeEeRpgQ7QDlB""]",640,360,tos-cn-i-0629/o4COECEDACfAei7AsprinSoI6AFuCVAohuCkcg,"[""tos-cn-i-0629/o4COECEDACfAei7AsprinSoI6AFuCVAohuCkcg""]",720,720,720,720,,,,,,,,
7611781654897593600,2026-05-10 19:22:28.535761,image-cut-tos-priv/374d9dfaad19be8f7be45140fde379fe,"[""https://p3-pc-sign.douyinpic.com/obj/c8510002be9a3a61aad2?lk3s=138a59ce&x-expires=1779620400&x-signature=I7Nmirj4Jy2OT9wSc4%2Fcjb6ZeHQ%3D&from=327834062""]",,,tos-cn-p-0015/oQ1REgxgGjpKOCeHAIe2AjE57LbyeTBBE4w7qE,"[""tos-cn-p-0015/oQ1REgxgGjpKOCeHAIe2AjE57LbyeTBBE4w7qE""]",640,360,tos-cn-i-dy/91be2d8f4424436eadc971afe033b66d,"[""tos-cn-i-dy/91be2d8f4424436eadc971afe033b66d""]",720,720,720,720,,,,,,,,
7611788120815684915,2026-05-10 19:22:35.725831,image-cut-tos-priv/d558528e0a8d7652192f6b979e794acc,"[""https://p3-pc-sign.douyinpic.com/obj/c8510002be9a3a61aad2?lk3s=138a59ce&x-expires=1779620400&x-signature=I7Nmirj4Jy2OT9wSc4%2Fcjb6ZeHQ%3D&from=327834062""]",,,tos-cn-p-0015/oc9UNBaGTCgffYcLIyxPJAIUBByieR1Ag7IQyD,"[""tos-cn-p-0015/oc9UNBaGTCgffYcLIyxPJAIUBByieR1Ag7IQyD""]",640,360,tos-cn-i-dy/08b183b74e744cfd8a34408347a73710,"[""tos-cn-i-dy/08b183b74e744cfd8a34408347a73710""]",720,720,720,720,,,,,,,,
7611792277211548928,2026-05-10 19:22:41.416600,image-cut-tos-priv/128fae5b1e7740ad9c2e29c41d9fb220,"[""https://p3-pc-sign.douyinpic.com/obj/c8510002be9a3a61aad2?lk3s=138a59ce&x-expires=1779620400&x-signature=I7Nmirj4Jy2OT9wSc4%2Fcjb6ZeHQ%3D&from=327834062""]",,,tos-cn-p-0015/oY6jgME7eB4QGCMeBfAXgRPxg8hnTbQClHdJiA,"[""tos-cn-p-0015/oY6jgME7eB4QGCMeBfAXgRPxg8hnTbQClHdJiA""]",540,360,tos-cn-i-dy/a0ad6efb81da4205839782c3b0aa5471,"[""tos-cn-i-dy/a0ad6efb81da4205839782c3b0aa5471""]",720,720,720,720,,,,,,,,
7611801105441344778,2026-05-10 19:22:48.064708,image-cut-tos-priv/758a8cddea26c49ec8b6f50006392d59,"[""https://p3-pc-sign.douyinpic.com/obj/c8510002be9a3a61aad2?lk3s=138a59ce&x-expires=1779620400&x-signature=I7Nmirj4Jy2OT9wSc4%2Fcjb6ZeHQ%3D&from=327834062""]",,,tos-cn-p-0015/oMtzGoZpDQ9bmFmsAJFBCp94sBfep7AQENgBAo,"[""tos-cn-p-0015/oMtzGoZpDQ9bmFmsAJFBCp94sBfep7AQENgBAo""]",640,360,tos-cn-i-dy/5a67fd0865984b8daadde15a2dea5ef1,"[""tos-cn-i-dy/5a67fd0865984b8daadde15a2dea5ef1""]",720,720,720,720,,,,,,,,
7611807147693480123,2026-05-10 19:22:52.122423,image-cut-tos-priv/69657f40afc8368957bebd59ce9a6217,"[""https://p3-pc-sign.douyinpic.com/obj/c8510002be9a3a61aad2?lk3s=138a59ce&x-expires=1779620400&x-signature=I7Nmirj4Jy2OT9wSc4%2Fcjb6ZeHQ%3D&from=327834062""]",,,tos-cn-p-0015/ogihIDcfgt6IT4A9TCfpCBiTwrTBD7gAAI0a8B,"[""tos-cn-p-0015/ogihIDcfgt6IT4A9TCfpCBiTwrTBD7gAAI0a8B""]",640,360,,,720,720,300,318,,,,,,,,
7611810271555882282,2026-05-10 19:22:58.113808,image-cut-tos-priv/158b2506a5b315ee72bff091a984bdb0,"[""https://p3-pc-sign.douyinpic.com/obj/c8510002be9a3a61aad2?lk3s=138a59ce&x-expires=1779620400&x-signature=I7Nmirj4Jy2OT9wSc4%2Fcjb6ZeHQ%3D&from=327834062""]",,,tos-cn-p-0015/osq0DIKIBl2KUBlqgifUAMACbighc0AAC2deui,"[""tos-cn-p-0015/osq0DIKIBl2KUBlqgifUAMACbighc0AAC2deui""]",640,360,tos-cn-i-dy/5b47a338813c4d9ab140298efff3268b,"[""tos-cn-i-dy/5b47a338813c4d9ab140298efff3268b""]",720,720,720,720,,,,,,,,
7611815474455776558,2026-05-10 19:23:15.523073,image-cut-tos-priv/1c9ecbd19b00336c89a3b5a259615436,"[""https://p3-pc-sign.douyinpic.com/obj/c8510002be9a3a61aad2?lk3s=138a59ce&x-expires=1779620400&x-signature=I7Nmirj4Jy2OT9wSc4%2Fcjb6ZeHQ%3D&from=327834062""]",,,tos-cn-p-0015/oMTLaZF4BCNQSAW7SBeQDfEBHRBrA08dPlMMQe,"[""tos-cn-p-0015/oMTLaZF4BCNQSAW7SBeQDfEBHRBrA08dPlMMQe""]",640,360,tos-cn-i-dy/694d008cb9c647708265e1c4b6f7726f,"[""tos-cn-i-dy/694d008cb9c647708265e1c4b6f7726f""]",720,720,720,720,,,,,,,,
7611817859555134730,2026-05-10 19:23:30.691796,image-cut-tos-priv/5c2bd334b5fdbebab02629bdfc1a1b22,"[""https://p3-pc-sign.douyinpic.com/obj/c8510002be9a3a61aad2?lk3s=138a59ce&x-expires=1779620400&x-signature=I7Nmirj4Jy2OT9wSc4%2Fcjb6ZeHQ%3D&from=327834062""]",,,tos-cn-p-0015/okCPFIdQtIIyjAT6yzrXuAkiBatKaAnCiEaPi,"[""tos-cn-p-0015/okCPFIdQtIIyjAT6yzrXuAkiBatKaAnCiEaPi""]",640,360,tos-cn-i-dy/3e4d04473ee949c8b9b30723494b87b6,"[""tos-cn-i-dy/3e4d04473ee949c8b9b30723494b87b6""]",720,720,720,720,,,,,,,,
7611821964105141550,2026-05-10 19:23:43.503413,image-cut-tos-priv/b9ef44e3571536955bc4fc20a53858a0,"[""https://p9-pc-sign.douyinpic.com/obj/c8510002be9a3a61aad2?lk3s=138a59ce&x-expires=1779620400&x-signature=MDmnCoipdIlaw2IDlfBSuUulOLU%3D&from=327834062""]",,,tos-cn-p-0015/owUeEvAog4i9AQY7pNQ9dKF5AkAFNpfPBGFcDW,"[""tos-cn-p-0015/owUeEvAog4i9AQY7pNQ9dKF5AkAFNpfPBGFcDW""]",640,360,tos-cn-i-dy/1d8ce5c143bf420484450e878040499d,"[""tos-cn-i-dy/1d8ce5c143bf420484450e878040499d""]",720,720,720,720,,,,,,,,
7611823912918023333,2026-05-10 19:23:48.281726,,,,,,,,,,,,,300,318,,,,,,,,
7611824713656225033,2026-05-10 19:23:51.710689,image-cut-tos-priv/ec02bda09217df7f91c072a51c943748,"[""https://p3-pc-sign.douyinpic.com/obj/c8510002be9a3a61aad2?lk3s=138a59ce&x-expires=1779620400&x-signature=I7Nmirj4Jy2OT9wSc4%2Fcjb6ZeHQ%3D&from=327834062""]",,,tos-cn-p-0015/o0lMIxiqt0CqC4piAABAIC0weo0goBSA8Vitfl,"[""tos-cn-p-0015/o0lMIxiqt0CqC4piAABAIC0weo0goBSA8Vitfl""]",640,360,tos-cn-i-dy/de142eb66b4e4bed92f4f8f5f8a13742,"[""tos-cn-i-dy/de142eb66b4e4bed92f4f8f5f8a13742""]",720,720,720,720,,,,,,,,
7611826750913301798,2026-05-10 19:24:02.019200,image-cut-tos-priv/a76e9078fb5b2986ff4b42350d2640b7,"[""https://p3-pc-sign.douyinpic.com/obj/c8510002be9a3a61aad2?lk3s=138a59ce&x-expires=1779620400&x-signature=I7Nmirj4Jy2OT9wSc4%2Fcjb6ZeHQ%3D&from=327834062""]",,,tos-cn-p-0015/o0iyAIiDQwMKyXBAiQraypalQA6BdILPQIP5s,"[""tos-cn-p-0015/o0iyAIiDQwMKyXBAiQraypalQA6BdILPQIP5s""]",640,360,tos-cn-i-dy/f9e187a1e3014c38982a9a8546ef5659,"[""tos-cn-i-dy/f9e187a1e3014c38982a9a8546ef5659""]",720,720,720,720,,,,,,,,
7611826895197375763,2026-05-10 19:24:08.798861,image-cut-tos-priv/2e2c8c6d900c16615b1218a9cfe4bea7,"[""https://p3-pc-sign.douyinpic.com/obj/c8510002be9a3a61aad2?lk3s=138a59ce&x-expires=1779620400&x-signature=I7Nmirj4Jy2OT9wSc4%2Fcjb6ZeHQ%3D&from=327834062""]",,,tos-cn-p-0015/oIQBIYaiAiR3M1xMwLiAKaJtIyCKpI9IPvi2m,"[""tos-cn-p-0015/oIQBIYaiAiR3M1xMwLiAKaJtIyCKpI9IPvi2m""]",640,360,tos-cn-i-dy/5f7152f74f7144149f5beb789e609c76,"[""tos-cn-i-dy/5f7152f74f7144149f5beb789e609c76""]",720,720,720,720,,,,,,,,
7611832840187104531,2026-05-10 19:24:15.962704,image-cut-tos-priv/6f46ef7d3104088b891591206884cee4,"[""https://p3-pc-sign.douyinpic.com/obj/c8510002be9a3a61aad2?lk3s=138a59ce&x-expires=1779620400&x-signature=I7Nmirj4Jy2OT9wSc4%2Fcjb6ZeHQ%3D&from=327834062""]",,,tos-cn-p-0015/o0dJBeCUQIgnM8HBVqTBiGcCRQWlGTmeAAFLe7,"[""tos-cn-p-0015/o0dJBeCUQIgnM8HBVqTBiGcCRQWlGTmeAAFLe7""]",480,360,tos-cn-i-dy/9ff32a5e4ce5455eb82653e269f052a2,"[""tos-cn-i-dy/9ff32a5e4ce5455eb82653e269f052a2""]",720,720,720,720,,,,,,,,
7611834147736259881,2026-05-10 19:24:27.855876,image-cut-tos-priv/92d4787be27d3fb7270ed60a3aa34ab6,"[""https://p3-pc-sign.douyinpic.com/obj/c8510002be9a3a61aad2?lk3s=138a59ce&x-expires=1779620400&x-signature=I7Nmirj4Jy2OT9wSc4%2Fcjb6ZeHQ%3D&from=327834062""]",,,tos-cn-p-0015/o4Gf4AeQGRQBGV7FBlANQALIlyWnUTFdGeBVCa,"[""tos-cn-p-0015/o4Gf4AeQGRQBGV7FBlANQALIlyWnUTFdGeBVCa""]",640,360,tos-cn-i-dy/93d645bb6f684fcfa1dc9024950c9afc,"[""tos-cn-i-dy/93d645bb6f684fcfa1dc9024950c9afc""]",720,720,720,720,,,,,,,,
7611835650450459945,2026-05-10 19:24:45.490248,image-cut-tos-priv/c45743edf7adcb7df793b42c22e7bf07,"[""https://p3-pc-sign.douyinpic.com/obj/c8510002be9a3a61aad2?lk3s=138a59ce&x-expires=1779620400&x-signature=I7Nmirj4Jy2OT9wSc4%2Fcjb6ZeHQ%3D&from=327834062""]",,,tos-cn-p-0015/ogmrINz8QDAErf04XqF6A9pASAOgTBQoIZfuiE,"[""tos-cn-p-0015/ogmrINz8QDAErf04XqF6A9pASAOgTBQoIZfuiE""]",360,640,tos-cn-i-dy/eec45cb18b3e4680a3db7b03500578fc,"[""tos-cn-i-dy/eec45cb18b3e4680a3db7b03500578fc""]",720,720,720,720,,,,,,,,
7611838107972947263,2026-05-10 19:25:00.733234,image-cut-tos-priv/0466d4aeb4f8327fc223be607c5f902c,"[""https://p3-pc-sign.douyinpic.com/obj/c8510002be9a3a61aad2?lk3s=138a59ce&x-expires=1779620400&x-signature=I7Nmirj4Jy2OT9wSc4%2Fcjb6ZeHQ%3D&from=327834062""]",,,tos-cn-p-0015/oIZiw8wE5G9GDImInBFpAraDg5DDCAbqfqoAFe,"[""tos-cn-p-0015/oIZiw8wE5G9GDImInBFpAraDg5DDCAbqfqoAFe""]",640,360,tos-cn-i-dy/0fac40a1415840ff8494914c97c3a4ad,"[""tos-cn-i-dy/0fac40a1415840ff8494914c97c3a4ad""]",720,720,720,720,,,,,,,,
7611839389215313158,2026-05-10 19:25:11.220567,image-cut-tos-priv/e2a829e99543a7b84eb37ea047602157,"[""https://p9-pc-sign.douyinpic.com/obj/c8510002be9a3a61aad2?lk3s=138a59ce&x-expires=1779620400&x-signature=MDmnCoipdIlaw2IDlfBSuUulOLU%3D&from=327834062""]",,,tos-cn-p-0015/ok7v8idiVlI90w80AqAIerZiofG8aCADABiBgD,"[""tos-cn-p-0015/ok7v8idiVlI90w80AqAIerZiofG8aCADABiBgD""]",640,360,tos-cn-i-dy/eb11ec99ac984a46a7ada1729375e893,"[""tos-cn-i-dy/eb11ec99ac984a46a7ada1729375e893""]",720,720,720,720,,,,,,,,
7611845735025364265,2026-05-10 19:25:16.158368,image-cut-tos-priv/1bce964b21c9b97fdd4d2f58b4d4d414,"[""https://p9-pc-sign.douyinpic.com/obj/c8510002be9a3a61aad2?lk3s=138a59ce&x-expires=1779620400&x-signature=MDmnCoipdIlaw2IDlfBSuUulOLU%3D&from=327834062""]",,,tos-cn-p-0015/oEQWf7CTSRFanWFUeeFMvAABasB8AnWEEQr0QW,"[""tos-cn-p-0015/oEQWf7CTSRFanWFUeeFMvAABasB8AnWEEQr0QW""]",640,360,tos-cn-i-dy/7ee82d211c1f4e19a45533e03fc640ae,"[""tos-cn-i-dy/7ee82d211c1f4e19a45533e03fc640ae""]",720,720,720,720,,,,,,,,
7611845960804931505,2026-05-10 19:25:28.002067,image-cut-tos-priv/a1c5850989d957b7e1bdf7115d725b80,"[""https://p3-pc-sign.douyinpic.com/obj/c8510002be9a3a61aad2?lk3s=138a59ce&x-expires=1779620400&x-signature=I7Nmirj4Jy2OT9wSc4%2Fcjb6ZeHQ%3D&from=327834062""]",,,tos-cn-p-0015c000-ce/ociqZ8x00AOQEEhAi4LVKetBnXifIs6yAUjwIB,"[""tos-cn-p-0015c000-ce/ociqZ8x00AOQEEhAi4LVKetBnXifIs6yAUjwIB""]",360,638,tos-cn-i-0813c000-ce/owAiCA6G9pvPjaxiKDYMSgMtBAIaxig1DA7AE,"[""tos-cn-i-0813c000-ce/owAiCA6G9pvPjaxiKDYMSgMtBAIaxig1DA7AE""]",720,720,720,720,,,,,,,,
7611846642219633939,2026-05-10 19:25:32.225610,image-cut-tos-priv/01ae9dded6fbd4bef3f49d268a4f1936,"[""https://p3-pc-sign.douyinpic.com/obj/c8510002be9a3a61aad2?lk3s=138a59ce&x-expires=1779620400&x-signature=I7Nmirj4Jy2OT9wSc4%2Fcjb6ZeHQ%3D&from=327834062""]",,,tos-cn-p-0015/oAIQPzaIwk2iK1K4PtIiaQaJitnsiaArBIDAA,"[""tos-cn-p-0015/oAIQPzaIwk2iK1K4PtIiaQaJitnsiaArBIDAA""]",360,640,tos-cn-i-dy/fc35a49699d94d65a19c48a93c411617,"[""tos-cn-i-dy/fc35a49699d94d65a19c48a93c411617""]",720,720,720,720,,,,,,,,
7611855238516968747,2026-05-10 19:25:41.670438,image-cut-tos-priv/e4e2b3671c98865eb0873f9997b380cb,"[""https://p3-pc-sign.douyinpic.com/obj/c8510002be9a3a61aad2?lk3s=138a59ce&x-expires=1779620400&x-signature=I7Nmirj4Jy2OT9wSc4%2Fcjb6ZeHQ%3D&from=327834062""]",,,tos-cn-p-0015/okwBIsTqDv7aIPPBLXAe2ggGiA9EReGCklerhB,"[""tos-cn-p-0015/okwBIsTqDv7aIPPBLXAe2ggGiA9EReGCklerhB""]",360,640,tos-cn-i-dy/bd6f504cc86c45a291939d0d55725e14,"[""tos-cn-i-dy/bd6f504cc86c45a291939d0d55725e14""]",720,720,720,720,,,,,,,,
7611856908949015860,2026-05-10 19:25:59.080919,image-cut-tos-priv/04e8ae44913d9398dfa46b67de3962d0,"[""https://p3-pc-sign.douyinpic.com/obj/c8510002be9a3a61aad2?lk3s=138a59ce&x-expires=1779620400&x-signature=I7Nmirj4Jy2OT9wSc4%2Fcjb6ZeHQ%3D&from=327834062""]",,,tos-cn-p-0015/oEh7RRQ6Pf1eLKa6BG0BfmABM8ArWBOZQCTTXA,"[""tos-cn-p-0015/oEh7RRQ6Pf1eLKa6BG0BfmABM8ArWBOZQCTTXA""]",640,360,tos-cn-i-dy/597b460346ea4688babcb01861970277,"[""tos-cn-i-dy/597b460346ea4688babcb01861970277""]",720,720,720,720,,,,,,,,
7611856950862950777,2026-05-10 19:26:06.202738,image-cut-tos-priv/3f56d57081d9bea1cd2fa4e5cc8be031,"[""https://p3-pc-sign.douyinpic.com/obj/c8510002be9a3a61aad2?lk3s=138a59ce&x-expires=1779620400&x-signature=I7Nmirj4Jy2OT9wSc4%2Fcjb6ZeHQ%3D&from=327834062""]",,,tos-cn-p-0015c000-ce/oErAuoGetFWoABoU5pnW94wE2EQCfEyDQiv5Zx,"[""tos-cn-p-0015c000-ce/oErAuoGetFWoABoU5pnW94wE2EQCfEyDQiv5Zx""]",360,640,tos-cn-p-0015c000-ce/ow5Mvra2liZXiiiva95Eaz3BUBclPWI6XIAAK,"[""tos-cn-p-0015c000-ce/ow5Mvra2liZXiiiva95Eaz3BUBclPWI6XIAAK""]",720,720,720,720,,,,,,,,
7611857347305385061,2026-05-10 19:26:21.600478,,,,,,,,,,,,,,,,,,,,,,
7611857388489443237,2026-05-10 19:26:25.491817,image-cut-tos-priv/f6c9f3999715613ff560ffcee0f2d1b9,"[""https://p3-pc-sign.douyinpic.com/obj/c8510002be9a3a61aad2?lk3s=138a59ce&x-expires=1779620400&x-signature=I7Nmirj4Jy2OT9wSc4%2Fcjb6ZeHQ%3D&from=327834062""]",,,tos-cn-p-0015c000-ce/oopgR5fZAm4BX1QT7zgDJXN5fIgHgKLKTKwReG,"[""tos-cn-p-0015c000-ce/oopgR5fZAm4BX1QT7zgDJXN5fIgHgKLKTKwReG""]",360,640,tos-cn-i-0813c000-ce/oEevAKfKvm8PQAIdfywLuDBGK4Agig2KfngAAT,"[""tos-cn-i-0813c000-ce/oEevAKfKvm8PQAIdfywLuDBGK4Agig2KfngAAT""]",720,720,720,720,,,,,,,,
7611860090831785243,2026-05-10 19:26:29.885155,image-cut-tos-priv/fc154d81ceb57cf268dc6bfa5a1ee714,"[""https://p3-pc-sign.douyinpic.com/obj/c8510002be9a3a61aad2?lk3s=138a59ce&x-expires=1779620400&x-signature=I7Nmirj4Jy2OT9wSc4%2Fcjb6ZeHQ%3D&from=327834062""]",,,tos-cn-p-0015/oI1iDqAReAIamGORBG7TUqCBwIBGLBrWeYYIzf,"[""tos-cn-p-0015/oI1iDqAReAIamGORBG7TUqCBwIBGLBrWeYYIzf""]",640,360,tos-cn-i-dy/50592412a13e4e2ba4ea72c5bcb1909f,"[""tos-cn-i-dy/50592412a13e4e2ba4ea72c5bcb1909f""]",720,720,720,720,,,,,,,,
7611861001247460658,2026-05-10 19:26:33.916660,image-cut-tos-priv/d34625573558ab327a28dddaec34f319,"[""https://p3-pc-sign.douyinpic.com/obj/c8510002be9a3a61aad2?lk3s=138a59ce&x-expires=1779620400&x-signature=I7Nmirj4Jy2OT9wSc4%2Fcjb6ZeHQ%3D&from=327834062""]",,,tos-cn-p-0015/o8xQqKavBGhRhGeF2qLNAXQI7AMeBD5eB4CT0Y,"[""tos-cn-p-0015/o8xQqKavBGhRhGeF2qLNAXQI7AMeBD5eB4CT0Y""]",640,360,tos-cn-i-dy/8512776e03ef42f38d35ef3530a96d8e,"[""tos-cn-i-dy/8512776e03ef42f38d35ef3530a96d8e""]",720,720,720,720,,,,,,,,
7611863321561632019,2026-05-10 19:26:38.823956,image-cut-tos-priv/4d628f7087beb98a8877c661edc60a75,"[""https://p3-pc-sign.douyinpic.com/obj/c8510002be9a3a61aad2?lk3s=138a59ce&x-expires=1779620400&x-signature=I7Nmirj4Jy2OT9wSc4%2Fcjb6ZeHQ%3D&from=327834062""]",,,tos-cn-p-0015/osYsiDohIACpm0BAxAxE5gLtMIq9gaFFpiBfvf,"[""tos-cn-p-0015/osYsiDohIACpm0BAxAxE5gLtMIq9gaFFpiBfvf""]",640,360,tos-cn-i-dy/a45795fc4e8d4bef8858ca135bc5076f,"[""tos-cn-i-dy/a45795fc4e8d4bef8858ca135bc5076f""]",720,720,720,720,,,,,,,,
7611865446286986546,2026-05-10 19:26:56.127747,image-cut-tos-priv/a2c4266d03a375204144527cac143382,"[""https://p3-pc-sign.douyinpic.com/obj/c8510002be9a3a61aad2?lk3s=138a59ce&x-expires=1779620400&x-signature=I7Nmirj4Jy2OT9wSc4%2Fcjb6ZeHQ%3D&from=327834062""]",,,tos-cn-p-0015/ooAiFylAiiQyaciIngvgEFBAvIPILaixPTE5n,"[""tos-cn-p-0015/ooAiFylAiiQyaciIngvgEFBAvIPILaixPTE5n""]",640,360,tos-cn-i-dy/15597cc3acb1455cbf1a61722cd96faf,"[""tos-cn-i-dy/15597cc3acb1455cbf1a61722cd96faf""]",720,720,720,720,,,,,,,,
7611867603467799835,2026-05-10 19:27:03.068704,image-cut-tos-priv/19bde1605861b72e29eef17cdef88ccf,"[""https://p3-pc-sign.douyinpic.com/obj/c8510002be9a3a61aad2?lk3s=138a59ce&x-expires=1779620400&x-signature=I7Nmirj4Jy2OT9wSc4%2Fcjb6ZeHQ%3D&from=327834062""]",,,tos-cn-p-0015/oYa6Ai0IPVQ66Iyi99Ws9IAcgPiBHBAtIaLPc,"[""tos-cn-p-0015/oYa6Ai0IPVQ66Iyi99Ws9IAcgPiBHBAtIaLPc""]",640,360,tos-cn-i-dy/432c405f1bdd4cd2b3cc818beb309511,"[""tos-cn-i-dy/432c405f1bdd4cd2b3cc818beb309511""]",720,720,720,720,,,,,,,,
7611867957752293723,2026-05-10 19:27:12.053416,image-cut-tos-priv/ab66bc57ac045c0743a86f52bd3ab91d,"[""https://p3-pc-sign.douyinpic.com/obj/c8510002be9a3a61aad2?lk3s=138a59ce&x-expires=1779620400&x-signature=I7Nmirj4Jy2OT9wSc4%2Fcjb6ZeHQ%3D&from=327834062""]",,,tos-cn-p-0015/oUkBfEyDAvqCjeKFf3T7BCA8QnFy1RQZY8BNFG,"[""tos-cn-p-0015/oUkBfEyDAvqCjeKFf3T7BCA8QnFy1RQZY8BNFG""]",640,360,tos-cn-i-0813/oEPiGJap4lwyPIgASLCa1gyARiAAaBZiIEHAu,"[""tos-cn-i-0813/oEPiGJap4lwyPIgASLCa1gyARiAAaBZiIEHAu""]",720,720,720,720,,,,,,,,
7611869172129107206,2026-05-10 19:27:22.436907,image-cut-tos-priv/44e6f5c891c8b5a9192e91343f314720,"[""https://p9-pc-sign.douyinpic.com/obj/c8510002be9a3a61aad2?lk3s=138a59ce&x-expires=1779620400&x-signature=MDmnCoipdIlaw2IDlfBSuUulOLU%3D&from=327834062""]",,,tos-cn-p-0015/ooiBICJfWt3Iz0Aeay008BiTmJIBbCgAAb8SiB,"[""tos-cn-p-0015/ooiBICJfWt3Iz0Aeay008BiTmJIBbCgAAb8SiB""]",480,360,tos-cn-i-0629/oUGi5FLnEICEgzpfBkfsYAyAVAzLpDCaAAUzCJ,"[""tos-cn-i-0629/oUGi5FLnEICEgzpfBkfsYAyAVAzLpDCaAAUzCJ""]",720,720,720,720,,,,,,,,
7611869489105210639,2026-05-10 19:27:28.648422,image-cut-tos-priv/df1013ca5ca822a386b4b6b8c7349bd7,"[""https://p3-pc-sign.douyinpic.com/obj/c8510002be9a3a61aad2?lk3s=138a59ce&x-expires=1779620400&x-signature=I7Nmirj4Jy2OT9wSc4%2Fcjb6ZeHQ%3D&from=327834062""]",,,tos-cn-p-0015/ooaMYfArQVfDgmXATjfAZlY8d7s7CjBRFgBnbF,"[""tos-cn-p-0015/ooaMYfArQVfDgmXATjfAZlY8d7s7CjBRFgBnbF""]",640,360,tos-cn-i-dy/0552a9e8c1784dab824007e391d65f31,"[""tos-cn-i-dy/0552a9e8c1784dab824007e391d65f31""]",720,720,720,720,,,,,,,,
7611869867318185242,2026-05-10 19:27:45.549937,image-cut-tos-priv/6a2089282e9fe50c64c3dd427d49b6ef,"[""https://p3-pc-sign.douyinpic.com/obj/c8510002be9a3a61aad2?lk3s=138a59ce&x-expires=1779620400&x-signature=I7Nmirj4Jy2OT9wSc4%2Fcjb6ZeHQ%3D&from=327834062""]",,,tos-cn-p-0015/os2AIeL0cEG7ibaiBAGAITRZ7hTAyC2B5ZIfeE,"[""tos-cn-p-0015/os2AIeL0cEG7ibaiBAGAITRZ7hTAyC2B5ZIfeE""]",640,360,tos-cn-i-dy/d4fcb5fc41404a88b961754da2e0892c,"[""tos-cn-i-dy/d4fcb5fc41404a88b961754da2e0892c""]",720,720,720,720,,,,,,,,
7611870895082196260,2026-05-10 19:27:55.931685,image-cut-tos-priv/0e961cff7b9dd88734c96bbe4558be9c,"[""https://p3-pc-sign.douyinpic.com/obj/c8510002be9a3a61aad2?lk3s=138a59ce&x-expires=1779620400&x-signature=I7Nmirj4Jy2OT9wSc4%2Fcjb6ZeHQ%3D&from=327834062""]",,,tos-cn-p-0015/o8ijebMA9IqAHCCf3GIA55DpigtFEAOsBgwgzo,"[""tos-cn-p-0015/o8ijebMA9IqAHCCf3GIA55DpigtFEAOsBgwgzo""]",523,360,tos-cn-i-dy/45f7ba4555264f58b53e2ed297b65310,"[""tos-cn-i-dy/45f7ba4555264f58b53e2ed297b65310""]",720,720,720,720,,,,,,,,
7611872307841158434,2026-05-10 19:28:13.416601,image-cut-tos-priv/dd0d82d88d3d2612854f79a74697e502,"[""https://p3-pc-sign.douyinpic.com/obj/c8510002be9a3a61aad2?lk3s=138a59ce&x-expires=1779620400&x-signature=I7Nmirj4Jy2OT9wSc4%2Fcjb6ZeHQ%3D&from=327834062""]",,,tos-cn-p-0015/oQlnsiAiIEfM2bvAszpAiDdBoIxMD1DfgATF29,"[""tos-cn-p-0015/oQlnsiAiIEfM2bvAszpAiDdBoIxMD1DfgATF29""]",640,360,tos-cn-i-dy/43a42be0d2344bc5b21c2df12d0d1752,"[""tos-cn-i-dy/43a42be0d2344bc5b21c2df12d0d1752""]",720,720,720,720,,,,,,,,
7611873718331107962,2026-05-10 19:28:21.195085,image-cut-tos-priv/1d9f9e58251597d9fd8c7847a70b29b2,"[""https://p3-pc-sign.douyinpic.com/obj/c8510002be9a3a61aad2?lk3s=138a59ce&x-expires=1779620400&x-signature=I7Nmirj4Jy2OT9wSc4%2Fcjb6ZeHQ%3D&from=327834062""]",,,tos-cn-p-0015c000-ce/oo9yQOqupGAtzIMWfZLtJ7TCiBagrDhRQfeUiI,"[""tos-cn-p-0015c000-ce/oo9yQOqupGAtzIMWfZLtJ7TCiBagrDhRQfeUiI""]",360,640,tos-cn-i-0813c000-ce/oIsCA5SfCirpFEA7E7tu9zaDwERAnKAfHlorIA,"[""tos-cn-i-0813c000-ce/oIsCA5SfCirpFEA7E7tu9zaDwERAnKAfHlorIA""]",720,720,720,720,,,,,,,,
7611880387370814746,2026-05-10 19:28:24.947020,image-cut-tos-priv/e950d633715c6ac3b70a70389d0ff90b,"[""https://p3-pc-sign.douyinpic.com/obj/c8510002be9a3a61aad2?lk3s=138a59ce&x-expires=1779620400&x-signature=I7Nmirj4Jy2OT9wSc4%2Fcjb6ZeHQ%3D&from=327834062""]",,,tos-cn-p-0015/owYBiBmwWAxh6WgiIBWQifSXN10N0IAJlABegj,"[""tos-cn-p-0015/owYBiBmwWAxh6WgiIBWQifSXN10N0IAJlABegj""]",640,360,tos-cn-i-dy/4d2a875b1f76477a9dc6af1e3e51a824,"[""tos-cn-i-dy/4d2a875b1f76477a9dc6af1e3e51a824""]",720,720,720,720,,,,,,,,
7611881601853197199,2026-05-10 19:28:38.378685,image-cut-tos-priv/a0569b90b930b820f95bb9cda39197c0,"[""https://p3-pc-sign.douyinpic.com/obj/c8510002be9a3a61aad2?lk3s=138a59ce&x-expires=1779620400&x-signature=I7Nmirj4Jy2OT9wSc4%2Fcjb6ZeHQ%3D&from=327834062""]",,,tos-cn-p-0015/oMbgf5AeBMVRbEFLmQW6AogQ7ABeHLl8BGCTaa,"[""tos-cn-p-0015/oMbgf5AeBMVRbEFLmQW6AogQ7ABeHLl8BGCTaa""]",640,360,tos-cn-i-0813/oYQAQER8afdIfLB75qRT5AWvcAMMOFABAbezFE,"[""tos-cn-i-0813/oYQAQER8afdIfLB75qRT5AWvcAMMOFABAbezFE""]",720,720,720,720,,,,,,,,
7611885609732328767,2026-05-10 19:28:49.779765,image-cut-tos-priv/a1a6b4bbc9eb0b4ec2027df0d84bc64f,"[""https://p3-pc-sign.douyinpic.com/obj/c8510002be9a3a61aad2?lk3s=138a59ce&x-expires=1779620400&x-signature=I7Nmirj4Jy2OT9wSc4%2Fcjb6ZeHQ%3D&from=327834062""]",,,tos-cn-p-0015/o8ITP3QIQgIimNLzP2UjaFaAidN6iYAOBIKCA,"[""tos-cn-p-0015/o8ITP3QIQgIimNLzP2UjaFaAidN6iYAOBIKCA""]",640,360,tos-cn-i-dy/32ccdd683b9a48a08ca7cde431a33a04,"[""tos-cn-i-dy/32ccdd683b9a48a08ca7cde431a33a04""]",720,720,720,720,,,,,,,,
7611888026733612314,2026-05-10 19:28:58.568019,image-cut-tos-priv/13cdf024d7b13713befad2e518ba29d8,"[""https://p3-pc-sign.douyinpic.com/obj/c8510002be9a3a61aad2?lk3s=138a59ce&x-expires=1779620400&x-signature=I7Nmirj4Jy2OT9wSc4%2Fcjb6ZeHQ%3D&from=327834062""]",,,tos-cn-p-0015/oAtBQs9f2i1pFAAlIuBK93aDgEVADKBeDFoNI5,"[""tos-cn-p-0015/oAtBQs9f2i1pFAAlIuBK93aDgEVADKBeDFoNI5""]",480,360,tos-cn-i-dy/4dbbb9314f284b36826151eaf1436d76,"[""tos-cn-i-dy/4dbbb9314f284b36826151eaf1436d76""]",720,720,720,720,,,,,,,,
7611889461894450470,2026-05-10 19:29:03.524411,image-cut-tos-priv/e964ec44c41ff6cf20b7d0a4a4cd8345,"[""https://p3-pc-sign.douyinpic.com/obj/c8510002be9a3a61aad2?lk3s=138a59ce&x-expires=1779620400&x-signature=I7Nmirj4Jy2OT9wSc4%2Fcjb6ZeHQ%3D&from=327834062""]",,,tos-cn-p-0015/oEtBKfbFNAe7DuiQB5mEAfCauBRFQHSOTLmyn9,"[""tos-cn-p-0015/oEtBKfbFNAe7DuiQB5mEAfCauBRFQHSOTLmyn9""]",640,360,tos-cn-i-dy/64584be77fd446229ea7e2ad9ede5035,"[""tos-cn-i-dy/64584be77fd446229ea7e2ad9ede5035""]",720,720,720,720,,,,,,,,
7611891255341026560,2026-05-10 19:29:10.887709,image-cut-tos-priv/8b2b23e4917fb131537745969625d341,"[""https://p3-pc-sign.douyinpic.com/obj/c8510002be9a3a61aad2?lk3s=138a59ce&x-expires=1779620400&x-signature=I7Nmirj4Jy2OT9wSc4%2Fcjb6ZeHQ%3D&from=327834062""]",,,tos-cn-p-0015/osDDKErC5QvoPFYASNMfFWej7M2kB9gjFpQtAA,"[""tos-cn-p-0015/osDDKErC5QvoPFYASNMfFWej7M2kB9gjFpQtAA""]",640,360,tos-cn-i-dy/03339e00448844c58423bdf3d5d76fd8,"[""tos-cn-i-dy/03339e00448844c58423bdf3d5d76fd8""]",720,720,720,720,,,,,,,,
7611892161771998502,2026-05-10 19:29:26.691277,image-cut-tos-priv/b30c2b7102f090899ffdc2d1ac85a529,"[""https://p3-pc-sign.douyinpic.com/obj/c8510002be9a3a61aad2?lk3s=138a59ce&x-expires=1779620400&x-signature=I7Nmirj4Jy2OT9wSc4%2Fcjb6ZeHQ%3D&from=327834062""]",,,tos-cn-p-0015/oMdPqiiviLdI9KaIgMgHvQr1AdaBAm5yYI3VB,"[""tos-cn-p-0015/oMdPqiiviLdI9KaIgMgHvQr1AdaBAm5yYI3VB""]",576,360,tos-cn-i-dy/7a7aab89e98644a4b7943782b004c149,"[""tos-cn-i-dy/7a7aab89e98644a4b7943782b004c149""]",720,720,720,720,,,,,,,,
7611894927395474723,2026-05-10 19:29:33.862110,image-cut-tos-priv/259e7b4d771422d19baba0321dc3dd79,"[""https://p3-pc-sign.douyinpic.com/obj/c8510002be9a3a61aad2?lk3s=138a59ce&x-expires=1779620400&x-signature=I7Nmirj4Jy2OT9wSc4%2Fcjb6ZeHQ%3D&from=327834062""]",,,tos-cn-p-0015/o0Mf4Q7CjgzezWfDcIc8XrnMDYfUE2Ah6ngsAC,"[""tos-cn-p-0015/o0Mf4Q7CjgzezWfDcIc8XrnMDYfUE2Ah6ngsAC""]",640,360,tos-cn-i-dy/56398371a9b5437fbbfbed65ab394942,"[""tos-cn-i-dy/56398371a9b5437fbbfbed65ab394942""]",720,720,720,720,,,,,,,,
7611896540801682707,2026-05-10 19:29:43.765514,image-cut-tos-priv/44a093f9a8d298d2767561f18d063383,"[""https://p3-pc-sign.douyinpic.com/obj/c8510002be9a3a61aad2?lk3s=138a59ce&x-expires=1779620400&x-signature=I7Nmirj4Jy2OT9wSc4%2Fcjb6ZeHQ%3D&from=327834062""]",,,tos-cn-p-0015/ocab5BIJLIwPPxIyaIAiTQmLBv4aCbiiAywAj,"[""tos-cn-p-0015/ocab5BIJLIwPPxIyaIAiTQmLBv4aCbiiAywAj""]",480,360,tos-cn-i-dy/4800fc8d74e849be88462146c0e8a738,"[""tos-cn-i-dy/4800fc8d74e849be88462146c0e8a738""]",720,720,720,720,,,,,,,,
7611897590858837691,2026-05-10 19:29:47.656624,image-cut-tos-priv/43f3a7f247e8b78ee7ee528a2173b2e3,"[""https://p3-pc-sign.douyinpic.com/obj/c8510002be9a3a61aad2?lk3s=138a59ce&x-expires=1779620400&x-signature=I7Nmirj4Jy2OT9wSc4%2Fcjb6ZeHQ%3D&from=327834062""]",,,tos-cn-p-0015c000-ce/o400K4d5I1XkBazAIgRinEAbBeiIonf4MwzBIi,"[""tos-cn-p-0015c000-ce/o400K4d5I1XkBazAIgRinEAbBeiIonf4MwzBIi""]",480,360,tos-cn-i-0813c000-ce/okyB5QiMg4AFFkeW8AT7JAAfIOF6QRQIcPeFpO,"[""tos-cn-i-0813c000-ce/okyB5QiMg4AFFkeW8AT7JAAfIOF6QRQIcPeFpO""]",720,720,720,720,,,,,,,,
7611899072740733937,2026-05-10 19:29:58.271706,image-cut-tos-priv/963fc9689c70378b2ecbcade73362d7b,"[""https://p3-pc-sign.douyinpic.com/obj/c8510002be9a3a61aad2?lk3s=138a59ce&x-expires=1779620400&x-signature=I7Nmirj4Jy2OT9wSc4%2Fcjb6ZeHQ%3D&from=327834062""]",,,tos-cn-p-0015c000-ce/ogBJAyRobF1bnAuBQpEDqefwQyXVwVh0EnFEc9,"[""tos-cn-p-0015c000-ce/ogBJAyRobF1bnAuBQpEDqefwQyXVwVh0EnFEc9""]",649,360,tos-cn-p-0015c000-ce/o4hFVp0nEXguAFL1cCnQawEyoEDoBwDqAQef9R,"[""tos-cn-p-0015c000-ce/o4hFVp0nEXguAFL1cCnQawEyoEDoBwDqAQef9R""]",720,720,720,720,,,,,,,,
7611900354233404687,2026-05-10 19:30:02.409339,image-cut-tos-priv/b6372ae4fff452463325160c296f787a,"[""https://p3-pc-sign.douyinpic.com/obj/c8510002be9a3a61aad2?lk3s=138a59ce&x-expires=1779620400&x-signature=I7Nmirj4Jy2OT9wSc4%2Fcjb6ZeHQ%3D&from=327834062""]",,,tos-cn-p-0015/ooWoDIDIDnZstB5kgEfyAkAOnFe9ipAAU269Mi,"[""tos-cn-p-0015/ooWoDIDIDnZstB5kgEfyAkAOnFe9ipAAU269Mi""]",640,360,tos-cn-i-dy/3e5d294835b24583a57d61e5cc165b26,"[""tos-cn-i-dy/3e5d294835b24583a57d61e5cc165b26""]",720,720,720,720,,,,,,,,
7611902523816955199,2026-05-10 19:30:11.476854,image-cut-tos-priv/fd14cd8363b42d1e153edfb05f4749fd,"[""https://p3-pc-sign.douyinpic.com/obj/c8510002be9a3a61aad2?lk3s=138a59ce&x-expires=1779620400&x-signature=I7Nmirj4Jy2OT9wSc4%2Fcjb6ZeHQ%3D&from=327834062""]",,,tos-cn-p-0015/o8AACXeibwpIfBDV8qDubIYsCo69EbFgS3qA71,"[""tos-cn-p-0015/o8AACXeibwpIfBDV8qDubIYsCo69EbFgS3qA71""]",640,360,tos-cn-i-dy/17f30337171943e1adae8f1fd77fe1f0,"[""tos-cn-i-dy/17f30337171943e1adae8f1fd77fe1f0""]",720,720,720,720,,,,,,,,
7611905609591491846,2026-05-10 19:30:15.934550,image-cut-tos-priv/53f3dd39c98e8a8c3bb79c46b16e2037,"[""https://p3-pc-sign.douyinpic.com/obj/c8510002be9a3a61aad2?lk3s=138a59ce&x-expires=1779620400&x-signature=I7Nmirj4Jy2OT9wSc4%2Fcjb6ZeHQ%3D&from=327834062""]",,,tos-cn-p-0015/oEFAAoKC8QAux6fRXd2uFfBRSgEkABDVpQr9jF,"[""tos-cn-p-0015/oEFAAoKC8QAux6fRXd2uFfBRSgEkABDVpQr9jF""]",360,640,tos-cn-i-dy/53fb61388aee445fa156687b6a219555,"[""tos-cn-i-dy/53fb61388aee445fa156687b6a219555""]",720,720,720,720,,,,,,,,
7611907345866105957,2026-05-10 19:30:28.442895,image-cut-tos-priv/36e60251e412b3ac9bbaf4fc293da232,"[""https://p3-pc-sign.douyinpic.com/obj/c8510002be9a3a61aad2?lk3s=138a59ce&x-expires=1779620400&x-signature=I7Nmirj4Jy2OT9wSc4%2Fcjb6ZeHQ%3D&from=327834062""]",,,tos-cn-p-0015c000-ce/oI4sNcagB73iai9PLzMARxIHiIaAlgzBaNCWP,"[""tos-cn-p-0015c000-ce/oI4sNcagB73iai9PLzMARxIHiIaAlgzBaNCWP""]",360,640,tos-cn-p-0015c000-ce/ogzaFMLw6isa2WDciimPaIIq4H7xZ9ABzAP3B,"[""tos-cn-p-0015c000-ce/ogzaFMLw6isa2WDciimPaIIq4H7xZ9ABzAP3B""]",720,720,720,720,,,,,,,,
7611910579241880842,2026-05-10 19:30:33.735963,image-cut-tos-priv/3e1773b961f30216d1a1779f14362c5a,"[""https://p3-pc-sign.douyinpic.com/obj/c8510002be9a3a61aad2?lk3s=138a59ce&x-expires=1779620400&x-signature=I7Nmirj4Jy2OT9wSc4%2Fcjb6ZeHQ%3D&from=327834062""]",,,tos-cn-p-0015/ostoDQDQDXoyuB4wgEfcAfCWwF4krpAAygO9DF,"[""tos-cn-p-0015/ostoDQDQDXoyuB4wgEfcAfCWwF4krpAAygO9DF""]",640,360,tos-cn-i-dy/1e29aab8187b4eeeb6b85ec1fa68730d,"[""tos-cn-i-dy/1e29aab8187b4eeeb6b85ec1fa68730d""]",720,720,720,720,,,,,,,,
7611910661564297115,2026-05-10 19:30:39.689521,image-cut-tos-priv/f8597507cf4bc3d578ed34390a4f4880,"[""https://p3-pc-sign.douyinpic.com/obj/c8510002be9a3a61aad2?lk3s=138a59ce&x-expires=1779620400&x-signature=I7Nmirj4Jy2OT9wSc4%2Fcjb6ZeHQ%3D&from=327834062""]",,,tos-cn-p-0015/oYIKh9BpBoi8eiBP53KBJgCADyAfArs8LIsAiu,"[""tos-cn-p-0015/oYIKh9BpBoi8eiBP53KBJgCADyAfArs8LIsAiu""]",640,360,tos-cn-p-0015/oIBIgUoIsLU8AQp3AiurAEiSiB5KfhAy9CBeaD,"[""tos-cn-p-0015/oIBIgUoIsLU8AQp3AiurAEiSiB5KfhAy9CBeaD""]",720,720,720,720,,,,,,,,
7611916010525887754,2026-05-10 19:30:49.540962,image-cut-tos-priv/81b01a88bd3f31b78b69fe7ca1eda52a,"[""https://p3-pc-sign.douyinpic.com/obj/c8510002be9a3a61aad2?lk3s=138a59ce&x-expires=1779620400&x-signature=I7Nmirj4Jy2OT9wSc4%2Fcjb6ZeHQ%3D&from=327834062""]",,,tos-cn-p-0015/oMf4CaY2X0GHIgiv9Sli7AEBBNVU0Ieio0CABA,"[""tos-cn-p-0015/oMf4CaY2X0GHIgiv9Sli7AEBBNVU0Ieio0CABA""]",533,360,tos-cn-i-dy/29cbf67ba96140df83979403886df2c3,"[""tos-cn-i-dy/29cbf67ba96140df83979403886df2c3""]",720,720,720,720,,,,,,,,
7611919674149850403,2026-05-10 19:31:05.463034,image-cut-tos-priv/42dc4e4cfa2d110c49ae6aa5d853bb5a,"[""https://p3-pc-sign.douyinpic.com/obj/c8510002be9a3a61aad2?lk3s=138a59ce&x-expires=1779620400&x-signature=I7Nmirj4Jy2OT9wSc4%2Fcjb6ZeHQ%3D&from=327834062""]",,,tos-cn-p-0015/oM0F2f2umQMpDcC9eEiLW1GIQpGB9rAuHAekPf,"[""tos-cn-p-0015/oM0F2f2umQMpDcC9eEiLW1GIQpGB9rAuHAekPf""]",360,640,tos-cn-i-dy/459869ae53bb433c8bae200fef689d19,"[""tos-cn-i-dy/459869ae53bb433c8bae200fef689d19""]",720,720,720,720,,,,,,,,
7611924019180348250,2026-05-10 19:31:16.918923,image-cut-tos-priv/884d1562d45fd612530fc230a8487db5,"[""https://p3-pc-sign.douyinpic.com/obj/c8510002be9a3a61aad2?lk3s=138a59ce&x-expires=1779620400&x-signature=I7Nmirj4Jy2OT9wSc4%2Fcjb6ZeHQ%3D&from=327834062""]",,,tos-cn-p-0015/owiAMEQfpbME2RAYgpT9WeLC8aIEamgD8lgTee,"[""tos-cn-p-0015/owiAMEQfpbME2RAYgpT9WeLC8aIEamgD8lgTee""]",640,360,tos-cn-i-0813/o0IFQAAA9f0oALDpkFFmf7WBmyoASEAgCDvJCA,"[""tos-cn-i-0813/o0IFQAAA9f0oALDpkFFmf7WBmyoASEAgCDvJCA""]",720,720,720,720,,,,,,,,
7611925576085678949,2026-05-10 19:31:20.775380,image-cut-tos-priv/37081d8e8c39aef078cc813c2f5ec48d,"[""https://p3-pc-sign.douyinpic.com/obj/c8510002be9a3a61aad2?lk3s=138a59ce&x-expires=1779620400&x-signature=I7Nmirj4Jy2OT9wSc4%2Fcjb6ZeHQ%3D&from=327834062""]",,,tos-cn-p-0015c000-ce/oogDLLmxfFN1T8GZgeZep4AAItf5Ui03KalA2A,"[""tos-cn-p-0015c000-ce/oogDLLmxfFN1T8GZgeZep4AAItf5Ui03KalA2A""]",640,360,tos-cn-i-0813c000-ce/oUFUoA7A9Q4AbeifxFIAlZDpA7EFEE4vEw32fo,"[""tos-cn-i-0813c000-ce/oUFUoA7A9Q4AbeifxFIAlZDpA7EFEE4vEw32fo""]",720,720,720,720,,,,,,,,
7611925657861360948,2026-05-10 19:31:30.026385,image-cut-tos-priv/782d39c8fb6093e88ea6b4bb047f4a84,"[""https://p3-pc-sign.douyinpic.com/obj/c8510002be9a3a61aad2?lk3s=138a59ce&x-expires=1779620400&x-signature=I7Nmirj4Jy2OT9wSc4%2Fcjb6ZeHQ%3D&from=327834062""]",,,tos-cn-p-0015/oINgIgfgAAvtCLmB2LezfmGEqeihMIDdq15PIF,"[""tos-cn-p-0015/oINgIgfgAAvtCLmB2LezfmGEqeihMIDdq15PIF""]",640,360,tos-cn-i-dy/7deb0d0b481e4a93937bbc18dfd8a2ae,"[""tos-cn-i-dy/7deb0d0b481e4a93937bbc18dfd8a2ae""]",720,720,720,720,,,,,,,,
7611933222125063450,2026-05-10 19:31:47.419877,,,,,,,,,,,,,300,318,,,,,,,,
7611947358317792538,2026-05-10 19:31:52.246602,image-cut-tos-priv/0a1a16a76468bcfa2e8b89ddd9775eec,"[""https://p3-pc-sign.douyinpic.com/obj/c8510002be9a3a61aad2?lk3s=138a59ce&x-expires=1779620400&x-signature=I7Nmirj4Jy2OT9wSc4%2Fcjb6ZeHQ%3D&from=327834062""]",,,tos-cn-p-0015/oIEY0AIydBBaguAyI3GABc2jDNige0PiPWBSfz,"[""tos-cn-p-0015/oIEY0AIydBBaguAyI3GABc2jDNige0PiPWBSfz""]",640,360,tos-cn-i-dy/ac0dd52b17bc4ec1aa5b0243d3c72752,"[""tos-cn-i-dy/ac0dd52b17bc4ec1aa5b0243d3c72752""]",720,720,720,720,,,,,,,,
7611951005362893990,2026-05-10 19:32:04.190057,image-cut-tos-priv/72e5af6e9fdbb419c630d802b1605752,"[""https://p3-pc-sign.douyinpic.com/obj/c8510002be9a3a61aad2?lk3s=138a59ce&x-expires=1779620400&x-signature=I7Nmirj4Jy2OT9wSc4%2Fcjb6ZeHQ%3D&from=327834062""]",,,tos-cn-p-0015/ok1AxIqojfpA9RFFssEjBFoA9ASDzgTNxIfmgn,"[""tos-cn-p-0015/ok1AxIqojfpA9RFFssEjBFoA9ASDzgTNxIfmgn""]",360,640,tos-cn-i-0813/o0apQiN9AAexoFDSAAgFTochIfKEpnECIATsGA,"[""tos-cn-i-0813/o0apQiN9AAexoFDSAAgFTochIfKEpnECIATsGA""]",720,720,720,720,,,,,,,,
7611960578776567092,2026-05-10 19:32:12.390063,image-cut-tos-priv/6a81c16f753d63523f888bef487ade11,"[""https://p3-pc-sign.douyinpic.com/obj/c8510002be9a3a61aad2?lk3s=138a59ce&x-expires=1779620400&x-signature=I7Nmirj4Jy2OT9wSc4%2Fcjb6ZeHQ%3D&from=327834062""]",,,tos-cn-p-0015/o0j2K4G9QLAlQtCRgBIa9HBIBfj9e7jjTcleAc,"[""tos-cn-p-0015/o0j2K4G9QLAlQtCRgBIa9HBIBfj9e7jjTcleAc""]",640,360,tos-cn-i-dy/7e77ab4f457d492bbb40448b1c776955,"[""tos-cn-i-dy/7e77ab4f457d492bbb40448b1c776955""]",720,720,720,720,,,,,,,,
7611976735559934836,2026-05-10 19:32:21.958608,image-cut-tos-priv/c75d151be56c6a8209ccc7845f17dbd1,"[""https://p3-pc-sign.douyinpic.com/obj/c8510002be9a3a61aad2?lk3s=138a59ce&x-expires=1779620400&x-signature=I7Nmirj4Jy2OT9wSc4%2Fcjb6ZeHQ%3D&from=327834062""]",,,tos-cn-p-0015/oIfpmP9lASDocGfEOWFxjQURAMSGQgBhyjCCDA,"[""tos-cn-p-0015/oIfpmP9lASDocGfEOWFxjQURAMSGQgBhyjCCDA""]",640,360,tos-cn-i-0813c001/owMMZLE7EGTKRnBksAA7Afg3QeMHVfBI0IgAlA,"[""tos-cn-i-0813c001/owMMZLE7EGTKRnBksAA7Afg3QeMHVfBI0IgAlA""]",720,720,720,720,,,,,,,,
7611992447769464107,2026-05-10 19:32:35.091421,image-cut-tos-priv/e74ba12f9fb135c89c9e0be555a089f9,"[""https://p3-pc-sign.douyinpic.com/obj/c8510002be9a3a61aad2?lk3s=138a59ce&x-expires=1779620400&x-signature=I7Nmirj4Jy2OT9wSc4%2Fcjb6ZeHQ%3D&from=327834062""]",,,tos-cn-p-0015/oo6EfO33Ig7ANToBRj3DfAi9sSAFA2zgWc5pIh,"[""tos-cn-p-0015/oo6EfO33Ig7ANToBRj3DfAi9sSAFA2zgWc5pIh""]",576,360,tos-cn-i-dy/8c7b496aaa4d4492904d61b3dda1bb11,"[""tos-cn-i-dy/8c7b496aaa4d4492904d61b3dda1bb11""]",720,720,720,720,,,,,,,,
7612011156925154466,2026-05-10 19:32:51.742553,image-cut-tos-priv/0595a3fc949b3ee59738c3051a32c475,"[""https://p3-pc-sign.douyinpic.com/obj/c8510002be9a3a61aad2?lk3s=138a59ce&x-expires=1779620400&x-signature=I7Nmirj4Jy2OT9wSc4%2Fcjb6ZeHQ%3D&from=327834062""]",,,tos-cn-p-0015/oMNQLwiSjIiF6nTiRPqBsSAPiaBWAa39IHIK0,"[""tos-cn-p-0015/oMNQLwiSjIiF6nTiRPqBsSAPiaBWAa39IHIK0""]",360,640,tos-cn-p-0015/ocAQL0BvajI69i3jaWHKOIAITPSCswCKNi1Pa,"[""tos-cn-p-0015/ocAQL0BvajI69i3jaWHKOIAITPSCswCKNi1Pa""]",720,720,720,720,,,,,,,,
7612032524281633254,2026-05-10 19:33:03.827003,image-cut-tos-priv/8f87bbadd9ade9cfd0e88a44cbddba27,"[""https://p3-pc-sign.douyinpic.com/obj/c8510002be9a3a61aad2?lk3s=138a59ce&x-expires=1779620400&x-signature=I7Nmirj4Jy2OT9wSc4%2Fcjb6ZeHQ%3D&from=327834062""]",,,tos-cn-p-0015/okuiIXs0Ig9ADh0BVjcBfAJe9qAiBAag8Km0IA,"[""tos-cn-p-0015/okuiIXs0Ig9ADh0BVjcBfAJe9qAiBAag8Km0IA""]",640,360,tos-cn-i-0813c001/okGj9pfzEBx1AFUCsADEAgAXyAAoC4DiAI0f90,"[""tos-cn-i-0813c001/okGj9pfzEBx1AFUCsADEAgAXyAAoC4DiAI0f90""]",720,720,720,720,,,,,,,,
7612051007865998602,2026-05-10 19:33:09.781247,image-cut-tos-priv/fa4a220db24d29bfe8c9b5480383f6ce,"[""https://p3-pc-sign.douyinpic.com/obj/c8510002be9a3a61aad2?lk3s=138a59ce&x-expires=1779620400&x-signature=I7Nmirj4Jy2OT9wSc4%2Fcjb6ZeHQ%3D&from=327834062""]",,,tos-cn-p-0015/osSAfLBnigPcocj9B9MBABuAj8WIINBfgp2oai,"[""tos-cn-p-0015/osSAfLBnigPcocj9B9MBABuAj8WIINBfgp2oai""]",640,360,tos-cn-i-dy/ed7acfff10c0404dbfe499b985208c45,"[""tos-cn-i-dy/ed7acfff10c0404dbfe499b985208c45""]",720,720,720,720,,,,,,,,
7612067286405675877,2026-05-10 19:33:21.795644,image-cut-tos-priv/dafcfc58d305689345c970f3d1f38f1e,"[""https://p3-pc-sign.douyinpic.com/obj/c8510002be9a3a61aad2?lk3s=138a59ce&x-expires=1779620400&x-signature=I7Nmirj4Jy2OT9wSc4%2Fcjb6ZeHQ%3D&from=327834062""]",,,tos-cn-p-0015c000-ce/oQZAp9FooQD9g8BA481wfYEIpGQc9wFEosu3fB,"[""tos-cn-p-0015c000-ce/oQZAp9FooQD9g8BA481wfYEIpGQc9wFEosu3fB""]",640,360,tos-cn-i-0813c000-ce/oUEx7eC0B4EEmizQxODB3wAAn1EvAfuADIAkig,"[""tos-cn-i-0813c000-ce/oUEx7eC0B4EEmizQxODB3wAAn1EvAfuADIAkig""]",720,720,720,720,,,,,,,,
7612070796391143601,2026-05-10 19:33:29.550818,image-cut-tos-priv/9fb1685010896293ef5b8628646ca454,"[""https://p3-pc-sign.douyinpic.com/obj/c8510002be9a3a61aad2?lk3s=138a59ce&x-expires=1779620400&x-signature=I7Nmirj4Jy2OT9wSc4%2Fcjb6ZeHQ%3D&from=327834062""]",,,tos-cn-p-0015c000-ce/ocWwB9g8A5CA4eep9RkCEdrLhEIJIAFjjqtofD,"[""tos-cn-p-0015c000-ce/ocWwB9g8A5CA4eep9RkCEdrLhEIJIAFjjqtofD""]",743,360,tos-cn-i-0813c000-ce/ogAjCA2YnnvPvaNiOBL5iUMgBAIahiRAaA5AE,"[""tos-cn-i-0813c000-ce/ogAjCA2YnnvPvaNiOBL5iUMgBAIahiRAaA5AE""]",720,720,720,720,,,,,,,,
7612075802619923747,2026-05-10 19:33:38.112838,image-cut-tos-priv/9eeb548284a83b098d27b0908a5269db,"[""https://p3-pc-sign.douyinpic.com/obj/c8510002be9a3a61aad2?lk3s=138a59ce&x-expires=1779620400&x-signature=I7Nmirj4Jy2OT9wSc4%2Fcjb6ZeHQ%3D&from=327834062""]",,,tos-cn-p-0015/o4xj5fxINV72AIjIICLTAhKGA0GRDBtvewRBf6,"[""tos-cn-p-0015/o4xj5fxINV72AIjIICLTAhKGA0GRDBtvewRBf6""]",640,360,tos-cn-i-dy/70d8ba248dfb46e4bc801cc59c76de54,"[""tos-cn-i-dy/70d8ba248dfb46e4bc801cc59c76de54""]",720,720,720,720,,,,,,,,
7612089487077674111,2026-05-10 19:34:09.765652,image-cut-tos-priv/cfad25d43e544ff50977b6c7e3db0862,"[""https://p3-pc-sign.douyinpic.com/obj/c8510002be9a3a61aad2?lk3s=138a59ce&x-expires=1779620400&x-signature=I7Nmirj4Jy2OT9wSc4%2Fcjb6ZeHQ%3D&from=327834062""]",,,tos-cn-p-0015/ooQvJSAntjBIPITKSN2Wtic7KBxakiIaAOJJc,"[""tos-cn-p-0015/ooQvJSAntjBIPITKSN2Wtic7KBxakiIaAOJJc""]",640,360,tos-cn-i-0813/oUEAj0EAjCcASgeDzrIACiiAlkBit0AGrfrIpN,"[""tos-cn-i-0813/oUEAj0EAjCcASgeDzrIACiiAlkBit0AGrfrIpN""]",720,720,720,720,,,,,,,,
7612099056899040689,2026-05-10 19:34:18.166192,image-cut-tos-priv/ec9c2f855f23b1609e8c93e3de27833a,"[""https://p9-pc-sign.douyinpic.com/obj/c8510002be9a3a61aad2?lk3s=138a59ce&x-expires=1779620400&x-signature=MDmnCoipdIlaw2IDlfBSuUulOLU%3D&from=327834062""]",,,tos-cn-p-0015c000-ce/owAoEAApnEdBv9AIhIjfBFnoGDwRx5I6A01nfw,"[""tos-cn-p-0015c000-ce/owAoEAApnEdBv9AIhIjfBFnoGDwRx5I6A01nfw""]",360,640,tos-cn-p-0015c000-ce/oUAj95IWpIntA4E6nBoFuahEInDCxTA1dwfTAf,"[""tos-cn-p-0015c000-ce/oUAj95IWpIntA4E6nBoFuahEInDCxTA1dwfTAf""]",720,720,720,720,,,,,,,,
7612107611256704283,2026-05-10 19:34:29.906158,image-cut-tos-priv/91a0f029869062cfbc7bf06ad434d0cf,"[""https://p3-pc-sign.douyinpic.com/obj/c8510002be9a3a61aad2?lk3s=138a59ce&x-expires=1779620400&x-signature=I7Nmirj4Jy2OT9wSc4%2Fcjb6ZeHQ%3D&from=327834062""]",,,tos-cn-p-0015/oofYgHaI0PQtRG2TA9DQ7RlL8eFGfaBGBGkCAN,"[""tos-cn-p-0015/oofYgHaI0PQtRG2TA9DQ7RlL8eFGfaBGBGkCAN""]",640,360,tos-cn-i-dy/e9551241642c442dacacf086e86588bf,"[""tos-cn-i-dy/e9551241642c442dacacf086e86588bf""]",720,720,720,720,,,,,,,,
7612108277928791296,2026-05-10 19:34:43.188497,image-cut-tos-priv/5ab616b533c3b9a6c37b953145e19a58,"[""https://p3-pc-sign.douyinpic.com/obj/c8510002be9a3a61aad2?lk3s=138a59ce&x-expires=1779620400&x-signature=I7Nmirj4Jy2OT9wSc4%2Fcjb6ZeHQ%3D&from=327834062""]",,,tos-cn-p-0015/o4JH9pdMo18EASdiAAQvZkHfTsegdFQDB8NBC6,"[""tos-cn-p-0015/o4JH9pdMo18EASdiAAQvZkHfTsegdFQDB8NBC6""]",640,360,tos-cn-i-dy/94cfbf8982a142c1a46e229eef591201,"[""tos-cn-i-dy/94cfbf8982a142c1a46e229eef591201""]",720,720,720,720,,,,,,,,
7612115359872650511,2026-05-10 19:34:50.237991,,,,,,,,,,,,,300,318,,,,,,,,
7612123014739002289,2026-05-10 19:34:53.488767,,,,,,,,,,,,,300,318,,,,,,,,
7612126370931428627,2026-05-10 19:34:57.091885,image-cut-tos-priv/1161d79413ae5874bbdef38c307fd53d,"[""https://p3-pc-sign.douyinpic.com/obj/c8510002be9a3a61aad2?lk3s=138a59ce&x-expires=1779620400&x-signature=I7Nmirj4Jy2OT9wSc4%2Fcjb6ZeHQ%3D&from=327834062""]",,,tos-cn-p-0015/oQBf9FDaol7fCmN8HJbtDFyEDW6FQAp0AQgAa8,"[""tos-cn-p-0015/oQBf9FDaol7fCmN8HJbtDFyEDW6FQAp0AQgAa8""]",640,360,tos-cn-i-0813c000-ce/oUCmcY6iABRqDAaEAABrNIl5POiAP88FBJaQM,"[""tos-cn-i-0813c000-ce/oUCmcY6iABRqDAaEAABrNIl5POiAP88FBJaQM""]",720,720,720,720,,,,,,,,
7612130069519011118,2026-05-10 19:35:00.292441,image-cut-tos-priv/f158e9f20390398b3b05214ea002a457,"[""https://p3-pc-sign.douyinpic.com/obj/c8510002be9a3a61aad2?lk3s=138a59ce&x-expires=1779620400&x-signature=I7Nmirj4Jy2OT9wSc4%2Fcjb6ZeHQ%3D&from=327834062""]",,,tos-cn-p-0015/ocvpxIhaUAuv1CBB6oP4IjEDQpOSKagiBIMAi,"[""tos-cn-p-0015/ocvpxIhaUAuv1CBB6oP4IjEDQpOSKagiBIMAi""]",640,360,tos-cn-i-dy/6d24f183ce684368aafe9b4e1d5d9d15,"[""tos-cn-i-dy/6d24f183ce684368aafe9b4e1d5d9d15""]",720,720,720,720,,,,,,,,
7612140757281000754,2026-05-10 19:35:09.718670,image-cut-tos-priv/4f42eec64a5d73286b2ff5cd36a0cb1e,"[""https://p3-pc-sign.douyinpic.com/obj/c8510002be9a3a61aad2?lk3s=138a59ce&x-expires=1779620400&x-signature=I7Nmirj4Jy2OT9wSc4%2Fcjb6ZeHQ%3D&from=327834062""]",,,tos-cn-p-0015/oQQsjpjAhB8fug9TzgQAaFEAFwDnxoCszf48dC,"[""tos-cn-p-0015/oQQsjpjAhB8fug9TzgQAaFEAFwDnxoCszf48dC""]",640,360,tos-cn-i-dy/be7927a770ef49c6a55c1b81f720ad79,"[""tos-cn-i-dy/be7927a770ef49c6a55c1b81f720ad79""]",720,720,720,720,,,,,,,,
7612147013799099529,2026-05-10 19:35:13.935917,,,,,,,,,,,,,300,318,,,,,,,,
7612147519673355566,2026-05-10 19:35:18.265393,image-cut-tos-priv/0b01762a7b4846339593f14f9af3f7af,"[""https://p3-pc-sign.douyinpic.com/obj/c8510002be9a3a61aad2?lk3s=138a59ce&x-expires=1779620400&x-signature=I7Nmirj4Jy2OT9wSc4%2Fcjb6ZeHQ%3D&from=327834062""]",,,tos-cn-p-0015/oEe3HerABCCISlAi97GfGTQCRQhSGk7b3LWBNb,"[""tos-cn-p-0015/oEe3HerABCCISlAi97GfGTQCRQhSGk7b3LWBNb""]",640,360,tos-cn-i-dy/f444fdf064704baf8b9ec4b7bc63ac1a,"[""tos-cn-i-dy/f444fdf064704baf8b9ec4b7bc63ac1a""]",720,720,720,720,,,,,,,,
7612151435131768090,2026-05-10 19:35:24.517153,image-cut-tos-priv/7eb46006b553df24b43461a55ee3cc85,"[""https://p3-pc-sign.douyinpic.com/obj/c8510002be9a3a61aad2?lk3s=138a59ce&x-expires=1779620400&x-signature=I7Nmirj4Jy2OT9wSc4%2Fcjb6ZeHQ%3D&from=327834062""]",,,tos-cn-p-0015/ocE98AItxmnehED2BgfKF1ACBtIyF4yGAQrpDA,"[""tos-cn-p-0015/ocE98AItxmnehED2BgfKF1ACBtIyF4yGAQrpDA""]",640,360,tos-cn-i-dy/7983848f16944af9b4e5695f83901904,"[""tos-cn-i-dy/7983848f16944af9b4e5695f83901904""]",720,720,720,720,,,,,,,,
7612156631921905354,2026-05-10 19:35:41.805514,image-cut-tos-priv/c2dadc4e4c29d51a8ef86e03747ef289,"[""https://p3-pc-sign.douyinpic.com/obj/c8510002be9a3a61aad2?lk3s=138a59ce&x-expires=1779620400&x-signature=I7Nmirj4Jy2OT9wSc4%2Fcjb6ZeHQ%3D&from=327834062""]",,,tos-cn-p-0015/oYHdQqFfMmCrzDEHAEDAQUoh9apgoBlAz8Edfj,"[""tos-cn-p-0015/oYHdQqFfMmCrzDEHAEDAQUoh9apgoBlAz8Edfj""]",640,360,tos-cn-p-0015/o8hj9e18pICwAPAw0BoiSCKiIOBCtAAuVgf0ET,"[""tos-cn-p-0015/o8hj9e18pICwAPAw0BoiSCKiIOBCtAAuVgf0ET""]",720,720,720,720,,,,,,,,
7612163722804120847,2026-05-10 19:35:52.771795,image-cut-tos-priv/4471daa5ebca1dc06ca75873cffa27ea,"[""https://p3-pc-sign.douyinpic.com/obj/c8510002be9a3a61aad2?lk3s=138a59ce&x-expires=1779620400&x-signature=I7Nmirj4Jy2OT9wSc4%2Fcjb6ZeHQ%3D&from=327834062""]",,,tos-cn-p-0015/oYPACII87EBVPUtTmTAzAIaw13jwhQwirZiav,"[""tos-cn-p-0015/oYPACII87EBVPUtTmTAzAIaw13jwhQwirZiav""]",640,360,tos-cn-i-dy/f2ef9171d6fe4b119c831cc71b9d2a52,"[""tos-cn-i-dy/f2ef9171d6fe4b119c831cc71b9d2a52""]",720,720,720,720,,,,,,,,
7612176808250789147,2026-05-10 19:35:58.802970,image-cut-tos-priv/ad319f4174d1b98d6cbbe1b9aae3a222,"[""https://p3-pc-sign.douyinpic.com/obj/c8510002be9a3a61aad2?lk3s=138a59ce&x-expires=1779620400&x-signature=I7Nmirj4Jy2OT9wSc4%2Fcjb6ZeHQ%3D&from=327834062""]",,,tos-cn-p-0015/oUKIBsBQEFAp9RCAI7wDEGQued4XKfTj9BrfC0,"[""tos-cn-p-0015/oUKIBsBQEFAp9RCAI7wDEGQued4XKfTj9BrfC0""]",640,360,tos-cn-i-dy/87b4c39b430949069020e3561680fa2a,"[""tos-cn-i-dy/87b4c39b430949069020e3561680fa2a""]",720,720,720,720,,,,,,,,
7612183538599536817,2026-05-10 19:36:13.460097,image-cut-tos-priv/7f952bf3b11ca408a75d263292afe11a,"[""https://p3-pc-sign.douyinpic.com/obj/c8510002be9a3a61aad2?lk3s=138a59ce&x-expires=1779620400&x-signature=I7Nmirj4Jy2OT9wSc4%2Fcjb6ZeHQ%3D&from=327834062""]",,,tos-cn-p-0015c000-ce/oorBOyFRyIDsfwBABfdgfDEETjIy7ZKJ8KJ96C,"[""tos-cn-p-0015c000-ce/oorBOyFRyIDsfwBABfdgfDEETjIy7ZKJ8KJ96C""]",640,360,tos-cn-p-0015c000-ce/owKjBTDEEyS9AFzaOC8IIgJ6bfVRCfDwBIJf7y,"[""tos-cn-p-0015c000-ce/owKjBTDEEyS9AFzaOC8IIgJ6bfVRCfDwBIJf7y""]",720,720,720,720,,,,,,,,
7612184600157311346,2026-05-10 19:36:26.286745,image-cut-tos-priv/394d7d61bfffd98ca323801d9a958840,"[""https://p3-pc-sign.douyinpic.com/obj/c8510002be9a3a61aad2?lk3s=138a59ce&x-expires=1779620400&x-signature=I7Nmirj4Jy2OT9wSc4%2Fcjb6ZeHQ%3D&from=327834062""]",,,tos-cn-p-0015/ocCoDIlIBhwRfB6qgifZAVBNSitsspAA51U9vj,"[""tos-cn-p-0015/ocCoDIlIBhwRfB6qgifZAVBNSitsspAA51U9vj""]",640,360,tos-cn-i-0813/o4jO7iC9DBpCozAT6gAAAQYWEf4Hj8AiVGIAfA,"[""tos-cn-i-0813/o4jO7iC9DBpCozAT6gAAAQYWEf4Hj8AiVGIAfA""]",720,720,720,720,,,,,,,,
7612190334931504384,2026-05-10 19:36:39.737208,image-cut-tos-priv/286c0e578d0464a57666e23f607eabfd,"[""https://p3-pc-sign.douyinpic.com/obj/c8510002be9a3a61aad2?lk3s=138a59ce&x-expires=1779620400&x-signature=I7Nmirj4Jy2OT9wSc4%2Fcjb6ZeHQ%3D&from=327834062""]",,,tos-cn-p-0015/o8juhFC7GDTiRMBz7AfJAiupQfqpQzBEplQ7eB,"[""tos-cn-p-0015/o8juhFC7GDTiRMBz7AfJAiupQfqpQzBEplQ7eB""]",480,360,tos-cn-i-dy/8d8b69f604a844de89f03ed43b9666fd,"[""tos-cn-i-dy/8d8b69f604a844de89f03ed43b9666fd""]",720,720,720,720,,,,,,,,
7612192431341063470,2026-05-10 19:36:51.760497,image-cut-tos-priv/e5055743bc8648ed8ef7fae635b3ef0b,"[""https://p3-pc-sign.douyinpic.com/obj/c8510002be9a3a61aad2?lk3s=138a59ce&x-expires=1779620400&x-signature=I7Nmirj4Jy2OT9wSc4%2Fcjb6ZeHQ%3D&from=327834062""]",,,tos-cn-p-0015/oIRAGCI9N4GH7VAN9ljwLXjBekEDeTQB8IQ3fA,"[""tos-cn-p-0015/oIRAGCI9N4GH7VAN9ljwLXjBekEDeTQB8IQ3fA""]",522,360,tos-cn-i-dy/7a4d294f14a34fec97998531a6677e4b,"[""tos-cn-i-dy/7a4d294f14a34fec97998531a6677e4b""]",720,720,720,720,,,,,,,,
7612203141722934578,2026-05-10 19:37:03.201975,image-cut-tos-priv/fb19cf00e8b96b141b33b0d6bc9e1e16,"[""https://p9-pc-sign.douyinpic.com/obj/c8510002be9a3a61aad2?lk3s=138a59ce&x-expires=1779620400&x-signature=MDmnCoipdIlaw2IDlfBSuUulOLU%3D&from=327834062""]",,,tos-cn-p-0015/oAOjDfwfDESIQpeTFAmAFEqHQO2fAuYUtCDxqP,"[""tos-cn-p-0015/oAOjDfwfDESIQpeTFAmAFEqHQO2fAuYUtCDxqP""]",640,360,tos-cn-i-dy/2e58b827891340559802a23490c58b7c,"[""tos-cn-i-dy/2e58b827891340559802a23490c58b7c""]",720,720,720,720,,,,,,,,
7612208099214118196,2026-05-10 19:37:17.809391,image-cut-tos-priv/3d2e81605b3119c4a0dd2aa6b78f5279,"[""https://p9-pc-sign.douyinpic.com/obj/c8510002be9a3a61aad2?lk3s=138a59ce&x-expires=1779620400&x-signature=MDmnCoipdIlaw2IDlfBSuUulOLU%3D&from=327834062""]",,,tos-cn-p-0015/ocJvtmHMgI2PjAKCffmDPGjEjgfVIczeAACLa2,"[""tos-cn-p-0015/ocJvtmHMgI2PjAKCffmDPGjEjgfVIczeAACLa2""]",640,360,tos-cn-i-dy/b389680138d446aa9b21593b63861cac,"[""tos-cn-i-dy/b389680138d446aa9b21593b63861cac""]",720,720,720,720,,,,,,,,
7612209405483896110,2026-05-10 19:37:24.507144,image-cut-tos-priv/bdcdc2d962c07c97cebf9ef0ef423284,"[""https://p3-pc-sign.douyinpic.com/obj/c8510002be9a3a61aad2?lk3s=138a59ce&x-expires=1779620400&x-signature=I7Nmirj4Jy2OT9wSc4%2Fcjb6ZeHQ%3D&from=327834062""]",,,tos-cn-p-0015/okTR64mAIQfsCz0BIB9kDBAGA7iEJafIKAdBei,"[""tos-cn-p-0015/okTR64mAIQfsCz0BIB9kDBAGA7iEJafIKAdBei""]",640,360,tos-cn-i-dy/1df02990bcd947a180e7f5fc892d8164,"[""tos-cn-i-dy/1df02990bcd947a180e7f5fc892d8164""]",720,720,720,720,,,,,,,,
7612210140816663010,2026-05-10 19:37:29.421620,image-cut-tos-priv/6f819f1ceb49872d0923d90e16ca5782,"[""https://p3-pc-sign.douyinpic.com/obj/c8510002be9a3a61aad2?lk3s=138a59ce&x-expires=1779620400&x-signature=I7Nmirj4Jy2OT9wSc4%2Fcjb6ZeHQ%3D&from=327834062""]",,,tos-cn-p-0015/oIAJAAM0DiJCseaIB2kfBiA0uBM22gIwtUaZyg,"[""tos-cn-p-0015/oIAJAAM0DiJCseaIB2kfBiA0uBM22gIwtUaZyg""]",360,640,tos-cn-i-0813c001/ocEsneC0y0kABihu45CBMgAADEAfAk1ACIAXig,"[""tos-cn-i-0813c001/ocEsneC0y0kABihu45CBMgAADEAfAk1ACIAXig""]",720,720,720,720,,,,,,,,
7612211330233750501,2026-05-10 19:37:42.309943,image-cut-tos-priv/7b99c29812b00d868487e43ff5cc178e,"[""https://p9-pc-sign.douyinpic.com/obj/c8510002be9a3a61aad2?lk3s=138a59ce&x-expires=1779620400&x-signature=MDmnCoipdIlaw2IDlfBSuUulOLU%3D&from=327834062""]",,,tos-cn-p-0015c000-ce/og8mQwFcvLcffAEITCDAQ7jy2dmAAGNDafEDfE,"[""tos-cn-p-0015c000-ce/og8mQwFcvLcffAEITCDAQ7jy2dmAAGNDafEDfE""]",640,360,tos-cn-i-0813c000-ce/oUeTHX7FBgGSRIlIAALPBIAeJ6AyQgF0AfAOTA,"[""tos-cn-i-0813c000-ce/oUeTHX7FBgGSRIlIAALPBIAeJ6AyQgF0AfAOTA""]",720,720,720,720,,,,,,,,
7612214208876694897,2026-05-10 19:37:53.059672,,,,,,,,,,,,,300,318,,,,,,,,
7612214380813771109,2026-05-10 19:37:57.029618,,,,,,,,,,,,,300,318,,,,,,,,
7612215156549881142,2026-05-10 19:38:01.619675,image-cut-tos-priv/6028ef25e4d715e1bc95278a21512285,"[""https://p3-pc-sign.douyinpic.com/obj/c8510002be9a3a61aad2?lk3s=138a59ce&x-expires=1779620400&x-signature=I7Nmirj4Jy2OT9wSc4%2Fcjb6ZeHQ%3D&from=327834062""]",,,tos-cn-p-0015/o8SIgEfB9ETIpABfk4zp2AZVGWiDABFBDJIAxa,"[""tos-cn-p-0015/o8SIgEfB9ETIpABfk4zp2AZVGWiDABFBDJIAxa""]",360,640,tos-cn-i-dy/302de16dfd0b4052a67de4c20f103e86,"[""tos-cn-i-dy/302de16dfd0b4052a67de4c20f103e86""]",720,720,720,720,,,,,,,,
7612215224029181106,2026-05-10 19:38:14.071646,image-cut-tos-priv/f4c9ff570b2dc66ccf33e8cf48039e0c,"[""https://p3-pc-sign.douyinpic.com/obj/c8510002be9a3a61aad2?lk3s=138a59ce&x-expires=1779620400&x-signature=I7Nmirj4Jy2OT9wSc4%2Fcjb6ZeHQ%3D&from=327834062""]",,,tos-cn-p-0015/oADfhEhBLIBpdFPAWCSfqk0ZQFXlB9gLkpIAAA,"[""tos-cn-p-0015/oADfhEhBLIBpdFPAWCSfqk0ZQFXlB9gLkpIAAA""]",640,360,tos-cn-i-0813/o8KQEgEfAAgeBrHa7Le9ATGEpASSkIBpDAFdAQ,"[""tos-cn-i-0813/o8KQEgEfAAgeBrHa7Le9ATGEpASSkIBpDAFdAQ""]",720,720,720,720,,,,,,,,
7612217288057441545,2026-05-10 19:38:31.123462,image-cut-tos-priv/b15f310fd028a87e8526540a5d7de215,"[""https://p3-pc-sign.douyinpic.com/obj/c8510002be9a3a61aad2?lk3s=138a59ce&x-expires=1779620400&x-signature=I7Nmirj4Jy2OT9wSc4%2Fcjb6ZeHQ%3D&from=327834062""]",,,tos-cn-p-0015/owjAtlFp1QDIUjCAZwRgfmE4pIQe9HEAC2tADB,"[""tos-cn-p-0015/owjAtlFp1QDIUjCAZwRgfmE4pIQe9HEAC2tADB""]",640,360,tos-cn-i-dy/8ccf6586afce45a499198cf9a3b67bcf,"[""tos-cn-i-dy/8ccf6586afce45a499198cf9a3b67bcf""]",720,720,720,720,,,,,,,,
7612218512714550568,2026-05-10 19:38:46.851555,,,,,,,,,,,,,300,318,,,,,,,,
7612225466754666426,2026-05-10 19:38:52.056856,image-cut-tos-priv/088a9336d6eef1f2a98dae9870e07c72,"[""https://p3-pc-sign.douyinpic.com/obj/c8510002be9a3a61aad2?lk3s=138a59ce&x-expires=1779620400&x-signature=I7Nmirj4Jy2OT9wSc4%2Fcjb6ZeHQ%3D&from=327834062""]",,,tos-cn-p-0015c000-ce/oAsffVM5QXAvQcCSmDQ8yHBQJCB887OITfXtgB,"[""tos-cn-p-0015c000-ce/oAsffVM5QXAvQcCSmDQ8yHBQJCB887OITfXtgB""]",640,360,tos-cn-i-0813c000-ce/oYEAk0PAWEgAEweIyLIACiiEdDBvi0AEcfhYre,"[""tos-cn-i-0813c000-ce/oYEAk0PAWEgAEweIyLIACiiEdDBvi0AEcfhYre""]",720,720,720,720,,,,,,,,
7612225968630926632,2026-05-10 19:38:59.252270,tos-cn-p-0000/7ba90247a223e4dcd6a5db418092ea30,"[""https://p3-pc-sign.douyinpic.com/obj/c8510002be9a3a61aad2?lk3s=138a59ce&x-expires=1779620400&x-signature=I7Nmirj4Jy2OT9wSc4%2Fcjb6ZeHQ%3D&from=327834062""]",,,tos-cn-p-0015/ooM3QEcYDGA3DKRGqBLJB7TEeBWAnChSQeeCkI,"[""tos-cn-p-0015/ooM3QEcYDGA3DKRGqBLJB7TEeBWAnChSQeeCkI""]",640,360,tos-cn-i-dy/1774fa3e9814463aa13fbf01730b591e,"[""tos-cn-i-dy/1774fa3e9814463aa13fbf01730b591e""]",720,720,720,720,,,,,,,,
7612228957618581094,2026-05-10 19:39:09.485120,image-cut-tos-priv/6636feba622a73ae4f985f25c7f8a341,"[""https://p3-pc-sign.douyinpic.com/obj/c8510002be9a3a61aad2?lk3s=138a59ce&x-expires=1779620400&x-signature=I7Nmirj4Jy2OT9wSc4%2Fcjb6ZeHQ%3D&from=327834062""]",,,tos-cn-p-0015/o4ADAA9pNE8Au9BQFEIfBFIp1Dfh2BQ715wvng,"[""tos-cn-p-0015/o4ADAA9pNE8Au9BQFEIfBFIp1Dfh2BQ715wvng""]",640,360,tos-cn-i-0629/oUAADQAPIrpA8lfdDHEUCFpnVA5D0gvNoIfFmT,"[""tos-cn-i-0629/oUAADQAPIrpA8lfdDHEUCFpnVA5D0gvNoIfFmT""]",720,720,720,720,,,,,,,,
7612233600410340654,2026-05-10 19:39:16.191965,image-cut-tos-priv/23984e7c5bbe526a4a6f9150dd435414,"[""https://p3-pc-sign.douyinpic.com/obj/c8510002be9a3a61aad2?lk3s=138a59ce&x-expires=1779620400&x-signature=I7Nmirj4Jy2OT9wSc4%2Fcjb6ZeHQ%3D&from=327834062""]",,,tos-cn-p-0015/okfvYIAgIpGAr0eLf7EIKm8YvOCC2DIFgOrSen,"[""tos-cn-p-0015/okfvYIAgIpGAr0eLf7EIKm8YvOCC2DIFgOrSen""]",640,360,tos-cn-i-dy/d235846c16f849e391f34cfe9c8d49b9,"[""tos-cn-i-dy/d235846c16f849e391f34cfe9c8d49b9""]",720,720,720,720,,,,,,,,
7612236277252885800,2026-05-10 19:39:29.069738,image-cut-tos-priv/1e91c696826ec41054f00277d6b40333,"[""https://p9-pc-sign.douyinpic.com/obj/c8510002be9a3a61aad2?lk3s=138a59ce&x-expires=1779620400&x-signature=MDmnCoipdIlaw2IDlfBSuUulOLU%3D&from=327834062""]",,,tos-cn-p-0015/oMI7u77BQBAeLQOkCTfATYZBGCL2oGSGCnNBte,"[""tos-cn-p-0015/oMI7u77BQBAeLQOkCTfATYZBGCL2oGSGCnNBte""]",480,360,tos-cn-i-dy/4fa6313020084fabada8a7c71d7a40a7,"[""tos-cn-i-dy/4fa6313020084fabada8a7c71d7a40a7""]",720,720,720,720,,,,,,,,
7612236949407839487,2026-05-10 19:39:42.461209,,,,,,,,,,,,,300,318,,,,,,,,
7612238712831234417,2026-05-10 19:39:48.212102,image-cut-tos-priv/34c9e36dfe332d69d29c2c09ef5a725a,"[""https://p3-pc-sign.douyinpic.com/obj/c8510002be9a3a61aad2?lk3s=138a59ce&x-expires=1779620400&x-signature=I7Nmirj4Jy2OT9wSc4%2Fcjb6ZeHQ%3D&from=327834062""]",,,tos-cn-p-0015c000-ce/ooBZhaxPOsaQyg9IdCii5PkaEQI0PHaAzAMNG,"[""tos-cn-p-0015c000-ce/ooBZhaxPOsaQyg9IdCii5PkaEQI0PHaAzAMNG""]",360,640,tos-cn-i-0813c000-ce/o8YB3DpeQAnH2XAAzENER3rA6IF9wAFTpIC3of,"[""tos-cn-i-0813c000-ce/o8YB3DpeQAnH2XAAzENER3rA6IF9wAFTpIC3of""]",720,720,720,720,,,,,,,,
7612239052623858998,2026-05-10 19:39:53.692972,image-cut-tos-priv/8f4518862a3f3c2e0456c15a889ced83,"[""https://p3-pc-sign.douyinpic.com/obj/c8510002be9a3a61aad2?lk3s=138a59ce&x-expires=1779620400&x-signature=I7Nmirj4Jy2OT9wSc4%2Fcjb6ZeHQ%3D&from=327834062""]",,,tos-cn-p-0015/oMLGyC7y0GA3VRWkB2iig0BPA0Ae9c5IIhf0Cg,"[""tos-cn-p-0015/oMLGyC7y0GA3VRWkB2iig0BPA0Ae9c5IIhf0Cg""]",640,360,tos-cn-i-dy/8bc4b93750cf44c5a1bb99f91c8dcc0f,"[""tos-cn-i-dy/8bc4b93750cf44c5a1bb99f91c8dcc0f""]",720,720,720,720,,,,,,,,
7612239187420926811,2026-05-10 19:40:05.216892,image-cut-tos-priv/220edc4a6435b8595aea60e495892b12,"[""https://p9-pc-sign.douyinpic.com/obj/c8510002be9a3a61aad2?lk3s=138a59ce&x-expires=1779620400&x-signature=MDmnCoipdIlaw2IDlfBSuUulOLU%3D&from=327834062""]",,,tos-cn-p-0015/oUCAqzDpFyMLpGkTd9ydABkAFfSIINBfgpBkRE,"[""tos-cn-p-0015/oUCAqzDpFyMLpGkTd9ydABkAFfSIINBfgpBkRE""]",360,640,tos-cn-p-0015/ooGfMFFAEIKIg0pkBkfqdYLA9Sk3pDNSADYzBW,"[""tos-cn-p-0015/ooGfMFFAEIKIg0pkBkfqdYLA9Sk3pDNSADYzBW""]",720,720,720,720,,,,,,,,
7612248123294220411,2026-05-10 19:40:17.149830,,,,,,,,,,,,,300,318,,,,,,,,
7612249756299030644,2026-05-10 19:40:22.068379,image-cut-tos-priv/0137ac644860c25efb4aafcd7d0f6a95,"[""https://p3-pc-sign.douyinpic.com/obj/c8510002be9a3a61aad2?lk3s=138a59ce&x-expires=1779620400&x-signature=I7Nmirj4Jy2OT9wSc4%2Fcjb6ZeHQ%3D&from=327834062""]",,,tos-cn-p-0015/o4keUPLA9I5ANCjf9yIBlYDpDqOFEATCBg0OJp,"[""tos-cn-p-0015/o4keUPLA9I5ANCjf9yIBlYDpDqOFEATCBg0OJp""]",360,640,tos-cn-i-0813c001/oAakvAAgNEIa1BgEL9idkiCAIPJdA0YgQb9pA,"[""tos-cn-i-0813c001/oAakvAAgNEIa1BgEL9idkiCAIPJdA0YgQb9pA""]",720,720,720,720,,,,,,,,
7612258940696448283,2026-05-10 19:40:29.425906,image-cut-tos-priv/7ae8589fab98a95f8d2ecdba9c3155bd,"[""https://p3-pc-sign.douyinpic.com/obj/c8510002be9a3a61aad2?lk3s=138a59ce&x-expires=1779620400&x-signature=I7Nmirj4Jy2OT9wSc4%2Fcjb6ZeHQ%3D&from=327834062""]",,,tos-cn-p-0015/oMVhyB0CIANhARBA2ALiIqYT9Iieg0i60kB1Cf,"[""tos-cn-p-0015/oMVhyB0CIANhARBA2ALiIqYT9Iieg0i60kB1Cf""]",540,360,tos-cn-i-dy/97a980d39de447e6886d31f6eb0dd90b,"[""tos-cn-i-dy/97a980d39de447e6886d31f6eb0dd90b""]",720,720,720,720,,,,,,,,
7612270575100485755,2026-05-10 19:40:46.675332,image-cut-tos-priv/d851284536afadc205fa69ad21ab0a48,"[""https://p3-pc-sign.douyinpic.com/obj/c8510002be9a3a61aad2?lk3s=138a59ce&x-expires=1779620400&x-signature=I7Nmirj4Jy2OT9wSc4%2Fcjb6ZeHQ%3D&from=327834062""]",,,tos-cn-p-0015c000-ce/oErWPSIQQJgTTISegNL8kWexe86kjBAwGCG7DZ,"[""tos-cn-p-0015c000-ce/oErWPSIQQJgTTISegNL8kWexe86kjBAwGCG7DZ""]",360,640,tos-cn-i-0813c000-ce/oEIhARDP3AAi6QAPawQEaBxkNniEj8AMMCawW,"[""tos-cn-i-0813c000-ce/oEIhARDP3AAi6QAPawQEaBxkNniEj8AMMCawW""]",720,720,720,720,,,,,,,,
7612276751632431219,2026-05-10 19:40:52.556068,,,,,,,,,,,,,300,318,,,,,,,,
7612280677740826734,2026-05-10 19:40:55.490164,image-cut-tos-priv/b06d073c8253b75ded13c52a12623217,"[""https://p3-pc-sign.douyinpic.com/obj/c8510002be9a3a61aad2?lk3s=138a59ce&x-expires=1779620400&x-signature=I7Nmirj4Jy2OT9wSc4%2Fcjb6ZeHQ%3D&from=327834062""]",,,tos-cn-p-0015/oYDAqpBGoiDcABNCLpzk9AgZeiINfAUBIkQPSH,"[""tos-cn-p-0015/oYDAqpBGoiDcABNCLpzk9AgZeiINfAUBIkQPSH""]",360,640,tos-cn-i-0813c001/o0IDILmDQIAfCsGfQeBHA0AAIogXYkYfQFOA2d,"[""tos-cn-i-0813c001/o0IDILmDQIAfCsGfQeBHA0AAIogXYkYfQFOA2d""]",720,720,720,720,,,,,,,,
7612281537857506606,2026-05-10 19:41:07.344359,image-cut-tos-priv/370f92dd861230903713ccbc1d1ca764,"[""https://p3-pc-sign.douyinpic.com/obj/c8510002be9a3a61aad2?lk3s=138a59ce&x-expires=1779620400&x-signature=I7Nmirj4Jy2OT9wSc4%2Fcjb6ZeHQ%3D&from=327834062""]",,,tos-cn-p-0015/osABkipgB0ShBQcFefFBi6A2gDiEAyQIS0XhIJ,"[""tos-cn-p-0015/osABkipgB0ShBQcFefFBi6A2gDiEAyQIS0XhIJ""]",640,360,tos-cn-i-dy/37ffe2a6d52e46b0b2f52c1496991ea4,"[""tos-cn-i-dy/37ffe2a6d52e46b0b2f52c1496991ea4""]",720,720,720,720,,,,,,,,
7612282128302165288,2026-05-10 19:41:23.521596,image-cut-tos-priv/6b7caedb4ae0b6bd70f7ecf715b87774,"[""https://p3-pc-sign.douyinpic.com/obj/c8510002be9a3a61aad2?lk3s=138a59ce&x-expires=1779620400&x-signature=I7Nmirj4Jy2OT9wSc4%2Fcjb6ZeHQ%3D&from=327834062""]",,,tos-cn-p-0015/o8pk9pV8pS3EAQJbAAIXdhHfNfSgzFIDCMDByE,"[""tos-cn-p-0015/o8pk9pV8pS3EAQJbAAIXdhHfNfSgzFIDCMDByE""]",640,360,tos-cn-i-dy/58caa887a2c245098ddc786f55872e09,"[""tos-cn-i-dy/58caa887a2c245098ddc786f55872e09""]",720,720,720,720,,,,,,,,
7612284619069879473,2026-05-10 19:41:41.301850,image-cut-tos-priv/5075bfce9900faada270254ffa62f55a,"[""https://p3-pc-sign.douyinpic.com/obj/c8510002be9a3a61aad2?lk3s=138a59ce&x-expires=1779620400&x-signature=I7Nmirj4Jy2OT9wSc4%2Fcjb6ZeHQ%3D&from=327834062""]",,,tos-cn-p-0015c000-ce/oUBi3k2AikB9aLKIKEvZOCBAYMPIRaRRZauNW,"[""tos-cn-p-0015c000-ce/oUBi3k2AikB9aLKIKEvZOCBAYMPIRaRRZauNW""]",640,360,tos-cn-i-0813c000-ce/o4oDAAEAEFfAQQFwpyyAniEfaSi9CGApIIE933,"[""tos-cn-i-0813c000-ce/o4oDAAEAEFfAQQFwpyyAniEfaSi9CGApIIE933""]",720,720,720,720,,,,,,,,
7612285144666164938,2026-05-10 19:41:51.548965,,,,,,,,,,,,,300,318,,,,,,,,
7612286846014516096,2026-05-10 19:41:54.616483,image-cut-tos-priv/92a521550a072238342cf9b7a1abe7ab,"[""https://p3-pc-sign.douyinpic.com/obj/c8510002be9a3a61aad2?lk3s=138a59ce&x-expires=1779620400&x-signature=I7Nmirj4Jy2OT9wSc4%2Fcjb6ZeHQ%3D&from=327834062""]",,,tos-cn-p-0015/oIVe80iSyis1dkDpAAJ6RUgIBfA9iABHiBL0iI,"[""tos-cn-p-0015/oIVe80iSyis1dkDpAAJ6RUgIBfA9iABHiBL0iI""]",640,360,tos-cn-i-0813/osCANoB1iAvG0Rk5Aed7ACUAbxiEIDAfg0isXi,"[""tos-cn-i-0813/osCANoB1iAvG0Rk5Aed7ACUAbxiEIDAfg0isXi""]",720,720,720,720,,,,,,,,
7612291740166847130,2026-05-10 19:42:05.454817,image-cut-tos-priv/6f6027a7d710b0647fc1d442b7b00c6d,"[""https://p3-pc-sign.douyinpic.com/obj/c8510002be9a3a61aad2?lk3s=138a59ce&x-expires=1779620400&x-signature=I7Nmirj4Jy2OT9wSc4%2Fcjb6ZeHQ%3D&from=327834062""]",,,tos-cn-p-0015/oUEpBkTGEywFsuSATg6IpknR9qCSDABnAfTIfC,"[""tos-cn-p-0015/oUEpBkTGEywFsuSATg6IpknR9qCSDABnAfTIfC""]",360,640,tos-cn-i-0813c001/oAAAVHEIEAgpBZpfuSFCkwCZ5ws5sAALDCE9Ae,"[""tos-cn-i-0813c001/oAAAVHEIEAgpBZpfuSFCkwCZ5ws5sAALDCE9Ae""]",720,720,720,720,,,,,,,,
7612298387601231140,2026-05-10 19:42:11.977073,,,,,,,,,,,,,300,318,,,,,,,,
7612298953823915307,2026-05-10 19:42:16.482884,image-cut-tos-priv/a69ccc38baa69cae002502e8815551af,"[""https://p3-pc-sign.douyinpic.com/obj/c8510002be9a3a61aad2?lk3s=138a59ce&x-expires=1779620400&x-signature=I7Nmirj4Jy2OT9wSc4%2Fcjb6ZeHQ%3D&from=327834062""]",,,tos-cn-p-0015/o8AMQUC4ThigIozJRPhTrdi5I6kvaaaqAIBIQ,"[""tos-cn-p-0015/o8AMQUC4ThigIozJRPhTrdi5I6kvaaaqAIBIQ""]",640,360,tos-cn-i-dy/f3cab54b03bc48449fa1733984f1294a,"[""tos-cn-i-dy/f3cab54b03bc48449fa1733984f1294a""]",720,720,720,720,,,,,,,,
7612306553748706723,2026-05-10 19:42:21.047906,image-cut-tos-priv/9de31c471062afd9c71f10171cd5c19f,"[""https://p3-pc-sign.douyinpic.com/obj/c8510002be9a3a61aad2?lk3s=138a59ce&x-expires=1779620400&x-signature=I7Nmirj4Jy2OT9wSc4%2Fcjb6ZeHQ%3D&from=327834062""]",,,tos-cn-p-0015/oMKIDIWVgAUIA66E9FfJFpDBxDptfEAQHNNiAk,"[""tos-cn-p-0015/oMKIDIWVgAUIA66E9FfJFpDBxDptfEAQHNNiAk""]",640,360,tos-cn-i-0813c001/oAe1A5HCLTsAEAIqWfALfBiGEKAvSI7kDNGAAB,"[""tos-cn-i-0813c001/oAe1A5HCLTsAEAIqWfALfBiGEKAvSI7kDNGAAB""]",720,720,720,720,,,,,,,,
7612310481416394995,2026-05-10 19:42:33.925280,image-cut-tos-priv/0b2b58548d3c61cfa90f33e86b418afe,"[""https://p3-pc-sign.douyinpic.com/obj/c8510002be9a3a61aad2?lk3s=138a59ce&x-expires=1779620400&x-signature=I7Nmirj4Jy2OT9wSc4%2Fcjb6ZeHQ%3D&from=327834062""]",,,tos-cn-p-0015/oIID89BptpkXrFiqt8CDAgAANeAfAMROSIsEEF,"[""tos-cn-p-0015/oIID89BptpkXrFiqt8CDAgAANeAfAMROSIsEEF""]",640,360,tos-cn-i-0629/oomOKSAFrL6eBEEAFTMnrlAAWIIfeBwGQKZaZR,"[""tos-cn-i-0629/oomOKSAFrL6eBEEAFTMnrlAAWIIfeBwGQKZaZR""]",720,720,720,720,,,,,,,,
7612311632727749094,2026-05-10 19:42:47.261524,image-cut-tos-priv/5cbc2bb0c2a7dbfdaaf6468918e123ed,"[""https://p3-pc-sign.douyinpic.com/obj/c8510002be9a3a61aad2?lk3s=138a59ce&x-expires=1779620400&x-signature=I7Nmirj4Jy2OT9wSc4%2Fcjb6ZeHQ%3D&from=327834062""]",,,tos-cn-p-0015/o8DTzLieKAhcA7EGAILdSXEG7e9eERLIBBCOkI,"[""tos-cn-p-0015/o8DTzLieKAhcA7EGAILdSXEG7e9eERLIBBCOkI""]",480,360,tos-cn-i-0813/ocZFRugDfEAmyA7pAOAVIXEkf0ACtCACODl9pF,"[""tos-cn-i-0813/ocZFRugDfEAmyA7pAOAVIXEkf0ACtCACODl9pF""]",720,720,720,720,,,,,,,,
7612318688595152870,2026-05-10 19:43:06.173505,image-cut-tos-priv/d32206a9c0486822a89da8c444944ef9,"[""https://p3-pc-sign.douyinpic.com/obj/c8510002be9a3a61aad2?lk3s=138a59ce&x-expires=1779620400&x-signature=I7Nmirj4Jy2OT9wSc4%2Fcjb6ZeHQ%3D&from=327834062""]",,,tos-cn-p-0015/o0LACtFpvQD74oCAJ2NgfFEspIQG9fvADgyGxB,"[""tos-cn-p-0015/o0LACtFpvQD74oCAJ2NgfFEspIQG9fvADgyGxB""]",360,640,tos-cn-i-0629/ocA01AB7EgBiAC88fTAQIlAi4ot8ulbkniiqBE,"[""tos-cn-i-0629/ocA01AB7EgBiAC88fTAQIlAi4ot8ulbkniiqBE""]",720,720,720,720,,,,,,,,
7612322875555619429,2026-05-10 19:43:17.291078,image-cut-tos-priv/de549865ac09442763f2aa7ae544a5e9,"[""https://p9-pc-sign.douyinpic.com/obj/c8510002be9a3a61aad2?lk3s=138a59ce&x-expires=1779620400&x-signature=MDmnCoipdIlaw2IDlfBSuUulOLU%3D&from=327834062""]",,,tos-cn-p-0015c000-ce/oQYszpolfABKDtDCArXIcjQwcF9AGpeEKnEQEo,"[""tos-cn-p-0015c000-ce/oQYszpolfABKDtDCArXIcjQwcF9AGpeEKnEQEo""]",360,640,tos-cn-p-0015c000-ce/ook3UAAFixnqR22aBMnOaMZiIBKA1dRuvZIkP,"[""tos-cn-p-0015c000-ce/ook3UAAFixnqR22aBMnOaMZiIBKA1dRuvZIkP""]",720,720,720,720,,,,,,,,
7612326266804473134,2026-05-10 19:43:32.557781,image-cut-tos-priv/feec80d08bf6cd4cc26c909746b0d91d,"[""https://p3-pc-sign.douyinpic.com/obj/c8510002be9a3a61aad2?lk3s=138a59ce&x-expires=1779620400&x-signature=I7Nmirj4Jy2OT9wSc4%2Fcjb6ZeHQ%3D&from=327834062""]",,,tos-cn-p-0015/oIAISTQRlga5aIrMAnIPakiBBRl7wuoQiJvgm,"[""tos-cn-p-0015/oIAISTQRlga5aIrMAnIPakiBBRl7wuoQiJvgm""]",640,360,tos-cn-i-dy/ead5a9ff85f34ab09382b556fe7c35e7,"[""tos-cn-i-dy/ead5a9ff85f34ab09382b556fe7c35e7""]",720,720,720,720,,,,,,,,
7612379944194932870,2026-05-10 19:43:48.678356,,,,,,,,,,,,,300,318,,,,,,,,
7612406172288683300,2026-05-10 19:43:54.200384,image-cut-tos-priv/a7aca8ea68defbbde3973b321684d621,"[""https://p3-pc-sign.douyinpic.com/obj/c8510002be9a3a61aad2?lk3s=138a59ce&x-expires=1779620400&x-signature=I7Nmirj4Jy2OT9wSc4%2Fcjb6ZeHQ%3D&from=327834062""]",,,tos-cn-p-0015/oYfGLCxxWBfTQtVJQA35IeExGZSDTQAWPB17Ak,"[""tos-cn-p-0015/oYfGLCxxWBfTQtVJQA35IeExGZSDTQAWPB17Ak""]",480,360,tos-cn-i-dy/9b4dc746545b47699441136c374182b3,"[""tos-cn-i-dy/9b4dc746545b47699441136c374182b3""]",720,720,720,720,,,,,,,,
7612445266328138667,2026-05-10 19:44:02.269594,image-cut-tos-priv/827288540a20397d266fbd2f96ca3da9,"[""https://p3-pc-sign.douyinpic.com/obj/c8510002be9a3a61aad2?lk3s=138a59ce&x-expires=1779620400&x-signature=I7Nmirj4Jy2OT9wSc4%2Fcjb6ZeHQ%3D&from=327834062""]",,,tos-cn-p-0015/okAHifIgNjAiuiN1Kk9m0pf0lWBbABQIqCqprk,"[""tos-cn-p-0015/okAHifIgNjAiuiN1Kk9m0pf0lWBbABQIqCqprk""]",640,360,tos-cn-p-0015/oISiH1qqIr0ANhpBmk2BfAu9WfAiE5NgVJgpI0,"[""tos-cn-p-0015/oISiH1qqIr0ANhpBmk2BfAu9WfAiE5NgVJgpI0""]",720,720,720,720,,,,,,,,
7612447407095237931,2026-05-10 19:44:13.275869,,,,,,,,,,,,,300,318,,,,,,,,
7612467524722101555,2026-05-10 19:44:16.635137,image-cut-tos-priv/3631458cdd324a69fa024c0afc33b034,"[""https://p3-pc-sign.douyinpic.com/obj/c8510002be9a3a61aad2?lk3s=138a59ce&x-expires=1779620400&x-signature=I7Nmirj4Jy2OT9wSc4%2Fcjb6ZeHQ%3D&from=327834062""]",,,tos-cn-p-0015/oYCVA6PSDL2f0BZCQTIGUxeUQnCbAkQIBEkze7,"[""tos-cn-p-0015/oYCVA6PSDL2f0BZCQTIGUxeUQnCbAkQIBEkze7""]",640,360,tos-cn-i-dy/b903fe3714594cdeb17892dfdf70d970,"[""tos-cn-i-dy/b903fe3714594cdeb17892dfdf70d970""]",720,720,720,720,,,,,,,,
7612469020037549347,2026-05-10 19:44:29.756115,image-cut-tos-priv/cc7d3d8f7108945306be5da76dcfb39c,"[""https://p3-pc-sign.douyinpic.com/obj/c8510002be9a3a61aad2?lk3s=138a59ce&x-expires=1779620400&x-signature=I7Nmirj4Jy2OT9wSc4%2Fcjb6ZeHQ%3D&from=327834062""]",,,tos-cn-p-0015/ooaMXC63KBv5IUvnBP9eQ8pNEYSSTAAneBR7Af,"[""tos-cn-p-0015/ooaMXC63KBv5IUvnBP9eQ8pNEYSSTAAneBR7Af""]",640,360,tos-cn-i-dy/50f93882897c417b80bf2d572921f433,"[""tos-cn-i-dy/50f93882897c417b80bf2d572921f433""]",720,720,720,720,,,,,,,,
7612486996597935360,2026-05-10 19:44:58.252155,image-cut-tos-priv/7f9d552508c26903a2f5ac2ff0beef2a,"[""https://p3-pc-sign.douyinpic.com/obj/c8510002be9a3a61aad2?lk3s=138a59ce&x-expires=1779620400&x-signature=I7Nmirj4Jy2OT9wSc4%2Fcjb6ZeHQ%3D&from=327834062""]",,,tos-cn-p-0015/ocNDgxTIENNCQMFgpAtAvfPfKpr9BEApJQAR84,"[""tos-cn-p-0015/ocNDgxTIENNCQMFgpAtAvfPfKpr9BEApJQAR84""]",640,360,tos-cn-i-dy/172ae9ce2bb7412498d9fb1f68e14459,"[""tos-cn-i-dy/172ae9ce2bb7412498d9fb1f68e14459""]",720,720,720,720,,,,,,,,
7612506364841069874,2026-05-10 19:45:12.917897,image-cut-tos-priv/85e6dc0d47a210da34a15423cd260449,"[""https://p9-pc-sign.douyinpic.com/obj/c8510002be9a3a61aad2?lk3s=138a59ce&x-expires=1779620400&x-signature=MDmnCoipdIlaw2IDlfBSuUulOLU%3D&from=327834062""]",,,tos-cn-p-0015/oYg7hGTAh7J7eXgKGBgTCSL9JGCCdAewIHBeSL,"[""tos-cn-p-0015/oYg7hGTAh7J7eXgKGBgTCSL9JGCCdAewIHBeSL""]",480,360,tos-cn-i-0813c000-ce/ogAoyAPYn6IAhweDAfw0ESiiWzAOA0UHBCEmCX,"[""tos-cn-i-0813c000-ce/ogAoyAPYn6IAhweDAfw0ESiiWzAOA0UHBCEmCX""]",720,720,720,720,,,,,,,,
7612506552196991985,2026-05-10 19:45:15.946520,image-cut-tos-priv/d64b76998d0d317756839d68ab2b1deb,"[""https://p3-pc-sign.douyinpic.com/obj/c8510002be9a3a61aad2?lk3s=138a59ce&x-expires=1779620400&x-signature=I7Nmirj4Jy2OT9wSc4%2Fcjb6ZeHQ%3D&from=327834062""]",,,tos-cn-p-0015c000-ce/o4NAEpNn7QAQHgFhbfHnKfAvcwEiABD9pQo9SF,"[""tos-cn-p-0015c000-ce/o4NAEpNn7QAQHgFhbfHnKfAvcwEiABD9pQo9SF""]",360,640,tos-cn-i-0629/osfpPQVFncDpZKeE8KFSnIAUAiAVQgCqRoACmA,"[""tos-cn-i-0629/osfpPQVFncDpZKeE8KFSnIAUAiAVQgCqRoACmA""]",720,720,720,720,,,,,,,,
7612513370364710207,2026-05-10 19:45:19.585187,image-cut-tos-priv/cfbbbbc1aefb10dafac085caf53b1b3d,"[""https://p3-pc-sign.douyinpic.com/obj/c8510002be9a3a61aad2?lk3s=138a59ce&x-expires=1779620400&x-signature=I7Nmirj4Jy2OT9wSc4%2Fcjb6ZeHQ%3D&from=327834062""]",,,tos-cn-p-0015/okjwQBAXXQOqN7AAFpBSfLQieeKzM8NCEZ0T9K,"[""tos-cn-p-0015/okjwQBAXXQOqN7AAFpBSfLQieeKzM8NCEZ0T9K""]",640,360,tos-cn-i-dy/a8b24f21f57c4737aa9adc1b062272f4,"[""tos-cn-i-dy/a8b24f21f57c4737aa9adc1b062272f4""]",720,720,720,720,,,,,,,,
7612525988865396008,2026-05-10 19:45:23.402421,image-cut-tos-priv/47291ac1ef99434a65b74cef496a0341,"[""https://p3-pc-sign.douyinpic.com/obj/c8510002be9a3a61aad2?lk3s=138a59ce&x-expires=1779620400&x-signature=I7Nmirj4Jy2OT9wSc4%2Fcjb6ZeHQ%3D&from=327834062""]",,,tos-cn-p-0015/oog5MESvpA8WQwH3ADBa91epFDAQNQf9KAuEKQ,"[""tos-cn-p-0015/oog5MESvpA8WQwH3ADBa91epFDAQNQf9KAuEKQ""]",640,360,tos-cn-i-dy/1ba9d726ce9845dbb021008a9b10a723,"[""tos-cn-i-dy/1ba9d726ce9845dbb021008a9b10a723""]",720,720,720,720,,,,,,,,
7612533994877422894,2026-05-10 19:45:33.373641,image-cut-tos-priv/fc31d0526d93c9af7066c769470b38b4,"[""https://p3-pc-sign.douyinpic.com/obj/c8510002be9a3a61aad2?lk3s=138a59ce&x-expires=1779620400&x-signature=I7Nmirj4Jy2OT9wSc4%2Fcjb6ZeHQ%3D&from=327834062""]",,,tos-cn-p-0015/ogADKF3KTpruDTYh9faBREAugNEfAdyQ7pY9Qu,"[""tos-cn-p-0015/ogADKF3KTpruDTYh9faBREAugNEfAdyQ7pY9Qu""]",640,360,tos-cn-i-dy/b5a5e31f82df4a328c0f9e298ff0d7c7,"[""tos-cn-i-dy/b5a5e31f82df4a328c0f9e298ff0d7c7""]",720,720,720,720,,,,,,,,
7612535284588219690,2026-05-10 19:45:41.122230,image-cut-tos-priv/976d6bd0e965712615378914603eb09d,"[""https://p3-pc-sign.douyinpic.com/obj/c8510002be9a3a61aad2?lk3s=138a59ce&x-expires=1779620400&x-signature=I7Nmirj4Jy2OT9wSc4%2Fcjb6ZeHQ%3D&from=327834062""]",,,tos-cn-p-0015/o4fT3G76BhDS3lkEpKFDfIDLBi1MIACelTAGBA,"[""tos-cn-p-0015/o4fT3G76BhDS3lkEpKFDfIDLBi1MIACelTAGBA""]",480,360,tos-cn-i-dy/c03a2b5144964755a4c9f07e6f27b096,"[""tos-cn-i-dy/c03a2b5144964755a4c9f07e6f27b096""]",720,720,720,720,,,,,,,,
7612545906423909673,2026-05-10 19:46:07.286080,image-cut-tos-priv/48e24cea0413d5da0df73a3e7297b0b0,"[""https://p3-pc-sign.douyinpic.com/obj/c8510002be9a3a61aad2?lk3s=138a59ce&x-expires=1779620400&x-signature=I7Nmirj4Jy2OT9wSc4%2Fcjb6ZeHQ%3D&from=327834062""]",,,tos-cn-p-0015/oYQ9kDpASjWWIEmlDAQT2pFeuwDBOgf9EMAW4s,"[""tos-cn-p-0015/oYQ9kDpASjWWIEmlDAQT2pFeuwDBOgf9EMAW4s""]",640,360,tos-cn-i-dy/9a28c701c8884b229541b5d97423f1f7,"[""tos-cn-i-dy/9a28c701c8884b229541b5d97423f1f7""]",720,720,720,720,,,,,,,,
7612548411451133184,2026-05-10 19:46:30.997417,,,,,,,,,,,,,300,318,,,,,,,,
7612556107408846714,2026-05-10 19:46:34.617067,image-cut-tos-priv/288f123c7c9c5bac692eb09d78526e2d,"[""https://p3-pc-sign.douyinpic.com/obj/c8510002be9a3a61aad2?lk3s=138a59ce&x-expires=1779620400&x-signature=I7Nmirj4Jy2OT9wSc4%2Fcjb6ZeHQ%3D&from=327834062""]",,,tos-cn-p-0015c000-ce/octpe2n6lAMuE9EAwQF4pdeD4fyQyuTEEACFKQ,"[""tos-cn-p-0015c000-ce/octpe2n6lAMuE9EAwQF4pdeD4fyQyuTEEACFKQ""]",640,360,tos-cn-i-0629/oIAAW90XAXq7iNMTiqACGEIBlQoB0A0Btuf9p6,"[""tos-cn-i-0629/oIAAW90XAXq7iNMTiqACGEIBlQoB0A0Btuf9p6""]",720,720,720,720,,,,,,,,
7612567989518437682,2026-05-10 19:46:43.827325,image-cut-tos-priv/75a2e355e4fef8cb6506713f61e60955,"[""https://p3-pc-sign.douyinpic.com/obj/c8510002be9a3a61aad2?lk3s=138a59ce&x-expires=1779620400&x-signature=I7Nmirj4Jy2OT9wSc4%2Fcjb6ZeHQ%3D&from=327834062""]",,,tos-cn-p-0015/oMISh9BpJplRUFmvuGaDngCACMAfAMfOCIMLEU,"[""tos-cn-p-0015/oMISh9BpJplRUFmvuGaDngCACMAfAMfOCIMLEU""]",640,360,tos-cn-i-dy/2b4866d20f104b36acf93490939281e1,"[""tos-cn-i-dy/2b4866d20f104b36acf93490939281e1""]",720,720,720,720,,,,,,,,
7612572079561221477,2026-05-10 19:46:52.799856,,,,,,,,,,,,,300,318,,,,,,,,
7612576899893818725,2026-05-10 19:46:55.679521,image-cut-tos-priv/684b8d5f338af39d0984053ba2a99a5a,"[""https://p9-pc-sign.douyinpic.com/obj/c8510002be9a3a61aad2?lk3s=138a59ce&x-expires=1779620400&x-signature=MDmnCoipdIlaw2IDlfBSuUulOLU%3D&from=327834062""]",,,tos-cn-p-0015c000-ce/oIfrj0meUp1oQwELTpKFpA3DCcaCpQ9l2heACE,"[""tos-cn-p-0015c000-ce/oIfrj0meUp1oQwELTpKFpA3DCcaCpQ9l2heACE""]",640,360,tos-cn-i-0813c000-ce/o4mnUlIaXiChOlM0BlATSVxaE6iAiPIAAaAPP,"[""tos-cn-i-0813c000-ce/o4mnUlIaXiChOlM0BlATSVxaE6iAiPIAAaAPP""]",720,720,720,720,,,,,,,,
7612579412323625137,2026-05-10 19:46:59.483576,,,,,,,,,,,,,300,318,,,,,,,,
7612579707732799409,2026-05-10 19:47:02.422885,,,,,,,,,,,,,300,318,,,,,,,,
7612586895486307590,2026-05-10 19:47:06.800254,image-cut-tos-priv/c35dda8b49ba3103dbbc85cebd8bc70f,"[""https://p3-pc-sign.douyinpic.com/obj/c8510002be9a3a61aad2?lk3s=138a59ce&x-expires=1779620400&x-signature=I7Nmirj4Jy2OT9wSc4%2Fcjb6ZeHQ%3D&from=327834062""]",,,tos-cn-p-0015/oouV4Bi3p6AqO0glBeFEgcDOApA9DNZIIkf1DV,"[""tos-cn-p-0015/oouV4Bi3p6AqO0glBeFEgcDOApA9DNZIIkf1DV""]",640,360,tos-cn-i-dy/2e85c6b85d854961bbafc81a6a2fe46d,"[""tos-cn-i-dy/2e85c6b85d854961bbafc81a6a2fe46d""]",720,720,720,720,,,,,,,,
7612591013139336511,2026-05-10 19:47:16.306980,image-cut-tos-priv/14e4e967b7e95fea3e48cbcfa0bbd7f5,"[""https://p9-pc-sign.douyinpic.com/obj/c8510002be9a3a61aad2?lk3s=138a59ce&x-expires=1779620400&x-signature=MDmnCoipdIlaw2IDlfBSuUulOLU%3D&from=327834062""]",,,tos-cn-p-0015/oslLnocB7gfA1E086egFzaMTfMsWQB7rCA6SWS,"[""tos-cn-p-0015/oslLnocB7gfA1E086egFzaMTfMsWQB7rCA6SWS""]",640,360,tos-cn-i-dy/75fdb44b87e5470c97a1810fd7ba4471,"[""tos-cn-i-dy/75fdb44b87e5470c97a1810fd7ba4471""]",720,720,720,720,,,,,,,,
7612597907409227027,2026-05-10 19:47:44.155650,image-cut-tos-priv/024fe74a9910de4002b743c4dc483807,"[""https://p3-pc-sign.douyinpic.com/obj/c8510002be9a3a61aad2?lk3s=138a59ce&x-expires=1779620400&x-signature=I7Nmirj4Jy2OT9wSc4%2Fcjb6ZeHQ%3D&from=327834062""]",,,tos-cn-p-0015/osaBIN5VHBAYYd1rjri3Ae0AKAygABJ0IOf1li,"[""tos-cn-p-0015/osaBIN5VHBAYYd1rjri3Ae0AKAygABJ0IOf1li""]",640,360,tos-cn-i-dy/ee9a5927306d47d096aa600148177cd1,"[""tos-cn-i-dy/ee9a5927306d47d096aa600148177cd1""]",720,720,720,720,,,,,,,,
7612598544645606682,2026-05-10 19:48:02.516491,image-cut-tos-priv/2bf8db64f4589863811e3f8fdea3818e,"[""https://p3-pc-sign.douyinpic.com/obj/c8510002be9a3a61aad2?lk3s=138a59ce&x-expires=1779620400&x-signature=I7Nmirj4Jy2OT9wSc4%2Fcjb6ZeHQ%3D&from=327834062""]",,,tos-cn-p-0015/o0ohlAFvWNCoPEQpipFfABgcuYOwCkQI9fD6AI,"[""tos-cn-p-0015/o0ohlAFvWNCoPEQpipFfABgcuYOwCkQI9fD6AI""]",640,360,tos-cn-i-dy/a780309cb2a3453a9fbbfc388c2f1ac1,"[""tos-cn-i-dy/a780309cb2a3453a9fbbfc388c2f1ac1""]",720,720,720,720,,,,,,,,
7612603181763235115,2026-05-10 19:48:28.956544,image-cut-tos-priv/01235db7e6bd66075c659393e2192891,"[""https://p3-pc-sign.douyinpic.com/obj/c8510002be9a3a61aad2?lk3s=138a59ce&x-expires=1779620400&x-signature=I7Nmirj4Jy2OT9wSc4%2Fcjb6ZeHQ%3D&from=327834062""]",,,tos-cn-p-0015/oolzKCZoptARIXBKB3FEgWD3ApA9PeyQQPfNNW,"[""tos-cn-p-0015/oolzKCZoptARIXBKB3FEgWD3ApA9PeyQQPfNNW""]",360,640,tos-cn-i-dy/225018d711824362a0834f7cb32f1026,"[""tos-cn-i-dy/225018d711824362a0834f7cb32f1026""]",720,720,720,720,,,,,,,,
7612603669309290067,2026-05-10 19:48:54.818250,image-cut-tos-priv/f499860905c9d5c8c1af5d5568e565cc,"[""https://p3-pc-sign.douyinpic.com/obj/c8510002be9a3a61aad2?lk3s=138a59ce&x-expires=1779620400&x-signature=I7Nmirj4Jy2OT9wSc4%2Fcjb6ZeHQ%3D&from=327834062""]",,,tos-cn-p-0015/o4UpDfi4AEFNIrZe5BpgFBUlIL9WANuPiArxwV,"[""tos-cn-p-0015/o4UpDfi4AEFNIrZe5BpgFBUlIL9WANuPiArxwV""]",640,360,tos-cn-i-0629/owfpFyVCn3DpZlAEgbF6oEAqAsAfIgCxWVAN1A,"[""tos-cn-i-0629/owfpFyVCn3DpZlAEgbF6oEAqAsAfIgCxWVAN1A""]",720,720,720,720,,,,,,,,
7612605157188046106,2026-05-10 19:49:19.621283,image-cut-tos-priv/113c2bf859f0e279b3917d20a4844569,"[""https://p3-pc-sign.douyinpic.com/obj/c8510002be9a3a61aad2?lk3s=138a59ce&x-expires=1779620400&x-signature=I7Nmirj4Jy2OT9wSc4%2Fcjb6ZeHQ%3D&from=327834062""]",,,tos-cn-p-0015/oksTCl2aEJBFeWaAvAsISyxK7e4SDBA7BfyIKa,"[""tos-cn-p-0015/oksTCl2aEJBFeWaAvAsISyxK7e4SDBA7BfyIKa""]",640,360,tos-cn-i-dy/7b5f0521d08c4560af6449f3a503e4f9,"[""tos-cn-i-dy/7b5f0521d08c4560af6449f3a503e4f9""]",720,720,720,720,,,,,,,,
7612606605419294641,2026-05-10 19:49:29.809897,image-cut-tos-priv/1405e601dcbf2c930653c4cf1fdb8237,"[""https://p3-pc-sign.douyinpic.com/obj/c8510002be9a3a61aad2?lk3s=138a59ce&x-expires=1779620400&x-signature=I7Nmirj4Jy2OT9wSc4%2Fcjb6ZeHQ%3D&from=327834062""]",,,tos-cn-p-0015c000-ce/o8t52KjEWvQhpzspAyBQ90HFef91wOAoEDIBwG,"[""tos-cn-p-0015c000-ce/o8t52KjEWvQhpzspAyBQ90HFef91wOAoEDIBwG""]",360,480,tos-cn-i-0813c000-ce/o0fmatfQSFJFDCSEAImAfAA9mOKgVTNYDB7lEC,"[""tos-cn-i-0813c000-ce/o0fmatfQSFJFDCSEAImAfAA9mOKgVTNYDB7lEC""]",720,720,720,720,,,,,,,,
7612608201598471467,2026-05-10 19:49:54.889553,image-cut-tos-priv/d49c4afda2191aa36663e03a5baa4e4f,"[""https://p3-pc-sign.douyinpic.com/obj/c8510002be9a3a61aad2?lk3s=138a59ce&x-expires=1779620400&x-signature=I7Nmirj4Jy2OT9wSc4%2Fcjb6ZeHQ%3D&from=327834062""]",,,tos-cn-p-0015/o0ACKFaxlpjcD18c9f7BWwA0gDEeA9MQupl4QC,"[""tos-cn-p-0015/o0ACKFaxlpjcD18c9f7BWwA0gDEeA9MQupl4QC""]",360,640,tos-cn-i-dy/f91827068f4343e394dc28d6ba5db35b,"[""tos-cn-i-dy/f91827068f4343e394dc28d6ba5db35b""]",720,720,720,720,,,,,,,,
7612609605957621622,2026-05-10 19:50:01.332614,image-cut-tos-priv/44d37e2ec0ebb8b276a94a82ac70ea30,"[""https://p3-pc-sign.douyinpic.com/obj/c8510002be9a3a61aad2?lk3s=138a59ce&x-expires=1779620400&x-signature=I7Nmirj4Jy2OT9wSc4%2Fcjb6ZeHQ%3D&from=327834062""]",,,tos-cn-p-0015/og8CbttGSCBWegkgBgcKsfA63rZABTl7MB7lQe,"[""tos-cn-p-0015/og8CbttGSCBWegkgBgcKsfA63rZABTl7MB7lQe""]",640,360,tos-cn-i-0813/oQDFIUCpAgAQfF96AEoCfA6AKXEDpFvwWDb2wA,"[""tos-cn-i-0813/oQDFIUCpAgAQfF96AEoCfA6AKXEDpFvwWDb2wA""]",720,720,720,720,,,,,,,,
7612610621074450633,2026-05-10 19:50:11.454473,image-cut-tos-priv/a142381a80a49767c57c34952b5a2dcc,"[""https://p3-pc-sign.douyinpic.com/obj/c8510002be9a3a61aad2?lk3s=138a59ce&x-expires=1779620400&x-signature=I7Nmirj4Jy2OT9wSc4%2Fcjb6ZeHQ%3D&from=327834062""]",,,tos-cn-p-0015/oMlZ4iBeNB0q0tAWbgWFABQPIf10irAip2IzrB,"[""tos-cn-p-0015/oMlZ4iBeNB0q0tAWbgWFABQPIf10irAip2IzrB""]",360,640,tos-cn-p-0015/oYACliP0W0iQBb6LefFBrtA4gNiiAygI10XtIZ,"[""tos-cn-p-0015/oYACliP0W0iQBb6LefFBrtA4gNiiAygI10XtIZ""]",720,720,720,720,,,,,,,,
7612610739353701674,2026-05-10 19:50:17.815047,image-cut-tos-priv/be1141c465b46a8c4d75ef60928ce626,"[""https://p3-pc-sign.douyinpic.com/obj/c8510002be9a3a61aad2?lk3s=138a59ce&x-expires=1779620400&x-signature=I7Nmirj4Jy2OT9wSc4%2Fcjb6ZeHQ%3D&from=327834062""]",,,tos-cn-p-0015/o0iQNPQvUgsilBIAybFaABYWXapI3Va9Ia0SQ,"[""tos-cn-p-0015/o0iQNPQvUgsilBIAybFaABYWXapI3Va9Ia0SQ""]",585,360,tos-cn-i-dy/3b15e59c605f45209882e46a5d7efcfe,"[""tos-cn-i-dy/3b15e59c605f45209882e46a5d7efcfe""]",720,720,720,720,,,,,,,,
7612615878198250804,2026-05-10 19:52:12.629927,image-cut-tos-priv/21680d565a2b5f4045a817b07a49a7a8,"[""https://p3-pc-sign.douyinpic.com/obj/c8510002be9a3a61aad2?lk3s=138a59ce&x-expires=1779620400&x-signature=I7Nmirj4Jy2OT9wSc4%2Fcjb6ZeHQ%3D&from=327834062""]",,,tos-cn-p-0015/oouGQGadtGAe4DBWnuLiB7TCFBfAaC7SQpeQKI,"[""tos-cn-p-0015/oouGQGadtGAe4DBWnuLiB7TCFBfAaC7SQpeQKI""]",640,360,tos-cn-i-dy/20beddab079649b58778b5d7bdebe442,"[""tos-cn-i-dy/20beddab079649b58778b5d7bdebe442""]",720,720,720,720,,,,,,,,
7612617203107532074,2026-05-10 19:52:20.801551,image-cut-tos-priv/7e76a859e33181b2834043d414694d78,"[""https://p3-pc-sign.douyinpic.com/obj/c8510002be9a3a61aad2?lk3s=138a59ce&x-expires=1779620400&x-signature=I7Nmirj4Jy2OT9wSc4%2Fcjb6ZeHQ%3D&from=327834062""]",,,tos-cn-p-0015/oEL3RAeQaSQFec72BVAUQdLIxGCJeTlyGtBuCC,"[""tos-cn-p-0015/oEL3RAeQaSQFec72BVAUQdLIxGCJeTlyGtBuCC""]",360,640,tos-cn-i-dy/bd633803fd73447e80785beb06d48688,"[""tos-cn-i-dy/bd633803fd73447e80785beb06d48688""]",720,720,720,720,,,,,,,,
7612620915808980264,2026-05-10 19:52:29.955760,,,,,,,,,,,,,300,318,,,,,,,,
7612626232143842587,2026-05-10 19:52:35.938749,image-cut-tos-priv/82f13ea7039d5959bab8a841c2eed001,"[""https://p3-pc-sign.douyinpic.com/obj/c8510002be9a3a61aad2?lk3s=138a59ce&x-expires=1779620400&x-signature=I7Nmirj4Jy2OT9wSc4%2Fcjb6ZeHQ%3D&from=327834062""]",,,tos-cn-p-0015/oMfLBIfDGQs676TBk96yVS0vKCrAWESkFDWfQA,"[""tos-cn-p-0015/oMfLBIfDGQs676TBk96yVS0vKCrAWESkFDWfQA""]",480,360,tos-cn-i-0629/oEKQp7dfQLfd0lqIOqKM8CsWfzCXAAuAAUemg5,"[""tos-cn-i-0629/oEKQp7dfQLfd0lqIOqKM8CsWfzCXAAuAAUemg5""]",720,720,720,720,,,,,,,,
7612626410846326058,2026-05-10 19:52:44.761874,image-cut-tos-priv/5970d6339bb3645d1eace04c2001a604,"[""https://p3-pc-sign.douyinpic.com/obj/c8510002be9a3a61aad2?lk3s=138a59ce&x-expires=1779620400&x-signature=I7Nmirj4Jy2OT9wSc4%2Fcjb6ZeHQ%3D&from=327834062""]",,,tos-cn-p-0015/owmevLKKA4e7iGHnQgeBrdsKV4IBSTqaAECKQK,"[""tos-cn-p-0015/owmevLKKA4e7iGHnQgeBrdsKV4IBSTqaAECKQK""]",640,360,tos-cn-i-dy/d82ee819ea604107b526cf5f00757b5d,"[""tos-cn-i-dy/d82ee819ea604107b526cf5f00757b5d""]",720,720,720,720,,,,,,,,
7612627219890166245,2026-05-10 19:52:48.358664,image-cut-tos-priv/130a119932b600fc4cb17e1919ad5a3b,"[""https://p3-pc-sign.douyinpic.com/obj/c8510002be9a3a61aad2?lk3s=138a59ce&x-expires=1779620400&x-signature=I7Nmirj4Jy2OT9wSc4%2Fcjb6ZeHQ%3D&from=327834062""]",,,tos-cn-p-0015c000-ce/oAAEACxKO0pQfBu601DX1QLgnpf9EwFwHAIAQ6,"[""tos-cn-p-0015c000-ce/oAAEACxKO0pQfBu601DX1QLgnpf9EwFwHAIAQ6""]",480,360,tos-cn-p-0015c000-ce/osfATEQDwxcBIw1Ffjp9EBA0Q0K6CpQlXLKldn,"[""tos-cn-p-0015c000-ce/osfATEQDwxcBIw1Ffjp9EBA0Q0K6CpQlXLKldn""]",720,720,720,720,,,,,,,,
7612628373587758378,2026-05-10 19:52:56.015792,image-cut-tos-priv/262825e08c2d31ee712516021798fc94,"[""https://p9-pc-sign.douyinpic.com/obj/c8510002be9a3a61aad2?lk3s=138a59ce&x-expires=1779620400&x-signature=MDmnCoipdIlaw2IDlfBSuUulOLU%3D&from=327834062""]",,,tos-cn-p-0015/oooV7TvgSa9IBesyBAgGlHpe98eAdLgGE8GC8v,"[""tos-cn-p-0015/oooV7TvgSa9IBesyBAgGlHpe98eAdLgGE8GC8v""]",360,640,tos-cn-i-dy/1094232d8a754ffcbf287dfb69f8d653,"[""tos-cn-i-dy/1094232d8a754ffcbf287dfb69f8d653""]",720,720,720,720,,,,,,,,
7612631132458274088,2026-05-10 19:53:05.993214,image-cut-tos-priv/5dd4e1123ac0ff99d3f59530ebe49a20,"[""https://p3-pc-sign.douyinpic.com/obj/c8510002be9a3a61aad2?lk3s=138a59ce&x-expires=1779620400&x-signature=I7Nmirj4Jy2OT9wSc4%2Fcjb6ZeHQ%3D&from=327834062""]",,,tos-cn-p-0015/oQI0E77BgBAeeg6VETqA206EGCLxbfSGvpdJt9,"[""tos-cn-p-0015/oQI0E77BgBAeeg6VETqA206EGCLxbfSGvpdJt9""]",640,360,tos-cn-i-dy/b76bb883a71c4a619cecc142cf69330c,"[""tos-cn-i-dy/b76bb883a71c4a619cecc142cf69330c""]",720,720,720,720,,,,,,,,
7612632818627218703,2026-05-10 19:53:10.883617,image-cut-tos-priv/495299f5ae0ccfab26dc64b0e0c576b1,"[""https://p3-pc-sign.douyinpic.com/obj/c8510002be9a3a61aad2?lk3s=138a59ce&x-expires=1779620400&x-signature=I7Nmirj4Jy2OT9wSc4%2Fcjb6ZeHQ%3D&from=327834062""]",,,tos-cn-p-0015/oADWPV76bBpwiAr8mTRnvtIAiAaiaIHAQIc2F,"[""tos-cn-p-0015/oADWPV76bBpwiAr8mTRnvtIAiAaiaIHAQIc2F""]",640,360,tos-cn-i-dy/219b9fdedd3d4009b4365c89227b6cea,"[""tos-cn-i-dy/219b9fdedd3d4009b4365c89227b6cea""]",720,720,720,720,,,,,,,,
7612633859758329126,2026-05-10 19:53:17.124678,image-cut-tos-priv/c1b09216d409ee75109fff98c10e5fa7,"[""https://p3-pc-sign.douyinpic.com/obj/c8510002be9a3a61aad2?lk3s=138a59ce&x-expires=1779620400&x-signature=I7Nmirj4Jy2OT9wSc4%2Fcjb6ZeHQ%3D&from=327834062""]",,,tos-cn-p-0015/oEBeABQpVF9VuAXCQpEDwHfgQEjZg9i2ANLqU9,"[""tos-cn-p-0015/oEBeABQpVF9VuAXCQpEDwHfgQEjZg9i2ANLqU9""]",640,360,tos-cn-i-dy/a243e7abe1b042ce9f9dd60886cbe3a5,"[""tos-cn-i-dy/a243e7abe1b042ce9f9dd60886cbe3a5""]",720,720,720,720,,,,,,,,
7612633902523485466,2026-05-10 19:53:27.242466,image-cut-tos-priv/15d2810de3520fd41bc97a95d8e9ecff,"[""https://p3-pc-sign.douyinpic.com/obj/c8510002be9a3a61aad2?lk3s=138a59ce&x-expires=1779620400&x-signature=I7Nmirj4Jy2OT9wSc4%2Fcjb6ZeHQ%3D&from=327834062""]",,,tos-cn-p-0015/ocKAApWNLQAXRIfD5wB1LfDlGgErjBD1pQk9uF,"[""tos-cn-p-0015/ocKAApWNLQAXRIfD5wB1LfDlGgErjBD1pQk9uF""]",640,360,tos-cn-i-dy/98f31c03142d45d1953c2567968ed023,"[""tos-cn-i-dy/98f31c03142d45d1953c2567968ed023""]",720,720,720,720,,,,,,,,
7612652257280003391,2026-05-10 19:53:32.243110,image-cut-tos-priv/3967d248ea38080080ca21df705a8d46,"[""https://p3-pc-sign.douyinpic.com/obj/c8510002be9a3a61aad2?lk3s=138a59ce&x-expires=1779620400&x-signature=I7Nmirj4Jy2OT9wSc4%2Fcjb6ZeHQ%3D&from=327834062""]",,,tos-cn-p-0015/oQdv0IhQ6IIl7BT63I6RHAKiBahWaAkvimzPl,"[""tos-cn-p-0015/oQdv0IhQ6IIl7BT63I6RHAKiBahWaAkvimzPl""]",640,360,tos-cn-i-dy/0d939c3ea86f48c2ab89185ff6d07da0,"[""tos-cn-i-dy/0d939c3ea86f48c2ab89185ff6d07da0""]",720,720,720,720,,,,,,,,
7612657526424767754,2026-05-10 19:53:35.298183,image-cut-tos-priv/3c4018658fa98a271dc7a9e4d2c9c133,"[""https://p3-pc-sign.douyinpic.com/obj/c8510002be9a3a61aad2?lk3s=138a59ce&x-expires=1779620400&x-signature=I7Nmirj4Jy2OT9wSc4%2Fcjb6ZeHQ%3D&from=327834062""]",,,tos-cn-p-0015/o8lZpAQrNBDlgUAwQF6AB3blKCF89pLE2BTmff,"[""tos-cn-p-0015/o8lZpAQrNBDlgUAwQF6AB3blKCF89pLE2BTmff""]",640,360,tos-cn-i-dy/43da35cf582a455393f7171009ef4e52,"[""tos-cn-i-dy/43da35cf582a455393f7171009ef4e52""]",720,720,720,720,,,,,,,,
7612666771484511488,2026-05-10 19:54:03.211409,image-cut-tos-priv/1d8f182caf521fdcc6649efbfaafad5e,"[""https://p9-pc-sign.douyinpic.com/obj/c8510002be9a3a61aad2?lk3s=138a59ce&x-expires=1779620400&x-signature=MDmnCoipdIlaw2IDlfBSuUulOLU%3D&from=327834062""]",,,tos-cn-p-0015/os81l3tABDCQ8eAcaKMfGTQCSQRgwo71zW4BeT,"[""tos-cn-p-0015/os81l3tABDCQ8eAcaKMfGTQCSQRgwo71zW4BeT""]",640,360,tos-cn-i-dy/eda3ed406ba74352ac7eec374bc95a01,"[""tos-cn-i-dy/eda3ed406ba74352ac7eec374bc95a01""]",720,720,720,720,,,,,,,,
7612690301395815715,2026-05-10 19:54:11.265350,,,,,,,,,,,,,300,318,,,,,,,,
7612697528915578122,2026-05-10 19:54:15.274946,,,,,,,,,,,,,300,318,,,,,,,,
