crawl_batch_id,crawl_time,target_url,source_page_type,request_url,request_cursor,response_status,response_timestamp,response_headers_raw,network_response_count,runtime_objects_count,primary_source_key,match_type,confidence
20260510_151052,2026-05-10T15:10:52.792976,https://www.douyin.com/video/7609234531203206446,video_detail,https://www.douyin.com/video/7609234531203206446,,200,2026-05-10T15:10:52.792976,,38,,network_response_28,exact,high
20260510_151052,2026-05-10T15:11:11.261459,https://www.douyin.com/video/7609237272457710911,video_detail,https://www.douyin.com/video/7609237272457710911,,200,2026-05-10T15:11:11.261459,,78,1,network_response_30,exact,high
20260510_151052,2026-05-10T15:11:19.966245,https://www.douyin.com/video/7609247736906452234,video_detail,https://www.douyin.com/video/7609247736906452234,,200,2026-05-10T15:11:19.966245,,71,1,network_response_31,exact,high
20260510_151052,2026-05-10T15:11:29.441014,https://www.douyin.com/video/7609249318403748281,video_detail,https://www.douyin.com/video/7609249318403748281,,200,2026-05-10T15:11:29.441014,,12,,,none,low
20260510_151052,2026-05-10T15:11:31.570490,https://www.douyin.com/video/7609253689307450666,video_detail,https://www.douyin.com/video/7609253689307450666,,200,2026-05-10T15:11:31.570490,,75,1,network_response_31,exact,high
20260510_151052,2026-05-10T15:11:39.889286,https://www.douyin.com/video/7609256965910983089,video_detail,https://www.douyin.com/video/7609256965910983089,,200,2026-05-10T15:11:39.889286,,80,1,network_response_32,exact,high
20260510_151052,2026-05-10T15:11:53.895278,https://www.douyin.com/video/7609257947324068507,video_detail,https://www.douyin.com/video/7609257947324068507,,200,2026-05-10T15:11:53.895278,,71,1,network_response_31,exact,high
20260510_151052,2026-05-10T15:12:02.593415,https://www.douyin.com/video/7609258186339812025,video_detail,https://www.douyin.com/video/7609258186339812025,,200,2026-05-10T15:12:02.593415,,27,,,none,low
20260510_151052,2026-05-10T15:12:04.755793,https://www.douyin.com/video/7609258400518452465,video_detail,https://www.douyin.com/video/7609258400518452465,,200,2026-05-10T15:12:04.755793,,68,1,network_response_31,exact,high
20260510_151052,2026-05-10T15:12:10.847846,https://www.douyin.com/video/7609263711907342778,video_detail,https://www.douyin.com/video/7609263711907342778,,200,2026-05-10T15:12:10.847846,,71,1,network_response_25,exact,high
20260510_151052,2026-05-10T15:12:18.933470,https://www.douyin.com/video/7609264892156276328,video_detail,https://www.douyin.com/video/7609264892156276328,,200,2026-05-10T15:12:18.933470,,38,,network_response_30,exact,high
20260510_151052,2026-05-10T15:12:25.588624,https://www.douyin.com/video/7609270477764201728,video_detail,https://www.douyin.com/video/7609270477764201728,,200,2026-05-10T15:12:25.588624,,25,,,none,low
20260510_151052,2026-05-10T15:12:27.871946,https://www.douyin.com/video/7609274603249615993,video_detail,https://www.douyin.com/video/7609274603249615993,,200,2026-05-10T15:12:27.871946,,73,1,network_response_32,exact,high
20260510_151052,2026-05-10T15:12:35.678332,https://www.douyin.com/video/7609276716301581989,video_detail,https://www.douyin.com/video/7609276716301581989,,200,2026-05-10T15:12:35.678332,,69,1,network_response_31,exact,high
20260510_151052,2026-05-10T15:12:42.833464,https://www.douyin.com/video/7609282971559939370,video_detail,https://www.douyin.com/video/7609282971559939370,,200,2026-05-10T15:12:42.833464,,74,1,network_response_26,exact,high
20260510_151052,2026-05-10T15:12:49.742009,https://www.douyin.com/video/7609284015854791814,video_detail,https://www.douyin.com/video/7609284015854791814,,200,2026-05-10T15:12:49.742009,,94,1,network_response_20,exact,high
20260510_151052,2026-05-10T15:13:04.555834,https://www.douyin.com/video/7609284301134183782,video_detail,https://www.douyin.com/video/7609284301134183782,,200,2026-05-10T15:13:04.555834,,26,,network_response_18,exact,high
20260510_151052,2026-05-10T15:13:08.857782,https://www.douyin.com/video/7609285197485689003,video_detail,https://www.douyin.com/video/7609285197485689003,,200,2026-05-10T15:13:08.857782,,27,,network_response_15,exact,high
20260510_151052,2026-05-10T15:13:11.495967,https://www.douyin.com/video/7609288762858948337,video_detail,https://www.douyin.com/video/7609288762858948337,,200,2026-05-10T15:13:11.495967,,77,1,network_response_28,exact,high
20260510_151052,2026-05-10T15:13:19.839080,https://www.douyin.com/video/7609293976624975145,video_detail,https://www.douyin.com/video/7609293976624975145,,200,2026-05-10T15:13:19.839080,,69,1,network_response_29,exact,high
20260510_151052,2026-05-10T15:13:29.237117,https://www.douyin.com/video/7609301947010665780,video_detail,https://www.douyin.com/video/7609301947010665780,,200,2026-05-10T15:13:29.237117,,49,,network_response_35,exact,high
20260510_151052,2026-05-10T15:13:36.247616,https://www.douyin.com/video/7609302344068533567,video_detail,https://www.douyin.com/video/7609302344068533567,,200,2026-05-10T15:13:36.247616,,34,,network_response_11,exact,high
20260510_151052,2026-05-10T15:13:40.995947,https://www.douyin.com/video/7609303378321100084,video_detail,https://www.douyin.com/video/7609303378321100084,,200,2026-05-10T15:13:40.995947,,14,,,none,low
20260510_151052,2026-05-10T15:13:43.824251,https://www.douyin.com/video/7609307534905707811,video_detail,https://www.douyin.com/video/7609307534905707811,,200,2026-05-10T15:13:43.824251,,10,,,none,low
20260510_151052,2026-05-10T15:13:46.124069,https://www.douyin.com/video/7609321500864622450,video_detail,https://www.douyin.com/video/7609321500864622450,,200,2026-05-10T15:13:46.124069,,28,,network_response_27,exact,high
20260510_151052,2026-05-10T15:13:48.941408,https://www.douyin.com/video/7609330192552660264,video_detail,https://www.douyin.com/video/7609330192552660264,,200,2026-05-10T15:13:48.941408,,76,1,network_response_71,exact,high
20260510_151052,2026-05-10T15:13:57.828261,https://www.douyin.com/video/7609331472114042843,video_detail,https://www.douyin.com/video/7609331472114042843,,200,2026-05-10T15:13:57.828261,,28,,network_response_26,exact,high
20260510_151052,2026-05-10T15:14:01.276375,https://www.douyin.com/video/7609338322171351717,video_detail,https://www.douyin.com/video/7609338322171351717,,200,2026-05-10T15:14:01.276375,,28,,,none,low
20260510_151052,2026-05-10T15:14:03.990641,https://www.douyin.com/video/7609339199140990214,video_detail,https://www.douyin.com/video/7609339199140990214,,200,2026-05-10T15:14:03.990641,,20,,,none,low
20260510_151052,2026-05-10T15:14:06.278378,https://www.douyin.com/video/7609346232292543807,video_detail,https://www.douyin.com/video/7609346232292543807,,200,2026-05-10T15:14:06.278378,,73,1,network_response_62,exact,high
20260510_151052,2026-05-10T15:14:14.804438,https://www.douyin.com/video/7609348530687184164,video_detail,https://www.douyin.com/video/7609348530687184164,,200,2026-05-10T15:14:14.804438,,42,,network_response_31,exact,high
20260510_151052,2026-05-10T15:14:20.714907,https://www.douyin.com/video/7609357409513535909,video_detail,https://www.douyin.com/video/7609357409513535909,,200,2026-05-10T15:14:20.714907,,76,1,network_response_71,exact,high
20260510_151052,2026-05-10T15:14:28.266771,https://www.douyin.com/video/7609360049735027995,video_detail,https://www.douyin.com/video/7609360049735027995,,200,2026-05-10T15:14:28.266771,,70,1,network_response_31,exact,high
20260510_151052,2026-05-10T15:14:34.705274,https://www.douyin.com/video/7609375627342318902,video_detail,https://www.douyin.com/video/7609375627342318902,,200,2026-05-10T15:14:34.705274,,28,,network_response_27,exact,high
20260510_151052,2026-05-10T15:14:37.275501,https://www.douyin.com/video/7609406177427885322,video_detail,https://www.douyin.com/video/7609406177427885322,,200,2026-05-10T15:14:37.275501,,69,1,network_response_33,exact,high
20260510_151052,2026-05-10T15:14:43.774327,https://www.douyin.com/video/7609434785257196834,video_detail,https://www.douyin.com/video/7609434785257196834,,200,2026-05-10T15:14:43.774327,,26,,,none,low
20260510_151052,2026-05-10T15:14:46.051521,https://www.douyin.com/video/7609459905250037001,video_detail,https://www.douyin.com/video/7609459905250037001,,200,2026-05-10T15:14:46.051521,,72,1,network_response_30,exact,high
20260510_151052,2026-05-10T15:14:53.186058,https://www.douyin.com/video/7609491802986384678,video_detail,https://www.douyin.com/video/7609491802986384678,,200,2026-05-10T15:14:53.186058,,71,1,network_response_29,exact,high
20260510_151052,2026-05-10T15:15:00.513581,https://www.douyin.com/video/7609496106027863338,video_detail,https://www.douyin.com/video/7609496106027863338,,200,2026-05-10T15:15:00.513581,,72,1,network_response_27,exact,high
20260510_151052,2026-05-10T15:15:07.687820,https://www.douyin.com/video/7609517967953138865,video_detail,https://www.douyin.com/video/7609517967953138865,,200,2026-05-10T15:15:07.687820,,71,1,network_response_33,exact,high
20260510_151052,2026-05-10T15:15:15.666808,https://www.douyin.com/video/7609519430296423732,video_detail,https://www.douyin.com/video/7609519430296423732,,200,2026-05-10T15:15:15.666808,,44,,network_response_32,exact,high
20260510_151052,2026-05-10T15:15:22.096209,https://www.douyin.com/video/7609525882880904467,video_detail,https://www.douyin.com/video/7609525882880904467,,200,2026-05-10T15:15:22.096209,,27,,network_response_10,exact,high
20260510_151052,2026-05-10T15:15:25.046828,https://www.douyin.com/video/7609532257409174803,video_detail,https://www.douyin.com/video/7609532257409174803,,200,2026-05-10T15:15:25.046828,,58,1,network_response_32,exact,high
20260510_151052,2026-05-10T15:15:28.728189,https://www.douyin.com/video/7609533554220977414,video_detail,https://www.douyin.com/video/7609533554220977414,,200,2026-05-10T15:15:28.728189,,25,,,none,low
20260510_151052,2026-05-10T15:15:31.165901,https://www.douyin.com/video/7609546758560943366,video_detail,https://www.douyin.com/video/7609546758560943366,,200,2026-05-10T15:15:31.165901,,26,,,none,low
20260510_151052,2026-05-10T15:15:33.587633,https://www.douyin.com/video/7609546881866634981,video_detail,https://www.douyin.com/video/7609546881866634981,,200,2026-05-10T15:15:33.587633,,74,1,network_response_67,exact,high
20260510_151052,2026-05-10T15:15:40.737326,https://www.douyin.com/video/7609558857332952329,video_detail,https://www.douyin.com/video/7609558857332952329,,200,2026-05-10T15:15:40.737326,,12,,,none,low
20260510_151052,2026-05-10T15:15:43.942127,https://www.douyin.com/video/7609579296738397459,video_detail,https://www.douyin.com/video/7609579296738397459,,200,2026-05-10T15:15:43.942127,,70,1,network_response_59,exact,high
20260510_151052,2026-05-10T15:15:50.971430,https://www.douyin.com/video/7609581959399886080,video_detail,https://www.douyin.com/video/7609581959399886080,,200,2026-05-10T15:15:50.971430,,69,1,network_response_57,exact,high
20260510_151052,2026-05-10T15:15:58.635528,https://www.douyin.com/video/7609589768434765066,video_detail,https://www.douyin.com/video/7609589768434765066,,200,2026-05-10T15:15:58.635528,,27,,network_response_25,exact,high
20260510_151052,2026-05-10T15:16:02.337157,https://www.douyin.com/video/7609594254351944970,video_detail,https://www.douyin.com/video/7609594254351944970,,200,2026-05-10T15:16:02.337157,,38,,network_response_34,exact,high
20260510_151052,2026-05-10T15:16:08.718152,https://www.douyin.com/video/7609602048346837169,video_detail,https://www.douyin.com/video/7609602048346837169,,200,2026-05-10T15:16:08.718152,,81,1,network_response_75,exact,high
20260510_151052,2026-05-10T15:16:17.175249,https://www.douyin.com/video/7609609290029993262,video_detail,https://www.douyin.com/video/7609609290029993262,,200,2026-05-10T15:16:17.175249,,73,1,network_response_66,exact,high
20260510_151052,2026-05-10T15:16:25.024331,https://www.douyin.com/video/7609618307804613113,video_detail,https://www.douyin.com/video/7609618307804613113,,200,2026-05-10T15:16:25.024331,,67,1,network_response_59,exact,high
20260510_151052,2026-05-10T15:16:31.617149,https://www.douyin.com/video/7609618364947893540,video_detail,https://www.douyin.com/video/7609618364947893540,,200,2026-05-10T15:16:31.617149,,68,1,network_response_56,exact,high
20260510_151052,2026-05-10T15:16:38.542430,https://www.douyin.com/video/7609623308687254267,video_detail,https://www.douyin.com/video/7609623308687254267,,200,2026-05-10T15:16:38.542430,,67,1,network_response_31,exact,high
20260510_151052,2026-05-10T15:16:46.385558,https://www.douyin.com/video/7609628032944409891,video_detail,https://www.douyin.com/video/7609628032944409891,,200,2026-05-10T15:16:46.385558,,27,,network_response_26,exact,high
20260510_151052,2026-05-10T15:16:49.128653,https://www.douyin.com/video/7609628120602314596,video_detail,https://www.douyin.com/video/7609628120602314596,,200,2026-05-10T15:16:49.128653,,28,,network_response_26,exact,high
20260510_151052,2026-05-10T15:16:51.985874,https://www.douyin.com/video/7609628243947228425,video_detail,https://www.douyin.com/video/7609628243947228425,,200,2026-05-10T15:16:51.985874,,28,,network_response_26,exact,high
20260510_151052,2026-05-10T15:16:54.538022,https://www.douyin.com/video/7609630783078288694,video_detail,https://www.douyin.com/video/7609630783078288694,,200,2026-05-10T15:16:54.538022,,26,,,none,low
20260510_151052,2026-05-10T15:16:58.048414,https://www.douyin.com/video/7609633655434022153,video_detail,https://www.douyin.com/video/7609633655434022153,,200,2026-05-10T15:16:58.048414,,34,,network_response_31,exact,high
20260510_151052,2026-05-10T15:17:03.170039,https://www.douyin.com/video/7609634616177216777,video_detail,https://www.douyin.com/video/7609634616177216777,,200,2026-05-10T15:17:03.170039,,77,1,network_response_27,exact,high
20260510_151052,2026-05-10T15:17:10.564881,https://www.douyin.com/video/7609650038457300858,video_detail,https://www.douyin.com/video/7609650038457300858,,200,2026-05-10T15:17:10.564881,,69,1,network_response_31,exact,high
20260510_151052,2026-05-10T15:17:18.091989,https://www.douyin.com/video/7609650736758033674,video_detail,https://www.douyin.com/video/7609650736758033674,,200,2026-05-10T15:17:18.091989,,70,1,network_response_30,exact,high
20260510_151052,2026-05-10T15:17:25.389128,https://www.douyin.com/video/7609651415614622976,video_detail,https://www.douyin.com/video/7609651415614622976,,200,2026-05-10T15:17:25.389128,,17,,,none,low
20260510_151052,2026-05-10T15:17:28.668963,https://www.douyin.com/video/7609657661520383247,video_detail,https://www.douyin.com/video/7609657661520383247,,200,2026-05-10T15:17:28.668963,,21,,,none,low
20260510_151052,2026-05-10T15:17:30.931805,https://www.douyin.com/video/7609668217497341234,video_detail,https://www.douyin.com/video/7609668217497341234,,200,2026-05-10T15:17:30.931805,,26,,network_response_25,exact,high
20260510_151052,2026-05-10T15:17:33.885836,https://www.douyin.com/video/7609668443273505478,video_detail,https://www.douyin.com/video/7609668443273505478,,200,2026-05-10T15:17:33.885836,,73,1,network_response_25,exact,high
20260510_151052,2026-05-10T15:17:42.109889,https://www.douyin.com/video/7609673453263766698,video_detail,https://www.douyin.com/video/7609673453263766698,,200,2026-05-10T15:17:42.109889,,82,1,network_response_32,exact,high
20260510_151052,2026-05-10T15:17:56.270658,https://www.douyin.com/video/7609674990040460682,video_detail,https://www.douyin.com/video/7609674990040460682,,200,2026-05-10T15:17:56.270658,,90,1,network_response_67,exact,high
20260510_151052,2026-05-10T15:18:13.569254,https://www.douyin.com/video/7609678035784092980,video_detail,https://www.douyin.com/video/7609678035784092980,,200,2026-05-10T15:18:13.569254,,33,,network_response_31,exact,high
20260510_151052,2026-05-10T15:18:19.040823,https://www.douyin.com/video/7609678524055702803,video_detail,https://www.douyin.com/video/7609678524055702803,,200,2026-05-10T15:18:19.040823,,23,,,none,low
20260510_151052,2026-05-10T15:18:21.408452,https://www.douyin.com/video/7609683553865010472,video_detail,https://www.douyin.com/video/7609683553865010472,,200,2026-05-10T15:18:21.408452,,26,,,none,low
20260510_151052,2026-05-10T15:18:23.662934,https://www.douyin.com/video/7609691699988996083,video_detail,https://www.douyin.com/video/7609691699988996083,,200,2026-05-10T15:18:23.662934,,26,,,none,low
20260510_151052,2026-05-10T15:18:25.910482,https://www.douyin.com/video/7609691888005762342,video_detail,https://www.douyin.com/video/7609691888005762342,,200,2026-05-10T15:18:25.910482,,61,1,network_response_29,exact,high
20260510_151052,2026-05-10T15:18:32.949029,https://www.douyin.com/video/7609697604419077711,video_detail,https://www.douyin.com/video/7609697604419077711,,200,2026-05-10T15:18:32.949029,,57,1,network_response_26,exact,high
20260510_151052,2026-05-10T15:18:39.970539,https://www.douyin.com/video/7609719314309185905,video_detail,https://www.douyin.com/video/7609719314309185905,,200,2026-05-10T15:18:39.970539,,58,1,network_response_27,exact,high
20260510_151052,2026-05-10T15:18:46.550428,https://www.douyin.com/video/7609721874657856818,video_detail,https://www.douyin.com/video/7609721874657856818,,200,2026-05-10T15:18:46.550428,,28,,network_response_25,exact,high
20260510_151052,2026-05-10T15:18:49.364732,https://www.douyin.com/video/7609740635104398646,video_detail,https://www.douyin.com/video/7609740635104398646,,200,2026-05-10T15:18:49.364732,,73,1,network_response_30,exact,high
20260510_151052,2026-05-10T15:18:56.709349,https://www.douyin.com/video/7609748964081945898,video_detail,https://www.douyin.com/video/7609748964081945898,,200,2026-05-10T15:18:56.709349,,28,,network_response_27,exact,high
20260510_151052,2026-05-10T15:19:00.828449,https://www.douyin.com/video/7609813868533124392,video_detail,https://www.douyin.com/video/7609813868533124392,,200,2026-05-10T15:19:00.828449,,44,,network_response_34,exact,high
20260510_151052,2026-05-10T15:19:06.221591,https://www.douyin.com/video/7609830109150727466,video_detail,https://www.douyin.com/video/7609830109150727466,,200,2026-05-10T15:19:06.221591,,23,,network_response_11,exact,high
20260510_151052,2026-05-10T15:19:09.356087,https://www.douyin.com/video/7609875156403740122,video_detail,https://www.douyin.com/video/7609875156403740122,,200,2026-05-10T15:19:09.356087,,33,,network_response_11,exact,high
20260510_151052,2026-05-10T15:19:12.901736,https://www.douyin.com/video/7609880941481168182,video_detail,https://www.douyin.com/video/7609880941481168182,,200,2026-05-10T15:19:12.901736,,17,,,none,low
20260510_151052,2026-05-10T15:19:15.300753,https://www.douyin.com/video/7609892680834845998,video_detail,https://www.douyin.com/video/7609892680834845998,,200,2026-05-10T15:19:15.300753,,12,,,none,low
20260510_151052,2026-05-10T15:19:17.551661,https://www.douyin.com/video/7609897501545879962,video_detail,https://www.douyin.com/video/7609897501545879962,,200,2026-05-10T15:19:17.551661,,11,,,none,low
20260510_151052,2026-05-10T15:19:19.705789,https://www.douyin.com/video/7609899935160604891,video_detail,https://www.douyin.com/video/7609899935160604891,,200,2026-05-10T15:19:19.705789,,74,1,network_response_68,exact,high
20260510_151052,2026-05-10T15:19:29.182514,https://www.douyin.com/video/7609902176302894388,video_detail,https://www.douyin.com/video/7609902176302894388,,200,2026-05-10T15:19:29.182514,,27,,network_response_15,exact,high
20260510_151052,2026-05-10T15:19:32.948299,https://www.douyin.com/video/7609903965095081551,video_detail,https://www.douyin.com/video/7609903965095081551,,200,2026-05-10T15:19:32.948299,,15,,,none,low
20260510_151052,2026-05-10T15:19:35.352571,https://www.douyin.com/video/7609904955348270577,video_detail,https://www.douyin.com/video/7609904955348270577,,200,2026-05-10T15:19:35.352571,,74,1,network_response_65,exact,high
20260510_151052,2026-05-10T15:19:44.659559,https://www.douyin.com/video/7609914259312545030,video_detail,https://www.douyin.com/video/7609914259312545030,,200,2026-05-10T15:19:44.659559,,33,,,none,low
20260510_151052,2026-05-10T15:19:48.837657,https://www.douyin.com/video/7609914905126447955,video_detail,https://www.douyin.com/video/7609914905126447955,,200,2026-05-10T15:19:48.837657,,25,,,none,low
20260510_151052,2026-05-10T15:19:51.178460,https://www.douyin.com/video/7609915071100349538,video_detail,https://www.douyin.com/video/7609915071100349538,,200,2026-05-10T15:19:51.178460,,58,1,network_response_27,exact,high
20260510_151052,2026-05-10T15:19:57.711266,https://www.douyin.com/video/7609915421256454521,video_detail,https://www.douyin.com/video/7609915421256454521,,200,2026-05-10T15:19:57.711266,,28,,network_response_26,exact,high
20260510_151052,2026-05-10T15:20:00.656262,https://www.douyin.com/video/7609921064319062132,video_detail,https://www.douyin.com/video/7609921064319062132,,200,2026-05-10T15:20:00.656262,,28,,network_response_24,exact,high
20260510_151052,2026-05-10T15:20:03.393254,https://www.douyin.com/video/7609922858428691106,video_detail,https://www.douyin.com/video/7609922858428691106,,200,2026-05-10T15:20:03.393254,,28,,network_response_27,exact,high
20260510_151052,2026-05-10T15:20:05.845282,https://www.douyin.com/video/7609926132556745999,video_detail,https://www.douyin.com/video/7609926132556745999,,200,2026-05-10T15:20:05.845282,,60,1,network_response_26,exact,high
20260510_151052,2026-05-10T15:20:12.717810,https://www.douyin.com/video/7609927135096535753,video_detail,https://www.douyin.com/video/7609927135096535753,,200,2026-05-10T15:20:12.717810,,27,,,none,low
20260510_151052,2026-05-10T15:20:15.138390,https://www.douyin.com/video/7609941028577053979,video_detail,https://www.douyin.com/video/7609941028577053979,,200,2026-05-10T15:20:15.138390,,61,1,network_response_59,exact,high
20260510_151052,2026-05-10T15:20:22.311433,https://www.douyin.com/video/7609941798038834447,video_detail,https://www.douyin.com/video/7609941798038834447,,200,2026-05-10T15:20:22.311433,,28,,network_response_24,exact,high
20260510_151052,2026-05-10T15:20:26.396176,https://www.douyin.com/video/7609947132375731507,video_detail,https://www.douyin.com/video/7609947132375731507,,200,2026-05-10T15:20:26.396176,,36,,network_response_35,exact,high
20260510_151052,2026-05-10T15:20:30.530918,https://www.douyin.com/video/7609949566632332596,video_detail,https://www.douyin.com/video/7609949566632332596,,200,2026-05-10T15:20:30.530918,,27,,,none,low
20260510_151052,2026-05-10T15:20:32.996919,https://www.douyin.com/video/7609955800739613952,video_detail,https://www.douyin.com/video/7609955800739613952,,200,2026-05-10T15:20:32.996919,,76,1,network_response_75,exact,high
20260510_151052,2026-05-10T15:20:42.240446,https://www.douyin.com/video/7609956533716018030,video_detail,https://www.douyin.com/video/7609956533716018030,,200,2026-05-10T15:20:42.240446,,68,1,network_response_57,exact,high
20260510_151052,2026-05-10T15:20:50.254916,https://www.douyin.com/video/7609966295506146222,video_detail,https://www.douyin.com/video/7609966295506146222,,200,2026-05-10T15:20:50.254916,,76,1,network_response_74,exact,high
20260510_151052,2026-05-10T15:20:59.567589,https://www.douyin.com/video/7609967385193998713,video_detail,https://www.douyin.com/video/7609967385193998713,,200,2026-05-10T15:20:59.567589,,27,,network_response_25,exact,high
20260510_151052,2026-05-10T15:21:02.005907,https://www.douyin.com/video/7609972884358198479,video_detail,https://www.douyin.com/video/7609972884358198479,,200,2026-05-10T15:21:02.005907,,28,,network_response_27,exact,high
20260510_151052,2026-05-10T15:21:04.649514,https://www.douyin.com/video/7609975965518860614,video_detail,https://www.douyin.com/video/7609975965518860614,,200,2026-05-10T15:21:04.649514,,69,1,network_response_61,exact,high
20260510_151052,2026-05-10T15:21:11.624877,https://www.douyin.com/video/7609979360514182435,video_detail,https://www.douyin.com/video/7609979360514182435,,200,2026-05-10T15:21:11.624877,,75,1,network_response_62,exact,high
20260510_151052,2026-05-10T15:21:18.308971,https://www.douyin.com/video/7609980559762943738,video_detail,https://www.douyin.com/video/7609980559762943738,,200,2026-05-10T15:21:18.308971,,71,1,network_response_60,exact,high
20260510_151052,2026-05-10T15:21:26.825174,https://www.douyin.com/video/7609980930032518521,video_detail,https://www.douyin.com/video/7609980930032518521,,200,2026-05-10T15:21:26.825174,,54,,network_response_18,exact,high
20260510_151052,2026-05-10T15:21:32.999320,https://www.douyin.com/video/7609983204430269737,video_detail,https://www.douyin.com/video/7609983204430269737,,200,2026-05-10T15:21:32.999320,,28,,network_response_22,exact,high
20260510_151052,2026-05-10T15:21:36.184460,https://www.douyin.com/video/7609983487164075316,video_detail,https://www.douyin.com/video/7609983487164075316,,200,2026-05-10T15:21:36.184460,,27,,,none,low
20260510_151052,2026-05-10T15:21:38.898836,https://www.douyin.com/video/7609997637932461477,video_detail,https://www.douyin.com/video/7609997637932461477,,200,2026-05-10T15:21:38.898836,,28,,network_response_16,exact,high
20260510_151052,2026-05-10T15:21:41.761024,https://www.douyin.com/video/7609998904545659882,video_detail,https://www.douyin.com/video/7609998904545659882,,200,2026-05-10T15:21:41.761024,,76,1,network_response_31,exact,high
20260510_151052,2026-05-10T15:21:50.655196,https://www.douyin.com/video/7609999300039517029,video_detail,https://www.douyin.com/video/7609999300039517029,,200,2026-05-10T15:21:50.655196,,78,1,network_response_32,exact,high
20260510_151052,2026-05-10T15:22:05.234340,https://www.douyin.com/video/7610008079488355603,video_detail,https://www.douyin.com/video/7610008079488355603,,200,2026-05-10T15:22:05.234340,,70,1,network_response_30,exact,high
20260510_151052,2026-05-10T15:22:14.710547,https://www.douyin.com/video/7610013931079276965,video_detail,https://www.douyin.com/video/7610013931079276965,,200,2026-05-10T15:22:14.710547,,94,1,network_response_31,exact,high
20260510_151052,2026-05-10T15:22:41.211331,https://www.douyin.com/video/7610015342609354035,video_detail,https://www.douyin.com/video/7610015342609354035,,200,2026-05-10T15:22:41.211331,,85,1,network_response_33,exact,high
20260510_151052,2026-05-10T15:22:56.032834,https://www.douyin.com/video/7610016137169866018,video_detail,https://www.douyin.com/video/7610016137169866018,,200,2026-05-10T15:22:56.032834,,73,1,network_response_31,exact,high
20260510_151052,2026-05-10T15:23:06.605707,https://www.douyin.com/video/7610016358876712228,video_detail,https://www.douyin.com/video/7610016358876712228,,200,2026-05-10T15:23:06.605707,,37,,network_response_29,exact,high
20260510_151052,2026-05-10T15:23:13.026079,https://www.douyin.com/video/7610017325214944558,video_detail,https://www.douyin.com/video/7610017325214944558,,200,2026-05-10T15:23:13.026079,,81,1,network_response_67,exact,high
20260510_151052,2026-05-10T15:23:22.480209,https://www.douyin.com/video/7610018474110274835,video_detail,https://www.douyin.com/video/7610018474110274835,,200,2026-05-10T15:23:22.480209,,73,1,network_response_30,exact,high
20260510_151052,2026-05-10T15:23:31.356148,https://www.douyin.com/video/7610019331821857509,video_detail,https://www.douyin.com/video/7610019331821857509,,200,2026-05-10T15:23:31.356148,,14,,,none,low
20260510_151052,2026-05-10T15:23:33.905679,https://www.douyin.com/video/7610019806670032143,video_detail,https://www.douyin.com/video/7610019806670032143,,200,2026-05-10T15:23:33.905679,,27,,,none,low
20260510_151052,2026-05-10T15:23:36.917219,https://www.douyin.com/video/7610023539684527395,video_detail,https://www.douyin.com/video/7610023539684527395,,200,2026-05-10T15:23:36.917219,,77,1,network_response_31,exact,high
20260510_151052,2026-05-10T15:23:45.078298,https://www.douyin.com/video/7610026352292498740,video_detail,https://www.douyin.com/video/7610026352292498740,,200,2026-05-10T15:23:45.078298,,28,,network_response_27,exact,high
20260510_151052,2026-05-10T15:23:48.602548,https://www.douyin.com/video/7610029518489822137,video_detail,https://www.douyin.com/video/7610029518489822137,,200,2026-05-10T15:23:48.602548,,75,1,network_response_31,exact,high
20260510_151052,2026-05-10T15:23:56.049720,https://www.douyin.com/video/7610031393782975785,video_detail,https://www.douyin.com/video/7610031393782975785,,200,2026-05-10T15:23:56.049720,,82,1,network_response_29,exact,high
20260510_151052,2026-05-10T15:24:10.145880,https://www.douyin.com/video/7610046082432699686,video_detail,https://www.douyin.com/video/7610046082432699686,,200,2026-05-10T15:24:10.145880,,69,1,network_response_33,exact,high
20260510_151052,2026-05-10T15:24:21.271572,https://www.douyin.com/video/7610051524118498596,video_detail,https://www.douyin.com/video/7610051524118498596,,200,2026-05-10T15:24:21.271572,,33,,network_response_23,exact,high
20260510_151052,2026-05-10T15:24:27.166861,https://www.douyin.com/video/7610057688260838774,video_detail,https://www.douyin.com/video/7610057688260838774,,200,2026-05-10T15:24:27.166861,,28,,network_response_26,exact,high
20260510_151052,2026-05-10T15:24:30.340477,https://www.douyin.com/video/7610058367406542089,video_detail,https://www.douyin.com/video/7610058367406542089,,200,2026-05-10T15:24:30.340477,,26,,,none,low
20260510_151052,2026-05-10T15:24:32.851872,https://www.douyin.com/video/7610060039767854382,video_detail,https://www.douyin.com/video/7610060039767854382,,200,2026-05-10T15:24:32.851872,,77,1,network_response_65,exact,high
20260510_151052,2026-05-10T15:24:41.020729,https://www.douyin.com/video/7610064775883672832,video_detail,https://www.douyin.com/video/7610064775883672832,,200,2026-05-10T15:24:41.020729,,26,,network_response_22,exact,high
20260510_151052,2026-05-10T15:24:44.045360,https://www.douyin.com/video/7610069265059695914,video_detail,https://www.douyin.com/video/7610069265059695914,,200,2026-05-10T15:24:44.045360,,74,1,network_response_66,exact,high
20260510_151052,2026-05-10T15:24:52.797393,https://www.douyin.com/video/7610081152968246132,video_detail,https://www.douyin.com/video/7610081152968246132,,200,2026-05-10T15:24:52.797393,,73,1,network_response_60,exact,high
20260510_151052,2026-05-10T15:25:01.392886,https://www.douyin.com/video/7610085736536196730,video_detail,https://www.douyin.com/video/7610085736536196730,,200,2026-05-10T15:25:01.392886,,28,,network_response_25,exact,high
20260510_151052,2026-05-10T15:25:04.087126,https://www.douyin.com/video/7610091916838882602,video_detail,https://www.douyin.com/video/7610091916838882602,,200,2026-05-10T15:25:04.087126,,25,,,none,low
20260510_151052,2026-05-10T15:25:06.423137,https://www.douyin.com/video/7610125409123863808,video_detail,https://www.douyin.com/video/7610125409123863808,,200,2026-05-10T15:25:06.423137,,26,,,none,low
20260510_151052,2026-05-10T15:25:10.066194,https://www.douyin.com/video/7610216460324982057,video_detail,https://www.douyin.com/video/7610216460324982057,,200,2026-05-10T15:25:10.066194,,43,,network_response_33,exact,high
20260510_151052,2026-05-10T15:25:17.205020,https://www.douyin.com/video/7610255093421690127,video_detail,https://www.douyin.com/video/7610255093421690127,,200,2026-05-10T15:25:17.205020,,71,1,network_response_66,exact,high
20260510_151052,2026-05-10T15:25:25.810664,https://www.douyin.com/video/7610261944881482082,video_detail,https://www.douyin.com/video/7610261944881482082,,200,2026-05-10T15:25:25.810664,,69,1,network_response_55,exact,high
20260510_151052,2026-05-10T15:25:34.016336,https://www.douyin.com/video/7610263457007076307,video_detail,https://www.douyin.com/video/7610263457007076307,,200,2026-05-10T15:25:34.016336,,26,,,none,low
20260510_151052,2026-05-10T15:25:36.360307,https://www.douyin.com/video/7610264285923398574,video_detail,https://www.douyin.com/video/7610264285923398574,,200,2026-05-10T15:25:36.360307,,73,1,network_response_66,exact,high
20260510_151052,2026-05-10T15:25:43.651310,https://www.douyin.com/video/7610277370319237105,video_detail,https://www.douyin.com/video/7610277370319237105,,200,2026-05-10T15:25:43.651310,,72,1,network_response_65,exact,high
20260510_151052,2026-05-10T15:25:51.431552,https://www.douyin.com/video/7610279230388551141,video_detail,https://www.douyin.com/video/7610279230388551141,,200,2026-05-10T15:25:51.431552,,79,1,network_response_62,exact,high
20260510_151052,2026-05-10T15:26:06.356243,https://www.douyin.com/video/7610281531420843611,video_detail,https://www.douyin.com/video/7610281531420843611,,200,2026-05-10T15:26:06.356243,,27,,network_response_22,exact,high
20260510_151052,2026-05-10T15:26:11.131531,https://www.douyin.com/video/7610283350162545265,video_detail,https://www.douyin.com/video/7610283350162545265,,200,2026-05-10T15:26:11.131531,,71,1,network_response_61,exact,high
20260510_151052,2026-05-10T15:26:18.840711,https://www.douyin.com/video/7610294222368836891,video_detail,https://www.douyin.com/video/7610294222368836891,,200,2026-05-10T15:26:18.840711,,75,1,network_response_60,exact,high
20260510_151052,2026-05-10T15:26:30.355286,https://www.douyin.com/video/7610300216243162414,video_detail,https://www.douyin.com/video/7610300216243162414,,200,2026-05-10T15:26:30.355286,,33,,network_response_32,exact,high
20260510_151052,2026-05-10T15:26:35.478681,https://www.douyin.com/video/7610303805573954555,video_detail,https://www.douyin.com/video/7610303805573954555,,200,2026-05-10T15:26:35.478681,,93,1,network_response_30,exact,high
20260510_151052,2026-05-10T15:26:49.607465,https://www.douyin.com/video/7610309340989279539,video_detail,https://www.douyin.com/video/7610309340989279539,,200,2026-05-10T15:26:49.607465,,14,,,none,low
20260510_151052,2026-05-10T15:26:53.847633,https://www.douyin.com/video/7610310569521925410,video_detail,https://www.douyin.com/video/7610310569521925410,,200,2026-05-10T15:26:53.847633,,26,,,none,low
20260510_151052,2026-05-10T15:26:56.382450,https://www.douyin.com/video/7610311173065477403,video_detail,https://www.douyin.com/video/7610311173065477403,,200,2026-05-10T15:26:56.382450,,74,1,network_response_26,exact,high
20260510_151052,2026-05-10T15:27:04.386064,https://www.douyin.com/video/7610314949809818890,video_detail,https://www.douyin.com/video/7610314949809818890,,200,2026-05-10T15:27:04.386064,,70,1,network_response_31,exact,high
20260510_151052,2026-05-10T15:27:11.887711,https://www.douyin.com/video/7610319571144449509,video_detail,https://www.douyin.com/video/7610319571144449509,,200,2026-05-10T15:27:11.887711,,27,,network_response_26,exact,high
20260510_151052,2026-05-10T15:27:16.036722,https://www.douyin.com/video/7610320147886132515,video_detail,https://www.douyin.com/video/7610320147886132515,,200,2026-05-10T15:27:16.036722,,76,1,network_response_29,exact,high
20260510_151052,2026-05-10T15:27:24.039299,https://www.douyin.com/video/7610326779017858331,video_detail,https://www.douyin.com/video/7610326779017858331,,200,2026-05-10T15:27:24.039299,,28,,network_response_27,exact,high
20260510_151052,2026-05-10T15:27:27.594131,https://www.douyin.com/video/7610331942675829723,video_detail,https://www.douyin.com/video/7610331942675829723,,200,2026-05-10T15:27:27.594131,,28,,network_response_27,exact,high
20260510_151052,2026-05-10T15:27:31.168296,https://www.douyin.com/video/7610338643235966217,video_detail,https://www.douyin.com/video/7610338643235966217,,200,2026-05-10T15:27:31.168296,,32,,network_response_29,exact,high
20260510_151052,2026-05-10T15:27:36.721790,https://www.douyin.com/video/7610339422060892025,video_detail,https://www.douyin.com/video/7610339422060892025,,200,2026-05-10T15:27:36.721790,,27,,,none,low
20260510_151052,2026-05-10T15:27:38.939999,https://www.douyin.com/video/7610346419286740275,video_detail,https://www.douyin.com/video/7610346419286740275,,200,2026-05-10T15:27:38.939999,,107,1,network_response_29,exact,high
20260510_151052,2026-05-10T15:28:05.875333,https://www.douyin.com/video/7610350234136251688,video_detail,https://www.douyin.com/video/7610350234136251688,,200,2026-05-10T15:28:05.875333,,82,1,network_response_36,exact,high
20260510_151052,2026-05-10T15:28:20.476183,https://www.douyin.com/video/7610354626152211642,video_detail,https://www.douyin.com/video/7610354626152211642,,200,2026-05-10T15:28:20.476183,,29,,,none,low
20260510_151052,2026-05-10T15:28:23.240771,https://www.douyin.com/video/7610356720712482809,video_detail,https://www.douyin.com/video/7610356720712482809,,200,2026-05-10T15:28:23.240771,,28,,,none,low
20260510_151052,2026-05-10T15:28:25.756188,https://www.douyin.com/video/7610358803929812233,video_detail,https://www.douyin.com/video/7610358803929812233,,200,2026-05-10T15:28:25.756188,,28,,,none,low
20260510_151052,2026-05-10T15:28:28.289227,https://www.douyin.com/video/7610363635906432310,video_detail,https://www.douyin.com/video/7610363635906432310,,200,2026-05-10T15:28:28.289227,,28,,,none,low
20260510_151052,2026-05-10T15:28:30.497168,https://www.douyin.com/video/7610365621490418154,video_detail,https://www.douyin.com/video/7610365621490418154,,200,2026-05-10T15:28:30.497168,,29,,network_response_21,exact,high
20260510_151052,2026-05-10T15:28:33.445841,https://www.douyin.com/video/7610367327146850426,video_detail,https://www.douyin.com/video/7610367327146850426,,200,2026-05-10T15:28:33.445841,,84,1,network_response_18,exact,high
20260510_151052,2026-05-10T15:28:51.260933,https://www.douyin.com/video/7610367331545500928,video_detail,https://www.douyin.com/video/7610367331545500928,,200,2026-05-10T15:28:51.260933,,34,,network_response_30,exact,high
20260510_151052,2026-05-10T15:28:57.264970,https://www.douyin.com/video/7610369930764061952,video_detail,https://www.douyin.com/video/7610369930764061952,,200,2026-05-10T15:28:57.264970,,28,,network_response_27,exact,high
20260510_151052,2026-05-10T15:29:00.221033,https://www.douyin.com/video/7610370737342290939,video_detail,https://www.douyin.com/video/7610370737342290939,,200,2026-05-10T15:29:00.221033,,27,,,none,low
20260510_151052,2026-05-10T15:29:02.608294,https://www.douyin.com/video/7610372789568032051,video_detail,https://www.douyin.com/video/7610372789568032051,,200,2026-05-10T15:29:02.608294,,76,1,network_response_27,exact,high
20260510_151052,2026-05-10T15:29:10.521026,https://www.douyin.com/video/7610373639266913542,video_detail,https://www.douyin.com/video/7610373639266913542,,200,2026-05-10T15:29:10.521026,,27,,,none,low
20260510_151052,2026-05-10T15:29:13.043097,https://www.douyin.com/video/7610374126213111214,video_detail,https://www.douyin.com/video/7610374126213111214,,200,2026-05-10T15:29:13.043097,,28,,network_response_27,exact,high
20260510_151052,2026-05-10T15:29:15.875385,https://www.douyin.com/video/7610375415252667658,video_detail,https://www.douyin.com/video/7610375415252667658,,200,2026-05-10T15:29:15.875385,,74,1,network_response_24,exact,high
20260510_151052,2026-05-10T15:29:23.323794,https://www.douyin.com/video/7610376181707201930,video_detail,https://www.douyin.com/video/7610376181707201930,,200,2026-05-10T15:29:23.323794,,26,,,none,low
20260510_151052,2026-05-10T15:29:25.904649,https://www.douyin.com/video/7610377511456754995,video_detail,https://www.douyin.com/video/7610377511456754995,,200,2026-05-10T15:29:25.904649,,74,1,network_response_29,exact,high
20260510_151052,2026-05-10T15:29:33.824768,https://www.douyin.com/video/7610379315860510885,video_detail,https://www.douyin.com/video/7610379315860510885,,200,2026-05-10T15:29:33.824768,,27,,,none,low
20260510_151052,2026-05-10T15:29:37.528672,https://www.douyin.com/video/7610381984031902976,video_detail,https://www.douyin.com/video/7610381984031902976,,200,2026-05-10T15:29:37.528672,,37,,network_response_36,exact,high
20260510_151052,2026-05-10T15:29:43.230480,https://www.douyin.com/video/7610387712541231089,video_detail,https://www.douyin.com/video/7610387712541231089,,200,2026-05-10T15:29:43.230480,,28,,network_response_25,exact,high
20260510_151052,2026-05-10T15:29:46.186855,https://www.douyin.com/video/7610391754982543462,video_detail,https://www.douyin.com/video/7610391754982543462,,200,2026-05-10T15:29:46.186855,,28,,network_response_27,exact,high
20260510_151052,2026-05-10T15:29:48.655541,https://www.douyin.com/video/7610395781702405386,video_detail,https://www.douyin.com/video/7610395781702405386,,200,2026-05-10T15:29:48.655541,,27,,network_response_26,exact,high
20260510_151052,2026-05-10T15:29:51.170093,https://www.douyin.com/video/7610398307341675883,video_detail,https://www.douyin.com/video/7610398307341675883,,200,2026-05-10T15:29:51.170093,,27,,,none,low
20260510_151052,2026-05-10T15:29:53.364801,https://www.douyin.com/video/7610399903009169769,video_detail,https://www.douyin.com/video/7610399903009169769,,200,2026-05-10T15:29:53.364801,,10,,,none,low
20260510_151052,2026-05-10T15:29:55.610872,https://www.douyin.com/video/7610400760286694698,video_detail,https://www.douyin.com/video/7610400760286694698,,200,2026-05-10T15:29:55.610872,,104,1,network_response_60,exact,high
20260510_151052,2026-05-10T15:30:20.914797,https://www.douyin.com/video/7610402475199188267,video_detail,https://www.douyin.com/video/7610402475199188267,,200,2026-05-10T15:30:20.914797,,86,1,network_response_71,exact,high
20260510_151052,2026-05-10T15:30:36.261471,https://www.douyin.com/video/7610403884008259685,video_detail,https://www.douyin.com/video/7610403884008259685,,200,2026-05-10T15:30:36.261471,,28,,network_response_27,exact,high
20260510_151052,2026-05-10T15:30:40.940633,https://www.douyin.com/video/7610406005620428078,video_detail,https://www.douyin.com/video/7610406005620428078,,200,2026-05-10T15:30:40.940633,,74,1,network_response_72,exact,high
20260510_151052,2026-05-10T15:30:50.407800,https://www.douyin.com/video/7610408496185609482,video_detail,https://www.douyin.com/video/7610408496185609482,,200,2026-05-10T15:30:50.407800,,39,,network_response_31,exact,high
20260510_151052,2026-05-10T15:30:56.844521,https://www.douyin.com/video/7610409219417738547,video_detail,https://www.douyin.com/video/7610409219417738547,,200,2026-05-10T15:30:56.844521,,29,,network_response_27,exact,high
20260510_151052,2026-05-10T15:31:01.579671,https://www.douyin.com/video/7610415188914851078,video_detail,https://www.douyin.com/video/7610415188914851078,,200,2026-05-10T15:31:01.579671,,33,,network_response_30,exact,high
20260510_151052,2026-05-10T15:31:08.659872,https://www.douyin.com/video/7610416024365567241,video_detail,https://www.douyin.com/video/7610416024365567241,,200,2026-05-10T15:31:08.659872,,31,,network_response_30,exact,high
20260510_151052,2026-05-10T15:31:13.097694,https://www.douyin.com/video/7610417226293726498,video_detail,https://www.douyin.com/video/7610417226293726498,,200,2026-05-10T15:31:13.097694,,73,1,network_response_29,exact,high
20260510_151052,2026-05-10T15:31:21.880828,https://www.douyin.com/video/7610419060269993279,video_detail,https://www.douyin.com/video/7610419060269993279,,200,2026-05-10T15:31:21.880828,,82,1,network_response_45,exact,high
20260510_151052,2026-05-10T15:31:36.595615,https://www.douyin.com/video/7610424303737649216,video_detail,https://www.douyin.com/video/7610424303737649216,,200,2026-05-10T15:31:36.595615,,71,1,network_response_31,exact,high
20260510_151052,2026-05-10T15:31:46.996794,https://www.douyin.com/video/7610427898152246598,video_detail,https://www.douyin.com/video/7610427898152246598,,200,2026-05-10T15:31:46.996794,,27,,network_response_25,exact,high
20260510_151052,2026-05-10T15:31:51.022472,https://www.douyin.com/video/7610431247386711394,video_detail,https://www.douyin.com/video/7610431247386711394,,200,2026-05-10T15:31:51.022472,,71,1,network_response_24,exact,high
20260510_151052,2026-05-10T15:31:58.278967,https://www.douyin.com/video/7610439927767072369,video_detail,https://www.douyin.com/video/7610439927767072369,,200,2026-05-10T15:31:58.278967,,70,1,network_response_26,exact,high
20260510_151052,2026-05-10T15:32:07.336118,https://www.douyin.com/video/7610452053550508474,video_detail,https://www.douyin.com/video/7610452053550508474,,200,2026-05-10T15:32:07.336118,,38,,network_response_34,exact,high
20260510_151052,2026-05-10T15:32:14.119792,https://www.douyin.com/video/7610454328482264293,video_detail,https://www.douyin.com/video/7610454328482264293,,200,2026-05-10T15:32:14.119792,,73,1,network_response_29,exact,high
20260510_151052,2026-05-10T15:32:22.092587,https://www.douyin.com/video/7610458918732483846,video_detail,https://www.douyin.com/video/7610458918732483846,,200,2026-05-10T15:32:22.092587,,79,1,network_response_70,exact,high
20260510_151052,2026-05-10T15:32:37.466520,https://www.douyin.com/video/7610462605362187554,video_detail,https://www.douyin.com/video/7610462605362187554,,200,2026-05-10T15:32:37.466520,,70,1,network_response_67,exact,high
20260510_151052,2026-05-10T15:32:46.950245,https://www.douyin.com/video/7610466696536526122,video_detail,https://www.douyin.com/video/7610466696536526122,,200,2026-05-10T15:32:46.950245,,80,1,network_response_69,exact,high
20260510_151052,2026-05-10T15:33:03.065798,https://www.douyin.com/video/7610473208995891455,video_detail,https://www.douyin.com/video/7610473208995891455,,200,2026-05-10T15:33:03.065798,,69,1,,none,low
20260510_151052,2026-05-10T15:33:11.429164,https://www.douyin.com/video/7610477894120344873,video_detail,https://www.douyin.com/video/7610477894120344873,,200,2026-05-10T15:33:11.429164,,17,,,none,low
20260510_151052,2026-05-10T15:33:13.969834,https://www.douyin.com/video/7610517647272283442,video_detail,https://www.douyin.com/video/7610517647272283442,,200,2026-05-10T15:33:13.969834,,75,1,network_response_64,exact,high
20260510_151052,2026-05-10T15:33:22.919304,https://www.douyin.com/video/7610528105132578426,video_detail,https://www.douyin.com/video/7610528105132578426,,200,2026-05-10T15:33:22.919304,,20,,,none,low
20260510_151052,2026-05-10T15:33:25.670245,https://www.douyin.com/video/7610547189874215158,video_detail,https://www.douyin.com/video/7610547189874215158,,200,2026-05-10T15:33:25.670245,,28,,network_response_26,exact,high
20260510_151052,2026-05-10T15:33:29.828557,https://www.douyin.com/video/7610600754138664211,video_detail,https://www.douyin.com/video/7610600754138664211,,200,2026-05-10T15:33:29.828557,,38,,network_response_33,exact,high
20260510_151052,2026-05-10T15:33:36.655007,https://www.douyin.com/video/7610604971285785009,video_detail,https://www.douyin.com/video/7610604971285785009,,200,2026-05-10T15:33:36.655007,,26,,,none,low
20260510_151052,2026-05-10T15:33:39.255434,https://www.douyin.com/video/7610626699532848447,video_detail,https://www.douyin.com/video/7610626699532848447,,200,2026-05-10T15:33:39.255434,,27,,network_response_26,exact,high
20260510_151052,2026-05-10T15:33:42.969783,https://www.douyin.com/video/7610632603967835446,video_detail,https://www.douyin.com/video/7610632603967835446,,200,2026-05-10T15:33:42.969783,,70,1,network_response_26,exact,high
20260510_151052,2026-05-10T15:33:51.735277,https://www.douyin.com/video/7610649614208055141,video_detail,https://www.douyin.com/video/7610649614208055141,,200,2026-05-10T15:33:51.735277,,77,1,network_response_73,exact,high
20260510_151052,2026-05-10T15:33:59.944987,https://www.douyin.com/video/7610655021025217819,video_detail,https://www.douyin.com/video/7610655021025217819,,200,2026-05-10T15:33:59.944987,,95,1,network_response_27,exact,high
20260510_151052,2026-05-10T15:34:29.683253,https://www.douyin.com/video/7610655131796835599,video_detail,https://www.douyin.com/video/7610655131796835599,,200,2026-05-10T15:34:29.683253,,27,,,none,low
20260510_151052,2026-05-10T15:34:33.658686,https://www.douyin.com/video/7610667151669693742,video_detail,https://www.douyin.com/video/7610667151669693742,,200,2026-05-10T15:34:33.658686,,31,,,none,low
20260510_151052,2026-05-10T15:34:37.999177,https://www.douyin.com/video/7610673409453853967,video_detail,https://www.douyin.com/video/7610673409453853967,,200,2026-05-10T15:34:37.999177,,27,,,none,low
20260510_151052,2026-05-10T15:34:41.026288,https://www.douyin.com/video/7610679843012830386,video_detail,https://www.douyin.com/video/7610679843012830386,,200,2026-05-10T15:34:41.026288,,70,1,network_response_29,exact,high
20260510_151052,2026-05-10T15:34:50.868819,https://www.douyin.com/video/7610680161973182626,video_detail,https://www.douyin.com/video/7610680161973182626,,200,2026-05-10T15:34:50.868819,,36,,network_response_33,exact,high
20260510_151052,2026-05-10T15:34:56.731911,https://www.douyin.com/video/7610681454888062214,video_detail,https://www.douyin.com/video/7610681454888062214,,200,2026-05-10T15:34:56.731911,,75,1,network_response_72,exact,high
20260510_151052,2026-05-10T15:35:04.853334,https://www.douyin.com/video/7610683091778030883,video_detail,https://www.douyin.com/video/7610683091778030883,,200,2026-05-10T15:35:04.853334,,27,,network_response_25,exact,high
20260510_151052,2026-05-10T15:35:07.773792,https://www.douyin.com/video/7610693130987444707,video_detail,https://www.douyin.com/video/7610693130987444707,,200,2026-05-10T15:35:07.773792,,72,1,network_response_63,exact,high
20260510_151052,2026-05-10T15:35:15.161367,https://www.douyin.com/video/7610700099760475392,video_detail,https://www.douyin.com/video/7610700099760475392,,200,2026-05-10T15:35:15.161367,,27,,network_response_26,exact,high
20260510_151052,2026-05-10T15:35:18.020152,https://www.douyin.com/video/7610706224660730088,video_detail,https://www.douyin.com/video/7610706224660730088,,200,2026-05-10T15:35:18.020152,,72,1,network_response_70,exact,high
20260510_151052,2026-05-10T15:35:26.300013,https://www.douyin.com/video/7610711614341385499,video_detail,https://www.douyin.com/video/7610711614341385499,,200,2026-05-10T15:35:26.300013,,71,1,network_response_58,exact,high
20260510_151052,2026-05-10T15:35:33.402337,https://www.douyin.com/video/7610717840077317299,video_detail,https://www.douyin.com/video/7610717840077317299,,200,2026-05-10T15:35:33.402337,,71,1,network_response_68,exact,high
20260510_151052,2026-05-10T15:35:41.277681,https://www.douyin.com/video/7610719563105849265,video_detail,https://www.douyin.com/video/7610719563105849265,,200,2026-05-10T15:35:41.277681,,73,1,network_response_69,exact,high
20260510_151052,2026-05-10T15:35:51.990111,https://www.douyin.com/video/7610721154919058724,video_detail,https://www.douyin.com/video/7610721154919058724,,200,2026-05-10T15:35:51.990111,,61,1,network_response_48,exact,high
20260510_151052,2026-05-10T15:36:02.291819,https://www.douyin.com/video/7610725855181933858,video_detail,https://www.douyin.com/video/7610725855181933858,,200,2026-05-10T15:36:02.291819,,47,,network_response_34,exact,high
20260510_151052,2026-05-10T15:36:10.598245,https://www.douyin.com/video/7610729508840525227,video_detail,https://www.douyin.com/video/7610729508840525227,,200,2026-05-10T15:36:10.598245,,11,,,none,low
20260510_151052,2026-05-10T15:36:13.171104,https://www.douyin.com/video/7610729707512843252,video_detail,https://www.douyin.com/video/7610729707512843252,,200,2026-05-10T15:36:13.171104,,27,,network_response_25,exact,high
20260510_151052,2026-05-10T15:36:16.306211,https://www.douyin.com/video/7610729799836847366,video_detail,https://www.douyin.com/video/7610729799836847366,,200,2026-05-10T15:36:16.306211,,28,,network_response_27,exact,high
20260510_151052,2026-05-10T15:36:19.548086,https://www.douyin.com/video/7610730950833523994,video_detail,https://www.douyin.com/video/7610730950833523994,,200,2026-05-10T15:36:19.548086,,28,,network_response_27,exact,high
20260510_151052,2026-05-10T15:36:22.716800,https://www.douyin.com/video/7610734105476001971,video_detail,https://www.douyin.com/video/7610734105476001971,,200,2026-05-10T15:36:22.716800,,28,,network_response_21,exact,high
20260510_151052,2026-05-10T15:36:27.222364,https://www.douyin.com/video/7610736802383050929,video_detail,https://www.douyin.com/video/7610736802383050929,,200,2026-05-10T15:36:27.222364,,28,,network_response_27,exact,high
20260510_151052,2026-05-10T15:36:30.557313,https://www.douyin.com/video/7610737490655284506,video_detail,https://www.douyin.com/video/7610737490655284506,,200,2026-05-10T15:36:30.557313,,76,1,network_response_75,exact,high
20260510_151052,2026-05-10T15:36:40.815528,https://www.douyin.com/video/7610738637801557288,video_detail,https://www.douyin.com/video/7610738637801557288,,200,2026-05-10T15:36:40.815528,,18,,,none,low
20260510_151052,2026-05-10T15:36:45.159930,https://www.douyin.com/video/7610739076781690118,video_detail,https://www.douyin.com/video/7610739076781690118,,200,2026-05-10T15:36:45.159930,,74,1,network_response_69,exact,high
20260510_151052,2026-05-10T15:36:55.187673,https://www.douyin.com/video/7610741877964596145,video_detail,https://www.douyin.com/video/7610741877964596145,,200,2026-05-10T15:36:55.187673,,36,,network_response_33,exact,high
20260510_151052,2026-05-10T15:37:01.909590,https://www.douyin.com/video/7610743143541099826,video_detail,https://www.douyin.com/video/7610743143541099826,,200,2026-05-10T15:37:01.909590,,75,1,network_response_29,exact,high
20260510_151052,2026-05-10T15:37:11.023087,https://www.douyin.com/video/7610743504322448691,video_detail,https://www.douyin.com/video/7610743504322448691,,200,2026-05-10T15:37:11.023087,,69,1,network_response_32,exact,high
20260510_151052,2026-05-10T15:37:19.457210,https://www.douyin.com/video/7610746540487381568,video_detail,https://www.douyin.com/video/7610746540487381568,,200,2026-05-10T15:37:19.457210,,82,1,network_response_63,exact,high
20260510_151052,2026-05-10T15:37:35.042887,https://www.douyin.com/video/7610746545448733998,video_detail,https://www.douyin.com/video/7610746545448733998,,200,2026-05-10T15:37:35.042887,,66,1,network_response_32,exact,high
20260510_151052,2026-05-10T15:37:43.746159,https://www.douyin.com/video/7610747552861850931,video_detail,https://www.douyin.com/video/7610747552861850931,,200,2026-05-10T15:37:43.746159,,86,1,network_response_32,exact,high
20260510_151052,2026-05-10T15:38:00.883524,https://www.douyin.com/video/7610748585131923451,video_detail,https://www.douyin.com/video/7610748585131923451,,200,2026-05-10T15:38:00.883524,,79,1,network_response_30,exact,high
20260510_151052,2026-05-10T15:38:13.877916,https://www.douyin.com/video/7610749861453595822,video_detail,https://www.douyin.com/video/7610749861453595822,,200,2026-05-10T15:38:13.877916,,65,1,network_response_33,exact,high
20260510_151052,2026-05-10T15:38:21.980402,https://www.douyin.com/video/7610753434442140968,video_detail,https://www.douyin.com/video/7610753434442140968,,200,2026-05-10T15:38:21.980402,,72,1,network_response_32,exact,high
20260510_151052,2026-05-10T15:38:31.150596,https://www.douyin.com/video/7610755662263422214,video_detail,https://www.douyin.com/video/7610755662263422214,,200,2026-05-10T15:38:31.150596,,76,1,network_response_33,exact,high
20260510_151052,2026-05-10T15:38:41.594201,https://www.douyin.com/video/7610758765083659562,video_detail,https://www.douyin.com/video/7610758765083659562,,200,2026-05-10T15:38:41.594201,,32,,network_response_29,exact,high
20260510_151052,2026-05-10T15:38:46.605855,https://www.douyin.com/video/7610762657645301042,video_detail,https://www.douyin.com/video/7610762657645301042,,200,2026-05-10T15:38:46.605855,,79,1,network_response_74,exact,high
20260510_151052,2026-05-10T15:38:56.135958,https://www.douyin.com/video/7610762906937855266,video_detail,https://www.douyin.com/video/7610762906937855266,,200,2026-05-10T15:38:56.135958,,30,,network_response_28,exact,high
20260510_151052,2026-05-10T15:39:03.255276,https://www.douyin.com/video/7610765578827025702,video_detail,https://www.douyin.com/video/7610765578827025702,,200,2026-05-10T15:39:03.255276,,73,1,network_response_70,exact,high
20260510_151052,2026-05-10T15:39:12.815543,https://www.douyin.com/video/7610769968813141730,video_detail,https://www.douyin.com/video/7610769968813141730,,200,2026-05-10T15:39:12.815543,,69,1,,none,low
20260510_151052,2026-05-10T15:39:22.176603,https://www.douyin.com/video/7610777465354554667,video_detail,https://www.douyin.com/video/7610777465354554667,,200,2026-05-10T15:39:22.176603,,28,,network_response_27,exact,high
20260510_151052,2026-05-10T15:39:27.266438,https://www.douyin.com/video/7610781123358779510,video_detail,https://www.douyin.com/video/7610781123358779510,,200,2026-05-10T15:39:27.266438,,61,1,network_response_32,exact,high
20260510_151052,2026-05-10T15:39:36.454658,https://www.douyin.com/video/7610786187380329782,video_detail,https://www.douyin.com/jingxuan?previous_page=web_video_404_link&modal_id=7636990947095481619,,200,2026-05-10T15:39:36.454658,,69,1,network_response_45,exact,high
20260510_151052,2026-05-10T15:39:50.985007,https://www.douyin.com/video/7610789659672579337,video_detail,https://www.douyin.com/video/7610789659672579337,,200,2026-05-10T15:39:50.985007,,71,1,network_response_69,exact,high
20260510_151052,2026-05-10T15:40:00.959656,https://www.douyin.com/video/7610791413408247653,video_detail,https://www.douyin.com/video/7610791413408247653,,200,2026-05-10T15:40:00.959656,,29,,network_response_26,exact,high
20260510_151052,2026-05-10T15:40:07.124017,https://www.douyin.com/video/7610792639998391138,video_detail,https://www.douyin.com/video/7610792639998391138,,200,2026-05-10T15:40:07.124017,,34,,network_response_20,exact,high
20260510_151052,2026-05-10T15:40:12.977908,https://www.douyin.com/video/7610792924393098536,video_detail,https://www.douyin.com/video/7610792924393098536,,200,2026-05-10T15:40:12.977908,,86,1,network_response_32,exact,high
20260510_151052,2026-05-10T15:40:27.831796,https://www.douyin.com/video/7610796850376022011,video_detail,https://www.douyin.com/video/7610796850376022011,,200,2026-05-10T15:40:27.831796,,71,1,network_response_35,exact,high
20260510_151052,2026-05-10T15:40:38.855805,https://www.douyin.com/video/7610797436382104884,video_detail,https://www.douyin.com/video/7610797436382104884,,200,2026-05-10T15:40:38.855805,,28,,network_response_27,exact,high
20260510_151052,2026-05-10T15:40:43.509461,https://www.douyin.com/video/7610801871120256265,video_detail,https://www.douyin.com/video/7610801871120256265,,200,2026-05-10T15:40:43.509461,,27,,,none,low
20260510_151052,2026-05-10T15:40:46.289774,https://www.douyin.com/video/7610802683535969571,video_detail,https://www.douyin.com/video/7610802683535969571,,200,2026-05-10T15:40:46.289774,,73,1,network_response_29,exact,high
20260510_151052,2026-05-10T15:40:56.839467,https://www.douyin.com/video/7610803926492810559,video_detail,https://www.douyin.com/video/7610803926492810559,,200,2026-05-10T15:40:56.839467,,70,1,network_response_26,exact,high
20260510_151052,2026-05-10T15:41:06.619341,https://www.douyin.com/video/7610812132124347674,video_detail,https://www.douyin.com/video/7610812132124347674,,200,2026-05-10T15:41:06.619341,,28,,network_response_27,exact,high
20260510_151052,2026-05-10T15:41:10.706333,https://www.douyin.com/video/7610818309927875046,video_detail,https://www.douyin.com/video/7610818309927875046,,200,2026-05-10T15:41:10.706333,,75,1,network_response_71,exact,high
20260510_151052,2026-05-10T15:41:21.316656,https://www.douyin.com/video/7610833039454670095,video_detail,https://www.douyin.com/video/7610833039454670095,,200,2026-05-10T15:41:21.316656,,27,,,none,low
20260510_151052,2026-05-10T15:41:25.443479,https://www.douyin.com/video/7610867072432015818,video_detail,https://www.douyin.com/video/7610867072432015818,,200,2026-05-10T15:41:25.443479,,39,,network_response_25,exact,high
20260510_151052,2026-05-10T15:41:31.555599,https://www.douyin.com/video/7610998069269695780,video_detail,https://www.douyin.com/video/7610998069269695780,,200,2026-05-10T15:41:31.555599,,32,,network_response_25,exact,high
20260510_151052,2026-05-10T15:41:36.451185,https://www.douyin.com/video/7611011317172450661,video_detail,https://www.douyin.com/video/7611011317172450661,,200,2026-05-10T15:41:36.451185,,28,,network_response_26,exact,high
20260510_151052,2026-05-10T15:41:39.877326,https://www.douyin.com/video/7611013457718054187,video_detail,https://www.douyin.com/video/7611013457718054187,,200,2026-05-10T15:41:39.877326,,59,1,network_response_27,exact,high
20260510_151052,2026-05-10T15:41:47.976135,https://www.douyin.com/video/7611018286372762310,video_detail,https://www.douyin.com/video/7611018286372762310,,200,2026-05-10T15:41:47.976135,,49,1,network_response_29,exact,high
20260510_151052,2026-05-10T15:41:56.420102,https://www.douyin.com/video/7611020792889783273,video_detail,https://www.douyin.com/video/7611020792889783273,,200,2026-05-10T15:41:56.420102,,28,,network_response_22,exact,high
20260510_151052,2026-05-10T15:42:01.883044,https://www.douyin.com/video/7611027972534832422,video_detail,https://www.douyin.com/video/7611027972534832422,,200,2026-05-10T15:42:01.883044,,28,,network_response_23,exact,high
20260510_151052,2026-05-10T15:42:06.213280,https://www.douyin.com/video/7611033049689525547,video_detail,https://www.douyin.com/video/7611033049689525547,,200,2026-05-10T15:42:06.213280,,28,,network_response_27,exact,high
20260510_151052,2026-05-10T15:42:09.387045,https://www.douyin.com/video/7611037789966126382,video_detail,https://www.douyin.com/video/7611037789966126382,,200,2026-05-10T15:42:09.387045,,58,1,,none,low
20260510_151052,2026-05-10T15:42:17.253138,https://www.douyin.com/video/7611043588604005651,video_detail,https://www.douyin.com/video/7611043588604005651,,200,2026-05-10T15:42:17.253138,,61,1,network_response_29,exact,high
20260510_151052,2026-05-10T15:42:27.204876,https://www.douyin.com/video/7611045889054555877,video_detail,https://www.douyin.com/video/7611045889054555877,,200,2026-05-10T15:42:27.204876,,34,,network_response_24,exact,high
20260510_151052,2026-05-10T15:42:33.484544,https://www.douyin.com/video/7611052408839490831,video_detail,https://www.douyin.com/video/7611052408839490831,,200,2026-05-10T15:42:33.484544,,69,1,network_response_30,exact,high
20260510_151052,2026-05-10T15:42:41.768110,https://www.douyin.com/video/7611055897909022003,video_detail,https://www.douyin.com/video/7611055897909022003,,200,2026-05-10T15:42:41.768110,,73,1,network_response_31,exact,high
20260510_151052,2026-05-10T15:42:50.841964,https://www.douyin.com/video/7611061544587234566,video_detail,https://www.douyin.com/video/7611061544587234566,,200,2026-05-10T15:42:50.841964,,27,,network_response_25,exact,high
20260510_151052,2026-05-10T15:42:54.476491,https://www.douyin.com/video/7611072238611123519,video_detail,https://www.douyin.com/video/7611072238611123519,,200,2026-05-10T15:42:54.476491,,73,1,network_response_27,exact,high
20260510_151052,2026-05-10T15:43:02.965421,https://www.douyin.com/video/7611074938762364921,video_detail,https://www.douyin.com/video/7611074938762364921,,200,2026-05-10T15:43:02.965421,,74,1,network_response_73,exact,high
20260510_151052,2026-05-10T15:43:11.702929,https://www.douyin.com/video/7611075018357423013,video_detail,https://www.douyin.com/video/7611075018357423013,,200,2026-05-10T15:43:11.702929,,26,,,none,low
20260510_151052,2026-05-10T15:43:14.466471,https://www.douyin.com/video/7611079015830506786,video_detail,https://www.douyin.com/video/7611079015830506786,,200,2026-05-10T15:43:14.466471,,74,1,network_response_35,exact,high
20260510_151052,2026-05-10T15:43:22.248665,https://www.douyin.com/video/7611083533703990571,video_detail,https://www.douyin.com/video/7611083533703990571,,200,2026-05-10T15:43:22.248665,,27,,,none,low
20260510_151052,2026-05-10T15:43:24.746763,https://www.douyin.com/video/7611083792229034725,video_detail,https://www.douyin.com/video/7611083792229034725,,200,2026-05-10T15:43:24.746763,,27,,,none,low
20260510_151052,2026-05-10T15:43:28.913262,https://www.douyin.com/video/7611084877173345551,video_detail,https://www.douyin.com/video/7611084877173345551,,200,2026-05-10T15:43:28.913262,,33,,network_response_29,exact,high
20260510_151052,2026-05-10T15:43:34.782158,https://www.douyin.com/video/7611090164215024948,video_detail,https://www.douyin.com/video/7611090164215024948,,200,2026-05-10T15:43:34.782158,,88,1,network_response_75,exact,high
20260510_151052,2026-05-10T15:43:49.926181,https://www.douyin.com/video/7611093412703472911,video_detail,https://www.douyin.com/video/7611093412703472911,,200,2026-05-10T15:43:49.926181,,24,,,none,low
20260510_151052,2026-05-10T15:44:14.429778,https://www.douyin.com/video/7611096109804555530,video_detail,https://www.douyin.com/video/7611096109804555530,,200,2026-05-10T15:44:14.429778,,79,1,network_response_30,exact,high
20260510_151052,2026-05-10T15:44:27.742544,https://www.douyin.com/video/7611096123570130239,video_detail,https://www.douyin.com/video/7611096123570130239,,200,2026-05-10T15:44:27.742544,,72,1,network_response_35,exact,high
20260510_151052,2026-05-10T15:44:38.419220,https://www.douyin.com/video/7611096265891328433,video_detail,https://www.douyin.com/video/7611096265891328433,,200,2026-05-10T15:44:38.419220,,19,,,none,low
20260510_151052,2026-05-10T15:44:40.947359,https://www.douyin.com/video/7611098364306738021,video_detail,https://www.douyin.com/video/7611098364306738021,,200,2026-05-10T15:44:40.947359,,23,,,none,low
20260510_151052,2026-05-10T15:44:43.916024,https://www.douyin.com/video/7611100399365836115,video_detail,https://www.douyin.com/video/7611100399365836115,,200,2026-05-10T15:44:43.916024,,78,1,network_response_71,exact,high
20260510_151052,2026-05-10T15:44:55.126278,https://www.douyin.com/video/7611101579597892340,video_detail,https://www.douyin.com/video/7611101579597892340,,200,2026-05-10T15:44:55.126278,,83,1,network_response_74,exact,high
20260510_151052,2026-05-10T15:45:09.247791,https://www.douyin.com/video/7611102135735815458,video_detail,https://www.douyin.com/video/7611102135735815458,,200,2026-05-10T15:45:09.247791,,28,,,none,low
20260510_151052,2026-05-10T15:45:16.221307,https://www.douyin.com/video/7611103456983567625,video_detail,https://www.douyin.com/video/7611103456983567625,,200,2026-05-10T15:45:16.221307,,33,,network_response_23,exact,high
20260510_151052,2026-05-10T15:45:22.719271,https://www.douyin.com/video/7611103881086455103,video_detail,https://www.douyin.com/video/7611103881086455103,,200,2026-05-10T15:45:22.719271,,29,,network_response_23,exact,high
20260510_151052,2026-05-10T15:45:26.496816,https://www.douyin.com/video/7611104313548573998,video_detail,https://www.douyin.com/video/7611104313548573998,,200,2026-05-10T15:45:26.496816,,34,,network_response_30,exact,high
20260510_151052,2026-05-10T15:45:31.935744,https://www.douyin.com/video/7611105498808454463,video_detail,https://www.douyin.com/video/7611105498808454463,,200,2026-05-10T15:45:31.935744,,74,1,network_response_30,exact,high
20260510_151052,2026-05-10T15:45:42.164452,https://www.douyin.com/video/7611106829761908020,video_detail,https://www.douyin.com/video/7611106829761908020,,200,2026-05-10T15:45:42.164452,,17,,,none,low
20260510_151052,2026-05-10T15:45:45.775357,https://www.douyin.com/video/7611112635064952165,video_detail,https://www.douyin.com/video/7611112635064952165,,200,2026-05-10T15:45:45.775357,,28,,network_response_26,exact,high
20260510_151052,2026-05-10T15:45:49.007009,https://www.douyin.com/video/7611114675740118310,video_detail,https://www.douyin.com/video/7611114675740118310,,200,2026-05-10T15:45:49.007009,,29,,network_response_25,exact,high
20260510_151052,2026-05-10T15:45:53.143314,https://www.douyin.com/video/7611114974517185819,video_detail,https://www.douyin.com/video/7611114974517185819,,200,2026-05-10T15:45:53.143314,,19,,,none,low
20260510_151052,2026-05-10T15:45:55.652692,https://www.douyin.com/video/7611117303438118194,video_detail,https://www.douyin.com/video/7611117303438118194,,200,2026-05-10T15:45:55.652692,,28,,network_response_26,exact,high
20260510_151052,2026-05-10T15:45:58.947013,https://www.douyin.com/video/7611117612667292968,video_detail,https://www.douyin.com/video/7611117612667292968,,200,2026-05-10T15:45:58.947013,,28,,network_response_27,exact,high
20260510_151052,2026-05-10T15:46:03.006264,https://www.douyin.com/video/7611117630241410313,video_detail,https://www.douyin.com/video/7611117630241410313,,200,2026-05-10T15:46:03.006264,,35,,network_response_33,exact,high
20260510_151052,2026-05-10T15:46:10.246250,https://www.douyin.com/video/7611118740822716282,video_detail,https://www.douyin.com/video/7611118740822716282,,200,2026-05-10T15:46:10.246250,,93,1,network_response_79,exact,high
20260510_151052,2026-05-10T15:46:24.448511,https://www.douyin.com/video/7611123147353832697,video_detail,https://www.douyin.com/video/7611123147353832697,,200,2026-05-10T15:46:24.448511,,27,,,none,low
20260510_151052,2026-05-10T15:46:46.191978,https://www.douyin.com/video/7611125350038293801,video_detail,https://www.douyin.com/video/7611125350038293801,,200,2026-05-10T15:46:46.191978,,25,,,none,low
20260510_151052,2026-05-10T15:46:48.499674,https://www.douyin.com/video/7611125935995326363,video_detail,https://www.douyin.com/video/7611125935995326363,,200,2026-05-10T15:46:48.499674,,27,,,none,low
20260510_151052,2026-05-10T15:46:50.880113,https://www.douyin.com/video/7611129313949125903,video_detail,https://www.douyin.com/video/7611129313949125903,,200,2026-05-10T15:46:50.880113,,76,1,network_response_32,exact,high
20260510_151052,2026-05-10T15:46:59.076789,https://www.douyin.com/video/7611129536964562214,video_detail,https://www.douyin.com/video/7611129536964562214,,200,2026-05-10T15:46:59.076789,,73,1,network_response_29,exact,high
20260510_151052,2026-05-10T15:47:06.884876,https://www.douyin.com/video/7611135398470864168,video_detail,https://www.douyin.com/video/7611135398470864168,,200,2026-05-10T15:47:06.884876,,28,,network_response_27,exact,high
20260510_151052,2026-05-10T15:47:11.742163,https://www.douyin.com/video/7611135958389427507,video_detail,https://www.douyin.com/video/7611135958389427507,,200,2026-05-10T15:47:11.742163,,78,1,network_response_26,exact,high
20260510_151052,2026-05-10T15:47:21.465053,https://www.douyin.com/video/7611135969429404095,video_detail,https://www.douyin.com/video/7611135969429404095,,200,2026-05-10T15:47:21.465053,,28,,network_response_27,exact,high
20260510_151052,2026-05-10T15:47:26.501692,https://www.douyin.com/video/7611136456778643562,video_detail,https://www.douyin.com/video/7611136456778643562,,200,2026-05-10T15:47:26.501692,,32,,,none,low
20260510_151052,2026-05-10T15:47:32.338529,https://www.douyin.com/video/7611136492157194225,video_detail,https://www.douyin.com/video/7611136492157194225,,200,2026-05-10T15:47:32.338529,,92,1,network_response_74,exact,high
20260510_151052,2026-05-10T15:47:47.616842,https://www.douyin.com/video/7611141230974879482,video_detail,https://www.douyin.com/video/7611141230974879482,,200,2026-05-10T15:47:47.616842,,71,1,network_response_70,exact,high
20260510_151052,2026-05-10T15:47:57.040626,https://www.douyin.com/video/7611141804808834330,video_detail,https://www.douyin.com/video/7611141804808834330,,200,2026-05-10T15:47:57.040626,,75,1,network_response_73,exact,high
20260510_151052,2026-05-10T15:48:06.279011,https://www.douyin.com/video/7611149861840325914,video_detail,https://www.douyin.com/video/7611149861840325914,,200,2026-05-10T15:48:06.279011,,72,1,network_response_66,exact,high
20260510_151052,2026-05-10T15:48:14.909013,https://www.douyin.com/video/7611154023076482356,video_detail,https://www.douyin.com/video/7611154023076482356,,200,2026-05-10T15:48:14.909013,,19,,,none,low
20260510_151052,2026-05-10T15:48:17.615826,https://www.douyin.com/video/7611157715930351295,video_detail,https://www.douyin.com/video/7611157715930351295,,200,2026-05-10T15:48:17.615826,,27,,,none,low
20260510_151052,2026-05-10T15:48:20.411973,https://www.douyin.com/video/7611160582393187594,video_detail,https://www.douyin.com/video/7611160582393187594,,200,2026-05-10T15:48:20.411973,,78,1,network_response_73,exact,high
20260510_151052,2026-05-10T15:48:30.369211,https://www.douyin.com/video/7611163927775696714,video_detail,https://www.douyin.com/video/7611163927775696714,,200,2026-05-10T15:48:30.369211,,79,1,network_response_65,exact,high
20260510_151052,2026-05-10T15:48:44.460652,https://www.douyin.com/video/7611165249701465371,video_detail,https://www.douyin.com/video/7611165249701465371,,200,2026-05-10T15:48:44.460652,,77,1,network_response_71,exact,high
20260510_151052,2026-05-10T15:49:03.202769,https://www.douyin.com/video/7611165603060226491,video_detail,https://www.douyin.com/video/7611165603060226491,,200,2026-05-10T15:49:03.202769,,33,,network_response_30,exact,high
20260510_151052,2026-05-10T15:49:09.206415,https://www.douyin.com/video/7611168045582617866,video_detail,https://www.douyin.com/video/7611168045582617866,,200,2026-05-10T15:49:09.206415,,31,,network_response_14,exact,high
20260510_151052,2026-05-10T15:49:14.156426,https://www.douyin.com/video/7611171896062676259,video_detail,https://www.douyin.com/video/7611171896062676259,,200,2026-05-10T15:49:14.156426,,31,,network_response_30,exact,high
20260510_151052,2026-05-10T15:49:19.003122,https://www.douyin.com/video/7611175900909964595,video_detail,https://www.douyin.com/video/7611175900909964595,,200,2026-05-10T15:49:19.003122,,77,1,network_response_28,exact,high
20260510_151052,2026-05-10T15:49:29.101179,https://www.douyin.com/video/7611189754108874010,video_detail,https://www.douyin.com/video/7611189754108874010,,200,2026-05-10T15:49:29.101179,,28,,network_response_24,exact,high
20260510_151052,2026-05-10T15:49:33.636005,https://www.douyin.com/video/7611196583253740838,video_detail,https://www.douyin.com/video/7611196583253740838,,200,2026-05-10T15:49:33.636005,,27,,network_response_26,exact,high
20260510_151052,2026-05-10T15:49:37.275609,https://www.douyin.com/video/7611219903841350265,video_detail,https://www.douyin.com/video/7611219903841350265,,200,2026-05-10T15:49:37.275609,,28,,network_response_27,exact,high
20260510_151052,2026-05-10T15:49:41.157467,https://www.douyin.com/video/7611226389173341466,video_detail,https://www.douyin.com/video/7611226389173341466,,200,2026-05-10T15:49:41.157467,,28,,,none,low
20260510_151052,2026-05-10T15:49:44.684191,https://www.douyin.com/video/7611239866415746355,video_detail,https://www.douyin.com/video/7611239866415746355,,200,2026-05-10T15:49:44.684191,,79,1,network_response_72,exact,high
20260510_151052,2026-05-10T15:49:56.559991,https://www.douyin.com/video/7611251949962349859,video_detail,https://www.douyin.com/video/7611251949962349859,,200,2026-05-10T15:49:56.559991,,84,1,network_response_33,exact,high
20260510_151052,2026-05-10T15:50:14.456783,https://www.douyin.com/video/7611256307223399716,video_detail,https://www.douyin.com/video/7611256307223399716,,200,2026-05-10T15:50:14.456783,,30,,,none,low
20260510_151052,2026-05-10T15:50:20.742128,https://www.douyin.com/video/7611274869514940259,video_detail,https://www.douyin.com/video/7611274869514940259,,200,2026-05-10T15:50:20.742128,,79,1,network_response_78,exact,high
20260510_151052,2026-05-10T15:50:32.885208,https://www.douyin.com/video/7611283653557046543,video_detail,https://www.douyin.com/video/7611283653557046543,,200,2026-05-10T15:50:32.885208,,17,,network_response_16,exact,high
20260510_151052,2026-05-10T15:50:36.327369,https://www.douyin.com/video/7611291427854617862,video_detail,https://www.douyin.com/video/7611291427854617862,,200,2026-05-10T15:50:36.327369,,79,1,network_response_62,exact,high
20260510_151052,2026-05-10T15:50:49.518123,https://www.douyin.com/video/7611351388479638810,video_detail,https://www.douyin.com/video/7611351388479638810,,200,2026-05-10T15:50:49.518123,,72,1,network_response_68,exact,high
20260510_151052,2026-05-10T15:51:02.055244,https://www.douyin.com/video/7611355686668078336,video_detail,https://www.douyin.com/video/7611355686668078336,,200,2026-05-10T15:51:02.055244,,75,1,network_response_63,exact,high
20260510_151052,2026-05-10T15:51:12.461093,https://www.douyin.com/video/7611364418932296996,video_detail,https://www.douyin.com/video/7611364418932296996,,200,2026-05-10T15:51:12.461093,,53,1,network_response_25,exact,high
20260510_151052,2026-05-10T15:51:18.280027,https://www.douyin.com/video/7611368055809035520,video_detail,https://www.douyin.com/video/7611368055809035520,,200,2026-05-10T15:51:18.280027,,73,1,network_response_27,exact,high
20260510_151052,2026-05-10T15:51:29.898247,https://www.douyin.com/video/7611374663045745963,video_detail,https://www.douyin.com/video/7611374663045745963,,200,2026-05-10T15:51:29.898247,,77,1,network_response_67,exact,high
20260510_151052,2026-05-10T15:51:44.756365,https://www.douyin.com/video/7611375060230136019,video_detail,https://www.douyin.com/video/7611375060230136019,,200,2026-05-10T15:51:44.756365,,82,1,network_response_69,exact,high
20260510_151052,2026-05-10T15:52:03.031599,https://www.douyin.com/video/7611378760356531465,video_detail,https://www.douyin.com/video/7611378760356531465,,200,2026-05-10T15:52:03.031599,,33,,network_response_17,exact,high
20260510_151052,2026-05-10T15:52:09.486610,https://www.douyin.com/video/7611379590255505883,video_detail,https://www.douyin.com/video/7611379590255505883,,200,2026-05-10T15:52:09.486610,,28,,network_response_14,exact,high
20260510_151052,2026-05-10T15:52:14.234773,https://www.douyin.com/video/7611379785020869922,video_detail,https://www.douyin.com/video/7611379785020869922,,200,2026-05-10T15:52:14.234773,,80,1,network_response_26,exact,high
20260510_151052,2026-05-10T15:52:27.186546,https://www.douyin.com/video/7611381750254993082,video_detail,https://www.douyin.com/video/7611381750254993082,,200,2026-05-10T15:52:27.186546,,79,1,network_response_32,exact,high
20260510_151052,2026-05-10T15:52:42.270543,https://www.douyin.com/video/7611391285915853162,video_detail,https://www.douyin.com/video/7611391285915853162,,200,2026-05-10T15:52:42.270543,,27,,network_response_16,exact,high
20260510_151052,2026-05-10T15:52:47.684994,https://www.douyin.com/video/7611399395455667490,video_detail,https://www.douyin.com/video/7611399395455667490,,200,2026-05-10T15:52:47.684994,,79,1,network_response_26,exact,high
20260510_151052,2026-05-10T15:53:01.209263,https://www.douyin.com/video/7611400390927495514,video_detail,https://www.douyin.com/jingxuan?modal_id=7636990947095481619,,200,2026-05-10T15:53:01.209263,,99,,network_response_32,exact,high
20260510_151052,2026-05-10T15:53:19.482773,https://www.douyin.com/video/7611404374530690319,video_detail,https://www.douyin.com/video/7611404374530690319,,200,2026-05-10T15:53:19.482773,,70,1,network_response_31,exact,high
20260510_151052,2026-05-10T15:53:27.897254,https://www.douyin.com/video/7611417618273585588,video_detail,https://www.douyin.com/video/7611417618273585588,,200,2026-05-10T15:53:27.897254,,26,,,none,low
20260510_151052,2026-05-10T15:53:31.263027,https://www.douyin.com/video/7611418352262614307,video_detail,https://www.douyin.com/video/7611418352262614307,,200,2026-05-10T15:53:31.263027,,69,1,network_response_29,exact,high
20260510_151052,2026-05-10T15:53:41.246851,https://www.douyin.com/video/7611420783990033698,video_detail,https://www.douyin.com/video/7611420783990033698,,200,2026-05-10T15:53:41.246851,,31,,,none,low
20260510_151052,2026-05-10T15:53:46.105481,https://www.douyin.com/video/7611425916975189290,video_detail,https://www.douyin.com/video/7611425916975189290,,200,2026-05-10T15:53:46.105481,,96,1,network_response_40,exact,high
20260510_151052,2026-05-10T15:54:00.596133,https://www.douyin.com/video/7611428236974755118,video_detail,https://www.douyin.com/video/7611428236974755118,,200,2026-05-10T15:54:00.596133,,72,1,network_response_38,exact,high
20260510_151052,2026-05-10T15:54:09.412649,https://www.douyin.com/video/7611428401068428544,video_detail,https://www.douyin.com/video/7611428401068428544,,200,2026-05-10T15:54:09.412649,,82,1,network_response_17,exact,high
20260510_151052,2026-05-10T15:54:24.007427,https://www.douyin.com/video/7611429641907129638,video_detail,https://www.douyin.com/video/7611429641907129638,,200,2026-05-10T15:54:24.007427,,26,,,none,low
20260510_151052,2026-05-10T15:54:28.137102,https://www.douyin.com/video/7611431555038186752,video_detail,https://www.douyin.com/video/7611431555038186752,,200,2026-05-10T15:54:28.137102,,28,,,none,low
20260510_151052,2026-05-10T15:54:30.807400,https://www.douyin.com/video/7611441307865447153,video_detail,https://www.douyin.com/video/7611441307865447153,,200,2026-05-10T15:54:30.807400,,71,1,network_response_60,exact,high
20260510_151052,2026-05-10T15:54:37.761735,https://www.douyin.com/video/7611442496220024083,video_detail,https://www.douyin.com/video/7611442496220024083,,200,2026-05-10T15:54:37.761735,,75,1,network_response_30,exact,high
20260510_151052,2026-05-10T15:54:45.130051,https://www.douyin.com/video/7611444039196739731,video_detail,https://www.douyin.com/video/7611444039196739731,,200,2026-05-10T15:54:45.130051,,13,,,none,low
20260510_151052,2026-05-10T15:54:47.209141,https://www.douyin.com/video/7611447422547528975,video_detail,https://www.douyin.com/video/7611447422547528975,,200,2026-05-10T15:54:47.209141,,11,,,none,low
20260510_151052,2026-05-10T15:54:50.460385,https://www.douyin.com/video/7611447797790838068,video_detail,https://www.douyin.com/video/7611447797790838068,,200,2026-05-10T15:54:50.460385,,33,,network_response_31,exact,high
20260510_151052,2026-05-10T15:54:55.537588,https://www.douyin.com/video/7611449739258760458,video_detail,https://www.douyin.com/video/7611449739258760458,,200,2026-05-10T15:54:55.537588,,26,,,none,low
20260510_151052,2026-05-10T15:54:57.989430,https://www.douyin.com/video/7611451108774382884,video_detail,https://www.douyin.com/video/7611451108774382884,,200,2026-05-10T15:54:57.989430,,62,1,,none,low
20260510_151052,2026-05-10T15:55:05.691183,https://www.douyin.com/video/7611453126025331178,video_detail,https://www.douyin.com/video/7611453126025331178,,200,2026-05-10T15:55:05.691183,,28,,network_response_27,exact,high
20260510_151052,2026-05-10T15:55:08.530473,https://www.douyin.com/video/7611453694109912329,video_detail,https://www.douyin.com/video/7611453694109912329,,200,2026-05-10T15:55:08.530473,,74,1,network_response_30,exact,high
20260510_151052,2026-05-10T15:55:15.313544,https://www.douyin.com/video/7611454234835324223,video_detail,https://www.douyin.com/video/7611454234835324223,,200,2026-05-10T15:55:15.313544,,26,,,none,low
20260510_151052,2026-05-10T15:55:17.546340,https://www.douyin.com/video/7611455717287928182,video_detail,https://www.douyin.com/video/7611455717287928182,,200,2026-05-10T15:55:17.546340,,28,,network_response_26,exact,high
20260510_151052,2026-05-10T15:55:20.121827,https://www.douyin.com/video/7611459412167331914,video_detail,https://www.douyin.com/video/7611459412167331914,,200,2026-05-10T15:55:20.121827,,67,1,network_response_58,exact,high
20260510_151052,2026-05-10T15:55:26.539633,https://www.douyin.com/video/7611466497757066339,video_detail,https://www.douyin.com/video/7611466497757066339,,200,2026-05-10T15:55:26.539633,,24,,,none,low
20260510_151052,2026-05-10T15:55:29.810004,https://www.douyin.com/video/7611467108735569186,video_detail,https://www.douyin.com/video/7611467108735569186,,200,2026-05-10T15:55:29.810004,,72,1,network_response_34,exact,high
20260510_151052,2026-05-10T15:55:38.242929,https://www.douyin.com/video/7611470569116110086,video_detail,https://www.douyin.com/video/7611470569116110086,,200,2026-05-10T15:55:38.242929,,52,,network_response_35,exact,high
20260510_151052,2026-05-10T15:55:45.449085,https://www.douyin.com/video/7611470931826937124,video_detail,https://www.douyin.com/video/7611470931826937124,,200,2026-05-10T15:55:45.449085,,73,1,network_response_72,exact,high
20260510_151052,2026-05-10T15:55:52.419942,https://www.douyin.com/video/7611474692729228595,video_detail,https://www.douyin.com/video/7611474692729228595,,200,2026-05-10T15:55:52.419942,,85,1,network_response_70,exact,high
20260510_151052,2026-05-10T15:56:06.259865,https://www.douyin.com/video/7611475532743527722,video_detail,https://www.douyin.com/video/7611475532743527722,,200,2026-05-10T15:56:06.259865,,21,,network_response_17,exact,high
20260510_151052,2026-05-10T15:56:10.436086,https://www.douyin.com/video/7611475643745783083,video_detail,https://www.douyin.com/video/7611475643745783083,,200,2026-05-10T15:56:10.436086,,20,,,none,low
20260510_151052,2026-05-10T15:56:12.481779,https://www.douyin.com/video/7611475745198667249,video_detail,https://www.douyin.com/video/7611475745198667249,,200,2026-05-10T15:56:12.481779,,74,1,network_response_71,exact,high
20260510_151052,2026-05-10T15:56:18.818083,https://www.douyin.com/video/7611478274371308840,video_detail,https://www.douyin.com/video/7611478274371308840,,200,2026-05-10T15:56:18.818083,,69,1,network_response_67,exact,high
20260510_151052,2026-05-10T15:56:26.655246,https://www.douyin.com/video/7611478554081037578,video_detail,https://www.douyin.com/video/7611478554081037578,,200,2026-05-10T15:56:26.655246,,71,1,network_response_52,exact,high
20260510_151052,2026-05-10T15:56:32.392341,https://www.douyin.com/video/7611478635916214523,video_detail,https://www.douyin.com/video/7611478635916214523,,200,2026-05-10T15:56:32.392341,,70,1,network_response_58,exact,high
20260510_151052,2026-05-10T15:56:39.439466,https://www.douyin.com/video/7611481198795164979,video_detail,https://www.douyin.com/video/7611481198795164979,,200,2026-05-10T15:56:39.439466,,88,1,network_response_33,exact,high
20260510_151052,2026-05-10T15:56:57.359173,https://www.douyin.com/video/7611481273887006379,video_detail,https://www.douyin.com/video/7611481273887006379,,200,2026-05-10T15:56:57.359173,,43,,network_response_34,exact,high
20260510_151052,2026-05-10T15:57:08.351192,https://www.douyin.com/video/7611482675374822534,video_detail,https://www.douyin.com/video/7611482675374822534,,200,2026-05-10T15:57:08.351192,,63,1,network_response_29,exact,high
20260510_151052,2026-05-10T15:57:20.266010,https://www.douyin.com/video/7611486783305501988,video_detail,https://www.douyin.com/video/7611486783305501988,,200,2026-05-10T15:57:20.266010,,91,1,network_response_70,exact,high
20260510_151052,2026-05-10T15:57:36.101361,https://www.douyin.com/video/7611487269387603252,video_detail,https://www.douyin.com/video/7611487269387603252,,200,2026-05-10T15:57:36.101361,,90,1,network_response_68,exact,high
20260510_151052,2026-05-10T15:57:57.078600,https://www.douyin.com/video/7611487286815824313,video_detail,https://www.douyin.com/video/7611487286815824313,,200,2026-05-10T15:57:57.078600,,56,1,network_response_29,exact,high
20260510_151052,2026-05-10T15:58:08.421653,https://www.douyin.com/video/7611487515303873802,video_detail,https://www.douyin.com/video/7611487515303873802,,200,2026-05-10T15:58:08.421653,,72,1,network_response_27,exact,high
20260510_151052,2026-05-10T15:58:22.574095,https://www.douyin.com/video/7611492012851760399,video_detail,https://www.douyin.com/video/7611492012851760399,,200,2026-05-10T15:58:22.574095,,73,1,network_response_64,exact,high
20260510_151052,2026-05-10T15:58:36.736070,https://www.douyin.com/video/7611501068048280674,video_detail,https://www.douyin.com/video/7611501068048280674,,200,2026-05-10T15:58:36.736070,,28,,network_response_27,exact,high
20260510_151052,2026-05-10T15:58:40.803078,https://www.douyin.com/video/7611502169715627963,video_detail,https://www.douyin.com/video/7611502169715627963,,200,2026-05-10T15:58:40.803078,,71,1,network_response_29,exact,high
20260510_151052,2026-05-10T15:58:50.876770,https://www.douyin.com/video/7611504602529402152,video_detail,https://www.douyin.com/video/7611504602529402152,,200,2026-05-10T15:58:50.876770,,90,1,network_response_30,exact,high
20260510_151052,2026-05-10T15:59:11.702379,https://www.douyin.com/video/7611509558498165874,video_detail,https://www.douyin.com/video/7611509558498165874,,200,2026-05-10T15:59:11.702379,,32,,network_response_27,exact,high
20260510_151052,2026-05-10T15:59:18.502444,https://www.douyin.com/video/7611510845563604234,video_detail,https://www.douyin.com/video/7611510845563604234,,200,2026-05-10T15:59:18.502444,,76,1,,none,low
20260510_151052,2026-05-10T15:59:30.338905,https://www.douyin.com/video/7611512408795827506,video_detail,https://www.douyin.com/video/7611512408795827506,,200,2026-05-10T15:59:30.338905,,72,1,network_response_67,exact,high
20260510_151052,2026-05-10T15:59:42.790661,https://www.douyin.com/video/7611513486182452531,video_detail,https://www.douyin.com/video/7611513486182452531,,200,2026-05-10T15:59:42.790661,,81,1,network_response_30,exact,high
20260510_151052,2026-05-10T15:59:59.000272,https://www.douyin.com/video/7611526108927823138,video_detail,https://www.douyin.com/video/7611526108927823138,,200,2026-05-10T15:59:59.000272,,64,1,network_response_63,exact,high
20260510_151052,2026-05-10T16:00:12.064390,https://www.douyin.com/video/7611537488699542835,video_detail,https://www.douyin.com/video/7611537488699542835,,200,2026-05-10T16:00:12.064390,,74,1,network_response_32,exact,high
20260510_151052,2026-05-10T16:00:25.226712,https://www.douyin.com/video/7611542753037569286,video_detail,https://www.douyin.com/video/7611542753037569286,,200,2026-05-10T16:00:25.226712,,75,1,network_response_25,exact,high
20260510_151052,2026-05-10T16:00:38.055711,https://www.douyin.com/video/7611544070904696083,video_detail,https://www.douyin.com/video/7611544070904696083,,200,2026-05-10T16:00:38.055711,,85,1,network_response_72,exact,high
20260510_151052,2026-05-10T16:00:54.385407,https://www.douyin.com/video/7611549391657663397,video_detail,https://www.douyin.com/video/7611549391657663397,,200,2026-05-10T16:00:54.385407,,29,,network_response_23,exact,high
20260510_151052,2026-05-10T16:01:19.683858,https://www.douyin.com/video/7611552308753470363,video_detail,https://www.douyin.com/video/7611552308753470363,,200,2026-05-10T16:01:19.683858,,36,1,network_response_29,exact,high
20260510_151052,2026-05-10T16:01:28.563434,https://www.douyin.com/video/7611555514266193206,video_detail,https://www.douyin.com/video/7611555514266193206,,200,2026-05-10T16:01:28.563434,,33,,network_response_26,exact,high
20260510_151052,2026-05-10T16:01:36.112943,https://www.douyin.com/video/7611556418738523392,video_detail,https://www.douyin.com/video/7611556418738523392,,200,2026-05-10T16:01:36.112943,,27,,,none,low
20260510_151052,2026-05-10T16:01:40.190103,https://www.douyin.com/video/7611564814908788004,video_detail,https://www.douyin.com/video/7611564814908788004,,200,2026-05-10T16:01:40.190103,,65,1,,none,low
20260510_151052,2026-05-10T16:01:51.913438,https://www.douyin.com/video/7611565006647299370,video_detail,https://www.douyin.com/video/7611565006647299370,,200,2026-05-10T16:01:51.913438,,86,1,network_response_41,exact,high
20260510_151052,2026-05-10T16:02:08.567258,https://www.douyin.com/video/7611577920171117833,video_detail,https://www.douyin.com/video/7611577920171117833,,200,2026-05-10T16:02:08.567258,,97,1,network_response_74,exact,high
20260510_151052,2026-05-10T16:02:30.009885,https://www.douyin.com/video/7611597731531137257,video_detail,https://www.douyin.com/video/7611597731531137257,,200,2026-05-10T16:02:30.009885,,73,1,network_response_63,exact,high
20260510_151052,2026-05-10T16:02:42.410230,https://www.douyin.com/video/7611598921588100362,video_detail,https://www.douyin.com/video/7611598921588100362,,200,2026-05-10T16:02:42.410230,,12,,network_response_10,exact,high
20260510_151052,2026-05-10T16:02:46.765461,https://www.douyin.com/video/7611611279710539049,video_detail,https://www.douyin.com/video/7611611279710539049,,200,2026-05-10T16:02:46.765461,,55,1,network_response_29,exact,high
20260510_151052,2026-05-10T16:02:52.199944,https://www.douyin.com/video/7611619296996756782,video_detail,https://www.douyin.com/video/7611619296996756782,,200,2026-05-10T16:02:52.199944,,28,,network_response_27,exact,high
20260510_151052,2026-05-10T16:02:56.461200,https://www.douyin.com/video/7611619977572928778,video_detail,https://www.douyin.com/video/7611619977572928778,,200,2026-05-10T16:02:56.461200,,73,1,network_response_70,exact,high
20260510_151052,2026-05-10T16:03:09.472335,https://www.douyin.com/video/7611622646463089960,video_detail,https://www.douyin.com/video/7611622646463089960,,200,2026-05-10T16:03:09.472335,,31,,network_response_26,exact,high
20260510_151052,2026-05-10T16:03:16.101116,https://www.douyin.com/video/7611633585342952677,video_detail,https://www.douyin.com/video/7611633585342952677,,200,2026-05-10T16:03:16.101116,,28,,network_response_13,exact,high
20260510_151052,2026-05-10T16:03:21.490904,https://www.douyin.com/video/7611650376644130959,video_detail,https://www.douyin.com/video/7611650376644130959,,200,2026-05-10T16:03:21.490904,,82,1,network_response_80,exact,high
20260510_151052,2026-05-10T16:03:32.805773,https://www.douyin.com/video/7611701264426170722,video_detail,https://www.douyin.com/video/7611701264426170722,,200,2026-05-10T16:03:32.805773,,85,1,network_response_65,exact,high
20260510_151052,2026-05-10T16:03:48.812773,https://www.douyin.com/video/7611706445305793843,video_detail,https://www.douyin.com/video/7611706445305793843,,200,2026-05-10T16:03:48.812773,,71,1,network_response_65,exact,high
20260510_151052,2026-05-10T16:04:00.286156,https://www.douyin.com/video/7611721017026809142,video_detail,https://www.douyin.com/video/7611721017026809142,,200,2026-05-10T16:04:00.286156,,28,,network_response_27,exact,high
20260510_151052,2026-05-10T16:04:04.161008,https://www.douyin.com/video/7611733217149799720,video_detail,https://www.douyin.com/video/7611733217149799720,,200,2026-05-10T16:04:04.161008,,78,1,network_response_72,exact,high
20260510_151052,2026-05-10T16:04:15.781658,https://www.douyin.com/video/7611737517351521599,video_detail,https://www.douyin.com/video/7611737517351521599,,200,2026-05-10T16:04:15.781658,,28,,network_response_27,exact,high
20260510_151052,2026-05-10T16:04:21.004172,https://www.douyin.com/video/7611737798785207578,video_detail,https://www.douyin.com/video/7611737798785207578,,200,2026-05-10T16:04:21.004172,,84,1,network_response_77,exact,high
20260510_151052,2026-05-10T16:04:35.583713,https://www.douyin.com/video/7611739431167832677,video_detail,https://www.douyin.com/video/7611739431167832677,,200,2026-05-10T16:04:35.583713,,31,,,none,low
20260510_151052,2026-05-10T16:04:43.686524,https://www.douyin.com/video/7611743077669014834,video_detail,https://www.douyin.com/video/7611743077669014834,,200,2026-05-10T16:04:43.686524,,39,,network_response_31,exact,high
20260510_151052,2026-05-10T16:04:52.920740,https://www.douyin.com/video/7611756757483916582,video_detail,https://www.douyin.com/video/7611756757483916582,,200,2026-05-10T16:04:52.920740,,35,,network_response_11,exact,high
20260510_151052,2026-05-10T16:05:00.702887,https://www.douyin.com/video/7611759486058990874,video_detail,https://www.douyin.com/video/7611759486058990874,,200,2026-05-10T16:05:00.702887,,58,1,network_response_17,exact,high
20260510_151052,2026-05-10T16:05:08.859842,https://www.douyin.com/video/7611760990367092006,video_detail,https://www.douyin.com/video/7611760990367092006,,200,2026-05-10T16:05:08.859842,,30,,network_response_26,exact,high
20260510_151052,2026-05-10T16:05:12.631007,https://www.douyin.com/video/7611764091195906163,video_detail,https://www.douyin.com/video/7611764091195906163,,200,2026-05-10T16:05:12.631007,,29,,network_response_28,exact,high
20260510_151052,2026-05-10T16:05:15.959602,https://www.douyin.com/video/7611767406167412010,video_detail,https://www.douyin.com/video/7611767406167412010,,200,2026-05-10T16:05:15.959602,,56,1,network_response_28,exact,high
20260510_151052,2026-05-10T16:05:24.430051,https://www.douyin.com/video/7611772542478470438,video_detail,https://www.douyin.com/video/7611772542478470438,,200,2026-05-10T16:05:24.430051,,62,1,network_response_28,exact,high
20260510_151052,2026-05-10T16:05:35.158182,https://www.douyin.com/video/7611772889654477541,video_detail,https://www.douyin.com/video/7611772889654477541,,200,2026-05-10T16:05:35.158182,,56,1,network_response_30,exact,high
20260510_151052,2026-05-10T16:05:47.651074,https://www.douyin.com/video/7611781654897593600,video_detail,https://www.douyin.com/video/7611781654897593600,,200,2026-05-10T16:05:47.651074,,59,1,,none,low
20260510_151052,2026-05-10T16:05:59.718301,https://www.douyin.com/video/7611788120815684915,video_detail,https://www.douyin.com/video/7611788120815684915,,200,2026-05-10T16:05:59.718301,,35,,network_response_21,exact,high
20260510_151052,2026-05-10T16:06:27.220700,https://www.douyin.com/video/7611792277211548928,video_detail,https://www.douyin.com/video/7611792277211548928,,200,2026-05-10T16:06:27.220700,,32,,network_response_16,exact,high
20260510_151052,2026-05-10T16:06:33.634880,https://www.douyin.com/video/7611801105441344778,video_detail,https://www.douyin.com/video/7611801105441344778,,200,2026-05-10T16:06:33.634880,,29,,network_response_19,exact,high
20260510_151052,2026-05-10T16:06:38.503325,https://www.douyin.com/video/7611807147693480123,video_detail,https://www.douyin.com/video/7611807147693480123,,200,2026-05-10T16:06:38.503325,,29,,network_response_16,exact,high
20260510_151052,2026-05-10T16:06:42.618884,https://www.douyin.com/video/7611810271555882282,video_detail,https://www.douyin.com/video/7611810271555882282,,200,2026-05-10T16:06:42.618884,,77,1,,none,low
20260510_151052,2026-05-10T16:06:56.632729,https://www.douyin.com/video/7611815474455776558,video_detail,https://www.douyin.com/video/7611815474455776558,,200,2026-05-10T16:06:56.632729,,28,,network_response_27,exact,high
20260510_151052,2026-05-10T16:07:02.951404,https://www.douyin.com/video/7611817859555134730,video_detail,https://www.douyin.com/video/7611817859555134730,,200,2026-05-10T16:07:02.951404,,76,1,network_response_29,exact,high
20260510_151052,2026-05-10T16:07:15.830290,https://www.douyin.com/video/7611821964105141550,video_detail,https://www.douyin.com/video/7611821964105141550,,200,2026-05-10T16:07:15.830290,,78,1,network_response_68,exact,high
20260510_151052,2026-05-10T16:07:27.603206,https://www.douyin.com/video/7611823912918023333,video_detail,https://www.douyin.com/video/7611823912918023333,,200,2026-05-10T16:07:27.603206,,28,,network_response_27,exact,high
20260510_151052,2026-05-10T16:07:31.560061,https://www.douyin.com/video/7611824713656225033,video_detail,https://www.douyin.com/video/7611824713656225033,,200,2026-05-10T16:07:31.560061,,73,1,network_response_26,exact,high
20260510_151052,2026-05-10T16:07:42.464938,https://www.douyin.com/video/7611826750913301798,video_detail,https://www.douyin.com/video/7611826750913301798,,200,2026-05-10T16:07:42.464938,,77,1,network_response_32,exact,high
20260510_151052,2026-05-10T16:07:58.291931,https://www.douyin.com/video/7611826895197375763,video_detail,https://www.douyin.com/video/7611826895197375763,,200,2026-05-10T16:07:58.291931,,31,,network_response_23,exact,high
20260510_151052,2026-05-10T16:08:04.128554,https://www.douyin.com/video/7611832840187104531,video_detail,https://www.douyin.com/video/7611832840187104531,,200,2026-05-10T16:08:04.128554,,28,,network_response_26,exact,high
20260510_151052,2026-05-10T16:08:08.261410,https://www.douyin.com/video/7611834147736259881,video_detail,https://www.douyin.com/video/7611834147736259881,,200,2026-05-10T16:08:08.261410,,29,,network_response_27,exact,high
20260510_151052,2026-05-10T16:08:12.939871,https://www.douyin.com/video/7611835650450459945,video_detail,https://www.douyin.com/video/7611835650450459945,,200,2026-05-10T16:08:12.939871,,27,,,none,low
20260510_151052,2026-05-10T16:08:16.188089,https://www.douyin.com/video/7611838107972947263,video_detail,https://www.douyin.com/video/7611838107972947263,,200,2026-05-10T16:08:16.188089,,28,,network_response_27,exact,high
20260510_151052,2026-05-10T16:08:19.888774,https://www.douyin.com/video/7611839389215313158,video_detail,https://www.douyin.com/video/7611839389215313158,,200,2026-05-10T16:08:19.888774,,28,,network_response_27,exact,high
20260510_151052,2026-05-10T16:08:23.446515,https://www.douyin.com/video/7611845735025364265,video_detail,https://www.douyin.com/video/7611845735025364265,,200,2026-05-10T16:08:23.446515,,78,1,network_response_29,exact,high
20260510_151052,2026-05-10T16:08:35.834528,https://www.douyin.com/video/7611845960804931505,video_detail,https://www.douyin.com/video/7611845960804931505,,200,2026-05-10T16:08:35.834528,,17,,network_response_16,exact,high
20260510_151052,2026-05-10T16:08:39.852477,https://www.douyin.com/video/7611846642219633939,video_detail,https://www.douyin.com/video/7611846642219633939,,200,2026-05-10T16:08:39.852477,,70,1,network_response_27,exact,high
20260510_151052,2026-05-10T16:08:49.419655,https://www.douyin.com/video/7611855238516968747,video_detail,https://www.douyin.com/video/7611855238516968747,,200,2026-05-10T16:08:49.419655,,82,1,network_response_73,exact,high
20260510_151052,2026-05-10T16:09:09.184884,https://www.douyin.com/video/7611856908949015860,video_detail,https://www.douyin.com/video/7611856908949015860,,200,2026-05-10T16:09:09.184884,,34,,network_response_29,exact,high
20260510_151052,2026-05-10T16:09:16.094271,https://www.douyin.com/video/7611856950862950777,video_detail,https://www.douyin.com/video/7611856950862950777,,200,2026-05-10T16:09:16.094271,,29,,network_response_26,exact,high
20260510_151052,2026-05-10T16:09:19.986392,https://www.douyin.com/video/7611857347305385061,video_detail,https://www.douyin.com/video/7611857347305385061,,200,2026-05-10T16:09:19.986392,,26,,,none,low
20260510_151052,2026-05-10T16:09:23.352975,https://www.douyin.com/video/7611857388489443237,video_detail,https://www.douyin.com/video/7611857388489443237,,200,2026-05-10T16:09:23.352975,,75,1,network_response_30,exact,high
20260510_151052,2026-05-10T16:09:34.044468,https://www.douyin.com/video/7611860090831785243,video_detail,https://www.douyin.com/video/7611860090831785243,,200,2026-05-10T16:09:34.044468,,74,1,network_response_30,exact,high
20260510_151052,2026-05-10T16:09:46.327548,https://www.douyin.com/video/7611861001247460658,video_detail,https://www.douyin.com/video/7611861001247460658,,200,2026-05-10T16:09:46.327548,,28,,network_response_25,exact,high
20260510_151052,2026-05-10T16:09:50.271327,https://www.douyin.com/video/7611863321561632019,video_detail,https://www.douyin.com/video/7611863321561632019,,200,2026-05-10T16:09:50.271327,,72,1,network_response_64,exact,high
20260510_151052,2026-05-10T16:09:57.700786,https://www.douyin.com/video/7611865446286986546,video_detail,https://www.douyin.com/video/7611865446286986546,,200,2026-05-10T16:09:57.700786,,75,1,network_response_68,exact,high
20260510_151052,2026-05-10T16:10:06.468899,https://www.douyin.com/video/7611867603467799835,video_detail,https://www.douyin.com/video/7611867603467799835,,200,2026-05-10T16:10:06.468899,,16,,,none,low
20260510_151052,2026-05-10T16:10:09.972002,https://www.douyin.com/video/7611867957752293723,video_detail,https://www.douyin.com/video/7611867957752293723,,200,2026-05-10T16:10:09.972002,,76,1,network_response_60,exact,high
20260510_151052,2026-05-10T16:10:18.794290,https://www.douyin.com/video/7611869172129107206,video_detail,https://www.douyin.com/video/7611869172129107206,,200,2026-05-10T16:10:18.794290,,38,,network_response_14,exact,high
20260510_151052,2026-05-10T16:10:24.895766,https://www.douyin.com/video/7611869489105210639,video_detail,https://www.douyin.com/video/7611869489105210639,,200,2026-05-10T16:10:24.895766,,23,,,none,low
20260510_151052,2026-05-10T16:10:27.440822,https://www.douyin.com/video/7611869867318185242,video_detail,https://www.douyin.com/video/7611869867318185242,,200,2026-05-10T16:10:27.440822,,62,1,network_response_27,exact,high
20260510_151052,2026-05-10T16:10:35.573127,https://www.douyin.com/video/7611870895082196260,video_detail,https://www.douyin.com/video/7611870895082196260,,200,2026-05-10T16:10:35.573127,,58,1,network_response_29,exact,high
20260510_151052,2026-05-10T16:10:48.176050,https://www.douyin.com/video/7611872307841158434,video_detail,https://www.douyin.com/video/7611872307841158434,,200,2026-05-10T16:10:48.176050,,50,1,network_response_30,exact,high
20260510_151052,2026-05-10T16:10:58.724451,https://www.douyin.com/video/7611873718331107962,video_detail,https://www.douyin.com/video/7611873718331107962,,200,2026-05-10T16:10:58.724451,,28,,network_response_27,exact,high
20260510_151052,2026-05-10T16:11:02.202235,https://www.douyin.com/video/7611880387370814746,video_detail,https://www.douyin.com/video/7611880387370814746,,200,2026-05-10T16:11:02.202235,,61,1,network_response_22,exact,high
20260510_151052,2026-05-10T16:11:11.447176,https://www.douyin.com/video/7611881601853197199,video_detail,https://www.douyin.com/video/7611881601853197199,,200,2026-05-10T16:11:11.447176,,27,,,none,low
20260510_151052,2026-05-10T16:11:15.149101,https://www.douyin.com/video/7611885609732328767,video_detail,https://www.douyin.com/video/7611885609732328767,,200,2026-05-10T16:11:15.149101,,28,,network_response_27,exact,high
20260510_151052,2026-05-10T16:11:18.769024,https://www.douyin.com/video/7611888026733612314,video_detail,https://www.douyin.com/video/7611888026733612314,,200,2026-05-10T16:11:18.769024,,70,1,network_response_59,exact,high
20260510_151052,2026-05-10T16:11:37.807366,https://www.douyin.com/video/7611889461894450470,video_detail,https://www.douyin.com/video/7611889461894450470,,200,2026-05-10T16:11:37.807366,,32,,network_response_19,exact,high
20260510_151052,2026-05-10T16:11:45.089791,https://www.douyin.com/video/7611891255341026560,video_detail,https://www.douyin.com/video/7611891255341026560,,200,2026-05-10T16:11:45.089791,,87,1,network_response_31,exact,high
20260510_151052,2026-05-10T16:12:03.640043,https://www.douyin.com/video/7611892161771998502,video_detail,https://www.douyin.com/video/7611892161771998502,,200,2026-05-10T16:12:03.640043,,75,1,network_response_69,exact,high
20260510_151052,2026-05-10T16:12:18.643261,https://www.douyin.com/video/7611894927395474723,video_detail,https://www.douyin.com/video/7611894927395474723,,200,2026-05-10T16:12:18.643261,,71,1,network_response_32,exact,high
20260510_151052,2026-05-10T16:12:32.281596,https://www.douyin.com/video/7611896540801682707,video_detail,https://www.douyin.com/video/7611896540801682707,,200,2026-05-10T16:12:32.281596,,31,,network_response_27,exact,high
20260510_151052,2026-05-10T16:12:38.426854,https://www.douyin.com/video/7611897590858837691,video_detail,https://www.douyin.com/video/7611897590858837691,,200,2026-05-10T16:12:38.426854,,80,1,network_response_74,exact,high
20260510_151052,2026-05-10T16:12:53.828878,https://www.douyin.com/video/7611899072740733937,video_detail,https://www.douyin.com/video/7611899072740733937,,200,2026-05-10T16:12:53.828878,,85,1,network_response_30,exact,high
20260510_151052,2026-05-10T16:13:11.139427,https://www.douyin.com/video/7611900354233404687,video_detail,https://www.douyin.com/video/7611900354233404687,,200,2026-05-10T16:13:11.139427,,63,1,network_response_30,exact,high
20260510_151052,2026-05-10T16:13:23.860758,https://www.douyin.com/video/7611902523816955199,video_detail,https://www.douyin.com/video/7611902523816955199,,200,2026-05-10T16:13:23.860758,,28,,,none,low
20260510_151052,2026-05-10T16:13:28.942565,https://www.douyin.com/video/7611905609591491846,video_detail,https://www.douyin.com/video/7611905609591491846,,200,2026-05-10T16:13:28.942565,,76,1,network_response_73,exact,high
20260510_151052,2026-05-10T16:13:46.258842,https://www.douyin.com/video/7611907345866105957,video_detail,https://www.douyin.com/video/7611907345866105957,,200,2026-05-10T16:13:46.258842,,37,,network_response_15,exact,high
20260510_151052,2026-05-10T16:13:54.281203,https://www.douyin.com/video/7611910579241880842,video_detail,https://www.douyin.com/video/7611910579241880842,,200,2026-05-10T16:13:54.281203,,88,1,network_response_29,exact,high
20260510_151052,2026-05-10T16:14:10.420054,https://www.douyin.com/video/7611910661564297115,video_detail,https://www.douyin.com/video/7611910661564297115,,200,2026-05-10T16:14:10.420054,,91,1,network_response_62,exact,high
20260510_151052,2026-05-10T16:14:25.821323,https://www.douyin.com/video/7611916010525887754,video_detail,https://www.douyin.com/video/7611916010525887754,,200,2026-05-10T16:14:25.821323,,79,1,network_response_47,exact,high
20260510_151052,2026-05-10T16:14:39.430571,https://www.douyin.com/video/7611919674149850403,video_detail,https://www.douyin.com/video/7611919674149850403,,200,2026-05-10T16:14:39.430571,,62,1,network_response_31,exact,high
20260510_151052,2026-05-10T16:14:50.001892,https://www.douyin.com/video/7611924019180348250,video_detail,https://www.douyin.com/video/7611924019180348250,,200,2026-05-10T16:14:50.001892,,26,,,none,low
20260510_151052,2026-05-10T16:14:52.900932,https://www.douyin.com/video/7611925576085678949,video_detail,https://www.douyin.com/video/7611925576085678949,,200,2026-05-10T16:14:52.900932,,93,1,network_response_28,exact,high
20260510_151052,2026-05-10T16:15:20.794758,https://www.douyin.com/video/7611925657861360948,video_detail,https://www.douyin.com/video/7611925657861360948,,200,2026-05-10T16:15:20.794758,,60,1,network_response_28,exact,high
20260510_151052,2026-05-10T16:15:32.470917,https://www.douyin.com/video/7611933222125063450,video_detail,https://www.douyin.com/video/7611933222125063450,,200,2026-05-10T16:15:32.470917,,75,1,network_response_27,exact,high
20260510_151052,2026-05-10T16:15:44.960908,https://www.douyin.com/video/7611947358317792538,video_detail,https://www.douyin.com/video/7611947358317792538,,200,2026-05-10T16:15:44.960908,,70,1,network_response_28,exact,high
20260510_151052,2026-05-10T16:15:59.697701,https://www.douyin.com/video/7611951005362893990,video_detail,https://www.douyin.com/video/7611951005362893990,,200,2026-05-10T16:15:59.697701,,44,,network_response_29,exact,high
20260510_151052,2026-05-10T16:16:09.235515,https://www.douyin.com/video/7611960578776567092,video_detail,https://www.douyin.com/video/7611960578776567092,,200,2026-05-10T16:16:09.235515,,70,1,network_response_29,exact,high
20260510_151052,2026-05-10T16:16:20.558847,https://www.douyin.com/video/7611976735559934836,video_detail,https://www.douyin.com/video/7611976735559934836,,200,2026-05-10T16:16:20.558847,,28,,network_response_27,exact,high
20260510_151052,2026-05-10T16:16:24.881795,https://www.douyin.com/video/7611992447769464107,video_detail,https://www.douyin.com/video/7611992447769464107,,200,2026-05-10T16:16:24.881795,,67,1,network_response_27,exact,high
20260510_151052,2026-05-10T16:16:33.618121,https://www.douyin.com/video/7612011156925154466,video_detail,https://www.douyin.com/video/7612011156925154466,,200,2026-05-10T16:16:33.618121,,68,1,network_response_29,exact,high
20260510_151052,2026-05-10T16:16:42.581883,https://www.douyin.com/video/7612032524281633254,video_detail,https://www.douyin.com/video/7612032524281633254,,200,2026-05-10T16:16:42.581883,,69,1,network_response_29,exact,high
20260510_151052,2026-05-10T16:16:51.860668,https://www.douyin.com/video/7612051007865998602,video_detail,https://www.douyin.com/video/7612051007865998602,,200,2026-05-10T16:16:51.860668,,29,,,none,low
20260510_151052,2026-05-10T16:16:56.273970,https://www.douyin.com/video/7612067286405675877,video_detail,https://www.douyin.com/video/7612067286405675877,,200,2026-05-10T16:16:56.273970,,72,1,network_response_31,exact,high
20260510_151052,2026-05-10T16:17:05.173135,https://www.douyin.com/video/7612070796391143601,video_detail,https://www.douyin.com/video/7612070796391143601,,200,2026-05-10T16:17:05.173135,,29,,network_response_21,exact,high
20260510_151052,2026-05-10T16:17:10.149073,https://www.douyin.com/video/7612075802619923747,video_detail,https://www.douyin.com/video/7612075802619923747,,200,2026-05-10T16:17:10.149073,,28,,network_response_27,exact,high
20260510_151052,2026-05-10T16:17:14.637465,https://www.douyin.com/video/7612089487077674111,video_detail,https://www.douyin.com/video/7612089487077674111,,200,2026-05-10T16:17:14.637465,,37,,network_response_21,exact,high
20260510_151052,2026-05-10T16:17:22.240080,https://www.douyin.com/video/7612099056899040689,video_detail,https://www.douyin.com/video/7612099056899040689,,200,2026-05-10T16:17:22.240080,,90,1,network_response_64,exact,high
20260510_151052,2026-05-10T16:17:37.510753,https://www.douyin.com/video/7612107611256704283,video_detail,https://www.douyin.com/video/7612107611256704283,,200,2026-05-10T16:17:37.510753,,92,1,network_response_48,exact,high
20260510_151052,2026-05-10T16:17:55.465845,https://www.douyin.com/video/7612108277928791296,video_detail,https://www.douyin.com/video/7612108277928791296,,200,2026-05-10T16:17:55.465845,,27,,,none,low
20260510_151052,2026-05-10T16:17:59.349538,https://www.douyin.com/video/7612115359872650511,video_detail,https://www.douyin.com/video/7612115359872650511,,200,2026-05-10T16:17:59.349538,,60,1,network_response_24,exact,high
20260510_151052,2026-05-10T16:18:07.382020,https://www.douyin.com/video/7612123014739002289,video_detail,https://www.douyin.com/video/7612123014739002289,,200,2026-05-10T16:18:07.382020,,28,,network_response_27,exact,high
20260510_151052,2026-05-10T16:18:10.946384,https://www.douyin.com/video/7612126370931428627,video_detail,https://www.douyin.com/video/7612126370931428627,,200,2026-05-10T16:18:10.946384,,25,,network_response_24,exact,high
20260510_151052,2026-05-10T16:18:14.374966,https://www.douyin.com/video/7612130069519011118,video_detail,https://www.douyin.com/video/7612130069519011118,,200,2026-05-10T16:18:14.374966,,61,1,network_response_29,exact,high
20260510_151052,2026-05-10T16:18:21.992243,https://www.douyin.com/video/7612140757281000754,video_detail,https://www.douyin.com/video/7612140757281000754,,200,2026-05-10T16:18:21.992243,,28,,network_response_27,exact,high
20260510_151052,2026-05-10T16:18:25.511471,https://www.douyin.com/video/7612147013799099529,video_detail,https://www.douyin.com/video/7612147013799099529,,200,2026-05-10T16:18:25.511471,,28,,network_response_22,exact,high
20260510_151052,2026-05-10T16:18:30.100755,https://www.douyin.com/video/7612147519673355566,video_detail,https://www.douyin.com/video/7612147519673355566,,200,2026-05-10T16:18:30.100755,,35,,network_response_32,exact,high
20260510_151052,2026-05-10T16:18:36.244637,https://www.douyin.com/video/7612151435131768090,video_detail,https://www.douyin.com/video/7612151435131768090,,200,2026-05-10T16:18:36.244637,,94,1,network_response_74,exact,high
20260510_151052,2026-05-10T16:18:50.285592,https://www.douyin.com/video/7612156631921905354,video_detail,https://www.douyin.com/video/7612156631921905354,,200,2026-05-10T16:18:50.285592,,72,1,network_response_66,exact,high
20260510_151052,2026-05-10T16:18:59.718543,https://www.douyin.com/video/7612163722804120847,video_detail,https://www.douyin.com/video/7612163722804120847,,200,2026-05-10T16:18:59.718543,,59,1,network_response_30,exact,high
20260510_151052,2026-05-10T16:19:09.809638,https://www.douyin.com/video/7612176808250789147,video_detail,https://www.douyin.com/video/7612176808250789147,,200,2026-05-10T16:19:09.809638,,29,,,none,low
20260510_151052,2026-05-10T16:19:15.138497,https://www.douyin.com/video/7612183538599536817,video_detail,https://www.douyin.com/video/7612183538599536817,,200,2026-05-10T16:19:15.138497,,29,,network_response_27,exact,high
20260510_151052,2026-05-10T16:19:20.108205,https://www.douyin.com/video/7612184600157311346,video_detail,https://www.douyin.com/video/7612184600157311346,,200,2026-05-10T16:19:20.108205,,62,1,,none,low
20260510_151052,2026-05-10T16:19:30.865984,https://www.douyin.com/video/7612190334931504384,video_detail,https://www.douyin.com/video/7612190334931504384,,200,2026-05-10T16:19:30.865984,,51,1,network_response_29,exact,high
20260510_151052,2026-05-10T16:19:41.473259,https://www.douyin.com/video/7612192431341063470,video_detail,https://www.douyin.com/video/7612192431341063470,,200,2026-05-10T16:19:41.473259,,29,,network_response_20,exact,high
20260510_151052,2026-05-10T16:19:45.607819,https://www.douyin.com/video/7612203141722934578,video_detail,https://www.douyin.com/video/7612203141722934578,,200,2026-05-10T16:19:45.607819,,58,1,network_response_23,exact,high
20260510_151052,2026-05-10T16:19:58.496892,https://www.douyin.com/video/7612208099214118196,video_detail,https://www.douyin.com/video/7612208099214118196,,200,2026-05-10T16:19:58.496892,,33,,network_response_25,exact,high
20260510_151052,2026-05-10T16:20:05.486570,https://www.douyin.com/video/7612209405483896110,video_detail,https://www.douyin.com/video/7612209405483896110,,200,2026-05-10T16:20:05.486570,,72,1,network_response_25,exact,high
20260510_151052,2026-05-10T16:20:16.073491,https://www.douyin.com/video/7612210140816663010,video_detail,https://www.douyin.com/video/7612210140816663010,,200,2026-05-10T16:20:16.073491,,81,1,network_response_62,exact,high
20260510_151052,2026-05-10T16:20:30.815566,https://www.douyin.com/video/7612211330233750501,video_detail,https://www.douyin.com/video/7612211330233750501,,200,2026-05-10T16:20:30.815566,,82,1,network_response_71,exact,high
20260510_151052,2026-05-10T16:20:46.290663,https://www.douyin.com/video/7612214208876694897,video_detail,https://www.douyin.com/video/7612214208876694897,,200,2026-05-10T16:20:46.290663,,70,1,network_response_65,exact,high
20260510_151052,2026-05-10T16:20:57.623661,https://www.douyin.com/video/7612214380813771109,video_detail,https://www.douyin.com/video/7612214380813771109,,200,2026-05-10T16:20:57.623661,,34,,network_response_28,exact,high
20260510_151052,2026-05-10T16:21:02.035791,https://www.douyin.com/video/7612215156549881142,video_detail,https://www.douyin.com/video/7612215156549881142,,200,2026-05-10T16:21:02.035791,,77,1,network_response_74,exact,high
20260510_151052,2026-05-10T16:21:15.055398,https://www.douyin.com/video/7612215224029181106,video_detail,https://www.douyin.com/video/7612215224029181106,,200,2026-05-10T16:21:15.055398,,83,1,network_response_67,exact,high
20260510_151052,2026-05-10T16:21:32.526698,https://www.douyin.com/video/7612217288057441545,video_detail,https://www.douyin.com/video/7612217288057441545,,200,2026-05-10T16:21:32.526698,,27,,,none,low
20260510_151052,2026-05-10T16:21:55.445003,https://www.douyin.com/video/7612218512714550568,video_detail,https://www.douyin.com/video/7612218512714550568,,200,2026-05-10T16:21:55.445003,,76,1,network_response_71,exact,high
20260510_151052,2026-05-10T16:22:09.923133,https://www.douyin.com/video/7612225466754666426,video_detail,https://www.douyin.com/video/7612225466754666426,,200,2026-05-10T16:22:09.923133,,30,,network_response_28,exact,high
20260510_151052,2026-05-10T16:22:16.827248,https://www.douyin.com/video/7612225968630926632,video_detail,https://www.douyin.com/video/7612225968630926632,,200,2026-05-10T16:22:16.827248,,97,1,network_response_27,exact,high
20260510_151052,2026-05-10T16:22:32.524201,https://www.douyin.com/video/7612228957618581094,video_detail,https://www.douyin.com/video/7612228957618581094,,200,2026-05-10T16:22:32.524201,,73,1,network_response_29,exact,high
20260510_151052,2026-05-10T16:22:47.492021,https://www.douyin.com/video/7612233600410340654,video_detail,https://www.douyin.com/video/7612233600410340654,,200,2026-05-10T16:22:47.492021,,71,1,network_response_37,exact,high
20260510_151052,2026-05-10T16:22:59.736005,https://www.douyin.com/video/7612236277252885800,video_detail,https://www.douyin.com/video/7612236277252885800,,200,2026-05-10T16:22:59.736005,,27,,network_response_24,exact,high
20260510_151052,2026-05-10T16:23:03.092298,https://www.douyin.com/video/7612236949407839487,video_detail,https://www.douyin.com/video/7612236949407839487,,200,2026-05-10T16:23:03.092298,,16,,network_response_14,exact,high
20260510_151052,2026-05-10T16:23:07.219565,https://www.douyin.com/video/7612238712831234417,video_detail,https://www.douyin.com/video/7612238712831234417,,200,2026-05-10T16:23:07.219565,,75,1,network_response_73,exact,high
20260510_151052,2026-05-10T16:23:18.923162,https://www.douyin.com/video/7612239052623858998,video_detail,https://www.douyin.com/video/7612239052623858998,,200,2026-05-10T16:23:18.923162,,26,,network_response_25,exact,high
20260510_151052,2026-05-10T16:23:21.983809,https://www.douyin.com/video/7612239187420926811,video_detail,https://www.douyin.com/video/7612239187420926811,,200,2026-05-10T16:23:21.983809,,72,1,network_response_29,exact,high
20260510_151052,2026-05-10T16:23:30.914824,https://www.douyin.com/video/7612248123294220411,video_detail,https://www.douyin.com/video/7612248123294220411,,200,2026-05-10T16:23:30.914824,,71,1,network_response_31,exact,high
20260510_151052,2026-05-10T16:23:45.641314,https://www.douyin.com/video/7612249756299030644,video_detail,https://www.douyin.com/video/7612249756299030644,,200,2026-05-10T16:23:45.641314,,34,,network_response_30,exact,high
20260510_151052,2026-05-10T16:23:52.300348,https://www.douyin.com/video/7612258940696448283,video_detail,https://www.douyin.com/video/7612258940696448283,,200,2026-05-10T16:23:52.300348,,75,1,network_response_30,exact,high
20260510_151052,2026-05-10T16:24:04.035742,https://www.douyin.com/video/7612270575100485755,video_detail,https://www.douyin.com/video/7612270575100485755,,200,2026-05-10T16:24:04.035742,,31,,network_response_29,exact,high
20260510_151052,2026-05-10T16:24:09.018406,https://www.douyin.com/video/7612276751632431219,video_detail,https://www.douyin.com/video/7612276751632431219,,200,2026-05-10T16:24:09.018406,,26,,,none,low
20260510_151052,2026-05-10T16:24:11.843688,https://www.douyin.com/video/7612280677740826734,video_detail,https://www.douyin.com/video/7612280677740826734,,200,2026-05-10T16:24:11.843688,,28,,network_response_27,exact,high
20260510_151052,2026-05-10T16:24:14.997749,https://www.douyin.com/video/7612281537857506606,video_detail,https://www.douyin.com/video/7612281537857506606,,200,2026-05-10T16:24:14.997749,,92,1,network_response_68,exact,high
20260510_151052,2026-05-10T16:24:31.402025,https://www.douyin.com/video/7612282128302165288,video_detail,https://www.douyin.com/video/7612282128302165288,,200,2026-05-10T16:24:31.402025,,77,1,network_response_44,exact,high
20260510_151052,2026-05-10T16:24:46.341643,https://www.douyin.com/video/7612284619069879473,video_detail,https://www.douyin.com/video/7612284619069879473,,200,2026-05-10T16:24:46.341643,,89,1,network_response_27,exact,high
20260510_151052,2026-05-10T16:25:31.114121,https://www.douyin.com/video/7612285144666164938,video_detail,https://www.douyin.com/video/7612285144666164938,,200,2026-05-10T16:25:31.114121,,78,1,network_response_68,exact,high
20260510_151052,2026-05-10T16:25:45.065974,https://www.douyin.com/video/7612286846014516096,video_detail,https://www.douyin.com/video/7612286846014516096,,200,2026-05-10T16:25:45.065974,,82,1,network_response_42,exact,high
20260510_151052,2026-05-10T16:26:02.389159,https://www.douyin.com/video/7612291740166847130,video_detail,https://www.douyin.com/video/7612291740166847130,,200,2026-05-10T16:26:02.389159,,40,,network_response_31,exact,high
20260510_151052,2026-05-10T16:26:11.070255,https://www.douyin.com/video/7612298387601231140,video_detail,https://www.douyin.com/video/7612298387601231140,,200,2026-05-10T16:26:11.070255,,32,,network_response_22,exact,high
20260510_151052,2026-05-10T16:26:18.663692,https://www.douyin.com/video/7612298953823915307,video_detail,https://www.douyin.com/video/7612298953823915307,,200,2026-05-10T16:26:18.663692,,56,1,network_response_27,exact,high
20260510_151052,2026-05-10T16:26:30.608514,https://www.douyin.com/video/7612306553748706723,video_detail,https://www.douyin.com/video/7612306553748706723,,200,2026-05-10T16:26:30.608514,,28,,network_response_27,exact,high
20260510_151052,2026-05-10T16:26:34.933371,https://www.douyin.com/video/7612310481416394995,video_detail,https://www.douyin.com/video/7612310481416394995,,200,2026-05-10T16:26:34.933371,,54,1,network_response_27,exact,high
20260510_151052,2026-05-10T16:26:44.668416,https://www.douyin.com/video/7612311632727749094,video_detail,https://www.douyin.com/video/7612311632727749094,,200,2026-05-10T16:26:44.668416,,58,1,network_response_27,exact,high
20260510_151052,2026-05-10T16:26:55.887134,https://www.douyin.com/video/7612318688595152870,video_detail,https://www.douyin.com/video/7612318688595152870,,200,2026-05-10T16:26:55.887134,,34,,,none,low
20260510_151052,2026-05-10T16:27:02.076801,https://www.douyin.com/video/7612322875555619429,video_detail,https://www.douyin.com/video/7612322875555619429,,200,2026-05-10T16:27:02.076801,,55,1,network_response_27,exact,high
20260510_151052,2026-05-10T16:27:09.633282,https://www.douyin.com/video/7612326266804473134,video_detail,https://www.douyin.com/video/7612326266804473134,,200,2026-05-10T16:27:09.633282,,27,,,none,low
20260510_151052,2026-05-10T16:27:13.282528,https://www.douyin.com/video/7612379944194932870,video_detail,https://www.douyin.com/video/7612379944194932870,,200,2026-05-10T16:27:13.282528,,27,,,none,low
20260510_151052,2026-05-10T16:27:18.456940,https://www.douyin.com/video/7612406172288683300,video_detail,https://www.douyin.com/video/7612406172288683300,,200,2026-05-10T16:27:18.456940,,32,,network_response_17,exact,high
20260510_151052,2026-05-10T16:27:25.939142,https://www.douyin.com/video/7612445266328138667,video_detail,https://www.douyin.com/video/7612445266328138667,,200,2026-05-10T16:27:25.939142,,74,1,network_response_29,exact,high
20260510_151052,2026-05-10T16:27:38.230442,https://www.douyin.com/video/7612447407095237931,video_detail,https://www.douyin.com/video/7612447407095237931,,200,2026-05-10T16:27:38.230442,,83,1,network_response_70,exact,high
20260510_151052,2026-05-10T16:27:53.743955,https://www.douyin.com/video/7612467524722101555,video_detail,https://www.douyin.com/video/7612467524722101555,,200,2026-05-10T16:27:53.743955,,72,1,network_response_65,exact,high
20260510_151052,2026-05-10T16:28:06.378993,https://www.douyin.com/video/7612469020037549347,video_detail,https://www.douyin.com/video/7612469020037549347,,200,2026-05-10T16:28:06.378993,,72,1,network_response_66,exact,high
20260510_151052,2026-05-10T16:28:19.093574,https://www.douyin.com/video/7612486996597935360,video_detail,https://www.douyin.com/video/7612486996597935360,,200,2026-05-10T16:28:19.093574,,26,,network_response_25,exact,high
20260510_151052,2026-05-10T16:28:24.233719,https://www.douyin.com/video/7612506364841069874,video_detail,https://www.douyin.com/video/7612506364841069874,,200,2026-05-10T16:28:24.233719,,76,1,network_response_74,exact,high
20260510_151052,2026-05-10T16:28:38.760882,https://www.douyin.com/video/7612506552196991985,video_detail,https://www.douyin.com/video/7612506552196991985,,200,2026-05-10T16:28:38.760882,,68,1,network_response_67,exact,high
20260510_151052,2026-05-10T16:28:48.545037,https://www.douyin.com/video/7612513370364710207,video_detail,https://www.douyin.com/video/7612513370364710207,,200,2026-05-10T16:28:48.545037,,76,1,network_response_72,exact,high
20260510_151052,2026-05-10T16:29:01.574747,https://www.douyin.com/video/7612525988865396008,video_detail,https://www.douyin.com/video/7612525988865396008,,200,2026-05-10T16:29:01.574747,,29,,network_response_25,exact,high
20260510_151052,2026-05-10T16:29:08.906470,https://www.douyin.com/video/7612533994877422894,video_detail,https://www.douyin.com/video/7612533994877422894,,200,2026-05-10T16:29:08.906470,,34,,network_response_17,exact,high
20260510_151052,2026-05-10T16:29:16.360732,https://www.douyin.com/video/7612535284588219690,video_detail,https://www.douyin.com/video/7612535284588219690,,200,2026-05-10T16:29:16.360732,,77,1,network_response_27,exact,high
20260510_151052,2026-05-10T16:29:31.704140,https://www.douyin.com/video/7612545906423909673,video_detail,https://www.douyin.com/video/7612545906423909673,,200,2026-05-10T16:29:31.704140,,56,1,network_response_28,exact,high
20260510_151052,2026-05-10T16:29:44.570043,https://www.douyin.com/video/7612548411451133184,video_detail,https://www.douyin.com/video/7612548411451133184,,200,2026-05-10T16:29:44.570043,,61,1,network_response_15,exact,high
20260510_151052,2026-05-10T16:29:54.517843,https://www.douyin.com/video/7612556107408846714,video_detail,https://www.douyin.com/video/7612556107408846714,,200,2026-05-10T16:29:54.517843,,60,1,,none,low
20260510_151052,2026-05-10T16:30:04.553223,https://www.douyin.com/video/7612567989518437682,video_detail,https://www.douyin.com/video/7612567989518437682,,200,2026-05-10T16:30:04.553223,,62,1,network_response_27,exact,high
20260510_151052,2026-05-10T16:30:15.117773,https://www.douyin.com/video/7612572079561221477,video_detail,https://www.douyin.com/video/7612572079561221477,,200,2026-05-10T16:30:15.117773,,26,1,,none,low
20260510_151052,2026-05-10T16:30:19.163673,https://www.douyin.com/video/7612576899893818725,video_detail,https://www.douyin.com/video/7612576899893818725,,200,2026-05-10T16:30:19.163673,,59,1,network_response_27,exact,high
20260510_151052,2026-05-10T16:30:28.872682,https://www.douyin.com/video/7612579412323625137,video_detail,https://www.douyin.com/video/7612579412323625137,,200,2026-05-10T16:30:28.872682,,29,,network_response_18,exact,high
20260510_151052,2026-05-10T16:30:35.474146,https://www.douyin.com/video/7612579707732799409,video_detail,https://www.douyin.com/video/7612579707732799409,,200,2026-05-10T16:30:35.474146,,71,1,,none,low
20260510_151052,2026-05-10T16:30:51.040150,https://www.douyin.com/video/7612586895486307590,video_detail,https://www.douyin.com/video/7612586895486307590,,200,2026-05-10T16:30:51.040150,,34,,network_response_23,exact,high
20260510_151052,2026-05-10T16:30:58.579117,https://www.douyin.com/video/7612591013139336511,video_detail,https://www.douyin.com/video/7612591013139336511,,200,2026-05-10T16:30:58.579117,,87,1,network_response_71,exact,high
20260510_151052,2026-05-10T16:31:14.537096,https://www.douyin.com/video/7612597907409227027,video_detail,https://www.douyin.com/video/7612597907409227027,,200,2026-05-10T16:31:14.537096,,74,1,network_response_35,exact,high
20260510_151052,2026-05-10T16:31:28.445057,https://www.douyin.com/video/7612598544645606682,video_detail,https://www.douyin.com/video/7612598544645606682,,200,2026-05-10T16:31:28.445057,,28,,network_response_21,exact,high
20260510_151052,2026-05-10T16:31:33.582384,https://www.douyin.com/video/7612603181763235115,video_detail,https://www.douyin.com/video/7612603181763235115,,200,2026-05-10T16:31:33.582384,,26,,,none,low
20260510_151052,2026-05-10T16:31:36.936516,https://www.douyin.com/video/7612603669309290067,video_detail,https://www.douyin.com/video/7612603669309290067,,200,2026-05-10T16:31:36.936516,,76,1,network_response_70,exact,high
20260510_151052,2026-05-10T16:31:47.614227,https://www.douyin.com/video/7612605157188046106,video_detail,https://www.douyin.com/video/7612605157188046106,,200,2026-05-10T16:31:47.614227,,74,1,network_response_72,exact,high
20260510_151052,2026-05-10T16:31:58.845634,https://www.douyin.com/video/7612606605419294641,video_detail,https://www.douyin.com/video/7612606605419294641,,200,2026-05-10T16:31:58.845634,,73,1,network_response_72,exact,high
20260510_151052,2026-05-10T16:32:11.170779,https://www.douyin.com/video/7612608201598471467,video_detail,https://www.douyin.com/video/7612608201598471467,,200,2026-05-10T16:32:11.170779,,72,1,network_response_18,exact,high
20260510_151052,2026-05-10T16:32:22.279941,https://www.douyin.com/video/7612609605957621622,video_detail,https://www.douyin.com/video/7612609605957621622,,200,2026-05-10T16:32:22.279941,,78,1,network_response_46,exact,high
20260510_151052,2026-05-10T16:32:40.379211,https://www.douyin.com/video/7612610621074450633,video_detail,https://www.douyin.com/video/7612610621074450633,,200,2026-05-10T16:32:40.379211,,43,,network_response_33,exact,high
20260510_151052,2026-05-10T16:32:47.794668,https://www.douyin.com/video/7612610739353701674,video_detail,https://www.douyin.com/video/7612610739353701674,,200,2026-05-10T16:32:47.794668,,81,1,network_response_49,exact,high
20260510_151052,2026-05-10T16:33:02.685182,https://www.douyin.com/video/7612611270952735214,video_detail,https://www.douyin.com/video/7612611270952735214,,200,2026-05-10T16:33:02.685182,,82,1,network_response_69,exact,high
20260510_151052,2026-05-10T16:33:19.003239,https://www.douyin.com/video/7612614949575200010,video_detail,https://www.douyin.com/video/7612614949575200010,,200,2026-05-10T16:33:19.003239,,82,1,network_response_74,exact,high
20260510_151052,2026-05-10T16:33:33.545724,https://www.douyin.com/video/7612615878198250804,video_detail,https://www.douyin.com/video/7612615878198250804,,200,2026-05-10T16:33:33.545724,,74,1,network_response_70,exact,high
20260510_151052,2026-05-10T16:33:48.954182,https://www.douyin.com/video/7612617203107532074,video_detail,https://www.douyin.com/video/7612617203107532074,,200,2026-05-10T16:33:48.954182,,84,1,network_response_70,exact,high
20260510_151052,2026-05-10T16:34:05.098895,https://www.douyin.com/video/7612620915808980264,video_detail,https://www.douyin.com/video/7612620915808980264,,200,2026-05-10T16:34:05.098895,,77,1,network_response_70,exact,high
20260510_151052,2026-05-10T16:34:18.006746,https://www.douyin.com/video/7612626232143842587,video_detail,https://www.douyin.com/video/7612626232143842587,,200,2026-05-10T16:34:18.006746,,76,1,network_response_35,exact,high
20260510_151052,2026-05-10T16:34:30.757201,https://www.douyin.com/video/7612626410846326058,video_detail,https://www.douyin.com/video/7612626410846326058,,200,2026-05-10T16:34:30.757201,,69,1,network_response_32,exact,high
20260510_151052,2026-05-10T16:34:41.985762,https://www.douyin.com/video/7612627219890166245,video_detail,https://www.douyin.com/video/7612627219890166245,,200,2026-05-10T16:34:41.985762,,28,,,none,low
20260510_151052,2026-05-10T16:34:48.493361,https://www.douyin.com/video/7612628373587758378,video_detail,https://www.douyin.com/video/7612628373587758378,,200,2026-05-10T16:34:48.493361,,34,,,none,low
20260510_151052,2026-05-10T16:34:56.283615,https://www.douyin.com/video/7612631132458274088,video_detail,https://www.douyin.com/video/7612631132458274088,,200,2026-05-10T16:34:56.283615,,76,1,network_response_10,exact,high
20260510_151052,2026-05-10T16:35:10.234741,https://www.douyin.com/video/7612632818627218703,video_detail,https://www.douyin.com/video/7612632818627218703,,200,2026-05-10T16:35:10.234741,,20,,,none,low
20260510_151052,2026-05-10T16:35:14.304436,https://www.douyin.com/video/7612633859758329126,video_detail,https://www.douyin.com/video/7612633859758329126,,200,2026-05-10T16:35:14.304436,,78,1,network_response_28,exact,high
20260510_151052,2026-05-10T16:35:27.238716,https://www.douyin.com/video/7612633902523485466,video_detail,https://www.douyin.com/video/7612633902523485466,,200,2026-05-10T16:35:27.238716,,69,1,network_response_25,exact,high
20260510_151052,2026-05-10T16:35:38.801373,https://www.douyin.com/video/7612652257280003391,video_detail,https://www.douyin.com/video/7612652257280003391,,200,2026-05-10T16:35:38.801373,,77,1,network_response_28,exact,high
20260510_151052,2026-05-10T16:35:52.932803,https://www.douyin.com/video/7612657526424767754,video_detail,https://www.douyin.com/video/7612657526424767754,,200,2026-05-10T16:35:52.932803,,75,1,network_response_27,exact,high
20260510_151052,2026-05-10T16:36:05.540064,https://www.douyin.com/video/7612666771484511488,video_detail,https://www.douyin.com/video/7612666771484511488,,200,2026-05-10T16:36:05.540064,,81,1,network_response_68,exact,high
20260510_151052,2026-05-10T16:36:21.803043,https://www.douyin.com/video/7612690301395815715,video_detail,https://www.douyin.com/video/7612690301395815715,,200,2026-05-10T16:36:21.803043,,84,1,network_response_72,exact,high
20260510_151052,2026-05-10T16:36:39.766411,https://www.douyin.com/video/7612697528915578122,video_detail,https://www.douyin.com/video/7612697528915578122,,200,2026-05-10T16:36:39.766411,,70,1,network_response_33,exact,high
20260510_151052,2026-05-10T16:36:55.899983,https://www.douyin.com/video/7612699401069164480,video_detail,https://www.douyin.com/video/7612699401069164480,,200,2026-05-10T16:36:55.899983,,38,,network_response_29,exact,high
20260510_151052,2026-05-10T16:37:04.108721,https://www.douyin.com/video/7612702711930277162,video_detail,https://www.douyin.com/video/7612702711930277162,,200,2026-05-10T16:37:04.108721,,29,,network_response_13,exact,high
20260510_151052,2026-05-10T16:37:08.307344,https://www.douyin.com/video/7612716575304551716,video_detail,https://www.douyin.com/video/7612716575304551716,,200,2026-05-10T16:37:08.307344,,70,1,network_response_13,exact,high
20260510_151052,2026-05-10T16:37:21.652740,https://www.douyin.com/video/7612737930758556962,video_detail,https://www.douyin.com/video/7612737930758556962,,200,2026-05-10T16:37:21.652740,,29,,,none,low
20260510_151052,2026-05-10T16:37:27.650493,https://www.douyin.com/video/7612799067479767657,video_detail,https://www.douyin.com/video/7612799067479767657,,200,2026-05-10T16:37:27.650493,,27,,,none,low
20260510_151052,2026-05-10T16:37:31.183773,https://www.douyin.com/video/7612838802431724850,video_detail,https://www.douyin.com/video/7612838802431724850,,200,2026-05-10T16:37:31.183773,,106,1,network_response_27,exact,high
20260510_151052,2026-05-10T16:38:02.100149,https://www.douyin.com/video/7612844561949379874,video_detail,https://www.douyin.com/video/7612844561949379874,,200,2026-05-10T16:38:02.100149,,32,,network_response_28,exact,high
20260510_151052,2026-05-10T16:38:09.966001,https://www.douyin.com/video/7612853947400834367,video_detail,https://www.douyin.com/video/7612853947400834367,,200,2026-05-10T16:38:09.966001,,78,1,network_response_26,exact,high
20260510_151052,2026-05-10T16:38:23.894741,https://www.douyin.com/video/7612859773293803249,video_detail,https://www.douyin.com/video/7612859773293803249,,200,2026-05-10T16:38:23.894741,,76,1,network_response_26,exact,high
20260510_151052,2026-05-10T16:38:40.614044,https://www.douyin.com/video/7612871742910495656,video_detail,https://www.douyin.com/video/7612871742910495656,,200,2026-05-10T16:38:40.614044,,81,1,network_response_31,exact,high
20260510_151052,2026-05-10T16:39:00.345558,https://www.douyin.com/video/7612873805875527086,video_detail,https://www.douyin.com/video/7612873805875527086,,200,2026-05-10T16:39:00.345558,,33,,,none,low
20260510_151052,2026-05-10T16:39:06.945564,https://www.douyin.com/video/7612874230950120742,video_detail,https://www.douyin.com/video/7612874230950120742,,200,2026-05-10T16:39:06.945564,,32,,network_response_28,exact,high
20260510_151052,2026-05-10T16:39:12.953166,https://www.douyin.com/video/7612877993878497898,video_detail,https://www.douyin.com/video/7612877993878497898,,200,2026-05-10T16:39:12.953166,,79,1,network_response_26,exact,high
20260510_151052,2026-05-10T16:39:25.869379,https://www.douyin.com/video/7612888410327485747,video_detail,https://www.douyin.com/video/7612888410327485747,,200,2026-05-10T16:39:25.869379,,73,1,network_response_72,exact,high
20260510_151052,2026-05-10T16:39:37.260900,https://www.douyin.com/video/7612900106890759460,video_detail,https://www.douyin.com/video/7612900106890759460,,200,2026-05-10T16:39:37.260900,,87,1,network_response_29,exact,high
20260510_151052,2026-05-10T16:39:53.865762,https://www.douyin.com/video/7612906948089957682,video_detail,https://www.douyin.com/video/7612906948089957682,,200,2026-05-10T16:39:53.865762,,71,1,network_response_66,exact,high
20260510_151052,2026-05-10T16:40:06.423972,https://www.douyin.com/video/7612911429380836654,video_detail,https://www.douyin.com/video/7612911429380836654,,200,2026-05-10T16:40:06.423972,,83,1,network_response_65,exact,high
20260510_151052,2026-05-10T16:40:23.765018,https://www.douyin.com/video/7612916604183022857,video_detail,https://www.douyin.com/video/7612916604183022857,,200,2026-05-10T16:40:23.765018,,65,1,network_response_34,exact,high
20260510_151052,2026-05-10T16:40:34.355771,https://www.douyin.com/video/7612919983034600746,video_detail,https://www.douyin.com/video/7612919983034600746,,200,2026-05-10T16:40:34.355771,,24,,network_response_21,exact,high
20260510_151052,2026-05-10T16:40:37.813838,https://www.douyin.com/video/7612921426656058353,video_detail,https://www.douyin.com/video/7612921426656058353,,200,2026-05-10T16:40:37.813838,,70,1,network_response_30,exact,high
20260510_151052,2026-05-10T16:40:49.444656,https://www.douyin.com/video/7612930524365049134,video_detail,https://www.douyin.com/video/7612930524365049134,,200,2026-05-10T16:40:49.444656,,32,,network_response_28,exact,high
20260510_151052,2026-05-10T16:40:55.783801,https://www.douyin.com/video/7612930727483602027,video_detail,https://www.douyin.com/video/7612930727483602027,,200,2026-05-10T16:40:55.783801,,76,1,network_response_14,exact,high
20260510_151052,2026-05-10T16:41:08.394759,https://www.douyin.com/video/7612947978853440177,video_detail,https://www.douyin.com/video/7612947978853440177,,200,2026-05-10T16:41:08.394759,,58,1,network_response_29,exact,high
20260510_151052,2026-05-10T16:41:19.278491,https://www.douyin.com/video/7612951643151158538,video_detail,https://www.douyin.com/video/7612951643151158538,,200,2026-05-10T16:41:19.278491,,29,,network_response_25,exact,high
20260510_151052,2026-05-10T16:41:23.032488,https://www.douyin.com/video/7612957858980684470,video_detail,https://www.douyin.com/video/7612957858980684470,,200,2026-05-10T16:41:23.032488,,69,1,network_response_27,exact,high
20260510_151052,2026-05-10T16:41:34.560248,https://www.douyin.com/video/7612958051649301477,video_detail,https://www.douyin.com/video/7612958051649301477,,200,2026-05-10T16:41:34.560248,,59,1,network_response_27,exact,high
20260510_151052,2026-05-10T16:41:44.930479,https://www.douyin.com/video/7612963492610910649,video_detail,https://www.douyin.com/video/7612963492610910649,,200,2026-05-10T16:41:44.930479,,16,,network_response_14,exact,high
20260510_151052,2026-05-10T16:41:49.622297,https://www.douyin.com/video/7612963549714861348,video_detail,https://www.douyin.com/video/7612963549714861348,,200,2026-05-10T16:41:49.622297,,59,1,network_response_26,exact,high
20260510_151052,2026-05-10T16:41:58.535199,https://www.douyin.com/video/7612965069705481472,video_detail,https://www.douyin.com/video/7612965069705481472,,200,2026-05-10T16:41:58.535199,,60,1,network_response_27,exact,high
20260510_151052,2026-05-10T16:42:09.127631,https://www.douyin.com/video/7612965897393430395,video_detail,https://www.douyin.com/video/7612965897393430395,,200,2026-05-10T16:42:09.127631,,63,1,network_response_27,exact,high
20260510_151052,2026-05-10T16:42:24.449625,https://www.douyin.com/video/7612967442901404974,video_detail,https://www.douyin.com/video/7612967442901404974,,200,2026-05-10T16:42:24.449625,,34,,network_response_25,exact,high
20260510_151052,2026-05-10T16:42:31.917871,https://www.douyin.com/video/7612968545047088438,video_detail,https://www.douyin.com/video/7612968545047088438,,200,2026-05-10T16:42:31.917871,,73,1,network_response_30,exact,high
20260510_151052,2026-05-10T16:42:43.162631,https://www.douyin.com/video/7612969450479832372,video_detail,https://www.douyin.com/video/7612969450479832372,,200,2026-05-10T16:42:43.162631,,87,1,network_response_34,exact,high
20260510_151052,2026-05-10T16:42:59.201162,https://www.douyin.com/video/7612970357566086502,video_detail,https://www.douyin.com/video/7612970357566086502,,200,2026-05-10T16:42:59.201162,,66,1,network_response_40,exact,high
20260510_151052,2026-05-10T16:43:09.296244,https://www.douyin.com/video/7612974643011472681,video_detail,https://www.douyin.com/video/7612974643011472681,,200,2026-05-10T16:43:09.296244,,29,,network_response_23,exact,high
20260510_151052,2026-05-10T16:43:13.803202,https://www.douyin.com/video/7612974854140120371,video_detail,https://www.douyin.com/video/7612974854140120371,,200,2026-05-10T16:43:13.803202,,75,1,network_response_30,exact,high
20260510_151052,2026-05-10T16:43:25.830893,https://www.douyin.com/video/7612979622459739411,video_detail,https://www.douyin.com/video/7612979622459739411,,200,2026-05-10T16:43:25.830893,,79,1,network_response_31,exact,high
20260510_151052,2026-05-10T16:43:40.161706,https://www.douyin.com/video/7612981406972579114,video_detail,https://www.douyin.com/video/7612981406972579114,,200,2026-05-10T16:43:40.161706,,28,,network_response_27,exact,high
20260510_151052,2026-05-10T16:43:45.682248,https://www.douyin.com/video/7612985609628896361,video_detail,https://www.douyin.com/video/7612985609628896361,,200,2026-05-10T16:43:45.682248,,27,,,none,low
20260510_151052,2026-05-10T16:43:49.038424,https://www.douyin.com/video/7612986491279488895,video_detail,https://www.douyin.com/video/7612986491279488895,,200,2026-05-10T16:43:49.038424,,28,,network_response_27,exact,high
20260510_151052,2026-05-10T16:43:55.304577,https://www.douyin.com/video/7612988667237338368,video_detail,https://www.douyin.com/video/7612988667237338368,,200,2026-05-10T16:43:55.304577,,39,,network_response_29,exact,high
20260510_151052,2026-05-10T16:44:04.055727,https://www.douyin.com/video/7612991864958634661,video_detail,https://www.douyin.com/video/7612991864958634661,,200,2026-05-10T16:44:04.055727,,94,1,network_response_71,exact,high
20260510_151052,2026-05-10T16:44:23.553392,https://www.douyin.com/video/7612991948958119401,video_detail,https://www.douyin.com/video/7612991948958119401,,200,2026-05-10T16:44:23.553392,,55,1,network_response_30,exact,high
20260510_151052,2026-05-10T16:44:33.563760,https://www.douyin.com/video/7612995856727346466,video_detail,https://www.douyin.com/video/7612995856727346466,,200,2026-05-10T16:44:33.563760,,28,,network_response_27,exact,high
20260510_151052,2026-05-10T16:44:37.879507,https://www.douyin.com/video/7612996949498662198,video_detail,https://www.douyin.com/video/7612996949498662198,,200,2026-05-10T16:44:37.879507,,95,1,network_response_61,exact,high
20260510_151052,2026-05-10T16:44:55.956608,https://www.douyin.com/video/7612999303014911259,video_detail,https://www.douyin.com/video/7612999303014911259,,200,2026-05-10T16:44:55.956608,,83,1,network_response_65,exact,high
20260510_151052,2026-05-10T16:45:12.912418,https://www.douyin.com/video/7613008272827786609,video_detail,https://www.douyin.com/video/7613008272827786609,,200,2026-05-10T16:45:12.912418,,73,1,network_response_29,exact,high
20260510_151052,2026-05-10T16:45:27.211523,https://www.douyin.com/video/7613009589230980378,video_detail,https://www.douyin.com/video/7613009589230980378,,200,2026-05-10T16:45:27.211523,,28,,,none,low
20260510_151052,2026-05-10T16:45:32.042954,https://www.douyin.com/video/7613011148052584177,video_detail,https://www.douyin.com/video/7613011148052584177,,200,2026-05-10T16:45:32.042954,,58,1,network_response_27,exact,high
20260510_151052,2026-05-10T16:45:39.586702,https://www.douyin.com/video/7613011870978460964,video_detail,https://www.douyin.com/video/7613011870978460964,,200,2026-05-10T16:45:39.586702,,61,1,network_response_27,exact,high
20260510_151052,2026-05-10T16:45:50.514391,https://www.douyin.com/video/7613041047366902385,video_detail,https://www.douyin.com/video/7613041047366902385,,200,2026-05-10T16:45:50.514391,,36,,network_response_34,exact,high
20260510_151052,2026-05-10T16:45:57.263584,https://www.douyin.com/video/7613045222004966506,video_detail,https://www.douyin.com/video/7613045222004966506,,200,2026-05-10T16:45:57.263584,,30,,,none,low
20260510_151052,2026-05-10T16:46:01.707221,https://www.douyin.com/video/7613046905244896698,video_detail,https://www.douyin.com/video/7613046905244896698,,200,2026-05-10T16:46:01.707221,,73,1,network_response_28,exact,high
20260510_151052,2026-05-10T16:46:10.593285,https://www.douyin.com/video/7613049296664988982,video_detail,https://www.douyin.com/video/7613049296664988982,,200,2026-05-10T16:46:10.593285,,75,1,network_response_46,exact,high
20260510_151052,2026-05-10T16:46:22.599946,https://www.douyin.com/video/7613072252204092712,video_detail,https://www.douyin.com/video/7613072252204092712,,200,2026-05-10T16:46:22.599946,,81,1,network_response_69,exact,high
20260510_151052,2026-05-10T16:46:37.902727,https://www.douyin.com/video/7613072307984026920,video_detail,https://www.douyin.com/video/7613072307984026920,,200,2026-05-10T16:46:37.902727,,73,1,network_response_45,exact,high
20260510_151052,2026-05-10T16:46:48.513277,https://www.douyin.com/video/7613093633193826122,video_detail,https://www.douyin.com/video/7613093633193826122,,200,2026-05-10T16:46:48.513277,,78,1,network_response_69,exact,high
20260510_151052,2026-05-10T16:47:03.284080,https://www.douyin.com/video/7613095936357533285,video_detail,https://www.douyin.com/video/7613095936357533285,,200,2026-05-10T16:47:03.284080,,84,1,network_response_30,exact,high
20260510_151052,2026-05-10T16:47:20.422043,https://www.douyin.com/video/7613178044173548395,video_detail,https://www.douyin.com/video/7613178044173548395,,200,2026-05-10T16:47:20.422043,,65,1,network_response_31,exact,high
20260510_151052,2026-05-10T16:47:30.096768,https://www.douyin.com/video/7613178948167841723,video_detail,https://www.douyin.com/video/7613178948167841723,,200,2026-05-10T16:47:30.096768,,29,,network_response_26,exact,high
20260510_151052,2026-05-10T16:47:35.009908,https://www.douyin.com/video/7613196725288848692,video_detail,https://www.douyin.com/video/7613196725288848692,,200,2026-05-10T16:47:35.009908,,34,,,none,low
20260510_151052,2026-05-10T16:47:42.526939,https://www.douyin.com/video/7613217634632355108,video_detail,https://www.douyin.com/video/7613217634632355108,,200,2026-05-10T16:47:42.526939,,31,,,none,low
20260510_151052,2026-05-10T16:47:48.530365,https://www.douyin.com/video/7613225214012362030,video_detail,https://www.douyin.com/video/7613225214012362030,,200,2026-05-10T16:47:48.530365,,62,1,,none,low
20260510_151052,2026-05-10T16:47:58.752349,https://www.douyin.com/video/7613228794925250673,video_detail,https://www.douyin.com/video/7613228794925250673,,200,2026-05-10T16:47:58.752349,,79,1,network_response_73,exact,high
20260510_151052,2026-05-10T16:48:11.193161,https://www.douyin.com/video/7613237163434721408,video_detail,https://www.douyin.com/video/7613237163434721408,,200,2026-05-10T16:48:11.193161,,70,1,network_response_65,exact,high
20260510_151052,2026-05-10T16:48:22.239488,https://www.douyin.com/video/7613238850671906067,video_detail,https://www.douyin.com/video/7613238850671906067,,200,2026-05-10T16:48:22.239488,,27,,,none,low
20260510_151052,2026-05-10T16:48:25.432656,https://www.douyin.com/video/7613241387769242707,video_detail,https://www.douyin.com/video/7613241387769242707,,200,2026-05-10T16:48:25.432656,,71,1,network_response_70,exact,high
20260510_151052,2026-05-10T16:48:34.827082,https://www.douyin.com/video/7613249136695037190,video_detail,https://www.douyin.com/video/7613249136695037190,,200,2026-05-10T16:48:34.827082,,76,1,network_response_71,exact,high
20260510_151052,2026-05-10T16:48:45.974607,https://www.douyin.com/video/7613257843147427108,video_detail,https://www.douyin.com/video/7613257843147427108,,200,2026-05-10T16:48:45.974607,,75,1,network_response_49,exact,high
20260510_151052,2026-05-10T16:48:57.834146,https://www.douyin.com/video/7613262133333069062,video_detail,https://www.douyin.com/video/7613262133333069062,,200,2026-05-10T16:48:57.834146,,29,,network_response_27,exact,high
20260510_151052,2026-05-10T16:49:02.851980,https://www.douyin.com/video/7613263617005260072,video_detail,https://www.douyin.com/video/7613263617005260072,,200,2026-05-10T16:49:02.851980,,30,,,none,low
20260510_151052,2026-05-10T16:49:08.642943,https://www.douyin.com/video/7613280879732903209,video_detail,https://www.douyin.com/video/7613280879732903209,,200,2026-05-10T16:49:08.642943,,96,1,network_response_81,exact,high
20260510_151052,2026-05-10T16:49:24.154617,https://www.douyin.com/video/7613288685424971044,video_detail,https://www.douyin.com/video/7613288685424971044,,200,2026-05-10T16:49:24.154617,,94,1,network_response_76,exact,high
20260510_151052,2026-05-10T16:49:43.448772,https://www.douyin.com/video/7613289589989494050,video_detail,https://www.douyin.com/video/7613289589989494050,,200,2026-05-10T16:49:43.448772,,64,1,network_response_34,exact,high
20260510_151052,2026-05-10T16:49:55.384737,https://www.douyin.com/video/7613289738125066213,video_detail,https://www.douyin.com/video/7613289738125066213,,200,2026-05-10T16:49:55.384737,,72,1,network_response_68,exact,high
20260510_151052,2026-05-10T16:50:07.214444,https://www.douyin.com/video/7613290045008612660,video_detail,https://www.douyin.com/video/7613290045008612660,,200,2026-05-10T16:50:07.214444,,83,1,network_response_66,exact,high
20260510_151052,2026-05-10T16:50:23.065692,https://www.douyin.com/video/7613291847267486991,video_detail,https://www.douyin.com/video/7613291847267486991,,200,2026-05-10T16:50:23.065692,,71,1,network_response_44,exact,high
20260510_151052,2026-05-10T16:50:36.045711,https://www.douyin.com/video/7613295014583488869,video_detail,https://www.douyin.com/video/7613295014583488869,,200,2026-05-10T16:50:36.045711,,28,,network_response_27,exact,high
20260510_151052,2026-05-10T16:50:42.415936,https://www.douyin.com/video/7613301596521662144,video_detail,https://www.douyin.com/video/7613301596521662144,,200,2026-05-10T16:50:42.415936,,71,1,network_response_28,exact,high
20260510_151052,2026-05-10T16:50:52.379739,https://www.douyin.com/video/7613304040777485994,video_detail,https://www.douyin.com/video/7613304040777485994,,200,2026-05-10T16:50:52.379739,,68,1,,none,low
20260510_151052,2026-05-10T16:51:06.478571,https://www.douyin.com/video/7613306138980912425,video_detail,https://www.douyin.com/video/7613306138980912425,,200,2026-05-10T16:51:06.478571,,33,,network_response_30,exact,high
20260510_151052,2026-05-10T16:51:12.831934,https://www.douyin.com/video/7613309894485183798,video_detail,https://www.douyin.com/video/7613309894485183798,,200,2026-05-10T16:51:12.831934,,74,1,network_response_30,exact,high
20260510_151052,2026-05-10T16:51:27.136065,https://www.douyin.com/video/7613311390091602033,video_detail,https://www.douyin.com/video/7613311390091602033,,200,2026-05-10T16:51:27.136065,,81,1,network_response_66,exact,high
20260510_151052,2026-05-10T16:51:44.090267,https://www.douyin.com/video/7613317038823492898,video_detail,https://www.douyin.com/video/7613317038823492898,,200,2026-05-10T16:51:44.090267,,67,1,network_response_28,exact,high
20260510_151052,2026-05-10T16:51:56.533542,https://www.douyin.com/video/7613323668768279842,video_detail,https://www.douyin.com/video/7613323668768279842,,200,2026-05-10T16:51:56.533542,,78,1,network_response_75,exact,high
20260510_151052,2026-05-10T16:52:11.557630,https://www.douyin.com/video/7613324139592705460,video_detail,https://www.douyin.com/video/7613324139592705460,,200,2026-05-10T16:52:11.557630,,70,1,network_response_43,exact,high
20260510_151052,2026-05-10T16:52:24.673784,https://www.douyin.com/video/7613326499315338511,video_detail,https://www.douyin.com/video/7613326499315338511,,200,2026-05-10T16:52:24.673784,,85,1,network_response_67,exact,high
20260510_151052,2026-05-10T16:52:44.042532,https://www.douyin.com/video/7613328368804735642,video_detail,https://www.douyin.com/video/7613328368804735642,,200,2026-05-10T16:52:44.042532,,83,1,network_response_72,exact,high
20260510_151052,2026-05-10T16:53:02.094343,https://www.douyin.com/video/7613333833450048795,video_detail,https://www.douyin.com/video/7613333833450048795,,200,2026-05-10T16:53:02.094343,,32,,network_response_30,exact,high
20260510_151052,2026-05-10T16:53:26.190098,https://www.douyin.com/video/7613337114402491663,video_detail,https://www.douyin.com/video/7613337114402491663,,200,2026-05-10T16:53:26.190098,,90,1,network_response_75,exact,high
20260510_151052,2026-05-10T16:53:48.329897,https://www.douyin.com/video/7613338197011041579,video_detail,https://www.douyin.com/video/7613338197011041579,,200,2026-05-10T16:53:48.329897,,32,,network_response_24,exact,high
20260510_151052,2026-05-10T16:53:56.452163,https://www.douyin.com/video/7613339245290662905,video_detail,https://www.douyin.com/video/7613339245290662905,,200,2026-05-10T16:53:56.452163,,31,,network_response_10,exact,high
20260510_151052,2026-05-10T16:54:04.300446,https://www.douyin.com/video/7613340269110512905,video_detail,https://www.douyin.com/video/7613340269110512905,,200,2026-05-10T16:54:04.300446,,78,1,network_response_34,exact,high
20260510_151052,2026-05-10T16:54:20.343873,https://www.douyin.com/video/7613343694774619435,video_detail,https://www.douyin.com/video/7613343694774619435,,200,2026-05-10T16:54:20.343873,,80,1,network_response_29,exact,high
20260510_151052,2026-05-10T16:54:35.087352,https://www.douyin.com/video/7613352886965226788,video_detail,https://www.douyin.com/video/7613352886965226788,,200,2026-05-10T16:54:35.087352,,29,,network_response_15,exact,high
20260510_151052,2026-05-10T16:54:42.359468,https://www.douyin.com/video/7613360339819711778,video_detail,https://www.douyin.com/video/7613360339819711778,,200,2026-05-10T16:54:42.359468,,88,1,network_response_21,exact,high
20260510_151052,2026-05-10T16:55:14.993037,https://www.douyin.com/video/7613361902172818726,video_detail,https://www.douyin.com/video/7613361902172818726,,200,2026-05-10T16:55:14.993037,,80,1,network_response_33,exact,high
20260510_151052,2026-05-10T16:55:33.422864,https://www.douyin.com/video/7613364847179280059,video_detail,https://www.douyin.com/video/7613364847179280059,,200,2026-05-10T16:55:33.422864,,73,1,network_response_35,exact,high
20260510_151052,2026-05-10T16:55:48.128917,https://www.douyin.com/video/7613365121477250331,video_detail,https://www.douyin.com/video/7613365121477250331,,200,2026-05-10T16:55:48.128917,,18,,,none,low
20260510_151052,2026-05-10T16:55:52.414326,https://www.douyin.com/video/7613366073361960233,video_detail,https://www.douyin.com/video/7613366073361960233,,200,2026-05-10T16:55:52.414326,,79,1,network_response_27,exact,high
20260510_151052,2026-05-10T16:56:09.120190,https://www.douyin.com/video/7613369190716287924,video_detail,https://www.douyin.com/video/7613369190716287924,,200,2026-05-10T16:56:09.120190,,33,,network_response_29,exact,high
20260510_151052,2026-05-10T16:56:15.698634,https://www.douyin.com/video/7613373429194927994,video_detail,https://www.douyin.com/video/7613373429194927994,,200,2026-05-10T16:56:15.698634,,32,,network_response_25,exact,high
20260510_151052,2026-05-10T16:56:20.861225,https://www.douyin.com/video/7613377176020192564,video_detail,https://www.douyin.com/video/7613377176020192564,,200,2026-05-10T16:56:20.861225,,75,1,network_response_29,exact,high
20260510_151052,2026-05-10T16:56:33.788312,https://www.douyin.com/video/7613384543048869861,video_detail,https://www.douyin.com/video/7613384543048869861,,200,2026-05-10T16:56:33.788312,,69,1,network_response_65,exact,high
20260510_151052,2026-05-10T16:56:47.779873,https://www.douyin.com/video/7613385002558016820,video_detail,https://www.douyin.com/video/7613385002558016820,,200,2026-05-10T16:56:47.779873,,76,1,network_response_27,exact,high
20260510_151052,2026-05-10T16:56:59.968582,https://www.douyin.com/video/7613388714530006117,video_detail,https://www.douyin.com/video/7613388714530006117,,200,2026-05-10T16:56:59.968582,,61,1,network_response_44,exact,high
20260510_151052,2026-05-10T16:57:09.575502,https://www.douyin.com/video/7613389163563355427,video_detail,https://www.douyin.com/video/7613389163563355427,,200,2026-05-10T16:57:09.575502,,28,,network_response_26,exact,high
20260510_151052,2026-05-10T16:57:14.821871,https://www.douyin.com/video/7613396176133459219,video_detail,https://www.douyin.com/video/7613396176133459219,,200,2026-05-10T16:57:14.821871,,77,1,network_response_70,exact,high
20260510_151052,2026-05-10T16:57:26.488289,https://www.douyin.com/video/7613403060114623754,video_detail,https://www.douyin.com/video/7613403060114623754,,200,2026-05-10T16:57:26.488289,,78,1,network_response_68,exact,high
20260510_151052,2026-05-10T16:57:40.173159,https://www.douyin.com/video/7613403675372834088,video_detail,https://www.douyin.com/video/7613403675372834088,,200,2026-05-10T16:57:40.173159,,83,1,network_response_69,exact,high
20260510_151052,2026-05-10T16:57:57.978935,https://www.douyin.com/video/7613411694357843250,video_detail,https://www.douyin.com/video/7613411694357843250,,200,2026-05-10T16:57:57.978935,,33,,network_response_30,exact,high
20260510_151052,2026-05-10T16:58:05.547476,https://www.douyin.com/video/7613417365312752946,video_detail,https://www.douyin.com/video/7613417365312752946,,200,2026-05-10T16:58:05.547476,,33,,network_response_29,exact,high
20260510_151052,2026-05-10T16:58:11.497128,https://www.douyin.com/video/7613419324124993521,video_detail,https://www.douyin.com/video/7613419324124993521,,200,2026-05-10T16:58:11.497128,,70,1,network_response_29,exact,high
20260510_151052,2026-05-10T16:58:22.826773,https://www.douyin.com/video/7613426323059851258,video_detail,https://www.douyin.com/video/7613426323059851258,,200,2026-05-10T16:58:22.826773,,64,1,network_response_35,exact,high
20260510_151052,2026-05-10T16:58:33.781469,https://www.douyin.com/video/7613428815792033060,video_detail,https://www.douyin.com/video/7613428815792033060,,200,2026-05-10T16:58:33.781469,,77,1,network_response_61,exact,high
20260510_151052,2026-05-10T16:58:48.104859,https://www.douyin.com/video/7613433901058379054,video_detail,https://www.douyin.com/video/7613433901058379054,,200,2026-05-10T16:58:48.104859,,79,1,network_response_69,exact,high
20260510_151052,2026-05-10T16:59:03.406245,https://www.douyin.com/video/7613434211776695579,video_detail,https://www.douyin.com/video/7613434211776695579,,200,2026-05-10T16:59:03.406245,,69,1,network_response_31,exact,high
20260510_151052,2026-05-10T16:59:16.173610,https://www.douyin.com/video/7613446410448538895,video_detail,https://www.douyin.com/video/7613446410448538895,,200,2026-05-10T16:59:16.173610,,61,1,network_response_39,exact,high
20260510_151052,2026-05-10T16:59:25.982557,https://www.douyin.com/video/7613498188251947142,video_detail,https://www.douyin.com/video/7613498188251947142,,200,2026-05-10T16:59:25.982557,,72,1,network_response_71,exact,high
20260510_151052,2026-05-10T16:59:36.146621,https://www.douyin.com/video/7613565432712138010,video_detail,https://www.douyin.com/video/7613565432712138010,,200,2026-05-10T16:59:36.146621,,27,,network_response_25,exact,high
20260510_151052,2026-05-10T16:59:43.505461,https://www.douyin.com/video/7613582834342661402,video_detail,https://www.douyin.com/video/7613582834342661402,,200,2026-05-10T16:59:43.505461,,32,,network_response_28,exact,high
20260510_151052,2026-05-10T16:59:50.682496,https://www.douyin.com/video/7613604312694975409,video_detail,https://www.douyin.com/video/7613604312694975409,,200,2026-05-10T16:59:50.682496,,84,1,network_response_30,exact,high
20260510_151052,2026-05-10T17:00:07.174790,https://www.douyin.com/video/7613607046734171392,video_detail,https://www.douyin.com/video/7613607046734171392,,200,2026-05-10T17:00:07.174790,,68,1,network_response_30,exact,high
20260510_151052,2026-05-10T17:00:22.157650,https://www.douyin.com/video/7613609716236808945,video_detail,https://www.douyin.com/video/7613609716236808945,,200,2026-05-10T17:00:22.157650,,78,1,network_response_31,exact,high
20260510_151052,2026-05-10T17:00:37.970545,https://www.douyin.com/video/7613611183049326697,video_detail,https://www.douyin.com/video/7613611183049326697,,200,2026-05-10T17:00:37.970545,,73,1,network_response_28,exact,high
20260510_151052,2026-05-10T17:00:53.462130,https://www.douyin.com/video/7613619664610486986,video_detail,https://www.douyin.com/video/7613619664610486986,,200,2026-05-10T17:00:53.462130,,76,1,network_response_33,exact,high
20260510_151052,2026-05-10T17:01:07.401449,https://www.douyin.com/video/7613635513626430758,video_detail,https://www.douyin.com/video/7613635513626430758,,200,2026-05-10T17:01:07.401449,,80,1,network_response_28,exact,high
20260510_151052,2026-05-10T17:01:23.229012,https://www.douyin.com/video/7613645606951693050,video_detail,https://www.douyin.com/video/7613645606951693050,,200,2026-05-10T17:01:23.229012,,86,1,network_response_33,exact,high
20260510_151052,2026-05-10T17:01:41.115346,https://www.douyin.com/video/7613649081210047787,video_detail,https://www.douyin.com/video/7613649081210047787,,200,2026-05-10T17:01:41.115346,,79,1,network_response_33,exact,high
20260510_151052,2026-05-10T17:01:56.280684,https://www.douyin.com/video/7613659540273253686,video_detail,https://www.douyin.com/video/7613659540273253686,,200,2026-05-10T17:01:56.280684,,64,1,network_response_33,exact,high
20260510_151052,2026-05-10T17:02:10.471472,https://www.douyin.com/video/7613660044462198042,video_detail,https://www.douyin.com/video/7613660044462198042,,200,2026-05-10T17:02:10.471472,,33,,network_response_24,exact,high
20260510_151052,2026-05-10T17:02:17.138008,https://www.douyin.com/video/7613662754183843135,video_detail,https://www.douyin.com/video/7613662754183843135,,200,2026-05-10T17:02:17.138008,,27,,network_response_23,exact,high
20260510_151052,2026-05-10T17:02:21.763485,https://www.douyin.com/video/7613670968409705762,video_detail,https://www.douyin.com/video/7613670968409705762,,200,2026-05-10T17:02:21.763485,,28,,network_response_11,exact,high
20260510_151052,2026-05-10T17:02:27.978458,https://www.douyin.com/video/7613672906510514146,video_detail,https://www.douyin.com/video/7613672906510514146,,200,2026-05-10T17:02:27.978458,,25,,network_response_18,exact,high
20260510_151052,2026-05-10T17:02:33.135656,https://www.douyin.com/video/7613675231894359332,video_detail,https://www.douyin.com/video/7613675231894359332,,200,2026-05-10T17:02:33.135656,,80,1,network_response_78,exact,high
20260510_151052,2026-05-10T17:02:48.320123,https://www.douyin.com/video/7613676327157140782,video_detail,https://www.douyin.com/video/7613676327157140782,,200,2026-05-10T17:02:48.320123,,66,1,network_response_28,exact,high
20260510_151052,2026-05-10T17:03:00.244559,https://www.douyin.com/video/7613677438328900864,video_detail,https://www.douyin.com/video/7613677438328900864,,200,2026-05-10T17:03:00.244559,,74,1,network_response_71,exact,high
20260510_151052,2026-05-10T17:03:14.232667,https://www.douyin.com/video/7613682107390397738,video_detail,https://www.douyin.com/video/7613682107390397738,,200,2026-05-10T17:03:14.232667,,86,1,network_response_70,exact,high
20260510_151052,2026-05-10T17:03:31.362451,https://www.douyin.com/video/7613683117638831406,video_detail,https://www.douyin.com/video/7613683117638831406,,200,2026-05-10T17:03:31.362451,,73,1,network_response_69,exact,high
20260510_151052,2026-05-10T17:03:43.694319,https://www.douyin.com/video/7613683628375133455,video_detail,https://www.douyin.com/video/7613683628375133455,,200,2026-05-10T17:03:43.694319,,26,,network_response_14,exact,high
20260510_151052,2026-05-10T17:03:50.174744,https://www.douyin.com/video/7613684051295889594,video_detail,https://www.douyin.com/video/7613684051295889594,,200,2026-05-10T17:03:50.174744,,32,,network_response_25,exact,high
20260510_151052,2026-05-10T17:03:57.427455,https://www.douyin.com/video/7613687046195907867,video_detail,https://www.douyin.com/video/7613687046195907867,,200,2026-05-10T17:03:57.427455,,77,1,network_response_28,exact,high
20260510_151052,2026-05-10T17:04:11.345122,https://www.douyin.com/video/7613691201518723323,video_detail,https://www.douyin.com/video/7613691201518723323,,200,2026-05-10T17:04:11.345122,,75,1,network_response_33,exact,high
20260510_151052,2026-05-10T17:04:25.448539,https://www.douyin.com/video/7613693329217293583,video_detail,https://www.douyin.com/video/7613693329217293583,,200,2026-05-10T17:04:25.448539,,78,1,network_response_66,exact,high
20260510_151052,2026-05-10T17:04:41.111767,https://www.douyin.com/video/7613693836031839515,video_detail,https://www.douyin.com/video/7613693836031839515,,200,2026-05-10T17:04:41.111767,,74,1,network_response_32,exact,high
20260510_151052,2026-05-10T17:04:55.946213,https://www.douyin.com/video/7613700706788216105,video_detail,https://www.douyin.com/video/7613700706788216105,,200,2026-05-10T17:04:55.946213,,75,1,network_response_28,exact,high
20260510_151052,2026-05-10T17:05:11.401412,https://www.douyin.com/video/7613706176236211508,video_detail,https://www.douyin.com/video/7613706176236211508,,200,2026-05-10T17:05:11.401412,,82,1,network_response_33,exact,high
20260510_151052,2026-05-10T17:05:26.783008,https://www.douyin.com/video/7613709170026620315,video_detail,https://www.douyin.com/video/7613709170026620315,,200,2026-05-10T17:05:26.783008,,65,1,network_response_33,exact,high
20260510_151052,2026-05-10T17:05:37.353902,https://www.douyin.com/video/7613709455758281984,video_detail,https://www.douyin.com/video/7613709455758281984,,200,2026-05-10T17:05:37.353902,,26,,network_response_25,exact,high
20260510_151052,2026-05-10T17:05:41.019638,https://www.douyin.com/video/7613713509607673139,video_detail,https://www.douyin.com/video/7613713509607673139,,200,2026-05-10T17:05:41.019638,,78,1,network_response_28,exact,high
20260510_151052,2026-05-10T17:05:57.554295,https://www.douyin.com/video/7613714416614780879,video_detail,https://www.douyin.com/video/7613714416614780879,,200,2026-05-10T17:05:57.554295,,33,,network_response_29,exact,high
20260510_151052,2026-05-10T17:06:04.076951,https://www.douyin.com/video/7613715967910137131,video_detail,https://www.douyin.com/video/7613715967910137131,,200,2026-05-10T17:06:04.076951,,29,,network_response_26,exact,high
20260510_151052,2026-05-10T17:06:09.892618,https://www.douyin.com/video/7613717618029343210,video_detail,https://www.douyin.com/video/7613717618029343210,,200,2026-05-10T17:06:09.892618,,78,1,network_response_28,exact,high
20260510_151052,2026-05-10T17:06:22.028783,https://www.douyin.com/video/7613718961179413798,video_detail,https://www.douyin.com/video/7613718961179413798,,200,2026-05-10T17:06:22.028783,,28,,network_response_26,exact,high
20260510_151052,2026-05-10T17:06:26.830215,https://www.douyin.com/video/7613723589392926321,video_detail,https://www.douyin.com/video/7613723589392926321,,200,2026-05-10T17:06:26.830215,,78,1,network_response_71,exact,high
20260510_151052,2026-05-10T17:06:39.198815,https://www.douyin.com/video/7613728267015164846,video_detail,https://www.douyin.com/video/7613728267015164846,,200,2026-05-10T17:06:39.198815,,84,1,network_response_68,exact,high
20260510_151052,2026-05-10T17:06:56.106359,https://www.douyin.com/video/7613728410774326591,video_detail,https://www.douyin.com/video/7613728410774326591,,200,2026-05-10T17:06:56.106359,,84,1,network_response_30,exact,high
20260510_151052,2026-05-10T17:07:12.426179,https://www.douyin.com/video/7613732640450116017,video_detail,https://www.douyin.com/video/7613732640450116017,,200,2026-05-10T17:07:12.426179,,72,1,network_response_70,exact,high
20260510_151052,2026-05-10T17:07:25.912380,https://www.douyin.com/video/7613740753449159972,video_detail,https://www.douyin.com/video/7613740753449159972,,200,2026-05-10T17:07:25.912380,,29,,network_response_27,exact,high
20260510_151052,2026-05-10T17:07:31.025077,https://www.douyin.com/video/7613745177118788914,video_detail,https://www.douyin.com/video/7613745177118788914,,200,2026-05-10T17:07:31.025077,,80,1,network_response_73,exact,high
20260510_151052,2026-05-10T17:07:45.743328,https://www.douyin.com/video/7613749414859001126,video_detail,https://www.douyin.com/video/7613749414859001126,,200,2026-05-10T17:07:45.743328,,32,,network_response_28,exact,high
20260510_151052,2026-05-10T17:07:53.479561,https://www.douyin.com/video/7613751704332410787,video_detail,https://www.douyin.com/video/7613751704332410787,,200,2026-05-10T17:07:53.479561,,64,1,network_response_33,exact,high
20260510_151052,2026-05-10T17:08:04.084422,https://www.douyin.com/video/7613756942112001343,video_detail,https://www.douyin.com/video/7613756942112001343,,200,2026-05-10T17:08:04.084422,,28,,network_response_27,exact,high
20260510_151052,2026-05-10T17:08:09.968698,https://www.douyin.com/video/7613758200718963569,video_detail,https://www.douyin.com/video/7613758200718963569,,200,2026-05-10T17:08:09.968698,,75,1,network_response_67,exact,high
20260510_151052,2026-05-10T17:08:21.512220,https://www.douyin.com/video/7613761664257468581,video_detail,https://www.douyin.com/video/7613761664257468581,,200,2026-05-10T17:08:21.512220,,27,,network_response_25,exact,high
20260510_151052,2026-05-10T17:08:26.879410,https://www.douyin.com/video/7613767975816006912,video_detail,https://www.douyin.com/video/7613767975816006912,,200,2026-05-10T17:08:26.879410,,23,,,none,low
20260510_151052,2026-05-10T17:08:30.590313,https://www.douyin.com/video/7613769378231766313,video_detail,https://www.douyin.com/video/7613769378231766313,,200,2026-05-10T17:08:30.590313,,95,1,network_response_69,exact,high
20260510_151052,2026-05-10T17:08:50.036723,https://www.douyin.com/video/7613770689686517419,video_detail,https://www.douyin.com/video/7613770689686517419,,200,2026-05-10T17:08:50.036723,,81,1,network_response_32,exact,high
20260510_151052,2026-05-10T17:09:06.195422,https://www.douyin.com/video/7613775151640972578,video_detail,https://www.douyin.com/video/7613775151640972578,,200,2026-05-10T17:09:06.195422,,31,,network_response_30,exact,high
20260510_151052,2026-05-10T17:09:29.801588,https://www.douyin.com/video/7613789091473181998,video_detail,https://www.douyin.com/video/7613789091473181998,,200,2026-05-10T17:09:29.801588,,78,1,network_response_75,exact,high
20260510_151052,2026-05-10T17:09:45.597567,https://www.douyin.com/video/7613792946936089883,video_detail,https://www.douyin.com/video/7613792946936089883,,200,2026-05-10T17:09:45.597567,,33,,network_response_30,exact,high
20260510_151052,2026-05-10T17:09:52.478258,https://www.douyin.com/video/7613803195260865844,video_detail,https://www.douyin.com/video/7613803195260865844,,200,2026-05-10T17:09:52.478258,,95,1,network_response_35,exact,high
20260510_151052,2026-05-10T17:10:08.165930,https://www.douyin.com/video/7613811234719407034,video_detail,https://www.douyin.com/video/7613811234719407034,,200,2026-05-10T17:10:08.165930,,29,,,none,low
20260510_151052,2026-05-10T17:10:13.263161,https://www.douyin.com/video/7613822505429503258,video_detail,https://www.douyin.com/video/7613822505429503258,,200,2026-05-10T17:10:13.263161,,80,1,network_response_70,exact,high
20260510_151052,2026-05-10T17:10:28.014508,https://www.douyin.com/video/7613921287659960954,video_detail,https://www.douyin.com/video/7613921287659960954,,200,2026-05-10T17:10:28.014508,,65,1,network_response_34,exact,high
20260510_151052,2026-05-10T17:10:40.244062,https://www.douyin.com/video/7613924621491011705,video_detail,https://www.douyin.com/video/7613924621491011705,,200,2026-05-10T17:10:40.244062,,76,1,network_response_73,exact,high
20260510_151052,2026-05-10T17:10:51.650956,https://www.douyin.com/video/7613937592368026790,video_detail,https://www.douyin.com/video/7613937592368026790,,200,2026-05-10T17:10:51.650956,,71,1,network_response_66,exact,high
20260510_151052,2026-05-10T17:11:03.599458,https://www.douyin.com/video/7613941120212454691,video_detail,https://www.douyin.com/video/7613941120212454691,,200,2026-05-10T17:11:03.599458,,75,1,network_response_64,exact,high
20260510_151052,2026-05-10T17:11:16.728711,https://www.douyin.com/video/7613950936579145465,video_detail,https://www.douyin.com/video/7613950936579145465,,200,2026-05-10T17:11:16.728711,,84,1,network_response_34,exact,high
20260510_151052,2026-05-10T17:11:32.747010,https://www.douyin.com/video/7613959156197772563,video_detail,https://www.douyin.com/video/7613959156197772563,,200,2026-05-10T17:11:32.747010,,65,1,network_response_33,exact,high
20260510_151052,2026-05-10T17:11:45.908269,https://www.douyin.com/video/7613970360794700203,video_detail,https://www.douyin.com/video/7613970360794700203,,200,2026-05-10T17:11:45.908269,,33,,network_response_29,exact,high
20260510_151052,2026-05-10T17:11:52.790657,https://www.douyin.com/video/7613972782452876678,video_detail,https://www.douyin.com/video/7613972782452876678,,200,2026-05-10T17:11:52.790657,,76,1,network_response_72,exact,high
20260510_151052,2026-05-10T17:12:05.309146,https://www.douyin.com/video/7613973853982805258,video_detail,https://www.douyin.com/video/7613973853982805258,,200,2026-05-10T17:12:05.309146,,71,1,network_response_29,exact,high
20260510_151052,2026-05-10T17:12:15.834576,https://www.douyin.com/video/7613979459326289259,video_detail,https://www.douyin.com/video/7613979459326289259,,200,2026-05-10T17:12:15.834576,,69,1,network_response_27,exact,high
20260510_151052,2026-05-10T17:12:25.776014,https://www.douyin.com/video/7613980078476774698,video_detail,https://www.douyin.com/video/7613980078476774698,,200,2026-05-10T17:12:25.776014,,28,,network_response_26,exact,high
20260510_151052,2026-05-10T17:12:30.215575,https://www.douyin.com/video/7613981321911684379,video_detail,https://www.douyin.com/video/7613981321911684379,,200,2026-05-10T17:12:30.215575,,73,1,network_response_27,exact,high
20260510_151052,2026-05-10T17:12:42.167597,https://www.douyin.com/video/7613982265282823370,video_detail,https://www.douyin.com/video/7613982265282823370,,200,2026-05-10T17:12:42.167597,,85,1,network_response_37,exact,high
20260510_151052,2026-05-10T17:12:59.889949,https://www.douyin.com/video/7613982574918012203,video_detail,https://www.douyin.com/video/7613982574918012203,,200,2026-05-10T17:12:59.889949,,70,1,network_response_30,exact,high
20260510_151052,2026-05-10T17:13:12.548296,https://www.douyin.com/video/7613983582281640639,video_detail,https://www.douyin.com/video/7613983582281640639,,200,2026-05-10T17:13:12.548296,,74,1,network_response_27,exact,high
20260510_151052,2026-05-10T17:13:24.240221,https://www.douyin.com/video/7613986673973546278,video_detail,https://www.douyin.com/video/7613986673973546278,,200,2026-05-10T17:13:24.240221,,73,1,network_response_29,exact,high
20260510_151052,2026-05-10T17:13:36.647865,https://www.douyin.com/video/7613987707710606217,video_detail,https://www.douyin.com/video/7613987707710606217,,200,2026-05-10T17:13:36.647865,,33,,network_response_23,exact,high
20260510_151052,2026-05-10T17:13:44.003383,https://www.douyin.com/video/7613989601393490331,video_detail,https://www.douyin.com/video/7613989601393490331,,200,2026-05-10T17:13:44.003383,,68,1,network_response_31,exact,high
20260510_151052,2026-05-10T17:13:56.636321,https://www.douyin.com/video/7613994272697716020,video_detail,https://www.douyin.com/video/7613994272697716020,,200,2026-05-10T17:13:56.636321,,28,,network_response_22,exact,high
20260510_151052,2026-05-10T17:14:00.930530,https://www.douyin.com/video/7614000438341356834,video_detail,https://www.douyin.com/video/7614000438341356834,,200,2026-05-10T17:14:00.930530,,28,,network_response_27,exact,high
20260510_151052,2026-05-10T17:14:05.151586,https://www.douyin.com/video/7614001267475565875,video_detail,https://www.douyin.com/video/7614001267475565875,,200,2026-05-10T17:14:05.151586,,79,1,network_response_29,exact,high
20260510_151052,2026-05-10T17:14:18.184835,https://www.douyin.com/video/7614003995287309568,video_detail,https://www.douyin.com/video/7614003995287309568,,200,2026-05-10T17:14:18.184835,,80,1,network_response_30,exact,high
20260510_151052,2026-05-10T17:14:35.181098,https://www.douyin.com/video/7614010824085112527,video_detail,https://www.douyin.com/video/7614010824085112527,,200,2026-05-10T17:14:35.181098,,77,1,network_response_39,exact,high
20260510_151052,2026-05-10T17:14:50.669174,https://www.douyin.com/video/7614013297335045422,video_detail,https://www.douyin.com/video/7614013297335045422,,200,2026-05-10T17:14:50.669174,,83,1,network_response_31,exact,high
20260510_151052,2026-05-10T17:15:08.944463,https://www.douyin.com/video/7614017604756454841,video_detail,https://www.douyin.com/video/7614017604756454841,,200,2026-05-10T17:15:08.944463,,72,1,network_response_31,exact,high
20260510_151052,2026-05-10T17:15:20.995529,https://www.douyin.com/video/7614018418856987944,video_detail,https://www.douyin.com/video/7614018418856987944,,200,2026-05-10T17:15:20.995529,,75,1,network_response_26,exact,high
20260510_151052,2026-05-10T17:15:37.871543,https://www.douyin.com/video/7614020063171054867,video_detail,https://www.douyin.com/video/7614020063171054867,,200,2026-05-10T17:15:37.871543,,37,1,network_response_32,exact,high
20260510_151052,2026-05-10T17:15:47.703048,https://www.douyin.com/video/7614022015325949230,video_detail,https://www.douyin.com/video/7614022015325949230,,200,2026-05-10T17:15:47.703048,,88,1,network_response_28,exact,high
20260510_151052,2026-05-10T17:16:06.764090,https://www.douyin.com/video/7614033149328244337,video_detail,https://www.douyin.com/video/7614033149328244337,,200,2026-05-10T17:16:06.764090,,65,1,network_response_41,exact,high
20260510_151052,2026-05-10T17:16:18.805551,https://www.douyin.com/video/7614037271066790506,video_detail,https://www.douyin.com/video/7614037271066790506,,200,2026-05-10T17:16:18.805551,,84,1,network_response_32,exact,high
20260510_151052,2026-05-10T17:16:35.129858,https://www.douyin.com/video/7614037888816270626,video_detail,https://www.douyin.com/video/7614037888816270626,,200,2026-05-10T17:16:35.129858,,31,,network_response_21,exact,high
20260510_151052,2026-05-10T17:16:41.743141,https://www.douyin.com/video/7614039858742431011,video_detail,https://www.douyin.com/video/7614039858742431011,,200,2026-05-10T17:16:41.743141,,75,1,network_response_73,exact,high
20260510_151052,2026-05-10T17:16:54.585915,https://www.douyin.com/video/7614042905082170624,video_detail,https://www.douyin.com/video/7614042905082170624,,200,2026-05-10T17:16:54.585915,,81,1,network_response_24,exact,high
20260510_151052,2026-05-10T17:17:11.152093,https://www.douyin.com/video/7614043908808428841,video_detail,https://www.douyin.com/video/7614043908808428841,,200,2026-05-10T17:17:11.152093,,89,1,network_response_26,exact,high
20260510_151052,2026-05-10T17:17:29.136868,https://www.douyin.com/video/7614046780757462287,video_detail,https://www.douyin.com/video/7614046780757462287,,200,2026-05-10T17:17:29.136868,,81,1,network_response_27,exact,high
20260510_151052,2026-05-10T17:17:45.056342,https://www.douyin.com/video/7614049052469150969,video_detail,https://www.douyin.com/video/7614049052469150969,,200,2026-05-10T17:17:45.056342,,70,1,network_response_35,exact,high
20260510_151052,2026-05-10T17:17:59.678475,https://www.douyin.com/video/7614050941973437169,video_detail,https://www.douyin.com/video/7614050941973437169,,200,2026-05-10T17:17:59.678475,,37,,network_response_26,exact,high
20260510_151052,2026-05-10T17:18:07.008622,https://www.douyin.com/video/7614051080132889866,video_detail,https://www.douyin.com/video/7614051080132889866,,200,2026-05-10T17:18:07.008622,,72,1,network_response_25,exact,high
20260510_151052,2026-05-10T17:18:19.530766,https://www.douyin.com/video/7614053350010588425,video_detail,https://www.douyin.com/video/7614053350010588425,,200,2026-05-10T17:18:19.530766,,30,,network_response_29,exact,high
20260510_151052,2026-05-10T17:18:25.412081,https://www.douyin.com/video/7614056222223830324,video_detail,https://www.douyin.com/video/7614056222223830324,,200,2026-05-10T17:18:25.412081,,27,,,none,low
20260510_151052,2026-05-10T17:18:28.644513,https://www.douyin.com/video/7614061559601523369,video_detail,https://www.douyin.com/video/7614061559601523369,,200,2026-05-10T17:18:28.644513,,56,1,network_response_26,exact,high
20260510_151052,2026-05-10T17:18:39.252173,https://www.douyin.com/video/7614065600922389786,video_detail,https://www.douyin.com/video/7614065600922389786,,200,2026-05-10T17:18:39.252173,,85,1,network_response_63,exact,high
20260510_151052,2026-05-10T17:18:55.860370,https://www.douyin.com/video/7614069627554925866,video_detail,https://www.douyin.com/video/7614069627554925866,,200,2026-05-10T17:18:55.860370,,48,1,network_response_29,exact,high
20260510_151052,2026-05-10T17:19:06.735096,https://www.douyin.com/video/7614073336296967478,video_detail,https://www.douyin.com/video/7614073336296967478,,200,2026-05-10T17:19:06.735096,,60,1,network_response_47,exact,high
20260510_151052,2026-05-10T17:19:18.292737,https://www.douyin.com/video/7614073523299962146,video_detail,https://www.douyin.com/video/7614073523299962146,,200,2026-05-10T17:19:18.292737,,81,1,network_response_31,exact,high
20260510_151052,2026-05-10T17:19:34.989615,https://www.douyin.com/video/7614073683925595065,video_detail,https://www.douyin.com/video/7614073683925595065,,200,2026-05-10T17:19:34.989615,,29,,,none,low
20260510_151052,2026-05-10T17:19:42.550217,https://www.douyin.com/video/7614075244273208591,video_detail,https://www.douyin.com/video/7614075244273208591,,200,2026-05-10T17:19:42.550217,,33,,network_response_32,exact,high
20260510_151052,2026-05-10T17:19:49.777674,https://www.douyin.com/video/7614079074364919103,video_detail,https://www.douyin.com/video/7614079074364919103,,200,2026-05-10T17:19:49.777674,,81,1,network_response_24,exact,high
20260510_151052,2026-05-10T17:20:02.323310,https://www.douyin.com/video/7614081389729713435,video_detail,https://www.douyin.com/video/7614081389729713435,,200,2026-05-10T17:20:02.323310,,87,1,network_response_31,exact,high
20260510_151052,2026-05-10T17:20:19.166917,https://www.douyin.com/video/7614081953885962341,video_detail,https://www.douyin.com/video/7614081953885962341,,200,2026-05-10T17:20:19.166917,,77,1,network_response_31,exact,high
20260510_151052,2026-05-10T17:20:34.356074,https://www.douyin.com/video/7614081987866938676,video_detail,https://www.douyin.com/video/7614081987866938676,,200,2026-05-10T17:20:34.356074,,73,1,network_response_34,exact,high
20260510_151052,2026-05-10T17:20:49.951757,https://www.douyin.com/video/7614082705227091234,video_detail,https://www.douyin.com/video/7614082705227091234,,200,2026-05-10T17:20:49.951757,,72,1,network_response_32,exact,high
20260510_151052,2026-05-10T17:21:03.359807,https://www.douyin.com/video/7614085346636172578,video_detail,https://www.douyin.com/video/7614085346636172578,,200,2026-05-10T17:21:03.359807,,77,1,network_response_29,exact,high
20260510_151052,2026-05-10T17:21:16.771267,https://www.douyin.com/video/7614090733271796998,video_detail,https://www.douyin.com/video/7614090733271796998,,200,2026-05-10T17:21:16.771267,,29,,network_response_27,exact,high
20260510_151052,2026-05-10T17:21:21.989720,https://www.douyin.com/video/7614092962129108345,video_detail,https://www.douyin.com/video/7614092962129108345,,200,2026-05-10T17:21:21.989720,,26,,,none,low
20260510_151052,2026-05-10T17:21:25.571777,https://www.douyin.com/video/7614096347142098191,video_detail,https://www.douyin.com/video/7614096347142098191,,200,2026-05-10T17:21:25.571777,,75,1,network_response_18,exact,high
20260510_151052,2026-05-10T17:21:41.847188,https://www.douyin.com/video/7614096406973893924,video_detail,https://www.douyin.com/video/7614096406973893924,,200,2026-05-10T17:21:41.847188,,33,,network_response_32,exact,high
20260510_151052,2026-05-10T17:21:49.413925,https://www.douyin.com/video/7614097703300018341,video_detail,https://www.douyin.com/video/7614097703300018341,,200,2026-05-10T17:21:49.413925,,94,1,network_response_30,exact,high
20260510_151052,2026-05-10T17:22:05.233342,https://www.douyin.com/video/7614099569151937792,video_detail,https://www.douyin.com/video/7614099569151937792,,200,2026-05-10T17:22:05.233342,,84,1,network_response_30,exact,high
20260510_151052,2026-05-10T17:22:24.560749,https://www.douyin.com/video/7614102356623445288,video_detail,https://www.douyin.com/video/7614102356623445288,,200,2026-05-10T17:22:24.560749,,74,1,network_response_40,exact,high
20260510_151052,2026-05-10T17:22:37.864288,https://www.douyin.com/video/7614102850578255110,video_detail,https://www.douyin.com/video/7614102850578255110,,200,2026-05-10T17:22:37.864288,,46,1,network_response_32,exact,high
20260510_151052,2026-05-10T17:22:48.039654,https://www.douyin.com/video/7614103709500345634,video_detail,https://www.douyin.com/video/7614103709500345634,,200,2026-05-10T17:22:48.039654,,78,1,network_response_30,exact,high
20260510_151052,2026-05-10T17:23:04.302770,https://www.douyin.com/video/7614107201946324278,video_detail,https://www.douyin.com/video/7614107201946324278,,200,2026-05-10T17:23:04.302770,,73,1,network_response_30,exact,high
20260510_151052,2026-05-10T17:23:19.124672,https://www.douyin.com/video/7614107367173993445,video_detail,https://www.douyin.com/video/7614107367173993445,,200,2026-05-10T17:23:19.124672,,78,1,network_response_20,exact,high
20260510_151052,2026-05-10T17:23:32.278454,https://www.douyin.com/video/7614108108792854259,video_detail,https://www.douyin.com/video/7614108108792854259,,200,2026-05-10T17:23:32.278454,,68,1,network_response_25,exact,high
20260510_151052,2026-05-10T17:23:42.564984,https://www.douyin.com/video/7614110040382868763,video_detail,https://www.douyin.com/video/7614110040382868763,,200,2026-05-10T17:23:42.564984,,28,,network_response_27,exact,high
20260510_151052,2026-05-10T17:23:49.481465,https://www.douyin.com/video/7614111179862501602,video_detail,https://www.douyin.com/video/7614111179862501602,,200,2026-05-10T17:23:49.481465,,34,,network_response_16,exact,high
20260510_151052,2026-05-10T17:23:56.421925,https://www.douyin.com/video/7614114152605058666,video_detail,https://www.douyin.com/video/7614114152605058666,,200,2026-05-10T17:23:56.421925,,82,1,network_response_30,exact,high
20260510_151052,2026-05-10T17:24:10.544789,https://www.douyin.com/video/7614115457397705984,video_detail,https://www.douyin.com/video/7614115457397705984,,200,2026-05-10T17:24:10.544789,,30,,network_response_29,exact,high
20260510_151052,2026-05-10T17:24:16.556659,https://www.douyin.com/video/7614118384406652411,video_detail,https://www.douyin.com/video/7614118384406652411,,200,2026-05-10T17:24:16.556659,,29,,network_response_28,exact,high
20260510_151052,2026-05-10T17:24:20.703162,https://www.douyin.com/video/7614129698109796710,video_detail,https://www.douyin.com/video/7614129698109796710,,200,2026-05-10T17:24:20.703162,,29,,network_response_28,exact,high
20260510_151052,2026-05-10T17:24:24.942050,https://www.douyin.com/video/7614132371868224811,video_detail,https://www.douyin.com/video/7614132371868224811,,200,2026-05-10T17:24:24.942050,,27,,,none,low
20260510_151052,2026-05-10T17:24:28.346455,https://www.douyin.com/video/7614135061222280457,video_detail,https://www.douyin.com/video/7614135061222280457,,200,2026-05-10T17:24:28.346455,,28,,network_response_27,exact,high
20260510_151052,2026-05-10T17:24:32.038025,https://www.douyin.com/video/7614135074027875455,video_detail,https://www.douyin.com/video/7614135074027875455,,200,2026-05-10T17:24:32.038025,,93,1,network_response_30,exact,high
20260510_151052,2026-05-10T17:25:00.042933,https://www.douyin.com/video/7614142531982429474,video_detail,https://www.douyin.com/video/7614142531982429474,,200,2026-05-10T17:25:00.042933,,75,1,network_response_31,exact,high
20260510_151052,2026-05-10T17:25:14.148473,https://www.douyin.com/video/7614147200709322118,video_detail,https://www.douyin.com/video/7614147200709322118,,200,2026-05-10T17:25:14.148473,,77,1,network_response_30,exact,high
20260510_151052,2026-05-10T17:25:28.975734,https://www.douyin.com/video/7614158976423076325,video_detail,https://www.douyin.com/video/7614158976423076325,,200,2026-05-10T17:25:28.975734,,39,,network_response_26,exact,high
20260510_151052,2026-05-10T17:25:38.756034,https://www.douyin.com/video/7614159940780821810,video_detail,https://www.douyin.com/video/7614159940780821810,,200,2026-05-10T17:25:38.756034,,95,1,network_response_33,exact,high
20260510_151052,2026-05-10T17:25:55.678633,https://www.douyin.com/video/7614175758595984680,video_detail,https://www.douyin.com/video/7614175758595984680,,200,2026-05-10T17:25:55.678633,,64,1,,none,low
20260510_151052,2026-05-10T17:26:07.249816,https://www.douyin.com/video/7614233288249593018,video_detail,https://www.douyin.com/video/7614233288249593018,,200,2026-05-10T17:26:07.249816,,27,,network_response_26,exact,high
20260510_151052,2026-05-10T17:26:11.412958,https://www.douyin.com/video/7614236544957713670,video_detail,https://www.douyin.com/video/7614236544957713670,,200,2026-05-10T17:26:11.412958,,56,1,network_response_26,exact,high
20260510_151052,2026-05-10T17:26:17.356320,https://www.douyin.com/video/7614320000035455651,video_detail,https://www.douyin.com/video/7614320000035455651,,200,2026-05-10T17:26:17.356320,,76,1,network_response_35,exact,high
20260510_151052,2026-05-10T17:26:32.656033,https://www.douyin.com/video/7614327398557789422,video_detail,https://www.douyin.com/video/7614327398557789422,,200,2026-05-10T17:26:32.656033,,80,1,network_response_15,exact,high
20260510_151052,2026-05-10T17:26:49.724938,https://www.douyin.com/video/7614335501419482410,video_detail,https://www.douyin.com/video/7614335501419482410,,200,2026-05-10T17:26:49.724938,,79,1,network_response_67,exact,high
20260510_151052,2026-05-10T17:27:05.174224,https://www.douyin.com/video/7614344811746807092,video_detail,https://www.douyin.com/video/7614344811746807092,,200,2026-05-10T17:27:05.174224,,82,1,network_response_34,exact,high
20260510_151052,2026-05-10T17:27:21.331344,https://www.douyin.com/video/7614353102670930515,video_detail,https://www.douyin.com/video/7614353102670930515,,200,2026-05-10T17:27:21.331344,,72,1,network_response_28,exact,high
20260510_151052,2026-05-10T17:27:37.978090,https://www.douyin.com/video/7614356506611305755,video_detail,https://www.douyin.com/video/7614356506611305755,,200,2026-05-10T17:27:37.978090,,35,,network_response_34,exact,high
20260510_151052,2026-05-10T17:27:46.886242,https://www.douyin.com/video/7614366205234662707,video_detail,https://www.douyin.com/video/7614366205234662707,,200,2026-05-10T17:27:46.886242,,79,1,network_response_29,exact,high
20260510_151052,2026-05-10T17:28:01.596894,https://www.douyin.com/video/7614367467237952803,video_detail,https://www.douyin.com/video/7614367467237952803,,200,2026-05-10T17:28:01.596894,,78,1,network_response_76,exact,high
20260510_151052,2026-05-10T17:28:16.072721,https://www.douyin.com/video/7614373137706143026,video_detail,https://www.douyin.com/video/7614373137706143026,,200,2026-05-10T17:28:16.072721,,60,1,network_response_59,exact,high
20260510_151052,2026-05-10T17:28:26.508457,https://www.douyin.com/video/7614386017851888227,video_detail,https://www.douyin.com/video/7614386017851888227,,200,2026-05-10T17:28:26.508457,,27,,network_response_26,exact,high
20260510_151052,2026-05-10T17:28:29.237210,https://www.douyin.com/video/7614386233308934890,video_detail,https://www.douyin.com/video/7614386233308934890,,200,2026-05-10T17:28:29.237210,,72,1,network_response_28,exact,high
20260510_151052,2026-05-10T17:28:39.755696,https://www.douyin.com/video/7614393540684156206,video_detail,https://www.douyin.com/video/7614393540684156206,,200,2026-05-10T17:28:39.755696,,78,1,network_response_70,exact,high
20260510_151052,2026-05-10T17:28:52.262559,https://www.douyin.com/video/7614401855683468731,video_detail,https://www.douyin.com/video/7614401855683468731,,200,2026-05-10T17:28:52.262559,,67,1,network_response_66,exact,high
20260510_151052,2026-05-10T17:29:04.277118,https://www.douyin.com/video/7614403217866149126,video_detail,https://www.douyin.com/video/7614403217866149126,,200,2026-05-10T17:29:04.277118,,85,1,network_response_66,exact,high
20260510_151052,2026-05-10T17:29:19.610136,https://www.douyin.com/video/7614404499200920883,video_detail,https://www.douyin.com/video/7614404499200920883,,200,2026-05-10T17:29:19.610136,,27,,,none,low
20260510_151052,2026-05-10T17:29:25.768276,https://www.douyin.com/video/7614409425726892155,video_detail,https://www.douyin.com/video/7614409425726892155,,200,2026-05-10T17:29:25.768276,,34,,network_response_32,exact,high
20260510_151052,2026-05-10T17:29:33.734547,https://www.douyin.com/video/7614418378542845234,video_detail,https://www.douyin.com/video/7614418378542845234,,200,2026-05-10T17:29:33.734547,,74,1,network_response_29,exact,high
20260510_151052,2026-05-10T17:29:43.536350,https://www.douyin.com/video/7614422485593678198,video_detail,https://www.douyin.com/video/7614422485593678198,,200,2026-05-10T17:29:43.536350,,27,,,none,low
20260510_151052,2026-05-10T17:29:47.560803,https://www.douyin.com/video/7614430489247517978,video_detail,https://www.douyin.com/video/7614430489247517978,,200,2026-05-10T17:29:47.560803,,70,1,network_response_69,exact,high
20260510_151052,2026-05-10T17:29:57.253002,https://www.douyin.com/video/7614431225654086952,video_detail,https://www.douyin.com/video/7614431225654086952,,200,2026-05-10T17:29:57.253002,,76,1,network_response_75,exact,high
20260510_151052,2026-05-10T17:30:08.304147,https://www.douyin.com/video/7614431263780951470,video_detail,https://www.douyin.com/video/7614431263780951470,,200,2026-05-10T17:30:08.304147,,28,,network_response_27,exact,high
20260510_151052,2026-05-10T17:30:13.398603,https://www.douyin.com/video/7614432859713047849,video_detail,https://www.douyin.com/video/7614432859713047849,,200,2026-05-10T17:30:13.398603,,28,,network_response_27,exact,high
20260510_151052,2026-05-10T17:30:17.014732,https://www.douyin.com/video/7614433165470223266,video_detail,https://www.douyin.com/video/7614433165470223266,,200,2026-05-10T17:30:17.014732,,77,1,network_response_73,exact,high
20260510_151052,2026-05-10T17:30:27.389156,https://www.douyin.com/video/7614435874046315226,video_detail,https://www.douyin.com/video/7614435874046315226,,200,2026-05-10T17:30:27.389156,,27,,,none,low
20260510_151052,2026-05-10T17:30:31.202515,https://www.douyin.com/video/7614436496161918251,video_detail,https://www.douyin.com/video/7614436496161918251,,200,2026-05-10T17:30:31.202515,,28,,network_response_26,exact,high
20260510_151052,2026-05-10T17:30:36.084537,https://www.douyin.com/video/7614436522808380672,video_detail,https://www.douyin.com/video/7614436522808380672,,200,2026-05-10T17:30:36.084537,,38,,network_response_34,exact,high
20260510_151052,2026-05-10T17:30:43.451091,https://www.douyin.com/video/7614437837072534784,video_detail,https://www.douyin.com/video/7614437837072534784,,200,2026-05-10T17:30:43.451091,,28,,network_response_27,exact,high
20260510_151052,2026-05-10T17:30:47.131346,https://www.douyin.com/video/7614441635979513097,video_detail,https://www.douyin.com/video/7614441635979513097,,200,2026-05-10T17:30:47.131346,,28,,network_response_27,exact,high
20260510_151052,2026-05-10T17:30:50.712762,https://www.douyin.com/video/7614442264005214185,video_detail,https://www.douyin.com/video/7614442264005214185,,200,2026-05-10T17:30:50.712762,,90,1,network_response_76,exact,high
20260510_151052,2026-05-10T17:31:08.364911,https://www.douyin.com/video/7614444090356223272,video_detail,https://www.douyin.com/video/7614444090356223272,,200,2026-05-10T17:31:08.364911,,61,1,network_response_60,exact,high
20260510_151052,2026-05-10T17:31:17.831761,https://www.douyin.com/video/7614446461912108340,video_detail,https://www.douyin.com/video/7614446461912108340,,200,2026-05-10T17:31:17.831761,,87,1,network_response_71,exact,high
20260510_151052,2026-05-10T17:31:35.878607,https://www.douyin.com/video/7614446862703070490,video_detail,https://www.douyin.com/video/7614446862703070490,,200,2026-05-10T17:31:35.878607,,67,1,network_response_66,exact,high
20260510_151052,2026-05-10T17:31:48.078700,https://www.douyin.com/video/7614447502250878272,video_detail,https://www.douyin.com/video/7614447502250878272,,200,2026-05-10T17:31:48.078700,,86,1,network_response_28,exact,high
20260510_151052,2026-05-10T17:32:05.732091,https://www.douyin.com/video/7614450609379625137,video_detail,https://www.douyin.com/video/7614450609379625137,,200,2026-05-10T17:32:05.732091,,64,1,network_response_43,exact,high
20260510_151052,2026-05-10T17:32:18.433284,https://www.douyin.com/video/7614450648490727010,video_detail,https://www.douyin.com/video/7614450648490727010,,200,2026-05-10T17:32:18.433284,,72,1,network_response_67,exact,high
20260510_151052,2026-05-10T17:32:33.463756,https://www.douyin.com/video/7614452082413817115,video_detail,https://www.douyin.com/video/7614452082413817115,,200,2026-05-10T17:32:33.463756,,32,,network_response_16,exact,high
20260510_151052,2026-05-10T17:32:40.397698,https://www.douyin.com/video/7614452929700859178,video_detail,https://www.douyin.com/video/7614452929700859178,,200,2026-05-10T17:32:40.397698,,80,1,network_response_26,exact,high
20260510_151052,2026-05-10T17:32:54.871660,https://www.douyin.com/video/7614464747940875535,video_detail,https://www.douyin.com/video/7614464747940875535,,200,2026-05-10T17:32:54.871660,,74,1,network_response_41,exact,high
20260510_151052,2026-05-10T17:33:05.737468,https://www.douyin.com/video/7614467297915739558,video_detail,https://www.douyin.com/video/7614467297915739558,,200,2026-05-10T17:33:05.737468,,31,,network_response_21,exact,high
20260510_151052,2026-05-10T17:33:10.767508,https://www.douyin.com/video/7614467443469110580,video_detail,https://www.douyin.com/video/7614467443469110580,,200,2026-05-10T17:33:10.767508,,71,1,network_response_29,exact,high
20260510_151052,2026-05-10T17:33:19.407423,https://www.douyin.com/video/7614471156633153723,video_detail,https://www.douyin.com/video/7614471156633153723,,200,2026-05-10T17:33:19.407423,,27,,network_response_18,exact,high
20260510_151052,2026-05-10T17:33:23.270846,https://www.douyin.com/video/7614473349909900907,video_detail,https://www.douyin.com/video/7614473349909900907,,200,2026-05-10T17:33:23.270846,,72,1,network_response_24,exact,high
20260510_151052,2026-05-10T17:33:31.515866,https://www.douyin.com/video/7614474823338708262,video_detail,https://www.douyin.com/video/7614474823338708262,,200,2026-05-10T17:33:31.515866,,88,1,network_response_71,exact,high
20260510_151052,2026-05-10T17:33:48.747022,https://www.douyin.com/video/7614474975039409289,video_detail,https://www.douyin.com/video/7614474975039409289,,200,2026-05-10T17:33:48.747022,,67,1,network_response_36,exact,high
20260510_151052,2026-05-10T17:34:00.282654,https://www.douyin.com/video/7614476222889807156,video_detail,https://www.douyin.com/video/7614476222889807156,,200,2026-05-10T17:34:00.282654,,85,1,network_response_43,exact,high
20260510_151052,2026-05-10T17:34:17.675494,https://www.douyin.com/video/7614481069462539561,video_detail,https://www.douyin.com/video/7614481069462539561,,200,2026-05-10T17:34:17.675494,,31,,network_response_24,exact,high
20260510_151052,2026-05-10T17:34:23.101964,https://www.douyin.com/video/7614484244270754539,video_detail,https://www.douyin.com/video/7614484244270754539,,200,2026-05-10T17:34:23.101964,,91,1,network_response_47,exact,high
20260510_151052,2026-05-10T17:34:38.617766,https://www.douyin.com/video/7614486694281024499,video_detail,https://www.douyin.com/video/7614486694281024499,,200,2026-05-10T17:34:38.617766,,69,1,network_response_68,exact,high
20260510_151052,2026-05-10T17:34:48.762757,https://www.douyin.com/video/7614490400325127475,video_detail,https://www.douyin.com/video/7614490400325127475,,200,2026-05-10T17:34:48.762757,,83,1,network_response_67,exact,high
20260510_151052,2026-05-10T17:35:04.151860,https://www.douyin.com/video/7614492660639796499,video_detail,https://www.douyin.com/video/7614492660639796499,,200,2026-05-10T17:35:04.151860,,72,1,network_response_44,exact,high
20260510_151052,2026-05-10T17:35:17.596561,https://www.douyin.com/video/7614497428070288682,video_detail,https://www.douyin.com/video/7614497428070288682,,200,2026-05-10T17:35:17.596561,,72,1,network_response_28,exact,high
20260510_151052,2026-05-10T17:35:26.822379,https://www.douyin.com/video/7614497844430507290,video_detail,https://www.douyin.com/video/7614497844430507290,,200,2026-05-10T17:35:26.822379,,77,1,network_response_70,exact,high
20260510_151052,2026-05-10T17:35:37.202521,https://www.douyin.com/video/7614498041789637971,video_detail,https://www.douyin.com/video/7614498041789637971,,200,2026-05-10T17:35:37.202521,,28,,network_response_26,exact,high
20260510_151052,2026-05-10T17:35:41.311844,https://www.douyin.com/video/7614498882491256105,video_detail,https://www.douyin.com/video/7614498882491256105,,200,2026-05-10T17:35:41.311844,,79,1,network_response_71,exact,high
20260510_151052,2026-05-10T17:35:54.702096,https://www.douyin.com/video/7614499599616694202,video_detail,https://www.douyin.com/video/7614499599616694202,,200,2026-05-10T17:35:54.702096,,80,1,network_response_36,exact,high
20260510_151052,2026-05-10T17:36:12.917726,https://www.douyin.com/video/7614499745645579520,video_detail,https://www.douyin.com/video/7614499745645579520,,200,2026-05-10T17:36:12.917726,,32,,,none,low
20260510_151052,2026-05-10T17:36:21.193389,https://www.douyin.com/video/7614502910600916214,video_detail,https://www.douyin.com/video/7614502910600916214,,200,2026-05-10T17:36:21.193389,,99,1,network_response_86,exact,high
20260510_151052,2026-05-10T17:36:38.869033,https://www.douyin.com/video/7614503416290814906,video_detail,https://www.douyin.com/video/7614503416290814906,,200,2026-05-10T17:36:38.869033,,82,1,network_response_71,exact,high
20260510_151052,2026-05-10T17:36:54.208866,https://www.douyin.com/video/7614506904739466534,video_detail,https://www.douyin.com/video/7614506904739466534,,200,2026-05-10T17:36:54.208866,,69,1,network_response_64,exact,high
20260510_151052,2026-05-10T17:37:07.217138,https://www.douyin.com/video/7614510961310862598,video_detail,https://www.douyin.com/video/7614510961310862598,,200,2026-05-10T17:37:07.217138,,77,1,network_response_72,exact,high
20260510_151052,2026-05-10T17:37:21.558301,https://www.douyin.com/video/7614517296342555621,video_detail,https://www.douyin.com/video/7614517296342555621,,200,2026-05-10T17:37:21.558301,,81,1,network_response_71,exact,high
20260510_151052,2026-05-10T17:37:33.878083,https://www.douyin.com/video/7614522935474162954,video_detail,https://www.douyin.com/video/7614522935474162954,,200,2026-05-10T17:37:33.878083,,77,1,network_response_69,exact,high
20260510_151052,2026-05-10T17:37:49.772447,https://www.douyin.com/video/7614535541908657587,video_detail,https://www.douyin.com/video/7614535541908657587,,200,2026-05-10T17:37:49.772447,,74,1,network_response_64,exact,high
20260510_151052,2026-05-10T17:38:02.622866,https://www.douyin.com/video/7614535787702471963,video_detail,https://www.douyin.com/video/7614535787702471963,,200,2026-05-10T17:38:02.622866,,28,,network_response_23,exact,high
20260510_151052,2026-05-10T17:38:07.161207,https://www.douyin.com/video/7614539360850955529,video_detail,https://www.douyin.com/video/7614539360850955529,,200,2026-05-10T17:38:07.161207,,77,1,network_response_47,exact,high
20260510_151052,2026-05-10T17:38:22.314736,https://www.douyin.com/video/7614544804253131195,video_detail,https://www.douyin.com/video/7614544804253131195,,200,2026-05-10T17:38:22.314736,,34,,network_response_24,exact,high
20260510_151052,2026-05-10T17:38:29.307763,https://www.douyin.com/video/7614563379857246602,video_detail,https://www.douyin.com/video/7614563379857246602,,200,2026-05-10T17:38:29.307763,,70,1,network_response_13,exact,high
20260510_151052,2026-05-10T17:38:40.060653,https://www.douyin.com/video/7614570890772106502,video_detail,https://www.douyin.com/video/7614570890772106502,,200,2026-05-10T17:38:40.060653,,65,1,network_response_32,exact,high
20260510_151052,2026-05-10T17:38:53.387874,https://www.douyin.com/video/7614581777429128399,video_detail,https://www.douyin.com/video/7614581777429128399,,200,2026-05-10T17:38:53.387874,,67,1,network_response_63,exact,high
20260510_151052,2026-05-10T17:39:05.403432,https://www.douyin.com/video/7614595196868651750,video_detail,https://www.douyin.com/video/7614595196868651750,,200,2026-05-10T17:39:05.403432,,27,,network_response_26,exact,high
20260510_151052,2026-05-10T17:39:09.792016,https://www.douyin.com/video/7614599173911973147,video_detail,https://www.douyin.com/video/7614599173911973147,,200,2026-05-10T17:39:09.792016,,28,,network_response_26,exact,high
20260510_151052,2026-05-10T17:39:13.934977,https://www.douyin.com/video/7614613034794814761,video_detail,https://www.douyin.com/video/7614613034794814761,,200,2026-05-10T17:39:13.934977,,27,,,none,low
20260510_151052,2026-05-10T17:39:17.785825,https://www.douyin.com/video/7614614263142829321,video_detail,https://www.douyin.com/video/7614614263142829321,,200,2026-05-10T17:39:17.785825,,75,1,network_response_26,exact,high
20260510_151052,2026-05-10T17:39:31.154319,https://www.douyin.com/video/7614669163394567450,video_detail,https://www.douyin.com/video/7614669163394567450,,200,2026-05-10T17:39:31.154319,,81,1,network_response_35,exact,high
20260510_151052,2026-05-10T17:39:47.756468,https://www.douyin.com/video/7614675103560862976,video_detail,https://www.douyin.com/video/7614675103560862976,,200,2026-05-10T17:39:47.756468,,91,1,network_response_28,exact,high
20260510_151052,2026-05-10T17:40:07.311631,https://www.douyin.com/video/7614678904909249398,video_detail,https://www.douyin.com/video/7614678904909249398,,200,2026-05-10T17:40:07.311631,,34,,,none,low
20260510_151052,2026-05-10T17:40:15.245029,https://www.douyin.com/video/7614692584476419190,video_detail,https://www.douyin.com/video/7614692584476419190,,200,2026-05-10T17:40:15.245029,,63,1,,none,low
20260510_151052,2026-05-10T17:40:28.116337,https://www.douyin.com/video/7614694376580730148,video_detail,https://www.douyin.com/video/7614694376580730148,,200,2026-05-10T17:40:28.116337,,79,1,network_response_29,exact,high
20260510_151052,2026-05-10T17:40:43.106629,https://www.douyin.com/video/7614703638790997402,video_detail,https://www.douyin.com/video/7614703638790997402,,200,2026-05-10T17:40:43.106629,,75,1,network_response_38,exact,high
20260510_151052,2026-05-10T17:40:56.564733,https://www.douyin.com/video/7614712179337904506,video_detail,https://www.douyin.com/video/7614712179337904506,,200,2026-05-10T17:40:56.564733,,27,,network_response_20,exact,high
20260510_151052,2026-05-10T17:41:01.037423,https://www.douyin.com/video/7614718116787336677,video_detail,https://www.douyin.com/video/7614718116787336677,,200,2026-05-10T17:41:01.037423,,76,1,network_response_27,exact,high
20260510_151052,2026-05-10T17:41:13.853968,https://www.douyin.com/video/7614721587924782336,video_detail,https://www.douyin.com/video/7614721587924782336,,200,2026-05-10T17:41:13.853968,,81,1,network_response_30,exact,high
20260510_151052,2026-05-10T17:41:30.609726,https://www.douyin.com/video/7614726166016019718,video_detail,https://www.douyin.com/video/7614726166016019718,,200,2026-05-10T17:41:30.609726,,66,1,network_response_32,exact,high
20260510_151052,2026-05-10T17:41:42.496063,https://www.douyin.com/video/7614737747357486376,video_detail,https://www.douyin.com/video/7614737747357486376,,200,2026-05-10T17:41:42.496063,,81,1,network_response_29,exact,high
20260510_151052,2026-05-10T17:41:58.644062,https://www.douyin.com/video/7614741614623345966,video_detail,https://www.douyin.com/video/7614741614623345966,,200,2026-05-10T17:41:58.644062,,27,,,none,low
20260510_151052,2026-05-10T17:42:05.541030,https://www.douyin.com/video/7614747444036262053,video_detail,https://www.douyin.com/video/7614747444036262053,,200,2026-05-10T17:42:05.541030,,34,,network_response_17,exact,high
20260510_151052,2026-05-10T17:42:12.127605,https://www.douyin.com/video/7614750820315270438,video_detail,https://www.douyin.com/video/7614750820315270438,,200,2026-05-10T17:42:12.127605,,77,1,network_response_31,exact,high
20260510_151052,2026-05-10T17:42:23.512984,https://www.douyin.com/video/7614772678930500899,video_detail,https://www.douyin.com/video/7614772678930500899,,200,2026-05-10T17:42:23.512984,,28,,,none,low
20260510_151052,2026-05-10T17:42:28.052393,https://www.douyin.com/video/7614774824673627398,video_detail,https://www.douyin.com/video/7614774824673627398,,200,2026-05-10T17:42:28.052393,,29,,network_response_27,exact,high
20260510_151052,2026-05-10T17:42:32.430910,https://www.douyin.com/video/7614782066630069545,video_detail,https://www.douyin.com/video/7614782066630069545,,200,2026-05-10T17:42:32.430910,,80,1,network_response_75,exact,high
20260510_151052,2026-05-10T17:42:46.189644,https://www.douyin.com/video/7614786993381313826,video_detail,https://www.douyin.com/video/7614786993381313826,,200,2026-05-10T17:42:46.189644,,87,1,network_response_69,exact,high
20260510_151052,2026-05-10T17:43:00.469212,https://www.douyin.com/video/7614787252274744576,video_detail,https://www.douyin.com/video/7614787252274744576,,200,2026-05-10T17:43:00.469212,,16,1,,none,low
20260510_151052,2026-05-10T17:43:23.603822,https://www.douyin.com/video/7614793148442725682,video_detail,https://www.douyin.com/video/7614793148442725682,,200,2026-05-10T17:43:23.603822,,28,,network_response_26,exact,high
20260510_151052,2026-05-10T17:43:28.431810,https://www.douyin.com/video/7614799413689645288,video_detail,https://www.douyin.com/video/7614799413689645288,,200,2026-05-10T17:43:28.431810,,74,1,network_response_28,exact,high
20260510_151052,2026-05-10T17:43:41.500991,https://www.douyin.com/video/7614811107781397802,video_detail,https://www.douyin.com/video/7614811107781397802,,200,2026-05-10T17:43:41.500991,,86,1,network_response_34,exact,high
20260510_151052,2026-05-10T17:43:59.577300,https://www.douyin.com/video/7614822471066343665,video_detail,https://www.douyin.com/video/7614822471066343665,,200,2026-05-10T17:43:59.577300,,36,,network_response_35,exact,high
20260510_151052,2026-05-10T17:44:08.360935,https://www.douyin.com/video/7614822729681947569,video_detail,https://www.douyin.com/video/7614822729681947569,,200,2026-05-10T17:44:08.360935,,81,1,network_response_29,exact,high
20260510_151052,2026-05-10T17:44:21.010104,https://www.douyin.com/video/7614830587006782386,video_detail,https://www.douyin.com/video/7614830587006782386,,200,2026-05-10T17:44:21.010104,,75,1,network_response_69,exact,high
20260510_151052,2026-05-10T17:44:34.039506,https://www.douyin.com/video/7614834740016860470,video_detail,https://www.douyin.com/video/7614834740016860470,,200,2026-05-10T17:44:34.039506,,66,1,,none,low
20260510_151052,2026-05-10T17:44:46.687594,https://www.douyin.com/video/7614837991894158627,video_detail,https://www.douyin.com/video/7614837991894158627,,200,2026-05-10T17:44:46.687594,,29,,network_response_22,exact,high
20260510_151052,2026-05-10T17:44:51.224229,https://www.douyin.com/video/7614841432151645924,video_detail,https://www.douyin.com/video/7614841432151645924,,200,2026-05-10T17:44:51.224229,,92,1,network_response_66,exact,high
20260510_151052,2026-05-10T17:45:19.120640,https://www.douyin.com/video/7614845348604250314,video_detail,https://www.douyin.com/video/7614845348604250314,,200,2026-05-10T17:45:19.120640,,30,,network_response_29,exact,high
20260510_151052,2026-05-10T17:45:24.240074,https://www.douyin.com/video/7614853339914043377,video_detail,https://www.douyin.com/video/7614853339914043377,,200,2026-05-10T17:45:24.240074,,72,1,network_response_47,exact,high
20260510_151052,2026-05-10T17:45:34.734806,https://www.douyin.com/video/7614854961185086564,video_detail,https://www.douyin.com/video/7614854961185086564,,200,2026-05-10T17:45:34.734806,,82,1,network_response_65,exact,high
20260510_151052,2026-05-10T17:45:50.398608,https://www.douyin.com/video/7614855833817550114,video_detail,https://www.douyin.com/video/7614855833817550114,,200,2026-05-10T17:45:50.398608,,83,1,network_response_70,exact,high
20260510_151052,2026-05-10T17:46:08.756264,https://www.douyin.com/video/7614858635864214803,video_detail,https://www.douyin.com/video/7614858635864214803,,200,2026-05-10T17:46:08.756264,,40,,network_response_36,exact,high
20260510_151052,2026-05-10T17:46:16.826909,https://www.douyin.com/video/7614861707122762981,video_detail,https://www.douyin.com/video/7614861707122762981,,200,2026-05-10T17:46:16.826909,,61,1,network_response_36,exact,high
20260510_151052,2026-05-10T17:46:27.775596,https://www.douyin.com/video/7614861733936979834,video_detail,https://www.douyin.com/video/7614861733936979834,,200,2026-05-10T17:46:27.775596,,31,,network_response_21,exact,high
20260510_151052,2026-05-10T17:46:33.297139,https://www.douyin.com/video/7614865154999733540,video_detail,https://www.douyin.com/video/7614865154999733540,,200,2026-05-10T17:46:33.297139,,71,1,network_response_25,exact,high
20260510_151052,2026-05-10T17:46:43.434094,https://www.douyin.com/video/7614872290240498994,video_detail,https://www.douyin.com/video/7614872290240498994,,200,2026-05-10T17:46:43.434094,,81,1,network_response_69,exact,high
20260510_151052,2026-05-10T17:46:57.987331,https://www.douyin.com/video/7614875669134118190,video_detail,https://www.douyin.com/video/7614875669134118190,,200,2026-05-10T17:46:57.987331,,73,1,network_response_46,exact,high
20260510_151052,2026-05-10T17:47:11.133580,https://www.douyin.com/video/7614877393095271013,video_detail,https://www.douyin.com/video/7614877393095271013,,200,2026-05-10T17:47:11.133580,,75,1,network_response_74,exact,high
20260510_151052,2026-05-10T17:47:22.344909,https://www.douyin.com/video/7614880326522916131,video_detail,https://www.douyin.com/video/7614880326522916131,,200,2026-05-10T17:47:22.344909,,30,,network_response_29,exact,high
20260510_151052,2026-05-10T17:47:27.667522,https://www.douyin.com/video/7614884249493064986,video_detail,https://www.douyin.com/video/7614884249493064986,,200,2026-05-10T17:47:27.667522,,69,1,network_response_28,exact,high
20260510_151052,2026-05-10T17:47:37.337478,https://www.douyin.com/video/7614885151826267398,video_detail,https://www.douyin.com/video/7614885151826267398,,200,2026-05-10T17:47:37.337478,,70,1,network_response_32,exact,high
20260510_151052,2026-05-10T17:47:52.162576,https://www.douyin.com/video/7614907079090572031,video_detail,https://www.douyin.com/video/7614907079090572031,,200,2026-05-10T17:47:52.162576,,32,,network_response_29,exact,high
20260510_151052,2026-05-10T17:47:59.230863,https://www.douyin.com/video/7614912314386566442,video_detail,https://www.douyin.com/video/7614912314386566442,,200,2026-05-10T17:47:59.230863,,79,1,network_response_17,exact,high
20260510_151052,2026-05-10T17:48:12.263543,https://www.douyin.com/video/7614913536212421923,video_detail,https://www.douyin.com/video/7614913536212421923,,200,2026-05-10T17:48:12.263543,,30,,network_response_29,exact,high
20260510_151052,2026-05-10T17:48:35.034600,https://www.douyin.com/video/7614920818467835145,video_detail,https://www.douyin.com/video/7614920818467835145,,200,2026-05-10T17:48:35.034600,,81,1,network_response_71,exact,high
20260510_151052,2026-05-10T17:48:49.575516,https://www.douyin.com/video/7614921230051696827,video_detail,https://www.douyin.com/video/7614921230051696827,,200,2026-05-10T17:48:49.575516,,72,1,network_response_63,exact,high
20260510_151052,2026-05-10T17:49:02.456953,https://www.douyin.com/video/7614922147345001203,video_detail,https://www.douyin.com/video/7614922147345001203,,200,2026-05-10T17:49:02.456953,,79,1,network_response_66,exact,high
20260510_151052,2026-05-10T17:49:17.823400,https://www.douyin.com/video/7614934588082736430,video_detail,https://www.douyin.com/video/7614934588082736430,,200,2026-05-10T17:49:17.823400,,65,1,network_response_63,exact,high
20260510_151052,2026-05-10T17:49:28.980339,https://www.douyin.com/video/7614969244341636378,video_detail,https://www.douyin.com/video/7614969244341636378,,200,2026-05-10T17:49:28.980339,,28,,,none,low
20260510_151052,2026-05-10T17:49:34.463377,https://www.douyin.com/video/7614996347221036315,video_detail,https://www.douyin.com/video/7614996347221036315,,200,2026-05-10T17:49:34.463377,,101,1,network_response_75,exact,high
20260510_151052,2026-05-10T17:49:57.788659,https://www.douyin.com/video/7615047783732677809,video_detail,https://www.douyin.com/video/7615047783732677809,,200,2026-05-10T17:49:57.788659,,76,1,network_response_28,exact,high
