video_id,crawl_time,music_id,music_mid,music_title,music_author,music_owner_id,music_owner_nickname,music_duration,music_shoot_duration,is_original_sound,is_commerce_music,music_status,music_collect_count,music_cover_url_list,music_play_url_list
7617370563069234473,2026-05-10 19:51:59.110375,7617370933279443750,,@剧不言创作的原声,剧不言,7450088901962957849,剧不言,679,,False,,,,,
7613822505429503258,2026-05-10 17:10:13.263161,7613822843616348937,,@魔力讲创作的原声,魔力讲,3654408025422947,魔力讲,941,,False,,,,,
7617065344683227770,2026-05-10 19:45:56.323164,7617065832895515446,,DEJA VU,虫哥说电影,109445113066,虫哥说电影,1336,,False,,,,,
7617066833728125029,2026-05-10 19:46:21.455311,7617066781101804339,,@DJ-阿轩创作的原声,DJ-阿轩,1910281942606172,DJ-阿轩,628,,False,,,,,
7617068080484601124,2026-05-10 19:46:32.366037,7617068189205367606,,@老弟动漫创作的原声,老弟动漫,2269822304665063,老弟动漫,275,,False,,,,,
7617072129573440803,2026-05-10 19:46:43.946235,7617072152856103723,,@战鼓影视【高清资源】创作的原声,战鼓影视【高清资源】,869063376510652,战鼓影视【高清资源】,68,,False,,,,,
7617078577124773172,2026-05-10 19:46:56.049581,7617078777788664617,,我的心太乱,拾音志,1262688597445476,拾音志,428,,False,,,,,
7617085054912564522,2026-05-10 19:47:01.446292,7617085685685586738,,宇宙恶霸进行曲,阿针（三角洲行动）,4030176350185785,阿针（三角洲行动）,1472,,False,,,,,
7617091280241523557,2026-05-10 19:47:04.930114,7617091286528756522,,@老李玩龟创作的原声,老李玩龟,3681603587411419,老李玩龟,196,,False,,,,,
7617094369685916970,2026-05-10 19:47:15.626164,7617095107820833586,,烦恼歌,前10名,2920746470081720,前10名,672,,False,,,,,
7617094755491721862,2026-05-10 19:47:21.705470,7617094770657184522,,@户外探索摄影师阿发创作的原声,户外探索摄影师阿发,732755268996195,户外探索摄影师阿发,284,,False,,,,,
7617099297134370801,2026-05-10 19:47:38.863606,7617099263203347240,,太多II,经典老歌汇（车载优盘）,4006273936268936,经典老歌汇（车载优盘）,962,,False,,,,,
7627708676488449289,2026-05-11 09:39:57.843357,7621597238187330350,,直播间带货榜,哦！俊杰,103009189633,哦！俊杰,2165,,False,,,,,
7617105267695714438,2026-05-10 19:47:45.089250,7487155871231770636,,@云朵困困创作的原声,云朵困困,3245405380551623,云朵困困,513,,False,,,,,
7617130200316316937,2026-05-10 19:48:36.175427,7617130380625201971,,@小小新酱创作的原声,小小新酱,1107950429813283,小小新酱,554,,False,,,,,
7617135307011411219,2026-05-10 19:48:43.609708,7617135872995052314,,@Soleil-JJ创作的原声,Soleil-JJ,1424564400947358,Soleil-JJ,1082,,False,,,,,
7617161260715877331,2026-05-10 19:48:52.736641,7617161106129259315,,压制力量（硬曲Phonk）,予依木兰,3787133456249448,予依木兰,15,,False,,,,,
7617168472514071835,2026-05-10 19:49:18.398671,7617168490445064966,,@瑞宝爱熊猫创作的原声,瑞宝爱熊猫,105354317351,瑞宝爱熊猫,181,,False,,,,,
7617181198683108339,2026-05-10 19:49:25.573883,7617182086004296502,,只是为什么眼泪会流我也不懂,搁浅,98875530033,搁浅,1279,,False,,,,,
7617248654685339897,2026-05-10 19:49:35.027193,7617248517379181331,,@健身大书创作的原声,健身大书,74257636390,健身大书,227,,False,,,,,
7617277203776097590,2026-05-10 19:49:45.755485,7617277384135379721,,@小陈陈爱钓鱼创作的原声,小陈陈爱钓鱼,104792748422,小陈陈爱钓鱼,240,,False,,,,,
7617283193889131977,2026-05-10 19:49:54.933490,7617283134182263615,,Tunak Tunak Tun,贪吃的青蛙,3842114070787419,贪吃的青蛙,256,,False,,,,,
7617284592898280750,2026-05-10 19:50:01.383053,7617284706408729407,,@百万平凡巨星创作的原声,百万平凡巨星,86689707215,百万平凡巨星,322,,False,,,,,
7617285459802180879,2026-05-10 19:50:04.946982,7617285399731309353,,@yyp📷创作的原声,yyp📷,3888350629990030,yyp📷,89,,False,,,,,
7617286265558653883,2026-05-10 19:50:14.999877,7617286229721352995,,@开熏鱼创作的原声,开熏鱼,1889434465483049,开熏鱼,633,,False,,,,,
7617288022270297763,2026-05-10 19:50:20.902519,7617287979215620870,,@格斗大海解说创作的原声,格斗大海解说,1547702494565902,格斗大海解说,199,,False,,,,,
7617325235938807066,2026-05-10 19:50:28.551434,7617325349562583858,,@神经动漫创作的原声,神经动漫,2001589762532775,神经动漫,239,,False,,,,,
7617063490724915091,2026-05-10 19:45:44.691477,7617063524506323738,,@鬼岛创作的原声,鬼岛,105321194084,鬼岛,281,,False,,,,,
7617062118608686346,2026-05-10 19:45:35.454401,7617062486629452594,,Starlight (氛围纯享版),球学家,3582663002954300,球学家,713,,False,,,,,
7617061575299484928,2026-05-10 19:45:31.888341,7617061708372183817,,@旭说影视创作的原声,旭说影视,694520620526701,旭说影视,439,,False,,,,,
7627739435852959012,2026-05-11 09:40:28.504254,7627739874317093674,,@鸭蛋电影创作的原声,鸭蛋电影,104372782587,鸭蛋电影,1276,,False,,,,,
7616994061023517044,2026-05-10 19:40:52.534282,7581447001250725937,,无心与你争论,利群,4097258720095676,利群,78,,False,,,,,
7616999591250137467,2026-05-10 19:41:05.819583,7616999418092456756,,@彩质_创作的原声,彩质_,1109880662935611,彩质_,491,,False,,,,,
7617001316841349540,2026-05-10 19:41:25.658213,7617001359753202495,,@此时make up创作的原声,此时make up,3991688022625388,此时make up,924,,False,,,,,
7617005984640240902,2026-05-10 19:41:30.173112,7617006070992489226,,@攀枝花北街的驴创作的原声,攀枝花北街的驴,369914395762830,攀枝花北街的驴,125,,False,,,,,
7617014647652093238,2026-05-10 19:41:41.735635,7617014661371693843,,@萌虎视界创作的原声,萌虎视界,3998286014591308,萌虎视界,281,,False,,,,,
7617018902198979849,2026-05-10 19:41:58.350553,7617019221326826276,,@影评鉴赏创作的原声,影评鉴赏,4000461773870060,影评鉴赏,503,,False,,,,,
7617022008143924526,2026-05-10 19:42:07.571281,7617022341255940890,,情非得已,南音说乐,165375863963003,南音说乐,1089,,False,,,,,
7617022560139545908,2026-05-10 19:42:22.541805,7617022825458699027,,@元元讲电影创作的原声,元元讲电影,2313834918584663,元元讲电影,519,,False,,,,,
7617023845367639379,2026-05-10 19:42:30.510064,7617023871492033290,,暗区突围,暗区突围凌阳,679951567961691,暗区突围凌阳,255,,False,,,,,
7617025273322700965,2026-05-10 19:42:43.663338,7617025307941309230,,@自然启示录创作的原声,自然启示录,3430105165338814,自然启示录,146,,False,,,,,
7617026065545874742,2026-05-10 19:42:55.916069,7617026512893627172,,@Soleil-JJ创作的原声,Soleil-JJ,1424564400947358,Soleil-JJ,1233,,False,,,,,
7617032279000436006,2026-05-10 19:43:13.786028,7617033513581595435,,Yeah! (feat. Lil Jon & Ludacris),瑞奇猿TV,750286744598512,瑞奇猿TV,477,,False,,,,,
7617060508072305329,2026-05-10 19:45:25.373310,7617060577088785190,,王者荣耀,执念（高分团战）,2762428027510932,执念（高分团战）,433,,False,,,,,
7617033479575064419,2026-05-10 19:43:17.791047,7617033486955842355,,@蓝天（M338代言人）创作的原声,蓝天（M338代言人）,1383616512790778,蓝天（M338代言人）,249,,False,,,,,
7617033868231426481,2026-05-10 19:43:30.649825,7617033840564947722,,@羽间奇境创作的原声,羽间奇境,3692607672434192,羽间奇境,173,,False,,,,,
7617037290619259643,2026-05-10 19:43:43.033811,7617037124180675362,,@草木见深创作的原声,草木见深,3123038861921694,草木见深,68,,False,,,,,
7627738150206557503,2026-05-11 09:40:22.588505,7627738726076107530,,包租婆包租公,鸭蛋电影,104372782587,鸭蛋电影,1642,,False,,,,,
7617042535352929542,2026-05-10 19:43:51.996119,7617042580211125046,,@漫哥碎碎念创作的原声,漫哥碎碎念,2103787704029916,漫哥碎碎念,190,,False,,,,,
7617043870396994170,2026-05-10 19:44:01.681045,7089738783142513421,,祝福（Cover 叶倩文）,杰森怀旧音乐,756079311462727,杰森怀旧音乐,74,,False,,,,,
7617044609143390437,2026-05-10 19:44:16.314517,7617044620253448970,,@篮球印迹·人物志创作的原声,篮球印迹·人物志,98459315309,篮球印迹·人物志,222,,False,,,,,
7617046706277846272,2026-05-10 19:44:30.359040,7617046697436269348,,@重庆旅行管家张张创作的原声,重庆旅行管家张张,159887775236268,重庆旅行管家张张,64,,False,,,,,
7617048450139524387,2026-05-10 19:44:37.724298,7617048568284711722,,@桃桃娱料创作的原声,桃桃娱料,1434229891406435,桃桃娱料,266,,False,,,,,
7617048723238948122,2026-05-10 19:44:48.751703,7617048795217513262,,@七喵说漫创作的原声,七喵说漫,4261338195697011,七喵说漫,177,,False,,,,,
7617053414647663881,2026-05-10 19:44:58.349975,7617054643885411081,,@王以恩创作的原声,王以恩,2963911838276909,王以恩,723,,False,,,,,
7617330543197228315,2026-05-10 19:50:40.207976,7617330563510176548,,@梦三动漫创作的原声,梦三动漫,4004891375961948,梦三动漫,227,,False,,,,,
7627655513488397553,2026-05-11 09:39:45.357330,7627655412086590258,,@哇呜创作的原声,哇呜,872379573348921,哇呜,7,,False,,,,,
7627650507766566163,2026-05-11 09:39:42.616188,7627650876362017578,,@阿泰走乡村创作的原声,阿泰走乡村,68629836951,阿泰走乡村,1257,,False,,,,,
7617452590221698266,2026-05-10 19:56:37.503362,7617452580310240063,,@潘的人生碎片创作的原声,潘的人生碎片,3035066871318807,潘的人生碎片,540,,False,,,,,
7627496312996400420,2026-05-11 09:38:27.945757,7627496418374060809,,@熊猫热评创作的原声,熊猫热评,104681786064,熊猫热评,207,,False,,,,,
7617430500852535525,2026-05-10 19:55:00.764521,7617430384015461135,,@小喵不吃鱼创作的原声,小喵不吃鱼,3525449907967843,小喵不吃鱼,242,,False,,,,,
7627493063123799322,2026-05-11 09:38:18.320768,7627493388517919498,,@四口说剧创作的原声,四口说剧,7654674435,四口说剧,949,,False,,,,,
7617432814597770550,2026-05-10 19:55:14.767337,7617433145452874546,,好女人得到名声（坏女人得到一切）,阿布下午茶,1488071841032443,阿布下午茶,582,,False,,,,,
7617433250180998250,2026-05-10 19:55:19.671865,7617433458273127214,,@滑板弟旅行记创作的原声,滑板弟旅行记,2497684428820621,滑板弟旅行记,665,,False,,,,,
7617436714164876011,2026-05-10 19:55:44.213598,7617436661240793883,,@曲阜凤姐创作的原声,曲阜凤姐,2343786645572743,曲阜凤姐,188,,False,,,,,
7617439906226343183,2026-05-10 19:56:06.111520,7617439940524739354,,@拾酒创作的原声,拾酒,1109830411237643,拾酒,347,,False,,,,,
7627489928384990498,2026-05-11 09:38:00.493505,7627490068768361258,,@好马也识途创作的原声,好马也识途,7560295293818176569,好马也识途,349,,False,,,,,
7617448913792632037,2026-05-10 19:56:21.162615,7617448929356942122,,@科学视界创作的原声,科学视界,866841873876615,科学视界,212,,False,,,,,
7617451665578413321,2026-05-10 19:56:29.479501,7617451724459674378,,@舌尖食光创作的原声,舌尖食光,2751451078858083,舌尖食光,122,,False,,,,,
7627486331857390875,2026-05-11 09:37:45.908874,7627486791691488027,,@驴唇讲故事创作的原声,驴唇讲故事,1728882891043016,驴唇讲故事,1478,,False,,,,,
7617455661923847458,2026-05-10 19:56:43.940279,7617455981110364964,,@辛巴纪实创作的原声,辛巴纪实,2247841887035244,辛巴纪实,988,,False,,,,,
7617422657088163112,2026-05-10 19:54:40.478633,7617422671814691638,,@李老二说书创作的原声,李老二说书,3778364785036424,李老二说书,50,,False,,,,,
7617457694705732898,2026-05-10 19:56:46.997327,7617457977045338886,,@影子剪影创作的原声,影子剪影,295091404538055,影子剪影,589,,False,,,,,
7617458053826252083,2026-05-10 19:56:49.800407,7617458183728057097,,@小岛动物世界创作的原声,小岛动物世界,71627711717,小岛动物世界,269,,False,,,,,
7617462346470739825,2026-05-10 19:57:22.684994,7617462330418465542,,@秃秃唐创作的原声,秃秃唐,882264503758488,秃秃唐,211,,False,,,,,
7617464693824818482,2026-05-10 19:57:27.124008,7617465163800742719,,@狗大蛋子创作的原声,狗大蛋子,101483212500,狗大蛋子,1464,,False,,,,,
7617467394940954697,2026-05-10 19:57:35.884615,85171020,,@疯狂动物园创作的原声,疯狂动物园,2927349167301568,疯狂动物园,171,,False,,,,,
7617475776019025178,2026-05-10 19:58:24.948680,7617475929136237318,,@万物科普创作的原声,万物科普,687669464798064,万物科普,438,,False,,,,,
7617476306998386793,2026-05-10 19:58:51.418042,7617476412233943818,,@户外小北创作的原声,户外小北,66874375997,户外小北,949,,False,,,,,
7617476665127570740,2026-05-10 19:58:57.716164,7617477219845180201,,@花心阿鹏创作的原声,花心阿鹏,3689576120463383,花心阿鹏,1996,,False,,,,,
7627484547906604324,2026-05-11 09:37:40.925954,7627484746901293834,,Morsmordre,云梦说,2436144436609423,云梦说,515,,False,,,,,
7617495165426552107,2026-05-10 19:59:06.835417,7617495398399200051,,@星球启示录创作的原声,星球启示录,2666762560609175,星球启示录,608,,False,,,,,
7617497588937786353,2026-05-10 19:59:14.542138,7484562836547436603,,可惜没有如果 (DJ 只有后果和结果),纸鹤,1987549823253022,纸鹤,41,,False,,,,,
7617423541679476019,2026-05-10 19:54:43.283807,7617423725264112393,,彦祖进行曲,四叶游机社,930631268174016,四叶游机社,581,,False,,,,,
7627508129575570739,2026-05-11 09:38:57.782076,7627508172739463999,,@动漫推荐创作的原声,动漫推荐,93057206645,动漫推荐,530,,False,,,,,
7627629212140113179,2026-05-11 09:39:37.326744,7627629211770997540,,@无限恐不创作的原声,无限恐不,429222834734522,无限恐不,625,,False,,,,,
7617380791395355958,2026-05-10 19:52:39.400250,7617380893094972186,,@君观史册创作的原声,君观史册,4265725031887037,君观史册,67,,False,,,,,
7617355879423184128,2026-05-10 19:51:06.330376,7617355983819377418,,大风吹,主持人香香,77012170356,主持人香香,232,,False,,,,,
7617357269562395931,2026-05-10 19:51:11.619449,7617357309517613833,,"I Don't Like It, I Love It (feat. Robin Thicke & Verdine White)",Crane嘉阳.,77554621633,Crane嘉阳.,497,,False,,,,,
7617360131021393195,2026-05-10 19:51:14.383662,7617360252345207603,,@小鱼范特西创作的原声,小鱼范特西,64173387075,小鱼范特西,221,,False,,,,,
7627587005018279178,2026-05-11 09:39:20.072195,7627587238355798847,,@即录观世界创作的原声,即录观世界,3945500509738703,即录观世界,1077,,False,,,,,
7627581607268344825,2026-05-11 09:39:16.443183,7627581426476534534,,光头强小曲 (节奏高燃版),may阿may,3806934964390156,may阿may,192,,False,,,,,
7627553077666647306,2026-05-11 09:39:13.892326,7627553832477772570,,@大吉人工智能创作的原声,大吉人工智能,2911985306708039,大吉人工智能,1797,,False,,,,,
7617366114821873827,2026-05-10 19:51:30.783275,7617366133466368811,,@查呸琪创作的原声,查呸琪,3846528230493376,查呸琪,332,,False,,,,,
7617366269179825444,2026-05-10 19:51:40.165291,7617366507294706458,,@崔崔教唱歌创作的原声,崔崔教唱歌,2265431918251711,崔崔教唱歌,509,,False,,,,,
7617368415921065270,2026-05-10 19:51:48.696610,7471962172138979339,,@漫哥阿哲创作的原声,漫哥阿哲,86728097704,漫哥阿哲,166,,False,,,,,
7617372268301192474,2026-05-10 19:52:04.616643,7617372998747671323,,@课本君创作的原声,课本君,102653921180,课本君,595,,False,,,,,
7617377955127834074,2026-05-10 19:52:36.037911,7617377911213017894,,@烟火杭州创作的原声,烟火杭州,1767625152540291,烟火杭州,74,,False,,,,,
7617382456219520283,2026-05-10 19:52:47.400947,7617382479669857033,,和平精英,赏金猎人雪凌,67129453688,赏金猎人雪凌,198,,False,,,,,
7617419768416710784,2026-05-10 19:54:33.412275,7617419748569336612,,黑魔法,诺诺,1716758278574628,诺诺,20,,False,,,,,
7617382555188494170,2026-05-10 19:52:51.669081,7617382440423803702,,@阿楠钢琴老师🎹创作的原声,阿楠钢琴老师🎹,3329758411124136,阿楠钢琴老师🎹,40,,False,,,,,
7617404387211627795,2026-05-10 19:53:15.832540,7617404458787523369,,@畅想TC （无畏契约私教）创作的原声,畅想TC （无畏契约私教）,1996337405758863,畅想TC （无畏契约私教）,163,,False,,,,,
7617408742384045375,2026-05-10 19:53:22.379042,7617409198980188934,,@Yooupi食途创作的原声,Yooupi食途,4397642625592397,Yooupi食途,1023,,False,,,,,
7617409101395712165,2026-05-10 19:53:30.696303,7617409047070853888,,@DJ小金创作的原声,DJ小金,7488269273815761980,DJ小金,65,,False,,,,,
7617410775585410342,2026-05-10 19:53:34.973977,7617410900479298354,,@就吃一口创作的原声,就吃一口,4065331746970640,就吃一口,405,,False,,,,,
7617413088937928271,2026-05-10 19:53:48.224813,7617413127889537843,,@瑜叔不懂车创作的原声,瑜叔不懂车,696419664272842,瑜叔不懂车,177,,False,,,,,
7617413662277406004,2026-05-10 19:53:56.789770,7617413707462626091,,@极速动力创作的原声,极速动力,94060992937,极速动力,33,,False,,,,,
7617415221893002341,2026-05-10 19:54:04.458185,7617415322810764082,,Heat Waves,荔枝没吃饱,91775385846,荔枝没吃饱,704,,False,,,,,
7617416632217980212,2026-05-10 19:54:08.545002,7617416757888305966,,真心的鸽子,趣味动物,2749193430766183,趣味动物,262,,False,,,,,
7617418116401777983,2026-05-10 19:54:17.561828,7617418717000944393,,真爱四则,李可真会玩儿,3227813844096955,李可真会玩儿,1530,,False,,,,,
7617419614347185450,2026-05-10 19:54:27.967558,7617419712129338121,,@足球story创作的原声,足球story,3367176764658537,足球story,240,,False,,,,,
7627757213381506484,2026-05-11 09:40:38.336902,7627757170729225006,,@古承匠心创作的原声,古承匠心,60719203745,古承匠心,17,,False,,,,,
7616978476440030479,2026-05-10 19:40:39.684364,7616978592307727142,,@抓猫的鱼创作的原声,抓猫的鱼,83850498434,抓猫的鱼,366,,False,,,,,
7616965200868946313,2026-05-10 19:40:24.567648,7616965167175256841,,@柚子万物创作的原声,柚子万物,59061241951,柚子万物,90,,False,,,,,
7616652921194745094,2026-05-10 19:28:21.625466,7616653479666371364,,Identity,路人乙.,1154935745952074,路人乙.,1535,,False,,,,,
7616631290565269157,2026-05-10 19:26:02.702532,7616695066110872330,,@豆豆_Babe创作的原声,豆豆_Babe,53304917615,豆豆_Babe,472,,False,,,,,
7616632818176658726,2026-05-10 19:26:19.974799,7616632888658184986,,@遨游四海一看世界创作的原声,遨游四海一看世界,61714625693,遨游四海一看世界,225,,False,,,,,
7616633929562443071,2026-05-10 19:26:31.929713,7605912298535780389,,三角洲行动,洪大大（三角洲行动,68272979210,洪大大（三角洲行动,290,,False,,,,,
7616637229377662117,2026-05-10 19:26:42.611102,7616637206224390954,,可我在16岁遇到了你（走花路）,鱼仔面,84675747371,鱼仔面,21,,False,,,,,
7616638813749742886,2026-05-10 19:26:53.741735,7616639217037921062,,@野兽国语版创作的原声,野兽国语版,7528038740678181948,野兽国语版,1333,,False,,,,,
7616640140886281472,2026-05-10 19:27:03.554408,7616640270716668682,,@科普造物主创作的原声,科普造物主,2578796300993738,科普造物主,464,,False,,,,,
7616643985280486694,2026-05-10 19:27:16.688504,7616644150481521451,,@拧油门的老张创作的原声,拧油门的老张,1118649081924272,拧油门的老张,530,,False,,,,,
7616646956844207406,2026-05-10 19:27:34.488059,7616647292074281747,,@老马哄睡宇宙创作的原声,老马哄睡宇宙,3536487459069031,老马哄睡宇宙,1171,,False,,,,,
7616647043650238833,2026-05-10 19:27:43.175439,7616647018769140506,,@波叔教你做糖水创作的原声,波叔教你做糖水,7594366288232105009,波叔教你做糖水,279,,False,,,,,
7616647757293831866,2026-05-10 19:27:54.717406,7616647706848611124,,@艺歆追剧创作的原声,艺歆追剧,1969941315598428,艺歆追剧,367,,False,,,,,
7616652747110141222,2026-05-10 19:28:13.226037,7616652833186007850,,@光之阿泽创作的原声,光之阿泽,75947637832,光之阿泽,213,,False,,,,,
7616653241060707593,2026-05-10 19:28:32.931014,7616653319703956251,,@海底赶海创作的原声,海底赶海,3516703837793003,海底赶海,293,,False,,,,,
7616621262621691151,2026-05-10 19:25:46.750698,7616621318611471167,,@小岛假日创作的原声,小岛假日,3591429059261347,小岛假日,128,,False,,,,,
7616656331885284660,2026-05-10 19:28:45.057525,7616656662992030483,,Gimme (Remix),君说车,1197780744804275,君说车,453,,False,,,,,
7616657112566959370,2026-05-10 19:28:56.149490,7616657283824552731,,@信息蒸馏室创作的原声,信息蒸馏室,1778337668148616,信息蒸馏室,505,,False,,,,,
7627789716246531379,2026-05-11 09:41:05.546824,7627789743669005098,,@萨摩多罗健身创作的原声,萨摩多罗健身,99362931198,萨摩多罗健身,232,,False,,,,,
7616661514317090063,2026-05-10 19:29:08.442842,7616662083967421210,,@汀哥主要怕麻烦创作的原声,汀哥主要怕麻烦,994405401498540,汀哥主要怕麻烦,1080,,False,,,,,
7616662402301529344,2026-05-10 19:29:16.118734,7616662617850907411,,@睡不醒的小R创作的原声,睡不醒的小R,3547482792921603,睡不醒的小R,434,,False,,,,,
7616663754146614591,2026-05-10 19:29:26.611613,7616664168900447002,,@趣味动物创作的原声,趣味动物,2749193430766183,趣味动物,707,,False,,,,,
7616664707622429641,2026-05-10 19:29:37.694458,7616664695633693481,,@白白爱综艺创作的原声,白白爱综艺,1327826567969960,白白爱综艺,552,,False,,,,,
7616668799816200881,2026-05-10 19:29:42.805553,7616668810602515226,,@匠心影视创作的原声,匠心影视,3185745375554713,匠心影视,698,,False,,,,,
7616669203768300506,2026-05-10 19:29:52.142150,7616669384295222079,,小半,特别厉害的祁奕翔（巡演收官啦！）,3654400874394339,特别厉害的祁奕翔（巡演收官啦！）,849,,False,,,,,
7627773593241324836,2026-05-11 09:40:58.220612,7627773645271599881,,@車世界创作的原声,車世界,397379772621607,車世界,168,,False,,,,,
7616670999374744886,2026-05-10 19:30:05.543071,7616671116211374886,,@动漫小宇宙创作的原声,动漫小宇宙,54345816353412,动漫小宇宙,130,,False,,,,,
7616627318119091953,2026-05-10 19:25:52.417614,7616627310762347264,,轻松的周末vlog,小静的干饭日常,62200739304,小静的干饭日常,503,,False,,,,,
7616615936887459108,2026-05-10 19:25:32.588448,7616616120199547690,,@七喜的篮球🏀创作的原声,七喜的篮球🏀,83768453850,七喜的篮球🏀,366,,False,,,,,
7616673470612762102,2026-05-10 19:30:30.584854,7616673475012479771,,蜗居,草王,2663441018927395,草王,600,,False,,,,,
7616565932327996722,2026-05-10 19:23:14.028504,7616566306275511090,,@小范创作的原声,小范,58265584633,小范,518,,False,,,,,
7616399937002571711,2026-05-10 19:21:07.452196,7616399970253441819,,@小宋大魔王创作的原声,小宋大魔王,69082125237,小宋大魔王,1149,,False,,,,,
7616408015079623986,2026-05-10 19:21:13.079447,7616407966186474259,,@峰顶体坛创作的原声,峰顶体坛,3544449819609243,峰顶体坛,318,,False,,,,,
7616409195835930100,2026-05-10 19:21:16.758251,7616409225840888619,,@爱玩的闷三（露营版）创作的原声,爱玩的闷三（露营版）,97892361811,爱玩的闷三（露营版）,508,,False,,,,,
7616424049338892402,2026-05-10 19:21:20.880317,7616423960279780105,,@海胆栗子君创作的原声,海胆栗子君,111029150489,海胆栗子君,251,,False,,,,,
7616443873782435087,2026-05-10 19:21:32.245878,7616443939482110770,,三角洲行动,林树（三角洲行动）,96188912877,林树（三角洲行动）,266,,False,,,,,
7616450390264088433,2026-05-10 19:21:37.356393,7592802366609424399,,@是六同学吖😋😋创作的原声,是六同学吖😋😋,2815171029692431,是六同学吖😋😋,116,,False,,,,,
7616520306571737338,2026-05-10 19:21:51.853300,7616520222022912778,,@槽逻辑创作的原声,槽逻辑,4098590052727341,槽逻辑,199,,False,,,,,
7616535989183352091,2026-05-10 19:22:06.190053,7616536708225960758,,巅峰极速,番薯_Racing'Zine,3573825461035575,番薯_Racing'Zine,653,,False,,,,,
7616538304279825679,2026-05-10 19:22:13.594859,7616538391227812646,,@高维物种档案创作的原声,高维物种档案,3300069882464649,高维物种档案,426,,False,,,,,
7616545247664917798,2026-05-10 19:22:27.893744,7616545396260653865,,@历史细节怪创作的原声,历史细节怪,7547540681792472123,历史细节怪,395,,False,,,,,
7616553315173797161,2026-05-10 19:22:53.596541,7616553596225587977,,@足球大咖创作的原声,足球大咖,2318237016010551,足球大咖,510,,False,,,,,
7616566745003789608,2026-05-10 19:23:23.744803,7616566940877835044,,@易知朱创作的原声,易知朱,2153265655725194,易知朱,593,,False,,,,,
7616609698917870682,2026-05-10 19:25:19.523581,7616609710443170587,,快乐恰恰,提子爱测评,2012572351204051,提子爱测评,147,,False,,,,,
7616567343607625061,2026-05-10 19:23:35.335747,7616567540289932051,,旅行,电子维C,3112083334895289,电子维C,673,,False,,,,,
7616568607627037987,2026-05-10 19:23:39.699658,7616568721613212479,,@方伟学长创作的原声,方伟学长,97156645053,方伟学长,922,,False,,,,,
7616569775795326246,2026-05-10 19:23:50.305502,7616569770300738354,,时间的参照物是什么,十八昌漫谈,101368266314,十八昌漫谈,279,,False,,,,,
7616576391882202545,2026-05-10 19:23:55.801403,7616576418134117146,,我的未来式,周一然,2896545049747324,周一然,158,,False,,,,,
7616578378644163846,2026-05-10 19:24:07.788074,7616578507967302426,,@Hunt档案创作的原声,Hunt档案,2773421660832282,Hunt档案,210,,False,,,,,
7616585892878159142,2026-05-10 19:24:18.875963,7616585908350962458,,@奶龙创作的原声,奶龙,4340506470123611,奶龙,31,,False,,,,,
7616588196897508648,2026-05-10 19:24:25.420417,7616588355085585179,,Siren in the Streets,小时老师,2524074909898359,小时老师,447,,False,,,,,
7616593862458600933,2026-05-10 19:24:31.462847,7616593904275606322,,@鉴车科长创作的原声,鉴车科长,1766254153566307,鉴车科长,141,,False,,,,,
7616595815947078962,2026-05-10 19:24:37.455298,7616595869810379561,,@文史古迹任远行创作的原声,文史古迹任远行,111404672428,文史古迹任远行,245,,False,,,,,
7616598512662334766,2026-05-10 19:24:49.942265,7616598503917161266,,DROP LANGGENG BANGET,MarCars,2705260644404727,MarCars,12,,False,,,,,
7616604969199203683,2026-05-10 19:25:08.618390,7616604950499773238,,@小七同学创作的原声,小七同学,1484785261228585,小七同学,136,,False,,,,,
7616672026347237993,2026-05-10 19:30:16.231003,7616672348049099574,,Disaster（Phonk）,迈辣爱试车,63478053580,迈辣爱试车,459,,False,,,,,
7616673684812525731,2026-05-10 19:30:48.757929,7616673722191104804,,@篮球经典🎥创作的原声,篮球经典🎥,619767437465997,篮球经典🎥,142,,False,,,,,
7627764790819939136,2026-05-11 09:40:42.967072,7627764755331124006,,@淇淇怪怪创作的原声,淇淇怪怪,2950728836192827,淇淇怪怪,86,,False,,,,,
7616773459607145743,2026-05-10 19:37:59.223478,7616774057974876982,,@骨森先森创作的原声,骨森先森,2805549676640128,骨森先森,1093,,False,,,,,
7616730529282677349,2026-05-10 19:35:28.484795,7616730446398868239,,@想想工作室创作的原声,想想工作室,104333255177,想想工作室,518,,False,,,,,
7616738343623407843,2026-05-10 19:35:40.021557,7616738528319441710,,@来财橘子创作的原声,来财橘子,596414337129988,来财橘子,622,,False,,,,,
7616742993055337768,2026-05-10 19:35:56.458053,7616743781273979694,,@阿悦的悦创作的原声,阿悦的悦,2608478173538542,阿悦的悦,1747,,False,,,,,
7616744489931066664,2026-05-10 19:36:12.406960,7616745141625621275,,美丽的神话 (Remix),毒说影视,14435352467,毒说影视,1109,,False,,,,,
7616745462900460843,2026-05-10 19:36:28.797150,7616745784058727195,,@白杨是颗树创作的原声,白杨是颗树,63718257978,白杨是颗树,641,,False,,,,,
7616746966482980106,2026-05-10 19:36:42.932026,7616747009328302884,,@旭说影视创作的原声,旭说影视,694520620526701,旭说影视,514,,False,,,,,
7616747512547839278,2026-05-10 19:37:00.057436,7616747668148276006,,@吐噜动漫酱创作的原声,吐噜动漫酱,959249780584268,吐噜动漫酱,392,,False,,,,,
7616758915077901578,2026-05-10 19:37:16.160234,7616760311018081034,,@白夜 KALEIDO创作的原声,白夜 KALEIDO,7425127913974367290,白夜 KALEIDO,305,,False,,,,,
7616765958964105851,2026-05-10 19:37:22.915790,7616765868915116836,,@田野上的繁荣创作的原声,田野上的繁荣,70398348177,田野上的繁荣,284,,False,,,,,
7616769289156070702,2026-05-10 19:37:29.481385,7616769610133670694,,@片之说创作的原声,片之说,4153288421029403,片之说,1000,,False,,,,,
7616772034734886178,2026-05-10 19:37:45.718859,7616772696646454070,,@芸汐探影创作的原声,芸汐探影,4418317736501277,芸汐探影,1183,,False,,,,,
7616782688267160868,2026-05-10 19:38:14.994938,7616783421519481651,,@小马玉追观影创作的原声,小马玉追观影,1310216536467175,小马玉追观影,1707,,False,,,,,
7616726960283413738,2026-05-10 19:35:14.886641,7616727050870606602,,@小迪爱分享创作的原声,小迪爱分享,67296476685,小迪爱分享,496,,False,,,,,
7616810501858741558,2026-05-10 19:38:32.636984,7616810902427388691,,@墨白说剧创作的原声,墨白说剧,2337983103769193,墨白说剧,496,,False,,,,,
7616850590915743028,2026-05-10 19:38:49.928104,7616850684255718153,,无畏契约：源能行动,迹（无畏契约手游）,2025723832578836,迹（无畏契约手游）,106,,False,,,,,
7616875904623145659,2026-05-10 19:39:01.262322,7480378617680235303,,@͏͏余音创作的原声,͏͏余音,4075230629994346,͏͏余音,32,,False,,,,,
7627768116780518691,2026-05-11 09:40:55.228240,7627768121898044210,,@去格斗吧创作的原声,去格斗吧,1543359908033332,去格斗吧,406,,False,,,,,
7616920541421669530,2026-05-10 19:39:13.294160,7616920527944289030,,@破晓漫魂创作的原声,破晓漫魂,58081463300,破晓漫魂,126,,False,,,,,
7616928585513451429,2026-05-10 19:39:20.990717,7616928546893417250,,@公瑾（王者小店在橱窗）创作的原声,公瑾（王者小店在橱窗）,1829196335687838,公瑾（王者小店在橱窗）,228,,False,,,,,
7616941351514410286,2026-05-10 19:39:32.255317,7616941787693943590,,All Mine,是小艾吖,4431468944963484,是小艾吖,1525,,False,,,,,
7616941808878113139,2026-05-10 19:39:37.661269,7616941783712287514,,跟在你身后,拾光星禾,4218175539654231,拾光星禾,361,,False,,,,,
7627767745769957486,2026-05-11 09:40:47.647255,7627767706917374774,,@小粥🥣的娜酱创作的原声,小粥🥣的娜酱,59854960366,小粥🥣的娜酱,138,,False,,,,,
7616950918039548904,2026-05-10 19:39:54.259400,6729070500942957325,,@小阿枫创作的原声,小阿枫,97571336964,小阿枫,233,,False,,,,,
7616951080794246907,2026-05-10 19:40:06.700241,7616950986938141455,,@༢༧创作的原声,༢༧,2772321321891531,༢༧,393,,False,,,,,
7616728174629588230,2026-05-10 19:35:18.377147,7616728381115157302,,@乡土中国味创作的原声,乡土中国味,3556290411900973,乡土中国味,87,,False,,,,,
7616719877982016115,2026-05-10 19:35:06.550829,7616719996789836594,,@小旋宝宝创作的原声,小旋宝宝,3026288407222455,小旋宝宝,371,,False,,,,,
7616676535944203574,2026-05-10 19:30:56.906336,7616676965818387254,,@默默聊世界创作的原声,默默聊世界,3593657545401053,默默聊世界,1224,,False,,,,,
7616688833836387594,2026-05-10 19:32:31.180223,7616688849577593626,,@不能挑食创作的原声,不能挑食,2500757517248067,不能挑食,26,,False,,,,,
7616676536938286376,2026-05-10 19:31:01.629659,7616676783068334898,,Rolling Pin,Turbo Core,1294558485580346,Turbo Core,675,,False,,,,,
7616678260566494473,2026-05-10 19:31:12.296805,7616804184754490139,,@X档案员创作的原声,X档案员,1574917234250503,X档案员,1896,,False,,,,,
7616678865515154723,2026-05-10 19:31:17.101280,7616678931365645082,,@青史奇谈创作的原声,青史奇谈,974583024068403,青史奇谈,254,,False,,,,,
7616679634893131043,2026-05-10 19:31:21.009541,7616679631688633098,,@叫我大冰冰创作的原声,叫我大冰冰,4133812038291088,叫我大冰冰,212,,False,,,,,
7616680719314621114,2026-05-10 19:31:24.738225,7616680655446936339,,@YunaRoom创作的原声,YunaRoom,1689285915581096,YunaRoom,240,,False,,,,,
7616681415404905637,2026-05-10 19:31:28.553983,7616681323625499444,,@动漫降压室创作的原声,动漫降压室,3010897558642015,动漫降压室,219,,False,,,,,
7616683875292483685,2026-05-10 19:31:39.513546,7616683915805199144,,@萝北的吃吃创作的原声,萝北的吃吃,215940560585275,萝北的吃吃,352,,False,,,,,
7616684233290063242,2026-05-10 19:31:50.909097,7616684220219755302,,客官不可以（Cover 徐良）,拍马屁的屁,475432591044299,拍马屁的屁,325,,False,,,,,
7616684813370052467,2026-05-10 19:31:56.952912,7616684815521205018,,@🌀旺仔饿了🌀创作的原声,🌀旺仔饿了🌀,109352493468,🌀旺仔饿了🌀,271,,False,,,,,
7616686788668574995,2026-05-10 19:32:03.630978,7616686889604549385,,@车圈日记创作的原声,车圈日记,109209166104,车圈日记,37,,False,,,,,
7616687671431253283,2026-05-10 19:32:19.279948,7616687866357238534,,@灵GO创作的原声,灵GO,2499659671545672,灵GO,373,,False,,,,,
7616688941706283001,2026-05-10 19:32:44.271980,7616688937150647082,,王者荣耀,木瑞孙策冲鸭,2630512660721741,木瑞孙策冲鸭,287,,False,,,,,
7616715858640164532,2026-05-10 19:35:00.384017,7616715836390066971,,@小强的凯美瑞创作的原声,小强的凯美瑞,86674613770,小强的凯美瑞,102,,False,,,,,
7616692749760204066,2026-05-10 19:33:11.300126,7616692994497940250,,@朱无界创作的原声,朱无界,4487532590671929,朱无界,609,,False,,,,,
7616695728139816207,2026-05-10 19:33:22.427159,7616696023760194342,,@小岛电影创作的原声,小岛电影,88675101498,小岛电影,768,,False,,,,,
7616696629835418880,2026-05-10 19:33:29.985769,7616696711578913562,,@霞姐车知识创作的原声,霞姐车知识,3778375290741102,霞姐车知识,229,,False,,,,,
7616698084181036330,2026-05-10 19:33:33.507977,7616698276338780971,,@欧尼不打烊创作的原声,欧尼不打烊,7573992827677164602,欧尼不打烊,220,,False,,,,,
7616698933854670080,2026-05-10 19:33:38.517087,7616699254614117171,,@TINY7创作的原声,TINY7,501001910490318,TINY7,268,,False,,,,,
7616699196581760307,2026-05-10 19:33:45.737445,7616699355441072946,,吹梦到西洲,木木漫谈,1743197995277082,木木漫谈,360,,False,,,,,
7616699940257489576,2026-05-10 19:33:57.552036,7616699946615507762,,Boxer Crab,动物国度,7599601549518750757,动物国度,318,,False,,,,,
7616703350934932770,2026-05-10 19:34:10.547368,7616703472867937030,,@Hi科普啦 闪电哥创作的原声,Hi科普啦 闪电哥,3218996820196941,Hi科普啦 闪电哥,200,,False,,,,,
7616704790633991458,2026-05-10 19:34:20.550425,7616705157682924338,,@鱼十七Justin创作的原声,鱼十七Justin,2705256009708509,鱼十七Justin,945,,False,,,,,
7616712411457899791,2026-05-10 19:34:43.283220,7616712578575764250,,@古人言｜言西早创作的原声,古人言｜言西早,39214636341443,古人言｜言西早,280,,False,,,,,
7616715110966496566,2026-05-10 19:34:50.228469,7616715418535037739,,@中国美食录创作的原声,中国美食录,2666762868897564,中国美食录,114,,False,,,,,
7627482943329553718,2026-05-11 09:37:37.209239,7627483247915928330,,@五月动漫创作的原声,五月动漫,1669514814039936,五月动漫,301,,False,,,,,
7617518748295007488,2026-05-10 19:59:26.128635,7289442367885839161,,三角洲行动,清野,3536498727329246,清野,145,,False,,,,,
7617525186186997482,2026-05-10 19:59:33.717322,7617525124182788891,,沙雕之王驾到 搞笑BGM,小天钓鱼,15821087717139,小天钓鱼,199,,False,,,,,
7627343681325927726,2026-05-11 09:31:10.680986,7627343709750741801,,@蕉蕉看动漫创作的原声,蕉蕉看动漫,108829264911,蕉蕉看动漫,128,,False,,,,,
7618405930652608505,2026-05-10 20:22:08.469612,7618406052530244398,,@采云飘飘创作的原声,采云飘飘,63217778210,采云飘飘,610,,False,,,,,
7618407186049355034,2026-05-10 20:22:13.150435,7618407480929864491,,火影忍者,柯小北,64695326781,柯小北,1026,,False,,,,,
7618427009428933894,2026-05-10 20:22:39.435121,7618427916535302918,,@SaltFish创作的原声,SaltFish,71297243911,SaltFish,2843,,False,,,,,
7627345335110634794,2026-05-11 09:31:19.019531,7627345484679858954,,NOBATIDO(Explicit),晚安白面具,1857503537928768,晚安白面具,300,,False,,,,,
7618427708871347689,2026-05-10 20:22:57.914635,7618427696967732004,,@小酒侃影创作的原声,小酒侃影,7551809630989534267,小酒侃影,348,,False,,,,,
7618429788512853883,2026-05-10 20:23:04.938782,88439093,,@小咸鱼不下饭🐟创作的原声,小咸鱼不下饭🐟,743733649736888,小咸鱼不下饭🐟,419,,False,,,,,
7618435393192611123,2026-05-10 20:23:29.626315,7618587134227712777,,@阿宝爆漫创作的原声,阿宝爆漫,109692092945,阿宝爆漫,192,,False,,,,,
7618442425401223387,2026-05-10 20:23:39.908089,7618442554761136922,,@阿伟寻梦中国创作的原声,阿伟寻梦中国,796465663856460,阿伟寻梦中国,870,,False,,,,,
7618445604926082310,2026-05-10 20:23:45.082180,7618445717534214931,,@星际考古队 MM创作的原声,星际考古队 MM,2612061416990920,星际考古队 MM,655,,False,,,,,
7618453674418883855,2026-05-10 20:24:10.407426,7618453821706275634,,分开之后我有段时间,蓝战非-探险家（日常）,80356222165,蓝战非-探险家（日常）,315,,False,,,,,
7618454223981661490,2026-05-10 20:24:35.160048,7618454200191699721,,@7得多创作的原声,7得多,1240689692115532,7得多,367,,False,,,,,
7618466963844648234,2026-05-10 20:24:45.537899,7618467079569574662,,@弋年体育创作的原声,弋年体育,1154956929022265,弋年体育,384,,False,,,,,
7627346275424068706,2026-05-11 09:31:25.123406,7627346468256500518,,@户外向阳创作的原声,户外向阳,98178461655,户外向阳,684,,False,,,,,
7627338394946784563,2026-05-11 09:31:06.988599,7627338924364417830,,@玉林阿婆创作的原声,玉林阿婆,993562960605839,玉林阿婆,1692,,False,,,,,
7627338256799925425,2026-05-11 09:31:02.337404,7451889923868740403,,@路明非.创作的原声,路明非.,811901128808928,路明非.,34,,False,,,,,
7627337657621728539,2026-05-11 09:30:52.821449,7627207377086892843,,@D‘Jared创作的原声,D‘Jared,92607845527,D‘Jared,525,,False,,,,,
7627326708663848242,2026-05-11 09:30:45.418011,7627326857217575726,,@细糠观影创作的原声,细糠观影,102891752506,细糠观影,611,,False,,,,,
7618489656656909937,2026-05-10 20:25:04.396571,7618489547516906250,,@小咔啦咪影视创作的原声,小咔啦咪影视,1786025419474947,小咔啦咪影视,186,,False,,,,,
7627326318220201258,2026-05-11 09:30:40.852083,7627326403750841098,,@异常收录档案创作的原声,异常收录档案,64637072394,异常收录档案,1073,,False,,,,,
7627320467275124020,2026-05-11 09:30:32.608875,7627320456661125897,,Undead Funeral March,微弱de呐喊,2141480145393463,微弱de呐喊,63,,False,,,,,
7618504428232084041,2026-05-10 20:25:19.361043,7618504666288163638,,远山的枫谷,老黄游钓中国,80591780242,老黄游钓中国,1109,,False,,,,,
7627304066300775715,2026-05-11 09:30:20.354888,7627304089742756651,,@头柱日志创作的原声,头柱日志,1672832309806796,头柱日志,173,,False,,,,,
7618505761416596771,2026-05-10 20:25:30.799993,7618505782232992521,,@阿川燃剪创作的原声,阿川燃剪,2357824378899704,阿川燃剪,255,,False,,,,,
7627303570510018931,2026-05-11 09:30:01.282045,7627303558475451199,,Nothing To Fear,程程动物世界,2047747647355828,程程动物世界,254,,False,,,,,
7618401219354053898,2026-05-10 20:22:00.130165,7618401714063870747,,活下去（纯音乐）,赖格宝电影,2093902715174573,赖格宝电影,1480,,False,,,,,
7618377635499887918,2026-05-10 20:21:39.084026,7618377786772032294,,@钞能力大王创作的原声,钞能力大王,2701940898409424,钞能力大王,384,,False,,,,,
7618514359815327017,2026-05-10 20:25:50.128943,7618514665316092723,,She Bangs (English Version),动漫的花旗,7506052120396940345,动漫的花旗,875,,False,,,,,
7618225848767745280,2026-05-10 20:18:43.451384,7618225923686484774,,@不高小姐和不瘦先生创作的原声,不高小姐和不瘦先生,2686856456053271,不高小姐和不瘦先生,187,,False,,,,,
7618182580001779954,2026-05-10 20:17:15.567797,7618182649543723786,,@小玲Zz创作的原声,小玲Zz,1952369462478606,小玲Zz,433,,False,,,,,
7618184308452366043,2026-05-10 20:17:20.767363,7618184654805601075,,@张森的下班料理创作的原声,张森的下班料理,2317392726731100,张森的下班料理,1164,,False,,,,,
7627386504347716870,2026-05-11 09:32:31.796904,7627386766923680554,,@红蓝守护者创作的原声,红蓝守护者,180792499380830,红蓝守护者,851,,False,,,,,
7618188670394207497,2026-05-10 20:17:52.262570,7618189145363286820,,@苏打扒片创作的原声,苏打扒片,1848754840025019,苏打扒片,1175,,False,,,,,
7618194369484442889,2026-05-10 20:17:59.301047,7618194745588632374,,@剧说星语创作的原声,剧说星语,4100551081990284,剧说星语,1008,,False,,,,,
7627363584947972020,2026-05-11 09:32:26.329104,7627363572108364554,,@探险男孩在旅行（个人号）创作的原声,探险男孩在旅行（个人号）,2717588051469870,探险男孩在旅行（个人号）,252,,False,,,,,
7627351847695235429,2026-05-11 09:32:16.656653,7627351784378501930,,长安姑娘（青椒ㅤ Remix）,鱼板面,552435821321964,鱼板面,62,,False,,,,,
7618203325942484234,2026-05-10 20:18:12.491507,7618203834644548388,,@剧会说创作的原声,剧会说,3668421832879464,剧会说,890,,False,,,,,
7618207285441722959,2026-05-10 20:18:19.895954,7618207319066807090,,@宋肘击创作的原声,宋肘击,3729143554644959,宋肘击,919,,False,,,,,
7618209135276557305,2026-05-10 20:18:28.712729,7618209068939037483,,句号 (DJ),凌晨海,2170897331662075,凌晨海,60,,False,,,,,
7618219427011653723,2026-05-10 20:18:37.230804,7618219525464804115,,@乃心蛋儿带你游山西创作的原声,乃心蛋儿带你游山西,62985515709,乃心蛋儿带你游山西,295,,False,,,,,
7618227172787962303,2026-05-10 20:19:08.351272,7618227611629931306,,万象回响,暖ai拾光,687620686095674,暖ai拾光,2848,,False,,,,,
7618373271435726121,2026-05-10 20:21:31.692912,7618373360904440602,,@谁叫八底特创作的原声,谁叫八底特,98098029513,谁叫八底特,416,,False,,,,,
7618227936453283099,2026-05-10 20:19:25.249649,7618228411039124250,,@舒克电影创作的原声,舒克电影,2714010949525021,舒克电影,1107,,False,,,,,
7618228727872245034,2026-05-10 20:19:50.317592,7618228994925824795,,Fight,黑骑讲剧,7409646839006413883,黑骑讲剧,759,,False,,,,,
7618231376698201765,2026-05-10 20:20:15.369085,7618231403364240162,,@天启战争纪录创作的原声,天启战争纪录,91724338559,天启战争纪录,193,,False,,,,,
7618233247591402758,2026-05-10 20:20:23.025305,7618233407045880626,,@唠叨篮球创作的原声,唠叨篮球,98184675376,唠叨篮球,508,,False,,,,,
7627348618081165673,2026-05-11 09:31:40.938729,7626784482057538330,,潇洒醉风行（阿雷 Remix）,口水歌永兴,4209400306739614,口水歌永兴,156,,False,,,,,
7618245899558456602,2026-05-10 20:20:33.530284,7618245933041503022,,@全全探索局创作的原声,全全探索局,3292358984629423,全全探索局,560,,False,,,,,
7618252102661442825,2026-05-10 20:20:38.833847,7618252244160482054,,@耀阳环球旅行创作的原声,耀阳环球旅行,7537680686586709050,耀阳环球旅行,2269,,False,,,,,
7618254113255525658,2026-05-10 20:21:03.278810,7618255370317794067,,琵琶曲（DJ阿泽0.85X版）,星泉,1322060823669454,星泉,143,,False,,,,,
7627348004743269642,2026-05-11 09:31:36.566301,7636794133662714675,,直播间带货榜,无悔,7431206967496590396,无悔,795,,False,,,,,
7627347820277679801,2026-05-11 09:31:29.026740,7627347658276866816,,@小品欢乐汇创作的原声,小品欢乐汇,76268851733,小品欢乐汇,61,,False,,,,,
7618330637706988827,2026-05-10 20:21:24.632563,7618330791491291923,,和平精英,幸福(地铁逃生),104684849278,幸福(地铁逃生),290,,False,,,,,
7618511897758911779,2026-05-10 20:25:40.298674,7618512080706095910,,@强子在老挝创作的原声,强子在老挝,96673214864,强子在老挝,491,,False,,,,,
7618514401376718131,2026-05-10 20:25:56.130760,7618514711889398538,,@可靠的鱼子酱-创作的原声,可靠的鱼子酱-,104317747420,可靠的鱼子酱-,494,,False,,,,,
7627387956558433578,2026-05-11 09:32:41.514609,7627388239642069803,,@米虫多多创作的原声,米虫多多,2098327911413752,米虫多多,432,,False,,,,,
7618614899668700425,2026-05-10 20:30:52.123808,7618615030262565678,,@奈斯聊球创作的原声,奈斯聊球,921820381850832,奈斯聊球,408,,False,,,,,
7627133543545638171,2026-05-11 09:29:01.795724,7627133606523177737,,@大熊总兵创作的原声,大熊总兵,1637609803359916,大熊总兵,633,,False,,,,,
7627130714730859811,2026-05-11 09:28:58.302295,7627131050728508170,,@匆匆观影创作的原声,匆匆观影,2195100780738685,匆匆观影,1023,,False,,,,,
7627127415558507786,2026-05-11 09:28:48.832723,7627127491194407730,,@烧饭大王创作的原声,烧饭大王,3932288935803640,烧饭大王,118,,False,,,,,
7627116551757450559,2026-05-11 09:28:29.596139,7627116726798306091,,@角落解说创作的原声,角落解说,1129925526422244,角落解说,532,,False,,,,,
7618583858002407912,2026-05-10 20:29:51.054360,7618583922904927018,,@阿龙动漫剧场创作的原声,阿龙动漫剧场,4461149512808019,阿龙动漫剧场,542,,False,,,,,
7627113969324477759,2026-05-11 09:28:16.166748,7627114002602150697,,@任知书创作的原声,任知书,4232481983701496,任知书,347,,False,,,,,
7627109507029617974,2026-05-11 09:28:09.059094,7627109543071533874,,@可乐哥哥创作的原声,可乐哥哥,3966634684583524,可乐哥哥,125,,False,,,,,
7618590321810754842,2026-05-10 20:30:14.674115,7618590336582961958,,广深港珠澳6天跟团游,深圳市百国国际旅行社有限公司深圳分公司,561194002028282,深圳市百国国际旅行社有限公司深圳分公司,33,,False,,,,,
7618603191910911273,2026-05-10 20:30:20.985032,7325064062004363264,,1.13 BLINK @ BYTE SET 16(严成玹进行曲DJ版),时尚女友Jasmine,520482821256314,时尚女友Jasmine,186,,False,,,,,
7627108697688378666,2026-05-11 09:28:06.317150,7627108785634872127,,幻昼PHONK,解漫者说,4067842955420798,解漫者说,191,,False,,,,,
7618610760177169382,2026-05-10 20:30:40.218391,7618610732577360676,,@终身 Learning创作的原声,终身 Learning,77884789412,终身 Learning,416,,False,,,,,
7618620596858916159,2026-05-10 20:30:58.882882,7618621714355866368,,Epiphany,寻影白丁,3074684201995007,寻影白丁,2332,,False,,,,,
7618560764609154347,2026-05-10 20:29:09.799327,7618560936474856234,,@学姐科普创作的原声,学姐科普,1207706605849274,学姐科普,323,,False,,,,,
7627106028287974885,2026-05-11 09:28:03.268717,7627105977896143651,,@哈呼噜创作的原声,哈呼噜,1858616141551530,哈呼噜,63,,False,,,,,
7627097855253089579,2026-05-11 09:27:57.147052,7627097940464634650,,@番剧解语花创作的原声,番剧解语花,4330305111468175,番剧解语花,188,,False,,,,,
7627097642107030825,2026-05-11 09:27:49.966361,7627097664961743667,,@张脑知创作的原声,张脑知,4054613614659411,张脑知,171,,False,,,,,
7627096594760911034,2026-05-11 09:27:46.586676,7627096599944071977,,We Don't Talk Any More（混音版）（TATmusic Remix）,呆瑞.,78455509414,呆瑞.,1001,,False,,,,,
7618636509784132883,2026-05-10 20:31:35.820255,7618636912105949961,,@李白说创作的原声,李白说,7445936337317823546,李白说,862,,False,,,,,
7627090464362335226,2026-05-11 09:27:38.636287,7627090281346730786,,@白羊说创作的原声,白羊说,79592584569,白羊说,389,,False,,,,,
7618638317973818643,2026-05-10 20:31:43.115997,7618638461989309222,,@小五侃武侠创作的原声,小五侃武侠,339098362715467,小五侃武侠,202,,False,,,,,
7618681299389156650,2026-05-10 20:31:47.997573,7618681327172340516,,玛莎,测评君,88606078985,测评君,1029,,False,,,,,
7618696159887969562,2026-05-10 20:31:54.564426,7618695994238061362,,三角洲行动,玖七（三角洲教学）,1198926807435235,玖七（三角洲教学）,392,,False,,,,,
7618724387387006321,2026-05-10 20:32:20.252535,7618724053414595368,,光辉岁月（live）,光明,68298661220,光明,417,,False,,,,,
7618767964468219170,2026-05-10 20:32:24.896795,7618768013222824742,,@嗨影视创作的原声,嗨影视,879249366453854,嗨影视,387,,False,,,,,
7618571788859051304,2026-05-10 20:29:15.481403,7618572174659570459,,@大兵探影创作的原声,大兵探影,670042235611034,大兵探影,776,,False,,,,,
7627136144303541530,2026-05-11 09:29:06.686992,7627136220652751658,,@闲聊的阿班创作的原声,闲聊的阿班,85679168783,闲聊的阿班,236,,False,,,,,
7618520070452415782,2026-05-10 20:26:00.187214,7618520034146568987,,@铁根er创作的原声,铁根er,4252514869316392,铁根er,223,,False,,,,,
7618529582966230282,2026-05-10 20:27:34.187107,7618529726855940870,,@科普之谜创作的原声,科普之谜,2490821473743019,科普之谜,378,,False,,,,,
7627282438192702883,2026-05-11 09:29:45.659216,7627282391081536266,,@燕姿SunYanZi创作的原声,燕姿SunYanZi,62742984108,燕姿SunYanZi,28,,False,,,,,
7618521120983043347,2026-05-10 20:26:09.239888,7618521211848379145,,@小野传说创作的原声,小野传说,1552960018986815,小野传说,249,,False,,,,,
7618522125825002792,2026-05-10 20:26:17.089436,7618522151821298495,,@漫太白创作的原声,漫太白,2226943284227033,漫太白,434,,False,,,,,
7627263633172499739,2026-05-11 09:29:31.924083,7627263797945748270,,@冷冷撩电影创作的原声,冷冷撩电影,1319068562889263,冷冷撩电影,485,,False,,,,,
7618525482442575154,2026-05-10 20:26:28.903646,7618525873850895150,,@大自然奇观创作的原声,大自然奇观,68367046421,大自然奇观,734,,False,,,,,
7618526167486377955,2026-05-10 20:26:36.412149,7618526587038042931,,@行者老兵创作的原声,行者老兵,3927079537088676,行者老兵,764,,False,,,,,
7618526451743643246,2026-05-10 20:26:44.161676,7618526460945533706,,@蛋总爱钓鱼0427创作的原声,蛋总爱钓鱼0427,2269859964790711,蛋总爱钓鱼0427,168,,False,,,,,
7618526518976741541,2026-05-10 20:26:53.129598,7618526547812944692,,@开心小玥创作的原声,开心小玥,2630483193373616,开心小玥,539,,False,,,,,
7618527704954064180,2026-05-10 20:26:59.290210,7618527905487883058,,@Speed Engine创作的原声,Speed Engine,3899333372294475,Speed Engine,372,,False,,,,,
7627163067129842996,2026-05-11 09:29:24.862497,7627163313352346387,,@酥小橙-创作的原声,酥小橙-,58739339652,酥小橙-,706,,False,,,,,
7618529203788565794,2026-05-10 20:27:09.082688,7618529888626084627,,@姜盐醋创作的原声,姜盐醋,4267640129849931,姜盐醋,1642,,False,,,,,
7627157395302932721,2026-05-11 09:29:18.384332,7627157231020362536,,@大王（三角洲行动）创作的原声,大王（三角洲行动）,319337417153124,大王（三角洲行动）,189,,False,,,,,
7618557178110070052,2026-05-10 20:29:00.312599,7618557260713036607,,@曼巴科普创作的原声,曼巴科普,29025019889817,曼巴科普,251,,False,,,,,
7618532556698453641,2026-05-10 20:27:42.909050,7618532544362941234,,@栗子050创作的原声,栗子050,3076884294273264,栗子050,151,,False,,,,,
7618532809552242083,2026-05-10 20:27:48.496857,7618532844301847350,,@腮红多来点创作的原声,腮红多来点,972429578480653,腮红多来点,655,,False,,,,,
7627156852291226899,2026-05-11 09:29:13.673325,7627156892084210483,,@AI大白话创作的原声,AI大白话,2445754917204508,AI大白话,439,,False,,,,,
7618538095000275633,2026-05-10 20:27:57.389812,7618538040616635146,,@布兰尼老田田创作的原声,布兰尼老田田,1020820409555502,布兰尼老田田,223,,False,,,,,
7618548127905156406,2026-05-10 20:28:01.272023,7618548335619754778,,我的世界,薯条游戏,98670173896,薯条游戏,621,,False,,,,,
7618548917018310331,2026-05-10 20:28:06.899143,7618548946473995018,,三角洲行动,老梦（三角洲行动）,1532078332849200,老梦（三角洲行动）,162,,False,,,,,
7627150603604544818,2026-05-11 09:29:11.297456,7627150571966909227,,@江湖老饕创作的原声,江湖老饕,2657967125823820,江湖老饕,399,,False,,,,,
7627147321117101358,2026-05-11 09:29:09.007396,7627147562016983846,,@史一棋创作的原声,史一棋,106659086979,史一棋,583,,False,,,,,
7618551469276466484,2026-05-10 20:28:18.797935,7618551685497260836,,我只在乎你,小高音乐馆,295103845392823,小高音乐馆,535,,False,,,,,
7618553435448691983,2026-05-10 20:28:28.501925,7618553397973044020,,@正人君子创作的原声,正人君子,104937757261,正人君子,1905,,False,,,,,
7618554182638898466,2026-05-10 20:28:53.105040,7618554394786777875,,@财经不眠姐创作的原声,财经不眠姐,4318504132819008,财经不眠姐,605,,False,,,,,
7618182264928718080,2026-05-10 20:17:07.780885,7618182383581367090,,@宇说创作的原声,宇说,110103110035,宇说,292,,False,,,,,
7618180146142448923,2026-05-10 20:16:38.651616,7618180251453098778,,@龙财说创作的原声,龙财说,4152231167007608,龙财说,326,,False,,,,,
7617547054482562484,2026-05-10 19:59:37.053196,7617546987331701513,,Urban Funk Flow,馒馒,3305612035491323,馒馒,123,,False,,,,,
7617780816285879592,2026-05-10 20:06:15.839574,7617781096910277417,,@牛角梳创作的原声,牛角梳,102267234462,牛角梳,745,,False,,,,,
7627459398679481636,2026-05-11 09:37:00.116949,7627641393111960366,,@宅胖子创作的原声,宅胖子,1631289158940536,宅胖子,446,,False,,,,,
7617748637880634185,2026-05-10 20:04:38.279399,7617748548381510426,,@农机视频创作的原声,农机视频,2700822397853102,农机视频,13,,False,,,,,
7617751728431107380,2026-05-10 20:04:45.261304,7618003794802068275,,盗墓笔记进行曲,晚风心里吹,1137325268544384,晚风心里吹,1361,,False,,,,,
7617753743735508239,2026-05-10 20:05:09.815810,7142481220767580199,,@追一剧创作的原声,追一剧,4255523554734243,追一剧,537,,False,,,,,
7627456712270664369,2026-05-11 09:36:52.465142,7627456865195772712,,@夏菲创作的原声,夏菲,3050481966921155,夏菲,1204,,False,,,,,
7627454678133862843,2026-05-11 09:36:37.681118,7546031485640245306,,@逍遥讲商业创作的原声,逍遥讲商业,86364561578,逍遥讲商业,352,,False,,,,,
7617769665988676864,2026-05-10 20:05:41.485717,7617769799023610634,,Funny,掘味,111183853178,掘味,198,,False,,,,,
7627453338036245194,2026-05-11 09:36:23.591686,7627453324371053354,,@小美看车创作的原声,小美看车,2375397537745608,小美看车,266,,False,,,,,
7617770167849831734,2026-05-10 20:06:00.695957,7617770444313086756,,@电影最有料创作的原声,电影最有料,2294030965420304,电影最有料,712,,False,,,,,
7627452575201135922,2026-05-11 09:36:15.707476,7627453144754031387,,@阿T影视创作的原声,阿T影视,3131854079136243,阿T影视,981,,False,,,,,
7617775100116421923,2026-05-10 20:06:08.211320,7617776430931479334,,@酷哥看世界创作的原声,酷哥看世界,664553919623019,酷哥看世界,243,,False,,,,,
7627452517332421903,2026-05-11 09:36:00.958884,7627452780952767268,,@知秋叙创作的原声,知秋叙,3824578225788640,知秋叙,1201,,False,,,,,
7617737725055225088,2026-05-10 20:04:24.386670,7617738063818066707,,鸟儿摇,狂飙动物园,3523268425550541,狂飙动物园,1398,,False,,,,,
7627450461839015567,2026-05-11 09:35:54.300909,7627450417030400809,,最真的夢,乐娱先生,1157111048055262,乐娱先生,262,,False,,,,,
7627448636531592474,2026-05-11 09:35:47.688495,7627448651471719206,,@蜡笔小宣创作的原声,蜡笔小宣,7533842957393724476,蜡笔小宣,240,,False,,,,,
7617789202532535603,2026-05-10 20:06:29.847426,7617789492866370347,,@港影迷城创作的原声,港影迷城,68092762727,港影迷城,1063,,False,,,,,
7627447334372183330,2026-05-11 09:35:44.794868,7627447384351460146,,@IDol哔哔机创作的原声,IDol哔哔机,72881537356,IDol哔哔机,338,,False,,,,,
7627446266695290147,2026-05-11 09:35:39.200592,7627446369506364166,,@加特杨车库创作的原声,加特杨车库,1891620841597128,加特杨车库,357,,False,,,,,
7617793304261314722,2026-05-10 20:06:37.157439,7617793862781766446,,@纯蕴睡觉觉【助眠哄睡】创作的原声,纯蕴睡觉觉【助眠哄睡】,3658779438350676,纯蕴睡觉觉【助眠哄睡】,816,,False,,,,,
7627441924966826341,2026-05-11 09:35:26.372990,7627441845504723748,,@小小周爱吃蒜创作的原声,小小周爱吃蒜,105005816322,小小周爱吃蒜,64,,False,,,,,
7617797120082316550,2026-05-10 20:06:46.581457,7617798157573229350,,@袁启聪创作的原声,袁启聪,105364770153,袁启聪,1498,,False,,,,,
7617798849628785962,2026-05-10 20:06:53.124682,7617798974216375078,,@芝士娱报局创作的原声,芝士娱报局,4057670140572650,芝士娱报局,309,,False,,,,,
7617798935461006618,2026-05-10 20:07:17.567581,7617799143779502858,,@阿影的放映小窝创作的原声,阿影的放映小窝,2473231010771179,阿影的放映小窝,636,,False,,,,,
7627441310144585595,2026-05-11 09:35:23.769853,7627441451600726826,,Broken(大气高燃版),探海渔人,63334565714,探海渔人,529,,False,,,,,
7617738438560861494,2026-05-10 20:04:29.078631,7617738751323884298,,@篮坛声波创作的原声,篮坛声波,2597465846201981,篮坛声波,663,,False,,,,,
7617734749763785142,2026-05-10 20:04:17.519022,7617735088410757897,,放学回家（钱乐多 Remix）,默琳电影,2289662479049495,默琳电影,1066,,False,,,,,
7627440468883819810,2026-05-11 09:35:19.302225,7627440798971349801,,@宇宙编辑部创作的原声,宇宙编辑部,2228023705217219,宇宙编辑部,1135,,False,,,,,
7617667479233449235,2026-05-10 20:00:41.450282,7617667739682884388,,给我一个理由忘记,尾巴不想说,71180584876,尾巴不想说,626,,False,,,,,
7617573635422768424,2026-05-10 19:59:45.568003,7617573646483196710,,@舒先生的欧门（无畏契约）创作的原声,舒先生的欧门（无畏契约）,1944369764249852,舒先生的欧门（无畏契约）,130,,False,,,,,
7627482512377367860,2026-05-11 09:37:31.097734,7627482613300660998,,@戏里戏外创作的原声,戏里戏外,7559517050495894585,戏里戏外,340,,False,,,,,
7617626112147509695,2026-05-10 19:59:53.209259,7617626090726509348,,@大咖来了创作的原声,大咖来了,7544348195444032570,大咖来了,299,,False,,,,,
7627481290408725779,2026-05-11 09:37:28.331344,7627481483292281650,,@小帅影探创作的原声,小帅影探,104771448261,小帅影探,709,,False,,,,,
7617641976313253170,2026-05-10 20:00:03.323698,7617642078004120326,,@鼓東家®创作的原声,鼓東家®,2528525613020269,鼓東家®,250,,False,,,,,
7617646736986737962,2026-05-10 20:00:06.407936,7617647320603134763,,@球战纪创作的原声,球战纪,2826209948085515,球战纪,529,,False,,,,,
7617651648822791458,2026-05-10 20:00:15.070525,7617651798991506227,,We Don't Talk Anymore(地球脉动),动物百科老七,1229720589697737,动物百科老七,606,,False,,,,,
7627480904333069568,2026-05-11 09:37:21.761235,7627481018613680942,,@阿甘科普创作的原声,阿甘科普,1991939079024380,阿甘科普,414,,False,,,,,
7617662448010562843,2026-05-10 20:00:21.242818,7617662623856741147,,@六点速看创作的原声,六点速看,103397729578,六点速看,540,,False,,,,,
7627476199606746842,2026-05-11 09:37:19.191738,7627476172250581811,,@豆腐好吃吗创作的原声,豆腐好吃吗,4490878442809420,豆腐好吃吗,97,,False,,,,,
7617666852956687631,2026-05-10 20:00:34.819472,7617667414890187556,,@星光说电影创作的原声,星光说电影,2793210749917215,星光说电影,1902,,False,,,,,
7617673717082098987,2026-05-10 20:01:31.303325,7617674912698338102,,i walk this earth all by myself,轻舟,2615070937582576,轻舟,1346,,False,,,,,
7617731428628958498,2026-05-10 20:04:09.970733,7617731482471205659,,@阿诺影视创作的原声,阿诺影视,111331847829,阿诺影视,365,,False,,,,,
7627469555594316145,2026-05-11 09:37:14.413677,7627469494729968399,,@港剧放映厅创作的原声,港剧放映厅,7553068431002010681,港剧放映厅,711,,False,,,,,
7627462727191039267,2026-05-11 09:37:09.626454,7627528533761461001,,青衣（DJ我为你唱一曲如游丝的气息）,影子剪影,295091404538055,影子剪影,593,,False,,,,,
7617703807355834623,2026-05-10 20:02:01.672465,7617703757291637545,,@华正说创作的原声,华正说,2287403874650388,华正说,47,,False,,,,,
7617704669107817771,2026-05-10 20:02:08.295205,7617705162181856036,,@墨风探案创作的原声,墨风探案,2911949564683140,墨风探案,1295,,False,,,,,
7617705426154573066,2026-05-10 20:02:14.560266,7617705953386990390,,@韩影物语创作的原声,韩影物语,3145038832350268,韩影物语,965,,False,,,,,
7617708395629432083,2026-05-10 20:02:39.407161,7617708966270356270,,The Way (Instrumental),墨风探案,2911949564683140,墨风探案,1448,,False,,,,,
7617710434506347466,2026-05-10 20:03:04.213444,7617710424737942298,,@宠物科普3创作的原声,宠物科普3,3493566913722092,宠物科普3,97,,False,,,,,
7617710944685250661,2026-05-10 20:03:28.517496,7617710919170149135,,@百年变局创作的原声,百年变局,4220394842371072,百年变局,470,,False,,,,,
7627459983411596586,2026-05-11 09:37:03.611792,7626801584529623835,,@清洲生活日记创作的原声,清洲生活日记,1682675993424067,清洲生活日记,395,,False,,,,,
7617728430486744034,2026-05-10 20:03:38.049581,7617728363087547177,,@小鱼剧创作的原声,小鱼剧,7555511282788402235,小鱼剧,223,,False,,,,,
7617730110942188955,2026-05-10 20:03:45.742580,7617730276333636390,,@拍车的MR陈创作的原声,拍车的MR陈,104607553083,拍车的MR陈,478,,False,,,,,
7617807567204519220,2026-05-10 20:07:27.568522,7617807627111779110,,@木子旅行创作的原声,木子旅行,65864322917,木子旅行,370,,False,,,,,
7617813784682400681,2026-05-10 20:07:39.429629,7617814332885191475,,@靓仔小张创作的原声,靓仔小张,3747580631854878,靓仔小张,1602,,False,,,,,
7618179591827459391,2026-05-10 20:16:13.420262,7618180290678229786,,@文福姬Eat with Boki创作的原声,文福姬Eat with Boki,2458952711277975,文福姬Eat with Boki,1266,,False,,,,,
7618154169748180270,2026-05-10 20:14:27.545882,7618154362623609638,,@电工蛋挞⚡创作的原声,电工蛋挞⚡,1260477190251306,电工蛋挞⚡,674,,False,,,,,
7618104897715637544,2026-05-10 20:12:55.474772,7618104972756011818,,@潮音歌库（U盘）创作的原声,潮音歌库（U盘）,2491937954477338,潮音歌库（U盘）,316,,False,,,,,
7618116094112337202,2026-05-10 20:13:07.151875,7618116729947933467,,Opaque,影视飓风,105525949232,影视飓风,1565,,False,,,,,
7618118898315747941,2026-05-10 20:13:16.547698,7618118924290280244,,@60分钟音乐馆创作的原声,60分钟音乐馆,4337987674702060,60分钟音乐馆,2259,,False,,,,,
7618123114026782006,2026-05-10 20:13:25.111817,7618123120079129353,,@漫剪放映厅创作的原声,漫剪放映厅,3273669641258107,漫剪放映厅,132,,False,,,,,
7627404213999488292,2026-05-11 09:34:00.685649,7627404159809096484,,@世界趣事台创作的原声,世界趣事台,7546510090830218298,世界趣事台,37,,False,,,,,
7627402896010775808,2026-05-11 09:33:46.582042,7627402963702549258,,@包懂先生创作的原声,包懂先生,7576538160881714213,包懂先生,212,,False,,,,,
7627402034844667182,2026-05-11 09:33:36.737088,7627401983170841407,,王者荣耀,布谷,1978732135854727,布谷,236,,False,,,,,
7618147667402575144,2026-05-10 20:13:59.369895,7618147749137107763,,@一万根韭菜创作的原声,一万根韭菜,3800344994522301,一万根韭菜,250,,False,,,,,
7618148322129284352,2026-05-10 20:14:02.549181,7441825404509225020,,@科普造物主创作的原声,科普造物主,2578796300993738,科普造物主,323,,False,,,,,
7618149401499798830,2026-05-10 20:14:12.199084,7618149609132116774,,@大象探世界创作的原声,大象探世界,7564241533131998266,大象探世界,581,,False,,,,,
7618153962335685938,2026-05-10 20:14:17.372069,7618154066987764531,,@客客创作的原声,客客,2681059500897643,客客,322,,False,,,,,
7618156467836931382,2026-05-10 20:14:52.029092,7618156540796717860,,@小八乌拉创作的原声,小八乌拉,1653276174192527,小八乌拉,181,,False,,,,,
7618098466506717169,2026-05-10 20:12:37.942760,7618098484712868623,,@世界奇趣最TOP创作的原声,世界奇趣最TOP,517193027562393,世界奇趣最TOP,1484,,False,,,,,
7618159371620758001,2026-05-10 20:15:05.815896,7618159288799742762,,@人间清醒创作的原声,人间清醒,7552171820079858748,人间清醒,282,,False,,,,,
7627400728541154612,2026-05-11 09:33:22.709052,7627400982531410698,,@刘道静ssr创作的原声,刘道静ssr,52756776679,刘道静ssr,855,,False,,,,,
7618162479697195471,2026-05-10 20:15:11.675808,7618162484469435178,,@乐娱先生创作的原声,乐娱先生,1157111048055262,乐娱先生,810,,False,,,,,
7627396261510925618,2026-05-11 09:33:13.843820,7627396380211415846,,@科学有点甜创作的原声,科学有点甜,7578823356012004401,科学有点甜,195,,False,,,,,
7627393558156266779,2026-05-11 09:33:03.240662,7627393588267862810,,@露露在日本收破烂~再生资源回收创作的原声,露露在日本收破烂~再生资源回收,373481788156638,露露在日本收破烂~再生资源回收,378,,False,,,,,
7618172616066518299,2026-05-10 20:15:24.277405,7618173034540944166,,@军shi说创作的原声,军shi说,188708457559943,军shi说,603,,False,,,,,
7627392285403878651,2026-05-11 09:32:55.908057,7627392375303703342,,@悠然是比熊yoyo创作的原声,悠然是比熊yoyo,1380589005714861,悠然是比熊yoyo,317,,False,,,,,
7618175666374184226,2026-05-10 20:15:33.004888,7618175683436530483,,GTA Type Beat,国王与乞丐,1134307464193807,国王与乞丐,206,,False,,,,,
7618177444772046790,2026-05-10 20:15:59.383344,7618177426945788735,,@林小小创作的原声,林小小,2986735296851704,林小小,198,,False,,,,,
7627389186135330086,2026-05-11 09:32:47.537852,7627389442894514953,,无畏契约：源能行动,迹（无畏契约手游）,2025723832578836,迹（无畏契约手游）,117,,False,,,,,
7618179305201306915,2026-05-10 20:16:06.195433,7618179334054447899,,@青柠动画创作的原声,青柠动画,1359465183183246,青柠动画,209,,False,,,,,
7618104000285543723,2026-05-10 20:12:46.499284,7554179634296782857,,@永不言弃CR7⚽创作的原声,永不言弃CR7⚽,2769013927055552,永不言弃CR7⚽,425,,False,,,,,
7618075541056326952,2026-05-10 20:12:27.880245,7618075845437033254,,@暗影Film创作的原声,暗影Film,3694837205308056,暗影Film,852,,False,,,,,
7627432590630276387,2026-05-11 09:35:12.552451,7627432653389892361,,@老外游东方创作的原声,老外游东方,81002846967,老外游东方,610,,False,,,,,
7617875523725657771,2026-05-10 20:10:05.146813,7579951955662080831,,@旺旺成长记创作的原声,旺旺成长记,63729965313,旺旺成长记,12,,False,,,,,
7627431726146424090,2026-05-11 09:35:09.927024,7627800867923659583,,@观语说essayist创作的原声,观语说essayist,3718982266525484,观语说essayist,246,,False,,,,,
7617825872875569114,2026-05-10 20:07:59.314461,7617825958267341595,,@朱菲菲（内衣版）创作的原声,朱菲菲（内衣版）,7458522605491258426,朱菲菲（内衣版）,501,,False,,,,,
7617825983046880547,2026-05-10 20:08:02.547289,7617826195204852506,,Want U More - Extended Mix,熙熙足球,1431988157550595,熙熙足球,454,,False,,,,,
7617834955250437418,2026-05-10 20:08:19.173024,7617835461905566474,,@即刻自然说创作的原声,即刻自然说,92978489207,即刻自然说,1025,,False,,,,,
7617841161827087817,2026-05-10 20:08:33.297094,7614489040973892402,,Right it,巴仁乡花艺师  【果海尔】（收徒）,853672901751565,巴仁乡花艺师  【果海尔】（收徒）,59,,False,,,,,
7617841618720214307,2026-05-10 20:08:42.021896,7617841905916742451,,@双杰巅峰对局创作的原声,双杰巅峰对局,1455350494795835,双杰巅峰对局,787,,False,,,,,
7617843589925702948,2026-05-10 20:08:47.541136,7617843836102019876,,@龟小白(上海）创作的原声,龟小白(上海）,75577550780,龟小白(上海）,315,,False,,,,,
7617851437578311622,2026-05-10 20:09:12.887023,7617851413663189801,,压制力量（DJ版）,祈,599688903929132,祈,22,,False,,,,,
7617852083961761034,2026-05-10 20:09:29.490035,7617852107181263643,,@不能挑食创作的原声,不能挑食,2500757517248067,不能挑食,29,,False,,,,,
7627429503152753972,2026-05-11 09:35:01.605824,7627429578843638554,,云烟成雨,声涯,3636815897306691,声涯,309,,False,,,,,
7617868540690844970,2026-05-10 20:09:56.480466,7617868866957691657,,@六点速看创作的原声,六点速看,103397729578,六点速看,672,,False,,,,,
7617876181290847531,2026-05-10 20:10:12.688678,7617876369619290890,,@真实动物科普创作的原声,真实动物科普,4091697414542727,真实动物科普,343,,False,,,,,
7618066900496534835,2026-05-10 20:12:03.159964,7618067875274443566,,@一目十影创作的原声,一目十影,64402741295,一目十影,1240,,False,,,,,
7617886124672929078,2026-05-10 20:10:39.910547,7617886146735131432,,@老秦看官创作的原声,老秦看官,2243435634100168,老秦看官,577,,False,,,,,
7627414276671851776,2026-05-11 09:34:22.931167,7627414432221645622,,@娱圈观察站创作的原声,娱圈观察站,7572102263549068346,娱圈观察站,537,,False,,,,,
7627412268250189092,2026-05-11 09:34:19.831132,7628788194124876563,,@燃擎MAX创作的原声,燃擎MAX,3894945793458000,燃擎MAX,248,,False,,,,,
7627409375031758132,2026-05-11 09:34:16.002978,7627409413753572123,,@AI半月刊创作的原声,AI半月刊,2587595210237371,AI半月刊,431,,False,,,,,
7617910623413800198,2026-05-10 20:10:54.785386,7617910695657392938,,@乡村小杨创作的原声,乡村小杨,87460782765,乡村小杨,238,,False,,,,,
7617920228248259876,2026-05-10 20:11:02.117581,7617921039342783251,,@幽火Yoho创作的原声,幽火Yoho,59693862857,幽火Yoho,1229,,False,,,,,
7617949888386583859,2026-05-10 20:11:05.827735,7617950146634255155,,INFP Beat(infp小曲),小傅不爱吃,2021317839174410,小傅不爱吃,575,,False,,,,,
7627408317001878793,2026-05-11 09:34:10.175268,7627408314262997779,,@熙涵探影创作的原声,熙涵探影,2104941235931691,熙涵探影,830,,False,,,,,
7618019641159345829,2026-05-10 20:11:15.027428,7618019515531660086,,@小肉包（炫饭频道）已授权创作的原声,小肉包（炫饭频道）已授权,3224190114862861,小肉包（炫饭频道）已授权,23,,False,,,,,
7618040195778088244,2026-05-10 20:11:22.727501,7618036082004790026,,三角洲行动,阿战（三角洲行动）,763500921886873,阿战（三角洲行动）,284,,False,,,,,
7618056300076813610,2026-05-10 20:11:37.842140,7618056344276404998,,@一只樱桃创作的原声,一只樱桃,2810787169053943,一只樱桃,198,,False,,,,,
7616388249237474594,2026-05-10 19:20:56.927889,7616388361695120166,,@二狗脱口秀创作的原声,二狗脱口秀,3415537303685696,二狗脱口秀,596,,False,,,,,
7616386234499337487,2026-05-10 19:20:44.643838,7616386352531147566,,@不爱看动漫（沉淀版）创作的原声,不爱看动漫（沉淀版）,2443530201999052,不爱看动漫（沉淀版）,279,,False,,,,,
7616369992761675048,2026-05-10 19:20:31.650186,7616370065206823706,,@无心少侠🐍创作的原声,无心少侠🐍,2517225826686138,无心少侠🐍,433,,False,,,,,
7628047863448177971,2026-05-11 09:44:04.734289,7628048003395373834,,@食间行者创作的原声,食间行者,7569134041020023845,食间行者,300,,False,,,,,
7614712179337904506,2026-05-10 17:40:56.564733,7614712177953426239,,@生灵观察喵创作的原声,生灵观察喵,4079620600112506,生灵观察喵,189,,False,,,,,
7614718116787336677,2026-05-10 17:41:01.037423,7614718122449095459,,@一只小鱼瓶创作的原声,一只小鱼瓶,2393007712638416,一只小鱼瓶,508,,False,,,,,
7614721587924782336,2026-05-10 17:41:13.853968,7614721709800573732,,@翠花爱吃蜂蜜创作的原声,翠花爱吃蜂蜜,7519155477117289532,翠花爱吃蜂蜜,221,,False,,,,,
7614726166016019718,2026-05-10 17:41:30.609726,7614726612268927780,,@青崖创作的原声,青崖,7552988503283270714,青崖,650,,False,,,,,
7614737747357486376,2026-05-10 17:41:42.496063,7614737871232092937,,@陈LOG创作的原声,陈LOG,96626483933,陈LOG,241,,False,,,,,
7628058028667366757,2026-05-11 09:44:12.789473,7628057928229997347,,真英雄(同花顺进行曲),DJ枫叶,2534798782105267,DJ枫叶,76,,False,,,,,
7614747444036262053,2026-05-10 17:42:05.541030,7614747356608629538,,@清禾创作的原声,清禾,3477131435182892,清禾,18,,False,,,,,
7614750820315270438,2026-05-10 17:42:12.127605,7614750960342108937,,我鸟都不鸟你,人间修行指南,2517236674996793,人间修行指南,259,,False,,,,,
7614774824673627398,2026-05-10 17:42:28.052393,7614775047743408905,,@暴躁小邓创作的原声,暴躁小邓,4207201471178128,暴躁小邓,134,,False,,,,,
7614782066630069545,2026-05-10 17:42:32.430910,7614782272146787122,,@包懂先生创作的原声,包懂先生,7576538160881714213,包懂先生,229,,False,,,,,
7614786993381313826,2026-05-10 17:42:46.189644,7614787120548285226,,@奇妙雾语创作的原声,奇妙雾语,75203008801596,奇妙雾语,214,,False,,,,,
7614793148442725682,2026-05-10 17:43:23.603822,7614793295226538793,,NASTY! - SLOWED,CAR TV,317091143496448,CAR TV,298,,False,,,,,
7614694376580730148,2026-05-10 17:40:28.116337,7614694825124563738,,@狐扯创作的原声,狐扯,2313005177257262,狐扯,676,,False,,,,,
7614799413689645288,2026-05-10 17:43:28.431810,7614799413197720383,,@舌尖上的武汉创作的原声,舌尖上的武汉,1757485155224666,舌尖上的武汉,31,,False,,,,,
7614811107781397802,2026-05-10 17:43:41.500991,7614811494186076937,,@小兽拳击创作的原声,小兽拳击,3468275307255341,小兽拳击,464,,False,,,,,
7614822471066343665,2026-05-10 17:43:59.577300,7614822370284522280,,@中国·舌尖美食创作的原声,中国·舌尖美食,4100545105634378,中国·舌尖美食,126,,False,,,,,
7614830587006782386,2026-05-10 17:44:21.010104,7614830647340747556,,你的眼睛背叛了你的心 (国),孤鴻•鄖陽,98231073856,孤鴻•鄖陽,266,,False,,,,,
7614834740016860470,2026-05-10 17:44:34.039506,7614835021421103926,,无畏契约：源能行动,王大大（无畏契约手游）,1511171536723524,王大大（无畏契约手游）,106,,False,,,,,
7614837991894158627,2026-05-10 17:44:46.687594,7614838572570528522,,@张凑凑讲电影创作的原声,张凑凑讲电影,2120290872076504,张凑凑讲电影,1328,,False,,,,,
7614841432151645924,2026-05-10 17:44:51.224229,7595606976520781882,,王者荣耀,王者荣耀帝鑫,58528513119,王者荣耀帝鑫,184,,False,,,,,
7614845348604250314,2026-05-10 17:45:19.120640,7614845376595643145,,@小饼干🍪创作的原声,小饼干🍪,3820149060936765,小饼干🍪,722,,False,,,,,
7614853339914043377,2026-05-10 17:45:24.240074,7614853268384123667,,茶花开了,饺子WTF,2518346399230276,饺子WTF,189,,False,,,,,
7614854961185086564,2026-05-10 17:45:34.734806,7614854940808235785,,@山山仙儿🎤创作的原声,山山仙儿🎤,83046119242,山山仙儿🎤,404,,False,,,,,
7614855833817550114,2026-05-10 17:45:50.398608,7614856194557610803,,OnePiece（Phonk）,鱼十七Justin,2705256009708509,鱼十七Justin,665,,False,,,,,
7614703638790997402,2026-05-10 17:40:43.106629,7614703619388427054,,@程程动物世界创作的原声,程程动物世界,2047747647355828,程程动物世界,185,,False,,,,,
7614675103560862976,2026-05-10 17:39:47.756468,7614675853544262436,,@小丑电影创作的原声,小丑电影,3463875350782297,小丑电影,1520,,False,,,,,
7614861707122762981,2026-05-10 17:46:16.826909,7614861610775169844,,游京 (空灵鼓点后置 DJ新版),DJ阿希,1292644687286275,DJ阿希,237,,False,,,,,
7614506904739466534,2026-05-10 17:36:54.208866,7614507031965829939,,@老马探秘社创作的原声,老马探秘社,1110973363279735,老马探秘社,663,,False,,,,,
7614484244270754539,2026-05-10 17:34:23.101964,7614484237160401690,,@博美多多不挑食创作的原声,博美多多不挑食,2783581532588228,博美多多不挑食,75,,False,,,,,
7614486694281024499,2026-05-10 17:34:38.617766,7614486862991837971,,@莫渊【踏百岛】创作的原声,莫渊【踏百岛】,61270225490,莫渊【踏百岛】,338,,False,,,,,
7614490400325127475,2026-05-10 17:34:48.762757,7614490386031004435,,@悟凯（三角洲行动）创作的原声,悟凯（三角洲行动）,599710138115868,悟凯（三角洲行动）,233,,False,,,,,
7614492660639796499,2026-05-10 17:35:04.151860,7614493387751754537,,@杨华说天下创作的原声,杨华说天下,3389136208410508,杨华说天下,1089,,False,,,,,
7614497428070288682,2026-05-10 17:35:17.596561,7614497716659637046,,@光哥二点零创作的原声,光哥二点零,3224188467296604,光哥二点零,469,,False,,,,,
7614497844430507290,2026-05-10 17:35:26.822379,7614498054778915611,,@野趣户外创作的原声,野趣户外,109214393878,野趣户外,1160,,False,,,,,
7614498041789637971,2026-05-10 17:35:37.202521,7614497999611382534,,Grey Scale（fast）,国服插秧王,7481274813714515003,国服插秧王,15,,False,,,,,
7614498882491256105,2026-05-10 17:35:41.311844,7614500170038168346,,盗墓笔记·十年人间,空山心雨a,2925157696939656,空山心雨a,2040,,False,,,,,
7614499599616694202,2026-05-10 17:35:54.702096,7614499540985039656,,@大欧小欧｜小欧中式美睫（有课）创作的原声,大欧小欧｜小欧中式美睫（有课）,1761879365783932,大欧小欧｜小欧中式美睫（有课）,404,,False,,,,,
7614502910600916214,2026-05-10 17:36:21.193389,7614502815217830707,,暗区突围,暗区突围凌阳,679951567961691,暗区突围凌阳,364,,False,,,,,
7614503416290814906,2026-05-10 17:36:38.869033,7614503610830949171,,@一条咸鱼创作的原声,一条咸鱼,99451779567,一条咸鱼,464,,False,,,,,
7614510961310862598,2026-05-10 17:37:07.217138,7130548525028494632,,@闲人阁创作的原声,闲人阁,104237674550,闲人阁,660,,False,,,,,
7614669163394567450,2026-05-10 17:39:31.154319,7614669454240189190,,@灯影刘肉丝创作的原声,灯影刘肉丝,632953192058941,灯影刘肉丝,779,,False,,,,,
7614517296342555621,2026-05-10 17:37:21.558301,7614517112372988712,,@武哥音乐创作的原声,武哥音乐,100978829514,武哥音乐,238,,False,,,,,
7614522935474162954,2026-05-10 17:37:33.878083,7614523009864338226,,@闹哪杨🎹创作的原声,闹哪杨🎹,149169181571880,闹哪杨🎹,56,,False,,,,,
7614535541908657587,2026-05-10 17:37:49.772447,7614535646945938222,,海頓: C大調弦樂四重奏 第六號第三樂章,万小琦,77978327118,万小琦,954,,False,,,,,
7614535787702471963,2026-05-10 17:38:02.622866,7614535964160985897,,@科技捕捉器CROWN创作的原声,科技捕捉器CROWN,3285796195141000,科技捕捉器CROWN,281,,False,,,,,
7614539360850955529,2026-05-10 17:38:07.161207,7614535734004681510,,@即录观世界创作的原声,即录观世界,3945500509738703,即录观世界,1073,,False,,,,,
7614544804253131195,2026-05-10 17:38:22.314736,7614544789883751218,,@𝓒𝓸𝓾𝓻𝓪𝓰𝓮创作的原声,𝓒𝓸𝓾𝓻𝓪𝓰𝓮,7573157822566515761,𝓒𝓸𝓾𝓻𝓪𝓰𝓮,67,,False,,,,,
7614570890772106502,2026-05-10 17:38:40.060653,7614571433834220351,,Breathe,嘈坊,53952840629,嘈坊,783,,False,,,,,
7614581777429128399,2026-05-10 17:38:53.387874,7614581512167639817,,王者荣耀,王者荣耀慕矢（幻影镜）,901241915836813,王者荣耀慕矢（幻影镜）,133,,False,,,,,
7624197916424457481,2026-05-10 22:53:24.676013,7624197691653753600,,@帧藏岁月创作的原声,帧藏岁月,21422325998,帧藏岁月,319,,False,,,,,
7628060646696815926,2026-05-11 09:44:15.173025,7628060735775509294,,火影手游传说三忍纲手第二波爆料,晚安白面具,1857503537928768,晚安白面具,291,,False,,,,,
7614614263142829321,2026-05-10 17:39:17.785825,7614614663535299337,,@可以有辆车创作的原声,可以有辆车,99186716156,可以有辆车,831,,False,,,,,
7614858635864214803,2026-05-10 17:46:08.756264,7614859051964599083,,@宇宙世界创作的原声,宇宙世界,94074233000,宇宙世界,693,,False,,,,,
7614861733936979834,2026-05-10 17:46:27.775596,7614861745244441407,,@你的美妆闺蜜姣姣创作的原声,你的美妆闺蜜姣姣,64199125898028,你的美妆闺蜜姣姣,1111,,False,,,,,
7614476222889807156,2026-05-10 17:34:00.282654,7614476366326926099,,@阿川创作的原声,阿川,109812599810,阿川,226,,False,,,,,
7615164007443451151,2026-05-10 18:35:14.669513,7615164012136778506,,@果子娱乐a创作的原声,果子娱乐a,2447930205147752,果子娱乐a,27,,False,,,,,
7615139960122838324,2026-05-10 18:33:21.766284,7615140009980873482,,@胡说罢道创作的原声,胡说罢道,106606299855,胡说罢道,264,,False,,,,,
7615140599020244243,2026-05-10 18:33:29.201595,7615140748891097897,,@漫剪放映厅创作的原声,漫剪放映厅,3273669641258107,漫剪放映厅,134,,False,,,,,
7615144573223963923,2026-05-10 18:33:38.473100,7615145935743503147,,@李大锤同学创作的原声,李大锤同学,104921065995,李大锤同学,311,,False,,,,,
7615145194161294632,2026-05-10 18:33:47.989758,7299488041951821836,,@野原新之助天下第一创作的原声,野原新之助天下第一,52214818190,野原新之助天下第一,1560,,False,,,,,
7615151023098809641,2026-05-10 18:34:04.270812,7615151228381629225,,@榴莲不忘英语创作的原声,榴莲不忘英语,4262176364691796,榴莲不忘英语,334,,False,,,,,
7615153471976688906,2026-05-10 18:34:14.592342,7615153580474911542,,@草民讲电影创作的原声,草民讲电影,76546432106,草民讲电影,426,,False,,,,,
7615154078213036529,2026-05-10 18:34:25.595881,7615153957471537920,,@奉天小东北创作的原声,奉天小东北,60640351351,奉天小东北,34,,False,,,,,
7615154217435621746,2026-05-10 18:34:35.127969,7615154559455578923,,@炎炎的电视剧创作的原声,炎炎的电视剧,3758560234965129,炎炎的电视剧,754,,False,,,,,
7615160400543693914,2026-05-10 18:34:43.334594,7600340484371775534,,@你的茜茜上线啦！创作的原声,你的茜茜上线啦！,4472444156918444,你的茜茜上线啦！,208,,False,,,,,
7615160621604927433,2026-05-10 18:34:56.163594,7615160885211859738,,@搁浅创作的原声,搁浅,98875530033,搁浅,1151,,False,,,,,
7615161291074565210,2026-05-10 18:35:03.295714,7615161321562852137,,@这车我看行创作的原声,这车我看行,427048161517629,这车我看行,210,,False,,,,,
7627930817636879658,2026-05-11 09:43:58.637014,7627930854651628331,,@致篮球创作的原声,致篮球,506220665906908,致篮球,201,,False,,,,,
7615135738488769846,2026-05-10 18:33:05.935402,7615136889070422822,,@野兽国语配音创作的原声,野兽国语配音,51625443497,野兽国语配音,1449,,False,,,,,
7615165707873022888,2026-05-10 18:35:31.395624,7615165824713804580,,@探索兄弟创作的原声,探索兄弟,3232162771381591,探索兄弟,558,,False,,,,,
7615169263850048804,2026-05-10 18:35:42.004228,7615169453000510259,,@格小格爱钓鱼🎣创作的原声,格小格爱钓鱼🎣,81811541368,格小格爱钓鱼🎣,320,,False,,,,,
7615177872927746171,2026-05-10 18:35:47.412170,7615177760557861667,,@吱吱创作的原声,吱吱,1528779851957194,吱吱,353,,False,,,,,
7615178292052108517,2026-05-10 18:35:51.373175,7615178334443539243,,@厂长足球UP创作的原声,厂长足球UP,1666449269855053,厂长足球UP,921,,False,,,,,
7615180683908058402,2026-05-10 18:36:04.656785,7615180752694627081,,@一瞬体育创作的原声,一瞬体育,2613978064776144,一瞬体育,257,,False,,,,,
7615182503275498761,2026-05-10 18:36:16.298580,7615182659937274675,,和平精英,武子弈（五子棋）,95803736069,武子弈（五子棋）,195,,False,,,,,
7615183013999037715,2026-05-10 18:36:26.469642,7615183088468888358,,@漫剪放映厅创作的原声,漫剪放映厅,3273669641258107,漫剪放映厅,120,,False,,,,,
7615184186512592134,2026-05-10 18:36:36.149017,7615184317823585070,,@重庆高端旅游创作的原声,重庆高端旅游,79943702058,重庆高端旅游,76,,False,,,,,
7615184555657514267,2026-05-10 18:36:42.977955,7615184795793951494,,@严枫说剧创作的原声,严枫说剧,4143436435822816,严枫说剧,645,,False,,,,,
7615185537460194611,2026-05-10 18:36:55.253801,7615185572528737034,,Disaster（Phonk）,篮坛拾光,4362508677419927,篮坛拾光,370,,False,,,,,
7627929197108923690,2026-05-11 09:43:56.339449,7627929592879123209,,@基地创作的原声,基地,103699672143,基地,838,,False,,,,,
7615137170907513573,2026-05-10 18:33:09.939102,7615137181429943103,,@胖虎的点茶创作的原声,胖虎的点茶,4129382792966653,胖虎的点茶,234,,False,,,,,
7615109339958791475,2026-05-10 18:32:58.306850,7615109338614745882,,三角洲行动,安澜（三角洲行动）,2258810838459188,安澜（三角洲行动）,135,,False,,,,,
7614865154999733540,2026-05-10 17:46:33.297139,7614866803822463790,,@瑞奇猿TV创作的原声,瑞奇猿TV,750286744598512,瑞奇猿TV,455,,False,,,,,
7614922147345001203,2026-05-10 17:49:02.456953,7614922086619925302,,@养虾户 ACE创作的原声,养虾户 ACE,588939227833854,养虾户 ACE,385,,False,,,,,
7614872290240498994,2026-05-10 17:46:43.434094,7614872632340564799,,@基地创作的原声,基地,103699672143,基地,618,,False,,,,,
7614875669134118190,2026-05-10 17:46:57.987331,7614876054477343542,,@1号唠嗑员创作的原声,1号唠嗑员,71921890504,1号唠嗑员,672,,False,,,,,
7614877393095271013,2026-05-10 17:47:11.133580,7614877368422877995,,@恐龙游乐园（Dion zoo）创作的原声,恐龙游乐园（Dion zoo）,7614847416931730489,恐龙游乐园（Dion zoo）,475,,False,,,,,
7614880326522916131,2026-05-10 17:47:22.344909,7614880478797073198,,@纪时光解说创作的原声,纪时光解说,215157074042091,纪时光解说,231,,False,,,,,
7614884249493064986,2026-05-10 17:47:27.667522,7614884348231158537,,爱丫爱丫,琪妙点唱机,585358480271399,琪妙点唱机,185,,False,,,,,
7614885151826267398,2026-05-10 17:47:37.337478,7614885273129814811,,@社恐牛牛创作的原声,社恐牛牛,64168056380,社恐牛牛,271,,False,,,,,
7614907079090572031,2026-05-10 17:47:52.162576,7614907083738745610,,@爱玩的闷三（露营版）创作的原声,爱玩的闷三（露营版）,97892361811,爱玩的闷三（露营版）,443,,False,,,,,
7614912314386566442,2026-05-10 17:47:59.230863,7614913050713295654,,@一条卷毛君创作的原声,一条卷毛君,1758848814448151,一条卷毛君,563,,False,,,,,
7614913536212421923,2026-05-10 17:48:12.263543,7614914050669300523,,@火土唠历史创作的原声,火土唠历史,2661277684999623,火土唠历史,809,,False,,,,,
7614920818467835145,2026-05-10 17:48:35.034600,7614921030393711406,,@老毛探秘馆创作的原声,老毛探秘馆,68713862290,老毛探秘馆,671,,False,,,,,
7614921230051696827,2026-05-10 17:48:49.575516,7614920960063376168,,@团团动漫创作的原声,团团动漫,1517770671137774,团团动漫,155,,False,,,,,
7614934588082736430,2026-05-10 17:49:17.823400,7614934777065868059,,@北城动漫创作的原声,北城动漫,3292385741911883,北城动漫,349,,False,,,,,
7615094675912936755,2026-05-10 18:32:52.254729,7615094676655196974,,@多喝温水创作的原声,多喝温水,1594738058733644,多喝温水,72,,False,,,,,
7628031325068496182,2026-05-11 09:44:01.276668,7628031501711788846,,@光阈实验室创作的原声,光阈实验室,58645943054,光阈实验室,647,,False,,,,,
7614996347221036315,2026-05-10 17:49:34.463377,7614996558743866158,,@杨铁环创作的原声,杨铁环,80982403325,杨铁环,491,,False,,,,,
7615047783732677809,2026-05-10 17:49:57.788659,7615047726094469923,,@侯绿萝创作的原声,侯绿萝,1204672132025055,侯绿萝,182,,False,,,,,
7615058656707469951,2026-05-10 18:31:14.821939,7615058619326794506,,@小帅探店创作的原声,小帅探店,97527256181,小帅探店,6,,False,,,,,
7615063700684262707,2026-05-10 18:31:23.635802,7615063662260603691,,@游戏狂侃家创作的原声,游戏狂侃家,7560201895198442555,游戏狂侃家,166,,False,,,,,
7615065620242308017,2026-05-10 18:31:40.972411,7615065510234721064,,@姚厂长说车创作的原声,姚厂长说车,4141228237268259,姚厂长说车,108,,False,,,,,
7615069348633333018,2026-05-10 18:32:06.765636,7615069489612671782,,@即录奇妙说创作的原声,即录奇妙说,2560117908442612,即录奇妙说,290,,False,,,,,
7615075812320419411,2026-05-10 18:32:19.217931,7615075774869015334,,@余音live创作的原声,余音live,2933976682737567,余音live,24,,False,,,,,
7615085505151077672,2026-05-10 18:32:30.612033,7615085516446386986,,@狗蛋说影创作的原声,狗蛋说影,1394633513909788,狗蛋说影,648,,False,,,,,
7615086011575680869,2026-05-10 18:32:36.446080,7636990916783377178,,直播间带货榜,暗黑破坏神,2288552739081488,暗黑破坏神,30,,False,,,,,
7615092888829021446,2026-05-10 18:32:42.528527,7615093170468145962,,Sugar on My Tongue (老钱风卡点版),Mia的追风车库,2849542110712811,Mia的追风车库,585,,False,,,,,
7614481069462539561,2026-05-10 17:34:17.675494,7614481774348913434,,Messy (From F1® The Movie),袁启俊,111089828990,袁启俊,946,,False,,,,,
7614474975039409289,2026-05-10 17:33:48.747022,7614474948051995430,,@卢卡卢卡创作的原声,卢卡卢卡,3737956346248280,卢卡卢卡,42,,False,,,,,
7615190939766581928,2026-05-10 18:37:09.269604,7615191077171039027,,We Don't Talk Anymore,星球视界,93953032659,星球视界,799,,False,,,,,
7628102244734438671,2026-05-11 09:44:42.348027,7628102555368753926,,@影子刑侦录创作的原声,影子刑侦录,58792829478,影子刑侦录,920,,False,,,,,
7614046780757462287,2026-05-10 17:17:29.136868,7614047154264476425,,@豌豆看世界创作的原声,豌豆看世界,1643108878518265,豌豆看世界,1226,,False,,,,,
7614049052469150969,2026-05-10 17:17:45.056342,7614049380353559359,,@懒羊羊的房车生活创作的原声,懒羊羊的房车生活,59757789136,懒羊羊的房车生活,792,,False,,,,,
7614050941973437169,2026-05-10 17:17:59.678475,7614050966719007514,,@吉吉国王创作的原声,吉吉国王,63709763829,吉吉国王,276,,False,,,,,
7614051080132889866,2026-05-10 17:18:07.008622,7614051107565734692,,WHOOO,动漫安利局,3634312509659018,动漫安利局,311,,False,,,,,
7614053350010588425,2026-05-10 17:18:19.530766,7614053543942638355,,@影视飓风创作的原声,影视飓风,105525949232,影视飓风,763,,False,,,,,
7628102797761760538,2026-05-11 09:44:49.549392,7628103061029800723,,真心的鸽子,探索奇趣,1414415229921540,探索奇趣,1107,,False,,,,,
7614061559601523369,2026-05-10 17:18:28.644513,7614061465741314867,,@爱画画的子墨创作的原声,爱画画的子墨,101177750018,爱画画的子墨,19,,False,,,,,
7614065600922389786,2026-05-10 17:18:39.252173,7614065764395486015,,@红楼食记创作的原声,红楼食记,1845453186138368,红楼食记,368,,False,,,,,
7614069627554925866,2026-05-10 17:18:55.860370,7614069974352579374,,@杯弓舌影创作的原声,杯弓舌影,2122491666632176,杯弓舌影,442,,False,,,,,
7614073336296967478,2026-05-10 17:19:06.735096,7614073412717169414,,@泡芙情报局创作的原声,泡芙情报局,7544970342332220440,泡芙情报局,23,,False,,,,,
7614073523299962146,2026-05-10 17:19:18.292737,7614073647245970239,,@力挽狂篮创作的原声,力挽狂篮,3545245563228589,力挽狂篮,231,,False,,,,,
7614075244273208591,2026-05-10 17:19:42.550217,7614075394913291058,,@镜尘篮球创作的原声,镜尘篮球,3683801326957248,镜尘篮球,417,,False,,,,,
7614042905082170624,2026-05-10 17:16:54.585915,7614042983150799662,,@万相声创作的原声,万相声,4222551212964779,万相声,147,,False,,,,,
7614079074364919103,2026-05-10 17:19:49.777674,7614079282155031322,,@豫卿文创作的原声,豫卿文,652426116596496,豫卿文,469,,False,,,,,
7614081389729713435,2026-05-10 17:20:02.323310,7614081864881883930,,@谢师（必吃榜ing创作的原声,谢师（必吃榜ing,4435873729611747,谢师（必吃榜ing,680,,False,,,,,
7614081987866938676,2026-05-10 17:20:34.356074,7614082373336025882,,@逗米说影剧创作的原声,逗米说影剧,61718708840,逗米说影剧,684,,False,,,,,
7614082705227091234,2026-05-10 17:20:49.951757,7614082761321761587,,@逸方体育创作的原声,逸方体育,3729197421568632,逸方体育,166,,False,,,,,
7614085346636172578,2026-05-10 17:21:03.359807,7614085644595677994,,@豆豆的奇趣日记创作的原声,豆豆的奇趣日记,77407378739323,豆豆的奇趣日记,836,,False,,,,,
7614090733271796998,2026-05-10 17:21:16.771267,7614360081638935323,,@君子探案创作的原声,君子探案,1557367439230164,君子探案,560,,False,,,,,
7628100705559072027,2026-05-11 09:44:39.954702,7628165582302612262,,@鹿眸动漫创作的原声,鹿眸动漫,2819579027918908,鹿眸动漫,389,,False,,,,,
7614096347142098191,2026-05-10 17:21:25.571777,7614096650865822505,,@宇宙爆米花创作的原声,宇宙爆米花,3660750486245207,宇宙爆米花,639,,False,,,,,
7614096406973893924,2026-05-10 17:21:41.847188,7614096936522222362,,Stupid Idea,远方青木,171135065926163,远方青木,995,,False,,,,,
7614097703300018341,2026-05-10 17:21:49.413925,7614097530778897152,,@缺牙奇奇🍪创作的原声,缺牙奇奇🍪,418239355038536,缺牙奇奇🍪,181,,False,,,,,
7614099569151937792,2026-05-10 17:22:05.233342,7614099929153178406,,Troublemaker,荒野奇纪,1693714268563288,荒野奇纪,780,,False,,,,,
7614043908808428841,2026-05-10 17:17:11.152093,7614044028015086387,,@经典篮球之家创作的原声,经典篮球之家,95687757524,经典篮球之家,111,,False,,,,,
7614037888816270626,2026-05-10 17:16:35.129858,7614037925851876115,,@米尼麦泥轰创作的原声,米尼麦泥轰,3021906457401827,米尼麦泥轰,174,,False,,,,,
7614102850578255110,2026-05-10 17:22:37.864288,7614103142285380402,,@秉烛漫说创作的原声,秉烛漫说,3002108971857579,秉烛漫说,206,,False,,,,,
7613986673973546278,2026-05-10 17:13:24.240221,7613986659482356490,,@东北孩子回家吃饭创作的原声,东北孩子回家吃饭,2049909330284408,东北孩子回家吃饭,26,,False,,,,,
7613937592368026790,2026-05-10 17:10:51.650956,7613937529003232042,,@体坛传说创作的原声,体坛传说,96607093015,体坛传说,328,,False,,,,,
7613941120212454691,2026-05-10 17:11:03.599458,7613941415491423019,,Evil(暗黑Phonk),动物百科老七,1229720589697737,动物百科老七,870,,False,,,,,
7613950936579145465,2026-05-10 17:11:16.728711,7613950919747095350,,@এ᭄清🍃ོ欢ꦿ渡ృ༊ ᥫꪫᐝ创作的原声,এ᭄清🍃ོ欢ꦿ渡ృ༊ ᥫꪫᐝ,69438567963,এ᭄清🍃ོ欢ꦿ渡ృ༊ ᥫꪫᐝ,534,,False,,,,,
7613959156197772563,2026-05-10 17:11:32.747010,7613959285671774986,,@动漫裁决官（冲百万）创作的原声,动漫裁决官（冲百万）,2921856990453865,动漫裁决官（冲百万）,138,,False,,,,,
7613970360794700203,2026-05-10 17:11:45.908269,7613970375055297330,,这是什么操作,花姐爱美食,64064283881,花姐爱美食,140,,False,,,,,
7613979459326289259,2026-05-10 17:12:15.834576,7613979426117847858,,@C.22rc💫创作的原声,C.22rc💫,104947255612,C.22rc💫,115,,False,,,,,
7613980078476774698,2026-05-10 17:12:25.776014,7613980357570530099,,@小梨同学DrEV创作的原声,小梨同学DrEV,97649010388,小梨同学DrEV,340,,False,,,,,
7613981321911684379,2026-05-10 17:12:30.215575,7613981493308017454,,@Apex临界点创作的原声,Apex临界点,7413191844886316092,Apex临界点,521,,False,,,,,
7613982265282823370,2026-05-10 17:12:42.167597,7613982229710031643,,@两只年糕oᴗoಣ创作的原声,两只年糕oᴗoಣ,1216472636987448,两只年糕oᴗoಣ,139,,False,,,,,
7613982574918012203,2026-05-10 17:12:59.889949,7613982736571026219,,@南城旧史创作的原声,南城旧史,7538773966929740858,南城旧史,321,,False,,,,,
7613983582281640639,2026-05-10 17:13:12.548296,7613983613824011058,,@户外探索摄影师阿发创作的原声,户外探索摄影师阿发,732755268996195,户外探索摄影师阿发,335,,False,,,,,
7613987707710606217,2026-05-10 17:13:36.647865,7613987686331829042,,@疯狂动物园创作的原声,疯狂动物园,2927349167301568,疯狂动物园,150,,False,,,,,
7614033149328244337,2026-05-10 17:16:06.764090,7614033248034392895,,可爱小孩,橘子公主,4494448628080048,橘子公主,662,,False,,,,,
7613989601393490331,2026-05-10 17:13:44.003383,7613989797129816883,,@小蒲同学创作的原声,小蒲同学,37800709986883,小蒲同学,499,,False,,,,,
7613994272697716020,2026-05-10 17:13:56.636321,7613994361449122611,,I'm not quite sure,未来动漫,1989452013507436,未来动漫,235,,False,,,,,
7614000438341356834,2026-05-10 17:14:00.930530,7614000510974053146,,"Der Ralph Siegel ""Stereoact"" Hitmix 2020",小软iris,76579171946,小软iris,259,,False,,,,,
7614001267475565875,2026-05-10 17:14:05.151586,7614001362589862698,,@野趣生灵创作的原声,野趣生灵,109350402903,野趣生灵,299,,False,,,,,
7614003995287309568,2026-05-10 17:14:18.184835,7614004205153504041,,@窝滴鬼鬼创作的原声,窝滴鬼鬼,69800180013,窝滴鬼鬼,158,,False,,,,,
7614010824085112527,2026-05-10 17:14:35.181098,7614010798675299122,,@探险男孩在旅行（个人号）创作的原声,探险男孩在旅行（个人号）,2717588051469870,探险男孩在旅行（个人号）,174,,False,,,,,
7614013297335045422,2026-05-10 17:14:50.669174,7614013347813444415,,@聚宝鹏创作的原声,聚宝鹏,84856040888,聚宝鹏,241,,False,,,,,
7614017604756454841,2026-05-10 17:15:08.944463,7614017469732162304,,Dear D（亲爱的告诉你）,猫猫,7532540436138263610,猫猫,383,,False,,,,,
7614018418856987944,2026-05-10 17:15:20.995529,7614018559202659135,,@老周叭叭叭创作的原声,老周叭叭叭,1018621637174620,老周叭叭叭,569,,False,,,,,
7614020063171054867,2026-05-10 17:15:37.871543,7614020984617650982,,Just Friends,六斤Libra,110222466413,六斤Libra,842,,False,,,,,
7614022015325949230,2026-05-10 17:15:47.703048,7596417376875268883,,直播间带货榜,船长MC,4443566988071547,船长MC,596,,False,,,,,
7614102356623445288,2026-05-10 17:22:24.560749,7614102785402948415,,@海尔周云杰创作的原声,海尔周云杰,1335273892090336,海尔周云杰,953,,False,,,,,
7614103709500345634,2026-05-10 17:22:48.039654,7614103862995192619,,Manasha,真香动漫解说,2946317122273679,真香动漫解说,288,,False,,,,,
7614473349909900907,2026-05-10 17:33:23.270846,7614473282797521710,,@金金和彤彤创作的原声,金金和彤彤,3316578333492350,金金和彤彤,84,,False,,,,,
7614441635979513097,2026-05-10 17:30:47.131346,7614442184544422692,,@老马哄睡宇宙创作的原声,老马哄睡宇宙,3536487459069031,老马哄睡宇宙,1362,,False,,,,,
7614403217866149126,2026-05-10 17:29:04.277118,7614403539925797678,,A Moment Apart,游戏小说家,101721056071,游戏小说家,568,,False,,,,,
7614409425726892155,2026-05-10 17:29:25.768276,7614409328354806580,,@探长地球说创作的原声,探长地球说,3153045023632712,探长地球说,280,,False,,,,,
7614418378542845234,2026-05-10 17:29:33.734547,7614419008867093302,,300 Violin Orchestra,向前看球,572174943393944,向前看球,759,,False,,,,,
7614430489247517978,2026-05-10 17:29:47.560803,7614430781234006825,,@AIGC_歪歪丶创作的原声,AIGC_歪歪丶,7592113625695814693,AIGC_歪歪丶,893,,False,,,,,
7614431225654086952,2026-05-10 17:29:57.253002,7555449132790317119,,@游戏解说员阿秋创作的原声,游戏解说员阿秋,105454852362,游戏解说员阿秋,180,,False,,,,,
7614431263780951470,2026-05-10 17:30:08.304147,7614431250236984091,,Off The Hook,张子奕,93167948127,张子奕,344,,False,,,,,
7614432859713047849,2026-05-10 17:30:13.398603,7614433091637070642,,@麟宣森创作的原声,麟宣森,3144228695446140,麟宣森,214,,False,,,,,
7614433165470223266,2026-05-10 17:30:17.014732,7614433095516769030,,三角洲行动,孤屿💠(三角洲行动),2564484587074667,孤屿💠(三角洲行动),107,,False,,,,,
7614436496161918251,2026-05-10 17:30:31.202515,7614436889147755291,,@埃及南希创作的原声,埃及南希,71966950226,埃及南希,571,,False,,,,,
7614436522808380672,2026-05-10 17:30:36.084537,7614590265919114026,,@青叶动漫创作的原声,青叶动漫,53250535754,青叶动漫,1017,,False,,,,,
7614437837072534784,2026-05-10 17:30:43.451091,7614437900448451355,,@即闻探世界创作的原声,即闻探世界,3444095714603661,即闻探世界,185,,False,,,,,
7614442264005214185,2026-05-10 17:30:50.712762,7614442293607762715,,@仙境贾导创作的原声,仙境贾导,100233296909,仙境贾导,417,,False,,,,,
7614386233308934890,2026-05-10 17:28:29.237210,7614386161657662249,,@磊磊幺八零（摆摊创业）创作的原声,磊磊幺八零（摆摊创业）,65246926473,磊磊幺八零（摆摊创业）,61,,False,,,,,
7614444090356223272,2026-05-10 17:31:08.364911,7614444427276323622,,@华夏名人馆创作的原声,华夏名人馆,756072261368823,华夏名人馆,896,,False,,,,,
7614446461912108340,2026-05-10 17:31:17.831761,7614446564915940142,,@走近嗑学创作的原声,走近嗑学,78775342078512,走近嗑学,230,,False,,,,,
7614446862703070490,2026-05-10 17:31:35.878607,7614446949510089523,,@马老师数学研究创作的原声,马老师数学研究,1936666930452023,马老师数学研究,280,,False,,,,,
7614447502250878272,2026-05-10 17:31:48.078700,7614447568868608777,,@爱钓鱼的千逐创作的原声,爱钓鱼的千逐,4048819941560333,爱钓鱼的千逐,177,,False,,,,,
7614450609379625137,2026-05-10 17:32:05.732091,7614450485113735951,,地狱把妹王,路尧🥑,1449588477658995,路尧🥑,60,,False,,,,,
7614450648490727010,2026-05-10 17:32:18.433284,7614450610099751689,,@慕慕说剧创作的原声,慕慕说剧,7565367076275127333,慕慕说剧,254,,False,,,,,
7614452082413817115,2026-05-10 17:32:33.463756,7614452057772722980,,@复交浙研学营创作的原声,复交浙研学营,757983778706378,复交浙研学营,47,,False,,,,,
7614452929700859178,2026-05-10 17:32:40.397698,7616682586743540522,,鼻血ブー,里由,2078546460425896,里由,1275,,False,,,,,
7614464747940875535,2026-05-10 17:32:54.871660,7614464885904460554,,@漫评人小Y创作的原声,漫评人小Y,2643699084319086,漫评人小Y,255,,False,,,,,
7614467297915739558,2026-05-10 17:33:05.737468,7614467266893187866,,@觅林姐妹创作的原声,觅林姐妹,1742087306875952,觅林姐妹,183,,False,,,,,
7614467443469110580,2026-05-10 17:33:10.767508,7614468339545148170,,@烛光探影创作的原声,烛光探影,282989217986410,烛光探影,1646,,False,,,,,
7614393540684156206,2026-05-10 17:28:39.755696,7614393546472246054,,@ToSun记者团创作的原声,ToSun记者团,3993078687864861,ToSun记者团,206,,False,,,,,
7614386017851888227,2026-05-10 17:28:26.508457,7604111094002862884,,Nevada,白梦茸my,108290536124,白梦茸my,41,,False,,,,,
7614107201946324278,2026-05-10 17:23:04.302770,7614107523289205567,,@青舟影视创作的原声,青舟影视,107906954692,青舟影视,238,,False,,,,,
7614142531982429474,2026-05-10 17:25:00.042933,7614142664019495707,,@达爆影视创作的原声,达爆影视,1012012392142637,达爆影视,496,,False,,,,,
7614107367173993445,2026-05-10 17:23:19.124672,7603255919597701898,,REVENGE - Super Slowed,GGWVP 🎶,1345403552019799,GGWVP 🎶,41,,False,,,,,
7614108108792854259,2026-05-10 17:23:32.278454,7604434693655694126,,早知道是梦一场,用户,62531514367,用户,33,,False,,,,,
7614110040382868763,2026-05-10 17:23:42.564984,7614110929752017690,,@野人少女创作的原声,野人少女,93470778537,野人少女,1963,,False,,,,,
7614111179862501602,2026-05-10 17:23:49.481465,7614111151957363466,,@宇宙黑暗无敌暴龙皇帝创作的原声,宇宙黑暗无敌暴龙皇帝,3312197713009869,宇宙黑暗无敌暴龙皇帝,27,,False,,,,,
7614114152605058666,2026-05-10 17:23:56.421925,7614114499137800970,,@李明灯创作的原声,李明灯,3336374154706372,李明灯,1296,,False,,,,,
7614115457397705984,2026-05-10 17:24:10.544789,7614115552185223990,,@艺燃动漫社创作的原声,艺燃动漫社,1980662937317664,艺燃动漫社,187,,False,,,,,
7614118384406652411,2026-05-10 17:24:16.556659,7614118563233221385,,@探海渔人创作的原声,探海渔人,63334565714,探海渔人,575,,False,,,,,
7614129698109796710,2026-05-10 17:24:20.703162,7614129671651314470,,@你瞧又画饼了创作的原声,你瞧又画饼了,7603545227924276282,你瞧又画饼了,20,,False,,,,,
7628093020415528218,2026-05-11 09:44:32.463024,7628093042844306195,,蛋仔派对,菜乐,218158148631130,菜乐,191,,False,,,,,
7614135061222280457,2026-05-10 17:24:28.346455,7614135184568814342,,@舒先生的欧门（无畏契约）创作的原声,舒先生的欧门（无畏契约）,1944369764249852,舒先生的欧门（无畏契约）,130,,False,,,,,
7614135074027875455,2026-05-10 17:24:32.038025,7614135009426901769,,@予依木兰创作的原声,予依木兰,3787133456249448,予依木兰,13,,False,,,,,
7614147200709322118,2026-05-10 17:25:14.148473,7614146979484027699,,@贝勒璇创作的原声,贝勒璇,86188346842996,贝勒璇,169,,False,,,,,
7614373137706143026,2026-05-10 17:28:16.072721,7582155694309113896,,渔舟晿晚_天气预报主题曲,神奇当行在哪里,1106526998380187,神奇当行在哪里,830,,False,,,,,
7614158976423076325,2026-05-10 17:25:28.975734,7614158955773823778,,同频才能共鸣,微缸造物,76085500832,微缸造物,309,,False,,,,,
7614159940780821810,2026-05-10 17:25:38.756034,7614160854925249326,,咏春（DJ降调版）,一根糖糖🍬,178560531970612,一根糖糖🍬,1427,,False,,,,,
7614233288249593018,2026-05-10 17:26:07.249816,7614232058751093519,,@百万粉丝龙哥创作的原声,百万粉丝龙哥,1344062700128057,百万粉丝龙哥,1031,,False,,,,,
7614236544957713670,2026-05-10 17:26:11.412958,7636990916783377178,,直播间带货榜,暗黑破坏神,2288552739081488,暗黑破坏神,30,,False,,,,,
7614320000035455651,2026-05-10 17:26:17.356320,7614320038442552115,,@大炮辉创作的原声,大炮辉,4030678436925,大炮辉,351,,False,,,,,
7614327398557789422,2026-05-10 17:26:32.656033,7614327555088255763,,@时肆创作的原声,时肆,2867119795223726,时肆,1846,,False,,,,,
7614344811746807092,2026-05-10 17:27:05.174224,7614344877391825702,,@李小冷不冷创作的原声,李小冷不冷,74750013270,李小冷不冷,590,,False,,,,,
7614353102670930515,2026-05-10 17:27:21.331344,7614353257255095090,,Jump!,陇海线行者,2041133917811023,陇海线行者,717,,False,,,,,
7614356506611305755,2026-05-10 17:27:37.978090,7614356703777180422,,@茭白柒创作的原声,茭白柒,1829180344107808,茭白柒,524,,False,,,,,
7614366205234662707,2026-05-10 17:27:46.886242,7614367152694692662,,故事的开头即为结局,十三要和拳头,63916544040,十三要和拳头,1988,,False,,,,,
7614367467237952803,2026-05-10 17:28:01.596894,7614367539413469990,,@中国·美食记创作的原声,中国·美食记,2454577833323883,中国·美食记,143,,False,,,,,
7615189051318587385,2026-05-10 18:37:05.609244,7615189090828929855,,@厦门小威创作的原声,厦门小威,3976265929073964,厦门小威,621,,False,,,,,
7615191654185585970,2026-05-10 18:37:25.545240,7615193023856593705,,一起走过的日子,极致发烧家,2131270978779675,极致发烧家,168,,False,,,,,
7616353359306652069,2026-05-10 19:20:19.360143,7368638915642654746,,午夜怨曲（DJ小旭 Remix）,DJ悦律,7558318095028634684,DJ悦律,1656,,False,,,,,
7615992895502380145,2026-05-10 19:06:41.354051,7615992827972979508,,Call You T,饺子WTF,2518346399230276,饺子WTF,248,,False,,,,,
7615963088210144347,2026-05-10 19:05:15.756496,7615963156384369435,,PASSO FUNK（DJ压迫感）,小白体育菌,71999633864,小白体育菌,435,,False,,,,,
7627827220685393152,2026-05-11 09:42:16.042005,7627827422129359662,,@不八卦会死星人创作的原声,不八卦会死星人,3205795685082046,不八卦会死星人,592,,False,,,,,
7627824401820754304,2026-05-11 09:42:13.456256,7627824349029976841,,@傲娇呆萌云汐汐创作的原声,傲娇呆萌云汐汐,3114281011787415,傲娇呆萌云汐汐,90,,False,,,,,
7615972494008143114,2026-05-10 19:05:34.024108,7615972849719053066,,@陈龙科普创作的原声,陈龙科普,4163189782618772,陈龙科普,729,,False,,,,,
7615977217759388507,2026-05-10 19:05:41.663094,7615977325595364138,,@Selene饰品创作的原声,Selene饰品,3584869219704615,Selene饰品,452,,False,,,,,
7615978659018476819,2026-05-10 19:05:49.373849,7615978900954352393,,@介么追漫创作的原声,介么追漫,1170313228601710,介么追漫,289,,False,,,,,
7615981779710774578,2026-05-10 19:06:01.277103,7615981937345268489,,@江湖老饕创作的原声,江湖老饕,2657967125823820,江湖老饕,453,,False,,,,,
7615983050916154624,2026-05-10 19:06:06.984360,7615983157581548351,,@小满漫谈创作的原声,小满漫谈,256619504477784,小满漫谈,227,,False,,,,,
7615983563552682169,2026-05-10 19:06:17.713631,7318668091532036915,,Everywhere We Go,旺角cut門,4444655777745340,旺角cut門,38,,False,,,,,
7615990066342546714,2026-05-10 19:06:29.980415,7615990420502924038,,@五五开动漫创作的原声,五五开动漫,103950443655,五五开动漫,1198,,False,,,,,
7615990308391661497,2026-05-10 19:06:37.656869,7615990287723858688,,@大眼吃遍天创作的原声,大眼吃遍天,100049467637,大眼吃遍天,1052,,False,,,,,
7615999979555859621,2026-05-10 19:06:54.417807,7615999934248192808,,@甄知棒创作的原声,甄知棒,4453497454202109,甄知棒,988,,False,,,,,
7615960301556616484,2026-05-10 19:04:48.177734,7615960591169112883,,@阿木乐行记创作的原声,阿木乐行记,7582872870130353211,阿木乐行记,250,,False,,,,,
7616000426474884367,2026-05-10 19:07:21.547918,7616000834702215979,,We Don't Talk Anymore(地球脉动),听见万物,7544923214066336825,听见万物,1045,,False,,,,,
7616017014582201619,2026-05-10 19:07:37.839153,7616017416008518441,,@睡与深空（每日助眠）创作的原声,睡与深空（每日助眠）,1465016975110660,睡与深空（每日助眠）,924,,False,,,,,
7616019767895670186,2026-05-10 19:07:54.003993,7616019727743290150,,Circling Hearts,阿梓柏的红松林,95812481405,阿梓柏的红松林,245,,False,,,,,
7627823292346436916,2026-05-11 09:42:05.223948,7627823326538648339,,@历史那点食儿创作的原声,历史那点食儿,7589583524266935353,历史那点食儿,243,,False,,,,,
7616066108140312825,2026-05-10 19:08:21.386283,7616065944062118662,,咏春〈dj板〉（简单就好……！ Remix）,DJ阿智,3945500984217643,DJ阿智,92,,False,,,,,
7616076057787608694,2026-05-10 19:08:35.013935,7616076362868542271,,@晚安放映机创作的原声,晚安放映机,3335256057846755,晚安放映机,434,,False,,,,,
7616077733822614810,2026-05-10 19:08:53.978370,7616077836138449710,,@王一然创作的原声,王一然,3649972504633668,王一然,147,,False,,,,,
7627822706527898914,2026-05-11 09:41:51.852979,7627822782289660723,,@星禾影视创作的原声,星禾影视,3030673371961854,星禾影视,488,,False,,,,,
7616142012441431330,2026-05-10 19:09:13.148139,7616142327198862118,,@野生芫荽（辣条）创作的原声,野生芫荽（辣条）,4248946068426391,野生芫荽（辣条）,902,,False,,,,,
7616155302053248612,2026-05-10 19:09:25.118971,7616155232891947786,,@女足马德李创作的原声,女足马德李,71160232152,女足马德李,30,,False,,,,,
7616160289180830059,2026-05-10 19:09:33.352092,7616160207630060315,,@荒野阿正创作的原声,荒野阿正,545774031875278,荒野阿正,654,,False,,,,,
7615961776320661413,2026-05-10 19:05:00.037640,7604700260522265344,,肉麻的调调你不会知道,͏͏余音,4075230629994346,͏͏余音,25,,False,,,,,
7615955802096028928,2026-05-10 19:04:35.842687,7615955881322105646,,@遨游四海一看世界创作的原声,遨游四海一看世界,61714625693,遨游四海一看世界,202,,False,,,,,
7616176799566908718,2026-05-10 19:09:56.405537,7616177158014094131,,@张大神美食创作的原声,张大神美食,431426843444839,张大神美食,1160,,False,,,,,
7615944320817892627,2026-05-10 19:02:18.158103,7615944631401859850,,@松松撩车创作的原声,松松撩车,204985271067851,松松撩车,182,,False,,,,,
7615931360460524826,2026-05-10 18:59:38.519898,7615931553813711643,,AMANI - Live in Hong Kong / 1991,言域,3645617380001150,言域,489,,False,,,,,
7615931774903880975,2026-05-10 18:59:51.473236,7615931931055246089,,@下饭动漫馆创作的原声,下饭动漫馆,4355597451143372,下饭动漫馆,183,,False,,,,,
7615932861346709386,2026-05-10 19:00:03.723049,7615932843893574427,,遗憾的旋律（RINXML Remix）,笑笑易,7614130576409019441,笑笑易,115,,False,,,,,
7615934748313062696,2026-05-10 19:00:22.865121,7615934896082979610,,认真的雪,歌坛猫仔队,2513904273470668,歌坛猫仔队,379,,False,,,,,
7615935612352286006,2026-05-10 19:00:40.179137,7615935984315812635,,@耶拍车创作的原声,耶拍车,624128528488861,耶拍车,835,,False,,,,,
7615936203959046095,2026-05-10 19:00:54.299996,7615936157781510922,,@三角猫（盼宝电竞）创作的原声,三角猫（盼宝电竞）,4429252667120512,三角猫（盼宝电竞）,74,,False,,,,,
7615937081646272185,2026-05-10 19:01:14.956435,7615937064323926827,,3：30PM,惠惠很会,1578215679113,惠惠很会,158,,False,,,,,
7615937943294790931,2026-05-10 19:01:25.615654,7615938161901996850,,@小奶狗观影创作的原声,小奶狗观影,4341318107799123,小奶狗观影,280,,False,,,,,
7615939495212485915,2026-05-10 19:01:40.781704,7615939597855492900,,@徐轻舟创作的原声,徐轻舟,721743953532260,徐轻舟,314,,False,,,,,
7615941173319863592,2026-05-10 19:01:56.702316,7615941241724734249,,@中国·地域美食创作的原声,中国·地域美食,864662958387500,中国·地域美食,153,,False,,,,,
7615943767853518120,2026-05-10 19:02:12.858238,7615943851450174218,,Rubber Ducky,BiBi萌宠之家,872369422337385,BiBi萌宠之家,556,,False,,,,,
7615944370601462129,2026-05-10 19:02:23.553946,7615944410924092202,,@昌大人探影创作的原声,昌大人探影,4283291223995355,昌大人探影,856,,False,,,,,
7615955237022903281,2026-05-10 19:04:31.380020,7615955378295475007,,弱水三千,炽辰,1700278199659076,炽辰,2173,,False,,,,,
7615944933714808083,2026-05-10 19:02:29.566822,7615945248522423049,,@粤知一二创作的原声,粤知一二,100669930707,粤知一二,400,,False,,,,,
7615945819934073728,2026-05-10 19:02:41.543671,7615945838585514803,,@我是张小吹创作的原声,我是张小吹,1591726221302269,我是张小吹,356,,False,,,,,
7615945923591474438,2026-05-10 19:02:53.063774,7616008652822137626,,@科技宅小明创作的原声,科技宅小明,1877586735807304,科技宅小明,313,,False,,,,,
7615947281694477614,2026-05-10 19:03:09.128842,7615947367698909979,,Lifeline,阿宝是弟弟,1841025338321498,阿宝是弟弟,273,,False,,,,,
7615947320018786021,2026-05-10 19:03:18.094681,7615947236207381289,,@小周饿胖了创作的原声,小周饿胖了,2805546488961997,小周饿胖了,219,,False,,,,,
7615948483731705114,2026-05-10 19:03:27.675356,7615948684395760425,,@悟空说剧创作的原声,悟空说剧,2472161783580884,悟空说剧,458,,False,,,,,
7615949665690750234,2026-05-10 19:03:31.880338,7615949764680600374,,@锐评舌尖事创作的原声,锐评舌尖事,2949350615683387,锐评舌尖事,229,,False,,,,,
7615950752439160100,2026-05-10 19:03:42.267889,7615951225767201536,,@耀阳环球旅行创作的原声,耀阳环球旅行,7537680686586709050,耀阳环球旅行,2823,,False,,,,,
7615951090609603426,2026-05-10 19:03:58.692542,7615951199308745508,,@阿拉fifi创作的原声,阿拉fifi,3518047873402047,阿拉fifi,446,,False,,,,,
7615954278267605414,2026-05-10 19:04:12.933441,7615954255589264166,,@君乐轩钢琴乔老师创作的原声,君乐轩钢琴乔老师,2957066505821124,君乐轩钢琴乔老师,24,,False,,,,,
7615954730807823631,2026-05-10 19:04:19.505297,7616046901825325850,,@张凑凑讲电影创作的原声,张凑凑讲电影,2120290872076504,张凑凑讲电影,1388,,False,,,,,
7616161608330902522,2026-05-10 19:09:45.386368,7616191816890616585,,@YY创作的原声,YY,72282226286,YY,206,,False,,,,,
7616180697203526946,2026-05-10 19:10:07.245803,7616180787398216458,,@镜尘篮球创作的原声,镜尘篮球,3683801326957248,镜尘篮球,327,,False,,,,,
7615927319202401562,2026-05-10 18:59:19.784433,7615665122949843766,,@吃货小伟创作的原声,吃货小伟,72998477053,吃货小伟,604,,False,,,,,
7616316082793549106,2026-05-10 19:17:37.897895,7616316169850506025,,@技术爬爬虾创作的原声,技术爬爬虾,99840012512,技术爬爬虾,424,,False,,,,,
7616286429458527827,2026-05-10 19:15:47.274250,7616286464405506866,,三角洲行动,大宝小老弟(三角洲行动),7439662044653208634,大宝小老弟(三角洲行动),462,,False,,,,,
7616287673749114150,2026-05-10 19:15:52.177730,7616288152763861802,,@晓涵哥来了创作的原声,晓涵哥来了,92220771675,晓涵哥来了,1573,,False,,,,,
7616289971109384611,2026-05-10 19:16:09.033230,7616289962979281673,,@北方养龟人创作的原声,北方养龟人,828375600992794,北方养龟人,25,,False,,,,,
7616294556736179475,2026-05-10 19:16:23.543212,7616295015924386601,,@轻语说创作的原声,轻语说,79213951637,轻语说,1148,,False,,,,,
7616295437066307761,2026-05-10 19:16:32.517593,7616295428518169398,,@听风漫馆创作的原声,听风漫馆,215928050028804,听风漫馆,97,,False,,,,,
7616299925638368553,2026-05-10 19:16:41.154768,7523149139224297518,,弱水三千（爱的桥段叫我怎么写）,漫剪放映厅,3273669641258107,漫剪放映厅,164,,False,,,,,
7616303903574969651,2026-05-10 19:16:56.987241,7616303872725895974,,@星晴动漫解说创作的原声,星晴动漫解说,4455664119461299,星晴动漫解说,151,,False,,,,,
7616310297799789874,2026-05-10 19:17:04.724029,7616310447083817769,,@拳击解说家创作的原声,拳击解说家,4095051813366203,拳击解说家,431,,False,,,,,
7616312657909386496,2026-05-10 19:17:15.230562,7616313131069164298,,@馆长动漫创作的原声,馆长动漫,3430131570061400,馆长动漫,1070,,False,,,,,
7616312785388300465,2026-05-10 19:17:20.274728,7616312700104215334,,@小妖精刘诗凡创作的原声,小妖精刘诗凡,4494428809464823,小妖精刘诗凡,169,,False,,,,,
7616315957388053775,2026-05-10 19:17:31.521918,7616316619888790324,,敞开心扉,SCOTT斯尬,1294541673995911,SCOTT斯尬,1897,,False,,,,,
7616316132252847395,2026-05-10 19:17:41.582910,7616561242051889946,,Toxic Beat,电竞匹夫,2860253078100112,电竞匹夫,256,,False,,,,,
7616280235599793458,2026-05-10 19:15:15.112474,7616280332005886783,,关中王进行曲（大明战歌）,鲲述史,4153322460956442,鲲述史,263,,False,,,,,
7616316334200081704,2026-05-10 19:17:46.398145,7616316454853561115,,@晚风听曲创作的原声,晚风听曲,132389393404164,晚风听曲,443,,False,,,,,
7616319602435444031,2026-05-10 19:17:55.589122,7616319808103025418,,@白梦动漫创作的原声,白梦动漫,3502393890710058,白梦动漫,236,,False,,,,,
7616319831331114240,2026-05-10 19:18:00.092741,7616320009198996265,,@千年食记创作的原声,千年食记,1347331551135595,千年食记,394,,False,,,,,
7616320110978010408,2026-05-10 19:18:09.818738,7616320184932076338,,AMANI - Live in Hong Kong / 1991,崔崔教唱歌,2265431918251711,崔崔教唱歌,455,,False,,,,,
7616320377346958821,2026-05-10 19:18:22.239673,7616320615124880178,,第五人格,鹤唳,2475709936971900,鹤唳,521,,False,,,,,
7616320759145795505,2026-05-10 19:18:38.531438,7616320760218438436,,压迫感神曲,花鸟鱼宠鹏,72727318660,花鸟鱼宠鹏,273,,False,,,,,
7616327307577396514,2026-05-10 19:18:56.633056,7616327388544125702,,@金枪生意经创作的原声,金枪生意经,60722578829,金枪生意经,665,,False,,,,,
7616328448948047146,2026-05-10 19:19:02.575560,7616328850057726739,,@老k影视创作的原声,老k影视,7572370646152561722,老k影视,650,,False,,,,,
7616329006098533638,2026-05-10 19:19:14.769051,7616329520894724907,,Rằng Em Mãi Ở Bên (Instrumental),嵩祺探长,93151384288,嵩祺探长,1748,,False,,,,,
7616343615442324751,2026-05-10 19:19:52.905532,7616343816760560411,,@加特杨车库创作的原声,加特杨车库,1891620841597128,加特杨车库,381,,False,,,,,
7616346478805601577,2026-05-10 19:20:06.118212,7616346640940682010,,三角洲行动,酸魔（三角洲行动）,3101081776959837,酸魔（三角洲行动）,76,,False,,,,,
7616285672597153642,2026-05-10 19:15:19.885999,7616285635036449542,,@馋嘴啵啵创作的原声,馋嘴啵啵,750313996815220,馋嘴啵啵,60,,False,,,,,
7616279496861240616,2026-05-10 19:14:58.728687,7616279984344484634,,@超级小马创作的原声,超级小马,93488516482,超级小马,1422,,False,,,,,
7616180923976928550,2026-05-10 19:10:19.413725,7616181001424866075,,@Uncle新绘创作的原声,Uncle新绘,347897473271219,Uncle新绘,287,,False,,,,,
7627819328179604776,2026-05-11 09:41:41.973285,7627819326862641974,,@传奇视界创作的原声,传奇视界,3470497470765872,传奇视界,87,,False,,,,,
7616190564408560942,2026-05-10 19:10:30.270320,7616190820500228905,,@宋先生和车友创作的原声,宋先生和车友,103639768575,宋先生和车友,477,,False,,,,,
7627821252295560463,2026-05-11 09:41:44.740651,7627821549940263706,,踏古,洞见历史,2922923284238861,洞见历史,958,,False,,,,,
7616198164512623910,2026-05-10 19:10:45.646260,7616198556916828974,,@布衣探剧创作的原声,布衣探剧,20260264091540,布衣探剧,892,,False,,,,,
7616198504142195994,2026-05-10 19:10:57.578119,7616198476690508595,,@YZ赛者志创作的原声,YZ赛者志,95933234530,YZ赛者志,161,,False,,,,,
7616202921668210085,2026-05-10 19:11:23.505916,7616202998989048626,,王者荣耀,葵葵仔,62046143786,葵葵仔,452,,False,,,,,
7616209038518291747,2026-05-10 19:11:37.751343,7616209248397118262,,Bindy,一只萧包子,3724769480933772,一只萧包子,511,,False,,,,,
7616211850955545039,2026-05-10 19:11:51.505592,7616211837163801371,,@郝思文创作的原声,郝思文,101020209855,郝思文,195,,False,,,,,
7616214895918353714,2026-05-10 19:11:59.003944,7616216288395381547,,@野兽大表哥创作的原声,野兽大表哥,417412817885048,野兽大表哥,1668,,False,,,,,
7616224248310304052,2026-05-10 19:12:14.422217,7616224372902218532,,@八纯影视创作的原声,八纯影视,3952106782599210,八纯影视,521,,False,,,,,
7616226489466806739,2026-05-10 19:12:27.797221,7616226420893190922,,@兜兜米（捡粉丝）创作的原声,兜兜米（捡粉丝）,259138030153175,兜兜米（捡粉丝）,39,,False,,,,,
7616226991944477364,2026-05-10 19:12:36.809221,7616227311322417966,,Wait,云游兄弟《骑乐无穷》,1601306118591160,云游兄弟《骑乐无穷》,1294,,False,,,,,
7616232775981894363,2026-05-10 19:12:51.606669,7616232673291406099,,@小宇宙的玩具屋创作的原声,小宇宙的玩具屋,2052116343166810,小宇宙的玩具屋,76,,False,,,,,
7627814682509708587,2026-05-11 09:41:39.271131,7627814717907077907,,@食史记创作的原声,食史记,1137353824932618,食史记,163,,False,,,,,
7616239993547148563,2026-05-10 19:13:02.341845,7616240177727474442,,@铁柱台球创作的原声,铁柱台球,593343746676147,铁柱台球,373,,False,,,,,
7616245834002304294,2026-05-10 19:13:09.669562,7616245944214326035,,@JoJo觅食创作的原声,JoJo觅食,1736842004401340,JoJo觅食,475,,False,,,,,
7616248625361931529,2026-05-10 19:13:14.290301,7616248853188152105,,@呆哥综艺说创作的原声,呆哥综艺说,1803672959596207,呆哥综艺说,319,,False,,,,,
7616256646565596456,2026-05-10 19:13:22.357327,7616257304077273865,,@星光说电影创作的原声,星光说电影,2793210749917215,星光说电影,1748,,False,,,,,
7616258737225972657,2026-05-10 19:13:46.994446,7616258700503829294,,@赵老师说车创作的原声,赵老师说车,78629674367,赵老师说车,407,,False,,,,,
7616259903761468712,2026-05-10 19:14:03.632912,7616260010758245158,,@Jennie的英语日记创作的原声,Jennie的英语日记,2534816868209580,Jennie的英语日记,302,,False,,,,,
7616260083755797801,2026-05-10 19:14:12.863280,7616260296721959686,,你爱的是糟糠夫 还是新欢郎 (逐玉语录版),y_黑鲨麦旋风,2397409860922895,y_黑鲨麦旋风,185,,False,,,,,
7616260542830791942,2026-05-10 19:14:20.483831,7616260750864026410,,库洛米,恶搞之家大合集,2036738531535148,恶搞之家大合集,321,,False,,,,,
7616262068085345574,2026-05-10 19:14:24.275478,7616262781158902582,,@大鹏和你看世界美食创作的原声,大鹏和你看世界美食,374266757391275,大鹏和你看世界美食,1311,,False,,,,,
7616263575233740450,2026-05-10 19:14:33.612463,7616263548590623539,,TAKEDISKRUSH,淇淇怪怪,2950728836192827,淇淇怪怪,31,,False,,,,,
7616266999425010979,2026-05-10 19:14:40.357777,7616266964792576794,,大风吹,河南民生频道香香美食,106831234994,河南民生频道香香美食,177,,False,,,,,
7615928422874746163,2026-05-10 18:59:31.648154,7615928681323678507,,We Don't Talk Anymore(听海浪和心跳的频率契合),趣味动物,2749193430766183,趣味动物,776,,False,,,,,
7627828868665134370,2026-05-11 09:42:23.181830,7627829170579540799,,@港影迷城创作的原声,港影迷城,68092762727,港影迷城,875,,False,,,,,
7627924151814065418,2026-05-11 09:43:51.108919,7627924119782279987,,@台球不二心创作的原声,台球不二心,1402623706283891,台球不二心,262,,False,,,,,
7615501448062831887,2026-05-10 18:44:05.079317,7615501724853242634,,@大耳朵TV创作的原声,大耳朵TV,1332226841909324,大耳朵TV,489,,False,,,,,
7615307558382822346,2026-05-10 18:42:03.462820,7615307375075298098,,@蜡笔小新创作的原声,蜡笔小新,1801459737835116,蜡笔小新,496,,False,,,,,
7627890574250577152,2026-05-11 09:43:29.183676,7627890720434572059,,@BlueDot_蓝点创作的原声,BlueDot_蓝点,2984532196208811,BlueDot_蓝点,563,,False,,,,,
7615376575726423331,2026-05-10 18:42:14.466235,7615377338700041003,,@8090音乐(老歌尤盘）创作的原声,8090音乐(老歌尤盘）,4411673661936495,8090音乐(老歌尤盘）,1798,,False,,,,,
7615414841565717620,2026-05-10 18:42:18.554569,7615415142175476518,,@周星星Xx.创作的原声,周星星Xx.,7602216734359733285,周星星Xx.,2141,,False,,,,,
7615434694180725425,2026-05-10 18:42:33.636947,7615434703268547364,,@妍妍小剧场创作的原声,妍妍小剧场,262111582761291,妍妍小剧场,289,,False,,,,,
7615452906074098971,2026-05-10 18:42:47.385138,7615452933102013235,,@古桥文乃的动漫笔记创作的原声,古桥文乃的动漫笔记,1795969867321703,古桥文乃的动漫笔记,259,,False,,,,,
7615463770051185963,2026-05-10 18:43:13.986856,7615463997973826345,,@小埋来也创作的原声,小埋来也,2018339359293708,小埋来也,491,,False,,,,,
7615484104284441894,2026-05-10 18:43:21.876352,7615484772323691302,,黑神话：悟空,一涛哥,58920572882,一涛哥,2194,,False,,,,,
7627877124682059044,2026-05-11 09:43:09.024522,7627877490312628998,,Busy Streets Empty Souls,甜一说漫,95308355209,甜一说漫,1165,,False,,,,,
7615488355888289969,2026-05-10 18:43:40.160769,7614082061059099392,,@乌苏苏创作的原声,乌苏苏,3359756155369111,乌苏苏,7,,False,,,,,
7615499291624246582,2026-05-10 18:43:49.724780,7615499456124816164,,@斗转星移创作的原声,斗转星移,618406204675176,斗转星移,324,,False,,,,,
7615509744773500170,2026-05-10 18:44:17.685200,7615510051931228970,,Sacred Play Secret Place,她的发言堂,3150520311887228,她的发言堂,1119,,False,,,,,
7615288930493041920,2026-05-10 18:41:44.168462,7615289555150736155,,@大方表演创作的原声,大方表演,96886389967,大方表演,1602,,False,,,,,
7615516230744624399,2026-05-10 18:44:24.596206,7615516386699266843,,@食间行者创作的原声,食间行者,7569134041020023845,食间行者,305,,False,,,,,
7615524804971547956,2026-05-10 18:44:37.143369,7615525128629717801,,@观史大略创作的原声,观史大略,3499060415432778,观史大略,1059,,False,,,,,
7627876099472510218,2026-05-11 09:43:01.425904,7627876237158943539,,@聊医点创作的原声,聊医点,352293978115726,聊医点,929,,False,,,,,
7615539463104540526,2026-05-10 18:44:46.177435,7615539438391184182,,@椰子鸡大王O_o创作的原声,椰子鸡大王O_o,2705274074302548,椰子鸡大王O_o,197,,False,,,,,
7615549379047659163,2026-05-10 18:45:04.347696,7615549370423118628,,@孔十三创作的原声,孔十三,52314834827,孔十三,210,,False,,,,,
7615553359004699939,2026-05-10 18:45:07.505690,7615554295764683529,,@怪力老陈创作的原声,怪力老陈,64641822382,怪力老陈,1767,,False,,,,,
7615554085248868475,2026-05-10 18:45:11.131046,7615554285409307443,,不再犹豫,Mack学长,48804212780535,Mack学长,1113,,False,,,,,
7615559419643890995,2026-05-10 18:45:27.873703,7615559736057957139,,@观微历史创作的原声,观微历史,3766305872420071,观微历史,720,,False,,,,,
7615559727044414726,2026-05-10 18:45:44.908291,7615559768874175282,,@漫剪放映厅创作的原声,漫剪放映厅,3273669641258107,漫剪放映厅,133,,False,,,,,
7627849411208498475,2026-05-11 09:42:40.754261,7627849525188676378,,@Dream足球创作的原声,Dream足球,1757465727473753,Dream足球,386,,False,,,,,
7615562620485045519,2026-05-10 18:45:55.249916,7615562663267273513,,@小梅呀创作的原声,小梅呀,3614826222596343,小梅呀,252,,False,,,,,
7615299829115211023,2026-05-10 18:41:56.157560,7615299961651039022,,@陈陈的好运日记创作的原声,陈陈的好运日记,7572917982714168369,陈陈的好运日记,286,,False,,,,,
7615287984712199353,2026-05-10 18:41:34.739466,7615287906340506383,,@甄知棒创作的原声,甄知棒,4453497454202109,甄知棒,805,,False,,,,,
7615567424938577193,2026-05-10 18:46:33.857566,7615567530567977779,,@定眼看世界创作的原声,定眼看世界,7550984625024238650,定眼看世界,343,,False,,,,,
7615235408997256454,2026-05-10 18:39:37.042144,7615235732839861042,,@蓝星动物馆创作的原声,蓝星动物馆,7534679873198097468,蓝星动物馆,283,,False,,,,,
7615199843393437041,2026-05-10 18:37:40.851810,7615199732838796083,,@朱珠🍓🍉创作的原声,朱珠🍓🍉,90575224439262,朱珠🍓🍉,176,,False,,,,,
7615203800814521663,2026-05-10 18:37:44.758324,7615204111029504778,,@魔神Z放映局创作的原声,魔神Z放映局,3804730574769360,魔神Z放映局,391,,False,,,,,
7615208521521430009,2026-05-10 18:37:54.681874,7615208521629469466,,@小周饿胖了创作的原声,小周饿胖了,2805546488961997,小周饿胖了,200,,False,,,,,
7615209577532935458,2026-05-10 18:38:02.552155,7615209811315116838,,Daydream,超Carry的柴西,104381744434,超Carry的柴西,1660,,False,,,,,
7627920826385904617,2026-05-11 09:43:48.427772,7627920670311353124,,@困困魚.创作的原声,困困魚.,4338020930594268,困困魚.,108,,False,,,,,
7615211760420703503,2026-05-10 18:38:18.345191,7615211818138471214,,@路遥说动漫创作的原声,路遥说动漫,4418278804690940,路遥说动漫,193,,False,,,,,
7615220415434198312,2026-05-10 18:38:27.205300,7615220524582849307,,@WANGBUCAI王不裁创作的原声,WANGBUCAI王不裁,4129357126449108,WANGBUCAI王不裁,133,,False,,,,,
7615224240752594212,2026-05-10 18:38:46.412130,7615224518440651574,,@凉沐沐沐沐吖创作的原声,凉沐沐沐沐吖,4152222392520109,凉沐沐沐沐吖,316,,False,,,,,
7615224891666599210,2026-05-10 18:38:51.587520,7615225621542718262,,@馆长玉先生剧场创作的原声,馆长玉先生剧场,58640381960,馆长玉先生剧场,764,,False,,,,,
7615224909756681482,2026-05-10 18:39:04.768007,7615225421017271050,,@大鱼讲故事创作的原声,大鱼讲故事,897663284806603,大鱼讲故事,1161,,False,,,,,
7615233988688383275,2026-05-10 18:39:32.980915,7615234289528998698,,@篮球放大镜创作的原声,篮球放大镜,63131464006,篮球放大镜,141,,False,,,,,
7627897180354874666,2026-05-11 09:43:41.888867,7627897147488226058,,@你酷酷的体育老师🏀创作的原声,你酷酷的体育老师🏀,369876949280782,你酷酷的体育老师🏀,183,,False,,,,,
7615282499777727782,2026-05-10 18:41:19.778036,7615282658579139364,,@东海鲤鱼飞上天创作的原声,东海鲤鱼飞上天,111261204236,东海鲤鱼飞上天,457,,False,,,,,
7615241979630233465,2026-05-10 18:39:52.396293,7615241851875937064,,@小轩在日本创作的原声,小轩在日本,4183001391965087,小轩在日本,734,,False,,,,,
7615242902544944436,2026-05-10 18:39:56.870675,7615243184565799690,,@船长电影创作的原声,船长电影,88169396876,船长电影,666,,False,,,,,
7615243572002021497,2026-05-10 18:40:02.508247,7615243560312376118,,@村头在逃公主创作的原声,村头在逃公主,96358629614,村头在逃公主,162,,False,,,,,
7627890694136490102,2026-05-11 09:43:35.634911,7627890575987002155,,Gravity’s a Liar,国服插秧王,7481274813714515003,国服插秧王,13,,False,,,,,
7615254789340859694,2026-05-10 18:40:11.873859,7615254842626001702,,@视觉引擎创作的原声,视觉引擎,7449889360739271738,视觉引擎,266,,False,,,,,
7615255608496786740,2026-05-10 18:40:24.927149,7615255922698013490,,@野兽综艺创作的原声,野兽综艺,4057666272107152,野兽综艺,800,,False,,,,,
7615257397350649097,2026-05-10 18:40:40.260728,7615258084360915775,,@宝藏猎人创作的原声,宝藏猎人,2411658471809180,宝藏猎人,1270,,False,,,,,
7615258478839467279,2026-05-10 18:40:51.075856,7615258698088319807,,三角洲行动,陈小刀（三角洲行动）,569984513742314,陈小刀（三角洲行动）,344,,False,,,,,
7615261080255843593,2026-05-10 18:41:00.535422,7615261133364136742,,@悟凯（三角洲行动）创作的原声,悟凯（三角洲行动）,599710138115868,悟凯（三角洲行动）,167,,False,,,,,
7615261889374735668,2026-05-10 18:41:05.284996,7615262043238714139,,@未知档案馆创作的原声,未知档案馆,2403959222327923,未知档案馆,489,,False,,,,,
7615278292190514486,2026-05-10 18:41:09.074080,7615278961525918491,,@胖馨影视创作的原声,胖馨影视,237106433371128,胖馨影视,963,,False,,,,,
7615565763172158771,2026-05-10 18:46:21.658021,7615565919191829311,,@嗅嗅观察创作的原声,嗅嗅观察,1866314936489723,嗅嗅观察,465,,False,,,,,
7615570686249176360,2026-05-10 18:46:46.581729,7615571394092845858,,@小夏探影创作的原声,小夏探影,1700294832958220,小夏探影,2130,,False,,,,,
7615920692311858917,2026-05-10 18:59:02.531183,7615920554805185332,,@于大仙的狗院创作的原声,于大仙的狗院,2350083421247056,于大仙的狗院,173,,False,,,,,
7615857687233908011,2026-05-10 18:55:46.399835,7615858310578735922,,@篮坛哨响创作的原声,篮坛哨响,23022464575,篮坛哨响,926,,False,,,,,
7627830958246382863,2026-05-11 09:42:28.671867,7627830951120358186,,@上官追剧创作的原声,上官追剧,1109840619387337,上官追剧,543,,False,,,,,
7615812528718826794,2026-05-10 18:53:38.189941,7615812611443018505,,III,乒凡之路,2757177956378824,乒凡之路,378,,False,,,,,
7615820571447676187,2026-05-10 18:53:54.027538,7615820924897463050,,Once Upon A Time - House Extended Mix,幽州校尉,1464977904895181,幽州校尉,948,,False,,,,,
7615823623907085610,2026-05-10 18:54:06.286298,7615823818535209738,,@足球显微镜⚽️创作的原声,足球显微镜⚽️,3634320592889241,足球显微镜⚽️,47,,False,,,,,
7615824148610305326,2026-05-10 18:54:16.661370,7615825074964269876,,SANTA MARIA,黑V说电影,1631300588671884,黑V说电影,1907,,False,,,,,
7615826780464828325,2026-05-10 18:54:31.795318,7615826819396242185,,@干饭不打烊创作的原声,干饭不打烊,1083463002503529,干饭不打烊,377,,False,,,,,
7615829817099813833,2026-05-10 18:54:37.854371,7615830153017101065,,@高航试车创作的原声,高航试车,3421278731502252,高航试车,520,,False,,,,,
7615831065332141348,2026-05-10 18:54:41.552237,7615831269221337906,,@林夕剧懂你创作的原声,林夕剧懂你,7612179718515278897,林夕剧懂你,236,,False,,,,,
7615836415733091636,2026-05-10 18:55:06.690456,7615836839647218474,,@OBA^创作的原声,OBA^,1760782318047306,OBA^,863,,False,,,,,
7615849462069546290,2026-05-10 18:55:10.412217,7615849493417757476,,@攸攸体育创作的原声,攸攸体育,2174172663125258,攸攸体育,309,,False,,,,,
7615851617383976219,2026-05-10 18:55:36.282802,7615851686963333915,,为霜,鹿鹿吖,98089416142,鹿鹿吖,212,,False,,,,,
7615859490478509358,2026-05-10 18:56:02.549383,7615859467430791963,,@大时叔叔创作的原声,大时叔叔,60023494367,大时叔叔,2343,,False,,,,,
7615716938785803547,2026-05-10 18:52:43.202273,7615716964983524150,,三角洲行动,玖七（三角洲教学）,1198926807435235,玖七（三角洲教学）,510,,False,,,,,
7615863266596564657,2026-05-10 18:56:15.167575,7615863222033304329,,@胖哥想吃肉创作的原声,胖哥想吃肉,317074571529148,胖哥想吃肉,167,,False,,,,,
7615866299914177819,2026-05-10 18:56:27.708336,7615866278187666230,,@小兰影视创作的原声,小兰影视,2381975017227332,小兰影视,443,,False,,,,,
7615879668238978314,2026-05-10 18:56:34.206962,7615879852460690239,,@李新咏 195国行走中创作的原声,李新咏 195国行走中,69824243553,李新咏 195国行走中,776,,False,,,,,
7615881912599207284,2026-05-10 18:56:50.101219,7615881858333739812,,@小鱼剧创作的原声,小鱼剧,7555511282788402235,小鱼剧,236,,False,,,,,
7615883503938309395,2026-05-10 18:57:02.898386,7615883742407199514,,@阿诺影视创作的原声,阿诺影视,111331847829,阿诺影视,364,,False,,,,,
7615894858741452067,2026-05-10 18:57:15.883723,7615894944229985034,,@食语录创作的原声,食语录,1511148597292416,食语录,251,,False,,,,,
7615899123534843186,2026-05-10 18:57:25.156345,7615899141503585034,,@悦耳钢琴-小晖创作的原声,悦耳钢琴-小晖,1865188261236840,悦耳钢琴-小晖,399,,False,,,,,
7615902920638221604,2026-05-10 18:57:38.926425,7615903307793845033,,@新奇大挑战创作的原声,新奇大挑战,3855358175747296,新奇大挑战,935,,False,,,,,
7615909858923138367,2026-05-10 18:58:29.571975,7615910233181047558,,@箭指光年创作的原声,箭指光年,1975185258840221,箭指光年,722,,False,,,,,
7615910795511188736,2026-05-10 18:58:36.518912,7615911589233560361,,烟雨云台,户外小祝,3227788927833373,户外小祝,2668,,False,,,,,
7615918812655537780,2026-05-10 18:58:46.957852,7615918825489353508,,@O泡（抽象派）创作的原声,O泡（抽象派）,259946501647056,O泡（抽象派）,191,,False,,,,,
7615799956575022692,2026-05-10 18:53:11.950556,7615799910387534635,,三角洲行动,艺术（三角洲行动）,3050459691758636,艺术（三角洲行动）,219,,False,,,,,
7615716047710162182,2026-05-10 18:52:34.414687,7615716118459681562,,@橙汁GAME创作的原声,橙汁GAME,62714619577,橙汁GAME,225,,False,,,,,
7615571488686867044,2026-05-10 18:46:54.047420,7615571420302609195,,@足球张雨琦创作的原声,足球张雨琦,59697868809,足球张雨琦,89,,False,,,,,
7615604576305040640,2026-05-10 18:49:16.539644,7338163151243853839,,@Dj纹mix创作的原声,Dj纹mix,889918235091868,Dj纹mix,1781,,False,,,,,
7615572138828909859,2026-05-10 18:46:57.891765,7615572396761762610,,杀死比尔,锦鲤学长,7482033715028509753,锦鲤学长,450,,False,,,,,
7615574051859287331,2026-05-10 18:47:09.343065,7615574526985849651,,米兰的小铁匠,元气八眉菌,97314818351,元气八眉菌,1032,,False,,,,,
7615574697379482899,2026-05-10 18:47:17.308122,7615575789060377386,,@叶秋电影创作的原声,叶秋电影,96011117310,叶秋电影,1862,,False,,,,,
7615581140308544819,2026-05-10 18:47:31.104732,7615581378768030470,,@值选侦探创作的原声,值选侦探,3485897521638940,值选侦探,825,,False,,,,,
7615585401725652250,2026-05-10 18:47:40.947518,7615585396885441289,,@舌尖实验室创作的原声,舌尖实验室,7579895273280275493,舌尖实验室,309,,False,,,,,
7615590699433577763,2026-05-10 18:47:49.335586,7542103467481890874,,@艺燃动漫社创作的原声,艺燃动漫社,1980662937317664,艺燃动漫社,189,,False,,,,,
7627833921347226579,2026-05-11 09:42:31.515661,7627833909141392166,,@波哥动物园创作的原声,波哥动物园,97883518626,波哥动物园,157,,False,,,,,
7615595796074925327,2026-05-10 18:48:17.673089,7615596218315459374,,@阿古会说话创作的原声,阿古会说话,91714233825,阿古会说话,1351,,False,,,,,
7615595958675541288,2026-05-10 18:48:26.514377,7615596026346441515,,@无言卒解说创作的原声,无言卒解说,2268980342164462,无言卒解说,415,,False,,,,,
7615598657380011251,2026-05-10 18:48:38.694167,7615598623660755753,,@在路上的番茄创作的原声,在路上的番茄,4503678251449760,在路上的番茄,218,,False,,,,,
7615600638772695379,2026-05-10 18:48:57.934902,7615600651363437362,,Monkeybiz超长版,和弦（减脂版）,93272612705,和弦（减脂版）,714,,False,,,,,
7615606718495477046,2026-05-10 18:49:28.381379,7615606852554263322,,@宇宙-观察创作的原声,宇宙-观察,3720345071402420,宇宙-观察,323,,False,,,,,
7615662025393359315,2026-05-10 18:52:22.307783,7615661966719617838,,压制力量（DJ版）,祈,599688903929132,祈,16,,False,,,,,
7615610036819254649,2026-05-10 18:49:57.320838,7615610133092617010,,Intro(Max),陌阳（国一甄姬 小乔）国服中路,1684894152670344,陌阳（国一甄姬 小乔）国服中路,724,,False,,,,,
7615610103396152531,2026-05-10 18:50:17.241580,7615610091546544939,,@杨乐婷创作的原声,杨乐婷,82991013226,杨乐婷,259,,False,,,,,
7615612403065130240,2026-05-10 18:50:34.643624,7615612488100399913,,@通达象棋创作的原声,通达象棋,1561732140237003,通达象棋,202,,False,,,,,
7615627442803417457,2026-05-10 18:50:52.863399,7615627473195174690,,@圣诞影视创作的原声,圣诞影视,3441940370053795,圣诞影视,824,,False,,,,,
7615631679469767971,2026-05-10 18:50:56.694702,7615631759140490022,,@阿醋创作的原声,阿醋,1827801201122794,阿醋,174,,False,,,,,
7615633145592810806,2026-05-10 18:51:07.897820,7615633256463141674,,@尧都影视创作的原声,尧都影视,69966363974,尧都影视,382,,False,,,,,
7615633627078069523,2026-05-10 18:51:22.833748,7615634125352979226,,傲笑万重浪,大羽音乐,3384750811134147,大羽音乐,1002,,False,,,,,
7615634787189001498,2026-05-10 18:51:36.882480,7615635011118795566,,绝对压制 Absolute suppression,香菜爱吃香菜,2199442814981056,香菜爱吃香菜,544,,False,,,,,
7615647821122866478,2026-05-10 18:51:52.578557,7615613484797152043,,Standoff,优雅大能猫,98516240923,优雅大能猫,579,,False,,,,,
7615649008513535232,2026-05-10 18:52:05.803474,7615649026980989747,,@渝行千里（探古寻幽）创作的原声,渝行千里（探古寻幽）,81811911720,渝行千里（探古寻幽）,103,,False,,,,,
7615661597730333937,2026-05-10 18:52:17.309889,7615661483738483496,,@AI有点聊创作的原声,AI有点聊,97593194970,AI有点聊,128,,False,,,,,
7618773422734068992,2026-05-10 20:32:34.759164,7618773883138657066,,灰色轨迹,一哥影视,87255817409,一哥影视,1465,,False,,,,,
7618775439833681190,2026-05-10 20:32:41.984441,7618776072309689129,,@综娱显眼包创作的原声,综娱显眼包,1260518160730740,综娱显眼包,849,,False,,,,,
7618780783397866762,2026-05-10 20:32:47.583357,7618780823161932570,,无畏契约（Valorant）,绿泡泡Reyna,2463365844962301,绿泡泡Reyna,201,,False,,,,,
7625254332576910655,2026-05-11 08:54:45.227890,7625254636085185326,,天黑黑,回音走廊,7596380870676759589,回音走廊,677,,False,,,,,
7625263102761651475,2026-05-11 08:55:01.390235,7625263296031787803,,@云飞和热尼娅创作的原声,云飞和热尼娅,98270312525,云飞和热尼娅,513,,False,,,,,
7621924544332172579,2026-05-10 22:06:24.760657,7621925286245911302,,@阿悦的悦创作的原声,阿悦的悦,2608478173538542,阿悦的悦,1380,,False,,,,,
7621929789569502510,2026-05-10 22:06:53.815859,7621929952656837417,,@足球小酱创作的原声,足球小酱,822090586400551,足球小酱,354,,False,,,,,
7621933425351560458,2026-05-10 22:06:57.609214,7621933561917115199,,@成成大王（三角洲行动）创作的原声,成成大王（三角洲行动）,96728128082,成成大王（三角洲行动）,335,,False,,,,,
7625259784464562426,2026-05-11 08:54:53.238165,7625259799315368754,,@克里斯蒂亚诺梅西10创作的原声,克里斯蒂亚诺梅西10,2000743358540343,克里斯蒂亚诺梅西10,338,,False,,,,,
7621948902422683813,2026-05-10 22:07:28.309865,7621948814597229363,,@车流不息创作的原声,车流不息,1030673207658936,车流不息,347,,False,,,,,
7621969341281537307,2026-05-10 22:07:35.010297,7621969383241599785,,@和平观战史创作的原声,和平观战史,1734342232507002,和平观战史,382,,False,,,,,
7621973101232766449,2026-05-10 22:07:37.954399,7621973271400549156,,克拉里斯wg,暴走羊,130187306490585,暴走羊,299,,False,,,,,
7622076546739938278,2026-05-10 22:08:13.004030,7622076440120527622,,@当代曹孟德.创作的原声,当代曹孟德.,93517463917,当代曹孟德.,244,,False,,,,,
7622098160160391537,2026-05-10 22:08:23.560276,7622097979927120683,,@91坤崽创作的原声,91坤崽,220377553317070,91坤崽,194,,False,,,,,
7622102030571572520,2026-05-10 22:08:30.032055,7622102093252102922,,@一味千年创作的原声,一味千年,910837556457979,一味千年,241,,False,,,,,
7622127786941091078,2026-05-10 22:09:06.753106,7622127898677349166,,@驰序・MAX创作的原声,驰序・MAX,7620328143874507813,驰序・MAX,324,,False,,,,,
7625269234473422106,2026-05-11 08:55:25.351375,7625269781163199238,,@許千千创作的原声,許千千,2931756687178554,許千千,2406,,False,,,,,
7622133490037065829,2026-05-10 22:09:12.520825,7622133553387883291,,天路 (Cover 韩红),西藏旅游（阿新）,1300097622620185,西藏旅游（阿新）,698,,False,,,,,
7622139262100629347,2026-05-10 22:09:37.075403,7622139233322437402,,三角洲行动,黑瞳,251149385476893,黑瞳,273,,False,,,,,
7622144819409866034,2026-05-10 22:10:09.355195,7622144894739794738,,@林夕剧懂你创作的原声,林夕剧懂你,7612179718515278897,林夕剧懂你,236,,False,,,,,
7625244896391187738,2026-05-11 08:54:37.086388,7219683696712892474,,@磕颜西柚酱创作的原声,磕颜西柚酱,1679652295290663,磕颜西柚酱,25,,False,,,,,
7622147821651475310,2026-05-10 22:10:21.348893,7622147889569352474,,@喵哒_miaoda创作的原声,喵哒_miaoda,2185480717735132,喵哒_miaoda,302,,False,,,,,
7625238671155049204,2026-05-11 08:54:34.301898,7625238655967447846,,@懒杨阳体坛创作的原声,懒杨阳体坛,1275865267440317,懒杨阳体坛,238,,False,,,,,
7625237839017674185,2026-05-11 08:54:31.630178,7625237799435864874,,@幸创作的原声,幸,85433472151,幸,25,,False,,,,,
7625228308661194026,2026-05-11 08:54:24.968740,7625228372280396587,,@留白说影创作的原声,留白说影,7594724943449080881,留白说影,226,,False,,,,,
7622156050770300223,2026-05-10 22:10:32.271898,7622156462759922470,,Chimps vs Monkeys,即录,3214595381537639,即录,1033,,False,,,,,
7625227333401709834,2026-05-11 08:54:22.496381,7625227368361167622,,@比萨大魔王创作的原声,比萨大魔王,96844470276,比萨大魔王,122,,False,,,,,
7625223941543431465,2026-05-11 08:54:15.023160,7625224098456554294,,第五人格,赤川江野（第五人格）,62961878590,赤川江野（第五人格）,383,,False,,,,,
7625267120347139379,2026-05-11 08:55:18.983465,7625267765804649243,,@Lin说电影创作的原声,Lin说电影,7555350899225871418,Lin说电影,1483,,False,,,,,
7621906097846242623,2026-05-10 22:06:11.695635,7621906177630259987,,@泡芙说动漫创作的原声,泡芙说动漫,106843110113,泡芙说动漫,100,,False,,,,,
7625221708013784371,2026-05-11 08:54:05.042183,7625221791383948086,,@Finest Vogue创作的原声,Finest Vogue,2464421228587114,Finest Vogue,201,,False,,,,,
7621884892435041536,2026-05-10 22:05:02.140467,7621885077644856073,,Overcook Freestyle,OnTrack,7490440536421123130,OnTrack,167,,False,,,,,
7621867376463580426,2026-05-10 22:03:42.476022,7621867461951949587,,@体育勇者创作的原声,体育勇者,986741701886507,体育勇者,352,,False,,,,,
7625527593525136649,2026-05-11 08:57:07.791994,7625527667971427098,,@拔叔邀你赴宴创作的原声,拔叔邀你赴宴,1165929269435325,拔叔邀你赴宴,257,,False,,,,,
7621867869134982441,2026-05-10 22:03:50.919638,7621868210144545545,,@转影记创作的原声,转影记,1410034394211048,转影记,1014,,False,,,,,
7625522071191293227,2026-05-11 08:57:01.208027,7625522137285118761,,@涡轮故事贩卖机创作的原声,涡轮故事贩卖机,705263485074841,涡轮故事贩卖机,203,,False,,,,,
7625518832794242313,2026-05-11 08:56:51.285872,7625518924184046399,,@阿佩佩不想下饭创作的原声,阿佩佩不想下饭,864693330381860,阿佩佩不想下饭,333,,False,,,,,
7625503748445523209,2026-05-11 08:56:46.825642,7625503945059355401,,@回忆篮球录创作的原声,回忆篮球录,457822990775504,回忆篮球录,492,,False,,,,,
7625492432055039162,2026-05-11 08:56:20.841338,7625492502824389419,,王者荣耀,麒迹（上分教学）,3474929201709972,麒迹（上分教学）,448,,False,,,,,
7621876991234444607,2026-05-10 22:04:04.359320,7621876996951624475,,@以Ball制Ball创作的原声,以Ball制Ball,2329204113808730,以Ball制Ball,181,,False,,,,,
7621877672536263971,2026-05-10 22:04:09.984297,7621877682493606694,,@财新创作的原声,财新,4446026495432088,财新,189,,False,,,,,
7621881920351259931,2026-05-10 22:04:12.318636,7622036365898730267,,@汤姆的混乱空间创作的原声,汤姆的混乱空间,3394904000044919,汤姆的混乱空间,627,,False,,,,,
7621883061815737521,2026-05-10 22:04:41.776308,7621883074726349595,,@暴暴龙创作的原声,暴暴龙,4255530018931780,暴暴龙,296,,False,,,,,
7621885178511740212,2026-05-10 22:05:06.524150,7621885310368074515,,@一味千年创作的原声,一味千年,910837556457979,一味千年,257,,False,,,,,
7625282040237182214,2026-05-11 08:55:28.182026,7625282060508941098,,回不去的何止是时间,ZeroQing,688741048130989,ZeroQing,146,,False,,,,,
7625483013190667572,2026-05-11 08:56:10.142759,7625484519507807012,,王者荣耀,温华(国服夏侯惇),71013327116,温华(国服夏侯惇),802,,False,,,,,
7625477671996198163,2026-05-11 08:56:02.752936,7625734111751162674,,山河为你起舞,折木Them,2005926021439560,折木Them,298,,False,,,,,
7621887890603503494,2026-05-10 22:05:38.285281,7621887867983317796,,@小小的酥创作的原声,小小的酥,4109316183031984,小小的酥,206,,False,,,,,
7621888453432593698,2026-05-10 22:05:44.810541,7621888477319269174,,@轩辕小豆创作的原声,轩辕小豆,1060379969201748,轩辕小豆,51,,False,,,,,
7625465250371964210,2026-05-11 08:55:57.948164,7625465441296993050,,@隆多Rondo8创作的原声,隆多Rondo8,2950686681341422,隆多Rondo8,558,,False,,,,,
7625447999616358779,2026-05-11 08:55:50.381512,7625447972926442249,,Montagem Nada Tropica（秋御辰 Remix）,小雨不吃香菜💅,4097228913258160,小雨不吃香菜💅,339,,False,,,,,
7625313536118771059,2026-05-11 08:55:43.721297,7625313461152828198,,王者荣耀,安杰说游戏,3644244237228003,安杰说游戏,149,,False,,,,,
7625304702036831227,2026-05-11 08:55:36.496982,7625304236389190452,,@饭搭子食游记创作的原声,饭搭子食游记,2752827888246254,饭搭子食游记,734,,False,,,,,
7625299274296839434,2026-05-11 08:55:32.998928,7625299825071770406,,三角洲行动,豆豆做攻略（三角洲行动）,479814849674127,豆豆做攻略（三角洲行动）,640,,False,,,,,
7625293810395255225,2026-05-11 08:55:30.582296,7625293754148080430,,失眠〈dj板〉（简单就好……！ Remix）,DJ阿智,3945500984217643,DJ阿智,61,,False,,,,,
7621899011578964401,2026-05-10 22:06:03.036580,80667982,,X-COOL!(高能FUNK）,无知剪辑,98260498762,无知剪辑,165,,False,,,,,
7622189339891551529,2026-05-10 22:10:44.535994,7622190151053085459,,@情菜影视创作的原声,情菜影视,65692275586,情菜影视,1990,,False,,,,,
7622195098629160310,2026-05-10 22:10:52.080512,7622195075988212543,,@不放线的小王创作的原声,不放线的小王,59646733762,不放线的小王,248,,False,,,,,
7621862152688684307,2026-05-10 22:03:32.244916,7621862272373181230,,@六刻钟史话创作的原声,六刻钟史话,3053788102932251,六刻钟史话,394,,False,,,,,
7625094088538308849,2026-05-11 08:51:56.097436,7625094039397862184,,王者荣耀,麒迹（上分教学）,3474929201709972,麒迹（上分教学）,515,,False,,,,,
7622285834921774399,2026-05-10 22:13:50.302121,7622313088192105242,,Witch Parade Assassin,蓝狐电影,1838005615603612,蓝狐电影,954,,False,,,,,
7622290681704555946,2026-05-10 22:13:57.152847,7622291103949261606,,@楠沉之剪创作的原声,楠沉之剪,161006654065864,楠沉之剪,767,,False,,,,,
7622291944277822783,2026-05-10 22:14:04.153669,7622292425286535972,,@牛油果爱剪辑创作的原声,牛油果爱剪辑,3353931567349453,牛油果爱剪辑,1075,,False,,,,,
7622297459393350955,2026-05-10 22:14:30.291458,7622297712779938596,,Proof(Slowed),脑洞先森,4110443517053788,脑洞先森,556,,False,,,,,
7622299858523639988,2026-05-10 22:14:55.524900,7622299824523594538,,@要请假🥔创作的原声,要请假🥔,4033468867021437,要请假🥔,141,,False,,,,,
7622310905758844260,2026-05-10 22:15:21.303419,7622310879303830326,,@闲谈讲堂创作的原声,闲谈讲堂,534788136245929,闲谈讲堂,188,,False,,,,,
7622311943444991283,2026-05-10 22:15:30.163175,7622312769760594707,,I Am One - Remastered 2011,汤圆开心电影,88306720305,汤圆开心电影,1841,,False,,,,,
7622315559586175866,2026-05-10 22:15:41.924847,7622315482367986438,,@zheng💁创作的原声,zheng💁,1297047667881660,zheng💁,197,,False,,,,,
7622318745549032747,2026-05-10 22:15:49.579294,7622318866542136107,,火影忍者,银色虞姬（雷霆战况）,693165767539088,银色虞姬（雷霆战况）,320,,False,,,,,
7622325343394811145,2026-05-10 22:16:19.256037,7622325656629889855,,王者荣耀,山谷游戏解说,4429290205348835,山谷游戏解说,535,,False,,,,,
7622326821106814242,2026-05-10 22:16:25.703389,7622327168437406527,,@少女总裁创作的原声,少女总裁,100106634114,少女总裁,752,,False,,,,,
7625045617538059529,2026-05-11 08:51:37.693154,7625046097651911434,,@香菜爱吃香菜创作的原声,香菜爱吃香菜,2199442814981056,香菜爱吃香菜,1518,,False,,,,,
7622275805653077248,2026-05-10 22:13:34.469414,7622275898623970054,,@小幸运剧场创作的原声,小幸运剧场,1590319250156233,小幸运剧场,289,,False,,,,,
7625037092553787385,2026-05-11 08:51:30.333596,7625036921609161535,,@风的记忆创作的原声,风的记忆,7503184601084593209,风的记忆,303,,False,,,,,
7625000575289117990,2026-05-11 08:51:27.752495,7625000602824739618,,@DJ Rway创作的原声,DJ Rway,1209921039241576,DJ Rway,2820,,False,,,,,
7622390481627909410,2026-05-10 22:16:54.533249,7622390544504785705,,王者荣耀,奈亚（射手全局精讲）,7460009747736724538,奈亚（射手全局精讲）,557,,False,,,,,
7622401195969187082,2026-05-10 22:17:02.387417,7622401305566382874,,王者荣耀,儒雅马户解说,245893888501438,儒雅马户解说,450,,False,,,,,
7622473264698314036,2026-05-10 22:17:09.630445,7622473545662073654,,@二次元大东创作的原声,二次元大东,105103838174,二次元大东,986,,False,,,,,
7624987086285704502,2026-05-11 08:51:25.016499,7624987163066714889,,三角洲行动,阿战（三角洲行动）,763500921886873,阿战（三角洲行动）,443,,False,,,,,
7622479256978869554,2026-05-10 22:17:15.771171,7622479520343280420,,300 Violin Orchestra,向前看球,572174943393944,向前看球,649,,False,,,,,
7622497183484349696,2026-05-10 22:17:18.810898,7622497197365070635,,@可爱吃豆芽创作的原声,可爱吃豆芽,4215951673273543,可爱吃豆芽,29,,False,,,,,
7622508901510730688,2026-05-10 22:17:22.166240,7622508884525075251,,@户外向阳创作的原声,户外向阳,98178461655,户外向阳,277,,False,,,,,
7622523573810351401,2026-05-10 22:17:39.155739,7622523702684519178,,@独立者🌈创作的原声,独立者🌈,2041141585255959,独立者🌈,424,,False,,,,,
7622528218453059962,2026-05-10 22:18:06.845946,7622527956849642292,,再次看到你微凉晨光里,豆汁,7502807720715306041,豆汁,63,,False,,,,,
7622281397104823594,2026-05-10 22:13:40.321584,7622281473608977193,,@纯享老剧创作的原声,纯享老剧,3792663879365463,纯享老剧,327,,False,,,,,
7625103698292676479,2026-05-11 08:52:04.720973,7625103749018553130,,@吉哈乌村创作的原声,吉哈乌村,4189617200840380,吉哈乌村,713,,False,,,,,
7622204163052555556,2026-05-10 22:10:58.821913,7622204249358813971,,安河桥 《吉他》,超级桂花糕,1802804266802765,超级桂花糕,239,,False,,,,,
7625173378022188219,2026-05-11 08:52:49.994250,7625173364507691822,,@风渡音乐创作的原声,风渡音乐,4176360165880010,风渡音乐,507,,False,,,,,
7625219409203875107,2026-05-11 08:53:57.253765,7625219628876188426,,@陕北狼牙—公益护农创作的原声,陕北狼牙—公益护农,4413864245211578,陕北狼牙—公益护农,625,,False,,,,,
7622209326308398778,2026-05-10 22:11:10.143614,7622209288387267374,,@林与创作的原声,林与,71315812748,林与,184,,False,,,,,
7625216770228920689,2026-05-11 08:53:48.735063,7625216683734076166,,@蜡笔不新创作的原声,蜡笔不新,97033245722,蜡笔不新,48,,False,,,,,
7625215892213713337,2026-05-11 08:53:41.027971,7625215906502822683,,@佳亮爱美食🍱创作的原声,佳亮爱美食🍱,4503672216209926,佳亮爱美食🍱,67,,False,,,,,
7625212070295801094,2026-05-11 08:53:25.497666,7625212397787138842,,@山村牧影创作的原声,山村牧影,4223693370168507,山村牧影,900,,False,,,,,
7622220011462464104,2026-05-10 22:11:22.578594,7622220032151522057,,王者荣耀,王者大将军,774498586991316,王者大将军,507,,False,,,,,
7625195947157702042,2026-05-11 08:53:20.477652,7625195991259564863,,模特,月薪3000字,101348060787,月薪3000字,296,,False,,,,,
7625187567138262318,2026-05-11 08:53:17.922754,7625187620968074003,,@全球美食档案创作的原声,全球美食档案,108837809418,全球美食档案,319,,False,,,,,
7625184577439297381,2026-05-11 08:53:02.039250,7625184593779559187,,@咱们聊聊新车（帮提车）创作的原声,咱们聊聊新车（帮提车）,3428729450661216,咱们聊聊新车（帮提车）,88,,False,,,,,
7622230441457749263,2026-05-10 22:11:42.651622,7622230456628464430,,@无影解说创作的原声,无影解说,2836366859970795,无影解说,186,,False,,,,,
7625175559869402408,2026-05-11 08:52:54.722390,7625176046002015014,,@老A说剧创作的原声,老A说剧,3723412795295876,老A说剧,1243,,False,,,,,
7622234046333347323,2026-05-10 22:11:56.709574,7622233960894057251,,@沐沐萌宠乐园创作的原声,沐沐萌宠乐园,56539973477,沐沐萌宠乐园,87,,False,,,,,
7625109512797605120,2026-05-11 08:52:08.249296,7625109774782253867,,@小熊漫漫解创作的原声,小熊漫漫解,92958352630,小熊漫漫解,824,,False,,,,,
7625167851342580992,2026-05-11 08:52:43.129218,7622964913719216939,,@BettySays创作的原声,BettySays,44461346530439,BettySays,302,,False,,,,,
7622242382729245876,2026-05-10 22:12:51.919541,7622242537580464932,,@神秘研究员创作的原声,神秘研究员,4167598484232155,神秘研究员,1585,,False,,,,,
7622242516934886891,2026-05-10 22:12:59.313236,7622243112387332874,,@无聊极乐创作的原声,无聊极乐,1808050963094915,无聊极乐,1396,,False,,,,,
7625158641125816393,2026-05-11 08:52:38.104878,7625158639212366598,,@小美看车创作的原声,小美看车,2375397537745608,小美看车,300,,False,,,,,
7622251906307887985,2026-05-10 22:13:06.445592,7622251799566748450,,有太多话想说,帅气的灰,100401316435,帅气的灰,31,,False,,,,,
7625154362465078563,2026-05-11 08:52:35.799155,7625154418740038427,,@羊驼（鼠攻学教父）创作的原声,羊驼（鼠攻学教父）,7547972367000241209,羊驼（鼠攻学教父）,236,,False,,,,,
7622253980655160586,2026-05-10 22:13:14.261435,7622254188143151918,,@薯条大王🍟创作的原声,薯条大王🍟,3088950157648772,薯条大王🍟,609,,False,,,,,
7625140333864586559,2026-05-11 08:52:29.941756,7625140525426854666,,@小岳来了24创作的原声,小岳来了24,96492518134,小岳来了24,833,,False,,,,,
7625130766883722353,2026-05-11 08:52:27.572196,7625130793228192518,,Catch My Breath,爱出门的赵小布,54241111709,爱出门的赵小布,512,,False,,,,,
7625130455779642633,2026-05-11 08:52:24.918522,7505445481841986343,,@王一米创作的原声,王一米,1058180083749720,王一米,115,,False,,,,,
7625123903962205491,2026-05-11 08:52:17.922211,7625377009648093990,,@绝地小望仔创作的原声,绝地小望仔,3988662722506359,绝地小望仔,703,,False,,,,,
7625532448492236390,2026-05-11 08:57:16.462489,7625532619186277163,,@小书.创作的原声,小书.,4358941330645246,小书.,1034,,False,,,,,
7625541598822059314,2026-05-11 08:57:22.657835,7625541700475259690,,@小时好食禄创作的原声,小时好食禄,1058209692650832,小时好食禄,456,,False,,,,,
7624933790091817642,2026-05-11 08:51:22.082705,7624933713763207962,,嘉琦舞卡点（高燃）,尧做音乐🎵,2420455375649931,尧做音乐🎵,228,,False,,,,,
7621483777063161107,2026-05-10 21:56:18.784393,7621483801944148772,,美少女摇2(AUTOMOTIVO BAYSIDE),墨客社,1030672888103024,墨客社,242,,False,,,,,
7625923168574294117,2026-05-11 09:03:33.242660,7625923165815376686,,小狗物语,大头鹅子,4268739626022324,大头鹅子,287,,False,,,,,
7621453185252625714,2026-05-10 21:54:42.103627,7621453445237000986,,@小熊漫漫解创作的原声,小熊漫漫解,92958352630,小熊漫漫解,733,,False,,,,,
7621453884187266346,2026-05-10 21:54:49.836869,7621454218951772938,,@闲人阁创作的原声,闲人阁,104237674550,闲人阁,1447,,False,,,,,
7621455040259181178,2026-05-10 21:54:56.109201,7621454971778747174,,@于大仙的狗院创作的原声,于大仙的狗院,2350083421247056,于大仙的狗院,187,,False,,,,,
7621458868429737225,2026-05-10 21:55:21.671255,7621459077746461494,,@李姐.创作的原声,李姐.,2911987341993927,李姐.,715,,False,,,,,
7625917781007071842,2026-05-11 09:03:28.826594,7625917761764330267,,@良子大胃袋（味真足）创作的原声,良子大胃袋（味真足）,85184914009,良子大胃袋（味真足）,194,,False,,,,,
7621474376457719082,2026-05-10 21:55:33.006253,7621474412482857774,,广西咚咚锵,老王在中国,2524905476466910,老王在中国,662,,False,,,,,
7625904772935208244,2026-05-11 09:03:16.296399,7625904859551714084,,Smoking Mist,老薛闲不住,78034896995,老薛闲不住,467,,False,,,,,
7625903925853560290,2026-05-11 09:03:02.851369,7625903880471382803,,@乐乐不乐创作的原声,乐乐不乐,818490776494356,乐乐不乐,19,,False,,,,,
7621481754703973672,2026-05-10 21:55:48.758684,7621482001073539866,,@斌斌仔会玩车创作的原声,斌斌仔会玩车,18542399445,斌斌仔会玩车,509,,False,,,,,
7621482788868345129,2026-05-10 21:55:54.223076,7621482816019729203,,@徐南归创作的原声,徐南归,272305343967692,徐南归,490,,False,,,,,
7621484507942382586,2026-05-10 21:56:43.789824,7621484489745795874,,@叮咚哥创作的原声,叮咚哥,51232083318,叮咚哥,1341,,False,,,,,
7621442675996183862,2026-05-10 21:54:08.147841,7621472405243824938,,@听感创作的原声,听感,3599120049387443,听感,242,,False,,,,,
7621485780740951334,2026-05-10 21:56:49.868023,7621485900644223754,,@港电影创作的原声,港电影,7532645772019876923,港电影,668,,False,,,,,
7625894328619044132,2026-05-11 09:02:57.711863,7625894505350269737,,@半仙胡创作的原声,半仙胡,2505106950195268,半仙胡,567,,False,,,,,
7625883925591772442,2026-05-11 09:02:45.426800,7625884109524912938,,No Ordinary Octopus,地球物语,3406723739036496,地球物语,746,,False,,,,,
7621493004179672326,2026-05-10 21:57:20.540974,7621493987819490058,,@云巅视境创作的原声,云巅视境,2491934810576531,云巅视境,689,,False,,,,,
7621496227440675441,2026-05-10 21:57:39.401223,7621496240793979682,,@认知便利店M!创作的原声,认知便利店M!,74772559054,认知便利店M!,599,,False,,,,,
7621497317668998463,2026-05-10 21:57:46.997348,7621497313835404038,,@梦三动漫创作的原声,梦三动漫,4004891375961948,梦三动漫,201,,False,,,,,
7625874671749057842,2026-05-11 09:02:32.407065,7625874629906778922,,三角洲行动,结束哥（三角洲行动）,4382014183311418,结束哥（三角洲行动）,229,,False,,,,,
7625862508170972443,2026-05-11 09:02:15.038157,7625862606540032818,,@拔叔邀你赴宴创作的原声,拔叔邀你赴宴,1165929269435325,拔叔邀你赴宴,299,,False,,,,,
7621502165278478666,2026-05-10 21:58:02.806681,7621502302502849289,,@郝林荒野归航创作的原声,郝林荒野归航,2245629693139097,郝林荒野归航,669,,False,,,,,
7625860019593940233,2026-05-11 09:02:09.940697,7625860280857152307,,@懂车包青天创作的原声,懂车包青天,3227758633167740,懂车包青天,870,,False,,,,,
7621503699252235572,2026-05-10 21:58:12.396217,7621503977707932422,,@七仔动物日记创作的原声,七仔动物日记,4441623251925982,七仔动物日记,1013,,False,,,,,
7621448996577414434,2026-05-10 21:54:32.457922,7621449036133878569,,@大国风味创作的原声,大国风味,3701378709455403,大国风味,106,,False,,,,,
7621439086208748850,2026-05-10 21:54:01.654107,7621439303601179446,,@维森来了创作的原声,维森来了,100574634710,维森来了,914,,False,,,,,
7621504547391584889,2026-05-10 21:58:20.201253,7621504645847960370,,三角洲行动,是朱有才（三角洲行动）,104833716054,是朱有才（三角洲行动）,151,,False,,,,,
7621232565105771377,2026-05-10 21:51:12.355339,7621232496486697774,,明天过后(语录版),桃漫雾屿,3312172473002559,桃漫雾屿,25,,False,,,,,
7625933963341538728,2026-05-11 09:04:33.134178,7625933964150049562,,@人物说创作的原声,人物说,79469640079,人物说,42,,False,,,,,
7625933647380362926,2026-05-11 09:04:18.962099,7625933714576395058,,@车闻百家说创作的原声,车闻百家说,3891926451362508,车闻百家说,565,,False,,,,,
7621198539233692978,2026-05-10 21:50:02.302984,7621198610549885702,,@全新视界创作的原声,全新视界,1357256426536461,全新视界,196,,False,,,,,
7621199303037422894,2026-05-10 21:50:08.635535,7621199826281515822,,@光影世界创作的原声,光影世界,1552928218552648,光影世界,1065,,False,,,,,
7625932361125169838,2026-05-11 09:04:12.388475,7625932373897726739,,halou,小杨車坊,4373216951297322,小杨車坊,381,,False,,,,,
7625930919555157291,2026-05-11 09:04:08.371357,7625931139551103753,,@二狗脱口秀创作的原声,二狗脱口秀,3616752336914073,二狗脱口秀,694,,False,,,,,
7625929057691078053,2026-05-11 09:03:54.954470,7625929028838492970,,@哒哒看世界创作的原声,哒哒看世界,3039476090415392,哒哒看世界,452,,False,,,,,
7621223123823899313,2026-05-10 21:50:54.639937,7621223135698078491,,@阿明日记创作的原声,阿明日记,1627739061513192,阿明日记,365,,False,,,,,
7625928557235047716,2026-05-11 09:03:49.265739,7625928574872488730,,Aankhein khuli燃烧的爱火,哥德堡,849288972224531,哥德堡,314,,False,,,,,
7621229987714125110,2026-05-10 21:51:03.837863,7621230526619208494,,@丹牛食创作的原声,丹牛食,96099527096,丹牛食,848,,False,,,,,
7625926321197117608,2026-05-11 09:03:42.261478,7625926329636031286,,hard to start (降调版),小岚同学,54080955517,小岚同学,190,,False,,,,,
7621242621796650278,2026-05-10 21:51:17.865598,7621243383712860964,,咏春（DJ降调版）,听点什么🎶,7614887673489392699,听点什么🎶,2369,,False,,,,,
7621436451667126698,2026-05-10 21:53:37.604214,7621436544494422794,,@慕仔影视创作的原声,慕仔影视,3303360988720659,慕仔影视,850,,False,,,,,
7621259675456341477,2026-05-10 21:51:21.797492,7621259582098197275,,@晓豪讲故事创作的原声,晓豪讲故事,556787950950851,晓豪讲故事,616,,False,,,,,
7621331838426008838,2026-05-10 21:51:28.523924,7621331894373829395,,@压枪创作的原声,压枪,103407536075,压枪,623,,False,,,,,
7621357754837486874,2026-05-10 21:51:39.549193,7621357852338293514,,@环球文志创作的原声,环球文志,2694239543363360,环球文志,364,,False,,,,,
7621384631770651880,2026-05-10 21:52:04.324159,7621384593322232603,,玩抽象没好下场,躺着追剧,948223363253035,躺着追剧,54,,False,,,,,
7625925057935707428,2026-05-11 09:03:39.473376,7625925340979874611,,@一勺糖创作的原声,一勺糖,2877836888391080,一勺糖,860,,False,,,,,
7621396141694848302,2026-05-10 21:52:32.727355,7621396118312160041,,@汽车超人不会飞创作的原声,汽车超人不会飞,105048921593,汽车超人不会飞,586,,False,,,,,
7621400947528355082,2026-05-10 21:52:39.051819,7621401081830427443,,@大橙讲电影创作的原声,大橙讲电影,3507878007943865,大橙讲电影,483,,False,,,,,
7621407594405563688,2026-05-10 21:52:45.733456,7621408153103600435,,@申时创作的原声,申时,61647309237,申时,408,,False,,,,,
7621409088643781042,2026-05-10 21:52:53.825757,7621409043172789034,,@玫瑰不开了创作的原声,玫瑰不开了,92684878637,玫瑰不开了,25,,False,,,,,
7621420001378962742,2026-05-10 21:52:59.232151,7621420060522924819,,@呆呆动物园创作的原声,呆呆动物园,275305003749835,呆呆动物园,196,,False,,,,,
7621434073982484713,2026-05-10 21:53:31.314449,7621434127039892251,,@都市陈大胖创作的原声,都市陈大胖,62494084098,都市陈大胖,528,,False,,,,,
7625859969664978202,2026-05-11 09:02:06.662183,7625860015911439140,,@七喜说篮球🏀创作的原声,七喜说篮球🏀,62468490490,七喜说篮球🏀,178,,False,,,,,
7625857056318197034,2026-05-11 09:02:03.623507,7625857194969271103,,Talking + 勇氣,南瓜糊糊,7559850732032394300,南瓜糊糊,414,,False,,,,,
7625544326218885105,2026-05-11 08:57:25.567893,7625544422234524462,,@山西凡凡创作的原声,山西凡凡,110247333931,山西凡凡,628,,False,,,,,
7621799168729730310,2026-05-10 22:02:19.810495,7621799318755773235,,Una Mattina (Deep House Remix),小也,66403634405,小也,411,,False,,,,,
7621727949486969332,2026-05-10 22:00:32.263772,7621727790749584155,,@八极问心创作的原声,八极问心,1068362624936020,八极问心,59,,False,,,,,
7621731676927038629,2026-05-10 22:00:37.458218,7562895539637846073,,@燕子口风琴创作的原声,燕子口风琴,2552420569456876,燕子口风琴,18,,False,,,,,
7621741033419836687,2026-05-10 22:01:01.721405,7621741353717730111,,@迷影至下Filmlast创作的原声,迷影至下Filmlast,79417530270,迷影至下Filmlast,838,,False,,,,,
7621754171674332442,2026-05-10 22:01:32.571452,7621754364788575022,,@巴赫影探创作的原声,巴赫影探,1717862223056147,巴赫影探,521,,False,,,,,
7621754310851339227,2026-05-10 22:01:39.707196,7566785747206799412,,@王者荣耀AI乐团创作的原声,王者荣耀AI乐团,2100509573391626,王者荣耀AI乐团,17,,False,,,,,
7625593557478411547,2026-05-11 08:59:26.720539,7625593674034105114,,@RoCars-pro创作的原声,RoCars-pro,2623874097491387,RoCars-pro,332,,False,,,,,
7625592761428757810,2026-05-11 08:59:18.066015,7625593467976043273,,@9分创作的原声,9分,92456404541,9分,2129,,False,,,,,
7621785902049676595,2026-05-10 22:01:53.707331,7621785983012391707,,@布曜吉漫说创作的原声,布曜吉漫说,203852568594608,布曜吉漫说,158,,False,,,,,
7625592707523562752,2026-05-11 08:59:10.686106,7625592831524277042,,@莎木啊莎木创作的原声,莎木啊莎木,7547653116784657467,莎木啊莎木,382,,False,,,,,
7621795990261724850,2026-05-10 22:02:12.400209,7621795911416761131,,@鸡西穿孔饰品工作室｜黄油小熊🧸创作的原声,鸡西穿孔饰品工作室｜黄油小熊🧸,2531500382489593,鸡西穿孔饰品工作室｜黄油小熊🧸,106,,False,,,,,
7625591275979058600,2026-05-11 08:59:03.507413,7625699200612715318,,@疯狂动物园创作的原声,疯狂动物园,2927349167301568,疯狂动物园,190,,False,,,,,
7625574960194522403,2026-05-11 08:58:55.106147,7625575114410609435,,@兔哥影视创作的原声,兔哥影视,95080152041,兔哥影视,361,,False,,,,,
7625605666253704482,2026-05-11 08:59:42.519886,7625605746455235347,,@Dark-Tone创作的原声,Dark-Tone,4038955422983273,Dark-Tone,317,,False,,,,,
7625572216759088483,2026-05-11 08:58:52.741533,7625572178193992489,,@幻想家姜时一创作的原声,幻想家姜时一,874814695021207,幻想家姜时一,252,,False,,,,,
7625571467249372456,2026-05-11 08:58:32.924379,7625571516696283954,,@二柱TV创作的原声,二柱TV,7521308633667273786,二柱TV,154,,False,,,,,
7625571441265757446,2026-05-11 08:58:18.214989,7625571865075354410,,Undead Funeral March,小橙漫橱,24635934796928,小橙漫橱,1064,,False,,,,,
7625570144236271075,2026-05-11 08:58:12.679689,7625570112742542107,,@一路娱西创作的原声,一路娱西,1743138442714859,一路娱西,258,,False,,,,,
7621823882613394722,2026-05-10 22:02:37.694497,7621823912258915122,,@食叔小生活创作的原声,食叔小生活,92318588169,食叔小生活,96,,False,,,,,
7621825621361991139,2026-05-10 22:02:42.992379,7621825578483714835,,@星际娱乐创作的原声,星际娱乐,3156023822258491,星际娱乐,502,,False,,,,,
7621828211181243684,2026-05-10 22:02:48.757859,7621828207725103898,,大决战之辽沈战役,小鱼,79294684228,小鱼,313,,False,,,,,
7625566624988302619,2026-05-11 08:58:03.683395,7625741933725780778,,清明上河图 (DJ版)（Cover 李玉刚）,Aouty,719559433920650,Aouty,1483,,False,,,,,
7625566351733640490,2026-05-11 08:57:48.302751,7625566512577186586,,@车界创作的原声,车界,1207710136405472,车界,318,,False,,,,,
7621845624694017320,2026-05-10 22:03:19.781518,7621846110520445738,,@鑫宇影视创作的原声,鑫宇影视,4484285824768251,鑫宇影视,1513,,False,,,,,
7625563423787124371,2026-05-11 08:57:28.189583,7625563381274643226,,人生是旷野的,kloiyuf,1874045115302140,kloiyuf,25,,False,,,,,
7625600304226061618,2026-05-11 08:59:33.570792,7625600489811348262,,像风一样自由,超级鱼爱吃猫,2997720001287956,超级鱼爱吃猫,450,,False,,,,,
7625612475249734130,2026-05-11 08:59:45.251498,7625612398510082825,,@捉影创作的原声,捉影,3314362632898256,捉影,59,,False,,,,,
7621507066741427497,2026-05-10 21:58:27.493269,7621507212740938550,,和平精英,武子弈（五子棋）,95803736069,武子弈（五子棋）,448,,False,,,,,
7625658701742918963,2026-05-11 09:00:43.751110,7625658668586978054,,@里由创作的原声,里由,2078546460425896,里由,1264,,False,,,,,
7625854346353184006,2026-05-11 09:02:00.742515,7625854581259422473,,@篮球众星创作的原声,篮球众星,699731334413051,篮球众星,779,,False,,,,,
7625848809276345636,2026-05-11 09:01:53.294517,7625848935080381235,,@TinY.Lee²⁰²⁶创作的原声,TinY.Lee²⁰²⁶,57818010054,TinY.Lee²⁰²⁶,367,,False,,,,,
7625838551422340393,2026-05-11 09:01:50.596015,7625838769857514282,,唯一,南瓜糊糊,7559850732032394300,南瓜糊糊,433,,False,,,,,
7621518426179128586,2026-05-10 21:58:35.624710,7621518398782065458,,@伍弟玩游戏创作的原声,伍弟玩游戏,59010854391,伍弟玩游戏,168,,False,,,,,
7621522596177268009,2026-05-10 21:58:51.426293,7621522756248603398,,@银河来信创作的原声,银河来信,3513664665028872,银河来信,900,,False,,,,,
7625784238428001905,2026-05-11 09:01:27.962356,7625784051454266131,,@风的记忆创作的原声,风的记忆,7503184601084593209,风的记忆,304,,False,,,,,
7625776078091465307,2026-05-11 09:01:22.456745,7616338244930030387,,@🌈极限Xbox🌈创作的原声,🌈极限Xbox🌈,106067997108,🌈极限Xbox🌈,54,,False,,,,,
7625696593508945162,2026-05-11 09:01:07.681885,7532801682573361209,,三角洲行动,苏醒（三角洲行动）,24628770118171,苏醒（三角洲行动）,241,,False,,,,,
7625696533710720297,2026-05-11 09:01:01.219981,7625696653013568306,,无畏契约（Valorant）,绿泡泡Reyna,2463365844962301,绿泡泡Reyna,221,,False,,,,,
7621529018197921913,2026-05-10 21:59:04.820939,7621529026745715497,,@哦莫豆大王创作的原声,哦莫豆大王,1013071155047435,哦莫豆大王,329,,False,,,,,
7625658711147752357,2026-05-11 09:00:57.293600,7625658864649685786,,第五人格,鹤唳,2475709936971900,鹤唳,395,,False,,,,,
7621534908208467238,2026-05-10 21:59:15.736416,7621534860191992582,,@中国风味美食创作的原声,中国风味美食,2812988066897523,中国风味美食,118,,False,,,,,
7621595142398827001,2026-05-10 22:00:18.962682,7621594986408184627,,@张老师考公考研创作的原声,张老师考公考研,105228495652,张老师考公考研,251,,False,,,,,
7621535207136513315,2026-05-10 21:59:20.784239,7621535310085688083,,@体坛幕后创作的原声,体坛幕后,1875107119398106,体坛幕后,361,,False,,,,,
7621538377313144083,2026-05-10 21:59:26.945341,7621538441180744494,,@乡土中国味创作的原声,乡土中国味,3556290411900973,乡土中国味,97,,False,,,,,
7625650477023235338,2026-05-11 09:00:36.839651,7625651344329689898,,Kabuki-cho No Joou -Queen Of Kabuki-cho-,XiaoG,2482023036367043,XiaoG,520,,False,,,,,
7625645301654687016,2026-05-11 09:00:28.797492,7625645385079360307,,无畏契约（Valorant）,⭐金牌讲师Rush雷兹（无畏契约）,3107643177843068,⭐金牌讲师Rush雷兹（无畏契约）,105,,False,,,,,
7625640644869999918,2026-05-11 09:00:21.501514,7625640844275829555,,@晚风来创作的原声,晚风来,105205486109,晚风来,601,,False,,,,,
7621554720993185060,2026-05-10 21:59:42.204523,7621554883438938890,,@向上深读创作的原声,向上深读,2464481014978235,向上深读,569,,False,,,,,
7621557988653911339,2026-05-10 21:59:48.845796,7621558490265094952,,@伍伍摄影教学创作的原声,伍伍摄影教学,3419942242753131,伍伍摄影教学,2008,,False,,,,,
7625634412209806193,2026-05-11 09:00:10.216459,7625634533248944936,,@泡泡校花创作的原声,泡泡校花,1357274552735632,泡泡校花,554,,False,,,,,
7621566235222232293,2026-05-10 22:00:08.583731,7621566095501151016,,@刀小龙创作的原声,刀小龙,98111757667,刀小龙,465,,False,,,,,
7625623429186357233,2026-05-11 09:00:00.086698,7625623404653415206,,@专捅窗户纸创作的原声,专捅窗户纸,1646402156120424,专捅窗户纸,401,,False,,,,,
7625617396107103528,2026-05-11 08:59:52.485973,7625617431089204022,,@铁头王影视创作的原声,铁头王影视,104826605086,铁头王影视,59,,False,,,,,
7622534706826988851,2026-05-10 22:18:13.881150,7622535007944379146,,@影帆电影创作的原声,影帆电影,1855588130884399,影帆电影,891,,False,,,,,
7622550683039976719,2026-05-10 22:18:26.585707,7622550751746820927,,@地外放映厅创作的原声,地外放映厅,94978069256116,地外放映厅,377,,False,,,,,
7625935832171531530,2026-05-11 09:04:41.361656,7625935997301508883,,九百九十九朵玫瑰（Cover 邰正宵）,阿龙说,7506146361134498873,阿龙说,437,,False,,,,,
7624467252527598854,2026-05-10 22:56:27.971378,7624467719353912110,,@瓶子说动漫创作的原声,瓶子说动漫,1477335279217598,瓶子说动漫,1136,,False,,,,,
7623571327144937969,2026-05-10 22:40:22.573765,7623571344458074906,,孤寂绝尘（高能版）,特工一号,1594746348769012,特工一号,679,,False,,,,,
7624471025249570100,2026-05-10 22:57:30.908474,7624471170636696358,,@壹财经创作的原声,壹财经,2612057173408846,壹财经,379,,False,,,,,
7624470335487823142,2026-05-10 22:57:24.950631,7624470363031882523,,@小灰灰之声创作的原声,小灰灰之声,2384186772568148,小灰灰之声,507,,False,,,,,
7623631514919537971,2026-05-10 22:40:35.292031,7623631578740345636,,@衣西里里创作的原声,衣西里里,299535262822100,衣西里里,524,,False,,,,,
7624469783047687474,2026-05-10 22:57:18.579131,7624469913482185523,,@安德鲁的火车帽创作的原声,安德鲁的火车帽,2033444179676762,安德鲁的火车帽,427,,False,,,,,
7623643485618343195,2026-05-10 22:40:49.366997,7623643989035518746,,@玖七说剧创作的原声,玖七说剧,3400144556406359,玖七说剧,1011,,False,,,,,
7623658820656532774,2026-05-10 22:41:14.699855,7623658898796415795,,七子之歌,衣西里里,299535262822100,衣西里里,388,,False,,,,,
7624469381476666650,2026-05-10 22:57:10.964599,7624469589150829362,,@古今史录创作的原声,古今史录,2833881576517100,古今史录,424,,False,,,,,
7624469228581686569,2026-05-10 22:56:48.478240,7624469286307760902,,@下饭动漫馆创作的原声,下饭动漫馆,4355597451143372,下饭动漫馆,182,,False,,,,,
7624468161412418866,2026-05-10 22:56:41.401654,7624468240999369481,,@柯景腾创作的原声,柯景腾,2821765880879563,柯景腾,203,,False,,,,,
7624468073239694644,2026-05-10 22:56:35.608492,7624468104262372142,,@金满贯-黄晨乒乓球教学10号创作的原声,金满贯-黄晨乒乓球教学10号,3745383212646473,金满贯-黄晨乒乓球教学10号,44,,False,,,,,
7623692651874897202,2026-05-10 22:41:40.571629,7623692890853739315,,@逐梦体坛创作的原声,逐梦体坛,339092264194206,逐梦体坛,458,,False,,,,,
7624480869139621514,2026-05-10 22:58:00.281793,7624480858224806683,,REVENGE SUPER SLOWED（压迫感小曲）,词悲游戏解说,2841551087874824,词悲游戏解说,30,,False,,,,,
7623697403299810587,2026-05-10 22:41:48.206339,7623697900742085414,,@奇记路书夏先森创作的原声,奇记路书夏先森,75306860806,奇记路书夏先森,1070,,False,,,,,
7623703795477794090,2026-05-10 22:41:53.565227,7623703845566221092,,@足球人物记创作的原声,足球人物记,451274120628185,足球人物记,190,,False,,,,,
7624466806186803449,2026-05-10 22:56:19.708051,7380034402501266698,,《关山酒》(DJ弹鼓版),͏͏余音,4075230629994346,͏͏余音,2400,,False,,,,,
7624463936108170538,2026-05-10 22:56:14.252601,7624463956249266970,,@博扬-世界杯创作的原声,博扬-世界杯,2549088634544666,博扬-世界杯,261,,False,,,,,
7623720627703222857,2026-05-10 22:42:28.094498,7623720584588970815,,Plain Jane（纯享版）,小v姐姐,3890511187804877,小v姐姐,29,,False,,,,,
7623721733958225194,2026-05-10 22:42:34.866285,7623722099068357418,,@香菜解说创作的原声,香菜解说,7585311563952800826,香菜解说,1084,,False,,,,,
7623724402563239208,2026-05-10 22:42:59.441486,7623724567848078118,,@烬火燎原创作的原声,烬火燎原,273123429071838,烬火燎原,465,,False,,,,,
7623728180410453257,2026-05-10 22:43:08.275010,7623728462767180570,,@阿坑摆交通创作的原声,阿坑摆交通,59880048405,阿坑摆交通,580,,False,,,,,
7623728554983690083,2026-05-10 22:43:21.664024,7623728496656894763,,Revenge超燃硬曲 - Super Slowed,南之峰户外俱乐部-北海,7621817259186553893,南之峰户外俱乐部-北海,14,,False,,,,,
7623729502656599626,2026-05-10 22:43:27.653973,7623729461233552191,,@溜达的小夕（旅行版）创作的原声,溜达的小夕（旅行版）,2843790455349563,溜达的小夕（旅行版）,217,,False,,,,,
7623729595392609571,2026-05-10 22:43:39.359099,7623729872132639524,,@篮球上将创作的原声,篮球上将,99718787746,篮球上将,654,,False,,,,,
7623506358217805066,2026-05-10 22:39:57.240064,7623506605501401902,,@动物趣谈会创作的原声,动物趣谈会,939404518233980,动物趣谈会,975,,False,,,,,
7624481846914452771,2026-05-10 22:58:06.456168,7624481893320231706,,@祁祁创作的原声,祁祁,1512527052677020,祁祁,154,,False,,,,,
7623736284250524954,2026-05-10 22:44:23.184542,7623736701841214243,,@烛光探影创作的原声,烛光探影,282989217986410,烛光探影,1801,,False,,,,,
7624499017837186313,2026-05-10 22:59:22.812865,7624499176373586734,,@老丁不才创作的原声,老丁不才,7598386966841820219,老丁不才,409,,False,,,,,
7623355067864714496,2026-05-10 22:36:58.399680,7623355094742027059,,@车谈李二狗创作的原声,车谈李二狗,4419662494047100,车谈李二狗,146,,False,,,,,
7624509071395147051,2026-05-10 22:59:47.251574,7624509394822204170,,@猪队友🐷创作的原声,猪队友🐷,2157673397620266,猪队友🐷,738,,False,,,,,
7624505508833021247,2026-05-10 22:59:39.067922,7624505698799078154,,@睁眼看世界创作的原声,睁眼看世界,1216472580364048,睁眼看世界,595,,False,,,,,
7624504003715767462,2026-05-10 22:59:32.058557,7624503973482974003,,@打工没人要的奥德彪创作的原声,打工没人要的奥德彪,3968556252795690,打工没人要的奥德彪,13,,False,,,,,
7623365453481643299,2026-05-10 22:37:14.816258,7623365447879658294,,@模特时刻创作的原声,模特时刻,3456461648432755,模特时刻,38,,False,,,,,
7623370873528913179,2026-05-10 22:37:22.365126,7623371157479246642,,只能希望雨下不停,二次元小祥,3218977597437007,二次元小祥,640,,False,,,,,
7623378880509775145,2026-05-10 22:37:47.964521,7623379001238735635,,@阿豆电影创作的原声,阿豆电影,1165897612932508,阿豆电影,394,,False,,,,,
7623380684098309395,2026-05-10 22:37:57.057578,7623380726932146970,,@中国味道原产地创作的原声,中国味道原产地,3021923634385119,中国味道原产地,128,,False,,,,,
7623381978875710766,2026-05-10 22:38:03.067686,7609258900939882511,,@清酱和香橙创作的原声,清酱和香橙,2043342820488555,清酱和香橙,400,,False,,,,,
7623384427070098688,2026-05-10 22:38:13.917542,7623384664610589478,,@糖糖极限运动创作的原声,糖糖极限运动,4270931717918028,糖糖极限运动,657,,False,,,,,
7623386083287485739,2026-05-10 22:38:21.791395,7623386739851135779,,@ct5小田创作的原声,ct5小田,103618677950,ct5小田,2035,,False,,,,,
7624497068598802597,2026-05-10 22:58:57.064215,7624497038285163318,,@化妆师郑贝贝创作的原声,化妆师郑贝贝,3284970991522008,化妆师郑贝贝,254,,False,,,,,
7623443229958753721,2026-05-10 22:39:46.431909,7623443154024418091,,@又饿创作的原声,又饿,3958712584125917,又饿,236,,False,,,,,
7623388012377820459,2026-05-10 22:38:33.323611,7623388210601528090,,@老倪说剧创作的原声,老倪说剧,1549633515178672,老倪说剧,470,,False,,,,,
7624496248263787171,2026-05-10 22:58:49.839086,7624496174640270143,,牵丝戏(0.9X),田径小趴菜,7528977603895428153,田径小趴菜,299,,False,,,,,
7624490266879102249,2026-05-10 22:58:46.470332,7624490371770387206,,@庄子HD创作的原声,庄子HD,3470493947534528,庄子HD,1002,,False,,,,,
7623392005984406835,2026-05-10 22:38:44.867352,7623392339134204713,,@大飞环球地理创作的原声,大飞环球地理,165340509122779,大飞环球地理,793,,False,,,,,
7623401026875993280,2026-05-10 22:38:50.335419,7623400986643630899,,@阵芽🌱创作的原声,阵芽🌱,3952057427169924,阵芽🌱,7,,False,,,,,
7623401644541152563,2026-05-10 22:38:56.714753,7623401876257196846,,@好奇盒子创作的原声,好奇盒子,3463924205225370,好奇盒子,682,,False,,,,,
7623405428801572147,2026-05-10 22:39:00.777974,7623405593981635354,,@山无遮创作的原声,山无遮,62471462120,山无遮,382,,False,,,,,
7624489014766210350,2026-05-10 22:58:39.262261,7624489098951674634,,@什么动物园创作的原声,什么动物园,2311650056871664,什么动物园,211,,False,,,,,
7624488840543625065,2026-05-10 22:58:24.464158,7624488840419183410,,@滑玛他老了创作的原声,滑玛他老了,3811366312093626,滑玛他老了,375,,False,,,,,
7623428579744845091,2026-05-10 22:39:14.897066,7623429088170068745,,@科学视界面创作的原声,科学视界面,7441003325154247739,科学视界面,942,,False,,,,,
7623437892316926626,2026-05-10 22:39:20.711547,7623437710966999827,,Hikarunara,弥海砂,3546388766674235,弥海砂,24,,False,,,,,
7623732824624860459,2026-05-10 22:44:03.020575,7623732820310625062,,@盛罗澜创作的原声,盛罗澜,7511645305215140921,盛罗澜,187,,False,,,,,
7623743107795897635,2026-05-10 22:44:34.198341,7623743228436548371,,Jing Wwei,影视叨客,2235784754895401,影视叨客,373,,False,,,,,
7623350726906875188,2026-05-10 22:36:49.146972,7623350808884677386,,Judgment Day is,美食经济学,109889886565,美食经济学,244,,False,,,,,
7624121653336886563,2026-05-10 22:50:33.782124,7624121749285636883,,@在下有礼了创作的原声,在下有礼了,699762878725775,在下有礼了,232,,False,,,,,
7624068587631824179,2026-05-10 22:49:04.603960,7624068671044979499,,Underground（翻盘の小曲）,猫处(无畏契约),67577098881,猫处(无畏契约),302,,False,,,,,
7624070496316961275,2026-05-10 22:49:12.300434,7624070474955262770,,@吉吉国王创作的原声,吉吉国王,63709763829,吉吉国王,237,,False,,,,,
7624081779805566821,2026-05-10 22:49:27.922407,7624081776012446470,,@鲨鲨鲨糖橘创作的原声,鲨鲨鲨糖橘,7586969120983532602,鲨鲨鲨糖橘,99,,False,,,,,
7624088945306897714,2026-05-10 22:49:35.194826,7624089052270431027,,@综娱显眼包创作的原声,综娱显眼包,1260518160730740,综娱显眼包,322,,False,,,,,
7624090936943212200,2026-05-10 22:49:38.018349,7624090926016695076,,@阿柒动漫解说创作的原声,阿柒动漫解说,7487597662600217659,阿柒动漫解说,104,,False,,,,,
7624386891915234566,2026-05-10 22:54:41.371713,7624387172375841542,,@即刻自然说创作的原声,即刻自然说,92978489207,即刻自然说,1039,,False,,,,,
7624364659819606385,2026-05-10 22:54:26.767457,7624364680271219494,,@闽杭说剧创作的原声,闽杭说剧,2623851651687511,闽杭说剧,407,,False,,,,,
7624358196941098267,2026-05-10 22:54:19.096531,7624358208257182483,,@种草实验室创作的原声,种草实验室,1311036932370584,种草实验室,76,,False,,,,,
7624113308060216933,2026-05-10 22:50:02.933133,7624113367132801807,,@随心漫谈创作的原声,随心漫谈,1259374541289930,随心漫谈,540,,False,,,,,
7624356899575680266,2026-05-10 22:53:54.605347,7624357111367027499,,风一样的勇士DNF,二嗄说,394055842550938,二嗄说,714,,False,,,,,
7624355958159854858,2026-05-10 22:53:45.299975,7624356050405215026,,@上海彩虹室内合唱团创作的原声,上海彩虹室内合唱团,65215929080,上海彩虹室内合唱团,350,,False,,,,,
7624124131022521334,2026-05-10 22:50:53.846315,7624124250488212243,,@夏7拉创作的原声,夏7拉,615367052896216,夏7拉,423,,False,,,,,
7624037387882681081,2026-05-10 22:48:46.350462,7624037343669816090,,@加减乘除创作的原声,加减乘除,2298410715847696,加减乘除,116,,False,,,,,
7624131211384457151,2026-05-10 22:51:42.065449,7624131152181316406,,见过花开就好 何必在意花为谁开,国服插秧王,7481274813714515003,国服插秧王,15,,False,,,,,
7624132688735194377,2026-05-10 22:51:46.253614,7624132898832157459,,@江洋看世界创作的原声,江洋看世界,62637336337,江洋看世界,736,,False,,,,,
7624140264547349681,2026-05-10 22:51:53.871831,7624140216349412105,,@大莹妹er💅美甲创作的原声,大莹妹er💅美甲,4283334084536285,大莹妹er💅美甲,104,,False,,,,,
7624148973128813859,2026-05-10 22:52:21.600726,7624149108911082246,,@于澈创作的原声,于澈,59843265847,于澈,674,,False,,,,,
7624209240967141499,2026-05-10 22:53:33.478509,7624209105254697779,,@旧能源汽车停车场🚗创作的原声,旧能源汽车停车场🚗,553795211770492,旧能源汽车停车场🚗,279,,False,,,,,
7624159359882235136,2026-05-10 22:52:30.325632,7624159764582468378,,王者荣耀,一寒打野教学,3667572303074355,一寒打野教学,465,,False,,,,,
7624161303578339747,2026-05-10 22:52:37.841901,7624161340860418867,,@呢喃创作的原声,呢喃,61288524901,呢喃,727,,False,,,,,
7624205243957529906,2026-05-10 22:53:30.185487,7624205683990285107,,@「从地图出发」创作的原声,「从地图出发」,59233673371,「从地图出发」,840,,False,,,,,
7624162688171591674,2026-05-10 22:52:50.278204,7624162631615515392,,@车流不息创作的原声,车流不息,1030673207658936,车流不息,311,,False,,,,,
7624187564118838538,2026-05-10 22:52:57.317783,7624187819606526762,,@浊酒探影创作的原声,浊酒探影,62844346174,浊酒探影,1331,,False,,,,,
7624189608770719011,2026-05-10 22:53:04.506303,7624189837796510505,,@深空漫游者创作的原声,深空漫游者,1250600146966076,深空漫游者,395,,False,,,,,
7624058573361890422,2026-05-10 22:48:54.037831,7624058794158476078,,@海外足球创作的原声,海外足球,1081543001900968,海外足球,422,,False,,,,,
7624025849452389540,2026-05-10 22:48:39.270072,7624025837889112841,,@经典小品创作的原声,经典小品,7597268411513259065,经典小品,1127,,False,,,,,
7623747262769892662,2026-05-10 22:44:41.493955,7623747329517996851,,@天马🐎娱记创作的原声,天马🐎娱记,3933387871759080,天马🐎娱记,189,,False,,,,,
7623809899298193315,2026-05-10 22:46:28.571943,7621967820116609833,,微笑再美 再再美(DJ氛围版),美味的红提,97848696945,美味的红提,12,,False,,,,,
7623750831807958282,2026-05-10 22:45:13.430178,7623751014784813860,,@蜗牛影视馆创作的原声,蜗牛影视馆,968011270335143,蜗牛影视馆,500,,False,,,,,
7623757132688674088,2026-05-10 22:45:16.741079,7623757408381864713,,@大海星电影创作的原声,大海星电影,1389429960999968,大海星电影,553,,False,,,,,
7623761921204343033,2026-05-10 22:45:25.531074,7623761852069776168,,@浪漫live创作的原声,浪漫live,2022754675858976,浪漫live,24,,False,,,,,
7623766654208463354,2026-05-10 22:45:31.598047,7623766620942502698,,@Dr Martin 周无桐创作的原声,Dr Martin 周无桐,105569002380,Dr Martin 周无桐,441,,False,,,,,
7624462450938727731,2026-05-10 22:56:04.094153,7624463183918451498,,光,不贰电影,75198779256,不贰电影,2489,,False,,,,,
7623770655267705009,2026-05-10 22:45:43.023774,7623770637915540287,,@zxxx创作的原声,zxxx,61628237686,zxxx,323,,False,,,,,
7623776654615219510,2026-05-10 22:45:49.624595,7623776964972792595,,突然想起你,一点音乐,7579202889952838713,一点音乐,503,,False,,,,,
7624461281495508200,2026-05-10 22:55:59.879125,7624461303813344010,,@斯诺克🍁枫叶创作的原声,斯诺克🍁枫叶,2524118614543943,斯诺克🍁枫叶,310,,False,,,,,
7623779092277497126,2026-05-10 22:46:04.548734,7623779283783011110,,@拔叔邀你赴宴创作的原声,拔叔邀你赴宴,1165929269435325,拔叔邀你赴宴,396,,False,,,,,
7623786616787635462,2026-05-10 22:46:11.800030,7623786687327800100,,@云飞默创作的原声,云飞默,728299243321881,云飞默,173,,False,,,,,
7623805838595643813,2026-05-10 22:46:21.285588,7623805838331104019,,@涛仔影视创作的原声,涛仔影视,2322608052771956,涛仔影视,599,,False,,,,,
7624459788869092826,2026-05-10 22:55:50.707925,7624459919084817179,,@老包tv创作的原声,老包tv,91647911906,老包tv,481,,False,,,,,
7624441892599500066,2026-05-10 22:55:07.357087,7624441929215855370,,@勾魂公狒狒创作的原声,勾魂公狒狒,104478172446,勾魂公狒狒,111,,False,,,,,
7623836508075609350,2026-05-10 22:46:41.914206,7623836669287975718,,王者荣耀,猪兜游戏解说,4270137847859176,猪兜游戏解说,503,,False,,,,,
7623836785822420287,2026-05-10 22:46:48.915144,7437928809355018292,,Witch Parade Assassin,橙糖影视🍬,1522167514668784,橙糖影视🍬,1376,,False,,,,,
7624457053772019067,2026-05-10 22:55:41.906743,7624456989413755663,,三角洲行动,大宝小老弟(三角洲行动),7439662044653208634,大宝小老弟(三角洲行动),484,,False,,,,,
7623982782078897454,2026-05-10 22:47:41.721889,7545853407416811579,,惊鸿一面（DJ原速1_0x）,种草实验室,1311036932370584,种草实验室,70,,False,,,,,
7623984684686445860,2026-05-10 22:47:48.442327,7623985011313969962,,@银河来信创作的原声,银河来信,3513664665028872,银河来信,959,,False,,,,,
7624455448464264486,2026-05-10 22:55:25.891430,7624455944713341750,,@汴梁小白兔（王婆说媒）创作的原声,汴梁小白兔（王婆说媒）,2788818332432189,汴梁小白兔（王婆说媒）,2025,,False,,,,,
7624003101288123654,2026-05-10 22:47:57.885324,7624003169559104265,,@游鱼思创作的原声,游鱼思,59092858175,游鱼思,213,,False,,,,,
7624010725987749155,2026-05-10 22:48:06.138369,7624010725752671018,,@小嘟侃球创作的原声,小嘟侃球,1602430961742728,小嘟侃球,120,,False,,,,,
7624443766362885418,2026-05-10 22:55:12.726075,7624444518972853002,,@楚门聊电影创作的原声,楚门聊电影,72920691306,楚门聊电影,1775,,False,,,,,
7624018474632842523,2026-05-10 22:48:11.424492,7624018702601653019,,@宸宸动漫创作的原声,宸宸动漫,52927053781,宸宸动漫,744,,False,,,,,
7624021399748791588,2026-05-10 22:48:26.908923,7624021567143627530,,@桑桑影话创作的原声,桑桑影话,91696008461,桑桑影话,558,,False,,,,,
7623351291918367653,2026-05-10 22:36:55.095852,7623351611032996649,,@爱化妆的芳芳创作的原声,爱化妆的芳芳,7559775643912275003,爱化妆的芳芳,1801,,False,,,,,
7623350023522209066,2026-05-10 22:36:41.431611,7623350227872910106,,@夏夜荒原创作的原声,夏夜荒原,998782818334263,夏夜荒原,572,,False,,,,,
7624928184945052934,2026-05-11 08:51:15.325804,7624928316495285018,,达拉崩吧 - Live,徐行客,7601344192892322853,徐行客,384,,False,,,,,
7622870369876118706,2026-05-10 22:27:03.881004,7622870336584862502,,@栀玖创作的原声,栀玖,500978874065992,栀玖,97,,False,,,,,
7624845293707874282,2026-05-11 08:50:10.007405,7624845333104741130,,@侯大莫动漫创作的原声,侯大莫动漫,2977948132446892,侯大莫动漫,395,,False,,,,,
7624840865004916022,2026-05-11 08:49:52.551177,7624841067518561051,,demo（Cover 呆莫）,麟励✘,3235207598586067,麟励✘,563,,False,,,,,
7624833629935816689,2026-05-11 08:49:45.374740,7624833589921745673,,蓝莲花,西北制燥,2577704248150995,西北制燥,20,,False,,,,,
7622699804078145190,2026-05-10 22:25:03.414688,7622699745471187721,,想你时风起（电视剧《我的人间烟火》回忆主题曲）,流星live,7419705622931047481,流星live,20,,False,,,,,
7622706079432052022,2026-05-10 22:25:11.527090,7622706095257160494,,@李宵肴的Vlog创作的原声,李宵肴的Vlog,4103790996759335,李宵肴的Vlog,409,,False,,,,,
7622713163305521643,2026-05-10 22:25:18.902198,7622713060252846857,,@波哥动物园创作的原声,波哥动物园,97883518626,波哥动物园,142,,False,,,,,
7622721459395267840,2026-05-10 22:25:43.420563,7622721720222485311,,@阿悦的悦创作的原声,阿悦的悦,2608478173538542,阿悦的悦,1505,,False,,,,,
7622722253125389577,2026-05-10 22:26:18.260200,7622722184535952178,,@江洋看世界创作的原声,江洋看世界,62637336337,江洋看世界,534,,False,,,,,
7622728889076886377,2026-05-10 22:26:43.805723,7622728626420730633,,@黄昏晓live创作的原声,黄昏晓live,3437529504948259,黄昏晓live,24,,False,,,,,
7624829492262948122,2026-05-11 08:49:41.774520,7624829456502606655,,@阿狗学长创作的原声,阿狗学长,4002695188062652,阿狗学长,368,,False,,,,,
7624826584088073635,2026-05-10 23:04:08.365624,7624826630564809478,,@名侦探小宇创作的原声,名侦探小宇,109050767326,名侦探小宇,223,,False,,,,,
7622878145699450164,2026-05-10 22:27:09.920334,7622878206558898970,,@真相探长阿科创作的原声,真相探长阿科,115875635274708,真相探长阿科,330,,False,,,,,
7622662297378393353,2026-05-10 22:24:33.761927,7622662387954453284,,@星记StarStory创作的原声,星记StarStory,1250591917222217,星记StarStory,240,,False,,,,,
7622881857528450340,2026-05-10 22:27:20.770508,7622881868203002670,,@暮色回响集创作的原声,暮色回响集,3423244164011403,暮色回响集,31,,False,,,,,
7624815147646805480,2026-05-10 23:03:35.916040,7624815090168040228,,@古承匠心创作的原声,古承匠心,60719203745,古承匠心,26,,False,,,,,
7624812263404737659,2026-05-10 23:03:28.808048,7624812215900228371,,@崂山茶社创作的原声,崂山茶社,100498974417,崂山茶社,41,,False,,,,,
7622898713129071473,2026-05-10 22:27:52.707314,7622898617799478079,,@云泽创作的原声,云泽,86719542554,云泽,1196,,False,,,,,
7624809182490840346,2026-05-10 23:03:20.414837,7624809222757829426,,@SuperTop创作的原声,SuperTop,330327992314823,SuperTop,153,,False,,,,,
7622907951224851753,2026-05-10 22:28:00.392991,7622908337432038194,,自作多情 (Cover 周慧敏),了in林,94490592235,了in林,710,,False,,,,,
7622914881070632201,2026-05-10 22:28:08.729828,7622915437148916531,,Earthquake,不知布只,722832718043008,不知布只,1700,,False,,,,,
7622919512840604969,2026-05-10 22:28:15.332607,7622920269333678888,,@禾也书屋创作的原声,禾也书屋,3459541434111339,禾也书屋,1884,,False,,,,,
7622937493402324260,2026-05-10 22:28:18.444867,7622937520182971155,,关中王进行曲（DJ戏腔）,忘川说剧,4197286238497276,忘川说剧,365,,False,,,,,
7622944736965729791,2026-05-10 22:28:22.256285,7622944712189578003,,@Monica adventure创作的原声,Monica adventure,3880592175541259,Monica adventure,237,,False,,,,,
7624808486358043967,2026-05-10 23:03:11.178846,7579500775517192207,,@我是一只粽子啊创作的原声,我是一只粽子啊,83808530318,我是一只粽子啊,1381,,False,,,,,
7622685049833508111,2026-05-10 22:24:48.785295,7622685238514584339,,@影子剪影创作的原声,影子剪影,295091404538055,影子剪影,568,,False,,,,,
7624886825865284910,2026-05-11 08:50:28.866634,7624887010980875062,,@James.彪子创作的原声,James.彪子,7511819252452017211,James.彪子,470,,False,,,,,
7622955957605125427,2026-05-10 22:28:35.199794,7622956048332163890,,弱水三千（DJ细霖版）,僵界哲思,4466677310034684,僵界哲思,293,,False,,,,,
7622583531469816034,2026-05-10 22:20:06.509202,7622583498846522112,,@小陶学长爱美食创作的原声,小陶学长爱美食,4239306801553688,小陶学长爱美食,90,,False,,,,,
7622554159312637235,2026-05-10 22:18:35.683361,7622554391148497714,,@大白话侃电影创作的原声,大白话侃电影,61185779719,大白话侃电影,812,,False,,,,,
7624925765334879529,2026-05-11 08:51:07.610410,7304235069848158234,,我的世界,千城,3320953885435863,千城,553,,False,,,,,
7622558713592679726,2026-05-10 22:18:59.617540,7622558699369941803,,@西西班长（合集）创作的原声,西西班长（合集）,7608125125699945531,西西班长（合集）,598,,False,,,,,
7622567666259168521,2026-05-10 22:19:08.087754,7622568335343618879,,@小优影视创作的原声,小优影视,67442071260,小优影视,1774,,False,,,,,
7624917350545952036,2026-05-11 08:51:00.833646,7624917474823244553,,鬼迷心窍(国),星耀𝐈𝐃𝐎𝐋,4303910480910404,星耀𝐈𝐃𝐎𝐋,463,,False,,,,,
7622575266585889704,2026-05-10 22:19:21.922307,7622575216326806310,,@ZeRo.live创作的原声,ZeRo.live,488662288314368,ZeRo.live,28,,False,,,,,
7622578392285596947,2026-05-10 22:19:27.710110,7622578377303706410,,三角洲行动,浩南（红狼夺舍流）,967206852365432,浩南（红狼夺舍流）,152,,False,,,,,
7622578589329843045,2026-05-10 22:19:36.350730,7622578575639907118,,@周杰伦晚安电台创作的原声,周杰伦晚安电台,57458061389,周杰伦晚安电台,144,,False,,,,,
7622579556675106234,2026-05-10 22:19:43.214316,7622579492619291407,,@东北豁牙子.（寻味全国）创作的原声,东北豁牙子.（寻味全国）,4244569421516576,东北豁牙子.（寻味全国）,80,,False,,,,,
7622579689202604539,2026-05-10 22:19:49.803801,7622579600891136802,,@应知四海创作的原声,应知四海,924010975865463,应知四海,174,,False,,,,,
7622580774797488891,2026-05-10 22:19:56.351991,7622580899019836170,,王者荣耀,小孔成像（百段边路）,1858646879770976,小孔成像（百段边路）,649,,False,,,,,
7624909172987022642,2026-05-11 08:50:49.357757,7618823708496379940,,@李同学有点东西创作的原声,李同学有点东西,2692025953295277,李同学有点东西,431,,False,,,,,
7622648140205657386,2026-05-10 22:23:53.205237,7622648645501864755,,@多多的玩车宇宙创作的原声,多多的玩车宇宙,2381975628819772,多多的玩车宇宙,389,,False,,,,,
7622590402616511754,2026-05-10 22:20:29.388689,122628437,,Tempt Scandal,趣味动物,2749193430766183,趣味动物,1175,,False,,,,,
7622595708872396218,2026-05-10 22:20:54.048062,7599896096743096330,,@狸里创作的原声,狸里,66158252205,狸里,252,,False,,,,,
7622596694248574254,2026-05-10 22:21:18.393479,7622596785080453926,,@陈二九创作的原声,陈二九,1245072470585747,陈二九,396,,False,,,,,
7622597784109236081,2026-05-10 22:21:44.106245,7423711961902284859,,特辣的海藻（8D环绕DJ版）,重生之我是闺蜜的厨子,1215412088902931,重生之我是闺蜜的厨子,90,,False,,,,,
7622613417506126459,2026-05-10 22:22:08.831432,7622613322352937771,,@小林爱侃车创作的原声,小林爱侃车,2894371699294467,小林爱侃车,124,,False,,,,,
7624895613221511131,2026-05-11 08:50:40.279206,7624895821653330739,,三角洲行动,白跑跑(三角洲行动）,1361648094820633,白跑跑(三角洲行动）,556,,False,,,,,
7622623876945944704,2026-05-10 22:22:35.007715,7622624003401337651,,@湫湫肉嘟嘟创作的原声,湫湫肉嘟嘟,7474491148426691643,湫湫肉嘟嘟,189,,False,,,,,
7622625563152289024,2026-05-10 22:22:41.703257,7622625877227014921,,无人之地 (Nno Mans land),银河来信,3513664665028872,银河来信,937,,False,,,,,
7622632044922082938,2026-05-10 22:22:49.289714,7622632273774430982,,雨过后的风景,Bobaya,358894106853232,Bobaya,2617,,False,,,,,
7622634739275920369,2026-05-10 22:23:19.450912,7622634971362020142,,Wasted (宿命氛围版）,Bobaya,358894106853232,Bobaya,2770,,False,,,,,
7622637234458118885,2026-05-10 22:23:44.886700,7622637244473428751,,Fallin Out 1.2x,壞蛋是我-）,62087842994,壞蛋是我-）,421,,False,,,,,
7624807128405970222,2026-05-10 23:02:46.981821,7624807339387849482,,@不是车评创作的原声,不是车评,1957553821720124,不是车评,643,,False,,,,,
7624804917831617818,2026-05-10 23:02:42.823206,7624804910663600947,,@红蛋漫谈创作的原声,红蛋漫谈,7617387485093790777,红蛋漫谈,197,,False,,,,,
7624509427462508136,2026-05-10 22:59:49.984491,7624509340635990838,,@𝑵𝒂𝒕𝒖𝒓𝒆纪录频道创作的原声,𝑵𝒂𝒕𝒖𝒓𝒆纪录频道,95096678614,𝑵𝒂𝒕𝒖𝒓𝒆纪录频道,588,,False,,,,,
7624547621658496266,2026-05-10 23:00:18.533072,7624547628100881190,,王者荣耀,咸蛋黄（辅助教学）,2377617802526736,咸蛋黄（辅助教学）,94,,False,,,,,
7623064037986749742,2026-05-10 22:32:22.264406,7623064148326222619,,@羊栖探秘社创作的原声,羊栖探秘社,948245421883962,羊栖探秘社,427,,False,,,,,
7623074386690808049,2026-05-10 22:32:42.310994,7623074321103457074,,@无纪创作的原声,无纪,3094447507651795,无纪,520,,False,,,,,
7623078327720752121,2026-05-10 22:32:48.932460,7623078175949474623,,@墨采❤️¹⁹⁹🇨🇳创作的原声,墨采❤️¹⁹⁹🇨🇳,82459269763,墨采❤️¹⁹⁹🇨🇳,112,,False,,,,,
7623078787672001798,2026-05-10 22:33:13.458623,7623078962222123817,,王者荣耀,猪兜游戏解说,4270137847859176,猪兜游戏解说,690,,False,,,,,
7623079817839267072,2026-05-10 22:33:38.378232,7623079985640786715,,Go Solo (feat. Tom Rosenthal),S梦琦,78100450393,S梦琦,374,,False,,,,,
7623080624967102299,2026-05-10 22:33:48.761475,7623080671245912895,,@精剪奉献【骨头女王】创作的原声,精剪奉献【骨头女王】,104514103103,精剪奉献【骨头女王】,1195,,False,,,,,
7623089501182643466,2026-05-10 22:33:51.431975,7623089588608813833,,Milestones,铸剑心结,1845460045661867,铸剑心结,1980,,False,,,,,
7623120272614264073,2026-05-10 22:33:54.352829,7623120141865667366,,@脱口秀创作的原声,脱口秀,7539928984777376827,脱口秀,667,,False,,,,,
7624635952018754879,2026-05-10 23:00:26.766502,7624636078376356651,,@严枫说剧创作的原声,严枫说剧,4143436435822816,严枫说剧,845,,False,,,,,
7623125626584648996,2026-05-10 22:33:59.222067,7623125898245524260,,Not the One,渔海动漫,7423798846785274937,渔海动漫,1095,,False,,,,,
7623202221081315237,2026-05-10 22:34:07.803459,7623202136855169792,,王者荣耀,王者荣耀解说官,3689565835497277,王者荣耀解说官,279,,False,,,,,
7623275780214116837,2026-05-10 22:34:18.627731,7623275784182270762,,Love U Like That,Sara爱热汗,73837360613,Sara爱热汗,316,,False,,,,,
7623049746499800335,2026-05-10 22:32:09.485292,7623050562656848703,,@知晓历史创作的原声,知晓历史,82747095810,知晓历史,1972,,False,,,,,
7623281878128745871,2026-05-10 22:34:43.328523,7623281938530356019,,江南,Z5 STUDIO,3525500535848187,Z5 STUDIO,528,,False,,,,,
7624541370220416262,2026-05-10 23:00:11.050926,7624541610303130410,,王者荣耀,天启电竞--居居(射手教学),73017827691,天启电竞--居居(射手教学),500,,False,,,,,
7624532120194551083,2026-05-10 23:00:06.835834,7624532183427992358,,@这虾逮不住创作的原声,这虾逮不住,73579044337,这虾逮不住,160,,False,,,,,
7624528706430928741,2026-05-10 23:00:00.639415,7624528678457854754,,@采云飘飘创作的原声,采云飘飘,63217778210,采云飘飘,635,,False,,,,,
7623329427439413691,2026-05-10 22:35:03.961546,7623329458732288814,,拾心,风渡音乐,4176360165880010,风渡音乐,886,,False,,,,,
7623334267510788849,2026-05-10 22:35:17.029259,7623334176464636712,,@谷徳莫妮创作的原声,谷徳莫妮,58196117699,谷徳莫妮,153,,False,,,,,
7623334825550561209,2026-05-10 22:35:24.622041,7623334859339025178,,@小土豆呀创作的原声,小土豆呀,103153695532,小土豆呀,407,,False,,,,,
7623337802704456996,2026-05-10 22:35:34.592474,7623337885214935850,,@申时创作的原声,申时,61647309237,申时,168,,False,,,,,
7623338709216421739,2026-05-10 22:35:42.251464,7623338705796811566,,何日君再来,太阳🌞,76542380281,太阳🌞,56,,False,,,,,
7623340316700059060,2026-05-10 22:36:06.372120,7615912500111412019,,@Lisa-Xu创作的原声,Lisa-Xu,106053272017,Lisa-Xu,73,,False,,,,,
7623346922237656037,2026-05-10 22:36:13.528682,7623347312936651560,,@陶一杭Steven创作的原声,陶一杭Steven,60015155372,陶一杭Steven,1194,,False,,,,,
7624714534783094050,2026-05-10 23:00:43.341480,7624714487966272298,,@小新爱看蜡笔小新创作的原声,小新爱看蜡笔小新,94286232003,小新爱看蜡笔小新,41,,False,,,,,
7623047730230824202,2026-05-10 22:32:02.716707,7623048015653440282,,@绿茵显微镜创作的原声,绿茵显微镜,2367677152116215,绿茵显微镜,377,,False,,,,,
7622962110028352774,2026-05-10 22:28:44.258513,7622962106484132654,,A  Sad Me In Your Eyes,机械-阿軍,2445728214967149,机械-阿軍,310,,False,,,,,
7624778807739796770,2026-05-10 23:01:31.448990,7624778992796633882,,Once Upon A Time - House Extended Mix,我的世界一木木,4464435371708615,我的世界一木木,500,,False,,,,,
7622963991791762609,2026-05-10 22:28:51.153745,7622963954309942042,,@汽车文化创作的原声,汽车文化,4266545046357597,汽车文化,38,,False,,,,,
7622964769577831730,2026-05-10 22:28:58.366980,7622964828612692742,,@Jason在中国创作的原声,Jason在中国,1213493492849592,Jason在中国,324,,False,,,,,
7622966244412624134,2026-05-10 22:29:03.890300,7622966287458667290,,@中华舌尖·美食创作的原声,中华舌尖·美食,66384649129,中华舌尖·美食,140,,False,,,,,
7622967012692658042,2026-05-10 22:29:28.463892,7622966959692417802,,大江南,喜客洛带文旅,1528765558307771,喜客洛带文旅,251,,False,,,,,
7622969174817574159,2026-05-10 22:29:34.958949,7622969181797567268,,@无影解说创作的原声,无影解说,2836366859970795,无影解说,181,,False,,,,,
7624803865208098094,2026-05-10 23:02:17.336255,7624803942539217715,,@疯狂的好奇心创作的原声,疯狂的好奇心,4097208139912508,疯狂的好奇心,332,,False,,,,,
7624796510101753126,2026-05-10 23:01:52.831121,7624788246769208102,,@Leon_Music（萨克斯）创作的原声,Leon_Music（萨克斯）,2396589511149981,Leon_Music（萨克斯）,224,,False,,,,,
7622975249490955563,2026-05-10 22:29:42.498350,7622975814342134591,,@苏打扒片创作的原声,苏打扒片,1848754840025019,苏打扒片,1199,,False,,,,,
7622983468070260022,2026-05-10 22:29:53.659156,7622983622962219802,,@大雄的时光机.创作的原声,大雄的时光机.,7506009779782009915,大雄的时光机.,397,,False,,,,,
7622986186831845093,2026-05-10 22:29:59.276095,7622986190123256602,,"才下舌尖, 又上心间",中国·舌尖美食,4100545105634378,中国·舌尖美食,136,,False,,,,,
7622988469324778793,2026-05-10 22:30:06.578918,7622988645372267291,,水中花,南瓜糊糊,7559850732032394300,南瓜糊糊,436,,False,,,,,
7622990011264175394,2026-05-10 22:30:17.227466,7622990176263932715,,@加特杨车库创作的原声,加特杨车库,1891620841597128,加特杨车库,406,,False,,,,,
7623044860399996211,2026-05-10 22:31:53.159654,7623045177128667931,,@大鱼讲电影创作的原声,大鱼讲电影,3232171994123895,大鱼讲电影,932,,False,,,,,
7624777746383719732,2026-05-10 23:01:23.922307,7624777912030366514,,@糖糖社长创作的原声,糖糖社长,60280072555,糖糖社长,378,,False,,,,,
7622994344735247650,2026-05-10 22:30:27.688483,7622994403010939694,,@笙声vinyl创作的原声,笙声vinyl,7605076306133730341,笙声vinyl,269,,False,,,,,
7623002980433825066,2026-05-10 22:30:37.323497,7623003170964605739,,@尤川电影创作的原声,尤川电影,3499123329992972,尤川电影,644,,False,,,,,
7623005659000261926,2026-05-10 22:30:49.779019,7623005746426432283,,@漫迷小妹创作的原声,漫迷小妹,2825083323685530,漫迷小妹,224,,False,,,,,
7624754513706044712,2026-05-10 23:01:07.086133,7624754486141094675,,@尧宝欢乐多创作的原声,尧宝欢乐多,93184524960,尧宝欢乐多,104,,False,,,,,
7624752729331666202,2026-05-10 23:01:04.268663,7624752871954860809,,@铁柱影谈创作的原声,铁柱影谈,4144506446546411,铁柱影谈,365,,False,,,,,
7623022840803101995,2026-05-10 22:31:04.646767,7623022894259473178,,UNICUBE! FUNK(更加入 一米长的虫草),10x,3215413796936268,10x,13,,False,,,,,
7623022954917481738,2026-05-10 22:31:21.394900,7623022883698133766,,晚风（Cover Chen）,庄树房车游,4028227782445127,庄树房车游,156,,False,,,,,
7623030110920264960,2026-05-10 22:31:36.551429,7623030506669574922,,@石榴追影创作的原声,石榴追影,1682733061640492,石榴追影,838,,False,,,,,
7624718650057985318,2026-05-10 23:00:52.999837,7624718748431190790,,若不是因为你,瑞♉Gary,59338923956,瑞♉Gary,300,,False,,,,,
7623035238968495410,2026-05-10 22:31:46.934002,7623035291162528554,,@饺子动漫创作的原声,饺子动漫,620599381599773,饺子动漫,282,,False,,,,,
7621195978544106793,2026-05-10 21:49:41.898344,7621196214087813939,,海豹突击队的小曲,阿酷电影,87285409538,阿酷电影,546,,False,,,,,
7625939741950741247,2026-05-11 09:04:44.437528,7625939702700493618,,@李公子观影创作的原声,李公子观影,96913953829,李公子观影,37,,False,,,,,
7627086361807441158,2026-05-11 09:27:17.824105,7332463227239923763,,@妮娜Nina创作的原声,妮娜Nina,103618654308,妮娜Nina,88,,False,,,,,
7626730052398796005,2026-05-11 09:20:27.447822,7580976424828272682,,@音缘文艺创作的原声,音缘文艺,105388178382,音缘文艺,96,,False,,,,,
7619511427908242734,2026-05-10 20:55:38.603645,7619511650537720595,,@藻虾AmanoShrimp创作的原声,藻虾AmanoShrimp,448244878674051,藻虾AmanoShrimp,874,,False,,,,,
7626745185426246912,2026-05-11 09:21:03.918253,7626745947376405302,,涅槃（Phoenix）（电影《匿杀》主题曲）,发光的金子,7578698253136299067,发光的金子,1292,,False,,,,,
7626742075618250010,2026-05-11 09:20:53.374849,7626742112956009270,,@菩提西游创作的原声,菩提西游,92841482193,菩提西游,187,,False,,,,,
7626737575910231322,2026-05-11 09:20:47.999072,7626737480506641179,,@中华美食创作的原声,中华美食,73968856160,中华美食,145,,False,,,,,
7619529027841264896,2026-05-10 20:55:56.570416,7619529192970963753,,三角洲行动,黑马（航天最速传说）,3375918875161716,黑马（航天最速传说）,744,,False,,,,,
7619530708901555130,2026-05-10 20:56:04.553950,7619530698721987380,,@逗哥游世界创作的原声,逗哥游世界,88305901531,逗哥游世界,442,,False,,,,,
7619534197333429554,2026-05-10 20:56:28.090036,7619535472938781467,,@恐虐艺术Sadophobia art创作的原声,恐虐艺术Sadophobia art,3289354845830350,恐虐艺术Sadophobia art,28,,False,,,,,
7626732885232400966,2026-05-11 09:20:44.673992,7626732876637522698,,@段富贵儿创作的原声,段富贵儿,728311693053545,段富贵儿,199,,False,,,,,
7626732856122936611,2026-05-11 09:20:37.484916,7626732988014447398,,@加特杨车库创作的原声,加特杨车库,1891620841597128,加特杨车库,449,,False,,,,,
7619553286114348351,2026-05-10 20:56:41.507982,7619553352845675307,,@杆哥（国服芈月）创作的原声,杆哥（国服芈月）,70367542514,杆哥（国服芈月）,249,,False,,,,,
7619563148416191794,2026-05-10 20:56:44.964386,7619742367155161906,,@努力的大黄啊创作的原声,努力的大黄啊,4205008501876919,努力的大黄啊,313,,False,,,,,
7626727318769143080,2026-05-11 09:20:24.665777,7626727459467332394,,情书,拾音志,1262688597445476,拾音志,443,,False,,,,,
7619418628416441600,2026-05-10 20:55:09.579326,7619418660884548394,,@小蛙momo创作的原声,小蛙momo,267929450448460,小蛙momo,124,,False,,,,,
7626725769075102137,2026-05-11 09:20:21.987272,7626725774741359386,,@仓娃探影创作的原声,仓娃探影,1640913839336668,仓娃探影,132,,False,,,,,
7619572183488122131,2026-05-10 20:57:07.075208,7619572152315988745,,@秋叨娱创作的原声,秋叨娱,317131594931315,秋叨娱,268,,False,,,,,
7619572912118451491,2026-05-10 20:57:12.902086,7619573050883115826,,@戈凹纪录片创作的原声,戈凹纪录片,4356744033599635,戈凹纪录片,270,,False,,,,,
7626722536356678938,2026-05-11 09:20:16.654251,7626722651427326726,,@动物科普@创作的原声,动物科普@,1235476274493709,动物科普@,424,,False,,,,,
7626722155414460005,2026-05-11 09:20:08.716236,7626722135397960467,,@小馨的小厨房创作的原声,小馨的小厨房,7423957617947034683,小馨的小厨房,26,,False,,,,,
7626720567290334518,2026-05-11 09:20:05.380747,7626720749876890431,,@百态车史创作的原声,百态车史,7599934593777501243,百态车史,518,,False,,,,,
7619589513912549108,2026-05-10 20:57:26.271,7619589508660824858,,@圆梦跑鞋馆长创作的原声,圆梦跑鞋馆长,2452361992486067,圆梦跑鞋馆长,312,,False,,,,,
7626720408657546538,2026-05-11 09:20:02.757538,7626720542476831494,,光头强小曲 (DJ版),阿布下午茶,1488071841032443,阿布下午茶,434,,False,,,,,
7619592169821182682,2026-05-10 20:57:37.223957,7619592122169182995,,@紫萱同学🎸创作的原声,紫萱同学🎸,109731013345,紫萱同学🎸,64,,False,,,,,
7619594145959357371,2026-05-10 21:06:00.131440,7619594087867403049,,@二丫农村人创作的原声,二丫农村人,3930123907377515,二丫农村人,282,,False,,,,,
7619595930559565062,2026-05-10 21:06:09.558637,7619596013171182362,,植物大战僵尸,猪哥游戏解说,3245404635006448,猪哥游戏解说,309,,False,,,,,
7619506188702469439,2026-05-10 20:55:26.253360,7619506219291527962,,Baby you can get it,漫评老司机,521625768821916,漫评老司机,219,,False,,,,,
7619409701272407336,2026-05-10 20:55:02.683874,7619410230719318834,,lick it卡点曲,小宇（无畏契约）,3791557757778045,小宇（无畏契约）,929,,False,,,,,
7619600000472990843,2026-05-10 21:06:29.055004,7619599985163668260,,@胡说老王敢讲真创作的原声,胡说老王敢讲真,3921301219065451,胡说老王敢讲真,570,,False,,,,,
7619329061134814479,2026-05-10 20:53:17.478804,7619329188222552883,,和平精英,小乾（359）,4457847452611900,小乾（359）,191,,False,,,,,
7619302073317805339,2026-05-10 20:50:31.334988,7619302156893817638,,Glorious Morning,戴夫的实验室,1437799948753011,戴夫的实验室,239,,False,,,,,
7619302590459740273,2026-05-10 20:50:56.215982,7619302593961102143,,@全球档案馆创作的原声,全球档案馆,77347034070,全球档案馆,529,,False,,,,,
7619305836363435298,2026-05-10 20:51:32.182727,7619306006874852146,,манго нектар (氛围版),海大富,99704214298,海大富,737,,False,,,,,
7626934706512071946,2026-05-11 09:21:42.549063,7626934685565897478,,@中国·民间美食创作的原声,中国·民间美食,3053776397408779,中国·民间美食,133,,False,,,,,
7626911640767810862,2026-05-11 09:21:36.766483,7626911885849348873,,王者荣耀,尘奈-射手思路教学,3793743456768937,尘奈-射手思路教学,694,,False,,,,,
7619311069853731065,2026-05-10 20:51:40.697235,7615659890484235049,,唐人恋曲（DJ热门版）,小庄,94506124492,小庄,40,,False,,,,,
7619314532535586098,2026-05-10 20:51:49.905407,7619314736609430281,,隐形的翅膀,南瓜糊糊,7559850732032394300,南瓜糊糊,553,,False,,,,,
7619316575031528730,2026-05-10 20:51:55.187866,7619316626776935218,,@乡土中国味创作的原声,乡土中国味,3556290411900973,乡土中国味,97,,False,,,,,
7619317802259795226,2026-05-10 20:52:21.011368,7619317955293498150,,两只蝴蝶,一点音乐,7579202889952838713,一点音乐,341,,False,,,,,
7619320509259386152,2026-05-10 20:53:02.888536,7619320598489303818,,@动物秘境创作的原声,动物秘境,2485346081718000,动物秘境,409,,False,,,,,
7619326683341933858,2026-05-10 20:53:07.302432,7619326750362782510,,@李羿(三角洲行动)创作的原声,李羿(三角洲行动),2480970718788062,李羿(三角洲行动),99,,False,,,,,
7619329456250850587,2026-05-10 20:53:30.004322,7619329580855642922,,@小食神叨叨创作的原声,小食神叨叨,103709608103,小食神叨叨,211,,False,,,,,
7619383129299520774,2026-05-10 20:54:53.669662,7619385762752056102,,@SuperTop创作的原声,SuperTop,330327992314823,SuperTop,134,,False,,,,,
7619332586624891235,2026-05-10 20:53:34.429353,7619332638251272966,,@语熙说创作的原声,语熙说,862463483447934,语熙说,555,,False,,,,,
7626824478470720822,2026-05-11 09:21:33.320884,7626824528114518794,,@糖可可(三角洲行动)创作的原声,糖可可(三角洲行动),3371531981556155,糖可可(三角洲行动),235,,False,,,,,
7619342390641331475,2026-05-10 20:53:40.803599,7619342505163049766,,@谷语电影创作的原声,谷语电影,7580760179433145381,谷语电影,602,,False,,,,,
7619343878307919049,2026-05-10 20:53:47.203213,7619343917514836786,,@皮蛋solo粥创作的原声,皮蛋solo粥,2962532606415946,皮蛋solo粥,249,,False,,,,,
7619344018695088015,2026-05-10 20:54:13.835729,7619344112325839652,,@记录旅行的杨先生创作的原声,记录旅行的杨先生,1372651636397837,记录旅行的杨先生,754,,False,,,,,
7626816545422953145,2026-05-11 09:21:29.430497,7626816132628630272,,@Fire苏江155创作的原声,Fire苏江155,3088987313672651,Fire苏江155,17,,False,,,,,
7626793146587893044,2026-05-11 09:21:22.679496,7450394447709208617,,@起飞的飞丶创作的原声,起飞的飞丶,892391999413164,起飞的飞丶,1008,,False,,,,,
7626755244307033521,2026-05-11 09:21:17.981524,7626755270981683994,,瓜蛋摇（动感）（TP（范围感） Remix）,粥粥难焦,4075270165528041,粥粥难焦,407,,False,,,,,
7626754730642918662,2026-05-11 09:21:10.932826,7626754934297365299,,@小钟Johnny创作的原声,小钟Johnny,3237397023693579,小钟Johnny,643,,False,,,,,
7619370854152965417,2026-05-10 20:54:39.208986,7619371013293345545,,@陈广厦创作的原声,陈广厦,7610018861978682427,陈广厦,525,,False,,,,,
7619378714551291179,2026-05-10 20:54:48.542371,7619379950029687606,,@李大锤同学创作的原声,李大锤同学,104921065995,李大锤同学,2062,,False,,,,,
7619597492346467257,2026-05-10 21:06:17.314697,7619597541998381843,,@代伐钟创作的原声,代伐钟,3601648108184958,代伐钟,240,,False,,,,,
7619602170045296489,2026-05-10 21:06:54.295293,7619602387736464134,,@沙和尚穷游创作的原声,沙和尚穷游,58686460968,沙和尚穷游,879,,False,,,,,
7619295165898919168,2026-05-10 20:50:00.665412,7619295247105166130,,@遨游四海一看世界创作的原声,遨游四海一看世界,61714625693,遨游四海一看世界,258,,False,,,,,
7626617714417704521,2026-05-11 09:17:11.497372,7626617708997659419,,@纳尔吉斯创作的原声,纳尔吉斯,3593633571276152,纳尔吉斯,318,,False,,,,,
7619667041833880867,2026-05-10 21:09:34.725561,7619667142048566054,,@乔木萧.(三角洲)创作的原声,乔木萧.(三角洲),1994984865932400,乔木萧.(三角洲),125,,False,,,,,
7626650246977703209,2026-05-11 09:17:44.843645,7626650244066921252,,@美味大橙子创作的原声,美味大橙子,2077421833074650,美味大橙子,221,,False,,,,,
7619671262628957446,2026-05-10 21:10:05.275035,7585238968350801979,,@大哲说影创作的原声,大哲说影,798722120225674,大哲说影,1168,,False,,,,,
7619671965296561450,2026-05-10 21:10:15.136788,7619672125540354857,,@说车的阿飞创作的原声,说车的阿飞,2827581976743405,说车的阿飞,464,,False,,,,,
7619672330477784326,2026-05-10 21:10:20.785771,7619672375113698099,,黑街 (Cover 陈雅雯),徐大阳的日志,68962603052,徐大阳的日志,621,,False,,,,,
7619683491686059279,2026-05-10 21:10:30.470670,7619683660232477449,,@姚开心（监狱跑刀教学）创作的原声,姚开心（监狱跑刀教学）,1426495444369156,姚开心（监狱跑刀教学）,226,,False,,,,,
7619688033071189284,2026-05-10 21:10:42.037736,7619688310880963337,,@篮球众星创作的原声,篮球众星,699731334413051,篮球众星,822,,False,,,,,
7626634197439907290,2026-05-11 09:17:17.068965,7626634156797152042,,@潇湘楼中梦（潇湘文学）创作的原声,潇湘楼中梦（潇湘文学）,1385815672357899,潇湘楼中梦（潇湘文学）,503,,False,,,,,
7619710870926780837,2026-05-10 21:10:58.195809,7619710811988134697,,@潜海捕手创作的原声,潜海捕手,3801453584453920,潜海捕手,725,,False,,,,,
7619718776518348038,2026-05-10 21:11:01.308737,7619719057918511878,,@星野动漫创作的原声,星野动漫,105079007366,星野动漫,1022,,False,,,,,
7619726027660496134,2026-05-10 21:11:04.370488,7619726337082788671,,@神农爱达尔文创作的原声,神农爱达尔文,1794822537748912,神农爱达尔文,908,,False,,,,,
7619741734691507508,2026-05-10 21:11:09.884088,7619741898642918153,,@千挑百怪创作的原声,千挑百怪,7575416598552265765,千挑百怪,332,,False,,,,,
7626670297114755441,2026-05-11 09:18:04.581134,7626670232102767360,,@赶海人创作的原声,赶海人,1769564493058832,赶海人,421,,False,,,,,
7626617422544195913,2026-05-11 09:17:03.516970,7626617585353739050,,王者荣耀,乐崽(中路教学),1604922456148359,乐崽(中路教学),388,,False,,,,,
7619764443375311722,2026-05-10 21:11:23.150457,7596946492665888811,,压制力量（硬曲Phonk）,予依木兰,3787133456249448,予依木兰,22,,False,,,,,
7626616652783701254,2026-05-11 09:17:00.599642,7626616854747892518,,@Roc山海行创作的原声,Roc山海行,64357337547,Roc山海行,1074,,False,,,,,
7619864590058310947,2026-05-10 21:11:35.727014,7619864721876994859,,@萃谷司创作的原声,萃谷司,2587590915536204,萃谷司,279,,False,,,,,
7619896868239890354,2026-05-10 21:11:44.143399,7291596167555681082,,@-蓝创作的原声,-蓝,3954256365224676,-蓝,27,,False,,,,,
7619908902310757755,2026-05-10 21:11:47.029857,7619908911986379535,,Levels,岚岫(原创思维教学),646975801790568,岚岫(原创思维教学),461,,False,,,,,
7619909393602119906,2026-05-10 21:12:13.297265,7619909261980289801,,早晨的光,中国旅游景点,2063155111134814,中国旅游景点,286,,False,,,,,
7626611044605087022,2026-05-11 09:16:53.181997,7626611160024173322,,halou,Turbo Engine,74102523447,Turbo Engine,410,,False,,,,,
7619914698263137571,2026-05-10 21:12:22.285692,7619914763941858057,,@影藏好剧创作的原声,影藏好剧,2068612894688075,影藏好剧,238,,False,,,,,
7626609034053563515,2026-05-11 09:16:48.162176,7625216265925544738,,有一通电话分世界两边,͏白,2420449650440108,͏白,22,,False,,,,,
7626602051157364003,2026-05-11 09:16:45.745083,7626602731285138214,,@許千千创作的原声,許千千,2931756687178554,許千千,2176,,False,,,,,
7626656235399515434,2026-05-11 09:17:47.432374,7626656235990829843,,@一只樱桃创作的原声,一只樱桃,2810787169053943,一只樱桃,195,,False,,,,,
7619663359419403530,2026-05-10 21:09:20.174054,7619663443133958962,,@小米讲电影创作的原声,小米讲电影,2825103746014864,小米讲电影,336,,False,,,,,
7626714747941750501,2026-05-11 09:19:51.766652,7626714687941479220,,@拾音客栈创作的原声,拾音客栈,97739754904,拾音客栈,686,,False,,,,,
7619642364730101032,2026-05-10 21:07:45.835490,7619642454362409766,,@老王动物园创作的原声,老王动物园,3653015167846378,老王动物园,234,,False,,,,,
7626713441864027426,2026-05-11 09:19:44.332126,7626714235523042067,,My Way（纯音版）,追一剧,4255523554734243,追一剧,1825,,False,,,,,
7626712460912889088,2026-05-11 09:19:37.752,7626712637610461979,,@奇妙动物所创作的原声,奇妙动物所,3306965023856013,奇妙动物所,545,,False,,,,,
7626712080967634219,2026-05-11 09:19:34.483903,7626712140418009919,,@贞贞老师教语文创作的原声,贞贞老师教语文,100959444156,贞贞老师教语文,170,,False,,,,,
7619619822908804390,2026-05-10 21:07:13.601806,7619620140417977126,,@万物创作的原声,万物,3989442362345491,万物,544,,False,,,,,
7619622114655857890,2026-05-10 21:07:19.274302,7619622159513570086,,乡村美食,范大富,2252276441285948,范大富,293,,False,,,,,
7626711210293494938,2026-05-11 09:19:27.869071,7626711269940808457,,王者荣耀,听风叙野（边野教学）,3246183340844855,听风叙野（边野教学）,317,,False,,,,,
7626707971010989321,2026-05-11 09:19:22.133162,7626708079656471342,,MONEY,赫兹的猫,7598815069199402033,赫兹的猫,396,,False,,,,,
7626700596619348401,2026-05-11 09:19:15.102714,7626700599819864847,,@行走世界的北京老刘创作的原声,行走世界的北京老刘,59329163612,行走世界的北京老刘,651,,False,,,,,
7626700088521395519,2026-05-11 09:19:07.375191,7626700059241155370,,@暴走影评局创作的原声,暴走影评局,1471575652828003,暴走影评局,466,,False,,,,,
7619636755322457353,2026-05-10 21:07:34.642353,7619636834588527379,,@王墨观察创作的原声,王墨观察,3905923960810984,王墨观察,202,,False,,,,,
7626697780509874010,2026-05-11 09:19:03.093589,7626697866795993910,,@牛油果炒芋泥（辣版创作的原声,牛油果炒芋泥（辣版,3377296294293311,牛油果炒芋泥（辣版,242,,False,,,,,
7619643397713002161,2026-05-10 21:07:51.658324,7619643357505145652,,东南亚包厢- DJ空灵鼓（Emo·的凯 Remix）,DJ-阿轩,1910281942606172,DJ-阿轩,616,,False,,,,,
7626673691920796978,2026-05-11 09:18:10.088127,7626674022744804122,,TRILLIUM Hardtekk(跳跃不是罪过),西窗剪影,3054880425251244,西窗剪影,1115,,False,,,,,
7619645968354577705,2026-05-10 21:07:57.877945,7619646670476790554,,游京,李牧电影,72926367801,李牧电影,1765,,False,,,,,
7619646335294515313,2026-05-10 21:08:01.145522,7619646400944507686,,@阿酱小猫饼🫓创作的原声,阿酱小猫饼🫓,4209345577880158,阿酱小猫饼🫓,301,,False,,,,,
7619647566447405987,2026-05-10 21:08:04.579090,7619647530041363250,,@东娱作家创作的原声,东娱作家,7469992773225202745,东娱作家,305,,False,,,,,
7619648299401825578,2026-05-10 21:08:11.743516,7619648267474750262,,@本港亚视·港货甄选创作的原声,本港亚视·港货甄选,3397916432536899,本港亚视·港货甄选,25,,False,,,,,
7626696897842924806,2026-05-11 09:18:49.174830,7626697200454028074,,哈尼宝贝,杨在旭的故事,1496872345667355,杨在旭的故事,927,,False,,,,,
7626689778339089699,2026-05-11 09:18:42.069158,7626689959277202222,,@白面人创作的原声,白面人,2410545307452845,白面人,287,,False,,,,,
7619651283071450545,2026-05-10 21:08:36.896712,7619651275197614858,,王者荣耀,橙籽（游戏解说）,2729425733951984,橙籽（游戏解说）,167,,False,,,,,
7619654382791667904,2026-05-10 21:08:53.577252,7619654420606847782,,黑街,李卓霖,88408080406,李卓霖,525,,False,,,,,
7619659705120759545,2026-05-10 21:09:04.990194,7619659836052998975,,@大眼吃遍天创作的原声,大眼吃遍天,100049467637,大眼吃遍天,980,,False,,,,,
7619660091536477494,2026-05-10 21:09:11.240664,7619660122054642470,,第五人格,欧皓辰（第五人格）,2533716079421373,欧皓辰（第五人格）,129,,False,,,,,
7626684177663986971,2026-05-11 09:18:13.096983,7626684521677015854,,@篮球上将创作的原声,篮球上将,99718787746,篮球上将,589,,False,,,,,
7619296279625043200,2026-05-10 20:50:06.798133,7619296379458013995,,@养鱼的双鱼座创作的原声,养鱼的双鱼座,2858335764757760,养鱼的双鱼座,205,,False,,,,,
7626952914468097331,2026-05-11 09:21:54.061669,7626952944776252170,,@Insane电竞创作的原声,Insane电竞,7576542208539526201,Insane电竞,305,,False,,,,,
7619927134266707578,2026-05-10 21:12:41.506627,7619927113210039078,,@牧人体育创作的原声,牧人体育,1416636242860611,牧人体育,140,,False,,,,,
7618935276379507185,2026-05-10 20:39:28.556247,7618935216341535530,,@灰蒙蒙创作的原声,灰蒙蒙,4317158261401844,灰蒙蒙,31,,False,,,,,
7618910321725525254,2026-05-10 20:37:28.707713,7618910364054375222,,@陈翔六点半创作的原声,陈翔六点半,6556303280,陈翔六点半,324,,False,,,,,
7618911899317530875,2026-05-10 20:37:36.705438,7618911840063769350,,@爱冲浪的老谢创作的原声,爱冲浪的老谢,3609033649423000,爱冲浪的老谢,212,,False,,,,,
7618911996402444746,2026-05-10 20:38:01.825345,7618912025163975470,,@油头四六分创作的原声,油头四六分,96104428605,油头四六分,502,,False,,,,,
7627075052248239395,2026-05-11 09:26:25.032368,7627075002206063386,,@西电在保研创作的原声,西电在保研,3950982859333467,西电在保研,29,,False,,,,,
7618916334441055891,2026-05-10 20:38:14.035260,7618916486475680562,,@奇妙绵绵冰创作的原声,奇妙绵绵冰,1669472608847049,奇妙绵绵冰,369,,False,,,,,
7618917735157806321,2026-05-10 20:38:22.981946,7618917950548314906,,爱情讯息,Bobaya,358894106853232,Bobaya,2548,,False,,,,,
7618918303242800424,2026-05-10 20:38:28.698699,7618918383370799882,,@大葱电影创作的原声,大葱电影,728299932484089,大葱电影,141,,False,,,,,
7618922378126920859,2026-05-10 20:38:35.448715,7618922278910561067,,雲の上のハート,兔酱 ₍ᐢ..ᐢ₎♡,1335287432088171,兔酱 ₍ᐢ..ᐢ₎♡,80,,False,,,,,
7618925223450086692,2026-05-10 20:38:48.068373,7618925254699207433,,《大天蓬》(DJ弹鼓版),🌈Seven·X,97000561343,🌈Seven·X,262,,False,,,,,
7618928245845956985,2026-05-10 20:38:56.431829,7618928082732272436,,@首尔小肥羊创作的原声,首尔小肥羊,3404554152706904,首尔小肥羊,371,,False,,,,,
7618929154638382761,2026-05-10 20:39:20.905872,7618929437140142894,,@默琳电影创作的原声,默琳电影,2289662479049495,默琳电影,908,,False,,,,,
7618940051308793094,2026-05-10 20:39:53.622781,7618940528915843849,,@轻语说创作的原声,轻语说,79213951637,轻语说,1166,,False,,,,,
7618906385983507722,2026-05-10 20:37:17.550276,7618906839383952174,,@康哟喂创作的原声,康哟喂,65114488299,康哟喂,1102,,False,,,,,
7618941698387074993,2026-05-10 20:40:02.345175,7618941767580240678,,@宇宙发现号创作的原声,宇宙发现号,106851683166,宇宙发现号,698,,False,,,,,
7618945362620011386,2026-05-10 20:40:27.812438,7618945260063968035,,@赶海人创作的原声,赶海人,1769564493058832,赶海人,392,,False,,,,,
7618947405060361510,2026-05-10 20:40:54.758446,7618947902985325375,,@北境电影创作的原声,北境电影,309380441703204,北境电影,1423,,False,,,,,
7627068445687404123,2026-05-11 09:26:17.591969,7627069238229863187,,和平精英,和平精英小余,3808302085448632,和平精英小余,668,,False,,,,,
7618965366451455119,2026-05-10 20:42:15.401042,7618965403514997531,,@兰晴晴创作的原声,兰晴晴,3072457639474148,兰晴晴,448,,False,,,,,
7627068404575164602,2026-05-11 09:26:03.442069,7627068611751971610,,@Bobaya创作的原声,Bobaya,358894106853232,Bobaya,2501,,False,,,,,
7627068064441339179,2026-05-11 09:25:56.006557,7627068196965174066,,@军shi说创作的原声,军shi说,188708457559943,军shi说,420,,False,,,,,
7627066134294023450,2026-05-11 09:25:49.841104,7627066165738965770,,暗区突围,两岸（暗区突围）,2577724445324596,两岸（暗区突围）,78,,False,,,,,
7618981565544058122,2026-05-10 20:42:30.385274,7618981559185525550,,@清扬说剧创作的原声,清扬说剧,63438228425,清扬说剧,177,,False,,,,,
7618982628934372623,2026-05-10 20:42:38.351750,7618983086537116466,,@恐不说创作的原声,恐不说,1097753690124362,恐不说,886,,False,,,,,
7618991970542718250,2026-05-10 20:42:49.841145,7618991941593680659,,@炽杰(职业教学）创作的原声,炽杰(职业教学）,3314397431997962,炽杰(职业教学）,248,,False,,,,,
7627077237099440101,2026-05-11 09:26:31.582606,7627077207810132745,,bad guy  1x,秋豆麻袋,65527661184,秋豆麻袋,113,,False,,,,,
7618903593327889664,2026-05-10 20:37:09.238061,7618904601399446308,,@差评汽车部创作的原声,差评汽车部,79625724863,差评汽车部,897,,False,,,,,
7618996956149448945,2026-05-10 20:43:21.689481,7618997031096896297,,Sacred Play Secret Place（氛围版）,小柯新视界,59049847662,小柯新视界,816,,False,,,,,
7627081569815121187,2026-05-11 09:27:05.860939,7627081677315083044,,@旧球新说创作的原声,旧球新说,88406940985229,旧球新说,386,,False,,,,,
7618798075447889198,2026-05-10 20:33:04.457643,7618798253458328339,,@二嗄说创作的原声,二嗄说,394055842550938,二嗄说,706,,False,,,,,
7618798791356960027,2026-05-10 20:33:11.000122,7618798733186403113,,@油管键盘侠创作的原声,油管键盘侠,12687613866,油管键盘侠,55,,False,,,,,
7618807176877870382,2026-05-10 20:33:17.054263,7618807239599606570,,@悄悄梧遛创作的原声,悄悄梧遛,937233550683565,悄悄梧遛,958,,False,,,,,
7618809221991238938,2026-05-10 20:33:42.081681,7618809308226964267,,暗区突围,咸鱼蓝洛,2356977408947448,咸鱼蓝洛,316,,False,,,,,
7627084220242558970,2026-05-11 09:27:13.191820,7627084151178677046,,@泥美(限量版）创作的原声,泥美(限量版）,3131024582387693,泥美(限量版）,252,,False,,,,,
7618821957315841322,2026-05-10 20:33:56.731675,7618823023340112694,,@李可真会玩儿创作的原声,李可真会玩儿,3227813844096955,李可真会玩儿,1401,,False,,,,,
7618834816930336467,2026-05-10 20:34:02.842569,7618834858672261898,,迷你森林,六只肥羊,107664433961,六只肥羊,549,,False,,,,,
7618861113958141219,2026-05-10 20:34:27.525326,7587016856855117858,,@元风说漫创作的原声,元风说漫,2120285603241299,元风说漫,147,,False,,,,,
7618861653731347721,2026-05-10 20:34:52.584317,7618861752914070310,,Not the One (DJ版),香菜追番记,1707958015627148,香菜追番记,296,,False,,,,,
7618871246624689446,2026-05-10 20:35:18.373756,7618871653946542886,,@下班威龙创作的原声,下班威龙,1059581982940286,下班威龙,792,,False,,,,,
7618879405640715556,2026-05-10 20:35:30.626543,7618879430009867054,,@蓝战非-探险家（日常）创作的原声,蓝战非-探险家（日常）,80356222165,蓝战非-探险家（日常）,260,,False,,,,,
7618882333705293056,2026-05-10 20:35:36.176701,7618882447756806948,,@自然界当事人创作的原声,自然界当事人,101558879191,自然界当事人,275,,False,,,,,
7618902331278544164,2026-05-10 20:37:00.732341,7618902295278930731,,@本港亚视·港货甄选创作的原声,本港亚视·港货甄选,3397916432536899,本港亚视·港货甄选,26,,False,,,,,
7618883636854623507,2026-05-10 20:35:43.217142,7608920508800696379,,@陈百万创作的原声,陈百万,64192100960308,陈百万,347,,False,,,,,
7618886427958332687,2026-05-10 20:36:10.005513,7618886520582998803,,@饭统戴老板创作的原声,饭统戴老板,3971081997388148,饭统戴老板,378,,False,,,,,
7618888444902673706,2026-05-10 20:36:16.369379,7618888446236789523,,@篮球众星创作的原声,篮球众星,699731334413051,篮球众星,148,,False,,,,,
7618889200267480326,2026-05-10 20:36:19.661061,7618889215799085865,,@食语录创作的原声,食语录,1511148597292416,食语录,236,,False,,,,,
7627078444811160838,2026-05-11 09:26:58.092206,7627078540747410230,,@红衣大叔周鸿祎创作的原声,红衣大叔周鸿祎,4094221637911976,红衣大叔周鸿祎,310,,False,,,,,
7618890743604767345,2026-05-10 20:36:32.346050,7618890714096765723,,@大韩同学呀（大比同学）创作的原声,大韩同学呀（大比同学）,3380378351974988,大韩同学呀（大比同学）,295,,False,,,,,
7627078317813204362,2026-05-11 09:26:55.426213,7627078220126391076,,@菠萝🎹创作的原声,菠萝🎹,7606654220078908453,菠萝🎹,219,,False,,,,,
7627078187637826161,2026-05-11 09:26:48.726357,7627078161846962971,,@-嘴嘴儿创作的原声,-嘴嘴儿,58806919084,-嘴嘴儿,281,,False,,,,,
7618897616314967921,2026-05-10 20:36:40.582226,7618897563088898851,,Dehors (宝藏曲目),公司顶凉柱,4171979447611268,公司顶凉柱,100,,False,,,,,
7618897621725788082,2026-05-10 20:36:47.774994,7618897665924958985,,Hypnotised,Au林艾宥,2427344114958616,Au林艾宥,295,,False,,,,,
7618902148226518312,2026-05-10 20:36:55.092373,7618902301134048054,,@翔翔大作战创作的原声,翔翔大作战,59618628613,翔翔大作战,267,,False,,,,,
7618995736331554075,2026-05-10 20:42:56.539549,7618995957585234697,,@南音说乐创作的原声,南音说乐,165375863963003,南音说乐,897,,False,,,,,
7627063560250414009,2026-05-11 09:25:45.713288,7627063553387678491,,@星晚说创作的原声,星晚说,1256080333087082,星晚说,403,,False,,,,,
7619291021831608185,2026-05-10 20:49:53.559341,7619290947851111204,,青天大老爷 青天大老爷,一只静猪🐷,52442855640,一只静猪🐷,88,,False,,,,,
7627004419715992842,2026-05-11 09:22:39.923017,7123845321536307211,,@One Culb创作的原声,One Culb,4232470570761370,One Culb,260,,False,,,,,
7627034882065108250,2026-05-11 09:23:32.801786,7627035783913392906,,At the Top,中国城市观察,101196277145,中国城市观察,1626,,False,,,,,
7627026047971691776,2026-05-11 09:23:30.541292,7627026895141391145,,58 Minutes Pour Vivre,-超级小能猫-,2088719396378286,-超级小能猫-,2346,,False,,,,,
7619261026139535461,2026-05-10 20:47:44.120146,7619261081705351974,,@火柴创作的原声,火柴,807471223159536,火柴,1502,,False,,,,,
7619262561602620706,2026-05-10 20:47:54.739897,7619262648928045870,,小猫咪,贪吃的小咪,1366039711976867,贪吃的小咪,193,,False,,,,,
7627017418040298790,2026-05-11 09:23:23.704989,7627017757477014315,,@水手说影视创作的原声,水手说影视,96402751581,水手说影视,1331,,False,,,,,
7627017326655694438,2026-05-11 09:23:09.696356,7627017383420726043,,夏日告白,在下丸子麻麻,103765183106,在下丸子麻麻,180,,False,,,,,
7627011626490727730,2026-05-11 09:23:01.918306,7627246684493466394,,@船长MC创作的原声,船长MC,4443566988071547,船长MC,545,,False,,,,,
7619270000923621504,2026-05-10 20:48:06.191549,7619270514980178714,,@行者老兵创作的原声,行者老兵,3927079537088676,行者老兵,644,,False,,,,,
7627006607183908131,2026-05-11 09:22:53.920951,7627529871429749554,,胡广生（电影《无名之辈》宣传推广曲）,张凑凑讲电影,2120290872076504,张凑凑讲电影,1380,,False,,,,,
7619271629763333422,2026-05-10 20:48:15.156806,7619271661866912553,,@华夏味道创作的原声,华夏味道,572172201900219,华夏味道,146,,False,,,,,
7619271632254782729,2026-05-10 20:48:40.099431,7619271820751211315,,Bamba,燃擎MAX,3894945793458000,燃擎MAX,245,,False,,,,,
7619275699026660658,2026-05-10 20:48:55.570058,7619275937070238491,,Battle Without Honor Or Humanity,寒夜（三角洲行动）,2021357027342363,寒夜（三角洲行动）,734,,False,,,,,
7619256838593762481,2026-05-10 20:47:31.342725,7619256826562988836,,七月七日晴(DJ速燃版),DJ-阿轩,1910281942606172,DJ-阿轩,615,,False,,,,,
7626989620353436982,2026-05-11 09:22:29.276520,7626989691006487359,,@足球的记忆创作的原声,足球的记忆,93480519330,足球的记忆,235,,False,,,,,
7626983945627880704,2026-05-11 09:22:15.679565,7626984076202281738,,@奇闻探秘创作的原声,奇闻探秘,98761779434,奇闻探秘,314,,False,,,,,
7626967695291845934,2026-05-11 09:22:08.707335,7582191964263563306,,@奶龙创作的原声,奶龙,4340506470123611,奶龙,40,,False,,,,,
7619280220470075124,2026-05-10 20:49:15.006804,7619280215096691475,,@叫我小爱同学创作的原声,叫我小爱同学,13264061089,叫我小爱同学,204,,False,,,,,
7626967674622640571,2026-05-11 09:22:06.101468,7626967633874750246,,@Excel零基础教学。创作的原声,Excel零基础教学。,105156504084,Excel零基础教学。,17,,False,,,,,
7619282387125423406,2026-05-10 20:49:23.558907,7619282465341311770,,@OBTAIN创作的原声,OBTAIN,2499659322366892,OBTAIN,190,,False,,,,,
7619284216828172543,2026-05-10 20:49:32.264127,7619284243650448134,,@姜姜好CPDD创作的原声,姜姜好CPDD,154352912173568,姜姜好CPDD,206,,False,,,,,
7619284330132573450,2026-05-10 20:49:39.542861,7619284631262923558,,@毛茸茸星球创作的原声,毛茸茸星球,2825080825200048,毛茸茸星球,859,,False,,,,,
7626967124505922831,2026-05-11 09:21:59.808936,7626967226154781478,,@戏里戏外创作的原声,戏里戏外,7559517050495894585,戏里戏外,323,,False,,,,,
7626957954645806399,2026-05-11 09:21:56.870475,7626957958903253786,,@小刘来了创作的原声,小刘来了,3350946406994846,小刘来了,149,,False,,,,,
7619289583435507569,2026-05-10 20:49:49.883952,7619289484881955599,,@韩纳百川创作的原声,韩纳百川,98185483989,韩纳百川,271,,False,,,,,
7627035310081232166,2026-05-11 09:23:38.890102,7616546170294373158,,直播间带货榜,飓多多StormCrew,347898495385444,飓多多StormCrew,1357,,False,,,,,
7619256821320076554,2026-05-10 20:47:25.623015,7619257011967920896,,@忍冬的化妆间创作的原声,忍冬的化妆间,954819759316493,忍冬的化妆间,1990,,False,,,,,
7627061029150805302,2026-05-11 09:25:37.046216,7627060863186684706,,@泡芙说剧创作的原声,泡芙说剧,3109036737170028,泡芙说剧,1798,,False,,,,,
7619190712642358555,2026-05-10 20:45:27.584715,7619190799846230838,,@鱼的七点钟创作的原声,鱼的七点钟,109544807228,鱼的七点钟,233,,False,,,,,
7627055833524099307,2026-05-11 09:25:25.817414,7627055901563702057,,Star Unkind - Lanfranchi & Farina Radio,是你的小仪,2483117887075059,是你的小仪,170,,False,,,,,
7619096724350571121,2026-05-10 20:43:54.072047,7619096512592677647,,@G5 STUDIO创作的原声,G5 STUDIO,122742240711608,G5 STUDIO,240,,False,,,,,
7627053764105925369,2026-05-11 09:25:18.910488,7627053700342647604,,@长江创作的原声,长江,3439748989075293,长江,556,,False,,,,,
7619148921093454693,2026-05-10 20:44:06.566879,7619148754066737920,,@初小音创作的原声,初小音,237149111203502,初小音,272,,False,,,,,
7619149971270536475,2026-05-10 20:44:12.798101,7619150039084567306,,轻松可爱调皮的音乐,吃货看世界,2115905410564941,吃货看世界,185,,False,,,,,
7627052817022579897,2026-05-11 09:25:16.440232,7627052778778528566,,@兔三✌︎创作的原声,兔三✌︎,61210708673,兔三✌︎,58,,False,,,,,
7627052246185889064,2026-05-11 09:25:02.012294,7627052427225008942,,@一点音乐创作的原声,一点音乐,7579202889952838713,一点音乐,453,,False,,,,,
7619168705683881619,2026-05-10 20:44:30.671041,7619168796334476041,,@洋知识🧀创作的原声,洋知识🧀,1162637109900091,洋知识🧀,1200,,False,,,,,
7619178573245658022,2026-05-10 20:44:55.457310,7619178516927630107,,@男孩下个门创作的原声,男孩下个门,1790435975497389,男孩下个门,35,,False,,,,,
7627052120906830810,2026-05-11 09:24:57.922184,7627052105483684658,,三角洲行动,北酥（三角洲行动）,73583098535,北酥（三角洲行动）,345,,False,,,,,
7627051846750113649,2026-05-11 09:24:52.890579,7627051802508266267,,@星座狗联盟创作的原声,星座狗联盟,96021570384,星座狗联盟,95,,False,,,,,
7627051197567913225,2026-05-11 09:24:45.308074,7627051284306283273,,@第三只眼创作的原声,第三只眼,1640949739957275,第三只眼,319,,False,,,,,
7619256478074965248,2026-05-10 20:47:00.818166,7619256636812643114,,@丁一D创作的原声,丁一D,4292912955809647,丁一D,462,,False,,,,,
7627050475434544410,2026-05-11 09:24:40.589300,7627050624441518875,,哈基米bgm,果果大王(三角洲行动),2752819758641278,果果大王(三角洲行动),201,,False,,,,,
7627049808649325843,2026-05-11 09:24:33.140110,7114571446575287583,,@知识怪咖苏小妖创作的原声,知识怪咖苏小妖,721703914972013,知识怪咖苏小妖,89,,False,,,,,
7627045114161990947,2026-05-11 09:24:24.130985,7627045304600365850,,@金十三创作的原声,金十三,1838827493916676,金十三,375,,False,,,,,
7619235445523825765,2026-05-10 20:45:49.064409,7541013483924504634,,@鲨鱼哟（自律版）创作的原声,鲨鱼哟（自律版）,2931714327321444,鲨鱼哟（自律版）,209,,False,,,,,
7619235494081154350,2026-05-10 20:45:57.107668,7619235703808953138,,@大橙讲电影创作的原声,大橙讲电影,3507878007943865,大橙讲电影,636,,False,,,,,
7619244374920138018,2026-05-10 20:46:10.130440,7619244543759289130,,@小可追太阳创作的原声,小可追太阳,2107080756700238,小可追太阳,1980,,False,,,,,
7627042758376672522,2026-05-11 09:24:21.418548,7627042867743034122,,Love Yourself,壹禾说球,1667291262230648,壹禾说球,417,,False,,,,,
7619248604930567281,2026-05-10 20:46:20.453257,7616382625044758563,,和平精英,和平精英七仔❄️,690913378305855,和平精英七仔❄️,184,,False,,,,,
7627040294193712410,2026-05-11 09:24:10.532007,7627040471763749641,,@一零二MC创作的原声,一零二MC,3699186553854416,一零二MC,472,,False,,,,,
7619255309214731539,2026-05-10 20:46:31.415568,7619255616380390182,,@瞬光影视创作的原声,瞬光影视,863551792627484,瞬光影视,715,,False,,,,,
7627038277941366058,2026-05-11 09:24:05.514375,7627038487816047406,,@哈喽沃的创作的原声,哈喽沃的,79965553560,哈喽沃的,601,,False,,,,,
7619922035661684325,2026-05-10 21:12:35.548788,7619922002354178856,,Undead Funeral March(嘻哈版),小陶学长爱美食,4239306801553688,小陶学长爱美食,165,,False,,,,,
7619927878251056422,2026-05-10 21:12:48.656042,7619928319954979634,,@云巅视境创作的原声,云巅视境,2491934810576531,云巅视境,648,,False,,,,,
7621187385317465513,2026-05-10 21:49:27.069762,7621187375397718793,,@DJ美美羊🎸创作的原声,DJ美美羊🎸,1312143929261107,DJ美美羊🎸,16,,False,,,,,
7626013516348067098,2026-05-11 09:08:27.434616,7626014057994046258,,Anatomy (Original Mix),角落之声,1795955336946299,角落之声,983,,False,,,,,
7620784691032902975,2026-05-10 21:37:42.602983,7620785092383394587,,@IC实验室馆长创作的原声,IC实验室馆长,60420893541,IC实验室馆长,759,,False,,,,,
7620785043167243749,2026-05-10 21:37:49.770240,7620785004100061971,,@小白在旅行创作的原声,小白在旅行,3239605479677566,小白在旅行,321,,False,,,,,
7626046109713976614,2026-05-11 09:09:14.200640,7626046059879009074,,@SuperTop创作的原声,SuperTop,330327992314823,SuperTop,112,,False,,,,,
7626044735936843044,2026-05-11 09:08:59.914647,7626044901783915290,,@厌遇说创作的原声,厌遇说,3115378366495836,厌遇说,478,,False,,,,,
7620797624936893746,2026-05-10 21:38:02.852419,7620797603088829226,,@柯一问创作的原声,柯一问,2434743717600132,柯一问,293,,False,,,,,
7620803930860235633,2026-05-10 21:38:11.564667,7613040176570387246,,X-COOL! (高手如云的时代),申02,2285217986653897,申02,37,,False,,,,,
7620804468019349681,2026-05-10 21:38:18.709353,7386894525223927820,,Counting Stars（燃尽小曲）,肖他,3355352650221438,肖他,102,,False,,,,,
7626039783856311604,2026-05-11 09:08:45.119261,7626036135185451802,,@野兽中文配音Mr创作的原声,野兽中文配音Mr,3151644576458712,野兽中文配音Mr,982,,False,,,,,
7626023532979424564,2026-05-11 09:08:37.834299,7626023595547446057,,@美人鱼的鱼创作的原声,美人鱼的鱼,1816011192935688,美人鱼的鱼,223,,False,,,,,
7620812472462626082,2026-05-10 21:39:09.453014,7620812637529443098,,@知火电影创作的原声,知火电影,2309430786657008,知火电影,559,,False,,,,,
7620815482949602600,2026-05-10 21:39:17.949724,7121196168859615246,,@奇趣小世界创作的原声,奇趣小世界,2087347809170483,奇趣小世界,128,,False,,,,,
7626009738531033774,2026-05-11 09:08:18.792921,7626009670217435923,,@入江晴子创作的原声,入江晴子,58702095702,入江晴子,107,,False,,,,,
7620780600668483003,2026-05-10 21:37:31.796857,7620780652652137254,,@初小音创作的原声,初小音,237149111203502,初小音,339,,False,,,,,
7620824266790997275,2026-05-10 21:39:57.987886,7620824624502147866,,300 Violin Orchestra,向前看球,572174943393944,向前看球,749,,False,,,,,
7620835458901710513,2026-05-10 21:40:03.672093,7620835399413713715,,@四郎讲棋创作的原声,四郎讲棋,63038290966,四郎讲棋,323,,False,,,,,
7620847713847938319,2026-05-10 21:40:12.086725,7620847895482354478,,@小雾动漫ikun创作的原声,小雾动漫ikun,1811644751817223,小雾动漫ikun,552,,False,,,,,
7620849028313484554,2026-05-10 21:40:37.277229,7620844986275580713,,我们都很棒（2025哔哩哔哩毕业歌）,校园青春旋律,107755927246,校园青春旋律,1906,,False,,,,,
7620850789560438031,2026-05-10 21:40:46.683106,7620850922012363529,,王者荣耀,只手遮天（无保留教学）,3371565743881289,只手遮天（无保留教学）,565,,False,,,,,
7626001562082577700,2026-05-11 09:08:13.107254,7626001732891396900,,@有料AI创作的原声,有料AI,2714043313815648,有料AI,500,,False,,,,,
7620854479876869402,2026-05-10 21:41:01.325541,7620854387870665523,,@瑞瑞吃不饱创作的原声,瑞瑞吃不饱,64133356485,瑞瑞吃不饱,110,,False,,,,,
7620866645514325284,2026-05-10 21:41:08.108206,7620866545065003814,,@小康哥说车创作的原声,小康哥说车,3228610491599342,小康哥说车,63,,False,,,,,
7620867819533881718,2026-05-10 21:41:33.403185,7620868281313823526,,@翁杉杉创作的原声,翁杉杉,424866058611979,翁杉杉,709,,False,,,,,
7620869162571862507,2026-05-10 21:41:43.886925,7620868964624698138,,@肉包的坚果吖创作的原声,肉包的坚果吖,829508951224428,肉包的坚果吖,43,,False,,,,,
7620884694887959854,2026-05-10 21:41:49.410342,7620884786520804105,,@北大研哥创作的原声,北大研哥,13022351836,北大研哥,346,,False,,,,,
7626049806573587758,2026-05-11 09:09:16.733728,7626050125042912006,,@小钟Johnny创作的原声,小钟Johnny,3237397023693579,小钟Johnny,577,,False,,,,,
7620780342454062370,2026-05-10 21:37:24.384068,7620780697581603638,,@鑫宇影视创作的原声,鑫宇影视,4484285824768251,鑫宇影视,708,,False,,,,,
7620993181663972648,2026-05-10 21:42:04.224449,7251019481550422055,,@漫记小贴士创作的原声,漫记小贴士,239013544333060,漫记小贴士,183,,False,,,,,
7626203367521520896,2026-05-11 09:09:53.872747,7626203628115151662,,@野文不懂吃创作的原声,野文不懂吃,644766069163562,野文不懂吃,962,,False,,,,,
7626218222571761526,2026-05-11 09:10:35.774811,7626218259850742569,,Dream前压（高燃）,三金打野教学（国一马超）,1108734079140045,三金打野教学（国一马超）,584,,False,,,,,
7626216151802023206,2026-05-11 09:10:29.794342,7626216158508649259,,何必西天万里遥,暮色放映室怀旧号,2986739915043469,暮色放映室怀旧号,40,,False,,,,,
7620690099075812642,2026-05-10 21:33:55.339214,7620690779807304511,,@野兽中文配音版创作的原声,野兽中文配音版,4149993100029225,野兽中文配音版,1753,,False,,,,,
7620704768775769394,2026-05-10 21:34:03.028737,7620705132098947850,,@火叔不说剧创作的原声,火叔不说剧,998785442397102,火叔不说剧,1104,,False,,,,,
7620719618121895203,2026-05-10 21:34:13.017070,7620719671465429806,,@自然界当事人创作的原声,自然界当事人,101558879191,自然界当事人,406,,False,,,,,
7620724225065733411,2026-05-10 21:34:19.616355,7620724582516919086,,@Mr希尔《全球探索》创作的原声,Mr希尔《全球探索》,85634667995,Mr希尔《全球探索》,1220,,False,,,,,
7620729105247489295,2026-05-10 21:34:29.783181,7620729083106118443,,@奇趣动物屋创作的原声,奇趣动物屋,888829202924471,奇趣动物屋,205,,False,,,,,
7626204847745846566,2026-05-11 09:10:16.037528,7626204920886119214,,第五人格,高伯恩,101092210742,高伯恩,245,,False,,,,,
7620733386029632774,2026-05-10 21:34:36.117415,7620733364437601051,,@盗圣食者创作的原声,盗圣食者,7484625430974121020,盗圣食者,742,,False,,,,,
7620734620287470882,2026-05-10 21:34:44.186620,7620734696980351770,,@暴扣夫妇创作的原声,暴扣夫妇,7506390375465944124,暴扣夫妇,264,,False,,,,,
7626204261994597678,2026-05-11 09:10:08.368641,7626204180734069567,,@光之速递创作的原声,光之速递,101920369532,光之速递,64,,False,,,,,
7626197491385371910,2026-05-11 09:09:47.342867,7626197719874407210,,丁达尔的梦,出行局,3474084442146590,出行局,733,,False,,,,,
7620774498996055695,2026-05-10 21:37:17.241508,7620774497250970406,,飄洋過海來看你,乐娱先生,1157111048055262,乐娱先生,567,,False,,,,,
7626180667251952931,2026-05-11 09:09:39.685219,7626180812534221595,,@吴所知创作的原声,吴所知,274228690554586,吴所知,322,,False,,,,,
7620751143588629812,2026-05-10 21:35:07.463544,7620752404090243878,,night ocean waves for sleep,三粒星河途SanLi Journey,4144483526517452,三粒星河途SanLi Journey,1449,,False,,,,,
7620755647718614214,2026-05-10 21:35:11.042263,7620755700029213494,,三角洲行动,大宝小老弟(三角洲行动),7439662044653208634,大宝小老弟(三角洲行动),461,,False,,,,,
7620755665224551726,2026-05-10 21:35:20.127570,7620755788352604978,,Anatomy(DJ 版),奇幻动物园,1203329598765323,奇幻动物园,490,,False,,,,,
7620757336130374939,2026-05-10 21:35:46.137470,7620757587193105179,,@亿个钢镚说剧创作的原声,亿个钢镚说剧,679934677490051,亿个钢镚说剧,802,,False,,,,,
7620759403439885603,2026-05-10 21:35:54.707440,7620759492870867748,,@元风说漫创作的原声,元风说漫,2120285603241299,元风说漫,253,,False,,,,,
7620761882098174309,2026-05-10 21:36:20.759195,7620761796080569088,,@酸酸番茄创作的原声,酸酸番茄,429280134172091,酸酸番茄,129,,False,,,,,
7620762747886053238,2026-05-10 21:36:30.719850,7620762770439359295,,@小羊柿子（搓甲版）创作的原声,小羊柿子（搓甲版）,7541343660488131644,小羊柿子（搓甲版）,465,,False,,,,,
7626127496848739625,2026-05-11 09:09:33.734499,7626127186726046505,,@短发小夹鱼创作的原声,短发小夹鱼,2753648879744199,短发小夹鱼,20,,False,,,,,
7620767652079783222,2026-05-10 21:37:00.185915,7620767778181696275,,@墨风探案创作的原声,墨风探案,2911949564683140,墨风探案,480,,False,,,,,
7620774351743787697,2026-05-10 21:37:10.581080,7620774449821846313,,王者荣耀,执念（高分团战）,2762428027510932,执念（高分团战）,623,,False,,,,,
7620885088506481926,2026-05-10 21:41:58.255068,7620885185915030278,,王者荣耀,尘奈-射手思路教学,3793743456768937,尘奈-射手思路教学,437,,False,,,,,
7620999673377082659,2026-05-10 21:42:11.810576,7620999968739920650,,@钞能力大王创作的原声,钞能力大王,2701940898409424,钞能力大王,398,,False,,,,,
7620657158489786355,2026-05-10 21:33:06.293467,7620657096526187273,,@淘电电创作的原声,淘电电,2322599649484359,淘电电,322,,False,,,,,
7625944707465612596,2026-05-11 09:04:53.596225,7625944892988033846,,@漫哥阿哲创作的原声,漫哥阿哲,86728097704,漫哥阿哲,458,,False,,,,,
7621129062349622591,2026-05-10 21:45:39.772297,7621129166661995273,,@庖厨八戒创作的原声,庖厨八戒,2578782775686651,庖厨八戒,324,,False,,,,,
7621130915112078643,2026-05-10 21:45:49.665789,7621130991473642249,,@小雨说西游创作的原声,小雨说西游,107906075657,小雨说西游,180,,False,,,,,
7625956063569067379,2026-05-11 09:05:23.233669,7625956057994758950,,@栗子050创作的原声,栗子050,3076884294273264,栗子050,146,,False,,,,,
7625954896398912768,2026-05-11 09:05:20.518783,7625954875578305290,,@锤子动漫室创作的原声,锤子动漫室,3760762690733323,锤子动漫室,402,,False,,,,,
7621136996208009393,2026-05-10 21:46:00.663350,7621136942272482089,,@旧羽创作的原声,旧羽,2256667747029479,旧羽,206,,False,,,,,
7625952148475465011,2026-05-11 09:05:15.447419,7625952137511521062,,doodle - Slowed,动漫小宇宙,54345816353412,动漫小宇宙,128,,False,,,,,
7621142873320312100,2026-05-10 21:46:35.109645,7621142872909204251,,@朱朱侠科普创作的原声,朱朱侠科普,106815005442,朱朱侠科普,134,,False,,,,,
7621145218234196922,2026-05-10 21:47:00.911716,7621145208784177960,,咆哮  0.9x,羊羊,1214317345115120,羊羊,681,,False,,,,,
7625950469180951817,2026-05-11 09:05:09.003831,7625950554908412723,,@一只坤子🏀创作的原声,一只坤子🏀,3367129825943915,一只坤子🏀,330,,False,,,,,
7625950025335573779,2026-05-11 09:05:02.891497,7625950150145362742,,@大金聊车创作的原声,大金聊车,485321152143740,大金聊车,323,,False,,,,,
7621148874803039488,2026-05-10 21:47:16.341642,7621150200937057051,,@视界宇宙创作的原声,视界宇宙,124717852536044,视界宇宙,263,,False,,,,,
7621153996681530650,2026-05-10 21:47:24.074233,7621154141921938230,,@灵犀一解创作的原声,灵犀一解,2599699865419279,灵犀一解,467,,False,,,,,
7625963516918320393,2026-05-11 09:05:25.967140,7625963575890168618,,@一介苏生创作的原声,一介苏生,643656442712384,一介苏生,244,,False,,,,,
7621157224413775785,2026-05-10 21:47:32.240531,7621157181959523115,,@造车人-老高创作的原声,造车人-老高,3070297598855592,造车人-老高,29,,False,,,,,
7621164936949026090,2026-05-10 21:47:40.492460,7621165125521050409,,@小帅影探创作的原声,小帅影探,104771448261,小帅影探,510,,False,,,,,
7625940013382362289,2026-05-11 09:04:47.113531,7625939980774279955,,@正宗大肥猪中国分猪创作的原声,正宗大肥猪中国分猪,360268242093976,正宗大肥猪中国分猪,475,,False,,,,,
7621171156585925931,2026-05-10 21:47:46.160004,7621171306629319443,,@郎咸平讲实话创作的原声,郎咸平讲实话,2936131620185402,郎咸平讲实话,396,,False,,,,,
7621171842585218340,2026-05-10 21:47:53.242701,7621172914523622198,,Time Is Broken（枯树总会逢春）,即白史话,3723366119784208,即白史话,1813,,False,,,,,
7621173267080006962,2026-05-10 21:47:59.396584,7621173471791614729,,火影忍者,戏耍,1273665311215674,戏耍,318,,False,,,,,
7621175927849897251,2026-05-10 21:48:08.926575,6738292617076801550,,@蓝星动物馆创作的原声,蓝星动物馆,7534679873198097468,蓝星动物馆,294,,False,,,,,
7621177074664885530,2026-05-10 21:48:35.446808,7621177384665910067,,WinningGame (必胜局),拍车的MR陈,104607553083,拍车的MR陈,811,,False,,,,,
7621183643477642536,2026-05-10 21:48:42.390849,7562858424740872251,,@肥龙和老西创作的原声,肥龙和老西,2360023525629779,肥龙和老西,182,,False,,,,,
7621185751581757898,2026-05-10 21:49:09.418594,7450458740366508073,,@大虎和大玄创作的原声,大虎和大玄,52123772577,大虎和大玄,10,,False,,,,,
7621186448737221233,2026-05-10 21:49:18.829780,7482025266307399737,,Get Busy（第五人格启动）,呆呆的小杰,46657420660346,呆呆的小杰,387,,False,,,,,
7621126244297762033,2026-05-10 21:45:32.245376,7621126122285222691,,喜欢有你的明天,唐老鸭！,2436943466475070,唐老鸭！,140,,False,,,,,
7625966725338500361,2026-05-11 09:05:36.147325,7625967973110827803,,@追凶叙影创作的原声,追凶叙影,7586976273295262769,追凶叙影,893,,False,,,,,
7625995766976236810,2026-05-11 09:08:06.021075,7625995869063072531,,@大飞环球地理创作的原声,大飞环球地理,165340509122779,大飞环球地理,487,,False,,,,,
7625983324246297883,2026-05-11 09:07:01.186660,7625983634243144467,,@港影迷城创作的原声,港影迷城,68092762727,港影迷城,955,,False,,,,,
7621005982188997939,2026-05-10 21:42:50.761569,7621006330161072959,,@老外东方行创作的原声,老外东方行,102282264348,老外东方行,1051,,False,,,,,
7621010928422636826,2026-05-10 21:43:00.185987,7621010892162976566,,别错过（Cover 程佳佳）,兔子音悦会,7540925000956036154,兔子音悦会,236,,False,,,,,
7625994338704033018,2026-05-11 09:07:59.355134,7625994394440911652,,@肖子梵创作的原声,肖子梵,2102724143356007,肖子梵,308,,False,,,,,
7625993440370773302,2026-05-11 09:07:52.284218,7625993770693069614,,可爱宝宝 - 可爱有趣蠢萌配乐,奇妙动物所,3306965023856013,奇妙动物所,747,,False,,,,,
7621029570791165227,2026-05-10 21:43:10.872283,7621029696498617131,,@乐感音乐楚老师创作的原声,乐感音乐楚老师,68038220103,乐感音乐楚老师,300,,False,,,,,
7625986742398569747,2026-05-11 09:07:45.020021,7523824892572074025,,@小李说球创作的原声,小李说球,7453365081432523836,小李说球,266,,False,,,,,
7621046284308286730,2026-05-10 21:43:19.643318,7621046323442961198,,@花之林创作的原声,花之林,1488069680174299,花之林,337,,False,,,,,
7625984610891074868,2026-05-11 09:07:36.920117,7625984773303175942,,@迎山笔记创作的原声,迎山笔记,2586519640489404,迎山笔记,507,,False,,,,,
7625984534638754286,2026-05-11 09:07:23.076349,7625984544839191347,,@唯一的鱼创作的原声,唯一的鱼,1115349964294636,唯一的鱼,732,,False,,,,,
7625983892776400448,2026-05-11 09:07:16.591926,7625983886492715785,,@尼莫点创作的原声,尼莫点,3764327265343965,尼莫点,337,,False,,,,,
7625983379455872283,2026-05-11 09:07:08.352913,7625983518836788009,,@元风说漫创作的原声,元风说漫,2120285603241299,元风说漫,429,,False,,,,,
7621096892131368552,2026-05-10 21:43:54.663799,7621096849692281638,,@海木动物说创作的原声,海木动物说,1205532593756480,海木动物说,429,,False,,,,,
7625966776837711461,2026-05-11 09:05:44.343294,7625966813075032838,,@澳门陈生🇲🇴创作的原声,澳门陈生🇲🇴,7607108674146927653,澳门陈生🇲🇴,1194,,False,,,,,
7621098101599636772,2026-05-10 21:44:04.787419,7621098223377058610,,@史记杂谈创作的原声,史记杂谈,3107694501694144,史记杂谈,237,,False,,,,,
7621111350193851683,2026-05-10 21:44:12.490827,7636796710894714939,,Evil(暗黑Phonk),小盒动物园,1047211979573549,小盒动物园,576,,False,,,,,
7625975657343765814,2026-05-11 09:06:43.144436,7625975726180715290,,@九三老贼创作的原声,九三老贼,110375690183,九三老贼,154,,False,,,,,
7625975092018761010,2026-05-11 09:06:38.711203,7625975126009400074,,@食味江湖创作的原声,食味江湖,136809287529688,食味江湖,112,,False,,,,,
7625974741551123739,2026-05-11 09:06:12.272526,7625974944639404841,,@逗哏与捧哏创作的原声,逗哏与捧哏,1420208101919709,逗哏与捧哏,423,,False,,,,,
7621116269022313969,2026-05-10 21:44:50.505953,7621116234352085811,,@杰伦的奶茶桶创作的原声,杰伦的奶茶桶,2487517650363977,杰伦的奶茶桶,37,,False,,,,,
7621116985266408719,2026-05-10 21:44:56.903545,7621117080775002926,,萨莉,麦克斯的修复领域,59131191360,麦克斯的修复领域,608,,False,,,,,
7621117262308724006,2026-05-10 21:45:06.569057,7621117487341407022,,@大漠叔叔创作的原声,大漠叔叔,97242246382,大漠叔叔,663,,False,,,,,
7621117699308932367,2026-05-10 21:45:12.793957,7621117820787706667,,@抓猫的鱼创作的原声,抓猫的鱼,83850498434,抓猫的鱼,362,,False,,,,,
7625970187552148075,2026-05-11 09:06:05.495609,7625970168119888703,,@小愣吃不饱创作的原声,小愣吃不饱,37813905260795,小愣吃不饱,246,,False,,,,,
7625968079642949032,2026-05-11 09:05:59.320648,7625968075124247346,,@邪恶烂柿子创作的原声,邪恶烂柿子,4214874811141448,邪恶烂柿子,454,,False,,,,,
7620657543487950120,2026-05-10 21:33:15.350372,7620657648697871131,,@浩南魔术幕后创作的原声,浩南魔术幕后,1858607223426714,浩南魔术幕后,319,,False,,,,,
7620655528145882409,2026-05-10 21:32:59.655307,7620656138467511082,,@牛油果Tech创作的原声,牛油果Tech,534839796968512,牛油果Tech,2243,,False,,,,,
7619929409043220729,2026-05-10 21:12:55.461275,7619929288267090722,,心似烟火（Mean Remix）,碇真嗣,7474894268806677562,碇真嗣,83,,False,,,,,
7620139565542715642,2026-05-10 21:19:55.947885,7620139407199865654,,Vlog进行曲,大西环游记,61428646470,大西环游记,449,,False,,,,,
7620054009571345317,2026-05-10 21:18:00.778017,7620053954700872448,,@号动漫创作的原声,号动漫,653528955105694,号动漫,573,,False,,,,,
7626404231037209891,2026-05-11 09:15:16.706371,7626404271604419370,,Old School,102研究所,2755835257954672,102研究所,331,,False,,,,,
7626398433130070458,2026-05-11 09:15:01.787362,7626398513479437066,,王者荣耀,盅盅是个打游戏的,800879703765316,盅盅是个打游戏的,373,,False,,,,,
7626396001716243747,2026-05-11 09:14:31.571658,7626396255660313407,,@大壬车短评创作的原声,大壬车短评,67956126394,大壬车短评,638,,False,,,,,
7620094963951895022,2026-05-10 21:18:29.539419,7620095125615692594,,@song创作的原声,song,2491911368610477,song,1506,,False,,,,,
7626388302609878308,2026-05-11 09:14:24.092517,7626388431425309490,,@绿茵显微镜创作的原声,绿茵显微镜,2367677152116215,绿茵显微镜,280,,False,,,,,
7620101939174345994,2026-05-10 21:18:58.068717,7620102152703822643,,@小羊biubiu创作的原声,小羊biubiu,58659103548,小羊biubiu,516,,False,,,,,
7620112430491880714,2026-05-10 21:19:10.993286,7620113005426101011,,@可乐说剧创作的原声,可乐说剧,3716821332008780,可乐说剧,1138,,False,,,,,
7620113246065806634,2026-05-10 21:19:37.152882,7620113516384504630,,我的祖国,咕咕Earth,1179126365946487,咕咕Earth,305,,False,,,,,
7626381492997885210,2026-05-11 09:14:17.849501,7626382366319053608,,泣き顔スマイル,生活侧影,7411813586904040508,生活侧影,2608,,False,,,,,
7620129671321079082,2026-05-10 21:19:49.890290,7620129483256777522,,@遇见中国创作的原声,遇见中国,2088699692587480,遇见中国,27,,False,,,,,
7620194002079436032,2026-05-10 21:20:15.644742,7620193960639662894,,@青铜门外创作的原声,青铜门外,3116452854636894,青铜门外,460,,False,,,,,
7620048862488661274,2026-05-10 21:17:28.520095,7620049511943015209,,@阿蛋黄靖创作的原声,阿蛋黄靖,56534777143,阿蛋黄靖,1632,,False,,,,,
7620210613340788671,2026-05-10 21:20:30.582510,7620210716053703462,,If You Get Lost（迷失）,爱化妆的瘦瘦,4487533656289395,爱化妆的瘦瘦,481,,False,,,,,
7626364794559319323,2026-05-11 09:14:07.616036,7626364787481053988,,@职场小火柴创作的原声,职场小火柴,7601145100135760945,职场小火柴,96,,False,,,,,
7620250814338983778,2026-05-10 21:20:42.719022,7620250666384083762,,势均力敌,情殇爱拍车,102565812702,情殇爱拍车,24,,False,,,,,
7626358941550693684,2026-05-11 09:14:04.985979,7626359015391660836,,@王朝·青史创作的原声,王朝·青史,2112606977415770,王朝·青史,413,,False,,,,,
7620264810950199635,2026-05-10 21:21:01.619991,7620264690488249094,,@珊迪混剪创作的原声,珊迪混剪,2509554239670617,珊迪混剪,1006,,False,,,,,
7620269270245990885,2026-05-10 21:21:10.302589,7620268988458715944,,@快乐酥酥创作的原声,快乐酥酥,1350659734508728,快乐酥酥,323,,False,,,,,
7620286074182454564,2026-05-10 21:21:33.686212,7620285303462300442,,攻击力不够的视作情调（DJ旋律）,可爱吃豆芽,4215951673273543,可爱吃豆芽,24,,False,,,,,
7626350920493780275,2026-05-11 09:13:53.617559,7626351230218291977,,@王者荣耀阿九（国服老虎）创作的原声,王者荣耀阿九（国服老虎）,2760214022467338,王者荣耀阿九（国服老虎）,677,,False,,,,,
7620306454214770801,2026-05-10 21:22:05.050395,7620306238861052672,,My Heart Will Go On,谷校长,1207680339021044,谷校长,236,,False,,,,,
7626350456981609393,2026-05-11 09:13:47.227647,7626350436882156342,,@寻味美食创作的原声,寻味美食,537037955152423,寻味美食,182,,False,,,,,
7620312393117093130,2026-05-10 21:22:16.010249,7620312743316294450,,@老汉荒野创作的原声,老汉荒野,2263230256789891,老汉荒野,1005,,False,,,,,
7620053027994520867,2026-05-10 21:17:35.285037,7603786693702844458,,第五人格,赤川江野（第五人格）,62961878590,赤川江野（第五人格）,344,,False,,,,,
7620034354625940755,2026-05-10 21:17:21.429404,7620034552374889279,,@是圈总创作的原声,是圈总,104502577727,是圈总,302,,False,,,,,
7620323056329805075,2026-05-10 21:22:27.338408,7620323080807975706,,@蓝娱创作的原声,蓝娱,1813536925024328,蓝娱,33,,False,,,,,
7620009923606351142,2026-05-10 21:15:51.268432,7620010109691038510,,@青史人物志创作的原声,青史人物志,7604049314382300209,青史人物志,781,,False,,,,,
7619934993317367050,2026-05-10 21:13:06.518256,7620175744790055690,,@兵成讲故事创作的原声,兵成讲故事,2817405376803294,兵成讲故事,585,,False,,,,,
7619954031746908667,2026-05-10 21:13:14.497646,96799203,,梧桐树没有结尾,雾痕（9277）,103104507251,雾痕（9277）,87,,False,,,,,
7619961157193973642,2026-05-10 21:13:39.629225,7619961073516497670,,@澳门特价酒店树树创作的原声,澳门特价酒店树树,1273697066291418,澳门特价酒店树树,40,,False,,,,,
7619961387963419931,2026-05-10 21:14:04.426856,7619961440325225243,,@甜可瓜🎬创作的原声,甜可瓜🎬,2933975674008824,甜可瓜🎬,207,,False,,,,,
7626593162307620793,2026-05-11 09:16:32.750807,7626593001397095203,,@然仔训鸟鹦鹉创作的原声,然仔训鸟鹦鹉,92763478192,然仔训鸟鹦鹉,358,,False,,,,,
7619966273044237603,2026-05-10 21:14:17.211823,7619966257521445668,,@小叙Talk创作的原声,小叙Talk,1682683415234643,小叙Talk,375,,False,,,,,
7619980743209530505,2026-05-10 21:14:22.953783,7619980728722148134,,@枣日发财的枣创作的原声,枣日发财的枣,1462807606854755,枣日发财的枣,306,,False,,,,,
7619990078110174499,2026-05-10 21:14:38.234656,7619990356826098441,,@游泳的艾米创作的原声,游泳的艾米,3505706576392419,游泳的艾米,1013,,False,,,,,
7619993800643005711,2026-05-10 21:15:11.927407,7619993939403393811,,@酒痴东梦创作的原声,酒痴东梦,1543343958922731,酒痴东梦,562,,False,,,,,
7619994865232792882,2026-05-10 21:15:37.662875,7619995056543845171,,@「从地图出发」创作的原声,「从地图出发」,59233673371,「从地图出发」,765,,False,,,,,
7626578852755606810,2026-05-11 09:16:24.396209,7626579030778743603,,@爬爬娘创作的原声,爬爬娘,71924037137,爬爬娘,628,,False,,,,,
7620014397297151247,2026-05-10 21:15:58.001829,7620014572660886282,,无畏契约（Valorant）,瓦区墨菲特（无畏契约）,105188750089,瓦区墨菲特（无畏契约）,371,,False,,,,,
7620033641691490801,2026-05-10 21:17:14.481714,7620033584157510454,,@大块头儿创作的原声,大块头儿,3432023363429404,大块头儿,6,,False,,,,,
7620014963873251835,2026-05-10 21:16:06.022055,7620014946478246694,,@菠萝选手创作的原声,菠萝选手,71472302234,菠萝选手,25,,False,,,,,
7626570599200001332,2026-05-11 09:16:14.826121,7626570682918357798,,@Beat Audio创作的原声,Beat Audio,151080568895959,Beat Audio,339,,False,,,,,
7626563648982371619,2026-05-11 09:16:01.548128,7626563815798311716,,@星月小丸子🍡创作的原声,星月小丸子🍡,1127441957932779,星月小丸子🍡,831,,False,,,,,
7626548023719365903,2026-05-11 09:15:55.479804,7626548344378215177,,@戏车人创作的原声,戏车人,104952586265,戏车人,678,,False,,,,,
7626484879764589862,2026-05-11 09:15:46.383992,7626485821285190463,,@小麦车游记创作的原声,小麦车游记,96009184650,小麦车游记,678,,False,,,,,
7626430118667472169,2026-05-11 09:15:41.074701,7626430154004237110,,@涡轮故事贩卖机创作的原声,涡轮故事贩卖机,705263485074841,涡轮故事贩卖机,224,,False,,,,,
7626425357582798120,2026-05-11 09:15:26.702930,7626425643202382618,,忠诚loyalty (Phonk),吴亚钓鱼-垂神,2805550362405139,吴亚钓鱼-垂神,722,,False,,,,,
7620029005698333358,2026-05-10 21:16:31.983782,7620029014106770227,,@皮皮小视界创作的原声,皮皮小视界,94655446885,皮皮小视界,327,,False,,,,,
7620030851640357833,2026-05-10 21:16:37.677128,7620031148785158921,,@小谷一家的远行创作的原声,小谷一家的远行,596378769439770,小谷一家的远行,617,,False,,,,,
7620031029817904410,2026-05-10 21:17:02.601156,7620031383817505579,,@次饭时间创作的原声,次饭时间,1293480094092638,次饭时间,947,,False,,,,,
7626417365894417714,2026-05-11 09:15:23.928954,7626417521998072595,,@破产野哥的黑白世界创作的原声,破产野哥的黑白世界,3195617658814320,破产野哥的黑白世界,1127,,False,,,,,
7626349547563896064,2026-05-11 09:13:41.589261,7626349782029568777,,@山河人物创作的原声,山河人物,441375454668147,山河人物,525,,False,,,,,
7626348869613260047,2026-05-11 09:13:26.415373,7626348992154045226,,@绝密研究所所长创作的原声,绝密研究所所长,3016708170197271,绝密研究所所长,317,,False,,,,,
7626224456336041701,2026-05-11 09:10:42.381580,7626224340962413327,,@Echo Wave创作的原声,Echo Wave,203830509963476,Echo Wave,312,,False,,,,,
7620457871226432890,2026-05-10 21:30:31.205181,7620457846920039206,,@四郎讲棋创作的原声,四郎讲棋,63038290966,四郎讲棋,529,,False,,,,,
7626318672709337984,2026-05-11 09:12:46.133718,7626318578798709523,,@VsVault创作的原声,VsVault,7614344785378509861,VsVault,80,,False,,,,,
7620404102861786377,2026-05-10 21:27:51.230731,7620404230154668819,,@二狗流沙（Yu7 版）创作的原声,二狗流沙（Yu7 版）,3211044615370787,二狗流沙（Yu7 版）,1164,,False,,,,,
7626310381228608822,2026-05-11 09:12:40.098260,7626310288459369279,,@麻辣小薯条🍟创作的原声,麻辣小薯条🍟,3978496018747963,麻辣小薯条🍟,473,,False,,,,,
7620407320414510769,2026-05-10 21:28:04.238602,7620407318656568090,,@郁青云创作的原声,郁青云,1292623426094638,郁青云,599,,False,,,,,
7620413491383504164,2026-05-10 21:28:20.797998,7620413694568188714,,@老榨菜影视创作的原声,老榨菜影视,2929558373007821,老榨菜影视,654,,False,,,,,
7620426659103034664,2026-05-10 21:29:00.131553,7620426767584987954,,@园长鼠鼠创作的原声,园长鼠鼠,4152224902035979,园长鼠鼠,231,,False,,,,,
7626295225988317691,2026-05-11 09:12:17.157107,7626295404291787563,,@阿酱小猫饼🫓创作的原声,阿酱小猫饼🫓,4209345577880158,阿酱小猫饼🫓,383,,False,,,,,
7626292084303056164,2026-05-11 09:12:11.601288,7626292122538298158,,@老昌军武创作的原声,老昌军武,4460063226078595,老昌军武,241,,False,,,,,
7620445987353447680,2026-05-10 21:29:20.730545,7620446194288479027,,@王有才是我创作的原声,王有才是我,3694808509979367,王有才是我,566,,False,,,,,
7620450079128400100,2026-05-10 21:29:26.687975,7620450073142594350,,@户外小北创作的原声,户外小北,66874375997,户外小北,566,,False,,,,,
7620455409144450342,2026-05-10 21:30:15.542681,7620455793862986523,,@楠风追剧创作的原声,楠风追剧,789880743401904,楠风追剧,804,,False,,,,,
7620462481824320163,2026-05-10 21:30:56.411554,7620462413522963243,,@杨杨日常创作的原声,杨杨日常,3600263745901595,杨杨日常,6,,False,,,,,
7620401238988013032,2026-05-10 21:27:14.851937,7620401250978892563,,@打工没人要的小高创作的原声,打工没人要的小高,3578238359059547,打工没人要的小高,207,,False,,,,,
7626279125297381222,2026-05-11 09:11:32.676498,7626279502842170154,,可惜,骚哥歪传,110659634911,骚哥歪传,927,,False,,,,,
7620483039080319483,2026-05-10 21:31:07.484715,7620483005047425818,,王者荣耀,王者锅服郑在送,588948401031175,王者锅服郑在送,163,,False,,,,,
7620487984722453732,2026-05-10 21:31:14.488719,7549865235870321459,,富有生命力的BGM,阿嘉呀,57614530374,阿嘉呀,9,,False,,,,,
7620488661902362097,2026-05-10 21:31:21.982029,7620488689663183668,,@番薯影视创作的原声,番薯影视,92868920599,番薯影视,160,,False,,,,,
7620496921068872410,2026-05-10 21:31:48.956388,7620496989502868287,,@发光的二极管yoyo（赛博神医）创作的原声,发光的二极管yoyo（赛博神医）,91710298547,发光的二极管yoyo（赛博神医）,545,,False,,,,,
7626278259633786162,2026-05-11 09:11:24.216730,7626278578199546660,,@叶梓电影创作的原声,叶梓电影,2900948084069004,叶梓电影,1097,,False,,,,,
7620602423182216458,2026-05-10 21:32:04.052388,7620602451884133139,,Shakera (PHONK）,乒速说,4232457858857340,乒速说,241,,False,,,,,
7626275595265019142,2026-05-11 09:11:10.849607,7626275727100496686,,@体育在读生创作的原声,体育在读生,87555041404168,体育在读生,309,,False,,,,,
7620624939347107803,2026-05-10 21:32:36.766799,7620624824531946294,,@三石大神创作的原声,三石大神,82009756264,三石大神,210,,False,,,,,
7626233840071118089,2026-05-11 09:10:56.953974,7626234072582359854,,@赖皮猴爱美食创作的原声,赖皮猴爱美食,95537174329,赖皮猴爱美食,700,,False,,,,,
7626232419351317796,2026-05-11 09:10:49.647917,7626232468193987338,,@海风环球旅行创作的原声,海风环球旅行,703284873011213,海风环球旅行,689,,False,,,,,
7620402629482482944,2026-05-10 21:27:39.825171,7620402728933641003,,@王大闲人聊车创作的原声,王大闲人聊车,798685327526260,王大闲人聊车,221,,False,,,,,
7620399921925082418,2026-05-10 21:26:49.803789,7620400052877069065,,九儿,极梦超体,7588070783176967205,极梦超体,209,,False,,,,,
7626345455701577001,2026-05-11 09:13:24.080246,7626345742705462025,,Hey Hey Hey 3,开车狂浪,75865464977,开车狂浪,882,,False,,,,,
7620385079591816502,2026-05-10 21:24:46.912947,7620385267425397540,,Hidden Path,阿通篮球说,2763529509153241,阿通篮球说,537,,False,,,,,
7620354063531592979,2026-05-10 21:22:38.964135,7620354095240448787,,@蜜糖动漫创作的原声,蜜糖动漫,644790934577274,蜜糖动漫,233,,False,,,,,
7620356293970136330,2026-05-10 21:22:46.953402,7620356369212361478,,@老爹爱动漫创作的原声,老爹爱动漫,2458161413104551,老爹爱动漫,152,,False,,,,,
7620356458856582452,2026-05-10 21:23:12.031197,7232218789490789687,,@小鑫影视说创作的原声,小鑫影视说,3730015877860460,小鑫影视说,1610,,False,,,,,
7620362169690983707,2026-05-10 21:23:21.248996,7620362245591141171,,@小紧张的虫虫创作的原声,小紧张的虫虫,99640342155,小紧张的虫虫,849,,False,,,,,
7620370883526518181,2026-05-10 21:23:28.310365,7620370788956359464,,@千羽动漫创作的原声,千羽动漫,3580460203253896,千羽动漫,168,,False,,,,,
7620373257933409587,2026-05-10 21:23:52.863711,7620373290888366898,,@叫我阿东创作的原声,叫我阿东,4068662817597757,叫我阿东,209,,False,,,,,
7626343109332323594,2026-05-11 09:13:21.611096,7626343264890702642,,RICH MEN,通哥天天排行,2880330009163868,通哥天天排行,334,,False,,,,,
7620376738731691304,2026-05-10 21:24:03.578644,7620377599646337838,,Tokyo(Remix),以影为名,1438638162843972,以影为名,1567,,False,,,,,
7620380902866193664,2026-05-10 21:24:10.171328,7620381244018199305,,@地球探索创作的原声,地球探索,1204704228452615,地球探索,1097,,False,,,,,
7620381389115952422,2026-05-10 21:24:13.150729,7620381491528305462,,@史剧真有料创作的原声,史剧真有料,950419034750072,史剧真有料,442,,False,,,,,
7620384835231616296,2026-05-10 21:24:21.774150,7620385281983761190,,@花花DANCE电影创作的原声,花花DANCE电影,4001838720888903,花花DANCE电影,1088,,False,,,,,
7626335593169487973,2026-05-11 09:13:15.402529,7626335536118041407,,@电耗子老吴创作的原声,电耗子老吴,338287168325070,电耗子老吴,327,,False,,,,,
7626321030159617331,2026-05-11 09:12:53.097667,7626321060245572358,,@小宝趣玩创作的原声,小宝趣玩,108665268414,小宝趣玩,160,,False,,,,,
7620387855679933739,2026-05-10 21:24:56.376961,7620387865825921828,,SPACE！ (DJ超然版),织梦追番,2047707492397772,织梦追番,240,,False,,,,,
7626335213035156474,2026-05-11 09:13:12.908335,7626335315132730122,,王者荣耀,执念（高分团战）,2762428027510932,执念（高分团战）,514,,False,,,,,
7620389150302276904,2026-05-10 21:25:06.152270,7620389396692585226,,@郭莽莽创作的原声,郭莽莽,187368694103369,郭莽莽,336,,False,,,,,
7620392505351081225,2026-05-10 21:25:16.893684,7620393025105038143,,君生吾未生,会跑的毛毛虫,342694184616525,会跑的毛毛虫,1868,,False,,,,,
7626327398945934638,2026-05-11 09:13:01.046963,7626327503971355401,,王者荣耀,阿满王者火箭班,1541981199149340,阿满王者火箭班,304,,False,,,,,
7620394914832059648,2026-05-10 21:25:27.829139,7620394907762002726,,@种草实验室创作的原声,种草实验室,1311036932370584,种草实验室,38,,False,,,,,
7626322025379925286,2026-05-11 09:12:58.657778,7626322051896281902,,@三维地图研究社创作的原声,三维地图研究社,935014184267035,三维地图研究社,279,,False,,,,,
7620396419035188522,2026-05-10 21:25:33.236037,7620396484691266345,,@鹿哥Gustav创作的原声,鹿哥Gustav,111504847570,鹿哥Gustav,222,,False,,,,,
7620398244673162537,2026-05-10 21:25:40.404454,7620398484054936329,,@玉玊足球创作的原声,玉玊足球,1174704343513407,玉玊足球,362,,False,,,,,
7620399034909478150,2026-05-10 21:26:05.520306,7620399078177852206,,@青柠动画创作的原声,青柠动画,1359465183183246,青柠动画,233,,False,,,,,
7620399266745557413,2026-05-10 21:26:14.594420,7620399364057402139,,♡BUBBLE LOVE♡,百变小鱼,4234945657583272,百变小鱼,568,,False,,,,,
7613921287659960954,2026-05-10 17:10:28.014508,7613921288859519779,,@陈吐司的梦想创作的原声,陈吐司的梦想,2283057042425672,陈吐司的梦想,893,,False,,,,,
7614595196868651750,2026-05-10 17:39:05.403432,7614595190245837578,,@Blurrty创作的原声,Blurrty,97058850345,Blurrty,472,,False,,,,,
7628110680549705189,2026-05-11 09:44:55.656687,7628110704507521798,,@江南大魔王创作的原声,江南大魔王,7515758847228675130,江南大魔王,539,,False,,,,,
7628981840996617482,2026-05-11 10:06:53.014219,7628981994583493422,,@回音走廊创作的原声,回音走廊,7596380870676759589,回音走廊,525,,False,,,,,
7629015105199541546,2026-05-11 10:07:51.977814,7629015480266705670,,@法学爱好者-遛弯的种花兔创作的原声,法学爱好者-遛弯的种花兔,140352503951869,法学爱好者-遛弯的种花兔,443,,False,,,,,
7606937294477511946,2026-05-09 22:39:10.798044,7606937913263541002,,我的要求不算高,楼下粉猪君,60363336281,楼下粉猪君,1550,,False,,,,,
7629010207619681599,2026-05-11 10:07:38.321260,7629356096712343589,,@蓝调冰岛创作的原声,蓝调冰岛,2086216459384576,蓝调冰岛,237,,False,,,,,
7606960340119007089,2026-05-09 22:39:20.162284,7606960262725356294,,@甘多米创作的原声,甘多米,7529028126840636473,甘多米,329,,False,,,,,
7629006341541072170,2026-05-11 10:07:31.532942,7629006605345884966,,@虎哥说电影创作的原声,虎哥说电影,7014727812604,虎哥说电影,881,,False,,,,,
7606985473008979254,2026-05-09 22:39:29.143066,7606985849812552498,,@谋生者白言（无畏契约）创作的原声,谋生者白言（无畏契约）,116976837472564,谋生者白言（无畏契约）,300,,False,,,,,
7606988452952837385,2026-05-09 22:39:31.454605,7606988619399596827,,@悠悠体育创作的原声,悠悠体育,1315461953240708,悠悠体育,185,,False,,,,,
7606989723680247066,2026-05-09 22:39:39.095385,7606989947848903475,,咏春 (DJ版),造型师马小花,82119117638,造型师马小花,220,,False,,,,,
7628989459984031097,2026-05-11 10:07:16.281021,7628989431462087466,,@虾皇二哥创作的原声,虾皇二哥,100497147280,虾皇二哥,98,,False,,,,,
7628987263447239988,2026-05-11 10:07:01.925032,7405225940017479731,,@黑衣布伽创作的原声,黑衣布伽,571385085697783,黑衣布伽,692,,False,,,,,
7628985317609065762,2026-05-11 10:06:57.718783,7628985421267012362,,@Max F1创作的原声,Max F1,89840558492,Max F1,393,,False,,,,,
7628977521089894329,2026-05-11 10:06:47.930008,7628977436104887076,,@异界文旅创作的原声,异界文旅,7437704350799414331,异界文旅,15,,False,,,,,
7607055437799771401,2026-05-09 22:41:08.262275,7607056227998255881,,@废柴老公和学霸老婆创作的原声,废柴老公和学霸老婆,92804056620952,废柴老公和学霸老婆,354,,False,,,,,
7607009329589780857,2026-05-09 22:39:55.726451,7607009241720277806,,@方块丶创作的原声,方块丶,51006864113548,方块丶,307,,False,,,,,
7607010462454107442,2026-05-09 22:39:58.095073,7607010788712155931,,连锁反应（陈功磊 Remix）,童叔动漫游戏,109304332854,童叔动漫游戏,331,,False,,,,,
7607014981187554575,2026-05-09 22:40:00.768210,7607015719221381897,,@鲲述史创作的原声,鲲述史,4153322460956442,鲲述史,242,,False,,,,,
7628971404293425009,2026-05-11 10:06:34.101518,7628971582014573358,,月光缠绵 躲在心里面(氛围版),一只小小卓🎀,55126030366,一只小小卓🎀,1068,,False,,,,,
7607024306920475942,2026-05-09 22:40:11.929274,7607024973655411465,,@问千秋创作的原声,问千秋,2417187782926460,问千秋,532,,False,,,,,
7607025316766272819,2026-05-09 22:40:30.854072,7607026175617452806,,@即录观世界创作的原声,即录观世界,3945500509738703,即录观世界,645,,False,,,,,
7628971001287544106,2026-05-11 10:06:26.907913,7628970967432842026,,@指尖音乐创作的原声,指尖音乐,2682425610604831,指尖音乐,340,,False,,,,,
7628967646020586795,2026-05-11 10:06:20.618791,7628967781819599635,,@恐布说创作的原声,恐布说,2681058081652064,恐布说,721,,False,,,,,
7628965504460001187,2026-05-11 10:06:07.149631,7628965465737743113,,@一路娱西创作的原声,一路娱西,1743138442714859,一路娱西,246,,False,,,,,
7607050425765760297,2026-05-09 22:40:55.536810,7607051004546222902,,@追寻自由的胡81创作的原声,追寻自由的胡81,957036205183050,追寻自由的胡81,29,,False,,,,,
7607052018280549254,2026-05-09 22:40:58.483039,7607052031676779300,,@燕子说动漫创作的原声,燕子说动漫,517214955665408,燕子说动漫,671,,False,,,,,
7606919255669361971,2026-05-09 22:39:00.279368,7603840910287175721,,鸣潮,宪云王大可,3771750615091849,宪云王大可,68,,False,,,,,
7606910621250158523,2026-05-09 22:38:53.529871,7606910545769351999,,@逗哥游世界创作的原声,逗哥游世界,88305901531,逗哥游世界,704,,False,,,,,
7606908555061773922,2026-05-09 22:38:47.395075,7606908578506951434,,@驭史而行创作的原声,驭史而行,1030673477932720,驭史而行,482,,False,,,,,
7606904934738562358,2026-05-09 22:38:38.537461,7606905524218628902,,和平精英,虎剪辑,96432371852,虎剪辑,579,,False,,,,,
7629149319744081192,2026-05-11 10:08:28.549983,7629149475658926867,,@蝶儿视觉创作的原声,蝶儿视觉,2103800568482024,蝶儿视觉,653,,False,,,,,
7629132478027943231,2026-05-11 10:08:20.470061,7629132436672645894,,@小白解说创作的原声,小白解说,97844819953,小白解说,36,,False,,,,,
7606666821290249515,2026-05-09 22:35:53.632846,7606667339546790665,,NO BATIDÃO (Sped up VIP),阿欢看番日记,529330356364171,阿欢看番日记,390,,False,,,,,
7606670021040885018,2026-05-09 22:36:03.076848,7606670084278471433,,@高司令（速凌电竞）创作的原声,高司令（速凌电竞）,7482975509950940219,高司令（速凌电竞）,741,,False,,,,,
7606673486957858090,2026-05-09 22:36:11.181511,7606674050420935487,,@幕野创作的原声,幕野,1373719847516235,幕野,353,,False,,,,,
7606674063105667178,2026-05-09 22:36:19.282789,7606674080812616483,,@神宇⛄️ 『 老山羊 』创作的原声,神宇⛄️ 『 老山羊 』,10750575657,神宇⛄️ 『 老山羊 』,258,,False,,,,,
7606680161619363705,2026-05-09 22:36:25.407088,7606680054638742291,,@是初九呀创作的原声,是初九呀,68340639844,是初九呀,16,,False,,,,,
7606683502926515482,2026-05-09 22:36:34.448866,7606683855097056050,,三角洲行动,安澜（三角洲行动）,2258810838459188,安澜（三角洲行动）,201,,False,,,,,
7606684936633057919,2026-05-09 22:36:40.620326,7182469785035328780,,@祈创作的原声,祈,599688903929132,祈,15,,False,,,,,
7606690470764268800,2026-05-09 22:36:53.891582,7409482861490733106,,六尺摇（阿萝拉进行曲）,次元拆解局,1040553506248846,次元拆解局,216,,False,,,,,
7606690770556423474,2026-05-09 22:37:02.881983,7606691185914022710,,@雨果体育创作的原声,雨果体育,97001540119,雨果体育,78,,False,,,,,
7606693314511860660,2026-05-09 22:37:16.480828,7606693713473571635,,@九九衣橱创作的原声,九九衣橱,2962524845646474,九九衣橱,849,,False,,,,,
7606695502188383498,2026-05-09 22:37:24.889938,7606695991273720585,,@七喜的篮球🏀创作的原声,七喜的篮球🏀,83768453850,七喜的篮球🏀,629,,False,,,,,
7629126688081498609,2026-05-11 10:08:16.401746,7629126605725502223,,别怕我伤心,5分钟听歌打卡,3499099198067084,5分钟听歌打卡,300,,False,,,,,
7606738266532971685,2026-05-09 22:37:45.997391,7606738183493061385,,会永远爱着你,烁烁（畅听旋律）,2894390606432803,烁烁（畅听旋律）,282,,False,,,,,
7606756961153027328,2026-05-09 22:37:48.609964,7289442367885839161,,三角洲行动,清野,3536498727329246,清野,145,,False,,,,,
7606758988792876331,2026-05-09 22:37:57.892287,7606759524262791955,,METAMORPHOSIS,鞅论星轨,106857201122,鞅论星轨,711,,False,,,,,
7606791079057693818,2026-05-09 22:38:03.984094,7606791003525155590,,@河马🇨🇳海外之旅创作的原声,河马🇨🇳海外之旅,96544136506,河马🇨🇳海外之旅,454,,False,,,,,
7606853655270116644,2026-05-09 22:38:14.386850,7606854999183772454,,Evil(暗黑Phonk),世界奇源,7561923163878097978,世界奇源,1011,,False,,,,,
7606862832822439211,2026-05-09 22:38:22.044619,7606863935525997363,,安和桥,新声电影,2532894624192711,新声电影,1046,,False,,,,,
7629023888940562505,2026-05-11 10:08:01.778575,7629023742164798235,,Melô de Carla Cintia,仰望天空,102640539576,仰望天空,148,,False,,,,,
7606888341694507124,2026-05-09 22:38:27.045905,7606888310421670690,,@熊出没动画站创作的原声,熊出没动画站,3361637295458059,熊出没动画站,624,,False,,,,,
7606888429342805275,2026-05-09 22:38:29.622522,7606888959788026630,,@牛马解说创作的原声,牛马解说,1852033346830684,牛马解说,2158,,False,,,,,
7607053552271297826,2026-05-09 22:41:01.136587,7591084768196821050,,@阿烦说SuperStar创作的原声,阿烦说SuperStar,7443329046074098746,阿烦说SuperStar,200,,False,,,,,
7607055556070690083,2026-05-09 22:41:16.795285,7607056462862355209,,@篮球视角🏀创作的原声,篮球视角🏀,93008862345,篮球视角🏀,168,,False,,,,,
7606661884867071241,2026-05-09 22:35:41.341264,7606662287297989414,,@江洋看世界创作的原声,江洋看世界,62637336337,江洋看世界,481,,False,,,,,
7607380840657538358,2026-05-09 22:47:14.615626,7606701244865888313,,@酷鱼讲电影创作的原声,酷鱼讲电影,97334045953,酷鱼讲电影,403,,False,,,,,
7628949084610645275,2026-05-11 10:05:30.768512,7628949149460908826,,@XO蜜创作的原声,XO蜜,1734360329112329,XO蜜,255,,False,,,,,
7628946780247428378,2026-05-11 10:05:25.998661,7628946819369323270,,SPACE！ (DJ超然版),浩子说说漫,2086206199048896,浩子说说漫,277,,False,,,,,
7607314487176275377,2026-05-09 22:45:42.510519,7095658473970466829,,@十一列车-创作的原声,十一列车-,92899381842,十一列车-,556,,False,,,,,
7607323978294904680,2026-05-09 22:45:48.999067,7239600940976803131,,别联系我我没钱,可口可利,2112584064200576,可口可利,99,,False,,,,,
7607335254320405745,2026-05-09 22:45:55.022833,7347696503370022975,,@爆浆吐司^创作的原声,爆浆吐司^,4396312117915210,爆浆吐司^,31,,False,,,,,
7607366571448137710,2026-05-09 22:46:23.608210,7607366552656218926,,kapal selam,足球的魅力💫,3703625211983756,足球的魅力💫,64,,False,,,,,
7607372948768623514,2026-05-09 22:46:40.130113,7607372987423116074,,@十一(电视剧解说)创作的原声,十一(电视剧解说),71423414695,十一(电视剧解说),790,,False,,,,,
7607373851324642762,2026-05-09 22:46:46.569663,7607373778149985067,,不再犹豫（活着就是为了爽）,89号车库  老车修复,4174182476944552,89号车库  老车修复,230,,False,,,,,
7628943410950425890,2026-05-11 10:05:17.036524,7628943630132087579,,@论车谈创作的原声,论车谈,7553263764654113852,论车谈,285,,False,,,,,
7607379481963007268,2026-05-09 22:47:03.423818,7607378707925273380,,三角洲行动,米尔Miru   （三角洲行动）,111544946217,米尔Miru   （三角洲行动）,409,,False,,,,,
7607380506698599731,2026-05-09 22:47:11.914067,7607381053468379940,,王者荣耀,山鱼海,2309430182946664,山鱼海,208,,False,,,,,
7607383481127030016,2026-05-09 22:47:24.245396,7607384765277047615,,执迷不悟 - DJ版,喵兔影视,752506145090127,喵兔影视,1169,,False,,,,,
7607055561746476923,2026-05-09 22:41:22.530142,7607055440505178934,,@Toyota小美创作的原声,Toyota小美,3649979855409980,Toyota小美,15,,False,,,,,
7607385954109623578,2026-05-09 22:47:26.698656,7607387217501162282,,Evil(暗黑Phonk),动物奇遇频道,1563965461635897,动物奇遇频道,1206,,False,,,,,
7607388569644141843,2026-05-09 22:47:34.532282,7607389374195485467,,@小G知识局创作的原声,小G知识局,1222262814681480,小G知识局,348,,False,,,,,
7607389804414088114,2026-05-09 22:47:42.060184,7607389937880664882,,@思政大满贯创作的原声,思政大满贯,7535515266944730170,思政大满贯,1494,,False,,,,,
7628938371997486378,2026-05-11 10:05:04.593727,7628938591137270538,,@舰长科普创作的原声,舰长科普,2733808475183914,舰长科普,579,,False,,,,,
7628937324558093568,2026-05-11 10:04:56.000341,7628937539142830898,,@新能源车圆桌议事局创作的原声,新能源车圆桌议事局,3701433121646682,新能源车圆桌议事局,472,,False,,,,,
7607394861045876410,2026-05-09 22:47:49.017239,7607394771941772074,,@列缺霹雳创作的原声,列缺霹雳,68380629219,列缺霹雳,15,,False,,,,,
7607404499456002914,2026-05-09 22:48:03.777107,7607404375190899498,,八音盒 (Life Is Still Going On)（Cover NCT DREAM (엔시티 드림)）,会呆呆,3916875565106080,会呆呆,104,,False,,,,,
7607409480846086326,2026-05-09 22:48:17.662244,7607409442182662958,,若是真英雄怎会怕（真英雄）,游子,308304901319086,游子,61,,False,,,,,
7628936109376781413,2026-05-11 10:04:51.606195,7628936144981429043,,@用青春去旅行创作的原声,用青春去旅行,308317641779768,用青春去旅行,480,,False,,,,,
7607414588090436873,2026-05-09 22:48:29.620874,7607415720913275691,,@时差岛创作的原声,时差岛,95457337016,时差岛,879,,False,,,,,
7607415966037966299,2026-05-09 22:48:35.396176,7607415995833109258,,@车闻百家说创作的原声,车闻百家说,3891926451362508,车闻百家说,273,,False,,,,,
7607274295208174051,2026-05-09 22:45:30.026875,7607274372931308340,,王者荣耀,王者荣耀爱鸽,1618933180542663,王者荣耀爱鸽,323,,False,,,,,
7607246762680469221,2026-05-09 22:45:21.347303,7607522501840669449,,@大喵叔创作的原声,大喵叔,110501074000,大喵叔,257,,False,,,,,
7607235110291718885,2026-05-09 22:45:07.329073,7607235008428133161,,@电三驴的粉丝创作的原声,电三驴的粉丝,1767648549668375,电三驴的粉丝,818,,False,,,,,
7607232277738818862,2026-05-09 22:44:58.564749,7607233028498213686,,@港电影创作的原声,港电影,7532645772019876923,港电影,915,,False,,,,,
7607059319472835846,2026-05-09 22:41:28.852366,7607061719911172927,,@Sean的世界创作的原声,Sean的世界,80685154948,Sean的世界,1311,,False,,,,,
7607059382672690467,2026-05-09 22:41:43.516529,7607060556935187226,,@陈小沫创作的原声,陈小沫,2735217051710136,陈小沫,298,,False,,,,,
7607059805152262976,2026-05-09 22:41:51.850515,7607059750823529226,,和平精英,CS（地铁逃生）,3648631262682890,CS（地铁逃生）,382,,False,,,,,
7607062887407914278,2026-05-09 22:41:58.895659,7607142528231525129,,@ONLeeLOVE创作的原声,ONLeeLOVE,2946299444076792,ONLeeLOVE,337,,False,,,,,
7607064812492688655,2026-05-09 22:42:12.633485,7607065662448077618,,@曹小灵创作的原声,曹小灵,71037570641,曹小灵,295,,False,,,,,
7607069161327512847,2026-05-09 22:42:20.183173,7607069951018519322,,@基地创作的原声,基地,103699672143,基地,405,,False,,,,,
7607073020498460517,2026-05-09 22:42:33.829739,7607073187448261391,,@木北北.创作的原声,木北北.,1423218238044636,木北北.,2171,,False,,,,,
7628965450096872713,2026-05-11 10:06:01.116099,7628965559270509338,,Baby,Champ.,1875109483394656,Champ.,260,,False,,,,,
7607076791609541236,2026-05-09 22:42:45.403758,7607076940557650734,,@Soleil.创作的原声,Soleil.,1532058866031113,Soleil.,2527,,False,,,,,
7628964444684422442,2026-05-11 10:05:54.418087,7628964530185308966,,@One Culb创作的原声,One Culb,4232470570761370,One Culb,231,,False,,,,,
7607084476295859492,2026-05-09 22:42:53.246187,7607692365708462854,,@小舞说斗罗创作的原声,小舞说斗罗,294323877840263,小舞说斗罗,423,,False,,,,,
7607087967051517199,2026-05-09 22:43:00.291340,7604667868696805386,,鸣潮,行而上文明研究所,4484236168936640,行而上文明研究所,607,,False,,,,,
7628959504528379171,2026-05-11 10:05:46.971794,7628959577387993865,,@庄树房车游创作的原声,庄树房车游,4028227782445127,庄树房车游,187,,False,,,,,
7607089649906948593,2026-05-09 22:43:08.997532,7607089844162202368,,@千屿影视创作的原声,千屿影视,2773445873240571,千屿影视,1131,,False,,,,,
7607102467590917419,2026-05-09 22:43:11.542505,7607103372713708351,,@蜡笔足球（收徒）创作的原声,蜡笔足球（收徒）,1499382892731860,蜡笔足球（收徒）,496,,False,,,,,
7628953684101106985,2026-05-11 10:05:41.578992,7628953743999912710,,@毛毛动物园创作的原声,毛毛动物园,521607148994634,毛毛动物园,170,,False,,,,,
7607120051346410786,2026-05-09 22:43:22.975392,7607121544178928427,,R3,舒克电影,2714010949525021,舒克电影,1161,,False,,,,,
7607128650294594856,2026-05-09 22:43:31.757884,7607129726968236827,,Another Chords,星星总是在开车🚗,92848710207,星星总是在开车🚗,1126,,False,,,,,
7607134026389867814,2026-05-09 22:43:37.254963,7607134539923688219,,@中国风味创作的原声,中国风味,7547261929199305788,中国风味,101,,False,,,,,
7607136030566714659,2026-05-09 22:43:50.986811,7607137560673995529,,三角洲行动,青涩（三角洲测评）,187345264184116,青涩（三角洲测评）,866,,False,,,,,
7607140206080543369,2026-05-09 22:44:05.193318,7607140088737778483,,第五人格,吹散z,4331722849388172,吹散z,330,,False,,,,,
7607172140437097764,2026-05-09 22:44:17.048222,7607173143320349459,,@范不慌创作的原声,范不慌,3287953428456298,范不慌,829,,False,,,,,
7607180781983732425,2026-05-09 22:44:43.052953,7607180774621596466,,@MJ•迈粉影像创作的原声,MJ•迈粉影像,2282227505311262,MJ•迈粉影像,485,,False,,,,,
7629162100497173823,2026-05-11 10:08:31.158182,7629162136190601999,,@方学长的日记创作的原声,方学长的日记,3001025381016507,方学长的日记,1937,,False,,,,,
7606658886971955577,2026-05-09 22:35:22.463073,7606658856814414611,,@老凡创作的原声,老凡,3019701956386084,老凡,692,,False,,,,,
7606216391733120296,2026-05-09 22:22:57.379864,7606216607815600938,,0元咨询学健身~,体德健身教练培训,105264825350,体德健身教练培训,32,,False,,,,,
7629290267174014250,2026-05-11 10:11:39.793709,7629290346899639082,,@白丁探影创作的原声,白丁探影,4110419693678147,白丁探影,533,,False,,,,,
7606295612183801777,2026-05-09 22:26:54.008161,7606295761462348570,,@Bobaya创作的原声,Bobaya,358894106853232,Bobaya,2628,,False,,,,,
7606295999501454655,2026-05-09 22:26:57.790916,7606296140119575339,,@帧上影创作的原声,帧上影,4059857938027827,帧上影,205,,False,,,,,
7606296568925706747,2026-05-09 22:27:05.679381,7606296472376445731,,年轮(电视剧《花千骨》插曲),拾音客栈,97739754904,拾音客栈,690,,False,,,,,
7606298759294618932,2026-05-09 22:27:09.564676,7606299635486493490,,@荒野小只创作的原声,荒野小只,862482362019312,荒野小只,1170,,False,,,,,
7606298993580150059,2026-05-09 22:27:17.988946,7606299175860374281,,@Ai商业智囊创作的原声,Ai商业智囊,2605193420358716,Ai商业智囊,334,,False,,,,,
7606302066796956980,2026-05-09 22:27:26.348716,7535856105000271931,,@三叶动漫屋创作的原声,三叶动漫屋,2517239297490220,三叶动漫屋,413,,False,,,,,
7606302699990028258,2026-05-09 22:27:41.620024,7606302659468905279,,@一天能喝一吨水创作的原声,一天能喝一吨水,106594082021,一天能喝一吨水,231,,False,,,,,
7629294666743074086,2026-05-11 10:11:53.739545,7629294872025008946,,@一影千年创作的原声,一影千年,502898710565273,一影千年,538,,False,,,,,
7606304713675459867,2026-05-09 22:27:48.925078,7606305084237941550,,@在下有礼了创作的原声,在下有礼了,699762878725775,在下有礼了,374,,False,,,,,
7606305760600159898,2026-05-09 22:27:55.794962,7606305887061756726,,@青橙影视馆创作的原声,青橙影视馆,107995803032,青橙影视馆,1001,,False,,,,,
7629293061494820130,2026-05-11 10:11:48.093467,7629293385425128219,,@知秋叙创作的原声,知秋叙,3824578225788640,知秋叙,1120,,False,,,,,
7606319700070452543,2026-05-09 22:28:08.135076,7606320081445849875,,@小然创作的原声,小然,92788677719,小然,398,,False,,,,,
7606362081482280243,2026-05-09 22:30:21.705596,7606362561486916361,,@皮皮电影创作的原声,皮皮电影,66427142366,皮皮电影,885,,False,,,,,
7606323278772276518,2026-05-09 22:28:18.018977,7606323597838781247,,@芝士情报局创作的原声,芝士情报局,3494697505393172,芝士情报局,423,,False,,,,,
7606324620236442889,2026-05-09 22:28:27.141664,7606324689048242985,,火影忍者,iyin迪薇迪（银色精彩实况）,1291255501829228,iyin迪薇迪（银色精彩实况）,186,,False,,,,,
7606330210171521785,2026-05-09 22:28:35.537813,7606330126841711366,,@丹东急电创作的原声,丹东急电,3689589293449976,丹东急电,175,,False,,,,,
7629285588273944933,2026-05-11 10:11:31.506239,7629285583956740910,,@开心小玥创作的原声,开心小玥,2630483193373616,开心小玥,636,,False,,,,,
7606331367487589673,2026-05-09 22:28:43.008335,7606331640045996826,,@42号车库编辑部创作的原声,42号车库编辑部,93024317307,42号车库编辑部,1020,,False,,,,,
7629284843255237914,2026-05-11 10:11:24.666827,7629284910825474858,,@百万平凡巨星创作的原声,百万平凡巨星,86689707215,百万平凡巨星,235,,False,,,,,
7629282417131539752,2026-05-11 10:11:19.747068,7629282329294342958,,@和平顶尖男人创作的原声,和平顶尖男人,1940015536415651,和平顶尖男人,197,,False,,,,,
7606343085446024463,2026-05-09 22:29:01.622897,7606344085829372681,,@泰勒猫爱丽丝创作的原声,泰勒猫爱丽丝,286313205737000,泰勒猫爱丽丝,1349,,False,,,,,
7606343809152077090,2026-05-09 22:29:05.332870,7606344430202981183,,@野外花木兰创作的原声,野外花木兰,3142873475983616,野外花木兰,169,,False,,,,,
7606354630133419315,2026-05-09 22:29:32.311921,7606354762367355675,,@寒之月看剧创作的原声,寒之月看剧,70736137778,寒之月看剧,219,,False,,,,,
7606356699700662501,2026-05-09 22:29:50.297114,7277912799144050723,,@意陶艺术创作的原声,意陶艺术,975978279218424,意陶艺术,7,,False,,,,,
7606291703188594286,2026-05-09 22:26:46.473106,7606291601366862643,,@淘电电创作的原声,淘电电,2322599649484359,淘电电,474,,False,,,,,
7606290916114793449,2026-05-09 22:26:38.871733,7606889917968318518,,@李白.创作的原声,李白.,4145603058864756,李白.,21,,False,,,,,
7606290589100920090,2026-05-09 22:26:28.297845,7606291909660773139,,@锅说悬疑创作的原声,锅说悬疑,2102747083048686,锅说悬疑,1248,,False,,,,,
7606290231008520098,2026-05-09 22:26:22.789241,7606290110673586996,,@Yezi叶子创作的原声,Yezi叶子,3267348268320845,Yezi叶子,70,,False,,,,,
7606232664923786559,2026-05-09 22:23:12.011144,7606232678538496777,,SPACE！ (DJ超然版),蒜鸟不是鸟,844887936216748,蒜鸟不是鸟,242,,False,,,,,
7606239429388193024,2026-05-09 22:23:17.966760,7606236678574836489,,@杨光_建厨师创作的原声,杨光_建厨师,93770677171,杨光_建厨师,398,,False,,,,,
7606243602649353535,2026-05-09 22:23:20.812084,7606244167949290276,,风之甬道,快门队长📷,63838727162,快门队长📷,298,,False,,,,,
7606245512638991659,2026-05-09 22:23:28.380691,7606246005394737962,,@差评汽车部创作的原声,差评汽车部,79625724863,差评汽车部,515,,False,,,,,
7606259601511599396,2026-05-09 22:23:35.929809,7606259982400555819,,the s'xremedy for a broken heart,洛酷司大,3756410635291595,洛酷司大,635,,False,,,,,
7606260213338950921,2026-05-09 22:23:46.436013,7606260011370941227,,@最时尚圈芭莎创作的原声,最时尚圈芭莎,2696422603098743,最时尚圈芭莎,45,,False,,,,,
7606262029439028506,2026-05-09 22:23:51.191269,7606262444989762355,,@叶秋电影创作的原声,叶秋电影,96011117310,叶秋电影,1079,,False,,,,,
7606264908308663571,2026-05-09 22:23:53.947966,7606265343874468671,,@影视飓风创作的原声,影视飓风,105525949232,影视飓风,1053,,False,,,,,
7606266365179202825,2026-05-09 22:24:01.989152,7606266791626640137,,@三颗金子创作的原声,三颗金子,4064210401115479,三颗金子,885,,False,,,,,
7606273341577934002,2026-05-09 22:24:16.542478,7606273374301817640,,恭喜发财 (国),此时make up,3991688022625388,此时make up,771,,False,,,,,
7629303605610269952,2026-05-11 10:12:21.159221,7629303878575524646,,@陌上客创作的原声,陌上客,2188493125594188,陌上客,446,,False,,,,,
7606275398392925455,2026-05-09 22:24:21.518679,7606275861473577738,,铃芽,刘奇游戏解说,2720651249467580,刘奇游戏解说,909,,False,,,,,
7606276449649118464,2026-05-09 22:24:47.465496,7606276748577098547,,@小伍的动漫窝创作的原声,小伍的动漫窝,3643143352494841,小伍的动漫窝,203,,False,,,,,
7606278219394155643,2026-05-09 22:24:56.092868,7606278212129671988,,@管家丽丽创作的原声,管家丽丽,3025455780215064,管家丽丽,140,,False,,,,,
7606283140419554602,2026-05-09 22:25:02.835481,7606283240353172233,,@尼古丁与摩的佬创作的原声,尼古丁与摩的佬,1948756629264638,尼古丁与摩的佬,571,,False,,,,,
7606283356012041125,2026-05-09 22:25:12.218771,7606283320657611572,,@武哥音乐创作的原声,武哥音乐,100978829514,武哥音乐,344,,False,,,,,
7606284279789653257,2026-05-09 22:25:27.444321,7606284360622557978,,@李吉说财创作的原声,李吉说财,4215984521482403,李吉说财,316,,False,,,,,
7606284369635839258,2026-05-09 22:25:33.774209,7606284708741942052,,@伯乐电影创作的原声,伯乐电影,62614973995,伯乐电影,848,,False,,,,,
7629302154024661243,2026-05-11 10:12:14.560270,7629302097762421547,,@手掌创作的原声,手掌,4004882570284448,手掌,18,,False,,,,,
7606287877814775022,2026-05-09 22:25:53.937054,7606287848643300142,,@足球之夜创作的原声,足球之夜,3036188762965528,足球之夜,35,,False,,,,,
7606289230674925733,2026-05-09 22:26:00.979281,7606289235536087862,,荒野求生,大板哥钓鱼,57599748640,大板哥钓鱼,492,,False,,,,,
7629299849012766437,2026-05-11 10:12:05.158472,7629299864710482698,,@小王同学喔创作的原声,小王同学喔,1118617503283156,小王同学喔,257,,False,,,,,
7606289522289292005,2026-05-09 22:26:07.918347,7601048046863944483,,Cánh Hoa Héo Tàn(越南粉进行曲DJ版),墨尔本黄黄,107961386210,墨尔本黄黄,14,,False,,,,,
7606358590584829425,2026-05-09 22:30:04.739113,7606358582300396298,,@四郎讲棋创作的原声,四郎讲棋,63038290966,四郎讲棋,618,,False,,,,,
7629274114766818566,2026-05-11 10:11:10.884354,7629274286412253998,,@小冉漫绘创作的原声,小冉漫绘,115899449230698,小冉漫绘,743,,False,,,,,
7606657996835913188,2026-05-09 22:35:15.844501,7606657961020115722,,@陈凡Carina创作的原声,陈凡Carina,886648672365340,陈凡Carina,166,,False,,,,,
7629203137928371577,2026-05-11 10:08:51.917654,7629203107397831470,,@荒野影剧创作的原声,荒野影剧,165368534930841,荒野影剧,368,,False,,,,,
7606587500164910386,2026-05-09 22:32:36.953918,7606587737806080809,,TheWayIStillLoveYou(纯音乐)(1),晚安食光机,4396279581389755,晚安食光机,995,,False,,,,,
7606600144997420323,2026-05-09 22:32:44.578673,7606600740101983039,,@三叶动漫屋创作的原声,三叶动漫屋,2517239297490220,三叶动漫屋,748,,False,,,,,
7606613992610158202,2026-05-09 22:32:52.211831,7606613955879996206,,王者荣耀,麒迹（上分教学）,3474929201709972,麒迹（上分教学）,322,,False,,,,,
7606616063899454726,2026-05-09 22:32:57.830823,7606616451956656934,,@抱拳看世界创作的原声,抱拳看世界,2579878585831972,抱拳看世界,473,,False,,,,,
7629234100125976814,2026-05-11 10:09:36.511403,7629234215321619243,,点秋香（打扫碎玉轩BGM）,快乐马也,767904352052124,快乐马也,270,,False,,,,,
7629220053048692019,2026-05-11 10:09:14.420785,7629220054235761434,,@江裎燃剪创作的原声,江裎燃剪,4336073274047139,江裎燃剪,140,,False,,,,,
7629213495350856960,2026-05-11 10:09:00.237711,7629213723177011977,,@亨叨叨创作的原声,亨叨叨,104285620009,亨叨叨,904,,False,,,,,
7606636273608019240,2026-05-09 22:33:14.910629,7606637124888103706,,@Jason和小芭蕉创作的原声,Jason和小芭蕉,111606777168,Jason和小芭蕉,1694,,False,,,,,
7606637367701078641,2026-05-09 22:33:22.025470,7606637288851786542,,@蜡笔游戏解说创作的原声,蜡笔游戏解说,7499013607011664954,蜡笔游戏解说,444,,False,,,,,
7606639650555948731,2026-05-09 22:33:24.195790,7606639752623704847,,@余影绕梁创作的原声,余影绕梁,3280553840225496,余影绕梁,1618,,False,,,,,
7606640466682989834,2026-05-09 22:33:32.751861,7606640985833392915,,@ZUS灼视创作的原声,ZUS灼视,1461682614048611,ZUS灼视,908,,False,,,,,
7629197683688869166,2026-05-11 10:08:43.281207,7629197751523298057,,@一心说影创作的原声,一心说影,54347787493,一心说影,416,,False,,,,,
7606380479705178852,2026-05-09 22:30:39.196552,7606380402621549352,,@-大铭创作的原声,-大铭,62912684620,-大铭,234,,False,,,,,
7629190188559879487,2026-05-11 10:08:40.401246,7629190476381326118,,@他她Talk创作的原声,他她Talk,2250081393708314,他她Talk,631,,False,,,,,
7606645868350950692,2026-05-09 22:33:48.732150,7606646542426065710,,The Truth That You Leave,鲁蛋爱摩旅,2528474880281191,鲁蛋爱摩旅,1616,,False,,,,,
7606646667698210681,2026-05-09 22:33:58.062096,7606646578509548322,,@干饭人阿伟（蝙蝠侠）创作的原声,干饭人阿伟（蝙蝠侠）,1883932985145323,干饭人阿伟（蝙蝠侠）,31,,False,,,,,
7606646800858657777,2026-05-09 22:34:04.856604,7606646719236885311,,@中日夫妻小俊和小爱创作的原声,中日夫妻小俊和小爱,1568340708966125,中日夫妻小俊和小爱,64,,False,,,,,
7606648180420382308,2026-05-09 22:34:08.172774,7606675451294731046,,@小赫旅行日记创作的原声,小赫旅行日记,68608063173,小赫旅行日记,537,,False,,,,,
7606649370737466441,2026-05-09 22:34:11.616456,7606649364949682984,,@小木说给你听创作的原声,小木说给你听,398475919101564,小木说给你听,318,,False,,,,,
7606649988541730111,2026-05-09 22:34:17.900945,7606650966116584201,,@陟彼南山言采其蕨创作的原声,陟彼南山言采其蕨,2491965553776137,陟彼南山言采其蕨,1516,,False,,,,,
7606650530508590387,2026-05-09 22:34:25.541657,7606624961410894633,,和平精英,何必,67789590170,何必,314,,False,,,,,
7606654055909297458,2026-05-09 22:34:40.109651,7200999592945516604,,@星期天不发电创作的原声,星期天不发电,4347901215781131,星期天不发电,307,,False,,,,,
7606654354942151990,2026-05-09 22:34:49.721627,7606654804043090734,,颗秒（瓦瓦进行曲）,次元哔哔鸡,600770913777448,次元哔哔鸡,216,,False,,,,,
7606656344929733951,2026-05-09 22:35:09.681389,97544248,,@唐尼是个der创作的原声,唐尼是个der,60619656173,唐尼是个der,156,,False,,,,,
7606585288500403042,2026-05-09 22:32:34.223048,7606585234771331880,,@尤琦乒乓创作的原声,尤琦乒乓,59975380035,尤琦乒乓,46,,False,,,,,
7629245367539895590,2026-05-11 10:09:47.569661,7629245454792493850,,@北说财经创作的原声,北说财经,3789359694506443,北说财经,321,,False,,,,,
7606577827001621093,2026-05-09 22:32:27.669621,7606577812916636458,,@爱财爱己～～～创作的原声,爱财爱己～～～,100279854350,爱财爱己～～～,811,,False,,,,,
7606574680212235621,2026-05-09 22:32:21.230941,7606574645164133155,,I'm Waiting,五杰游戏解说,745943422732707,五杰游戏解说,325,,False,,,,,
7629269106784587059,2026-05-11 10:11:05.324440,7629269178952059684,,撕碎的不是你,百年留声机,1099953869685790,百年留声机,356,,False,,,,,
7606388565810974015,2026-05-09 22:30:46.363880,7606389117198388009,,Polarlight,翟翾,1033992982504990,翟翾,1094,,False,,,,,
7606399079538593034,2026-05-09 22:30:54.439740,7606399538047241006,,@硬核影视创作的原声,硬核影视,1326466514562932,硬核影视,196,,False,,,,,
7606407139141127470,2026-05-09 22:31:00.345590,7606407712284347163,,@开车请小鑫创作的原声,开车请小鑫,1367387062939756,开车请小鑫,706,,False,,,,,
7606414751400234266,2026-05-09 22:31:07.191572,7606415580865792774,,@花散里Hanachirusato创作的原声,花散里Hanachirusato,4319359878576215,花散里Hanachirusato,771,,False,,,,,
7606527719412698422,2026-05-09 22:31:21.889114,7606528519669353279,,@莫白电影创作的原声,莫白电影,659335761113344,莫白电影,1554,,False,,,,,
7606532990256172315,2026-05-09 22:31:29.476745,7606533213405924105,,@微弱de呐喊创作的原声,微弱de呐喊,2141480145393463,微弱de呐喊,67,,False,,,,,
7629268749695281009,2026-05-11 10:10:53.449150,7629268731985677062,,@逗号哥创作的原声,逗号哥,159899113754392,逗号哥,192,,False,,,,,
7629267308439429459,2026-05-11 10:10:50.477112,7629267350713273139,,@老张扯闲篇创作的原声,老张扯闲篇,3505681778609246,老张扯闲篇,503,,False,,,,,
7629263250559285433,2026-05-11 10:10:47.214745,7629263078001085184,,MONEY IN MY POCKET,大正爱跑步,67702234975,大正爱跑步,294,,False,,,,,
7629257103873510706,2026-05-11 10:10:41.444660,7629257133745261358,,@体能勇者谈创作的原声,体能勇者谈,1025196285503872,体能勇者谈,271,,False,,,,,
7606542755296185651,2026-05-09 22:31:48.351622,7606542823852411698,,@开心锤锤创作的原声,开心锤锤,12449822571,开心锤锤,118,,False,,,,,
7629255405222667956,2026-05-11 10:10:38.938614,7629255406581320499,,@螺大大创作的原声,螺大大,62824229058,螺大大,380,,False,,,,,
7629253379940794225,2026-05-11 10:10:36.060158,7629253376139660083,,@萌眼看全球创作的原声,萌眼看全球,64638532249,萌眼看全球,815,,False,,,,,
7606548278003404066,2026-05-09 22:31:57.362222,7606548659643140918,,@Joba‘s Life Science创作的原声,Joba‘s Life Science,73224037537,Joba‘s Life Science,393,,False,,,,,
7629252647173754162,2026-05-11 10:10:32.990604,7629252757203405619,,CSGO,小天FreeZing,3425726968642504,小天FreeZing,306,,False,,,,,
7629250206832001009,2026-05-11 10:10:26.132137,7629250363207502607,,@凌海市李宏五金水暖创作的原声,凌海市李宏五金水暖,3648631182743440,凌海市李宏五金水暖,564,,False,,,,,
7629248693383826738,2026-05-11 10:10:10.881947,7629249029003807515,,@二狗脱口秀创作的原声,二狗脱口秀,2968295854839102,二狗脱口秀,876,,False,,,,,
7629248232865926434,2026-05-11 10:09:56.198207,7629248267347430153,,@Camellia创作的原声,Camellia,2667880902564836,Camellia,212,,False,,,,,
7629245661220769051,2026-05-11 10:09:50.330220,7629245862309940014,,@苏笔安日记创作的原声,苏笔安日记,3604668664519900,苏笔安日记,472,,False,,,,,
7606566218174057737,2026-05-09 22:32:09.730182,7606567012650797860,,@汤圆开心电影创作的原声,汤圆开心电影,88306720305,汤圆开心电影,1986,,False,,,,,
7606572153726713434,2026-05-09 22:32:13.215943,7606572132038101775,,@杨齐家（三角洲扶贫）创作的原声,杨齐家（三角洲扶贫）,8392820919319,杨齐家（三角洲扶贫）,368,,False,,,,,
7606572971809366863,2026-05-09 22:32:18.953397,7606573032173374217,,@湾湾不弯创作的原声,湾湾不弯,3002092071958444,湾湾不弯,650,,False,,,,,
7607416748622613812,2026-05-09 22:48:38.928195,7607418443205266239,,真心的鸽子,云梦自然说,666754430804105,云梦自然说,773,,False,,,,,
7607424359539976586,2026-05-09 22:48:41.874187,7604715624199146283,,@菜鸟航拍王岗镇 🅥创作的原声,菜鸟航拍王岗镇 🅥,57948690775,菜鸟航拍王岗镇 🅥,18,,False,,,,,
7607435691080879386,2026-05-09 22:48:44.330623,7607436611088878363,,@华天崎创作的原声,华天崎,59589523985,华天崎,328,,False,,,,,
7608897541765221678,2026-05-09 23:04:41.762476,7608898138253839114,,@张斌观察创作的原声,张斌观察,396253353740312,张斌观察,351,,False,,,,,
7608856066558151872,2026-05-09 23:03:58.313909,7608856020290521882,,三角洲行动,俭条,323710226801507,俭条,302,,False,,,,,
7628615351278758388,2026-05-11 09:57:55.319762,7628615263377820462,,@哔哔King创作的原声,哔哔King,102308499973,哔哔King,26,,False,,,,,
7628603267518169722,2026-05-11 09:57:48.633107,7628603219282987827,,@若水创作的原声,若水,3279211640917865,若水,66,,False,,,,,
7608876142858226987,2026-05-09 23:04:06.520606,7608876872411548443,,無責任な守護Kx者,小小万mini厨房,1289071587755949,小小万mini厨房,259,,False,,,,,
7608877640129749169,2026-05-09 23:04:10.097982,7608877586408114971,,@幕逅创作的原声,幕逅,3732170067682359,幕逅,307,,False,,,,,
7628602096148925696,2026-05-11 09:57:44.405266,7628602176952142633,,@爱历史者联盟创作的原声,爱历史者联盟,1048267305256762,爱历史者联盟,331,,False,,,,,
7608879036118338854,2026-05-09 23:04:17.123024,7323183365924880422,,和平精英,念念i,2294029936239011,念念i,325,,False,,,,,
7628595595037458427,2026-05-11 09:57:30.605400,7628595580755118899,,@肉食主义玩家创作的原声,肉食主义玩家,1425446976895844,肉食主义玩家,40,,False,,,,,
7628594362502368539,2026-05-11 09:57:23.783754,7628594549983595307,,@AI大模型学习创作的原声,AI大模型学习,156578512909178,AI大模型学习,846,,False,,,,,
7608891922815388954,2026-05-09 23:04:32.079995,7608892322889190170,,@知晓动物园创作的原声,知晓动物园,3683792494271852,知晓动物园,254,,False,,,,,
7628589758503079174,2026-05-11 09:57:14.259453,7628589827524463366,,@听澜创作的原声,听澜,70834541767,听澜,377,,False,,,,,
7628587004670711686,2026-05-11 09:57:07.919130,7628587063901735726,,@黑洞编辑部创作的原声,黑洞编辑部,423758779660220,黑洞编辑部,478,,False,,,,,
7628562006836137251,2026-05-11 09:56:40.819897,7628562239250811711,,@港影迷城创作的原声,港影迷城,68092762727,港影迷城,972,,False,,,,,
7628574395027557686,2026-05-11 09:56:59.559547,7628574868090424114,,@酷温Coolwin创作的原声,酷温Coolwin,2082892939015968,酷温Coolwin,1577,,False,,,,,
7608909969203865329,2026-05-09 23:04:55.528961,7608909958331075354,,@伐木累大型纪录片创作的原声,伐木累大型纪录片,2491968972404123,伐木累大型纪录片,1378,,False,,,,,
7608911796371492134,2026-05-09 23:05:04.900638,7608912457171569446,,Tempt Scandal,万物好奇社,781071277890755,万物好奇社,231,,False,,,,,
7608917773196743080,2026-05-09 23:05:11.556809,7608917666283146020,,@标记创作的原声,标记,61124338928,标记,51,,False,,,,,
7608918247442287857,2026-05-09 23:05:19.042116,7608918236109064995,,@王者荣耀一僧（国服达摩）创作的原声,王者荣耀一僧（国服达摩）,175547725656334,王者荣耀一僧（国服达摩）,250,,False,,,,,
7608923773831622134,2026-05-09 23:05:35.292835,7608923809584679690,,王者荣耀,王者荣耀帝鑫,58528513119,王者荣耀帝鑫,198,,False,,,,,
7608925428576734490,2026-05-09 23:05:40.581293,7608926136550411034,,@地道中国味创作的原声,地道中国味,7497843347475907643,地道中国味,118,,False,,,,,
7608926978552384814,2026-05-09 23:05:44.210359,7608927834559826726,,骄傲的少年,园长鼠鼠,4152224902035979,园长鼠鼠,1270,,False,,,,,
7608934350918865386,2026-05-09 23:05:51.919736,7608934263966272308,,@每日一笑😁创作的原声,每日一笑😁,1408893633441008,每日一笑😁,160,,False,,,,,
7608936055114435874,2026-05-09 23:06:06.067096,7608937511385041718,,@睁眼看世界创作的原声,睁眼看世界,1216472580364048,睁眼看世界,470,,False,,,,,
7628566495445929254,2026-05-11 09:56:49.188347,7628566524038482738,,@中国胃图鉴创作的原声,中国胃图鉴,2236848437726339,中国胃图鉴,105,,False,,,,,
7608845034426780971,2026-05-09 23:03:50.182369,7608845503976557350,,@大耳垂宝宝创作的原声,大耳垂宝宝,68497841650,大耳垂宝宝,204,,False,,,,,
7608835196514864436,2026-05-09 23:03:44.780694,7608835923775195914,,@张张游泳池创作的原声,张张游泳池,574408368598074,张张游泳池,448,,False,,,,,
7608826291739842907,2026-05-09 23:03:37.395660,7461236929808435987,,Temporary,Unknown,2276418408420323,Unknown,95,,False,,,,,
7628619916345707812,2026-05-11 09:58:03.220841,7628620557696699186,,@璐儿讲电影创作的原声,璐儿讲电影,2852585283009600,璐儿讲电影,1412,,False,,,,,
7608527521180601652,2026-05-09 23:00:44.395987,7608528899177286454,,@逍遥丶创作的原声,逍遥丶,3335241843868264,逍遥丶,892,,False,,,,,
7608553810880990514,2026-05-09 23:01:05.229386,7626514863572962089,,王者荣耀,小阿丑（射手教学）,2779998141032990,小阿丑（射手教学）,711,,False,,,,,
7608556161473793321,2026-05-09 23:01:11.785150,7608556599325608714,,@嘴嘴深夜食堂创作的原声,嘴嘴深夜食堂,73118257381,嘴嘴深夜食堂,224,,False,,,,,
7628642180706286079,2026-05-11 09:59:19.253046,7628642544859695899,,@靓仔小张创作的原声,靓仔小张,3747580631854878,靓仔小张,1410,,False,,,,,
7608567338077572371,2026-05-09 23:01:21.636774,7608567934839032627,,@老张是大佬创作的原声,老张是大佬,52555376817,老张是大佬,293,,False,,,,,
7608582602789752074,2026-05-09 23:01:41.805236,7608583378836949770,,@狗大蛋子创作的原声,狗大蛋子,101483212500,狗大蛋子,1015,,False,,,,,
7608596024134798611,2026-05-09 23:01:53.126362,7608596870335564586,,@至尊咸肉粽创作的原声,至尊咸肉粽,104671281190,至尊咸肉粽,547,,False,,,,,
7608597516090740009,2026-05-09 23:01:58.394110,7608598565796645670,,Lordly (Instrumental Mix),清颜影视,808832617679631,清颜影视,731,,False,,,,,
7608608513292716645,2026-05-09 23:02:14.868337,7608608243250055972,,屈原问渡,甄知棒,4453497454202109,甄知棒,900,,False,,,,,
7628632649053031699,2026-05-11 09:58:57.214324,7628632794897533706,,@健身干货局创作的原声,健身干货局,1065856603008664,健身干货局,389,,False,,,,,
7608723840827906660,2026-05-09 23:02:21.956870,7608723808832244506,,@我心永恒创作的原声,我心永恒,87854359222,我心永恒,607,,False,,,,,
7608752850202436337,2026-05-09 23:02:24.883226,7608752767431134004,,@淦诗岐创作的原声,淦诗岐,109602161725,淦诗岐,293,,False,,,,,
7628630602241150208,2026-05-11 09:58:50.353789,7628630597921032966,,@追番指南针创作的原声,追番指南针,1218683124070701,追番指南针,223,,False,,,,,
7608769632790433087,2026-05-09 23:02:37.166067,7608769806388497178,,SPECIALZ,桥海鱼,105167495936,桥海鱼,287,,False,,,,,
7608770837176593763,2026-05-09 23:02:43.339727,7608770759573506857,,@爆笑花花创作的原声,爆笑花花,2430388434636867,爆笑花花,349,,False,,,,,
7608773568385981305,2026-05-09 23:02:45.933541,7608773499687357193,,@品味影视创作的原声,品味影视,55539553020,品味影视,78,,False,,,,,
7628628390169414921,2026-05-11 09:58:42.811408,7628628974008683310,,Einaudi: Experience,奇奇电影,509795900595245,奇奇电影,1541,,False,,,,,
7608780141396888841,2026-05-09 23:02:56.708072,7608780446150789951,,CMon给我闹 (DJ版),骑不动的洋芋,92515611325,骑不动的洋芋,345,,False,,,,,
7628627245032164648,2026-05-11 09:58:39.708617,7628627555272330010,,@无味创作的原声,无味,696433992539753,无味,859,,False,,,,,
7608785177396940068,2026-05-09 23:03:09.058187,7608785519941520174,,@苏江动画创作的原声,苏江动画,7587685867491198001,苏江动画,271,,False,,,,,
7608787484507458854,2026-05-09 23:03:16.917373,7608787608264608554,,@风月皆温柔创作的原声,风月皆温柔,596365853601196,风月皆温柔,144,,False,,,,,
7628623725050465577,2026-05-11 09:58:30.253923,7627117690959842102,,直播间带货榜,丁叔爱玩,1552959524585371,丁叔爱玩,851,,False,,,,,
7608799328011123699,2026-05-09 23:03:27.747767,7608799366815615794,,@街头美食秀创作的原声,街头美食秀,2709627464333310,街头美食秀,621,,False,,,,,
7628563304751416730,2026-05-11 09:56:43.259407,7628563264923650826,,@TK精彩视频每日更新版《求关注》创作的原声,TK精彩视频每日更新版《求关注》,3986199679861744,TK精彩视频每日更新版《求关注》,68,,False,,,,,
7608948330852584562,2026-05-09 23:06:20.377676,7608948296627096356,,@快乐短剧创作的原声,快乐短剧,1222250472417672,快乐短剧,1162,,False,,,,,
7628931577795333419,2026-05-11 10:04:37.549050,7628932176574253850,,@Super・超影创作的原声,Super・超影,203881917452832,Super・超影,1195,,False,,,,,
7609263711907342778,2026-05-10 15:12:10.847846,7609263573860125455,,@乘黄旅行创作的原声,乘黄旅行,4241263233610217,乘黄旅行,59,,False,,,,,
7609222616229940526,2026-05-09 23:10:19.990438,7609222843741621019,,@晚安助眠社创作的原声,晚安助眠社,2789907049228688,晚安助眠社,1148,,False,,,,,
7609229616628368825,2026-05-09 23:10:23.477297,7609229587276729124,,@半步棋创作的原声,半步棋,4233575010416569,半步棋,346,,False,,,,,
7609234531203206446,2026-05-10 15:10:52.792976,7609234807926917915,,@驱动笑颜创作的原声,驱动笑颜,3003498597980412,驱动笑颜,403,,False,,,,,
7609237272457710911,2026-05-10 15:11:11.261459,7609238116561390345,,@正说清代十二朝创作的原声,正说清代十二朝,1925940838412859,正说清代十二朝,1110,,False,,,,,
7609247736906452234,2026-05-10 15:11:19.966245,7609248730088229641,,@森斯SENSE创作的原声,森斯SENSE,778107744424091,森斯SENSE,1772,,False,,,,,
7628540671300750634,2026-05-11 09:55:11.193181,7628540800317590313,,@陈翔六点半创作的原声,陈翔六点半,6556303280,陈翔六点半,381,,False,,,,,
7609253689307450666,2026-05-10 15:11:31.570490,7609254536108083978,,@鱼乐周剧场创作的原声,鱼乐周剧场,84580627559,鱼乐周剧场,871,,False,,,,,
7609256965910983089,2026-05-10 15:11:39.889286,7609256996323314467,,@整治不开心创作的原声,整治不开心,2247013427066804,整治不开心,1185,,False,,,,,
7609257947324068507,2026-05-10 15:11:53.895278,7609257898968419135,,@钢琴奶奶-尹松创作的原声,钢琴奶奶-尹松,1161513499368653,钢琴奶奶-尹松,619,,False,,,,,
7628538024846003496,2026-05-11 09:55:02.323678,7628538065393994542,,@数理分享创作的原声,数理分享,435852393067742,数理分享,572,,False,,,,,
7609258400518452465,2026-05-10 15:12:04.755793,7609258390455470858,,@听风漫馆创作的原声,听风漫馆,215928050028804,听风漫馆,84,,False,,,,,
7609264892156276328,2026-05-10 15:12:18.933470,7609265306070649610,,素颜 0.8（Playboy Remix）,暴躁女王,3584029020133847,暴躁女王,1707,,False,,,,,
7608952338556696698,2026-05-09 23:06:27.287784,7608952317102082866,,王者荣耀,兰导（游戏解说）,100580589501,兰导（游戏解说）,160,,False,,,,,
7628536809533869366,2026-05-11 09:54:59.550475,7628536840030538502,,@中国味集创作的原声,中国味集,2666732781835260,中国味集,172,,False,,,,,
7609274603249615993,2026-05-10 15:12:27.871946,7609274577008511779,,@秋遗郁创作的原声,秋遗郁,1876189917221272,秋遗郁,26,,False,,,,,
7609276716301581989,2026-05-10 15:12:35.678332,7609276569844091683,,@凡末创作的原声,凡末,7544224382656119867,凡末,35,,False,,,,,
7609282971559939370,2026-05-10 15:12:42.833464,7609284071931382571,,@阳扬看宇宙创作的原声,阳扬看宇宙,2429275518283115,阳扬看宇宙,466,,False,,,,,
7609284015854791814,2026-05-10 15:12:49.742009,7609284004553968427,,@赤脚科学家创作的原声,赤脚科学家,2297303938642807,赤脚科学家,646,,False,,,,,
7609284301134183782,2026-05-10 15:13:04.555834,7609284838566185747,,梦里水乡 (雷鬼Funk版),富贵山川,3619191790252076,富贵山川,1752,,False,,,,,
7609285197485689003,2026-05-10 15:13:08.857782,7609285100643093267,,@小老虎是只猫咪咪创作的原声,小老虎是只猫咪咪,1456195927287775,小老虎是只猫咪咪,12,,False,,,,,
7609288762858948337,2026-05-10 15:13:11.495967,7609288934513756928,,@陌阳（国一甄姬 小乔）国服中路创作的原声,陌阳（国一甄姬 小乔）国服中路,1684894152670344,陌阳（国一甄姬 小乔）国服中路,910,,False,,,,,
7609293976624975145,2026-05-10 15:13:19.839080,7609294698192194314,,GigaChad Theme - Phonk House Version,Mentality桃,104441079159,Mentality桃,305,,False,,,,,
7609301947010665780,2026-05-10 15:13:29.237117,7609303475788204827,,@机智的小肥虎创作的原声,机智的小肥虎,1459764435356221,机智的小肥虎,667,,False,,,,,
7609302344068533567,2026-05-10 15:13:36.247616,7609303076851239743,,@萌面君探影创作的原声,萌面君探影,109393578370,萌面君探影,843,,False,,,,,
7609218203612384566,2026-05-09 23:10:00.959582,7609218741758348058,,@洋过探世界创作的原声,洋过探世界,3957891235581480,洋过探世界,604,,False,,,,,
7609208483157990309,2026-05-09 23:09:42.337580,7609208446990224143,,Lost Within the End,yaimeio77,2153298267214297,yaimeio77,8,,False,,,,,
7609207732381914033,2026-05-09 23:09:27.795053,7609207738727533318,,火影忍者,养胃王（唐门宗主）,3048305468124733,养胃王（唐门宗主）,298,,False,,,,,
7609206320315574783,2026-05-09 23:09:18.818347,7510083709274573568,,@李白.创作的原声,李白.,4145603058864756,李白.,23,,False,,,,,
7608953451225107739,2026-05-09 23:06:36.208222,7608954011697646363,,@风味视界创作的原声,风味视界,2439169152665136,风味视界,212,,False,,,,,
7608955208701463835,2026-05-09 23:06:42.029628,7608955815277447955,,@八纯影视创作的原声,八纯影视,3952106782599210,八纯影视,505,,False,,,,,
7608967274339787386,2026-05-09 23:06:49.649257,7608967225642830627,,@经典老歌汇（车载优盘）创作的原声,经典老歌汇（车载优盘）,4006273936268936,经典老歌汇（车载优盘）,549,,False,,,,,
7608975361203850515,2026-05-09 23:07:02.189764,7608976772146727706,,@英剧说创作的原声,英剧说,98449827819,英剧说,833,,False,,,,,
7608979223819455219,2026-05-09 23:07:10.533842,7608979219795774254,,Dynamic Rhytm,秋刀鱼.,1759686516026204,秋刀鱼.,15,,False,,,,,
7608997327084244267,2026-05-09 23:07:16.859683,7608998054985091886,,@熙熙足球创作的原声,熙熙足球,1431988157550595,熙熙足球,407,,False,,,,,
7628557476409472625,2026-05-11 09:56:17.709718,7628557496520969012,,@阿程的小房车之旅创作的原声,阿程的小房车之旅,1333086501997316,阿程的小房车之旅,794,,False,,,,,
7609088968348934470,2026-05-09 23:07:34.490370,7609088983213034286,,无畏契约（Valorant）,temet（无畏契约）,1577114208313495,temet（无畏契约）,122,,False,,,,,
7609116387638669753,2026-05-09 23:07:43.137755,7609116374702508809,,@小兔文学创作的原声,小兔文学,3593624047857967,小兔文学,214,,False,,,,,
7628557418826159033,2026-05-11 09:56:00.361246,7628557362672012067,,@拾音客栈创作的原声,拾音客栈,97739754904,拾音客栈,590,,False,,,,,
7609130898299217777,2026-05-09 23:07:49.387757,7609130794057026356,,@颜值驿站创作的原声,颜值驿站,2458117512628359,颜值驿站,69,,False,,,,,
7609147610754059529,2026-05-09 23:08:01.735148,7609149366800026377,,poster boy (Explicit),玉面郎君（恐游）,204986075331771,玉面郎君（恐游）,434,,False,,,,,
7628550109457812786,2026-05-11 09:55:37.687305,7628550339075066651,,@熊本熊🧸创作的原声,熊本熊🧸,94695910991,熊本熊🧸,556,,False,,,,,
7609151749651205410,2026-05-09 23:08:10.084713,7609152231434210067,,@中国味之旅创作的原声,中国味之旅,2839404692911500,中国味之旅,171,,False,,,,,
7609153202914676020,2026-05-09 23:08:14.113329,7609153788766718729,,@万物皆可趣解创作的原声,万物皆可趣解,1950997075475644,万物皆可趣解,61,,False,,,,,
7609156010996960531,2026-05-09 23:08:19.903391,7609156084074761023,,@MC Auto创作的原声,MC Auto,3756391673118279,MC Auto,982,,False,,,,,
7628548450518437166,2026-05-11 09:55:30.987795,7628548418356398891,,三角洲行动,泰菲（三角洲行动）,624994073971079,泰菲（三角洲行动）,80,,False,,,,,
7609166869585916607,2026-05-09 23:08:30.580841,7609166860008835903,,王者荣耀,鸿泽游戏解说,720934615392448,鸿泽游戏解说,163,,False,,,,,
7628548056064986408,2026-05-11 09:55:23.675934,7628548421250550555,,Merry Christmas Mr. Lawrence,有部电影（收徒中）,64553837632,有部电影（收徒中）,1077,,False,,,,,
7609181647744830761,2026-05-09 23:08:42.246534,7609182467085961993,,@野兽超清中文配音创作的原声,野兽超清中文配音,1603503400160765,野兽超清中文配音,1653,,False,,,,,
7609182689301070513,2026-05-09 23:08:51.159422,7609182839258598187,,Monkeybiz超长版,猛男小王（印度修仙中）,2988886390744347,猛男小王（印度修仙中）,853,,False,,,,,
7609196928894618895,2026-05-09 23:09:05.229892,7609197612847090495,,@FINDCODE 觅码创作的原声,FINDCODE 觅码,916368424436155,FINDCODE 觅码,153,,False,,,,,
7609197481221524770,2026-05-09 23:09:11.273714,7609198363396934454,,Zhu-Jian Village,洞见历史,2922923284238861,洞见历史,723,,False,,,,,
7608520355707190961,2026-05-09 23:00:31.383479,7608520301063752448,,归期未有期DJ弹鼓,DJ小金,7488269273815761980,DJ小金,96,,False,,,,,
7628651805638921481,2026-05-11 09:59:22.060026,7628652335690320682,,@诡秘讲创作的原声,诡秘讲,7549214985504539705,诡秘讲,971,,False,,,,,
7608518748621802762,2026-05-09 23:00:11.983164,7162035924723843107,,@小鳄鱼爱追剧创作的原声,小鳄鱼爱追剧,109641161308,小鳄鱼爱追剧,580,,False,,,,,
7607828877499714277,2026-05-09 22:53:04.907644,7407967178743349263,,@无厘头·爱你创作的原声,无厘头·爱你,91576832560,无厘头·爱你,1954,,False,,,,,
7607766821898292490,2026-05-09 22:52:01.305544,7607767757706627886,,@小道必可观（油管）创作的原声,小道必可观（油管）,4497435806148490,小道必可观（油管）,1326,,False,,,,,
7628919503853718822,2026-05-11 10:03:31.926880,7628919541933804334,,Thomas Thick Of It Engine,豆包在学医,4073065151207631,豆包在学医,80,,False,,,,,
7628913485887311144,2026-05-11 10:03:22.197475,7628913720835672886,,@非酋牌咸鱼创作的原声,非酋牌咸鱼,3540053673657571,非酋牌咸鱼,751,,False,,,,,
7628910813935389992,2026-05-11 10:03:19.350937,7629118900801653555,,@猫羽动漫创作的原声,猫羽动漫,147799580609435,猫羽动漫,332,,False,,,,,
7607801625654136116,2026-05-09 22:52:20.994952,7607802769906715435,,@杆哥（国服芈月）创作的原声,杆哥（国服芈月）,70367542514,杆哥（国服芈月）,229,,False,,,,,
7607803372799905064,2026-05-09 22:52:26.596601,7607804417429015305,,@AI大模型学习创作的原声,AI大模型学习,156578512909178,AI大模型学习,853,,False,,,,,
7607810340427975972,2026-05-09 22:52:30.358486,7607811533386435354,,@恐怖判官创作的原声,恐怖判官,3758605678158540,恐怖判官,880,,False,,,,,
7607810462327131443,2026-05-09 22:52:37.252803,7607811224364993326,,@谷茶茶足球创作的原声,谷茶茶足球,68535102827,谷茶茶足球,425,,False,,,,,
7628909223543459087,2026-05-11 10:03:12.088566,7628909185849183019,,@奇趣小世界创作的原声,奇趣小世界,2087347809170483,奇趣小世界,194,,False,,,,,
7607812323348139305,2026-05-09 22:52:55.791496,7607813438404692777,,Homeward,白小歪Tin,1029569689695591,白小歪Tin,773,,False,,,,,
7607819774106611323,2026-05-09 22:52:58.317424,7607819747108621119,,王者荣耀,兰导（游戏解说）,100580589501,兰导（游戏解说）,194,,False,,,,,
7628905973683473707,2026-05-11 10:03:08.721401,7628906022307941162,,@体坛大人物创作的原声,体坛大人物,4063414535329351,体坛大人物,183,,False,,,,,
7608513432496770350,2026-05-09 23:00:00.807018,7608514014674537257,,@中国·地域美食创作的原声,中国·地域美食,864662958387500,中国·地域美食,139,,False,,,,,
7607858944899435816,2026-05-09 22:53:18.403648,7607862170717539099,,@电动知士创作的原声,电动知士,96547448149,电动知士,2534,,False,,,,,
7607863577131578020,2026-05-09 22:53:23.851434,7607863530348956431,,@赤脚科学家创作的原声,赤脚科学家,2297303938642807,赤脚科学家,612,,False,,,,,
7628898034973150483,2026-05-11 10:02:52.632446,7628898514981980974,,@AI视频制作教程创作的原声,AI视频制作教程,772305875115507,AI视频制作教程,1099,,False,,,,,
7607884317389811947,2026-05-09 22:53:30.971801,7607884289279019795,,@每日一笑😁创作的原声,每日一笑😁,1408893633441008,每日一笑😁,494,,False,,,,,
7607965474080558378,2026-05-09 22:53:39.160194,7607966424610523955,,夕阳醉了,不是车评,1957553821720124,不是车评,639,,False,,,,,
7628893782666216805,2026-05-11 10:02:44.656231,7628893913159355174,,Rock and Roll Girls,悠然是比熊yoyo,1380589005714861,悠然是比熊yoyo,425,,False,,,,,
7608010032399027492,2026-05-09 22:53:56.880835,7608010811952778034,,@刘奇游戏解说创作的原声,刘奇游戏解说,2720651249467580,刘奇游戏解说,1129,,False,,,,,
7628891915664117055,2026-05-11 10:02:21.827949,7628892121000692523,,39 Seconds,修船诗人,72263125401,修船诗人,723,,False,,,,,
7608019175772048649,2026-05-09 22:54:01.603160,7608019498167339839,,@柳辉家创作的原声,柳辉家,87907598030,柳辉家,84,,False,,,,,
7608026438750489892,2026-05-09 22:54:05.191483,7608026933552483126,,@秋琳说电影创作的原声,秋琳说电影,295095704230269,秋琳说电影,587,,False,,,,,
7628891112262892681,2026-05-11 10:02:12.803181,7628891041202015018,,@车闻百家说创作的原声,车闻百家说,3891926451362508,车闻百家说,281,,False,,,,,
7628920159272471842,2026-05-11 10:03:36.889363,7628920488391084827,,@Thexin信创作的原声,Thexin信,2851481529356363,Thexin信,301,,False,,,,,
7607748177952918819,2026-05-09 22:51:49.870030,7607748799338908425,,@青柠动画创作的原声,青柠动画,1359465183183246,青柠动画,180,,False,,,,,
7607742080462425395,2026-05-09 22:51:42.069109,7607743206374591283,,Metal at the Door,科幻大鹿,2022698427362446,科幻大鹿,1627,,False,,,,,
7607739517923242831,2026-05-09 22:51:36.613196,7607739518283713307,,王者荣耀,枕雪听风,1961127220353123,枕雪听风,171,,False,,,,,
7607437626601180425,2026-05-09 22:48:48.936612,7607438190575684361,,@问千秋创作的原声,问千秋,2417187782926460,问千秋,545,,False,,,,,
7607440945180691764,2026-05-09 22:48:56.504206,7607442002510138162,,Sacred Play Secret Place,咖喱追剧,1315483947646571,咖喱追剧,212,,False,,,,,
7607445084376753587,2026-05-09 22:49:11.306808,7607445199211465523,,小半,𝗥𝗮𝗶𝗻𝗱𝗿𝗼𝗽,7520894534788678715,𝗥𝗮𝗶𝗻𝗱𝗿𝗼𝗽,1756,,False,,,,,
7628928849535925939,2026-05-11 10:04:22.209939,7616698473630714665,,You Can哈基米 (仿佛又回到了18年的夏天),Lepsy🧸,2992233915881224,Lepsy🧸,38,,False,,,,,
7607455701912358163,2026-05-09 22:49:20.761348,7607456539184712475,,@央视频创作的原声,央视频,1129948451452958,央视频,243,,False,,,,,
7628928816102001947,2026-05-11 10:04:08.143653,7628928866727365417,,@阿喻发点啥创作的原声,阿喻发点啥,3202253798255795,阿喻发点啥,211,,False,,,,,
7607469536342903622,2026-05-09 22:49:28.021918,7607469439860558634,,你我经历的一刻（Cover 王菲）,娱乐星鲜事,93517796699,娱乐星鲜事,65,,False,,,,,
7607480082923261226,2026-05-09 22:49:30.591682,7607480480540855082,,@金局创作的原声,金局,73134626979,金局,991,,False,,,,,
7607486088327777571,2026-05-09 22:49:33.231828,7607487242277374766,,@迎新年看春晚创作的原声,迎新年看春晚,4275317714719022,迎新年看春晚,180,,False,,,,,
7607520661585661230,2026-05-09 22:49:41.431043,7607521613822675763,,@钢琴奶奶-尹松创作的原声,钢琴奶奶-尹松,1161513499368653,钢琴奶奶-尹松,353,,False,,,,,
7628925159176457472,2026-05-11 10:04:00.053372,7628925220690135871,,@历史食馆创作的原声,历史食馆,7599527388720907321,历史食馆,208,,False,,,,,
7628924929248955702,2026-05-11 10:03:56.331100,7628926246910495498,,@困兽之战创作的原声,困兽之战,1326440060553376,困兽之战,466,,False,,,,,
7628924803579251987,2026-05-11 10:03:49.392243,7628924906750954250,,@ONE兔三创作的原声,ONE兔三,3518910650385820,ONE兔三,368,,False,,,,,
7607601909549026600,2026-05-09 22:50:04.794073,7607604967968459574,,@有限无边创作的原声,有限无边,105887391427,有限无边,35,,False,,,,,
7607668528891677995,2026-05-09 22:50:29.647054,7607669331048057606,,@动物奇观创作的原声,动物奇观,224769531191087,动物奇观,878,,False,,,,,
7607668915158721657,2026-05-09 22:50:35.525566,7607668914675338027,,@PowerHer创作的原声,PowerHer,99904673919,PowerHer,385,,False,,,,,
7607672638223236529,2026-05-09 22:50:42.162559,7607672585496578879,,@教化妆的大姨创作的原声,教化妆的大姨,2212660377557213,教化妆的大姨,122,,False,,,,,
7628923819662550714,2026-05-11 10:03:44.954753,7628923786292693811,,@帅气的灰创作的原声,帅气的灰,100401316435,帅气的灰,29,,False,,,,,
7607692253804839284,2026-05-09 22:50:46.893531,7607692427293969162,,Sierra,鸡条综艺,432527294597664,鸡条综艺,518,,False,,,,,
7607699287614622372,2026-05-09 22:50:53.867546,7607699280720677670,,@荒野一枝花创作的原声,荒野一枝花,2869044047519992,荒野一枝花,652,,False,,,,,
7607711219013194175,2026-05-09 22:51:07.625747,7607711233483000576,,@每日一笑😁创作的原声,每日一笑😁,1408893633441008,每日一笑😁,1128,,False,,,,,
7607726283342105896,2026-05-09 22:51:13.642063,7607727354810485542,,醉拳,阿悦的悦,2608478173538542,阿悦的悦,1192,,False,,,,,
7607732449753222450,2026-05-09 22:51:20.891908,7607733107797642034,,和平精英,挞挞ta,2739618469644420,挞挞ta,466,,False,,,,,
7628890750033415458,2026-05-11 10:01:56.237024,7628890929700621106,,@男人说创作的原声,男人说,1165939874205831,男人说,477,,False,,,,,
7628890374672551220,2026-05-11 10:01:42.226341,7628890373615651622,,@科学探索号创作的原声,科学探索号,1684876475771501,科学探索号,398,,False,,,,,
7608088138846717873,2026-05-09 22:54:18.448176,7608088110517291786,,Once Upon A Time - House Extended Mix,顾忌（国服孙策）,4111766935316308,顾忌（国服孙策）,129,,False,,,,,
7608326202629796517,2026-05-09 22:57:34.948909,7608326006268627753,,@一帆创作的原声,一帆,85884538476,一帆,169,,False,,,,,
7608368026291920335,2026-05-09 22:57:44.383953,7608367941498817318,,@恪     心创作的原声,恪     心,2845170424886046,恪     心,703,,False,,,,,
7608374101903772968,2026-05-09 22:57:52.345620,7608374678452767507,,Once Upon A Time (抖音DJ热门版),阿晋剪影,2903183552154285,阿晋剪影,856,,False,,,,,
7628852604046808753,2026-05-11 10:00:24.876950,7628852459196238626,,@毛孩子的日常创作的原声,毛孩子的日常,1341037417338791,毛孩子的日常,241,,False,,,,,
7608413163126150137,2026-05-09 22:58:06.468206,7592550137290083123,,茶花开了,声玩现场,4009236562721536,声玩现场,27,,False,,,,,
7608415338648128777,2026-05-09 22:58:21.396018,7608415478628797210,,@经济棱镜创作的原声,经济棱镜,2579917271207308,经济棱镜,27,,False,,,,,
7608416022781005107,2026-05-09 22:58:31.029083,7608416215991700260,,和平精英,赏金猎人雪凌,67129453688,赏金猎人雪凌,212,,False,,,,,
7608420622221782129,2026-05-09 22:58:40.971911,7608420599349660431,,@影迷说剧创作的原声,影迷说剧,4503662886994934,影迷说剧,229,,False,,,,,
7628848161309691188,2026-05-11 10:00:18.826619,7628848156515715859,,@速构视界创作的原声,速构视界,1813532033972696,速构视界,166,,False,,,,,
7613803195260865844,2026-05-10 17:09:52.478258,7613803607619537690,,@野兽超清中文配音创作的原声,野兽超清中文配音,1603503400160765,野兽超清中文配音,875,,False,,,,,
7608460845298814214,2026-05-09 22:58:49.155667,7608461165638863652,,@山水狼创作的原声,山水狼,3438878986945591,山水狼,467,,False,,,,,
7608462661235379499,2026-05-09 22:58:55.574211,7608463157878623019,,王者荣耀,江萧絮（国一海诺）,3126665539226765,江萧絮（国一海诺）,685,,False,,,,,
7608474882602470699,2026-05-09 22:59:13.094600,7608476097701071670,,当你孤单你会想起谁,无做派,7478737189003625532,无做派,1998,,False,,,,,
7628788153947524352,2026-05-11 10:00:09.394684,7628788457590065971,,@张凑凑讲电影创作的原声,张凑凑讲电影,2120290872076504,张凑凑讲电影,908,,False,,,,,
7628786751019961610,2026-05-11 10:00:06.630862,7628786737627630345,,@雨凡响坛创作的原声,雨凡响坛,2311643029061284,雨凡响坛,226,,False,,,,,
7608493576032380083,2026-05-09 22:59:24.446051,7608493753275255594,,冰雪之舞,田七浪迹天涯,2986685998042331,田七浪迹天涯,1495,,False,,,,,
7628775491838758170,2026-05-11 09:59:58.101705,7628775660244175643,,我的世界,MC豪豪崽,1983994736942160,MC豪豪崽,584,,False,,,,,
7608499607560431817,2026-05-09 22:59:32.600981,7608499619932162858,,@姜汁雪碧（测评版创作的原声,姜汁雪碧（测评版,1258314436982014,姜汁雪碧（测评版,241,,False,,,,,
7628770342903281526,2026-05-11 09:59:43.786826,7628770287638629171,,@阿庆大型纪录片创作的原声,阿庆大型纪录片,1937769685059103,阿庆大型纪录片,177,,False,,,,,
7608500912520236307,2026-05-09 22:59:40.843296,7608501391333559090,,@客客创作的原声,客客,2681059500897643,客客,234,,False,,,,,
7628751544200203546,2026-05-11 09:59:37.371533,7628751657500773171,,@玄机视界创作的原声,玄机视界,1645332298211939,玄机视界,353,,False,,,,,
7608507754059682489,2026-05-09 22:59:47.499611,7608507678062660367,,@旺旺小仙创作的原声,旺旺小仙,96728459814,旺旺小仙,41,,False,,,,,
7608508092510283378,2026-05-09 22:59:54.040849,7608508194868349737,,@京城流淌创作的原声,京城流淌,102856359945,京城流淌,1957,,False,,,,,
7628708323050753330,2026-05-11 09:59:34.578201,7628709098552347428,,@时睦华创作的原声,时睦华,64543086258,时睦华,1688,,False,,,,,
7628853354383766395,2026-05-11 10:00:31.009639,7628853239949085494,,@涛弟爱吃鱼-吃鱼大队创作的原声,涛弟爱吃鱼-吃鱼大队,96598170718,涛弟爱吃鱼-吃鱼大队,138,,False,,,,,
7608279583091133696,2026-05-09 22:57:32.583122,7608279440010775347,,三角洲行动,杨齐家（三角洲跑刀鼠）,7554408010266821689,杨齐家（三角洲跑刀鼠）,800,,False,,,,,
7608093659036175667,2026-05-09 22:54:25.246028,7608094939309738787,,@野兽超清中文配音创作的原声,野兽超清中文配音,1603503400160765,野兽超清中文配音,1950,,False,,,,,
7628854592680035443,2026-05-11 10:00:33.974005,7581507342265483323,,That Season Of Love（Funky House）,辣比小芯,3054892471558553,辣比小芯,553,,False,,,,,
7608097202153475328,2026-05-09 22:54:38.987988,7608097655956310794,,@锐评舌尖事创作的原声,锐评舌尖事,2949350615683387,锐评舌尖事,182,,False,,,,,
7608126852103753000,2026-05-09 22:54:47.615803,7608127635947817774,,搞怪音乐,鱼十七Justin,2705256009708509,鱼十七Justin,489,,False,,,,,
7608127467353591103,2026-05-09 22:55:01.584511,7608128449170492203,,September - Instrumental,皮皮匠,101865367669,皮皮匠,1721,,False,,,,,
7608130340364057171,2026-05-09 22:55:09.629073,7608130632444087074,,@游不动的小明创作的原声,游不动的小明,1534567761064420,游不动的小明,325,,False,,,,,
7628888661060341007,2026-05-11 10:01:35.366163,7628889001890057010,,@刑部尚书（恐游）创作的原声,刑部尚书（恐游）,3281416931252967,刑部尚书（恐游）,799,,False,,,,,
7608149316523412777,2026-05-09 22:55:44.636536,7608150795860118313,,@诡蜜说创作的原声,诡蜜说,7517229004618892347,诡蜜说,1179,,False,,,,,
7628879158907813233,2026-05-11 10:01:19.070807,7628879307326343946,,@独行客旅行记创作的原声,独行客旅行记,2546102757243587,独行客旅行记,1215,,False,,,,,
7608161050651487476,2026-05-09 22:55:57.197328,7608160987887274762,,@德云驿站创作的原声,德云驿站,1953182157388221,德云驿站,1068,,False,,,,,
7608161124324205993,2026-05-09 22:55:59.798043,7608161084972780340,,三角洲行动,大宝小老弟(三角洲行动),7439662044653208634,大宝小老弟(三角洲行动),647,,False,,,,,
7608172670064226658,2026-05-09 22:56:10.859771,7608172729522539300,,和平精英,CS（地铁逃生）,3648631262682890,CS（地铁逃生）,468,,False,,,,,
7608175123066435210,2026-05-09 22:56:15.940197,7578565431359701028,,@泉奈创作的原声,泉奈,1584825500968108,泉奈,449,,False,,,,,
7608175621836234161,2026-05-09 22:56:25.494818,7608175599906999066,,热瓦甫,麦总去哪吃,80374668589,麦总去哪吃,474,,False,,,,,
7608180911763341419,2026-05-09 22:56:32.938231,7608180849893903155,,@我爱喝纯牛奶🥛（求中亲签版）创作的原声,我爱喝纯牛奶🥛（求中亲签版）,4381995429013561,我爱喝纯牛奶🥛（求中亲签版）,51,,False,,,,,
7608188088065609001,2026-05-09 22:56:40.398539,7608188995063057198,,@食影双修创作的原声,食影双修,4253350739576103,食影双修,424,,False,,,,,
7628875096031038755,2026-05-11 10:01:08.776023,187326620,,和平精英,举着胖胖,4095002223322019,举着胖胖,553,,False,,,,,
7608200993600457317,2026-05-09 22:56:45.836967,7555536199197130810,,王者荣耀,往昔,93025451279,往昔,218,,False,,,,,
7628875015903112826,2026-05-11 10:01:01.624041,7628875009859111690,,@卷毛哥收鞋创作的原声,卷毛哥收鞋,468813841173292,卷毛哥收鞋,386,,False,,,,,
7608201389763857715,2026-05-09 22:56:57.463635,7608870662995823369,,@大象学长创作的原声,大象学长,1436435828446204,大象学长,362,,False,,,,,
7608217690154568979,2026-05-09 22:57:08.276931,7608219044423977770,,@闪光放映员创作的原声,闪光放映员,1247308296751403,闪光放映员,1065,,False,,,,,
7628869046608063827,2026-05-11 10:00:55.877103,7628869000459127571,,@（黑子哥）老黑创作的原声,（黑子哥）老黑,1424556094919008,（黑子哥）老黑,387,,False,,,,,
7628866490497781044,2026-05-11 10:00:48.208898,7628866958166952740,,Way down We Go,长片短解,4125003529064462,长片短解,1197,,False,,,,,
7628861580435934518,2026-05-11 10:00:40.509278,7628862056946486025,,@秋琳说电影创作的原声,秋琳说电影,295095704230269,秋琳说电影,1515,,False,,,,,
7608241824624827257,2026-05-09 22:57:20.607522,7608241679896070918,,@小短腿跑不快创作的原声,小短腿跑不快,7413773987932636218,小短腿跑不快,167,,False,,,,,
7606231547636731145,2026-05-09 22:23:03.614888,7606231605920680713,,@靠谱的乐一创作的原声,靠谱的乐一,783328858082974,靠谱的乐一,257,,False,,,,,
7606204435873778954,2026-05-09 22:22:54.992349,7606204508686846761,,@臻会选车创作的原声,臻会选车,86325202040,臻会选车,236,,False,,,,,
7628535890368826660,2026-05-11 09:54:41.340593,7628536192140577577,,@犯叔说影创作的原声,犯叔说影,4441626125804543,犯叔说影,1139,,False,,,,,
7604057676993039650,2026-05-09 21:43:06.019956,7604057850236242734,,@阿川创作的原声,阿川,109812599810,阿川,241,,False,,,,,
7604037794855472430,2026-05-09 21:41:54.931004,7604037901097257774,,@知音财经创作的原声,知音财经,4088419601612971,知音财经,374,,False,,,,,
7604038890642525440,2026-05-09 21:42:02.048827,7604038922330835766,,@阿静爱探索创作的原声,阿静爱探索,439399861988952,阿静爱探索,168,,False,,,,,
7604040586265414946,2026-05-09 21:42:09.008852,7604040696030382874,,@青柠动画创作的原声,青柠动画,1359465183183246,青柠动画,209,,False,,,,,
7604040954676366632,2026-05-09 21:42:19.940932,7604312113301048110,,@今有缘影视创作的原声,今有缘影视,2638421053407320,今有缘影视,619,,False,,,,,
7604045476991667491,2026-05-09 21:42:26.544799,7604045631472487206,,@ABeeMusicLive创作的原声,ABeeMusicLive,81660814735,ABeeMusicLive,210,,False,,,,,
7604046089524924913,2026-05-09 21:42:31.448579,7604046043875167014,,@海底抓鱼创作的原声,海底抓鱼,845944693995555,海底抓鱼,155,,False,,,,,
7629740745536266993,2026-05-11 10:21:50.679706,7629740825137253147,,Void,kk去哪里,2342428001442412,kk去哪里,401,,False,,,,,
7604048820174933294,2026-05-09 21:42:42.851271,7604048822771239730,,@众说影视创作的原声,众说影视,65575819943351,众说影视,487,,False,,,,,
7604051956532874550,2026-05-09 21:42:49.979088,7604052501624605480,,@唐豆豆儿创作的原声,唐豆豆儿,3494682899516576,唐豆豆儿,1826,,False,,,,,
7604054749255568659,2026-05-09 21:42:52.470276,7604054759548848905,,@苏熙（无畏契约）创作的原声,苏熙（无畏契约）,657964464605008,苏熙（无畏契约）,185,,False,,,,,
7604056570150498411,2026-05-09 21:42:59.312452,7604056576967641894,,被你牵着的手,爱吃香菜,1112350652899107,爱吃香菜,280,,False,,,,,
7604063810458782073,2026-05-09 21:43:21.765209,7604063731204508425,,@大黄是只狗创作的原声,大黄是只狗,251160364069287,大黄是只狗,182,,False,,,,,
7604124716625890570,2026-05-09 21:44:46.677608,7604124833844136723,,Libella Swing,其实我是司婆婆,465816081669512,其实我是司婆婆,261,,False,,,,,
7604065839311181433,2026-05-09 21:43:30.054587,7604065738738944777,,新白娘子传奇,巷子里的垃圾桶,105170084682,巷子里的垃圾桶,236,,False,,,,,
7629735841874726179,2026-05-11 10:21:46.389648,7629736571817708342,,@孤狼电影创作的原声,孤狼电影,1704712156240624,孤狼电影,2184,,False,,,,,
7604074672300231979,2026-05-09 21:43:39.373259,7604074934687943475,,@开心驿站创作的原声,开心驿站,1847621908986846,开心驿站,887,,False,,,,,
7629723221567050353,2026-05-11 10:21:23.711316,7629723142864423720,,@杂谈工作室创作的原声,杂谈工作室,855861889341900,杂谈工作室,138,,False,,,,,
7604077761469297573,2026-05-09 21:43:52.386162,7103796323324788777,,无畏契约：源能行动,小7（无畏契约手游）,7529865943657432121,小7（无畏契约手游）,466,,False,,,,,
7604078629597658533,2026-05-09 21:44:02.092736,7503904103619808027,,Phone Kisses+Ice On My Baby (DJ旋律),perle珀尔,4040039870244251,perle珀尔,8,,False,,,,,
7629714086762204459,2026-05-11 10:21:14.777044,7629714168916183817,,@游呀游创作的原声,游呀游,7567013603636429861,游呀游,467,,False,,,,,
7604090131200412962,2026-05-09 21:44:20.193604,7604090756923394857,,@体能勇者谈创作的原声,体能勇者谈,1025196285503872,体能勇者谈,595,,False,,,,,
7629710674276388148,2026-05-11 10:21:08.107599,7629710699949820682,,@国际局中局创作的原声,国际局中局,429255831861770,国际局中局,254,,False,,,,,
7629710513185869107,2026-05-11 10:20:54.338855,97881485,,@星空创作的原声,星空,471035583937214,星空,1678,,False,,,,,
7629701737275998309,2026-05-11 10:20:36.869535,7629701685598096134,,森の小さなレストラン（森林小屋）,猪miumiu,3249810519359780,猪miumiu,107,,False,,,,,
7604034130250124544,2026-05-09 21:41:44.610696,7604034396269824818,,@子衿动漫创作的原声,子衿动漫,3028496555187780,子衿动漫,202,,False,,,,,
7604030384984182016,2026-05-09 21:41:30.352162,7605860243213470473,,@康哟喂创作的原声,康哟喂,65114488299,康哟喂,2106,,False,,,,,
7604029611425653233,2026-05-09 21:41:18.142715,7604029506956872474,,轻松的周末vlog,小静的干饭日常,62200739304,小静的干饭日常,522,,False,,,,,
7604026740457450210,2026-05-09 21:41:08.389772,7604026635616013083,,@芊予（鑫学生三角洲电竞）创作的原声,芊予（鑫学生三角洲电竞）,7526876437166933052,芊予（鑫学生三角洲电竞）,32,,False,,,,,
7603775122772472229,2026-05-09 21:38:23.803067,7474926994677844774,,@野哥🎧 ￴￴ ￴￴￴ ￴￴ ￴ ￴￴￴创作的原声,野哥🎧 ￴￴ ￴￴￴ ￴￴ ￴ ￴￴￴,4503658534961565,野哥🎧 ￴￴ ￴￴￴ ￴￴ ￴ ￴￴￴,26,,False,,,,,
7629883731415991790,2026-05-11 10:23:14.864643,7629883698028383027,,@潇潇u创作的原声,潇潇u,4466688258219195,潇潇u,297,,False,,,,,
7603793573145742643,2026-05-09 21:38:32.689654,7603794213452532516,,@九筒电话亭创作的原声,九筒电话亭,3985060483051645,九筒电话亭,1148,,False,,,,,
7603808767205068075,2026-05-09 21:38:40.491801,7603808666768149298,,无畏契约（Valorant）,花生（无畏契约）,288511505742528,花生（无畏契约）,144,,False,,,,,
7603837619394639028,2026-05-09 21:38:47.424927,7603837315345156916,,@王者荣耀慕矢（幻影镜）创作的原声,王者荣耀慕矢（幻影镜）,901241915836813,王者荣耀慕矢（幻影镜）,374,,False,,,,,
7603864787012881710,2026-05-09 21:38:50.275701,7412185426506547210,,三角洲行动,乔木萧.(三角洲),1994984865932400,乔木萧.(三角洲),257,,False,,,,,
7629859595846576101,2026-05-11 10:23:09.126087,7629859598790445834,,@健身大书创作的原声,健身大书,74257636390,健身大书,591,,False,,,,,
7629849664184389243,2026-05-11 10:23:00.723656,7629849317238426403,,@马力速递创作的原声,马力速递,2270957728435195,马力速递,264,,False,,,,,
7629828284343258403,2026-05-11 10:22:56.578101,7629828177426221878,,Sapphire (feat. Arijit Singh) [Remix],Ccccc,65002624039,Ccccc,1441,,False,,,,,
7603939586112244998,2026-05-09 21:39:11.350092,7603940145682746166,,WE GO UP,CocoApple（LELEPOP版）,406158857744452,CocoApple（LELEPOP版）,1740,,False,,,,,
7629817316821273882,2026-05-11 10:22:47.792248,7629817206876031753,,Butterflies,Roc山海行,64357337547,Roc山海行,1677,,False,,,,,
7603950842764447002,2026-05-09 21:39:18.968679,7603950991863532331,,@子婷精读创作的原声,子婷精读,2900941162684969,子婷精读,758,,False,,,,,
7603951550888972907,2026-05-09 21:39:26.566248,7603951535873100571,,@耶耶烤箱记创作的原声,耶耶烤箱记,502899183205280,耶耶烤箱记,325,,False,,,,,
7629790644810059050,2026-05-11 10:22:39.401160,7629790684244937523,,@智先生创作的原声,智先生,2393007010092493,智先生,558,,False,,,,,
7603960114824300409,2026-05-09 21:39:47.268076,7603960076436654857,,@云柯体育创作的原声,云柯体育,2896555070459460,云柯体育,579,,False,,,,,
7603966706201021723,2026-05-09 21:40:10.149209,7603966751243815731,,@虾掰的夫斌创作的原声,虾掰的夫斌,4479863672808800,虾掰的夫斌,801,,False,,,,,
7603978036769295650,2026-05-09 21:40:15.516885,7603978185490975507,,@答案就在路上创作的原声,答案就在路上,2687684687182212,答案就在路上,955,,False,,,,,
7603994527816355135,2026-05-09 21:40:20.956987,7603995002339216171,,@恐怖判官创作的原声,恐怖判官,3758605678158540,恐怖判官,891,,False,,,,,
7629763840629397626,2026-05-11 10:22:24.130706,7629763750026939174,,@政韩live工作室创作的原声,政韩live工作室,62807485166,政韩live工作室,15,,False,,,,,
7629756932638657834,2026-05-11 10:22:16.519714,7629756965358439222,,@豫州小吏创作的原声,豫州小吏,85718109645,豫州小吏,291,,False,,,,,
7629750710501920027,2026-05-11 10:22:07.627901,7629750756505144100,,3977,就叫我小王吧,104509789204,就叫我小王吧,361,,False,,,,,
7604014713420270867,2026-05-09 21:40:42.209497,7604015097249270591,,《20》,阿阳不睡觉,275331762893258,阿阳不睡觉,395,,False,,,,,
7604024000348129893,2026-05-09 21:41:01.676075,7604023867396410138,,@一只猪创作的原声,一只猪,4136827549138061,一只猪,49,,False,,,,,
7604114592243044529,2026-05-09 21:44:39.960535,7604114503134956339,,和平精英,青衣（地铁逃生）,2452383349353002,青衣（地铁逃生）,135,,False,,,,,
7604127791285636378,2026-05-09 21:44:54.456158,7604128176848816947,,@六点速看创作的原声,六点速看,103397729578,六点速看,1158,,False,,,,,
7629915308827888936,2026-05-11 10:23:28.534142,7629915435260988203,,@蝶儿视觉创作的原声,蝶儿视觉,2103800568482024,蝶儿视觉,403,,False,,,,,
7629669103603598690,2026-05-11 10:19:12.398815,7629669115103284004,,@董小厨美食创作的原声,董小厨美食,98917440543,董小厨美食,100,,False,,,,,
7604458920309101733,2026-05-09 21:48:37.103811,7604458957613845291,,王者荣耀,麒迹（上分教学）,3474929201709972,麒迹（上分教学）,519,,False,,,,,
7629676563658820906,2026-05-11 10:19:42.688169,7629677029794466606,,@三木説创作的原声,三木説,1560935862371021,三木説,1452,,False,,,,,
7629676523431382315,2026-05-11 10:19:34.620535,7629676666914278186,,@棠云九野创作的原声,棠云九野,7602929899757634618,棠云九野,487,,False,,,,,
7629675324778745126,2026-05-11 10:19:26.911747,7629675368449854217,,@M谈论创作的原声,M谈论,4114842450675465,M谈论,370,,False,,,,,
7604518913342688625,2026-05-09 21:49:40.528433,7604518877644507939,,@关关想睡觉💤（助眠历史版）创作的原声,关关想睡觉💤（助眠历史版）,1655207022834984,关关想睡觉💤（助眠历史版）,2321,,False,,,,,
7604683041507708169,2026-05-09 21:49:50.237191,7604683251717901065,,@壹禾说球创作的原声,壹禾说球,1667291262230648,壹禾说球,380,,False,,,,,
7604689111810641195,2026-05-09 21:49:54.241901,7604689315305769766,,@王洪浩的lu创作的原声,王洪浩的lu,109426381883,王洪浩的lu,448,,False,,,,,
7604690992516474286,2026-05-09 21:49:57.417893,7604690943832361782,,@Ai风向标创作的原声,Ai风向标,61560894692,Ai风向标,270,,False,,,,,
7604696082626399539,2026-05-09 21:50:14.402945,7604696192240421668,,@自然界精选创作的原声,自然界精选,2005976006801166,自然界精选,236,,False,,,,,
7604700966990616768,2026-05-09 21:50:23.206435,7570328955115274298,,第五人格,天真,104303515548,天真,124,,False,,,,,
7604705275565031923,2026-05-09 21:50:37.669706,7604705421164956458,,现在就出发,Super单闯天下,2911927066696775,Super单闯天下,454,,False,,,,,
7629667940249406739,2026-05-11 10:19:09.858232,7629667986860706603,,@黑猫星球创作的原声,黑猫星球,50770992336,黑猫星球,316,,False,,,,,
7604135201773594944,2026-05-09 21:45:04.464215,7604135137462340361,,@相对论创作的原声,相对论,916328144182416,相对论,40,,False,,,,,
7604709484639948032,2026-05-09 21:50:50.677462,7604709711472167707,,一生所愛,数字人Lily,7459688919762191374,数字人Lily,267,,False,,,,,
7604714453602422022,2026-05-09 21:50:56.988939,7604714587929266982,,森の小さなレストラン（森林小屋）,甜甜美食家,60940717927,甜甜美食家,129,,False,,,,,
7604714703704689983,2026-05-09 21:51:11.303023,7604715158358870847,,Sahara,沐风追影,3824530286711920,沐风追影,1139,,False,,,,,
7604715465789240955,2026-05-09 21:51:26.061460,7602190900021693238,,Siren in the Streets,雪顶,2406147031837166,雪顶,16,,False,,,,,
7604717643710401842,2026-05-09 21:51:36.660342,7604717975748315967,,@大象探世界创作的原声,大象探世界,7564241533131998266,大象探世界,560,,False,,,,,
7604742543871347994,2026-05-09 21:51:46.927495,7604742663002196742,,Funny Toys,日食记,64117131714,日食记,479,,False,,,,,
7604757220122774799,2026-05-09 21:52:02.008963,7604757434015468339,,@生灵之歌创作的原声,生灵之歌,2755798314784285,生灵之歌,330,,False,,,,,
7604758929083801434,2026-05-09 21:52:13.474819,7604758763165272882,,@睡神小欣zZ创作的原声,睡神小欣zZ,96511197240,睡神小欣zZ,67,,False,,,,,
7604761450908765503,2026-05-09 21:52:22.946663,7604761612540840750,,@阿宝爆漫创作的原声,阿宝爆漫,109692092945,阿宝爆漫,281,,False,,,,,
7604767230370352434,2026-05-09 21:52:25.681171,7604767387510442802,,@小宇菇菇创作的原声,小宇菇菇,70166245903,小宇菇菇,182,,False,,,,,
7604770989410372914,2026-05-09 21:52:29.918056,7604771548108786442,,@即录创作的原声,即录,3214595381537639,即录,1060,,False,,,,,
7604448676124108282,2026-05-09 21:48:29.420192,7604448546376436515,,@春晓闯地球（自改房车）创作的原声,春晓闯地球（自改房车）,88249984278,春晓闯地球（自改房车）,148,,False,,,,,
7629681160717715185,2026-05-11 10:19:53.641006,7629681189289888555,,@小鱼🐟美食合集创作的原声,小鱼🐟美食合集,3944666031733211,小鱼🐟美食合集,350,,False,,,,,
7604447279004536073,2026-05-09 21:48:22.221081,7604447551634557742,,哒哒咚咚咚,腹黑鲸屿🐳,101382101082,腹黑鲸屿🐳,420,,False,,,,,
7604441996056366382,2026-05-09 21:48:14.310261,7604442214630017811,,@瘦弱的苦力怕创作的原声,瘦弱的苦力怕,1424605765184253,瘦弱的苦力怕,620,,False,,,,,
7604137669597187374,2026-05-09 21:45:10.775692,7604137753546459931,,@红星新片速递创作的原声,红星新片速递,3828918265323544,红星新片速递,538,,False,,,,,
7604137674009595186,2026-05-09 21:45:13.807468,7604138101149158182,,Time Back,布谷港电影,4257778562248414,布谷港电影,1565,,False,,,,,
7604152238784695571,2026-05-09 21:45:21.963270,7605185176058268467,,直播间带货榜,饺子WTF,2518346399230276,饺子WTF,209,,False,,,,,
7604174298995035433,2026-05-09 21:45:36.084623,7604174893747276550,,@南音剪影创作的原声,南音剪影,7579310983409108017,南音剪影,662,,False,,,,,
7629699849016872243,2026-05-11 10:20:33.326364,7629699960744807222,,@毛茸茸星球创作的原声,毛茸茸星球,2825080825200048,毛茸茸星球,294,,False,,,,,
7604317499274127014,2026-05-09 21:45:53.770506,7601154510391607333,,@Lcberg.创作的原声,Lcberg.,2955952330119143,Lcberg.,22,,False,,,,,
7629696770758413611,2026-05-11 10:20:24.788517,7629696782657686314,,@成长必修课创作的原声,成长必修课,105112847163,成长必修课,37,,False,,,,,
7604340191856687099,2026-05-09 21:46:03.499839,7604340146881465098,,@大橘猫动漫创作的原声,大橘猫动漫,1095559106010815,大橘猫动漫,149,,False,,,,,
7604341041562455322,2026-05-09 21:46:10.159690,7604341080204561194,,Children of the Dark,吃货看世界,2115905410564941,吃货看世界,279,,False,,,,,
7604348803650522406,2026-05-09 21:46:22.794377,7604343446572157747,,3 Strikes,亚哲大大,64311257678,亚哲大大,198,,False,,,,,
7604367274186657058,2026-05-09 21:46:41.478121,7604367431435602707,,@盗圣食者创作的原声,盗圣食者,7484625430974121020,盗圣食者,677,,False,,,,,
7629695024883567922,2026-05-11 10:20:16.628223,7629695203493825299,,@麦兜影视创作的原声,麦兜影视,104250515211,麦兜影视,496,,False,,,,,
7604379602140161254,2026-05-09 21:46:52.617903,7604379644887878419,,@七个佩奇爸爸创作的原声,七个佩奇爸爸,77210010046,七个佩奇爸爸,274,,False,,,,,
7604380985584585994,2026-05-09 21:47:00.065611,7604381308132346666,,@JoJo觅食创作的原声,JoJo觅食,1736842004401340,JoJo觅食,440,,False,,,,,
7604390214110383386,2026-05-09 21:47:07.167678,7604390488845683466,,@我就是小伊创作的原声,我就是小伊,110846233792,我就是小伊,232,,False,,,,,
7604404896028638186,2026-05-09 21:47:16.718825,7404304876039080745,,我还有点小糊涂（Cover 刘晨）,牢六,2893541579959326,牢六,82,,False,,,,,
7604407723140735985,2026-05-09 21:47:26.062421,7604407664889580322,,樱花草,胖琦琦kiki,1152707915700759,胖琦琦kiki,164,,False,,,,,
7604416857461837083,2026-05-09 21:47:41.124282,7604417015536700203,,Hibiscus,魔鬼厨房,67530039871,魔鬼厨房,213,,False,,,,,
7629690438223547699,2026-05-11 10:20:02.905511,7629832382748625714,,@国富影视创作的原声,国富影视,67240015479,国富影视,798,,False,,,,,
7604427377451533294,2026-05-09 21:47:50.380965,7604427393717078794,,Fight,剧迷话匣子,3160477435436346,剧迷话匣子,455,,False,,,,,
7629689986614299940,2026-05-11 10:19:56.023731,7629690035725503295,,@指尖音乐创作的原声,指尖音乐,2682425610604831,指尖音乐,343,,False,,,,,
7604434310531140900,2026-05-09 21:48:02.094583,7604434775088171819,,@大千说电影创作的原声,大千说电影,3949865037739407,大千说电影,1197,,False,,,,,
7604435852509855878,2026-05-09 21:48:05.123866,7604435830752627499,,@鬼岛创作的原声,鬼岛,105321194084,鬼岛,240,,False,,,,,
7603773185716260130,2026-05-09 21:38:14.833275,7603773290017737522,,梦境,超话荒野,281918140324957,超话荒野,361,,False,,,,,
7603755400656393147,2026-05-09 21:37:59.821469,7603755582276848436,,走马,Bobaya,358894106853232,Bobaya,2644,,False,,,,,
7629309652852837666,2026-05-11 10:12:35.370246,7629309727553506084,,@帧爱体坛创作的原声,帧爱体坛,152145302926860,帧爱体坛,197,,False,,,,,
7543152714943876387,2026-05-09 21:27:36.122281,7543152792601725705,,@深度学习工程师创作的原声,深度学习工程师,7524649017218434105,深度学习工程师,157,,False,,,,,
7531357712618114313,2026-05-09 21:25:41.261735,7531358580432227110,,@老鱼讲AI创作的原声,老鱼讲AI,3432020902417799,老鱼讲AI,3110,,False,,,,,
7532461688206085402,2026-05-09 21:25:50.736452,7532461829092985642,,@吴恩达-AI大模型创作的原声,吴恩达-AI大模型,1444090494059416,吴恩达-AI大模型,2001,,False,,,,,
7533721108269321472,2026-05-09 21:26:09.573481,7533721965794724648,,@斯坦福机器人庞博士Leo创作的原声,斯坦福机器人庞博士Leo,747323848917437,斯坦福机器人庞博士Leo,3608,,False,,,,,
7540659036979514643,2026-05-09 21:26:30.981092,7540659300277046058,,@ZOMI酱创作的原声,ZOMI酱,3765182212624168,ZOMI酱,1816,,False,,,,,
7629988339092950287,2026-05-11 10:25:03.114808,7629988380172225289,,@黑尾狗创作的原声,黑尾狗,93555712900,黑尾狗,145,,False,,,,,
7542468244687293715,2026-05-09 21:26:44.009910,7542468247719922475,,@AI智库创作的原声,AI智库,7411852413869671481,AI智库,186,,False,,,,,
7542804279636069667,2026-05-09 21:26:46.693863,7542804177187605263,,@深度学习工程师创作的原声,深度学习工程师,7524649017218434105,深度学习工程师,179,,False,,,,,
7542842698634431783,2026-05-09 21:26:55.443332,7542842732436310838,,@AI大模型教程创作的原声,AI大模型教程,7542343451725448249,AI大模型教程,195,,False,,,,,
7542847691571744000,2026-05-09 21:27:10.521394,7542847843631926062,,@深度学习工程师创作的原声,深度学习工程师,7524649017218434105,深度学习工程师,345,,False,,,,,
7543076811148676379,2026-05-09 21:27:21.839303,7543076802495810345,,@AI课程研究院创作的原声,AI课程研究院,7524625866836902971,AI课程研究院,393,,False,,,,,
7543115485139782958,2026-05-09 21:27:24.859864,7543115623648414505,,@AI课程研究院创作的原声,AI课程研究院,7524625866836902971,AI课程研究院,4071,,False,,,,,
7629985674300624128,2026-05-11 10:25:00.660163,7629985698300381990,,当bro以为自己很有影响力时(硬曲是我主人),天吹星,7562368341219525689,天吹星,46,,False,,,,,
7545044054392720675,2026-05-09 21:29:42.631623,7545044332949080841,,@AI大模型教程创作的原声,AI大模型教程,7542343451725448249,AI大模型教程,1073,,False,,,,,
7543189889081249074,2026-05-09 21:27:44.508416,7543189977706908426,,@AI课程研究院创作的原声,AI课程研究院,7524625866836902971,AI课程研究院,260,,False,,,,,
7543215101344517439,2026-05-09 21:27:51.287562,7543215163076627251,,@AI智库创作的原声,AI智库,7411852413869671481,AI智库,140,,False,,,,,
7629977307431701769,2026-05-11 10:24:54.429319,7629977726983637786,,@因你创作的原声,因你,741498093845982,因你,741,,False,,,,,
7543503016624655654,2026-05-09 21:28:00.469323,7543503092182551347,,@真想教会你AI创作的原声,真想教会你AI,7524651291906245691,真想教会你AI,169,,False,,,,,
7543520466653236530,2026-05-09 21:28:17.413061,7543520519438584639,,@AI课程研究院创作的原声,AI课程研究院,7524625866836902971,AI课程研究院,219,,False,,,,,
7543581458393337103,2026-05-09 21:28:36.628606,7543581926087756587,,@新媒沈阳创作的原声,新媒沈阳,721700892993743,新媒沈阳,2226,,False,,,,,
7629974653386044657,2026-05-11 10:24:51.165291,7629974982235720511,,暗区突围,浪漫-暗区突围 （乐子人没赶上高铁版）,1621146583968784,浪漫-暗区突围 （乐子人没赶上高铁版）,343,,False,,,,,
7544038150016929058,2026-05-09 21:28:49.389789,7544039205383473946,,@新媒沈阳创作的原声,新媒沈阳,721700892993743,新媒沈阳,3189,,False,,,,,
7544569960832453924,2026-05-09 21:28:59.454675,7622282445945113371,,直播间带货榜,帧数燃烧,1259375910467531,帧数燃烧,633,,False,,,,,
7544971601616424243,2026-05-09 21:29:06.686460,7544971686597118739,,偷偷摸摸搞怪曲,ZOMI酱,3765182212624168,ZOMI酱,1549,,False,,,,,
7545038328261872911,2026-05-09 21:29:22.708632,7545038548715244327,,@AI大模型教程创作的原声,AI大模型教程,7542343451725448249,AI大模型教程,914,,False,,,,,
7529381510349180223,2026-05-09 21:25:36.072025,7529381652515375891,,@斯坦福机器人庞博士Leo创作的原声,斯坦福机器人庞博士Leo,747323848917437,斯坦福机器人庞博士Leo,3125,,False,,,,,
7523116377247321383,2026-05-09 21:25:21.572184,7491309992201420854,,@迪哥带你学AI算法创作的原声,迪哥带你学AI算法,7499763308766807099,迪哥带你学AI算法,454,,False,,,,,
7520939828767132928,2026-05-09 21:25:12.539938,7520939969222183706,,@仓颉编程语言创作的原声,仓颉编程语言,1512581882719389,仓颉编程语言,282,,False,,,,,
7520905099401497891,2026-05-09 21:25:05.561573,7520905802689891087,,@水七讲大模型创作的原声,水七讲大模型,3472701123732212,水七讲大模型,3445,,False,,,,,
7289747189515980067,2026-05-09 21:21:11.923994,7289747507247172410,,@李永乐老师创作的原声,李永乐老师,59639995221,李永乐老师,349,,False,,,,,
7309857450302213376,2026-05-09 21:21:15.361218,7309857661602810650,,@Antonyliu创作的原声,Antonyliu,73976690418,Antonyliu,460,,False,,,,,
7396829450211446050,2026-05-09 21:21:35.489342,7396829230128040715,,@数致西瓜讲AI创作的原声,数致西瓜讲AI,3356127992753198,数致西瓜讲AI,226,,False,,,,,
7630022236753235254,2026-05-11 10:26:30.260122,7630022311759956763,,@行研社创作的原声,行研社,3036176080702807,行研社,234,,False,,,,,
7434082518397226249,2026-05-09 21:21:56.032081,7434082619400260362,,@秋芝2046创作的原声,秋芝2046,2931726622135948,秋芝2046,661,,False,,,,,
7630019338656877867,2026-05-11 10:26:20.906282,7630019341251021587,,@小宝趣玩创作的原声,小宝趣玩,108665268414,小宝趣玩,165,,False,,,,,
7630015153681059099,2026-05-11 10:26:07.542383,7630015228662565638,,@舒先生的欧门（无畏契约）创作的原声,舒先生的欧门（无畏契约）,1944369764249852,舒先生的欧门（无畏契约）,139,,False,,,,,
7444362506467872027,2026-05-09 21:22:14.626425,7633812290269170458,,直播间带货榜,彪子动物园,2381999816844996,彪子动物园,116,,False,,,,,
7446264878886554895,2026-05-09 21:22:28.949571,7621484489745795874,,直播间带货榜,叮咚哥,51232083318,叮咚哥,1341,,False,,,,,
7454910938953698575,2026-05-09 21:22:50.852559,7454913189143137065,,@国际青年公开课创作的原声,国际青年公开课,2291801069987693,国际青年公开课,1139,,False,,,,,
7630014969643289865,2026-05-11 10:26:00.243753,7630015155853642532,,@港云库创作的原声,港云库,4455647480907181,港云库,517,,False,,,,,
7468609439512235291,2026-05-09 21:23:10.969609,7468610515057543946,,@双一流大学公开课创作的原声,双一流大学公开课,1569735026150861,双一流大学公开课,1634,,False,,,,,
7471153546663169315,2026-05-09 21:23:20.276401,7471154886428986150,,@国际青年公开课创作的原声,国际青年公开课,2291801069987693,国际青年公开课,299,,False,,,,,
7471174464001101090,2026-05-09 21:23:34.434364,7605564405186693926,,直播间带货榜,黄媛媛健身,3491676113614584,黄媛媛健身,27,,False,,,,,
7473095677464136975,2026-05-09 21:24:12.847437,7493179133284813605,,@浙江大学创作的原声,浙江大学,97963912656,浙江大学,3730,,False,,,,,
7630014862436863278,2026-05-11 10:25:55.274073,7630016099775154953,,@西安亲子游【纯玩】创作的原声,西安亲子游【纯玩】,1493595032401651,西安亲子游【纯玩】,28,,False,,,,,
7483107090936941874,2026-05-09 21:24:23.845391,7483108070223760165,,@百度智能云创作的原声,百度智能云,2207423758342172,百度智能云,4625,,False,,,,,
7485566382344588578,2026-05-09 21:24:32.642810,7493099565902482212,,@浙江大学创作的原声,浙江大学,97963912656,浙江大学,3409,,False,,,,,
7630013318602206705,2026-05-11 10:25:48.750902,7630013322909322020,,Pink Party,油管精彩視頻,1836626739993484,油管精彩視頻,949,,False,,,,,
7630008839231884563,2026-05-11 10:25:31.907961,7630009026639137587,,@二狗的脱口秀创作的原声,二狗的脱口秀,2552440841058764,二狗的脱口秀,701,,False,,,,,
7630008273986597861,2026-05-11 10:25:24.397526,7630008263836748559,,@自然启示录创作的原声,自然启示录,3430105165338814,自然启示录,201,,False,,,,,
7517969543269059850,2026-05-09 21:24:53.287551,7517969771476962084,,@秋芝2046创作的原声,秋芝2046,2931726622135948,秋芝2046,2020,,False,,,,,
7630000377902992675,2026-05-11 10:25:16.636184,7630000490683632410,,DANÇA DO VERÃO,聊一聊游戏,3493562308100135,聊一聊游戏,316,,False,,,,,
7545041840672623912,2026-05-09 21:29:28.702013,7545042107503512347,,@AI大模型教程创作的原声,AI大模型教程,7542343451725448249,AI大模型教程,1108,,False,,,,,
7545305886307241216,2026-05-09 21:29:49.787689,7545306193716284210,,@AI学习课堂创作的原声,AI学习课堂,3912530210338105,AI学习课堂,1363,,False,,,,,
7603753776276622646,2026-05-09 21:37:52.647258,7603753819104709430,,@星乐Lab创作的原声,星乐Lab,1435293166616217,星乐Lab,287,,False,,,,,
7603320749184617762,2026-05-09 21:36:15.766319,7603321023862819630,,@千挑百怪创作的原声,千挑百怪,7575416598552265765,千挑百怪,333,,False,,,,,
7568707871634885924,2026-05-09 21:34:23.971686,7627819438959659812,,直播间带货榜,胖子追影,2902342255516300,胖子追影,607,,False,,,,,
7569106505291631907,2026-05-09 21:34:32.710782,7569106989695912747,,@中科院物理所创作的原声,中科院物理所,78529946587,中科院物理所,2532,,False,,,,,
7569586392179707179,2026-05-09 21:34:41.347901,7634118993879943972,,直播间带货榜,光羽的平行世界,2148905177852519,光羽的平行世界,706,,False,,,,,
7629930532302501989,2026-05-11 10:24:01.834345,7629930510109723443,,火影忍者,寒弦❄️,2629657852645992,寒弦❄️,227,,False,,,,,
7570225863401180457,2026-05-09 21:35:03.723232,7570228304045787940,,@南开大学创作的原声,南开大学,98383539711,南开大学,6251,,False,,,,,
7572554930871864626,2026-05-09 21:35:12.822082,7572555119315241734,,@中科院物理所创作的原声,中科院物理所,78529946587,中科院物理所,3616,,False,,,,,
7589984240465382706,2026-05-09 21:35:23.278070,7589984660093029130,,@扶摇电影创作的原声,扶摇电影,78348149157,扶摇电影,1143,,False,,,,,
7592195553556057380,2026-05-09 21:35:50.001765,7592196697415617316,,@上海交通大学创作的原声,上海交通大学,103797704116,上海交通大学,4946,,False,,,,,
7602990563549351174,2026-05-09 21:36:01.789509,7602991651367160603,,@丹牛食创作的原声,丹牛食,96099527096,丹牛食,854,,False,,,,,
7603044045849414918,2026-05-09 21:36:09.754124,7603044182663465734,,@小小新酱创作的原声,小小新酱,1107950429813283,小小新酱,483,,False,,,,,
7603284173666667817,2026-05-09 21:36:12.606862,7603276761866046227,,@剧会说创作的原声,剧会说,3668421832879464,剧会说,1009,,False,,,,,
7603331528524959027,2026-05-09 21:36:25.053530,7603331648972786459,,@子壹ziye创作的原声,子壹ziye,3342934588534379,子壹ziye,303,,False,,,,,
7545362996415974697,2026-05-09 21:29:52.448755,7545363180663491347,,@AI学习课堂创作的原声,AI学习课堂,3912530210338105,AI学习课堂,4341,,False,,,,,
7603413279016554682,2026-05-09 21:36:31.604295,7603413265229613859,,大自然的冥想,微缸造物,76085500832,微缸造物,374,,False,,,,,
7603425798183292201,2026-05-09 21:36:34.769374,7603426195769690886,,A6L Antwort,大熊试车,2023580325385987,大熊试车,919,,False,,,,,
7629922733811387654,2026-05-11 10:23:48.722705,7629922787049704219,,@番剧解语花创作的原声,番剧解语花,4330305111468175,番剧解语花,194,,False,,,,,
7603682013224817051,2026-05-09 21:36:42.818437,7603681987572124426,,Fragile(Slowed),桃子的早餐,3325397375918525,桃子的早餐,64,,False,,,,,
7603699399272730533,2026-05-09 21:36:51.900316,7603699569001138978,,@Bobaya创作的原声,Bobaya,358894106853232,Bobaya,2705,,False,,,,,
7603699433041186048,2026-05-09 21:37:05.969790,7603669277966666534,,@小颜剧说创作的原声,小颜剧说,51867854930,小颜剧说,1139,,False,,,,,
7603718397817392422,2026-05-09 21:37:19.562264,7603718454302247722,,@谢师（必吃榜ing创作的原声,谢师（必吃榜ing,4435873729611747,谢师（必吃榜ing,648,,False,,,,,
7603726437715656399,2026-05-09 21:37:23.256176,7603726428718598975,,王者荣耀,林豆豆y,468860308305123,林豆豆y,219,,False,,,,,
7603733933624167699,2026-05-09 21:37:29.067825,7603734228275858222,,@正说清代十二朝创作的原声,正说清代十二朝,1925940838412859,正说清代十二朝,996,,False,,,,,
7603736558218300722,2026-05-09 21:37:44.380858,7603736628021644074,,@逗小胡创作的原声,逗小胡,259083924942420,逗小胡,235,,False,,,,,
7603737330705256569,2026-05-09 21:37:49.377319,7603737276266416905,,@晴天暴富创作的原声,晴天暴富,7532414220820268090,晴天暴富,421,,False,,,,,
7568320604852473123,2026-05-09 21:34:06.679968,7568321116916321074,,@新媒沈阳创作的原声,新媒沈阳,721700892993743,新媒沈阳,2326,,False,,,,,
7567284867466071306,2026-05-09 21:33:58.501583,7567285274130975515,,@中科院物理所创作的原声,中科院物理所,78529946587,中科院物理所,2267,,False,,,,,
7566550506869493042,2026-05-09 21:33:50.608433,7566550820800564019,,I'm a Cool Guy,赵恩哲,1567255434629161,赵恩哲,1369,,False,,,,,
7629931601777921289,2026-05-11 10:24:09.992664,7629931679176182574,,@科知社创作的原声,科知社,1136245817738522,科知社,303,,False,,,,,
7545381758141795634,2026-05-09 21:30:01.610229,7545381976347921190,,@深度学习工程师创作的原声,深度学习工程师,7524649017218434105,深度学习工程师,1254,,False,,,,,
7545681988758293779,2026-05-09 21:30:10.147715,7545682977519340324,,@真想教会你AI创作的原声,真想教会你AI,7524651291906245691,真想教会你AI,4738,,False,,,,,
7545695756263410998,2026-05-09 21:30:13.704008,7545696920711334710,,@AI学习课堂创作的原声,AI学习课堂,3912530210338105,AI学习课堂,4341,,False,,,,,
7546175154821319999,2026-05-09 21:30:22.964934,7546176228651289344,,@AI学习课堂创作的原声,AI学习课堂,3912530210338105,AI学习课堂,4726,,False,,,,,
7546245825110740233,2026-05-09 21:30:34.534747,7546245783268444978,,@火山引擎创作的原声,火山引擎,2849562992849757,火山引擎,2045,,False,,,,,
7629960714787291054,2026-05-11 10:24:41.187090,7629961146849790754,,@暴富小猫me创作的原声,暴富小猫me,1364907209267388,暴富小猫me,2216,,False,,,,,
7546401851793575222,2026-05-09 21:30:42.167510,7546401980982348586,,@真想教会你AI创作的原声,真想教会你AI,7524651291906245691,真想教会你AI,3842,,False,,,,,
7546402243684125988,2026-05-09 21:30:50.022300,7546402243310865195,,@跟着工程师学AI创作的原声,跟着工程师学AI,4241258240032026,跟着工程师学AI,1539,,False,,,,,
7546836238272056619,2026-05-09 21:31:08.821389,7546836639587552010,,@真想教会你AI创作的原声,真想教会你AI,7524651291906245691,真想教会你AI,1464,,False,,,,,
7547620359265209639,2026-05-09 21:31:16.575288,7547621052341979947,,@AI学习课堂创作的原声,AI学习课堂,3912530210338105,AI学习课堂,2591,,False,,,,,
7629948942860449273,2026-05-11 10:24:31.624053,7629948903827229475,,@小呆游戏创作的原声,小呆游戏,4103836721751875,小呆游戏,176,,False,,,,,
7547991038376299810,2026-05-09 21:31:22.548441,7547991568972516106,,@新媒沈阳创作的原声,新媒沈阳,721700892993743,新媒沈阳,2156,,False,,,,,
7548001201619553536,2026-05-09 21:31:30.714816,7156152795580730631,,@AI大模型教程创作的原声,AI大模型教程,7542343451725448249,AI大模型教程,1750,,False,,,,,
7548024723947474176,2026-05-09 21:31:46.350784,7548025541069130506,,大模型与智能体开发训练营,卢菁老师讲AI,3083473328803944,卢菁老师讲AI,3322,,False,,,,,
7548390561330367794,2026-05-09 21:31:53.067436,7548391383082584868,,@AI大模型教程创作的原声,AI大模型教程,7542343451725448249,AI大模型教程,2827,,False,,,,,
7548734306391215395,2026-05-09 21:31:55.906072,7548734698051947305,,@AI学习工坊创作的原声,AI学习工坊,4434781459186011,AI学习工坊,1637,,False,,,,,
7548755625631665444,2026-05-09 21:32:03.290521,7548756958765943603,,@清华大学经济管理学院创作的原声,清华大学经济管理学院,16901986025,清华大学经济管理学院,4768,,False,,,,,
7554260809254178048,2026-05-09 21:32:51.311606,7554261501175974708,,@新媒沈阳创作的原声,新媒沈阳,721700892993743,新媒沈阳,3076,,False,,,,,
7561278311050005779,2026-05-09 21:32:57.984980,7561278366263855918,,@给孩子们的大师讲堂创作的原声,给孩子们的大师讲堂,3027412242152043,给孩子们的大师讲堂,989,,False,,,,,
7629935688158432550,2026-05-11 10:24:24.110441,7629935912306101033,,@FIRE规划师创作的原声,FIRE规划师,440284521173976,FIRE规划师,478,,False,,,,,
7563552305543482624,2026-05-09 21:33:06.915616,7570228304045787940,,@南开大学创作的原声,南开大学,98383539711,南开大学,6251,,False,,,,,
7563585523508399386,2026-05-09 21:33:39.886617,7563585818238290729,,@中科院物理所创作的原声,中科院物理所,78529946587,中科院物理所,1597,,False,,,,,
7629934766040616227,2026-05-11 10:24:15.169544,7629935081976957705,,@体坛人物创作的原声,体坛人物,237909169151343,体坛人物,1005,,False,,,,,
7604773826357972266,2026-05-09 21:52:35.150893,7604773887548705572,,阳光下的星星,以明日,4311643383413907,以明日,2051,,False,,,,,
7604779943569984806,2026-05-09 21:52:49.299192,7396362757521539099,,@温油辣辣U创作的原声,温油辣辣U,180772868205326,温油辣辣U,933,,False,,,,,
7604780846096108810,2026-05-09 21:53:04.230266,7604780987792706342,,@历史事物所创作的原声,历史事物所,4191806042678430,历史事物所,265,,False,,,,,
7629378541355830537,2026-05-11 10:15:26.828790,7629378637414075179,,@泸州阿波创作的原声,泸州阿波,105158601886519,泸州阿波,348,,False,,,,,
7605626172835237129,2026-05-09 22:13:11.094194,7605626297804819263,,@物语百科创作的原声,物语百科,84328556630,物语百科,429,,False,,,,,
7629431182454738203,2026-05-11 10:15:47.805333,7629431147571055369,,@HOLA小测佬创作的原声,HOLA小测佬,4340511206015591,HOLA小测佬,417,,False,,,,,
7605641585342947283,2026-05-09 22:13:18.387753,7605641671233014564,,@奕口吨吨吨创作的原声,奕口吨吨吨,7475713667725870138,奕口吨吨吨,468,,False,,,,,
7605661521717406900,2026-05-09 22:13:24.925087,7605661311321951019,,@彩质_创作的原声,彩质_,1109880662935611,彩质_,513,,False,,,,,
7629394226695137638,2026-05-11 10:15:37.076511,7629394058791750426,,@澳门三弟创作的原声,澳门三弟,251131695479037,澳门三弟,44,,False,,,,,
7605689528309914537,2026-05-09 22:13:43.468005,7605689480934509321,,暗区突围,暗区突围凌阳,679951567961691,暗区突围凌阳,306,,False,,,,,
7605706548916014374,2026-05-09 22:13:51.472319,7508173681978245183,,@糊涂电影创作的原声,糊涂电影,853678183950796,糊涂电影,580,,False,,,,,
7605752433431563520,2026-05-09 22:14:06.282362,7605753486864567086,,@有限无边创作的原声,有限无边,105887391427,有限无边,40,,False,,,,,
7629387571424005386,2026-05-11 10:15:30.279318,7629387942863489842,,@布衣八叔创作的原声,布衣八叔,1192314207479095,布衣八叔,623,,False,,,,,
7605772426667953435,2026-05-09 22:14:18.223383,7605772582805179174,,@全球赶海实录创作的原声,全球赶海实录,633740299088087,全球赶海实录,352,,False,,,,,
7605776314468994355,2026-05-09 22:14:25.045122,7605776577833929522,,@尾巴不想说创作的原声,尾巴不想说,71180584876,尾巴不想说,683,,False,,,,,
7605789748233309467,2026-05-09 22:14:44.678264,7605790033525869348,,@环球文志创作的原声,环球文志,2694239543363360,环球文志,414,,False,,,,,
7629358117553327386,2026-05-11 10:14:39.808918,7629358151548865331,,@拳王争锋创作的原声,拳王争锋,3083446213942686,拳王争锋,210,,False,,,,,
7629372907202444980,2026-05-11 10:15:19.291596,7629372894774151945,,@易三宝生活日记创作的原声,易三宝生活日记,95186523502,易三宝生活日记,376,,False,,,,,
7605800817559391531,2026-05-09 22:14:54.265587,7605800922219940649,,离开我的依赖（Cover 王赫野 & 黄霄雲）,潘潘唱歌很上头,3080166853851178,潘潘唱歌很上头,433,,False,,,,,
7605804629427029745,2026-05-09 22:15:01.443852,7605804656039578374,,@爱剪张雨琦创作的原声,爱剪张雨琦,7581685767953974309,爱剪张雨琦,107,,False,,,,,
7629371623325355298,2026-05-11 10:15:12.553250,7629371753650834227,,@资本论创作的原声,资本论,64530873101,资本论,491,,False,,,,,
7629363975616056616,2026-05-11 10:15:04.714158,7629364349227895588,,@诡秘讲创作的原声,诡秘讲,7549214985504539705,诡秘讲,908,,False,,,,,
7605815719078407601,2026-05-09 22:15:15.262638,7605815679773657891,,Monkeybiz超长版,猛男小王（印度修仙中）,2988886390744347,猛男小王（印度修仙中）,860,,False,,,,,
7605818052336209167,2026-05-09 22:15:21.723248,7605818008296246022,,@军shi说创作的原声,军shi说,188708457559943,军shi说,340,,False,,,,,
7629359219849973046,2026-05-11 10:14:57.834997,7629359375366277942,,@百川的旅行创作的原声,百川的旅行,145583371455783,百川的旅行,666,,False,,,,,
7629358747367306355,2026-05-11 10:14:50.547795,7629359011041659657,,@旅行者游彬创作的原声,旅行者游彬,858085555177739,旅行者游彬,1066,,False,,,,,
7605828330876701987,2026-05-09 22:15:33.236372,7605828821555661618,,@傻狗创作的原声,傻狗,100715124285,傻狗,907,,False,,,,,
7605836157187870003,2026-05-09 22:15:39.106435,7605837496934484771,,@足球回忆录创作的原声,足球回忆录,3274808395568512,足球回忆录,2412,,False,,,,,
7605623331803621233,2026-05-09 22:12:52.884876,7605623295035132718,,天赋 - 《锦绣未央》电视剧片尾曲,饺子WTF,2518346399230276,饺子WTF,252,,False,,,,,
7605620865430951867,2026-05-09 22:12:39.208831,7605620753748298534,,@篮球人生创作的原声,篮球人生,4051061598072332,篮球人生,165,,False,,,,,
7605620231252581873,2026-05-09 22:12:31.551125,7605620107184245504,,@🌈电饭煲贝创作的原声,🌈电饭煲贝,3531228459843399,🌈电饭煲贝,34,,False,,,,,
7629455469555289359,2026-05-11 10:15:54.354002,7629455406762347273,,@冬子话北京创作的原声,冬子话北京,99538460875,冬子话北京,190,,False,,,,,
7605501208069798863,2026-05-09 22:09:15.998134,7605501115697761074,,@彦儿创作的原声,彦儿,109178348574,彦儿,482,,False,,,,,
7605502088684096794,2026-05-09 22:09:21.782263,7605502007784557338,,Butterfly Effect,玩越野车的牛师傅,110793337723,玩越野车的牛师傅,886,,False,,,,,
7605503304650476863,2026-05-09 22:09:29.641890,7605503299059780395,,@我是不白吃创作的原声,我是不白吃,100061957495,我是不白吃,96,,False,,,,,
7605521309665168703,2026-05-09 22:09:43.356687,7605522126853966634,,@low君创作的原声,low君,75475765599,low君,1843,,False,,,,,
7605526649652728561,2026-05-09 22:10:01.102207,7605526688310561570,,爱错,Bobaya,358894106853232,Bobaya,2699,,False,,,,,
7605527486759226670,2026-05-09 22:10:18.749331,7605527501116345107,,@王大闲人聊车创作的原声,王大闲人聊车,798685327526260,王大闲人聊车,341,,False,,,,,
7605530403600835561,2026-05-09 22:10:28.019399,7605530650354944778,,@小刘去哪玩创作的原声,小刘去哪玩,95543094986,小刘去哪玩,430,,False,,,,,
7605537545136475444,2026-05-09 22:10:36.812468,7605537728196823827,,@IC实验室馆长创作的原声,IC实验室馆长,60420893541,IC实验室馆长,846,,False,,,,,
7605541782989901092,2026-05-09 22:10:50.805131,7605541791328144138,,@贪吃She创作的原声,贪吃She,334713997497021,贪吃She,312,,False,,,,,
7629515308336710822,2026-05-11 10:16:28.327057,7629515129830345514,,网恋女孩重度依赖（占有欲）,聂小雨,6270144209,聂小雨,258,,False,,,,,
7605550132192974501,2026-05-09 22:11:03.476871,7605550023807453967,,@海岛兄弟阿宏创作的原声,海岛兄弟阿宏,4178589993151200,海岛兄弟阿宏,471,,False,,,,,
7605552441379232869,2026-05-09 22:11:08.918991,7605552616751270691,,三角洲行动,仙鹤三角洲,4290747684372624,仙鹤三角洲,266,,False,,,,,
7605557499852279040,2026-05-09 22:11:13.453174,7605557555217074994,,@假老练万喜创作的原声,假老练万喜,79005264019,假老练万喜,183,,False,,,,,
7605557909119847690,2026-05-09 22:11:27.241700,7605558036907805459,,@百态车史创作的原声,百态车史,7599934593777501243,百态车史,683,,False,,,,,
7629502667521396009,2026-05-11 10:16:20.139530,7406939167692734498,,@鲨鱼拉片创作的原声,鲨鱼拉片,7599169902512210993,鲨鱼拉片,1108,,False,,,,,
7629495357873350574,2026-05-11 10:16:06.738659,7629495266814479130,,@酷哥~三键盘~创作的原声,酷哥~三键盘~,4503699309659032,酷哥~三键盘~,240,,False,,,,,
7605581604237327714,2026-05-09 22:11:37.111981,7605581568576441114,,@粤语怀旧精选创作的原声,粤语怀旧精选,2605199070084427,粤语怀旧精选,286,,False,,,,,
7629485302955986182,2026-05-11 10:15:57.222041,7635973151356092425,,@𝐙𝐚𝐜𝐤漫剧创作的原声,𝐙𝐚𝐜𝐤漫剧,4440305816054953,𝐙𝐚𝐜𝐤漫剧,152,,False,,,,,
7605587550506062715,2026-05-09 22:11:43.613983,7605587437708135203,,@乒乓吕教练🏓️创作的原声,乒乓吕教练🏓️,2084275896457597,乒乓吕教练🏓️,9,,False,,,,,
7605589546096528640,2026-05-09 22:11:51.929963,7605589613390138162,,@动漫老撕机创作的原声,动漫老撕机,2786634883406123,动漫老撕机,180,,False,,,,,
7605592145314991375,2026-05-09 22:12:09.127846,7605592188345191178,,@美乐创作的原声,美乐,3544464185902543,美乐,158,,False,,,,,
7605598509676632433,2026-05-09 22:12:15.888079,7605598520577493787,,@小魏huhu创作的原声,小魏huhu,102291736165,小魏huhu,799,,False,,,,,
7605599389457260017,2026-05-09 22:12:20.090536,7556257934843988788,,@墨屿v创作的原声,墨屿v,1285768849139795,墨屿v,21,,False,,,,,
7629358208817106227,2026-05-11 10:14:46.043466,7629358483871484726,,无畏契约（Valorant）,鸦九 pov 解析（无畏契约）,2881165134167644,鸦九 pov 解析（无畏契约）,600,,False,,,,,
7629355546226838830,2026-05-11 10:14:23.622893,7629355975241108260,,@超级小马创作的原声,超级小马,93488516482,超级小马,1369,,False,,,,,
7604784282208423183,2026-05-09 21:53:15.821453,7604784540703410980,,@AI大模型-鹏宇创作的原声,AI大模型-鹏宇,332501518127625,AI大模型-鹏宇,491,,False,,,,,
7629320835069998065,2026-05-11 10:12:54.617514,7629321143409249065,,@式齐创作的原声,式齐,7518691305451734076,式齐,1953,,False,,,,,
7605938674362423793,2026-05-09 22:20:01.679393,7605938600416496384,,@我球被偷了创作的原声,我球被偷了,653526506935198,我球被偷了,184,,False,,,,,
7605939191305817371,2026-05-09 22:20:05.819724,7605939204509584182,,@大千动物馆创作的原声,大千动物馆,2359978942281787,大千动物馆,198,,False,,,,,
7605941529463655278,2026-05-09 22:20:11.772580,7400075938198716470,,@Siieam_J创作的原声,Siieam_J,4028249748808284,Siieam_J,33,,False,,,,,
7629325409993581928,2026-05-11 10:13:12.636719,7629325572640197403,,@动物球长创作的原声,动物球长,3422133033372132,动物球长,1011,,False,,,,,
7605952357863673097,2026-05-09 22:20:37.116472,7605952957632219914,,三角洲行动,llke（三角洲行动）,659314189802023,llke（三角洲行动）,501,,False,,,,,
7605961087145757958,2026-05-09 22:20:47.399777,7605961196658887470,,@游戏小说家创作的原声,游戏小说家,101721056071,游戏小说家,384,,False,,,,,
7629322700645952326,2026-05-11 10:13:09.481574,7629322663151864622,,@奔跑的椰子创作的原声,奔跑的椰子,98042308713,奔跑的椰子,110,,False,,,,,
7629322354115497226,2026-05-11 10:13:01.809276,7629322520663051034,,@鹿铭在野创作的原声,鹿铭在野,462232618796132,鹿铭在野,316,,False,,,,,
7605971905669041435,2026-05-09 22:21:01.214029,7618406459616788518,,@小文没文化创作的原声,小文没文化,1559527259378028,小文没文化,523,,False,,,,,
7605988010110867889,2026-05-09 22:21:15.280231,7605988095759649586,,王者荣耀,小羽ovo（世一李白）,96428030012,小羽ovo（世一李白）,452,,False,,,,,
7605989814269201664,2026-05-09 22:21:20.603648,7605989792899697446,,@探索编辑部创作的原声,探索编辑部,1532048748319529,探索编辑部,326,,False,,,,,
7605992063615683886,2026-05-09 22:21:28.883156,7605991969151650601,,@寻觅人间创作的原声,寻觅人间,3272564297445214,寻觅人间,274,,False,,,,,
7605856631003335963,2026-05-09 22:16:03.093565,7605856606248798995,,@风禾食纪创作的原声,风禾食纪,7541036881871062075,风禾食纪,464,,False,,,,,
7605992560377654254,2026-05-09 22:21:32.961838,7605992506442173211,,@毛石富创作的原声,毛石富,1198887761880375,毛石富,85,,False,,,,,
7605993035348969585,2026-05-09 22:21:36.744229,7605993507753970447,,@大树AI创业圈（新）创作的原声,大树AI创业圈（新）,7530296694723511356,大树AI创业圈（新）,1211,,False,,,,,
7605995535341849883,2026-05-09 22:21:45.549618,7605995486306159414,,@甄解之读创作的原声,甄解之读,3437508029855227,甄解之读,375,,False,,,,,
7606024474709822772,2026-05-09 22:21:49.113345,7606024816654699273,,@8090音乐(老歌尤盘）创作的原声,8090音乐(老歌尤盘）,4411673661936495,8090音乐(老歌尤盘）,1252,,False,,,,,
7606024896863626929,2026-05-09 22:22:00.138107,7606024614375983872,,@李蠕蠕创作的原声,李蠕蠕,58551269218,李蠕蠕,211,,False,,,,,
7606067998448782644,2026-05-09 22:22:10.713020,7606068266922036010,,王者荣耀,奈亚（射手全局精讲）,7460009747736724538,奈亚（射手全局精讲）,750,,False,,,,,
7606142218274259624,2026-05-09 22:22:17.325900,7606142071765748514,,@我叫东沃dongwook创作的原声,我叫东沃dongwook,3368538499986093,我叫东沃dongwook,543,,False,,,,,
7606151692518267307,2026-05-09 22:22:31.262788,7606151617733626664,,Solo (电音感变速版),Oscar Yuan小袁,93101659914,Oscar Yuan小袁,18,,False,,,,,
7629318246903575784,2026-05-11 10:12:44.557875,7629318204359330611,,@澎湃动力创作的原声,澎湃动力,95970499368,澎湃动力,43,,False,,,,,
7629315528632421632,2026-05-11 10:12:41.723483,7629315508055165715,,@林木爱画车创作的原声,林木爱画车,7594676687800943653,林木爱画车,119,,False,,,,,
7606178185500855567,2026-05-09 22:22:44.627384,7606178260753419044,,我的世界,极光子,1279430482208206,极光子,95,,False,,,,,
7629328071782436122,2026-05-11 10:13:16.137663,7629328301966592818,,@探長电影创作的原声,探長电影,871228810487655,探長电影,875,,False,,,,,
7605934998461484328,2026-05-09 22:19:50.067288,7605934988508384051,,@米兜兜说漫创作的原声,米兜兜说漫,7550178326666609721,米兜兜说漫,204,,False,,,,,
7605934861299931514,2026-05-09 22:19:46.915826,7605934752545360676,,超级温柔的bgm,济南宏贝君食品有限公司,99013554107,济南宏贝君食品有限公司,221,,False,,,,,
7605934698338045220,2026-05-09 22:19:38.603140,7605934778243664646,,做饭背景音乐,房车小窝大發糕,7588500319819482171,房车小窝大發糕,247,,False,,,,,
7629352146139434303,2026-05-11 10:14:06.700615,7389083872656359451,,@声命史创作的原声,声命史,2613952360232536,声命史,312,,False,,,,,
7605869100422717561,2026-05-09 22:16:39.646598,7605869060278029119,,@阿升Jason创作的原声,阿升Jason,297318896374138,阿升Jason,240,,False,,,,,
7605871935414717731,2026-05-09 22:16:47.927325,7605872018172709642,,@茜茜游西安✨创作的原声,茜茜游西安✨,925115087601114,茜茜游西安✨,19,,False,,,,,
7629347296429215003,2026-05-11 10:13:52.404194,7629347323088358198,,@萌猫宝哥哥创作的原声,萌猫宝哥哥,75700830520,萌猫宝哥哥,217,,False,,,,,
7629344081289727251,2026-05-11 10:13:45.423408,7603786693702844458,,@恐布说创作的原声,恐布说,2681058081652064,恐布说,968,,False,,,,,
7605888129202965803,2026-05-09 22:16:57.026127,7605877086061857578,,@科幻真探创作的原声,科幻真探,2929539177000164,科幻真探,839,,False,,,,,
7605897698939505974,2026-05-09 22:17:10.582794,7605541033033239302,,@我是不白吃创作的原声,我是不白吃,100061957495,我是不白吃,64,,False,,,,,
7605898178700856618,2026-05-09 22:17:17.495600,7605552907982785307,,@我是不白吃创作的原声,我是不白吃,100061957495,我是不白吃,95,,False,,,,,
7605903511544674139,2026-05-09 22:17:31.157398,7605903489981516570,,@朱三的勺创作的原声,朱三的勺,2409776961584107,朱三的勺,77,,False,,,,,
7605903654689041594,2026-05-09 22:17:39.591552,7605903588036660002,,The Party Troll,蔡囧蛋,2229419398932316,蔡囧蛋,217,,False,,,,,
7605905462193556770,2026-05-09 22:17:55.135400,7605905706453125926,,@赛博食录创作的原声,赛博食录,1407009959712039,赛博食录,742,,False,,,,,
7605909486405979398,2026-05-09 22:18:01.105778,7605909420853349147,,@港澳甄选-港澳游创作的原声,港澳甄选-港澳游,1999381526492932,港澳甄选-港澳游,21,,False,,,,,
7605910396138927089,2026-05-09 22:18:09.292314,7605910310922275620,,@铁旦熊幸福的龟友生活创作的原声,铁旦熊幸福的龟友生活,102172648991,铁旦熊幸福的龟友生活,85,,False,,,,,
7605910541261539497,2026-05-09 22:18:22.934116,7605911092455639817,,Hidden Path,何冰冰🧊,1935589586777072,何冰冰🧊,1735,,False,,,,,
7605912375123840306,2026-05-09 22:18:31.004779,7605912328458078985,,@瞩望云霄创作的原声,瞩望云霄,2199494924447015,瞩望云霄,222,,False,,,,,
7605918627308555526,2026-05-09 22:18:43.246186,7605918806496643849,,@小旋宝宝创作的原声,小旋宝宝,3026288407222455,小旋宝宝,446,,False,,,,,
7629332820577488168,2026-05-11 10:13:30.389726,7629333235591465738,,@大怨种创作的原声,大怨种,3635416940418137,大怨种,786,,False,,,,,
7605927072259982075,2026-05-09 22:18:57.030253,7605927082912533263,,梨花飘落在你窗前,星Lu-Tang.,7418138438963037242,星Lu-Tang.,2365,,False,,,,,
7605929292572282163,2026-05-09 22:19:04.172144,7605929793921518382,,@阿里北杯创作的原声,阿里北杯,4296509547357255,阿里北杯,1544,,False,,,,,
7629332690202539378,2026-05-11 10:13:19.760008,7629332637634677545,,@几个缸还那么拽创作的原声,几个缸还那么拽,676911742198622,几个缸还那么拽,300,,False,,,,,
7605930056317209908,2026-05-09 22:19:12.549947,7605930039892364068,,@利群之马创作的原声,利群之马,3701409529733228,利群之马,195,,False,,,,,
7605932170264602489,2026-05-09 22:19:25.430861,7605932086112963338,,@唐老鸭！创作的原声,唐老鸭！,2436943466475070,唐老鸭！,223,,False,,,,,
7605932417567788338,2026-05-09 22:19:34.546738,7605932888474782507,,@倾心之剪创作的原声,倾心之剪,4223683720127691,倾心之剪,1099,,False,,,,,
7605490387235495857,2026-05-09 22:09:06.689360,7605490318456146738,,@颜值驿站创作的原声,颜值驿站,2458117512628359,颜值驿站,64,,False,,,,,
7629516365313979514,2026-05-11 10:16:42.026615,7629516417016154943,,@深水观察员创作的原声,深水观察员,7416692350615716924,深水观察员,2360,,False,,,,,
7605478430457353585,2026-05-09 22:08:45.304180,7590330643435749385,,@江南大魔王创作的原声,江南大魔王,7515758847228675130,江南大魔王,459,,False,,,,,
7629656366335986995,2026-05-11 10:18:34.364298,7629656316545469203,,@寅哥哥创作的原声,寅哥哥,231329661716016,寅哥哥,241,,False,,,,,
7604863321012364195,2026-05-09 21:57:23.757393,7604863213158665002,,@爆笑花花创作的原声,爆笑花花,2430388434636867,爆笑花花,1149,,False,,,,,
7604872935458835758,2026-05-09 21:57:26.631699,7604873313424378670,,@九米妈妈创作的原声,九米妈妈,2194274246998062,九米妈妈,32,,False,,,,,
7604880795479877349,2026-05-09 21:57:56.507958,7604880688382282523,,@四郎讲棋创作的原声,四郎讲棋,63038290966,四郎讲棋,634,,False,,,,,
7604882883202927899,2026-05-09 21:58:00.313152,7604883123586779945,,@美食原产地创作的原声,美食原产地,316313956789079,美食原产地,101,,False,,,,,
7604885085570406473,2026-05-09 21:58:04.281167,7604885127008668422,,@猴儿甜猴儿甜创作的原声,猴儿甜猴儿甜,880025629891079,猴儿甜猴儿甜,843,,False,,,,,
7604887425696959807,2026-05-09 21:58:10.181454,7604888140645518123,,@大酱电影创作的原声,大酱电影,100412022104,大酱电影,941,,False,,,,,
7604888001172344064,2026-05-09 21:58:25.360202,7604887990703360809,,@佳龙动漫解说创作的原声,佳龙动漫解说,106802985204,佳龙动漫解说,59,,False,,,,,
7604890481492041192,2026-05-09 21:58:33.771046,7604890337113525043,,@婲婲凑热闹创作的原声,婲婲凑热闹,95341219320,婲婲凑热闹,354,,False,,,,,
7604970219076979977,2026-05-09 21:58:41.236705,7605373294031751942,,@阿楠说影创作的原声,阿楠说影,2675544174106123,阿楠说影,870,,False,,,,,
7629658750982294790,2026-05-11 10:18:56.568355,7629658785992280851,,@军武历史创作的原声,军武历史,92729344449,军武历史,693,,False,,,,,
7629658279982959887,2026-05-11 10:18:41.982456,7629658267372440374,,@诺诺创作的原声,诺诺,1716758278574628,诺诺,41,,False,,,,,
7605057565919218041,2026-05-09 21:58:55.120134,7605058059995532047,,@自驾游攻略路书创作的原声,自驾游攻略路书,3485882270882156,自驾游攻略路书,1334,,False,,,,,
7605477912359357705,2026-05-09 22:08:35.261210,7605478671776009014,,@纵观中国创作的原声,纵观中国,1209111119399517,纵观中国,1006,,False,,,,,
7605076911856832625,2026-05-09 21:59:05.704644,7605077162349153039,,麦恩莉,暂别,7571072628598064187,暂别,2690,,False,,,,,
7605077051481148735,2026-05-09 21:59:11.593075,7605077352493615918,,王者荣耀,猪兜游戏解说,4270137847859176,猪兜游戏解说,615,,False,,,,,
7605083290021678376,2026-05-09 21:59:39.186475,7605084726566587179,,@暴走老李（流浪食记）创作的原声,暴走老李（流浪食记）,2825059300280361,暴走老李（流浪食记）,222,,False,,,,,
7605084999448761265,2026-05-09 21:59:45.589311,7044185859922329634,,@秒听歌单创作的原声,秒听歌单,2112636876757728,秒听歌单,185,,False,,,,,
7605090106180996358,2026-05-09 22:00:20.958927,7605090474151414534,,@麦炫疯MVP创作的原声,麦炫疯MVP,106031063685,麦炫疯MVP,604,,False,,,,,
7605099148534189321,2026-05-09 22:00:28.299723,7605099484007205641,,@抖音精选官方账号创作的原声,抖音精选官方账号,1502366381902464,抖音精选官方账号,1082,,False,,,,,
7629648597701391217,2026-05-11 10:18:26.651382,7629648848914352911,,快乐阿拉蕾（Cover 邵雨涵）,东北磊磊（进藏中）,94209833665,东北磊磊（进藏中）,592,,False,,,,,
7629631326454369536,2026-05-11 10:18:23.915518,7629631404162550555,,@翔翔大作战创作的原声,翔翔大作战,59618628613,翔翔大作战,472,,False,,,,,
7605117328174501139,2026-05-09 22:00:43.743772,7605117377377815346,,@音幕创作的原声,音幕,4443574575046396,音幕,377,,False,,,,,
7605130050542832947,2026-05-09 22:00:51.333181,7605130176493603627,,@云社君创作的原声,云社君,1073585571498119,云社君,248,,False,,,,,
7605130058524609818,2026-05-09 22:00:54.106206,7605130575900445450,,@老黎探剧创作的原声,老黎探剧,3491702790440253,老黎探剧,1325,,False,,,,,
7604859830657895706,2026-05-09 21:57:15.262649,7604860185127619366,,火影忍者,圣光です（火影黄埔军校）,429265290802844,圣光です（火影黄埔军校）,253,,False,,,,,
7604858929071490153,2026-05-09 21:57:10.545069,7604858902450064137,,@Bro不讲废话创作的原声,Bro不讲废话,391856804083136,Bro不讲废话,258,,False,,,,,
7604856005398236468,2026-05-09 21:56:55.651815,7604856670833199891,,@马大善良创作的原声,马大善良,94460321183,马大善良,703,,False,,,,,
7604852939303793003,2026-05-09 21:56:47.819253,7604852765831072566,,@饼饼创作的原声,饼饼,2622752463534944,饼饼,354,,False,,,,,
7604784330254093568,2026-05-09 21:53:31.161769,7604784591186053942,,@小初AIGC教学（主页置顶领取）创作的原声,小初AIGC教学（主页置顶领取）,398440501872743,小初AIGC教学（主页置顶领取）,587,,False,,,,,
7604787367005719858,2026-05-09 21:53:42.408208,7604787571985599295,,@不信鞋先生创作的原声,不信鞋先生,3808325695976700,不信鞋先生,365,,False,,,,,
7604790593214041354,2026-05-09 21:53:54.338523,7604790732691983155,,@奇幻专家创作的原声,奇幻专家,4496322546112016,奇幻专家,188,,False,,,,,
7604792373616332067,2026-05-09 21:54:12.247978,7604792917357628210,,@无限影视创作的原声,无限影视,3090067865219418,无限影视,1445,,False,,,,,
7604793145407602598,2026-05-09 21:54:24.597614,7604793104868150062,,@张韶涵·玩家创作的原声,张韶涵·玩家,7582966365515007025,张韶涵·玩家,229,,False,,,,,
7604793666514767119,2026-05-09 21:54:33.862881,7604793891975351090,,@鲲述史创作的原声,鲲述史,4153322460956442,鲲述史,245,,False,,,,,
7604796240710682021,2026-05-09 21:54:39.681064,7604796248201513780,,@乐娱先生创作的原声,乐娱先生,1157111048055262,乐娱先生,332,,False,,,,,
7629666699670768902,2026-05-11 10:19:06.934070,7629666728665959214,,@秘境探险俱乐部创作的原声,秘境探险俱乐部,4179713134953017,秘境探险俱乐部,135,,False,,,,,
7604799410305286650,2026-05-09 21:54:48.628688,7604799316951108402,,@大榆说车创作的原声,大榆说车,57049210697,大榆说车,583,,False,,,,,
7604799847492881674,2026-05-09 21:54:55.975389,7604800233276525355,,Spanish Sahara,褚岩的7号频道,4099458445607268,褚岩的7号频道,896,,False,,,,,
7604803171110757339,2026-05-09 21:54:58.388478,7604803059060509450,,@粉色鱼籽🎹创作的原声,粉色鱼籽🎹,59482590562,粉色鱼籽🎹,26,,False,,,,,
7604810466707262783,2026-05-09 21:55:03.531977,7604810720609323839,,@胖虎说科普创作的原声,胖虎说科普,4222583297023315,胖虎说科普,161,,False,,,,,
7604811588068310129,2026-05-09 21:55:06.092180,7604811571593743138,,@足球先生创作的原声,足球先生,7571712876664521785,足球先生,72,,False,,,,,
7604815184556789044,2026-05-09 21:55:13.287136,7604815475951799050,,@杆哥（国服芈月）创作的原声,杆哥（国服芈月）,70367542514,杆哥（国服芈月）,218,,False,,,,,
7604817876642617850,2026-05-09 21:55:27.126575,7604817839362460426,,@罗南珏创作的原声,罗南珏,2704394016263783,罗南珏,29,,False,,,,,
7604819288226139426,2026-05-09 21:55:31.661024,7604819866872236841,,@六点速看创作的原声,六点速看,103397729578,六点速看,743,,False,,,,,
7604820811354759526,2026-05-09 21:55:40.828548,7582065181291708466,,@淘电电创作的原声,淘电电,2322599649484359,淘电电,244,,False,,,,,
7604821651553427557,2026-05-09 21:55:51.789307,7161706868652379403,,@小猪姐姐zz创作的原声,小猪姐姐zz,82745142061,小猪姐姐zz,462,,False,,,,,
7604821850169904418,2026-05-09 21:56:05.929304,7604822289267673894,,@peter音乐聚焦创作的原声,peter音乐聚焦,3197816422547336,peter音乐聚焦,310,,False,,,,,
7604829537238551860,2026-05-09 21:56:17.224929,7604829823738907434,,@一只坤子🏀创作的原声,一只坤子🏀,3367129825943915,一只坤子🏀,173,,False,,,,,
7604833555604065570,2026-05-09 21:56:24.391912,7604833949264857875,,王者荣耀,周二的烦恼（孙策教学）,3828961126406832,周二的烦恼（孙策教学）,319,,False,,,,,
7604835015356173620,2026-05-09 21:56:31.753237,7604835988916964132,,@马特修车创作的原声,马特修车,4158768559427705,马特修车,1492,,False,,,,,
7604835214270958875,2026-05-09 21:56:40.753761,7604836013467011890,,@杰诺探美食(收学徒)创作的原声,杰诺探美食(收学徒),3883910597462056,杰诺探美食(收学徒),960,,False,,,,,
7605132619512139048,2026-05-09 22:00:59.688317,7605133068768135946,,@老马哄睡宇宙创作的原声,老马哄睡宇宙,3536487459069031,老马哄睡宇宙,1110,,False,,,,,
7629629608652033318,2026-05-11 10:18:18.733016,7629629676209572627,,@微基因の人类观察社创作的原声,微基因の人类观察社,2593096900813648,微基因の人类观察社,426,,False,,,,,
7605138865829851200,2026-05-09 22:01:10.566835,7605138875543079689,,三角洲行动,大丽三角洲行动,4251159681565546,大丽三角洲行动,155,,False,,,,,
7629543262432283914,2026-05-11 10:16:58.854741,7629543288449583881,,Vitamina (点头硬曲),芊芊云笺绘漫,4499626410124296,芊芊云笺绘漫,192,,False,,,,,
7605239821782633774,2026-05-09 22:05:29.590785,7605240788548668186,,分享欲（失约的海 Remix）,荒野小鱼,1038366920159323,荒野小鱼,435,,False,,,,,
7605245012923151867,2026-05-09 22:05:32.592850,7605244887826533146,,第五人格,可乐乐乐,98259673214,可乐乐乐,168,,False,,,,,
7605246076626521385,2026-05-09 22:05:35.563828,7605247064485661467,,Evil(暗黑Phonk),环球生物录,504027302343642,环球生物录,1630,,False,,,,,
7605247823310834982,2026-05-09 22:05:43.052991,7605247851366452018,,@大象放映室创作的原声,大象放映室,106065875187,大象放映室,413,,False,,,,,
7605259543337061684,2026-05-09 22:05:48.915133,7605260445535996682,,@午夜场沸客创作的原声,午夜场沸客,1359447910002776,午夜场沸客,239,,False,,,,,
7605268571102721275,2026-05-09 22:05:56.561247,7605268542086286122,,@甄知棒创作的原声,甄知棒,4453497454202109,甄知棒,830,,False,,,,,
7605294820663381497,2026-05-09 22:06:05.265564,7605294617336367872,,@Mr野兽中文版创作的原声,Mr野兽中文版,7576847707413054513,Mr野兽中文版,1546,,False,,,,,
7605300919302933769,2026-05-09 22:06:08.914458,7605301000504675135,,Love Me Again,足球的记忆,93480519330,足球的记忆,468,,False,,,,,
7605305458317061236,2026-05-09 22:06:12.781533,7580653128249248563,,抱紧你该怎么忘记你,CuanXi·,1680466365130461,CuanXi·,17,,False,,,,,
7605309309672508722,2026-05-09 22:06:19.129342,7605309654498904878,,@熙熙足球创作的原声,熙熙足球,1431988157550595,熙熙足球,530,,False,,,,,
7605333789232876826,2026-05-09 22:06:27.574101,7448139789557039115,,我的世界,我的世界柠檬,4323725741947923,我的世界柠檬,958,,False,,,,,
7605374785064946995,2026-05-09 22:06:41.500155,7605375960975690547,,@宇宙深空记创作的原声,宇宙深空记,111422788675,宇宙深空记,589,,False,,,,,
7605384723913544803,2026-05-09 22:06:56.328659,7539769176890540059,,王者荣耀,谪止（国服兰陵王）,94913177576,谪止（国服兰陵王）,627,,False,,,,,
7629531648962383131,2026-05-11 10:16:49.116341,7629532009466972970,,Monkeybiz超长版,奇迹meme,7521981958747259962,奇迹meme,1217,,False,,,,,
7605426394411373989,2026-05-09 22:07:08.135287,7605426327918758698,,@虾吃虾吃呀创作的原声,虾吃虾吃呀,1275082594062543,虾吃虾吃呀,259,,False,,,,,
7605440470504874161,2026-05-09 22:07:15.014922,7584084532714799141,,@饺子WTF创作的原声,饺子WTF,2518346399230276,饺子WTF,36,,False,,,,,
7605448696087889657,2026-05-09 22:07:29.764770,7605448529909156617,,@品味影视创作的原声,品味影视,55539553020,品味影视,72,,False,,,,,
7605451404043373878,2026-05-09 22:07:38.350605,7605452059437009718,,Первый снег,金开心俱乐部,1640938741174014,金开心俱乐部,982,,False,,,,,
7605453761003212042,2026-05-09 22:07:54.115330,7605453801125858098,,"Unshaken Theme (From ""Red Dead Redemption II"")",历史其实挺有趣,536214489021671,历史其实挺有趣,638,,False,,,,,
7605460172823072019,2026-05-09 22:07:59.646262,7605460369506601737,,@南疆利剑创作的原声,南疆利剑,3952086217144025,南疆利剑,202,,False,,,,,
7605466435598470438,2026-05-09 22:08:03.010973,7605467126459124486,,三角洲行动,杨齐家切片鼠,3256088029837872,杨齐家切片鼠,1301,,False,,,,,
7605474182641536290,2026-05-09 22:08:07.699497,7605474322811308841,,@夏叔厨房创作的原声,夏叔厨房,2273413469048935,夏叔厨房,83,,False,,,,,
7605477165496797681,2026-05-09 22:08:21.146753,7605477103202798362,,@杨迪欣创作的原声,杨迪欣,3262973273973896,杨迪欣,283,,False,,,,,
7605235161080319258,2026-05-09 22:05:24.139214,7605235748173908774,,@捕月说Official创作的原声,捕月说Official,206335072277108,捕月说Official,522,,False,,,,,
7605218796038638886,2026-05-09 22:05:00.704427,7605219224830937906,,@燕姐说影创作的原声,燕姐说影,1209084580740743,燕姐说影,662,,False,,,,,
7629626844664401152,2026-05-11 10:18:11.046614,7629627203805776681,,王者荣耀,天启电竞--居居(射手教学),73017827691,天启电竞--居居(射手教学),660,,False,,,,,
7605214796832787738,2026-05-09 22:04:46.746474,7605480431168916275,,@里由创作的原声,里由,2078546460425896,里由,769,,False,,,,,
7629624062813261096,2026-05-11 10:18:06.212160,7629624439335963434,,A Better Way,叙光者Lightbearer,7616775008484164645,叙光者Lightbearer,1088,,False,,,,,
7605149399638969636,2026-05-09 22:01:46.480080,7605149601552665370,,WAKE UP! - Sped Up,飛哥呦,3966637158711080,飛哥呦,143,,False,,,,,
7605154583966420243,2026-05-09 22:01:52.372103,7605154791513230134,,@Ai视频生成教学创作的原声,Ai视频生成教学,78316818165,Ai视频生成教学,1682,,False,,,,,
7605157782739897638,2026-05-09 22:02:06.156198,7605157969176709931,,@猪哥游戏解说创作的原声,猪哥游戏解说,3245404635006448,猪哥游戏解说,295,,False,,,,,
7605158000101182756,2026-05-09 22:02:21.099523,7605158142242360105,,@时尚边角料创作的原声,时尚边角料,142314558732032,时尚边角料,84,,False,,,,,
7605160714780593449,2026-05-09 22:02:33.045975,7605161042850695982,,@穿毛裤的小拉泽创作的原声,穿毛裤的小拉泽,4234972565605982,穿毛裤的小拉泽,587,,False,,,,,
7605164823495724330,2026-05-09 22:02:43.437104,7605165116795259689,,@帧述创作的原声,帧述,4152227996118312,帧述,322,,False,,,,,
7605170245396864232,2026-05-09 22:02:50.466750,7605170096178121526,,@一朵云cloud（测评版创作的原声,一朵云cloud（测评版,256613826955924,一朵云cloud（测评版,27,,False,,,,,
7605173930139077938,2026-05-09 22:02:57.189881,7605174097718872875,,@大王评车创作的原声,大王评车,1731043634193328,大王评车,221,,False,,,,,
7629595199115215540,2026-05-11 10:17:43.166474,7629595176427719478,,坏女孩（Cover 徐良 & 小凌）,峰源萨克斯,66889639626,峰源萨克斯,196,,False,,,,,
7605176499457732736,2026-05-09 22:03:05.947831,7605176499024743195,,@东方宋创作的原声,东方宋,4410844527985372,东方宋,319,,False,,,,,
7605177000685447153,2026-05-09 22:03:13.365677,7605177060583197455,,无敌小可爱,半途鹅飞,97097715312,半途鹅飞,604,,False,,,,,
7629589544752418048,2026-05-11 10:17:36.405189,7629589551513815850,,奢香夫人（Cover 凤凰传奇）,快乐小齐127,4160152793527774,快乐小齐127,153,,False,,,,,
7629569783092118958,2026-05-11 10:17:19.003741,7629569929578203958,,Monkeybiz超长版,花小狼狼狼,121370950771322,花小狼狼狼,509,,False,,,,,
7605181021159558419,2026-05-09 22:03:30.250620,7605181345284311850,,@猪哥游戏解说创作的原声,猪哥游戏解说,3245404635006448,猪哥游戏解说,228,,False,,,,,
7605185260209846138,2026-05-09 22:03:39.047763,7605185176058268467,,春娇与志明（高冷锅包肉 Remix）,饺子WTF,2518346399230276,饺子WTF,209,,False,,,,,
7605187692435807370,2026-05-09 22:03:53.647047,7605187591792610099,,Akaza Mugenjo Kaiyu,幻咩咩,3619244324958030,幻咩咩,255,,False,,,,,
7605192237844122918,2026-05-09 22:04:05.316431,7605192489930443530,,@大飞评车创作的原声,大飞评车,162383628337659,大飞评车,538,,False,,,,,
7605194095530741044,2026-05-09 22:04:18.121386,7605194545298836250,,@王开乒乓创作的原声,王开乒乓,73457860344,王开乒乓,226,,False,,,,,
7629557919751445850,2026-05-11 10:17:11.657511,7629557857310067475,,@听听okay（小个子测评）创作的原声,听听okay（小个子测评）,4046662596827643,听听okay（小个子测评）,105,,False,,,,,
7605200301079055525,2026-05-09 22:04:28.349311,7604383772510784306,,谁画出这天地 又画出我和你,耳朵乌托邦,695309642760222,耳朵乌托邦,27,,False,,,,,
7629545729861934502,2026-05-11 10:17:06.632729,7629545823449533220,,@陈亦欢（小亦不亦✌️）创作的原声,陈亦欢（小亦不亦✌️）,1469413351762092,陈亦欢（小亦不亦✌️）,243,,False,,,,,
7605212850579998201,2026-05-09 22:04:38.938272,7605212749483871030,,游京（Dj阿遣 Remix）,Omer,2175263466859449,Omer,213,,False,,,,,
7628536311300902179,2026-05-11 09:54:55.056626,7628536313800608550,,@薄冰阳创作的原声,薄冰阳,29038272846361,薄冰阳,341,,False,,,,,
7608440424969485233,2026-05-09 22:58:45.691501,7608440354806729499,,@青竹创作的原声,青竹,14274331419,青竹,16,,False,,,,,
7609321500864622450,2026-05-10 15:13:46.124069,7439365451517725477,,나니까,洛菲音乐,765678703098351,洛菲音乐,28,,False,,,,,
7628168143998946586,2026-05-11 09:46:50.317430,7628168126307257138,,@溢地生息创作的原声,溢地生息,94163688504,溢地生息,259,,False,,,,,
7611845735025364265,2026-05-10 16:08:23.446515,7611845878843853577,,@艾財说imoneytalk创作的原声,艾財说imoneytalk,2740424755911870,艾財说imoneytalk,1173,,False,,,,,
7611845960804931505,2026-05-10 16:08:35.834528,7611845778281696000,,@澳门🇲🇴Mr ye 🇲🇴创作的原声,澳门🇲🇴Mr ye 🇲🇴,4109328792432176,澳门🇲🇴Mr ye 🇲🇴,1149,,False,,,,,
7611846642219633939,2026-05-10 16:08:39.852477,7611846758930336539,,@心动投递员Nana创作的原声,心动投递员Nana,102992031575,心动投递员Nana,327,,False,,,,,
7611855238516968747,2026-05-10 16:08:49.419655,7611866003781189670,,Rap God,国王与乞丐,1134307464193807,国王与乞丐,18,,False,,,,,
7611856908949015860,2026-05-10 16:09:09.184884,7611857244325415731,,@读信的海德薇创作的原声,读信的海德薇,350120601200010,读信的海德薇,241,,False,,,,,
7611856950862950777,2026-05-10 16:09:16.094271,7611856834381761332,,@小猪🐖在重庆（小团游）创作的原声,小猪🐖在重庆（小团游）,95801268117,小猪🐖在重庆（小团游）,355,,False,,,,,
7611857388489443237,2026-05-10 16:09:23.352975,7611857278437935887,,@周成成创作的原声,周成成,187334796011332,周成成,157,,False,,,,,
7611860090831785243,2026-05-10 16:09:34.044468,7611860284311161627,,@时间黑匣子创作的原声,时间黑匣子,371005270022208,时间黑匣子,1575,,False,,,,,
7611861001247460658,2026-05-10 16:09:46.327548,7611861170902829874,,@阿木乐行记创作的原声,阿木乐行记,7582872870130353211,阿木乐行记,256,,False,,,,,
7611863321561632019,2026-05-10 16:09:50.271327,7611863672990042906,,@迷漉说创作的原声,迷漉说,763494951037571,迷漉说,1050,,False,,,,,
7611865446286986546,2026-05-10 16:09:57.700786,7611866170689375030,,如果TA伸出手，你还是会跟ta走,前10名,2920746470081720,前10名,880,,False,,,,,
7611867957752293723,2026-05-10 16:10:09.972002,7611868041311488819,,Carefree(Remix),拿铁不加糖🌀,88673625633,拿铁不加糖🌀,458,,False,,,,,
7611701264426170722,2026-05-10 16:03:32.805773,7611701227169647414,,@生灵观察喵创作的原声,生灵观察喵,4079620600112506,生灵观察喵,152,,False,,,,,
7611869172129107206,2026-05-10 16:10:18.794290,7611869307017956138,,@呦呦动漫创作的原声,呦呦动漫,3672017309806909,呦呦动漫,227,,False,,,,,
7628162809779976677,2026-05-11 09:46:45.189523,7628162715818756907,,@下饭剧场创作的原声,下饭剧场,3676410496949224,下饭剧场,432,,False,,,,,
7611869867318185242,2026-05-10 16:10:27.440822,7611870071186639626,,@郜十三创作的原声,郜十三,7542340647068697659,郜十三,321,,False,,,,,
7611870895082196260,2026-05-10 16:10:35.573127,7611871222158134062,,@墨风探案创作的原声,墨风探案,2911949564683140,墨风探案,480,,False,,,,,
7611872307841158434,2026-05-10 16:10:48.176050,7611872695654828854,,离开我的依赖,小熊漫漫解,92958352630,小熊漫漫解,435,,False,,,,,
7611873718331107962,2026-05-10 16:10:58.724451,7599234627143797546,,The Only 5 Shoes You Need,行为规范家,57052690503,行为规范家,10,,False,,,,,
7611880387370814746,2026-05-10 16:11:02.202235,7611880522146401067,,@拾酒创作的原声,拾酒,1109830411237643,拾酒,418,,False,,,,,
7628157615948098033,2026-05-11 09:46:33.881840,7628157702807571210,,面會菜,生活印记,7578404045007963194,生活印记,1840,,False,,,,,
7611885609732328767,2026-05-10 16:11:15.149101,7611885916604402474,,@燕麦行游创作的原声,燕麦行游,7605769161,燕麦行游,322,,False,,,,,
7611888026733612314,2026-05-10 16:11:18.769024,7611888321052101385,,@C位萌宠创作的原声,C位萌宠,99436858720586,C位萌宠,153,,False,,,,,
7611889461894450470,2026-05-10 16:11:37.807366,7611889830561467145,,@超级马力创作的原声,超级马力,2566676661932992,超级马力,221,,False,,,,,
7611839389215313158,2026-05-10 16:08:19.888774,7611839846230903593,,@追一剧创作的原声,追一剧,4255523554734243,追一剧,940,,False,,,,,
7611838107972947263,2026-05-10 16:08:16.188089,7611838531148876585,,@Yooupi食途创作的原声,Yooupi食途,4397642625592397,Yooupi食途,1249,,False,,,,,
7611834147736259881,2026-05-10 16:08:08.261410,7611834204138867462,,@动漫小宇宙创作的原声,动漫小宇宙,54345816353412,动漫小宇宙,133,,False,,,,,
7611832840187104531,2026-05-10 16:08:04.128554,7611832947033082678,,@胖达解说创作的原声,胖达解说,4503694921855739,胖达解说,143,,False,,,,,
7611721017026809142,2026-05-10 16:04:00.286156,7611721322544106250,,你的白月光,千羽动漫,3783897600784985,千羽动漫,194,,False,,,,,
7611737517351521599,2026-05-10 16:04:15.781658,7611737812374801190,,@猫猫历史创作的原声,猫猫历史,1678285457858404,猫猫历史,778,,False,,,,,
7611737798785207578,2026-05-10 16:04:21.004172,7607620055345397811,,鸣潮,宪云王大可,3771750615091849,宪云王大可,539,,False,,,,,
7611739431167832677,2026-05-10 16:04:35.583713,7611739460975250185,,三角洲行动,一颗黎星星,818513005518691,一颗黎星星,259,,False,,,,,
7611743077669014834,2026-05-10 16:04:43.686524,7611743499678993161,,@识电影创作的原声,识电影,666731529908532,识电影,1067,,False,,,,,
7611756757483916582,2026-05-10 16:04:52.920740,7611756907086367539,,@解忧纪录片创作的原声,解忧纪录片,2528481535594547,解忧纪录片,346,,False,,,,,
7611759486058990874,2026-05-10 16:05:00.702887,7611759506544233279,,@我是不白吃创作的原声,我是不白吃,100061957495,我是不白吃,66,,False,,,,,
7611760990367092006,2026-05-10 16:05:08.859842,7611761017349016356,,@历史细节怪创作的原声,历史细节怪,7547540681792472123,历史细节怪,248,,False,,,,,
7611764091195906163,2026-05-10 16:05:12.631007,7611764131875654410,,@增快快创作的原声,增快快,1612330854530867,增快快,388,,False,,,,,
7611767406167412010,2026-05-10 16:05:15.959602,7611767504779643694,,@猫豆说创作的原声,猫豆说,230238741860032,猫豆说,213,,False,,,,,
7611772542478470438,2026-05-10 16:05:24.430051,7611773128284457774,,@野兽频道中文版创作的原声,野兽频道中文版,74501672931,野兽频道中文版,1724,,False,,,,,
7611772889654477541,2026-05-10 16:05:35.158182,7611774060259019570,,@彩色纱麻忒创作的原声,彩色纱麻忒,1236295185609751,彩色纱麻忒,1887,,False,,,,,
7611788120815684915,2026-05-10 16:05:59.718301,7611788275671272238,,@叫我从凌就好创作的原声,叫我从凌就好,143379529214380,叫我从凌就好,1046,,False,,,,,
7611792277211548928,2026-05-10 16:06:27.220700,7611792733283781402,,@达爆影视创作的原声,达爆影视,1012012392142637,达爆影视,786,,False,,,,,
7611801105441344778,2026-05-10 16:06:33.634880,7611801298488347418,,@一哥影视创作的原声,一哥影视,87255817409,一哥影视,453,,False,,,,,
7628172492074680745,2026-05-11 09:47:02.511160,7628172475351812905,,拜托,台坛帧相,838275631969564,台坛帧相,311,,False,,,,,
7611815474455776558,2026-05-10 16:06:56.632729,7611815735576283913,,@江湖老饕创作的原声,江湖老饕,2657967125823820,江湖老饕,487,,False,,,,,
7611817859555134730,2026-05-10 16:07:02.951404,7611818008838818606,,@橙红Iris创作的原声,橙红Iris,3787185841245182,橙红Iris,1122,,False,,,,,
7611821964105141550,2026-05-10 16:07:15.830290,7611822113913146154,,王者荣耀,儒雅马户解说,245893888501438,儒雅马户解说,294,,False,,,,,
7611823912918023333,2026-05-10 16:07:27.603206,7611823945708358409,,溫柔,罗洛,1930369200303725,罗洛,1205,,False,,,,,
7611824713656225033,2026-05-10 16:07:31.560061,7611824905889254190,,@晨露ZLQ创作的原声,晨露ZLQ,2685443084133312,晨露ZLQ,327,,False,,,,,
7611826750913301798,2026-05-10 16:07:42.464938,7611826793842002751,,@是康康啊创作的原声,是康康啊,2733819789332788,是康康啊,108,,False,,,,,
7611826895197375763,2026-05-10 16:07:58.291931,7611827638742895410,,@Jason在中国创作的原声,Jason在中国,1213493492849592,Jason在中国,535,,False,,,,,
7611891255341026560,2026-05-10 16:11:45.089791,7611891612012006150,,NO CANAL DELE,逸次元小屋,3097774199407607,逸次元小屋,218,,False,,,,,
7611892161771998502,2026-05-10 16:12:03.640043,7611893158573886260,,@小时电影创作的原声,小时电影,820675231366064,小时电影,2573,,False,,,,,
7611894927395474723,2026-05-10 16:12:18.643261,7637384357547657990,,@林亦LYi创作的原声,林亦LYi,3597201865979136,林亦LYi,592,,False,,,,,
7612126370931428627,2026-05-10 16:18:10.946384,7612126523407371018,,真心的鸽子,独秀纪录频道,67316768665,独秀纪录频道,488,,False,,,,,
7612140757281000754,2026-05-10 16:18:21.992243,7612140947576490788,,@极速车报创作的原声,极速车报,4355590089614522,极速车报,361,,False,,,,,
7612147013799099529,2026-05-10 16:18:25.511471,7612147066495683366,,白菜对我笑 (白菜你笑啥),音符小布🎧,1440782783091017,音符小布🎧,193,,False,,,,,
7612147519673355566,2026-05-10 16:18:30.100755,7612148293153327914,,@探秘猎奇社创作的原声,探秘猎奇社,70074586607,探秘猎奇社,1805,,False,,,,,
7612151435131768090,2026-05-10 16:18:36.244637,7614777107174099748,,@凯莉彭创作的原声,凯莉彭,1389379596859124,凯莉彭,886,,False,,,,,
7612156631921905354,2026-05-10 16:18:50.285592,7612156958191143689,,@阿伟寻梦中国创作的原声,阿伟寻梦中国,796465663856460,阿伟寻梦中国,1089,,False,,,,,
7612163722804120847,2026-05-10 16:18:59.718543,7612163831250422574,,@录音系何某人_Grace创作的原声,录音系何某人_Grace,2687666657699279,录音系何某人_Grace,218,,False,,,,,
7612183538599536817,2026-05-10 16:19:15.138497,7612183446449867572,,大迫杰进行曲(DJ版),浙江大迫杰,4106056973158800,浙江大迫杰,477,,False,,,,,
7612184600157311346,2026-05-10 16:19:20.108205,7612184571485702939,,火影忍者,晚安姐姐（5.3抢7擂主赛）,65046766481,晚安姐姐（5.3抢7擂主赛）,135,,False,,,,,
7612190334931504384,2026-05-10 16:19:30.865984,7612190498052213550,,@青史闲谈创作的原声,青史闲谈,3825902426273704,青史闲谈,66,,False,,,,,
7612192431341063470,2026-05-10 16:19:41.473259,7612192689609591590,,Pure Sunlight,劲1v4,2837207410016407,劲1v4,480,,False,,,,,
7612203141722934578,2026-05-10 16:19:45.607819,7612203290830621446,,@哥德堡创作的原声,哥德堡,849288972224531,哥德堡,237,,False,,,,,
7612208099214118196,2026-05-10 16:19:58.496892,7554971990810676006,,弱水三千（混搭版）,小苏柒玖,2837186971201779,小苏柒玖,27,,False,,,,,
7612209405483896110,2026-05-10 16:20:05.486570,7612209851715930921,,@一哥影视创作的原声,一哥影视,87255817409,一哥影视,1181,,False,,,,,
7612210140816663010,2026-05-10 16:20:16.073491,7612210133682555658,,@思妍的大巴房车🚌创作的原声,思妍的大巴房车🚌,4265740416849486,思妍的大巴房车🚌,238,,False,,,,,
7612211330233750501,2026-05-10 16:20:30.815566,7115361020734835469,,@李思晗科技创作的原声,李思晗科技,1979584187228670,李思晗科技,27,,False,,,,,
7612214380813771109,2026-05-10 16:20:57.623661,7612214280338852648,,@潘安（户外）创作的原声,潘安（户外）,2622776683014905,潘安（户外）,100,,False,,,,,
7612215156549881142,2026-05-10 16:21:02.035791,7464872012276564003,,@井零创作的原声,井零,803119962809386,井零,496,,False,,,,,
7628151320943365395,2026-05-11 09:46:22.871518,7628151427059895046,,@徐行客创作的原声,徐行客,7601344192892322853,徐行客,357,,False,,,,,
7612218512714550568,2026-05-10 16:21:55.445003,7612218782613867310,,@旭日足球⚽创作的原声,旭日足球⚽,2458964760207156,旭日足球⚽,383,,False,,,,,
7612225466754666426,2026-05-10 16:22:09.923133,7612225288277101347,,小村远山（蒋龙 Remix）,南风动物园,1467165462243443,南风动物园,847,,False,,,,,
7612225968630926632,2026-05-10 16:22:16.827248,7612226363650820900,,@伯爵扒了扒创作的原声,伯爵扒了扒,7564671850338436145,伯爵扒了扒,496,,False,,,,,
7612228957618581094,2026-05-10 16:22:32.524201,7612228903234521882,,Take Me to Infinity (Ben Delay Remix),Henry.💫（冲2500🤓）,1503738830007719,Henry.💫（冲2500🤓）,263,,False,,,,,
7612233600410340654,2026-05-10 16:22:47.492021,7614459649378519850,,AEAO,游戏小说家,101721056071,游戏小说家,540,,False,,,,,
7612130069519011118,2026-05-10 16:18:14.374966,7612130395544062761,,@老D悬疑创作的原声,老D悬疑,103794353410,老D悬疑,757,,False,,,,,
7612115359872650511,2026-05-10 16:17:59.349538,7612115763545115428,,@野人哥p创作的原声,野人哥p,4451274224049240,野人哥p,360,,False,,,,,
7611896540801682707,2026-05-10 16:12:32.281596,7611897077475674916,,夜色(DJcandy MiX版),不爱看书的弟弟,22448491474599,不爱看书的弟弟,222,,False,,,,,
7612107611256704283,2026-05-10 16:17:37.510753,7612107772804565823,,@抓猫的鱼创作的原声,抓猫的鱼,83850498434,抓猫的鱼,305,,False,,,,,
7611897590858837691,2026-05-10 16:12:38.426854,7611897443327773474,,和平精英,长留白,1785252395626504,长留白,289,,False,,,,,
7611899072740733937,2026-05-10 16:12:53.828878,7611899016649165609,,锕,L时差H（鹿晗四巡西安）,2208242824933688,L时差H（鹿晗四巡西安）,80,,False,,,,,
7611900354233404687,2026-05-10 16:13:11.139427,7611900571466599178,,Gone,LA Pain,7578808878281671717,LA Pain,363,,False,,,,,
7611905609591491846,2026-05-10 16:13:28.942565,7611906111897209638,,@摩尔家陈泰山创作的原声,摩尔家陈泰山,84895282813,摩尔家陈泰山,438,,False,,,,,
7611907345866105957,2026-05-10 16:13:46.258842,7611907254547139363,,Sth,天辰,3615651805269389,天辰,47,,False,,,,,
7611910579241880842,2026-05-10 16:13:54.281203,7611911513405688602,,Save Your Tears (Remix) 1x,游艾姆,67097305241,游艾姆,1302,,False,,,,,
7611916010525887754,2026-05-10 16:14:25.821323,7611916348830386954,,@风味视界创作的原声,风味视界,2439169152665136,风味视界,294,,False,,,,,
7611919674149850403,2026-05-10 16:14:39.430571,7611920330373810954,,@二狗脱口秀创作的原声,二狗脱口秀,2772309332733721,二狗脱口秀,812,,False,,,,,
7611925576085678949,2026-05-10 16:14:52.900932,7611925521874193187,,@百万钱叔创作的原声,百万钱叔,96795649708,百万钱叔,209,,False,,,,,
7611925657861360948,2026-05-10 16:15:20.794758,7611926388425755401,,@宇宙世界创作的原声,宇宙世界,94074233000,宇宙世界,718,,False,,,,,
7611933222125063450,2026-05-10 16:15:32.470917,7611935028213271311,,@小五狼创作的原声,小五狼,849236987489101,小五狼,1936,,False,,,,,
7611947358317792538,2026-05-10 16:15:44.960908,7611947959688661770,,@Mr希尔《全球探索》创作的原声,Mr希尔《全球探索》,85634667995,Mr希尔《全球探索》,1229,,False,,,,,
7611951005362893990,2026-05-10 16:15:59.697701,7611950961220733702,,Fight,Ai商业智囊,2605193420358716,Ai商业智囊,211,,False,,,,,
7611960578776567092,2026-05-10 16:16:09.235515,7611961056444910386,,@讲ai的老韩创作的原声,讲ai的老韩,380901445863459,讲ai的老韩,58,,False,,,,,
7611976735559934836,2026-05-10 16:16:20.558847,7611976692004932393,,@彩质_创作的原声,彩质_,1109880662935611,彩质_,481,,False,,,,,
7611992447769464107,2026-05-10 16:16:24.881795,7611993099123854118,,@不二说创作的原声,不二说,3256094518967050,不二说,218,,False,,,,,
7612011156925154466,2026-05-10 16:16:33.618121,7612011038468213550,,@July.J🦋创作的原声,July.J🦋,3538648395429476,July.J🦋,66,,False,,,,,
7612051007865998602,2026-05-10 16:16:51.860668,7612051718649514778,,无畏契约（Valorant）,绿泡泡Reyna,2463365844962301,绿泡泡Reyna,198,,False,,,,,
7612067286405675877,2026-05-10 16:16:56.273970,7612067169077512987,,@生灵观察喵创作的原声,生灵观察喵,4079620600112506,生灵观察喵,152,,False,,,,,
7612070796391143601,2026-05-10 16:17:05.173135,7612070754254965567,,我走后,暂别,7571072628598064187,暂别,1347,,False,,,,,
7612075802619923747,2026-05-10 16:17:10.149073,7612076333308316454,,@小黑动物园创作的原声,小黑动物园,1602459136951792,小黑动物园,672,,False,,,,,
7612089487077674111,2026-05-10 16:17:14.637465,7612089376629214015,,@儒风体育创作的原声,儒风体育,952591608973531,儒风体育,131,,False,,,,,
7612099056899040689,2026-05-10 16:17:22.240080,7612099181028821803,,@兔仔吃饱饱创作的原声,兔仔吃饱饱,3375915675693436,兔仔吃饱饱,618,,False,,,,,
7611706445305793843,2026-05-10 16:03:48.812773,7611706859493378825,,@张大神美食创作的原声,张大神美食,431426843444839,张大神美食,625,,False,,,,,
7611650376644130959,2026-05-10 16:03:21.490904,7611649904766618368,,@娱乐七里创作的原声,娱乐七里,110073818722,娱乐七里,17,,False,,,,,
7611104313548573998,2026-05-10 15:45:26.496816,7611104743867763498,,@爱上大世界创作的原声,爱上大世界,113999048606432,爱上大世界,884,,False,,,,,
7611364418932296996,2026-05-10 15:51:12.461093,7636990916783377178,,直播间带货榜,暗黑破坏神,2288552739081488,暗黑破坏神,30,,False,,,,,
7611175900909964595,2026-05-10 15:49:19.003122,7611176036486744878,,@温大愚创作的原声,温大愚,100956819227,温大愚,260,,False,,,,,
7611189754108874010,2026-05-10 15:49:29.101179,7611189870543014682,,@飞天闪客创作的原声,飞天闪客,2366576960218568,飞天闪客,439,,False,,,,,
7611196583253740838,2026-05-10 15:49:33.636005,7611196781208029979,,@爱车董女士创作的原声,爱车董女士,4059826443527373,爱车董女士,328,,False,,,,,
7611219903841350265,2026-05-10 15:49:37.275609,7611219789507349298,,@黑麒麟点评创作的原声,黑麒麟点评,3601635052364536,黑麒麟点评,832,,False,,,,,
7611239866415746355,2026-05-10 15:49:44.684191,7611240129860012841,,无畏契约（Valorant）,绿泡泡Reyna,2463365844962301,绿泡泡Reyna,195,,False,,,,,
7611251949962349859,2026-05-10 15:49:56.559991,7611251922389011238,,@香哥说车创作的原声,香哥说车,3378156333174904,香哥说车,79,,False,,,,,
7611256307223399716,2026-05-10 15:50:14.456783,7611257016618715913,,王者荣耀,贞子说游戏,96522556170,贞子说游戏,433,,False,,,,,
7611274869514940259,2026-05-10 15:50:20.742128,7611274025125333800,,@寧蔻·Nail创作的原声,寧蔻·Nail,1561785255855636,寧蔻·Nail,340,,False,,,,,
7611283653557046543,2026-05-10 15:50:32.885208,7611284523740859172,,@七哥档案创作的原声,七哥档案,3648593189143451,七哥档案,592,,False,,,,,
7611351388479638810,2026-05-10 15:50:49.518123,7611351500958436134,,@群耀历史创作的原声,群耀历史,2524076520774503,群耀历史,484,,False,,,,,
7611355686668078336,2026-05-10 15:51:02.055244,7611355840024693542,,@钞能力大王创作的原声,钞能力大王,2701940898409424,钞能力大王,400,,False,,,,,
7611368055809035520,2026-05-10 15:51:18.280027,7611368162071743258,,this is what winter feels like,FashionLog,2913061194972010,FashionLog,310,,False,,,,,
7611633585342952677,2026-05-10 16:03:16.101116,7611633256873691938,,@MaxMara创作的原声,MaxMara,2893523285195984,MaxMara,714,,False,,,,,
7611374663045745963,2026-05-10 15:51:29.898247,7611374811935296298,,Once Upon A Time - House Extended Mix,熬夜看球指北,103624703329,熬夜看球指北,250,,False,,,,,
7611375060230136019,2026-05-10 15:51:44.756365,7611375076017244955,,王者荣耀,鸿泽游戏解说,720934615392448,鸿泽游戏解说,222,,False,,,,,
7611378760356531465,2026-05-10 15:52:03.031599,7611378951784647443,,@谢师（必吃榜ing创作的原声,谢师（必吃榜ing,4435873729611747,谢师（必吃榜ing,423,,False,,,,,
7611379590255505883,2026-05-10 15:52:09.486610,7611379499803904809,,陪你去流浪,止郁,1646405153202688,止郁,62,,False,,,,,
7611379785020869922,2026-05-10 15:52:14.234773,7611379986016095019,,@象棋蒙主创作的原声,象棋蒙主,3923487414566510,象棋蒙主,331,,False,,,,,
7611391285915853162,2026-05-10 15:52:42.270543,7611391249144318747,,恋花,悲伤小菠萝-,295119164297950,悲伤小菠萝-,56,,False,,,,,
7611399395455667490,2026-05-10 15:52:47.684994,7611399987565546246,,@浪花姜创作的原声,浪花姜,3943308129213923,浪花姜,1305,,False,,,,,
7611400390927495514,2026-05-10 15:53:01.209263,7636990916783377178,,直播间带货榜,暗黑破坏神,2288552739081488,暗黑破坏神,30,,False,,,,,
7611404374530690319,2026-05-10 15:53:19.482773,7611404558656817963,,@女神进化论创作的原声,女神进化论,617261197171936,女神进化论,341,,False,,,,,
7628196155113872762,2026-05-11 09:48:14.070016,7628196135454198569,,@是凤姐（嘴替版）创作的原声,是凤姐（嘴替版）,1760763171055863,是凤姐（嘴替版）,379,,False,,,,,
7611418352262614307,2026-05-10 15:53:31.263027,7611418401755384576,,@中国科学家博物馆创作的原声,中国科学家博物馆,2554901019246343,中国科学家博物馆,626,,False,,,,,
7611171896062676259,2026-05-10 15:49:14.156426,7611172244127353651,,@肥格Fager创作的原声,肥格Fager,1160675309921368,肥格Fager,268,,False,,,,,
7611168045582617866,2026-05-10 15:49:09.206415,7611168117913389865,,@明亮讲知识创作的原声,明亮讲知识,1693706121655933,明亮讲知识,26,,False,,,,,
7611165603060226491,2026-05-10 15:49:03.202769,6844791333748542222,,暗里着迷,浅☆﹌♡陌,96569419155,浅☆﹌♡陌,214,,False,,,,,
7611165249701465371,2026-05-10 15:48:44.460652,7611165522480368393,,火影忍者,I秋tv(木叶的秋战况）,882236298373104,I秋tv(木叶的秋战况）,432,,False,,,,,
7628201755314097417,2026-05-11 09:48:50.613131,7628201846896642859,,@田间农人小妞创作的原声,田间农人小妞,4134625138967336,田间农人小妞,379,,False,,,,,
7611112635064952165,2026-05-10 15:45:45.775357,7611112496056896290,,@凡末创作的原声,凡末,7544224382656119867,凡末,36,,False,,,,,
7611114675740118310,2026-05-10 15:45:49.007009,7611114744807803699,,Vois sur ton chemin (Extended Techno Mix),鹅厂动漫课代表,1173915477743069,鹅厂动漫课代表,40,,False,,,,,
7628201207244311843,2026-05-11 09:48:42.820153,7628201429790001971,,想你的365天,回音走廊,7596380870676759589,回音走廊,567,,False,,,,,
7611117303438118194,2026-05-10 15:45:55.652692,7611117533973711662,,@熊出没大剧场创作的原声,熊出没大剧场,1366024524141977,熊出没大剧场,596,,False,,,,,
7611117612667292968,2026-05-10 15:45:58.947013,7611118106227936051,,@40岁不上班创作的原声,40岁不上班,3094468447194938,40岁不上班,813,,False,,,,,
7611117630241410313,2026-05-10 15:46:03.006264,7611119755738532648,,@小渔创作的原声,小渔,62808502645,小渔,2599,,False,,,,,
7611118740822716282,2026-05-10 15:46:10.246250,7611118716805204755,,王者荣耀,言老师(私教火舞教学),1654086394984960,言老师(私教火舞教学),97,,False,,,,,
7628200995012562210,2026-05-11 09:48:37.424265,7628201245131426610,,@自然笔记创作的原声,自然笔记,4501875226838393,自然笔记,398,,False,,,,,
7628200739264843050,2026-05-11 09:48:30.200397,7628200934392744755,,@足球行者创作的原声,足球行者,109697713572,足球行者,433,,False,,,,,
7611129313949125903,2026-05-10 15:46:50.880113,7611129770655157043,,@棕熊Brown Bear创作的原声,棕熊Brown Bear,3769598199480023,棕熊Brown Bear,764,,False,,,,,
7611129536964562214,2026-05-10 15:46:59.076789,7611129628117043977,,@小鱼海棠创作的原声,小鱼海棠,141157587754440,小鱼海棠,441,,False,,,,,
7611135398470864168,2026-05-10 15:47:06.884876,7611135622010522377,,@无尘游戏解说创作的原声,无尘游戏解说,1097781186667780,无尘游戏解说,243,,False,,,,,
7611135958389427507,2026-05-10 15:47:11.742163,7611136074647161609,,@泡面观创作的原声,泡面观,2261053784470819,泡面观,274,,False,,,,,
7611135969429404095,2026-05-10 15:47:21.465053,7611139328271141651,,@波哥动物园创作的原声,波哥动物园,97883518626,波哥动物园,184,,False,,,,,
7611136456778643562,2026-05-10 15:47:26.501692,7611136756141787955,,蛋仔派对,一一得一,2922952789596927,一一得一,527,,False,,,,,
7611136492157194225,2026-05-10 15:47:32.338529,7611136444022672143,,One Of Those Days,YunaRoom,1689285915581096,YunaRoom,187,,False,,,,,
7611141230974879482,2026-05-10 15:47:47.616842,7529812300132253715,,@刘瓦星格创作的原声,刘瓦星格,3043072493496824,刘瓦星格,134,,False,,,,,
7611141804808834330,2026-05-10 15:47:57.040626,7611141837889243947,,@喵贵妃说影视创作的原声,喵贵妃说影视,53904267741,喵贵妃说影视,95,,False,,,,,
7611149861840325914,2026-05-10 15:48:06.279011,7611150120075479849,,@大方说创作的原声,大方说,7452285499215856697,大方说,477,,False,,,,,
7628199242552593698,2026-05-11 09:48:24.377112,7628199359745772339,,@星辰物语创作的原声,星辰物语,7583726109259760677,星辰物语,404,,False,,,,,
7611160582393187594,2026-05-10 15:48:20.411973,7130635844611735556,,Manasha,真香动漫解说,2946317122273679,真香动漫解说,185,,False,,,,,
7611163927775696714,2026-05-10 15:48:30.369211,7253134072111693885,,@okkkkk（成长中）创作的原声,okkkkk（成长中）,106607961443,okkkkk（成长中）,576,,False,,,,,
7628191681187286315,2026-05-11 09:48:03.422311,7628191714599078707,,@拾影纪创作的原声,拾影纪,2226926965762320,拾影纪,607,,False,,,,,
7611425916975189290,2026-05-10 15:53:46.105481,7611425996532763419,,@星野说漫创作的原声,星野说漫,2689836056864522,星野说漫,36,,False,,,,,
7611428236974755118,2026-05-10 15:54:00.596133,7611428282638093119,,@追寻自由的胡81创作的原声,追寻自由的胡81,957036205183050,追寻自由的胡81,149,,False,,,,,
7611487515303873802,2026-05-10 15:58:08.421653,7611487874353007387,,豪车进行曲,Turbo Core,1294558485580346,Turbo Core,522,,False,,,,,
7611501068048280674,2026-05-10 15:58:36.736070,7611501025869990675,,@拳球最强音创作的原声,拳球最强音,4156580247109983,拳球最强音,385,,False,,,,,
7611502169715627963,2026-05-10 15:58:40.803078,7611502173158902538,,@川渝导游瓶瓶创作的原声,川渝导游瓶瓶,82730645979,川渝导游瓶瓶,193,,False,,,,,
7611504602529402152,2026-05-10 15:58:50.876770,7611504986102434606,,PASSO FUNK,真香动漫解说,2946317122273679,真香动漫解说,163,,False,,,,,
7611509558498165874,2026-05-10 15:59:11.702379,7611509577070152499,,@好运泡泡创作的原声,好运泡泡,1563983125683648,好运泡泡,194,,False,,,,,
7611510845563604234,2026-05-10 15:59:18.502444,7611511150322092838,,三角洲行动,乔木萧.(三角洲),1994984865932400,乔木萧.(三角洲),204,,False,,,,,
7611512408795827506,2026-05-10 15:59:30.338905,7611512837701339955,,@荒野影视创作的原声,荒野影视,97119340507,荒野影视,546,,False,,,,,
7611513486182452531,2026-05-10 15:59:42.790661,7611513795063909146,,500 Winters,爱说唱的迪伦,3171440204979019,爱说唱的迪伦,284,,False,,,,,
7611526108927823138,2026-05-10 15:59:59.000272,7611526561719667506,,@顽石影视创作的原声,顽石影视,2261019870899998,顽石影视,540,,False,,,,,
7611537488699542835,2026-05-10 16:00:12.064390,7611537894318017322,,@Hwaiting思咪哒创作的原声,Hwaiting思咪哒,1769541872916329,Hwaiting思咪哒,290,,False,,,,,
7611542753037569286,2026-05-10 16:00:25.226712,7611543095905110826,,@十八漫谈创作的原声,十八漫谈,740412076601623,十八漫谈,202,,False,,,,,
7611544070904696083,2026-05-10 16:00:38.055711,7611544754920327987,,@胖哥扯淡创作的原声,胖哥扯淡,747303040715016,胖哥扯淡,692,,False,,,,,
7611549391657663397,2026-05-10 16:00:54.385407,7611549359490042633,,@CK影视解说创作的原声,CK影视解说,62882682548,CK影视解说,667,,False,,,,,
7611552308753470363,2026-05-10 16:01:19.683858,7611552339838192435,,@小果说剧创作的原声,小果说剧,4066440398245086,小果说剧,832,,False,,,,,
7611555514266193206,2026-05-10 16:01:28.563434,7611556102303517490,,春节序曲,达达杀猪菜儿,3598053355568158,达达杀猪菜儿,1505,,False,,,,,
7628177093649812774,2026-05-11 09:47:24.717205,7628177184453626633,,@车圈趣闻创作的原声,车圈趣闻,2988898690007370,车圈趣闻,274,,False,,,,,
7609330192552660264,2026-05-10 15:13:48.941408,7609331211230710555,,@虫虫趣味菌创作的原声,虫虫趣味菌,7479723286563259449,虫虫趣味菌,545,,False,,,,,
7611577920171117833,2026-05-10 16:02:08.567258,7232220500691324220,,@牧濑动漫创作的原声,牧濑动漫,2395163163371955,牧濑动漫,360,,False,,,,,
7611597731531137257,2026-05-10 16:02:30.009885,7611597535735532298,,@油腻的尸姐创作的原声,油腻的尸姐,2410557382343160,油腻的尸姐,475,,False,,,,,
7611598921588100362,2026-05-10 16:02:42.410230,7611598911890819891,,NO BATIDÃO (Phonk),碧月狐,101562500555,碧月狐,60,,False,,,,,
7628175675219823907,2026-05-11 09:47:16.626679,7628175830249655066,,@御史来了创作的原声,御史来了,7601012430387037221,御史来了,405,,False,,,,,
7611619296996756782,2026-05-10 16:02:52.199944,7611620002453523219,,@star（三角洲行动）创作的原声,star（三角洲行动）,1097771712005619,star（三角洲行动）,539,,False,,,,,
7611619977572928778,2026-05-10 16:02:56.461200,7611620421863049993,,@阿甘探AI创作的原声,阿甘探AI,88685159413,阿甘探AI,30,,False,,,,,
7611622646463089960,2026-05-10 16:03:09.472335,7611623977609464630,,@低保户小黄创作的原声,低保户小黄,74497205340,低保户小黄,566,,False,,,,,
7611492012851760399,2026-05-10 15:58:22.574095,7611492261775411977,,@大隆说剧创作的原声,大隆说剧,4355593576127866,大隆说剧,178,,False,,,,,
7611487286815824313,2026-05-10 15:57:57.078600,7611487267034549028,,@阿泽寻味记创作的原声,阿泽寻味记,526022735308073,阿泽寻味记,114,,False,,,,,
7611428401068428544,2026-05-10 15:54:09.412649,7611428635417103150,,@蜡笔小宣创作的原声,蜡笔小宣,7533842957393724476,蜡笔小宣,220,,False,,,,,
7611487269387603252,2026-05-10 15:57:36.101361,7596946492665888811,,PASSO FUNK,真香动漫解说,2946317122273679,真香动漫解说,165,,False,,,,,
7611441307865447153,2026-05-10 15:54:30.807400,7611441286754716454,,和平精英,地铁逃生枪响,1515575583183595,地铁逃生枪响,121,,False,,,,,
7611442496220024083,2026-05-10 15:54:37.761735,7611442672913402670,,@江湖老饕创作的原声,江湖老饕,2657967125823820,江湖老饕,548,,False,,,,,
7628185859350744366,2026-05-11 09:47:46.148307,7375456002486829066,,@有意思的动物园创作的原声,有意思的动物园,7498622142084531260,有意思的动物园,255,,False,,,,,
7611447797790838068,2026-05-10 15:54:50.460385,7611447949486263090,,@阿疯快跑创作的原声,阿疯快跑,2642873825888648,阿疯快跑,189,,False,,,,,
7628181442358989425,2026-05-11 09:47:39.654125,7628181421634456374,,有何不可,堡堡,2575489826041248,堡堡,145,,False,,,,,
7611451108774382884,2026-05-10 15:54:57.989430,7611451339583474486,,和平精英,虎剪辑,96432371852,虎剪辑,529,,False,,,,,
7611453126025331178,2026-05-10 15:55:05.691183,7611453270665579270,,@艺人化妆师丹帝创作的原声,艺人化妆师丹帝,88304888593,艺人化妆师丹帝,567,,False,,,,,
7611453694109912329,2026-05-10 15:55:08.530473,7611453936716778286,,@时代面孔创作的原声,时代面孔,2649179053103900,时代面孔,463,,False,,,,,
7611459412167331914,2026-05-10 15:55:20.121827,7611459481276566308,,暗区突围,无敌（暗区突围）,311917525085575,无敌（暗区突围）,303,,False,,,,,
7628177288084852002,2026-05-11 09:47:33.258936,7628177404648770355,,Touch,叁日记,99762214022,叁日记,289,,False,,,,,
7611467108735569186,2026-05-10 15:55:29.810004,7611467215451638571,,赤伶DJ,果子指南,7526028403113133116,果子指南,278,,False,,,,,
7611470569116110086,2026-05-10 15:55:38.242929,7611471374665698058,,@一块游戏创作的原声,一块游戏,3980667589755031,一块游戏,1589,,False,,,,,
7611470931826937124,2026-05-10 15:55:45.449085,7611471168332696371,,@非帆Jeff创作的原声,非帆Jeff,62999786637,非帆Jeff,180,,False,,,,,
7611474692729228595,2026-05-10 15:55:52.419942,7611474740443663150,,@三维地图研究社创作的原声,三维地图研究社,935014184267035,三维地图研究社,269,,False,,,,,
7611475532743527722,2026-05-10 15:56:06.259865,7611475729582246707,,Differences,X菌影视,95560358073,X菌影视,483,,False,,,,,
7611475745198667249,2026-05-10 15:56:12.481779,7611475702417296154,,@苏三说史创作的原声,苏三说史,4358936058936695,苏三说史,431,,False,,,,,
7611478274371308840,2026-05-10 15:56:18.818083,7611478457521572662,,@味道记忆馆创作的原声,味道记忆馆,7580000648511423537,味道记忆馆,286,,False,,,,,
7611478554081037578,2026-05-10 15:56:26.655246,7611478774273624886,,@小Lin说创作的原声,小Lin说,2541723557048944,小Lin说,374,,False,,,,,
7611478635916214523,2026-05-10 15:56:32.392341,7611478608368126761,,你不知道的事,拾音客栈,97739754904,拾音客栈,614,,False,,,,,
7611481198795164979,2026-05-10 15:56:39.439466,7611481429351926554,,ANGETENARAK(硬核版),小然说,87009338444,小然说,540,,False,,,,,
7611481273887006379,2026-05-10 15:56:57.359173,7611481264507423507,,@乱乱_runrun创作的原声,乱乱_runrun,3342167527400968,乱乱_runrun,665,,False,,,,,
7611482675374822534,2026-05-10 15:57:08.351192,7611482658685651762,,@女足马德李创作的原声,女足马德李,71160232152,女足马德李,12,,False,,,,,
7611486783305501988,2026-05-10 15:57:20.266010,7473031895832330255,,@小阮叨叨叨创作的原声,小阮叨叨叨,2419388778028848,小阮叨叨叨,216,,False,,,,,
7612236277252885800,2026-05-10 16:22:59.736005,7612237023335762697,,@豌豆看世界创作的原声,豌豆看世界,1643108878518265,豌豆看世界,1766,,False,,,,,
7612236949407839487,2026-05-10 16:23:03.092298,7612236917107133225,,@扒瞎科普创作的原声,扒瞎科普,14076529399,扒瞎科普,122,,False,,,,,
7612239052623858998,2026-05-10 16:23:18.923162,7612239086199311150,,@超燃解说创作的原声,超燃解说,429240610994330,超燃解说,166,,False,,,,,
7613369190716287924,2026-05-10 16:56:09.120190,7613369170352163611,,@圆圆追剧创作的原声,圆圆追剧,1487011381268671,圆圆追剧,550,,False,,,,,
7613328368804735642,2026-05-10 16:52:44.042532,7613328315922811689,,@咕噜小咪创作的原声,咕噜小咪,1751962720941719,咕噜小咪,26,,False,,,,,
7613333833450048795,2026-05-10 16:53:02.094343,7613334036991347510,,无忧无虑 (宝宝音乐),猪小七饿了吗,565577946259856,猪小七饿了吗,390,,False,,,,,
7613338197011041579,2026-05-10 16:53:48.329897,7613338427450329906,,@吉吉科普创作的原声,吉吉科普,3151681240964167,吉吉科普,279,,False,,,,,
7613339245290662905,2026-05-10 16:53:56.452163,7613339129383848744,,@汪澜的妹妹创作的原声,汪澜的妹妹,101377387663,汪澜的妹妹,168,,False,,,,,
7613340269110512905,2026-05-10 16:54:04.300446,7613340783749172011,,Abomination,大劉追剧,4125812362064604,大劉追剧,1981,,False,,,,,
7613343694774619435,2026-05-10 16:54:20.343873,7613547000226728742,,@幸运牛古力创作的原声,幸运牛古力,3575257021815544,幸运牛古力,599,,False,,,,,
7613352886965226788,2026-05-10 16:54:35.087352,7613353127382895396,,@中国风味创作的原声,中国风味,7547261929199305788,中国风味,107,,False,,,,,
7613360339819711778,2026-05-10 16:54:42.359468,7613360550180817714,,@Game Player游戏王创作的原声,Game Player游戏王,4352346076759194,Game Player游戏王,183,,False,,,,,
7613361902172818726,2026-05-10 16:55:14.993037,7613362356449610539,,@阿辛动漫创作的原声,阿辛动漫,215958943183816,阿辛动漫,746,,False,,,,,
7613364847179280059,2026-05-10 16:55:33.422864,7613364758158379785,,GalGame进行曲 (DJ旋律),鱼板面,552435821321964,鱼板面,228,,False,,,,,
7613366073361960233,2026-05-10 16:55:52.414326,7613366386361993993,,PASSO FUNK,真香动漫解说,2946317122273679,真香动漫解说,186,,False,,,,,
7613373429194927994,2026-05-10 16:56:15.698634,7613373417017953065,,哼着你爱听的歌DJ空灵鼓（Emo·的凯 Remix）,柳州Dj阿好（空灵鼓）,2527114190137771,柳州Dj阿好（空灵鼓）,352,,False,,,,,
7612239187420926811,2026-05-10 16:23:21.983809,7612239172195175187,,@辉仔爱宠创作的原声,辉仔爱宠,980409290590396,辉仔爱宠,285,,False,,,,,
7613377176020192564,2026-05-10 16:56:20.861225,7613377341290367771,,@风月皆温柔创作的原声,风月皆温柔,596365853601196,风月皆温柔,209,,False,,,,,
7613384543048869861,2026-05-10 16:56:33.788312,7474263405235273728,,王者荣耀,游苏（射手教学）,3434526084434292,游苏（射手教学）,582,,False,,,,,
7613385002558016820,2026-05-10 16:56:47.779873,7613385280380554010,,抚心曲,动漫老妖,3428696931969116,动漫老妖,363,,False,,,,,
7613388714530006117,2026-05-10 16:56:59.968582,7613388629697252136,,@酒窝皮皮pipi（本人唯一号）创作的原声,酒窝皮皮pipi（本人唯一号）,71904919035179,酒窝皮皮pipi（本人唯一号）,316,,False,,,,,
7613389163563355427,2026-05-10 16:57:09.575502,7613389409966181147,,@二狗脱口秀创作的原声,二狗脱口秀,1751969567606505,二狗脱口秀,897,,False,,,,,
7613396176133459219,2026-05-10 16:57:14.821871,7613396801588153142,,@恐不说创作的原声,恐不说,1097753690124362,恐不说,730,,False,,,,,
7613403060114623754,2026-05-10 16:57:26.488289,7613403413241498387,,思归,炎生讲电影,796487866387422,炎生讲电影,769,,False,,,,,
7613411694357843250,2026-05-10 16:57:57.978935,7613412030686874418,,@一鉴创作的原声,一鉴,2377599444589335,一鉴,440,,False,,,,,
7613417365312752946,2026-05-10 16:58:05.547476,7613417544279542555,,@二狗脱口秀创作的原声,二狗脱口秀,2772309332733721,二狗脱口秀,707,,False,,,,,
7613419324124993521,2026-05-10 16:58:11.497128,7613419319866690350,,@山歌回响纪实创作的原声,山歌回响纪实,95837843046,山歌回响纪实,409,,False,,,,,
7613426323059851258,2026-05-10 16:58:22.826773,7613426077939190569,,@狼叔评论创作的原声,狼叔评论,2510936192612584,狼叔评论,123,,False,,,,,
7613326499315338511,2026-05-10 16:52:24.673784,7613326695050890038,,@神话研究社创作的原声,神话研究社,2622794709598908,神话研究社,308,,False,,,,,
7613324139592705460,2026-05-10 16:52:11.557630,7613324206725434148,,@经典老歌汇【车载优盘】创作的原声,经典老歌汇【车载优盘】,101387968742,经典老歌汇【车载优盘】,857,,False,,,,,
7613323668768279842,2026-05-10 16:51:56.533542,7613323953603382059,,@影子剪影创作的原声,影子剪影,295091404538055,影子剪影,606,,False,,,,,
7613317038823492898,2026-05-10 16:51:44.090267,7613317561450564388,,@白小生创作的原声,白小生,4451286297871779,白小生,1304,,False,,,,,
7613041047366902385,2026-05-10 16:45:50.514391,7613040943704328960,,Amani,唔该叫我Ken哥哥,99504718920,唔该叫我Ken哥哥,41,,False,,,,,
7613049296664988982,2026-05-10 16:46:10.593285,7613049976767236915,,@囧叔看世界创作的原声,囧叔看世界,109461511044,囧叔看世界,532,,False,,,,,
7613072252204092712,2026-05-10 16:46:22.599946,7584996367274082331,,艾尔登法环,🌙晚安西西🌙,1921571153260936,🌙晚安西西🌙,2270,,False,,,,,
7613072307984026920,2026-05-10 16:46:37.902727,7613072179961268998,,我们的时光,小胡特费电,1849791771050423,小胡特费电,318,,False,,,,,
7613093633193826122,2026-05-10 16:46:48.513277,7613093604575202102,,第五人格,乔宝,2453752851989512,乔宝,184,,False,,,,,
7613095936357533285,2026-05-10 16:47:03.284080,7613095743750310656,,@花美男创作的原声,花美男,93364873638,花美男,912,,False,,,,,
7613178948167841723,2026-05-10 16:47:30.096768,7613178924889426714,,@风的记忆创作的原声,风的记忆,7503184601084593209,风的记忆,202,,False,,,,,
7613217634632355108,2026-05-10 16:47:42.526939,7613217868867586825,,我的世界,蛋糕y,66124988285,蛋糕y,295,,False,,,,,
7613228794925250673,2026-05-10 16:47:58.752349,7344622966174384182,,@奋斗影视创作的原声,奋斗影视,73615385038,奋斗影视,533,,False,,,,,
7628116114135896933,2026-05-11 09:45:03.144475,7628116091805387539,,@汽车透视眼创作的原声,汽车透视眼,3810230043150649,汽车透视眼,508,,False,,,,,
7613241387769242707,2026-05-10 16:48:25.432656,7613241394580556582,,PASSO BEM SOLTO,戏精少女-小胡,77475579232,戏精少女-小胡,295,,False,,,,,
7613257843147427108,2026-05-10 16:48:45.974607,7613258237428976394,,@蛋白游戏直播创作的原声,蛋白游戏直播,64873084846,蛋白游戏直播,468,,False,,,,,
7613262133333069062,2026-05-10 16:48:57.834146,7613263476546423588,,@超时空采访创作的原声,超时空采访,1494927858216381,超时空采访,280,,False,,,,,
7613280879732903209,2026-05-10 16:49:08.642943,7613280956782463790,,@漫剪放映厅创作的原声,漫剪放映厅,3273669641258107,漫剪放映厅,121,,False,,,,,
7613288685424971044,2026-05-10 16:49:24.154617,7613289189701847827,,@小夏探影创作的原声,小夏探影,1700294832958220,小夏探影,1367,,False,,,,,
7613289589989494050,2026-05-10 16:49:43.448772,7613289675721050889,,@彬彬动物园创作的原声,彬彬动物园,3125288444630636,彬彬动物园,181,,False,,,,,
7613289738125066213,2026-05-10 16:49:55.384737,7613289734202329866,,@嘉印体育创作的原声,嘉印体育,4441667777335374,嘉印体育,496,,False,,,,,
7613291847267486991,2026-05-10 16:50:23.065692,7613292255474273074,,@野文不懂吃创作的原声,野文不懂吃,644766069163562,野文不懂吃,1069,,False,,,,,
7613301596521662144,2026-05-10 16:50:42.415936,7613301711674919743,,@奔跑蓬蓬创作的原声,奔跑蓬蓬,2056541062053321,奔跑蓬蓬,203,,False,,,,,
7613304040777485994,2026-05-10 16:50:52.379739,7613303993334696714,,鸣潮,冰块-ovo,2947118738977662,冰块-ovo,154,,False,,,,,
7613306138980912425,2026-05-10 16:51:06.478571,7613306248871545646,,@网易时尚创作的原声,网易时尚,105383866460,网易时尚,21,,False,,,,,
7613309894485183798,2026-05-10 16:51:12.831934,7613310081324665651,,@吃货走天下美食记创作的原声,吃货走天下美食记,317121553250164,吃货走天下美食记,114,,False,,,,,
7613311390091602033,2026-05-10 16:51:27.136065,7613311453352708905,,想要说声爱你确被风吹,北岸,1400093890052379,北岸,2676,,False,,,,,
7613428815792033060,2026-05-10 16:58:33.781469,7613428968699497270,,面會菜,好奇盒子,3463924205225370,好奇盒子,563,,False,,,,,
7613433901058379054,2026-05-10 16:58:48.104859,7613434233868045119,,@极速小明创作的原声,极速小明,100256194195,极速小明,657,,False,,,,,
7613434211776695579,2026-05-10 16:59:03.406245,7613434605428853542,,@秋晨同学创作的原声,秋晨同学,84896631128,秋晨同学,549,,False,,,,,
7613700706788216105,2026-05-10 17:04:55.946213,7613700824898882323,,@漫剪放映厅创作的原声,漫剪放映厅,3273669641258107,漫剪放映厅,126,,False,,,,,
7613709170026620315,2026-05-10 17:05:26.783008,7613709135422540587,,@大涛青娱乐创作的原声,大涛青娱乐,7561280726274065468,大涛青娱乐,311,,False,,,,,
7613709455758281984,2026-05-10 17:05:37.353902,7613709555482037038,,@河南民生频道香香美食创作的原声,河南民生频道香香美食,106831234994,河南民生频道香香美食,229,,False,,,,,
7613713509607673139,2026-05-10 17:05:41.019638,7613713547888986899,,@星河^创作的原声,星河^,101093747198,星河^,21,,False,,,,,
7613714416614780879,2026-05-10 17:05:57.554295,7613714376792525614,,@辣辣小粽子创作的原声,辣辣小粽子,60416860303,辣辣小粽子,280,,False,,,,,
7613715967910137131,2026-05-10 17:06:04.076951,7613716652156717866,,@YYP颜宇鹏创作的原声,YYP颜宇鹏,58784361722,YYP颜宇鹏,1022,,False,,,,,
7613717618029343210,2026-05-10 17:06:09.892618,7613717595170147081,,@磊磊幺八零（摆摊创业）创作的原声,磊磊幺八零（摆摊创业）,65246926473,磊磊幺八零（摆摊创业）,19,,False,,,,,
7613718961179413798,2026-05-10 17:06:22.028783,7613719260170324745,,@精彩开心一笑创作的原声,精彩开心一笑,3244024691695107,精彩开心一笑,749,,False,,,,,
7613723589392926321,2026-05-10 17:06:26.830215,7613723540776635162,,The truth that you leave,会弹琴的小安,93182087829,会弹琴的小安,63,,False,,,,,
7613728410774326591,2026-05-10 17:06:56.106359,7613728850098260778,,谁明浪子心,CodeFamer,110915399108,CodeFamer,297,,False,,,,,
7613732640450116017,2026-05-10 17:07:12.426179,7613732445461908266,,莫愁乡（纯享版）,快乐酥酥,1350659734508728,快乐酥酥,471,,False,,,,,
7613740753449159972,2026-05-10 17:07:25.912380,7613741050754042667,,@大名卷卷创作的原声,大名卷卷,2982333317384108,大名卷卷,102,,False,,,,,
7613745177118788914,2026-05-10 17:07:31.025077,7613745370706823974,,苦尽甘来,宇美北,7325484652,宇美北,486,,False,,,,,
7613749414859001126,2026-05-10 17:07:45.743328,7613749869060328228,,@朱匀天Z创作的原声,朱匀天Z,60128403278,朱匀天Z,765,,False,,,,,
7613751704332410787,2026-05-10 17:07:53.479561,7613751737014291246,,@quatoa🏓创作的原声,quatoa🏓,3448519078973139,quatoa🏓,33,,False,,,,,
7613756942112001343,2026-05-10 17:08:04.084422,7613757235927337782,,@辛巴纪实创作的原声,辛巴纪实,2247841887035244,辛巴纪实,266,,False,,,,,
7613758200718963569,2026-05-10 17:08:09.968698,7214833397896577079,,@阿晴快快瘦吧创作的原声,阿晴快快瘦吧,374254009589920,阿晴快快瘦吧,586,,False,,,,,
7613761664257468581,2026-05-10 17:08:21.512220,7613761597147728681,,@饺子WTF创作的原声,饺子WTF,2518346399230276,饺子WTF,258,,False,,,,,
7628111906008945401,2026-05-11 09:44:58.290516,7628111907102214939,,茶花开了,沙丁鱼麻麻,106892273885,沙丁鱼麻麻,270,,False,,,,,
7613769378231766313,2026-05-10 17:08:30.590313,7613769782269070116,,@老毛探秘馆创作的原声,老毛探秘馆,68713862290,老毛探秘馆,624,,False,,,,,
7613770689686517419,2026-05-10 17:08:50.036723,7613770573763660563,,压制力量（DJ版）,祈,599688903929132,祈,19,,False,,,,,
7613775151640972578,2026-05-10 17:09:06.195422,7613775410032904986,,@野文不懂吃创作的原声,野文不懂吃,644766069163562,野文不懂吃,524,,False,,,,,
7613789091473181998,2026-05-10 17:09:29.801588,7613789345241221915,,@新学家动漫创作的原声,新学家动漫,2464450094050264,新学家动漫,953,,False,,,,,
7613792946936089883,2026-05-10 17:09:45.597567,7613793076670155556,,@篮球有点冷创作的原声,篮球有点冷,2783591018279676,篮球有点冷,800,,False,,,,,
7613706176236211508,2026-05-10 17:05:11.401412,7613706351488371483,,@黄阳的学习分享创作的原声,黄阳的学习分享,105451453035,黄阳的学习分享,414,,False,,,,,
7613693836031839515,2026-05-10 17:04:41.111767,7613693980391377727,,@游戏板砖创作的原声,游戏板砖,93093957727,游戏板砖,502,,False,,,,,
7613446410448538895,2026-05-10 16:59:16.173610,7613446756197550899,,孤寂绝尘（高能版）,擎欲,81802811412180,擎欲,207,,False,,,,,
7613691201518723323,2026-05-10 17:04:11.345122,7613691089284746024,,@阿泽寻味记创作的原声,阿泽寻味记,526022735308073,阿泽寻味记,122,,False,,,,,
7613565432712138010,2026-05-10 16:59:36.146621,7613434675469634304,,Closer Remix,SaltFish,71297243911,SaltFish,2625,,False,,,,,
7613582834342661402,2026-05-10 16:59:43.505461,7613582877887892260,,@PopRock星球创作的原声,PopRock星球,3563973068992779,PopRock星球,339,,False,,,,,
7613604312694975409,2026-05-10 16:59:50.682496,7613604230477138734,,@大轩与老倪创作的原声,大轩与老倪,4503665590165719,大轩与老倪,507,,False,,,,,
7613607046734171392,2026-05-10 17:00:07.174790,7613607351387523878,,@龟速船长𝙂𝙞𝙪𝙡𝙮𝙣𝙚创作的原声,龟速船长𝙂𝙞𝙪𝙡𝙮𝙣𝙚,94969648759,龟速船长𝙂𝙞𝙪𝙡𝙮𝙣𝙚,924,,False,,,,,
7613609716236808945,2026-05-10 17:00:22.157650,7613609601329810216,,@麦麦曲奇饼创作的原声,麦麦曲奇饼,70764555898,麦麦曲奇饼,18,,False,,,,,
7613611183049326697,2026-05-10 17:00:37.970545,7613611311888419610,,@邪恶仓鼠博士创作的原声,邪恶仓鼠博士,70522975168,邪恶仓鼠博士,1192,,False,,,,,
7613619664610486986,2026-05-10 17:00:53.462130,7613619904771951414,,@奇迹小季创作的原声,奇迹小季,1667315320238407,奇迹小季,1269,,False,,,,,
7613635513626430758,2026-05-10 17:01:07.401449,7613635590994578226,,@篮坛微视角创作的原声,篮坛微视角,4476808726326280,篮坛微视角,444,,False,,,,,
7613645606951693050,2026-05-10 17:01:23.229012,7613646063833582374,,@传说中的蕙蕙创作的原声,传说中的蕙蕙,2852562902715588,传说中的蕙蕙,1207,,False,,,,,
7613649081210047787,2026-05-10 17:01:41.115346,7614009225001306943,,@帅soserious创作的原声,帅soserious,104981594259,帅soserious,713,,False,,,,,
7613659540273253686,2026-05-10 17:01:56.280684,7613660052397804324,,@杰诺探美食(收学徒)创作的原声,杰诺探美食(收学徒),3883910597462056,杰诺探美食(收学徒),802,,False,,,,,
7613660044462198042,2026-05-10 17:02:10.471472,7613660114536581934,,@小郎说剧创作的原声,小郎说剧,108227755312,小郎说剧,606,,False,,,,,
7613662754183843135,2026-05-10 17:02:17.138008,7613663193507842843,,@徐珞森创作的原声,徐珞森,64122965864,徐珞森,940,,False,,,,,
7613670968409705762,2026-05-10 17:02:21.763485,7613671008171461426,,@开闸史话创作的原声,开闸史话,4089832580330819,开闸史话,368,,False,,,,,
7613672906510514146,2026-05-10 17:02:27.978458,7613672932044213001,,安妮,峰源萨克斯,66889639626,峰源萨克斯,257,,False,,,,,
7613675231894359332,2026-05-10 17:02:33.135656,7613675606883765002,,@奶糕成精档案社创作的原声,奶糕成精档案社,99994111762,奶糕成精档案社,351,,False,,,,,
7613676327157140782,2026-05-10 17:02:48.320123,7613676491288660786,,@小紧张的虫虫创作的原声,小紧张的虫虫,99640342155,小紧张的虫虫,671,,False,,,,,
7613677438328900864,2026-05-10 17:03:00.244559,7613677698330200873,,@二狗脱口秀创作的原声,二狗脱口秀,3415537303685696,二狗脱口秀,890,,False,,,,,
7613682107390397738,2026-05-10 17:03:14.232667,7613682534811061001,,@牛油果爱剪辑创作的原声,牛油果爱剪辑,3353931567349453,牛油果爱剪辑,899,,False,,,,,
7613683117638831406,2026-05-10 17:03:31.362451,7588492374980952104,,无畏契约（Valorant）,夜露王乃酱（无畏契约）,1969978403984776,夜露王乃酱（无畏契约）,232,,False,,,,,
7613683628375133455,2026-05-10 17:03:43.694319,7613684030927670043,,@吃货老外铁蛋儿创作的原声,吃货老外铁蛋儿,104571122388,吃货老外铁蛋儿,551,,False,,,,,
7613684051295889594,2026-05-10 17:03:50.174744,7613684050762500900,,@麦总去哪吃创作的原声,麦总去哪吃,80374668589,麦总去哪吃,428,,False,,,,,
7613687046195907867,2026-05-10 17:03:57.427455,7613687172234890011,,@大学鸡玩车日记创作的原声,大学鸡玩车日记,460048536444059,大学鸡玩车日记,441,,False,,,,,
7613011870978460964,2026-05-10 16:45:39.586702,7613012663479618313,,I Was Born To Love You - 2011 Remaster,汽帜WagenFlag,96814837527,汽帜WagenFlag,967,,False,,,,,
7613011148052584177,2026-05-10 16:45:32.042954,7613011312507046671,,@夏麦芽创作的原声,夏麦芽,2675551213458954,夏麦芽,800,,False,,,,,
7613008272827786609,2026-05-10 16:45:12.912418,7613008239164230400,,@搭搭【13号白月光美白节】创作的原声,搭搭【13号白月光美白节】,70967813427,搭搭【13号白月光美白节】,254,,False,,,,,
7612525988865396008,2026-05-10 16:29:01.574747,7612526265408572214,,@十六MC创作的原声,十六MC,96355835097,十六MC,185,,False,,,,,
7612535284588219690,2026-05-10 16:29:16.360732,7612535501899238182,,@孙十宁（开收藏版创作的原声,孙十宁（开收藏版,3510073204942734,孙十宁（开收藏版,163,,False,,,,,
7612545906423909673,2026-05-10 16:29:31.704140,7612546997781875475,,Champaign（Deep）,eom放映机,7472008501699806268,eom放映机,1289,,False,,,,,
7612548411451133184,2026-05-10 16:29:44.570043,7636716621804948250,,直播间带货榜,光羽的平行世界,2148905177852519,光羽的平行世界,861,,False,,,,,
7612567989518437682,2026-05-10 16:30:04.553223,7612568437163903753,,@猫说恐怖创作的原声,猫说恐怖,7546178060057379897,猫说恐怖,803,,False,,,,,
7612576899893818725,2026-05-10 16:30:19.163673,7612576878561741574,,@豪门足球创作的原声,豪门足球,3501313906705687,豪门足球,463,,False,,,,,
7612579412323625137,2026-05-10 16:30:28.872682,7612579385289181993,,大天蓬,DJ小金,7488269273815761980,DJ小金,89,,False,,,,,
7612579707732799409,2026-05-10 16:30:35.474146,7612579589381966592,,王者荣耀,木瑞孙策冲鸭,2630512660721741,木瑞孙策冲鸭,244,,False,,,,,
7612586895486307590,2026-05-10 16:30:51.040150,7612586878516169535,,@小南碎碎念创作的原声,小南碎碎念,2728337724421076,小南碎碎念,215,,False,,,,,
7612591013139336511,2026-05-10 16:30:58.579117,7612591334201379594,,@胖小咩创作的原声,胖小咩,1157140591161565,胖小咩,1027,,False,,,,,
7612597907409227027,2026-05-10 16:31:14.537096,7612597962409069354,,@思博说剧创作的原声,思博说剧,2130223776145264,思博说剧,192,,False,,,,,
7612598544645606682,2026-05-10 16:31:28.445057,7612598705388030766,,@帧会拉创作的原声,帧会拉,881138688880298,帧会拉,371,,False,,,,,
7628146241486015771,2026-05-11 09:46:00.697220,7628146309874846483,,@与动植物同行创作的原声,与动植物同行,1799219513923486,与动植物同行,198,,False,,,,,
7612603669309290067,2026-05-10 16:31:36.936516,7612603665370729262,,@燕燕家常菜创作的原声,燕燕家常菜,101875876217,燕燕家常菜,198,,False,,,,,
7612605157188046106,2026-05-10 16:31:47.614227,7612605314629733156,,@军shi说创作的原声,军shi说,188708457559943,军shi说,426,,False,,,,,
7612606605419294641,2026-05-10 16:31:58.845634,7612606561516620571,,Amani,乐在现场,62895067493,乐在现场,17,,False,,,,,
7612608201598471467,2026-05-10 16:32:11.170779,7612608266224290579,,@胖虎说科普创作的原声,胖虎说科普,4222583297023315,胖虎说科普,156,,False,,,,,
7612609605957621622,2026-05-10 16:32:22.279941,7612609588050889535,,@砂糖橘猫创作的原声,砂糖橘猫,2754705933744464,砂糖橘猫,48,,False,,,,,
7612610621074450633,2026-05-10 16:32:40.379211,7612610580482181951,,@依娜妈创作的原声,依娜妈,1385804106571087,依娜妈,183,,False,,,,,
7612610739353701674,2026-05-10 16:32:47.794668,7612611117545835310,,@禾先生创作的原声,禾先生,81803411017,禾先生,1101,,False,,,,,
7612611270952735214,2026-05-10 16:33:02.685182,7612611219211488036,,@@丹丹阿姨创作的原声,@丹丹阿姨,886631053925675,@丹丹阿姨,29,,False,,,,,
7612614949575200010,2026-05-10 16:33:19.003239,7612615086477249316,,@1号档案创作的原声,1号档案,1385810677729575,1号档案,357,,False,,,,,
7612615878198250804,2026-05-10 16:33:33.545724,7612616052195052298,,第五人格,赤川江野（第五人格）,62961878590,赤川江野（第五人格）,361,,False,,,,,
7612617203107532074,2026-05-10 16:33:48.954182,7612617268488407835,,@陈小沫创作的原声,陈小沫,2735217051710136,陈小沫,331,,False,,,,,
7612533994877422894,2026-05-10 16:29:08.906470,7612534125659949834,,@罗拉大姐姐创作的原声,罗拉大姐姐,95261507600,罗拉大姐姐,248,,False,,,,,
7612513370364710207,2026-05-10 16:28:48.545037,7612513668890151743,,@车界创作的原声,车界,1207710136405472,车界,318,,False,,,,,
7612626232143842587,2026-05-10 16:34:18.006746,7612626679676324659,,@小闪创作的原声,小闪,3115385182766064,小闪,871,,False,,,,,
7612506552196991985,2026-05-10 16:28:38.760882,7612506564037069606,,@4AGX创作的原声,4AGX,94080601621,4AGX,439,,False,,,,,
7612248123294220411,2026-05-10 16:23:30.914824,7612247962646793012,,@汽车日记创作的原声,汽车日记,864648353029428,汽车日记,121,,False,,,,,
7612249756299030644,2026-05-10 16:23:45.641314,7612249770090220334,,@碳基回响创作的原声,碳基回响,2236831551468078,碳基回响,127,,False,,,,,
7612258940696448283,2026-05-10 16:23:52.300348,7612259404875844415,,@大哲说影创作的原声,大哲说影,798722120225674,大哲说影,1053,,False,,,,,
7628149590734163234,2026-05-11 09:46:13.357210,7628149843344575274,,@野生11工作室创作的原声,野生11工作室,98936410339,野生11工作室,928,,False,,,,,
7612280677740826734,2026-05-10 16:24:11.843688,7612280653336775460,,Drak (Phonk Drum) slow,👀拾叁月,87748069321,👀拾叁月,146,,False,,,,,
7612281537857506606,2026-05-10 16:24:14.997749,7612281883493239594,,@老苏动漫创作的原声,老苏动漫,96566777921,老苏动漫,206,,False,,,,,
7612282128302165288,2026-05-10 16:24:31.402025,7612282487473064710,,@生活纪实录创作的原声,生活纪实录,2639284695218556,生活纪实录,363,,False,,,,,
7612284619069879473,2026-05-10 16:24:46.341643,7612284832873597730,,@汽车日记创作的原声,汽车日记,864648353029428,汽车日记,539,,False,,,,,
7612286846014516096,2026-05-10 16:25:45.065974,7612286872433363758,,とある日常,小小白今天午休了吗,102135554534,小小白今天午休了吗,390,,False,,,,,
7612298387601231140,2026-05-10 16:26:11.070255,7612298945603062582,,@宇宙没有售后创作的原声,宇宙没有售后,4144482671920032,宇宙没有售后,608,,False,,,,,
7612298953823915307,2026-05-10 16:26:18.663692,7612299844119481126,,@驭风的小五创作的原声,驭风的小五,66060541389,驭风的小五,751,,False,,,,,
7612306553748706723,2026-05-10 16:26:30.608514,7612306453878999858,,@五音不全🎶创作的原声,五音不全🎶,61566996444,五音不全🎶,405,,False,,,,,
7612310481416394995,2026-05-10 16:26:34.933371,7612310436840016678,,BATIDAOFUNK(Explicit),极崆Astral,2909765076521308,极崆Astral,182,,False,,,,,
7612311632727749094,2026-05-10 16:26:44.668416,7612311551227431726,,X-COOL!(超燃FUNK),余幼笙🎶,1825640640414211,余幼笙🎶,22,,False,,,,,
7612322875555619429,2026-05-10 16:27:02.076801,7612322823280986918,,@财哥聊境外创作的原声,财哥聊境外,7485660369983636540,财哥聊境外,37,,False,,,,,
7628149182360079616,2026-05-11 09:46:10.505465,7628149455623064339,,Doopravdy（DJ版）,小闪,3115385182766064,小闪,881,,False,,,,,
7612406172288683300,2026-05-10 16:27:18.456940,7612407089109027622,,@嘈坊创作的原声,嘈坊,53952840629,嘈坊,823,,False,,,,,
7612445266328138667,2026-05-10 16:27:25.939142,7612445189806164772,,@清影大自然创作的原声,清影大自然,3993079051720957,清影大自然,180,,False,,,,,
7612447407095237931,2026-05-10 16:27:38.230442,7612448082814356251,,@嘻游兄弟创作的原声,嘻游兄弟,84657594463,嘻游兄弟,476,,False,,,,,
7612467524722101555,2026-05-10 16:27:53.743955,7612468178543692553,,@寇特老师（沉淀版）创作的原声,寇特老师（沉淀版）,202761246878264,寇特老师（沉淀版）,1411,,False,,,,,
7612469020037549347,2026-05-10 16:28:06.378993,7544443198534320154,,三角洲行动,安澜（三角洲行动）,2258810838459188,安澜（三角洲行动）,305,,False,,,,,
7612486996597935360,2026-05-10 16:28:19.093574,7612487126915009306,,@纽北之家创作的原声,纽北之家,99789333498,纽北之家,207,,False,,,,,
7612506364841069874,2026-05-10 16:28:24.233719,7612506547360451355,,追光者,半岛𝓟𝓮𝓷𝓲𝓷𝓼𝓾𝓵𝓪,1540839811584904,半岛𝓟𝓮𝓷𝓲𝓷𝓼𝓾𝓵𝓪,333,,False,,,,,
7612620915808980264,2026-05-10 16:34:05.098895,7612621107257953050,,@幻风创作的原声,幻风,79796386516,幻风,460,,False,,,,,
7612626410846326058,2026-05-10 16:34:30.757201,7612626856843414281,,Sweaty Linen,i人智贤,204989213710203,i人智贤,1111,,False,,,,,
7612999303014911259,2026-05-10 16:44:55.956608,7612999505646078783,,@泡面观创作的原声,泡面观,2261053784470819,泡面观,260,,False,,,,,
7612930524365049134,2026-05-10 16:40:49.444656,7612930834386996031,,@追寻自由的胡81创作的原声,追寻自由的胡81,957036205183050,追寻自由的胡81,832,,False,,,,,
7612947978853440177,2026-05-10 16:41:08.394759,7612947973886085897,,@七个佩奇妈妈文文创作的原声,七个佩奇妈妈文文,101608341382941,七个佩奇妈妈文文,370,,False,,,,,
7612951643151158538,2026-05-10 16:41:19.278491,7613020315791854379,,@说车的阿飞创作的原声,说车的阿飞,2827581976743405,说车的阿飞,798,,False,,,,,
7612957858980684470,2026-05-10 16:41:23.032488,7612957859555232522,,@日本媳妇英里奈(中日夫妻)创作的原声,日本媳妇英里奈(中日夫妻),1794016846552407,日本媳妇英里奈(中日夫妻),293,,False,,,,,
7612958051649301477,2026-05-10 16:41:34.560248,7612958035912198953,,@阿泽寻味记创作的原声,阿泽寻味记,526022735308073,阿泽寻味记,226,,False,,,,,
7612963492610910649,2026-05-10 16:41:44.930479,7612963464981711616,,@悟空刘禅创作的原声,悟空刘禅,407278095702863,悟空刘禅,316,,False,,,,,
7612963549714861348,2026-05-10 16:41:49.622297,7612963868414970670,,@阿辰说SuperStar创作的原声,阿辰说SuperStar,3379225266768128,阿辰说SuperStar,513,,False,,,,,
7612965069705481472,2026-05-10 16:41:58.535199,7612965247112071945,,@味道记忆馆创作的原声,味道记忆馆,7580000648511423537,味道记忆馆,243,,False,,,,,
7612965897393430395,2026-05-10 16:42:09.127631,7612965961565588251,,@阿酱小猫饼🫓创作的原声,阿酱小猫饼🫓,4209345577880158,阿酱小猫饼🫓,253,,False,,,,,
7612967442901404974,2026-05-10 16:42:24.449625,7612967633381542697,,@李慕之创作的原声,李慕之,95118699557,李慕之,307,,False,,,,,
7612968545047088438,2026-05-10 16:42:31.917871,7612968870852168490,,@小果食🍜创作的原声,小果食🍜,2608458007323943,小果食🍜,324,,False,,,,,
7612969450479832372,2026-05-10 16:42:43.162631,7613233958876138278,,@漫一下子创作的原声,漫一下子,497416979885611,漫一下子,267,,False,,,,,
7612970357566086502,2026-05-10 16:42:59.201162,7612970416214149930,,@桐桐妈妈小苏子创作的原声,桐桐妈妈小苏子,1046381981613759,桐桐妈妈小苏子,187,,False,,,,,
7612974643011472681,2026-05-10 16:43:09.296244,7612974953545485102,,@废柴菌的吐槽之魂创作的原声,废柴菌的吐槽之魂,2052121179721611,废柴菌的吐槽之魂,225,,False,,,,,
7612974854140120371,2026-05-10 16:43:13.803202,7612975098223512370,,Once Upon A Time - House Extended Mix,向晴,3248420933088692,向晴,315,,False,,,,,
7612979622459739411,2026-05-10 16:43:25.830893,7612979711040162595,,@宇宙-观察创作的原声,宇宙-观察,3720345071402420,宇宙-观察,387,,False,,,,,
7612981406972579114,2026-05-10 16:43:40.161706,7612981861421173510,,@晨晨喂饭（对抗路意识讲解）创作的原声,晨晨喂饭（对抗路意识讲解）,1064772822907196,晨晨喂饭（对抗路意识讲解）,296,,False,,,,,
7628116697542593828,2026-05-11 09:45:05.896992,7628116805576919854,,@大橙讲电影创作的原声,大橙讲电影,3507878007943865,大橙讲电影,285,,False,,,,,
7612986491279488895,2026-05-10 16:43:49.038424,7612986562976025407,,天路 (Cover 韩红),小张哥,574375891304492,小张哥,682,,False,,,,,
7612988667237338368,2026-05-10 16:43:55.304577,7612989312023448329,,The Final Showdown,阿刚速看,4328094957837998,阿刚速看,971,,False,,,,,
7612991864958634661,2026-05-10 16:44:04.055727,7612991865398299433,,@足球街区创作的原声,足球街区,92984290661,足球街区,328,,False,,,,,
7612991948958119401,2026-05-10 16:44:23.553392,7612991935230872326,,咏春（DJ版）,雾栖柚,7541634997876442170,雾栖柚,324,,False,,,,,
7612995856727346466,2026-05-10 16:44:33.563760,7612997155445984034,,@睡与深空（每日助眠）创作的原声,睡与深空（每日助眠）,1465016975110660,睡与深空（每日助眠）,2072,,False,,,,,
7612996949498662198,2026-05-10 16:44:37.879507,7612997761436257078,,@猛爷说剧创作的原声,猛爷说剧,62255792388,猛爷说剧,1051,,False,,,,,
7612930727483602027,2026-05-10 16:40:55.783801,7612930877881912107,,@熙野Xiye创作的原声,熙野Xiye,7533962708133479481,熙野Xiye,1109,,False,,,,,
7612921426656058353,2026-05-10 16:40:37.813838,7612921429746600754,,@清风视界创作的原声,清风视界,1987567701984749,清风视界,520,,False,,,,,
7628141688007036194,2026-05-11 09:45:55.022069,7628141796316498698,,上班的魔咒,奇趣动物屋,888829202924471,奇趣动物屋,164,,False,,,,,
7612919983034600746,2026-05-10 16:40:34.355771,7612920205123095306,,@闲谈雅社创作的原声,闲谈雅社,3869919385496459,闲谈雅社,234,,False,,,,,
7612631132458274088,2026-05-10 16:34:56.283615,7612631778137967401,,@南橙Film.创作的原声,南橙Film.,2242609652968381,南橙Film.,1153,,False,,,,,
7612633859758329126,2026-05-10 16:35:14.304436,7612633996375542579,,@电影密钥创作的原声,电影密钥,642577622117503,电影密钥,282,,False,,,,,
7612633902523485466,2026-05-10 16:35:27.238716,7612634181603986203,,@可靠的鱼子酱-创作的原声,可靠的鱼子酱-,104317747420,可靠的鱼子酱-,364,,False,,,,,
7612652257280003391,2026-05-10 16:35:38.801373,7612652462960429860,,@翔翔大作战创作的原声,翔翔大作战,59618628613,翔翔大作战,511,,False,,,,,
7612657526424767754,2026-05-10 16:35:52.932803,7612657522898979622,,@灶间山河创作的原声,灶间山河,3097755610779754,灶间山河,110,,False,,,,,
7612666771484511488,2026-05-10 16:36:05.540064,7612666827123608356,,三角洲行动,玖七（三角洲教学）,1198926807435235,玖七（三角洲教学）,363,,False,,,,,
7612690301395815715,2026-05-10 16:36:21.803043,7289442367885839161,,三角洲行动,清野,3536498727329246,清野,145,,False,,,,,
7612697528915578122,2026-05-10 16:36:39.766411,7612697510787812139,,@漫漫的慢创作的原声,漫漫的慢,3883939593716468,漫漫的慢,155,,False,,,,,
7612699401069164480,2026-05-10 16:36:55.899983,7612699375961164570,,@KING创作的原声,KING,2294045353713827,KING,445,,False,,,,,
7612716575304551716,2026-05-10 16:37:08.307344,7612716608695421742,,@不早说科普创作的原声,不早说科普,7601496366339392571,不早说科普,620,,False,,,,,
7612737930758556962,2026-05-10 16:37:21.652740,7612738353364011830,,我的世界,课本君,102653921180,课本君,607,,False,,,,,
7628118527538515236,2026-05-11 09:45:31.897981,7628118786163444531,,梦境,荒野星驰,2610664553068452,荒野星驰,759,,False,,,,,
7612838802431724850,2026-05-10 16:37:31.183773,7612839053234375434,,@谦谦体育创作的原声,谦谦体育,2157666153022072,谦谦体育,339,,False,,,,,
7612844561949379874,2026-05-10 16:38:02.100149,7612844733806889754,,@MOON ECHO创作的原声,MOON ECHO,7587370931505824805,MOON ECHO,410,,False,,,,,
7612853947400834367,2026-05-10 16:38:09.966001,7612854728238320394,,@修片狂魔创作的原声,修片狂魔,108949312626,修片狂魔,1724,,False,,,,,
7612859773293803249,2026-05-10 16:38:23.894741,7612859893019609898,,@音乐多巴胺创作的原声,音乐多巴胺,99618113702,音乐多巴胺,531,,False,,,,,
7612871742910495656,2026-05-10 16:38:40.614044,7612871730633526025,,@此地无垠创作的原声,此地无垠,108787706115,此地无垠,310,,False,,,,,
7612874230950120742,2026-05-10 16:39:06.945564,7612874497502219046,,@六点速看创作的原声,六点速看,103397729578,六点速看,757,,False,,,,,
7612877993878497898,2026-05-10 16:39:12.953166,7612606561516620571,,Amani,乐在现场,62895067493,乐在现场,17,,False,,,,,
7612888410327485747,2026-05-10 16:39:25.869379,7612888935692552975,,往事只能回味,周老板家的长工,4119249828977693,周老板家的长工,2089,,False,,,,,
7612900106890759460,2026-05-10 16:39:37.260900,7612900273807166271,,BABYDOLL (SPEED UP),马力唠,212662125863194,马力唠,379,,False,,,,,
7612911429380836654,2026-05-10 16:40:06.423972,7493013419663032331,,@奶龙创作的原声,奶龙,4340506470123611,奶龙,62,,False,,,,,
7612916604183022857,2026-05-10 16:40:23.765018,7612916644561767187,,神级美剧登场BGM,华天崎,59589523985,华天崎,263,,False,,,,,
7611105498808454463,2026-05-10 15:45:31.935744,7611105721874205478,,@玉玊足球创作的原声,玉玊足球,1174704343513407,玉玊足球,390,,False,,,,,
7611564814908788004,2026-05-10 16:01:40.190103,7611565154098170630,,三角洲行动,青年钟意（三角洲行动）,2241221449226067,青年钟意（三角洲行动）,180,,False,,,,,
7611103881086455103,2026-05-10 15:45:22.719271,7611104443899202355,,@核桃派PecanPie创作的原声,核桃派PecanPie,2080700358212907,核桃派PecanPie,755,,False,,,,,
7610057688260838774,2026-05-10 15:24:27.166861,7610057700239821619,,@绘影绘声创作的原声,绘影绘声,84004034863870,绘影绘声,513,,False,,,,,
7610326779017858331,2026-05-10 15:27:24.039299,7610326949638277898,,@中味道创作的原声,中味道,3646396560573488,中味道,103,,False,,,,,
7610331942675829723,2026-05-10 15:27:27.594131,7610331920991292186,,听，这是你人生走上坡路的声音（图钉姐 Remix）,追风老樊-自驾中国,1496913780413563,追风老樊-自驾中国,32,,False,,,,,
7610338643235966217,2026-05-10 15:27:31.168296,7610339248928787254,,@老马哄睡宇宙创作的原声,老马哄睡宇宙,3536487459069031,老马哄睡宇宙,1292,,False,,,,,
7628269874644569395,2026-05-11 09:52:18.179243,7628269817539267391,,@聪明鱼篮球🏀创作的原声,聪明鱼篮球🏀,99962594722,聪明鱼篮球🏀,67,,False,,,,,
7610346419286740275,2026-05-10 15:27:38.939999,7610346537356462911,,@大卓纪录片创作的原声,大卓纪录片,3872921987843880,大卓纪录片,176,,False,,,,,
7610350234136251688,2026-05-10 15:28:05.875333,7610351645469461291,,@故事的前篇创作的原声,故事的前篇,108364425876,故事的前篇,2766,,False,,,,,
7610354626152211642,2026-05-10 15:28:20.476183,7610354601577089828,,王者荣耀,木瑞孙策冲鸭,2630512660721741,木瑞孙策冲鸭,233,,False,,,,,
7628264505545746533,2026-05-11 09:52:11.067190,7544754983057492786,,@ᥫᩣ.   㞮孞创作的原声,ᥫᩣ.   㞮孞,2165372944648684,ᥫᩣ.   㞮孞,14,,False,,,,,
7628263053420075258,2026-05-11 09:52:04.209446,7628262858685565730,,@看谁树枝差创作的原声,看谁树枝差,63918448352,看谁树枝差,319,,False,,,,,
7628261714076634406,2026-05-11 09:51:58.450417,7628262312767392563,,Friended,录刻look,2401776704686439,录刻look,1675,,False,,,,,
7610365621490418154,2026-05-10 15:28:30.497168,7610365629551348490,,佛门清净,大宇哥藏地vlog,98451532302,大宇哥藏地vlog,370,,False,,,,,
7610367327146850426,2026-05-10 15:28:33.445841,7610367344047901459,,@柚小衣创作的原声,柚小衣,7422228313035670585,柚小衣,224,,False,,,,,
7610367331545500928,2026-05-10 15:28:51.260933,7610367742956309298,,@味道记忆馆创作的原声,味道记忆馆,7580000648511423537,味道记忆馆,284,,False,,,,,
7610369930764061952,2026-05-10 15:28:57.264970,7610370372736437042,,@二狗脱口秀创作的原声,二狗脱口秀,2772309332733721,二狗脱口秀,593,,False,,,,,
7628252522766994742,2026-05-11 09:51:50.129428,7628252640366840603,,@夜班没有夜宵（diy电脑）创作的原声,夜班没有夜宵（diy电脑）,1954270571939584,夜班没有夜宵（diy电脑）,481,,False,,,,,
7610372789568032051,2026-05-10 15:29:02.608294,7610372851715197750,,@鱼丸小漫铺创作的原声,鱼丸小漫铺,4182978123271495,鱼丸小漫铺,183,,False,,,,,
7610374126213111214,2026-05-10 15:29:13.043097,7610374135406037769,,@无敌（暗区突围）创作的原声,无敌（暗区突围）,311917525085575,无敌（暗区突围）,207,,False,,,,,
7610375415252667658,2026-05-10 15:29:15.875385,7610375668282477338,,@午夜场沸客创作的原声,午夜场沸客,1359447910002776,午夜场沸客,196,,False,,,,,
7628249525349876179,2026-05-11 09:51:45.338595,7628249500905114394,,@爆米花的旅行记创作的原声,爆米花的旅行记,299542022993918,爆米花的旅行记,196,,False,,,,,
7610320147886132515,2026-05-10 15:27:16.036722,7610320317931637510,,@头柱日志创作的原声,头柱日志,1672832309806796,头柱日志,216,,False,,,,,
7610319571144449509,2026-05-10 15:27:11.887711,7610319786946972426,,恋人,木北北.,1423218238044636,木北北.,2718,,False,,,,,
7610314949809818890,2026-05-10 15:27:04.386064,7610317343683611401,,@文景川创作的原声,文景川,58230132915,文景川,986,,False,,,,,
7610261944881482082,2026-05-10 15:25:25.810664,7610261956917807922,,@石头老表创作的原声,石头老表,109813755250,石头老表,431,,False,,,,,
7610064775883672832,2026-05-10 15:24:41.020729,7610066103662103322,,@老毛探秘馆创作的原声,老毛探秘馆,68713862290,老毛探秘馆,1011,,False,,,,,
7610069265059695914,2026-05-10 15:24:44.045360,7610069914686114598,,@黑猫追剧创作的原声,黑猫追剧,1887199338174915,黑猫追剧,945,,False,,,,,
7610081152968246132,2026-05-10 15:24:52.797393,7610081034708847403,,心之火,逢海『漫剪』,427081401646020,逢海『漫剪』,290,,False,,,,,
7610085736536196730,2026-05-10 15:25:01.392886,7610085609268677403,,出场曲,高蔡笙,3283577843225130,高蔡笙,47,,False,,,,,
7628316217324948736,2026-05-11 09:52:37.025428,7628316338234133257,,@南剑探剧创作的原声,南剑探剧,2144525421915019,南剑探剧,426,,False,,,,,
7628299638219539091,2026-05-11 09:52:34.583417,7628299376829516570,,@浅浪电影创作的原声,浅浪电影,69174656629,浅浪电影,222,,False,,,,,
7610216460324982057,2026-05-10 15:25:10.066194,7610217118709173030,,@王叔电影创作的原声,王叔电影,1046378679895780,王叔电影,958,,False,,,,,
7610255093421690127,2026-05-10 15:25:17.205020,7610255432552106778,,@二狗脱口秀创作的原声,二狗脱口秀,326995779259082,二狗脱口秀,1014,,False,,,,,
7628278392391060782,2026-05-11 09:52:31.955691,7628278404525067014,,@荒野动物志创作的原声,荒野动物志,7600321998728283173,荒野动物志,166,,False,,,,,
7610311173065477403,2026-05-10 15:26:56.382450,7610311423528422171,,@在下有礼了创作的原声,在下有礼了,699762878725775,在下有礼了,427,,False,,,,,
7610264285923398574,2026-05-10 15:25:36.360307,7610264255647976202,,See Tình (Speed Up Version),干饭不打烊,1083463002503529,干饭不打烊,311,,False,,,,,
7610277370319237105,2026-05-10 15:25:43.651310,7583220444112096015,,山高水阔(DJ氛围版),小楼,7563164082037163066,小楼,21,,False,,,,,
7610281531420843611,2026-05-10 15:26:06.356243,7610281590557182770,,得吃小曲（寂寞的人伤心的歌）1.8倍变调版,小圃大王（春季犯困蛋）,2909736351581241,小圃大王（春季犯困蛋）,565,,False,,,,,
7610283350162545265,2026-05-10 15:26:11.131531,7610283346530208512,,Loud out,野球显微镜🎥,4446899353690766,野球显微镜🎥,633,,False,,,,,
7610294222368836891,2026-05-10 15:26:18.840711,7610294448647408434,,@野文不懂吃创作的原声,野文不懂吃,644766069163562,野文不懂吃,555,,False,,,,,
7610300216243162414,2026-05-10 15:26:30.355286,7610300490722675475,,@时夜说故事创作的原声,时夜说故事,1500193187436269,时夜说故事,873,,False,,,,,
7610303805573954555,2026-05-10 15:26:35.478681,7610303787420666687,,@【寻真味】美叔创作的原声,【寻真味】美叔,103748092121,【寻真味】美叔,574,,False,,,,,
7628271399622266121,2026-05-11 09:52:24.958903,7628271481742527278,,三角洲行动,姚开心（监狱跑刀教学）,1426495444369156,姚开心（监狱跑刀教学）,152,,False,,,,,
7610377511456754995,2026-05-10 15:29:25.904649,7610377918946102043,,@乔木萧.(三角洲)创作的原声,乔木萧.(三角洲),1994984865932400,乔木萧.(三角洲),180,,False,,,,,
7610381984031902976,2026-05-10 15:29:37.528672,7610382528821644070,,@戴嘴馋创作的原声,戴嘴馋,226975663798427,戴嘴馋,287,,False,,,,,
7610387712541231089,2026-05-10 15:29:43.230480,7610387679108549376,,@丹东急电创作的原声,丹东急电,3689589293449976,丹东急电,218,,False,,,,,
7610679843012830386,2026-05-10 15:34:41.026288,7610679882695461659,,@我是王YANG创作的原声,我是王YANG,3248437527067513,我是王YANG,171,,False,,,,,
7610517647272283442,2026-05-10 15:33:13.969834,7610518314162342675,,Everyday Normal Guy 2(尼古丁没有救赎 你我都是上瘾的囚徒),阿战（三角洲行动）,763500921886873,阿战（三角洲行动）,349,,False,,,,,
7628236791497198902,2026-05-11 09:51:25.608664,7628237785425660678,,Champions Notes,乐风,726126053825863,乐风,1526,,False,,,,,
7610547189874215158,2026-05-10 15:33:25.670245,7610547492920576819,,@我是桃创作的原声,我是桃,2664807961994472,我是桃,319,,False,,,,,
7610600754138664211,2026-05-10 15:33:29.828557,7610601155445508910,,@帧有戏创作的原声,帧有戏,1823430956823914,帧有戏,595,,False,,,,,
7628236045397658886,2026-05-11 09:51:18.987499,7628236123457817350,,@科学探秘编辑部创作的原声,科学探秘编辑部,3259416368121935,科学探秘编辑部,298,,False,,,,,
7610626699532848447,2026-05-10 15:33:39.255434,7610627103461264191,,@小兽拳击创作的原声,小兽拳击,3468275307255341,小兽拳击,600,,False,,,,,
7610632603967835446,2026-05-10 15:33:42.969783,7610633153350617875,,@一哥影视创作的原声,一哥影视,87255817409,一哥影视,927,,False,,,,,
7610655021025217819,2026-05-10 15:33:59.944987,7610655573423573810,,@听雨探影创作的原声,听雨探影,2499623379545772,听雨探影,1501,,False,,,,,
7610680161973182626,2026-05-10 15:34:50.868819,7610680064279169826,,@篮球人物论创作的原声,篮球人物论,2012558552732060,篮球人物论,41,,False,,,,,
7610466696536526122,2026-05-10 15:32:46.950245,7610467495543180058,,@好奇盒子创作的原声,好奇盒子,3463924205225370,好奇盒子,555,,False,,,,,
7610681454888062214,2026-05-10 15:34:56.731911,7610681803556326194,,@禾先生创作的原声,禾先生,81803411017,禾先生,948,,False,,,,,
7610683091778030883,2026-05-10 15:35:04.853334,7610683694513802019,,@篮球众星创作的原声,篮球众星,699731334413051,篮球众星,2015,,False,,,,,
7610693130987444707,2026-05-10 15:35:07.773792,7610693094715050771,,最好的我,柚瑜.,3938908810774144,柚瑜.,323,,False,,,,,
7610700099760475392,2026-05-10 15:35:15.161367,7610700565600930598,,@痞禾之路创作的原声,痞禾之路,53432437118,痞禾之路,916,,False,,,,,
7610706224660730088,2026-05-10 15:35:18.020152,7610706232558537515,,@阿柒动漫解说创作的原声,阿柒动漫解说,7487597662600217659,阿柒动漫解说,175,,False,,,,,
7610711614341385499,2026-05-10 15:35:26.300013,7610711814562597642,,Shut Down,说书人X活在过去,862470198007431,说书人X活在过去,1310,,False,,,,,
7610717840077317299,2026-05-10 15:35:33.402337,7610717850466437938,,@七个佩奇爸爸创作的原声,七个佩奇爸爸,77210010046,七个佩奇爸爸,104,,False,,,,,
7610719563105849265,2026-05-10 15:35:41.277681,7541032214285303866,,@毛孩子的日常创作的原声,毛孩子的日常,1341037417338791,毛孩子的日常,97,,False,,,,,
7628238064955002158,2026-05-11 09:51:28.609685,7628238174015261466,,@不争看剧创作的原声,不争看剧,3888335972730414,不争看剧,171,,False,,,,,
7610462605362187554,2026-05-10 15:32:37.466520,7603786693702844458,,THAT’S A NO NO,星途砖家,537036092604755,星途砖家,129,,False,,,,,
7610391754982543462,2026-05-10 15:29:46.186855,7610391721704262426,,Overturn,余幼笙🎶,1825640640414211,余幼笙🎶,24,,False,,,,,
7610409219417738547,2026-05-10 15:30:56.844521,7610409977941117747,,@房车GO创作的原声,房车GO,76619954052,房车GO,935,,False,,,,,
7610395781702405386,2026-05-10 15:29:48.655541,7610396142597163803,,@东张西望创作的原声,东张西望,2931769750062192,东张西望,332,,False,,,,,
7628240891379076352,2026-05-11 09:51:38.892462,7628241140172491563,,@青言戏语创作的原声,青言戏语,7575453694972986417,青言戏语,1065,,False,,,,,
7628240869754249467,2026-05-11 09:51:35.726791,7628240772002368290,,@小轩在日本创作的原声,小轩在日本,4183001391965087,小轩在日本,410,,False,,,,,
7610400760286694698,2026-05-10 15:29:55.610872,7610401306477792038,,@这是TA的电影创作的原声,这是TA的电影,2799810756227460,这是TA的电影,743,,False,,,,,
7610402475199188267,2026-05-10 15:30:20.914797,7610403027924929290,,溯（Inst）,奇幻动物园,1203329598765323,奇幻动物园,213,,False,,,,,
7610403884008259685,2026-05-10 15:30:36.261471,7610403858975607595,,@路灰气球创作的原声,路灰气球,106016860886,路灰气球,12,,False,,,,,
7610406005620428078,2026-05-10 15:30:40.940633,7610406711664429867,,@小道必可观（油管）创作的原声,小道必可观（油管）,4497435806148490,小道必可观（油管）,1193,,False,,,,,
7610408496185609482,2026-05-10 15:30:50.407800,7610408936172276507,,Lejla (Лейла),梁明影视,2881195513222605,梁明影视,295,,False,,,,,
7610415188914851078,2026-05-10 15:31:01.579671,7610415697094216458,,@谢菲尔德创作的原声,谢菲尔德,3452094125978731,谢菲尔德,343,,False,,,,,
7610458918732483846,2026-05-10 15:32:22.092587,7522916096626655271,,Differences,X菌影视,95560358073,X菌影视,478,,False,,,,,
7610416024365567241,2026-05-10 15:31:08.659872,7610416805487921970,,@大皓小浪的环国日记创作的原声,大皓小浪的环国日记,67031491912,大皓小浪的环国日记,1100,,False,,,,,
7610417226293726498,2026-05-10 15:31:13.097694,7610417971808258842,,@辛巴纪实创作的原声,辛巴纪实,2247841887035244,辛巴纪实,231,,False,,,,,
7610419060269993279,2026-05-10 15:31:21.880828,7610419769749064502,,@徐大阳的日志创作的原声,徐大阳的日志,68962603052,徐大阳的日志,580,,False,,,,,
7610424303737649216,2026-05-10 15:31:36.595615,7610424293662984979,,@顾北剪影创作的原声,顾北剪影,92935843033,顾北剪影,328,,False,,,,,
7610427898152246598,2026-05-10 15:31:46.996794,7610427877338647342,,过火（娜塔莎 Remix）,DJ美美羊🎸,1312143929261107,DJ美美羊🎸,23,,False,,,,,
7610439927767072369,2026-05-10 15:31:58.278967,7610439853343378226,,@四郎讲棋创作的原声,四郎讲棋,63038290966,四郎讲棋,426,,False,,,,,
7610452053550508474,2026-05-10 15:32:07.336118,7610452012018256691,,@萌宠娱乐汇创作的原声,萌宠娱乐汇,193986431025983,萌宠娱乐汇,237,,False,,,,,
7610454328482264293,2026-05-10 15:32:14.119792,7610454373491051290,,@今天吃什么好呢创作的原声,今天吃什么好呢,4487536456774412,今天吃什么好呢,278,,False,,,,,
7628375356185117602,2026-05-11 09:52:40.607850,7628375173481188102,,@车界小百科创作的原声,车界小百科,2986735066944643,车界小百科,363,,False,,,,,
7610051524118498596,2026-05-10 15:24:21.271572,7610052519766641434,,@牛油果爱剪辑创作的原声,牛油果爱剪辑,3353931567349453,牛油果爱剪辑,944,,False,,,,,
7610725855181933858,2026-05-10 15:36:02.291819,7610726636509727539,,至若春和景明,老赵的车库（收车）,96098893140,老赵的车库（收车）,1743,,False,,,,,
7610046082432699686,2026-05-10 15:24:10.145880,7610046964473826099,,@影视强声创作的原声,影视强声,109292193802,影视强声,901,,False,,,,,
7609594254351944970,2026-05-10 15:16:02.337157,7609594422535179023,,@油管赛博集结号创作的原声,油管赛博集结号,3861108102276199,油管赛博集结号,546,,False,,,,,
7609609290029993262,2026-05-10 15:16:17.175249,7609609564807383858,,@奶喵次元创作的原声,奶喵次元,3669490608636682,奶喵次元,137,,False,,,,,
7609618307804613113,2026-05-10 15:16:25.024331,7609618284614257451,,@管家丽丽创作的原声,管家丽丽,3025455780215064,管家丽丽,128,,False,,,,,
7609618364947893540,2026-05-10 15:16:31.617149,7609619798552595242,,意外(完整版),是岚的,3394893484134654,是岚的,2265,,False,,,,,
7609623308687254267,2026-05-10 15:16:38.542430,7609623347143985929,,@嘴馋小迟创作的原声,嘴馋小迟,83545124299,嘴馋小迟,637,,False,,,,,
7609628032944409891,2026-05-10 15:16:46.385558,7609628496482044735,,golden hour (Seven Kayne Remix),K教授,52642801591,K教授,164,,False,,,,,
7609628120602314596,2026-05-10 15:16:49.128653,7609628098786642726,,@别叫我靴神创作的原声,别叫我靴神,7568832833930740773,别叫我靴神,107,,False,,,,,
7609628243947228425,2026-05-10 15:16:51.985874,7609628604741225262,,@酷鱼讲电影创作的原声,酷鱼讲电影,97334045953,酷鱼讲电影,331,,False,,,,,
7628506784818669658,2026-05-11 09:53:40.711399,7628506799548762931,,Once Upon A Time - House Extended Mix,小陈喷车,106770278839,小陈喷车,399,,False,,,,,
7609633655434022153,2026-05-10 15:16:58.048414,7609634067672927014,,@军shi说创作的原声,军shi说,188708457559943,军shi说,560,,False,,,,,
7609634616177216777,2026-05-10 15:17:03.170039,7609635248304835355,,@私藏月色i创作的原声,私藏月色i,553753000549415,私藏月色i,237,,False,,,,,
7609650038457300858,2026-05-10 15:17:10.564881,7609650160519465791,,@小轩在日本创作的原声,小轩在日本,4183001391965087,小轩在日本,1092,,False,,,,,
7609650736758033674,2026-05-10 15:17:18.091989,7609651990603598643,,梦醒来,-超级小能猫-,2088719396378286,-超级小能猫-,2845,,False,,,,,
7628498249464188201,2026-05-11 09:53:36.193469,7628498298966461190,,@包懂先生创作的原声,包懂先生,7576538160881714213,包懂先生,183,,False,,,,,
7609668217497341234,2026-05-10 15:17:30.931805,7609669190458329865,,@暖茶黛创作的原声,暖茶黛,4198387704145964,暖茶黛,979,,False,,,,,
7609668443273505478,2026-05-10 15:17:33.885836,7609668824735943430,,@默琳电影创作的原声,默琳电影,2289662479049495,默琳电影,1444,,False,,,,,
7609673453263766698,2026-05-10 15:17:42.109889,7609673395059411754,,@車界说创作的原声,車界说,467725821935668,車界说,331,,False,,,,,
7609678035784092980,2026-05-10 15:18:13.569254,7609678987593370374,,@角落解说创作的原声,角落解说,1129925526422244,角落解说,508,,False,,,,,
7628485699889944753,2026-05-11 09:53:24.699103,7628485517948029730,,@无畏契约—培丸—10米一把创作的原声,无畏契约—培丸—10米一把,3871836728997947,无畏契约—培丸—10米一把,71,,False,,,,,
7609589768434765066,2026-05-10 15:15:58.635528,7609590070689286953,,理想进行曲,极速车报,4355590089614522,极速车报,663,,False,,,,,
7609581959399886080,2026-05-10 15:15:50.971430,6849288418149531662,,PASSO FUNK（DJ压迫感）,放逐大帝,14651147701,放逐大帝,578,,False,,,,,
7609579296738397459,2026-05-10 15:15:43.942127,7609580994865580827,,@蓝若羽创作的原声,蓝若羽,1403402835203294,蓝若羽,331,,False,,,,,
7609459905250037001,2026-05-10 15:14:46.051521,7609461139004607275,,@影视强声创作的原声,影视强声,109292193802,影视强声,966,,False,,,,,
7609331472114042843,2026-05-10 15:13:57.828261,7609332443189005091,,一天一天,SupBass电音中心,74547715403,SupBass电音中心,1927,,False,,,,,
7628534378175450414,2026-05-11 09:54:26.533563,7628534467193260850,,@庖厨八戒创作的原声,庖厨八戒,2578782775686651,庖厨八戒,262,,False,,,,,
7609346232292543807,2026-05-10 15:14:06.278378,7622234591784373018,,直播间带货榜,ct5小田,103618677950,ct5小田,1594,,False,,,,,
7609348530687184164,2026-05-10 15:14:14.804438,7609349282398866226,,@泡泡电影会创作的原声,泡泡电影会,70120050018,泡泡电影会,419,,False,,,,,
7609360049735027995,2026-05-10 15:14:28.266771,7609361047753100073,,@风之影创作的原声,风之影,818469388164526,风之影,944,,False,,,,,
7609375627342318902,2026-05-10 15:14:34.705274,7609376115810945838,,@大橘研究员创作的原声,大橘研究员,2918569073181840,大橘研究员,416,,False,,,,,
7609406177427885322,2026-05-10 15:14:37.275501,7609407153840950059,,@二狗脱口秀创作的原声,二狗脱口秀,1030658085893403,二狗脱口秀,609,,False,,,,,
7628524892175009893,2026-05-11 09:54:21.538869,7628524741783014159,,@@小趴菜创作的原声,@小趴菜,93364477150,@小趴菜,9,,False,,,,,
7609491802986384678,2026-05-10 15:14:53.186058,7609492207237679923,,@加特杨车库创作的原声,加特杨车库,1891620841597128,加特杨车库,353,,False,,,,,
7628512753493265705,2026-05-11 09:53:48.876119,7628513552097184518,,@老翁陪你玩创作的原声,老翁陪你玩,2260192225928071,老翁陪你玩,1603,,False,,,,,
7609496106027863338,2026-05-10 15:15:00.513581,7609496741506714422,,@成大器是我创作的原声,成大器是我,574402831584900,成大器是我,521,,False,,,,,
7609517967953138865,2026-05-10 15:15:07.687820,7609517909060209449,,@伍六七旅居云南创作的原声,伍六七旅居云南,1460571962613310,伍六七旅居云南,209,,False,,,,,
7609519430296423732,2026-05-10 15:15:15.666808,7609519926713289499,,@可爱的光头强创作的原声,可爱的光头强,3057076349713453,可爱的光头强,631,,False,,,,,
7609525882880904467,2026-05-10 15:15:22.096209,7609526194106600201,,@胖橘的荒野探险频道创作的原声,胖橘的荒野探险频道,1039456261118489,胖橘的荒野探险频道,319,,False,,,,,
7628523506556334001,2026-05-11 09:54:13.569926,7628523653067508531,,@大力逛吃全国（山东小伙）创作的原声,大力逛吃全国（山东小伙）,1451772431833584,大力逛吃全国（山东小伙）,318,,False,,,,,
7628521945339923748,2026-05-11 09:54:02.308805,7628522781826616073,,Missing Persons,Alan阿伦说,589758399002535,Alan阿伦说,1880,,False,,,,,
7628519585913769231,2026-05-11 09:53:56.604723,7628519644387019570,,@真相探长阿科创作的原声,真相探长阿科,115875635274708,真相探长阿科,183,,False,,,,,
7609546881866634981,2026-05-10 15:15:33.587633,7609546818879376174,,Siren in the Streets,六哥不六,101443943742,六哥不六,88,,False,,,,,
7609691888005762342,2026-05-10 15:18:25.910482,7609692315057163027,,@即闻探世界创作的原声,即闻探世界,3444095714603661,即闻探世界,181,,False,,,,,
7609697604419077711,2026-05-10 15:18:32.949029,7609697511854787380,,@城南旧事簿创作的原声,城南旧事簿,64041274003,城南旧事簿,31,,False,,,,,
7609719314309185905,2026-05-10 15:18:39.970539,7609719588934175534,,交换余生,Bobaya,358894106853232,Bobaya,2602,,False,,,,,
7610015342609354035,2026-05-10 15:22:41.211331,7610148620511251226,,@宅胖子创作的原声,宅胖子,1631289158940536,宅胖子,320,,False,,,,,
7609979360514182435,2026-05-10 15:21:11.624877,7609979703528672026,,Monkeybiz超长版,猎奇三健客,1169478908910999,猎奇三健客,332,,False,,,,,
7609980930032518521,2026-05-10 15:21:26.825174,7609980932795468544,,@认知便利店M!创作的原声,认知便利店M!,74772559054,认知便利店M!,630,,False,,,,,
7609983204430269737,2026-05-10 15:21:32.999320,7609983717234182939,,@板牙象棋创作的原声,板牙象棋,4221762718676990,板牙象棋,677,,False,,,,,
7609997637932461477,2026-05-10 15:21:38.898836,7609997599403445011,,@sbzidgsnkd创作的原声,sbzidgsnkd,57650982543,sbzidgsnkd,205,,False,,,,,
7609998904545659882,2026-05-10 15:21:41.761024,7609998898207230739,,@我是机灵姐创作的原声,我是机灵姐,95864020728,我是机灵姐,334,,False,,,,,
7609999300039517029,2026-05-10 15:21:50.655196,7609999200645942022,,真英雄dj版（猫朵儿 Remix）,DJ小金,7488269273815761980,DJ小金,76,,False,,,,,
7610008079488355603,2026-05-10 15:22:05.234340,7610008654372293426,,@大地苍荒野创作的原声,大地苍荒野,3338576168755919,大地苍荒野,340,,False,,,,,
7610013931079276965,2026-05-10 15:22:14.710547,7610014018648001330,,@白羊说创作的原声,白羊说,79592584569,白羊说,607,,False,,,,,
7610016137169866018,2026-05-10 15:22:56.032834,7610016782660766514,,@不争看剧创作的原声,不争看剧,3888335972730414,不争看剧,154,,False,,,,,
7609972884358198479,2026-05-10 15:21:02.005907,7609972867320990506,,@生灵观察喵创作的原声,生灵观察喵,4079620600112506,生灵观察喵,181,,False,,,,,
7610016358876712228,2026-05-10 15:23:06.605707,7610017027847555890,,Gimme（Reset）,青豆爱钓鱼,517221455499289,青豆爱钓鱼,95,,False,,,,,
7610017325214944558,2026-05-10 15:23:13.026079,7610017772348787502,,植物大战僵尸2,刚哥说游,69769301975,刚哥说游,193,,False,,,,,
7610018474110274835,2026-05-10 15:23:22.480209,7610019051414407986,,曲舞了,国漫专家,532586091511822,国漫专家,226,,False,,,,,
7628410734539443499,2026-05-11 09:52:45.892664,7628410651110656787,,@少康1104创作的原声,少康1104,101339136616,少康1104,369,,False,,,,,
7610023539684527395,2026-05-10 15:23:36.917219,7610024158868654884,,@中国•美食特色创作的原声,中国•美食特色,2675551946432699,中国•美食特色,127,,False,,,,,
7610026352292498740,2026-05-10 15:23:45.078298,7610027273120303935,,暗里着迷,冷风帧影,7583961023842714682,冷风帧影,648,,False,,,,,
7610029518489822137,2026-05-10 15:23:48.602548,7610029457163750153,,@黑月留白创作的原声,黑月留白,7533556590759232569,黑月留白,213,,False,,,,,
7610031393782975785,2026-05-10 15:23:56.049720,7610031899465059126,,@夏毅说电影创作的原声,夏毅说电影,167558301628415,夏毅说电影,233,,False,,,,,
7609975965518860614,2026-05-10 15:21:04.649514,7610044555227941659,,@我爱摆烂创作的原声,我爱摆烂,4180773915340955,我爱摆烂,14,,False,,,,,
7609967385193998713,2026-05-10 15:20:59.567589,7609967485965617926,,@李雪微创作的原声,李雪微,59401066708,李雪微,369,,False,,,,,
7609721874657856818,2026-05-10 15:18:46.550428,7609723251434015497,,@寇特老师（沉淀版）创作的原声,寇特老师（沉淀版）,202761246878264,寇特老师（沉淀版）,1787,,False,,,,,
7609904955348270577,2026-05-10 15:19:35.352571,7609904896472697651,,@品味影视创作的原声,品味影视,55539553020,品味影视,66,,False,,,,,
7609740635104398646,2026-05-10 15:18:49.364732,7609741447234947866,,@龍影Jackiemovie创作的原声,龍影Jackiemovie,2277783941954573,龍影Jackiemovie,802,,False,,,,,
7609748964081945898,2026-05-10 15:18:56.709349,7609749151207000886,,小背篓,爱上大世界,113999048606432,爱上大世界,879,,False,,,,,
7609813868533124392,2026-05-10 15:19:00.828449,7609813736032520987,,@杆哥（国服芈月）创作的原声,杆哥（国服芈月）,70367542514,杆哥（国服芈月）,309,,False,,,,,
7609830109150727466,2026-05-10 15:19:06.221591,7609831176609565483,,@口水综艺创作的原声,口水综艺,1733299659082448,口水综艺,355,,False,,,,,
7609875156403740122,2026-05-10 15:19:09.356087,7609875214557645595,,@欢乐时光创作的原声,欢乐时光,111592818156,欢乐时光,943,,False,,,,,
7628446126118685958,2026-05-11 09:53:06.758484,7628446545188653887,,Anatomy (Slow Version) (FLYSBR Remix),黑衣布伽,571385085697783,黑衣布伽,1614,,False,,,,,
7609899935160604891,2026-05-10 15:19:19.705789,7609899817992538906,,@千屿影视创作的原声,千屿影视,2773445873240571,千屿影视,282,,False,,,,,
7609902176302894388,2026-05-10 15:19:29.182514,7609903053558254387,,To the Beat,南音说乐,165375863963003,南音说乐,1357,,False,,,,,
7609914259312545030,2026-05-10 15:19:44.659559,7609914538456025919,,暗区突围,朴弟,92616428644,朴弟,151,,False,,,,,
7609966295506146222,2026-05-10 15:20:50.254916,7609966359891446564,,@潇湘楼中梦（潇湘文学）创作的原声,潇湘楼中梦（潇湘文学）,1385815672357899,潇湘楼中梦（潇湘文学）,601,,False,,,,,
7628439313604218112,2026-05-11 09:52:57.830639,7628439288958487315,,@九哥爱说说说创作的原声,九哥爱说说说,3334161622116862,九哥爱说说说,211,,False,,,,,
7609915071100349538,2026-05-10 15:19:51.178460,7609914958075546378,,@吴小北创作的原声,吴小北,2151077822338455,吴小北,24,,False,,,,,
7609921064319062132,2026-05-10 15:20:00.656262,7609921081725553471,,@哈哈86年抽风要个二胎创作的原声,哈哈86年抽风要个二胎,3661843796067267,哈哈86年抽风要个二胎,1052,,False,,,,,
7609922858428691106,2026-05-10 15:20:03.393254,7609922788916284186,,@清心莲创作的原声,清心莲,764858845631758,清心莲,207,,False,,,,,
7609926132556745999,2026-05-10 15:20:05.845282,7609926670774029065,,@科学探索飞船创作的原声,科学探索飞船,2436964726878856,科学探索飞船,421,,False,,,,,
7609941028577053979,2026-05-10 15:20:15.138390,7609941107725323049,,@烬影说漫创作的原声,烬影说漫,2563710957418701,烬影说漫,228,,False,,,,,
7609941798038834447,2026-05-10 15:20:22.311433,7609942243394898739,,@伙计探世界创作的原声,伙计探世界,63956997473,伙计探世界,410,,False,,,,,
7609955800739613952,2026-05-10 15:20:32.996919,7609956230668356378,,@数字人Lily创作的原声,数字人Lily,7459688919762191374,数字人Lily,269,,False,,,,,
7610721154919058724,2026-05-10 15:35:51.990111,7610721239908289331,,@我是不白吃创作的原声,我是不白吃,100061957495,我是不白吃,83,,False,,,,,
7624194863323548962,2026-05-10 22:53:12.142566,7624194955249978155,,羽肿 - Windy Hill,黔乡小梁妹,100869215779,黔乡小梁妹,161,,False,,,,,
7610812132124347674,2026-05-10 15:41:06.619341,7610812155620985643,,@爱吃番茄猪扒的使者创作的原声,爱吃番茄猪扒的使者,59517658156,爱吃番茄猪扒的使者,245,,False,,,,,
7610739076781690118,2026-05-10 15:36:45.159930,7610739469515295524,,@90后科技说创作的原声,90后科技说,68035325147,90后科技说,1075,,False,,,,,
7611072238611123519,2026-05-10 15:42:54.476491,7611072397151570738,,@Beibei Ss创作的原声,Beibei Ss,59340607447,Beibei Ss,181,,False,,,,,
7628211761276524531,2026-05-11 09:49:56.802557,7628211718396693274,,@River弹吉他创作的原声,River弹吉他,3255020564780872,River弹吉他,67,,False,,,,,
7610792639998391138,2026-05-10 15:40:07.124017,7610792626086152966,,@逢海『漫剪』创作的原声,逢海『漫剪』,427081401646020,逢海『漫剪』,285,,False,,,,,
7610777465354554667,2026-05-10 15:39:22.176603,7610777608493501210,,@漫哥阿哲创作的原声,漫哥阿哲,86728097704,漫哥阿哲,310,,False,,,,,
7611079015830506786,2026-05-10 15:43:14.466471,7611079151214250788,,@大力AI创作的原声,大力AI,1313267809264762,大力AI,232,,False,,,,,
7611090164215024948,2026-05-10 15:43:34.782158,7611090396961065766,,@凡夫创作的原声,凡夫,7553608157562946619,凡夫,494,,False,,,,,
7610803926492810559,2026-05-10 15:40:56.839467,7610804561489447731,,@子非秋月创作的原声,子非秋月,3658764221678175,子非秋月,1740,,False,,,,,
7611013457718054187,2026-05-10 15:41:39.877326,7611013593294703402,,@乡土烟火气创作的原声,乡土烟火气,529305222522603,乡土烟火气,103,,False,,,,,
7610749861453595822,2026-05-10 15:38:13.877916,7610749824819891007,,@十一户外旅行创作的原声,十一户外旅行,980371339224541,十一户外旅行,246,,False,,,,,
7610737490655284506,2026-05-10 15:36:30.557313,7610738868773522212,,@温童创作的原声,温童,63400768686,温童,349,,False,,,,,
7611061544587234566,2026-05-10 15:42:50.841964,7611061808102673161,,@影评鉴赏创作的原声,影评鉴赏,4000461773870060,影评鉴赏,416,,False,,,,,
7611052408839490831,2026-05-10 15:42:33.484544,7611052692307217162,,@江湖老饕创作的原声,江湖老饕,2657967125823820,江湖老饕,467,,False,,,,,
7628223343635795252,2026-05-11 09:51:07.889835,7628223681935756083,,@地球物语创作的原声,地球物语,3406723739036496,地球物语,711,,False,,,,,
7628215607988636980,2026-05-11 09:51:01.082344,7628215623709051690,,@九尾创作的原声,九尾,3994988443337815,九尾,235,,False,,,,,
7610998069269695780,2026-05-10 15:41:31.555599,7610998300883356457,,@星月影话创作的原声,星月影话,4391927026562700,星月影话,945,,False,,,,,
7610741877964596145,2026-05-10 15:36:55.187673,7610743356611693350,,@音乐驿站$创作的原声,音乐驿站$,1192321771114515,音乐驿站$,720,,False,,,,,
7610753434442140968,2026-05-10 15:38:21.980402,7610753448484670217,,@青柠动画创作的原声,青柠动画,1359465183183246,青柠动画,221,,False,,,,,
7610769968813141730,2026-05-10 15:39:12.815543,7610770093881953043,,和平精英,CS（地铁逃生）,3648631262682890,CS（地铁逃生）,489,,False,,,,,
7611018286372762310,2026-05-10 15:41:47.976135,7611018291254938378,,@财哥来咯创作的原声,财哥来咯,602186571590568,财哥来咯,417,,False,,,,,
7610746545448733998,2026-05-10 15:37:35.042887,7610746623057677107,,@战壕饭搭子创作的原声,战壕饭搭子,111084800779,战壕饭搭子,437,,False,,,,,
7610765578827025702,2026-05-10 15:39:03.255276,7610765916988525338,,@恐不说创作的原声,恐不说,1097753690124362,恐不说,809,,False,,,,,
7610755662263422214,2026-05-10 15:38:31.150596,7610757162490530569,,The Promise of Stars,君子探案,1557367439230164,君子探案,932,,False,,,,,
7610743143541099826,2026-05-10 15:37:01.909590,7610743361250560777,,@Turbo Core创作的原声,Turbo Core,1294558485580346,Turbo Core,352,,False,,,,,
7610758765083659562,2026-05-10 15:38:41.594201,7610758801255303977,,@庄树房车游创作的原声,庄树房车游,4028227782445127,庄树房车游,91,,False,,,,,
7611084877173345551,2026-05-10 15:43:28.913262,7611085396147030847,,Model Taxi (TAXI DRIVER 3 : Original Television Soundtrack),董电影,4318487811734080,董电影,1389,,False,,,,,
7610792924393098536,2026-05-10 15:40:12.977908,7610793208150297370,,@X解密局创作的原声,X解密局,1458400952602683,X解密局,790,,False,,,,,
7610743504322448691,2026-05-10 15:37:11.023087,7610743527781501702,,PASSO BEM SOLTO（超燃DJ版),AMIN燃剪,103607128193,AMIN燃剪,242,,False,,,,,
7628212717249105188,2026-05-11 09:50:38.292437,7628212738192427782,,@舌尖上的味道创作的原声,舌尖上的味道,2931749771558794,舌尖上的味道,66,,False,,,,,
7610762657645301042,2026-05-10 15:38:46.605855,7610763111957089070,,@炘幸🐘影视创作的原声,炘幸🐘影视,2414961027193022,炘幸🐘影视,1021,,False,,,,,
7611096109804555530,2026-05-10 15:44:14.429778,7611096743127567139,,@周老板家的长工创作的原声,周老板家的长工,4119249828977693,周老板家的长工,2082,,False,,,,,
7610789659672579337,2026-05-10 15:39:50.985007,7610789708653742889,,@大国风味创作的原声,大国风味,3701378709455403,大国风味,67,,False,,,,,
7611043588604005651,2026-05-10 15:42:17.253138,7611043720452672307,,@一只樱桃创作的原声,一只樱桃,2810787169053943,一只樱桃,221,,False,,,,,
7611103456983567625,2026-05-10 15:45:16.221307,7611103676031372078,,@余光小姐创作的原声,余光小姐,7479999319123739707,余光小姐,370,,False,,,,,
7610796850376022011,2026-05-10 15:40:27.831796,7610796868615834383,,@王者荣耀情逸创作的原声,王者荣耀情逸,2835009361159635,王者荣耀情逸,157,,False,,,,,
7610786187380329782,2026-05-10 15:39:36.454658,7636990916783377178,,直播间带货榜,暗黑破坏神,2288552739081488,暗黑破坏神,30,,False,,,,,
7628223451060374835,2026-05-11 09:51:10.644679,7628223483129957158,,@吴恩达-AI大模型创作的原声,吴恩达-AI大模型,1444090494059416,吴恩达-AI大模型,29,,False,,,,,
7611020792889783273,2026-05-10 15:41:56.420102,7611021333550582582,,@默琳电影创作的原声,默琳电影,2289662479049495,默琳电影,1484,,False,,,,,
7611027972534832422,2026-05-10 15:42:01.883044,7611028039652231955,,@空大请别笑创作的原声,空大请别笑,103462501576,空大请别笑,201,,False,,,,,
7610797436382104884,2026-05-10 15:40:38.855805,7610797752380934963,,@顽石影视创作的原声,顽石影视,2261019870899998,顽石影视,719,,False,,,,,
7611033049689525547,2026-05-10 15:42:06.213280,7611033203641813802,,@舌尖上的老饕创作的原声,舌尖上的老饕,55190101176,舌尖上的老饕,212,,False,,,,,
7610729707512843252,2026-05-10 15:36:13.171104,7610729882636667674,,@46IK.创作的原声,46IK.,992172863397931,46IK.,1660,,False,,,,,
7610781123358779510,2026-05-10 15:39:27.266438,7610781036607326991,,@小花花的每一天创作的原声,小花花的每一天,50028444571,小花花的每一天,89,,False,,,,,
7611037789966126382,2026-05-10 15:42:09.387045,7611037828438297407,,王者荣耀,王者荣耀吕德华,3597225254730516,王者荣耀吕德华,35,,False,,,,,
7611096123570130239,2026-05-10 15:44:27.742544,7611096237676186394,,@狂飙F1创作的原声,狂飙F1,3899309912756793,狂飙F1,170,,False,,,,,
7611055897909022003,2026-05-10 15:42:41.768110,7611055989713865522,,@世界的尽头不用买单创作的原声,世界的尽头不用买单,1857516703330939,世界的尽头不用买单,230,,False,,,,,
7610729799836847366,2026-05-10 15:36:16.306211,7610730263236201258,,@Soleil-JJ创作的原声,Soleil-JJ,1424564400947358,Soleil-JJ,1194,,False,,,,,
7610802683535969571,2026-05-10 15:40:46.289774,7610803066920586035,,@业余背包客Ar创作的原声,业余背包客Ar,2182953843303376,业余背包客Ar,1034,,False,,,,,
7611100399365836115,2026-05-10 15:44:43.916024,7610349830304432166,,@足球张雨琦创作的原声,足球张雨琦,59697868809,足球张雨琦,107,,False,,,,,
7610748585131923451,2026-05-10 15:38:00.883524,7610748581410425650,,红蝶战歌（红人魔）,轩仔说影,3291313516330519,轩仔说影,381,,False,,,,,
7610747552861850931,2026-05-10 15:37:43.746159,7610747998909303579,,雨爱,阿阳,7585904390445597733,阿阳,1138,,False,,,,,
7628206627111423247,2026-05-11 09:49:25.341834,7628206992603138843,,Vice,大哲说影,798722120225674,大哲说影,1129,,False,,,,,
7610730950833523994,2026-05-10 15:36:19.548086,7610730988468980516,,在他乡望故乡（Cover 陈默默）,音歌小沐,626060820751607,音歌小沐,181,,False,,,,,
7610791413408247653,2026-05-10 15:40:00.959656,7610791379391875876,,@帕尼尼er创作的原声,帕尼尼er,3644228274497067,帕尼尼er,329,,False,,,,,
7611045889054555877,2026-05-10 15:42:27.204876,7611045817243208448,,@白羊说创作的原声,白羊说,79592584569,白羊说,592,,False,,,,,
7610734105476001971,2026-05-10 15:36:22.716800,7610734153437891364,,@村里人创作的原声,村里人,4145605466404825,村里人,390,,False,,,,,
7610736802383050929,2026-05-10 15:36:27.222364,7610365880991615785,,一千年以后（女生版）（Cover 图钉姐）,悠悠,97473115467,悠悠,7,,False,,,,,
7604342167151238106,2026-05-09 21:46:15.450615,7561006047303010321,,左转灯 (1000 Times+1),派偉俊/mac ova sea,101875876217,,197,,False,,,,,
7609980559762943738,2026-05-10 15:21:18.308971,7556041998315587636,,压迫感bgm,Martins Garix,2766788119236640,,60,,False,,,,,
7622587710456654949,2026-05-10 22:20:23.798049,7622587702860614440,,,W爱,2225038586818413,W爱,1210,,False,,,,,
7622584720794624378,2026-05-10 22:20:16.361543,7622584692558056233,,,爱笑的林缺牙,69696780418,爱笑的林缺牙,109,,False,,,,,
7616689567252948809,2026-05-10 19:32:59.933231,7595415427951593482,,眼中有爱 看什么都浪漫,小达,62531514367,,204,,False,,,,,
7608582158329218993,2026-05-09 23:01:27.400949,7608582116143123200,,,山一,2807469467763545,山一,1174,,False,,,,,
7616000274355719450,2026-05-10 19:07:08.044697,7616000705219922730,,,Yawen的旅行日记,61058947203,Yawen的旅行日记,899,,False,,,,,
7622618307623461297,2026-05-10 22:22:19.799339,7622618208138316585,,,袁家姑娘,105002342347,袁家姑娘,14,,False,,,,,
7614678904909249398,2026-05-10 17:40:07.311631,7614679000624515891,,,东麦,4068619693333071,东麦,429,,False,,,,,
7624816727734873674,2026-05-10 23:04:00.527168,7624816676957833994,,,小小鱼科普,1825607127931207,小小鱼科普,187,,False,,,,,
7620399525546518693,2026-05-10 21:26:44.620926,7620399485662923572,,,李大橙🍊,62330681520,李大橙🍊,496,,False,,,,,
7624827810493795624,2026-05-10 23:04:15.701157,7624828070679448370,,,船长觅食记,2418567499483216,船长觅食记,553,,False,,,,,
7624828997314644195,2026-05-11 08:49:23.275352,7624829056244124459,,,早见造型（招生中）,75096623039,早见造型（招生中）,142,,False,,,,,
7629731639669874858,2026-05-11 10:21:27.168457,7629731564531845894,,,油管趣评君,93009585183,油管趣评君,152,,False,,,,,
7617701331478210923,2026-05-10 20:01:54.723089,7617701312431524654,,,今天我请客,3764330554991031,今天我请客,21,,False,,,,,
7609956533716018030,2026-05-10 15:20:42.240446,7273890326624356412,,无畏契约：源能行动,Marc James Oshry,2256639322767180,,216,,False,,,,,
7614692584476419190,2026-05-10 17:40:15.245029,7614692565544733486,,,肖艾,3607969927008090,肖艾,37,,False,,,,,
7608600072049134867,2026-05-09 23:02:02.964448,7519336676859283493,,真英雄（Cover 张卫健）,古芮羽,3714574780990523,,246,,False,,,,,
7617695302783280105,2026-05-10 20:01:45.141150,7617695278350519083,,,胖胖不胖,2355596627027660,胖胖不胖,220,,False,,,,,
7629257393813943227,2026-05-11 10:10:44.390289,7629257377627343658,,,汤氏熊,104673032218,汤氏熊,775,,False,,,,,
7629709576249658670,2026-05-11 10:20:46.741381,7629709841019194122,,,大熊试车,2023580325385987,大熊试车,870,,False,,,,,
7622661718807722937,2026-05-10 22:24:24.575993,7622661715538086706,,,三指枪茶,2395203688466407,三指枪茶,182,,False,,,,,
7617668427645291819,2026-05-10 20:01:06.427365,7617668633908726537,,,宋大厨开饭了,193960750099144,宋大厨开饭了,468,,False,,,,,
7628636595221957922,2026-05-11 09:59:11.050620,7628637088115723027,,,野原新之助天下第一,52214818190,野原新之助天下第一,1153,,False,,,,,
7622634403139686129,2026-05-10 22:23:11.659193,7377880295368738835,,Epic Orchestra 03,musiqaide,63334565714,,150,,False,,,,,
7612906948089957682,2026-05-10 16:39:53.865762,7612907385891654410,,,俊古的旅行,102199408103,俊古的旅行,1220,,False,,,,,
7626301087217159439,2026-05-11 09:12:30.274391,7626301170432314155,,,北京一家五口（猪掌柜）,104941315465,北京一家五口（猪掌柜）,329,,False,,,,,
7614822729681947569,2026-05-10 17:44:08.360935,7437197742029981737,,心之火 (DJ版),细雨岸,2629687498514872,,294,,False,,,,,
7616710605931563963,2026-05-10 19:34:31.893904,122069239,,,六一不是猫,387444964594743,六一不是猫,640,,False,,,,,
7606349636491611443,2026-05-09 22:29:27.269243,7606350336151800622,,,爱养鱼的卓林,82568077052,爱养鱼的卓林,848,,False,,,,,
7608396217576558479,2026-05-09 22:57:59.101674,7608396087036103458,,,第七世界,3865481724043860,第七世界,26,,False,,,,,
7622236187164888703,2026-05-10 22:12:20.628539,7598742131261458483,,光头强小曲 (DJ版),Fkll,3932296188015599,,178,,False,,,,,
7606346439869992242,2026-05-09 22:29:12.716216,7606346519893068550,,,一夫吃什么,1700286408958492,一夫吃什么,241,,False,,,,,
7616704224759450916,2026-05-10 19:34:17.153849,7616704638759848767,,,行走的阳哥,3795953976616253,行走的阳哥,465,,False,,,,,
7627487586592849626,2026-05-11 09:37:56.137331,7627487637330250559,,,精神状态稳定的成年修勾,2889933675309911,精神状态稳定的成年修勾,525,,False,,,,,
7620562166927740187,2026-05-10 21:31:53.955933,7620561947422952230,,,荒野knife,3329786441645184,荒野knife,371,,False,,,,,
7606339079990529290,2026-05-09 22:28:55.590275,7606339253760838442,,,我是峻范,4424915299610188,我是峻范,843,,False,,,,,
7612556107408846714,2026-05-10 16:29:54.517843,7612556091582630694,,,麦总去哪吃,80374668589,麦总去哪吃,376,,False,,,,,
7626276962222361882,2026-05-11 09:11:15.527139,7389572905572976657,,Disaster（Phonk）,Vedox,1833638392759901,,169,,False,,,,,
7604815402157357925,2026-05-09 21:55:22.021052,7604815322004196132,,,蔡崽崽,7519137652848706620,蔡崽崽,159,,False,,,,,
7610818309927875046,2026-05-10 15:41:10.706333,7610818334195469107,,,松松（国服戈娅敖隐）,2944942974185564,松松（国服戈娅敖隐）,308,,False,,,,,
7618948192344184054,2026-05-10 20:41:01.416171,7530914005609548582,,欢喜就好,椰子水很甜,3932296188015599,,47,,False,,,,,
7625222206913873777,2026-05-11 08:54:07.793980,7528351508146243603,,水边的阿狄丽娜,理查德,97320233962,,162,,False,,,,,
7618961523033033993,2026-05-10 20:41:26.714905,7218035053794691073,,会开花的云,王樾安,63549369776,,50,,False,,,,,
7615182090787410533,2026-05-10 18:36:11.790507,7615182287459142415,,,阿灿西游记,3446306835283043,阿灿西游记,1668,,False,,,,,
7610279230388551141,2026-05-10 15:25:51.431552,7197758552160536578,,Siren in the Streets,The_Mountain,63734450893,,60,,False,,,,,
7622141830998446811,2026-05-10 22:09:44.872838,7494473325159860262,,别焦虑别内耗（氛围纯音乐）,迈卡,70475564609,,113,,False,,,,,
7612379944194932870,2026-05-10 16:27:13.282528,7612379944714308358,,,东麦,4068619693333071,东麦,218,,False,,,,,
7611431555038186752,2026-05-10 15:54:28.137102,7611431796307921705,,,丹妮妮妮妮,4266539925651144,丹妮妮妮妮,769,,False,,,,,
7622104948423619828,2026-05-10 22:08:54.999861,7613077682116741942,,,泪失禁,7552386772552090683,泪失禁,30,,False,,,,,
7612318688595152870,2026-05-10 16:26:55.887134,7612318699260873535,,,陈不败,450144834164788,陈不败,349,,False,,,,,
7610060039767854382,2026-05-10 15:24:32.851872,7610060263663881006,,What Do You Mean?,抖音公民,7478737189003625532,,1657,,False,,,,,
7617459786892022682,2026-05-10 19:56:57.441528,7617459798149237540,,,狐说科学,3219848612294903,狐说科学,239,,False,,,,,
7618783098435553151,2026-05-10 20:32:55.444261,7034415921842113316,,,老歌碎片,888018900362131,老歌碎片,30,,False,,,,,
7626301002040476514,2026-05-11 09:12:22.863629,7626301153898154790,,,迈扣来了,3742349960413367,迈扣来了,974,,False,,,,,
7627807559235483584,2026-05-11 09:41:29.904870,7627807499609279273,,,迈扣来了,3742349960413367,迈扣来了,1736,,False,,,,,
7608527639725216357,2026-05-09 23:00:51.018691,7334407767946053644,,第五人格,Longtran Final,7413593552401204283,,279,,False,,,,,
7612873805875527086,2026-05-10 16:39:00.345558,7612873791252843270,,,重庆旅游圈圈🫧,4276472660895035,重庆旅游圈圈🫧,207,,False,,,,,
7608523841056427264,2026-05-09 23:00:36.921224,7608525353056783140,,,老杨在这儿呢,76490866788,老杨在这儿呢,1256,,False,,,,,
7620414883888237870,2026-05-10 21:28:46.197862,7255756439318988801,,Paris,Miguel Angel Flores,61714625693,,209,,False,,,,,
7604440649315756155,2026-05-09 21:48:07.706898,7419013760923224090,,第五人格,Hi Noise,677727680342301,,248,,False,,,,,
7608516704481578276,2026-05-09 23:00:05.241397,7608517544487521030,,,奇游记,3230821306084052,奇游记,1509,,False,,,,,
7622511900726676762,2026-05-10 22:17:30.084154,7622511977222408987,,,爱喝饮料,253318799294810,爱喝饮料,320,,False,,,,,
7628682972862489786,2026-05-11 09:59:28.611359,7628683107843033919,,,叶来香🍁,1366034095289066,叶来香🍁,777,,False,,,,,
7622881684446682442,2026-05-10 22:27:12.937750,7598010257508223026,,马年进行曲,行走的荷尔蒙,61238059783,,205,,False,,,,,
7626613105853844736,2026-05-11 09:16:55.760448,7626613189759027987,,,李家夫妻闯天涯,423737215682475,李家夫妻闯天涯,373,,False,,,,,
7611381750254993082,2026-05-10 15:52:27.186546,7387410485414087434,,模板音乐,模板创作人,4160152793527774,,10,,False,,,,,
7621071409398016360,2026-05-10 21:43:30.463027,7468975203750510628,,Emergency(DJ骚硬曲),DJ利群先生,1558462517225322,,139,,False,,,,,
7622353782819117184,2026-05-10 22:16:32.938567,7622353669559733018,,,梦回曼彻斯特,21242388769,梦回曼彻斯特,72,,False,,,,,
7604477564245962404,2026-05-09 21:48:55.970137,7604477473752992521,,,姜sir,104965516488,姜sir,23,,False,,,,,
7604502587320539237,2026-05-09 21:49:29.950851,7459838426882197519,,欢欢喜喜拜新年（伴奏）,史琪玮,817631943473438,,214,,False,,,,,
7629669133952535859,2026-05-11 10:19:15.500990,7629669720308124443,,,一支小皮皮,93014940626,一支小皮皮,1739,,False,,,,,
7617482912950792938,2026-05-10 19:59:03.619071,7562125152523340590,,,Samar7.,1229713103400987,Samar7.,16,,False,,,,,
7612628373587758378,2026-05-10 16:34:48.493361,7612624956149369638,,,一支麦二狗脱口秀,84156492554,一支麦二狗脱口秀,279,,False,,,,,
7616321451854927097,2026-05-10 19:18:48.338783,7616321497841617690,,,呼啦林哥,82206509808,呼啦林哥,590,,False,,,,,
7617471821092922865,2026-05-10 19:58:00.526599,7504868015727462436,,初晴(雨后终会天晴),Soulloom苏洛牧,62531514367,,134,,False,,,,,
7615068716622974248,2026-05-10 18:31:51.277299,7615069384181730084,,,EVERBLUE,2843778343251833,EVERBLUE,1624,,False,,,,,
7629732848899231721,2026-05-11 10:21:32.669167,7629732836186049326,,,时政姐,81670141507,时政姐,184,,False,,,,,
7624756960725863720,2026-05-10 23:01:16.271118,7624756923933412142,,,史秀尔,1847635734706696,史秀尔,459,,False,,,,,
7618585078523792675,2026-05-10 20:30:02.957641,7618585190068800283,,,无人区番茄,1722312503074112,无人区番茄,304,,False,,,,,
7614039858742431011,2026-05-10 17:16:41.743141,7614039981765708563,,,喵喵漫剧,7611042509058409521,喵喵漫剧,293,,False,,,,,
7609220598820484570,2026-05-09 23:10:09.632527,7273890326624356412,,无畏契约：源能行动,Marc James Oshry,2256639322767180,,216,,False,,,,,
7627351417528091129,2026-05-11 09:31:47.970271,7622884129302006566,,,云南欲航拍,99483842475,云南欲航拍,338,,False,,,,,
7609602048346837169,2026-05-10 15:16:08.718152,7483748619510925331,,游京(DJ版)（Cover 海伦）,小王同学,3631047102432876,,213,,False,,,,,
7623750830222517691,2026-05-10 22:45:05.844434,7623750797083314994,,,𝐒𝐇𝐀𝐑𝐓.,2631575257255289,𝐒𝐇𝐀𝐑𝐓.,13,,False,,,,,
7609180256843509156,2026-05-09 23:08:39.200044,7048274083800172557,,过年的旋律（DJ完整版）,DJRE,82427871453,,182,,True,,,,,
7614081953885962341,2026-05-10 17:20:19.166917,7483020211517229057,,游京（悠悠的古城中）,DJ东东,96758255180,,186,,True,,,,,
7618258021319232778,2026-05-10 20:21:14.679924,7618258307706325770,,,「从地图出发」,59233673371,「从地图出发」,686,,False,,,,,
7616619523478687014,2026-05-10 19:25:37.011230,7616619533583174443,,,小正小正(吃遍全国),3646426805449965,小正小正(吃遍全国),301,,False,,,,,
7629960917693857487,2026-05-11 10:24:48.206282,7044789212947744783,,加勒比海盗主题曲,汉斯季默,852822075381933,,58,,True,,,,,
7618386657703628059,2026-05-10 20:21:46.813664,7618386761911143211,,,摄影师-蔺伟斌,13693908437,摄影师-蔺伟斌,421,,False,,,,,
7618390746021858575,2026-05-10 20:21:51.497433,7618390844302773033,,,音乐实验室,84762019689,音乐实验室,348,,False,,,,,
7626357094979861105,2026-05-11 09:14:00.300339,7554376340657817646,,出现又离开(live),梁博,109489676826,,403,,True,,,,,
7613498188251947142,2026-05-10 16:59:25.982557,7613498181422304051,,,贺岁大王（无限进步）,2788805259044668,贺岁大王（无限进步）,1080,,False,,,,,
7606640138227174707,2026-05-09 22:33:27.893595,7606640388618717993,,,小恩带你看世界,109935008848,小恩带你看世界,673,,False,,,,,
7628551066108245376,2026-05-11 09:55:40.172418,7620853813347665962,,Stay with me（氛围beat）,PPR,2195039514531303,,90,,False,,,,,
7628553182126640238,2026-05-11 09:55:46.399983,7517819983619983361,,VOLKSWAGEN FUNK (Super slowed),Horizontal,64199125898028,,109,,False,,,,,
7623641075144639978,2026-05-10 22:40:43.157567,7623641007577500442,,,铲铲宝,4194006349391900,铲铲宝,240,,False,,,,,
7609064878027902271,2026-05-09 23:07:28.751164,7609065711537097535,,,王一财经,7495719354778420284,王一财经,392,,False,,,,,
7613403675372834088,2026-05-10 16:57:40.173159,7613403997948496678,,,刘文说车,4006256313635299,刘文说车,530,,False,,,,,
7613693329217293583,2026-05-10 17:04:25.448539,7571415718931988516,,,丹妮妮妮妮,4266539925651144,丹妮妮妮妮,752,,False,,,,,
7614037271066790506,2026-05-10 17:16:18.805551,7380190705224730658,,带我飞得更高,刘汉成,59507590717,,191,,False,,,,,
7614563379857246602,2026-05-10 17:38:29.307763,7145697836263294978,,海屿你,马也_Crabbit / Cole先生,61148497740,,29,,True,,,,,
7620195063620177827,2026-05-10 21:20:27.417009,7620195140514204466,,,刘牛牛Moo,74554117809,刘牛牛Moo,373,,False,,,,,
7613924621491011705,2026-05-10 17:10:40.244062,7387410485414087434,,模板音乐,模板创作人,4160152793527774,,10,,False,,,,,
7361427727863385359,2026-05-09 21:21:25.402767,7361428199655426842,,,可乐猫视界,3338538583337303,可乐猫视界,1001,,False,,,,,
7609338322171351717,2026-05-10 15:14:01.276375,7609338288369503027,,,鱼儿音乐,740403717877975,鱼儿音乐,824,,False,,,,,
7620079364448816410,2026-05-10 21:18:18.296556,7377896533596178468,,感性抒情氛围  Soothing Light 15 minutes background music,Lynne Publishing,76318731614,,900,,False,,,,,
7624143967529061686,2026-05-10 22:52:12.153826,7624144060053162798,,,同济子豪兄,3320158611314916,同济子豪兄,334,,False,,,,,
7624142583161581553,2026-05-10 22:52:01.134330,7023041454201112613,,海阔天空 (旋律),Liu 9,3538682332591251,,140,,False,,,,,
7613973853982805258,2026-05-10 17:12:05.309146,7378246054716721215,,您事業的成功  The Success Of Your Business,Neon Light,4479863672808800,,146,,False,,,,,
7624128233126055168,2026-05-10 22:51:25.372865,7255756439318988801,,Paris,Miguel Angel Flores,61714625693,,209,,False,,,,,
7624124388409175976,2026-05-10 22:50:59.945280,7546804337574610998,,Pop Citypop Chill 5,JYMusic,7546510090830218298,,234,,False,,,,,
7446279061011303732,2026-05-09 21:22:40.118640,7637380753231235846,,,伍解千剧,819564100725786,伍解千剧,716,,False,,,,,
7609357409513535909,2026-05-10 15:14:20.714907,7609357340692810536,,,发财钢琴猪🎹,3028469680178491,发财钢琴猪🎹,284,,False,,,,,
7618109175780052274,2026-05-10 20:13:03.774670,7618109317308287782,,,穿越经纬线,1953147388176254,穿越经纬线,256,,False,,,,,
7611101579597892340,2026-05-10 15:44:55.126278,7611101745464494884,,,早见造型（招生中）,75096623039,早见造型（招生中）,189,,False,,,,,
7624364669393833243,2026-05-10 22:54:35.403395,7624364840450149158,,,快乐阿拉丁,104562301375,快乐阿拉丁,522,,False,,,,,
7626427296438626728,2026-05-11 09:15:33.243608,7626427269396859690,,,琪哥的曼生活,2665659219314471,琪哥的曼生活,291,,False,,,,,
7613728267015164846,2026-05-10 17:06:39.198815,7604743412450101265,,没经历也不懂,蓝韦现,4156596629058669,,60,,False,,,,,
7624063076110716170,2026-05-10 22:49:01.713996,7624063448216898354,,,max_inasia,2299786973424612,max_inasia,1141,,False,,,,,
7628209353560343144,2026-05-11 09:49:42.740588,7459590959694301247,,青山入画(古风纯音乐）,凯枫,3861108102276199,,151,,False,,,,,
7616632637231243697,2026-05-10 19:26:07.520330,7616632535396797184,,,大韩同学呀（大比同学）,3380378351974988,大韩同学呀（大比同学）,368,,False,,,,,
7617825646707131875,2026-05-10 20:07:54.664131,7617825701747510043,,,苏瑞,2837157471337820,苏瑞,379,,False,,,,,
7629206454704293618,2026-05-11 10:08:55.337543,7622914940352924462,,,盈江水酒哥,3492504097798135,盈江水酒哥,339,,False,,,,,
7617822110550881777,2026-05-10 20:07:47.601152,7617822004017253160,,,大彬子,104307924251,大彬子,9,,False,,,,,
7628558560288647013,2026-05-11 09:56:23.605813,7628558533197679403,,,卖个机吧,3439710085065700,卖个机吧,117,,False,,,,,
7628449286069521710,2026-05-11 09:53:16.782455,7241580918186526732,,ANGETENARAK,艾力哒哒,78981014358,,254,,True,,,,,
7613237163434721408,2026-05-10 16:48:11.193161,7402915560714192913,,红蝶战歌（红人魔）,MKJ,2230244478818477,,247,,False,,,,,
7613225214012362030,2026-05-10 16:47:48.530365,7613225373890956086,,,小文没文化,1559527259378028,小文没文化,351,,False,,,,,
7614474823338708262,2026-05-10 17:33:31.515866,7614474901340097318,,,小小鱼科普,1825607127931207,小小鱼科普,153,,False,,,,,
7629805050881256305,2026-05-11 10:22:44.934207,7629805061631183662,,,徐正科,3016699089534461,徐正科,621,,False,,,,,
7613196725288848692,2026-05-10 16:47:35.009908,7613197146342345515,,,阅木书栈,4365530439891280,阅木书栈,910,,False,,,,,
7603962632123059264,2026-05-09 21:39:50.241376,7532326928772450314,,LaVieNeMentPast,DJ.KK,4179716386592747,,244,,False,,,,,
7622046050094346993,2026-05-10 22:07:44.898794,7622046011325762350,,,Xnc,61607375198,Xnc,772,,False,,,,,
7613178044173548395,2026-05-10 16:47:20.422043,7130091702227978252,,Nijamena     (刘佳兴 Remix),刘佳兴,61815533058,,465,,True,,,,,
7626593522807852338,2026-05-11 09:16:38.875279,7626593603247786806,,,楠哥爱旅行,97369588612,楠哥爱旅行,610,,False,,,,,
7628444751822149870,2026-05-11 09:53:00.370015,7628444725401422646,,,小喆妈妈🌹光盘行动,4161000376117095,小喆妈妈🌹光盘行动,162,,False,,,,,
7618553026765410490,2026-05-10 20:28:21.549555,7090235699781241614,,,摄影小贤哥,62531514367,摄影小贤哥,28,,False,,,,,
7624793973290290486,2026-05-10 23:01:43.214053,7624794038331394866,,,说车视界,1362990039836392,说车视界,208,,False,,,,,
7613046905244896698,2026-05-10 16:46:01.707221,7597275508934264875,,Almost Forgot,音融三喜,102047272760,,219,,False,,,,,
7613045222004966506,2026-05-10 16:45:57.263584,7609545572449585966,,,看我拿臭鸡蛋丢你,291784277895120,看我拿臭鸡蛋丢你,80,,False,,,,,
7611226389173341466,2026-05-10 15:49:41.157467,7611226667113073458,,,社恐呆里克,1957587097488836,社恐呆里克,406,,False,,,,,
7614499745645579520,2026-05-10 17:36:12.917726,7614499972221766441,,,暴躁黑胶菌,1444123726321337,暴躁黑胶菌,361,,False,,,,,
7613009589230980378,2026-05-10 16:45:27.211523,7613009902529039114,,,福爸说人形机器人,2007077096004073,福爸说人形机器人,705,,False,,,,,
7611291427854617862,2026-05-10 15:50:36.327369,7611293721199381291,,,S总,295141165765854,S总,1959,,False,,,,,
7603891979139719610,2026-05-09 21:38:57.454045,7603891997146630948,,,君君 🎙️,1917175243486452,君君 🎙️,761,,False,,,,,
7613263617005260072,2026-05-10 16:49:02.851980,7613263832622140170,,,我是峻范,4424915299610188,我是峻范,1048,,False,,,,,
7616561585540091145,2026-05-10 19:22:59.193876,7616560208478849801,,,章鱼观察室,2289638544514955,章鱼观察室,459,,False,,,,,
7619989500165151626,2026-05-10 21:14:32.854620,7619989897134213929,,,老黄游钓中国,80591780242,老黄游钓中国,1668,,False,,,,,
7624483034720532645,2026-05-10 22:58:09.458421,7616263511052601370,,Bubble Joy,Mochi Koko,110552467352,,173,,False,,,,,
7628214670415799930,2026-05-11 09:50:43.180903,7578871432491302927,,,阿文旅吃,102240024784,阿文旅吃,511,,False,,,,,
7608971859098422578,2026-05-09 23:06:59.589431,7608972497132227355,,,潇潇国内游,817631943473438,潇潇国内游,210,,False,,,,,
7614175758595984680,2026-05-10 17:25:55.678633,7614175881376107318,,,吃喝玩乐在兰州（大碗哥）,67902545395,吃喝玩乐在兰州（大碗哥）,92,,False,,,,,
7619990977893339510,2026-05-10 21:14:47.055891,7619990988999723839,,,是吨吨呀,4095052964698830,是吨吨呀,247,,False,,,,,
7568702566624808202,2026-05-09 21:34:15.378410,7568702757029350198,,,人文清华,106115453755,人文清华,5163,,False,,,,,
7614335501419482410,2026-05-10 17:26:49.724938,7614337003101899563,,,摄影师-蔺伟斌,13693908437,摄影师-蔺伟斌,650,,False,,,,,
7629079501259033883,2026-05-11 10:08:08.526456,7629079302692195081,,,牛油桃桃,3010939381093891,牛油桃桃,531,,False,,,,,
7609674990040460682,2026-05-10 15:17:56.270658,7609674982213372714,,,荒野求生,2878934067459015,荒野求生,608,,False,,,,,
7608900298522890850,2026-05-09 23:04:47.670392,7125397755698284552,,黄梅戏 (王玉波 Remix),王玉波,105857154270,,95,,True,,,,,
7606609617145273841,2026-05-09 22:32:48.469186,7606609521301310243,,,梗中画,3318769496367632,梗中画,69,,False,,,,,
7613337114402491663,2026-05-10 16:53:26.190098,7613542833823255342,,,纪录频道,1959751619709744,纪录频道,901,,False,,,,,
7628091879809301178,2026-05-11 09:44:24.944462,7562748951942793262,,不值得 (DJ纯享版),A.A.F,1741223712532815,,174,,False,,,,,
7608919829953484651,2026-05-09 23:05:24.655675,7419214980241213455,,纯音乐（温暖治愈）,赵东俊,62652491562,,146,,False,,,,,
7623331368780443363,2026-05-10 22:35:10.097147,6802210511095072775,,你的样子（吉他版） (Cover 罗大佑),郭锌,106667874440,,59,,True,,,,,
7611074938762364921,2026-05-10 15:43:02.965421,7611075176580500276,,,汤氏熊,104673032218,汤氏熊,1030,,False,,,,,
7613290045008612660,2026-05-10 16:50:07.214444,7613290113997212435,,,白小美环游记,1249516004848823,白小美环游记,288,,False,,,,,
7629910024546217395,2026-05-11 10:23:21.965558,7629910335432002345,,,这个字我不会读,82346650403,这个字我不会读,503,,False,,,,,
7604879605300816057,2026-05-09 21:57:33.839637,7604879505324346127,,,野兽中文配音版本,1873157740312414,野兽中文配音版本,935,,False,,,,,
7625074635570154771,2026-05-11 08:51:51.731039,7625074733507431178,,,逛吃小猪猪,60090810439,逛吃小猪猪,558,,False,,,,,
7628879370845202794,2026-05-11 10:01:24.820887,7628879337651014438,,,阿羡吃不饱,3968572523288985,阿羡吃不饱,326,,False,,,,,
7612215224029181106,2026-05-10 16:21:15.055398,7612215354835946278,,,印度美食君,871289132418339,印度美食君,293,,False,,,,,
7625874330726960438,2026-05-11 09:02:24.978551,7625874430744464138,,,刘比比.,1256069719395371,刘比比.,203,,False,,,,,
7625877545778531594,2026-05-11 09:02:36.178370,7378199608760485914,,影视氛围悬疑紧张  Chain Of Custody,VP Studios,2613976640013497,,180,,False,,,,,
7611910661564297115,2026-05-10 16:14:10.420054,7611911021988449043,,,达哥在上海,106609474987,达哥在上海,873,,False,,,,,
7612214208876694897,2026-05-10 16:20:46.290663,7612214208008047360,,,野兽中文配音,175528735670319,野兽中文配音,1471,,False,,,,,
7625884800724847891,2026-05-11 09:02:50.317522,7625885031466371876,,,东老三,1557374774820199,东老三,819,,False,,,,,
7629600464027372852,2026-05-11 10:17:52.652259,7629600730219219758,,,密子君,59926124353,密子君,663,,False,,,,,
7611902523816955199,2026-05-10 16:13:23.860758,7611903195446610714,,,大地探索者田师傅,866039649546583,大地探索者田师傅,698,,False,,,,,
7610762906937855266,2026-05-10 15:38:56.135958,7307085063940818984,,残花悬疑、惊悚、紧张的影视配乐,龙福肆,1556508293474877,,162,,True,,,,,
7615730766018310278,2026-05-10 18:52:55.966564,7615730789845568275,,,东麦,4068619693333071,东麦,129,,False,,,,,
7617116763083867226,2026-05-10 19:48:24.221046,7529044493797115913,,Melodic Minor,BLASK,7563164082037163066,,115,,False,,,,,
7616257854567091482,2026-05-10 19:13:31.762372,7616477415644089134,,,阿睿的旅行,98479842457,阿睿的旅行,369,,False,,,,,
7615808237141164699,2026-05-10 18:53:27.381582,7416924181868939280,,Once Upon A Time(超然版),DJ小念,935064843594989,,216,,False,,,,,
7627046821084286217,2026-05-11 09:24:26.784809,7273955300633004073,,Brief Pause,August Son Productions,3370423078618472,,296,,False,,,,,
7617116714296200826,2026-05-10 19:47:56.506885,7617116668044512040,,,忘川V_V,7443053031029261326,忘川V_V,186,,False,,,,,
7619305295085105009,2026-05-10 20:51:21.107387,7619305173078199080,,,阿珍聊澳门,1479280516937769,阿珍聊澳门,51,,False,,,,,
7605624352293534821,2026-05-09 22:13:02.293199,6933492549520836622,,蒸 汽 波,xxxvlone,962776421900567,,137,,True,,,,,
7615549323976109994,2026-05-10 18:44:55.329824,7560150987012212746,,王者荣耀,Ryan,1563972551051920,,166,,False,,,,,
7621422426374590170,2026-05-10 21:53:24.123998,7445053060495722533,,落日 (氛围感BGM),曲线炸弹,1418845393275051,,145,,False,,,,,
7617392776749950618,2026-05-10 19:53:02.332731,7617392826806160155,,,王老虎下馆子,1851227878994435,王老虎下馆子,393,,False,,,,,
7619320269798231269,2026-05-10 20:52:37.806004,7619320166869977871,,,墨默无闻,96546623945,墨默无闻,74,,False,,,,,
7625565814087537083,2026-05-11 08:57:34.690943,7402933458399873040,,霍金进行曲,胖猫,95268035255,,138,,False,,,,,
7615607561005707343,2026-05-10 18:49:41.350910,7615607918536592128,,,Fong,94186910007,Fong,2758,,False,,,,,
7621882121933704475,2026-05-10 22:04:17.464566,7621882213063330579,,,LElE,916344345992186,LElE,710,,False,,,,,
7617340590414769521,2026-05-10 19:50:55.680659,7312038025209315340,,,发财钢琴猪🎹,3028469680178491,发财钢琴猪🎹,239,,False,,,,,
7619256109413916323,2026-05-10 20:46:53.764777,7619256067041872690,,,厦门领队小令🌴,7547603779472032826,厦门领队小令🌴,22,,False,,,,,
7612176808250789147,2026-05-10 16:19:09.809638,7612166652989475622,,,鲸生旅行,1789628794020988,鲸生旅行,1589,,False,,,,,
7620748335854505259,2026-05-10 21:35:00.847867,7620748405882489642,,,镭老六,7517175054816625723,镭老六,270,,False,,,,,
7616272606450240768,2026-05-10 19:14:44.113737,7616272513458244398,,,yyp📷,3888350629990030,yyp📷,60,,False,,,,,
7627868054499659060,2026-05-11 09:42:47.533513,7627868435954961198,,,流浪的路飞,255519750626735,流浪的路飞,755,,False,,,,,
7628902971924843782,2026-05-11 10:03:05.198538,7628902963938855716,,,寻尝姐妹,1292655307010672,寻尝姐妹,578,,False,,,,,
7605193423230905280,2026-05-09 22:04:10.129779,7605193406331276082,,,麻吉大叔,4242333923018035,麻吉大叔,473,,False,,,,,
7615563220561199778,2026-05-10 18:46:05.017760,7615563721695382322,,,盈盈吃不饱🍖,93485574432,盈盈吃不饱🍖,731,,False,,,,,
7615564185119853824,2026-05-10 18:46:11.485937,7615564222059039529,,,大雄去哪李,102902337669,大雄去哪李,732,,False,,,,,
7627042505527135523,2026-05-11 09:24:13.448272,6940397706383034370,,但愿人长久,邓丽君,3549702522931595,,60,,False,,,,,
7615603061091880232,2026-05-10 18:49:11.704743,7615603305838201642,,,高文麒,1333049915868445,高文麒,711,,False,,,,,
7606289987432172815,2026-05-09 22:26:14.167594,7606290803288165126,,,屿山行,3595876437868041,屿山行,743,,False,,,,,
7612032524281633254,2026-05-10 16:16:42.581883,7558299426017413155,,巅峰之战（激情版）,蓝颜,2630512660721741,,169,,False,,,,,
7626989898100215091,2026-05-11 09:22:34.190233,7626990678593309481,,,俊古的旅行,102199408103,俊古的旅行,1250,,False,,,,,
7625820948268627368,2026-05-11 09:01:34.495904,7524524819998066727,,Booty Music,DJ小陆,58621523155,,70,,False,,,,,
7625828911510719750,2026-05-11 09:01:41.555072,7625829164553128754,,,宋大厨开饭了,193960750099144,宋大厨开饭了,763,,False,,,,,
7615599744190018742,2026-05-10 18:48:45.539782,7057742376525170690,,行走,家园计划,866039649546583,,232,,False,,,,,
7605481837024054566,2026-05-09 22:08:55.571862,7533062809199527978,,压迫感神曲,冉晴晴,2612854227479903,,231,,False,,,,,
7615457079028993332,2026-05-10 18:43:07.015333,7241580918186526732,,ANGETENARAK,艾力哒哒,78981014358,,254,,True,,,,,
7627703821750787558,2026-05-11 09:39:51.240847,7627703783224576795,,,景林,518581691355599,景林,265,,False,,,,,
7610431247386711394,2026-05-10 15:31:51.022472,7426547696189065232,,天真的橡皮 (热播DJ),航sir,9218338064655,,321,,False,,,,,
7606272312576843633,2026-05-09 22:24:10.053272,7606272222113598227,,,文生聊澳門,898766171813660,文生聊澳門,80,,False,,,,,
7611810271555882282,2026-05-10 16:06:42.618884,7611810687728175923,,,爱徒步的铁柱,99022032034,爱徒步的铁柱,991,,False,,,,,
7612270575100485755,2026-05-10 16:24:04.035742,7223314484093405186,,EXTA$Y+ (Remake),VodKe & HSHK & PNAN & 花凯,2214888369045123,,194,,True,,,,,
7628172065980632242,2026-05-11 09:46:55.906337,7628172921843895040,,,yuanq,1710483265555016,yuanq,2625,,False,,,,,
7612285144666164938,2026-05-10 16:25:31.114121,6751340782059257868,,打字声,unknown,1019947597443280,,6,,False,,,,,
7621928864592657905,2026-05-10 22:06:48.971091,7621929120582224681,,,灼灼其华,102061179999,灼灼其华,463,,False,,,,,
7608143203951415973,2026-05-09 22:55:34.868870,7608143185832774419,,,麦总去哪吃,80374668589,麦总去哪吃,296,,False,,,,,
7615934281471260785,2026-05-10 19:00:16.602096,7120197946495076382,,可爱小孩,如期而至,3364951001409246,,215,,True,,,,,
7619483545254031598,2026-05-10 20:55:21.570556,7619483503315995438,,,一叶知潮,1151886349844040,一叶知潮,10,,False,,,,,
7610649614208055141,2026-05-10 15:33:51.735277,7610649754837535526,,,骑士老船长,101664000749,骑士老船长,963,,False,,,,,
7615224030290778213,2026-05-10 18:38:39.404835,7615224167096535854,,,宙斯侃世界,96278584664,宙斯侃世界,434,,False,,,,,
7625981090549198568,2026-05-11 09:06:52.417495,7625981155225537343,,,麻辣兔,101933478124,麻辣兔,123,,False,,,,,
7610667151669693742,2026-05-10 15:34:33.658686,7610667394540768042,,,杭州薛大胖,76034912847,杭州薛大胖,468,,False,,,,,
7606668586329053029,2026-05-09 22:35:56.533165,7606668752297413385,,,阿文哇哦,83735353088,阿文哇哦,327,,False,,,,,
7611781654897593600,2026-05-10 16:05:47.651074,7611782015783930643,,,爱车的井,2643640166922301,爱车的井,460,,False,,,,,
7615227324790855921,2026-05-10 18:39:22.826837,7600113376019744784,,2 AM,smeraldelion,413853779498480,,163,,False,,,,,
7607345384344848241,2026-05-09 22:46:09.261432,7568422333568778299,,,大韩同学呀（大比同学）,3380378351974988,大韩同学呀（大比同学）,387,,False,,,,,
7611733217149799720,2026-05-10 16:04:04.161008,7589586304774438975,,,yyp📷,3888350629990030,yyp📷,63,,False,,,,,
7605855559791552954,2026-05-09 22:15:55.147993,7312848399266695205,,Flash (Version+Slow),MIRBRO&MewlanOfficial,2098337153298784,,152,,True,,,,,
7607401706338403529,2026-05-09 22:47:56.549908,7491508465736157211,,这个旋律有点毒,丞一,2612907937135933,,74,,False,,,,,
7629352397693693882,2026-05-11 10:14:15.882390,7402951195481866275,,,智森蝶是小毛驴,99411835854,智森蝶是小毛驴,650,,False,,,,,
7627056543288134958,2026-05-11 09:25:33.485958,7627056596816874286,,,小程在路上,7614130569052652603,小程在路上,83,,False,,,,,
7612238712831234417,2026-05-10 16:23:07.219565,7538465736809777959,,,旺旺仙贝🔥,106137335578,旺旺仙贝🔥,15,,False,,,,,
7615904787988499722,2026-05-10 18:57:56.058521,7615906489001118470,,,小恩带你看世界,109935008848,小恩带你看世界,1595,,False,,,,,
7615905883579686330,2026-05-10 18:58:15.283356,7613965360338356262,,MI RESPIRAR (爆燃版),BlastW,3507877128707081,,115,,False,,,,,
7611565006647299370,2026-05-10 16:01:51.913438,6781652182266546177,,风继续吹,张国荣,4411673661936495,,60,,False,,,,,
7616000617757360377,2026-05-10 19:07:27.996529,7616000907536304948,,,硬糖玛奇朵加盐travel,7442352704674513979,硬糖玛奇朵加盐travel,1232,,False,,,,,
7610473208995891455,2026-05-10 15:33:03.065798,7610473202241899273,,,东麦,4068619693333071,东麦,193,,False,,,,,
7627052493003853056,2026-05-11 09:25:09.054918,7627052586495003438,,,丹妮妮妮妮,4266539925651144,丹妮妮妮妮,786,,False,,,,,
7617054936418076520,2026-05-10 19:45:14.187830,6957340031920965668,,III,Athletics,101122089665,,370,,True,,,,,
7619071272195144659,2026-05-10 20:43:40.615547,92972789,,,奈提奈特,65358609873,奈提奈特,777,,False,,,,,
7619168665321098511,2026-05-10 20:44:22.845999,7619168714805529407,,,HOLA小测佬,4340511206015591,HOLA小测佬,443,,False,,,,,
7612291740166847130,2026-05-10 16:26:02.389159,7540857597718972442,,Tides of Time,加奈,7482071004307768379,,188,,False,,,,,
7621201604418473268,2026-05-10 21:50:20.541966,7621202291395840809,,,主角,4452355345225641,主角,1906,,False,,,,,
7607144227364965674,2026-05-09 22:44:09.762821,7607145126418336553,,,艺术的瓶子,2608492022339043,艺术的瓶子,455,,False,,,,,
7612123014739002289,2026-05-10 16:18:07.382020,7593390161544284161,,严成玹进行曲 （1.13 BLINK @ BYTE SET 16）,DJ  Wu,,,60,,False,,,,,
7630019833614260146,2026-05-11 10:26:27.131687,7450325997642205235,,熊出没 (DJ版),少女锦诗,,,177,,False,,,,,
7611455717287928182,2026-05-10 15:55:17.546340,7553857083997784083,,虚空（露骨版）,VodKe,,,216,,False,,,,,
7608606336431579889,2026-05-09 23:02:11.252837,7378271864047781924,,搞笑滑稽搞怪,MrM,,,67,,False,,,,,
7613972782452876678,2026-05-10 17:11:52.790657,7433301580978423809,,,Sampract,180772868205326,,170,,False,,,,,
7624868147074905466,2026-05-11 08:50:17.244006,7376286564488022054,,叙事钢琴曲  Ishtar,Hertz Box Music,,,380,,False,,,,,
7605957861881069285,2026-05-09 22:20:44.722605,7441648325936465971,,爱的魔法（Beat版）,Eddie Chen,,,120,,False,,,,,
7614599173911973147,2026-05-10 17:39:09.792016,7606163979232659475,,伏黑甚尔进行曲,Yuuuioo,,,112,,False,,,,,
7624882276250394853,2026-05-11 08:50:23.374704,7117540238846593031,,Free Loop (抒情版),Y2002,,,30,,False,,,,,
7609947132375731507,2026-05-10 15:20:26.396176,7533063891376146451,,浮光(TheHistory),DJ.KK,,,258,,False,,,,,
7615898342330391483,2026-05-10 18:57:21.009295,7600968849777084443,,别辜负眼前季节 (咏春DJ),阿兰,,,199,,False,,,,,
7605946126495502830,2026-05-09 22:20:26.723176,7470017690771589137,,night butterfly,MARC,,,573,,False,,,,,
7609915421256454521,2026-05-10 15:19:57.711266,7563933003066198032,,FELL DOWN(风象星座曲),DJ刘恋,,,78,,False,,,,,
7627317793243532495,2026-05-11 09:30:29.886283,7552994836731873318,,让我们自由选择,Martins Garix,,,60,,False,,,,,
7610746540487381568,2026-05-10 15:37:19.457210,7441873421582075920,,,王睿卓,4146948848237571,,270,,True,,,,,
7615834376986713338,2026-05-10 18:54:55.782257,7268515104068143139,,,胡大强,642590703366144,,56,,True,,,,,
7614401855683468731,2026-05-10 17:28:52.262559,7444054369902805007,,,BGM President,2431743112788867,,136,,False,,,,,
7626952398036770203,2026-05-11 09:21:45.251404,6548550835465358084,,,老猫先生,96161394401,,106,,True,,,,,
7626584955816021274,2026-05-11 09:16:27.125596,7620853813347665962,,Stay with me（氛围beat）,PPR,,,90,,False,,,,,
7613295014583488869,2026-05-10 16:50:36.045711,7554598305457539082,,霸气出场,Emma,,,88,,False,,,,,
7629954694328106682,2026-05-11 10:24:38.507560,7554293296957933578,,Steer掌控全局（Phonk）,GFY1994,,,47,,False,,,,,
7613249136695037190,2026-05-10 16:48:34.827082,7547914423790209050,,,星驰Stellar,3026288407222455,,331,,False,,,,,
7606728250346260342,2026-05-09 22:37:43.203253,7378253393087924278,,辽阔的天空  Vastness I,Paul Werner,,,117,,False,,,,,
7614471156633153723,2026-05-10 17:33:19.407423,7540481706798532659,,Hypernova,voked,,,105,,False,,,,,
7627428173412510885,2026-05-11 09:34:58.304809,7555325291578869770,,Baby I'm Sorry（抖音DJ热门版）,DJ小萱,,,225,,False,,,,,
7615615273009155370,2026-05-10 18:50:46.253425,7561263228492892211,,Memories,VodKe/Klinn,,,158,,False,,,,,
7616198902781333135,2026-05-10 19:11:16.040818,7488577380597319706,,沦陷(DJ热播版)（青村秀和 Remix）,青村秀和,,,153,,False,,,,,
7626732295185939621,2026-05-11 09:20:34.288332,6849420627657394178,,指纹（《轩辕剑》插曲）,胡歌,,,60,,False,,,,,
7618049585446311803,2026-05-10 20:11:30.554400,6872042114608269326,,,郭腾腾,97104954828,,144,,True,,,,,
7624095540645677307,2026-05-10 22:49:48.763622,7485935357256189971,,VOLKSWAGEN(PHONK),Cub L,,,101,,False,,,,,
7628899504523476042,2026-05-11 10:03:00.086932,7338741466124519478,,,赵东俊,72620944404,,144,,True,,,,,
7629287751103553649,2026-05-11 10:11:37.273301,7446700296208353318,,烟火人间,故人,,,167,,False,,,,,
7615434929468617894,2026-05-10 18:42:44.345525,6889607397178869762,,GTA San Andreas Theme (Remake),Ben Morfitt (SquidPhysics),,,60,,False,,,,,
7616288594772222894,2026-05-10 19:16:02.627073,7575763508551534601,,雪域,扎多,,,158,,False,,,,,
7610867072432015818,2026-05-10 15:41:25.443479,7577606534659442738,,我要验牌,精彩轩迪,,,62,,False,,,,,
7608136711474782649,2026-05-09 22:55:24.359325,7518228916663846924,,弹簧靴恰恰,星亦白,,,149,,False,,,,,
7619692692443827466,2026-05-10 21:10:52.737086,7567331941116037172,,丧尽,Lena,,,244,,False,,,,,
7628419080253154033,2026-05-11 09:52:51.323645,7561263228492892211,,Memories,VodKe/Klinn,,,158,,False,,,,,
7619240561887912774,2026-05-10 20:46:04.661114,7184132494462027815,,无畏契约（Valorant）,"Chester Young, Rave Republic, Kris Kiss",,,185,,False,,,,,
7611011317172450661,2026-05-10 15:41:36.451185,7387410485414087434,,模板音乐,模板创作人,,,10,,False,,,,,
7627888154590131446,2026-05-11 09:43:23.770740,7098769491340822564,,太聪明,陈绮贞,,,263,,False,,,,,
7605078447808285041,2026-05-09 21:59:25.591900,7560618091928242186,,,BLASK,203823199051339,,139,,False,,,,,
7621760275826371682,2026-05-10 22:01:45.617231,7079112655348172814,,仙剑奇侠传(纯音乐),静哥,,,120,,False,,,,,
7615523753270777545,2026-05-10 18:44:30.418454,7024767345451452417,,Funkytown,Lipps Inc.,,,235,,False,,,,,
7629680149474069769,2026-05-11 10:19:50.664594,6543165033839659790,,,赵海洋,61593657326,,161,,True,,,,,
7625186941521558390,2026-05-11 08:53:15.531313,,,直播间带货榜,,,,,,,,,,,
7627805720137714970,2026-05-11 09:41:26.811616,,,直播间带货榜,,,,,,,,,,,
7628216110852230450,2026-05-11 09:51:03.794997,,,直播间带货榜,,,,,,,,,,,
7628146721394410394,2026-05-11 09:46:07.782531,,,直播间带货榜,,,,,,,,,,,
7624466873123441935,2026-05-10 22:56:25.755362,,,直播间带货榜,,,,,,,,,,,
7625200810439834553,2026-05-11 08:53:23.158534,,,直播间带货榜,,,,,,,,,,,
7629650380184692132,2026-05-11 10:18:29.610964,,,直播间带货榜,,,,,,,,,,,
7624463926386615717,2026-05-10 22:56:10.632661,,,直播间带货榜,,,,,,,,,,,
7628882575699873064,2026-05-11 10:01:32.899561,,,直播间带货榜,,,,,,,,,,,
7626358369405867188,2026-05-11 09:14:02.712900,,,直播间带货榜,,,,,,,,,,,
7629281095209693861,2026-05-11 10:11:16.943145,,,直播间带货榜,,,,,,,,,,,
7629665962081714787,2026-05-11 10:19:04.565700,,,直播间带货榜,,,,,,,,,,,
7627417139495256057,2026-05-11 09:34:49.441819,,,直播间带货榜,,,,,,,,,,,
7627799756198169891,2026-05-11 09:41:20.869666,,,直播间带货榜,,,,,,,,,,,
7627492482841939215,2026-05-11 09:38:14.169630,,,直播间带货榜,,,,,,,,,,,
7629339645013566053,2026-05-11 10:13:43.139446,,,直播间带货榜,,,,,,,,,,,
7629337027342847267,2026-05-11 10:13:40.315340,,,直播间带货榜,,,,,,,,,,,
7627733960478526747,2026-05-11 09:40:19.601416,,,直播间带货榜,,,,,,,,,,,
7627415695114588530,2026-05-11 09:34:45.910036,,,直播间带货榜,,,,,,,,,,,
7627428059498466598,2026-05-11 09:34:56.008825,,,直播间带货榜,,,,,,,,,,,
7628548054651587881,2026-05-11 09:55:21.493272,,,直播间带货榜,,,,,,,,,,,
7628939579731239098,2026-05-11 10:05:10.413375,,,直播间带货榜,,,,,,,,,,,
7627426969134681395,2026-05-11 09:34:53.804469,,,直播间带货榜,,,,,,,,,,,
7628951883876404530,2026-05-11 10:05:38.197559,,,直播间带货榜,,,,,,,,,,,
7627420702680861987,2026-05-11 09:34:51.648605,,,直播间带货榜,,,,,,,,,,,
7626002365396667682,2026-05-11 09:08:16.645116,,,直播间带货榜,,,,,,,,,,,
7627732844999183631,2026-05-11 09:40:17.460015,,,直播间带货榜,,,,,,,,,,,
7626638016841118458,2026-05-11 09:17:30.643660,,,直播间带货榜,,,,,,,,,,,
7627431605422901425,2026-05-11 09:35:07.464176,,,直播间带货榜,,,,,,,,,,,
7627315188374441226,2026-05-11 09:30:27.056533,,,直播间带货榜,,,,,,,,,,,
7627077550971573210,2026-05-11 09:26:45.161906,,,直播间带货榜,,,,,,,,,,,
7626022842097798406,2026-05-11 09:08:35.441533,,,直播间带货榜,,,,,,,,,,,
7627512585643186687,2026-05-11 09:39:02.959785,,,直播间带货榜,,,,,,,,,,,
7629237346789100834,2026-05-11 10:09:43.001468,,,直播间带货榜,,,,,,,,,,,
7628113118803152166,2026-05-11 09:45:01.071710,,,直播间带货榜,,,,,,,,,,,
7627440871650296229,2026-05-11 09:35:21.658494,,,直播间带货榜,,,,,,,,,,,
7627722299139328360,2026-05-11 09:40:11.636654,,,直播间带货榜,,,,,,,,,,,
7628498597714449913,2026-05-11 09:53:38.666845,,,直播间带货榜,,,,,,,,,,,
7627727932538096911,2026-05-11 09:40:15.236144,,,直播间带货榜,,,,,,,,,,,
7628561201903045923,2026-05-11 09:56:36.984951,,,直播间带货榜,,,,,,,,,,,
7624485854974577983,2026-05-10 22:58:20.935804,,,直播间带货榜,,,,,,,,,,,
7624485456725462307,2026-05-10 22:58:16.685076,,,直播间带货榜,,,,,,,,,,,
7626016770154941723,2026-05-11 09:08:33.084924,,,直播间带货榜,,,,,,,,,,,
7626642410856107310,2026-05-11 09:17:35.145242,,,直播间带货榜,,,,,,,,,,,
7629939367956018537,2026-05-11 10:24:27.189832,,,直播间带货榜,,,,,,,,,,,
7629308118224633275,2026-05-11 10:12:29.987342,,,直播间带货榜,,,,,,,,,,,
7629941680947814641,2026-05-11 10:24:29.494808,,,直播间带货榜,,,,,,,,,,,
7628852351016668470,2026-05-11 10:00:21.597057,,,直播间带货榜,,,,,,,,,,,
7629308315826179379,2026-05-11 10:12:32.123102,,,直播间带货榜,,,,,,,,,,,
7628168149820591360,2026-05-11 09:46:53.437945,,,直播间带货榜,,,,,,,,,,,
7624471382264892786,2026-05-10 22:57:52.655302,,,直播间带货榜,,,,,,,,,,,
7625487788040850730,2026-05-11 08:56:17.146124,,,直播间带货榜,,,,,,,,,,,
7625167628769215220,2026-05-11 08:52:41.026071,,,直播间带货榜,,,,,,,,,,,
7626212603328564507,2026-05-11 09:10:24.250073,,,直播间带货榜,,,,,,,,,,,
7629630078435942577,2026-05-11 10:18:21.500234,,,直播间带货榜,,,,,,,,,,,
7626570767328709928,2026-05-11 09:16:22.228491,,,直播间带货榜,,,,,,,,,,,
7629189671267929382,2026-05-11 10:08:38.306887,,,直播间带货榜,,,,,,,,,,,
7627486597511957806,2026-05-11 09:37:53.771260,,,直播间带货榜,,,,,,,,,,,
7628545446177199103,2026-05-11 09:55:19.221976,,,直播间带货榜,,,,,,,,,,,
7624896086624216740,2026-05-11 08:50:47.124367,,,直播间带货榜,,,,,,,,,,,
7626707224848616767,2026-05-11 09:19:18.812751,,,直播间带货榜,,,,,,,,,,,
7627395615031071668,2026-05-11 09:33:11.275480,,,直播间带货榜,,,,,,,,,,,
7629185729414974729,2026-05-11 10:08:35.950665,,,直播间带货榜,,,,,,,,,,,
7628870353300884799,2026-05-11 10:00:59.283360,,,直播间带货榜,,,,,,,,,,,
7629179264033688883,2026-05-11 10:08:33.726392,,,直播间带货榜,,,,,,,,,,,
7627495477520387343,2026-05-11 09:38:25.318423,,,直播间带货榜,,,,,,,,,,,
7630014884222350513,2026-05-11 10:25:57.842482,,,直播间带货榜,,,,,,,,,,,
7626722211893824810,2026-05-11 09:20:14.145403,,,直播间带货榜,,,,,,,,,,,
7629658786092895488,2026-05-11 10:19:02.093556,,,直播间带货榜,,,,,,,,,,,
7626396310245018915,2026-05-11 09:14:38.114733,,,直播间带货榜,,,,,,,,,,,
7627501413660134707,2026-05-11 09:38:52.843619,,,直播间带货榜,,,,,,,,,,,
7624340938341117435,2026-05-10 22:53:43.082892,,,直播间带货榜,,,,,,,,,,,
7625971608540302655,2026-05-11 09:06:09.298811,,,直播间带货榜,,,,,,,,,,,
7629319206391747490,2026-05-11 10:12:51.266444,,,直播间带货榜,,,,,,,,,,,
7625266759122124394,2026-05-11 08:55:15.103095,,,直播间带货榜,,,,,,,,,,,
7628948286405102882,2026-05-11 10:05:28.598697,,,直播间带货榜,,,,,,,,,,,
7624389377477627081,2026-05-10 22:54:48.839785,,,直播间带货榜,,,,,,,,,,,
7624339345788456226,2026-05-10 22:53:39.712423,,,直播间带货榜,,,,,,,,,,,
7624227026027152315,2026-05-10 22:53:37.445492,,,直播间带货榜,,,,,,,,,,,
7626218085296442664,2026-05-11 09:10:32.404407,,,直播间带货榜,,,,,,,,,,,
7628188193254838961,2026-05-11 09:48:01.392187,,,直播间带货榜,,,,,,,,,,,
7626720045296536842,2026-05-11 09:20:00.554060,,,直播间带货榜,,,,,,,,,,,
7625981664917646035,2026-05-11 09:06:58.922248,,,直播间带货榜,,,,,,,,,,,
7627928473400029925,2026-05-11 09:43:54.042878,,,直播间带货榜,,,,,,,,,,,
7628203471505755438,2026-05-11 09:49:04.317422,,,直播间带货榜,,,,,,,,,,,
7627790321199705009,2026-05-11 09:41:10.737081,,,直播间带货榜,,,,,,,,,,,
7625258222202539305,2026-05-11 08:54:51.013105,,,直播间带货榜,,,,,,,,,,,
7626716783591869702,2026-05-11 09:19:58.393589,,,直播间带货榜,,,,,,,,,,,
7627751964402666788,2026-05-11 09:40:35.289289,,,直播间带货榜,,,,,,,,,,,
7628277398802418986,2026-05-11 09:52:29.889374,,,直播间带货榜,,,,,,,,,,,
7628944459627105572,2026-05-11 10:05:23.752835,,,直播间带货榜,,,,,,,,,,,
7624395868452556026,2026-05-10 22:54:51.452317,,,直播间带货榜,,,,,,,,,,,
7628941059279621418,2026-05-11 10:05:12.703650,,,直播间带货榜,,,,,,,,,,,
7629335635451795023,2026-05-11 10:13:35.793555,,,直播间带货榜,,,,,,,,,,,
7624501464626400562,2026-05-10 22:59:27.647184,,,直播间带货榜,,,,,,,,,,,
7628543943240394938,2026-05-11 09:55:17.002218,,,直播间带货榜,,,,,,,,,,,
7628232158884138249,2026-05-11 09:51:15.883219,,,直播间带货榜,,,,,,,,,,,
7625220481704070436,2026-05-11 08:54:02.870328,,,直播间带货榜,,,,,,,,,,,
7629335789637258530,2026-05-11 10:13:37.986078,,,直播间带货榜,,,,,,,,,,,
7629990503278333219,2026-05-11 10:25:09.903866,,,直播间带货榜,,,,,,,,,,,
7624459060779897471,2026-05-10 22:55:48.469652,,,直播间带货榜,,,,,,,,,,,
7629995117918604598,2026-05-11 10:25:12.350058,,,直播间带货榜,,,,,,,,,,,
7624456103828475163,2026-05-10 22:55:37.468536,,,直播间带货榜,,,,,,,,,,,
7626372717268274466,2026-05-11 09:14:10.067249,,,直播间带货榜,,,,,,,,,,,
7629999793296706850,2026-05-11 10:25:14.488047,,,直播间带货榜,,,,,,,,,,,
7626214482846551334,2026-05-11 09:10:27.732141,,,直播间带货榜,,,,,,,,,,,
7624453970634837284,2026-05-10 22:55:23.774315,,,直播间带货榜,,,,,,,,,,,
7624451717215571234,2026-05-10 22:55:19.694502,,,直播间带货榜,,,,,,,,,,,
7625964240565837418,2026-05-11 09:05:33.002032,,,直播间带货榜,,,,,,,,,,,
7629650992463662388,2026-05-11 10:18:32.021832,,,直播间带货榜,,,,,,,,,,,
7625953684052086051,2026-05-11 09:05:18.295575,,,直播间带货榜,,,,,,,,,,,
7627381964698729572,2026-05-11 09:32:29.537473,,,直播间带货榜,,,,,,,,,,,
7626374941507734799,2026-05-11 09:14:12.247493,,,直播间带货榜,,,,,,,,,,,
7628226881866714403,2026-05-11 09:51:13.736269,,,直播间带货榜,,,,,,,,,,,
7624416183638297902,2026-05-10 22:54:57.715857,,,直播间带货榜,,,,,,,,,,,
7628201072133229876,2026-05-11 09:48:40.620911,,,直播间带货榜,,,,,,,,,,,
7628942604163370240,2026-05-11 10:05:14.929273,,,直播间带货榜,,,,,,,,,,,
7627809482747170084,2026-05-11 09:41:35.044915,,,直播间带货榜,,,,,,,,,,,
7627767565666041256,2026-05-11 09:40:45.487370,,,直播间带货榜,,,,,,,,,,,
7630011131981008154,2026-05-11 10:25:45.015124,,,直播间带货榜,,,,,,,,,,,
7626723958461551046,2026-05-11 09:20:19.670527,,,直播间带货榜,,,,,,,,,,,
7624409061613653275,2026-05-10 22:54:55.602706,,,直播间带货榜,,,,,,,,,,,
7627050967418741434,2026-05-11 09:24:42.975838,,,直播间带货榜,,,,,,,,,,,
7624503645828156710,2026-05-10 22:59:29.923635,,,直播间带货榜,,,,,,,,,,,
7625113702585689594,2026-05-11 08:52:15.748041,,,直播间带货榜,,,,,,,,,,,
7627084389972806938,2026-05-11 09:27:15.560434,,,直播间带货榜,,,,,,,,,,,
7625571648877038882,2026-05-11 08:58:46.719029,,,直播间带货榜,,,,,,,,,,,
7626304633208558833,2026-05-11 09:12:35.728755,,,直播间带货榜,,,,,,,,,,,
7628626573750439208,2026-05-11 09:58:37.297722,,,直播间带货榜,,,,,,,,,,,
7624810595904277811,2026-05-10 23:03:26.517974,,,直播间带货榜,,,,,,,,,,,
7627839624497572337,2026-05-11 09:42:38.565220,,,直播间带货榜,,,,,,,,,,,
7627838475463953841,2026-05-11 09:42:36.309725,,,直播间带货榜,,,,,,,,,,,
7627688141486296326,2026-05-11 09:39:49.269957,,,直播间带货榜,,,,,,,,,,,
7628437876157500726,2026-05-11 09:52:55.703830,,,直播间带货榜,,,,,,,,,,,
7626648063490215203,2026-05-11 09:17:42.695016,,,直播间带货榜,,,,,,,,,,,
7628623019606396206,2026-05-11 09:58:26.714840,,,直播间带货榜,,,,,,,,,,,
7629294752583765300,2026-05-11 10:12:01.347211,,,直播间带货榜,,,,,,,,,,,
7626302616330977139,2026-05-11 09:12:33.471005,,,直播间带货榜,,,,,,,,,,,
7628918047952178484,2026-05-11 10:03:29.753897,,,直播间带货榜,,,,,,,,,,,
7629747822769753386,2026-05-11 10:21:59.123935,,,直播间带货榜,,,,,,,,,,,
7624915041154822758,2026-05-11 08:50:58.569408,,,直播间带货榜,,,,,,,,,,,
7627538851975679295,2026-05-11 09:39:07.520921,,,直播间带货榜,,,,,,,,,,,
7629748727330114851,2026-05-11 10:22:01.142772,,,直播间带货榜,,,,,,,,,,,
7629589002668450021,2026-05-11 10:17:32.436568,,,直播间带货榜,,,,,,,,,,,
7625834470150655258,2026-05-11 09:01:48.417747,,,直播间带货榜,,,,,,,,,,,
7626646050119437619,2026-05-11 09:17:39.893624,,,直播间带货榜,,,,,,,,,,,
7629749363668946211,2026-05-11 10:22:03.266802,,,直播间带货榜,,,,,,,,,,,
7624795200761695503,2026-05-10 23:01:49.453283,,,直播间带货榜,,,,,,,,,,,
7628127330842662905,2026-05-11 09:45:49.677998,,,直播间带货榜,,,,,,,,,,,
7624790477553264357,2026-05-10 23:01:41.146185,,,直播间带货榜,,,,,,,,,,,
7629750238241561843,2026-05-11 10:22:05.472237,,,直播间带货榜,,,,,,,,,,,
7628919920251637038,2026-05-11 10:03:34.655916,,,直播间带货榜,,,,,,,,,,,
7626329154639777066,2026-05-11 09:13:08.338270,,,直播间带货榜,,,,,,,,,,,
7628242387181079849,2026-05-11 09:51:41.296713,,,直播间带货榜,,,,,,,,,,,
7625571963280636874,2026-05-11 08:58:50.546291,,,直播间带货榜,,,,,,,,,,,
7628428336838069550,2026-05-11 09:52:53.641951,,,直播间带货榜,,,,,,,,,,,
7629306617544199434,2026-05-11 10:12:27.937445,,,直播间带货榜,,,,,,,,,,,
7624853391398817060,2026-05-11 08:50:12.704401,,,直播间带货榜,,,,,,,,,,,
7628048979867728027,2026-05-11 09:44:10.676775,,,直播间带货榜,,,,,,,,,,,
7624893866151267636,2026-05-11 08:50:37.203177,,,直播间带货榜,,,,,,,,,,,
7627089421300550921,2026-05-11 09:27:36.467904,,,直播间带货榜,,,,,,,,,,,
7629698474803547442,2026-05-11 10:20:31.052087,,,直播间带货榜,,,,,,,,,,,
7626610547642928420,2026-05-11 09:16:51.014366,,,直播间带货榜,,,,,,,,,,,
7627087515719142682,2026-05-11 09:27:33.234652,,,直播间带货榜,,,,,,,,,,,
7625599418716261695,2026-05-11 08:59:31.252951,,,直播间带货榜,,,,,,,,,,,
7624914536260862656,2026-05-11 08:50:56.335758,,,直播间带货榜,,,,,,,,,,,
7625602530718549638,2026-05-11 08:59:40.245282,,,直播间带货榜,,,,,,,,,,,
7629707965674763493,2026-05-11 10:20:44.584090,,,直播间带货榜,,,,,,,,,,,
7624880706258856881,2026-05-11 08:50:19.879521,,,直播间带货榜,,,,,,,,,,,
7628969009010019611,2026-05-11 10:06:24.722498,,,直播间带货榜,,,,,,,,,,,
7624866207954488585,2026-05-11 08:50:14.918566,,,直播间带货榜,,,,,,,,,,,
7626308168850640178,2026-05-11 09:12:37.894864,,,直播间带货榜,,,,,,,,,,,
7628251246663518569,2026-05-11 09:51:47.836638,,,直播间带货榜,,,,,,,,,,,
7627475548268154162,2026-05-11 09:37:17.040102,,,直播间带货榜,,,,,,,,,,,
7627624211607031091,2026-05-11 09:39:32.582066,,,直播间带货榜,,,,,,,,,,,
7629542891035913189,2026-05-11 10:16:56.466782,,,直播间带货榜,,,,,,,,,,,
7629710739053301002,2026-05-11 10:21:12.558916,,,直播间带货榜,,,,,,,,,,,
7627814145223658779,2026-05-11 09:41:37.131114,,,直播间带货榜,,,,,,,,,,,
7629714536853124787,2026-05-11 10:21:20.726402,,,直播间带货榜,,,,,,,,,,,
7625632532889272163,2026-05-11 09:00:06.916077,,,直播间带货榜,,,,,,,,,,,
7627546143475420452,2026-05-11 09:39:09.787469,,,直播间带货榜,,,,,,,,,,,
7625635148511317288,2026-05-11 09:00:17.360286,,,直播间带货榜,,,,,,,,,,,
7627020315364826554,2026-05-11 09:23:28.223646,,,直播间带货榜,,,,,,,,,,,
7628153788234239268,2026-05-11 09:46:28.634568,,,直播间带货榜,,,,,,,,,,,
7625646706277826041,2026-05-11 09:00:32.422962,,,直播间带货榜,,,,,,,,,,,
7625648271289651301,2026-05-11 09:00:34.567845,,,直播间带货榜,,,,,,,,,,,
7629764408374291574,2026-05-11 10:22:32.098734,,,直播间带货榜,,,,,,,,,,,
7624774505621228815,2026-05-10 23:01:21.605099,,,直播间带货榜,,,,,,,,,,,
7626334896084028687,2026-05-11 09:13:10.677445,,,直播间带货榜,,,,,,,,,,,
7628569824158960915,2026-05-11 09:56:54.968072,,,直播间带货榜,,,,,,,,,,,
7629916030818731731,2026-05-11 10:23:42.187357,,,直播间带货榜,,,,,,,,,,,
7626284075883547938,2026-05-11 09:12:08.407404,,,直播间带货榜,,,,,,,,,,,
7625922762636266815,2026-05-11 09:03:31.091944,,,直播间带货榜,,,,,,,,,,,
7628182693813878451,2026-05-11 09:47:44.131304,,,直播间带货榜,,,,,,,,,,,
7628572782032407848,2026-05-11 09:56:57.231898,,,直播间带货榜,,,,,,,,,,,
7628067898040528241,2026-05-11 09:44:19.829426,,,直播间带货榜,,,,,,,,,,,
7624523714578713866,2026-05-10 22:59:57.134885,,,直播间带货榜,,,,,,,,,,,
7624516755305647400,2026-05-10 22:59:54.964823,,,直播间带货榜,,,,,,,,,,,
7629239481501044003,2026-05-11 10:09:45.007241,,,直播间带货榜,,,,,,,,,,,
7626616282837781794,2026-05-11 09:16:58.386616,,,直播间带货榜,,,,,,,,,,,
7628215057280732457,2026-05-11 09:50:56.916587,,,直播间带货榜,,,,,,,,,,,
7629922596940209658,2026-05-11 10:23:46.393542,,,直播间带货榜,,,,,,,,,,,
7625096033369869611,2026-05-11 08:52:02.616736,,,直播间带货榜,,,,,,,,,,,
7627519742756080936,2026-05-11 09:39:05.125664,,,直播间带货榜,,,,,,,,,,,
7628156417312050484,2026-05-11 09:46:31.358045,,,直播间带货榜,,,,,,,,,,,
7628090801592196537,2026-05-11 09:44:22.632623,,,直播间带货榜,,,,,,,,,,,
7629924595403010801,2026-05-11 10:23:56.503227,,,直播间带货榜,,,,,,,,,,,
7628568489162181939,2026-05-11 09:56:52.606013,,,直播间带货榜,,,,,,,,,,,
7628196816488638891,2026-05-11 09:48:20.411478,,,直播间带货榜,,,,,,,,,,,
7626687480826031610,2026-05-11 09:18:38.574608,,,直播间带货榜,,,,,,,,,,,
7628487426688694514,2026-05-11 09:53:31.880041,,,直播间带货榜,,,,,,,,,,,
7626282813813280041,2026-05-11 09:11:46.883311,,,直播间带货榜,,,,,,,,,,,
7628490869452098879,2026-05-11 09:53:33.866173,,,直播间带货榜,,,,,,,,,,,
7627442624676367625,2026-05-11 09:35:32.901477,,,直播间带货榜,,,,,,,,,,,
7629927577271946522,2026-05-11 10:23:59.522019,,,直播间带货榜,,,,,,,,,,,
7628180869450281131,2026-05-11 09:47:35.746031,,,直播间带货榜,,,,,,,,,,,
7628843764034915634,2026-05-11 10:00:16.707789,,,直播间带货榜,,,,,,,,,,,
7629620246408975802,2026-05-11 10:18:03.004584,,,直播间带货榜,,,,,,,,,,,
7624561338559335721,2026-05-10 23:00:24.533276,,,直播间带货榜,,,,,,,,,,,
7629268864936774931,2026-05-11 10:11:01.823623,,,直播间带货榜,,,,,,,,,,,
7625908276454001962,2026-05-11 09:03:26.471306,,,直播间带货榜,,,,,,,,,,,
7625905993532064463,2026-05-11 09:03:24.204635,,,直播间带货榜,,,,,,,,,,,
7628878277477731627,2026-05-11 10:01:15.768167,,,直播间带货榜,,,,,,,,,,,
7629679620434038054,2026-05-11 10:19:48.323279,,,直播间带货榜,,,,,,,,,,,
7629300744407076096,2026-05-11 10:12:12.093313,,,直播间带货榜,,,,,,,,,,,
7624746587910089322,2026-05-10 23:01:02.069317,,,直播间带货榜,,,,,,,,,,,
7624745619269225762,2026-05-10 23:00:59.772443,,,直播间带货榜,,,,,,,,,,,
7625873196030750373,2026-05-11 09:02:21.918904,,,直播间带货榜,,,,,,,,,,,
7629795635047319281,2026-05-11 10:22:42.532106,,,直播间带货榜,,,,,,,,,,,
7624732334142590244,2026-05-10 23:00:55.683041,,,直播间带货榜,,,,,,,,,,,
7627084033142361353,2026-05-11 09:27:10.994099,,,直播间带货榜,,,,,,,,,,,
7629595552782585094,2026-05-11 10:17:50.371033,,,直播间带货榜,,,,,,,,,,,
7626300638208511232,2026-05-11 09:12:20.466683,,,直播间带货榜,,,,,,,,,,,
7629671831254879503,2026-05-11 10:19:24.532860,,,直播间带货榜,,,,,,,,,,,
7628447637628325174,2026-05-11 09:53:13.736136,,,直播间带货榜,,,,,,,,,,,
7628177167054114063,2026-05-11 09:47:30.959941,,,直播间带货榜,,,,,,,,,,,
7624717964339832244,2026-05-10 23:00:50.842615,,,直播间带货榜,,,,,,,,,,,
7624716350375660836,2026-05-10 23:00:48.737327,,,直播间带货榜,,,,,,,,,,,
7628921205701086491,2026-05-11 10:03:40.311851,,,直播间带货榜,,,,,,,,,,,
7624711104995839247,2026-05-10 23:00:40.094737,,,直播间带货榜,,,,,,,,,,,
7628589847770451234,2026-05-11 09:57:21.583214,,,直播间带货榜,,,,,,,,,,,
7624708285682379514,2026-05-10 23:00:38.066841,,,直播间带货榜,,,,,,,,,,,
7626644101340908800,2026-05-11 09:17:37.465338,,,直播间带货榜,,,,,,,,,,,
7629601893467081993,2026-05-11 10:18:00.484319,,,直播间带货榜,,,,,,,,,,,
7629015208404520219,2026-05-11 10:07:59.389560,,,直播间带货榜,,,,,,,,,,,
7624677377008111979,2026-05-10 23:00:33.270386,,,直播间带货榜,,,,,,,,,,,
7625531362971651698,2026-05-11 08:57:14.307508,,,直播间带货榜,,,,,,,,,,,
7628416550713806090,2026-05-11 09:52:49.122647,,,直播间带货榜,,,,,,,,,,,
7628130074872515880,2026-05-11 09:45:51.876540,,,直播间带货榜,,,,,,,,,,,
7629781803917806894,2026-05-11 10:22:36.860069,,,直播间带货榜,,,,,,,,,,,
6773901168964798477,2026-05-09 21:21:00.126708,,,直播间带货榜,,,,,,,,,,,
7630022742918348681,2026-05-11 10:26:37.688661,,,直播间带货榜,,,,,,,,,,,
7618397775667432057,2026-05-10 20:21:57.487656,,,直播间带货榜,,,,,,,,,,,
7618507095834365238,2026-05-10 20:25:37.854291,,,直播间带货榜,,,,,,,,,,,
7607042202937625919,2026-05-09 22:40:51.119646,,,直播间带货榜,,,,,,,,,,,
7618500975757659402,2026-05-10 20:25:14.480629,,,直播间带货榜,,,,,,,,,,,
7618499332362325300,2026-05-10 20:25:11.959264,,,直播间带货榜,,,,,,,,,,,
7618486052482780443,2026-05-10 20:25:00.471236,,,直播间带货榜,,,,,,,,,,,
7607083767275059707,2026-05-09 22:42:51.137549,,,直播间带货榜,,,,,,,,,,,
7607104183858138340,2026-05-09 22:43:18.191208,,,直播间带货榜,,,,,,,,,,,
7618466618733104403,2026-05-10 20:24:42.943765,,,直播间带货榜,,,,,,,,,,,
7618427700193135908,2026-05-10 20:22:53.799328,,,直播间带货榜,,,,,,,,,,,
7618325031228071355,2026-05-10 20:21:21.726157,,,直播间带货榜,,,,,,,,,,,
7607034991523941666,2026-05-09 22:40:44.961401,,,直播间带货榜,,,,,,,,,,,
7607118022394536689,2026-05-09 22:43:20.817057,,,直播间带货榜,,,,,,,,,,,
7618242300463910178,2026-05-10 20:20:29.109584,,,直播间带货榜,,,,,,,,,,,
7618198768810315046,2026-05-10 20:18:10.210471,,,直播间带货榜,,,,,,,,,,,
7607311079044322218,2026-05-09 22:45:38.072134,,,直播间带货榜,,,,,,,,,,,
7618185835636165923,2026-05-10 20:17:49.815254,,,直播间带货榜,,,,,,,,,,,
7618184525289372133,2026-05-10 20:17:45.937011,,,直播间带货榜,,,,,,,,,,,
7618180303882854858,2026-05-10 20:17:03.717109,,,直播间带货榜,,,,,,,,,,,
7607313987209825551,2026-05-09 22:45:40.267694,,,直播间带货榜,,,,,,,,,,,
7618174655148477750,2026-05-10 20:15:30.598766,,,直播间带货榜,,,,,,,,,,,
7618520221758365797,2026-05-10 20:26:04.890772,,,直播间带货榜,,,,,,,,,,,
7607018293542554921,2026-05-09 22:40:08.368734,,,直播间带货榜,,,,,,,,,,,
7618891491352350601,2026-05-10 20:36:35.389464,,,直播间带货榜,,,,,,,,,,,
7606941277057305897,2026-05-09 22:39:17.108311,,,直播间带货榜,,,,,,,,,,,
7618880860246437519,2026-05-10 20:35:33.824991,,,直播间带货榜,,,,,,,,,,,
7618872020603850038,2026-05-10 20:35:27.209194,,,直播间带货榜,,,,,,,,,,,
7618816487842680102,2026-05-10 20:33:53.027192,,,直播间带货榜,,,,,,,,,,,
7618810005831044392,2026-05-10 20:33:50.354297,,,直播间带货榜,,,,,,,,,,,
7618797668227222834,2026-05-10 20:33:01.778283,,,直播间带货榜,,,,,,,,,,,
7606665361945583467,2026-05-09 22:35:51.444249,,,直播间带货榜,,,,,,,,,,,
7618664057739226789,2026-05-10 20:31:45.584476,,,直播间带货榜,,,,,,,,,,,
7606701347228646507,2026-05-09 22:37:39.305038,,,直播间带货榜,,,,,,,,,,,
7606796070017846543,2026-05-09 22:38:12.240777,,,直播间带货榜,,,,,,,,,,,
7618586748012006702,2026-05-10 20:30:10.434773,,,直播间带货榜,,,,,,,,,,,
7607007767707208805,2026-05-09 22:39:53.428601,,,直播间带货榜,,,,,,,,,,,
7618584049002581283,2026-05-10 20:29:58.856639,,,直播间带货榜,,,,,,,,,,,
7618577923045674681,2026-05-10 20:29:48.415453,,,直播间带货榜,,,,,,,,,,,
7606984755569118505,2026-05-09 22:39:26.454736,,,直播间带货榜,,,,,,,,,,,
7618577073921166635,2026-05-10 20:29:46.186780,,,直播间带货榜,,,,,,,,,,,
7606994775799057673,2026-05-09 22:39:44.718133,,,直播间带货榜,,,,,,,,,,,
7607001534336912692,2026-05-09 22:39:46.819611,,,直播间带货榜,,,,,,,,,,,
7607004690408099126,2026-05-09 22:39:51.069159,,,直播间带货榜,,,,,,,,,,,
7618550964019048603,2026-05-10 20:28:16.468805,,,直播间带货榜,,,,,,,,,,,
7618548971371334952,2026-05-10 20:28:13.625529,,,直播间带货榜,,,,,,,,,,,
7607360540528874481,2026-05-09 22:46:17.821410,,,直播间带货榜,,,,,,,,,,,
7618167497153465652,2026-05-10 20:15:17.049265,,,直播间带货榜,,,,,,,,,,,
7618164471965519138,2026-05-10 20:15:14.535253,,,直播间带货榜,,,,,,,,,,,
7617695389446496489,2026-05-10 20:01:52.135738,,,直播间带货榜,,,,,,,,,,,
7617786427195116815,2026-05-10 20:06:27.670733,,,直播间带货榜,,,,,,,,,,,
7607557086951509254,2026-05-09 22:50:00.261529,,,直播间带货榜,,,,,,,,,,,
7617781662700670227,2026-05-10 20:06:22.303176,,,直播间带货榜,,,,,,,,,,,
7617773136120925474,2026-05-10 20:06:06.245021,,,直播间带货榜,,,,,,,,,,,
7617769882997771546,2026-05-10 20:05:56.397734,,,直播间带货榜,,,,,,,,,,,
7617757754534968010,2026-05-10 20:05:39.134598,,,直播间带货榜,,,,,,,,,,,
7617754233308409011,2026-05-10 20:05:35.433798,,,直播间带货榜,,,,,,,,,,,
7617745931525475593,2026-05-10 20:04:35.682201,,,直播间带货榜,,,,,,,,,,,
7617727599796545514,2026-05-10 20:03:35.802019,,,直播间带货榜,,,,,,,,,,,
7617692643983925434,2026-05-10 20:01:42.592492,,,直播间带货榜,,,,,,,,,,,
7618162122233002740,2026-05-10 20:15:09.126953,,,直播间带货榜,,,,,,,,,,,
7617690328027401507,2026-05-10 20:01:39.841724,,,直播间带货榜,,,,,,,,,,,
7607692247135472934,2026-05-09 22:50:44.835081,,,直播间带货榜,,,,,,,,,,,
7617658543113653514,2026-05-10 20:00:18.785881,,,直播间带货榜,,,,,,,,,,,
7617626598111546662,2026-05-10 20:00:00.718687,,,直播间带货榜,,,,,,,,,,,
7607724626927570176,2026-05-09 22:51:11.454709,,,直播间带货榜,,,,,,,,,,,
7607748984727260467,2026-05-09 22:51:58.899592,,,直播间带货榜,,,,,,,,,,,
7617477360451570874,2026-05-10 19:59:00.652417,,,直播间带货榜,,,,,,,,,,,
7607768090113330442,2026-05-09 22:52:08.927898,,,直播间带货榜,,,,,,,,,,,
7617445926630164985,2026-05-10 19:56:18.849049,,,直播间带货榜,,,,,,,,,,,
7617790866484169990,2026-05-10 20:06:32.261420,,,直播间带货榜,,,,,,,,,,,
7617792586577526001,2026-05-10 20:06:34.243970,,,直播间带货榜,,,,,,,,,,,
7607527853835554054,2026-05-09 22:49:56.001160,,,直播间带货榜,,,,,,,,,,,
7617794844701871414,2026-05-10 20:06:42.263918,,,直播间带货榜,,,,,,,,,,,
7607374455833128043,2026-05-09 22:46:52.985966,,,直播间带货榜,,,,,,,,,,,
7618126199167929635,2026-05-10 20:13:50.370727,,,直播间带货榜,,,,,,,,,,,
7607383202928312246,2026-05-09 22:47:21.171954,,,直播间带货榜,,,,,,,,,,,
7607389499387522289,2026-05-09 22:47:40.100784,,,直播间带货榜,,,,,,,,,,,
7617896952591551790,2026-05-10 20:10:50.300906,,,直播间带货榜,,,,,,,,,,,
7617887261216083240,2026-05-10 20:10:48.024822,,,直播间带货榜,,,,,,,,,,,
7617869671106088226,2026-05-10 20:10:02.741012,,,直播间带货榜,,,,,,,,,,,
7607390688984122515,2026-05-09 22:47:44.477441,,,直播间带货榜,,,,,,,,,,,
7617862455330409738,2026-05-10 20:09:49.865148,,,直播间带货榜,,,,,,,,,,,
7617856837836180772,2026-05-10 20:09:47.109525,,,直播间带货榜,,,,,,,,,,,
7617855737049996721,2026-05-10 20:09:44.333027,,,直播间带货榜,,,,,,,,,,,
7617855675972189093,2026-05-10 20:09:41.570057,,,直播间带货榜,,,,,,,,,,,
7617855385315085618,2026-05-10 20:09:37.986283,,,直播间带货榜,,,,,,,,,,,
7617839207058279718,2026-05-10 20:08:30.395423,,,直播间带货榜,,,,,,,,,,,
7617823227573816628,2026-05-10 20:07:51.034880,,,直播间带货榜,,,,,,,,,,,
7607393028625942089,2026-05-09 22:47:46.732154,,,直播间带货榜,,,,,,,,,,,
7607411548643008489,2026-05-09 22:48:25.494406,,,直播间带货榜,,,,,,,,,,,
7607436305449913610,2026-05-09 22:48:46.755262,,,直播间带货榜,,,,,,,,,,,
7607454656763055867,2026-05-09 22:49:17.363167,,,直播间带货榜,,,,,,,,,,,
7618890471041279979,2026-05-10 20:36:28.952660,,,直播间带货榜,,,,,,,,,,,
7618896820411862306,2026-05-10 20:36:37.904432,,,直播间带货榜,,,,,,,,,,,
7619982573426576686,2026-05-10 21:14:30.331750,,,直播间带货榜,,,,,,,,,,,
7606545403823066411,2026-05-09 22:31:53.179553,,,直播间带货榜,,,,,,,,,,,
7619632618283207988,2026-05-10 21:07:29.998610,,,直播间带货榜,,,,,,,,,,,
7619626467575565587,2026-05-10 21:07:25.284806,,,直播间带货榜,,,,,,,,,,,
7619625735161908531,2026-05-10 21:07:22.687671,,,直播间带货榜,,,,,,,,,,,
7619617870620701617,2026-05-10 21:07:09.736293,,,直播间带货榜,,,,,,,,,,,
7619609687901687066,2026-05-10 21:07:07.228539,,,直播间带货榜,,,,,,,,,,,
7619608335427456256,2026-05-10 21:07:04.699333,,,直播间带货榜,,,,,,,,,,,
7619606429355281716,2026-05-10 21:07:01.684955,,,直播间带货榜,,,,,,,,,,,
7619593794317344354,2026-05-10 20:57:39.857733,,,直播间带货榜,,,,,,,,,,,
7619588199765003558,2026-05-10 20:57:22.582959,,,直播间带货榜,,,,,,,,,,,
7619583194811223337,2026-05-10 20:57:18.001433,,,直播间带货榜,,,,,,,,,,,
7619649439157734710,2026-05-10 21:08:19.136578,,,直播间带货榜,,,,,,,,,,,
7619567951348370921,2026-05-10 20:57:02.767438,,,直播间带货榜,,,,,,,,,,,
7619567701069936229,2026-05-10 20:56:59.920348,,,直播间带货榜,,,,,,,,,,,
7619567060406135226,2026-05-10 20:56:56.693807,,,直播间带货榜,,,,,,,,,,,
7619565421896682767,2026-05-10 20:56:52.630775,,,直播间带货榜,,,,,,,,,,,
7619549851591707939,2026-05-10 20:56:39.012079,,,直播间带货榜,,,,,,,,,,,
7619542532493544746,2026-05-10 20:56:36.374902,,,直播间带货榜,,,,,,,,,,,
7619536302832340593,2026-05-10 20:56:33.699855,,,直播间带货榜,,,,,,,,,,,
7606548416834915622,2026-05-09 22:31:59.534936,,,直播间带货榜,,,,,,,,,,,
7606555421687483648,2026-05-09 22:32:03.560664,,,直播间带货榜,,,,,,,,,,,
7619635267007569395,2026-05-10 21:07:32.127706,,,直播间带货榜,,,,,,,,,,,
7619649618493958479,2026-05-10 21:08:31.603675,,,直播间带货榜,,,,,,,,,,,
7606662776861363465,2026-05-09 22:35:49.311375,,,直播间带货榜,,,,,,,,,,,
7619691071504796970,2026-05-10 21:10:49.115622,,,直播间带货榜,,,,,,,,,,,
7619918157150967534,2026-05-10 21:12:31.688552,,,直播间带货榜,,,,,,,,,,,
7619917398434385167,2026-05-10 21:12:28.874158,,,直播间带货榜,,,,,,,,,,,
7619910749481094436,2026-05-10 21:12:19.899646,,,直播间带货榜,,,,,,,,,,,
7606363159783394575,2026-05-09 22:30:37.106167,,,直播间带货榜,,,,,,,,,,,
7619885905964279525,2026-05-10 21:11:41.441966,,,直播间带货榜,,,,,,,,,,,
7619777420672945442,2026-05-10 21:11:32.151316,,,直播间带货榜,,,,,,,,,,,
7619776257202441472,2026-05-10 21:11:29.866868,,,直播间带货榜,,,,,,,,,,,
7619763990989786404,2026-05-10 21:11:20.839523,,,直播间带货榜,,,,,,,,,,,
7619728518548573483,2026-05-10 21:11:07.277763,,,直播间带货榜,,,,,,,,,,,
7619687102845865257,2026-05-10 21:10:39.725056,,,直播间带货榜,,,,,,,,,,,
7619650018132087525,2026-05-10 21:08:34.424495,,,直播间带货榜,,,,,,,,,,,
7606383187849235746,2026-05-09 22:30:41.867767,,,直播间带货榜,,,,,,,,,,,
7619684633127878897,2026-05-10 21:10:37.309330,,,直播间带货榜,,,,,,,,,,,
7606384642156924211,2026-05-09 22:30:44.181334,,,直播间带货榜,,,,,,,,,,,
7606536393187183907,2026-05-09 22:31:36.929574,,,直播间带货榜,,,,,,,,,,,
7619676051601476898,2026-05-10 21:10:23.618765,,,直播间带货榜,,,,,,,,,,,
7619666659426553142,2026-05-10 21:09:32.235650,,,直播间带货榜,,,,,,,,,,,
7619664379126911665,2026-05-10 21:09:28.337920,,,直播间带货榜,,,,,,,,,,,
7619663094272298294,2026-05-10 21:09:17.961801,,,直播间带货榜,,,,,,,,,,,
7619662383698480422,2026-05-10 21:09:14.265930,,,直播间带货榜,,,,,,,,,,,
7619515629297288569,2026-05-10 20:55:47.909263,,,直播间带货榜,,,,,,,,,,,
7619369638099667194,2026-05-10 20:54:34.783203,,,直播间带货榜,,,,,,,,,,,
7619362243691869681,2026-05-10 20:54:30.507695,,,直播间带货榜,,,,,,,,,,,
7619155829434999291,2026-05-10 20:44:15.874416,,,直播间带货榜,,,,,,,,,,,
7619222906488229135,2026-05-10 20:45:44.130868,,,直播间带货榜,,,,,,,,,,,
7619218782816341302,2026-05-10 20:45:41.314413,,,直播间带货榜,,,,,,,,,,,
7606641301550927119,2026-05-09 22:33:41.034079,,,直播间带货榜,,,,,,,,,,,
7619214405401693486,2026-05-10 20:45:36.196385,,,直播间带货榜,,,,,,,,,,,
7619195620976315682,2026-05-10 20:45:33.765642,,,直播间带货榜,,,,,,,,,,,
7606644448935665393,2026-05-09 22:33:44.118573,,,直播间带货榜,,,,,,,,,,,
7606644813890790321,2026-05-09 22:33:46.418978,,,直播间带货榜,,,,,,,,,,,
7619166647483436351,2026-05-10 20:44:20.281725,,,直播间带货榜,,,,,,,,,,,
7606646012479819042,2026-05-09 22:33:55.172333,,,直播间带货榜,,,,,,,,,,,
7619142107231456522,2026-05-10 20:44:02.734378,,,直播间带货榜,,,,,,,,,,,
7619351019964632372,2026-05-10 20:54:26.812019,,,直播间带货榜,,,,,,,,,,,
7619062371634381745,2026-05-10 20:43:37.984524,,,直播间带货榜,,,,,,,,,,,
7619033812630483827,2026-05-10 20:43:34.369337,,,直播间带货榜,,,,,,,,,,,
7619012072370151113,2026-05-10 20:43:30.200827,,,直播间带货榜,,,,,,,,,,,
7618975609784214902,2026-05-10 20:42:27.906637,,,直播间带货榜,,,,,,,,,,,
7618972081094495514,2026-05-10 20:42:25.329245,,,直播间带货榜,,,,,,,,,,,
7618965549904609722,2026-05-10 20:42:22.618049,,,直播间带货榜,,,,,,,,,,,
7606655718552259882,2026-05-09 22:35:07.427009,,,直播间带货榜,,,,,,,,,,,
7618914957547097382,2026-05-10 20:38:10.636422,,,直播间带货榜,,,,,,,,,,,
7606662285615959332,2026-05-09 22:35:47.202739,,,直播间带货榜,,,,,,,,,,,
7619233885917908262,2026-05-10 20:45:46.686900,,,直播间带货榜,,,,,,,,,,,
7606632829086309882,2026-05-09 22:33:12.940589,,,直播间带货榜,,,,,,,,,,,
7619253771906473894,2026-05-10 20:46:28.194407,,,直播间带货榜,,,,,,,,,,,
7606621917005875898,2026-05-09 22:33:08.760119,,,直播间带货榜,,,,,,,,,,,
7619349229144163707,2026-05-10 20:54:22.705631,,,直播间带货榜,,,,,,,,,,,
7619336906262333689,2026-05-10 20:53:37.213905,,,直播间带货榜,,,,,,,,,,,
7619307102242229544,2026-05-10 20:51:37.813975,,,直播间带货榜,,,,,,,,,,,
7619307000190651099,2026-05-10 20:51:35.359594,,,直播间带货榜,,,,,,,,,,,
7619295083724016936,2026-05-10 20:49:56.603049,,,直播间带货榜,,,,,,,,,,,
7619287806883433764,2026-05-10 20:49:46.062809,,,直播间带货榜,,,,,,,,,,,
7606580442308906255,2026-05-09 22:32:30.060592,,,直播间带货榜,,,,,,,,,,,
7619281272040459539,2026-05-10 20:49:21.258482,,,直播间带货榜,,,,,,,,,,,
7619279901828494719,2026-05-10 20:49:10.985183,,,直播间带货榜,,,,,,,,,,,
7619278336832834850,2026-05-10 20:49:08.462856,,,直播间带货榜,,,,,,,,,,,
7619276725764083017,2026-05-10 20:49:05.168757,,,直播间带货榜,,,,,,,,,,,
7619273981576760616,2026-05-10 20:48:52.593918,,,直播间带货榜,,,,,,,,,,,
7619272247999614227,2026-05-10 20:48:49.630491,,,直播间带货榜,,,,,,,,,,,
7619271370928678390,2026-05-10 20:48:12.324126,,,直播间带货榜,,,,,,,,,,,
7606583802420317455,2026-05-09 22:32:32.213722,,,直播间带货榜,,,,,,,,,,,
7619268250047785659,2026-05-10 20:47:59.969750,,,直播间带货榜,,,,,,,,,,,
7619261286005656873,2026-05-10 20:47:51.732945,,,直播间带货榜,,,,,,,,,,,
7619260860845903144,2026-05-10 20:47:41.830185,,,直播间带货榜,,,,,,,,,,,
7619259152484896026,2026-05-10 20:47:36.987883,,,直播间带货榜,,,,,,,,,,,
7607790913686965546,2026-05-09 22:52:13.314147,,,直播间带货榜,,,,,,,,,,,
7617432125704342834,2026-05-10 19:55:11.275206,,,直播间带货榜,,,,,,,,,,,
7617431156497878779,2026-05-10 19:55:09.035418,,,直播间带货榜,,,,,,,,,,,
7608864649169494116,2026-05-09 23:04:04.294246,,,直播间带货榜,,,,,,,,,,,
7611114974517185819,2026-05-10 15:45:53.143314,,,直播间带货榜,,,,,,,,,,,
7608790607493860662,2026-05-09 23:03:23.350975,,,直播间带货榜,,,,,,,,,,,
7611102135735815458,2026-05-10 15:45:09.247791,,,直播间带货榜,,,,,,,,,,,
7611093412703472911,2026-05-10 15:43:49.926181,,,直播间带货榜,,,,,,,,,,,
7611083792229034725,2026-05-10 15:43:24.746763,,,直播间带货榜,,,,,,,,,,,
7611083533703990571,2026-05-10 15:43:22.248665,,,直播间带货榜,,,,,,,,,,,
7611075018357423013,2026-05-10 15:43:11.702929,,,直播间带货榜,,,,,,,,,,,
7610833039454670095,2026-05-10 15:41:21.316656,,,直播间带货榜,,,,,,,,,,,
7610801871120256265,2026-05-10 15:40:43.509461,,,直播间带货榜,,,,,,,,,,,
7608878818496924934,2026-05-09 23:04:14.988426,,,直播间带货榜,,,,,,,,,,,
7608780766516156587,2026-05-09 23:03:03.333050,,,直播间带货榜,,,,,,,,,,,
7610673409453853967,2026-05-10 15:34:37.999177,,,直播间带货榜,,,,,,,,,,,
7610655131796835599,2026-05-10 15:34:29.683253,,,直播间带货榜,,,,,,,,,,,
7608879240592012977,2026-05-09 23:04:24.747467,,,直播间带货榜,,,,,,,,,,,
7610528105132578426,2026-05-10 15:33:22.919304,,,直播间带货榜,,,,,,,,,,,
7610477894120344873,2026-05-10 15:33:11.429164,,,直播间带货榜,,,,,,,,,,,
7608887833092312329,2026-05-09 23:04:26.985446,,,直播间带货榜,,,,,,,,,,,
7610398307341675883,2026-05-10 15:29:51.170093,,,直播间带货榜,,,,,,,,,,,
7610379315860510885,2026-05-10 15:29:33.824768,,,直播间带货榜,,,,,,,,,,,
7608888915899173531,2026-05-09 23:04:29.837242,,,直播间带货榜,,,,,,,,,,,
7608782137458223985,2026-05-09 23:03:06.668794,,,直播间带货榜,,,,,,,,,,,
7611125935995326363,2026-05-10 15:46:48.499674,,,直播间带货榜,,,,,,,,,,,
7617430170978372905,2026-05-10 19:54:58.375602,,,直播间带货榜,,,,,,,,,,,
7611475643745783083,2026-05-10 15:56:10.436086,,,直播间带货榜,,,,,,,,,,,
7611881601853197199,2026-05-10 16:11:11.447176,,,直播间带货榜,,,,,,,,,,,
7608508828979678505,2026-05-09 22:59:58.769510,,,直播间带货榜,,,,,,,,,,,
7611869489105210639,2026-05-10 16:10:24.895766,,,直播间带货榜,,,,,,,,,,,
7611867603467799835,2026-05-10 16:10:06.468899,,,直播间带货榜,,,,,,,,,,,
7611857347305385061,2026-05-10 16:09:19.986392,,,直播间带货榜,,,,,,,,,,,
7611835650450459945,2026-05-10 16:08:12.939871,,,直播间带货榜,,,,,,,,,,,
7611807147693480123,2026-05-10 16:06:38.503325,,,直播间带货榜,,,,,,,,,,,
7611611279710539049,2026-05-10 16:02:46.765461,,,直播间带货榜,,,,,,,,,,,
7611556418738523392,2026-05-10 16:01:36.112943,,,直播间带货榜,,,,,,,,,,,
7608514239482010491,2026-05-09 23:00:03.223201,,,直播间带货榜,,,,,,,,,,,
7611154023076482356,2026-05-10 15:48:14.909013,,,直播间带货榜,,,,,,,,,,,
7608519619872567110,2026-05-09 23:00:26.547424,,,直播间带货榜,,,,,,,,,,,
7608562332779760896,2026-05-09 23:01:18.858612,,,直播间带货榜,,,,,,,,,,,
7608611815190203691,2026-05-09 23:02:17.538220,,,直播间带货榜,,,,,,,,,,,
7608697894925352954,2026-05-09 23:02:19.920135,,,直播间带货榜,,,,,,,,,,,
7608767886521388288,2026-05-09 23:02:32.891283,,,直播间带货榜,,,,,,,,,,,
7611429641907129638,2026-05-10 15:54:24.007427,,,直播间带货榜,,,,,,,,,,,
7611420783990033698,2026-05-10 15:53:41.246851,,,直播间带货榜,,,,,,,,,,,
7611417618273585588,2026-05-10 15:53:27.897254,,,直播间带货榜,,,,,,,,,,,
7611157715930351295,2026-05-10 15:48:17.615826,,,直播间带货榜,,,,,,,,,,,
7610376181707201930,2026-05-10 15:29:23.323794,,,直播间带货榜,,,,,,,,,,,
7610373639266913542,2026-05-10 15:29:10.521026,,,直播间带货榜,,,,,,,,,,,
7610370737342290939,2026-05-10 15:29:00.221033,,,直播间带货榜,,,,,,,,,,,
7609434785257196834,2026-05-10 15:14:43.774327,,,直播间带货榜,,,,,,,,,,,
7609678524055702803,2026-05-10 15:18:19.040823,,,直播间带货榜,,,,,,,,,,,
7608940233421311295,2026-05-09 23:06:16.156934,,,直播间带货榜,,,,,,,,,,,
7608942470914903331,2026-05-09 23:06:18.246556,,,直播间带货榜,,,,,,,,,,,
7608971017733688582,2026-05-09 23:06:57.320365,,,直播间带货榜,,,,,,,,,,,
7608978915763162394,2026-05-09 23:07:08.339880,,,直播间带货榜,,,,,,,,,,,
7609558857332952329,2026-05-10 15:15:40.737326,,,直播间带货榜,,,,,,,,,,,
7609546758560943366,2026-05-10 15:15:31.165901,,,直播间带货榜,,,,,,,,,,,
7609533554220977414,2026-05-10 15:15:28.728189,,,直播间带货榜,,,,,,,,,,,
7609532257409174803,2026-05-10 15:15:25.046828,,,直播间带货榜,,,,,,,,,,,
7609060309503888646,2026-05-09 23:07:25.435399,,,直播间带货榜,,,,,,,,,,,
7610363635906432310,2026-05-10 15:28:28.289227,,,直播间带货榜,,,,,,,,,,,
7609339199140990214,2026-05-10 15:14:03.990641,,,直播间带货榜,,,,,,,,,,,
7609118089883685233,2026-05-09 23:07:47.361812,,,直播间带货榜,,,,,,,,,,,
7609303378321100084,2026-05-10 15:13:40.995947,,,直播间带货榜,,,,,,,,,,,
7609270477764201728,2026-05-10 15:12:25.588624,,,直播间带货榜,,,,,,,,,,,
7609258186339812025,2026-05-10 15:12:02.593415,,,直播间带货榜,,,,,,,,,,,
7609222261405861978,2026-05-09 23:10:16.434407,,,直播间带货榜,,,,,,,,,,,
7609216180854852902,2026-05-09 23:09:56.670133,,,直播间带货榜,,,,,,,,,,,
7609147312274754843,2026-05-09 23:07:59.681670,,,直播间带货榜,,,,,,,,,,,
7609175152714748078,2026-05-09 23:08:33.479441,,,直播间带货榜,,,,,,,,,,,
7609683553865010472,2026-05-10 15:18:21.408452,,,直播间带货榜,,,,,,,,,,,
7609691699988996083,2026-05-10 15:18:23.662934,,,直播间带货榜,,,,,,,,,,,
7608936175051932315,2026-05-09 23:06:13.908442,,,直播间带货榜,,,,,,,,,,,
7609880941481168182,2026-05-10 15:19:12.901736,,,直播间带货榜,,,,,,,,,,,
7610358803929812233,2026-05-10 15:28:25.756188,,,直播间带货榜,,,,,,,,,,,
7610356720712482809,2026-05-10 15:28:23.240771,,,直播间带货榜,,,,,,,,,,,
7610339422060892025,2026-05-10 15:27:36.721790,,,直播间带货榜,,,,,,,,,,,
7610310569521925410,2026-05-10 15:26:53.847633,,,直播间带货榜,,,,,,,,,,,
7608896614271291237,2026-05-09 23:04:39.551507,,,直播间带货榜,,,,,,,,,,,
7610309340989279539,2026-05-10 15:26:49.607465,,,直播间带货榜,,,,,,,,,,,
7608897972226526505,2026-05-09 23:04:44.386824,,,直播间带货榜,,,,,,,,,,,
7610125409123863808,2026-05-10 15:25:06.423137,,,直播间带货榜,,,,,,,,,,,
7608904928903433535,2026-05-09 23:04:53.247717,,,直播间带货榜,,,,,,,,,,,
7610058367406542089,2026-05-10 15:24:30.340477,,,直播间带货榜,,,,,,,,,,,
7610019806670032143,2026-05-10 15:23:33.905679,,,直播间带货榜,,,,,,,,,,,
7610019331821857509,2026-05-10 15:23:31.356148,,,直播间带货榜,,,,,,,,,,,
7609983487164075316,2026-05-10 15:21:36.184460,,,直播间带货榜,,,,,,,,,,,
7609949566632332596,2026-05-10 15:20:30.530918,,,直播间带货榜,,,,,,,,,,,
7609927135096535753,2026-05-10 15:20:12.717810,,,直播间带货榜,,,,,,,,,,,
7608909971468944714,2026-05-09 23:05:02.768191,,,直播间带货榜,,,,,,,,,,,
7609903965095081551,2026-05-10 15:19:32.948299,,,直播间带货榜,,,,,,,,,,,
7608918978237757873,2026-05-09 23:05:22.275779,,,直播间带货榜,,,,,,,,,,,
7608923265087638820,2026-05-09 23:05:31.815410,,,直播间带货榜,,,,,,,,,,,
7608502472471467246,2026-05-09 22:59:45.518499,,,直播间带货榜,,,,,,,,,,,
7612108277928791296,2026-05-10 16:17:55.465845,,,直播间带货榜,,,,,,,,,,,
7612217288057441545,2026-05-10 16:21:32.526698,,,直播间带货榜,,,,,,,,,,,
7608145177290476841,2026-05-09 22:55:41.730701,,,直播间带货榜,,,,,,,,,,,
7607972221948573439,2026-05-09 22:53:53.086702,,,直播间带货榜,,,,,,,,,,,
7616991536449867049,2026-05-10 19:40:49.061520,,,直播间带货榜,,,,,,,,,,,
7608016477077261602,2026-05-09 22:53:59.524115,,,直播间带货榜,,,,,,,,,,,
7608076915013946659,2026-05-09 22:54:12.956083,,,直播间带货榜,,,,,,,,,,,
7616942520190641637,2026-05-10 19:39:49.917925,,,直播间带货榜,,,,,,,,,,,
7608079954768673129,2026-05-09 22:54:15.297193,,,直播间带货榜,,,,,,,,,,,
7608140184538728443,2026-05-09 22:55:30.397513,,,直播间带货榜,,,,,,,,,,,
7616661382009008570,2026-05-10 19:29:03.598805,,,直播间带货榜,,,,,,,,,,,
7608142992549245928,2026-05-09 22:55:32.783830,,,直播间带货榜,,,,,,,,,,,
7608158902592899914,2026-05-09 22:55:54.260066,,,直播间带货榜,,,,,,,,,,,
7616132910906608906,2026-05-10 19:09:07.570840,,,直播间带货榜,,,,,,,,,,,
7608164506237291812,2026-05-09 22:56:06.686252,,,直播间带货榜,,,,,,,,,,,
7616619919785987378,2026-05-10 19:25:40.996778,,,直播间带货榜,,,,,,,,,,,
7608201347386007464,2026-05-09 22:56:53.538339,,,直播间带货榜,,,,,,,,,,,
7608225203646221622,2026-05-09 22:57:13.569851,,,直播间带货榜,,,,,,,,,,,
7616340508165043850,2026-05-10 19:19:30.019583,,,直播间带货榜,,,,,,,,,,,
7616294724709748020,2026-05-10 19:16:29.667495,,,直播间带货榜,,,,,,,,,,,
7616274878139829547,2026-05-10 19:14:55.593987,,,直播间带货榜,,,,,,,,,,,
7616274642009494395,2026-05-10 19:14:52.268340,,,直播间带货榜,,,,,,,,,,,
7616230566622950821,2026-05-10 19:12:46.316365,,,直播间带货榜,,,,,,,,,,,
7617030389437156608,2026-05-10 19:43:08.501759,,,直播间带货榜,,,,,,,,,,,
7617039294968843131,2026-05-10 19:43:46.909980,,,直播间带货榜,,,,,,,,,,,
7617052411550534975,2026-05-10 19:44:54.610065,,,直播间带货榜,,,,,,,,,,,
7617053869004180763,2026-05-10 19:45:10.001145,,,直播间带货榜,,,,,,,,,,,
7607795496917153018,2026-05-09 22:52:15.385242,,,直播间带货榜,,,,,,,,,,,
7607800876350389113,2026-05-09 22:52:17.525047,,,直播间带货榜,,,,,,,,,,,
7607811451033554210,2026-05-09 22:52:51.692437,,,直播间带货榜,,,,,,,,,,,
7617398659244270707,2026-05-10 19:53:09.975592,,,直播间带货榜,,,,,,,,,,,
7617388845575181222,2026-05-10 19:52:59.226311,,,直播间带货榜,,,,,,,,,,,
7617372710155897167,2026-05-10 19:52:30.013388,,,直播间带货榜,,,,,,,,,,,
6773906068725565448,2026-05-09 21:21:08.604012,,,直播间带货榜,,,,,,,,,,,
7617365172685075264,2026-05-10 19:51:27.224513,,,直播间带货榜,,,,,,,,,,,
7617364277967730411,2026-05-10 19:51:24.847371,,,直播间带货榜,,,,,,,,,,,
7607846832681289659,2026-05-09 22:53:15.041562,,,直播间带货榜,,,,,,,,,,,
7617360674523450687,2026-05-10 19:51:17.772486,,,直播间带货榜,,,,,,,,,,,
7607868171072048435,2026-05-09 22:53:26.751620,,,直播间带货榜,,,,,,,,,,,
7617339580602192506,2026-05-10 19:50:53.219806,,,直播间带货榜,,,,,,,,,,,
7607883846809378801,2026-05-09 22:53:28.872731,,,直播间带货榜,,,,,,,,,,,
7617333028809822309,2026-05-10 19:50:48.653566,,,直播间带货榜,,,,,,,,,,,
7617298249222200485,2026-05-10 19:50:24.522920,,,直播间带货榜,,,,,,,,,,,
7617100113965566308,2026-05-10 19:47:42.672889,,,直播间带货榜,,,,,,,,,,,
7617077142232239387,2026-05-10 19:46:51.395027,,,直播间带货榜,,,,,,,,,,,
7617075025140534574,2026-05-10 19:46:47.813616,,,直播间带货榜,,,,,,,,,,,
7616197169711795466,2026-05-10 19:10:39.704555,,,直播间带货榜,,,,,,,,,,,
7616023105340706063,2026-05-10 19:08:16.845488,,,直播间带货榜,,,,,,,,,,,
7612276751632431219,2026-05-10 16:24:09.018406,,,直播间带货榜,,,,,,,,,,,
7613365121477250331,2026-05-10 16:55:48.128917,,,直播间带货榜,,,,,,,,,,,
7608479724943265066,2026-05-09 22:59:19.495308,,,直播间带货榜,,,,,,,,,,,
7614613034794814761,2026-05-10 17:39:13.934977,,,直播间带货榜,,,,,,,,,,,
7614435874046315226,2026-05-10 17:30:27.389156,,,直播间带货榜,,,,,,,,,,,
7614422485593678198,2026-05-10 17:29:43.536350,,,直播间带货榜,,,,,,,,,,,
7614404499200920883,2026-05-10 17:29:19.610136,,,直播间带货榜,,,,,,,,,,,
7614073683925595065,2026-05-10 17:19:34.989615,,,直播间带货榜,,,,,,,,,,,
7614056222223830324,2026-05-10 17:18:25.412081,,,直播间带货榜,,,,,,,,,,,
7613811234719407034,2026-05-10 17:10:08.165930,,,直播间带货榜,,,,,,,,,,,
7613767975816006912,2026-05-10 17:08:26.879410,,,直播间带货榜,,,,,,,,,,,
7613238850671906067,2026-05-10 16:48:22.239488,,,直播间带货榜,,,,,,,,,,,
7608233817375712689,2026-05-09 22:57:15.821137,,,直播间带货榜,,,,,,,,,,,
7612985609628896361,2026-05-10 16:43:45.682248,,,直播间带货榜,,,,,,,,,,,
7612799067479767657,2026-05-10 16:37:27.650493,,,直播间带货榜,,,,,,,,,,,
7608500111580171566,2026-05-09 22:59:37.564139,,,直播间带货榜,,,,,,,,,,,
7612702711930277162,2026-05-10 16:37:04.108721,,,直播间带货榜,,,,,,,,,,,
7612632818627218703,2026-05-10 16:35:10.234741,,,直播间带货榜,,,,,,,,,,,
7612627219890166245,2026-05-10 16:34:41.985762,,,直播间带货榜,,,,,,,,,,,
7612603181763235115,2026-05-10 16:31:33.582384,,,直播间带货榜,,,,,,,,,,,
7612572079561221477,2026-05-10 16:30:15.117773,,,直播间带货榜,,,,,,,,,,,
7612326266804473134,2026-05-10 16:27:09.633282,,,直播间带货榜,,,,,,,,,,,
7614772678930500899,2026-05-10 17:42:23.512984,,,直播间带货榜,,,,,,,,,,,
7614787252274744576,2026-05-10 17:43:00.469212,,,直播间带货榜,,,,,,,,,,,
7614969244341636378,2026-05-10 17:49:28.980339,,,直播间带货榜,,,,,,,,,,,
7615165648792645797,2026-05-10 18:35:27.502057,,,直播间带货榜,,,,,,,,,,,
7608236791132327187,2026-05-09 22:57:18.095752,,,直播间带货榜,,,,,,,,,,,
7608263983452586609,2026-05-09 22:57:29.244145,,,直播间带货榜,,,,,,,,,,,
7615803770043206922,2026-05-10 18:53:24.202600,,,直播间带货榜,,,,,,,,,,,
7608356842376581361,2026-05-09 22:57:41.790508,,,直播间带货榜,,,,,,,,,,,
7608387207289127099,2026-05-09 22:57:56.812656,,,直播间带货榜,,,,,,,,,,,
7615584845624911793,2026-05-10 18:47:38.473524,,,直播间带货榜,,,,,,,,,,,
7615575612568161570,2026-05-10 18:47:26.309832,,,直播间带货榜,,,,,,,,,,,
7615560686701202742,2026-05-10 18:45:52.386342,,,直播间带货榜,,,,,,,,,,,
7615557883983431546,2026-05-10 18:45:21.011119,,,直播间带货榜,,,,,,,,,,,
7608419019595171441,2026-05-09 22:58:38.029695,,,直播间带货榜,,,,,,,,,,,
7615485180228242707,2026-05-10 18:43:33.984068,,,直播间带货榜,,,,,,,,,,,
7615469330578279721,2026-05-10 18:43:18.343029,,,直播间带货榜,,,,,,,,,,,
7608436855016574260,2026-05-09 22:58:43.437208,,,直播间带货榜,,,,,,,,,,,
7608468119216427362,2026-05-09 22:59:09.025272,,,直播间带货榜,,,,,,,,,,,
7615241410572209462,2026-05-10 18:39:49.117125,,,直播间带货榜,,,,,,,,,,,
7615209947093093667,2026-05-10 18:38:11.666623,,,直播间带货榜,,,,,,,,,,,
7615193698905723274,2026-05-10 18:37:35.172763,,,直播间带货榜,,,,,,,,,,,
7615191526385274127,2026-05-10 18:37:20.094411,,,直播间带货榜,,,,,,,,,,,
7615187264355847470,2026-05-10 18:37:02.310442,,,直播间带货榜,,,,,,,,,,,
7619961981230943514,2026-05-10 21:14:12.807538,,,直播间带货榜,,,,,,,,,,,
7619671237858164899,2026-05-10 21:10:01.473352,,,直播间带货榜,,,,,,,,,,,
7604533061430021411,2026-05-09 21:49:45.680334,,,直播间带货榜,,,,,,,,,,,
7622258150422482191,2026-05-10 22:13:21.354441,,,直播间带货榜,,,,,,,,,,,
7622369605750721792,2026-05-10 22:16:47.320610,,,直播间带货榜,,,,,,,,,,,
7622363922528743153,2026-05-10 22:16:43.869868,,,直播间带货榜,,,,,,,,,,,
7622353926284826801,2026-05-10 22:16:40.491732,,,直播间带货榜,,,,,,,,,,,
7604076634525797674,2026-05-09 21:43:47.084470,,,直播间带货榜,,,,,,,,,,,
7622282232727872758,2026-05-10 22:13:47.196954,,,直播间带货榜,,,,,,,,,,,
7604076883122534115,2026-05-09 21:43:50.330657,,,直播间带货榜,,,,,,,,,,,
7622267921452141875,2026-05-10 22:13:28.526166,,,直播间带货榜,,,,,,,,,,,
7604078137794949802,2026-05-09 21:43:59.628978,,,直播间带货榜,,,,,,,,,,,
7622259994934709556,2026-05-10 22:13:23.620490,,,直播间带货榜,,,,,,,,,,,
7604080177258684554,2026-05-09 21:44:09.015232,,,直播间带货榜,,,,,,,,,,,
7622217365505183011,2026-05-10 22:11:20.142514,,,直播间带货榜,,,,,,,,,,,
7604080211956681990,2026-05-09 21:44:12.274217,,,直播间带货榜,,,,,,,,,,,
7622253385479668457,2026-05-10 22:13:11.963127,,,直播间带货榜,,,,,,,,,,,
7622249783851240744,2026-05-10 22:13:02.938263,,,直播间带货榜,,,,,,,,,,,
7622238457561107739,2026-05-10 22:12:49.935951,,,直播间带货榜,,,,,,,,,,,
7622237220312960704,2026-05-10 22:12:46.026637,,,直播间带货榜,,,,,,,,,,,
7622233387364928806,2026-05-10 22:11:52.604258,,,直播间带货榜,,,,,,,,,,,
7622232236292672768,2026-05-10 22:11:49.389366,,,直播间带货榜,,,,,,,,,,,
7622228434962641902,2026-05-10 22:11:35.196120,,,直播间带货榜,,,,,,,,,,,
7622225993570877425,2026-05-10 22:11:33.053382,,,直播间带货榜,,,,,,,,,,,
7622370391570287924,2026-05-10 22:16:50.143392,,,直播间带货榜,,,,,,,,,,,
7604072977512156425,2026-05-09 21:43:37.097824,,,直播间带货榜,,,,,,,,,,,
7622545142414593307,2026-05-10 22:18:21.326308,,,直播间带货榜,,,,,,,,,,,
7622551600603153915,2026-05-10 22:18:31.603631,,,直播间带货榜,,,,,,,,,,,
7622890467889253668,2026-05-10 22:27:50.399716,,,直播间带货榜,,,,,,,,,,,
7622884818036016826,2026-05-10 22:27:46.459862,,,直播间带货榜,,,,,,,,,,,
7622848289410485558,2026-05-10 22:27:00.176366,,,直播间带货榜,,,,,,,,,,,
7603994961058565422,2026-05-09 21:40:27.768029,,,直播间带货榜,,,,,,,,,,,
7603997807167866276,2026-05-09 21:40:30.631922,,,直播间带货榜,,,,,,,,,,,
7604002191677852963,2026-05-09 21:40:35.085755,,,直播间带货榜,,,,,,,,,,,
7604006384128118042,2026-05-09 21:40:39.839885,,,直播间带货榜,,,,,,,,,,,
7604034088026066185,2026-05-09 21:41:40.281308,,,直播间带货榜,,,,,,,,,,,
7604037287877397801,2026-05-09 21:41:51.498732,,,直播间带货榜,,,,,,,,,,,
7622665927196151059,2026-05-10 22:24:41.999808,,,直播间带货榜,,,,,,,,,,,
7622659776643648820,2026-05-10 22:24:22.156323,,,直播间带货榜,,,,,,,,,,,
7622649520203123995,2026-05-10 22:24:17.892439,,,直播间带货榜,,,,,,,,,,,
7604046193676668210,2026-05-09 21:42:39.730086,,,直播间带货榜,,,,,,,,,,,
7622620452040477958,2026-05-10 22:22:27.588587,,,直播间带货榜,,,,,,,,,,,
7622616538121653567,2026-05-10 22:22:17.279321,,,直播间带货榜,,,,,,,,,,,
7622583791323843883,2026-05-10 22:20:13.188362,,,直播间带货榜,,,,,,,,,,,
7622583498133589267,2026-05-10 22:20:03.277825,,,直播间带货榜,,,,,,,,,,,
7622573062836181169,2026-05-10 22:19:18.306424,,,直播间带货榜,,,,,,,,,,,
7622555998305160488,2026-05-10 22:18:54.847185,,,直播间带货榜,,,,,,,,,,,
7622222057400536329,2026-05-10 22:11:30.609453,,,直播间带货榜,,,,,,,,,,,
7622211050187836710,2026-05-10 22:11:15.596093,,,直播间带货榜,,,,,,,,,,,
7605047371885577830,2026-05-09 21:58:49.933882,,,直播间带货榜,,,,,,,,,,,
7621815126756206207,2026-05-10 22:02:29.200984,,,直播间带货榜,,,,,,,,,,,
7621875232931908870,2026-05-10 22:03:59.408802,,,直播间带货榜,,,,,,,,,,,
7621849652144524559,2026-05-10 22:03:27.318530,,,直播间带货榜,,,,,,,,,,,
7619995618056884666,2026-05-10 21:15:44.778593,,,直播间带货榜,,,,,,,,,,,
7604707566375013647,2026-05-09 21:50:44.034187,,,直播间带货榜,,,,,,,,,,,
7621833409991626047,2026-05-10 22:03:15.966248,,,直播间带货榜,,,,,,,,,,,
7621828360976469299,2026-05-10 22:03:12.830596,,,直播间带货榜,,,,,,,,,,,
7604707589558424817,2026-05-09 21:50:46.868840,,,直播间带货榜,,,,,,,,,,,
7604796398495610085,2026-05-09 21:54:46.442276,,,直播间带货榜,,,,,,,,,,,
7604804004799311699,2026-05-09 21:55:01.118110,,,直播间带货榜,,,,,,,,,,,
7621813202053123370,2026-05-10 22:02:27.341731,,,直播间带货榜,,,,,,,,,,,
7622191769844780330,2026-05-10 22:10:49.790030,,,直播间带货榜,,,,,,,,,,,
7621812893218016575,2026-05-10 22:02:25.560571,,,直播间带货榜,,,,,,,,,,,
7621812384297930030,2026-05-10 22:02:23.525840,,,直播间带货榜,,,,,,,,,,,
7621796032879349026,2026-05-10 22:02:17.893582,,,直播间带货榜,,,,,,,,,,,
7621793615320645327,2026-05-10 22:02:08.473135,,,直播间带货榜,,,,,,,,,,,
7621769547099442483,2026-05-10 22:01:51.944052,,,直播间带货榜,,,,,,,,,,,
7621767681032621327,2026-05-10 22:01:49.927846,,,直播间带货榜,,,,,,,,,,,
7621664655114603830,2026-05-10 22:00:28.977678,,,直播间带货榜,,,,,,,,,,,
7604825732351437243,2026-05-09 21:56:14.540216,,,直播间带货榜,,,,,,,,,,,
7605008048323319483,2026-05-09 21:58:46.144393,,,直播间带货榜,,,,,,,,,,,
7604447588103867691,2026-05-09 21:48:25.967144,,,直播间带货榜,,,,,,,,,,,
7604427829970816292,2026-05-09 21:47:59.386099,,,直播间带货榜,,,,,,,,,,,
7621885697460867045,2026-05-10 22:05:31.548612,,,直播间带货榜,,,,,,,,,,,
7604423054055214376,2026-05-09 21:47:47.732547,,,直播间带货榜,,,,,,,,,,,
7622189852691369268,2026-05-10 22:10:47.535252,,,直播间带货榜,,,,,,,,,,,
7622187897991475179,2026-05-10 22:10:42.433926,,,直播间带货榜,,,,,,,,,,,
7622167934895915136,2026-05-10 22:10:40.272024,,,直播间带货榜,,,,,,,,,,,
7622161288600309007,2026-05-10 22:10:38.121900,,,直播间带货榜,,,,,,,,,,,
7622154568638889359,2026-05-10 22:10:28.879920,,,直播间带货榜,,,,,,,,,,,
7622147883894181135,2026-05-10 22:10:24.394798,,,直播间带货榜,,,,,,,,,,,
7622147646081223974,2026-05-10 22:10:18.190530,,,直播间带货榜,,,,,,,,,,,
7622122425685232915,2026-05-10 22:09:03.073269,,,直播间带货榜,,,,,,,,,,,
7622079618246056859,2026-05-10 22:08:21.002853,,,直播间带货榜,,,,,,,,,,,
7621933728390446586,2026-05-10 22:07:23.009078,,,直播间带货榜,,,,,,,,,,,
7621915228380450098,2026-05-10 22:06:22.771099,,,直播间带货榜,,,,,,,,,,,
7621912696027450678,2026-05-10 22:06:18.517233,,,直播间带货榜,,,,,,,,,,,
7604238732819991835,2026-05-09 21:45:47.700316,,,直播间带货榜,,,,,,,,,,,
7621905346176827641,2026-05-10 22:06:08.621796,,,直播间带货榜,,,,,,,,,,,
7621898824843398410,2026-05-10 22:05:59.129071,,,直播间带货榜,,,,,,,,,,,
7621896735987633451,2026-05-10 22:05:57.052265,,,直播间带货榜,,,,,,,,,,,
7604327856541420846,2026-05-09 21:46:01.126025,,,直播间带货榜,,,,,,,,,,,
7604374688277499171,2026-05-09 21:46:50.188735,,,直播间带货榜,,,,,,,,,,,
7621889889365249334,2026-05-10 22:05:51.129418,,,直播间带货榜,,,,,,,,,,,
7622899970648268219,2026-05-10 22:27:55.412075,,,直播间带货榜,,,,,,,,,,,
7622900400275236250,2026-05-10 22:27:57.756042,,,直播间带货榜,,,,,,,,,,,
7622945738376351003,2026-05-10 22:28:29.765617,,,直播间带货榜,,,,,,,,,,,
7623691810036124974,2026-05-10 22:41:38.396624,,,直播间带货榜,,,,,,,,,,,
7623935076602295525,2026-05-10 22:47:39.333529,,,直播间带货榜,,,,,,,,,,,
7623883679219141938,2026-05-10 22:47:36.483216,,,直播间带货榜,,,,,,,,,,,
7623811400036617514,2026-05-10 22:46:36.847844,,,直播间带货榜,,,,,,,,,,,
7623777593648631076,2026-05-10 22:46:02.239772,,,直播间带货榜,,,,,,,,,,,
7623768343119498542,2026-05-10 22:45:39.099411,,,直播间带货榜,,,,,,,,,,,
7623714680216819290,2026-05-10 22:42:26.056716,,,直播间带货榜,,,,,,,,,,,
7623714219921378596,2026-05-10 22:42:23.879676,,,直播间带货榜,,,,,,,,,,,
7623712590060915983,2026-05-10 22:42:21.738723,,,直播间带货榜,,,,,,,,,,,
7623705391574060340,2026-05-10 22:42:18.032009,,,直播间带货榜,,,,,,,,,,,
7623676797108994522,2026-05-10 22:41:36.344227,,,直播间带货榜,,,,,,,,,,,
7622953111157591296,2026-05-10 22:28:32.192277,,,直播间带货榜,,,,,,,,,,,
7623673322462612799,2026-05-10 22:41:33.951368,,,直播间带货榜,,,,,,,,,,,
7623665369437550262,2026-05-10 22:41:31.840603,,,直播间带货榜,,,,,,,,,,,
7623661030359684724,2026-05-10 22:41:27.746345,,,直播间带货榜,,,,,,,,,,,
7543906254733823284,2026-05-09 21:28:45.810154,,,直播间带货榜,,,,,,,,,,,
7623627099533856015,2026-05-10 22:40:33.042356,,,直播间带货榜,,,,,,,,,,,
7623608904668220687,2026-05-10 22:40:31.064244,,,直播间带货榜,,,,,,,,,,,
7623600301638978826,2026-05-10 22:40:28.983574,,,直播间带货榜,,,,,,,,,,,
7545154739588173102,2026-05-09 21:29:47.246516,,,直播间带货榜,,,,,,,,,,,
7623456199232605483,2026-05-10 22:39:51.306257,,,直播间带货榜,,,,,,,,,,,
7543185221487693090,2026-05-09 21:27:41.086463,,,直播间带货榜,,,,,,,,,,,
7623988961676889370,2026-05-10 22:47:52.070026,,,直播间带货榜,,,,,,,,,,,
7542449576419020083,2026-05-09 21:26:40.613733,,,直播间带货榜,,,,,,,,,,,
7539019622574525736,2026-05-09 21:26:26.441251,,,直播间带货榜,,,,,,,,,,,
7624152934980324659,2026-05-10 22:52:28.060441,,,直播间带货榜,,,,,,,,,,,
7624136949028318585,2026-05-10 22:51:51.538076,,,直播间带货榜,,,,,,,,,,,
7427381362337778980,2026-05-09 21:21:50.662809,,,直播间带货榜,,,,,,,,,,,
7624123007522426152,2026-05-10 22:50:48.659899,,,直播间带货榜,,,,,,,,,,,
7436607919690484992,2026-05-09 21:21:59.444641,,,直播间带货榜,,,,,,,,,,,
7624105905587572002,2026-05-10 22:50:00.578176,,,直播间带货榜,,,,,,,,,,,
7624102927552105782,2026-05-10 22:49:58.138764,,,直播间带货榜,,,,,,,,,,,
7444105017394482482,2026-05-09 21:22:06.813332,,,直播间带货榜,,,,,,,,,,,
7465919739051642166,2026-05-09 21:23:06.095934,,,直播间带货榜,,,,,,,,,,,
7624087056314092815,2026-05-10 22:49:32.915490,,,直播间带货榜,,,,,,,,,,,
7471634760171834659,2026-05-09 21:23:48.838977,,,直播间带货榜,,,,,,,,,,,
7476789346587151651,2026-05-09 21:24:20.815147,,,直播间带货榜,,,,,,,,,,,
7624077914983730470,2026-05-10 22:49:25.592363,,,直播间带货榜,,,,,,,,,,,
7486467317828816166,2026-05-09 21:24:40.436350,,,直播间带货榜,,,,,,,,,,,
7509363148483267874,2026-05-09 21:24:43.627700,,,直播间带货榜,,,,,,,,,,,
7514106819482045755,2026-05-09 21:24:50.127529,,,直播间带货榜,,,,,,,,,,,
7624015826806971078,2026-05-10 22:48:09.068459,,,直播间带货榜,,,,,,,,,,,
7533316009105575220,2026-05-09 21:26:04.990983,,,直播间带货榜,,,,,,,,,,,
7536515789558451495,2026-05-09 21:26:21.412865,,,直播间带货榜,,,,,,,,,,,
7549114173926509851,2026-05-09 21:32:27.509683,,,直播间带货榜,,,,,,,,,,,
7623411112339344691,2026-05-10 22:39:10.745960,,,直播间带货榜,,,,,,,,,,,
7551273257052163374,2026-05-09 21:32:48.847729,,,直播间带货榜,,,,,,,,,,,
7623061873115009779,2026-05-10 22:32:20.020101,,,直播间带货榜,,,,,,,,,,,
7623050557925739818,2026-05-10 22:32:13.002419,,,直播间带货榜,,,,,,,,,,,
7623032479091412258,2026-05-10 22:31:43.394201,,,直播间带货榜,,,,,,,,,,,
7623028351195811115,2026-05-10 22:31:34.353400,,,直播间带货榜,,,,,,,,,,,
7603929935245283493,2026-05-09 21:39:08.086658,,,直播间带货榜,,,,,,,,,,,
7623013449794194728,2026-05-10 22:31:02.259411,,,直播间带货榜,,,,,,,,,,,
7623010358499855616,2026-05-10 22:30:59.840059,,,直播间带货榜,,,,,,,,,,,
7623007693233556746,2026-05-10 22:30:57.628393,,,直播间带货榜,,,,,,,,,,,
7603940317389229355,2026-05-09 21:39:16.716589,,,直播间带货榜,,,,,,,,,,,
7623004283026409445,2026-05-10 22:30:45.914133,,,直播间带货榜,,,,,,,,,,,
7623000873534328105,2026-05-10 22:30:34.610142,,,直播间带货榜,,,,,,,,,,,
7622993525462229937,2026-05-10 22:30:24.716977,,,直播间带货榜,,,,,,,,,,,
7622988744345275686,2026-05-10 22:30:13.587273,,,直播间带货榜,,,,,,,,,,,
7603953248071929107,2026-05-09 21:39:39.929380,,,直播间带货榜,,,,,,,,,,,
7603954576844246298,2026-05-09 21:39:42.538207,,,直播间带货榜,,,,,,,,,,,
7622978831254605090,2026-05-10 22:29:47.432870,,,直播间带货榜,,,,,,,,,,,
7622975414729706803,2026-05-10 22:29:45.141563,,,直播间带货榜,,,,,,,,,,,
7622971250240359674,2026-05-10 22:29:40.240351,,,直播间带货榜,,,,,,,,,,,
7622970865429407409,2026-05-10 22:29:37.899614,,,直播间带货榜,,,,,,,,,,,
7622959824136916234,2026-05-10 22:28:42.056411,,,直播间带货榜,,,,,,,,,,,
7623059872640881009,2026-05-10 22:32:17.574183,,,直播间带货榜,,,,,,,,,,,
7623072090224184614,2026-05-10 22:32:37.922571,,,直播间带货榜,,,,,,,,,,,
7623409427525160207,2026-05-10 22:39:06.459202,,,直播间带货榜,,,,,,,,,,,
7623080248011197737,2026-05-10 22:33:46.364023,,,直播间带货榜,,,,,,,,,,,
7562839428796861711,2026-05-09 21:33:04.589900,,,直播间带货榜,,,,,,,,,,,
7563942642787126538,2026-05-09 21:33:45.265594,,,直播间带货榜,,,,,,,,,,,
7564266010748964159,2026-05-09 21:33:47.746907,,,直播间带货榜,,,,,,,,,,,
7569888176370699526,2026-05-09 21:34:56.796551,,,直播间带货榜,,,,,,,,,,,
7623382844382940479,2026-05-10 22:38:09.784679,,,直播间带货榜,,,,,,,,,,,
7623367788492573952,2026-05-10 22:37:18.811325,,,直播间带货榜,,,,,,,,,,,
7623365170294705443,2026-05-10 22:37:12.131068,,,直播间带货榜,,,,,,,,,,,
7623360504816328827,2026-05-10 22:37:08.771511,,,直播间带货榜,,,,,,,,,,,
7601778210447084840,2026-05-09 21:35:59.525462,,,直播间带货榜,,,,,,,,,,,
7603531613670097866,2026-05-09 21:36:37.849834,,,直播间带货榜,,,,,,,,,,,
7603629344644156698,2026-05-09 21:36:40.174268,,,直播间带货榜,,,,,,,,,,,
7603718258667080970,2026-05-09 21:37:16.126406,,,直播间带货榜,,,,,,,,,,,
7603755807763424378,2026-05-09 21:38:07.071919,,,直播间带货榜,,,,,,,,,,,
7603764563376377138,2026-05-09 21:38:09.704027,,,直播间带货榜,,,,,,,,,,,
7603769059172393062,2026-05-09 21:38:12.475060,,,直播间带货榜,,,,,,,,,,,
7623290583636976767,2026-05-10 22:34:51.110121,,,直播间带货榜,,,,,,,,,,,
7603788948229360947,2026-05-09 21:38:30.135905,,,直播间带货榜,,,,,,,,,,,
7623214128202534153,2026-05-10 22:34:13.985221,,,直播间带货榜,,,,,,,,,,,
7623122195094572351,2026-05-10 22:33:56.908897,,,直播间带货榜,,,,,,,,,,,
7621612762603420516,2026-05-10 22:00:23.265124,,,直播间带货榜,,,,,,,,,,,
7609163109764173066,2026-05-09 23:08:28.241439,,,直播间带货榜,,,,,,,,,,,
7621586564150154624,2026-05-10 22:00:17.034934,,,直播间带货榜,,,,,,,,,,,
7621068212730504098,2026-05-10 21:43:26.650499,,,直播间带货榜,,,,,,,,,,,
7621114886740113114,2026-05-10 21:44:45.161933,,,直播间带货榜,,,,,,,,,,,
7605822425167615478,2026-05-09 22:15:27.618879,,,直播间带货榜,,,,,,,,,,,
7621111639018563583,2026-05-10 21:44:21.166572,,,直播间带货榜,,,,,,,,,,,
7605824588253380550,2026-05-09 22:15:29.812015,,,直播间带货榜,,,,,,,,,,,
7606268026119326976,2026-05-09 22:24:07.806292,,,直播间带货榜,,,,,,,,,,,
7605842823463767347,2026-05-09 22:15:48.542293,,,直播间带货榜,,,,,,,,,,,
7621085991113067795,2026-05-10 21:43:45.817453,,,直播间带货榜,,,,,,,,,,,
7620393843191532840,2026-05-10 21:25:23.382014,,,直播间带货榜,,,,,,,,,,,
7621195340347100443,2026-05-10 21:49:39.257342,,,直播间带货榜,,,,,,,,,,,
7621040910461078819,2026-05-10 21:43:17.232252,,,直播间带货榜,,,,,,,,,,,
7605844943944355082,2026-05-09 22:15:52.947080,,,直播间带货榜,,,,,,,,,,,
7620395402382167323,2026-05-10 21:25:30.723290,,,直播间带货榜,,,,,,,,,,,
7621018153404927278,2026-05-10 21:43:04.735593,,,直播间带货榜,,,,,,,,,,,
7605856975536033059,2026-05-09 22:16:16.664886,,,直播间带货榜,,,,,,,,,,,
7620854442761391411,2026-05-10 21:40:58.270942,,,直播间带货榜,,,,,,,,,,,
7620851836694457593,2026-05-10 21:40:54.816067,,,直播间带货榜,,,,,,,,,,,
7621115321297980672,2026-05-10 21:44:47.910050,,,直播间带货榜,,,,,,,,,,,
7621116347937770806,2026-05-10 21:44:53.986203,,,直播间带货榜,,,,,,,,,,,
7605813056999804212,2026-05-09 22:15:12.954754,,,直播间带货榜,,,,,,,,,,,
7621119731030372453,2026-05-10 21:45:19.045427,,,直播间带货榜,,,,,,,,,,,
7620337773576277248,2026-05-10 21:22:33.354110,,,直播间带货榜,,,,,,,,,,,
7621149082082869618,2026-05-10 21:47:21.427806,,,直播间带货榜,,,,,,,,,,,
7605794819055620473,2026-05-09 22:14:51.620237,,,直播间带货榜,,,,,,,,,,,
7605963655150193956,2026-05-09 22:20:56.600801,,,直播间带货榜,,,,,,,,,,,
7621141097221311780,2026-05-10 21:46:32.106464,,,直播间带货榜,,,,,,,,,,,
7620347246550191403,2026-05-10 21:22:36.032709,,,直播间带货榜,,,,,,,,,,,
7606286808644652298,2026-05-09 22:25:51.667662,,,直播间带货榜,,,,,,,,,,,
7606284698528058639,2026-05-09 22:25:47.564704,,,直播间带货榜,,,,,,,,,,,
7621138473944173830,2026-05-10 21:46:27.533440,,,直播间带货榜,,,,,,,,,,,
7621133412102982966,2026-05-10 21:45:58.216233,,,直播间带货榜,,,,,,,,,,,
7621131105520946472,2026-05-10 21:45:55.257518,,,直播间带货榜,,,,,,,,,,,
7621125150729162025,2026-05-10 21:45:29.568429,,,直播间带货榜,,,,,,,,,,,
7621124329794751807,2026-05-10 21:45:26.889533,,,直播间带货榜,,,,,,,,,,,
7621123367491644515,2026-05-10 21:45:24.149809,,,直播间带货榜,,,,,,,,,,,
7606275186920361251,2026-05-09 22:24:19.315866,,,直播间带货榜,,,,,,,,,,,
7620822521289444644,2026-05-10 21:39:53.723371,,,直播间带货榜,,,,,,,,,,,
7620822279328369958,2026-05-10 21:39:50.894022,,,直播间带货榜,,,,,,,,,,,
7620817455509671218,2026-05-10 21:39:48.240032,,,直播间带货榜,,,,,,,,,,,
7606165999628389683,2026-05-09 22:22:42.252550,,,直播间带货榜,,,,,,,,,,,
7620680047086603547,2026-05-10 21:33:52.761329,,,直播间带货榜,,,,,,,,,,,
7605919134269984051,2026-05-09 22:18:51.387876,,,直播间带货榜,,,,,,,,,,,
7620661491380882734,2026-05-10 21:33:46.923324,,,直播间带货榜,,,,,,,,,,,
7606158290820949946,2026-05-09 22:22:39.784102,,,直播间带货榜,,,,,,,,,,,
7620659156810222857,2026-05-10 21:33:41.439326,,,直播间带货榜,,,,,,,,,,,
7605922254366477602,2026-05-09 22:18:54.982616,,,直播间带货榜,,,,,,,,,,,
7605929574534249610,2026-05-09 22:19:10.159538,,,直播间带货榜,,,,,,,,,,,
7620635985398779163,2026-05-10 21:32:49.600069,,,直播间带货榜,,,,,,,,,,,
7620622250936503603,2026-05-10 21:32:33.848174,,,直播间带货榜,,,,,,,,,,,
7620618125578439986,2026-05-10 21:32:29.555909,,,直播间带货榜,,,,,,,,,,,
7605935152887352591,2026-05-09 22:19:57.780153,,,直播间带货榜,,,,,,,,,,,
7620469282732768122,2026-05-10 21:31:04.827670,,,直播间带货榜,,,,,,,,,,,
7605947388829969542,2026-05-09 22:20:34.091927,,,直播间带货榜,,,,,,,,,,,
7620443652556459306,2026-05-10 21:29:16.927065,,,直播间带货榜,,,,,,,,,,,
7605990487618506025,2026-05-09 22:21:25.981819,,,直播间带货榜,,,,,,,,,,,
7620411901817736494,2026-05-10 21:28:15.340939,,,直播间带货榜,,,,,,,,,,,
7620695204013673770,2026-05-10 21:33:58.807713,,,直播间带货榜,,,,,,,,,,,
7620816716678909222,2026-05-10 21:39:43.341507,,,直播间带货榜,,,,,,,,,,,
7620731178466774298,2026-05-10 21:34:33.690381,,,直播间带货榜,,,,,,,,,,,
7620809384084713137,2026-05-10 21:39:06.576535,,,直播间带货榜,,,,,,,,,,,
7605877215523310890,2026-05-09 22:16:53.055965,,,直播间带货榜,,,,,,,,,,,
7605886579009211658,2026-05-09 22:16:55.122066,,,直播间带货榜,,,,,,,,,,,
7620807985832753841,2026-05-10 21:38:44.481806,,,直播间带货榜,,,,,,,,,,,
7620795893394050358,2026-05-10 21:38:00.698006,,,直播间带货榜,,,,,,,,,,,
7620403790839057699,2026-05-10 21:27:48.210846,,,直播间带货榜,,,,,,,,,,,
7605892984499965210,2026-05-09 22:17:04.184704,,,直播间带货榜,,,,,,,,,,,
7620784246541520182,2026-05-10 21:37:39.922074,,,直播间带货榜,,,,,,,,,,,
7605894200172842291,2026-05-09 22:17:08.343028,,,直播间带货榜,,,,,,,,,,,
7620404248735468842,2026-05-10 21:27:59.077785,,,直播间带货榜,,,,,,,,,,,
7605916080782970139,2026-05-09 22:18:39.794938,,,直播间带货榜,,,,,,,,,,,
7620746619809500466,2026-05-10 21:34:54.531264,,,直播间带货榜,,,,,,,,,,,
7606203497633816443,2026-05-09 22:22:52.571412,,,直播间带货榜,,,,,,,,,,,
7620745772547558682,2026-05-10 21:34:52.084455,,,直播间带货榜,,,,,,,,,,,
7620739571541658907,2026-05-10 21:34:48.876597,,,我的世界,,,,,,,,,,,
7620316568907651306,2026-05-10 21:22:23.768701,,,直播间带货榜,,,,,,,,,,,
7621146268445789474,2026-05-10 21:47:09.307351,,,直播间带货榜,,,,,,,,,,,
7621197925435067663,2026-05-10 21:49:53.820045,,,直播间带货榜,,,,,,,,,,,
7620099586933308785,2026-05-10 21:18:36.519484,,,直播间带货榜,,,,,,,,,,,
7620020938448407862,2026-05-10 21:16:20.517094,,,直播间带货榜,,,,,,,,,,,
7620026207781899583,2026-05-10 21:16:28.041791,,,直播间带货榜,,,,,,,,,,,
7620031860295277513,2026-05-10 21:17:11.750035,,,直播间带货榜,,,,,,,,,,,
7621509668644913339,2026-05-10 21:58:31.897035,,,直播间带货榜,,,,,,,,,,,
7621508522450128163,2026-05-10 21:58:29.885234,,,直播间带货榜,,,,,,,,,,,
7606320237662735667,2026-05-09 22:28:15.834107,,,直播间带货榜,,,,,,,,,,,
7620074469406674191,2026-05-10 21:18:13.243163,,,直播间带货榜,,,,,,,,,,,
7621502601141538082,2026-05-10 21:58:09.684854,,,直播间带货榜,,,,,,,,,,,
7605177045475917937,2026-05-09 22:03:21.839978,,,直播间带货榜,,,,,,,,,,,
7605180193380468069,2026-05-09 22:03:24.685577,,,直播间带货榜,,,,,,,,,,,
7605180918755964850,2026-05-09 22:03:27.557561,,,直播间带货榜,,,,,,,,,,,
7620082892878213093,2026-05-10 21:18:23.620927,,,直播间带货榜,,,,,,,,,,,
7606289289604779306,2026-05-09 22:26:03.765381,,,直播间带货榜,,,,,,,,,,,
7605208165118568037,2026-05-09 22:04:35.855240,,,直播间带货榜,,,,,,,,,,,
7620084383931841507,2026-05-10 21:18:26.776051,,,直播间带货榜,,,,,,,,,,,
7605164093934275883,2026-05-09 22:02:40.793696,,,直播间带货榜,,,,,,,,,,,
7605159795833703686,2026-05-09 22:02:30.530244,,,直播间带货榜,,,,,,,,,,,
7621522144047942946,2026-05-10 21:58:46.514676,,,直播间带货榜,,,,,,,,,,,
7621541044165637285,2026-05-10 21:59:36.320973,,,直播间带货榜,,,,,,,,,,,
7621583360188535153,2026-05-10 22:00:14.320590,,,直播间带货榜,,,,,,,,,,,
7605050624215878918,2026-05-09 21:58:52.510849,,,直播间带货榜,,,,,,,,,,,
7621561411478605108,2026-05-10 22:00:00.904748,,,直播间带货榜,,,,,,,,,,,
7605064229628585338,2026-05-09 21:59:02.082139,,,直播间带货榜,,,,,,,,,,,
7621547114811690303,2026-05-10 21:59:40.190015,,,直播间带货榜,,,,,,,,,,,
7605085668968041763,2026-05-09 21:59:59.459404,,,直播间带货榜,,,,,,,,,,,
7621540433746791731,2026-05-10 21:59:34.301555,,,直播间带货榜,,,,,,,,,,,
7620017010042894074,2026-05-10 21:16:16.127305,,,直播间带货榜,,,,,,,,,,,
7605115313167912226,2026-05-09 22:00:40.407561,,,直播间带货榜,,,,,,,,,,,
7605123123365497499,2026-05-09 22:00:48.883219,,,直播间带货榜,,,,,,,,,,,
7620009423871938778,2026-05-10 21:15:47.183714,,,直播间带货榜,,,,,,,,,,,
7621527711466556687,2026-05-10 21:59:00.691605,,,直播间带货榜,,,,,,,,,,,
7620016988689009972,2026-05-10 21:16:12.388399,,,直播间带货榜,,,,,,,,,,,
7605141261988946792,2026-05-09 22:01:40.631170,,,直播间带货榜,,,,,,,,,,,
7605256340319128867,2026-05-09 22:05:46.171950,,,直播间带货榜,,,,,,,,,,,
7605968387344465829,2026-05-09 22:20:58.900915,,,直播间带货榜,,,,,,,,,,,
7621469803617799470,2026-05-10 21:55:28.858493,,,直播间带货榜,,,,,,,,,,,
7605565522310171956,2026-05-09 22:11:31.685266,,,直播间带货榜,,,,,,,,,,,
7621386840423624809,2026-05-10 21:52:28.937402,,,直播间带货榜,,,,,,,,,,,
7620255741378612480,2026-05-10 21:20:51.269990,,,直播间带货榜,,,,,,,,,,,
7620243683350356465,2026-05-10 21:20:40.406483,,,直播间带货榜,,,,,,,,,,,
7605629147838953128,2026-05-09 22:13:14.678403,,,直播间带货榜,,,,,,,,,,,
7621225306586652338,2026-05-10 21:51:01.594611,,,直播间带货榜,,,,,,,,,,,
7620229921666846002,2026-05-10 21:20:37.647805,,,直播间带货榜,,,,,,,,,,,
7605599967830363433,2026-05-09 22:12:28.839209,,,直播间带货榜,,,,,,,,,,,
7605585192850504564,2026-05-09 22:11:40.663213,,,直播间带货榜,,,,,,,,,,,
7620171942393318706,2026-05-10 21:20:03.041888,,,直播间带货榜,,,,,,,,,,,
7605566503789792553,2026-05-09 22:11:34.595569,,,直播间带货榜,,,,,,,,,,,
7620259491522645254,2026-05-10 21:20:56.119753,,,直播间带货榜,,,,,,,,,,,
7621449967928382129,2026-05-10 21:54:39.129600,,,直播间带货榜,,,,,,,,,,,
7621216610095985585,2026-05-10 21:50:49.155820,,,直播间带货榜,,,,,,,,,,,
7621489169260762725,2026-05-10 21:57:14.320609,,,直播间带货榜,,,,,,,,,,,
7620300623866629427,2026-05-10 21:22:02.898327,,,直播间带货榜,,,,,,,,,,,
7605674619164511497,2026-05-09 22:13:39.359183,,,直播间带货榜,,,,,,,,,,,
7621198486734544634,2026-05-10 21:49:58.286327,,,直播间带货榜,,,,,,,,,,,
7606318977169683301,2026-05-09 22:28:03.606148,,,直播间带货榜,,,,,,,,,,,
7621203452660765881,2026-05-10 21:50:45.434169,,,直播间带货榜,,,,,,,,,,,
7605399688351542345,2026-05-09 22:07:04.981402,,,直播间带货榜,,,,,,,,,,,
7543224564684197120,2026-05-09 21:27:58.120688,,,,,,,,,,,,,,
7606332253527364553,2026-05-09 22:28:51.538697,,,,,,,,,,,,,,
7606046924671700258,2026-05-09 22:22:06.953678,,,,,,,,,,,,,,
7606289413400238053,2026-05-09 22:26:05.974905,,,,,,,,,,,,,,
7606540682399976740,2026-05-09 22:31:41.125699,,,,,,,,,,,,,,
7608863932044180334,2026-05-09 23:04:02.133212,,,,,,,,,,,,,,
7629277425473539362,2026-05-11 10:11:14.357226,,,,,,,,,,,,,,
7606555263290377979,2026-05-09 22:32:01.614667,,,,,,,,,,,,,,
7606536643977219354,2026-05-09 22:31:39.104516,,,,,,,,,,,,,,
7546469954996948274,2026-05-09 21:31:04.548532,,,,,,,,,,,,,,
7609131611975585064,2026-05-09 23:07:57.028130,,,,,,,,,,,,,,
7606541557461765391,2026-05-09 22:31:43.062258,,,,,,,,,,,,,,
7546263863453289778,2026-05-09 21:30:39.979014,,,,,,,,,,,,,,
7606259661712395555,2026-05-09 22:23:43.053141,,,,,,,,,,,,,,
7606547781976689983,2026-05-09 22:31:55.253668,,,,,,,,,,,,,,
7606260643792261733,2026-05-09 22:23:49.178665,,,,,,,,,,,,,,
7518075611806551322,2026-05-09 21:25:01.239314,,,,,,,,,,,,,,
7606319324428569892,2026-05-09 22:28:06.037845,,,,,,,,,,,,,,
7630013585346891014,2026-05-11 10:25:52.960251,,,,,,,,,,,,,,
7609148983239697337,2026-05-09 23:08:08.210324,,,,,,,,,,,,,,
7606542056395246891,2026-05-09 22:31:45.299834,,,,,,,,,,,,,,
7606303981039635754,2026-05-09 22:27:46.814275,,,,,,,,,,,,,,
7606331248570617107,2026-05-09 22:28:40.893740,,,,,,,,,,,,,,
7606331554087832895,2026-05-09 22:28:49.552095,,,,,,,,,,,,,,
7629283785984494883,2026-05-11 10:11:22.566616,,,,,,,,,,,,,,
7436608563918769448,2026-05-09 21:22:02.284691,,,,,,,,,,,,,,
7547954215356779815,2026-05-09 21:31:20.072432,,,,,,,,,,,,,,
7513843872540233023,2026-05-09 21:24:46.852172,,,,,,,,,,,,,,
7603966638735510784,2026-05-09 21:40:06.263601,,,,,,,,,,,,,,
7606556203392437547,2026-05-09 22:32:05.690831,,,,,,,,,,,,,,
7607039390603574117,2026-05-09 22:40:48.962188,,,,,,,,,,,,,,
7604108500482018614,2026-05-09 21:44:35.627308,,,,,,,,,,,,,,
7608053654871887144,2026-05-09 22:54:10.932586,,,,,,,,,,,,,,
7607042587593292977,2026-05-09 22:40:53.434961,,,,,,,,,,,,,,
7607076417293028649,2026-05-09 22:42:42.078032,,,,,,,,,,,,,,
7629705143416539569,2026-05-11 10:20:42.609943,,,,,,,,,,,,,,
7607089096900611369,2026-05-09 22:43:06.944542,,,,,,,,,,,,,,
7605545716735429914,2026-05-09 22:10:59.790254,,,,,,,,,,,,,,
7605485598002701786,2026-05-09 22:09:04.235834,,,,,,,,,,,,,,
7604110106657131826,2026-05-09 21:44:37.810173,,,,,,,,,,,,,,
7605222249427258666,2026-05-09 22:05:18.450779,,,,,,,,,,,,,,
7604245798041177354,2026-05-09 21:45:51.369547,,,,,,,,,,,,,,
7607283944169458980,2026-05-09 22:45:35.975547,,,,,,,,,,,,,,
7607832764989270373,2026-05-09 22:53:11.775946,,,,,,,,,,,,,,
7605196131735804367,2026-05-09 22:04:25.299925,,,,,,,,,,,,,,
7605175037038355109,2026-05-09 22:03:03.231319,,,,,,,,,,,,,,
7605171096479862052,2026-05-09 22:02:53.341881,,,,,,,,,,,,,,
7604458351792425642,2026-05-09 21:48:35.003630,,,,,,,,,,,,,,
7604461023206769844,2026-05-09 21:48:44.854560,,,,,,,,,,,,,,
7607775313866673460,2026-05-09 22:52:11.132095,,,,,,,,,,,,,,
7604462135770385705,2026-05-09 21:48:47.256534,,,,,,,,,,,,,,
7604464497180429595,2026-05-09 21:48:49.597233,,,,,,,,,,,,,,
7604473704143146246,2026-05-09 21:48:51.583604,,,,,,,,,,,,,,
7604475998310059270,2026-05-09 21:48:53.783196,,,,,,,,,,,,,,
7607376335287209262,2026-05-09 22:47:00.072289,,,,,,,,,,,,,,
7605144480890522880,2026-05-09 22:01:42.942086,,,,,,,,,,,,,,
7607587735985048870,2026-05-09 22:50:02.414630,,,,,,,,,,,,,,
7605139587539239013,2026-05-09 22:01:18.994637,,,,,,,,,,,,,,
7605133334242528562,2026-05-09 22:01:08.332357,,,,,,,,,,,,,,
7605103373188189486,2026-05-09 22:00:37.170232,,,,,,,,,,,,,,
7604104653042935979,2026-05-09 21:44:33.530337,,,,,,,,,,,,,,
7604101190787370291,2026-05-09 21:44:31.344634,,,,,,,,,,,,,,
7608823093695368498,2026-05-09 23:03:35.451195,,,,,,,,,,,,,,
7604095920950545707,2026-05-09 21:44:29.054374,,,,,,,,,,,,,,
7608819623450816436,2026-05-09 23:03:33.430831,,,,,,,,,,,,,,
7606557345761594639,2026-05-09 22:32:07.722786,,,,,,,,,,,,,,
7608779907829793721,2026-05-09 23:02:53.493509,,,,,,,,,,,,,,
7603912339285888497,2026-05-09 21:39:03.817157,,,,,,,,,,,,,,
7603917458073135994,2026-05-09 21:39:05.936878,,,,,,,,,,,,,,
7628675836527093883,2026-05-11 09:59:24.924551,,,,,,,,,,,,,,
7606617583911046426,2026-05-09 22:33:04.729667,,,,,,,,,,,,,,
7606619324672920838,2026-05-09 22:33:06.664219,,,,,,,,,,,,,,
7606628876248190242,2026-05-09 22:33:10.875972,,,,,,,,,,,,,,
7606654935949741318,2026-05-09 22:35:03.680467,,,,,,,,,,,,,,
7603957216462310691,2026-05-09 21:39:44.793677,,,,,,,,,,,,,,
7607458813859417396,2026-05-09 22:49:25.989392,,,,,,,,,,,,,,
7603987685513907471,2026-05-09 21:40:18.681327,,,,,,,,,,,,,,
7608496076403821870,2026-05-09 22:59:30.569516,,,,,,,,,,,,,,
7608487505469508890,2026-05-09 22:59:22.400761,,,,,,,,,,,,,,
7605844825748966696,2026-05-09 22:15:50.596310,,,,,,,,,,,,,,
7604002899378720046,2026-05-09 21:40:37.741501,,,,,,,,,,,,,,
7605840599660514600,2026-05-09 22:15:45.710766,,,,,,,,,,,,,,
7629747145293188367,2026-05-11 10:21:57.147170,,,,,,,,,,,,,,
7604066029022514447,2026-05-09 21:43:34.972995,,,,,,,,,,,,,,
7605810387035901225,2026-05-09 22:15:10.979507,,,,,,,,,,,,,,
7606887904220138778,2026-05-09 22:38:24.791212,,,,,,,,,,,,,,
7606894099077139775,2026-05-09 22:38:36.194203,,,,,,,,,,,,,,
7606921841688464674,2026-05-09 22:39:07.669959,,,,,,,,,,,,,,
7605778368901991699,2026-05-09 22:14:39.537601,,,,,,,,,,,,,,
7605758820161770149,2026-05-09 22:14:15.779284,,,,,,,,,,,,,,
7607004011866098970,2026-05-09 22:39:48.936594,,,,,,,,,,,,,,
7608216289194616817,2026-05-09 22:57:05.123056,,,,,,,,,,,,,,
7608189820883504430,2026-05-09 22:56:43.947491,,,,,,,,,,,,,,
7606335917623725318,2026-05-09 22:28:53.589237,,,,,,,,,,,,,,
7624196557377752370,2026-05-10 22:53:19.814858,,,,,,,,,,,,,,
7609175744144526592,2026-05-09 23:08:36.062660,,,,,,,,,,,,,,
7621501639010078004,2026-05-10 21:57:59.097063,,,,,,,,,,,,,,
7621524151211183370,2026-05-10 21:58:56.660372,,,,,,,,,,,,,,
7621522484596067635,2026-05-10 21:58:48.377582,,,,,,,,,,,,,,
7621519169830459017,2026-05-10 21:58:42.979220,,,,,,,,,,,,,,
7621517208568515866,2026-05-10 21:58:33.776051,,,,,,,,,,,,,,
7621507042985549797,2026-05-10 21:58:25.671275,,,,,,,,,,,,,,
7621504363291727955,2026-05-10 21:58:16.516266,,,,,,,,,,,,,,
7621501944162536750,2026-05-10 21:58:01.052674,,,,,,,,,,,,,,
7621501552875842213,2026-05-10 21:57:57.071737,,,,,,,,,,,,,,
7621528594132903494,2026-05-10 21:59:02.656926,,,,,,,,,,,,,,
7621499699882642726,2026-05-10 21:57:55.269,,,,,,,,,,,,,,
7621498656264342822,2026-05-10 21:57:53.302401,,,,,,,,,,,,,,
7625883564604873326,2026-05-11 09:02:42.891051,,,,,,,,,,,,,,
7621490794537267641,2026-05-10 21:57:18.591711,,,,,,,,,,,,,,
7625884213615415145,2026-05-11 09:02:48.114648,,,,,,,,,,,,,,
7621489881797684297,2026-05-10 21:57:16.494573,,,,,,,,,,,,,,
7621481591651829430,2026-05-10 21:55:45.825524,,,,,,,,,,,,,,
7621525449634165753,2026-05-10 21:58:58.663105,,,,,,,,,,,,,,
7621532152957603107,2026-05-10 21:59:12.107420,,,,,,,,,,,,,,
7620376410955336987,2026-05-10 21:23:59.766396,,,,,,,,,,,,,,
7621816582234634609,2026-05-10 22:02:33.022525,,,,,,,,,,,,,,
7621867823794569445,2026-05-10 22:03:48.302108,,,,,,,,,,,,,,
7621866514341268776,2026-05-10 22:03:40.307463,,,,,,,,,,,,,,
7621866055301079665,2026-05-10 22:03:38.062174,,,,,,,,,,,,,,
7621857059520122147,2026-05-10 22:03:29.349317,,,,,,,,,,,,,,
7621847286741486889,2026-05-10 22:03:25.579402,,,,,,,,,,,,,,
7621837574408369006,2026-05-10 22:03:17.932484,,,,,,,,,,,,,,
7621819242853240105,2026-05-10 22:02:34.852682,,,,,,,,,,,,,,
7621816017481089913,2026-05-10 22:02:31.187989,,,,,,,,,,,,,,
7621532676289334578,2026-05-10 21:59:13.895969,,,,,,,,,,,,,,
7621641275787316518,2026-05-10 22:00:27.062778,,,,,,,,,,,,,,
7621622552414129448,2026-05-10 22:00:25.190462,,,,,,,,,,,,,,
7621609004208327942,2026-05-10 22:00:21.316015,,,,,,,,,,,,,,
7621563134427385115,2026-05-10 22:00:03.995670,,,,,,,,,,,,,,
7621559423319772462,2026-05-10 21:59:58.138386,,,,,,,,,,,,,,
7621546210330938675,2026-05-10 21:59:38.173710,,,,,,,,,,,,,,
7621540000412355875,2026-05-10 21:59:32.404754,,,,,,,,,,,,,,
7621480486933679406,2026-05-10 21:55:43.876568,,,,,,,,,,,,,,
7621478583898459633,2026-05-10 21:55:41.993604,,,,,,,,,,,,,,
7621476939266322931,2026-05-10 21:55:39.934227,,,,,,,,,,,,,,
7620430934881373455,2026-05-10 21:29:08.215029,,,,,,,,,,,,,,
7620677400405486075,2026-05-10 21:33:49.999783,,,,,,,,,,,,,,
7620648778067987718,2026-05-10 21:32:55.615277,,,,,,,,,,,,,,
7620638195538048942,2026-05-10 21:32:52.658561,,,,,,,,,,,,,,
7620577487022964410,2026-05-10 21:32:01.569044,,,,,,,,,,,,,,
7620454294621316017,2026-05-10 21:30:11.371481,,,,,,,,,,,,,,
7620432386137274234,2026-05-10 21:29:14.470156,,,,,,,,,,,,,,
7620432145953131782,2026-05-10 21:29:12.199940,,,,,,,,,,,,,,
7620420319462919474,2026-05-10 21:28:57.376240,,,,,,,,,,,,,,
7621473810781087926,2026-05-10 21:55:31.028103,,,,,,,,,,,,,,
7620415741178776882,2026-05-10 21:28:55.020520,,,,,,,,,,,,,,
7620408514934902626,2026-05-10 21:28:10.956254,,,,,,,,,,,,,,
7620406687811243300,2026-05-10 21:28:01.989833,,,,,,,,,,,,,,
7620399452947270964,2026-05-10 21:26:39.351274,,,,,,,,,,,,,,
7620394272679829689,2026-05-10 21:25:25.643512,,,,,,,,,,,,,,
7620390976061852938,2026-05-10 21:25:13.156317,,,,,,,,,,,,,,
7620388252129807651,2026-05-10 21:25:03.843385,,,,,,,,,,,,,,
7620747888871738664,2026-05-10 21:34:56.940568,,,,,,,,,,,,,,
7620763203840036115,2026-05-10 21:36:56.160786,,,,,,,,,,,,,,
7620785598710650867,2026-05-10 21:37:56.376907,,,,,,,,,,,,,,
7626036832848991345,2026-05-11 09:08:42.930487,,,,,,,,,,,,,,
7621230618642337087,2026-05-10 21:51:08.934920,,,,,,,,,,,,,,
7621221825694960950,2026-05-10 21:50:51.194324,,,,,,,,,,,,,,
7621195213024841011,2026-05-10 21:49:35.133344,,,,,,,,,,,,,,
7621170171666795803,2026-05-10 21:47:43.606046,,,,,,,,,,,,,,
7621146883976695075,2026-05-10 21:47:12.517268,,,,,,,,,,,,,,
7621121226203173818,2026-05-10 21:45:21.715562,,,,,,,,,,,,,,
7621118525272378664,2026-05-10 21:45:16.458611,,,,,,,,,,,,,,
7621114519229590483,2026-05-10 21:44:42.803569,,,,,,,,,,,,,,
7621100261117524709,2026-05-10 21:44:10.380114,,,,,,,,,,,,,,
7621094675717295395,2026-05-10 21:43:52.182915,,,,,,,,,,,,,,
7621088719201668371,2026-05-10 21:43:49.889886,,,,,,,,,,,,,,
7621051452643455999,2026-05-10 21:43:22.798018,,,,,,,,,,,,,,
7621019187045997254,2026-05-10 21:43:07.306359,,,,,,,,,,,,,,
7621001290050538758,2026-05-10 21:42:36.566994,,,,,,,,,,,,,,
7626023771728820921,2026-05-11 09:08:40.704062,,,,,,,,,,,,,,
7621870274870381824,2026-05-10 22:03:55.543776,,,,,,,,,,,,,,
7621873622063500590,2026-05-10 22:03:57.300964,,,,,,,,,,,,,,
7621876940286233856,2026-05-10 22:04:01.512565,,,,,,,,,,,,,,
7623389837378227483,2026-05-10 22:38:41.571689,,,,,,,,,,,,,,
7623637486698351891,2026-05-10 22:40:38.892343,,,,,,,,,,,,,,
7624472296551468298,2026-05-10 22:57:54.935148,,,,,,,,,,,,,,
7624479839415700778,2026-05-10 22:57:56.871779,,,,,,,,,,,,,,
7623470620629552430,2026-05-10 22:39:55.363173,,,,,,,,,,,,,,
7623458173483060515,2026-05-10 22:39:53.530009,,,,,,,,,,,,,,
7623421971929353491,2026-05-10 22:39:12.770166,,,,,,,,,,,,,,
7623410930566581530,2026-05-10 22:39:08.804485,,,,,,,,,,,,,,
7623388056880197706,2026-05-10 22:38:39.313856,,,,,,,,,,,,,,
7623294074769984804,2026-05-10 22:34:53.408448,,,,,,,,,,,,,,
7623387328451301989,2026-05-10 22:38:31.352329,,,,,,,,,,,,,,
7623386484524138673,2026-05-10 22:38:29.264806,,,,,,,,,,,,,,
7623358673632447786,2026-05-10 22:37:05.109511,,,,,,,,,,,,,,
7623348079835499822,2026-05-10 22:36:37.621409,,,,,,,,,,,,,,
7624512738023508145,2026-05-10 22:59:52.808602,,,,,,,,,,,,,,
7623325081426611496,2026-05-10 22:35:00.544254,,,,,,,,,,,,,,
7623323903372430626,2026-05-10 22:34:58.243292,,,,,,,,,,,,,,
7623845916423884078,2026-05-10 22:47:15.080623,,,,,,,,,,,,,,
7624455939315305743,2026-05-10 22:55:33.762199,,,,,,,,,,,,,,
7623994328936055396,2026-05-10 22:47:54.399014,,,,,,,,,,,,,,
7624453341897395365,2026-05-10 22:55:21.689627,,,,,,,,,,,,,,
7624135812602416410,2026-05-10 22:51:49.293797,,,,,,,,,,,,,,
7624121382745410825,2026-05-10 22:50:31.562804,,,,,,,,,,,,,,
7624117182797047793,2026-05-10 22:50:27.884879,,,,,,,,,,,,,,
7624100643720138010,2026-05-10 22:49:56.066671,,,,,,,,,,,,,,
7624100477500684718,2026-05-10 22:49:54.035377,,,,,,,,,,,,,,
7624082325374120869,2026-05-10 22:49:30.592306,,,,,,,,,,,,,,
7624399599289093376,2026-05-10 22:54:53.571102,,,,,,,,,,,,,,
7624025787248200433,2026-05-10 22:48:37.182768,,,,,,,,,,,,,,
7624418294870641507,2026-05-10 22:55:00.117147,,,,,,,,,,,,,,
7624424047899594034,2026-05-10 22:55:02.220940,,,,,,,,,,,,,,
7624435704877042996,2026-05-10 22:55:04.183161,,,,,,,,,,,,,,
7624023662961724698,2026-05-10 22:48:35.164081,,,,,,,,,,,,,,
7624445471055388870,2026-05-10 22:55:15.651173,,,,,,,,,,,,,,
7624446184601537827,2026-05-10 22:55:17.774976,,,,,,,,,,,,,,
7624003226538478863,2026-05-10 22:48:03.816134,,,,,,,,,,,,,,
7623322371394506022,2026-05-10 22:34:55.521951,,,,,,,,,,,,,,
7623233097086150382,2026-05-10 22:34:16.409569,,,,,,,,,,,,,,
7621883534055181602,2026-05-10 22:04:59.377025,,,,,,,,,,,,,,
7622216951825239347,2026-05-10 22:11:17.990210,,,,,,,,,,,,,,
7622332180094069745,2026-05-10 22:16:29.915610,,,,,,,,,,,,,,
7622275429692718708,2026-05-10 22:13:31.036282,,,,,,,,,,,,,,
7622263770567494921,2026-05-10 22:13:26.228785,,,,,,,,,,,,,,
7622256647763710329,2026-05-10 22:13:19.274755,,,,,,,,,,,,,,
7622254320129472091,2026-05-10 22:13:17.144600,,,,,,,,,,,,,,
7622229682754227498,2026-05-10 22:11:39.518422,,,,,,,,,,,,,,
7622228693071899301,2026-05-10 22:11:37.527961,,,,,,,,,,,,,,
7622207606220620870,2026-05-10 22:11:06.771542,,,,,,,,,,,,,,
7624687548623394484,2026-05-10 23:00:35.893128,,,,,,,,,,,,,,
7622148310456398568,2026-05-10 22:10:26.822636,,,,,,,,,,,,,,
7621913672654327050,2026-05-10 22:06:20.649055,,,,,,,,,,,,,,
7621910793319225457,2026-05-10 22:06:16.614959,,,,,,,,,,,,,,
7621898916056878377,2026-05-10 22:06:01.140089,,,,,,,,,,,,,,
7621896339819205626,2026-05-10 22:05:55.198641,,,,,,,,,,,,,,
7621891362127990068,2026-05-10 22:05:53.283913,,,,,,,,,,,,,,
7621887748198239534,2026-05-10 22:05:35.358728,,,,,,,,,,,,,,
7622476360077839679,2026-05-10 22:17:13.296255,,,,,,,,,,,,,,
7622570893876923686,2026-05-10 22:19:14.344043,,,,,,,,,,,,,,
7622620628264291630,2026-05-10 22:22:31.465011,,,,,,,,,,,,,,
7622663834246925594,2026-05-10 22:24:39.989257,,,,,,,,,,,,,,
7623051504529722676,2026-05-10 22:32:15.395543,,,,,,,,,,,,,,
7624738597719846578,2026-05-10 23:00:57.813756,,,,,,,,,,,,,,
7623005764974913403,2026-05-10 22:30:55.262847,,,,,,,,,,,,,,
7624790400242355482,2026-05-10 23:01:39.017545,,,,,,,,,,,,,,
7622979140102229267,2026-05-10 22:29:49.781395,,,,,,,,,,,,,,
7622844321984744731,2026-05-10 22:26:58.024089,,,,,,,,,,,,,,
7622812119789193387,2026-05-10 22:26:55.772740,,,,,,,,,,,,,,
7622780496107392275,2026-05-10 22:26:53.505436,,,,,,,,,,,,,,
7622774859029826816,2026-05-10 22:26:51.232953,,,,,,,,,,,,,,
7622691268572859684,2026-05-10 22:25:01.371648,,,,,,,,,,,,,,
7622690557487254836,2026-05-10 22:24:59.184421,,,,,,,,,,,,,,
7624840871008169829,2026-05-11 08:50:06.348352,,,,,,,,,,,,,,
7622687524510567718,2026-05-10 22:24:56.460716,,,,,,,,,,,,,,
7622674612937356763,2026-05-10 22:24:46.730673,,,,,,,,,,,,,,
7622666526948641646,2026-05-10 22:24:44.620082,,,,,,,,,,,,,,
7620387197598921701,2026-05-10 21:24:53.709982,,,,,,,,,,,,,,
7620311710167556329,2026-05-10 21:22:12.312013,,,,,,,,,,,,,,
7609249318403748281,2026-05-10 15:11:29.441014,,,,,,,,,,,,,,
7627805429808018943,2026-05-11 09:41:24.760126,,,,,,,,,,,,,,
7616670058995191219,2026-05-10 19:30:01.843385,,,,,,,,,,,,,,
7616658635074129202,2026-05-10 19:29:00.735110,,,,,,,,,,,,,,
7627796121867341075,2026-05-11 09:41:12.984368,,,,,,,,,,,,,,
7627796273210363136,2026-05-11 09:41:14.962460,,,,,,,,,,,,,,
7627797556277398826,2026-05-11 09:41:16.841832,,,,,,,,,,,,,,
7627799015878700788,2026-05-11 09:41:18.708456,,,,,,,,,,,,,,
7627801800783031161,2026-05-11 09:41:22.885536,,,,,,,,,,,,,,
7616614946452884779,2026-05-10 19:25:29.585130,,,,,,,,,,,,,,
7616958094321952710,2026-05-10 19:40:17.351848,,,,,,,,,,,,,,
7615966113050898548,2026-05-10 19:05:30.713246,,,,,,,,,,,,,,
7615963517146104805,2026-05-10 19:05:27.463770,,,,,,,,,,,,,,
7615925803259366719,2026-05-10 18:59:13.436724,,,,,,,,,,,,,,
7615592146318831609,2026-05-10 18:48:13.506030,,,,,,,,,,,,,,
7627836194906230042,2026-05-11 09:42:34.351058,,,,,,,,,,,,,,
7615532508437011387,2026-05-10 18:44:42.207590,,,,,,,,,,,,,,
7615338906040421670,2026-05-10 18:42:09.941171,,,,,,,,,,,,,,
7616892516348459877,2026-05-10 19:39:07.484021,,,,,,,,,,,,,,
7616964406659861803,2026-05-10 19:40:21.796142,,,,,,,,,,,,,,
7620291559228968235,2026-05-10 21:21:58.823159,,,,,,,,,,,,,,
7617442533680909604,2026-05-10 19:56:13.683215,,,,,,,,,,,,,,
7617783724431707432,2026-05-10 20:06:25.685061,,,,,,,,,,,,,,
7627466887443022321,2026-05-11 09:37:12.294806,,,,,,,,,,,,,,
7617665299822726438,2026-05-10 20:00:29.637224,,,,,,,,,,,,,,
7617592745028242694,2026-05-10 19:59:50.884002,,,,,,,,,,,,,,
7617497849667833114,2026-05-10 19:59:23.871718,,,,,,,,,,,,,,
7617451998216080655,2026-05-10 19:56:33.987369,,,,,,,,,,,,,,
7617442643189959974,2026-05-10 19:56:16.514995,,,,,,,,,,,,,,
7617426920233274630,2026-05-10 19:54:56.143469,,,,,,,,,,,,,,
7627760943153286415,2026-05-11 09:40:40.800274,,,,,,,,,,,,,,
7617426105993772985,2026-05-10 19:54:52.528644,,,,,,,,,,,,,,
7617421234128566874,2026-05-10 19:54:38.218002,,,,,,,,,,,,,,
7627550865737534762,2026-05-11 09:39:11.961481,,,,,,,,,,,,,,
7617362455605316914,2026-05-10 19:51:21.190421,,,,,,,,,,,,,,
7617350897832736930,2026-05-10 19:51:02.756393,,,,,,,,,,,,,,
7617338885340963318,2026-05-10 19:50:51.082473,,,,,,,,,,,,,,
7617000674299071778,2026-05-10 19:41:21.203615,,,,,,,,,,,,,,
7615249209026010021,2026-05-10 18:40:08.216723,,,,,,,,,,,,,,
7614741614623345966,2026-05-10 17:41:58.644062,,,,,,,,,,,,,,
7614132371868224811,2026-05-10 17:24:24.942050,,,,,,,,,,,,,,
7609897501545879962,2026-05-10 15:19:17.551661,,,,,,,,,,,,,,
7610604971285785009,2026-05-10 15:33:36.655007,,,,,,,,,,,,,,
7610399903009169769,2026-05-10 15:29:53.364801,,,,,,,,,,,,,,
7628244059261406516,2026-05-11 09:51:43.429433,,,,,,,,,,,,,,
7628276975144176905,2026-05-11 09:52:27.369361,,,,,,,,,,,,,,
7610263457007076307,2026-05-10 15:25:34.016336,,,,,,,,,,,,,,
7610091916838882602,2026-05-10 15:25:04.087126,,,,,,,,,,,,,,
7609914905126447955,2026-05-10 15:19:48.837657,,,,,,,,,,,,,,
7609892680834845998,2026-05-10 15:19:15.300753,,,,,,,,,,,,,,
7614092962129108345,2026-05-10 17:21:21.989720,,,,,,,,,,,,,,
7628473525803715846,2026-05-11 09:53:22.637738,,,,,,,,,,,,,,
7609657661520383247,2026-05-10 15:17:28.668963,,,,,,,,,,,,,,
7609651415614622976,2026-05-10 15:17:25.389128,,,,,,,,,,,,,,
7609630783078288694,2026-05-10 15:16:54.538022,,,,,,,,,,,,,,
7628511976510983478,2026-05-11 09:53:46.710031,,,,,,,,,,,,,,
7628533606793576858,2026-05-11 09:54:24.370502,,,,,,,,,,,,,,
7609307534905707811,2026-05-10 15:13:43.824251,,,,,,,,,,,,,,
7610729508840525227,2026-05-10 15:36:10.598245,,,,,,,,,,,,,,
7610738637801557288,2026-05-10 15:36:40.815528,,,,,,,,,,,,,,
7628216276028067087,2026-05-11 09:51:05.904087,,,,,,,,,,,,,,
7611096265891328433,2026-05-10 15:44:38.419220,,,,,,,,,,,,,,
7628123745483886267,2026-05-11 09:45:45.859779,,,,,,,,,,,,,,
7611924019180348250,2026-05-10 16:14:50.001892,,,,,,,,,,,,,,
7628158414891306286,2026-05-11 09:46:41.037962,,,,,,,,,,,,,,
7611466497757066339,2026-05-10 15:55:26.539633,,,,,,,,,,,,,,
7611454234835324223,2026-05-10 15:55:15.313544,,,,,,,,,,,,,,
7611449739258760458,2026-05-10 15:54:55.537588,,,,,,,,,,,,,,
7611447422547528975,2026-05-10 15:54:47.209141,,,,,,,,,,,,,,
7611444039196739731,2026-05-10 15:54:45.130051,,,,,,,,,,,,,,
7628186071175613748,2026-05-11 09:47:56.062308,,,,,,,,,,,,,,
7628187879991500219,2026-05-11 09:47:59.396202,,,,,,,,,,,,,,
7628194613840751542,2026-05-11 09:48:10.897246,,,,,,,,,,,,,,
7611125350038293801,2026-05-10 15:46:46.191978,,,,,,,,,,,,,,
7611123147353832697,2026-05-10 15:46:24.448511,,,,,,,,,,,,,,
7611106829761908020,2026-05-10 15:45:42.164452,,,,,,,,,,,,,,
7611098364306738021,2026-05-10 15:44:40.947359,,,,,,,,,,,,,,
7627442942387276666,2026-05-11 09:35:36.053715,,,,,,,,,,,,,,
7617795765301579771,2026-05-10 20:06:44.517113,,,,,,,,,,,,,,
7617799265577862329,2026-05-10 20:07:24.975682,,,,,,,,,,,,,,
7619269565679209738,2026-05-10 20:48:02.446522,,,,,,,,,,,,,,
7619580905178385679,2026-05-10 20:57:15.852470,,,,,,,,,,,,,,
7619525982219636910,2026-05-10 20:55:54.002136,,,,,,,,,,,,,,
7619525005348457738,2026-05-10 20:55:51.468106,,,,,,,,,,,,,,
7626744167569378600,2026-05-11 09:21:01.275469,,,,,,,,,,,,,,
7626765317121963172,2026-05-11 09:21:20.579327,,,,,,,,,,,,,,
7619305414915525915,2026-05-10 20:51:29.497581,,,,,,,,,,,,,,
7619284422981913910,2026-05-10 20:49:43.681865,,,,,,,,,,,,,,
7619262761285078308,2026-05-10 20:47:57.502556,,,,,,,,,,,,,,
7619088806091754793,2026-05-10 20:43:50.055113,,,,,,,,,,,,,,
7619260133029317923,2026-05-10 20:47:39.335715,,,,,,,,,,,,,,
7619255380832455990,2026-05-10 20:46:49.558995,,,,,,,,,,,,,,
7619245621605926329,2026-05-10 20:46:18.249868,,,,,,,,,,,,,,
7619244526264451048,2026-05-10 20:46:15.975853,,,,,,,,,,,,,,
7619216538603769139,2026-05-10 20:45:39.001622,,,,,,,,,,,,,,
7619190100253819766,2026-05-10 20:45:24.134746,,,,,,,,,,,,,,
7619179227652786917,2026-05-10 20:45:20.472343,,,,,,,,,,,,,,
7619588176625077538,2026-05-10 20:57:20.438591,,,,,,,,,,,,,,
7619590682679725350,2026-05-10 20:57:34.463133,,,,,,,,,,,,,,
7619596074893839667,2026-05-10 21:06:13.602296,,,,,,,,,,,,,,
7619631039635410230,2026-05-10 21:07:27.689053,,,,,,,,,,,,,,
7626377731357314314,2026-05-11 09:14:14.788730,,,,,,,,,,,,,,
7620114635894689033,2026-05-10 21:19:45.835638,,,,,,,,,,,,,,
7626397342790323462,2026-05-11 09:14:59.710883,,,,,,,,,,,,,,
7620058834018520362,2026-05-10 21:18:09.019853,,,,,,,,,,,,,,
7620025433618173225,2026-05-10 21:16:25.383711,,,,,,,,,,,,,,
7620022900183092480,2026-05-10 21:16:22.974331,,,,,,,,,,,,,,
7626532238510787891,2026-05-11 09:15:53.358641,,,,,,,,,,,,,,
7620016629690280360,2026-05-10 21:16:09.468289,,,,,,,,,,,,,,
7626591509411843338,2026-05-11 09:16:29.623617,,,,,,,,,,,,,,
7619932559376908451,2026-05-10 21:13:03.321769,,,,,,,,,,,,,,
7619910700231675163,2026-05-10 21:12:17.480392,,,,,,,,,,,,,,
7626639354722972081,2026-05-11 09:17:32.928916,,,,,,,,,,,,,,
7619682075817348387,2026-05-10 21:10:28.379667,,,,,,,,,,,,,,
7619678975724013745,2026-05-10 21:10:26.036964,,,,,,,,,,,,,,
7619641327945311872,2026-05-10 21:07:41.929329,,,,,,,,,,,,,,
7619160091057204879,2026-05-10 20:44:18.198243,,,,,,,,,,,,,,
7618964146033772928,2026-05-10 20:42:11.440931,,,,,,,,,,,,,,
7617808127622188298,2026-05-10 20:07:33.246827,,,,,,,,,,,,,,
7618179037172600105,2026-05-10 20:16:03.929777,,,,,,,,,,,,,,
7618492760475127081,2026-05-10 20:25:09.700718,,,,,,,,,,,,,,
7618483738096065147,2026-05-10 20:24:58.260691,,,,,,,,,,,,,,
7618481470910303524,2026-05-10 20:24:56.070710,,,,,,,,,,,,,,
7618475598352438671,2026-05-10 20:24:53.230867,,,,,,,,,,,,,,
7618256106808266003,2026-05-10 20:21:11.857002,,,,,,,,,,,,,,
7618218854267430884,2026-05-10 20:18:34.692751,,,,,,,,,,,,,,
7618196264462732578,2026-05-10 20:18:07.340409,,,,,,,,,,,,,,
7618169266693730929,2026-05-10 20:15:20.155683,,,,,,,,,,,,,,
7618908534381530383,2026-05-10 20:37:25.577466,,,,,,,,,,,,,,
7618147589602440787,2026-05-10 20:13:56.952121,,,,,,,,,,,,,,
7618134576648518251,2026-05-10 20:13:54.548159,,,,,,,,,,,,,,
7618004979995168038,2026-05-10 20:11:12.220702,,,,,,,,,,,,,,
7617903885029543168,2026-05-10 20:10:52.683195,,,,,,,,,,,,,,
7624161728099536180,2026-05-10 22:52:46.429829,,,,,,,,,,,,,,
7617814923535486244,2026-05-10 20:07:44.920233,,,,,,,,,,,,,,
7617809325532187938,2026-05-10 20:07:36.205751,,,,,,,,,,,,,,
7618502544939142443,2026-05-10 20:25:17.048281,,,,,,,,,,,,,,
7618505288686032603,2026-05-10 20:25:26.650880,,,,,,,,,,,,,,
7618524695079570730,2026-05-10 20:26:24.724592,,,,,,,,,,,,,,
7618528638870260992,2026-05-10 20:27:06.503012,,,,,,,,,,,,,,
7618899468814232550,2026-05-10 20:36:51.132270,,,,,,,,,,,,,,
7618769718198996262,2026-05-10 20:32:32.613338,,,,,,,,,,,,,,
7618636894573743360,2026-05-10 20:31:40.841299,,,,,,,,,,,,,,
7618634678550990089,2026-05-10 20:31:32.470328,,,,,,,,,,,,,,
7618632470870641963,2026-05-10 20:31:30.139874,,,,,,,,,,,,,,
7618631430285837254,2026-05-10 20:31:28.190230,,,,,,,,,,,,,,
7618622260161430757,2026-05-10 20:31:24.371321,,,,,,,,,,,,,,
7618603806724558134,2026-05-10 20:30:27.608246,,,,,,,,,,,,,,
7627127058539318569,2026-05-11 09:28:45.376206,,,,,,,,,,,,,,
7627130367887166754,2026-05-11 09:28:56.146303,,,,,,,,,,,,,,
7618576988492185585,2026-05-10 20:29:44.162634,,,,,,,,,,,,,,
7618576113249805413,2026-05-10 20:29:40.514808,,,,,,,,,,,,,,
7618558022217942922,2026-05-10 20:29:06.412036,,,,,,,,,,,,,,
7618533106089332018,2026-05-10 20:27:55.321456,,,,,,,,,,,,,,
7618529822620339491,2026-05-10 20:27:40.913124,,,,,,,,,,,,,,
7617868034526563599,2026-05-10 20:09:52.590461,,,,,,,,,,,,,,
