crawl_batch_id,crawl_time,target_url,source_page_type,request_url,request_cursor,response_status,response_timestamp,response_headers_raw,network_response_count,runtime_objects_count,primary_source_key,match_type,confidence
20260510_210600,2026-05-10T21:06:00.131440,https://www.douyin.com/video/7619594145959357371,video_detail,https://www.douyin.com/video/7619594145959357371,,200,2026-05-10T21:06:00.131440,,35,,network_response_33,exact,high
20260510_210600,2026-05-10T21:06:09.558637,https://www.douyin.com/video/7619595930559565062,video_detail,https://www.douyin.com/video/7619595930559565062,,200,2026-05-10T21:06:09.558637,,30,,,none,low
20260510_210600,2026-05-10T21:06:13.602296,https://www.douyin.com/video/7619596074893839667,video_detail,https://www.douyin.com/video/7619596074893839667,,200,2026-05-10T21:06:13.602296,,12,,,none,low
20260510_210600,2026-05-10T21:06:17.314697,https://www.douyin.com/video/7619597492346467257,video_detail,https://www.douyin.com/video/7619597492346467257,,200,2026-05-10T21:06:17.314697,,89,1,network_response_23,exact,high
20260510_210600,2026-05-10T21:06:29.055004,https://www.douyin.com/video/7619600000472990843,video_detail,https://www.douyin.com/video/7619600000472990843,,200,2026-05-10T21:06:29.055004,,90,1,network_response_32,exact,high
20260510_210600,2026-05-10T21:06:54.295293,https://www.douyin.com/video/7619602170045296489,video_detail,https://www.douyin.com/video/7619602170045296489,,200,2026-05-10T21:06:54.295293,,55,1,network_response_45,exact,high
20260510_210600,2026-05-10T21:07:01.684955,https://www.douyin.com/video/7619606429355281716,video_detail,https://www.douyin.com/video/7619606429355281716,,200,2026-05-10T21:07:01.684955,,13,,,none,low
20260510_210600,2026-05-10T21:07:04.699333,https://www.douyin.com/video/7619608335427456256,video_detail,https://www.douyin.com/video/7619608335427456256,,200,2026-05-10T21:07:04.699333,,14,,,none,low
20260510_210600,2026-05-10T21:07:07.228539,https://www.douyin.com/video/7619609687901687066,video_detail,https://www.douyin.com/video/7619609687901687066,,200,2026-05-10T21:07:07.228539,,13,,,none,low
20260510_210600,2026-05-10T21:07:09.736293,https://www.douyin.com/video/7619617870620701617,video_detail,https://www.douyin.com/video/7619617870620701617,,200,2026-05-10T21:07:09.736293,,13,,,none,low
20260510_210600,2026-05-10T21:07:13.601806,https://www.douyin.com/video/7619619822908804390,video_detail,https://www.douyin.com/video/7619619822908804390,,200,2026-05-10T21:07:13.601806,,31,,network_response_28,exact,high
20260510_210600,2026-05-10T21:07:19.274302,https://www.douyin.com/video/7619622114655857890,video_detail,https://www.douyin.com/video/7619622114655857890,,200,2026-05-10T21:07:19.274302,,24,,network_response_23,exact,high
20260510_210600,2026-05-10T21:07:22.687671,https://www.douyin.com/video/7619625735161908531,video_detail,https://www.douyin.com/video/7619625735161908531,,200,2026-05-10T21:07:22.687671,,26,,,none,low
20260510_210600,2026-05-10T21:07:25.284806,https://www.douyin.com/video/7619626467575565587,video_detail,https://www.douyin.com/video/7619626467575565587,,200,2026-05-10T21:07:25.284806,,15,,,none,low
20260510_210600,2026-05-10T21:07:27.689053,https://www.douyin.com/video/7619631039635410230,video_detail,https://www.douyin.com/video/7619631039635410230,,200,2026-05-10T21:07:27.689053,,13,,,none,low
20260510_210600,2026-05-10T21:07:29.998610,https://www.douyin.com/video/7619632618283207988,video_detail,https://www.douyin.com/video/7619632618283207988,,200,2026-05-10T21:07:29.998610,,15,,,none,low
20260510_210600,2026-05-10T21:07:32.127706,https://www.douyin.com/video/7619635267007569395,video_detail,https://www.douyin.com/video/7619635267007569395,,200,2026-05-10T21:07:32.127706,,25,,,none,low
20260510_210600,2026-05-10T21:07:34.642353,https://www.douyin.com/video/7619636755322457353,video_detail,https://www.douyin.com/video/7619636755322457353,,200,2026-05-10T21:07:34.642353,,61,1,network_response_24,exact,high
20260510_210600,2026-05-10T21:07:41.929329,https://www.douyin.com/video/7619641327945311872,video_detail,https://www.douyin.com/video/7619641327945311872,,200,2026-05-10T21:07:41.929329,,20,,,none,low
20260510_210600,2026-05-10T21:07:45.835490,https://www.douyin.com/video/7619642364730101032,video_detail,https://www.douyin.com/video/7619642364730101032,,200,2026-05-10T21:07:45.835490,,50,1,network_response_28,exact,high
20260510_210600,2026-05-10T21:07:51.658324,https://www.douyin.com/video/7619643397713002161,video_detail,https://www.douyin.com/video/7619643397713002161,,200,2026-05-10T21:07:51.658324,,39,,network_response_17,exact,high
20260510_210600,2026-05-10T21:07:57.877945,https://www.douyin.com/video/7619645968354577705,video_detail,https://www.douyin.com/video/7619645968354577705,,200,2026-05-10T21:07:57.877945,,30,,network_response_14,exact,high
20260510_210600,2026-05-10T21:08:01.145522,https://www.douyin.com/video/7619646335294515313,video_detail,https://www.douyin.com/video/7619646335294515313,,200,2026-05-10T21:08:01.145522,,30,,network_response_14,exact,high
20260510_210600,2026-05-10T21:08:04.579090,https://www.douyin.com/video/7619647566447405987,video_detail,https://www.douyin.com/video/7619647566447405987,,200,2026-05-10T21:08:04.579090,,75,1,network_response_30,exact,high
20260510_210600,2026-05-10T21:08:11.743516,https://www.douyin.com/video/7619648299401825578,video_detail,https://www.douyin.com/video/7619648299401825578,,200,2026-05-10T21:08:11.743516,,75,1,network_response_32,exact,high
20260510_210600,2026-05-10T21:08:19.136578,https://www.douyin.com/video/7619649439157734710,video_detail,https://www.douyin.com/video/7619649439157734710,,200,2026-05-10T21:08:19.136578,,31,,,none,low
20260510_210600,2026-05-10T21:08:31.603675,https://www.douyin.com/video/7619649618493958479,video_detail,https://www.douyin.com/video/7619649618493958479,,200,2026-05-10T21:08:31.603675,,29,,,none,low
20260510_210600,2026-05-10T21:08:34.424495,https://www.douyin.com/video/7619650018132087525,video_detail,https://www.douyin.com/video/7619650018132087525,,200,2026-05-10T21:08:34.424495,,25,,,none,low
20260510_210600,2026-05-10T21:08:36.896712,https://www.douyin.com/video/7619651283071450545,video_detail,https://www.douyin.com/video/7619651283071450545,,200,2026-05-10T21:08:36.896712,,90,1,network_response_71,exact,high
20260510_210600,2026-05-10T21:08:53.577252,https://www.douyin.com/video/7619654382791667904,video_detail,https://www.douyin.com/video/7619654382791667904,,200,2026-05-10T21:08:53.577252,,75,1,network_response_35,exact,high
20260510_210600,2026-05-10T21:09:04.990194,https://www.douyin.com/video/7619659705120759545,video_detail,https://www.douyin.com/video/7619659705120759545,,200,2026-05-10T21:09:04.990194,,41,,network_response_34,exact,high
20260510_210600,2026-05-10T21:09:11.240664,https://www.douyin.com/video/7619660091536477494,video_detail,https://www.douyin.com/video/7619660091536477494,,200,2026-05-10T21:09:11.240664,,26,,,none,low
20260510_210600,2026-05-10T21:09:14.265930,https://www.douyin.com/video/7619662383698480422,video_detail,https://www.douyin.com/video/7619662383698480422,,200,2026-05-10T21:09:14.265930,,15,,,none,low
20260510_210600,2026-05-10T21:09:17.961801,https://www.douyin.com/video/7619663094272298294,video_detail,https://www.douyin.com/video/7619663094272298294,,200,2026-05-10T21:09:17.961801,,13,,,none,low
20260510_210600,2026-05-10T21:09:20.174054,https://www.douyin.com/video/7619663359419403530,video_detail,https://www.douyin.com/video/7619663359419403530,,200,2026-05-10T21:09:20.174054,,72,1,network_response_68,exact,high
20260510_210600,2026-05-10T21:09:28.337920,https://www.douyin.com/video/7619664379126911665,video_detail,https://www.douyin.com/video/7619664379126911665,,200,2026-05-10T21:09:28.337920,,13,,,none,low
20260510_210600,2026-05-10T21:09:32.235650,https://www.douyin.com/video/7619666659426553142,video_detail,https://www.douyin.com/video/7619666659426553142,,200,2026-05-10T21:09:32.235650,,24,,,none,low
20260510_210600,2026-05-10T21:09:34.725561,https://www.douyin.com/video/7619667041833880867,video_detail,https://www.douyin.com/video/7619667041833880867,,200,2026-05-10T21:09:34.725561,,91,1,network_response_60,exact,high
20260510_210600,2026-05-10T21:10:01.473352,https://www.douyin.com/video/7619671237858164899,video_detail,https://www.douyin.com/video/7619671237858164899,,200,2026-05-10T21:10:01.473352,,8,,,none,low
20260510_210600,2026-05-10T21:10:05.275035,https://www.douyin.com/video/7619671262628957446,video_detail,https://www.douyin.com/video/7619671262628957446,,200,2026-05-10T21:10:05.275035,,78,1,network_response_70,exact,high
20260510_210600,2026-05-10T21:10:15.136788,https://www.douyin.com/video/7619671965296561450,video_detail,https://www.douyin.com/video/7619671965296561450,,200,2026-05-10T21:10:15.136788,,36,,network_response_29,exact,high
20260510_210600,2026-05-10T21:10:20.785771,https://www.douyin.com/video/7619672330477784326,video_detail,https://www.douyin.com/video/7619672330477784326,,200,2026-05-10T21:10:20.785771,,23,,network_response_11,exact,high
20260510_210600,2026-05-10T21:10:23.618765,https://www.douyin.com/video/7619676051601476898,video_detail,https://www.douyin.com/video/7619676051601476898,,200,2026-05-10T21:10:23.618765,,10,,,none,low
20260510_210600,2026-05-10T21:10:26.036964,https://www.douyin.com/video/7619678975724013745,video_detail,https://www.douyin.com/video/7619678975724013745,,200,2026-05-10T21:10:26.036964,,10,,,none,low
20260510_210600,2026-05-10T21:10:28.379667,https://www.douyin.com/video/7619682075817348387,video_detail,https://www.douyin.com/video/7619682075817348387,,200,2026-05-10T21:10:28.379667,,11,,,none,low
20260510_210600,2026-05-10T21:10:30.470670,https://www.douyin.com/video/7619683491686059279,video_detail,https://www.douyin.com/video/7619683491686059279,,200,2026-05-10T21:10:30.470670,,61,1,network_response_15,exact,high
20260510_210600,2026-05-10T21:10:37.309330,https://www.douyin.com/video/7619684633127878897,video_detail,https://www.douyin.com/video/7619684633127878897,,200,2026-05-10T21:10:37.309330,,13,,,none,low
20260510_210600,2026-05-10T21:10:39.725056,https://www.douyin.com/video/7619687102845865257,video_detail,https://www.douyin.com/video/7619687102845865257,,200,2026-05-10T21:10:39.725056,,13,,,none,low
20260510_210600,2026-05-10T21:10:42.037736,https://www.douyin.com/video/7619688033071189284,video_detail,https://www.douyin.com/video/7619688033071189284,,200,2026-05-10T21:10:42.037736,,63,1,network_response_29,exact,high
20260510_210600,2026-05-10T21:10:49.115622,https://www.douyin.com/video/7619691071504796970,video_detail,https://www.douyin.com/video/7619691071504796970,,200,2026-05-10T21:10:49.115622,,12,,,none,low
20260510_210600,2026-05-10T21:10:52.737086,https://www.douyin.com/video/7619692692443827466,video_detail,https://www.douyin.com/video/7619692692443827466,,200,2026-05-10T21:10:52.737086,,32,,network_response_31,exact,high
20260510_210600,2026-05-10T21:10:58.195809,https://www.douyin.com/video/7619710870926780837,video_detail,https://www.douyin.com/video/7619710870926780837,,200,2026-05-10T21:10:58.195809,,28,,network_response_18,exact,high
20260510_210600,2026-05-10T21:11:01.308737,https://www.douyin.com/video/7619718776518348038,video_detail,https://www.douyin.com/video/7619718776518348038,,200,2026-05-10T21:11:01.308737,,28,,network_response_27,exact,high
20260510_210600,2026-05-10T21:11:04.370488,https://www.douyin.com/video/7619726027660496134,video_detail,https://www.douyin.com/video/7619726027660496134,,200,2026-05-10T21:11:04.370488,,27,,network_response_25,exact,high
20260510_210600,2026-05-10T21:11:07.277763,https://www.douyin.com/video/7619728518548573483,video_detail,https://www.douyin.com/video/7619728518548573483,,200,2026-05-10T21:11:07.277763,,20,,,none,low
20260510_210600,2026-05-10T21:11:09.884088,https://www.douyin.com/video/7619741734691507508,video_detail,https://www.douyin.com/video/7619741734691507508,,200,2026-05-10T21:11:09.884088,,86,1,network_response_68,exact,high
20260510_210600,2026-05-10T21:11:20.839523,https://www.douyin.com/video/7619763990989786404,video_detail,https://www.douyin.com/video/7619763990989786404,,200,2026-05-10T21:11:20.839523,,18,,,none,low
20260510_210600,2026-05-10T21:11:23.150457,https://www.douyin.com/video/7619764443375311722,video_detail,https://www.douyin.com/video/7619764443375311722,,200,2026-05-10T21:11:23.150457,,69,1,network_response_65,exact,high
20260510_210600,2026-05-10T21:11:29.866868,https://www.douyin.com/video/7619776257202441472,video_detail,https://www.douyin.com/video/7619776257202441472,,200,2026-05-10T21:11:29.866868,,10,,,none,low
20260510_210600,2026-05-10T21:11:32.151316,https://www.douyin.com/video/7619777420672945442,video_detail,https://www.douyin.com/video/7619777420672945442,,200,2026-05-10T21:11:32.151316,,14,,,none,low
20260510_210600,2026-05-10T21:11:35.727014,https://www.douyin.com/video/7619864590058310947,video_detail,https://www.douyin.com/video/7619864590058310947,,200,2026-05-10T21:11:35.727014,,36,,network_response_25,exact,high
20260510_210600,2026-05-10T21:11:41.441966,https://www.douyin.com/video/7619885905964279525,video_detail,https://www.douyin.com/video/7619885905964279525,,200,2026-05-10T21:11:41.441966,,25,,,none,low
20260510_210600,2026-05-10T21:11:44.143399,https://www.douyin.com/video/7619896868239890354,video_detail,https://www.douyin.com/video/7619896868239890354,,200,2026-05-10T21:11:44.143399,,27,,network_response_25,exact,high
20260510_210600,2026-05-10T21:11:47.029857,https://www.douyin.com/video/7619908902310757755,video_detail,https://www.douyin.com/video/7619908902310757755,,200,2026-05-10T21:11:47.029857,,92,1,network_response_32,exact,high
20260510_210600,2026-05-10T21:12:13.297265,https://www.douyin.com/video/7619909393602119906,video_detail,https://www.douyin.com/video/7619909393602119906,,200,2026-05-10T21:12:13.297265,,27,,network_response_26,exact,high
20260510_210600,2026-05-10T21:12:17.480392,https://www.douyin.com/video/7619910700231675163,video_detail,https://www.douyin.com/video/7619910700231675163,,200,2026-05-10T21:12:17.480392,,24,,,none,low
20260510_210600,2026-05-10T21:12:19.899646,https://www.douyin.com/video/7619910749481094436,video_detail,https://www.douyin.com/video/7619910749481094436,,200,2026-05-10T21:12:19.899646,,18,,,none,low
20260510_210600,2026-05-10T21:12:22.285692,https://www.douyin.com/video/7619914698263137571,video_detail,https://www.douyin.com/video/7619914698263137571,,200,2026-05-10T21:12:22.285692,,68,1,network_response_25,exact,high
20260510_210600,2026-05-10T21:12:28.874158,https://www.douyin.com/video/7619917398434385167,video_detail,https://www.douyin.com/video/7619917398434385167,,200,2026-05-10T21:12:28.874158,,26,,,none,low
20260510_210600,2026-05-10T21:12:31.688552,https://www.douyin.com/video/7619918157150967534,video_detail,https://www.douyin.com/video/7619918157150967534,,200,2026-05-10T21:12:31.688552,,20,,,none,low
20260510_210600,2026-05-10T21:12:35.548788,https://www.douyin.com/video/7619922035661684325,video_detail,https://www.douyin.com/video/7619922035661684325,,200,2026-05-10T21:12:35.548788,,36,,network_response_33,exact,high
20260510_210600,2026-05-10T21:12:41.506627,https://www.douyin.com/video/7619927134266707578,video_detail,https://www.douyin.com/video/7619927134266707578,,200,2026-05-10T21:12:41.506627,,75,1,network_response_69,exact,high
20260510_210600,2026-05-10T21:12:48.656042,https://www.douyin.com/video/7619927878251056422,video_detail,https://www.douyin.com/video/7619927878251056422,,200,2026-05-10T21:12:48.656042,,73,1,network_response_67,exact,high
20260510_210600,2026-05-10T21:12:55.461275,https://www.douyin.com/video/7619929409043220729,video_detail,https://www.douyin.com/video/7619929409043220729,,200,2026-05-10T21:12:55.461275,,71,1,network_response_64,exact,high
20260510_210600,2026-05-10T21:13:03.321769,https://www.douyin.com/video/7619932559376908451,video_detail,https://www.douyin.com/video/7619932559376908451,,200,2026-05-10T21:13:03.321769,,12,,,none,low
20260510_210600,2026-05-10T21:13:06.518256,https://www.douyin.com/video/7619934993317367050,video_detail,https://www.douyin.com/video/7619934993317367050,,200,2026-05-10T21:13:06.518256,,71,1,network_response_65,exact,high
20260510_210600,2026-05-10T21:13:14.497646,https://www.douyin.com/video/7619954031746908667,video_detail,https://www.douyin.com/video/7619954031746908667,,200,2026-05-10T21:13:14.497646,,98,1,network_response_74,exact,high
20260510_210600,2026-05-10T21:13:39.629225,https://www.douyin.com/video/7619961157193973642,video_detail,https://www.douyin.com/video/7619961157193973642,,200,2026-05-10T21:13:39.629225,,86,1,network_response_68,exact,high
20260510_210600,2026-05-10T21:14:04.426856,https://www.douyin.com/video/7619961387963419931,video_detail,https://www.douyin.com/video/7619961387963419931,,200,2026-05-10T21:14:04.426856,,67,1,network_response_33,exact,high
20260510_210600,2026-05-10T21:14:12.807538,https://www.douyin.com/video/7619961981230943514,video_detail,https://www.douyin.com/video/7619961981230943514,,200,2026-05-10T21:14:12.807538,,25,,,none,low
20260510_210600,2026-05-10T21:14:17.211823,https://www.douyin.com/video/7619966273044237603,video_detail,https://www.douyin.com/video/7619966273044237603,,200,2026-05-10T21:14:17.211823,,32,,network_response_29,exact,high
20260510_210600,2026-05-10T21:14:22.953783,https://www.douyin.com/video/7619980743209530505,video_detail,https://www.douyin.com/video/7619980743209530505,,200,2026-05-10T21:14:22.953783,,58,1,network_response_26,exact,high
20260510_210600,2026-05-10T21:14:30.331750,https://www.douyin.com/video/7619982573426576686,video_detail,https://www.douyin.com/video/7619982573426576686,,200,2026-05-10T21:14:30.331750,,13,,,none,low
20260510_210600,2026-05-10T21:14:32.854620,https://www.douyin.com/video/7619989500165151626,video_detail,https://www.douyin.com/video/7619989500165151626,,200,2026-05-10T21:14:32.854620,,48,1,,none,low
20260510_210600,2026-05-10T21:14:38.234656,https://www.douyin.com/video/7619990078110174499,video_detail,https://www.douyin.com/video/7619990078110174499,,200,2026-05-10T21:14:38.234656,,66,1,network_response_34,exact,high
20260510_210600,2026-05-10T21:14:47.055891,https://www.douyin.com/video/7619990977893339510,video_detail,https://www.douyin.com/video/7619990977893339510,,200,2026-05-10T21:14:47.055891,,96,1,network_response_70,exact,high
20260510_210600,2026-05-10T21:15:11.927407,https://www.douyin.com/video/7619993800643005711,video_detail,https://www.douyin.com/video/7619993800643005711,,200,2026-05-10T21:15:11.927407,,99,1,network_response_72,exact,high
20260510_210600,2026-05-10T21:15:37.662875,https://www.douyin.com/video/7619994865232792882,video_detail,https://www.douyin.com/video/7619994865232792882,,200,2026-05-10T21:15:37.662875,,64,1,network_response_61,exact,high
20260510_210600,2026-05-10T21:15:44.778593,https://www.douyin.com/video/7619995618056884666,video_detail,https://www.douyin.com/video/7619995618056884666,,200,2026-05-10T21:15:44.778593,,10,,,none,low
20260510_210600,2026-05-10T21:15:47.183714,https://www.douyin.com/video/7620009423871938778,video_detail,https://www.douyin.com/video/7620009423871938778,,200,2026-05-10T21:15:47.183714,,18,,,none,low
20260510_210600,2026-05-10T21:15:51.268432,https://www.douyin.com/video/7620009923606351142,video_detail,https://www.douyin.com/video/7620009923606351142,,200,2026-05-10T21:15:51.268432,,37,,network_response_19,exact,high
20260510_210600,2026-05-10T21:15:58.001829,https://www.douyin.com/video/7620014397297151247,video_detail,https://www.douyin.com/video/7620014397297151247,,200,2026-05-10T21:15:58.001829,,81,1,network_response_65,exact,high
20260510_210600,2026-05-10T21:16:06.022055,https://www.douyin.com/video/7620014963873251835,video_detail,https://www.douyin.com/video/7620014963873251835,,200,2026-05-10T21:16:06.022055,,28,,network_response_27,exact,high
20260510_210600,2026-05-10T21:16:09.468289,https://www.douyin.com/video/7620016629690280360,video_detail,https://www.douyin.com/video/7620016629690280360,,200,2026-05-10T21:16:09.468289,,24,,,none,low
20260510_210600,2026-05-10T21:16:12.388399,https://www.douyin.com/video/7620016988689009972,video_detail,https://www.douyin.com/video/7620016988689009972,,200,2026-05-10T21:16:12.388399,,27,,,none,low
20260510_210600,2026-05-10T21:16:16.127305,https://www.douyin.com/video/7620017010042894074,video_detail,https://www.douyin.com/video/7620017010042894074,,200,2026-05-10T21:16:16.127305,,14,,,none,low
20260510_210600,2026-05-10T21:16:20.517094,https://www.douyin.com/video/7620020938448407862,video_detail,https://www.douyin.com/video/7620020938448407862,,200,2026-05-10T21:16:20.517094,,11,,,none,low
20260510_210600,2026-05-10T21:16:22.974331,https://www.douyin.com/video/7620022900183092480,video_detail,https://www.douyin.com/video/7620022900183092480,,200,2026-05-10T21:16:22.974331,,9,,,none,low
20260510_210600,2026-05-10T21:16:25.383711,https://www.douyin.com/video/7620025433618173225,video_detail,https://www.douyin.com/video/7620025433618173225,,200,2026-05-10T21:16:25.383711,,13,,,none,low
20260510_210600,2026-05-10T21:16:28.041791,https://www.douyin.com/video/7620026207781899583,video_detail,https://www.douyin.com/video/7620026207781899583,,200,2026-05-10T21:16:28.041791,,12,,,none,low
20260510_210600,2026-05-10T21:16:31.983782,https://www.douyin.com/video/7620029005698333358,video_detail,https://www.douyin.com/video/7620029005698333358,,200,2026-05-10T21:16:31.983782,,34,,network_response_32,exact,high
20260510_210600,2026-05-10T21:16:37.677128,https://www.douyin.com/video/7620030851640357833,video_detail,https://www.douyin.com/video/7620030851640357833,,200,2026-05-10T21:16:37.677128,,96,1,network_response_74,exact,high
20260510_210600,2026-05-10T21:17:02.601156,https://www.douyin.com/video/7620031029817904410,video_detail,https://www.douyin.com/video/7620031029817904410,,200,2026-05-10T21:17:02.601156,,73,1,network_response_70,exact,high
20260510_210600,2026-05-10T21:17:11.750035,https://www.douyin.com/video/7620031860295277513,video_detail,https://www.douyin.com/video/7620031860295277513,,200,2026-05-10T21:17:11.750035,,26,,,none,low
20260510_210600,2026-05-10T21:17:14.481714,https://www.douyin.com/video/7620033641691490801,video_detail,https://www.douyin.com/video/7620033641691490801,,200,2026-05-10T21:17:14.481714,,74,1,network_response_61,exact,high
20260510_210600,2026-05-10T21:17:21.429404,https://www.douyin.com/video/7620034354625940755,video_detail,https://www.douyin.com/video/7620034354625940755,,200,2026-05-10T21:17:21.429404,,72,1,network_response_60,exact,high
20260510_210600,2026-05-10T21:17:28.520095,https://www.douyin.com/video/7620048862488661274,video_detail,https://www.douyin.com/video/7620048862488661274,,200,2026-05-10T21:17:28.520095,,57,1,network_response_46,exact,high
20260510_210600,2026-05-10T21:17:35.285037,https://www.douyin.com/video/7620053027994520867,video_detail,https://www.douyin.com/video/7620053027994520867,,200,2026-05-10T21:17:35.285037,,85,1,network_response_70,exact,high
20260510_210600,2026-05-10T21:18:00.778017,https://www.douyin.com/video/7620054009571345317,video_detail,https://www.douyin.com/video/7620054009571345317,,200,2026-05-10T21:18:00.778017,,67,1,network_response_52,exact,high
20260510_210600,2026-05-10T21:18:09.019853,https://www.douyin.com/video/7620058834018520362,video_detail,https://www.douyin.com/video/7620058834018520362,,200,2026-05-10T21:18:09.019853,,14,,,none,low
20260510_210600,2026-05-10T21:18:13.243163,https://www.douyin.com/video/7620074469406674191,video_detail,https://www.douyin.com/video/7620074469406674191,,200,2026-05-10T21:18:13.243163,,30,,,none,low
20260510_210600,2026-05-10T21:18:18.296556,https://www.douyin.com/video/7620079364448816410,video_detail,https://www.douyin.com/video/7620079364448816410,,200,2026-05-10T21:18:18.296556,,50,1,network_response_31,exact,high
20260510_210600,2026-05-10T21:18:23.620927,https://www.douyin.com/video/7620082892878213093,video_detail,https://www.douyin.com/video/7620082892878213093,,200,2026-05-10T21:18:23.620927,,25,,,none,low
20260510_210600,2026-05-10T21:18:26.776051,https://www.douyin.com/video/7620084383931841507,video_detail,https://www.douyin.com/video/7620084383931841507,,200,2026-05-10T21:18:26.776051,,18,,,none,low
20260510_210600,2026-05-10T21:18:29.539419,https://www.douyin.com/video/7620094963951895022,video_detail,https://www.douyin.com/video/7620094963951895022,,200,2026-05-10T21:18:29.539419,,78,1,network_response_33,exact,high
20260510_210600,2026-05-10T21:18:36.519484,https://www.douyin.com/video/7620099586933308785,video_detail,https://www.douyin.com/video/7620099586933308785,,200,2026-05-10T21:18:36.519484,,28,,,none,low
20260510_210600,2026-05-10T21:18:58.068717,https://www.douyin.com/video/7620101939174345994,video_detail,https://www.douyin.com/video/7620101939174345994,,200,2026-05-10T21:18:58.068717,,81,1,network_response_26,exact,high
20260510_210600,2026-05-10T21:19:10.993286,https://www.douyin.com/video/7620112430491880714,video_detail,https://www.douyin.com/video/7620112430491880714,,200,2026-05-10T21:19:10.993286,,95,1,network_response_34,exact,high
20260510_210600,2026-05-10T21:19:37.152882,https://www.douyin.com/video/7620113246065806634,video_detail,https://www.douyin.com/video/7620113246065806634,,200,2026-05-10T21:19:37.152882,,66,1,network_response_30,exact,high
20260510_210600,2026-05-10T21:19:45.835638,https://www.douyin.com/video/7620114635894689033,video_detail,https://www.douyin.com/video/7620114635894689033,,200,2026-05-10T21:19:45.835638,,25,,,none,low
20260510_210600,2026-05-10T21:19:49.890290,https://www.douyin.com/video/7620129671321079082,video_detail,https://www.douyin.com/video/7620129671321079082,,200,2026-05-10T21:19:49.890290,,36,,network_response_33,exact,high
20260510_210600,2026-05-10T21:19:55.947885,https://www.douyin.com/video/7620139565542715642,video_detail,https://www.douyin.com/video/7620139565542715642,,200,2026-05-10T21:19:55.947885,,73,1,network_response_27,exact,high
20260510_210600,2026-05-10T21:20:03.041888,https://www.douyin.com/video/7620171942393318706,video_detail,https://www.douyin.com/video/7620171942393318706,,200,2026-05-10T21:20:03.041888,,28,,,none,low
20260510_210600,2026-05-10T21:20:15.644742,https://www.douyin.com/video/7620194002079436032,video_detail,https://www.douyin.com/video/7620194002079436032,,200,2026-05-10T21:20:15.644742,,80,1,network_response_36,exact,high
20260510_210600,2026-05-10T21:20:27.417009,https://www.douyin.com/video/7620195063620177827,video_detail,https://www.douyin.com/video/7620195063620177827,,200,2026-05-10T21:20:27.417009,,27,,,none,low
20260510_210600,2026-05-10T21:20:30.582510,https://www.douyin.com/video/7620210613340788671,video_detail,https://www.douyin.com/video/7620210613340788671,,200,2026-05-10T21:20:30.582510,,71,1,network_response_32,exact,high
20260510_210600,2026-05-10T21:20:37.647805,https://www.douyin.com/video/7620229921666846002,video_detail,https://www.douyin.com/video/7620229921666846002,,200,2026-05-10T21:20:37.647805,,23,,,none,low
20260510_210600,2026-05-10T21:20:40.406483,https://www.douyin.com/video/7620243683350356465,video_detail,https://www.douyin.com/video/7620243683350356465,,200,2026-05-10T21:20:40.406483,,13,,,none,low
20260510_210600,2026-05-10T21:20:42.719022,https://www.douyin.com/video/7620250814338983778,video_detail,https://www.douyin.com/video/7620250814338983778,,200,2026-05-10T21:20:42.719022,,76,1,network_response_20,exact,high
20260510_210600,2026-05-10T21:20:51.269990,https://www.douyin.com/video/7620255741378612480,video_detail,https://www.douyin.com/video/7620255741378612480,,200,2026-05-10T21:20:51.269990,,27,,,none,low
20260510_210600,2026-05-10T21:20:56.119753,https://www.douyin.com/video/7620259491522645254,video_detail,https://www.douyin.com/video/7620259491522645254,,200,2026-05-10T21:20:56.119753,,32,,,none,low
20260510_210600,2026-05-10T21:21:01.619991,https://www.douyin.com/video/7620264810950199635,video_detail,https://www.douyin.com/video/7620264810950199635,,200,2026-05-10T21:21:01.619991,,78,1,network_response_37,exact,high
20260510_210600,2026-05-10T21:21:10.302589,https://www.douyin.com/video/7620269270245990885,video_detail,https://www.douyin.com/video/7620269270245990885,,200,2026-05-10T21:21:10.302589,,99,1,network_response_38,exact,high
20260510_210600,2026-05-10T21:21:33.686212,https://www.douyin.com/video/7620286074182454564,video_detail,https://www.douyin.com/video/7620286074182454564,,200,2026-05-10T21:21:33.686212,,92,1,network_response_38,exact,high
20260510_210600,2026-05-10T21:21:58.823159,https://www.douyin.com/video/7620291559228968235,video_detail,https://www.douyin.com/video/7620291559228968235,,200,2026-05-10T21:21:58.823159,,11,,,none,low
20260510_210600,2026-05-10T21:22:02.898327,https://www.douyin.com/video/7620300623866629427,video_detail,https://www.douyin.com/video/7620300623866629427,,200,2026-05-10T21:22:02.898327,,11,,,none,low
20260510_210600,2026-05-10T21:22:05.050395,https://www.douyin.com/video/7620306454214770801,video_detail,https://www.douyin.com/video/7620306454214770801,,200,2026-05-10T21:22:05.050395,,74,1,network_response_40,exact,high
20260510_210600,2026-05-10T21:22:12.312013,https://www.douyin.com/video/7620311710167556329,video_detail,https://www.douyin.com/video/7620311710167556329,,200,2026-05-10T21:22:12.312013,,15,,,none,low
20260510_210600,2026-05-10T21:22:16.010249,https://www.douyin.com/video/7620312393117093130,video_detail,https://www.douyin.com/video/7620312393117093130,,200,2026-05-10T21:22:16.010249,,72,1,network_response_39,exact,high
20260510_210600,2026-05-10T21:22:23.768701,https://www.douyin.com/video/7620316568907651306,video_detail,https://www.douyin.com/video/7620316568907651306,,200,2026-05-10T21:22:23.768701,,26,,,none,low
20260510_210600,2026-05-10T21:22:27.338408,https://www.douyin.com/video/7620323056329805075,video_detail,https://www.douyin.com/video/7620323056329805075,,200,2026-05-10T21:22:27.338408,,41,,network_response_34,exact,high
20260510_210600,2026-05-10T21:22:33.354110,https://www.douyin.com/video/7620337773576277248,video_detail,https://www.douyin.com/video/7620337773576277248,,200,2026-05-10T21:22:33.354110,,27,,,none,low
20260510_210600,2026-05-10T21:22:36.032709,https://www.douyin.com/video/7620347246550191403,video_detail,https://www.douyin.com/video/7620347246550191403,,200,2026-05-10T21:22:36.032709,,25,,,none,low
20260510_210600,2026-05-10T21:22:38.964135,https://www.douyin.com/video/7620354063531592979,video_detail,https://www.douyin.com/video/7620354063531592979,,200,2026-05-10T21:22:38.964135,,73,1,network_response_67,exact,high
20260510_210600,2026-05-10T21:22:46.953402,https://www.douyin.com/video/7620356293970136330,video_detail,https://www.douyin.com/video/7620356293970136330,,200,2026-05-10T21:22:46.953402,,100,1,network_response_62,exact,high
20260510_210600,2026-05-10T21:23:12.031197,https://www.douyin.com/video/7620356458856582452,video_detail,https://www.douyin.com/video/7620356458856582452,,200,2026-05-10T21:23:12.031197,,72,1,network_response_58,exact,high
20260510_210600,2026-05-10T21:23:21.248996,https://www.douyin.com/video/7620362169690983707,video_detail,https://www.douyin.com/video/7620362169690983707,,200,2026-05-10T21:23:21.248996,,66,1,network_response_38,exact,high
20260510_210600,2026-05-10T21:23:28.310365,https://www.douyin.com/video/7620370883526518181,video_detail,https://www.douyin.com/video/7620370883526518181,,200,2026-05-10T21:23:28.310365,,85,1,network_response_55,exact,high
20260510_210600,2026-05-10T21:23:52.863711,https://www.douyin.com/video/7620373257933409587,video_detail,https://www.douyin.com/video/7620373257933409587,,200,2026-05-10T21:23:52.863711,,63,1,network_response_32,exact,high
20260510_210600,2026-05-10T21:23:59.766396,https://www.douyin.com/video/7620376410955336987,video_detail,https://www.douyin.com/video/7620376410955336987,,200,2026-05-10T21:23:59.766396,,25,,,none,low
20260510_210600,2026-05-10T21:24:03.578644,https://www.douyin.com/video/7620376738731691304,video_detail,https://www.douyin.com/video/7620376738731691304,,200,2026-05-10T21:24:03.578644,,40,,network_response_28,exact,high
20260510_210600,2026-05-10T21:24:10.171328,https://www.douyin.com/video/7620380902866193664,video_detail,https://www.douyin.com/video/7620380902866193664,,200,2026-05-10T21:24:10.171328,,24,,network_response_19,exact,high
20260510_210600,2026-05-10T21:24:13.150729,https://www.douyin.com/video/7620381389115952422,video_detail,https://www.douyin.com/video/7620381389115952422,,200,2026-05-10T21:24:13.150729,,83,1,network_response_82,exact,high
20260510_210600,2026-05-10T21:24:21.774150,https://www.douyin.com/video/7620384835231616296,video_detail,https://www.douyin.com/video/7620384835231616296,,200,2026-05-10T21:24:21.774150,,94,1,network_response_48,exact,high
20260510_210600,2026-05-10T21:24:46.912947,https://www.douyin.com/video/7620385079591816502,video_detail,https://www.douyin.com/video/7620385079591816502,,200,2026-05-10T21:24:46.912947,,47,1,network_response_31,exact,high
20260510_210600,2026-05-10T21:24:53.709982,https://www.douyin.com/video/7620387197598921701,video_detail,https://www.douyin.com/video/7620387197598921701,,200,2026-05-10T21:24:53.709982,,14,,,none,low
20260510_210600,2026-05-10T21:24:56.376961,https://www.douyin.com/video/7620387855679933739,video_detail,https://www.douyin.com/video/7620387855679933739,,200,2026-05-10T21:24:56.376961,,62,1,network_response_60,exact,high
20260510_210600,2026-05-10T21:25:03.843385,https://www.douyin.com/video/7620388252129807651,video_detail,https://www.douyin.com/video/7620388252129807651,,200,2026-05-10T21:25:03.843385,,15,,,none,low
20260510_210600,2026-05-10T21:25:06.152270,https://www.douyin.com/video/7620389150302276904,video_detail,https://www.douyin.com/video/7620389150302276904,,200,2026-05-10T21:25:06.152270,,62,1,network_response_61,exact,high
20260510_210600,2026-05-10T21:25:13.156317,https://www.douyin.com/video/7620390976061852938,video_detail,https://www.douyin.com/video/7620390976061852938,,200,2026-05-10T21:25:13.156317,,11,,,none,low
20260510_210600,2026-05-10T21:25:16.893684,https://www.douyin.com/video/7620392505351081225,video_detail,https://www.douyin.com/video/7620392505351081225,,200,2026-05-10T21:25:16.893684,,43,,network_response_34,exact,high
20260510_210600,2026-05-10T21:25:23.382014,https://www.douyin.com/video/7620393843191532840,video_detail,https://www.douyin.com/video/7620393843191532840,,200,2026-05-10T21:25:23.382014,,14,,,none,low
20260510_210600,2026-05-10T21:25:25.643512,https://www.douyin.com/video/7620394272679829689,video_detail,https://www.douyin.com/video/7620394272679829689,,200,2026-05-10T21:25:25.643512,,22,,,none,low
20260510_210600,2026-05-10T21:25:27.829139,https://www.douyin.com/video/7620394914832059648,video_detail,https://www.douyin.com/video/7620394914832059648,,200,2026-05-10T21:25:27.829139,,28,,network_response_25,exact,high
20260510_210600,2026-05-10T21:25:30.723290,https://www.douyin.com/video/7620395402382167323,video_detail,https://www.douyin.com/video/7620395402382167323,,200,2026-05-10T21:25:30.723290,,27,,,none,low
20260510_210600,2026-05-10T21:25:33.236037,https://www.douyin.com/video/7620396419035188522,video_detail,https://www.douyin.com/video/7620396419035188522,,200,2026-05-10T21:25:33.236037,,76,1,network_response_27,exact,high
20260510_210600,2026-05-10T21:25:40.404454,https://www.douyin.com/video/7620398244673162537,video_detail,https://www.douyin.com/video/7620398244673162537,,200,2026-05-10T21:25:40.404454,,90,1,network_response_30,exact,high
20260510_210600,2026-05-10T21:26:05.520306,https://www.douyin.com/video/7620399034909478150,video_detail,https://www.douyin.com/video/7620399034909478150,,200,2026-05-10T21:26:05.520306,,72,1,network_response_31,exact,high
20260510_210600,2026-05-10T21:26:14.594420,https://www.douyin.com/video/7620399266745557413,video_detail,https://www.douyin.com/video/7620399266745557413,,200,2026-05-10T21:26:14.594420,,82,1,network_response_33,exact,high
20260510_210600,2026-05-10T21:26:39.351274,https://www.douyin.com/video/7620399452947270964,video_detail,https://www.douyin.com/video/7620399452947270964,,200,2026-05-10T21:26:39.351274,,24,,,none,low
20260510_210600,2026-05-10T21:26:44.620926,https://www.douyin.com/video/7620399525546518693,video_detail,https://www.douyin.com/video/7620399525546518693,,200,2026-05-10T21:26:44.620926,,31,,,none,low
20260510_210600,2026-05-10T21:26:49.803789,https://www.douyin.com/video/7620399921925082418,video_detail,https://www.douyin.com/video/7620399921925082418,,200,2026-05-10T21:26:49.803789,,100,1,network_response_74,exact,high
20260510_210600,2026-05-10T21:27:14.851937,https://www.douyin.com/video/7620401238988013032,video_detail,https://www.douyin.com/video/7620401238988013032,,200,2026-05-10T21:27:14.851937,,87,1,network_response_69,exact,high
20260510_210600,2026-05-10T21:27:39.825171,https://www.douyin.com/video/7620402629482482944,video_detail,https://www.douyin.com/video/7620402629482482944,,200,2026-05-10T21:27:39.825171,,71,1,network_response_69,exact,high
20260510_210600,2026-05-10T21:27:48.210846,https://www.douyin.com/video/7620403790839057699,video_detail,https://www.douyin.com/video/7620403790839057699,,200,2026-05-10T21:27:48.210846,,26,,,none,low
20260510_210600,2026-05-10T21:27:51.230731,https://www.douyin.com/video/7620404102861786377,video_detail,https://www.douyin.com/video/7620404102861786377,,200,2026-05-10T21:27:51.230731,,74,1,network_response_70,exact,high
20260510_210600,2026-05-10T21:27:59.077785,https://www.douyin.com/video/7620404248735468842,video_detail,https://www.douyin.com/video/7620404248735468842,,200,2026-05-10T21:27:59.077785,,26,,,none,low
20260510_210600,2026-05-10T21:28:01.989833,https://www.douyin.com/video/7620406687811243300,video_detail,https://www.douyin.com/video/7620406687811243300,,200,2026-05-10T21:28:01.989833,,11,,,none,low
20260510_210600,2026-05-10T21:28:04.238602,https://www.douyin.com/video/7620407320414510769,video_detail,https://www.douyin.com/video/7620407320414510769,,200,2026-05-10T21:28:04.238602,,69,1,network_response_62,exact,high
20260510_210600,2026-05-10T21:28:10.956254,https://www.douyin.com/video/7620408514934902626,video_detail,https://www.douyin.com/video/7620408514934902626,,200,2026-05-10T21:28:10.956254,,24,,,none,low
20260510_210600,2026-05-10T21:28:15.340939,https://www.douyin.com/video/7620411901817736494,video_detail,https://www.douyin.com/video/7620411901817736494,,200,2026-05-10T21:28:15.340939,,27,,,none,low
20260510_210600,2026-05-10T21:28:20.797998,https://www.douyin.com/video/7620413491383504164,video_detail,https://www.douyin.com/video/7620413491383504164,,200,2026-05-10T21:28:20.797998,,97,1,network_response_30,exact,high
20260510_210600,2026-05-10T21:28:46.197862,https://www.douyin.com/video/7620414883888237870,video_detail,https://www.douyin.com/video/7620414883888237870,,200,2026-05-10T21:28:46.197862,,71,1,network_response_30,exact,high
20260510_210600,2026-05-10T21:28:55.020520,https://www.douyin.com/video/7620415741178776882,video_detail,https://www.douyin.com/video/7620415741178776882,,200,2026-05-10T21:28:55.020520,,12,,,none,low
20260510_210600,2026-05-10T21:28:57.376240,https://www.douyin.com/video/7620420319462919474,video_detail,https://www.douyin.com/video/7620420319462919474,,200,2026-05-10T21:28:57.376240,,13,,,none,low
20260510_210600,2026-05-10T21:29:00.131553,https://www.douyin.com/video/7620426659103034664,video_detail,https://www.douyin.com/video/7620426659103034664,,200,2026-05-10T21:29:00.131553,,68,1,network_response_32,exact,high
20260510_210600,2026-05-10T21:29:08.215029,https://www.douyin.com/video/7620430934881373455,video_detail,https://www.douyin.com/video/7620430934881373455,,200,2026-05-10T21:29:08.215029,,12,,,none,low
20260510_210600,2026-05-10T21:29:12.199940,https://www.douyin.com/video/7620432145953131782,video_detail,https://www.douyin.com/video/7620432145953131782,,200,2026-05-10T21:29:12.199940,,13,,,none,low
20260510_210600,2026-05-10T21:29:14.470156,https://www.douyin.com/video/7620432386137274234,video_detail,https://www.douyin.com/video/7620432386137274234,,200,2026-05-10T21:29:14.470156,,12,,,none,low
20260510_210600,2026-05-10T21:29:16.927065,https://www.douyin.com/video/7620443652556459306,video_detail,https://www.douyin.com/video/7620443652556459306,,200,2026-05-10T21:29:16.927065,,11,,,none,low
20260510_210600,2026-05-10T21:29:20.730545,https://www.douyin.com/video/7620445987353447680,video_detail,https://www.douyin.com/video/7620445987353447680,,200,2026-05-10T21:29:20.730545,,34,,network_response_22,exact,high
20260510_210600,2026-05-10T21:29:26.687975,https://www.douyin.com/video/7620450079128400100,video_detail,https://www.douyin.com/video/7620450079128400100,,200,2026-05-10T21:29:26.687975,,106,1,network_response_32,exact,high
20260510_210600,2026-05-10T21:30:11.371481,https://www.douyin.com/video/7620454294621316017,video_detail,https://www.douyin.com/video/7620454294621316017,,200,2026-05-10T21:30:11.371481,,24,,,none,low
20260510_210600,2026-05-10T21:30:15.542681,https://www.douyin.com/video/7620455409144450342,video_detail,https://www.douyin.com/video/7620455409144450342,,200,2026-05-10T21:30:15.542681,,86,1,network_response_30,exact,high
20260510_210600,2026-05-10T21:30:31.205181,https://www.douyin.com/video/7620457871226432890,video_detail,https://www.douyin.com/video/7620457871226432890,,200,2026-05-10T21:30:31.205181,,85,1,network_response_32,exact,high
20260510_210600,2026-05-10T21:30:56.411554,https://www.douyin.com/video/7620462481824320163,video_detail,https://www.douyin.com/video/7620462481824320163,,200,2026-05-10T21:30:56.411554,,69,1,network_response_32,exact,high
20260510_210600,2026-05-10T21:31:04.827670,https://www.douyin.com/video/7620469282732768122,video_detail,https://www.douyin.com/video/7620469282732768122,,200,2026-05-10T21:31:04.827670,,17,,,none,low
20260510_210600,2026-05-10T21:31:07.484715,https://www.douyin.com/video/7620483039080319483,video_detail,https://www.douyin.com/video/7620483039080319483,,200,2026-05-10T21:31:07.484715,,75,1,network_response_64,exact,high
20260510_210600,2026-05-10T21:31:14.488719,https://www.douyin.com/video/7620487984722453732,video_detail,https://www.douyin.com/video/7620487984722453732,,200,2026-05-10T21:31:14.488719,,70,1,network_response_31,exact,high
20260510_210600,2026-05-10T21:31:21.982029,https://www.douyin.com/video/7620488661902362097,video_detail,https://www.douyin.com/video/7620488661902362097,,200,2026-05-10T21:31:21.982029,,92,1,network_response_32,exact,high
20260510_210600,2026-05-10T21:31:48.956388,https://www.douyin.com/video/7620496921068872410,video_detail,https://www.douyin.com/video/7620496921068872410,,200,2026-05-10T21:31:48.956388,,31,,network_response_29,exact,high
20260510_210600,2026-05-10T21:31:53.955933,https://www.douyin.com/video/7620562166927740187,video_detail,https://www.douyin.com/video/7620562166927740187,,200,2026-05-10T21:31:53.955933,,68,1,,none,low
20260510_210600,2026-05-10T21:32:01.569044,https://www.douyin.com/video/7620577487022964410,video_detail,https://www.douyin.com/video/7620577487022964410,,200,2026-05-10T21:32:01.569044,,10,,,none,low
20260510_210600,2026-05-10T21:32:04.052388,https://www.douyin.com/video/7620602423182216458,video_detail,https://www.douyin.com/video/7620602423182216458,,200,2026-05-10T21:32:04.052388,,96,1,network_response_26,exact,high
20260510_210600,2026-05-10T21:32:29.555909,https://www.douyin.com/video/7620618125578439986,video_detail,https://www.douyin.com/video/7620618125578439986,,200,2026-05-10T21:32:29.555909,,26,,,none,low
20260510_210600,2026-05-10T21:32:33.848174,https://www.douyin.com/video/7620622250936503603,video_detail,https://www.douyin.com/video/7620622250936503603,,200,2026-05-10T21:32:33.848174,,26,,,none,low
20260510_210600,2026-05-10T21:32:36.766799,https://www.douyin.com/video/7620624939347107803,video_detail,https://www.douyin.com/video/7620624939347107803,,200,2026-05-10T21:32:36.766799,,81,1,network_response_26,exact,high
20260510_210600,2026-05-10T21:32:49.600069,https://www.douyin.com/video/7620635985398779163,video_detail,https://www.douyin.com/video/7620635985398779163,,200,2026-05-10T21:32:49.600069,,25,,,none,low
20260510_210600,2026-05-10T21:32:52.658561,https://www.douyin.com/video/7620638195538048942,video_detail,https://www.douyin.com/video/7620638195538048942,,200,2026-05-10T21:32:52.658561,,25,,,none,low
20260510_210600,2026-05-10T21:32:55.615277,https://www.douyin.com/video/7620648778067987718,video_detail,https://www.douyin.com/video/7620648778067987718,,200,2026-05-10T21:32:55.615277,,23,,,none,low
20260510_210600,2026-05-10T21:32:59.655307,https://www.douyin.com/video/7620655528145882409,video_detail,https://www.douyin.com/video/7620655528145882409,,200,2026-05-10T21:32:59.655307,,44,,network_response_30,exact,high
20260510_210600,2026-05-10T21:33:06.293467,https://www.douyin.com/video/7620657158489786355,video_detail,https://www.douyin.com/video/7620657158489786355,,200,2026-05-10T21:33:06.293467,,75,1,network_response_26,exact,high
20260510_210600,2026-05-10T21:33:15.350372,https://www.douyin.com/video/7620657543487950120,video_detail,https://www.douyin.com/video/7620657543487950120,,200,2026-05-10T21:33:15.350372,,98,1,network_response_28,exact,high
20260510_210600,2026-05-10T21:33:41.439326,https://www.douyin.com/video/7620659156810222857,video_detail,https://www.douyin.com/video/7620659156810222857,,200,2026-05-10T21:33:41.439326,,26,,,none,low
20260510_210600,2026-05-10T21:33:46.923324,https://www.douyin.com/video/7620661491380882734,video_detail,https://www.douyin.com/video/7620661491380882734,,200,2026-05-10T21:33:46.923324,,27,,,none,low
20260510_210600,2026-05-10T21:33:49.999783,https://www.douyin.com/video/7620677400405486075,video_detail,https://www.douyin.com/video/7620677400405486075,,200,2026-05-10T21:33:49.999783,,26,,,none,low
20260510_210600,2026-05-10T21:33:52.761329,https://www.douyin.com/video/7620680047086603547,video_detail,https://www.douyin.com/video/7620680047086603547,,200,2026-05-10T21:33:52.761329,,27,,,none,low
20260510_210600,2026-05-10T21:33:55.339214,https://www.douyin.com/video/7620690099075812642,video_detail,https://www.douyin.com/video/7620690099075812642,,200,2026-05-10T21:33:55.339214,,28,,network_response_27,exact,high
20260510_210600,2026-05-10T21:33:58.807713,https://www.douyin.com/video/7620695204013673770,video_detail,https://www.douyin.com/video/7620695204013673770,,200,2026-05-10T21:33:58.807713,,27,,,none,low
20260510_210600,2026-05-10T21:34:03.028737,https://www.douyin.com/video/7620704768775769394,video_detail,https://www.douyin.com/video/7620704768775769394,,200,2026-05-10T21:34:03.028737,,71,1,network_response_31,exact,high
20260510_210600,2026-05-10T21:34:13.017070,https://www.douyin.com/video/7620719618121895203,video_detail,https://www.douyin.com/video/7620719618121895203,,200,2026-05-10T21:34:13.017070,,41,,network_response_38,exact,high
20260510_210600,2026-05-10T21:34:19.616355,https://www.douyin.com/video/7620724225065733411,video_detail,https://www.douyin.com/video/7620724225065733411,,200,2026-05-10T21:34:19.616355,,68,1,network_response_27,exact,high
20260510_210600,2026-05-10T21:34:29.783181,https://www.douyin.com/video/7620729105247489295,video_detail,https://www.douyin.com/video/7620729105247489295,,200,2026-05-10T21:34:29.783181,,27,,network_response_26,exact,high
20260510_210600,2026-05-10T21:34:33.690381,https://www.douyin.com/video/7620731178466774298,video_detail,https://www.douyin.com/video/7620731178466774298,,200,2026-05-10T21:34:33.690381,,21,,,none,low
20260510_210600,2026-05-10T21:34:36.117415,https://www.douyin.com/video/7620733386029632774,video_detail,https://www.douyin.com/video/7620733386029632774,,200,2026-05-10T21:34:36.117415,,74,1,network_response_72,exact,high
20260510_210600,2026-05-10T21:34:44.186620,https://www.douyin.com/video/7620734620287470882,video_detail,https://www.douyin.com/video/7620734620287470882,,200,2026-05-10T21:34:44.186620,,26,,network_response_20,exact,high
20260510_210600,2026-05-10T21:34:48.876597,https://www.douyin.com/video/7620739571541658907,video_detail,https://www.douyin.com/video/7620739571541658907,,200,2026-05-10T21:34:48.876597,,26,,,none,low
20260510_210600,2026-05-10T21:34:52.084455,https://www.douyin.com/video/7620745772547558682,video_detail,https://www.douyin.com/video/7620745772547558682,,200,2026-05-10T21:34:52.084455,,12,,,none,low
20260510_210600,2026-05-10T21:34:54.531264,https://www.douyin.com/video/7620746619809500466,video_detail,https://www.douyin.com/video/7620746619809500466,,200,2026-05-10T21:34:54.531264,,16,,,none,low
20260510_210600,2026-05-10T21:34:56.940568,https://www.douyin.com/video/7620747888871738664,video_detail,https://www.douyin.com/video/7620747888871738664,,200,2026-05-10T21:34:56.940568,,11,,,none,low
20260510_210600,2026-05-10T21:35:00.847867,https://www.douyin.com/video/7620748335854505259,video_detail,https://www.douyin.com/video/7620748335854505259,,200,2026-05-10T21:35:00.847867,,36,,,none,low
20260510_210600,2026-05-10T21:35:07.463544,https://www.douyin.com/video/7620751143588629812,video_detail,https://www.douyin.com/video/7620751143588629812,,200,2026-05-10T21:35:07.463544,,28,,network_response_26,exact,high
20260510_210600,2026-05-10T21:35:11.042263,https://www.douyin.com/video/7620755647718614214,video_detail,https://www.douyin.com/video/7620755647718614214,,200,2026-05-10T21:35:11.042263,,77,1,network_response_71,exact,high
20260510_210600,2026-05-10T21:35:20.127570,https://www.douyin.com/video/7620755665224551726,video_detail,https://www.douyin.com/video/7620755665224551726,,200,2026-05-10T21:35:20.127570,,100,1,network_response_28,exact,high
20260510_210600,2026-05-10T21:35:46.137470,https://www.douyin.com/video/7620757336130374939,video_detail,https://www.douyin.com/video/7620757336130374939,,200,2026-05-10T21:35:46.137470,,70,1,network_response_30,exact,high
20260510_210600,2026-05-10T21:35:54.707440,https://www.douyin.com/video/7620759403439885603,video_detail,https://www.douyin.com/video/7620759403439885603,,200,2026-05-10T21:35:54.707440,,89,1,network_response_37,exact,high
20260510_210600,2026-05-10T21:36:20.759195,https://www.douyin.com/video/7620761882098174309,video_detail,https://www.douyin.com/video/7620761882098174309,,200,2026-05-10T21:36:20.759195,,69,1,network_response_31,exact,high
20260510_210600,2026-05-10T21:36:30.719850,https://www.douyin.com/video/7620762747886053238,video_detail,https://www.douyin.com/video/7620762747886053238,,200,2026-05-10T21:36:30.719850,,85,1,network_response_34,exact,high
20260510_210600,2026-05-10T21:36:56.160786,https://www.douyin.com/video/7620763203840036115,video_detail,https://www.douyin.com/video/7620763203840036115,,200,2026-05-10T21:36:56.160786,,26,,,none,low
20260510_210600,2026-05-10T21:37:00.185915,https://www.douyin.com/video/7620767652079783222,video_detail,https://www.douyin.com/video/7620767652079783222,,200,2026-05-10T21:37:00.185915,,77,1,network_response_26,exact,high
20260510_210600,2026-05-10T21:37:10.581080,https://www.douyin.com/video/7620774351743787697,video_detail,https://www.douyin.com/video/7620774351743787697,,200,2026-05-10T21:37:10.581080,,38,,,none,low
20260510_210600,2026-05-10T21:37:17.241508,https://www.douyin.com/video/7620774498996055695,video_detail,https://www.douyin.com/video/7620774498996055695,,200,2026-05-10T21:37:17.241508,,63,1,network_response_12,exact,high
20260510_210600,2026-05-10T21:37:24.384068,https://www.douyin.com/video/7620780342454062370,video_detail,https://www.douyin.com/video/7620780342454062370,,200,2026-05-10T21:37:24.384068,,57,1,network_response_22,exact,high
20260510_210600,2026-05-10T21:37:31.796857,https://www.douyin.com/video/7620780600668483003,video_detail,https://www.douyin.com/video/7620780600668483003,,200,2026-05-10T21:37:31.796857,,62,1,network_response_13,exact,high
20260510_210600,2026-05-10T21:37:39.922074,https://www.douyin.com/video/7620784246541520182,video_detail,https://www.douyin.com/video/7620784246541520182,,200,2026-05-10T21:37:39.922074,,13,,,none,low
20260510_210600,2026-05-10T21:37:42.602983,https://www.douyin.com/video/7620784691032902975,video_detail,https://www.douyin.com/video/7620784691032902975,,200,2026-05-10T21:37:42.602983,,61,1,network_response_27,exact,high
20260510_210600,2026-05-10T21:37:49.770240,https://www.douyin.com/video/7620785043167243749,video_detail,https://www.douyin.com/video/7620785043167243749,,200,2026-05-10T21:37:49.770240,,60,1,network_response_29,exact,high
20260510_210600,2026-05-10T21:37:56.376907,https://www.douyin.com/video/7620785598710650867,video_detail,https://www.douyin.com/video/7620785598710650867,,200,2026-05-10T21:37:56.376907,,21,,,none,low
20260510_210600,2026-05-10T21:38:00.698006,https://www.douyin.com/video/7620795893394050358,video_detail,https://www.douyin.com/video/7620795893394050358,,200,2026-05-10T21:38:00.698006,,12,,,none,low
20260510_210600,2026-05-10T21:38:02.852419,https://www.douyin.com/video/7620797624936893746,video_detail,https://www.douyin.com/video/7620797624936893746,,200,2026-05-10T21:38:02.852419,,76,1,network_response_30,exact,high
20260510_210600,2026-05-10T21:38:11.564667,https://www.douyin.com/video/7620803930860235633,video_detail,https://www.douyin.com/video/7620803930860235633,,200,2026-05-10T21:38:11.564667,,46,,network_response_35,exact,high
20260510_210600,2026-05-10T21:38:18.709353,https://www.douyin.com/video/7620804468019349681,video_detail,https://www.douyin.com/video/7620804468019349681,,200,2026-05-10T21:38:18.709353,,98,1,network_response_73,exact,high
20260510_210600,2026-05-10T21:38:44.481806,https://www.douyin.com/video/7620807985832753841,video_detail,https://www.douyin.com/video/7620807985832753841,,200,2026-05-10T21:38:44.481806,,21,,,none,low
20260510_210600,2026-05-10T21:39:06.576535,https://www.douyin.com/video/7620809384084713137,video_detail,https://www.douyin.com/video/7620809384084713137,,200,2026-05-10T21:39:06.576535,,27,,,none,low
20260510_210600,2026-05-10T21:39:09.453014,https://www.douyin.com/video/7620812472462626082,video_detail,https://www.douyin.com/video/7620812472462626082,,200,2026-05-10T21:39:09.453014,,73,1,network_response_27,exact,high
20260510_210600,2026-05-10T21:39:17.949724,https://www.douyin.com/video/7620815482949602600,video_detail,https://www.douyin.com/video/7620815482949602600,,200,2026-05-10T21:39:17.949724,,92,1,network_response_70,exact,high
20260510_210600,2026-05-10T21:39:43.341507,https://www.douyin.com/video/7620816716678909222,video_detail,https://www.douyin.com/video/7620816716678909222,,200,2026-05-10T21:39:43.341507,,21,,,none,low
20260510_210600,2026-05-10T21:39:48.240032,https://www.douyin.com/video/7620817455509671218,video_detail,https://www.douyin.com/video/7620817455509671218,,200,2026-05-10T21:39:48.240032,,24,,,none,low
20260510_210600,2026-05-10T21:39:50.894022,https://www.douyin.com/video/7620822279328369958,video_detail,https://www.douyin.com/video/7620822279328369958,,200,2026-05-10T21:39:50.894022,,26,,,none,low
20260510_210600,2026-05-10T21:39:53.723371,https://www.douyin.com/video/7620822521289444644,video_detail,https://www.douyin.com/video/7620822521289444644,,200,2026-05-10T21:39:53.723371,,25,,,none,low
20260510_210600,2026-05-10T21:39:57.987886,https://www.douyin.com/video/7620824266790997275,video_detail,https://www.douyin.com/video/7620824266790997275,,200,2026-05-10T21:39:57.987886,,33,,network_response_27,exact,high
20260510_210600,2026-05-10T21:40:03.672093,https://www.douyin.com/video/7620835458901710513,video_detail,https://www.douyin.com/video/7620835458901710513,,200,2026-05-10T21:40:03.672093,,75,1,network_response_30,exact,high
20260510_210600,2026-05-10T21:40:12.086725,https://www.douyin.com/video/7620847713847938319,video_detail,https://www.douyin.com/video/7620847713847938319,,200,2026-05-10T21:40:12.086725,,92,1,network_response_32,exact,high
20260510_210600,2026-05-10T21:40:37.277229,https://www.douyin.com/video/7620849028313484554,video_detail,https://www.douyin.com/video/7620849028313484554,,200,2026-05-10T21:40:37.277229,,71,1,network_response_31,exact,high
20260510_210600,2026-05-10T21:40:46.683106,https://www.douyin.com/video/7620850789560438031,video_detail,https://www.douyin.com/video/7620850789560438031,,200,2026-05-10T21:40:46.683106,,72,1,network_response_69,exact,high
20260510_210600,2026-05-10T21:40:54.816067,https://www.douyin.com/video/7620851836694457593,video_detail,https://www.douyin.com/video/7620851836694457593,,200,2026-05-10T21:40:54.816067,,27,,,none,low
20260510_210600,2026-05-10T21:40:58.270942,https://www.douyin.com/video/7620854442761391411,video_detail,https://www.douyin.com/video/7620854442761391411,,200,2026-05-10T21:40:58.270942,,27,,,none,low
20260510_210600,2026-05-10T21:41:01.325541,https://www.douyin.com/video/7620854479876869402,video_detail,https://www.douyin.com/video/7620854479876869402,,200,2026-05-10T21:41:01.325541,,75,1,network_response_33,exact,high
20260510_210600,2026-05-10T21:41:08.108206,https://www.douyin.com/video/7620866645514325284,video_detail,https://www.douyin.com/video/7620866645514325284,,200,2026-05-10T21:41:08.108206,,93,1,network_response_32,exact,high
20260510_210600,2026-05-10T21:41:33.403185,https://www.douyin.com/video/7620867819533881718,video_detail,https://www.douyin.com/video/7620867819533881718,,200,2026-05-10T21:41:33.403185,,71,1,network_response_31,exact,high
20260510_210600,2026-05-10T21:41:43.886925,https://www.douyin.com/video/7620869162571862507,video_detail,https://www.douyin.com/video/7620869162571862507,,200,2026-05-10T21:41:43.886925,,36,,network_response_35,exact,high
20260510_210600,2026-05-10T21:41:49.410342,https://www.douyin.com/video/7620884694887959854,video_detail,https://www.douyin.com/video/7620884694887959854,,200,2026-05-10T21:41:49.410342,,78,1,network_response_72,exact,high
20260510_210600,2026-05-10T21:41:58.255068,https://www.douyin.com/video/7620885088506481926,video_detail,https://www.douyin.com/video/7620885088506481926,,200,2026-05-10T21:41:58.255068,,38,,,none,low
20260510_210600,2026-05-10T21:42:04.224449,https://www.douyin.com/video/7620993181663972648,video_detail,https://www.douyin.com/video/7620993181663972648,,200,2026-05-10T21:42:04.224449,,72,1,network_response_61,exact,high
20260510_210600,2026-05-10T21:42:11.810576,https://www.douyin.com/video/7620999673377082659,video_detail,https://www.douyin.com/video/7620999673377082659,,200,2026-05-10T21:42:11.810576,,90,1,network_response_71,exact,high
20260510_210600,2026-05-10T21:42:36.566994,https://www.douyin.com/video/7621001290050538758,video_detail,https://www.douyin.com/video/7621001290050538758,,200,2026-05-10T21:42:36.566994,,25,,,none,low
20260510_210600,2026-05-10T21:42:50.761569,https://www.douyin.com/video/7621005982188997939,video_detail,https://www.douyin.com/video/7621005982188997939,,200,2026-05-10T21:42:50.761569,,78,1,network_response_68,exact,high
20260510_210600,2026-05-10T21:43:00.185987,https://www.douyin.com/video/7621010928422636826,video_detail,https://www.douyin.com/video/7621010928422636826,,200,2026-05-10T21:43:00.185987,,28,,network_response_27,exact,high
20260510_210600,2026-05-10T21:43:04.735593,https://www.douyin.com/video/7621018153404927278,video_detail,https://www.douyin.com/video/7621018153404927278,,200,2026-05-10T21:43:04.735593,,26,,,none,low
20260510_210600,2026-05-10T21:43:07.306359,https://www.douyin.com/video/7621019187045997254,video_detail,https://www.douyin.com/video/7621019187045997254,,200,2026-05-10T21:43:07.306359,,21,,,none,low
20260510_210600,2026-05-10T21:43:10.872283,https://www.douyin.com/video/7621029570791165227,video_detail,https://www.douyin.com/video/7621029570791165227,,200,2026-05-10T21:43:10.872283,,38,,network_response_33,exact,high
20260510_210600,2026-05-10T21:43:17.232252,https://www.douyin.com/video/7621040910461078819,video_detail,https://www.douyin.com/video/7621040910461078819,,200,2026-05-10T21:43:17.232252,,27,,,none,low
20260510_210600,2026-05-10T21:43:19.643318,https://www.douyin.com/video/7621046284308286730,video_detail,https://www.douyin.com/video/7621046284308286730,,200,2026-05-10T21:43:19.643318,,28,,network_response_27,exact,high
20260510_210600,2026-05-10T21:43:22.798018,https://www.douyin.com/video/7621051452643455999,video_detail,https://www.douyin.com/video/7621051452643455999,,200,2026-05-10T21:43:22.798018,,26,,,none,low
20260510_210600,2026-05-10T21:43:26.650499,https://www.douyin.com/video/7621068212730504098,video_detail,https://www.douyin.com/video/7621068212730504098,,200,2026-05-10T21:43:26.650499,,27,,,none,low
20260510_210600,2026-05-10T21:43:30.463027,https://www.douyin.com/video/7621071409398016360,video_detail,https://www.douyin.com/video/7621071409398016360,,200,2026-05-10T21:43:30.463027,,95,1,network_response_65,exact,high
20260510_210600,2026-05-10T21:43:45.817453,https://www.douyin.com/video/7621085991113067795,video_detail,https://www.douyin.com/video/7621085991113067795,,200,2026-05-10T21:43:45.817453,,20,,,none,low
20260510_210600,2026-05-10T21:43:49.889886,https://www.douyin.com/video/7621088719201668371,video_detail,https://www.douyin.com/video/7621088719201668371,,200,2026-05-10T21:43:49.889886,,12,,,none,low
20260510_210600,2026-05-10T21:43:52.182915,https://www.douyin.com/video/7621094675717295395,video_detail,https://www.douyin.com/video/7621094675717295395,,200,2026-05-10T21:43:52.182915,,11,,,none,low
20260510_210600,2026-05-10T21:43:54.663799,https://www.douyin.com/video/7621096892131368552,video_detail,https://www.douyin.com/video/7621096892131368552,,200,2026-05-10T21:43:54.663799,,76,1,network_response_59,exact,high
20260510_210600,2026-05-10T21:44:04.787419,https://www.douyin.com/video/7621098101599636772,video_detail,https://www.douyin.com/video/7621098101599636772,,200,2026-05-10T21:44:04.787419,,28,,network_response_17,exact,high
20260510_210600,2026-05-10T21:44:10.380114,https://www.douyin.com/video/7621100261117524709,video_detail,https://www.douyin.com/video/7621100261117524709,,200,2026-05-10T21:44:10.380114,,10,,,none,low
20260510_210600,2026-05-10T21:44:12.490827,https://www.douyin.com/video/7621111350193851683,video_detail,https://www.douyin.com/video/7621111350193851683,,200,2026-05-10T21:44:12.490827,,84,1,network_response_72,exact,high
20260510_210600,2026-05-10T21:44:21.166572,https://www.douyin.com/video/7621111639018563583,video_detail,https://www.douyin.com/video/7621111639018563583,,200,2026-05-10T21:44:21.166572,,29,,,none,low
20260510_210600,2026-05-10T21:44:42.803569,https://www.douyin.com/video/7621114519229590483,video_detail,https://www.douyin.com/video/7621114519229590483,,200,2026-05-10T21:44:42.803569,,12,,,none,low
20260510_210600,2026-05-10T21:44:45.161933,https://www.douyin.com/video/7621114886740113114,video_detail,https://www.douyin.com/video/7621114886740113114,,200,2026-05-10T21:44:45.161933,,26,,,none,low
20260510_210600,2026-05-10T21:44:47.910050,https://www.douyin.com/video/7621115321297980672,video_detail,https://www.douyin.com/video/7621115321297980672,,200,2026-05-10T21:44:47.910050,,28,,,none,low
20260510_210600,2026-05-10T21:44:50.505953,https://www.douyin.com/video/7621116269022313969,video_detail,https://www.douyin.com/video/7621116269022313969,,200,2026-05-10T21:44:50.505953,,29,,network_response_28,exact,high
20260510_210600,2026-05-10T21:44:53.986203,https://www.douyin.com/video/7621116347937770806,video_detail,https://www.douyin.com/video/7621116347937770806,,200,2026-05-10T21:44:53.986203,,28,,,none,low
20260510_210600,2026-05-10T21:44:56.903545,https://www.douyin.com/video/7621116985266408719,video_detail,https://www.douyin.com/video/7621116985266408719,,200,2026-05-10T21:44:56.903545,,73,1,network_response_64,exact,high
20260510_210600,2026-05-10T21:45:06.569057,https://www.douyin.com/video/7621117262308724006,video_detail,https://www.douyin.com/video/7621117262308724006,,200,2026-05-10T21:45:06.569057,,40,,network_response_33,exact,high
20260510_210600,2026-05-10T21:45:12.793957,https://www.douyin.com/video/7621117699308932367,video_detail,https://www.douyin.com/video/7621117699308932367,,200,2026-05-10T21:45:12.793957,,16,,network_response_12,exact,high
20260510_210600,2026-05-10T21:45:16.458611,https://www.douyin.com/video/7621118525272378664,video_detail,https://www.douyin.com/video/7621118525272378664,,200,2026-05-10T21:45:16.458611,,13,,,none,low
20260510_210600,2026-05-10T21:45:19.045427,https://www.douyin.com/video/7621119731030372453,video_detail,https://www.douyin.com/video/7621119731030372453,,200,2026-05-10T21:45:19.045427,,15,,,none,low
20260510_210600,2026-05-10T21:45:21.715562,https://www.douyin.com/video/7621121226203173818,video_detail,https://www.douyin.com/video/7621121226203173818,,200,2026-05-10T21:45:21.715562,,10,,,none,low
20260510_210600,2026-05-10T21:45:24.149809,https://www.douyin.com/video/7621123367491644515,video_detail,https://www.douyin.com/video/7621123367491644515,,200,2026-05-10T21:45:24.149809,,16,,,none,low
20260510_210600,2026-05-10T21:45:26.889533,https://www.douyin.com/video/7621124329794751807,video_detail,https://www.douyin.com/video/7621124329794751807,,200,2026-05-10T21:45:26.889533,,12,,,none,low
20260510_210600,2026-05-10T21:45:29.568429,https://www.douyin.com/video/7621125150729162025,video_detail,https://www.douyin.com/video/7621125150729162025,,200,2026-05-10T21:45:29.568429,,13,,,none,low
20260510_210600,2026-05-10T21:45:32.245376,https://www.douyin.com/video/7621126244297762033,video_detail,https://www.douyin.com/video/7621126244297762033,,200,2026-05-10T21:45:32.245376,,76,1,network_response_66,exact,high
20260510_210600,2026-05-10T21:45:39.772297,https://www.douyin.com/video/7621129062349622591,video_detail,https://www.douyin.com/video/7621129062349622591,,200,2026-05-10T21:45:39.772297,,70,1,network_response_68,exact,high
20260510_210600,2026-05-10T21:45:49.665789,https://www.douyin.com/video/7621130915112078643,video_detail,https://www.douyin.com/video/7621130915112078643,,200,2026-05-10T21:45:49.665789,,32,,network_response_30,exact,high
20260510_210600,2026-05-10T21:45:55.257518,https://www.douyin.com/video/7621131105520946472,video_detail,https://www.douyin.com/video/7621131105520946472,,200,2026-05-10T21:45:55.257518,,12,,,none,low
20260510_210600,2026-05-10T21:45:58.216233,https://www.douyin.com/video/7621133412102982966,video_detail,https://www.douyin.com/video/7621133412102982966,,200,2026-05-10T21:45:58.216233,,14,,,none,low
20260510_210600,2026-05-10T21:46:00.663350,https://www.douyin.com/video/7621136996208009393,video_detail,https://www.douyin.com/video/7621136996208009393,,200,2026-05-10T21:46:00.663350,,96,1,network_response_67,exact,high
20260510_210600,2026-05-10T21:46:27.533440,https://www.douyin.com/video/7621138473944173830,video_detail,https://www.douyin.com/video/7621138473944173830,,200,2026-05-10T21:46:27.533440,,14,,,none,low
20260510_210600,2026-05-10T21:46:32.106464,https://www.douyin.com/video/7621141097221311780,video_detail,https://www.douyin.com/video/7621141097221311780,,200,2026-05-10T21:46:32.106464,,15,,,none,low
20260510_210600,2026-05-10T21:46:35.109645,https://www.douyin.com/video/7621142873320312100,video_detail,https://www.douyin.com/video/7621142873320312100,,200,2026-05-10T21:46:35.109645,,84,1,network_response_60,exact,high
20260510_210600,2026-05-10T21:47:00.911716,https://www.douyin.com/video/7621145218234196922,video_detail,https://www.douyin.com/video/7621145218234196922,,200,2026-05-10T21:47:00.911716,,70,1,network_response_66,exact,high
20260510_210600,2026-05-10T21:47:09.307351,https://www.douyin.com/video/7621146268445789474,video_detail,https://www.douyin.com/video/7621146268445789474,,200,2026-05-10T21:47:09.307351,,10,,,none,low
20260510_210600,2026-05-10T21:47:12.517268,https://www.douyin.com/video/7621146883976695075,video_detail,https://www.douyin.com/video/7621146883976695075,,200,2026-05-10T21:47:12.517268,,10,,,none,low
20260510_210600,2026-05-10T21:47:16.341642,https://www.douyin.com/video/7621148874803039488,video_detail,https://www.douyin.com/video/7621148874803039488,,200,2026-05-10T21:47:16.341642,,28,,network_response_27,exact,high
20260510_210600,2026-05-10T21:47:21.427806,https://www.douyin.com/video/7621149082082869618,video_detail,https://www.douyin.com/video/7621149082082869618,,200,2026-05-10T21:47:21.427806,,26,,,none,low
20260510_210600,2026-05-10T21:47:24.074233,https://www.douyin.com/video/7621153996681530650,video_detail,https://www.douyin.com/video/7621153996681530650,,200,2026-05-10T21:47:24.074233,,77,1,network_response_74,exact,high
20260510_210600,2026-05-10T21:47:32.240531,https://www.douyin.com/video/7621157224413775785,video_detail,https://www.douyin.com/video/7621157224413775785,,200,2026-05-10T21:47:32.240531,,66,1,network_response_34,exact,high
20260510_210600,2026-05-10T21:47:40.492460,https://www.douyin.com/video/7621164936949026090,video_detail,https://www.douyin.com/video/7621164936949026090,,200,2026-05-10T21:47:40.492460,,27,,network_response_26,exact,high
20260510_210600,2026-05-10T21:47:43.606046,https://www.douyin.com/video/7621170171666795803,video_detail,https://www.douyin.com/video/7621170171666795803,,200,2026-05-10T21:47:43.606046,,26,,,none,low
20260510_210600,2026-05-10T21:47:46.160004,https://www.douyin.com/video/7621171156585925931,video_detail,https://www.douyin.com/video/7621171156585925931,,200,2026-05-10T21:47:46.160004,,74,1,network_response_60,exact,high
20260510_210600,2026-05-10T21:47:53.242701,https://www.douyin.com/video/7621171842585218340,video_detail,https://www.douyin.com/video/7621171842585218340,,200,2026-05-10T21:47:53.242701,,68,1,network_response_59,exact,high
20260510_210600,2026-05-10T21:47:59.396584,https://www.douyin.com/video/7621173267080006962,video_detail,https://www.douyin.com/video/7621173267080006962,,200,2026-05-10T21:47:59.396584,,68,1,,none,low
20260510_210600,2026-05-10T21:48:08.926575,https://www.douyin.com/video/7621175927849897251,video_detail,https://www.douyin.com/video/7621175927849897251,,200,2026-05-10T21:48:08.926575,,97,1,network_response_69,exact,high
20260510_210600,2026-05-10T21:48:35.446808,https://www.douyin.com/video/7621177074664885530,video_detail,https://www.douyin.com/video/7621177074664885530,,200,2026-05-10T21:48:35.446808,,41,,network_response_34,exact,high
20260510_210600,2026-05-10T21:48:42.390849,https://www.douyin.com/video/7621183643477642536,video_detail,https://www.douyin.com/video/7621183643477642536,,200,2026-05-10T21:48:42.390849,,93,1,network_response_72,exact,high
20260510_210600,2026-05-10T21:49:09.418594,https://www.douyin.com/video/7621185751581757898,video_detail,https://www.douyin.com/video/7621185751581757898,,200,2026-05-10T21:49:09.418594,,69,1,network_response_66,exact,high
20260510_210600,2026-05-10T21:49:18.829780,https://www.douyin.com/video/7621186448737221233,video_detail,https://www.douyin.com/video/7621186448737221233,,200,2026-05-10T21:49:18.829780,,68,1,network_response_66,exact,high
20260510_210600,2026-05-10T21:49:27.069762,https://www.douyin.com/video/7621187385317465513,video_detail,https://www.douyin.com/video/7621187385317465513,,200,2026-05-10T21:49:27.069762,,64,1,network_response_35,exact,high
20260510_210600,2026-05-10T21:49:35.133344,https://www.douyin.com/video/7621195213024841011,video_detail,https://www.douyin.com/video/7621195213024841011,,200,2026-05-10T21:49:35.133344,,26,,,none,low
20260510_210600,2026-05-10T21:49:39.257342,https://www.douyin.com/video/7621195340347100443,video_detail,https://www.douyin.com/video/7621195340347100443,,200,2026-05-10T21:49:39.257342,,27,,,none,low
20260510_210600,2026-05-10T21:49:41.898344,https://www.douyin.com/video/7621195978544106793,video_detail,https://www.douyin.com/video/7621195978544106793,,200,2026-05-10T21:49:41.898344,,79,1,network_response_73,exact,high
20260510_210600,2026-05-10T21:49:53.820045,https://www.douyin.com/video/7621197925435067663,video_detail,https://www.douyin.com/video/7621197925435067663,,200,2026-05-10T21:49:53.820045,,27,,,none,low
20260510_210600,2026-05-10T21:49:58.286327,https://www.douyin.com/video/7621198486734544634,video_detail,https://www.douyin.com/video/7621198486734544634,,200,2026-05-10T21:49:58.286327,,27,,,none,low
20260510_210600,2026-05-10T21:50:02.302984,https://www.douyin.com/video/7621198539233692978,video_detail,https://www.douyin.com/video/7621198539233692978,,200,2026-05-10T21:50:02.302984,,33,,network_response_19,exact,high
20260510_210600,2026-05-10T21:50:08.635535,https://www.douyin.com/video/7621199303037422894,video_detail,https://www.douyin.com/video/7621199303037422894,,200,2026-05-10T21:50:08.635535,,79,1,network_response_77,exact,high
20260510_210600,2026-05-10T21:50:20.541966,https://www.douyin.com/video/7621201604418473268,video_detail,https://www.douyin.com/video/7621201604418473268,,200,2026-05-10T21:50:20.541966,,97,1,network_response_88,exact,high
20260510_210600,2026-05-10T21:50:45.434169,https://www.douyin.com/video/7621203452660765881,video_detail,https://www.douyin.com/video/7621203452660765881,,200,2026-05-10T21:50:45.434169,,21,,,none,low
20260510_210600,2026-05-10T21:50:49.155820,https://www.douyin.com/video/7621216610095985585,video_detail,https://www.douyin.com/video/7621216610095985585,,200,2026-05-10T21:50:49.155820,,17,,,none,low
20260510_210600,2026-05-10T21:50:51.194324,https://www.douyin.com/video/7621221825694960950,video_detail,https://www.douyin.com/video/7621221825694960950,,200,2026-05-10T21:50:51.194324,,12,,,none,low
20260510_210600,2026-05-10T21:50:54.639937,https://www.douyin.com/video/7621223123823899313,video_detail,https://www.douyin.com/video/7621223123823899313,,200,2026-05-10T21:50:54.639937,,73,1,network_response_52,exact,high
20260510_210600,2026-05-10T21:51:01.594611,https://www.douyin.com/video/7621225306586652338,video_detail,https://www.douyin.com/video/7621225306586652338,,200,2026-05-10T21:51:01.594611,,27,,,none,low
20260510_210600,2026-05-10T21:51:03.837863,https://www.douyin.com/video/7621229987714125110,video_detail,https://www.douyin.com/video/7621229987714125110,,200,2026-05-10T21:51:03.837863,,66,1,network_response_52,exact,high
20260510_210600,2026-05-10T21:51:08.934920,https://www.douyin.com/video/7621230618642337087,video_detail,https://www.douyin.com/video/7621230618642337087,,200,2026-05-10T21:51:08.934920,,11,,,none,low
20260510_210600,2026-05-10T21:51:12.355339,https://www.douyin.com/video/7621232565105771377,video_detail,https://www.douyin.com/video/7621232565105771377,,200,2026-05-10T21:51:12.355339,,35,,network_response_20,exact,high
20260510_210600,2026-05-10T21:51:17.865598,https://www.douyin.com/video/7621242621796650278,video_detail,https://www.douyin.com/video/7621242621796650278,,200,2026-05-10T21:51:17.865598,,18,,network_response_14,exact,high
20260510_210600,2026-05-10T21:51:21.797492,https://www.douyin.com/video/7621259675456341477,video_detail,https://www.douyin.com/video/7621259675456341477,,200,2026-05-10T21:51:21.797492,,33,1,network_response_32,exact,high
20260510_210600,2026-05-10T21:51:28.523924,https://www.douyin.com/video/7621331838426008838,video_detail,https://www.douyin.com/video/7621331838426008838,,200,2026-05-10T21:51:28.523924,,55,1,network_response_11,exact,high
20260510_210600,2026-05-10T21:51:39.549193,https://www.douyin.com/video/7621357754837486874,video_detail,https://www.douyin.com/video/7621357754837486874,,200,2026-05-10T21:51:39.549193,,105,1,network_response_72,exact,high
20260510_210600,2026-05-10T21:52:04.324159,https://www.douyin.com/video/7621384631770651880,video_detail,https://www.douyin.com/video/7621384631770651880,,200,2026-05-10T21:52:04.324159,,88,1,network_response_67,exact,high
20260510_210600,2026-05-10T21:52:28.937402,https://www.douyin.com/video/7621386840423624809,video_detail,https://www.douyin.com/video/7621386840423624809,,200,2026-05-10T21:52:28.937402,,13,,,none,low
20260510_210600,2026-05-10T21:52:32.727355,https://www.douyin.com/video/7621396141694848302,video_detail,https://www.douyin.com/video/7621396141694848302,,200,2026-05-10T21:52:32.727355,,71,1,network_response_61,exact,high
20260510_210600,2026-05-10T21:52:39.051819,https://www.douyin.com/video/7621400947528355082,video_detail,https://www.douyin.com/video/7621400947528355082,,200,2026-05-10T21:52:39.051819,,60,1,network_response_14,exact,high
20260510_210600,2026-05-10T21:52:45.733456,https://www.douyin.com/video/7621407594405563688,video_detail,https://www.douyin.com/video/7621407594405563688,,200,2026-05-10T21:52:45.733456,,61,1,network_response_26,exact,high
20260510_210600,2026-05-10T21:52:53.825757,https://www.douyin.com/video/7621409088643781042,video_detail,https://www.douyin.com/video/7621409088643781042,,200,2026-05-10T21:52:53.825757,,41,,network_response_30,exact,high
20260510_210600,2026-05-10T21:52:59.232151,https://www.douyin.com/video/7621420001378962742,video_detail,https://www.douyin.com/video/7621420001378962742,,200,2026-05-10T21:52:59.232151,,101,1,network_response_33,exact,high
20260510_210600,2026-05-10T21:53:24.123998,https://www.douyin.com/video/7621422426374590170,video_detail,https://www.douyin.com/video/7621422426374590170,,200,2026-05-10T21:53:24.123998,,69,1,network_response_31,exact,high
20260510_210600,2026-05-10T21:53:31.314449,https://www.douyin.com/video/7621434073982484713,video_detail,https://www.douyin.com/video/7621434073982484713,,200,2026-05-10T21:53:31.314449,,69,1,network_response_33,exact,high
20260510_210600,2026-05-10T21:53:37.604214,https://www.douyin.com/video/7621436451667126698,video_detail,https://www.douyin.com/video/7621436451667126698,,200,2026-05-10T21:53:37.604214,,85,1,network_response_29,exact,high
20260510_210600,2026-05-10T21:54:01.654107,https://www.douyin.com/video/7621439086208748850,video_detail,https://www.douyin.com/video/7621439086208748850,,200,2026-05-10T21:54:01.654107,,64,1,network_response_37,exact,high
20260510_210600,2026-05-10T21:54:08.147841,https://www.douyin.com/video/7621442675996183862,video_detail,https://www.douyin.com/video/7621442675996183862,,200,2026-05-10T21:54:08.147841,,91,1,network_response_35,exact,high
20260510_210600,2026-05-10T21:54:32.457922,https://www.douyin.com/video/7621448996577414434,video_detail,https://www.douyin.com/video/7621448996577414434,,200,2026-05-10T21:54:32.457922,,65,1,network_response_33,exact,high
20260510_210600,2026-05-10T21:54:39.129600,https://www.douyin.com/video/7621449967928382129,video_detail,https://www.douyin.com/video/7621449967928382129,,200,2026-05-10T21:54:39.129600,,27,,,none,low
20260510_210600,2026-05-10T21:54:42.103627,https://www.douyin.com/video/7621453185252625714,video_detail,https://www.douyin.com/video/7621453185252625714,,200,2026-05-10T21:54:42.103627,,74,1,network_response_28,exact,high
20260510_210600,2026-05-10T21:54:49.836869,https://www.douyin.com/video/7621453884187266346,video_detail,https://www.douyin.com/video/7621453884187266346,,200,2026-05-10T21:54:49.836869,,42,,network_response_34,exact,high
20260510_210600,2026-05-10T21:54:56.109201,https://www.douyin.com/video/7621455040259181178,video_detail,https://www.douyin.com/video/7621455040259181178,,200,2026-05-10T21:54:56.109201,,93,1,network_response_38,exact,high
20260510_210600,2026-05-10T21:55:21.671255,https://www.douyin.com/video/7621458868429737225,video_detail,https://www.douyin.com/video/7621458868429737225,,200,2026-05-10T21:55:21.671255,,73,1,network_response_36,exact,high
20260510_210600,2026-05-10T21:55:28.858493,https://www.douyin.com/video/7621469803617799470,video_detail,https://www.douyin.com/video/7621469803617799470,,200,2026-05-10T21:55:28.858493,,23,,,none,low
20260510_210600,2026-05-10T21:55:31.028103,https://www.douyin.com/video/7621473810781087926,video_detail,https://www.douyin.com/video/7621473810781087926,,200,2026-05-10T21:55:31.028103,,12,,,none,low
20260510_210600,2026-05-10T21:55:33.006253,https://www.douyin.com/video/7621474376457719082,video_detail,https://www.douyin.com/video/7621474376457719082,,200,2026-05-10T21:55:33.006253,,75,1,network_response_38,exact,high
20260510_210600,2026-05-10T21:55:39.934227,https://www.douyin.com/video/7621476939266322931,video_detail,https://www.douyin.com/video/7621476939266322931,,200,2026-05-10T21:55:39.934227,,12,,,none,low
20260510_210600,2026-05-10T21:55:41.993604,https://www.douyin.com/video/7621478583898459633,video_detail,https://www.douyin.com/video/7621478583898459633,,200,2026-05-10T21:55:41.993604,,16,,,none,low
20260510_210600,2026-05-10T21:55:43.876568,https://www.douyin.com/video/7621480486933679406,video_detail,https://www.douyin.com/video/7621480486933679406,,200,2026-05-10T21:55:43.876568,,12,,,none,low
20260510_210600,2026-05-10T21:55:45.825524,https://www.douyin.com/video/7621481591651829430,video_detail,https://www.douyin.com/video/7621481591651829430,,200,2026-05-10T21:55:45.825524,,12,,,none,low
20260510_210600,2026-05-10T21:55:48.758684,https://www.douyin.com/video/7621481754703973672,video_detail,https://www.douyin.com/video/7621481754703973672,,200,2026-05-10T21:55:48.758684,,36,,network_response_14,exact,high
20260510_210600,2026-05-10T21:55:54.223076,https://www.douyin.com/video/7621482788868345129,video_detail,https://www.douyin.com/video/7621482788868345129,,200,2026-05-10T21:55:54.223076,,99,1,network_response_39,exact,high
20260510_210600,2026-05-10T21:56:18.784393,https://www.douyin.com/video/7621483777063161107,video_detail,https://www.douyin.com/video/7621483777063161107,,200,2026-05-10T21:56:18.784393,,88,1,network_response_39,exact,high
20260510_210600,2026-05-10T21:56:43.789824,https://www.douyin.com/video/7621484507942382586,video_detail,https://www.douyin.com/video/7621484507942382586,,200,2026-05-10T21:56:43.789824,,66,1,network_response_37,exact,high
20260510_210600,2026-05-10T21:56:49.868023,https://www.douyin.com/video/7621485780740951334,video_detail,https://www.douyin.com/video/7621485780740951334,,200,2026-05-10T21:56:49.868023,,91,1,network_response_39,exact,high
20260510_210600,2026-05-10T21:57:14.320609,https://www.douyin.com/video/7621489169260762725,video_detail,https://www.douyin.com/video/7621489169260762725,,200,2026-05-10T21:57:14.320609,,14,,,none,low
20260510_210600,2026-05-10T21:57:16.494573,https://www.douyin.com/video/7621489881797684297,video_detail,https://www.douyin.com/video/7621489881797684297,,200,2026-05-10T21:57:16.494573,,13,,,none,low
20260510_210600,2026-05-10T21:57:18.591711,https://www.douyin.com/video/7621490794537267641,video_detail,https://www.douyin.com/video/7621490794537267641,,200,2026-05-10T21:57:18.591711,,10,,,none,low
20260510_210600,2026-05-10T21:57:20.540974,https://www.douyin.com/video/7621493004179672326,video_detail,https://www.douyin.com/video/7621493004179672326,,200,2026-05-10T21:57:20.540974,,83,1,network_response_22,exact,high
20260510_210600,2026-05-10T21:57:39.401223,https://www.douyin.com/video/7621496227440675441,video_detail,https://www.douyin.com/video/7621496227440675441,,200,2026-05-10T21:57:39.401223,,66,1,network_response_40,exact,high
20260510_210600,2026-05-10T21:57:46.997348,https://www.douyin.com/video/7621497317668998463,video_detail,https://www.douyin.com/video/7621497317668998463,,200,2026-05-10T21:57:46.997348,,55,1,network_response_19,exact,high
20260510_210600,2026-05-10T21:57:53.302401,https://www.douyin.com/video/7621498656264342822,video_detail,https://www.douyin.com/video/7621498656264342822,,200,2026-05-10T21:57:53.302401,,9,,,none,low
20260510_210600,2026-05-10T21:57:55.269000,https://www.douyin.com/video/7621499699882642726,video_detail,https://www.douyin.com/video/7621499699882642726,,200,2026-05-10T21:57:55.269000,,10,,,none,low
20260510_210600,2026-05-10T21:57:57.071737,https://www.douyin.com/video/7621501552875842213,video_detail,https://www.douyin.com/video/7621501552875842213,,200,2026-05-10T21:57:57.071737,,12,,,none,low
20260510_210600,2026-05-10T21:57:59.097063,https://www.douyin.com/video/7621501639010078004,video_detail,https://www.douyin.com/video/7621501639010078004,,200,2026-05-10T21:57:59.097063,,11,,,none,low
20260510_210600,2026-05-10T21:58:01.052674,https://www.douyin.com/video/7621501944162536750,video_detail,https://www.douyin.com/video/7621501944162536750,,200,2026-05-10T21:58:01.052674,,16,,,none,low
20260510_210600,2026-05-10T21:58:02.806681,https://www.douyin.com/video/7621502165278478666,video_detail,https://www.douyin.com/video/7621502165278478666,,200,2026-05-10T21:58:02.806681,,62,1,network_response_59,exact,high
20260510_210600,2026-05-10T21:58:09.684854,https://www.douyin.com/video/7621502601141538082,video_detail,https://www.douyin.com/video/7621502601141538082,,200,2026-05-10T21:58:09.684854,,25,,,none,low
20260510_210600,2026-05-10T21:58:12.396217,https://www.douyin.com/video/7621503699252235572,video_detail,https://www.douyin.com/video/7621503699252235572,,200,2026-05-10T21:58:12.396217,,47,1,network_response_36,exact,high
20260510_210600,2026-05-10T21:58:16.516266,https://www.douyin.com/video/7621504363291727955,video_detail,https://www.douyin.com/video/7621504363291727955,,200,2026-05-10T21:58:16.516266,,14,,,none,low
20260510_210600,2026-05-10T21:58:20.201253,https://www.douyin.com/video/7621504547391584889,video_detail,https://www.douyin.com/video/7621504547391584889,,200,2026-05-10T21:58:20.201253,,34,,,none,low
20260510_210600,2026-05-10T21:58:25.671275,https://www.douyin.com/video/7621507042985549797,video_detail,https://www.douyin.com/video/7621507042985549797,,200,2026-05-10T21:58:25.671275,,10,,,none,low
20260510_210600,2026-05-10T21:58:27.493269,https://www.douyin.com/video/7621507066741427497,video_detail,https://www.douyin.com/video/7621507066741427497,,200,2026-05-10T21:58:27.493269,,28,,,none,low
20260510_210600,2026-05-10T21:58:29.885234,https://www.douyin.com/video/7621508522450128163,video_detail,https://www.douyin.com/video/7621508522450128163,,200,2026-05-10T21:58:29.885234,,14,,,none,low
20260510_210600,2026-05-10T21:58:31.897035,https://www.douyin.com/video/7621509668644913339,video_detail,https://www.douyin.com/video/7621509668644913339,,200,2026-05-10T21:58:31.897035,,12,,,none,low
20260510_210600,2026-05-10T21:58:33.776051,https://www.douyin.com/video/7621517208568515866,video_detail,https://www.douyin.com/video/7621517208568515866,,200,2026-05-10T21:58:33.776051,,9,,,none,low
20260510_210600,2026-05-10T21:58:35.624710,https://www.douyin.com/video/7621518426179128586,video_detail,https://www.douyin.com/video/7621518426179128586,,200,2026-05-10T21:58:35.624710,,86,1,network_response_12,exact,high
20260510_210600,2026-05-10T21:58:42.979220,https://www.douyin.com/video/7621519169830459017,video_detail,https://www.douyin.com/video/7621519169830459017,,200,2026-05-10T21:58:42.979220,,13,,,none,low
20260510_210600,2026-05-10T21:58:46.514676,https://www.douyin.com/video/7621522144047942946,video_detail,https://www.douyin.com/video/7621522144047942946,,200,2026-05-10T21:58:46.514676,,12,,,none,low
20260510_210600,2026-05-10T21:58:48.377582,https://www.douyin.com/video/7621522484596067635,video_detail,https://www.douyin.com/video/7621522484596067635,,200,2026-05-10T21:58:48.377582,,13,,,none,low
20260510_210600,2026-05-10T21:58:51.426293,https://www.douyin.com/video/7621522596177268009,video_detail,https://www.douyin.com/video/7621522596177268009,,200,2026-05-10T21:58:51.426293,,41,,network_response_38,exact,high
20260510_210600,2026-05-10T21:58:56.660372,https://www.douyin.com/video/7621524151211183370,video_detail,https://www.douyin.com/video/7621524151211183370,,200,2026-05-10T21:58:56.660372,,13,,,none,low
20260510_210600,2026-05-10T21:58:58.663105,https://www.douyin.com/video/7621525449634165753,video_detail,https://www.douyin.com/video/7621525449634165753,,200,2026-05-10T21:58:58.663105,,13,,,none,low
20260510_210600,2026-05-10T21:59:00.691605,https://www.douyin.com/video/7621527711466556687,video_detail,https://www.douyin.com/video/7621527711466556687,,200,2026-05-10T21:59:00.691605,,25,,,none,low
20260510_210600,2026-05-10T21:59:02.656926,https://www.douyin.com/video/7621528594132903494,video_detail,https://www.douyin.com/video/7621528594132903494,,200,2026-05-10T21:59:02.656926,,13,,,none,low
20260510_210600,2026-05-10T21:59:04.820939,https://www.douyin.com/video/7621529018197921913,video_detail,https://www.douyin.com/video/7621529018197921913,,200,2026-05-10T21:59:04.820939,,82,1,network_response_75,exact,high
20260510_210600,2026-05-10T21:59:12.107420,https://www.douyin.com/video/7621532152957603107,video_detail,https://www.douyin.com/video/7621532152957603107,,200,2026-05-10T21:59:12.107420,,13,,,none,low
20260510_210600,2026-05-10T21:59:13.895969,https://www.douyin.com/video/7621532676289334578,video_detail,https://www.douyin.com/video/7621532676289334578,,200,2026-05-10T21:59:13.895969,,13,,,none,low
20260510_210600,2026-05-10T21:59:15.736416,https://www.douyin.com/video/7621534908208467238,video_detail,https://www.douyin.com/video/7621534908208467238,,200,2026-05-10T21:59:15.736416,,68,1,network_response_56,exact,high
20260510_210600,2026-05-10T21:59:20.784239,https://www.douyin.com/video/7621535207136513315,video_detail,https://www.douyin.com/video/7621535207136513315,,200,2026-05-10T21:59:20.784239,,70,1,network_response_64,exact,high
20260510_210600,2026-05-10T21:59:26.945341,https://www.douyin.com/video/7621538377313144083,video_detail,https://www.douyin.com/video/7621538377313144083,,200,2026-05-10T21:59:26.945341,,39,,network_response_36,exact,high
20260510_210600,2026-05-10T21:59:32.404754,https://www.douyin.com/video/7621540000412355875,video_detail,https://www.douyin.com/video/7621540000412355875,,200,2026-05-10T21:59:32.404754,,12,,,none,low
20260510_210600,2026-05-10T21:59:34.301555,https://www.douyin.com/video/7621540433746791731,video_detail,https://www.douyin.com/video/7621540433746791731,,200,2026-05-10T21:59:34.301555,,26,,,none,low
20260510_210600,2026-05-10T21:59:36.320973,https://www.douyin.com/video/7621541044165637285,video_detail,https://www.douyin.com/video/7621541044165637285,,200,2026-05-10T21:59:36.320973,,13,,,none,low
20260510_210600,2026-05-10T21:59:38.173710,https://www.douyin.com/video/7621546210330938675,video_detail,https://www.douyin.com/video/7621546210330938675,,200,2026-05-10T21:59:38.173710,,12,,,none,low
20260510_210600,2026-05-10T21:59:40.190015,https://www.douyin.com/video/7621547114811690303,video_detail,https://www.douyin.com/video/7621547114811690303,,200,2026-05-10T21:59:40.190015,,13,,,none,low
20260510_210600,2026-05-10T21:59:42.204523,https://www.douyin.com/video/7621554720993185060,video_detail,https://www.douyin.com/video/7621554720993185060,,200,2026-05-10T21:59:42.204523,,79,1,network_response_35,exact,high
20260510_210600,2026-05-10T21:59:48.845796,https://www.douyin.com/video/7621557988653911339,video_detail,https://www.douyin.com/video/7621557988653911339,,200,2026-05-10T21:59:48.845796,,74,1,network_response_36,exact,high
20260510_210600,2026-05-10T21:59:58.138386,https://www.douyin.com/video/7621559423319772462,video_detail,https://www.douyin.com/video/7621559423319772462,,200,2026-05-10T21:59:58.138386,,12,,,none,low
20260510_210600,2026-05-10T22:00:00.904748,https://www.douyin.com/video/7621561411478605108,video_detail,https://www.douyin.com/video/7621561411478605108,,200,2026-05-10T22:00:00.904748,,18,,,none,low
20260510_210600,2026-05-10T22:00:03.995670,https://www.douyin.com/video/7621563134427385115,video_detail,https://www.douyin.com/video/7621563134427385115,,200,2026-05-10T22:00:03.995670,,38,,network_response_17,exact,high
20260510_210600,2026-05-10T22:00:08.583731,https://www.douyin.com/video/7621566235222232293,video_detail,https://www.douyin.com/video/7621566235222232293,,200,2026-05-10T22:00:08.583731,,73,1,network_response_31,exact,high
20260510_210600,2026-05-10T22:00:14.320590,https://www.douyin.com/video/7621583360188535153,video_detail,https://www.douyin.com/video/7621583360188535153,,200,2026-05-10T22:00:14.320590,,11,,,none,low
20260510_210600,2026-05-10T22:00:17.034934,https://www.douyin.com/video/7621586564150154624,video_detail,https://www.douyin.com/video/7621586564150154624,,200,2026-05-10T22:00:17.034934,,11,,,none,low
20260510_210600,2026-05-10T22:00:18.962682,https://www.douyin.com/video/7621595142398827001,video_detail,https://www.douyin.com/video/7621595142398827001,,200,2026-05-10T22:00:18.962682,,14,,network_response_13,exact,high
20260510_210600,2026-05-10T22:00:21.316015,https://www.douyin.com/video/7621609004208327942,video_detail,https://www.douyin.com/video/7621609004208327942,,200,2026-05-10T22:00:21.316015,,10,,,none,low
20260510_210600,2026-05-10T22:00:23.265124,https://www.douyin.com/video/7621612762603420516,video_detail,https://www.douyin.com/video/7621612762603420516,,200,2026-05-10T22:00:23.265124,,11,,,none,low
20260510_210600,2026-05-10T22:00:25.190462,https://www.douyin.com/video/7621622552414129448,video_detail,https://www.douyin.com/video/7621622552414129448,,200,2026-05-10T22:00:25.190462,,11,,,none,low
20260510_210600,2026-05-10T22:00:27.062778,https://www.douyin.com/video/7621641275787316518,video_detail,https://www.douyin.com/video/7621641275787316518,,200,2026-05-10T22:00:27.062778,,7,,,none,low
20260510_210600,2026-05-10T22:00:28.977678,https://www.douyin.com/video/7621664655114603830,video_detail,https://www.douyin.com/video/7621664655114603830,,200,2026-05-10T22:00:28.977678,,11,,,none,low
20260510_210600,2026-05-10T22:00:32.263772,https://www.douyin.com/video/7621727949486969332,video_detail,https://www.douyin.com/video/7621727949486969332,,200,2026-05-10T22:00:32.263772,,38,,network_response_35,exact,high
20260510_210600,2026-05-10T22:00:37.458218,https://www.douyin.com/video/7621731676927038629,video_detail,https://www.douyin.com/video/7621731676927038629,,200,2026-05-10T22:00:37.458218,,102,1,network_response_80,exact,high
20260510_210600,2026-05-10T22:01:01.721405,https://www.douyin.com/video/7621741033419836687,video_detail,https://www.douyin.com/video/7621741033419836687,,200,2026-05-10T22:01:01.721405,,97,1,network_response_73,exact,high
20260510_210600,2026-05-10T22:01:32.571452,https://www.douyin.com/video/7621754171674332442,video_detail,https://www.douyin.com/video/7621754171674332442,,200,2026-05-10T22:01:32.571452,,67,1,network_response_63,exact,high
20260510_210600,2026-05-10T22:01:39.707196,https://www.douyin.com/video/7621754310851339227,video_detail,https://www.douyin.com/video/7621754310851339227,,200,2026-05-10T22:01:39.707196,,72,1,network_response_64,exact,high
20260510_210600,2026-05-10T22:01:45.617231,https://www.douyin.com/video/7621760275826371682,video_detail,https://www.douyin.com/video/7621760275826371682,,200,2026-05-10T22:01:45.617231,,65,1,network_response_53,exact,high
20260510_210600,2026-05-10T22:01:49.927846,https://www.douyin.com/video/7621767681032621327,video_detail,https://www.douyin.com/video/7621767681032621327,,200,2026-05-10T22:01:49.927846,,13,,,none,low
20260510_210600,2026-05-10T22:01:51.944052,https://www.douyin.com/video/7621769547099442483,video_detail,https://www.douyin.com/video/7621769547099442483,,200,2026-05-10T22:01:51.944052,,9,,,none,low
20260510_210600,2026-05-10T22:01:53.707331,https://www.douyin.com/video/7621785902049676595,video_detail,https://www.douyin.com/video/7621785902049676595,,200,2026-05-10T22:01:53.707331,,84,1,network_response_57,exact,high
20260510_210600,2026-05-10T22:02:08.473135,https://www.douyin.com/video/7621793615320645327,video_detail,https://www.douyin.com/video/7621793615320645327,,200,2026-05-10T22:02:08.473135,,26,,,none,low
20260510_210600,2026-05-10T22:02:12.400209,https://www.douyin.com/video/7621795990261724850,video_detail,https://www.douyin.com/video/7621795990261724850,,200,2026-05-10T22:02:12.400209,,20,,network_response_14,exact,high
20260510_210600,2026-05-10T22:02:17.893582,https://www.douyin.com/video/7621796032879349026,video_detail,https://www.douyin.com/video/7621796032879349026,,200,2026-05-10T22:02:17.893582,,12,,,none,low
20260510_210600,2026-05-10T22:02:19.810495,https://www.douyin.com/video/7621799168729730310,video_detail,https://www.douyin.com/video/7621799168729730310,,200,2026-05-10T22:02:19.810495,,48,1,network_response_33,exact,high
20260510_210600,2026-05-10T22:02:23.525840,https://www.douyin.com/video/7621812384297930030,video_detail,https://www.douyin.com/video/7621812384297930030,,200,2026-05-10T22:02:23.525840,,26,,,none,low
20260510_210600,2026-05-10T22:02:25.560571,https://www.douyin.com/video/7621812893218016575,video_detail,https://www.douyin.com/video/7621812893218016575,,200,2026-05-10T22:02:25.560571,,19,,,none,low
20260510_210600,2026-05-10T22:02:27.341731,https://www.douyin.com/video/7621813202053123370,video_detail,https://www.douyin.com/video/7621813202053123370,,200,2026-05-10T22:02:27.341731,,13,,,none,low
20260510_210600,2026-05-10T22:02:29.200984,https://www.douyin.com/video/7621815126756206207,video_detail,https://www.douyin.com/video/7621815126756206207,,200,2026-05-10T22:02:29.200984,,14,,,none,low
20260510_210600,2026-05-10T22:02:31.187989,https://www.douyin.com/video/7621816017481089913,video_detail,https://www.douyin.com/video/7621816017481089913,,200,2026-05-10T22:02:31.187989,,11,,,none,low
20260510_210600,2026-05-10T22:02:33.022525,https://www.douyin.com/video/7621816582234634609,video_detail,https://www.douyin.com/video/7621816582234634609,,200,2026-05-10T22:02:33.022525,,11,,,none,low
20260510_210600,2026-05-10T22:02:34.852682,https://www.douyin.com/video/7621819242853240105,video_detail,https://www.douyin.com/video/7621819242853240105,,200,2026-05-10T22:02:34.852682,,25,,,none,low
20260510_210600,2026-05-10T22:02:37.694497,https://www.douyin.com/video/7621823882613394722,video_detail,https://www.douyin.com/video/7621823882613394722,,200,2026-05-10T22:02:37.694497,,43,,network_response_33,exact,high
20260510_210600,2026-05-10T22:02:42.992379,https://www.douyin.com/video/7621825621361991139,video_detail,https://www.douyin.com/video/7621825621361991139,,200,2026-05-10T22:02:42.992379,,73,1,network_response_62,exact,high
20260510_210600,2026-05-10T22:02:48.757859,https://www.douyin.com/video/7621828211181243684,video_detail,https://www.douyin.com/video/7621828211181243684,,200,2026-05-10T22:02:48.757859,,90,1,network_response_86,exact,high
20260510_210600,2026-05-10T22:03:12.830596,https://www.douyin.com/video/7621828360976469299,video_detail,https://www.douyin.com/video/7621828360976469299,,200,2026-05-10T22:03:12.830596,,14,,,none,low
20260510_210600,2026-05-10T22:03:15.966248,https://www.douyin.com/video/7621833409991626047,video_detail,https://www.douyin.com/video/7621833409991626047,,200,2026-05-10T22:03:15.966248,,13,,,none,low
20260510_210600,2026-05-10T22:03:17.932484,https://www.douyin.com/video/7621837574408369006,video_detail,https://www.douyin.com/video/7621837574408369006,,200,2026-05-10T22:03:17.932484,,10,,,none,low
20260510_210600,2026-05-10T22:03:19.781518,https://www.douyin.com/video/7621845624694017320,video_detail,https://www.douyin.com/video/7621845624694017320,,200,2026-05-10T22:03:19.781518,,68,1,network_response_57,exact,high
20260510_210600,2026-05-10T22:03:25.579402,https://www.douyin.com/video/7621847286741486889,video_detail,https://www.douyin.com/video/7621847286741486889,,200,2026-05-10T22:03:25.579402,,8,,,none,low
20260510_210600,2026-05-10T22:03:27.318530,https://www.douyin.com/video/7621849652144524559,video_detail,https://www.douyin.com/video/7621849652144524559,,200,2026-05-10T22:03:27.318530,,11,,,none,low
20260510_210600,2026-05-10T22:03:29.349317,https://www.douyin.com/video/7621857059520122147,video_detail,https://www.douyin.com/video/7621857059520122147,,200,2026-05-10T22:03:29.349317,,11,,,none,low
20260510_210600,2026-05-10T22:03:32.244916,https://www.douyin.com/video/7621862152688684307,video_detail,https://www.douyin.com/video/7621862152688684307,,200,2026-05-10T22:03:32.244916,,38,,network_response_30,exact,high
20260510_210600,2026-05-10T22:03:38.062174,https://www.douyin.com/video/7621866055301079665,video_detail,https://www.douyin.com/video/7621866055301079665,,200,2026-05-10T22:03:38.062174,,15,,,none,low
20260510_210600,2026-05-10T22:03:40.307463,https://www.douyin.com/video/7621866514341268776,video_detail,https://www.douyin.com/video/7621866514341268776,,200,2026-05-10T22:03:40.307463,,13,,,none,low
20260510_210600,2026-05-10T22:03:42.476022,https://www.douyin.com/video/7621867376463580426,video_detail,https://www.douyin.com/video/7621867376463580426,,200,2026-05-10T22:03:42.476022,,72,1,network_response_36,exact,high
20260510_210600,2026-05-10T22:03:48.302108,https://www.douyin.com/video/7621867823794569445,video_detail,https://www.douyin.com/video/7621867823794569445,,200,2026-05-10T22:03:48.302108,,13,,,none,low
20260510_210600,2026-05-10T22:03:50.919638,https://www.douyin.com/video/7621867869134982441,video_detail,https://www.douyin.com/video/7621867869134982441,,200,2026-05-10T22:03:50.919638,,67,1,network_response_38,exact,high
20260510_210600,2026-05-10T22:03:55.543776,https://www.douyin.com/video/7621870274870381824,video_detail,https://www.douyin.com/video/7621870274870381824,,200,2026-05-10T22:03:55.543776,,11,,,none,low
20260510_210600,2026-05-10T22:03:57.300964,https://www.douyin.com/video/7621873622063500590,video_detail,https://www.douyin.com/video/7621873622063500590,,200,2026-05-10T22:03:57.300964,,12,,,none,low
20260510_210600,2026-05-10T22:03:59.408802,https://www.douyin.com/video/7621875232931908870,video_detail,https://www.douyin.com/video/7621875232931908870,,200,2026-05-10T22:03:59.408802,,13,,,none,low
20260510_210600,2026-05-10T22:04:01.512565,https://www.douyin.com/video/7621876940286233856,video_detail,https://www.douyin.com/video/7621876940286233856,,200,2026-05-10T22:04:01.512565,,16,,,none,low
20260510_210600,2026-05-10T22:04:04.359320,https://www.douyin.com/video/7621876991234444607,video_detail,https://www.douyin.com/video/7621876991234444607,,200,2026-05-10T22:04:04.359320,,48,,network_response_36,exact,high
20260510_210600,2026-05-10T22:04:09.984297,https://www.douyin.com/video/7621877672536263971,video_detail,https://www.douyin.com/video/7621877672536263971,,200,2026-05-10T22:04:09.984297,,28,,network_response_25,exact,high
20260510_210600,2026-05-10T22:04:12.318636,https://www.douyin.com/video/7621881920351259931,video_detail,https://www.douyin.com/video/7621881920351259931,,200,2026-05-10T22:04:12.318636,,72,1,network_response_68,exact,high
20260510_210600,2026-05-10T22:04:17.464566,https://www.douyin.com/video/7621882121933704475,video_detail,https://www.douyin.com/video/7621882121933704475,,200,2026-05-10T22:04:17.464566,,92,1,network_response_51,exact,high
20260510_210600,2026-05-10T22:04:41.776308,https://www.douyin.com/video/7621883061815737521,video_detail,https://www.douyin.com/video/7621883061815737521,,200,2026-05-10T22:04:41.776308,,87,1,network_response_57,exact,high
20260510_210600,2026-05-10T22:04:59.377025,https://www.douyin.com/video/7621883534055181602,video_detail,https://www.douyin.com/video/7621883534055181602,,200,2026-05-10T22:04:59.377025,,26,,,none,low
20260510_210600,2026-05-10T22:05:02.140467,https://www.douyin.com/video/7621884892435041536,video_detail,https://www.douyin.com/video/7621884892435041536,,200,2026-05-10T22:05:02.140467,,68,1,network_response_59,exact,high
20260510_210600,2026-05-10T22:05:06.524150,https://www.douyin.com/video/7621885178511740212,video_detail,https://www.douyin.com/video/7621885178511740212,,200,2026-05-10T22:05:06.524150,,94,1,network_response_69,exact,high
20260510_210600,2026-05-10T22:05:31.548612,https://www.douyin.com/video/7621885697460867045,video_detail,https://www.douyin.com/video/7621885697460867045,,200,2026-05-10T22:05:31.548612,,27,,,none,low
20260510_210600,2026-05-10T22:05:35.358728,https://www.douyin.com/video/7621887748198239534,video_detail,https://www.douyin.com/video/7621887748198239534,,200,2026-05-10T22:05:35.358728,,10,,,none,low
20260510_210600,2026-05-10T22:05:38.285281,https://www.douyin.com/video/7621887890603503494,video_detail,https://www.douyin.com/video/7621887890603503494,,200,2026-05-10T22:05:38.285281,,41,,network_response_33,exact,high
20260510_210600,2026-05-10T22:05:44.810541,https://www.douyin.com/video/7621888453432593698,video_detail,https://www.douyin.com/video/7621888453432593698,,200,2026-05-10T22:05:44.810541,,79,1,network_response_68,exact,high
20260510_210600,2026-05-10T22:05:51.129418,https://www.douyin.com/video/7621889889365249334,video_detail,https://www.douyin.com/video/7621889889365249334,,200,2026-05-10T22:05:51.129418,,26,,,none,low
20260510_210600,2026-05-10T22:05:53.283913,https://www.douyin.com/video/7621891362127990068,video_detail,https://www.douyin.com/video/7621891362127990068,,200,2026-05-10T22:05:53.283913,,11,,,none,low
20260510_210600,2026-05-10T22:05:55.198641,https://www.douyin.com/video/7621896339819205626,video_detail,https://www.douyin.com/video/7621896339819205626,,200,2026-05-10T22:05:55.198641,,16,,,none,low
20260510_210600,2026-05-10T22:05:57.052265,https://www.douyin.com/video/7621896735987633451,video_detail,https://www.douyin.com/video/7621896735987633451,,200,2026-05-10T22:05:57.052265,,26,,,none,low
20260510_210600,2026-05-10T22:05:59.129071,https://www.douyin.com/video/7621898824843398410,video_detail,https://www.douyin.com/video/7621898824843398410,,200,2026-05-10T22:05:59.129071,,26,,,none,low
20260510_210600,2026-05-10T22:06:01.140089,https://www.douyin.com/video/7621898916056878377,video_detail,https://www.douyin.com/video/7621898916056878377,,200,2026-05-10T22:06:01.140089,,11,,,none,low
20260510_210600,2026-05-10T22:06:03.036580,https://www.douyin.com/video/7621899011578964401,video_detail,https://www.douyin.com/video/7621899011578964401,,200,2026-05-10T22:06:03.036580,,76,1,network_response_66,exact,high
20260510_210600,2026-05-10T22:06:08.621796,https://www.douyin.com/video/7621905346176827641,video_detail,https://www.douyin.com/video/7621905346176827641,,200,2026-05-10T22:06:08.621796,,26,,,none,low
20260510_210600,2026-05-10T22:06:11.695635,https://www.douyin.com/video/7621906097846242623,video_detail,https://www.douyin.com/video/7621906097846242623,,200,2026-05-10T22:06:11.695635,,36,,network_response_28,exact,high
20260510_210600,2026-05-10T22:06:16.614959,https://www.douyin.com/video/7621910793319225457,video_detail,https://www.douyin.com/video/7621910793319225457,,200,2026-05-10T22:06:16.614959,,15,,,none,low
20260510_210600,2026-05-10T22:06:18.517233,https://www.douyin.com/video/7621912696027450678,video_detail,https://www.douyin.com/video/7621912696027450678,,200,2026-05-10T22:06:18.517233,,11,,,none,low
20260510_210600,2026-05-10T22:06:20.649055,https://www.douyin.com/video/7621913672654327050,video_detail,https://www.douyin.com/video/7621913672654327050,,200,2026-05-10T22:06:20.649055,,13,,,none,low
20260510_210600,2026-05-10T22:06:22.771099,https://www.douyin.com/video/7621915228380450098,video_detail,https://www.douyin.com/video/7621915228380450098,,200,2026-05-10T22:06:22.771099,,13,,,none,low
20260510_210600,2026-05-10T22:06:24.760657,https://www.douyin.com/video/7621924544332172579,video_detail,https://www.douyin.com/video/7621924544332172579,,200,2026-05-10T22:06:24.760657,,96,1,network_response_36,exact,high
20260510_210600,2026-05-10T22:06:48.971091,https://www.douyin.com/video/7621928864592657905,video_detail,https://www.douyin.com/video/7621928864592657905,,200,2026-05-10T22:06:48.971091,,28,,,none,low
20260510_210600,2026-05-10T22:06:53.815859,https://www.douyin.com/video/7621929789569502510,video_detail,https://www.douyin.com/video/7621929789569502510,,200,2026-05-10T22:06:53.815859,,28,,network_response_27,exact,high
20260510_210600,2026-05-10T22:06:57.609214,https://www.douyin.com/video/7621933425351560458,video_detail,https://www.douyin.com/video/7621933425351560458,,200,2026-05-10T22:06:57.609214,,94,1,network_response_29,exact,high
20260510_210600,2026-05-10T22:07:23.009078,https://www.douyin.com/video/7621933728390446586,video_detail,https://www.douyin.com/video/7621933728390446586,,200,2026-05-10T22:07:23.009078,,27,,,none,low
20260510_210600,2026-05-10T22:07:28.309865,https://www.douyin.com/video/7621948902422683813,video_detail,https://www.douyin.com/video/7621948902422683813,,200,2026-05-10T22:07:28.309865,,45,,network_response_34,exact,high
20260510_210600,2026-05-10T22:07:35.010297,https://www.douyin.com/video/7621969341281537307,video_detail,https://www.douyin.com/video/7621969341281537307,,200,2026-05-10T22:07:35.010297,,21,,network_response_11,exact,high
20260510_210600,2026-05-10T22:07:37.954399,https://www.douyin.com/video/7621973101232766449,video_detail,https://www.douyin.com/video/7621973101232766449,,200,2026-05-10T22:07:37.954399,,75,1,network_response_64,exact,high
20260510_210600,2026-05-10T22:07:44.898794,https://www.douyin.com/video/7622046050094346993,video_detail,https://www.douyin.com/video/7622046050094346993,,200,2026-05-10T22:07:44.898794,,91,1,network_response_72,exact,high
20260510_210600,2026-05-10T22:08:13.004030,https://www.douyin.com/video/7622076546739938278,video_detail,https://www.douyin.com/video/7622076546739938278,,200,2026-05-10T22:08:13.004030,,69,1,network_response_53,exact,high
20260510_210600,2026-05-10T22:08:21.002853,https://www.douyin.com/video/7622079618246056859,video_detail,https://www.douyin.com/video/7622079618246056859,,200,2026-05-10T22:08:21.002853,,11,,,none,low
20260510_210600,2026-05-10T22:08:23.560276,https://www.douyin.com/video/7622098160160391537,video_detail,https://www.douyin.com/video/7622098160160391537,,200,2026-05-10T22:08:23.560276,,69,1,network_response_59,exact,high
20260510_210600,2026-05-10T22:08:30.032055,https://www.douyin.com/video/7622102030571572520,video_detail,https://www.douyin.com/video/7622102030571572520,,200,2026-05-10T22:08:30.032055,,98,1,network_response_77,exact,high
20260510_210600,2026-05-10T22:08:54.999861,https://www.douyin.com/video/7622104948423619828,video_detail,https://www.douyin.com/video/7622104948423619828,,200,2026-05-10T22:08:54.999861,,71,1,network_response_68,exact,high
20260510_210600,2026-05-10T22:09:03.073269,https://www.douyin.com/video/7622122425685232915,video_detail,https://www.douyin.com/video/7622122425685232915,,200,2026-05-10T22:09:03.073269,,23,,,none,low
20260510_210600,2026-05-10T22:09:06.753106,https://www.douyin.com/video/7622127786941091078,video_detail,https://www.douyin.com/video/7622127786941091078,,200,2026-05-10T22:09:06.753106,,36,,network_response_24,exact,high
20260510_210600,2026-05-10T22:09:12.520825,https://www.douyin.com/video/7622133490037065829,video_detail,https://www.douyin.com/video/7622133490037065829,,200,2026-05-10T22:09:12.520825,,96,1,network_response_36,exact,high
20260510_210600,2026-05-10T22:09:37.075403,https://www.douyin.com/video/7622139262100629347,video_detail,https://www.douyin.com/video/7622139262100629347,,200,2026-05-10T22:09:37.075403,,66,1,network_response_57,exact,high
20260510_210600,2026-05-10T22:09:44.872838,https://www.douyin.com/video/7622141830998446811,video_detail,https://www.douyin.com/video/7622141830998446811,,200,2026-05-10T22:09:44.872838,,86,1,network_response_38,exact,high
20260510_210600,2026-05-10T22:10:09.355195,https://www.douyin.com/video/7622144819409866034,video_detail,https://www.douyin.com/video/7622144819409866034,,200,2026-05-10T22:10:09.355195,,71,1,network_response_31,exact,high
20260510_210600,2026-05-10T22:10:18.190530,https://www.douyin.com/video/7622147646081223974,video_detail,https://www.douyin.com/video/7622147646081223974,,200,2026-05-10T22:10:18.190530,,25,,,none,low
20260510_210600,2026-05-10T22:10:21.348893,https://www.douyin.com/video/7622147821651475310,video_detail,https://www.douyin.com/video/7622147821651475310,,200,2026-05-10T22:10:21.348893,,28,,network_response_26,exact,high
20260510_210600,2026-05-10T22:10:24.394798,https://www.douyin.com/video/7622147883894181135,video_detail,https://www.douyin.com/video/7622147883894181135,,200,2026-05-10T22:10:24.394798,,16,,,none,low
20260510_210600,2026-05-10T22:10:26.822636,https://www.douyin.com/video/7622148310456398568,video_detail,https://www.douyin.com/video/7622148310456398568,,200,2026-05-10T22:10:26.822636,,20,,,none,low
20260510_210600,2026-05-10T22:10:28.879920,https://www.douyin.com/video/7622154568638889359,video_detail,https://www.douyin.com/video/7622154568638889359,,200,2026-05-10T22:10:28.879920,,15,,,none,low
20260510_210600,2026-05-10T22:10:32.271898,https://www.douyin.com/video/7622156050770300223,video_detail,https://www.douyin.com/video/7622156050770300223,,200,2026-05-10T22:10:32.271898,,39,,network_response_35,exact,high
20260510_210600,2026-05-10T22:10:38.121900,https://www.douyin.com/video/7622161288600309007,video_detail,https://www.douyin.com/video/7622161288600309007,,200,2026-05-10T22:10:38.121900,,18,,,none,low
20260510_210600,2026-05-10T22:10:40.272024,https://www.douyin.com/video/7622167934895915136,video_detail,https://www.douyin.com/video/7622167934895915136,,200,2026-05-10T22:10:40.272024,,27,,,none,low
20260510_210600,2026-05-10T22:10:42.433926,https://www.douyin.com/video/7622187897991475179,video_detail,https://www.douyin.com/video/7622187897991475179,,200,2026-05-10T22:10:42.433926,,13,,,none,low
20260510_210600,2026-05-10T22:10:44.535994,https://www.douyin.com/video/7622189339891551529,video_detail,https://www.douyin.com/video/7622189339891551529,,200,2026-05-10T22:10:44.535994,,27,,network_response_26,exact,high
20260510_210600,2026-05-10T22:10:47.535252,https://www.douyin.com/video/7622189852691369268,video_detail,https://www.douyin.com/video/7622189852691369268,,200,2026-05-10T22:10:47.535252,,16,,,none,low
20260510_210600,2026-05-10T22:10:49.790030,https://www.douyin.com/video/7622191769844780330,video_detail,https://www.douyin.com/video/7622191769844780330,,200,2026-05-10T22:10:49.790030,,20,,,none,low
20260510_210600,2026-05-10T22:10:52.080512,https://www.douyin.com/video/7622195098629160310,video_detail,https://www.douyin.com/video/7622195098629160310,,200,2026-05-10T22:10:52.080512,,76,1,network_response_71,exact,high
20260510_210600,2026-05-10T22:10:58.821913,https://www.douyin.com/video/7622204163052555556,video_detail,https://www.douyin.com/video/7622204163052555556,,200,2026-05-10T22:10:58.821913,,69,1,network_response_49,exact,high
20260510_210600,2026-05-10T22:11:06.771542,https://www.douyin.com/video/7622207606220620870,video_detail,https://www.douyin.com/video/7622207606220620870,,200,2026-05-10T22:11:06.771542,,12,,,none,low
20260510_210600,2026-05-10T22:11:10.143614,https://www.douyin.com/video/7622209326308398778,video_detail,https://www.douyin.com/video/7622209326308398778,,200,2026-05-10T22:11:10.143614,,33,,network_response_15,exact,high
20260510_210600,2026-05-10T22:11:15.596093,https://www.douyin.com/video/7622211050187836710,video_detail,https://www.douyin.com/video/7622211050187836710,,200,2026-05-10T22:11:15.596093,,21,,,none,low
20260510_210600,2026-05-10T22:11:17.990210,https://www.douyin.com/video/7622216951825239347,video_detail,https://www.douyin.com/video/7622216951825239347,,200,2026-05-10T22:11:17.990210,,10,,,none,low
20260510_210600,2026-05-10T22:11:20.142514,https://www.douyin.com/video/7622217365505183011,video_detail,https://www.douyin.com/video/7622217365505183011,,200,2026-05-10T22:11:20.142514,,16,,,none,low
20260510_210600,2026-05-10T22:11:22.578594,https://www.douyin.com/video/7622220011462464104,video_detail,https://www.douyin.com/video/7622220011462464104,,200,2026-05-10T22:11:22.578594,,77,1,network_response_68,exact,high
20260510_210600,2026-05-10T22:11:30.609453,https://www.douyin.com/video/7622222057400536329,video_detail,https://www.douyin.com/video/7622222057400536329,,200,2026-05-10T22:11:30.609453,,18,,,none,low
20260510_210600,2026-05-10T22:11:33.053382,https://www.douyin.com/video/7622225993570877425,video_detail,https://www.douyin.com/video/7622225993570877425,,200,2026-05-10T22:11:33.053382,,13,,,none,low
20260510_210600,2026-05-10T22:11:35.196120,https://www.douyin.com/video/7622228434962641902,video_detail,https://www.douyin.com/video/7622228434962641902,,200,2026-05-10T22:11:35.196120,,23,,,none,low
20260510_210600,2026-05-10T22:11:37.527961,https://www.douyin.com/video/7622228693071899301,video_detail,https://www.douyin.com/video/7622228693071899301,,200,2026-05-10T22:11:37.527961,,10,,,none,low
20260510_210600,2026-05-10T22:11:39.518422,https://www.douyin.com/video/7622229682754227498,video_detail,https://www.douyin.com/video/7622229682754227498,,200,2026-05-10T22:11:39.518422,,12,,,none,low
20260510_210600,2026-05-10T22:11:42.651622,https://www.douyin.com/video/7622230441457749263,video_detail,https://www.douyin.com/video/7622230441457749263,,200,2026-05-10T22:11:42.651622,,47,,network_response_33,exact,high
20260510_210600,2026-05-10T22:11:49.389366,https://www.douyin.com/video/7622232236292672768,video_detail,https://www.douyin.com/video/7622232236292672768,,200,2026-05-10T22:11:49.389366,,12,,,none,low
20260510_210600,2026-05-10T22:11:52.604258,https://www.douyin.com/video/7622233387364928806,video_detail,https://www.douyin.com/video/7622233387364928806,,200,2026-05-10T22:11:52.604258,,15,,,none,low
20260510_210600,2026-05-10T22:11:56.709574,https://www.douyin.com/video/7622234046333347323,video_detail,https://www.douyin.com/video/7622234046333347323,,200,2026-05-10T22:11:56.709574,,91,1,network_response_29,exact,high
20260510_210600,2026-05-10T22:12:20.628539,https://www.douyin.com/video/7622236187164888703,video_detail,https://www.douyin.com/video/7622236187164888703,,200,2026-05-10T22:12:20.628539,,83,1,network_response_32,exact,high
20260510_210600,2026-05-10T22:12:46.026637,https://www.douyin.com/video/7622237220312960704,video_detail,https://www.douyin.com/video/7622237220312960704,,200,2026-05-10T22:12:46.026637,,15,,,none,low
20260510_210600,2026-05-10T22:12:49.935951,https://www.douyin.com/video/7622238457561107739,video_detail,https://www.douyin.com/video/7622238457561107739,,200,2026-05-10T22:12:49.935951,,12,,,none,low
20260510_210600,2026-05-10T22:12:51.919541,https://www.douyin.com/video/7622242382729245876,video_detail,https://www.douyin.com/video/7622242382729245876,,200,2026-05-10T22:12:51.919541,,80,1,network_response_14,exact,high
20260510_210600,2026-05-10T22:12:59.313236,https://www.douyin.com/video/7622242516934886891,video_detail,https://www.douyin.com/video/7622242516934886891,,200,2026-05-10T22:12:59.313236,,27,,network_response_26,exact,high
20260510_210600,2026-05-10T22:13:02.938263,https://www.douyin.com/video/7622249783851240744,video_detail,https://www.douyin.com/video/7622249783851240744,,200,2026-05-10T22:13:02.938263,,11,,,none,low
20260510_210600,2026-05-10T22:13:06.445592,https://www.douyin.com/video/7622251906307887985,video_detail,https://www.douyin.com/video/7622251906307887985,,200,2026-05-10T22:13:06.445592,,39,,network_response_31,exact,high
20260510_210600,2026-05-10T22:13:11.963127,https://www.douyin.com/video/7622253385479668457,video_detail,https://www.douyin.com/video/7622253385479668457,,200,2026-05-10T22:13:11.963127,,11,,,none,low
20260510_210600,2026-05-10T22:13:14.261435,https://www.douyin.com/video/7622253980655160586,video_detail,https://www.douyin.com/video/7622253980655160586,,200,2026-05-10T22:13:14.261435,,18,,network_response_14,exact,high
20260510_210600,2026-05-10T22:13:17.144600,https://www.douyin.com/video/7622254320129472091,video_detail,https://www.douyin.com/video/7622254320129472091,,200,2026-05-10T22:13:17.144600,,10,,,none,low
20260510_210600,2026-05-10T22:13:19.274755,https://www.douyin.com/video/7622256647763710329,video_detail,https://www.douyin.com/video/7622256647763710329,,200,2026-05-10T22:13:19.274755,,11,,,none,low
20260510_210600,2026-05-10T22:13:21.354441,https://www.douyin.com/video/7622258150422482191,video_detail,https://www.douyin.com/video/7622258150422482191,,200,2026-05-10T22:13:21.354441,,13,,,none,low
20260510_210600,2026-05-10T22:13:23.620490,https://www.douyin.com/video/7622259994934709556,video_detail,https://www.douyin.com/video/7622259994934709556,,200,2026-05-10T22:13:23.620490,,15,,,none,low
20260510_210600,2026-05-10T22:13:26.228785,https://www.douyin.com/video/7622263770567494921,video_detail,https://www.douyin.com/video/7622263770567494921,,200,2026-05-10T22:13:26.228785,,10,,,none,low
20260510_210600,2026-05-10T22:13:28.526166,https://www.douyin.com/video/7622267921452141875,video_detail,https://www.douyin.com/video/7622267921452141875,,200,2026-05-10T22:13:28.526166,,12,,,none,low
20260510_210600,2026-05-10T22:13:31.036282,https://www.douyin.com/video/7622275429692718708,video_detail,https://www.douyin.com/video/7622275429692718708,,200,2026-05-10T22:13:31.036282,,12,,,none,low
20260510_210600,2026-05-10T22:13:34.469414,https://www.douyin.com/video/7622275805653077248,video_detail,https://www.douyin.com/video/7622275805653077248,,200,2026-05-10T22:13:34.469414,,41,,network_response_32,exact,high
20260510_210600,2026-05-10T22:13:40.321584,https://www.douyin.com/video/7622281397104823594,video_detail,https://www.douyin.com/video/7622281397104823594,,200,2026-05-10T22:13:40.321584,,74,1,network_response_34,exact,high
20260510_210600,2026-05-10T22:13:47.196954,https://www.douyin.com/video/7622282232727872758,video_detail,https://www.douyin.com/video/7622282232727872758,,200,2026-05-10T22:13:47.196954,,12,,,none,low
20260510_210600,2026-05-10T22:13:50.302121,https://www.douyin.com/video/7622285834921774399,video_detail,https://www.douyin.com/video/7622285834921774399,,200,2026-05-10T22:13:50.302121,,71,1,network_response_32,exact,high
20260510_210600,2026-05-10T22:13:57.152847,https://www.douyin.com/video/7622290681704555946,video_detail,https://www.douyin.com/video/7622290681704555946,,200,2026-05-10T22:13:57.152847,,68,1,network_response_32,exact,high
20260510_210600,2026-05-10T22:14:04.153669,https://www.douyin.com/video/7622291944277822783,video_detail,https://www.douyin.com/video/7622291944277822783,,200,2026-05-10T22:14:04.153669,,92,1,network_response_37,exact,high
20260510_210600,2026-05-10T22:14:30.291458,https://www.douyin.com/video/7622297459393350955,video_detail,https://www.douyin.com/video/7622297459393350955,,200,2026-05-10T22:14:30.291458,,86,1,network_response_17,exact,high
20260510_210600,2026-05-10T22:14:55.524900,https://www.douyin.com/video/7622299858523639988,video_detail,https://www.douyin.com/video/7622299858523639988,,200,2026-05-10T22:14:55.524900,,91,1,network_response_21,exact,high
20260510_210600,2026-05-10T22:15:21.303419,https://www.douyin.com/video/7622310905758844260,video_detail,https://www.douyin.com/video/7622310905758844260,,200,2026-05-10T22:15:21.303419,,69,1,network_response_32,exact,high
20260510_210600,2026-05-10T22:15:30.163175,https://www.douyin.com/video/7622311943444991283,video_detail,https://www.douyin.com/video/7622311943444991283,,200,2026-05-10T22:15:30.163175,,74,1,network_response_31,exact,high
20260510_210600,2026-05-10T22:15:41.924847,https://www.douyin.com/video/7622315559586175866,video_detail,https://www.douyin.com/video/7622315559586175866,,200,2026-05-10T22:15:41.924847,,36,,network_response_16,exact,high
20260510_210600,2026-05-10T22:15:49.579294,https://www.douyin.com/video/7622318745549032747,video_detail,https://www.douyin.com/video/7622318745549032747,,200,2026-05-10T22:15:49.579294,,98,1,network_response_63,exact,high
20260510_210600,2026-05-10T22:16:19.256037,https://www.douyin.com/video/7622325343394811145,video_detail,https://www.douyin.com/video/7622325343394811145,,200,2026-05-10T22:16:19.256037,,51,1,,none,low
20260510_210600,2026-05-10T22:16:25.703389,https://www.douyin.com/video/7622326821106814242,video_detail,https://www.douyin.com/video/7622326821106814242,,200,2026-05-10T22:16:25.703389,,24,,network_response_12,exact,high
20260510_210600,2026-05-10T22:16:29.915610,https://www.douyin.com/video/7622332180094069745,video_detail,https://www.douyin.com/video/7622332180094069745,,200,2026-05-10T22:16:29.915610,,12,,,none,low
20260510_210600,2026-05-10T22:16:32.938567,https://www.douyin.com/video/7622353782819117184,video_detail,https://www.douyin.com/video/7622353782819117184,,200,2026-05-10T22:16:32.938567,,52,1,,none,low
20260510_210600,2026-05-10T22:16:40.491732,https://www.douyin.com/video/7622353926284826801,video_detail,https://www.douyin.com/video/7622353926284826801,,200,2026-05-10T22:16:40.491732,,13,,,none,low
20260510_210600,2026-05-10T22:16:43.869868,https://www.douyin.com/video/7622363922528743153,video_detail,https://www.douyin.com/video/7622363922528743153,,200,2026-05-10T22:16:43.869868,,13,,,none,low
20260510_210600,2026-05-10T22:16:47.320610,https://www.douyin.com/video/7622369605750721792,video_detail,https://www.douyin.com/video/7622369605750721792,,200,2026-05-10T22:16:47.320610,,27,,,none,low
20260510_210600,2026-05-10T22:16:50.143392,https://www.douyin.com/video/7622370391570287924,video_detail,https://www.douyin.com/video/7622370391570287924,,200,2026-05-10T22:16:50.143392,,12,,,none,low
20260510_210600,2026-05-10T22:16:54.533249,https://www.douyin.com/video/7622390481627909410,video_detail,https://www.douyin.com/video/7622390481627909410,,200,2026-05-10T22:16:54.533249,,37,,,none,low
20260510_210600,2026-05-10T22:17:02.387417,https://www.douyin.com/video/7622401195969187082,video_detail,https://www.douyin.com/video/7622401195969187082,,200,2026-05-10T22:17:02.387417,,57,1,,none,low
20260510_210600,2026-05-10T22:17:09.630445,https://www.douyin.com/video/7622473264698314036,video_detail,https://www.douyin.com/video/7622473264698314036,,200,2026-05-10T22:17:09.630445,,28,,network_response_27,exact,high
20260510_210600,2026-05-10T22:17:13.296255,https://www.douyin.com/video/7622476360077839679,video_detail,https://www.douyin.com/video/7622476360077839679,,200,2026-05-10T22:17:13.296255,,13,,,none,low
20260510_210600,2026-05-10T22:17:15.771171,https://www.douyin.com/video/7622479256978869554,video_detail,https://www.douyin.com/video/7622479256978869554,,200,2026-05-10T22:17:15.771171,,26,,network_response_24,exact,high
20260510_210600,2026-05-10T22:17:18.810898,https://www.douyin.com/video/7622497183484349696,video_detail,https://www.douyin.com/video/7622497183484349696,,200,2026-05-10T22:17:18.810898,,28,,network_response_26,exact,high
20260510_210600,2026-05-10T22:17:22.166240,https://www.douyin.com/video/7622508901510730688,video_detail,https://www.douyin.com/video/7622508901510730688,,200,2026-05-10T22:17:22.166240,,63,1,network_response_27,exact,high
20260510_210600,2026-05-10T22:17:30.084154,https://www.douyin.com/video/7622511900726676762,video_detail,https://www.douyin.com/video/7622511900726676762,,200,2026-05-10T22:17:30.084154,,71,1,,none,low
20260510_210600,2026-05-10T22:17:39.155739,https://www.douyin.com/video/7622523573810351401,video_detail,https://www.douyin.com/video/7622523573810351401,,200,2026-05-10T22:17:39.155739,,91,1,network_response_13,exact,high
20260510_210600,2026-05-10T22:18:06.845946,https://www.douyin.com/video/7622528218453059962,video_detail,https://www.douyin.com/video/7622528218453059962,,200,2026-05-10T22:18:06.845946,,29,,network_response_28,exact,high
20260510_210600,2026-05-10T22:18:13.881150,https://www.douyin.com/video/7622534706826988851,video_detail,https://www.douyin.com/video/7622534706826988851,,200,2026-05-10T22:18:13.881150,,34,,network_response_30,exact,high
20260510_210600,2026-05-10T22:18:21.326308,https://www.douyin.com/video/7622545142414593307,video_detail,https://www.douyin.com/video/7622545142414593307,,200,2026-05-10T22:18:21.326308,,27,,,none,low
20260510_210600,2026-05-10T22:18:26.585707,https://www.douyin.com/video/7622550683039976719,video_detail,https://www.douyin.com/video/7622550683039976719,,200,2026-05-10T22:18:26.585707,,29,,network_response_27,exact,high
20260510_210600,2026-05-10T22:18:31.603631,https://www.douyin.com/video/7622551600603153915,video_detail,https://www.douyin.com/video/7622551600603153915,,200,2026-05-10T22:18:31.603631,,27,,,none,low
20260510_210600,2026-05-10T22:18:35.683361,https://www.douyin.com/video/7622554159312637235,video_detail,https://www.douyin.com/video/7622554159312637235,,200,2026-05-10T22:18:35.683361,,98,1,network_response_26,exact,high
20260510_210600,2026-05-10T22:18:54.847185,https://www.douyin.com/video/7622555998305160488,video_detail,https://www.douyin.com/video/7622555998305160488,,200,2026-05-10T22:18:54.847185,,27,,,none,low
20260510_210600,2026-05-10T22:18:59.617540,https://www.douyin.com/video/7622558713592679726,video_detail,https://www.douyin.com/video/7622558713592679726,,200,2026-05-10T22:18:59.617540,,70,1,network_response_30,exact,high
20260510_210600,2026-05-10T22:19:08.087754,https://www.douyin.com/video/7622567666259168521,video_detail,https://www.douyin.com/video/7622567666259168521,,200,2026-05-10T22:19:08.087754,,70,1,network_response_28,exact,high
20260510_210600,2026-05-10T22:19:14.344043,https://www.douyin.com/video/7622570893876923686,video_detail,https://www.douyin.com/video/7622570893876923686,,200,2026-05-10T22:19:14.344043,,25,,,none,low
20260510_210600,2026-05-10T22:19:18.306424,https://www.douyin.com/video/7622573062836181169,video_detail,https://www.douyin.com/video/7622573062836181169,,200,2026-05-10T22:19:18.306424,,25,,,none,low
20260510_210600,2026-05-10T22:19:21.922307,https://www.douyin.com/video/7622575266585889704,video_detail,https://www.douyin.com/video/7622575266585889704,,200,2026-05-10T22:19:21.922307,,40,,network_response_36,exact,high
20260510_210600,2026-05-10T22:19:27.710110,https://www.douyin.com/video/7622578392285596947,video_detail,https://www.douyin.com/video/7622578392285596947,,200,2026-05-10T22:19:27.710110,,74,1,network_response_72,exact,high
20260510_210600,2026-05-10T22:19:36.350730,https://www.douyin.com/video/7622578589329843045,video_detail,https://www.douyin.com/video/7622578589329843045,,200,2026-05-10T22:19:36.350730,,63,1,network_response_32,exact,high
20260510_210600,2026-05-10T22:19:43.214316,https://www.douyin.com/video/7622579556675106234,video_detail,https://www.douyin.com/video/7622579556675106234,,200,2026-05-10T22:19:43.214316,,65,1,network_response_57,exact,high
20260510_210600,2026-05-10T22:19:49.803801,https://www.douyin.com/video/7622579689202604539,video_detail,https://www.douyin.com/video/7622579689202604539,,200,2026-05-10T22:19:49.803801,,69,1,network_response_63,exact,high
20260510_210600,2026-05-10T22:19:56.351991,https://www.douyin.com/video/7622580774797488891,video_detail,https://www.douyin.com/video/7622580774797488891,,200,2026-05-10T22:19:56.351991,,75,1,network_response_61,exact,high
20260510_210600,2026-05-10T22:20:03.277825,https://www.douyin.com/video/7622583498133589267,video_detail,https://www.douyin.com/video/7622583498133589267,,200,2026-05-10T22:20:03.277825,,26,,,none,low
20260510_210600,2026-05-10T22:20:06.509202,https://www.douyin.com/video/7622583531469816034,video_detail,https://www.douyin.com/video/7622583531469816034,,200,2026-05-10T22:20:06.509202,,75,1,network_response_65,exact,high
20260510_210600,2026-05-10T22:20:13.188362,https://www.douyin.com/video/7622583791323843883,video_detail,https://www.douyin.com/video/7622583791323843883,,200,2026-05-10T22:20:13.188362,,24,,,none,low
20260510_210600,2026-05-10T22:20:16.361543,https://www.douyin.com/video/7622584720794624378,video_detail,https://www.douyin.com/video/7622584720794624378,,200,2026-05-10T22:20:16.361543,,69,1,network_response_58,exact,high
20260510_210600,2026-05-10T22:20:23.798049,https://www.douyin.com/video/7622587710456654949,video_detail,https://www.douyin.com/video/7622587710456654949,,200,2026-05-10T22:20:23.798049,,35,,,none,low
20260510_210600,2026-05-10T22:20:29.388689,https://www.douyin.com/video/7622590402616511754,video_detail,https://www.douyin.com/video/7622590402616511754,,200,2026-05-10T22:20:29.388689,,96,1,network_response_74,exact,high
20260510_210600,2026-05-10T22:20:54.048062,https://www.douyin.com/video/7622595708872396218,video_detail,https://www.douyin.com/video/7622595708872396218,,200,2026-05-10T22:20:54.048062,,87,1,network_response_74,exact,high
20260510_210600,2026-05-10T22:21:18.393479,https://www.douyin.com/video/7622596694248574254,video_detail,https://www.douyin.com/video/7622596694248574254,,200,2026-05-10T22:21:18.393479,,94,1,network_response_70,exact,high
20260510_210600,2026-05-10T22:21:44.106245,https://www.douyin.com/video/7622597784109236081,video_detail,https://www.douyin.com/video/7622597784109236081,,200,2026-05-10T22:21:44.106245,,87,1,network_response_73,exact,high
20260510_210600,2026-05-10T22:22:08.831432,https://www.douyin.com/video/7622613417506126459,video_detail,https://www.douyin.com/video/7622613417506126459,,200,2026-05-10T22:22:08.831432,,70,1,network_response_69,exact,high
20260510_210600,2026-05-10T22:22:17.279321,https://www.douyin.com/video/7622616538121653567,video_detail,https://www.douyin.com/video/7622616538121653567,,200,2026-05-10T22:22:17.279321,,11,,,none,low
20260510_210600,2026-05-10T22:22:19.799339,https://www.douyin.com/video/7622618307623461297,video_detail,https://www.douyin.com/video/7622618307623461297,,200,2026-05-10T22:22:19.799339,,76,1,network_response_63,exact,high
20260510_210600,2026-05-10T22:22:27.588587,https://www.douyin.com/video/7622620452040477958,video_detail,https://www.douyin.com/video/7622620452040477958,,200,2026-05-10T22:22:27.588587,,11,,,none,low
20260510_210600,2026-05-10T22:22:31.465011,https://www.douyin.com/video/7622620628264291630,video_detail,https://www.douyin.com/video/7622620628264291630,,200,2026-05-10T22:22:31.465011,,10,,,none,low
20260510_210600,2026-05-10T22:22:35.007715,https://www.douyin.com/video/7622623876945944704,video_detail,https://www.douyin.com/video/7622623876945944704,,200,2026-05-10T22:22:35.007715,,39,,network_response_31,exact,high
20260510_210600,2026-05-10T22:22:41.703257,https://www.douyin.com/video/7622625563152289024,video_detail,https://www.douyin.com/video/7622625563152289024,,200,2026-05-10T22:22:41.703257,,62,1,network_response_13,exact,high
20260510_210600,2026-05-10T22:22:49.289714,https://www.douyin.com/video/7622632044922082938,video_detail,https://www.douyin.com/video/7622632044922082938,,200,2026-05-10T22:22:49.289714,,99,1,network_response_27,exact,high
20260510_210600,2026-05-10T22:23:11.659193,https://www.douyin.com/video/7622634403139686129,video_detail,https://www.douyin.com/video/7622634403139686129,,200,2026-05-10T22:23:11.659193,,67,1,network_response_37,exact,high
20260510_210600,2026-05-10T22:23:19.450912,https://www.douyin.com/video/7622634739275920369,video_detail,https://www.douyin.com/video/7622634739275920369,,200,2026-05-10T22:23:19.450912,,93,1,network_response_33,exact,high
20260510_210600,2026-05-10T22:23:44.886700,https://www.douyin.com/video/7622637234458118885,video_detail,https://www.douyin.com/video/7622637234458118885,,200,2026-05-10T22:23:44.886700,,69,1,network_response_32,exact,high
20260510_210600,2026-05-10T22:23:53.205237,https://www.douyin.com/video/7622648140205657386,video_detail,https://www.douyin.com/video/7622648140205657386,,200,2026-05-10T22:23:53.205237,,89,1,network_response_15,exact,high
20260510_210600,2026-05-10T22:24:17.892439,https://www.douyin.com/video/7622649520203123995,video_detail,https://www.douyin.com/video/7622649520203123995,,200,2026-05-10T22:24:17.892439,,26,,,none,low
20260510_210600,2026-05-10T22:24:22.156323,https://www.douyin.com/video/7622659776643648820,video_detail,https://www.douyin.com/video/7622659776643648820,,200,2026-05-10T22:24:22.156323,,27,,,none,low
20260510_210600,2026-05-10T22:24:24.575993,https://www.douyin.com/video/7622661718807722937,video_detail,https://www.douyin.com/video/7622661718807722937,,200,2026-05-10T22:24:24.575993,,76,1,network_response_66,exact,high
20260510_210600,2026-05-10T22:24:33.761927,https://www.douyin.com/video/7622662297378393353,video_detail,https://www.douyin.com/video/7622662297378393353,,200,2026-05-10T22:24:33.761927,,39,,network_response_33,exact,high
20260510_210600,2026-05-10T22:24:39.989257,https://www.douyin.com/video/7622663834246925594,video_detail,https://www.douyin.com/video/7622663834246925594,,200,2026-05-10T22:24:39.989257,,18,,,none,low
20260510_210600,2026-05-10T22:24:41.999808,https://www.douyin.com/video/7622665927196151059,video_detail,https://www.douyin.com/video/7622665927196151059,,200,2026-05-10T22:24:41.999808,,26,,,none,low
20260510_210600,2026-05-10T22:24:44.620082,https://www.douyin.com/video/7622666526948641646,video_detail,https://www.douyin.com/video/7622666526948641646,,200,2026-05-10T22:24:44.620082,,16,,,none,low
20260510_210600,2026-05-10T22:24:46.730673,https://www.douyin.com/video/7622674612937356763,video_detail,https://www.douyin.com/video/7622674612937356763,,200,2026-05-10T22:24:46.730673,,9,,,none,low
20260510_210600,2026-05-10T22:24:48.785295,https://www.douyin.com/video/7622685049833508111,video_detail,https://www.douyin.com/video/7622685049833508111,,200,2026-05-10T22:24:48.785295,,74,1,network_response_38,exact,high
20260510_210600,2026-05-10T22:24:56.460716,https://www.douyin.com/video/7622687524510567718,video_detail,https://www.douyin.com/video/7622687524510567718,,200,2026-05-10T22:24:56.460716,,12,,,none,low
20260510_210600,2026-05-10T22:24:59.184421,https://www.douyin.com/video/7622690557487254836,video_detail,https://www.douyin.com/video/7622690557487254836,,200,2026-05-10T22:24:59.184421,,12,,,none,low
20260510_210600,2026-05-10T22:25:01.371648,https://www.douyin.com/video/7622691268572859684,video_detail,https://www.douyin.com/video/7622691268572859684,,200,2026-05-10T22:25:01.371648,,10,,,none,low
20260510_210600,2026-05-10T22:25:03.414688,https://www.douyin.com/video/7622699804078145190,video_detail,https://www.douyin.com/video/7622699804078145190,,200,2026-05-10T22:25:03.414688,,72,1,network_response_32,exact,high
20260510_210600,2026-05-10T22:25:11.527090,https://www.douyin.com/video/7622706079432052022,video_detail,https://www.douyin.com/video/7622706079432052022,,200,2026-05-10T22:25:11.527090,,58,,network_response_14,exact,high
20260510_210600,2026-05-10T22:25:18.902198,https://www.douyin.com/video/7622713163305521643,video_detail,https://www.douyin.com/video/7622713163305521643,,200,2026-05-10T22:25:18.902198,,92,1,network_response_32,exact,high
20260510_210600,2026-05-10T22:25:43.420563,https://www.douyin.com/video/7622721459395267840,video_detail,https://www.douyin.com/video/7622721459395267840,,200,2026-05-10T22:25:43.420563,,85,1,network_response_31,exact,high
20260510_210600,2026-05-10T22:26:18.260200,https://www.douyin.com/video/7622722253125389577,video_detail,https://www.douyin.com/video/7622722253125389577,,200,2026-05-10T22:26:18.260200,,93,1,network_response_16,exact,high
20260510_210600,2026-05-10T22:26:43.805723,https://www.douyin.com/video/7622728889076886377,video_detail,https://www.douyin.com/video/7622728889076886377,,200,2026-05-10T22:26:43.805723,,64,1,network_response_31,exact,high
20260510_210600,2026-05-10T22:26:51.232953,https://www.douyin.com/video/7622774859029826816,video_detail,https://www.douyin.com/video/7622774859029826816,,200,2026-05-10T22:26:51.232953,,10,,,none,low
20260510_210600,2026-05-10T22:26:53.505436,https://www.douyin.com/video/7622780496107392275,video_detail,https://www.douyin.com/video/7622780496107392275,,200,2026-05-10T22:26:53.505436,,10,,,none,low
20260510_210600,2026-05-10T22:26:55.772740,https://www.douyin.com/video/7622812119789193387,video_detail,https://www.douyin.com/video/7622812119789193387,,200,2026-05-10T22:26:55.772740,,12,,,none,low
20260510_210600,2026-05-10T22:26:58.024089,https://www.douyin.com/video/7622844321984744731,video_detail,https://www.douyin.com/video/7622844321984744731,,200,2026-05-10T22:26:58.024089,,11,,,none,low
20260510_210600,2026-05-10T22:27:00.176366,https://www.douyin.com/video/7622848289410485558,video_detail,https://www.douyin.com/video/7622848289410485558,,200,2026-05-10T22:27:00.176366,,17,,,none,low
20260510_210600,2026-05-10T22:27:03.881004,https://www.douyin.com/video/7622870369876118706,video_detail,https://www.douyin.com/video/7622870369876118706,,200,2026-05-10T22:27:03.881004,,46,,network_response_34,exact,high
20260510_210600,2026-05-10T22:27:09.920334,https://www.douyin.com/video/7622878145699450164,video_detail,https://www.douyin.com/video/7622878145699450164,,200,2026-05-10T22:27:09.920334,,28,,network_response_22,exact,high
20260510_210600,2026-05-10T22:27:12.937750,https://www.douyin.com/video/7622881684446682442,video_detail,https://www.douyin.com/video/7622881684446682442,,200,2026-05-10T22:27:12.937750,,77,1,network_response_24,exact,high
20260510_210600,2026-05-10T22:27:20.770508,https://www.douyin.com/video/7622881857528450340,video_detail,https://www.douyin.com/video/7622881857528450340,,200,2026-05-10T22:27:20.770508,,91,1,network_response_31,exact,high
20260510_210600,2026-05-10T22:27:46.459862,https://www.douyin.com/video/7622884818036016826,video_detail,https://www.douyin.com/video/7622884818036016826,,200,2026-05-10T22:27:46.459862,,28,,,none,low
20260510_210600,2026-05-10T22:27:50.399716,https://www.douyin.com/video/7622890467889253668,video_detail,https://www.douyin.com/video/7622890467889253668,,200,2026-05-10T22:27:50.399716,,17,,,none,low
20260510_210600,2026-05-10T22:27:52.707314,https://www.douyin.com/video/7622898713129071473,video_detail,https://www.douyin.com/video/7622898713129071473,,200,2026-05-10T22:27:52.707314,,28,,network_response_27,exact,high
20260510_210600,2026-05-10T22:27:55.412075,https://www.douyin.com/video/7622899970648268219,video_detail,https://www.douyin.com/video/7622899970648268219,,200,2026-05-10T22:27:55.412075,,18,,,none,low
20260510_210600,2026-05-10T22:27:57.756042,https://www.douyin.com/video/7622900400275236250,video_detail,https://www.douyin.com/video/7622900400275236250,,200,2026-05-10T22:27:57.756042,,26,,,none,low
20260510_210600,2026-05-10T22:28:00.392991,https://www.douyin.com/video/7622907951224851753,video_detail,https://www.douyin.com/video/7622907951224851753,,200,2026-05-10T22:28:00.392991,,75,1,network_response_31,exact,high
20260510_210600,2026-05-10T22:28:08.729828,https://www.douyin.com/video/7622914881070632201,video_detail,https://www.douyin.com/video/7622914881070632201,,200,2026-05-10T22:28:08.729828,,44,,network_response_34,exact,high
20260510_210600,2026-05-10T22:28:15.332607,https://www.douyin.com/video/7622919512840604969,video_detail,https://www.douyin.com/video/7622919512840604969,,200,2026-05-10T22:28:15.332607,,23,,network_response_22,exact,high
20260510_210600,2026-05-10T22:28:18.444867,https://www.douyin.com/video/7622937493402324260,video_detail,https://www.douyin.com/video/7622937493402324260,,200,2026-05-10T22:28:18.444867,,34,,network_response_30,exact,high
20260510_210600,2026-05-10T22:28:22.256285,https://www.douyin.com/video/7622944736965729791,video_detail,https://www.douyin.com/video/7622944736965729791,,200,2026-05-10T22:28:22.256285,,70,1,network_response_31,exact,high
20260510_210600,2026-05-10T22:28:29.765617,https://www.douyin.com/video/7622945738376351003,video_detail,https://www.douyin.com/video/7622945738376351003,,200,2026-05-10T22:28:29.765617,,13,,,none,low
20260510_210600,2026-05-10T22:28:32.192277,https://www.douyin.com/video/7622953111157591296,video_detail,https://www.douyin.com/video/7622953111157591296,,200,2026-05-10T22:28:32.192277,,14,,,none,low
20260510_210600,2026-05-10T22:28:35.199794,https://www.douyin.com/video/7622955957605125427,video_detail,https://www.douyin.com/video/7622955957605125427,,200,2026-05-10T22:28:35.199794,,71,1,network_response_27,exact,high
20260510_210600,2026-05-10T22:28:42.056411,https://www.douyin.com/video/7622959824136916234,video_detail,https://www.douyin.com/video/7622959824136916234,,200,2026-05-10T22:28:42.056411,,27,,,none,low
20260510_210600,2026-05-10T22:28:44.258513,https://www.douyin.com/video/7622962110028352774,video_detail,https://www.douyin.com/video/7622962110028352774,,200,2026-05-10T22:28:44.258513,,75,1,network_response_26,exact,high
20260510_210600,2026-05-10T22:28:51.153745,https://www.douyin.com/video/7622963991791762609,video_detail,https://www.douyin.com/video/7622963991791762609,,200,2026-05-10T22:28:51.153745,,68,1,network_response_31,exact,high
20260510_210600,2026-05-10T22:28:58.366980,https://www.douyin.com/video/7622964769577831730,video_detail,https://www.douyin.com/video/7622964769577831730,,200,2026-05-10T22:28:58.366980,,36,,network_response_24,exact,high
20260510_210600,2026-05-10T22:29:03.890300,https://www.douyin.com/video/7622966244412624134,video_detail,https://www.douyin.com/video/7622966244412624134,,200,2026-05-10T22:29:03.890300,,94,1,network_response_71,exact,high
20260510_210600,2026-05-10T22:29:28.463892,https://www.douyin.com/video/7622967012692658042,video_detail,https://www.douyin.com/video/7622967012692658042,,200,2026-05-10T22:29:28.463892,,61,1,network_response_36,exact,high
20260510_210600,2026-05-10T22:29:34.958949,https://www.douyin.com/video/7622969174817574159,video_detail,https://www.douyin.com/video/7622969174817574159,,200,2026-05-10T22:29:34.958949,,28,,network_response_27,exact,high
20260510_210600,2026-05-10T22:29:37.899614,https://www.douyin.com/video/7622970865429407409,video_detail,https://www.douyin.com/video/7622970865429407409,,200,2026-05-10T22:29:37.899614,,27,,,none,low
20260510_210600,2026-05-10T22:29:40.240351,https://www.douyin.com/video/7622971250240359674,video_detail,https://www.douyin.com/video/7622971250240359674,,200,2026-05-10T22:29:40.240351,,26,,,none,low
20260510_210600,2026-05-10T22:29:42.498350,https://www.douyin.com/video/7622975249490955563,video_detail,https://www.douyin.com/video/7622975249490955563,,200,2026-05-10T22:29:42.498350,,28,,network_response_26,exact,high
20260510_210600,2026-05-10T22:29:45.141563,https://www.douyin.com/video/7622975414729706803,video_detail,https://www.douyin.com/video/7622975414729706803,,200,2026-05-10T22:29:45.141563,,26,,,none,low
20260510_210600,2026-05-10T22:29:47.432870,https://www.douyin.com/video/7622978831254605090,video_detail,https://www.douyin.com/video/7622978831254605090,,200,2026-05-10T22:29:47.432870,,23,,,none,low
20260510_210600,2026-05-10T22:29:49.781395,https://www.douyin.com/video/7622979140102229267,video_detail,https://www.douyin.com/video/7622979140102229267,,200,2026-05-10T22:29:49.781395,,22,,,none,low
20260510_210600,2026-05-10T22:29:53.659156,https://www.douyin.com/video/7622983468070260022,video_detail,https://www.douyin.com/video/7622983468070260022,,200,2026-05-10T22:29:53.659156,,36,,network_response_16,exact,high
20260510_210600,2026-05-10T22:29:59.276095,https://www.douyin.com/video/7622986186831845093,video_detail,https://www.douyin.com/video/7622986186831845093,,200,2026-05-10T22:29:59.276095,,61,1,network_response_25,exact,high
20260510_210600,2026-05-10T22:30:06.578918,https://www.douyin.com/video/7622988469324778793,video_detail,https://www.douyin.com/video/7622988469324778793,,200,2026-05-10T22:30:06.578918,,60,1,network_response_27,exact,high
20260510_210600,2026-05-10T22:30:13.587273,https://www.douyin.com/video/7622988744345275686,video_detail,https://www.douyin.com/video/7622988744345275686,,200,2026-05-10T22:30:13.587273,,27,,,none,low
20260510_210600,2026-05-10T22:30:17.227466,https://www.douyin.com/video/7622990011264175394,video_detail,https://www.douyin.com/video/7622990011264175394,,200,2026-05-10T22:30:17.227466,,63,1,network_response_26,exact,high
20260510_210600,2026-05-10T22:30:24.716977,https://www.douyin.com/video/7622993525462229937,video_detail,https://www.douyin.com/video/7622993525462229937,,200,2026-05-10T22:30:24.716977,,25,,,none,low
20260510_210600,2026-05-10T22:30:27.688483,https://www.douyin.com/video/7622994344735247650,video_detail,https://www.douyin.com/video/7622994344735247650,,200,2026-05-10T22:30:27.688483,,60,1,network_response_27,exact,high
20260510_210600,2026-05-10T22:30:34.610142,https://www.douyin.com/video/7623000873534328105,video_detail,https://www.douyin.com/video/7623000873534328105,,200,2026-05-10T22:30:34.610142,,27,,,none,low
20260510_210600,2026-05-10T22:30:37.323497,https://www.douyin.com/video/7623002980433825066,video_detail,https://www.douyin.com/video/7623002980433825066,,200,2026-05-10T22:30:37.323497,,71,1,network_response_25,exact,high
20260510_210600,2026-05-10T22:30:45.914133,https://www.douyin.com/video/7623004283026409445,video_detail,https://www.douyin.com/video/7623004283026409445,,200,2026-05-10T22:30:45.914133,,26,,,none,low
20260510_210600,2026-05-10T22:30:49.779019,https://www.douyin.com/video/7623005659000261926,video_detail,https://www.douyin.com/video/7623005659000261926,,200,2026-05-10T22:30:49.779019,,36,,network_response_30,exact,high
20260510_210600,2026-05-10T22:30:55.262847,https://www.douyin.com/video/7623005764974913403,video_detail,https://www.douyin.com/video/7623005764974913403,,200,2026-05-10T22:30:55.262847,,14,,,none,low
20260510_210600,2026-05-10T22:30:57.628393,https://www.douyin.com/video/7623007693233556746,video_detail,https://www.douyin.com/video/7623007693233556746,,200,2026-05-10T22:30:57.628393,,19,,,none,low
20260510_210600,2026-05-10T22:30:59.840059,https://www.douyin.com/video/7623010358499855616,video_detail,https://www.douyin.com/video/7623010358499855616,,200,2026-05-10T22:30:59.840059,,16,,,none,low
20260510_210600,2026-05-10T22:31:02.259411,https://www.douyin.com/video/7623013449794194728,video_detail,https://www.douyin.com/video/7623013449794194728,,200,2026-05-10T22:31:02.259411,,13,,,none,low
20260510_210600,2026-05-10T22:31:04.646767,https://www.douyin.com/video/7623022840803101995,video_detail,https://www.douyin.com/video/7623022840803101995,,200,2026-05-10T22:31:04.646767,,93,1,network_response_51,exact,high
20260510_210600,2026-05-10T22:31:21.394900,https://www.douyin.com/video/7623022954917481738,video_detail,https://www.douyin.com/video/7623022954917481738,,200,2026-05-10T22:31:21.394900,,84,1,network_response_75,exact,high
20260510_210600,2026-05-10T22:31:34.353400,https://www.douyin.com/video/7623028351195811115,video_detail,https://www.douyin.com/video/7623028351195811115,,200,2026-05-10T22:31:34.353400,,17,,,none,low
20260510_210600,2026-05-10T22:31:36.551429,https://www.douyin.com/video/7623030110920264960,video_detail,https://www.douyin.com/video/7623030110920264960,,200,2026-05-10T22:31:36.551429,,74,1,network_response_59,exact,high
20260510_210600,2026-05-10T22:31:43.394201,https://www.douyin.com/video/7623032479091412258,video_detail,https://www.douyin.com/video/7623032479091412258,,200,2026-05-10T22:31:43.394201,,12,,,none,low
20260510_210600,2026-05-10T22:31:46.934002,https://www.douyin.com/video/7623035238968495410,video_detail,https://www.douyin.com/video/7623035238968495410,,200,2026-05-10T22:31:46.934002,,41,,network_response_38,exact,high
20260510_210600,2026-05-10T22:31:53.159654,https://www.douyin.com/video/7623044860399996211,video_detail,https://www.douyin.com/video/7623044860399996211,,200,2026-05-10T22:31:53.159654,,86,1,network_response_76,exact,high
20260510_210600,2026-05-10T22:32:02.716707,https://www.douyin.com/video/7623047730230824202,video_detail,https://www.douyin.com/video/7623047730230824202,,200,2026-05-10T22:32:02.716707,,62,1,network_response_59,exact,high
20260510_210600,2026-05-10T22:32:09.485292,https://www.douyin.com/video/7623049746499800335,video_detail,https://www.douyin.com/video/7623049746499800335,,200,2026-05-10T22:32:09.485292,,25,,network_response_20,exact,high
20260510_210600,2026-05-10T22:32:13.002419,https://www.douyin.com/video/7623050557925739818,video_detail,https://www.douyin.com/video/7623050557925739818,,200,2026-05-10T22:32:13.002419,,19,,,none,low
20260510_210600,2026-05-10T22:32:15.395543,https://www.douyin.com/video/7623051504529722676,video_detail,https://www.douyin.com/video/7623051504529722676,,200,2026-05-10T22:32:15.395543,,24,,,none,low
20260510_210600,2026-05-10T22:32:17.574183,https://www.douyin.com/video/7623059872640881009,video_detail,https://www.douyin.com/video/7623059872640881009,,200,2026-05-10T22:32:17.574183,,27,,,none,low
20260510_210600,2026-05-10T22:32:20.020101,https://www.douyin.com/video/7623061873115009779,video_detail,https://www.douyin.com/video/7623061873115009779,,200,2026-05-10T22:32:20.020101,,20,,,none,low
20260510_210600,2026-05-10T22:32:22.264406,https://www.douyin.com/video/7623064037986749742,video_detail,https://www.douyin.com/video/7623064037986749742,,200,2026-05-10T22:32:22.264406,,87,1,network_response_27,exact,high
20260510_210600,2026-05-10T22:32:37.922571,https://www.douyin.com/video/7623072090224184614,video_detail,https://www.douyin.com/video/7623072090224184614,,200,2026-05-10T22:32:37.922571,,12,,,none,low
20260510_210600,2026-05-10T22:32:42.310994,https://www.douyin.com/video/7623074386690808049,video_detail,https://www.douyin.com/video/7623074386690808049,,200,2026-05-10T22:32:42.310994,,43,,network_response_36,exact,high
20260510_210600,2026-05-10T22:32:48.932460,https://www.douyin.com/video/7623078327720752121,video_detail,https://www.douyin.com/video/7623078327720752121,,200,2026-05-10T22:32:48.932460,,93,1,network_response_33,exact,high
20260510_210600,2026-05-10T22:33:13.458623,https://www.douyin.com/video/7623078787672001798,video_detail,https://www.douyin.com/video/7623078787672001798,,200,2026-05-10T22:33:13.458623,,91,1,network_response_78,exact,high
20260510_210600,2026-05-10T22:33:38.378232,https://www.douyin.com/video/7623079817839267072,video_detail,https://www.douyin.com/video/7623079817839267072,,200,2026-05-10T22:33:38.378232,,68,1,network_response_31,exact,high
20260510_210600,2026-05-10T22:33:46.364023,https://www.douyin.com/video/7623080248011197737,video_detail,https://www.douyin.com/video/7623080248011197737,,200,2026-05-10T22:33:46.364023,,21,,,none,low
20260510_210600,2026-05-10T22:33:48.761475,https://www.douyin.com/video/7623080624967102299,video_detail,https://www.douyin.com/video/7623080624967102299,,200,2026-05-10T22:33:48.761475,,27,,network_response_25,exact,high
20260510_210600,2026-05-10T22:33:51.431975,https://www.douyin.com/video/7623089501182643466,video_detail,https://www.douyin.com/video/7623089501182643466,,200,2026-05-10T22:33:51.431975,,28,,network_response_27,exact,high
20260510_210600,2026-05-10T22:33:54.352829,https://www.douyin.com/video/7623120272614264073,video_detail,https://www.douyin.com/video/7623120272614264073,,200,2026-05-10T22:33:54.352829,,27,,network_response_26,exact,high
20260510_210600,2026-05-10T22:33:56.908897,https://www.douyin.com/video/7623122195094572351,video_detail,https://www.douyin.com/video/7623122195094572351,,200,2026-05-10T22:33:56.908897,,25,,,none,low
20260510_210600,2026-05-10T22:33:59.222067,https://www.douyin.com/video/7623125626584648996,video_detail,https://www.douyin.com/video/7623125626584648996,,200,2026-05-10T22:33:59.222067,,78,1,network_response_28,exact,high
20260510_210600,2026-05-10T22:34:07.803459,https://www.douyin.com/video/7623202221081315237,video_detail,https://www.douyin.com/video/7623202221081315237,,200,2026-05-10T22:34:07.803459,,39,,,none,low
20260510_210600,2026-05-10T22:34:13.985221,https://www.douyin.com/video/7623214128202534153,video_detail,https://www.douyin.com/video/7623214128202534153,,200,2026-05-10T22:34:13.985221,,16,,,none,low
20260510_210600,2026-05-10T22:34:16.409569,https://www.douyin.com/video/7623233097086150382,video_detail,https://www.douyin.com/video/7623233097086150382,,200,2026-05-10T22:34:16.409569,,10,,,none,low
20260510_210600,2026-05-10T22:34:18.627731,https://www.douyin.com/video/7623275780214116837,video_detail,https://www.douyin.com/video/7623275780214116837,,200,2026-05-10T22:34:18.627731,,96,1,network_response_37,exact,high
20260510_210600,2026-05-10T22:34:43.328523,https://www.douyin.com/video/7623281878128745871,video_detail,https://www.douyin.com/video/7623281878128745871,,200,2026-05-10T22:34:43.328523,,68,1,network_response_36,exact,high
20260510_210600,2026-05-10T22:34:51.110121,https://www.douyin.com/video/7623290583636976767,video_detail,https://www.douyin.com/video/7623290583636976767,,200,2026-05-10T22:34:51.110121,,16,,,none,low
20260510_210600,2026-05-10T22:34:53.408448,https://www.douyin.com/video/7623294074769984804,video_detail,https://www.douyin.com/video/7623294074769984804,,200,2026-05-10T22:34:53.408448,,11,,,none,low
20260510_210600,2026-05-10T22:34:55.521951,https://www.douyin.com/video/7623322371394506022,video_detail,https://www.douyin.com/video/7623322371394506022,,200,2026-05-10T22:34:55.521951,,10,,,none,low
20260510_210600,2026-05-10T22:34:58.243292,https://www.douyin.com/video/7623323903372430626,video_detail,https://www.douyin.com/video/7623323903372430626,,200,2026-05-10T22:34:58.243292,,13,,,none,low
20260510_210600,2026-05-10T22:35:00.544254,https://www.douyin.com/video/7623325081426611496,video_detail,https://www.douyin.com/video/7623325081426611496,,200,2026-05-10T22:35:00.544254,,9,,,none,low
20260510_210600,2026-05-10T22:35:03.961546,https://www.douyin.com/video/7623329427439413691,video_detail,https://www.douyin.com/video/7623329427439413691,,200,2026-05-10T22:35:03.961546,,38,,network_response_27,exact,high
20260510_210600,2026-05-10T22:35:10.097147,https://www.douyin.com/video/7623331368780443363,video_detail,https://www.douyin.com/video/7623331368780443363,,200,2026-05-10T22:35:10.097147,,60,1,network_response_27,exact,high
20260510_210600,2026-05-10T22:35:17.029259,https://www.douyin.com/video/7623334267510788849,video_detail,https://www.douyin.com/video/7623334267510788849,,200,2026-05-10T22:35:17.029259,,62,1,network_response_35,exact,high
20260510_210600,2026-05-10T22:35:24.622041,https://www.douyin.com/video/7623334825550561209,video_detail,https://www.douyin.com/video/7623334825550561209,,200,2026-05-10T22:35:24.622041,,69,1,network_response_34,exact,high
20260510_210600,2026-05-10T22:35:34.592474,https://www.douyin.com/video/7623337802704456996,video_detail,https://www.douyin.com/video/7623337802704456996,,200,2026-05-10T22:35:34.592474,,68,1,network_response_32,exact,high
20260510_210600,2026-05-10T22:35:42.251464,https://www.douyin.com/video/7623338709216421739,video_detail,https://www.douyin.com/video/7623338709216421739,,200,2026-05-10T22:35:42.251464,,89,1,network_response_32,exact,high
20260510_210600,2026-05-10T22:36:06.372120,https://www.douyin.com/video/7623340316700059060,video_detail,https://www.douyin.com/video/7623340316700059060,,200,2026-05-10T22:36:06.372120,,68,1,network_response_32,exact,high
20260510_210600,2026-05-10T22:36:13.528682,https://www.douyin.com/video/7623346922237656037,video_detail,https://www.douyin.com/video/7623346922237656037,,200,2026-05-10T22:36:13.528682,,83,1,network_response_33,exact,high
20260510_210600,2026-05-10T22:36:37.621409,https://www.douyin.com/video/7623348079835499822,video_detail,https://www.douyin.com/video/7623348079835499822,,200,2026-05-10T22:36:37.621409,,13,,,none,low
20260510_210600,2026-05-10T22:36:41.431611,https://www.douyin.com/video/7623350023522209066,video_detail,https://www.douyin.com/video/7623350023522209066,,200,2026-05-10T22:36:41.431611,,61,1,network_response_20,exact,high
20260510_210600,2026-05-10T22:36:49.146972,https://www.douyin.com/video/7623350726906875188,video_detail,https://www.douyin.com/video/7623350726906875188,,200,2026-05-10T22:36:49.146972,,46,,network_response_15,exact,high
20260510_210600,2026-05-10T22:36:55.095852,https://www.douyin.com/video/7623351291918367653,video_detail,https://www.douyin.com/video/7623351291918367653,,200,2026-05-10T22:36:55.095852,,30,,network_response_13,exact,high
20260510_210600,2026-05-10T22:36:58.399680,https://www.douyin.com/video/7623355067864714496,video_detail,https://www.douyin.com/video/7623355067864714496,,200,2026-05-10T22:36:58.399680,,74,1,network_response_33,exact,high
20260510_210600,2026-05-10T22:37:05.109511,https://www.douyin.com/video/7623358673632447786,video_detail,https://www.douyin.com/video/7623358673632447786,,200,2026-05-10T22:37:05.109511,,9,,,none,low
20260510_210600,2026-05-10T22:37:08.771511,https://www.douyin.com/video/7623360504816328827,video_detail,https://www.douyin.com/video/7623360504816328827,,200,2026-05-10T22:37:08.771511,,26,,,none,low
20260510_210600,2026-05-10T22:37:12.131068,https://www.douyin.com/video/7623365170294705443,video_detail,https://www.douyin.com/video/7623365170294705443,,200,2026-05-10T22:37:12.131068,,26,,,none,low
20260510_210600,2026-05-10T22:37:14.816258,https://www.douyin.com/video/7623365453481643299,video_detail,https://www.douyin.com/video/7623365453481643299,,200,2026-05-10T22:37:14.816258,,28,,network_response_27,exact,high
20260510_210600,2026-05-10T22:37:18.811325,https://www.douyin.com/video/7623367788492573952,video_detail,https://www.douyin.com/video/7623367788492573952,,200,2026-05-10T22:37:18.811325,,27,,,none,low
20260510_210600,2026-05-10T22:37:22.365126,https://www.douyin.com/video/7623370873528913179,video_detail,https://www.douyin.com/video/7623370873528913179,,200,2026-05-10T22:37:22.365126,,92,1,network_response_38,exact,high
20260510_210600,2026-05-10T22:37:47.964521,https://www.douyin.com/video/7623378880509775145,video_detail,https://www.douyin.com/video/7623378880509775145,,200,2026-05-10T22:37:47.964521,,71,1,network_response_31,exact,high
20260510_210600,2026-05-10T22:37:57.057578,https://www.douyin.com/video/7623380684098309395,video_detail,https://www.douyin.com/video/7623380684098309395,,200,2026-05-10T22:37:57.057578,,40,,network_response_37,exact,high
20260510_210600,2026-05-10T22:38:03.067686,https://www.douyin.com/video/7623381978875710766,video_detail,https://www.douyin.com/video/7623381978875710766,,200,2026-05-10T22:38:03.067686,,71,1,network_response_62,exact,high
20260510_210600,2026-05-10T22:38:09.784679,https://www.douyin.com/video/7623382844382940479,video_detail,https://www.douyin.com/video/7623382844382940479,,200,2026-05-10T22:38:09.784679,,27,,,none,low
20260510_210600,2026-05-10T22:38:13.917542,https://www.douyin.com/video/7623384427070098688,video_detail,https://www.douyin.com/video/7623384427070098688,,200,2026-05-10T22:38:13.917542,,79,1,network_response_65,exact,high
20260510_210600,2026-05-10T22:38:21.791395,https://www.douyin.com/video/7623386083287485739,video_detail,https://www.douyin.com/video/7623386083287485739,,200,2026-05-10T22:38:21.791395,,67,1,network_response_55,exact,high
20260510_210600,2026-05-10T22:38:29.264806,https://www.douyin.com/video/7623386484524138673,video_detail,https://www.douyin.com/video/7623386484524138673,,200,2026-05-10T22:38:29.264806,,10,,,none,low
20260510_210600,2026-05-10T22:38:31.352329,https://www.douyin.com/video/7623387328451301989,video_detail,https://www.douyin.com/video/7623387328451301989,,200,2026-05-10T22:38:31.352329,,12,,,none,low
20260510_210600,2026-05-10T22:38:33.323611,https://www.douyin.com/video/7623388012377820459,video_detail,https://www.douyin.com/video/7623388012377820459,,200,2026-05-10T22:38:33.323611,,72,1,network_response_55,exact,high
20260510_210600,2026-05-10T22:38:39.313856,https://www.douyin.com/video/7623388056880197706,video_detail,https://www.douyin.com/video/7623388056880197706,,200,2026-05-10T22:38:39.313856,,10,,,none,low
20260510_210600,2026-05-10T22:38:41.571689,https://www.douyin.com/video/7623389837378227483,video_detail,https://www.douyin.com/video/7623389837378227483,,200,2026-05-10T22:38:41.571689,,12,,,none,low
20260510_210600,2026-05-10T22:38:44.867352,https://www.douyin.com/video/7623392005984406835,video_detail,https://www.douyin.com/video/7623392005984406835,,200,2026-05-10T22:38:44.867352,,39,,network_response_37,exact,high
20260510_210600,2026-05-10T22:38:50.335419,https://www.douyin.com/video/7623401026875993280,video_detail,https://www.douyin.com/video/7623401026875993280,,200,2026-05-10T22:38:50.335419,,70,1,network_response_56,exact,high
20260510_210600,2026-05-10T22:38:56.714753,https://www.douyin.com/video/7623401644541152563,video_detail,https://www.douyin.com/video/7623401644541152563,,200,2026-05-10T22:38:56.714753,,28,,network_response_27,exact,high
20260510_210600,2026-05-10T22:39:00.777974,https://www.douyin.com/video/7623405428801572147,video_detail,https://www.douyin.com/video/7623405428801572147,,200,2026-05-10T22:39:00.777974,,73,1,network_response_69,exact,high
20260510_210600,2026-05-10T22:39:06.459202,https://www.douyin.com/video/7623409427525160207,video_detail,https://www.douyin.com/video/7623409427525160207,,200,2026-05-10T22:39:06.459202,,27,,,none,low
20260510_210600,2026-05-10T22:39:08.804485,https://www.douyin.com/video/7623410930566581530,video_detail,https://www.douyin.com/video/7623410930566581530,,200,2026-05-10T22:39:08.804485,,11,,,none,low
20260510_210600,2026-05-10T22:39:10.745960,https://www.douyin.com/video/7623411112339344691,video_detail,https://www.douyin.com/video/7623411112339344691,,200,2026-05-10T22:39:10.745960,,13,,,none,low
20260510_210600,2026-05-10T22:39:12.770166,https://www.douyin.com/video/7623421971929353491,video_detail,https://www.douyin.com/video/7623421971929353491,,200,2026-05-10T22:39:12.770166,,11,,,none,low
20260510_210600,2026-05-10T22:39:14.897066,https://www.douyin.com/video/7623428579744845091,video_detail,https://www.douyin.com/video/7623428579744845091,,200,2026-05-10T22:39:14.897066,,70,1,network_response_64,exact,high
20260510_210600,2026-05-10T22:39:20.711547,https://www.douyin.com/video/7623437892316926626,video_detail,https://www.douyin.com/video/7623437892316926626,,200,2026-05-10T22:39:20.711547,,93,1,network_response_75,exact,high
20260510_210600,2026-05-10T22:39:46.431909,https://www.douyin.com/video/7623443229958753721,video_detail,https://www.douyin.com/video/7623443229958753721,,200,2026-05-10T22:39:46.431909,,25,,network_response_14,exact,high
20260510_210600,2026-05-10T22:39:51.306257,https://www.douyin.com/video/7623456199232605483,video_detail,https://www.douyin.com/video/7623456199232605483,,200,2026-05-10T22:39:51.306257,,13,,,none,low
20260510_210600,2026-05-10T22:39:53.530009,https://www.douyin.com/video/7623458173483060515,video_detail,https://www.douyin.com/video/7623458173483060515,,200,2026-05-10T22:39:53.530009,,7,,,none,low
20260510_210600,2026-05-10T22:39:55.363173,https://www.douyin.com/video/7623470620629552430,video_detail,https://www.douyin.com/video/7623470620629552430,,200,2026-05-10T22:39:55.363173,,8,,,none,low
20260510_210600,2026-05-10T22:39:57.240064,https://www.douyin.com/video/7623506358217805066,video_detail,https://www.douyin.com/video/7623506358217805066,,200,2026-05-10T22:39:57.240064,,103,1,network_response_69,exact,high
20260510_210600,2026-05-10T22:40:22.573765,https://www.douyin.com/video/7623571327144937969,video_detail,https://www.douyin.com/video/7623571327144937969,,200,2026-05-10T22:40:22.573765,,32,1,network_response_15,exact,high
20260510_210600,2026-05-10T22:40:28.983574,https://www.douyin.com/video/7623600301638978826,video_detail,https://www.douyin.com/video/7623600301638978826,,200,2026-05-10T22:40:28.983574,,8,,,none,low
20260510_210600,2026-05-10T22:40:31.064244,https://www.douyin.com/video/7623608904668220687,video_detail,https://www.douyin.com/video/7623608904668220687,,200,2026-05-10T22:40:31.064244,,8,,,none,low
20260510_210600,2026-05-10T22:40:33.042356,https://www.douyin.com/video/7623627099533856015,video_detail,https://www.douyin.com/video/7623627099533856015,,200,2026-05-10T22:40:33.042356,,8,,,none,low
20260510_210600,2026-05-10T22:40:35.292031,https://www.douyin.com/video/7623631514919537971,video_detail,https://www.douyin.com/video/7623631514919537971,,200,2026-05-10T22:40:35.292031,,17,,network_response_15,exact,high
20260510_210600,2026-05-10T22:40:38.892343,https://www.douyin.com/video/7623637486698351891,video_detail,https://www.douyin.com/video/7623637486698351891,,200,2026-05-10T22:40:38.892343,,30,,,none,low
20260510_210600,2026-05-10T22:40:43.157567,https://www.douyin.com/video/7623641075144639978,video_detail,https://www.douyin.com/video/7623641075144639978,,200,2026-05-10T22:40:43.157567,,75,1,network_response_74,exact,high
20260510_210600,2026-05-10T22:40:49.366997,https://www.douyin.com/video/7623643485618343195,video_detail,https://www.douyin.com/video/7623643485618343195,,200,2026-05-10T22:40:49.366997,,91,1,network_response_66,exact,high
20260510_210600,2026-05-10T22:41:14.699855,https://www.douyin.com/video/7623658820656532774,video_detail,https://www.douyin.com/video/7623658820656532774,,200,2026-05-10T22:41:14.699855,,83,1,network_response_66,exact,high
20260510_210600,2026-05-10T22:41:27.746345,https://www.douyin.com/video/7623661030359684724,video_detail,https://www.douyin.com/video/7623661030359684724,,200,2026-05-10T22:41:27.746345,,13,,,none,low
20260510_210600,2026-05-10T22:41:31.840603,https://www.douyin.com/video/7623665369437550262,video_detail,https://www.douyin.com/video/7623665369437550262,,200,2026-05-10T22:41:31.840603,,14,,,none,low
20260510_210600,2026-05-10T22:41:33.951368,https://www.douyin.com/video/7623673322462612799,video_detail,https://www.douyin.com/video/7623673322462612799,,200,2026-05-10T22:41:33.951368,,13,,,none,low
20260510_210600,2026-05-10T22:41:36.344227,https://www.douyin.com/video/7623676797108994522,video_detail,https://www.douyin.com/video/7623676797108994522,,200,2026-05-10T22:41:36.344227,,15,,,none,low
20260510_210600,2026-05-10T22:41:38.396624,https://www.douyin.com/video/7623691810036124974,video_detail,https://www.douyin.com/video/7623691810036124974,,200,2026-05-10T22:41:38.396624,,12,,,none,low
20260510_210600,2026-05-10T22:41:40.571629,https://www.douyin.com/video/7623692651874897202,video_detail,https://www.douyin.com/video/7623692651874897202,,200,2026-05-10T22:41:40.571629,,72,1,network_response_60,exact,high
20260510_210600,2026-05-10T22:41:48.206339,https://www.douyin.com/video/7623697403299810587,video_detail,https://www.douyin.com/video/7623697403299810587,,200,2026-05-10T22:41:48.206339,,40,,network_response_32,exact,high
20260510_210600,2026-05-10T22:41:53.565227,https://www.douyin.com/video/7623703795477794090,video_detail,https://www.douyin.com/video/7623703795477794090,,200,2026-05-10T22:41:53.565227,,95,1,network_response_31,exact,high
20260510_210600,2026-05-10T22:42:18.032009,https://www.douyin.com/video/7623705391574060340,video_detail,https://www.douyin.com/video/7623705391574060340,,200,2026-05-10T22:42:18.032009,,22,,,none,low
20260510_210600,2026-05-10T22:42:21.738723,https://www.douyin.com/video/7623712590060915983,video_detail,https://www.douyin.com/video/7623712590060915983,,200,2026-05-10T22:42:21.738723,,10,,,none,low
20260510_210600,2026-05-10T22:42:23.879676,https://www.douyin.com/video/7623714219921378596,video_detail,https://www.douyin.com/video/7623714219921378596,,200,2026-05-10T22:42:23.879676,,13,,,none,low
20260510_210600,2026-05-10T22:42:26.056716,https://www.douyin.com/video/7623714680216819290,video_detail,https://www.douyin.com/video/7623714680216819290,,200,2026-05-10T22:42:26.056716,,12,,,none,low
20260510_210600,2026-05-10T22:42:28.094498,https://www.douyin.com/video/7623720627703222857,video_detail,https://www.douyin.com/video/7623720627703222857,,200,2026-05-10T22:42:28.094498,,73,1,network_response_33,exact,high
20260510_210600,2026-05-10T22:42:34.866285,https://www.douyin.com/video/7623721733958225194,video_detail,https://www.douyin.com/video/7623721733958225194,,200,2026-05-10T22:42:34.866285,,86,1,network_response_33,exact,high
20260510_210600,2026-05-10T22:42:59.441486,https://www.douyin.com/video/7623724402563239208,video_detail,https://www.douyin.com/video/7623724402563239208,,200,2026-05-10T22:42:59.441486,,68,1,network_response_35,exact,high
20260510_210600,2026-05-10T22:43:08.275010,https://www.douyin.com/video/7623728180410453257,video_detail,https://www.douyin.com/video/7623728180410453257,,200,2026-05-10T22:43:08.275010,,47,,network_response_12,exact,high
20260510_210600,2026-05-10T22:43:21.664024,https://www.douyin.com/video/7623728554983690083,video_detail,https://www.douyin.com/video/7623728554983690083,,200,2026-05-10T22:43:21.664024,,41,,network_response_36,exact,high
20260510_210600,2026-05-10T22:43:27.653973,https://www.douyin.com/video/7623729502656599626,video_detail,https://www.douyin.com/video/7623729502656599626,,200,2026-05-10T22:43:27.653973,,36,1,network_response_27,exact,high
20260510_210600,2026-05-10T22:43:39.359099,https://www.douyin.com/video/7623729595392609571,video_detail,https://www.douyin.com/video/7623729595392609571,,200,2026-05-10T22:43:39.359099,,32,,network_response_28,exact,high
20260510_210600,2026-05-10T22:44:03.020575,https://www.douyin.com/video/7623732824624860459,video_detail,https://www.douyin.com/video/7623732824624860459,,200,2026-05-10T22:44:03.020575,,85,1,network_response_27,exact,high
20260510_210600,2026-05-10T22:44:23.184542,https://www.douyin.com/video/7623736284250524954,video_detail,https://www.douyin.com/video/7623736284250524954,,200,2026-05-10T22:44:23.184542,,74,1,network_response_33,exact,high
20260510_210600,2026-05-10T22:44:34.198341,https://www.douyin.com/video/7623743107795897635,video_detail,https://www.douyin.com/video/7623743107795897635,,200,2026-05-10T22:44:34.198341,,68,1,network_response_30,exact,high
20260510_210600,2026-05-10T22:44:41.493955,https://www.douyin.com/video/7623747262769892662,video_detail,https://www.douyin.com/video/7623747262769892662,,200,2026-05-10T22:44:41.493955,,89,1,network_response_24,exact,high
20260510_210600,2026-05-10T22:45:05.844434,https://www.douyin.com/video/7623750830222517691,video_detail,https://www.douyin.com/video/7623750830222517691,,200,2026-05-10T22:45:05.844434,,69,1,network_response_54,exact,high
20260510_210600,2026-05-10T22:45:13.430178,https://www.douyin.com/video/7623750831807958282,video_detail,https://www.douyin.com/video/7623750831807958282,,200,2026-05-10T22:45:13.430178,,27,,network_response_26,exact,high
20260510_210600,2026-05-10T22:45:16.741079,https://www.douyin.com/video/7623757132688674088,video_detail,https://www.douyin.com/video/7623757132688674088,,200,2026-05-10T22:45:16.741079,,70,1,network_response_31,exact,high
20260510_210600,2026-05-10T22:45:25.531074,https://www.douyin.com/video/7623761921204343033,video_detail,https://www.douyin.com/video/7623761921204343033,,200,2026-05-10T22:45:25.531074,,38,,network_response_14,exact,high
20260510_210600,2026-05-10T22:45:31.598047,https://www.douyin.com/video/7623766654208463354,video_detail,https://www.douyin.com/video/7623766654208463354,,200,2026-05-10T22:45:31.598047,,72,1,network_response_32,exact,high
20260510_210600,2026-05-10T22:45:39.099411,https://www.douyin.com/video/7623768343119498542,video_detail,https://www.douyin.com/video/7623768343119498542,,200,2026-05-10T22:45:39.099411,,18,,,none,low
20260510_210600,2026-05-10T22:45:43.023774,https://www.douyin.com/video/7623770655267705009,video_detail,https://www.douyin.com/video/7623770655267705009,,200,2026-05-10T22:45:43.023774,,73,1,network_response_27,exact,high
20260510_210600,2026-05-10T22:45:49.624595,https://www.douyin.com/video/7623776654615219510,video_detail,https://www.douyin.com/video/7623776654615219510,,200,2026-05-10T22:45:49.624595,,58,1,network_response_57,exact,high
20260510_210600,2026-05-10T22:46:02.239772,https://www.douyin.com/video/7623777593648631076,video_detail,https://www.douyin.com/video/7623777593648631076,,200,2026-05-10T22:46:02.239772,,12,,,none,low
20260510_210600,2026-05-10T22:46:04.548734,https://www.douyin.com/video/7623779092277497126,video_detail,https://www.douyin.com/video/7623779092277497126,,200,2026-05-10T22:46:04.548734,,75,1,network_response_24,exact,high
20260510_210600,2026-05-10T22:46:11.800030,https://www.douyin.com/video/7623786616787635462,video_detail,https://www.douyin.com/video/7623786616787635462,,200,2026-05-10T22:46:11.800030,,70,1,network_response_32,exact,high
20260510_210600,2026-05-10T22:46:21.285588,https://www.douyin.com/video/7623805838595643813,video_detail,https://www.douyin.com/video/7623805838595643813,,200,2026-05-10T22:46:21.285588,,63,1,network_response_47,exact,high
20260510_210600,2026-05-10T22:46:28.571943,https://www.douyin.com/video/7623809899298193315,video_detail,https://www.douyin.com/video/7623809899298193315,,200,2026-05-10T22:46:28.571943,,68,1,network_response_37,exact,high
20260510_210600,2026-05-10T22:46:36.847844,https://www.douyin.com/video/7623811400036617514,video_detail,https://www.douyin.com/video/7623811400036617514,,200,2026-05-10T22:46:36.847844,,40,,network_response_34,exact,high
20260510_210600,2026-05-10T22:46:41.914206,https://www.douyin.com/video/7623836508075609350,video_detail,https://www.douyin.com/video/7623836508075609350,,200,2026-05-10T22:46:41.914206,,85,1,network_response_71,exact,high
20260510_210600,2026-05-10T22:46:48.915144,https://www.douyin.com/video/7623836785822420287,video_detail,https://www.douyin.com/video/7623836785822420287,,200,2026-05-10T22:46:48.915144,,100,1,network_response_77,exact,high
20260510_210600,2026-05-10T22:47:15.080623,https://www.douyin.com/video/7623845916423884078,video_detail,https://www.douyin.com/video/7623845916423884078,,200,2026-05-10T22:47:15.080623,,30,,,none,low
20260510_210600,2026-05-10T22:47:36.483216,https://www.douyin.com/video/7623883679219141938,video_detail,https://www.douyin.com/video/7623883679219141938,,200,2026-05-10T22:47:36.483216,,18,,,none,low
20260510_210600,2026-05-10T22:47:39.333529,https://www.douyin.com/video/7623935076602295525,video_detail,https://www.douyin.com/video/7623935076602295525,,200,2026-05-10T22:47:39.333529,,28,,,none,low
20260510_210600,2026-05-10T22:47:41.721889,https://www.douyin.com/video/7623982782078897454,video_detail,https://www.douyin.com/video/7623982782078897454,,200,2026-05-10T22:47:41.721889,,80,1,network_response_69,exact,high
20260510_210600,2026-05-10T22:47:48.442327,https://www.douyin.com/video/7623984684686445860,video_detail,https://www.douyin.com/video/7623984684686445860,,200,2026-05-10T22:47:48.442327,,29,,network_response_28,exact,high
20260510_210600,2026-05-10T22:47:52.070026,https://www.douyin.com/video/7623988961676889370,video_detail,https://www.douyin.com/video/7623988961676889370,,200,2026-05-10T22:47:52.070026,,28,,,none,low
20260510_210600,2026-05-10T22:47:54.399014,https://www.douyin.com/video/7623994328936055396,video_detail,https://www.douyin.com/video/7623994328936055396,,200,2026-05-10T22:47:54.399014,,26,,,none,low
20260510_210600,2026-05-10T22:47:57.885324,https://www.douyin.com/video/7624003101288123654,video_detail,https://www.douyin.com/video/7624003101288123654,,200,2026-05-10T22:47:57.885324,,35,,network_response_16,exact,high
20260510_210600,2026-05-10T22:48:03.816134,https://www.douyin.com/video/7624003226538478863,video_detail,https://www.douyin.com/video/7624003226538478863,,200,2026-05-10T22:48:03.816134,,13,,,none,low
20260510_210600,2026-05-10T22:48:06.138369,https://www.douyin.com/video/7624010725987749155,video_detail,https://www.douyin.com/video/7624010725987749155,,200,2026-05-10T22:48:06.138369,,24,,network_response_15,exact,high
20260510_210600,2026-05-10T22:48:09.068459,https://www.douyin.com/video/7624015826806971078,video_detail,https://www.douyin.com/video/7624015826806971078,,200,2026-05-10T22:48:09.068459,,14,,,none,low
20260510_210600,2026-05-10T22:48:11.424492,https://www.douyin.com/video/7624018474632842523,video_detail,https://www.douyin.com/video/7624018474632842523,,200,2026-05-10T22:48:11.424492,,107,1,network_response_84,exact,high
20260510_210600,2026-05-10T22:48:26.908923,https://www.douyin.com/video/7624021399748791588,video_detail,https://www.douyin.com/video/7624021399748791588,,200,2026-05-10T22:48:26.908923,,73,1,network_response_70,exact,high
20260510_210600,2026-05-10T22:48:35.164081,https://www.douyin.com/video/7624023662961724698,video_detail,https://www.douyin.com/video/7624023662961724698,,200,2026-05-10T22:48:35.164081,,10,,,none,low
20260510_210600,2026-05-10T22:48:37.182768,https://www.douyin.com/video/7624025787248200433,video_detail,https://www.douyin.com/video/7624025787248200433,,200,2026-05-10T22:48:37.182768,,13,,,none,low
20260510_210600,2026-05-10T22:48:39.270072,https://www.douyin.com/video/7624025849452389540,video_detail,https://www.douyin.com/video/7624025849452389540,,200,2026-05-10T22:48:39.270072,,60,1,network_response_59,exact,high
20260510_210600,2026-05-10T22:48:46.350462,https://www.douyin.com/video/7624037387882681081,video_detail,https://www.douyin.com/video/7624037387882681081,,200,2026-05-10T22:48:46.350462,,75,1,network_response_66,exact,high
20260510_210600,2026-05-10T22:48:54.037831,https://www.douyin.com/video/7624058573361890422,video_detail,https://www.douyin.com/video/7624058573361890422,,200,2026-05-10T22:48:54.037831,,45,,network_response_32,exact,high
20260510_210600,2026-05-10T22:49:01.713996,https://www.douyin.com/video/7624063076110716170,video_detail,https://www.douyin.com/video/7624063076110716170,,200,2026-05-10T22:49:01.713996,,26,,,none,low
20260510_210600,2026-05-10T22:49:04.603960,https://www.douyin.com/video/7624068587631824179,video_detail,https://www.douyin.com/video/7624068587631824179,,200,2026-05-10T22:49:04.603960,,76,1,network_response_32,exact,high
20260510_210600,2026-05-10T22:49:12.300434,https://www.douyin.com/video/7624070496316961275,video_detail,https://www.douyin.com/video/7624070496316961275,,200,2026-05-10T22:49:12.300434,,32,,network_response_29,exact,high
20260510_210600,2026-05-10T22:49:25.592363,https://www.douyin.com/video/7624077914983730470,video_detail,https://www.douyin.com/video/7624077914983730470,,200,2026-05-10T22:49:25.592363,,14,,,none,low
20260510_210600,2026-05-10T22:49:27.922407,https://www.douyin.com/video/7624081779805566821,video_detail,https://www.douyin.com/video/7624081779805566821,,200,2026-05-10T22:49:27.922407,,29,,network_response_28,exact,high
20260510_210600,2026-05-10T22:49:30.592306,https://www.douyin.com/video/7624082325374120869,video_detail,https://www.douyin.com/video/7624082325374120869,,200,2026-05-10T22:49:30.592306,,25,,,none,low
20260510_210600,2026-05-10T22:49:32.915490,https://www.douyin.com/video/7624087056314092815,video_detail,https://www.douyin.com/video/7624087056314092815,,200,2026-05-10T22:49:32.915490,,20,,,none,low
20260510_210600,2026-05-10T22:49:35.194826,https://www.douyin.com/video/7624088945306897714,video_detail,https://www.douyin.com/video/7624088945306897714,,200,2026-05-10T22:49:35.194826,,29,,network_response_26,exact,high
20260510_210600,2026-05-10T22:49:38.018349,https://www.douyin.com/video/7624090936943212200,video_detail,https://www.douyin.com/video/7624090936943212200,,200,2026-05-10T22:49:38.018349,,77,1,network_response_34,exact,high
20260510_210600,2026-05-10T22:49:48.763622,https://www.douyin.com/video/7624095540645677307,video_detail,https://www.douyin.com/video/7624095540645677307,,200,2026-05-10T22:49:48.763622,,37,,network_response_35,exact,high
20260510_210600,2026-05-10T22:49:54.035377,https://www.douyin.com/video/7624100477500684718,video_detail,https://www.douyin.com/video/7624100477500684718,,200,2026-05-10T22:49:54.035377,,8,,,none,low
20260510_210600,2026-05-10T22:49:56.066671,https://www.douyin.com/video/7624100643720138010,video_detail,https://www.douyin.com/video/7624100643720138010,,200,2026-05-10T22:49:56.066671,,8,,,none,low
20260510_210600,2026-05-10T22:49:58.138764,https://www.douyin.com/video/7624102927552105782,video_detail,https://www.douyin.com/video/7624102927552105782,,200,2026-05-10T22:49:58.138764,,12,,,none,low
20260510_210600,2026-05-10T22:50:00.578176,https://www.douyin.com/video/7624105905587572002,video_detail,https://www.douyin.com/video/7624105905587572002,,200,2026-05-10T22:50:00.578176,,13,,,none,low
20260510_210600,2026-05-10T22:50:02.933133,https://www.douyin.com/video/7624113308060216933,video_detail,https://www.douyin.com/video/7624113308060216933,,200,2026-05-10T22:50:02.933133,,97,1,network_response_69,exact,high
20260510_210600,2026-05-10T22:50:27.884879,https://www.douyin.com/video/7624117182797047793,video_detail,https://www.douyin.com/video/7624117182797047793,,200,2026-05-10T22:50:27.884879,,9,,,none,low
20260510_210600,2026-05-10T22:50:31.562804,https://www.douyin.com/video/7624121382745410825,video_detail,https://www.douyin.com/video/7624121382745410825,,200,2026-05-10T22:50:31.562804,,12,,,none,low
20260510_210600,2026-05-10T22:50:33.782124,https://www.douyin.com/video/7624121653336886563,video_detail,https://www.douyin.com/video/7624121653336886563,,200,2026-05-10T22:50:33.782124,,83,1,network_response_28,exact,high
20260510_210600,2026-05-10T22:50:48.659899,https://www.douyin.com/video/7624123007522426152,video_detail,https://www.douyin.com/video/7624123007522426152,,200,2026-05-10T22:50:48.659899,,15,,,none,low
20260510_210600,2026-05-10T22:50:53.846315,https://www.douyin.com/video/7624124131022521334,video_detail,https://www.douyin.com/video/7624124131022521334,,200,2026-05-10T22:50:53.846315,,38,,network_response_15,exact,high
20260510_210600,2026-05-10T22:50:59.945280,https://www.douyin.com/video/7624124388409175976,video_detail,https://www.douyin.com/video/7624124388409175976,,200,2026-05-10T22:50:59.945280,,103,1,network_response_76,exact,high
20260510_210600,2026-05-10T22:51:25.372865,https://www.douyin.com/video/7624128233126055168,video_detail,https://www.douyin.com/video/7624128233126055168,,200,2026-05-10T22:51:25.372865,,88,1,network_response_68,exact,high
20260510_210600,2026-05-10T22:51:42.065449,https://www.douyin.com/video/7624131211384457151,video_detail,https://www.douyin.com/video/7624131211384457151,,200,2026-05-10T22:51:42.065449,,28,,network_response_27,exact,high
20260510_210600,2026-05-10T22:51:46.253614,https://www.douyin.com/video/7624132688735194377,video_detail,https://www.douyin.com/video/7624132688735194377,,200,2026-05-10T22:51:46.253614,,27,,network_response_25,exact,high
20260510_210600,2026-05-10T22:51:49.293797,https://www.douyin.com/video/7624135812602416410,video_detail,https://www.douyin.com/video/7624135812602416410,,200,2026-05-10T22:51:49.293797,,11,,,none,low
20260510_210600,2026-05-10T22:51:51.538076,https://www.douyin.com/video/7624136949028318585,video_detail,https://www.douyin.com/video/7624136949028318585,,200,2026-05-10T22:51:51.538076,,25,,,none,low
20260510_210600,2026-05-10T22:51:53.871831,https://www.douyin.com/video/7624140264547349681,video_detail,https://www.douyin.com/video/7624140264547349681,,200,2026-05-10T22:51:53.871831,,74,1,network_response_67,exact,high
20260510_210600,2026-05-10T22:52:01.134330,https://www.douyin.com/video/7624142583161581553,video_detail,https://www.douyin.com/video/7624142583161581553,,200,2026-05-10T22:52:01.134330,,67,1,network_response_54,exact,high
20260510_210600,2026-05-10T22:52:12.153826,https://www.douyin.com/video/7624143967529061686,video_detail,https://www.douyin.com/video/7624143967529061686,,200,2026-05-10T22:52:12.153826,,66,1,,none,low
20260510_210600,2026-05-10T22:52:21.600726,https://www.douyin.com/video/7624148973128813859,video_detail,https://www.douyin.com/video/7624148973128813859,,200,2026-05-10T22:52:21.600726,,37,,network_response_29,exact,high
20260510_210600,2026-05-10T22:52:28.060441,https://www.douyin.com/video/7624152934980324659,video_detail,https://www.douyin.com/video/7624152934980324659,,200,2026-05-10T22:52:28.060441,,21,,,none,low
20260510_210600,2026-05-10T22:52:30.325632,https://www.douyin.com/video/7624159359882235136,video_detail,https://www.douyin.com/video/7624159359882235136,,200,2026-05-10T22:52:30.325632,,75,1,network_response_72,exact,high
20260510_210600,2026-05-10T22:52:37.841901,https://www.douyin.com/video/7624161303578339747,video_detail,https://www.douyin.com/video/7624161303578339747,,200,2026-05-10T22:52:37.841901,,69,1,network_response_67,exact,high
20260510_210600,2026-05-10T22:52:46.429829,https://www.douyin.com/video/7624161728099536180,video_detail,https://www.douyin.com/video/7624161728099536180,,200,2026-05-10T22:52:46.429829,,13,,,none,low
20260510_210600,2026-05-10T22:52:50.278204,https://www.douyin.com/video/7624162688171591674,video_detail,https://www.douyin.com/video/7624162688171591674,,200,2026-05-10T22:52:50.278204,,61,1,network_response_26,exact,high
20260510_210600,2026-05-10T22:52:57.317783,https://www.douyin.com/video/7624187564118838538,video_detail,https://www.douyin.com/video/7624187564118838538,,200,2026-05-10T22:52:57.317783,,70,1,network_response_58,exact,high
20260510_210600,2026-05-10T22:53:04.506303,https://www.douyin.com/video/7624189608770719011,video_detail,https://www.douyin.com/video/7624189608770719011,,200,2026-05-10T22:53:04.506303,,62,1,network_response_59,exact,high
20260510_210600,2026-05-10T22:53:12.142566,https://www.douyin.com/video/7624194863323548962,video_detail,https://www.douyin.com/video/7624194863323548962,,200,2026-05-10T22:53:12.142566,,74,1,network_response_56,exact,high
20260510_210600,2026-05-10T22:53:19.814858,https://www.douyin.com/video/7624196557377752370,video_detail,https://www.douyin.com/video/7624196557377752370,,200,2026-05-10T22:53:19.814858,,25,,,none,low
20260510_210600,2026-05-10T22:53:24.676013,https://www.douyin.com/video/7624197916424457481,video_detail,https://www.douyin.com/video/7624197916424457481,,200,2026-05-10T22:53:24.676013,,34,,network_response_31,exact,high
20260510_210600,2026-05-10T22:53:30.185487,https://www.douyin.com/video/7624205243957529906,video_detail,https://www.douyin.com/video/7624205243957529906,,200,2026-05-10T22:53:30.185487,,28,,network_response_24,exact,high
20260510_210600,2026-05-10T22:53:33.478509,https://www.douyin.com/video/7624209240967141499,video_detail,https://www.douyin.com/video/7624209240967141499,,200,2026-05-10T22:53:33.478509,,28,,network_response_27,exact,high
20260510_210600,2026-05-10T22:53:37.445492,https://www.douyin.com/video/7624227026027152315,video_detail,https://www.douyin.com/video/7624227026027152315,,200,2026-05-10T22:53:37.445492,,26,,,none,low
20260510_210600,2026-05-10T22:53:39.712423,https://www.douyin.com/video/7624339345788456226,video_detail,https://www.douyin.com/video/7624339345788456226,,200,2026-05-10T22:53:39.712423,,25,,,none,low
20260510_210600,2026-05-10T22:53:43.082892,https://www.douyin.com/video/7624340938341117435,video_detail,https://www.douyin.com/video/7624340938341117435,,200,2026-05-10T22:53:43.082892,,27,,,none,low
20260510_210600,2026-05-10T22:53:45.299975,https://www.douyin.com/video/7624355958159854858,video_detail,https://www.douyin.com/video/7624355958159854858,,200,2026-05-10T22:53:45.299975,,76,1,network_response_72,exact,high
20260510_210600,2026-05-10T22:53:54.605347,https://www.douyin.com/video/7624356899575680266,video_detail,https://www.douyin.com/video/7624356899575680266,,200,2026-05-10T22:53:54.605347,,96,1,network_response_69,exact,high
20260510_210600,2026-05-10T22:54:19.096531,https://www.douyin.com/video/7624358196941098267,video_detail,https://www.douyin.com/video/7624358196941098267,,200,2026-05-10T22:54:19.096531,,39,1,network_response_28,exact,high
20260510_210600,2026-05-10T22:54:26.767457,https://www.douyin.com/video/7624364659819606385,video_detail,https://www.douyin.com/video/7624364659819606385,,200,2026-05-10T22:54:26.767457,,68,1,network_response_27,exact,high
20260510_210600,2026-05-10T22:54:35.403395,https://www.douyin.com/video/7624364669393833243,video_detail,https://www.douyin.com/video/7624364669393833243,,200,2026-05-10T22:54:35.403395,,48,,,none,low
20260510_210600,2026-05-10T22:54:41.371713,https://www.douyin.com/video/7624386891915234566,video_detail,https://www.douyin.com/video/7624386891915234566,,200,2026-05-10T22:54:41.371713,,75,1,network_response_32,exact,high
20260510_210600,2026-05-10T22:54:48.839785,https://www.douyin.com/video/7624389377477627081,video_detail,https://www.douyin.com/video/7624389377477627081,,200,2026-05-10T22:54:48.839785,,11,,,none,low
20260510_210600,2026-05-10T22:54:51.452317,https://www.douyin.com/video/7624395868452556026,video_detail,https://www.douyin.com/video/7624395868452556026,,200,2026-05-10T22:54:51.452317,,11,,,none,low
20260510_210600,2026-05-10T22:54:53.571102,https://www.douyin.com/video/7624399599289093376,video_detail,https://www.douyin.com/video/7624399599289093376,,200,2026-05-10T22:54:53.571102,,10,,,none,low
20260510_210600,2026-05-10T22:54:55.602706,https://www.douyin.com/video/7624409061613653275,video_detail,https://www.douyin.com/video/7624409061613653275,,200,2026-05-10T22:54:55.602706,,13,,,none,low
20260510_210600,2026-05-10T22:54:57.715857,https://www.douyin.com/video/7624416183638297902,video_detail,https://www.douyin.com/video/7624416183638297902,,200,2026-05-10T22:54:57.715857,,16,,,none,low
20260510_210600,2026-05-10T22:55:00.117147,https://www.douyin.com/video/7624418294870641507,video_detail,https://www.douyin.com/video/7624418294870641507,,200,2026-05-10T22:55:00.117147,,10,,,none,low
20260510_210600,2026-05-10T22:55:02.220940,https://www.douyin.com/video/7624424047899594034,video_detail,https://www.douyin.com/video/7624424047899594034,,200,2026-05-10T22:55:02.220940,,9,,,none,low
20260510_210600,2026-05-10T22:55:04.183161,https://www.douyin.com/video/7624435704877042996,video_detail,https://www.douyin.com/video/7624435704877042996,,200,2026-05-10T22:55:04.183161,,11,,,none,low
20260510_210600,2026-05-10T22:55:07.357087,https://www.douyin.com/video/7624441892599500066,video_detail,https://www.douyin.com/video/7624441892599500066,,200,2026-05-10T22:55:07.357087,,39,,network_response_35,exact,high
20260510_210600,2026-05-10T22:55:12.726075,https://www.douyin.com/video/7624443766362885418,video_detail,https://www.douyin.com/video/7624443766362885418,,200,2026-05-10T22:55:12.726075,,22,,network_response_11,exact,high
20260510_210600,2026-05-10T22:55:15.651173,https://www.douyin.com/video/7624445471055388870,video_detail,https://www.douyin.com/video/7624445471055388870,,200,2026-05-10T22:55:15.651173,,11,,,none,low
20260510_210600,2026-05-10T22:55:17.774976,https://www.douyin.com/video/7624446184601537827,video_detail,https://www.douyin.com/video/7624446184601537827,,200,2026-05-10T22:55:17.774976,,9,,,none,low
20260510_210600,2026-05-10T22:55:19.694502,https://www.douyin.com/video/7624451717215571234,video_detail,https://www.douyin.com/video/7624451717215571234,,200,2026-05-10T22:55:19.694502,,11,,,none,low
20260510_210600,2026-05-10T22:55:21.689627,https://www.douyin.com/video/7624453341897395365,video_detail,https://www.douyin.com/video/7624453341897395365,,200,2026-05-10T22:55:21.689627,,10,,,none,low
20260510_210600,2026-05-10T22:55:23.774315,https://www.douyin.com/video/7624453970634837284,video_detail,https://www.douyin.com/video/7624453970634837284,,200,2026-05-10T22:55:23.774315,,13,,,none,low
20260510_210600,2026-05-10T22:55:25.891430,https://www.douyin.com/video/7624455448464264486,video_detail,https://www.douyin.com/video/7624455448464264486,,200,2026-05-10T22:55:25.891430,,75,1,network_response_60,exact,high
20260510_210600,2026-05-10T22:55:33.762199,https://www.douyin.com/video/7624455939315305743,video_detail,https://www.douyin.com/video/7624455939315305743,,200,2026-05-10T22:55:33.762199,,13,,,none,low
20260510_210600,2026-05-10T22:55:37.468536,https://www.douyin.com/video/7624456103828475163,video_detail,https://www.douyin.com/video/7624456103828475163,,200,2026-05-10T22:55:37.468536,,13,,,none,low
20260510_210600,2026-05-10T22:55:41.906743,https://www.douyin.com/video/7624457053772019067,video_detail,https://www.douyin.com/video/7624457053772019067,,200,2026-05-10T22:55:41.906743,,52,,,none,low
20260510_210600,2026-05-10T22:55:48.469652,https://www.douyin.com/video/7624459060779897471,video_detail,https://www.douyin.com/video/7624459060779897471,,200,2026-05-10T22:55:48.469652,,27,,,none,low
20260510_210600,2026-05-10T22:55:50.707925,https://www.douyin.com/video/7624459788869092826,video_detail,https://www.douyin.com/video/7624459788869092826,,200,2026-05-10T22:55:50.707925,,68,1,network_response_31,exact,high
20260510_210600,2026-05-10T22:55:59.879125,https://www.douyin.com/video/7624461281495508200,video_detail,https://www.douyin.com/video/7624461281495508200,,200,2026-05-10T22:55:59.879125,,28,,network_response_26,exact,high
20260510_210600,2026-05-10T22:56:04.094153,https://www.douyin.com/video/7624462450938727731,video_detail,https://www.douyin.com/video/7624462450938727731,,200,2026-05-10T22:56:04.094153,,73,1,network_response_52,exact,high
20260510_210600,2026-05-10T22:56:10.632661,https://www.douyin.com/video/7624463926386615717,video_detail,https://www.douyin.com/video/7624463926386615717,,200,2026-05-10T22:56:10.632661,,27,,,none,low
20260510_210600,2026-05-10T22:56:14.252601,https://www.douyin.com/video/7624463936108170538,video_detail,https://www.douyin.com/video/7624463936108170538,,200,2026-05-10T22:56:14.252601,,70,1,network_response_67,exact,high
20260510_210600,2026-05-10T22:56:19.708051,https://www.douyin.com/video/7624466806186803449,video_detail,https://www.douyin.com/video/7624466806186803449,,200,2026-05-10T22:56:19.708051,,68,1,network_response_57,exact,high
20260510_210600,2026-05-10T22:56:25.755362,https://www.douyin.com/video/7624466873123441935,video_detail,https://www.douyin.com/video/7624466873123441935,,200,2026-05-10T22:56:25.755362,,26,,,none,low
20260510_210600,2026-05-10T22:56:27.971378,https://www.douyin.com/video/7624467252527598854,video_detail,https://www.douyin.com/video/7624467252527598854,,200,2026-05-10T22:56:27.971378,,69,1,network_response_52,exact,high
20260510_210600,2026-05-10T22:56:35.608492,https://www.douyin.com/video/7624468073239694644,video_detail,https://www.douyin.com/video/7624468073239694644,,200,2026-05-10T22:56:35.608492,,42,,network_response_22,exact,high
20260510_210600,2026-05-10T22:56:41.401654,https://www.douyin.com/video/7624468161412418866,video_detail,https://www.douyin.com/video/7624468161412418866,,200,2026-05-10T22:56:41.401654,,81,1,network_response_24,exact,high
20260510_210600,2026-05-10T22:56:48.478240,https://www.douyin.com/video/7624469228581686569,video_detail,https://www.douyin.com/video/7624469228581686569,,200,2026-05-10T22:56:48.478240,,89,1,network_response_31,exact,high
20260510_210600,2026-05-10T22:57:10.964599,https://www.douyin.com/video/7624469381476666650,video_detail,https://www.douyin.com/video/7624469381476666650,,200,2026-05-10T22:57:10.964599,,64,1,network_response_32,exact,high
20260510_210600,2026-05-10T22:57:18.579131,https://www.douyin.com/video/7624469783047687474,video_detail,https://www.douyin.com/video/7624469783047687474,,200,2026-05-10T22:57:18.579131,,68,1,network_response_36,exact,high
20260510_210600,2026-05-10T22:57:24.950631,https://www.douyin.com/video/7624470335487823142,video_detail,https://www.douyin.com/video/7624470335487823142,,200,2026-05-10T22:57:24.950631,,69,1,network_response_32,exact,high
20260510_210600,2026-05-10T22:57:30.908474,https://www.douyin.com/video/7624471025249570100,video_detail,https://www.douyin.com/video/7624471025249570100,,200,2026-05-10T22:57:30.908474,,29,,network_response_28,exact,high
20260510_210600,2026-05-10T22:57:52.655302,https://www.douyin.com/video/7624471382264892786,video_detail,https://www.douyin.com/video/7624471382264892786,,200,2026-05-10T22:57:52.655302,,12,,,none,low
20260510_210600,2026-05-10T22:57:54.935148,https://www.douyin.com/video/7624472296551468298,video_detail,https://www.douyin.com/video/7624472296551468298,,200,2026-05-10T22:57:54.935148,,8,,,none,low
20260510_210600,2026-05-10T22:57:56.871779,https://www.douyin.com/video/7624479839415700778,video_detail,https://www.douyin.com/video/7624479839415700778,,200,2026-05-10T22:57:56.871779,,8,,,none,low
20260510_210600,2026-05-10T22:58:00.281793,https://www.douyin.com/video/7624480869139621514,video_detail,https://www.douyin.com/video/7624480869139621514,,200,2026-05-10T22:58:00.281793,,49,,network_response_29,exact,high
20260510_210600,2026-05-10T22:58:06.456168,https://www.douyin.com/video/7624481846914452771,video_detail,https://www.douyin.com/video/7624481846914452771,,200,2026-05-10T22:58:06.456168,,29,,network_response_13,exact,high
20260510_210600,2026-05-10T22:58:09.458421,https://www.douyin.com/video/7624483034720532645,video_detail,https://www.douyin.com/video/7624483034720532645,,200,2026-05-10T22:58:09.458421,,73,1,network_response_30,exact,high
20260510_210600,2026-05-10T22:58:16.685076,https://www.douyin.com/video/7624485456725462307,video_detail,https://www.douyin.com/video/7624485456725462307,,200,2026-05-10T22:58:16.685076,,27,,,none,low
20260510_210600,2026-05-10T22:58:20.935804,https://www.douyin.com/video/7624485854974577983,video_detail,https://www.douyin.com/video/7624485854974577983,,200,2026-05-10T22:58:20.935804,,27,,,none,low
20260510_210600,2026-05-10T22:58:24.464158,https://www.douyin.com/video/7624488840543625065,video_detail,https://www.douyin.com/video/7624488840543625065,,200,2026-05-10T22:58:24.464158,,88,1,network_response_35,exact,high
20260510_210600,2026-05-10T22:58:39.262261,https://www.douyin.com/video/7624489014766210350,video_detail,https://www.douyin.com/video/7624489014766210350,,200,2026-05-10T22:58:39.262261,,65,1,network_response_38,exact,high
20260510_210600,2026-05-10T22:58:46.470332,https://www.douyin.com/video/7624490266879102249,video_detail,https://www.douyin.com/video/7624490266879102249,,200,2026-05-10T22:58:46.470332,,28,,network_response_26,exact,high
20260510_210600,2026-05-10T22:58:49.839086,https://www.douyin.com/video/7624496248263787171,video_detail,https://www.douyin.com/video/7624496248263787171,,200,2026-05-10T22:58:49.839086,,77,1,network_response_28,exact,high
20260510_210600,2026-05-10T22:58:57.064215,https://www.douyin.com/video/7624497068598802597,video_detail,https://www.douyin.com/video/7624497068598802597,,200,2026-05-10T22:58:57.064215,,91,1,network_response_27,exact,high
20260510_210600,2026-05-10T22:59:22.812865,https://www.douyin.com/video/7624499017837186313,video_detail,https://www.douyin.com/video/7624499017837186313,,200,2026-05-10T22:59:22.812865,,32,,network_response_30,exact,high
20260510_210600,2026-05-10T22:59:27.647184,https://www.douyin.com/video/7624501464626400562,video_detail,https://www.douyin.com/video/7624501464626400562,,200,2026-05-10T22:59:27.647184,,26,,,none,low
20260510_210600,2026-05-10T22:59:29.923635,https://www.douyin.com/video/7624503645828156710,video_detail,https://www.douyin.com/video/7624503645828156710,,200,2026-05-10T22:59:29.923635,,25,,,none,low
20260510_210600,2026-05-10T22:59:32.058557,https://www.douyin.com/video/7624504003715767462,video_detail,https://www.douyin.com/video/7624504003715767462,,200,2026-05-10T22:59:32.058557,,73,1,network_response_31,exact,high
20260510_210600,2026-05-10T22:59:39.067922,https://www.douyin.com/video/7624505508833021247,video_detail,https://www.douyin.com/video/7624505508833021247,,200,2026-05-10T22:59:39.067922,,71,1,network_response_37,exact,high
20260510_210600,2026-05-10T22:59:47.251574,https://www.douyin.com/video/7624509071395147051,video_detail,https://www.douyin.com/video/7624509071395147051,,200,2026-05-10T22:59:47.251574,,27,,network_response_26,exact,high
20260510_210600,2026-05-10T22:59:49.984491,https://www.douyin.com/video/7624509427462508136,video_detail,https://www.douyin.com/video/7624509427462508136,,200,2026-05-10T22:59:49.984491,,26,,network_response_25,exact,high
20260510_210600,2026-05-10T22:59:52.808602,https://www.douyin.com/video/7624512738023508145,video_detail,https://www.douyin.com/video/7624512738023508145,,200,2026-05-10T22:59:52.808602,,19,,,none,low
20260510_210600,2026-05-10T22:59:54.964823,https://www.douyin.com/video/7624516755305647400,video_detail,https://www.douyin.com/video/7624516755305647400,,200,2026-05-10T22:59:54.964823,,25,,,none,low
20260510_210600,2026-05-10T22:59:57.134885,https://www.douyin.com/video/7624523714578713866,video_detail,https://www.douyin.com/video/7624523714578713866,,200,2026-05-10T22:59:57.134885,,24,,,none,low
20260510_210600,2026-05-10T23:00:00.639415,https://www.douyin.com/video/7624528706430928741,video_detail,https://www.douyin.com/video/7624528706430928741,,200,2026-05-10T23:00:00.639415,,42,,network_response_33,exact,high
20260510_210600,2026-05-10T23:00:06.835834,https://www.douyin.com/video/7624532120194551083,video_detail,https://www.douyin.com/video/7624532120194551083,,200,2026-05-10T23:00:06.835834,,35,,network_response_11,exact,high
20260510_210600,2026-05-10T23:00:11.050926,https://www.douyin.com/video/7624541370220416262,video_detail,https://www.douyin.com/video/7624541370220416262,,200,2026-05-10T23:00:11.050926,,71,1,network_response_66,exact,high
20260510_210600,2026-05-10T23:00:18.533072,https://www.douyin.com/video/7624547621658496266,video_detail,https://www.douyin.com/video/7624547621658496266,,200,2026-05-10T23:00:18.533072,,72,1,network_response_62,exact,high
20260510_210600,2026-05-10T23:00:24.533276,https://www.douyin.com/video/7624561338559335721,video_detail,https://www.douyin.com/video/7624561338559335721,,200,2026-05-10T23:00:24.533276,,13,,,none,low
20260510_210600,2026-05-10T23:00:26.766502,https://www.douyin.com/video/7624635952018754879,video_detail,https://www.douyin.com/video/7624635952018754879,,200,2026-05-10T23:00:26.766502,,76,1,network_response_22,exact,high
20260510_210600,2026-05-10T23:00:33.270386,https://www.douyin.com/video/7624677377008111979,video_detail,https://www.douyin.com/video/7624677377008111979,,200,2026-05-10T23:00:33.270386,,19,,,none,low
20260510_210600,2026-05-10T23:00:35.893128,https://www.douyin.com/video/7624687548623394484,video_detail,https://www.douyin.com/video/7624687548623394484,,200,2026-05-10T23:00:35.893128,,12,,,none,low
20260510_210600,2026-05-10T23:00:38.066841,https://www.douyin.com/video/7624708285682379514,video_detail,https://www.douyin.com/video/7624708285682379514,,200,2026-05-10T23:00:38.066841,,13,,,none,low
20260510_210600,2026-05-10T23:00:40.094737,https://www.douyin.com/video/7624711104995839247,video_detail,https://www.douyin.com/video/7624711104995839247,,200,2026-05-10T23:00:40.094737,,14,,,none,low
20260510_210600,2026-05-10T23:00:43.341480,https://www.douyin.com/video/7624714534783094050,video_detail,https://www.douyin.com/video/7624714534783094050,,200,2026-05-10T23:00:43.341480,,36,,network_response_31,exact,high
20260510_210600,2026-05-10T23:00:48.737327,https://www.douyin.com/video/7624716350375660836,video_detail,https://www.douyin.com/video/7624716350375660836,,200,2026-05-10T23:00:48.737327,,12,,,none,low
20260510_210600,2026-05-10T23:00:50.842615,https://www.douyin.com/video/7624717964339832244,video_detail,https://www.douyin.com/video/7624717964339832244,,200,2026-05-10T23:00:50.842615,,14,,,none,low
20260510_210600,2026-05-10T23:00:52.999837,https://www.douyin.com/video/7624718650057985318,video_detail,https://www.douyin.com/video/7624718650057985318,,200,2026-05-10T23:00:52.999837,,16,,network_response_14,exact,high
20260510_210600,2026-05-10T23:00:55.683041,https://www.douyin.com/video/7624732334142590244,video_detail,https://www.douyin.com/video/7624732334142590244,,200,2026-05-10T23:00:55.683041,,12,,,none,low
20260510_210600,2026-05-10T23:00:57.813756,https://www.douyin.com/video/7624738597719846578,video_detail,https://www.douyin.com/video/7624738597719846578,,200,2026-05-10T23:00:57.813756,,12,,,none,low
20260510_210600,2026-05-10T23:00:59.772443,https://www.douyin.com/video/7624745619269225762,video_detail,https://www.douyin.com/video/7624745619269225762,,200,2026-05-10T23:00:59.772443,,11,,,none,low
20260510_210600,2026-05-10T23:01:02.069317,https://www.douyin.com/video/7624746587910089322,video_detail,https://www.douyin.com/video/7624746587910089322,,200,2026-05-10T23:01:02.069317,,13,,,none,low
20260510_210600,2026-05-10T23:01:04.268663,https://www.douyin.com/video/7624752729331666202,video_detail,https://www.douyin.com/video/7624752729331666202,,200,2026-05-10T23:01:04.268663,,27,,network_response_22,exact,high
20260510_210600,2026-05-10T23:01:07.086133,https://www.douyin.com/video/7624754513706044712,video_detail,https://www.douyin.com/video/7624754513706044712,,200,2026-05-10T23:01:07.086133,,72,1,network_response_70,exact,high
20260510_210600,2026-05-10T23:01:16.271118,https://www.douyin.com/video/7624756960725863720,video_detail,https://www.douyin.com/video/7624756960725863720,,200,2026-05-10T23:01:16.271118,,40,,,none,low
20260510_210600,2026-05-10T23:01:21.605099,https://www.douyin.com/video/7624774505621228815,video_detail,https://www.douyin.com/video/7624774505621228815,,200,2026-05-10T23:01:21.605099,,15,,,none,low
20260510_210600,2026-05-10T23:01:23.922307,https://www.douyin.com/video/7624777746383719732,video_detail,https://www.douyin.com/video/7624777746383719732,,200,2026-05-10T23:01:23.922307,,78,1,network_response_32,exact,high
20260510_210600,2026-05-10T23:01:31.448990,https://www.douyin.com/video/7624778807739796770,video_detail,https://www.douyin.com/video/7624778807739796770,,200,2026-05-10T23:01:31.448990,,70,1,network_response_40,exact,high
20260510_210600,2026-05-10T23:01:39.017545,https://www.douyin.com/video/7624790400242355482,video_detail,https://www.douyin.com/video/7624790400242355482,,200,2026-05-10T23:01:39.017545,,11,,,none,low
20260510_210600,2026-05-10T23:01:41.146185,https://www.douyin.com/video/7624790477553264357,video_detail,https://www.douyin.com/video/7624790477553264357,,200,2026-05-10T23:01:41.146185,,27,,,none,low
20260510_210600,2026-05-10T23:01:43.214053,https://www.douyin.com/video/7624793973290290486,video_detail,https://www.douyin.com/video/7624793973290290486,,200,2026-05-10T23:01:43.214053,,70,1,network_response_55,exact,high
20260510_210600,2026-05-10T23:01:49.453283,https://www.douyin.com/video/7624795200761695503,video_detail,https://www.douyin.com/video/7624795200761695503,,200,2026-05-10T23:01:49.453283,,51,1,network_response_31,exact,high
20260510_210600,2026-05-10T23:01:52.831121,https://www.douyin.com/video/7624796510101753126,video_detail,https://www.douyin.com/video/7624796510101753126,,200,2026-05-10T23:01:52.831121,,86,1,network_response_39,exact,high
20260510_210600,2026-05-10T23:02:17.336255,https://www.douyin.com/video/7624803865208098094,video_detail,https://www.douyin.com/video/7624803865208098094,,200,2026-05-10T23:02:17.336255,,84,1,network_response_33,exact,high
20260510_210600,2026-05-10T23:02:42.823206,https://www.douyin.com/video/7624804917831617818,video_detail,https://www.douyin.com/video/7624804917831617818,,200,2026-05-10T23:02:42.823206,,32,,network_response_29,exact,high
20260510_210600,2026-05-10T23:02:46.981821,https://www.douyin.com/video/7624807128405970222,video_detail,https://www.douyin.com/video/7624807128405970222,,200,2026-05-10T23:02:46.981821,,107,1,network_response_78,exact,high
20260510_210600,2026-05-10T23:03:11.178846,https://www.douyin.com/video/7624808486358043967,video_detail,https://www.douyin.com/video/7624808486358043967,,200,2026-05-10T23:03:11.178846,,70,1,network_response_51,exact,high
20260510_210600,2026-05-10T23:03:20.414837,https://www.douyin.com/video/7624809182490840346,video_detail,https://www.douyin.com/video/7624809182490840346,,200,2026-05-10T23:03:20.414837,,69,1,network_response_58,exact,high
20260510_210600,2026-05-10T23:03:26.517974,https://www.douyin.com/video/7624810595904277811,video_detail,https://www.douyin.com/video/7624810595904277811,,200,2026-05-10T23:03:26.517974,,25,,,none,low
20260510_210600,2026-05-10T23:03:28.808048,https://www.douyin.com/video/7624812263404737659,video_detail,https://www.douyin.com/video/7624812263404737659,,200,2026-05-10T23:03:28.808048,,78,1,network_response_71,exact,high
20260510_210600,2026-05-10T23:03:35.916040,https://www.douyin.com/video/7624815147646805480,video_detail,https://www.douyin.com/video/7624815147646805480,,200,2026-05-10T23:03:35.916040,,86,1,network_response_63,exact,high
20260510_210600,2026-05-10T23:04:00.527168,https://www.douyin.com/video/7624816727734873674,video_detail,https://www.douyin.com/video/7624816727734873674,,200,2026-05-10T23:04:00.527168,,70,1,network_response_59,exact,high
20260510_210600,2026-05-10T23:04:08.365624,https://www.douyin.com/video/7624826584088073635,video_detail,https://www.douyin.com/video/7624826584088073635,,200,2026-05-10T23:04:08.365624,,71,1,network_response_53,exact,high
20260510_210600,2026-05-10T23:04:15.701157,https://www.douyin.com/video/7624827810493795624,video_detail,https://www.douyin.com/video/7624827810493795624,,200,2026-05-10T23:04:15.701157,,94,1,network_response_56,exact,high
