video_id,page_url,source_page,discover_time
6773901168964798477,https://www.douyin.com/video/6773901168964798477,https://www.douyin.com/jingxuan,2026-05-09T20:05:04.901280
6773901168964798477,https://www.douyin.com/video/6773901168964798477,https://www.douyin.com/jingxuan/food,2026-05-09T20:05:04.902280
6773901168964798477,https://www.douyin.com/video/6773901168964798477,https://www.douyin.com/jingxuan/acg,2026-05-09T20:05:04.902280
6773901168964798477,https://www.douyin.com/video/6773901168964798477,https://www.douyin.com/jingxuan/travel,2026-05-09T20:05:04.902280
6773901168964798477,https://www.douyin.com/video/6773901168964798477,https://www.douyin.com/jingxuan/game,2026-05-09T20:05:04.902280
6773901168964798477,https://www.douyin.com/video/6773901168964798477,https://www.douyin.com/jingxuan/animal,2026-05-09T20:05:04.902280
6773901168964798477,https://www.douyin.com/video/6773901168964798477,https://www.douyin.com/jingxuan/film,2026-05-09T20:05:04.902280
6773901168964798477,https://www.douyin.com/video/6773901168964798477,https://www.douyin.com/jingxuan/course,2026-05-09T20:05:04.902280
6773901168964798477,https://www.douyin.com/video/6773901168964798477,https://www.douyin.com/jingxuan/music,2026-05-09T20:05:04.902280
6773901168964798477,https://www.douyin.com/video/6773901168964798477,https://www.douyin.com/jingxuan/beauty,2026-05-09T20:05:04.902280
6773901168964798477,https://www.douyin.com/video/6773901168964798477,https://www.douyin.com/jingxuan/car,2026-05-09T20:05:04.902280
6773901168964798477,https://www.douyin.com/video/6773901168964798477,https://www.douyin.com/jingxuan/dance,2026-05-09T20:05:04.902280
6773901168964798477,https://www.douyin.com/video/6773901168964798477,https://www.douyin.com/jingxuan/emotion,2026-05-09T20:05:04.902280
6773901168964798477,https://www.douyin.com/video/6773901168964798477,https://www.douyin.com/jingxuan/fashion,2026-05-09T20:05:04.902280
6773901168964798477,https://www.douyin.com/video/6773901168964798477,https://www.douyin.com/jingxuan/kids,2026-05-09T20:05:04.902280
6773901168964798477,https://www.douyin.com/video/6773901168964798477,https://www.douyin.com/jingxuan/life,2026-05-09T20:05:04.902280
6773901168964798477,https://www.douyin.com/video/6773901168964798477,https://www.douyin.com/jingxuan/pet,2026-05-09T20:05:04.902280
6773901168964798477,https://www.douyin.com/video/6773901168964798477,https://www.douyin.com/jingxuan/sports,2026-05-09T20:05:04.902280
6773906068725565448,https://www.douyin.com/video/6773906068725565448,https://www.douyin.com/jingxuan,2026-05-09T20:05:04.902280
6773906068725565448,https://www.douyin.com/video/6773906068725565448,https://www.douyin.com/jingxuan/food,2026-05-09T20:05:04.902280
6773906068725565448,https://www.douyin.com/video/6773906068725565448,https://www.douyin.com/jingxuan/acg,2026-05-09T20:05:04.902280
6773906068725565448,https://www.douyin.com/video/6773906068725565448,https://www.douyin.com/jingxuan/travel,2026-05-09T20:05:04.902280
6773906068725565448,https://www.douyin.com/video/6773906068725565448,https://www.douyin.com/jingxuan/game,2026-05-09T20:05:04.902280
6773906068725565448,https://www.douyin.com/video/6773906068725565448,https://www.douyin.com/jingxuan/animal,2026-05-09T20:05:04.902280
6773906068725565448,https://www.douyin.com/video/6773906068725565448,https://www.douyin.com/jingxuan/film,2026-05-09T20:05:04.902280
6773906068725565448,https://www.douyin.com/video/6773906068725565448,https://www.douyin.com/jingxuan/course,2026-05-09T20:05:04.902280
6773906068725565448,https://www.douyin.com/video/6773906068725565448,https://www.douyin.com/jingxuan/music,2026-05-09T20:05:04.902280
6773906068725565448,https://www.douyin.com/video/6773906068725565448,https://www.douyin.com/jingxuan/beauty,2026-05-09T20:05:04.902280
6773906068725565448,https://www.douyin.com/video/6773906068725565448,https://www.douyin.com/jingxuan/car,2026-05-09T20:05:04.902280
6773906068725565448,https://www.douyin.com/video/6773906068725565448,https://www.douyin.com/jingxuan/dance,2026-05-09T20:05:04.902280
6773906068725565448,https://www.douyin.com/video/6773906068725565448,https://www.douyin.com/jingxuan/emotion,2026-05-09T20:05:04.902280
6773906068725565448,https://www.douyin.com/video/6773906068725565448,https://www.douyin.com/jingxuan/fashion,2026-05-09T20:05:04.902280
6773906068725565448,https://www.douyin.com/video/6773906068725565448,https://www.douyin.com/jingxuan/kids,2026-05-09T20:05:04.902280
6773906068725565448,https://www.douyin.com/video/6773906068725565448,https://www.douyin.com/jingxuan/life,2026-05-09T20:05:04.902280
6773906068725565448,https://www.douyin.com/video/6773906068725565448,https://www.douyin.com/jingxuan/pet,2026-05-09T20:05:04.902280
6773906068725565448,https://www.douyin.com/video/6773906068725565448,https://www.douyin.com/jingxuan/sports,2026-05-09T20:05:04.902280
7289747189515980067,https://www.douyin.com/video/7289747189515980067,https://www.douyin.com/jingxuan/course,2026-05-09T20:05:04.902280
7309857450302213376,https://www.douyin.com/video/7309857450302213376,https://www.douyin.com/jingxuan/course,2026-05-09T20:05:04.902280
7427381362337778980,https://www.douyin.com/video/7427381362337778980,https://www.douyin.com/jingxuan/course,2026-05-09T20:05:04.902280
7434082518397226249,https://www.douyin.com/video/7434082518397226249,https://www.douyin.com/jingxuan/course,2026-05-09T20:05:04.902280
7436607919690484992,https://www.douyin.com/video/7436607919690484992,https://www.douyin.com/jingxuan/course,2026-05-09T20:05:04.902280
7444105017394482482,https://www.douyin.com/video/7444105017394482482,https://www.douyin.com/jingxuan/course,2026-05-09T20:05:04.902280
7444362506467872027,https://www.douyin.com/video/7444362506467872027,https://www.douyin.com/jingxuan/course,2026-05-09T20:05:04.902280
7446279061011303732,https://www.douyin.com/video/7446279061011303732,https://www.douyin.com/jingxuan/course,2026-05-09T20:05:04.902280
7454910938953698575,https://www.douyin.com/video/7454910938953698575,https://www.douyin.com/jingxuan/course,2026-05-09T20:05:04.902280
7468609439512235291,https://www.douyin.com/video/7468609439512235291,https://www.douyin.com/jingxuan/course,2026-05-09T20:05:04.902280
7471153546663169315,https://www.douyin.com/video/7471153546663169315,https://www.douyin.com/jingxuan/course,2026-05-09T20:05:04.902280
7471174464001101090,https://www.douyin.com/video/7471174464001101090,https://www.douyin.com/jingxuan/course,2026-05-09T20:05:04.902280
7473095677464136975,https://www.douyin.com/video/7473095677464136975,https://www.douyin.com/jingxuan/course,2026-05-09T20:05:04.902280
7476789346587151651,https://www.douyin.com/video/7476789346587151651,https://www.douyin.com/jingxuan/course,2026-05-09T20:05:04.902280
7485566382344588578,https://www.douyin.com/video/7485566382344588578,https://www.douyin.com/jingxuan/course,2026-05-09T20:05:04.902280
7509363148483267874,https://www.douyin.com/video/7509363148483267874,https://www.douyin.com/jingxuan/course,2026-05-09T20:05:04.902280
7513843872540233023,https://www.douyin.com/video/7513843872540233023,https://www.douyin.com/jingxuan/course,2026-05-09T20:05:04.902280
7517969543269059850,https://www.douyin.com/video/7517969543269059850,https://www.douyin.com/jingxuan/course,2026-05-09T20:05:04.902280
7518075611806551322,https://www.douyin.com/video/7518075611806551322,https://www.douyin.com/jingxuan/course,2026-05-09T20:05:04.902280
7520905099401497891,https://www.douyin.com/video/7520905099401497891,https://www.douyin.com/jingxuan/course,2026-05-09T20:05:04.902280
7523116377247321383,https://www.douyin.com/video/7523116377247321383,https://www.douyin.com/jingxuan/course,2026-05-09T20:05:04.902280
7529381510349180223,https://www.douyin.com/video/7529381510349180223,https://www.douyin.com/jingxuan/course,2026-05-09T20:05:04.902280
7533316009105575220,https://www.douyin.com/video/7533316009105575220,https://www.douyin.com/jingxuan/course,2026-05-09T20:05:04.902280
7539019622574525736,https://www.douyin.com/video/7539019622574525736,https://www.douyin.com/jingxuan/course,2026-05-09T20:05:04.902280
7540659036979514643,https://www.douyin.com/video/7540659036979514643,https://www.douyin.com/jingxuan/course,2026-05-09T20:05:04.902280
7542804279636069667,https://www.douyin.com/video/7542804279636069667,https://www.douyin.com/jingxuan/course,2026-05-09T20:05:04.902280
7543076811148676379,https://www.douyin.com/video/7543076811148676379,https://www.douyin.com/jingxuan/course,2026-05-09T20:05:04.902280
7543185221487693090,https://www.douyin.com/video/7543185221487693090,https://www.douyin.com/jingxuan/course,2026-05-09T20:05:04.902280
7543189889081249074,https://www.douyin.com/video/7543189889081249074,https://www.douyin.com/jingxuan/course,2026-05-09T20:05:04.902280
7543215101344517439,https://www.douyin.com/video/7543215101344517439,https://www.douyin.com/jingxuan/course,2026-05-09T20:05:04.902280
7543503016624655654,https://www.douyin.com/video/7543503016624655654,https://www.douyin.com/jingxuan/course,2026-05-09T20:05:04.902280
7543520466653236530,https://www.douyin.com/video/7543520466653236530,https://www.douyin.com/jingxuan/course,2026-05-09T20:05:04.902280
7543906254733823284,https://www.douyin.com/video/7543906254733823284,https://www.douyin.com/jingxuan/course,2026-05-09T20:05:04.902280
7544038150016929058,https://www.douyin.com/video/7544038150016929058,https://www.douyin.com/jingxuan/course,2026-05-09T20:05:04.902280
7544569960832453924,https://www.douyin.com/video/7544569960832453924,https://www.douyin.com/jingxuan/course,2026-05-09T20:05:04.902280
7545038328261872911,https://www.douyin.com/video/7545038328261872911,https://www.douyin.com/jingxuan/course,2026-05-09T20:05:04.902280
7545044054392720675,https://www.douyin.com/video/7545044054392720675,https://www.douyin.com/jingxuan/course,2026-05-09T20:05:04.902280
7545154739588173102,https://www.douyin.com/video/7545154739588173102,https://www.douyin.com/jingxuan/course,2026-05-09T20:05:04.902280
7545305886307241216,https://www.douyin.com/video/7545305886307241216,https://www.douyin.com/jingxuan/course,2026-05-09T20:05:04.902280
7545362996415974697,https://www.douyin.com/video/7545362996415974697,https://www.douyin.com/jingxuan/course,2026-05-09T20:05:04.902280
7545681988758293779,https://www.douyin.com/video/7545681988758293779,https://www.douyin.com/jingxuan/course,2026-05-09T20:05:04.902280
7546175154821319999,https://www.douyin.com/video/7546175154821319999,https://www.douyin.com/jingxuan/course,2026-05-09T20:05:04.902280
7546245825110740233,https://www.douyin.com/video/7546245825110740233,https://www.douyin.com/jingxuan/course,2026-05-09T20:05:04.902280
7546401851793575222,https://www.douyin.com/video/7546401851793575222,https://www.douyin.com/jingxuan/course,2026-05-09T20:05:04.902280
7546402243684125988,https://www.douyin.com/video/7546402243684125988,https://www.douyin.com/jingxuan/course,2026-05-09T20:05:04.902280
7546836238272056619,https://www.douyin.com/video/7546836238272056619,https://www.douyin.com/jingxuan/course,2026-05-09T20:05:04.902280
7547620359265209639,https://www.douyin.com/video/7547620359265209639,https://www.douyin.com/jingxuan/course,2026-05-09T20:05:04.902280
7547954215356779815,https://www.douyin.com/video/7547954215356779815,https://www.douyin.com/jingxuan/course,2026-05-09T20:05:04.902280
7548001201619553536,https://www.douyin.com/video/7548001201619553536,https://www.douyin.com/jingxuan/course,2026-05-09T20:05:04.902280
7548755625631665444,https://www.douyin.com/video/7548755625631665444,https://www.douyin.com/jingxuan/course,2026-05-09T20:05:04.902280
7561278311050005779,https://www.douyin.com/video/7561278311050005779,https://www.douyin.com/jingxuan/course,2026-05-09T20:05:04.902280
7563552305543482624,https://www.douyin.com/video/7563552305543482624,https://www.douyin.com/jingxuan/course,2026-05-09T20:05:04.902280
7563585523508399386,https://www.douyin.com/video/7563585523508399386,https://www.douyin.com/jingxuan/course,2026-05-09T20:05:04.902280
7567284867466071306,https://www.douyin.com/video/7567284867466071306,https://www.douyin.com/jingxuan/course,2026-05-09T20:05:04.902280
7568707871634885924,https://www.douyin.com/video/7568707871634885924,https://www.douyin.com/jingxuan/course,2026-05-09T20:05:04.902280
7569106505291631907,https://www.douyin.com/video/7569106505291631907,https://www.douyin.com/jingxuan/course,2026-05-09T20:05:04.902280
7569586392179707179,https://www.douyin.com/video/7569586392179707179,https://www.douyin.com/jingxuan/course,2026-05-09T20:05:04.902280
7569888176370699526,https://www.douyin.com/video/7569888176370699526,https://www.douyin.com/jingxuan/course,2026-05-09T20:05:04.902280
7570225863401180457,https://www.douyin.com/video/7570225863401180457,https://www.douyin.com/jingxuan/course,2026-05-09T20:05:04.902280
7572554930871864626,https://www.douyin.com/video/7572554930871864626,https://www.douyin.com/jingxuan/course,2026-05-09T20:05:04.902280
7604046193676668210,https://www.douyin.com/video/7604046193676668210,https://www.douyin.com/jingxuan/acg,2026-05-09T20:05:04.902280
7604458920309101733,https://www.douyin.com/video/7604458920309101733,https://www.douyin.com/jingxuan/game,2026-05-09T20:05:04.902280
7604462135770385705,https://www.douyin.com/video/7604462135770385705,https://www.douyin.com/jingxuan/film,2026-05-09T20:05:04.902280
7604464497180429595,https://www.douyin.com/video/7604464497180429595,https://www.douyin.com/jingxuan/film,2026-05-09T20:05:04.902280
7604696082626399539,https://www.douyin.com/video/7604696082626399539,https://www.douyin.com/jingxuan/animal,2026-05-09T20:05:04.902280
7604767230370352434,https://www.douyin.com/video/7604767230370352434,https://www.douyin.com/jingxuan/beauty,2026-05-09T20:05:04.902280
7604779943569984806,https://www.douyin.com/video/7604779943569984806,https://www.douyin.com/jingxuan,2026-05-09T20:05:04.902280
7604779943569984806,https://www.douyin.com/video/7604779943569984806,https://www.douyin.com/jingxuan/dance,2026-05-09T20:05:04.902280
7604779943569984806,https://www.douyin.com/video/7604779943569984806,https://www.douyin.com/jingxuan/emotion,2026-05-09T20:05:04.902280
7604779943569984806,https://www.douyin.com/video/7604779943569984806,https://www.douyin.com/jingxuan/fashion,2026-05-09T20:05:04.902280
7604779943569984806,https://www.douyin.com/video/7604779943569984806,https://www.douyin.com/jingxuan/life,2026-05-09T20:05:04.902280
7604779943569984806,https://www.douyin.com/video/7604779943569984806,https://www.douyin.com/jingxuan/pet,2026-05-09T20:05:04.902280
7604792373616332067,https://www.douyin.com/video/7604792373616332067,https://www.douyin.com/jingxuan/life,2026-05-09T20:05:04.902280
7604821850169904418,https://www.douyin.com/video/7604821850169904418,https://www.douyin.com/jingxuan/music,2026-05-09T20:05:04.902280
7605064229628585338,https://www.douyin.com/video/7605064229628585338,https://www.douyin.com/jingxuan/game,2026-05-09T20:05:04.902280
7605083290021678376,https://www.douyin.com/video/7605083290021678376,https://www.douyin.com/jingxuan/food,2026-05-09T20:05:04.902280
7605085668968041763,https://www.douyin.com/video/7605085668968041763,https://www.douyin.com/jingxuan/food,2026-05-09T20:05:04.902280
7605090106180996358,https://www.douyin.com/video/7605090106180996358,https://www.douyin.com/jingxuan/food,2026-05-09T20:05:04.902280
7605144480890522880,https://www.douyin.com/video/7605144480890522880,https://www.douyin.com/jingxuan/game,2026-05-09T20:05:04.902280
7605173930139077938,https://www.douyin.com/video/7605173930139077938,https://www.douyin.com/jingxuan/car,2026-05-09T20:05:04.902280
7605187692435807370,https://www.douyin.com/video/7605187692435807370,https://www.douyin.com/jingxuan/acg,2026-05-09T20:05:04.902280
7605214796832787738,https://www.douyin.com/video/7605214796832787738,https://www.douyin.com/jingxuan/game,2026-05-09T20:05:04.902280
7605245012923151867,https://www.douyin.com/video/7605245012923151867,https://www.douyin.com/jingxuan/game,2026-05-09T20:05:04.902280
7605333789232876826,https://www.douyin.com/video/7605333789232876826,https://www.douyin.com/jingxuan/dance,2026-05-09T20:05:04.902280
7605333789232876826,https://www.douyin.com/video/7605333789232876826,https://www.douyin.com/jingxuan/life,2026-05-09T20:05:04.902280
7605527486759226670,https://www.douyin.com/video/7605527486759226670,https://www.douyin.com/jingxuan/car,2026-05-09T20:05:04.903282
7605537545136475444,https://www.douyin.com/video/7605537545136475444,https://www.douyin.com/jingxuan/film,2026-05-09T20:05:04.903282
7605589546096528640,https://www.douyin.com/video/7605589546096528640,https://www.douyin.com/jingxuan/acg,2026-05-09T20:05:04.903282
7605623331803621233,https://www.douyin.com/video/7605623331803621233,https://www.douyin.com/jingxuan/music,2026-05-09T20:05:04.903282
7605776314468994355,https://www.douyin.com/video/7605776314468994355,https://www.douyin.com/jingxuan/film,2026-05-09T20:05:04.903282
7605824588253380550,https://www.douyin.com/video/7605824588253380550,https://www.douyin.com/jingxuan/animal,2026-05-09T20:05:04.903282
7605842823463767347,https://www.douyin.com/video/7605842823463767347,https://www.douyin.com/jingxuan/food,2026-05-09T20:05:04.903282
7605877215523310890,https://www.douyin.com/video/7605877215523310890,https://www.douyin.com/jingxuan/film,2026-05-09T20:05:04.903282
7605905462193556770,https://www.douyin.com/video/7605905462193556770,https://www.douyin.com/jingxuan/food,2026-05-09T20:05:04.903282
7605932170264602489,https://www.douyin.com/video/7605932170264602489,https://www.douyin.com/jingxuan/beauty,2026-05-09T20:05:04.903282
7605934998461484328,https://www.douyin.com/video/7605934998461484328,https://www.douyin.com/jingxuan/acg,2026-05-09T20:05:04.903282
7605939191305817371,https://www.douyin.com/video/7605939191305817371,https://www.douyin.com/jingxuan/animal,2026-05-09T20:05:04.903282
7605968387344465829,https://www.douyin.com/video/7605968387344465829,https://www.douyin.com/jingxuan/food,2026-05-09T20:05:04.903282
7605989814269201664,https://www.douyin.com/video/7605989814269201664,https://www.douyin.com/jingxuan/animal,2026-05-09T20:05:04.903282
7606046924671700258,https://www.douyin.com/video/7606046924671700258,https://www.douyin.com/jingxuan/acg,2026-05-09T20:05:04.903282
7606158290820949946,https://www.douyin.com/video/7606158290820949946,https://www.douyin.com/jingxuan/car,2026-05-09T20:05:04.903282
7606204435873778954,https://www.douyin.com/video/7606204435873778954,https://www.douyin.com/jingxuan/car,2026-05-09T20:05:04.903282
7606283356012041125,https://www.douyin.com/video/7606283356012041125,https://www.douyin.com/jingxuan/music,2026-05-09T20:05:04.903282
7606290231008520098,https://www.douyin.com/video/7606290231008520098,https://www.douyin.com/jingxuan/music,2026-05-09T20:05:04.903282
7606331554087832895,https://www.douyin.com/video/7606331554087832895,https://www.douyin.com/jingxuan/travel,2026-05-09T20:05:04.903282
7606332253527364553,https://www.douyin.com/video/7606332253527364553,https://www.douyin.com/jingxuan/acg,2026-05-09T20:05:04.903282
7606335917623725318,https://www.douyin.com/video/7606335917623725318,https://www.douyin.com/jingxuan/travel,2026-05-09T20:05:04.903282
7606383187849235746,https://www.douyin.com/video/7606383187849235746,https://www.douyin.com/jingxuan,2026-05-09T20:05:04.903282
7606383187849235746,https://www.douyin.com/video/7606383187849235746,https://www.douyin.com/jingxuan/dance,2026-05-09T20:05:04.903282
7606383187849235746,https://www.douyin.com/video/7606383187849235746,https://www.douyin.com/jingxuan/emotion,2026-05-09T20:05:04.903282
7606383187849235746,https://www.douyin.com/video/7606383187849235746,https://www.douyin.com/jingxuan/fashion,2026-05-09T20:05:04.903282
7606383187849235746,https://www.douyin.com/video/7606383187849235746,https://www.douyin.com/jingxuan/kids,2026-05-09T20:05:04.903282
7606383187849235746,https://www.douyin.com/video/7606383187849235746,https://www.douyin.com/jingxuan/pet,2026-05-09T20:05:04.903282
7606384642156924211,https://www.douyin.com/video/7606384642156924211,https://www.douyin.com/jingxuan/game,2026-05-09T20:05:04.903282
7606555263290377979,https://www.douyin.com/video/7606555263290377979,https://www.douyin.com/jingxuan/travel,2026-05-09T20:05:04.903282
7606556203392437547,https://www.douyin.com/video/7606556203392437547,https://www.douyin.com/jingxuan/music,2026-05-09T20:05:04.903282
7606557345761594639,https://www.douyin.com/video/7606557345761594639,https://www.douyin.com/jingxuan/music,2026-05-09T20:05:04.903282
7606572153726713434,https://www.douyin.com/video/7606572153726713434,https://www.douyin.com/jingxuan/game,2026-05-09T20:05:04.903282
7606572971809366863,https://www.douyin.com/video/7606572971809366863,https://www.douyin.com/jingxuan/film,2026-05-09T20:05:04.903282
7606587500164910386,https://www.douyin.com/video/7606587500164910386,https://www.douyin.com/jingxuan/dance,2026-05-09T20:05:04.903282
7606587500164910386,https://www.douyin.com/video/7606587500164910386,https://www.douyin.com/jingxuan/life,2026-05-09T20:05:04.903282
7606600144997420323,https://www.douyin.com/video/7606600144997420323,https://www.douyin.com/jingxuan/film,2026-05-09T20:05:04.903282
7606619324672920838,https://www.douyin.com/video/7606619324672920838,https://www.douyin.com/jingxuan/game,2026-05-09T20:05:04.903282
7606621917005875898,https://www.douyin.com/video/7606621917005875898,https://www.douyin.com/jingxuan/animal,2026-05-09T20:05:04.903282
7606628876248190242,https://www.douyin.com/video/7606628876248190242,https://www.douyin.com/jingxuan/sports,2026-05-09T20:05:04.903282
7606640466682989834,https://www.douyin.com/video/7606640466682989834,https://www.douyin.com/jingxuan,2026-05-09T20:05:04.903282
7606640466682989834,https://www.douyin.com/video/7606640466682989834,https://www.douyin.com/jingxuan/emotion,2026-05-09T20:05:04.903282
7606640466682989834,https://www.douyin.com/video/7606640466682989834,https://www.douyin.com/jingxuan/fashion,2026-05-09T20:05:04.903282
7606640466682989834,https://www.douyin.com/video/7606640466682989834,https://www.douyin.com/jingxuan/kids,2026-05-09T20:05:04.903282
7606640466682989834,https://www.douyin.com/video/7606640466682989834,https://www.douyin.com/jingxuan/pet,2026-05-09T20:05:04.903282
7606654935949741318,https://www.douyin.com/video/7606654935949741318,https://www.douyin.com/jingxuan/fashion,2026-05-09T20:05:04.903282
7606662285615959332,https://www.douyin.com/video/7606662285615959332,https://www.douyin.com/jingxuan/game,2026-05-09T20:05:04.903282
7606662776861363465,https://www.douyin.com/video/7606662776861363465,https://www.douyin.com/jingxuan/film,2026-05-09T20:05:04.903282
7606690470764268800,https://www.douyin.com/video/7606690470764268800,https://www.douyin.com/jingxuan/acg,2026-05-09T20:05:04.903282
7606941277057305897,https://www.douyin.com/video/7606941277057305897,https://www.douyin.com/jingxuan/car,2026-05-09T20:05:04.903282
7606960340119007089,https://www.douyin.com/video/7606960340119007089,https://www.douyin.com/jingxuan/beauty,2026-05-09T20:05:04.903282
7607018293542554921,https://www.douyin.com/video/7607018293542554921,https://www.douyin.com/jingxuan/acg,2026-05-09T20:05:04.903282
7607042202937625919,https://www.douyin.com/video/7607042202937625919,https://www.douyin.com/jingxuan/life,2026-05-09T20:05:04.903282
7607076791609541236,https://www.douyin.com/video/7607076791609541236,https://www.douyin.com/jingxuan/music,2026-05-09T20:05:04.903282
7607084476295859492,https://www.douyin.com/video/7607084476295859492,https://www.douyin.com/jingxuan/acg,2026-05-09T20:05:04.903282
7607089096900611369,https://www.douyin.com/video/7607089096900611369,https://www.douyin.com/jingxuan/film,2026-05-09T20:05:04.903282
7607089649906948593,https://www.douyin.com/video/7607089649906948593,https://www.douyin.com/jingxuan/film,2026-05-09T20:05:04.903282
7607120051346410786,https://www.douyin.com/video/7607120051346410786,https://www.douyin.com/jingxuan/film,2026-05-09T20:05:04.903282
7607144227364965674,https://www.douyin.com/video/7607144227364965674,https://www.douyin.com/jingxuan/travel,2026-05-09T20:05:04.903282
7607232277738818862,https://www.douyin.com/video/7607232277738818862,https://www.douyin.com/jingxuan/pet,2026-05-09T20:05:04.903282
7607374455833128043,https://www.douyin.com/video/7607374455833128043,https://www.douyin.com/jingxuan/food,2026-05-09T20:05:04.903282
7607385954109623578,https://www.douyin.com/video/7607385954109623578,https://www.douyin.com/jingxuan/animal,2026-05-09T20:05:04.903282
7607388569644141843,https://www.douyin.com/video/7607388569644141843,https://www.douyin.com/jingxuan/food,2026-05-09T20:05:04.903282
7607401706338403529,https://www.douyin.com/video/7607401706338403529,https://www.douyin.com/jingxuan/food,2026-05-09T20:05:04.903282
7607458813859417396,https://www.douyin.com/video/7607458813859417396,https://www.douyin.com/jingxuan/acg,2026-05-09T20:05:04.903282
7607587735985048870,https://www.douyin.com/video/7607587735985048870,https://www.douyin.com/jingxuan/travel,2026-05-09T20:05:04.903282
7607801625654136116,https://www.douyin.com/video/7607801625654136116,https://www.douyin.com/jingxuan/life,2026-05-09T20:05:04.903282
7607868171072048435,https://www.douyin.com/video/7607868171072048435,https://www.douyin.com/jingxuan/music,2026-05-09T20:05:04.903282
7608053654871887144,https://www.douyin.com/video/7608053654871887144,https://www.douyin.com/jingxuan/film,2026-05-09T20:05:04.903282
7608126852103753000,https://www.douyin.com/video/7608126852103753000,https://www.douyin.com/jingxuan/travel,2026-05-09T20:05:04.903282
7608175123066435210,https://www.douyin.com/video/7608175123066435210,https://www.douyin.com/jingxuan/game,2026-05-09T20:05:04.903282
7608468119216427362,https://www.douyin.com/video/7608468119216427362,https://www.douyin.com/jingxuan/acg,2026-05-09T20:05:04.903282
7608474882602470699,https://www.douyin.com/video/7608474882602470699,https://www.douyin.com/jingxuan/music,2026-05-09T20:05:04.903282
7608508828979678505,https://www.douyin.com/video/7608508828979678505,https://www.douyin.com/jingxuan/travel,2026-05-09T20:05:04.903282
7608514239482010491,https://www.douyin.com/video/7608514239482010491,https://www.douyin.com/jingxuan/animal,2026-05-09T20:05:04.903282
7608518748621802762,https://www.douyin.com/video/7608518748621802762,https://www.douyin.com/jingxuan,2026-05-09T20:05:04.903282
7608518748621802762,https://www.douyin.com/video/7608518748621802762,https://www.douyin.com/jingxuan/emotion,2026-05-09T20:05:04.903282
7608518748621802762,https://www.douyin.com/video/7608518748621802762,https://www.douyin.com/jingxuan/fashion,2026-05-09T20:05:04.903282
7608518748621802762,https://www.douyin.com/video/7608518748621802762,https://www.douyin.com/jingxuan/kids,2026-05-09T20:05:04.903282
7608518748621802762,https://www.douyin.com/video/7608518748621802762,https://www.douyin.com/jingxuan/pet,2026-05-09T20:05:04.903282
7608519619872567110,https://www.douyin.com/video/7608519619872567110,https://www.douyin.com/jingxuan/game,2026-05-09T20:05:04.903282
7608582602789752074,https://www.douyin.com/video/7608582602789752074,https://www.douyin.com/jingxuan/music,2026-05-09T20:05:04.903282
7608845034426780971,https://www.douyin.com/video/7608845034426780971,https://www.douyin.com/jingxuan/food,2026-05-09T20:05:04.903282
7608877640129749169,https://www.douyin.com/video/7608877640129749169,https://www.douyin.com/jingxuan/film,2026-05-09T20:05:04.903282
7608904928903433535,https://www.douyin.com/video/7608904928903433535,https://www.douyin.com/jingxuan/travel,2026-05-09T20:05:04.903282
7608918247442287857,https://www.douyin.com/video/7608918247442287857,https://www.douyin.com/jingxuan/life,2026-05-09T20:05:04.903282
7608971017733688582,https://www.douyin.com/video/7608971017733688582,https://www.douyin.com/jingxuan/animal,2026-05-09T20:05:04.903282
7609060309503888646,https://www.douyin.com/video/7609060309503888646,https://www.douyin.com/jingxuan/music,2026-05-09T20:05:04.903282
7609293976624975145,https://www.douyin.com/video/7609293976624975145,https://www.douyin.com/jingxuan/game,2026-05-09T20:05:04.903282
7609301947010665780,https://www.douyin.com/video/7609301947010665780,https://www.douyin.com/jingxuan/food,2026-05-09T20:05:04.903282
7609307534905707811,https://www.douyin.com/video/7609307534905707811,https://www.douyin.com/jingxuan/car,2026-05-09T20:05:04.903282
7609357409513535909,https://www.douyin.com/video/7609357409513535909,https://www.douyin.com/jingxuan/music,2026-05-09T20:05:04.903282
7609459905250037001,https://www.douyin.com/video/7609459905250037001,https://www.douyin.com/jingxuan/film,2026-05-09T20:05:04.903282
7609579296738397459,https://www.douyin.com/video/7609579296738397459,https://www.douyin.com/jingxuan/game,2026-05-09T20:05:04.903282
7609628120602314596,https://www.douyin.com/video/7609628120602314596,https://www.douyin.com/jingxuan/beauty,2026-05-09T20:05:04.903282
7609926132556745999,https://www.douyin.com/video/7609926132556745999,https://www.douyin.com/jingxuan/emotion,2026-05-09T20:05:04.903282
7609926132556745999,https://www.douyin.com/video/7609926132556745999,https://www.douyin.com/jingxuan/fashion,2026-05-09T20:05:04.903282
7609926132556745999,https://www.douyin.com/video/7609926132556745999,https://www.douyin.com/jingxuan/kids,2026-05-09T20:05:04.903282
7609967385193998713,https://www.douyin.com/video/7609967385193998713,https://www.douyin.com/jingxuan/food,2026-05-09T20:05:04.903282
7610019806670032143,https://www.douyin.com/video/7610019806670032143,https://www.douyin.com/jingxuan/car,2026-05-09T20:05:04.903282
7610261944881482082,https://www.douyin.com/video/7610261944881482082,https://www.douyin.com/jingxuan/animal,2026-05-09T20:05:04.903282
7610303805573954555,https://www.douyin.com/video/7610303805573954555,https://www.douyin.com/jingxuan/food,2026-05-09T20:05:04.903282
7610339422060892025,https://www.douyin.com/video/7610339422060892025,https://www.douyin.com/jingxuan/music,2026-05-09T20:05:04.903282
7610372789568032051,https://www.douyin.com/video/7610372789568032051,https://www.douyin.com/jingxuan/acg,2026-05-09T20:05:04.903282
7610376181707201930,https://www.douyin.com/video/7610376181707201930,https://www.douyin.com/jingxuan/food,2026-05-09T20:05:04.903282
7610377511456754995,https://www.douyin.com/video/7610377511456754995,https://www.douyin.com/jingxuan/game,2026-05-09T20:05:04.903282
7610377511456754995,https://www.douyin.com/video/7610377511456754995,https://www.douyin.com/jingxuan/dance,2026-05-09T20:05:04.903282
7610402475199188267,https://www.douyin.com/video/7610402475199188267,https://www.douyin.com/jingxuan/animal,2026-05-09T20:05:04.903282
7610409219417738547,https://www.douyin.com/video/7610409219417738547,https://www.douyin.com/jingxuan/car,2026-05-09T20:05:04.903282
7610424303737649216,https://www.douyin.com/video/7610424303737649216,https://www.douyin.com/jingxuan/film,2026-05-09T20:05:04.903282
7610466696536526122,https://www.douyin.com/video/7610466696536526122,https://www.douyin.com/jingxuan/food,2026-05-09T20:05:04.904283
7610547189874215158,https://www.douyin.com/video/7610547189874215158,https://www.douyin.com/jingxuan/travel,2026-05-09T20:05:04.904283
7610632603967835446,https://www.douyin.com/video/7610632603967835446,https://www.douyin.com/jingxuan/film,2026-05-09T20:05:04.904283
7610755662263422214,https://www.douyin.com/video/7610755662263422214,https://www.douyin.com/jingxuan/dance,2026-05-09T20:05:04.904283
7610777465354554667,https://www.douyin.com/video/7610777465354554667,https://www.douyin.com/jingxuan,2026-05-09T20:05:04.904283
7610777465354554667,https://www.douyin.com/video/7610777465354554667,https://www.douyin.com/jingxuan/acg,2026-05-09T20:05:04.904283
7610777465354554667,https://www.douyin.com/video/7610777465354554667,https://www.douyin.com/jingxuan/dance,2026-05-09T20:05:04.904283
7610777465354554667,https://www.douyin.com/video/7610777465354554667,https://www.douyin.com/jingxuan/fashion,2026-05-09T20:05:04.904283
7610777465354554667,https://www.douyin.com/video/7610777465354554667,https://www.douyin.com/jingxuan/life,2026-05-09T20:05:04.904283
7611027972534832422,https://www.douyin.com/video/7611027972534832422,https://www.douyin.com/jingxuan/game,2026-05-09T20:05:04.904283
7611043588604005651,https://www.douyin.com/video/7611043588604005651,https://www.douyin.com/jingxuan/food,2026-05-09T20:05:04.904283
7611072238611123519,https://www.douyin.com/video/7611072238611123519,https://www.douyin.com/jingxuan/beauty,2026-05-09T20:05:04.904283
7611090164215024948,https://www.douyin.com/video/7611090164215024948,https://www.douyin.com/jingxuan/car,2026-05-09T20:05:04.904283
7611101579597892340,https://www.douyin.com/video/7611101579597892340,https://www.douyin.com/jingxuan/beauty,2026-05-09T20:05:04.904283
7611104313548573998,https://www.douyin.com/video/7611104313548573998,https://www.douyin.com/jingxuan/music,2026-05-09T20:05:04.904283
7611125350038293801,https://www.douyin.com/video/7611125350038293801,https://www.douyin.com/jingxuan/acg,2026-05-09T20:05:04.904283
7611135398470864168,https://www.douyin.com/video/7611135398470864168,https://www.douyin.com/jingxuan/game,2026-05-09T20:05:04.904283
7611141230974879482,https://www.douyin.com/video/7611141230974879482,https://www.douyin.com/jingxuan/music,2026-05-09T20:05:04.904283
7611196583253740838,https://www.douyin.com/video/7611196583253740838,https://www.douyin.com/jingxuan/car,2026-05-09T20:05:04.904283
7611226389173341466,https://www.douyin.com/video/7611226389173341466,https://www.douyin.com/jingxuan/dance,2026-05-09T20:05:04.904283
7611226389173341466,https://www.douyin.com/video/7611226389173341466,https://www.douyin.com/jingxuan/life,2026-05-09T20:05:04.904283
7611274869514940259,https://www.douyin.com/video/7611274869514940259,https://www.douyin.com/jingxuan/beauty,2026-05-09T20:05:04.904283
7611368055809035520,https://www.douyin.com/video/7611368055809035520,https://www.douyin.com/jingxuan/beauty,2026-05-09T20:05:04.904283
7611447797790838068,https://www.douyin.com/video/7611447797790838068,https://www.douyin.com/jingxuan/acg,2026-05-09T20:05:04.904283
7611449739258760458,https://www.douyin.com/video/7611449739258760458,https://www.douyin.com/jingxuan/game,2026-05-09T20:05:04.904283
7611451108774382884,https://www.douyin.com/video/7611451108774382884,https://www.douyin.com/jingxuan/game,2026-05-09T20:05:04.904283
7611481273887006379,https://www.douyin.com/video/7611481273887006379,https://www.douyin.com/jingxuan/beauty,2026-05-09T20:05:04.904283
7611486783305501988,https://www.douyin.com/video/7611486783305501988,https://www.douyin.com/jingxuan/film,2026-05-09T20:05:04.904283
7611509558498165874,https://www.douyin.com/video/7611509558498165874,https://www.douyin.com/jingxuan/beauty,2026-05-09T20:05:04.904283
7611542753037569286,https://www.douyin.com/video/7611542753037569286,https://www.douyin.com/jingxuan/acg,2026-05-09T20:05:04.904283
7611555514266193206,https://www.douyin.com/video/7611555514266193206,https://www.douyin.com/jingxuan/film,2026-05-09T20:05:04.904283
7611556418738523392,https://www.douyin.com/video/7611556418738523392,https://www.douyin.com/jingxuan/beauty,2026-05-09T20:05:04.904283
7611598921588100362,https://www.douyin.com/video/7611598921588100362,https://www.douyin.com/jingxuan/acg,2026-05-09T20:05:04.904283
7611764091195906163,https://www.douyin.com/video/7611764091195906163,https://www.douyin.com/jingxuan/animal,2026-05-09T20:05:04.904283
7611781654897593600,https://www.douyin.com/video/7611781654897593600,https://www.douyin.com/jingxuan/car,2026-05-09T20:05:04.904283
7611788120815684915,https://www.douyin.com/video/7611788120815684915,https://www.douyin.com/jingxuan/kids,2026-05-09T20:05:04.904283
7611846642219633939,https://www.douyin.com/video/7611846642219633939,https://www.douyin.com/jingxuan/acg,2026-05-09T20:05:04.904283
7611857347305385061,https://www.douyin.com/video/7611857347305385061,https://www.douyin.com/jingxuan/food,2026-05-09T20:05:04.904283
7611870895082196260,https://www.douyin.com/video/7611870895082196260,https://www.douyin.com/jingxuan/film,2026-05-09T20:05:04.904283
7611870895082196260,https://www.douyin.com/video/7611870895082196260,https://www.douyin.com/jingxuan/dance,2026-05-09T20:05:04.904283
7611870895082196260,https://www.douyin.com/video/7611870895082196260,https://www.douyin.com/jingxuan/life,2026-05-09T20:05:04.904283
7611896540801682707,https://www.douyin.com/video/7611896540801682707,https://www.douyin.com/jingxuan/music,2026-05-09T20:05:04.904283
7611897590858837691,https://www.douyin.com/video/7611897590858837691,https://www.douyin.com/jingxuan/game,2026-05-09T20:05:04.904283
7612032524281633254,https://www.douyin.com/video/7612032524281633254,https://www.douyin.com/jingxuan/game,2026-05-09T20:05:04.904283
7612115359872650511,https://www.douyin.com/video/7612115359872650511,https://www.douyin.com/jingxuan/food,2026-05-09T20:05:04.904283
7612126370931428627,https://www.douyin.com/video/7612126370931428627,https://www.douyin.com/jingxuan/animal,2026-05-09T20:05:04.904283
7612140757281000754,https://www.douyin.com/video/7612140757281000754,https://www.douyin.com/jingxuan/car,2026-05-09T20:05:04.904283
7612156631921905354,https://www.douyin.com/video/7612156631921905354,https://www.douyin.com/jingxuan/travel,2026-05-09T20:05:04.904283
7612183538599536817,https://www.douyin.com/video/7612183538599536817,https://www.douyin.com/jingxuan/beauty,2026-05-09T20:05:04.904283
7612192431341063470,https://www.douyin.com/video/7612192431341063470,https://www.douyin.com/jingxuan/game,2026-05-09T20:05:04.904283
7612215156549881142,https://www.douyin.com/video/7612215156549881142,https://www.douyin.com/jingxuan/beauty,2026-05-09T20:05:04.904283
7612218512714550568,https://www.douyin.com/video/7612218512714550568,https://www.douyin.com/jingxuan/sports,2026-05-09T20:05:04.904283
7612225968630926632,https://www.douyin.com/video/7612225968630926632,https://www.douyin.com/jingxuan/life,2026-05-09T20:05:04.904283
7612228957618581094,https://www.douyin.com/video/7612228957618581094,https://www.douyin.com/jingxuan/beauty,2026-05-09T20:05:04.904283
7612239187420926811,https://www.douyin.com/video/7612239187420926811,https://www.douyin.com/jingxuan/animal,2026-05-09T20:05:04.904283
7612258940696448283,https://www.douyin.com/video/7612258940696448283,https://www.douyin.com/jingxuan/emotion,2026-05-09T20:05:04.904283
7612258940696448283,https://www.douyin.com/video/7612258940696448283,https://www.douyin.com/jingxuan/fashion,2026-05-09T20:05:04.904283
7612282128302165288,https://www.douyin.com/video/7612282128302165288,https://www.douyin.com/jingxuan/food,2026-05-09T20:05:04.904283
7612286846014516096,https://www.douyin.com/video/7612286846014516096,https://www.douyin.com/jingxuan/food,2026-05-09T20:05:04.904283
7612486996597935360,https://www.douyin.com/video/7612486996597935360,https://www.douyin.com/jingxuan/car,2026-05-09T20:05:04.904283
7612533994877422894,https://www.douyin.com/video/7612533994877422894,https://www.douyin.com/jingxuan/beauty,2026-05-09T20:05:04.904283
7612548411451133184,https://www.douyin.com/video/7612548411451133184,https://www.douyin.com/jingxuan/course,2026-05-09T20:05:04.904283
7612586895486307590,https://www.douyin.com/video/7612586895486307590,https://www.douyin.com/jingxuan/acg,2026-05-09T20:05:04.904283
7612598544645606682,https://www.douyin.com/video/7612598544645606682,https://www.douyin.com/jingxuan/life,2026-05-09T20:05:04.904283
7612610621074450633,https://www.douyin.com/video/7612610621074450633,https://www.douyin.com/jingxuan/food,2026-05-09T20:05:04.904283
7612617203107532074,https://www.douyin.com/video/7612617203107532074,https://www.douyin.com/jingxuan/travel,2026-05-09T20:05:04.904283
7612620915808980264,https://www.douyin.com/video/7612620915808980264,https://www.douyin.com/jingxuan/acg,2026-05-09T20:05:04.904283
7612666771484511488,https://www.douyin.com/video/7612666771484511488,https://www.douyin.com/jingxuan/dance,2026-05-09T20:05:04.904283
7612666771484511488,https://www.douyin.com/video/7612666771484511488,https://www.douyin.com/jingxuan/emotion,2026-05-09T20:05:04.904283
7612666771484511488,https://www.douyin.com/video/7612666771484511488,https://www.douyin.com/jingxuan/life,2026-05-09T20:05:04.904283
7612799067479767657,https://www.douyin.com/video/7612799067479767657,https://www.douyin.com/jingxuan/game,2026-05-09T20:05:04.904283
7612838802431724850,https://www.douyin.com/video/7612838802431724850,https://www.douyin.com/jingxuan/sports,2026-05-09T20:05:04.904283
7612888410327485747,https://www.douyin.com/video/7612888410327485747,https://www.douyin.com/jingxuan/film,2026-05-09T20:05:04.904283
7612951643151158538,https://www.douyin.com/video/7612951643151158538,https://www.douyin.com/jingxuan/car,2026-05-09T20:05:04.904283
7612968545047088438,https://www.douyin.com/video/7612968545047088438,https://www.douyin.com/jingxuan/food,2026-05-09T20:05:04.904283
7612969450479832372,https://www.douyin.com/video/7612969450479832372,https://www.douyin.com/jingxuan/acg,2026-05-09T20:05:04.904283
7612974643011472681,https://www.douyin.com/video/7612974643011472681,https://www.douyin.com/jingxuan/acg,2026-05-09T20:05:04.904283
7613238850671906067,https://www.douyin.com/video/7613238850671906067,https://www.douyin.com/jingxuan/car,2026-05-09T20:05:04.904283
7613249136695037190,https://www.douyin.com/video/7613249136695037190,https://www.douyin.com/jingxuan/food,2026-05-09T20:05:04.904283
7613384543048869861,https://www.douyin.com/video/7613384543048869861,https://www.douyin.com/jingxuan/life,2026-05-09T20:05:04.904283
7613388714530006117,https://www.douyin.com/video/7613388714530006117,https://www.douyin.com/jingxuan/beauty,2026-05-09T20:05:04.904283
7613434211776695579,https://www.douyin.com/video/7613434211776695579,https://www.douyin.com/jingxuan/car,2026-05-09T20:05:04.904283
7613582834342661402,https://www.douyin.com/video/7613582834342661402,https://www.douyin.com/jingxuan/music,2026-05-09T20:05:04.904283
7613604312694975409,https://www.douyin.com/video/7613604312694975409,https://www.douyin.com/jingxuan/food,2026-05-09T20:05:04.904283
7613607046734171392,https://www.douyin.com/video/7613607046734171392,https://www.douyin.com/jingxuan/car,2026-05-09T20:05:04.904283
7613635513626430758,https://www.douyin.com/video/7613635513626430758,https://www.douyin.com/jingxuan/sports,2026-05-09T20:05:04.904283
7613649081210047787,https://www.douyin.com/video/7613649081210047787,https://www.douyin.com/jingxuan/sports,2026-05-09T20:05:04.904283
7613675231894359332,https://www.douyin.com/video/7613675231894359332,https://www.douyin.com/jingxuan/animal,2026-05-09T20:05:04.904283
7613682107390397738,https://www.douyin.com/video/7613682107390397738,https://www.douyin.com/jingxuan,2026-05-09T20:05:04.904283
7613682107390397738,https://www.douyin.com/video/7613682107390397738,https://www.douyin.com/jingxuan/fashion,2026-05-09T20:05:04.904283
7613682107390397738,https://www.douyin.com/video/7613682107390397738,https://www.douyin.com/jingxuan/pet,2026-05-09T20:05:04.904283
7613683628375133455,https://www.douyin.com/video/7613683628375133455,https://www.douyin.com/jingxuan/life,2026-05-09T20:05:04.904283
7613687046195907867,https://www.douyin.com/video/7613687046195907867,https://www.douyin.com/jingxuan/car,2026-05-09T20:05:04.904283
7613715967910137131,https://www.douyin.com/video/7613715967910137131,https://www.douyin.com/jingxuan/car,2026-05-09T20:05:04.904283
7613775151640972578,https://www.douyin.com/video/7613775151640972578,https://www.douyin.com/jingxuan/food,2026-05-09T20:05:04.904283
7613789091473181998,https://www.douyin.com/video/7613789091473181998,https://www.douyin.com/jingxuan/acg,2026-05-09T20:05:04.904283
7613792946936089883,https://www.douyin.com/video/7613792946936089883,https://www.douyin.com/jingxuan/sports,2026-05-09T20:05:04.904283
7613822505429503258,https://www.douyin.com/video/7613822505429503258,https://www.douyin.com/jingxuan,2026-05-09T20:05:04.904283
7613822505429503258,https://www.douyin.com/video/7613822505429503258,https://www.douyin.com/jingxuan/dance,2026-05-09T20:05:04.904283
7613822505429503258,https://www.douyin.com/video/7613822505429503258,https://www.douyin.com/jingxuan/fashion,2026-05-09T20:05:04.904283
7613822505429503258,https://www.douyin.com/video/7613822505429503258,https://www.douyin.com/jingxuan/kids,2026-05-09T20:05:04.904283
7613822505429503258,https://www.douyin.com/video/7613822505429503258,https://www.douyin.com/jingxuan/life,2026-05-09T20:05:04.904283
7613822505429503258,https://www.douyin.com/video/7613822505429503258,https://www.douyin.com/jingxuan/pet,2026-05-09T20:05:04.904283
7613941120212454691,https://www.douyin.com/video/7613941120212454691,https://www.douyin.com/jingxuan/animal,2026-05-09T20:05:04.904283
7613973853982805258,https://www.douyin.com/video/7613973853982805258,https://www.douyin.com/jingxuan/car,2026-05-09T20:05:04.904283
7613981321911684379,https://www.douyin.com/video/7613981321911684379,https://www.douyin.com/jingxuan/sports,2026-05-09T20:05:04.904283
7613989601393490331,https://www.douyin.com/video/7613989601393490331,https://www.douyin.com/jingxuan/food,2026-05-09T20:05:04.904283
7614013297335045422,https://www.douyin.com/video/7614013297335045422,https://www.douyin.com/jingxuan/food,2026-05-09T20:05:04.904283
7614020063171054867,https://www.douyin.com/video/7614020063171054867,https://www.douyin.com/jingxuan/travel,2026-05-09T20:05:04.904283
7614051080132889866,https://www.douyin.com/video/7614051080132889866,https://www.douyin.com/jingxuan/acg,2026-05-09T20:05:04.904283
7614073683925595065,https://www.douyin.com/video/7614073683925595065,https://www.douyin.com/jingxuan/travel,2026-05-09T20:05:04.904283
7614081987866938676,https://www.douyin.com/video/7614081987866938676,https://www.douyin.com/jingxuan/film,2026-05-09T20:05:04.904283
7614085346636172578,https://www.douyin.com/video/7614085346636172578,https://www.douyin.com/jingxuan/animal,2026-05-09T20:05:04.904283
7614096347142098191,https://www.douyin.com/video/7614096347142098191,https://www.douyin.com/jingxuan/emotion,2026-05-09T20:05:04.904283
7614096347142098191,https://www.douyin.com/video/7614096347142098191,https://www.douyin.com/jingxuan/kids,2026-05-09T20:05:04.904283
7614107201946324278,https://www.douyin.com/video/7614107201946324278,https://www.douyin.com/jingxuan/film,2026-05-09T20:05:04.904283
7614108108792854259,https://www.douyin.com/video/7614108108792854259,https://www.douyin.com/jingxuan/animal,2026-05-09T20:05:04.904283
7614132371868224811,https://www.douyin.com/video/7614132371868224811,https://www.douyin.com/jingxuan,2026-05-09T20:05:04.904283
7614132371868224811,https://www.douyin.com/video/7614132371868224811,https://www.douyin.com/jingxuan/travel,2026-05-09T20:05:04.904283
7614132371868224811,https://www.douyin.com/video/7614132371868224811,https://www.douyin.com/jingxuan/dance,2026-05-09T20:05:04.904283
7614132371868224811,https://www.douyin.com/video/7614132371868224811,https://www.douyin.com/jingxuan/kids,2026-05-09T20:05:04.904283
7614132371868224811,https://www.douyin.com/video/7614132371868224811,https://www.douyin.com/jingxuan/life,2026-05-09T20:05:04.904283
7614132371868224811,https://www.douyin.com/video/7614132371868224811,https://www.douyin.com/jingxuan/pet,2026-05-09T20:05:04.904283
7614158976423076325,https://www.douyin.com/video/7614158976423076325,https://www.douyin.com/jingxuan/animal,2026-05-09T20:05:04.904283
7614327398557789422,https://www.douyin.com/video/7614327398557789422,https://www.douyin.com/jingxuan/music,2026-05-09T20:05:04.904283
7614335501419482410,https://www.douyin.com/video/7614335501419482410,https://www.douyin.com/jingxuan/travel,2026-05-09T20:05:04.904283
7614409425726892155,https://www.douyin.com/video/7614409425726892155,https://www.douyin.com/jingxuan/travel,2026-05-09T20:05:04.904283
7614432859713047849,https://www.douyin.com/video/7614432859713047849,https://www.douyin.com/jingxuan/food,2026-05-09T20:05:04.904283
7614446461912108340,https://www.douyin.com/video/7614446461912108340,https://www.douyin.com/jingxuan/film,2026-05-09T20:05:04.904283
7614484244270754539,https://www.douyin.com/video/7614484244270754539,https://www.douyin.com/jingxuan/animal,2026-05-09T20:05:04.904283
7614490400325127475,https://www.douyin.com/video/7614490400325127475,https://www.douyin.com/jingxuan/game,2026-05-09T20:05:04.905278
7614497844430507290,https://www.douyin.com/video/7614497844430507290,https://www.douyin.com/jingxuan/travel,2026-05-09T20:05:04.905278
7614499599616694202,https://www.douyin.com/video/7614499599616694202,https://www.douyin.com/jingxuan/beauty,2026-05-09T20:05:04.905278
7614535541908657587,https://www.douyin.com/video/7614535541908657587,https://www.douyin.com/jingxuan/travel,2026-05-09T20:05:04.905278
7614535787702471963,https://www.douyin.com/video/7614535787702471963,https://www.douyin.com/jingxuan/car,2026-05-09T20:05:04.905278
7614595196868651750,https://www.douyin.com/video/7614595196868651750,https://www.douyin.com/jingxuan/music,2026-05-09T20:05:04.905278
7614613034794814761,https://www.douyin.com/video/7614613034794814761,https://www.douyin.com/jingxuan/game,2026-05-09T20:05:04.905278
7614675103560862976,https://www.douyin.com/video/7614675103560862976,https://www.douyin.com/jingxuan/film,2026-05-09T20:05:04.905278
7614694376580730148,https://www.douyin.com/video/7614694376580730148,https://www.douyin.com/jingxuan/acg,2026-05-09T20:05:04.905278
7614793148442725682,https://www.douyin.com/video/7614793148442725682,https://www.douyin.com/jingxuan/car,2026-05-09T20:05:04.905278
7614822471066343665,https://www.douyin.com/video/7614822471066343665,https://www.douyin.com/jingxuan/food,2026-05-09T20:05:04.905278
7614830587006782386,https://www.douyin.com/video/7614830587006782386,https://www.douyin.com/jingxuan/music,2026-05-09T20:05:04.905278
7614912314386566442,https://www.douyin.com/video/7614912314386566442,https://www.douyin.com/jingxuan/game,2026-05-09T20:05:04.905278
7614912314386566442,https://www.douyin.com/video/7614912314386566442,https://www.douyin.com/jingxuan/life,2026-05-09T20:05:04.905278
7615047783732677809,https://www.douyin.com/video/7615047783732677809,https://www.douyin.com/jingxuan/fashion,2026-05-09T20:05:04.905278
7615109339958791475,https://www.douyin.com/video/7615109339958791475,https://www.douyin.com/jingxuan/dance,2026-05-09T20:05:04.905278
7615109339958791475,https://www.douyin.com/video/7615109339958791475,https://www.douyin.com/jingxuan/kids,2026-05-09T20:05:04.905278
7615109339958791475,https://www.douyin.com/video/7615109339958791475,https://www.douyin.com/jingxuan/life,2026-05-09T20:05:04.905278
7615109339958791475,https://www.douyin.com/video/7615109339958791475,https://www.douyin.com/jingxuan/pet,2026-05-09T20:05:04.905278
7615154217435621746,https://www.douyin.com/video/7615154217435621746,https://www.douyin.com/jingxuan/film,2026-05-09T20:05:04.905278
7615169263850048804,https://www.douyin.com/video/7615169263850048804,https://www.douyin.com/jingxuan/food,2026-05-09T20:05:04.905278
7615178292052108517,https://www.douyin.com/video/7615178292052108517,https://www.douyin.com/jingxuan/sports,2026-05-09T20:05:04.905278
7615189051318587385,https://www.douyin.com/video/7615189051318587385,https://www.douyin.com/jingxuan/travel,2026-05-09T20:05:04.905278
7615193698905723274,https://www.douyin.com/video/7615193698905723274,https://www.douyin.com/jingxuan/travel,2026-05-09T20:05:04.905278
7615203800814521663,https://www.douyin.com/video/7615203800814521663,https://www.douyin.com/jingxuan/acg,2026-05-09T20:05:04.905278
7615208521521430009,https://www.douyin.com/video/7615208521521430009,https://www.douyin.com/jingxuan/food,2026-05-09T20:05:04.905278
7615209947093093667,https://www.douyin.com/video/7615209947093093667,https://www.douyin.com/jingxuan/acg,2026-05-09T20:05:04.905278
7615249209026010021,https://www.douyin.com/video/7615249209026010021,https://www.douyin.com/jingxuan/animal,2026-05-09T20:05:04.905278
7615255608496786740,https://www.douyin.com/video/7615255608496786740,https://www.douyin.com/jingxuan/car,2026-05-09T20:05:04.905278
7615257397350649097,https://www.douyin.com/video/7615257397350649097,https://www.douyin.com/jingxuan,2026-05-09T20:05:04.905278
7615257397350649097,https://www.douyin.com/video/7615257397350649097,https://www.douyin.com/jingxuan/emotion,2026-05-09T20:05:04.905278
7615257397350649097,https://www.douyin.com/video/7615257397350649097,https://www.douyin.com/jingxuan/fashion,2026-05-09T20:05:04.905278
7615257397350649097,https://www.douyin.com/video/7615257397350649097,https://www.douyin.com/jingxuan/kids,2026-05-09T20:05:04.905278
7615257397350649097,https://www.douyin.com/video/7615257397350649097,https://www.douyin.com/jingxuan/pet,2026-05-09T20:05:04.905278
7615338906040421670,https://www.douyin.com/video/7615338906040421670,https://www.douyin.com/jingxuan/sports,2026-05-09T20:05:04.905278
7615452906074098971,https://www.douyin.com/video/7615452906074098971,https://www.douyin.com/jingxuan/acg,2026-05-09T20:05:04.905278
7615539463104540526,https://www.douyin.com/video/7615539463104540526,https://www.douyin.com/jingxuan/music,2026-05-09T20:05:04.905278
7615549379047659163,https://www.douyin.com/video/7615549379047659163,https://www.douyin.com/jingxuan/food,2026-05-09T20:05:04.905278
7615553359004699939,https://www.douyin.com/video/7615553359004699939,https://www.douyin.com/jingxuan/beauty,2026-05-09T20:05:04.905278
7615563220561199778,https://www.douyin.com/video/7615563220561199778,https://www.douyin.com/jingxuan/food,2026-05-09T20:05:04.905278
7615567424938577193,https://www.douyin.com/video/7615567424938577193,https://www.douyin.com/jingxuan/beauty,2026-05-09T20:05:04.905278
7615584845624911793,https://www.douyin.com/video/7615584845624911793,https://www.douyin.com/jingxuan/beauty,2026-05-09T20:05:04.905278
7615590699433577763,https://www.douyin.com/video/7615590699433577763,https://www.douyin.com/jingxuan/emotion,2026-05-09T20:05:04.905278
7615590699433577763,https://www.douyin.com/video/7615590699433577763,https://www.douyin.com/jingxuan/fashion,2026-05-09T20:05:04.905278
7615600638772695379,https://www.douyin.com/video/7615600638772695379,https://www.douyin.com/jingxuan/food,2026-05-09T20:05:04.905278
7615604576305040640,https://www.douyin.com/video/7615604576305040640,https://www.douyin.com/jingxuan/music,2026-05-09T20:05:04.905278
7615615273009155370,https://www.douyin.com/video/7615615273009155370,https://www.douyin.com/jingxuan/animal,2026-05-09T20:05:04.905278
7615627442803417457,https://www.douyin.com/video/7615627442803417457,https://www.douyin.com/jingxuan/dance,2026-05-09T20:05:04.905278
7615627442803417457,https://www.douyin.com/video/7615627442803417457,https://www.douyin.com/jingxuan/life,2026-05-09T20:05:04.905278
7615647821122866478,https://www.douyin.com/video/7615647821122866478,https://www.douyin.com/jingxuan/pet,2026-05-09T20:05:04.905278
7615716047710162182,https://www.douyin.com/video/7615716047710162182,https://www.douyin.com/jingxuan/game,2026-05-09T20:05:04.905278
7615824148610305326,https://www.douyin.com/video/7615824148610305326,https://www.douyin.com/jingxuan/emotion,2026-05-09T20:05:04.905278
7615824148610305326,https://www.douyin.com/video/7615824148610305326,https://www.douyin.com/jingxuan/fashion,2026-05-09T20:05:04.905278
7615824148610305326,https://www.douyin.com/video/7615824148610305326,https://www.douyin.com/jingxuan/kids,2026-05-09T20:05:04.905278
7615824148610305326,https://www.douyin.com/video/7615824148610305326,https://www.douyin.com/jingxuan/life,2026-05-09T20:05:04.905278
7615836415733091636,https://www.douyin.com/video/7615836415733091636,https://www.douyin.com/jingxuan/emotion,2026-05-09T20:05:04.905278
7615836415733091636,https://www.douyin.com/video/7615836415733091636,https://www.douyin.com/jingxuan/fashion,2026-05-09T20:05:04.905278
7615836415733091636,https://www.douyin.com/video/7615836415733091636,https://www.douyin.com/jingxuan/kids,2026-05-09T20:05:04.905278
7615836415733091636,https://www.douyin.com/video/7615836415733091636,https://www.douyin.com/jingxuan/pet,2026-05-09T20:05:04.905278
7615909858923138367,https://www.douyin.com/video/7615909858923138367,https://www.douyin.com/jingxuan,2026-05-09T20:05:04.905278
7615909858923138367,https://www.douyin.com/video/7615909858923138367,https://www.douyin.com/jingxuan/emotion,2026-05-09T20:05:04.905278
7615909858923138367,https://www.douyin.com/video/7615909858923138367,https://www.douyin.com/jingxuan/fashion,2026-05-09T20:05:04.905278
7615909858923138367,https://www.douyin.com/video/7615909858923138367,https://www.douyin.com/jingxuan/kids,2026-05-09T20:05:04.905278
7615909858923138367,https://www.douyin.com/video/7615909858923138367,https://www.douyin.com/jingxuan/pet,2026-05-09T20:05:04.905278
7615918812655537780,https://www.douyin.com/video/7615918812655537780,https://www.douyin.com/jingxuan/food,2026-05-09T20:05:04.905278
7615931774903880975,https://www.douyin.com/video/7615931774903880975,https://www.douyin.com/jingxuan/acg,2026-05-09T20:05:04.905278
7615932861346709386,https://www.douyin.com/video/7615932861346709386,https://www.douyin.com/jingxuan/beauty,2026-05-09T20:05:04.905278
7615943767853518120,https://www.douyin.com/video/7615943767853518120,https://www.douyin.com/jingxuan/animal,2026-05-09T20:05:04.905278
7615944370601462129,https://www.douyin.com/video/7615944370601462129,https://www.douyin.com/jingxuan/film,2026-05-09T20:05:04.905278
7615947281694477614,https://www.douyin.com/video/7615947281694477614,https://www.douyin.com/jingxuan/animal,2026-05-09T20:05:04.905278
7615950752439160100,https://www.douyin.com/video/7615950752439160100,https://www.douyin.com/jingxuan/travel,2026-05-09T20:05:04.905278
7615955237022903281,https://www.douyin.com/video/7615955237022903281,https://www.douyin.com/jingxuan/music,2026-05-09T20:05:04.905278
7615972494008143114,https://www.douyin.com/video/7615972494008143114,https://www.douyin.com/jingxuan,2026-05-09T20:05:04.905278
7615972494008143114,https://www.douyin.com/video/7615972494008143114,https://www.douyin.com/jingxuan/emotion,2026-05-09T20:05:04.905278
7615972494008143114,https://www.douyin.com/video/7615972494008143114,https://www.douyin.com/jingxuan/fashion,2026-05-09T20:05:04.905278
7615972494008143114,https://www.douyin.com/video/7615972494008143114,https://www.douyin.com/jingxuan/pet,2026-05-09T20:05:04.905278
7615977217759388507,https://www.douyin.com/video/7615977217759388507,https://www.douyin.com/jingxuan/beauty,2026-05-09T20:05:04.905278
7615990066342546714,https://www.douyin.com/video/7615990066342546714,https://www.douyin.com/jingxuan/acg,2026-05-09T20:05:04.905278
7615999979555859621,https://www.douyin.com/video/7615999979555859621,https://www.douyin.com/jingxuan,2026-05-09T20:05:04.905278
7615999979555859621,https://www.douyin.com/video/7615999979555859621,https://www.douyin.com/jingxuan/dance,2026-05-09T20:05:04.905278
7615999979555859621,https://www.douyin.com/video/7615999979555859621,https://www.douyin.com/jingxuan/emotion,2026-05-09T20:05:04.905278
7615999979555859621,https://www.douyin.com/video/7615999979555859621,https://www.douyin.com/jingxuan/fashion,2026-05-09T20:05:04.905278
7615999979555859621,https://www.douyin.com/video/7615999979555859621,https://www.douyin.com/jingxuan/kids,2026-05-09T20:05:04.905278
7615999979555859621,https://www.douyin.com/video/7615999979555859621,https://www.douyin.com/jingxuan/pet,2026-05-09T20:05:04.905278
7616000274355719450,https://www.douyin.com/video/7616000274355719450,https://www.douyin.com/jingxuan/travel,2026-05-09T20:05:04.905278
7616000617757360377,https://www.douyin.com/video/7616000617757360377,https://www.douyin.com/jingxuan/travel,2026-05-09T20:05:04.905278
7616160289180830059,https://www.douyin.com/video/7616160289180830059,https://www.douyin.com/jingxuan/sports,2026-05-09T20:05:04.905278
7616198504142195994,https://www.douyin.com/video/7616198504142195994,https://www.douyin.com/jingxuan/sports,2026-05-09T20:05:04.905278
7616211850955545039,https://www.douyin.com/video/7616211850955545039,https://www.douyin.com/jingxuan/food,2026-05-09T20:05:04.905278
7616226991944477364,https://www.douyin.com/video/7616226991944477364,https://www.douyin.com/jingxuan/travel,2026-05-09T20:05:04.905278
7616260083755797801,https://www.douyin.com/video/7616260083755797801,https://www.douyin.com/jingxuan/film,2026-05-09T20:05:04.905278
7616279496861240616,https://www.douyin.com/video/7616279496861240616,https://www.douyin.com/jingxuan/life,2026-05-09T20:05:04.905278
7616312657909386496,https://www.douyin.com/video/7616312657909386496,https://www.douyin.com/jingxuan/film,2026-05-09T20:05:04.905278
7616315957388053775,https://www.douyin.com/video/7616315957388053775,https://www.douyin.com/jingxuan/beauty,2026-05-09T20:05:04.905278
7616316132252847395,https://www.douyin.com/video/7616316132252847395,https://www.douyin.com/jingxuan/music,2026-05-09T20:05:04.905278
7616316334200081704,https://www.douyin.com/video/7616316334200081704,https://www.douyin.com/jingxuan/music,2026-05-09T20:05:04.905278
7616319602435444031,https://www.douyin.com/video/7616319602435444031,https://www.douyin.com/jingxuan/acg,2026-05-09T20:05:04.905278
7616320759145795505,https://www.douyin.com/video/7616320759145795505,https://www.douyin.com/jingxuan/animal,2026-05-09T20:05:04.905278
7616409195835930100,https://www.douyin.com/video/7616409195835930100,https://www.douyin.com/jingxuan/travel,2026-05-09T20:05:04.905278
7616567343607625061,https://www.douyin.com/video/7616567343607625061,https://www.douyin.com/jingxuan/music,2026-05-09T20:05:04.905278
7616595815947078962,https://www.douyin.com/video/7616595815947078962,https://www.douyin.com/jingxuan/travel,2026-05-09T20:05:04.905278
7616615936887459108,https://www.douyin.com/video/7616615936887459108,https://www.douyin.com/jingxuan/sports,2026-05-09T20:05:04.905278
7616627318119091953,https://www.douyin.com/video/7616627318119091953,https://www.douyin.com/jingxuan/food,2026-05-09T20:05:04.905278
7616643985280486694,https://www.douyin.com/video/7616643985280486694,https://www.douyin.com/jingxuan/car,2026-05-09T20:05:04.905278
7616652921194745094,https://www.douyin.com/video/7616652921194745094,https://www.douyin.com/jingxuan/dance,2026-05-09T20:05:04.905278
7616652921194745094,https://www.douyin.com/video/7616652921194745094,https://www.douyin.com/jingxuan/emotion,2026-05-09T20:05:04.905278
7616652921194745094,https://www.douyin.com/video/7616652921194745094,https://www.douyin.com/jingxuan/kids,2026-05-09T20:05:04.905278
7616652921194745094,https://www.douyin.com/video/7616652921194745094,https://www.douyin.com/jingxuan/pet,2026-05-09T20:05:04.905278
7616662402301529344,https://www.douyin.com/video/7616662402301529344,https://www.douyin.com/jingxuan/acg,2026-05-09T20:05:04.905278
7616664707622429641,https://www.douyin.com/video/7616664707622429641,https://www.douyin.com/jingxuan/film,2026-05-09T20:05:04.905278
7616676536938286376,https://www.douyin.com/video/7616676536938286376,https://www.douyin.com/jingxuan/car,2026-05-09T20:05:04.905278
7616681415404905637,https://www.douyin.com/video/7616681415404905637,https://www.douyin.com/jingxuan/acg,2026-05-09T20:05:04.905278
7616683875292483685,https://www.douyin.com/video/7616683875292483685,https://www.douyin.com/jingxuan/food,2026-05-09T20:05:04.905278
7616684233290063242,https://www.douyin.com/video/7616684233290063242,https://www.douyin.com/jingxuan/beauty,2026-05-09T20:05:04.905278
7616696629835418880,https://www.douyin.com/video/7616696629835418880,https://www.douyin.com/jingxuan/car,2026-05-09T20:05:04.905278
7616698084181036330,https://www.douyin.com/video/7616698084181036330,https://www.douyin.com/jingxuan/music,2026-05-09T20:05:04.905278
7616699940257489576,https://www.douyin.com/video/7616699940257489576,https://www.douyin.com/jingxuan/animal,2026-05-09T20:05:04.905278
7616747512547839278,https://www.douyin.com/video/7616747512547839278,https://www.douyin.com/jingxuan/music,2026-05-09T20:05:04.905278
7616765958964105851,https://www.douyin.com/video/7616765958964105851,https://www.douyin.com/jingxuan/food,2026-05-09T20:05:04.905278
7616782688267160868,https://www.douyin.com/video/7616782688267160868,https://www.douyin.com/jingxuan/film,2026-05-09T20:05:04.905278
7616941351514410286,https://www.douyin.com/video/7616941351514410286,https://www.douyin.com/jingxuan/music,2026-05-09T20:05:04.905278
7616941808878113139,https://www.douyin.com/video/7616941808878113139,https://www.douyin.com/jingxuan/music,2026-05-09T20:05:04.905278
7617032279000436006,https://www.douyin.com/video/7617032279000436006,https://www.douyin.com/jingxuan/music,2026-05-09T20:05:04.905278
7617033479575064419,https://www.douyin.com/video/7617033479575064419,https://www.douyin.com/jingxuan/game,2026-05-09T20:05:04.905278
7617060508072305329,https://www.douyin.com/video/7617060508072305329,https://www.douyin.com/jingxuan/game,2026-05-09T20:05:04.905278
7617062118608686346,https://www.douyin.com/video/7617062118608686346,https://www.douyin.com/jingxuan/sports,2026-05-09T20:05:04.905278
7617063490724915091,https://www.douyin.com/video/7617063490724915091,https://www.douyin.com/jingxuan/game,2026-05-09T20:05:04.905278
7617078577124773172,https://www.douyin.com/video/7617078577124773172,https://www.douyin.com/jingxuan/music,2026-05-09T20:05:04.905278
7617181198683108339,https://www.douyin.com/video/7617181198683108339,https://www.douyin.com/jingxuan/music,2026-05-09T20:05:04.905278
7617248654685339897,https://www.douyin.com/video/7617248654685339897,https://www.douyin.com/jingxuan/sports,2026-05-09T20:05:04.905278
7617333028809822309,https://www.douyin.com/video/7617333028809822309,https://www.douyin.com/jingxuan/beauty,2026-05-09T20:05:04.905278
7617360131021393195,https://www.douyin.com/video/7617360131021393195,https://www.douyin.com/jingxuan/beauty,2026-05-09T20:05:04.905278
7617364277967730411,https://www.douyin.com/video/7617364277967730411,https://www.douyin.com/jingxuan/travel,2026-05-09T20:05:04.905278
7617366114821873827,https://www.douyin.com/video/7617366114821873827,https://www.douyin.com/jingxuan,2026-05-09T20:05:04.905278
7617366114821873827,https://www.douyin.com/video/7617366114821873827,https://www.douyin.com/jingxuan/dance,2026-05-09T20:05:04.905278
7617366114821873827,https://www.douyin.com/video/7617366114821873827,https://www.douyin.com/jingxuan/emotion,2026-05-09T20:05:04.905278
7617366114821873827,https://www.douyin.com/video/7617366114821873827,https://www.douyin.com/jingxuan/fashion,2026-05-09T20:05:04.905278
7617366114821873827,https://www.douyin.com/video/7617366114821873827,https://www.douyin.com/jingxuan/kids,2026-05-09T20:05:04.905278
7617366114821873827,https://www.douyin.com/video/7617366114821873827,https://www.douyin.com/jingxuan/pet,2026-05-09T20:05:04.905278
7617366269179825444,https://www.douyin.com/video/7617366269179825444,https://www.douyin.com/jingxuan/music,2026-05-09T20:05:04.905278
7617370563069234473,https://www.douyin.com/video/7617370563069234473,https://www.douyin.com/jingxuan,2026-05-09T20:05:04.905278
7617370563069234473,https://www.douyin.com/video/7617370563069234473,https://www.douyin.com/jingxuan/film,2026-05-09T20:05:04.905278
7617370563069234473,https://www.douyin.com/video/7617370563069234473,https://www.douyin.com/jingxuan/dance,2026-05-09T20:05:04.905278
7617370563069234473,https://www.douyin.com/video/7617370563069234473,https://www.douyin.com/jingxuan/emotion,2026-05-09T20:05:04.905278
7617370563069234473,https://www.douyin.com/video/7617370563069234473,https://www.douyin.com/jingxuan/fashion,2026-05-09T20:05:04.905278
7617370563069234473,https://www.douyin.com/video/7617370563069234473,https://www.douyin.com/jingxuan/kids,2026-05-09T20:05:04.905278
7617370563069234473,https://www.douyin.com/video/7617370563069234473,https://www.douyin.com/jingxuan/pet,2026-05-09T20:05:04.905278
7617421234128566874,https://www.douyin.com/video/7617421234128566874,https://www.douyin.com/jingxuan/music,2026-05-09T20:05:04.905278
7617433250180998250,https://www.douyin.com/video/7617433250180998250,https://www.douyin.com/jingxuan/travel,2026-05-09T20:05:04.905278
7617495165426552107,https://www.douyin.com/video/7617495165426552107,https://www.douyin.com/jingxuan,2026-05-09T20:05:04.905278
7617495165426552107,https://www.douyin.com/video/7617495165426552107,https://www.douyin.com/jingxuan/dance,2026-05-09T20:05:04.905278
7617495165426552107,https://www.douyin.com/video/7617495165426552107,https://www.douyin.com/jingxuan/fashion,2026-05-09T20:05:04.905278
7617495165426552107,https://www.douyin.com/video/7617495165426552107,https://www.douyin.com/jingxuan/kids,2026-05-09T20:05:04.905278
7617495165426552107,https://www.douyin.com/video/7617495165426552107,https://www.douyin.com/jingxuan/life,2026-05-09T20:05:04.905278
7617495165426552107,https://www.douyin.com/video/7617495165426552107,https://www.douyin.com/jingxuan/pet,2026-05-09T20:05:04.905278
7617497849667833114,https://www.douyin.com/video/7617497849667833114,https://www.douyin.com/jingxuan,2026-05-09T20:05:04.905278
7617497849667833114,https://www.douyin.com/video/7617497849667833114,https://www.douyin.com/jingxuan/emotion,2026-05-09T20:05:04.905278
7617497849667833114,https://www.douyin.com/video/7617497849667833114,https://www.douyin.com/jingxuan/pet,2026-05-09T20:05:04.905278
7617666852956687631,https://www.douyin.com/video/7617666852956687631,https://www.douyin.com/jingxuan/film,2026-05-09T20:05:04.905278
7617730110942188955,https://www.douyin.com/video/7617730110942188955,https://www.douyin.com/jingxuan/car,2026-05-09T20:05:04.905278
7617734749763785142,https://www.douyin.com/video/7617734749763785142,https://www.douyin.com/jingxuan/film,2026-05-09T20:05:04.905278
7617738438560861494,https://www.douyin.com/video/7617738438560861494,https://www.douyin.com/jingxuan/sports,2026-05-09T20:05:04.905278
7617783724431707432,https://www.douyin.com/video/7617783724431707432,https://www.douyin.com/jingxuan/film,2026-05-09T20:05:04.905278
7617786427195116815,https://www.douyin.com/video/7617786427195116815,https://www.douyin.com/jingxuan/car,2026-05-09T20:05:04.905278
7617793304261314722,https://www.douyin.com/video/7617793304261314722,https://www.douyin.com/jingxuan/beauty,2026-05-09T20:05:04.905278
7617798935461006618,https://www.douyin.com/video/7617798935461006618,https://www.douyin.com/jingxuan/film,2026-05-09T20:05:04.905278
7617799265577862329,https://www.douyin.com/video/7617799265577862329,https://www.douyin.com/jingxuan/animal,2026-05-09T20:05:04.905278
7617814923535486244,https://www.douyin.com/video/7617814923535486244,https://www.douyin.com/jingxuan/game,2026-05-09T20:05:04.905278
7617886124672929078,https://www.douyin.com/video/7617886124672929078,https://www.douyin.com/jingxuan/film,2026-05-09T20:05:04.905278
7617949888386583859,https://www.douyin.com/video/7617949888386583859,https://www.douyin.com/jingxuan/travel,2026-05-09T20:05:04.905278
7618116094112337202,https://www.douyin.com/video/7618116094112337202,https://www.douyin.com/jingxuan/kids,2026-05-09T20:05:04.905278
7618116094112337202,https://www.douyin.com/video/7618116094112337202,https://www.douyin.com/jingxuan/life,2026-05-09T20:05:04.905278
7618116094112337202,https://www.douyin.com/video/7618116094112337202,https://www.douyin.com/jingxuan/pet,2026-05-09T20:05:04.905278
7618147589602440787,https://www.douyin.com/video/7618147589602440787,https://www.douyin.com/jingxuan/car,2026-05-09T20:05:04.905278
7618156467836931382,https://www.douyin.com/video/7618156467836931382,https://www.douyin.com/jingxuan/acg,2026-05-09T20:05:04.905278
7618164471965519138,https://www.douyin.com/video/7618164471965519138,https://www.douyin.com/jingxuan,2026-05-09T20:05:04.905278
7618164471965519138,https://www.douyin.com/video/7618164471965519138,https://www.douyin.com/jingxuan/emotion,2026-05-09T20:05:04.905278
7618179591827459391,https://www.douyin.com/video/7618179591827459391,https://www.douyin.com/jingxuan/travel,2026-05-09T20:05:04.905278
7618194369484442889,https://www.douyin.com/video/7618194369484442889,https://www.douyin.com/jingxuan/film,2026-05-09T20:05:04.905278
7618198768810315046,https://www.douyin.com/video/7618198768810315046,https://www.douyin.com/jingxuan/game,2026-05-09T20:05:04.905278
7618207285441722959,https://www.douyin.com/video/7618207285441722959,https://www.douyin.com/jingxuan/travel,2026-05-09T20:05:04.905278
7618218854267430884,https://www.douyin.com/video/7618218854267430884,https://www.douyin.com/jingxuan/emotion,2026-05-09T20:05:04.905278
7618218854267430884,https://www.douyin.com/video/7618218854267430884,https://www.douyin.com/jingxuan/fashion,2026-05-09T20:05:04.905278
7618218854267430884,https://www.douyin.com/video/7618218854267430884,https://www.douyin.com/jingxuan/life,2026-05-09T20:05:04.905278
7618219427011653723,https://www.douyin.com/video/7618219427011653723,https://www.douyin.com/jingxuan/travel,2026-05-09T20:05:04.905278
7618225848767745280,https://www.douyin.com/video/7618225848767745280,https://www.douyin.com/jingxuan/travel,2026-05-09T20:05:04.905278
7618227172787962303,https://www.douyin.com/video/7618227172787962303,https://www.douyin.com/jingxuan/music,2026-05-09T20:05:04.905278
7618407186049355034,https://www.douyin.com/video/7618407186049355034,https://www.douyin.com/jingxuan/game,2026-05-09T20:05:04.905278
7618427708871347689,https://www.douyin.com/video/7618427708871347689,https://www.douyin.com/jingxuan/film,2026-05-09T20:05:04.905278
7618454223981661490,https://www.douyin.com/video/7618454223981661490,https://www.douyin.com/jingxuan/animal,2026-05-09T20:05:04.905278
7618481470910303524,https://www.douyin.com/video/7618481470910303524,https://www.douyin.com/jingxuan/food,2026-05-09T20:05:04.905278
7618483738096065147,https://www.douyin.com/video/7618483738096065147,https://www.douyin.com/jingxuan/sports,2026-05-09T20:05:04.905278
7618492760475127081,https://www.douyin.com/video/7618492760475127081,https://www.douyin.com/jingxuan/fashion,2026-05-09T20:05:04.905278
7618504428232084041,https://www.douyin.com/video/7618504428232084041,https://www.douyin.com/jingxuan/travel,2026-05-09T20:05:04.905278
7618524695079570730,https://www.douyin.com/video/7618524695079570730,https://www.douyin.com/jingxuan/film,2026-05-09T20:05:04.905278
7618524695079570730,https://www.douyin.com/video/7618524695079570730,https://www.douyin.com/jingxuan/life,2026-05-09T20:05:04.905278
7618525482442575154,https://www.douyin.com/video/7618525482442575154,https://www.douyin.com/jingxuan/animal,2026-05-09T20:05:04.905278
7618526167486377955,https://www.douyin.com/video/7618526167486377955,https://www.douyin.com/jingxuan/travel,2026-05-09T20:05:04.905278
7618529822620339491,https://www.douyin.com/video/7618529822620339491,https://www.douyin.com/jingxuan/film,2026-05-09T20:05:04.905278
7618532809552242083,https://www.douyin.com/video/7618532809552242083,https://www.douyin.com/jingxuan/beauty,2026-05-09T20:05:04.905278
7618538095000275633,https://www.douyin.com/video/7618538095000275633,https://www.douyin.com/jingxuan/beauty,2026-05-09T20:05:04.905278
7618586748012006702,https://www.douyin.com/video/7618586748012006702,https://www.douyin.com/jingxuan/film,2026-05-09T20:05:04.906278
7618603191910911273,https://www.douyin.com/video/7618603191910911273,https://www.douyin.com/jingxuan/beauty,2026-05-09T20:05:04.906278
7618620596858916159,https://www.douyin.com/video/7618620596858916159,https://www.douyin.com/jingxuan/film,2026-05-09T20:05:04.906278
7618638317973818643,https://www.douyin.com/video/7618638317973818643,https://www.douyin.com/jingxuan/acg,2026-05-09T20:05:04.906278
7618681299389156650,https://www.douyin.com/video/7618681299389156650,https://www.douyin.com/jingxuan/car,2026-05-09T20:05:04.906278
7618797668227222834,https://www.douyin.com/video/7618797668227222834,https://www.douyin.com/jingxuan/music,2026-05-09T20:05:04.906278
7618816487842680102,https://www.douyin.com/video/7618816487842680102,https://www.douyin.com/jingxuan/beauty,2026-05-09T20:05:04.906278
7618861113958141219,https://www.douyin.com/video/7618861113958141219,https://www.douyin.com/jingxuan/acg,2026-05-09T20:05:04.906278
7618861653731347721,https://www.douyin.com/video/7618861653731347721,https://www.douyin.com/jingxuan/acg,2026-05-09T20:05:04.906278
7618882333705293056,https://www.douyin.com/video/7618882333705293056,https://www.douyin.com/jingxuan/animal,2026-05-09T20:05:04.906278
7618883636854623507,https://www.douyin.com/video/7618883636854623507,https://www.douyin.com/jingxuan/game,2026-05-09T20:05:04.906278
7618897621725788082,https://www.douyin.com/video/7618897621725788082,https://www.douyin.com/jingxuan/beauty,2026-05-09T20:05:04.906278
7618902148226518312,https://www.douyin.com/video/7618902148226518312,https://www.douyin.com/jingxuan/pet,2026-05-09T20:05:04.906278
7618911996402444746,https://www.douyin.com/video/7618911996402444746,https://www.douyin.com/jingxuan/travel,2026-05-09T20:05:04.906278
7618916334441055891,https://www.douyin.com/video/7618916334441055891,https://www.douyin.com/jingxuan/beauty,2026-05-09T20:05:04.906278
7618918303242800424,https://www.douyin.com/video/7618918303242800424,https://www.douyin.com/jingxuan/film,2026-05-09T20:05:04.906278
7618965549904609722,https://www.douyin.com/video/7618965549904609722,https://www.douyin.com/jingxuan/beauty,2026-05-09T20:05:04.906278
7618991970542718250,https://www.douyin.com/video/7618991970542718250,https://www.douyin.com/jingxuan/game,2026-05-09T20:05:04.906278
7619033812630483827,https://www.douyin.com/video/7619033812630483827,https://www.douyin.com/jingxuan/music,2026-05-09T20:05:04.906278
7619148921093454693,https://www.douyin.com/video/7619148921093454693,https://www.douyin.com/jingxuan/music,2026-05-09T20:05:04.906278
7619166647483436351,https://www.douyin.com/video/7619166647483436351,https://www.douyin.com/jingxuan/animal,2026-05-09T20:05:04.906278
7619190100253819766,https://www.douyin.com/video/7619190100253819766,https://www.douyin.com/jingxuan/game,2026-05-09T20:05:04.906278
7619190712642358555,https://www.douyin.com/video/7619190712642358555,https://www.douyin.com/jingxuan/travel,2026-05-09T20:05:04.906278
7619259152484896026,https://www.douyin.com/video/7619259152484896026,https://www.douyin.com/jingxuan/music,2026-05-09T20:05:04.906278
7619262561602620706,https://www.douyin.com/video/7619262561602620706,https://www.douyin.com/jingxuan/animal,2026-05-09T20:05:04.906278
7619262761285078308,https://www.douyin.com/video/7619262761285078308,https://www.douyin.com/jingxuan/film,2026-05-09T20:05:04.906278
7619271370928678390,https://www.douyin.com/video/7619271370928678390,https://www.douyin.com/jingxuan/car,2026-05-09T20:05:04.906278
7619280220470075124,https://www.douyin.com/video/7619280220470075124,https://www.douyin.com/jingxuan/food,2026-05-09T20:05:04.906278
7619281272040459539,https://www.douyin.com/video/7619281272040459539,https://www.douyin.com/jingxuan/animal,2026-05-09T20:05:04.906278
7619287806883433764,https://www.douyin.com/video/7619287806883433764,https://www.douyin.com/jingxuan/beauty,2026-05-09T20:05:04.906278
7619326683341933858,https://www.douyin.com/video/7619326683341933858,https://www.douyin.com/jingxuan/game,2026-05-09T20:05:04.906278
7619344018695088015,https://www.douyin.com/video/7619344018695088015,https://www.douyin.com/jingxuan/travel,2026-05-09T20:05:04.906278
7619409701272407336,https://www.douyin.com/video/7619409701272407336,https://www.douyin.com/jingxuan,2026-05-09T20:05:04.906278
7619409701272407336,https://www.douyin.com/video/7619409701272407336,https://www.douyin.com/jingxuan/game,2026-05-09T20:05:04.906278
7619409701272407336,https://www.douyin.com/video/7619409701272407336,https://www.douyin.com/jingxuan/dance,2026-05-09T20:05:04.906278
7619409701272407336,https://www.douyin.com/video/7619409701272407336,https://www.douyin.com/jingxuan/emotion,2026-05-09T20:05:04.906278
7619409701272407336,https://www.douyin.com/video/7619409701272407336,https://www.douyin.com/jingxuan/fashion,2026-05-09T20:05:04.906278
7619409701272407336,https://www.douyin.com/video/7619409701272407336,https://www.douyin.com/jingxuan/kids,2026-05-09T20:05:04.906278
7619409701272407336,https://www.douyin.com/video/7619409701272407336,https://www.douyin.com/jingxuan/pet,2026-05-09T20:05:04.906278
7619418628416441600,https://www.douyin.com/video/7619418628416441600,https://www.douyin.com/jingxuan/acg,2026-05-09T20:05:04.906278
7619506188702469439,https://www.douyin.com/video/7619506188702469439,https://www.douyin.com/jingxuan/acg,2026-05-09T20:05:04.906278
7619583194811223337,https://www.douyin.com/video/7619583194811223337,https://www.douyin.com/jingxuan/acg,2026-05-09T20:05:04.906278
7619593794317344354,https://www.douyin.com/video/7619593794317344354,https://www.douyin.com/jingxuan/beauty,2026-05-09T20:05:04.906278
7619596074893839667,https://www.douyin.com/video/7619596074893839667,https://www.douyin.com/jingxuan/beauty,2026-05-09T20:05:04.906278
7619597492346467257,https://www.douyin.com/video/7619597492346467257,https://www.douyin.com/jingxuan/music,2026-05-09T20:05:04.906278
7619619822908804390,https://www.douyin.com/video/7619619822908804390,https://www.douyin.com/jingxuan/animal,2026-05-09T20:05:04.906278
7619641327945311872,https://www.douyin.com/video/7619641327945311872,https://www.douyin.com/jingxuan/game,2026-05-09T20:05:04.906278
7619642364730101032,https://www.douyin.com/video/7619642364730101032,https://www.douyin.com/jingxuan/animal,2026-05-09T20:05:04.906278
7619645968354577705,https://www.douyin.com/video/7619645968354577705,https://www.douyin.com/jingxuan/film,2026-05-09T20:05:04.906278
7619663359419403530,https://www.douyin.com/video/7619663359419403530,https://www.douyin.com/jingxuan/life,2026-05-09T20:05:04.906278
7619667041833880867,https://www.douyin.com/video/7619667041833880867,https://www.douyin.com/jingxuan,2026-05-09T20:05:04.906278
7619667041833880867,https://www.douyin.com/video/7619667041833880867,https://www.douyin.com/jingxuan/dance,2026-05-09T20:05:04.906278
7619667041833880867,https://www.douyin.com/video/7619667041833880867,https://www.douyin.com/jingxuan/emotion,2026-05-09T20:05:04.906278
7619667041833880867,https://www.douyin.com/video/7619667041833880867,https://www.douyin.com/jingxuan/kids,2026-05-09T20:05:04.906278
7619671237858164899,https://www.douyin.com/video/7619671237858164899,https://www.douyin.com/jingxuan/music,2026-05-09T20:05:04.906278
7619672330477784326,https://www.douyin.com/video/7619672330477784326,https://www.douyin.com/jingxuan/beauty,2026-05-09T20:05:04.906278
7619692692443827466,https://www.douyin.com/video/7619692692443827466,https://www.douyin.com/jingxuan/film,2026-05-09T20:05:04.906278
7619864590058310947,https://www.douyin.com/video/7619864590058310947,https://www.douyin.com/jingxuan/acg,2026-05-09T20:05:04.906278
7619927134266707578,https://www.douyin.com/video/7619927134266707578,https://www.douyin.com/jingxuan/sports,2026-05-09T20:05:04.906278
7620026207781899583,https://www.douyin.com/video/7620026207781899583,https://www.douyin.com/jingxuan/travel,2026-05-09T20:05:04.906278
7620029005698333358,https://www.douyin.com/video/7620029005698333358,https://www.douyin.com/jingxuan/food,2026-05-09T20:05:04.906278
7620031029817904410,https://www.douyin.com/video/7620031029817904410,https://www.douyin.com/jingxuan,2026-05-09T20:05:04.906278
7620031029817904410,https://www.douyin.com/video/7620031029817904410,https://www.douyin.com/jingxuan/pet,2026-05-09T20:05:04.906278
7620048862488661274,https://www.douyin.com/video/7620048862488661274,https://www.douyin.com/jingxuan/travel,2026-05-09T20:05:04.906278
7620113246065806634,https://www.douyin.com/video/7620113246065806634,https://www.douyin.com/jingxuan/travel,2026-05-09T20:05:04.906278
7620139565542715642,https://www.douyin.com/video/7620139565542715642,https://www.douyin.com/jingxuan/travel,2026-05-09T20:05:04.906278
7620195063620177827,https://www.douyin.com/video/7620195063620177827,https://www.douyin.com/jingxuan/food,2026-05-09T20:05:04.906278
7620259491522645254,https://www.douyin.com/video/7620259491522645254,https://www.douyin.com/jingxuan/music,2026-05-09T20:05:04.906278
7620306454214770801,https://www.douyin.com/video/7620306454214770801,https://www.douyin.com/jingxuan/travel,2026-05-09T20:05:04.906278
7620354063531592979,https://www.douyin.com/video/7620354063531592979,https://www.douyin.com/jingxuan/acg,2026-05-09T20:05:04.906278
7620373257933409587,https://www.douyin.com/video/7620373257933409587,https://www.douyin.com/jingxuan/animal,2026-05-09T20:05:04.906278
7620384835231616296,https://www.douyin.com/video/7620384835231616296,https://www.douyin.com/jingxuan/emotion,2026-05-09T20:05:04.906278
7620384835231616296,https://www.douyin.com/video/7620384835231616296,https://www.douyin.com/jingxuan/kids,2026-05-09T20:05:04.906278
7620389150302276904,https://www.douyin.com/video/7620389150302276904,https://www.douyin.com/jingxuan/music,2026-05-09T20:05:04.906278
7620404102861786377,https://www.douyin.com/video/7620404102861786377,https://www.douyin.com/jingxuan/travel,2026-05-09T20:05:04.906278
7620407320414510769,https://www.douyin.com/video/7620407320414510769,https://www.douyin.com/jingxuan/travel,2026-05-09T20:05:04.906278
7620455409144450342,https://www.douyin.com/video/7620455409144450342,https://www.douyin.com/jingxuan/film,2026-05-09T20:05:04.906278
7620618125578439986,https://www.douyin.com/video/7620618125578439986,https://www.douyin.com/jingxuan/food,2026-05-09T20:05:04.906278
7620635985398779163,https://www.douyin.com/video/7620635985398779163,https://www.douyin.com/jingxuan/car,2026-05-09T20:05:04.906278
7620680047086603547,https://www.douyin.com/video/7620680047086603547,https://www.douyin.com/jingxuan/food,2026-05-09T20:05:04.906278
7620729105247489295,https://www.douyin.com/video/7620729105247489295,https://www.douyin.com/jingxuan/animal,2026-05-09T20:05:04.906278
7620759403439885603,https://www.douyin.com/video/7620759403439885603,https://www.douyin.com/jingxuan/acg,2026-05-09T20:05:04.906278
7620797624936893746,https://www.douyin.com/video/7620797624936893746,https://www.douyin.com/jingxuan/animal,2026-05-09T20:05:04.906278
7620804468019349681,https://www.douyin.com/video/7620804468019349681,https://www.douyin.com/jingxuan/sports,2026-05-09T20:05:04.906278
7620817455509671218,https://www.douyin.com/video/7620817455509671218,https://www.douyin.com/jingxuan/film,2026-05-09T20:05:04.906278
7621001290050538758,https://www.douyin.com/video/7621001290050538758,https://www.douyin.com/jingxuan/game,2026-05-09T20:05:04.906278
7621019187045997254,https://www.douyin.com/video/7621019187045997254,https://www.douyin.com/jingxuan/film,2026-05-09T20:05:04.906278
7621029570791165227,https://www.douyin.com/video/7621029570791165227,https://www.douyin.com/jingxuan/music,2026-05-09T20:05:04.906278
7621040910461078819,https://www.douyin.com/video/7621040910461078819,https://www.douyin.com/jingxuan/food,2026-05-09T20:05:04.906278
7621100261117524709,https://www.douyin.com/video/7621100261117524709,https://www.douyin.com/jingxuan/travel,2026-05-09T20:05:04.906278
7621111350193851683,https://www.douyin.com/video/7621111350193851683,https://www.douyin.com/jingxuan/animal,2026-05-09T20:05:04.906278
7621116985266408719,https://www.douyin.com/video/7621116985266408719,https://www.douyin.com/jingxuan/car,2026-05-09T20:05:04.906278
7621123367491644515,https://www.douyin.com/video/7621123367491644515,https://www.douyin.com/jingxuan/sports,2026-05-09T20:05:04.906278
7621146268445789474,https://www.douyin.com/video/7621146268445789474,https://www.douyin.com/jingxuan/music,2026-05-09T20:05:04.906278
7621171842585218340,https://www.douyin.com/video/7621171842585218340,https://www.douyin.com/jingxuan,2026-05-09T20:05:04.906278
7621171842585218340,https://www.douyin.com/video/7621171842585218340,https://www.douyin.com/jingxuan/dance,2026-05-09T20:05:04.906278
7621171842585218340,https://www.douyin.com/video/7621171842585218340,https://www.douyin.com/jingxuan/emotion,2026-05-09T20:05:04.906278
7621173267080006962,https://www.douyin.com/video/7621173267080006962,https://www.douyin.com/jingxuan/game,2026-05-09T20:05:04.906278
7621175927849897251,https://www.douyin.com/video/7621175927849897251,https://www.douyin.com/jingxuan/animal,2026-05-09T20:05:04.906278
7621183643477642536,https://www.douyin.com/video/7621183643477642536,https://www.douyin.com/jingxuan/life,2026-05-09T20:05:04.906278
7621434073982484713,https://www.douyin.com/video/7621434073982484713,https://www.douyin.com/jingxuan/food,2026-05-09T20:05:04.906278
7621455040259181178,https://www.douyin.com/video/7621455040259181178,https://www.douyin.com/jingxuan,2026-05-09T20:05:04.906278
7621455040259181178,https://www.douyin.com/video/7621455040259181178,https://www.douyin.com/jingxuan/emotion,2026-05-09T20:05:04.906278
7621455040259181178,https://www.douyin.com/video/7621455040259181178,https://www.douyin.com/jingxuan/fashion,2026-05-09T20:05:04.906278
7621455040259181178,https://www.douyin.com/video/7621455040259181178,https://www.douyin.com/jingxuan/kids,2026-05-09T20:05:04.906278
7621485780740951334,https://www.douyin.com/video/7621485780740951334,https://www.douyin.com/jingxuan,2026-05-09T20:05:04.906278
7621485780740951334,https://www.douyin.com/video/7621485780740951334,https://www.douyin.com/jingxuan/film,2026-05-09T20:05:04.906278
7621485780740951334,https://www.douyin.com/video/7621485780740951334,https://www.douyin.com/jingxuan/dance,2026-05-09T20:05:04.906278
7621485780740951334,https://www.douyin.com/video/7621485780740951334,https://www.douyin.com/jingxuan/emotion,2026-05-09T20:05:04.906278
7621485780740951334,https://www.douyin.com/video/7621485780740951334,https://www.douyin.com/jingxuan/fashion,2026-05-09T20:05:04.906278
7621485780740951334,https://www.douyin.com/video/7621485780740951334,https://www.douyin.com/jingxuan/kids,2026-05-09T20:05:04.906278
7621485780740951334,https://www.douyin.com/video/7621485780740951334,https://www.douyin.com/jingxuan/pet,2026-05-09T20:05:04.906278
7621489169260762725,https://www.douyin.com/video/7621489169260762725,https://www.douyin.com/jingxuan/food,2026-05-09T20:05:04.906278
7621503699252235572,https://www.douyin.com/video/7621503699252235572,https://www.douyin.com/jingxuan/film,2026-05-09T20:05:04.906278
7621504547391584889,https://www.douyin.com/video/7621504547391584889,https://www.douyin.com/jingxuan/emotion,2026-05-09T20:05:04.906278
7621507042985549797,https://www.douyin.com/video/7621507042985549797,https://www.douyin.com/jingxuan/acg,2026-05-09T20:05:04.906278
7621522144047942946,https://www.douyin.com/video/7621522144047942946,https://www.douyin.com/jingxuan/game,2026-05-09T20:05:04.906278
7621528594132903494,https://www.douyin.com/video/7621528594132903494,https://www.douyin.com/jingxuan/film,2026-05-09T20:05:04.906278
7621754310851339227,https://www.douyin.com/video/7621754310851339227,https://www.douyin.com/jingxuan/emotion,2026-05-09T20:05:04.906278
7621754310851339227,https://www.douyin.com/video/7621754310851339227,https://www.douyin.com/jingxuan/fashion,2026-05-09T20:05:04.906278
7621795990261724850,https://www.douyin.com/video/7621795990261724850,https://www.douyin.com/jingxuan/beauty,2026-05-09T20:05:04.906278
7621796032879349026,https://www.douyin.com/video/7621796032879349026,https://www.douyin.com/jingxuan/travel,2026-05-09T20:05:04.906278
7621799168729730310,https://www.douyin.com/video/7621799168729730310,https://www.douyin.com/jingxuan,2026-05-09T20:05:04.906278
7621799168729730310,https://www.douyin.com/video/7621799168729730310,https://www.douyin.com/jingxuan/fashion,2026-05-09T20:05:04.906278
7621845624694017320,https://www.douyin.com/video/7621845624694017320,https://www.douyin.com/jingxuan/film,2026-05-09T20:05:04.906278
7621845624694017320,https://www.douyin.com/video/7621845624694017320,https://www.douyin.com/jingxuan/emotion,2026-05-09T20:05:04.906278
7621845624694017320,https://www.douyin.com/video/7621845624694017320,https://www.douyin.com/jingxuan/fashion,2026-05-09T20:05:04.906278
7621845624694017320,https://www.douyin.com/video/7621845624694017320,https://www.douyin.com/jingxuan/kids,2026-05-09T20:05:04.906278
7621845624694017320,https://www.douyin.com/video/7621845624694017320,https://www.douyin.com/jingxuan/pet,2026-05-09T20:05:04.906278
7621847286741486889,https://www.douyin.com/video/7621847286741486889,https://www.douyin.com/jingxuan/music,2026-05-09T20:05:04.906278
7621867869134982441,https://www.douyin.com/video/7621867869134982441,https://www.douyin.com/jingxuan/film,2026-05-09T20:05:04.906278
7621973101232766449,https://www.douyin.com/video/7621973101232766449,https://www.douyin.com/jingxuan/travel,2026-05-09T20:05:04.906278
7622046050094346993,https://www.douyin.com/video/7622046050094346993,https://www.douyin.com/jingxuan/music,2026-05-09T20:05:04.906278
7622148310456398568,https://www.douyin.com/video/7622148310456398568,https://www.douyin.com/jingxuan/car,2026-05-09T20:05:04.906278
7622156050770300223,https://www.douyin.com/video/7622156050770300223,https://www.douyin.com/jingxuan/animal,2026-05-09T20:05:04.906278
7622217365505183011,https://www.douyin.com/video/7622217365505183011,https://www.douyin.com/jingxuan/animal,2026-05-09T20:05:04.906278
7622232236292672768,https://www.douyin.com/video/7622232236292672768,https://www.douyin.com/jingxuan/acg,2026-05-09T20:05:04.906278
7622256647763710329,https://www.douyin.com/video/7622256647763710329,https://www.douyin.com/jingxuan/acg,2026-05-09T20:05:04.906278
7622259994934709556,https://www.douyin.com/video/7622259994934709556,https://www.douyin.com/jingxuan/car,2026-05-09T20:05:04.906278
7622353782819117184,https://www.douyin.com/video/7622353782819117184,https://www.douyin.com/jingxuan/music,2026-05-09T20:05:04.906278
7622473264698314036,https://www.douyin.com/video/7622473264698314036,https://www.douyin.com/jingxuan,2026-05-09T20:05:04.906278
7622473264698314036,https://www.douyin.com/video/7622473264698314036,https://www.douyin.com/jingxuan/acg,2026-05-09T20:05:04.906278
7622473264698314036,https://www.douyin.com/video/7622473264698314036,https://www.douyin.com/jingxuan/dance,2026-05-09T20:05:04.906278
7622473264698314036,https://www.douyin.com/video/7622473264698314036,https://www.douyin.com/jingxuan/emotion,2026-05-09T20:05:04.906278
7622473264698314036,https://www.douyin.com/video/7622473264698314036,https://www.douyin.com/jingxuan/fashion,2026-05-09T20:05:04.906278
7622473264698314036,https://www.douyin.com/video/7622473264698314036,https://www.douyin.com/jingxuan/kids,2026-05-09T20:05:04.906278
7622511900726676762,https://www.douyin.com/video/7622511900726676762,https://www.douyin.com/jingxuan/car,2026-05-09T20:05:04.906278
7622554159312637235,https://www.douyin.com/video/7622554159312637235,https://www.douyin.com/jingxuan/film,2026-05-09T20:05:04.906278
7622555998305160488,https://www.douyin.com/video/7622555998305160488,https://www.douyin.com/jingxuan/acg,2026-05-09T20:05:04.906278
7622596694248574254,https://www.douyin.com/video/7622596694248574254,https://www.douyin.com/jingxuan/film,2026-05-09T20:05:04.906278
7622616538121653567,https://www.douyin.com/video/7622616538121653567,https://www.douyin.com/jingxuan/game,2026-05-09T20:05:04.906278
7622648140205657386,https://www.douyin.com/video/7622648140205657386,https://www.douyin.com/jingxuan/car,2026-05-09T20:05:04.906278
7622665927196151059,https://www.douyin.com/video/7622665927196151059,https://www.douyin.com/jingxuan,2026-05-09T20:05:04.906278
7622665927196151059,https://www.douyin.com/video/7622665927196151059,https://www.douyin.com/jingxuan/film,2026-05-09T20:05:04.906278
7622665927196151059,https://www.douyin.com/video/7622665927196151059,https://www.douyin.com/jingxuan/emotion,2026-05-09T20:05:04.906278
7622665927196151059,https://www.douyin.com/video/7622665927196151059,https://www.douyin.com/jingxuan/pet,2026-05-09T20:05:04.906278
7622687524510567718,https://www.douyin.com/video/7622687524510567718,https://www.douyin.com/jingxuan/food,2026-05-09T20:05:04.906278
7622706079432052022,https://www.douyin.com/video/7622706079432052022,https://www.douyin.com/jingxuan/travel,2026-05-09T20:05:04.906278
7622812119789193387,https://www.douyin.com/video/7622812119789193387,https://www.douyin.com/jingxuan/music,2026-05-09T20:05:04.906278
7622962110028352774,https://www.douyin.com/video/7622962110028352774,https://www.douyin.com/jingxuan/car,2026-05-09T20:05:04.906278
7623002980433825066,https://www.douyin.com/video/7623002980433825066,https://www.douyin.com/jingxuan,2026-05-09T20:05:04.907282
7623002980433825066,https://www.douyin.com/video/7623002980433825066,https://www.douyin.com/jingxuan/emotion,2026-05-09T20:05:04.907282
7623002980433825066,https://www.douyin.com/video/7623002980433825066,https://www.douyin.com/jingxuan/fashion,2026-05-09T20:05:04.907282
7623002980433825066,https://www.douyin.com/video/7623002980433825066,https://www.douyin.com/jingxuan/kids,2026-05-09T20:05:04.907282
7623002980433825066,https://www.douyin.com/video/7623002980433825066,https://www.douyin.com/jingxuan/life,2026-05-09T20:05:04.907282
7623002980433825066,https://www.douyin.com/video/7623002980433825066,https://www.douyin.com/jingxuan/pet,2026-05-09T20:05:04.907282
7623010358499855616,https://www.douyin.com/video/7623010358499855616,https://www.douyin.com/jingxuan/animal,2026-05-09T20:05:04.907282
7623064037986749742,https://www.douyin.com/video/7623064037986749742,https://www.douyin.com/jingxuan,2026-05-09T20:05:04.907282
7623074386690808049,https://www.douyin.com/video/7623074386690808049,https://www.douyin.com/jingxuan/film,2026-05-09T20:05:04.907282
7623120272614264073,https://www.douyin.com/video/7623120272614264073,https://www.douyin.com/jingxuan/fashion,2026-05-09T20:05:04.907282
7623120272614264073,https://www.douyin.com/video/7623120272614264073,https://www.douyin.com/jingxuan/life,2026-05-09T20:05:04.907282
7623281878128745871,https://www.douyin.com/video/7623281878128745871,https://www.douyin.com/jingxuan/music,2026-05-09T20:05:04.907282
7623290583636976767,https://www.douyin.com/video/7623290583636976767,https://www.douyin.com/jingxuan/beauty,2026-05-09T20:05:04.907282
7623334267510788849,https://www.douyin.com/video/7623334267510788849,https://www.douyin.com/jingxuan/beauty,2026-05-09T20:05:04.907282
7623334825550561209,https://www.douyin.com/video/7623334825550561209,https://www.douyin.com/jingxuan/travel,2026-05-09T20:05:04.907282
7623337802704456996,https://www.douyin.com/video/7623337802704456996,https://www.douyin.com/jingxuan/game,2026-05-09T20:05:04.907282
7623348079835499822,https://www.douyin.com/video/7623348079835499822,https://www.douyin.com/jingxuan/film,2026-05-09T20:05:04.907282
7623370873528913179,https://www.douyin.com/video/7623370873528913179,https://www.douyin.com/jingxuan/acg,2026-05-09T20:05:04.907282
7623387328451301989,https://www.douyin.com/video/7623387328451301989,https://www.douyin.com/jingxuan/beauty,2026-05-09T20:05:04.907282
7623421971929353491,https://www.douyin.com/video/7623421971929353491,https://www.douyin.com/jingxuan/travel,2026-05-09T20:05:04.907282
7623458173483060515,https://www.douyin.com/video/7623458173483060515,https://www.douyin.com/jingxuan,2026-05-09T20:05:04.907282
7623458173483060515,https://www.douyin.com/video/7623458173483060515,https://www.douyin.com/jingxuan/fashion,2026-05-09T20:05:04.907282
7623458173483060515,https://www.douyin.com/video/7623458173483060515,https://www.douyin.com/jingxuan/sports,2026-05-09T20:05:04.907282
7623470620629552430,https://www.douyin.com/video/7623470620629552430,https://www.douyin.com/jingxuan/car,2026-05-09T20:05:04.907282
7623506358217805066,https://www.douyin.com/video/7623506358217805066,https://www.douyin.com/jingxuan/life,2026-05-09T20:05:04.907282
7623571327144937969,https://www.douyin.com/video/7623571327144937969,https://www.douyin.com/jingxuan/film,2026-05-09T20:05:04.907282
7623643485618343195,https://www.douyin.com/video/7623643485618343195,https://www.douyin.com/jingxuan/film,2026-05-09T20:05:04.907282
7623692651874897202,https://www.douyin.com/video/7623692651874897202,https://www.douyin.com/jingxuan/sports,2026-05-09T20:05:04.907282
7623703795477794090,https://www.douyin.com/video/7623703795477794090,https://www.douyin.com/jingxuan/sports,2026-05-09T20:05:04.907282
7623729595392609571,https://www.douyin.com/video/7623729595392609571,https://www.douyin.com/jingxuan/sports,2026-05-09T20:05:04.907282
7623732824624860459,https://www.douyin.com/video/7623732824624860459,https://www.douyin.com/jingxuan/film,2026-05-09T20:05:04.907282
7623845916423884078,https://www.douyin.com/video/7623845916423884078,https://www.douyin.com/jingxuan/acg,2026-05-09T20:05:04.907282
7623883679219141938,https://www.douyin.com/video/7623883679219141938,https://www.douyin.com/jingxuan/animal,2026-05-09T20:05:04.907282
7623883679219141938,https://www.douyin.com/video/7623883679219141938,https://www.douyin.com/jingxuan/dance,2026-05-09T20:05:04.907282
7623883679219141938,https://www.douyin.com/video/7623883679219141938,https://www.douyin.com/jingxuan/kids,2026-05-09T20:05:04.907282
7623883679219141938,https://www.douyin.com/video/7623883679219141938,https://www.douyin.com/jingxuan/life,2026-05-09T20:05:04.907282
7623883679219141938,https://www.douyin.com/video/7623883679219141938,https://www.douyin.com/jingxuan/pet,2026-05-09T20:05:04.907282
7623994328936055396,https://www.douyin.com/video/7623994328936055396,https://www.douyin.com/jingxuan/beauty,2026-05-09T20:05:04.907282
7624015826806971078,https://www.douyin.com/video/7624015826806971078,https://www.douyin.com/jingxuan/car,2026-05-09T20:05:04.907282
7624018474632842523,https://www.douyin.com/video/7624018474632842523,https://www.douyin.com/jingxuan/acg,2026-05-09T20:05:04.907282
7624070496316961275,https://www.douyin.com/video/7624070496316961275,https://www.douyin.com/jingxuan/food,2026-05-09T20:05:04.907282
7624087056314092815,https://www.douyin.com/video/7624087056314092815,https://www.douyin.com/jingxuan/sports,2026-05-09T20:05:04.907282
7624117182797047793,https://www.douyin.com/video/7624117182797047793,https://www.douyin.com/jingxuan/food,2026-05-09T20:05:04.907282
7624121653336886563,https://www.douyin.com/video/7624121653336886563,https://www.douyin.com/jingxuan/film,2026-05-09T20:05:04.907282
7624205243957529906,https://www.douyin.com/video/7624205243957529906,https://www.douyin.com/jingxuan/travel,2026-05-09T20:05:04.907282
7624451717215571234,https://www.douyin.com/video/7624451717215571234,https://www.douyin.com/jingxuan/music,2026-05-09T20:05:04.907282
7624467252527598854,https://www.douyin.com/video/7624467252527598854,https://www.douyin.com/jingxuan/emotion,2026-05-09T20:05:04.907282
7624467252527598854,https://www.douyin.com/video/7624467252527598854,https://www.douyin.com/jingxuan/kids,2026-05-09T20:05:04.907282
7624470335487823142,https://www.douyin.com/video/7624470335487823142,https://www.douyin.com/jingxuan/acg,2026-05-09T20:05:04.907282
7624479839415700778,https://www.douyin.com/video/7624479839415700778,https://www.douyin.com/jingxuan/sports,2026-05-09T20:05:04.907282
7624489014766210350,https://www.douyin.com/video/7624489014766210350,https://www.douyin.com/jingxuan/animal,2026-05-09T20:05:04.907282
7624496248263787171,https://www.douyin.com/video/7624496248263787171,https://www.douyin.com/jingxuan/sports,2026-05-09T20:05:04.907282
7624516755305647400,https://www.douyin.com/video/7624516755305647400,https://www.douyin.com/jingxuan/acg,2026-05-09T20:05:04.907282
7624752729331666202,https://www.douyin.com/video/7624752729331666202,https://www.douyin.com/jingxuan/film,2026-05-09T20:05:04.907282
7624754513706044712,https://www.douyin.com/video/7624754513706044712,https://www.douyin.com/jingxuan/animal,2026-05-09T20:05:04.907282
7624793973290290486,https://www.douyin.com/video/7624793973290290486,https://www.douyin.com/jingxuan/car,2026-05-09T20:05:04.907282
7624896086624216740,https://www.douyin.com/video/7624896086624216740,https://www.douyin.com/jingxuan/beauty,2026-05-09T20:05:04.907282
7625000575289117990,https://www.douyin.com/video/7625000575289117990,https://www.douyin.com/jingxuan/music,2026-05-09T20:05:04.907282
7625074635570154771,https://www.douyin.com/video/7625074635570154771,https://www.douyin.com/jingxuan/food,2026-05-09T20:05:04.907282
7625130766883722353,https://www.douyin.com/video/7625130766883722353,https://www.douyin.com/jingxuan/travel,2026-05-09T20:05:04.907282
7625140333864586559,https://www.douyin.com/video/7625140333864586559,https://www.douyin.com/jingxuan,2026-05-09T20:05:04.907282
7625140333864586559,https://www.douyin.com/video/7625140333864586559,https://www.douyin.com/jingxuan/emotion,2026-05-09T20:05:04.907282
7625140333864586559,https://www.douyin.com/video/7625140333864586559,https://www.douyin.com/jingxuan/fashion,2026-05-09T20:05:04.907282
7625140333864586559,https://www.douyin.com/video/7625140333864586559,https://www.douyin.com/jingxuan/kids,2026-05-09T20:05:04.907282
7625140333864586559,https://www.douyin.com/video/7625140333864586559,https://www.douyin.com/jingxuan/pet,2026-05-09T20:05:04.907282
7625154362465078563,https://www.douyin.com/video/7625154362465078563,https://www.douyin.com/jingxuan/game,2026-05-09T20:05:04.907282
7625158641125816393,https://www.douyin.com/video/7625158641125816393,https://www.douyin.com/jingxuan/car,2026-05-09T20:05:04.907282
7625258222202539305,https://www.douyin.com/video/7625258222202539305,https://www.douyin.com/jingxuan/music,2026-05-09T20:05:04.907282
7625263102761651475,https://www.douyin.com/video/7625263102761651475,https://www.douyin.com/jingxuan/travel,2026-05-09T20:05:04.907282
7625267120347139379,https://www.douyin.com/video/7625267120347139379,https://www.douyin.com/jingxuan/film,2026-05-09T20:05:04.907282
7625465250371964210,https://www.douyin.com/video/7625465250371964210,https://www.douyin.com/jingxuan/sports,2026-05-09T20:05:04.907282
7625503748445523209,https://www.douyin.com/video/7625503748445523209,https://www.douyin.com/jingxuan/sports,2026-05-09T20:05:04.907282
7625571441265757446,https://www.douyin.com/video/7625571441265757446,https://www.douyin.com/jingxuan/kids,2026-05-09T20:05:04.907282
7625571441265757446,https://www.douyin.com/video/7625571441265757446,https://www.douyin.com/jingxuan/life,2026-05-09T20:05:04.907282
7625571467249372456,https://www.douyin.com/video/7625571467249372456,https://www.douyin.com/jingxuan/acg,2026-05-09T20:05:04.907282
7625572216759088483,https://www.douyin.com/video/7625572216759088483,https://www.douyin.com/jingxuan/travel,2026-05-09T20:05:04.907282
7625599418716261695,https://www.douyin.com/video/7625599418716261695,https://www.douyin.com/jingxuan/music,2026-05-09T20:05:04.907282
7625634412209806193,https://www.douyin.com/video/7625634412209806193,https://www.douyin.com/jingxuan/animal,2026-05-09T20:05:04.907282
7625635148511317288,https://www.douyin.com/video/7625635148511317288,https://www.douyin.com/jingxuan/animal,2026-05-09T20:05:04.907282
7625646706277826041,https://www.douyin.com/video/7625646706277826041,https://www.douyin.com/jingxuan,2026-05-09T20:05:04.907282
7625646706277826041,https://www.douyin.com/video/7625646706277826041,https://www.douyin.com/jingxuan/emotion,2026-05-09T20:05:04.907282
7625646706277826041,https://www.douyin.com/video/7625646706277826041,https://www.douyin.com/jingxuan/fashion,2026-05-09T20:05:04.907282
7625646706277826041,https://www.douyin.com/video/7625646706277826041,https://www.douyin.com/jingxuan/pet,2026-05-09T20:05:04.907282
7625925057935707428,https://www.douyin.com/video/7625925057935707428,https://www.douyin.com/jingxuan/film,2026-05-09T20:05:04.907282
7625926321197117608,https://www.douyin.com/video/7625926321197117608,https://www.douyin.com/jingxuan/beauty,2026-05-09T20:05:04.907282
7625928557235047716,https://www.douyin.com/video/7625928557235047716,https://www.douyin.com/jingxuan/animal,2026-05-09T20:05:04.907282
7625950025335573779,https://www.douyin.com/video/7625950025335573779,https://www.douyin.com/jingxuan/car,2026-05-09T20:05:04.907282
7625954896398912768,https://www.douyin.com/video/7625954896398912768,https://www.douyin.com/jingxuan/game,2026-05-09T20:05:04.907282
7625971608540302655,https://www.douyin.com/video/7625971608540302655,https://www.douyin.com/jingxuan/music,2026-05-09T20:05:04.907282
7625983324246297883,https://www.douyin.com/video/7625983324246297883,https://www.douyin.com/jingxuan/film,2026-05-09T20:05:04.907282
7625994338704033018,https://www.douyin.com/video/7625994338704033018,https://www.douyin.com/jingxuan/beauty,2026-05-09T20:05:04.907282
7626023532979424564,https://www.douyin.com/video/7626023532979424564,https://www.douyin.com/jingxuan/beauty,2026-05-09T20:05:04.907282
7626039783856311604,https://www.douyin.com/video/7626039783856311604,https://www.douyin.com/jingxuan/car,2026-05-09T20:05:04.907282
7626218222571761526,https://www.douyin.com/video/7626218222571761526,https://www.douyin.com/jingxuan/game,2026-05-09T20:05:04.907282
7626275595265019142,https://www.douyin.com/video/7626275595265019142,https://www.douyin.com/jingxuan/sports,2026-05-09T20:05:04.907282
7626318672709337984,https://www.douyin.com/video/7626318672709337984,https://www.douyin.com/jingxuan/beauty,2026-05-09T20:05:04.907282
7626348869613260047,https://www.douyin.com/video/7626348869613260047,https://www.douyin.com/jingxuan/life,2026-05-09T20:05:04.907282
7626350920493780275,https://www.douyin.com/video/7626350920493780275,https://www.douyin.com/jingxuan/game,2026-05-09T20:05:04.907282
7626381492997885210,https://www.douyin.com/video/7626381492997885210,https://www.douyin.com/jingxuan/film,2026-05-09T20:05:04.907282
7626388302609878308,https://www.douyin.com/video/7626388302609878308,https://www.douyin.com/jingxuan/sports,2026-05-09T20:05:04.907282
7626396001716243747,https://www.douyin.com/video/7626396001716243747,https://www.douyin.com/jingxuan/car,2026-05-09T20:05:04.907282
7626404231037209891,https://www.douyin.com/video/7626404231037209891,https://www.douyin.com/jingxuan/sports,2026-05-09T20:05:04.907282
7626593162307620793,https://www.douyin.com/video/7626593162307620793,https://www.douyin.com/jingxuan/animal,2026-05-09T20:05:04.907282
7626593522807852338,https://www.douyin.com/video/7626593522807852338,https://www.douyin.com/jingxuan/travel,2026-05-09T20:05:04.907282
7626642410856107310,https://www.douyin.com/video/7626642410856107310,https://www.douyin.com/jingxuan,2026-05-09T20:05:04.907282
7626648063490215203,https://www.douyin.com/video/7626648063490215203,https://www.douyin.com/jingxuan,2026-05-09T20:05:04.907282
7626648063490215203,https://www.douyin.com/video/7626648063490215203,https://www.douyin.com/jingxuan/dance,2026-05-09T20:05:04.907282
7626648063490215203,https://www.douyin.com/video/7626648063490215203,https://www.douyin.com/jingxuan/fashion,2026-05-09T20:05:04.907282
7626650246977703209,https://www.douyin.com/video/7626650246977703209,https://www.douyin.com/jingxuan/acg,2026-05-09T20:05:04.907282
7626684177663986971,https://www.douyin.com/video/7626684177663986971,https://www.douyin.com/jingxuan,2026-05-09T20:05:04.907282
7626684177663986971,https://www.douyin.com/video/7626684177663986971,https://www.douyin.com/jingxuan/emotion,2026-05-09T20:05:04.907282
7626684177663986971,https://www.douyin.com/video/7626684177663986971,https://www.douyin.com/jingxuan/fashion,2026-05-09T20:05:04.907282
7626684177663986971,https://www.douyin.com/video/7626684177663986971,https://www.douyin.com/jingxuan/pet,2026-05-09T20:05:04.907282
7626689778339089699,https://www.douyin.com/video/7626689778339089699,https://www.douyin.com/jingxuan/game,2026-05-09T20:05:04.907282
7626697780509874010,https://www.douyin.com/video/7626697780509874010,https://www.douyin.com/jingxuan/food,2026-05-09T20:05:04.907282
7626713441864027426,https://www.douyin.com/video/7626713441864027426,https://www.douyin.com/jingxuan,2026-05-09T20:05:04.907282
7626713441864027426,https://www.douyin.com/video/7626713441864027426,https://www.douyin.com/jingxuan/emotion,2026-05-09T20:05:04.907282
7626720408657546538,https://www.douyin.com/video/7626720408657546538,https://www.douyin.com/jingxuan/film,2026-05-09T20:05:04.907282
7626720567290334518,https://www.douyin.com/video/7626720567290334518,https://www.douyin.com/jingxuan/car,2026-05-09T20:05:04.907282
7626754730642918662,https://www.douyin.com/video/7626754730642918662,https://www.douyin.com/jingxuan/fashion,2026-05-09T20:05:04.907282
7626824478470720822,https://www.douyin.com/video/7626824478470720822,https://www.douyin.com/jingxuan/game,2026-05-09T20:05:04.907282
7626967124505922831,https://www.douyin.com/video/7626967124505922831,https://www.douyin.com/jingxuan/music,2026-05-09T20:05:04.907282
7626989620353436982,https://www.douyin.com/video/7626989620353436982,https://www.douyin.com/jingxuan/sports,2026-05-09T20:05:04.907282
7627011626490727730,https://www.douyin.com/video/7627011626490727730,https://www.douyin.com/jingxuan,2026-05-09T20:05:04.907282
7627011626490727730,https://www.douyin.com/video/7627011626490727730,https://www.douyin.com/jingxuan/game,2026-05-09T20:05:04.907282
7627011626490727730,https://www.douyin.com/video/7627011626490727730,https://www.douyin.com/jingxuan/emotion,2026-05-09T20:05:04.907282
7627011626490727730,https://www.douyin.com/video/7627011626490727730,https://www.douyin.com/jingxuan/fashion,2026-05-09T20:05:04.907282
7627011626490727730,https://www.douyin.com/video/7627011626490727730,https://www.douyin.com/jingxuan/kids,2026-05-09T20:05:04.907282
7627011626490727730,https://www.douyin.com/video/7627011626490727730,https://www.douyin.com/jingxuan/pet,2026-05-09T20:05:04.907282
7627017418040298790,https://www.douyin.com/video/7627017418040298790,https://www.douyin.com/jingxuan/film,2026-05-09T20:05:04.907282
7627020315364826554,https://www.douyin.com/video/7627020315364826554,https://www.douyin.com/jingxuan/animal,2026-05-09T20:05:04.907282
7627040294193712410,https://www.douyin.com/video/7627040294193712410,https://www.douyin.com/jingxuan/life,2026-05-09T20:05:04.907282
7627049808649325843,https://www.douyin.com/video/7627049808649325843,https://www.douyin.com/jingxuan/beauty,2026-05-09T20:05:04.907282
7627052120906830810,https://www.douyin.com/video/7627052120906830810,https://www.douyin.com/jingxuan/emotion,2026-05-09T20:05:04.907282
7627052120906830810,https://www.douyin.com/video/7627052120906830810,https://www.douyin.com/jingxuan/fashion,2026-05-09T20:05:04.907282
7627052120906830810,https://www.douyin.com/video/7627052120906830810,https://www.douyin.com/jingxuan/kids,2026-05-09T20:05:04.907282
7627052120906830810,https://www.douyin.com/video/7627052120906830810,https://www.douyin.com/jingxuan/life,2026-05-09T20:05:04.907282
7627052120906830810,https://www.douyin.com/video/7627052120906830810,https://www.douyin.com/jingxuan/pet,2026-05-09T20:05:04.907282
7627068064441339179,https://www.douyin.com/video/7627068064441339179,https://www.douyin.com/jingxuan/film,2026-05-09T20:05:04.907282
7627078187637826161,https://www.douyin.com/video/7627078187637826161,https://www.douyin.com/jingxuan/food,2026-05-09T20:05:04.907282
7627097642107030825,https://www.douyin.com/video/7627097642107030825,https://www.douyin.com/jingxuan/beauty,2026-05-09T20:05:04.907282
7627097855253089579,https://www.douyin.com/video/7627097855253089579,https://www.douyin.com/jingxuan/acg,2026-05-09T20:05:04.907282
7627157395302932721,https://www.douyin.com/video/7627157395302932721,https://www.douyin.com/jingxuan/game,2026-05-09T20:05:04.907282
7627163067129842996,https://www.douyin.com/video/7627163067129842996,https://www.douyin.com/jingxuan/beauty,2026-05-09T20:05:04.907282
7627263633172499739,https://www.douyin.com/video/7627263633172499739,https://www.douyin.com/jingxuan,2026-05-09T20:05:04.907282
7627263633172499739,https://www.douyin.com/video/7627263633172499739,https://www.douyin.com/jingxuan/dance,2026-05-09T20:05:04.907282
7627263633172499739,https://www.douyin.com/video/7627263633172499739,https://www.douyin.com/jingxuan/emotion,2026-05-09T20:05:04.907282
7627263633172499739,https://www.douyin.com/video/7627263633172499739,https://www.douyin.com/jingxuan/fashion,2026-05-09T20:05:04.907282
7627263633172499739,https://www.douyin.com/video/7627263633172499739,https://www.douyin.com/jingxuan/kids,2026-05-09T20:05:04.907282
7627263633172499739,https://www.douyin.com/video/7627263633172499739,https://www.douyin.com/jingxuan/pet,2026-05-09T20:05:04.907282
7627326318220201258,https://www.douyin.com/video/7627326318220201258,https://www.douyin.com/jingxuan,2026-05-09T20:05:04.907282
7627326318220201258,https://www.douyin.com/video/7627326318220201258,https://www.douyin.com/jingxuan/dance,2026-05-09T20:05:04.907282
7627326318220201258,https://www.douyin.com/video/7627326318220201258,https://www.douyin.com/jingxuan/emotion,2026-05-09T20:05:04.907282
7627326318220201258,https://www.douyin.com/video/7627326318220201258,https://www.douyin.com/jingxuan/fashion,2026-05-09T20:05:04.907282
7627326318220201258,https://www.douyin.com/video/7627326318220201258,https://www.douyin.com/jingxuan/kids,2026-05-09T20:05:04.907282
7627326318220201258,https://www.douyin.com/video/7627326318220201258,https://www.douyin.com/jingxuan/life,2026-05-09T20:05:04.907282
7627326708663848242,https://www.douyin.com/video/7627326708663848242,https://www.douyin.com/jingxuan/film,2026-05-09T20:05:04.907282
7627381964698729572,https://www.douyin.com/video/7627381964698729572,https://www.douyin.com/jingxuan/car,2026-05-09T20:05:04.907282
7627392285403878651,https://www.douyin.com/video/7627392285403878651,https://www.douyin.com/jingxuan/travel,2026-05-09T20:05:04.907282
7627402034844667182,https://www.douyin.com/video/7627402034844667182,https://www.douyin.com/jingxuan/game,2026-05-09T20:05:04.907282
7627431726146424090,https://www.douyin.com/video/7627431726146424090,https://www.douyin.com/jingxuan/sports,2026-05-09T20:05:04.907282
7627442624676367625,https://www.douyin.com/video/7627442624676367625,https://www.douyin.com/jingxuan/acg,2026-05-09T20:05:04.907282
7627446266695290147,https://www.douyin.com/video/7627446266695290147,https://www.douyin.com/jingxuan/car,2026-05-09T20:05:04.907282
7627453338036245194,https://www.douyin.com/video/7627453338036245194,https://www.douyin.com/jingxuan/car,2026-05-09T20:05:04.907282
7627459398679481636,https://www.douyin.com/video/7627459398679481636,https://www.douyin.com/jingxuan/travel,2026-05-09T20:05:04.907282
7627466887443022321,https://www.douyin.com/video/7627466887443022321,https://www.douyin.com/jingxuan/game,2026-05-09T20:05:04.907282
7627476199606746842,https://www.douyin.com/video/7627476199606746842,https://www.douyin.com/jingxuan/animal,2026-05-09T20:05:04.907282
7627487586592849626,https://www.douyin.com/video/7627487586592849626,https://www.douyin.com/jingxuan/music,2026-05-09T20:05:04.907282
7627538851975679295,https://www.douyin.com/video/7627538851975679295,https://www.douyin.com/jingxuan/sports,2026-05-09T20:05:04.907282
7627546143475420452,https://www.douyin.com/video/7627546143475420452,https://www.douyin.com/jingxuan/sports,2026-05-09T20:05:04.907282
7627550865737534762,https://www.douyin.com/video/7627550865737534762,https://www.douyin.com/jingxuan/film,2026-05-09T20:05:04.907282
7627581607268344825,https://www.douyin.com/video/7627581607268344825,https://www.douyin.com/jingxuan/beauty,2026-05-09T20:05:04.907282
7627799015878700788,https://www.douyin.com/video/7627799015878700788,https://www.douyin.com/jingxuan/car,2026-05-09T20:05:04.907282
7627805429808018943,https://www.douyin.com/video/7627805429808018943,https://www.douyin.com/jingxuan/sports,2026-05-09T20:05:04.907282
7627830958246382863,https://www.douyin.com/video/7627830958246382863,https://www.douyin.com/jingxuan,2026-05-09T20:05:04.907282
7627830958246382863,https://www.douyin.com/video/7627830958246382863,https://www.douyin.com/jingxuan/dance,2026-05-09T20:05:04.907282
7627830958246382863,https://www.douyin.com/video/7627830958246382863,https://www.douyin.com/jingxuan/emotion,2026-05-09T20:05:04.907282
7627830958246382863,https://www.douyin.com/video/7627830958246382863,https://www.douyin.com/jingxuan/fashion,2026-05-09T20:05:04.907282
7627830958246382863,https://www.douyin.com/video/7627830958246382863,https://www.douyin.com/jingxuan/kids,2026-05-09T20:05:04.907282
7627830958246382863,https://www.douyin.com/video/7627830958246382863,https://www.douyin.com/jingxuan/pet,2026-05-09T20:05:04.907282
7627839624497572337,https://www.douyin.com/video/7627839624497572337,https://www.douyin.com/jingxuan/food,2026-05-09T20:05:04.908284
7627849411208498475,https://www.douyin.com/video/7627849411208498475,https://www.douyin.com/jingxuan/sports,2026-05-09T20:05:04.908284
7628060646696815926,https://www.douyin.com/video/7628060646696815926,https://www.douyin.com/jingxuan/game,2026-05-09T20:05:04.908284
7628067898040528241,https://www.douyin.com/video/7628067898040528241,https://www.douyin.com/jingxuan/car,2026-05-09T20:05:04.908284
7628102797761760538,https://www.douyin.com/video/7628102797761760538,https://www.douyin.com/jingxuan/travel,2026-05-09T20:05:04.908284
7628146241486015771,https://www.douyin.com/video/7628146241486015771,https://www.douyin.com/jingxuan/animal,2026-05-09T20:05:04.908284
7628149590734163234,https://www.douyin.com/video/7628149590734163234,https://www.douyin.com/jingxuan/car,2026-05-09T20:05:04.908284
7628168143998946586,https://www.douyin.com/video/7628168143998946586,https://www.douyin.com/jingxuan/animal,2026-05-09T20:05:04.908284
7628172492074680745,https://www.douyin.com/video/7628172492074680745,https://www.douyin.com/jingxuan/sports,2026-05-09T20:05:04.908284
7628200739264843050,https://www.douyin.com/video/7628200739264843050,https://www.douyin.com/jingxuan/sports,2026-05-09T20:05:04.908284
7628200995012562210,https://www.douyin.com/video/7628200995012562210,https://www.douyin.com/jingxuan/animal,2026-05-09T20:05:04.908284
7628201755314097417,https://www.douyin.com/video/7628201755314097417,https://www.douyin.com/jingxuan/travel,2026-05-09T20:05:04.908284
7628209353560343144,https://www.douyin.com/video/7628209353560343144,https://www.douyin.com/jingxuan/travel,2026-05-09T20:05:04.908284
7628211761276524531,https://www.douyin.com/video/7628211761276524531,https://www.douyin.com/jingxuan/music,2026-05-09T20:05:04.908284
7628214670415799930,https://www.douyin.com/video/7628214670415799930,https://www.douyin.com/jingxuan/travel,2026-05-09T20:05:04.908284
7628216276028067087,https://www.douyin.com/video/7628216276028067087,https://www.douyin.com/jingxuan/acg,2026-05-09T20:05:04.908284
7628223343635795252,https://www.douyin.com/video/7628223343635795252,https://www.douyin.com/jingxuan/animal,2026-05-09T20:05:04.908284
7628226881866714403,https://www.douyin.com/video/7628226881866714403,https://www.douyin.com/jingxuan,2026-05-09T20:05:04.908284
7628226881866714403,https://www.douyin.com/video/7628226881866714403,https://www.douyin.com/jingxuan/car,2026-05-09T20:05:04.908284
7628226881866714403,https://www.douyin.com/video/7628226881866714403,https://www.douyin.com/jingxuan/dance,2026-05-09T20:05:04.908284
7628240891379076352,https://www.douyin.com/video/7628240891379076352,https://www.douyin.com/jingxuan/acg,2026-05-09T20:05:04.908284
7628242387181079849,https://www.douyin.com/video/7628242387181079849,https://www.douyin.com/jingxuan/life,2026-05-09T20:05:04.908284
7628244059261406516,https://www.douyin.com/video/7628244059261406516,https://www.douyin.com/jingxuan/acg,2026-05-09T20:05:04.908284
7628276975144176905,https://www.douyin.com/video/7628276975144176905,https://www.douyin.com/jingxuan/travel,2026-05-09T20:05:04.908284
7628410734539443499,https://www.douyin.com/video/7628410734539443499,https://www.douyin.com/jingxuan,2026-05-09T20:05:04.908284
7628410734539443499,https://www.douyin.com/video/7628410734539443499,https://www.douyin.com/jingxuan/dance,2026-05-09T20:05:04.908284
7628410734539443499,https://www.douyin.com/video/7628410734539443499,https://www.douyin.com/jingxuan/fashion,2026-05-09T20:05:04.908284
7628410734539443499,https://www.douyin.com/video/7628410734539443499,https://www.douyin.com/jingxuan/kids,2026-05-09T20:05:04.908284
7628410734539443499,https://www.douyin.com/video/7628410734539443499,https://www.douyin.com/jingxuan/life,2026-05-09T20:05:04.908284
7628410734539443499,https://www.douyin.com/video/7628410734539443499,https://www.douyin.com/jingxuan/pet,2026-05-09T20:05:04.908284
7628446126118685958,https://www.douyin.com/video/7628446126118685958,https://www.douyin.com/jingxuan/dance,2026-05-09T20:05:04.908284
7628446126118685958,https://www.douyin.com/video/7628446126118685958,https://www.douyin.com/jingxuan/kids,2026-05-09T20:05:04.908284
7628446126118685958,https://www.douyin.com/video/7628446126118685958,https://www.douyin.com/jingxuan/life,2026-05-09T20:05:04.908284
7628498597714449913,https://www.douyin.com/video/7628498597714449913,https://www.douyin.com/jingxuan/travel,2026-05-09T20:05:04.908284
7628534378175450414,https://www.douyin.com/video/7628534378175450414,https://www.douyin.com/jingxuan/food,2026-05-09T20:05:04.908284
7628536809533869366,https://www.douyin.com/video/7628536809533869366,https://www.douyin.com/jingxuan/food,2026-05-09T20:05:04.908284
7628630602241150208,https://www.douyin.com/video/7628630602241150208,https://www.douyin.com/jingxuan/acg,2026-05-09T20:05:04.908284
7628632649053031699,https://www.douyin.com/video/7628632649053031699,https://www.douyin.com/jingxuan/sports,2026-05-09T20:05:04.908284
7628852604046808753,https://www.douyin.com/video/7628852604046808753,https://www.douyin.com/jingxuan/animal,2026-05-09T20:05:04.908284
7628875015903112826,https://www.douyin.com/video/7628875015903112826,https://www.douyin.com/jingxuan/beauty,2026-05-09T20:05:04.908284
7628875096031038755,https://www.douyin.com/video/7628875096031038755,https://www.douyin.com/jingxuan/game,2026-05-09T20:05:04.908284
7628890750033415458,https://www.douyin.com/video/7628890750033415458,https://www.douyin.com/jingxuan/food,2026-05-09T20:05:04.908284
7628913485887311144,https://www.douyin.com/video/7628913485887311144,https://www.douyin.com/jingxuan/acg,2026-05-09T20:05:04.908284
7628919503853718822,https://www.douyin.com/video/7628919503853718822,https://www.douyin.com/jingxuan/acg,2026-05-09T20:05:04.908284
7628920159272471842,https://www.douyin.com/video/7628920159272471842,https://www.douyin.com/jingxuan/game,2026-05-09T20:05:04.908284
7628924929248955702,https://www.douyin.com/video/7628924929248955702,https://www.douyin.com/jingxuan/animal,2026-05-09T20:05:04.908284
7628931577795333419,https://www.douyin.com/video/7628931577795333419,https://www.douyin.com/jingxuan/film,2026-05-09T20:05:04.908284
7628937324558093568,https://www.douyin.com/video/7628937324558093568,https://www.douyin.com/jingxuan/car,2026-05-09T20:05:04.908284
7628941059279621418,https://www.douyin.com/video/7628941059279621418,https://www.douyin.com/jingxuan/food,2026-05-09T20:05:04.908284
7628942604163370240,https://www.douyin.com/video/7628942604163370240,https://www.douyin.com/jingxuan,2026-05-09T20:05:04.908284
7628942604163370240,https://www.douyin.com/video/7628942604163370240,https://www.douyin.com/jingxuan/dance,2026-05-09T20:05:04.908284
7628942604163370240,https://www.douyin.com/video/7628942604163370240,https://www.douyin.com/jingxuan/emotion,2026-05-09T20:05:04.908284
7628942604163370240,https://www.douyin.com/video/7628942604163370240,https://www.douyin.com/jingxuan/fashion,2026-05-09T20:05:04.908284
7628942604163370240,https://www.douyin.com/video/7628942604163370240,https://www.douyin.com/jingxuan/kids,2026-05-09T20:05:04.908284
7628942604163370240,https://www.douyin.com/video/7628942604163370240,https://www.douyin.com/jingxuan/life,2026-05-09T20:05:04.908284
7628942604163370240,https://www.douyin.com/video/7628942604163370240,https://www.douyin.com/jingxuan/pet,2026-05-09T20:05:04.908284
7628943410950425890,https://www.douyin.com/video/7628943410950425890,https://www.douyin.com/jingxuan/car,2026-05-09T20:05:04.908284
7628946780247428378,https://www.douyin.com/video/7628946780247428378,https://www.douyin.com/jingxuan/acg,2026-05-09T20:05:04.908284
7628953684101106985,https://www.douyin.com/video/7628953684101106985,https://www.douyin.com/jingxuan/animal,2026-05-09T20:05:04.908284
7628964444684422442,https://www.douyin.com/video/7628964444684422442,https://www.douyin.com/jingxuan/music,2026-05-09T20:05:04.908284
7628965450096872713,https://www.douyin.com/video/7628965450096872713,https://www.douyin.com/jingxuan/music,2026-05-09T20:05:04.908284
7629079501259033883,https://www.douyin.com/video/7629079501259033883,https://www.douyin.com/jingxuan/food,2026-05-09T20:05:04.908284
7629179264033688883,https://www.douyin.com/video/7629179264033688883,https://www.douyin.com/jingxuan/fashion,2026-05-09T20:05:04.908284
7629245367539895590,https://www.douyin.com/video/7629245367539895590,https://www.douyin.com/jingxuan,2026-05-09T20:05:04.908284
7629245367539895590,https://www.douyin.com/video/7629245367539895590,https://www.douyin.com/jingxuan/fashion,2026-05-09T20:05:04.908284
7629257393813943227,https://www.douyin.com/video/7629257393813943227,https://www.douyin.com/jingxuan/food,2026-05-09T20:05:04.908284
7629267308439429459,https://www.douyin.com/video/7629267308439429459,https://www.douyin.com/jingxuan,2026-05-09T20:05:04.908284
7629282417131539752,https://www.douyin.com/video/7629282417131539752,https://www.douyin.com/jingxuan/game,2026-05-09T20:05:04.908284
7629284843255237914,https://www.douyin.com/video/7629284843255237914,https://www.douyin.com/jingxuan/food,2026-05-09T20:05:04.908284
7629306617544199434,https://www.douyin.com/video/7629306617544199434,https://www.douyin.com/jingxuan/dance,2026-05-09T20:05:04.908284
7629309652852837666,https://www.douyin.com/video/7629309652852837666,https://www.douyin.com/jingxuan/sports,2026-05-09T20:05:04.908284
7629315528632421632,https://www.douyin.com/video/7629315528632421632,https://www.douyin.com/jingxuan/car,2026-05-09T20:05:04.908284
7629332690202539378,https://www.douyin.com/video/7629332690202539378,https://www.douyin.com/jingxuan/car,2026-05-09T20:05:04.908284
7629347296429215003,https://www.douyin.com/video/7629347296429215003,https://www.douyin.com/jingxuan/animal,2026-05-09T20:05:04.908284
7629352397693693882,https://www.douyin.com/video/7629352397693693882,https://www.douyin.com/jingxuan/travel,2026-05-09T20:05:04.908284
7629358747367306355,https://www.douyin.com/video/7629358747367306355,https://www.douyin.com/jingxuan/travel,2026-05-09T20:05:04.908284
7629431182454738203,https://www.douyin.com/video/7629431182454738203,https://www.douyin.com/jingxuan,2026-05-09T20:05:04.908284
7629431182454738203,https://www.douyin.com/video/7629431182454738203,https://www.douyin.com/jingxuan/dance,2026-05-09T20:05:04.908284
7629431182454738203,https://www.douyin.com/video/7629431182454738203,https://www.douyin.com/jingxuan/emotion,2026-05-09T20:05:04.908284
7629431182454738203,https://www.douyin.com/video/7629431182454738203,https://www.douyin.com/jingxuan/fashion,2026-05-09T20:05:04.908284
7629431182454738203,https://www.douyin.com/video/7629431182454738203,https://www.douyin.com/jingxuan/kids,2026-05-09T20:05:04.908284
7629431182454738203,https://www.douyin.com/video/7629431182454738203,https://www.douyin.com/jingxuan/life,2026-05-09T20:05:04.908284
7629431182454738203,https://www.douyin.com/video/7629431182454738203,https://www.douyin.com/jingxuan/pet,2026-05-09T20:05:04.908284
7629531648962383131,https://www.douyin.com/video/7629531648962383131,https://www.douyin.com/jingxuan,2026-05-09T20:05:04.908284
7629531648962383131,https://www.douyin.com/video/7629531648962383131,https://www.douyin.com/jingxuan/dance,2026-05-09T20:05:04.908284
7629531648962383131,https://www.douyin.com/video/7629531648962383131,https://www.douyin.com/jingxuan/emotion,2026-05-09T20:05:04.908284
7629531648962383131,https://www.douyin.com/video/7629531648962383131,https://www.douyin.com/jingxuan/fashion,2026-05-09T20:05:04.908284
7629531648962383131,https://www.douyin.com/video/7629531648962383131,https://www.douyin.com/jingxuan/life,2026-05-09T20:05:04.908284
7629531648962383131,https://www.douyin.com/video/7629531648962383131,https://www.douyin.com/jingxuan/pet,2026-05-09T20:05:04.908284
7629595199115215540,https://www.douyin.com/video/7629595199115215540,https://www.douyin.com/jingxuan/music,2026-05-09T20:05:04.908284
7629648597701391217,https://www.douyin.com/video/7629648597701391217,https://www.douyin.com/jingxuan/car,2026-05-09T20:05:04.908284
7629650992463662388,https://www.douyin.com/video/7629650992463662388,https://www.douyin.com/jingxuan/sports,2026-05-09T20:05:04.908284
7629658786092895488,https://www.douyin.com/video/7629658786092895488,https://www.douyin.com/jingxuan/sports,2026-05-09T20:05:04.908284
7629665962081714787,https://www.douyin.com/video/7629665962081714787,https://www.douyin.com/jingxuan/beauty,2026-05-09T20:05:04.908284
7629679620434038054,https://www.douyin.com/video/7629679620434038054,https://www.douyin.com/jingxuan/acg,2026-05-09T20:05:04.908284
7629680149474069769,https://www.douyin.com/video/7629680149474069769,https://www.douyin.com/jingxuan/sports,2026-05-09T20:05:04.908284
7629690438223547699,https://www.douyin.com/video/7629690438223547699,https://www.douyin.com/jingxuan/film,2026-05-09T20:05:04.908284
7629690438223547699,https://www.douyin.com/video/7629690438223547699,https://www.douyin.com/jingxuan/life,2026-05-09T20:05:04.908284
7629707965674763493,https://www.douyin.com/video/7629707965674763493,https://www.douyin.com/jingxuan/beauty,2026-05-09T20:05:04.908284
7629709576249658670,https://www.douyin.com/video/7629709576249658670,https://www.douyin.com/jingxuan/car,2026-05-09T20:05:04.908284
7629714086762204459,https://www.douyin.com/video/7629714086762204459,https://www.douyin.com/jingxuan/travel,2026-05-09T20:05:04.908284
7629750238241561843,https://www.douyin.com/video/7629750238241561843,https://www.douyin.com/jingxuan/food,2026-05-09T20:05:04.908284
7629781803917806894,https://www.douyin.com/video/7629781803917806894,https://www.douyin.com/jingxuan/dance,2026-05-09T20:05:04.908284
7629781803917806894,https://www.douyin.com/video/7629781803917806894,https://www.douyin.com/jingxuan/life,2026-05-09T20:05:04.908284
7629795635047319281,https://www.douyin.com/video/7629795635047319281,https://www.douyin.com/jingxuan/film,2026-05-09T20:05:04.908284
7629817316821273882,https://www.douyin.com/video/7629817316821273882,https://www.douyin.com/jingxuan/travel,2026-05-09T20:05:04.908284
7629849664184389243,https://www.douyin.com/video/7629849664184389243,https://www.douyin.com/jingxuan/car,2026-05-09T20:05:04.908284
7629922733811387654,https://www.douyin.com/video/7629922733811387654,https://www.douyin.com/jingxuan,2026-05-09T20:05:04.908284
7629922733811387654,https://www.douyin.com/video/7629922733811387654,https://www.douyin.com/jingxuan/dance,2026-05-09T20:05:04.908284
7629922733811387654,https://www.douyin.com/video/7629922733811387654,https://www.douyin.com/jingxuan/emotion,2026-05-09T20:05:04.908284
7629922733811387654,https://www.douyin.com/video/7629922733811387654,https://www.douyin.com/jingxuan/life,2026-05-09T20:05:04.908284
7629935688158432550,https://www.douyin.com/video/7629935688158432550,https://www.douyin.com/jingxuan/travel,2026-05-09T20:05:04.908284
7629939367956018537,https://www.douyin.com/video/7629939367956018537,https://www.douyin.com/jingxuan/travel,2026-05-09T20:05:04.908284
7629995117918604598,https://www.douyin.com/video/7629995117918604598,https://www.douyin.com/jingxuan/travel,2026-05-09T20:05:04.908284
7630022236753235254,https://www.douyin.com/video/7630022236753235254,https://www.douyin.com/jingxuan/food,2026-05-09T20:05:04.908284
7630025219293547803,https://www.douyin.com/video/7630025219293547803,https://www.douyin.com/jingxuan/music,2026-05-09T20:05:04.908284
7630042616125459754,https://www.douyin.com/video/7630042616125459754,https://www.douyin.com/jingxuan/sports,2026-05-09T20:05:04.908284
7630047908011822387,https://www.douyin.com/video/7630047908011822387,https://www.douyin.com/jingxuan/film,2026-05-09T20:05:04.908284
7630048384891505970,https://www.douyin.com/video/7630048384891505970,https://www.douyin.com/jingxuan/acg,2026-05-09T20:05:04.908284
7630048668829191451,https://www.douyin.com/video/7630048668829191451,https://www.douyin.com/jingxuan/game,2026-05-09T20:05:04.908284
7630080897567444276,https://www.douyin.com/video/7630080897567444276,https://www.douyin.com/jingxuan/sports,2026-05-09T20:05:04.908284
7630235082130222326,https://www.douyin.com/video/7630235082130222326,https://www.douyin.com/jingxuan/travel,2026-05-09T20:05:04.908284
7630329911005154595,https://www.douyin.com/video/7630329911005154595,https://www.douyin.com/jingxuan/acg,2026-05-09T20:05:04.908284
7630361396575882502,https://www.douyin.com/video/7630361396575882502,https://www.douyin.com/jingxuan/animal,2026-05-09T20:05:04.908284
7630379867250363674,https://www.douyin.com/video/7630379867250363674,https://www.douyin.com/jingxuan,2026-05-09T20:05:04.908284
7630379867250363674,https://www.douyin.com/video/7630379867250363674,https://www.douyin.com/jingxuan/emotion,2026-05-09T20:05:04.908284
7630379867250363674,https://www.douyin.com/video/7630379867250363674,https://www.douyin.com/jingxuan/fashion,2026-05-09T20:05:04.908284
7630395906277248271,https://www.douyin.com/video/7630395906277248271,https://www.douyin.com/jingxuan/acg,2026-05-09T20:05:04.908284
7630408344486566321,https://www.douyin.com/video/7630408344486566321,https://www.douyin.com/jingxuan/beauty,2026-05-09T20:05:04.908284
7630418842518359302,https://www.douyin.com/video/7630418842518359302,https://www.douyin.com/jingxuan/travel,2026-05-09T20:05:04.908284
7630423541833272616,https://www.douyin.com/video/7630423541833272616,https://www.douyin.com/jingxuan/animal,2026-05-09T20:05:04.908284
7630436189828402484,https://www.douyin.com/video/7630436189828402484,https://www.douyin.com/jingxuan/sports,2026-05-09T20:05:04.908284
7630437613970656562,https://www.douyin.com/video/7630437613970656562,https://www.douyin.com/jingxuan/car,2026-05-09T20:05:04.908284
7630462400877038857,https://www.douyin.com/video/7630462400877038857,https://www.douyin.com/jingxuan/food,2026-05-09T20:05:04.908284
7630489573709188358,https://www.douyin.com/video/7630489573709188358,https://www.douyin.com/jingxuan/car,2026-05-09T20:05:04.908284
7630698308156493288,https://www.douyin.com/video/7630698308156493288,https://www.douyin.com/jingxuan/food,2026-05-09T20:05:04.908284
7630725035476438291,https://www.douyin.com/video/7630725035476438291,https://www.douyin.com/jingxuan,2026-05-09T20:05:04.908284
7630725035476438291,https://www.douyin.com/video/7630725035476438291,https://www.douyin.com/jingxuan/emotion,2026-05-09T20:05:04.908284
7630725035476438291,https://www.douyin.com/video/7630725035476438291,https://www.douyin.com/jingxuan/fashion,2026-05-09T20:05:04.908284
7630725035476438291,https://www.douyin.com/video/7630725035476438291,https://www.douyin.com/jingxuan/kids,2026-05-09T20:05:04.908284
7630725035476438291,https://www.douyin.com/video/7630725035476438291,https://www.douyin.com/jingxuan/pet,2026-05-09T20:05:04.908284
7630727154354883840,https://www.douyin.com/video/7630727154354883840,https://www.douyin.com/jingxuan/travel,2026-05-09T20:05:04.908284
7630729189502504219,https://www.douyin.com/video/7630729189502504219,https://www.douyin.com/jingxuan/acg,2026-05-09T20:05:04.908284
7630731409329605894,https://www.douyin.com/video/7630731409329605894,https://www.douyin.com/jingxuan/game,2026-05-09T20:05:04.908284
7630746641745579315,https://www.douyin.com/video/7630746641745579315,https://www.douyin.com/jingxuan/film,2026-05-09T20:05:04.908284
7630752528540618417,https://www.douyin.com/video/7630752528540618417,https://www.douyin.com/jingxuan/music,2026-05-09T20:05:04.908284
7630760363172105507,https://www.douyin.com/video/7630760363172105507,https://www.douyin.com/jingxuan/travel,2026-05-09T20:05:04.908284
7630772971128270757,https://www.douyin.com/video/7630772971128270757,https://www.douyin.com/jingxuan/sports,2026-05-09T20:05:04.908284
7630777285032906034,https://www.douyin.com/video/7630777285032906034,https://www.douyin.com/jingxuan/fashion,2026-05-09T20:05:04.908284
7630796151238839602,https://www.douyin.com/video/7630796151238839602,https://www.douyin.com/jingxuan/dance,2026-05-09T20:05:04.908284
7630796151238839602,https://www.douyin.com/video/7630796151238839602,https://www.douyin.com/jingxuan/life,2026-05-09T20:05:04.908284
7630810136885695154,https://www.douyin.com/video/7630810136885695154,https://www.douyin.com/jingxuan/dance,2026-05-09T20:05:04.908284
7630828629723419209,https://www.douyin.com/video/7630828629723419209,https://www.douyin.com/jingxuan/travel,2026-05-09T20:05:04.908284
7630831842904032677,https://www.douyin.com/video/7630831842904032677,https://www.douyin.com/jingxuan/animal,2026-05-09T20:05:04.908284
7630838193142779163,https://www.douyin.com/video/7630838193142779163,https://www.douyin.com/jingxuan/music,2026-05-09T20:05:04.908284
7630885489813277979,https://www.douyin.com/video/7630885489813277979,https://www.douyin.com/jingxuan,2026-05-09T20:05:04.908284
7630885489813277979,https://www.douyin.com/video/7630885489813277979,https://www.douyin.com/jingxuan/dance,2026-05-09T20:05:04.908284
7630885489813277979,https://www.douyin.com/video/7630885489813277979,https://www.douyin.com/jingxuan/emotion,2026-05-09T20:05:04.908284
7630885489813277979,https://www.douyin.com/video/7630885489813277979,https://www.douyin.com/jingxuan/fashion,2026-05-09T20:05:04.908284
7630885489813277979,https://www.douyin.com/video/7630885489813277979,https://www.douyin.com/jingxuan/kids,2026-05-09T20:05:04.908284
7630885489813277979,https://www.douyin.com/video/7630885489813277979,https://www.douyin.com/jingxuan/life,2026-05-09T20:05:04.908284
7630885489813277979,https://www.douyin.com/video/7630885489813277979,https://www.douyin.com/jingxuan/pet,2026-05-09T20:05:04.908284
7631007283681430836,https://www.douyin.com/video/7631007283681430836,https://www.douyin.com/jingxuan/kids,2026-05-09T20:05:04.908284
7631007283681430836,https://www.douyin.com/video/7631007283681430836,https://www.douyin.com/jingxuan/pet,2026-05-09T20:05:04.908284
7631027467893586874,https://www.douyin.com/video/7631027467893586874,https://www.douyin.com/jingxuan/emotion,2026-05-09T20:05:04.908284
7631027467893586874,https://www.douyin.com/video/7631027467893586874,https://www.douyin.com/jingxuan/fashion,2026-05-09T20:05:04.908284
7631027467893586874,https://www.douyin.com/video/7631027467893586874,https://www.douyin.com/jingxuan/kids,2026-05-09T20:05:04.908284
7631027467893586874,https://www.douyin.com/video/7631027467893586874,https://www.douyin.com/jingxuan/pet,2026-05-09T20:05:04.908284
7631063493755669775,https://www.douyin.com/video/7631063493755669775,https://www.douyin.com/jingxuan,2026-05-09T20:05:04.908284
7631063493755669775,https://www.douyin.com/video/7631063493755669775,https://www.douyin.com/jingxuan/dance,2026-05-09T20:05:04.908284
7631063493755669775,https://www.douyin.com/video/7631063493755669775,https://www.douyin.com/jingxuan/emotion,2026-05-09T20:05:04.908284
7631063493755669775,https://www.douyin.com/video/7631063493755669775,https://www.douyin.com/jingxuan/fashion,2026-05-09T20:05:04.908284
7631063493755669775,https://www.douyin.com/video/7631063493755669775,https://www.douyin.com/jingxuan/kids,2026-05-09T20:05:04.908284
7631063493755669775,https://www.douyin.com/video/7631063493755669775,https://www.douyin.com/jingxuan/life,2026-05-09T20:05:04.908284
7631063493755669775,https://www.douyin.com/video/7631063493755669775,https://www.douyin.com/jingxuan/pet,2026-05-09T20:05:04.908284
7631112544383487247,https://www.douyin.com/video/7631112544383487247,https://www.douyin.com/jingxuan/music,2026-05-09T20:05:04.908284
7631123857792979401,https://www.douyin.com/video/7631123857792979401,https://www.douyin.com/jingxuan/beauty,2026-05-09T20:05:04.908284
7631135033289411881,https://www.douyin.com/video/7631135033289411881,https://www.douyin.com/jingxuan,2026-05-09T20:05:04.908284
7631135033289411881,https://www.douyin.com/video/7631135033289411881,https://www.douyin.com/jingxuan/dance,2026-05-09T20:05:04.908284
7631135033289411881,https://www.douyin.com/video/7631135033289411881,https://www.douyin.com/jingxuan/emotion,2026-05-09T20:05:04.908284
7631135033289411881,https://www.douyin.com/video/7631135033289411881,https://www.douyin.com/jingxuan/fashion,2026-05-09T20:05:04.908284
7631135033289411881,https://www.douyin.com/video/7631135033289411881,https://www.douyin.com/jingxuan/kids,2026-05-09T20:05:04.908284
7631135033289411881,https://www.douyin.com/video/7631135033289411881,https://www.douyin.com/jingxuan/life,2026-05-09T20:05:04.908284
7631135033289411881,https://www.douyin.com/video/7631135033289411881,https://www.douyin.com/jingxuan/pet,2026-05-09T20:05:04.908284
7631139540183420069,https://www.douyin.com/video/7631139540183420069,https://www.douyin.com/jingxuan/car,2026-05-09T20:05:04.908284
7631155772550707343,https://www.douyin.com/video/7631155772550707343,https://www.douyin.com/jingxuan/beauty,2026-05-09T20:05:04.908284
7631156822971387170,https://www.douyin.com/video/7631156822971387170,https://www.douyin.com/jingxuan/sports,2026-05-09T20:05:04.908284
7631165367758359862,https://www.douyin.com/video/7631165367758359862,https://www.douyin.com/jingxuan/music,2026-05-09T20:05:04.908284
7631176319845731401,https://www.douyin.com/video/7631176319845731401,https://www.douyin.com/jingxuan/sports,2026-05-09T20:05:04.909279
7631245192070188340,https://www.douyin.com/video/7631245192070188340,https://www.douyin.com/jingxuan/food,2026-05-09T20:05:04.909279
7631249602221444404,https://www.douyin.com/video/7631249602221444404,https://www.douyin.com/jingxuan/car,2026-05-09T20:05:04.909279
7631394510807118258,https://www.douyin.com/video/7631394510807118258,https://www.douyin.com/jingxuan,2026-05-09T20:05:04.909279
7631394510807118258,https://www.douyin.com/video/7631394510807118258,https://www.douyin.com/jingxuan/dance,2026-05-09T20:05:04.909279
7631394510807118258,https://www.douyin.com/video/7631394510807118258,https://www.douyin.com/jingxuan/emotion,2026-05-09T20:05:04.909279
7631394510807118258,https://www.douyin.com/video/7631394510807118258,https://www.douyin.com/jingxuan/life,2026-05-09T20:05:04.909279
7631394510807118258,https://www.douyin.com/video/7631394510807118258,https://www.douyin.com/jingxuan/pet,2026-05-09T20:05:04.909279
7631461038127079537,https://www.douyin.com/video/7631461038127079537,https://www.douyin.com/jingxuan/animal,2026-05-09T20:05:04.909279
7631464543796989210,https://www.douyin.com/video/7631464543796989210,https://www.douyin.com/jingxuan/car,2026-05-09T20:05:04.909279
7631492994780138771,https://www.douyin.com/video/7631492994780138771,https://www.douyin.com/jingxuan/food,2026-05-09T20:05:04.909279
7631500138217059785,https://www.douyin.com/video/7631500138217059785,https://www.douyin.com/jingxuan/kids,2026-05-09T20:05:04.909279
7631521660671309480,https://www.douyin.com/video/7631521660671309480,https://www.douyin.com/jingxuan/food,2026-05-09T20:05:04.909279
7631531840846712127,https://www.douyin.com/video/7631531840846712127,https://www.douyin.com/jingxuan/travel,2026-05-09T20:05:04.909279
7631532632103117681,https://www.douyin.com/video/7631532632103117681,https://www.douyin.com/jingxuan/food,2026-05-09T20:05:04.909279
7631540626424646947,https://www.douyin.com/video/7631540626424646947,https://www.douyin.com/jingxuan/game,2026-05-09T20:05:04.909279
7631546347522493706,https://www.douyin.com/video/7631546347522493706,https://www.douyin.com/jingxuan/car,2026-05-09T20:05:04.909279
7631551411288870195,https://www.douyin.com/video/7631551411288870195,https://www.douyin.com/jingxuan/car,2026-05-09T20:05:04.909279
7631569112698768692,https://www.douyin.com/video/7631569112698768692,https://www.douyin.com/jingxuan/animal,2026-05-09T20:05:04.909279
7631582226001856603,https://www.douyin.com/video/7631582226001856603,https://www.douyin.com/jingxuan/beauty,2026-05-09T20:05:04.909279
7631582925229755667,https://www.douyin.com/video/7631582925229755667,https://www.douyin.com/jingxuan/car,2026-05-09T20:05:04.909279
7631596778827173155,https://www.douyin.com/video/7631596778827173155,https://www.douyin.com/jingxuan/music,2026-05-09T20:05:04.909279
7631733053173304619,https://www.douyin.com/video/7631733053173304619,https://www.douyin.com/jingxuan/travel,2026-05-09T20:05:04.909279
7631799920605234752,https://www.douyin.com/video/7631799920605234752,https://www.douyin.com/jingxuan/food,2026-05-09T20:05:04.909279
7631819975401213631,https://www.douyin.com/video/7631819975401213631,https://www.douyin.com/jingxuan/travel,2026-05-09T20:05:04.909279
7631870431531814159,https://www.douyin.com/video/7631870431531814159,https://www.douyin.com/jingxuan/pet,2026-05-09T20:05:04.909279
7631879470252576041,https://www.douyin.com/video/7631879470252576041,https://www.douyin.com/jingxuan/sports,2026-05-09T20:05:04.909279
7631890449229204778,https://www.douyin.com/video/7631890449229204778,https://www.douyin.com/jingxuan/fashion,2026-05-09T20:05:04.909279
7631897919259930793,https://www.douyin.com/video/7631897919259930793,https://www.douyin.com/jingxuan/acg,2026-05-09T20:05:04.909279
7631898661236000357,https://www.douyin.com/video/7631898661236000357,https://www.douyin.com/jingxuan/car,2026-05-09T20:05:04.909279
7631907045528079642,https://www.douyin.com/video/7631907045528079642,https://www.douyin.com/jingxuan/dance,2026-05-09T20:05:04.909279
7631907045528079642,https://www.douyin.com/video/7631907045528079642,https://www.douyin.com/jingxuan/life,2026-05-09T20:05:04.909279
7631907170245692708,https://www.douyin.com/video/7631907170245692708,https://www.douyin.com/jingxuan/emotion,2026-05-09T20:05:04.909279
7631933223266817265,https://www.douyin.com/video/7631933223266817265,https://www.douyin.com/jingxuan/beauty,2026-05-09T20:05:04.909279
7631943449440193802,https://www.douyin.com/video/7631943449440193802,https://www.douyin.com/jingxuan/dance,2026-05-09T20:05:04.909279
7631943449440193802,https://www.douyin.com/video/7631943449440193802,https://www.douyin.com/jingxuan/kids,2026-05-09T20:05:04.909279
7631943449440193802,https://www.douyin.com/video/7631943449440193802,https://www.douyin.com/jingxuan/life,2026-05-09T20:05:04.909279
7631943449440193802,https://www.douyin.com/video/7631943449440193802,https://www.douyin.com/jingxuan/pet,2026-05-09T20:05:04.909279
7631962423612765609,https://www.douyin.com/video/7631962423612765609,https://www.douyin.com/jingxuan/dance,2026-05-09T20:05:04.909279
7631962423612765609,https://www.douyin.com/video/7631962423612765609,https://www.douyin.com/jingxuan/emotion,2026-05-09T20:05:04.909279
7631962423612765609,https://www.douyin.com/video/7631962423612765609,https://www.douyin.com/jingxuan/fashion,2026-05-09T20:05:04.909279
7631962423612765609,https://www.douyin.com/video/7631962423612765609,https://www.douyin.com/jingxuan/kids,2026-05-09T20:05:04.909279
7631962423612765609,https://www.douyin.com/video/7631962423612765609,https://www.douyin.com/jingxuan/life,2026-05-09T20:05:04.909279
7631962423612765609,https://www.douyin.com/video/7631962423612765609,https://www.douyin.com/jingxuan/pet,2026-05-09T20:05:04.909279
7631991419535707419,https://www.douyin.com/video/7631991419535707419,https://www.douyin.com/jingxuan/dance,2026-05-09T20:05:04.909279
7631991419535707419,https://www.douyin.com/video/7631991419535707419,https://www.douyin.com/jingxuan/life,2026-05-09T20:05:04.909279
7632134960317027963,https://www.douyin.com/video/7632134960317027963,https://www.douyin.com/jingxuan/music,2026-05-09T20:05:04.909279
7632154700300815631,https://www.douyin.com/video/7632154700300815631,https://www.douyin.com/jingxuan/film,2026-05-09T20:05:04.909279
7632156031611707505,https://www.douyin.com/video/7632156031611707505,https://www.douyin.com/jingxuan/food,2026-05-09T20:05:04.909279
7632179724109876543,https://www.douyin.com/video/7632179724109876543,https://www.douyin.com/jingxuan/dance,2026-05-09T20:05:04.909279
7632181651841305875,https://www.douyin.com/video/7632181651841305875,https://www.douyin.com/jingxuan/acg,2026-05-09T20:05:04.909279
7632202595164187109,https://www.douyin.com/video/7632202595164187109,https://www.douyin.com/jingxuan/beauty,2026-05-09T20:05:04.909279
7632208652232871174,https://www.douyin.com/video/7632208652232871174,https://www.douyin.com/jingxuan/film,2026-05-09T20:05:04.909279
7632222665423473939,https://www.douyin.com/video/7632222665423473939,https://www.douyin.com/jingxuan/acg,2026-05-09T20:05:04.909279
7632226533704240447,https://www.douyin.com/video/7632226533704240447,https://www.douyin.com/jingxuan/game,2026-05-09T20:05:04.909279
7632235230471921530,https://www.douyin.com/video/7632235230471921530,https://www.douyin.com/jingxuan/sports,2026-05-09T20:05:04.909279
7632237659317914907,https://www.douyin.com/video/7632237659317914907,https://www.douyin.com/jingxuan/travel,2026-05-09T20:05:04.909279
7632252099924970761,https://www.douyin.com/video/7632252099924970761,https://www.douyin.com/jingxuan/car,2026-05-09T20:05:04.909279
7632255787787668771,https://www.douyin.com/video/7632255787787668771,https://www.douyin.com/jingxuan/food,2026-05-09T20:05:04.909279
7632257980221656361,https://www.douyin.com/video/7632257980221656361,https://www.douyin.com/jingxuan/game,2026-05-09T20:05:04.909279
7632260862278978825,https://www.douyin.com/video/7632260862278978825,https://www.douyin.com/jingxuan,2026-05-09T20:05:04.909279
7632260862278978825,https://www.douyin.com/video/7632260862278978825,https://www.douyin.com/jingxuan/dance,2026-05-09T20:05:04.909279
7632260862278978825,https://www.douyin.com/video/7632260862278978825,https://www.douyin.com/jingxuan/emotion,2026-05-09T20:05:04.909279
7632260862278978825,https://www.douyin.com/video/7632260862278978825,https://www.douyin.com/jingxuan/fashion,2026-05-09T20:05:04.909279
7632260862278978825,https://www.douyin.com/video/7632260862278978825,https://www.douyin.com/jingxuan/kids,2026-05-09T20:05:04.909279
7632260862278978825,https://www.douyin.com/video/7632260862278978825,https://www.douyin.com/jingxuan/pet,2026-05-09T20:05:04.909279
7632269479480757504,https://www.douyin.com/video/7632269479480757504,https://www.douyin.com/jingxuan/music,2026-05-09T20:05:04.909279
7632273823740327323,https://www.douyin.com/video/7632273823740327323,https://www.douyin.com/jingxuan/food,2026-05-09T20:05:04.909279
7632279523715957354,https://www.douyin.com/video/7632279523715957354,https://www.douyin.com/jingxuan/acg,2026-05-09T20:05:04.909279
7632280295236629221,https://www.douyin.com/video/7632280295236629221,https://www.douyin.com/jingxuan/sports,2026-05-09T20:05:04.909279
7632290823991725322,https://www.douyin.com/video/7632290823991725322,https://www.douyin.com/jingxuan/film,2026-05-09T20:05:04.909279
7632293035158782437,https://www.douyin.com/video/7632293035158782437,https://www.douyin.com/jingxuan/animal,2026-05-09T20:05:04.909279
7632311011978104127,https://www.douyin.com/video/7632311011978104127,https://www.douyin.com/jingxuan/emotion,2026-05-09T20:05:04.909279
7632311011978104127,https://www.douyin.com/video/7632311011978104127,https://www.douyin.com/jingxuan/fashion,2026-05-09T20:05:04.909279
7632311011978104127,https://www.douyin.com/video/7632311011978104127,https://www.douyin.com/jingxuan/kids,2026-05-09T20:05:04.909279
7632338174051650831,https://www.douyin.com/video/7632338174051650831,https://www.douyin.com/jingxuan/sports,2026-05-09T20:05:04.909279
7632509561253342565,https://www.douyin.com/video/7632509561253342565,https://www.douyin.com/jingxuan/beauty,2026-05-09T20:05:04.909279
7632510196207602944,https://www.douyin.com/video/7632510196207602944,https://www.douyin.com/jingxuan/food,2026-05-09T20:05:04.909279
7632514650265632763,https://www.douyin.com/video/7632514650265632763,https://www.douyin.com/jingxuan/car,2026-05-09T20:05:04.909279
7632522437577461007,https://www.douyin.com/video/7632522437577461007,https://www.douyin.com/jingxuan/beauty,2026-05-09T20:05:04.909279
7632531594355559689,https://www.douyin.com/video/7632531594355559689,https://www.douyin.com/jingxuan/travel,2026-05-09T20:05:04.909279
7632542367387503872,https://www.douyin.com/video/7632542367387503872,https://www.douyin.com/jingxuan,2026-05-09T20:05:04.909279
7632542367387503872,https://www.douyin.com/video/7632542367387503872,https://www.douyin.com/jingxuan/emotion,2026-05-09T20:05:04.909279
7632542367387503872,https://www.douyin.com/video/7632542367387503872,https://www.douyin.com/jingxuan/kids,2026-05-09T20:05:04.909279
7632557133485341617,https://www.douyin.com/video/7632557133485341617,https://www.douyin.com/jingxuan/acg,2026-05-09T20:05:04.909279
7632598091754211045,https://www.douyin.com/video/7632598091754211045,https://www.douyin.com/jingxuan/beauty,2026-05-09T20:05:04.909279
7632614137536843027,https://www.douyin.com/video/7632614137536843027,https://www.douyin.com/jingxuan,2026-05-09T20:05:04.909279
7632614137536843027,https://www.douyin.com/video/7632614137536843027,https://www.douyin.com/jingxuan/emotion,2026-05-09T20:05:04.909279
7632632440682597686,https://www.douyin.com/video/7632632440682597686,https://www.douyin.com/jingxuan/music,2026-05-09T20:05:04.909279
7632637036440404922,https://www.douyin.com/video/7632637036440404922,https://www.douyin.com/jingxuan/animal,2026-05-09T20:05:04.909279
7632643692084754363,https://www.douyin.com/video/7632643692084754363,https://www.douyin.com/jingxuan/food,2026-05-09T20:05:04.909279
7632658471959385738,https://www.douyin.com/video/7632658471959385738,https://www.douyin.com/jingxuan/food,2026-05-09T20:05:04.909279
7632660629668515113,https://www.douyin.com/video/7632660629668515113,https://www.douyin.com/jingxuan/music,2026-05-09T20:05:04.909279
7632660885387428197,https://www.douyin.com/video/7632660885387428197,https://www.douyin.com/jingxuan/car,2026-05-09T20:05:04.909279
7632662400096931106,https://www.douyin.com/video/7632662400096931106,https://www.douyin.com/jingxuan/sports,2026-05-09T20:05:04.909279
7632664798597873819,https://www.douyin.com/video/7632664798597873819,https://www.douyin.com/jingxuan/beauty,2026-05-09T20:05:04.909279
7632675474750631146,https://www.douyin.com/video/7632675474750631146,https://www.douyin.com/jingxuan/beauty,2026-05-09T20:05:04.909279
7632718201700273449,https://www.douyin.com/video/7632718201700273449,https://www.douyin.com/jingxuan/car,2026-05-09T20:05:04.909279
7632824299296265679,https://www.douyin.com/video/7632824299296265679,https://www.douyin.com/jingxuan/music,2026-05-09T20:05:04.909279
7632879122192026930,https://www.douyin.com/video/7632879122192026930,https://www.douyin.com/jingxuan/animal,2026-05-09T20:05:04.909279
7632922964219972916,https://www.douyin.com/video/7632922964219972916,https://www.douyin.com/jingxuan/animal,2026-05-09T20:05:04.909279
7632925604869967144,https://www.douyin.com/video/7632925604869967144,https://www.douyin.com/jingxuan/car,2026-05-09T20:05:04.909279
7632939865034283173,https://www.douyin.com/video/7632939865034283173,https://www.douyin.com/jingxuan/beauty,2026-05-09T20:05:04.909279
7632989388535910833,https://www.douyin.com/video/7632989388535910833,https://www.douyin.com/jingxuan/dance,2026-05-09T20:05:04.909279
7632989388535910833,https://www.douyin.com/video/7632989388535910833,https://www.douyin.com/jingxuan/emotion,2026-05-09T20:05:04.909279
7632989388535910833,https://www.douyin.com/video/7632989388535910833,https://www.douyin.com/jingxuan/fashion,2026-05-09T20:05:04.909279
7632989388535910833,https://www.douyin.com/video/7632989388535910833,https://www.douyin.com/jingxuan/life,2026-05-09T20:05:04.909279
7633005726441563825,https://www.douyin.com/video/7633005726441563825,https://www.douyin.com/jingxuan/food,2026-05-09T20:05:04.909279
7633020960630672549,https://www.douyin.com/video/7633020960630672549,https://www.douyin.com/jingxuan/sports,2026-05-09T20:05:04.909279
7633057068802460974,https://www.douyin.com/video/7633057068802460974,https://www.douyin.com/jingxuan/film,2026-05-09T20:05:04.909279
7633058069689191720,https://www.douyin.com/video/7633058069689191720,https://www.douyin.com/jingxuan/life,2026-05-09T20:05:04.909279
7633066075080396086,https://www.douyin.com/video/7633066075080396086,https://www.douyin.com/jingxuan/sports,2026-05-09T20:05:04.909279
7633238162143284520,https://www.douyin.com/video/7633238162143284520,https://www.douyin.com/jingxuan/animal,2026-05-09T20:05:04.909279
7633282885016898868,https://www.douyin.com/video/7633282885016898868,https://www.douyin.com/jingxuan,2026-05-09T20:05:04.909279
7633282885016898868,https://www.douyin.com/video/7633282885016898868,https://www.douyin.com/jingxuan/fashion,2026-05-09T20:05:04.909279
7633282885016898868,https://www.douyin.com/video/7633282885016898868,https://www.douyin.com/jingxuan/kids,2026-05-09T20:05:04.909279
7633334157011143982,https://www.douyin.com/video/7633334157011143982,https://www.douyin.com/jingxuan,2026-05-09T20:05:04.909279
7633334157011143982,https://www.douyin.com/video/7633334157011143982,https://www.douyin.com/jingxuan/dance,2026-05-09T20:05:04.909279
7633334157011143982,https://www.douyin.com/video/7633334157011143982,https://www.douyin.com/jingxuan/emotion,2026-05-09T20:05:04.909279
7633334157011143982,https://www.douyin.com/video/7633334157011143982,https://www.douyin.com/jingxuan/fashion,2026-05-09T20:05:04.909279
7633334157011143982,https://www.douyin.com/video/7633334157011143982,https://www.douyin.com/jingxuan/kids,2026-05-09T20:05:04.909279
7633334157011143982,https://www.douyin.com/video/7633334157011143982,https://www.douyin.com/jingxuan/life,2026-05-09T20:05:04.909279
7633334157011143982,https://www.douyin.com/video/7633334157011143982,https://www.douyin.com/jingxuan/pet,2026-05-09T20:05:04.909279
7633338487286189339,https://www.douyin.com/video/7633338487286189339,https://www.douyin.com/jingxuan,2026-05-09T20:05:04.909279
7633361357991070985,https://www.douyin.com/video/7633361357991070985,https://www.douyin.com/jingxuan/food,2026-05-09T20:05:04.909279
7633372841517327857,https://www.douyin.com/video/7633372841517327857,https://www.douyin.com/jingxuan/beauty,2026-05-09T20:05:04.909279
7633378654113910051,https://www.douyin.com/video/7633378654113910051,https://www.douyin.com/jingxuan,2026-05-09T20:05:04.909279
7633378654113910051,https://www.douyin.com/video/7633378654113910051,https://www.douyin.com/jingxuan/dance,2026-05-09T20:05:04.909279
7633378654113910051,https://www.douyin.com/video/7633378654113910051,https://www.douyin.com/jingxuan/emotion,2026-05-09T20:05:04.909279
7633378654113910051,https://www.douyin.com/video/7633378654113910051,https://www.douyin.com/jingxuan/fashion,2026-05-09T20:05:04.909279
7633378654113910051,https://www.douyin.com/video/7633378654113910051,https://www.douyin.com/jingxuan/kids,2026-05-09T20:05:04.909279
7633378654113910051,https://www.douyin.com/video/7633378654113910051,https://www.douyin.com/jingxuan/pet,2026-05-09T20:05:04.909279
7633380959153677041,https://www.douyin.com/video/7633380959153677041,https://www.douyin.com/jingxuan/acg,2026-05-09T20:05:04.909279
7633386719668178210,https://www.douyin.com/video/7633386719668178210,https://www.douyin.com/jingxuan/music,2026-05-09T20:05:04.909279
7633394322813029638,https://www.douyin.com/video/7633394322813029638,https://www.douyin.com/jingxuan/car,2026-05-09T20:05:04.909279
7633399540145540415,https://www.douyin.com/video/7633399540145540415,https://www.douyin.com/jingxuan/acg,2026-05-09T20:05:04.909279
7633401967959756042,https://www.douyin.com/video/7633401967959756042,https://www.douyin.com/jingxuan/food,2026-05-09T20:05:04.909279
7633421371376865954,https://www.douyin.com/video/7633421371376865954,https://www.douyin.com/jingxuan/beauty,2026-05-09T20:05:04.909279
7633429214091414811,https://www.douyin.com/video/7633429214091414811,https://www.douyin.com/jingxuan/sports,2026-05-09T20:05:04.909279
7633449744936799507,https://www.douyin.com/video/7633449744936799507,https://www.douyin.com/jingxuan/sports,2026-05-09T20:05:04.909279
7633451337551744291,https://www.douyin.com/video/7633451337551744291,https://www.douyin.com/jingxuan/game,2026-05-09T20:05:04.909279
7633628335100284175,https://www.douyin.com/video/7633628335100284175,https://www.douyin.com/jingxuan/car,2026-05-09T20:05:04.909279
7633651020912931305,https://www.douyin.com/video/7633651020912931305,https://www.douyin.com/jingxuan/game,2026-05-09T20:05:04.909279
7633651020912931305,https://www.douyin.com/video/7633651020912931305,https://www.douyin.com/jingxuan/fashion,2026-05-09T20:05:04.909279
7633651322524273947,https://www.douyin.com/video/7633651322524273947,https://www.douyin.com/jingxuan/dance,2026-05-09T20:05:04.909279
7633651322524273947,https://www.douyin.com/video/7633651322524273947,https://www.douyin.com/jingxuan/emotion,2026-05-09T20:05:04.909279
7633651322524273947,https://www.douyin.com/video/7633651322524273947,https://www.douyin.com/jingxuan/fashion,2026-05-09T20:05:04.909279
7633651322524273947,https://www.douyin.com/video/7633651322524273947,https://www.douyin.com/jingxuan/kids,2026-05-09T20:05:04.909279
7633651322524273947,https://www.douyin.com/video/7633651322524273947,https://www.douyin.com/jingxuan/life,2026-05-09T20:05:04.909279
7633651322524273947,https://www.douyin.com/video/7633651322524273947,https://www.douyin.com/jingxuan/pet,2026-05-09T20:05:04.909279
7633689770870328576,https://www.douyin.com/video/7633689770870328576,https://www.douyin.com/jingxuan/car,2026-05-09T20:05:04.909279
7633690782947462426,https://www.douyin.com/video/7633690782947462426,https://www.douyin.com/jingxuan,2026-05-09T20:05:04.909279
7633690782947462426,https://www.douyin.com/video/7633690782947462426,https://www.douyin.com/jingxuan/acg,2026-05-09T20:05:04.909279
7633690782947462426,https://www.douyin.com/video/7633690782947462426,https://www.douyin.com/jingxuan/dance,2026-05-09T20:05:04.909279
7633690782947462426,https://www.douyin.com/video/7633690782947462426,https://www.douyin.com/jingxuan/emotion,2026-05-09T20:05:04.909279
7633690782947462426,https://www.douyin.com/video/7633690782947462426,https://www.douyin.com/jingxuan/fashion,2026-05-09T20:05:04.909279
7633690782947462426,https://www.douyin.com/video/7633690782947462426,https://www.douyin.com/jingxuan/kids,2026-05-09T20:05:04.909279
7633690782947462426,https://www.douyin.com/video/7633690782947462426,https://www.douyin.com/jingxuan/life,2026-05-09T20:05:04.909279
7633690782947462426,https://www.douyin.com/video/7633690782947462426,https://www.douyin.com/jingxuan/pet,2026-05-09T20:05:04.909279
7633690805378485514,https://www.douyin.com/video/7633690805378485514,https://www.douyin.com/jingxuan/food,2026-05-09T20:05:04.909279
7633693372951121179,https://www.douyin.com/video/7633693372951121179,https://www.douyin.com/jingxuan/sports,2026-05-09T20:05:04.909279
7633697933120946875,https://www.douyin.com/video/7633697933120946875,https://www.douyin.com/jingxuan/food,2026-05-09T20:05:04.909279
7633711740539692987,https://www.douyin.com/video/7633711740539692987,https://www.douyin.com/jingxuan/beauty,2026-05-09T20:05:04.909279
7633718335083355122,https://www.douyin.com/video/7633718335083355122,https://www.douyin.com/jingxuan/car,2026-05-09T20:05:04.909279
7633724385903332618,https://www.douyin.com/video/7633724385903332618,https://www.douyin.com/jingxuan,2026-05-09T20:05:04.909279
7633724385903332618,https://www.douyin.com/video/7633724385903332618,https://www.douyin.com/jingxuan/emotion,2026-05-09T20:05:04.909279
7633724385903332618,https://www.douyin.com/video/7633724385903332618,https://www.douyin.com/jingxuan/fashion,2026-05-09T20:05:04.909279
7633724385903332618,https://www.douyin.com/video/7633724385903332618,https://www.douyin.com/jingxuan/kids,2026-05-09T20:05:04.909279
7633724385903332618,https://www.douyin.com/video/7633724385903332618,https://www.douyin.com/jingxuan/pet,2026-05-09T20:05:04.909279
7633731455458357873,https://www.douyin.com/video/7633731455458357873,https://www.douyin.com/jingxuan,2026-05-09T20:05:04.909279
7633731455458357873,https://www.douyin.com/video/7633731455458357873,https://www.douyin.com/jingxuan/dance,2026-05-09T20:05:04.909279
7633731455458357873,https://www.douyin.com/video/7633731455458357873,https://www.douyin.com/jingxuan/emotion,2026-05-09T20:05:04.909279
7633731455458357873,https://www.douyin.com/video/7633731455458357873,https://www.douyin.com/jingxuan/fashion,2026-05-09T20:05:04.909279
7633731455458357873,https://www.douyin.com/video/7633731455458357873,https://www.douyin.com/jingxuan/kids,2026-05-09T20:05:04.909279
7633731455458357873,https://www.douyin.com/video/7633731455458357873,https://www.douyin.com/jingxuan/life,2026-05-09T20:05:04.909279
7633731455458357873,https://www.douyin.com/video/7633731455458357873,https://www.douyin.com/jingxuan/pet,2026-05-09T20:05:04.909279
7633738641597050277,https://www.douyin.com/video/7633738641597050277,https://www.douyin.com/jingxuan/sports,2026-05-09T20:05:04.909279
7633743819732765998,https://www.douyin.com/video/7633743819732765998,https://www.douyin.com/jingxuan/acg,2026-05-09T20:05:04.909279
7633747693835177256,https://www.douyin.com/video/7633747693835177256,https://www.douyin.com/jingxuan/music,2026-05-09T20:05:04.909279
7633752495949019387,https://www.douyin.com/video/7633752495949019387,https://www.douyin.com/jingxuan/beauty,2026-05-09T20:05:04.909279
7633781056998493476,https://www.douyin.com/video/7633781056998493476,https://www.douyin.com/jingxuan/animal,2026-05-09T20:05:04.909279
7633787812239658246,https://www.douyin.com/video/7633787812239658246,https://www.douyin.com/jingxuan/sports,2026-05-09T20:05:04.909279
7633808797617671430,https://www.douyin.com/video/7633808797617671430,https://www.douyin.com/jingxuan/film,2026-05-09T20:05:04.909279
7633809319179390250,https://www.douyin.com/video/7633809319179390250,https://www.douyin.com/jingxuan/sports,2026-05-09T20:05:04.909279
7633827527064177939,https://www.douyin.com/video/7633827527064177939,https://www.douyin.com/jingxuan,2026-05-09T20:05:04.909279
7633999220306955555,https://www.douyin.com/video/7633999220306955555,https://www.douyin.com/jingxuan/acg,2026-05-09T20:05:04.909279
7634013865856093449,https://www.douyin.com/video/7634013865856093449,https://www.douyin.com/jingxuan/film,2026-05-09T20:05:04.909279
7634032375084764435,https://www.douyin.com/video/7634032375084764435,https://www.douyin.com/jingxuan/music,2026-05-09T20:05:04.909279
7634055586649395347,https://www.douyin.com/video/7634055586649395347,https://www.douyin.com/jingxuan/game,2026-05-09T20:05:04.909279
7634065883028010870,https://www.douyin.com/video/7634065883028010870,https://www.douyin.com/jingxuan/sports,2026-05-09T20:05:04.909279
7634092294401332991,https://www.douyin.com/video/7634092294401332991,https://www.douyin.com/jingxuan/animal,2026-05-09T20:05:04.909279
7634102931431738664,https://www.douyin.com/video/7634102931431738664,https://www.douyin.com/jingxuan,2026-05-09T20:05:04.909279
7634102931431738664,https://www.douyin.com/video/7634102931431738664,https://www.douyin.com/jingxuan/food,2026-05-09T20:05:04.909279
7634102931431738664,https://www.douyin.com/video/7634102931431738664,https://www.douyin.com/jingxuan/dance,2026-05-09T20:05:04.909279
7634102931431738664,https://www.douyin.com/video/7634102931431738664,https://www.douyin.com/jingxuan/fashion,2026-05-09T20:05:04.909279
7634102931431738664,https://www.douyin.com/video/7634102931431738664,https://www.douyin.com/jingxuan/life,2026-05-09T20:05:04.909279
7634105221337173274,https://www.douyin.com/video/7634105221337173274,https://www.douyin.com/jingxuan/animal,2026-05-09T20:05:04.909279
7634113728984629625,https://www.douyin.com/video/7634113728984629625,https://www.douyin.com/jingxuan/car,2026-05-09T20:05:04.909279
7634115267823439145,https://www.douyin.com/video/7634115267823439145,https://www.douyin.com/jingxuan/acg,2026-05-09T20:05:04.909279
7634115492394831138,https://www.douyin.com/video/7634115492394831138,https://www.douyin.com/jingxuan/food,2026-05-09T20:05:04.909279
7634122884377562420,https://www.douyin.com/video/7634122884377562420,https://www.douyin.com/jingxuan,2026-05-09T20:05:04.909279
7634122884377562420,https://www.douyin.com/video/7634122884377562420,https://www.douyin.com/jingxuan/travel,2026-05-09T20:05:04.909279
7634122884377562420,https://www.douyin.com/video/7634122884377562420,https://www.douyin.com/jingxuan/emotion,2026-05-09T20:05:04.909279
7634122884377562420,https://www.douyin.com/video/7634122884377562420,https://www.douyin.com/jingxuan/fashion,2026-05-09T20:05:04.909279
7634122884377562420,https://www.douyin.com/video/7634122884377562420,https://www.douyin.com/jingxuan/pet,2026-05-09T20:05:04.909279
7634133922724482350,https://www.douyin.com/video/7634133922724482350,https://www.douyin.com/jingxuan/music,2026-05-09T20:05:04.909279
7634135180660660138,https://www.douyin.com/video/7634135180660660138,https://www.douyin.com/jingxuan/game,2026-05-09T20:05:04.909279
7634142536785379494,https://www.douyin.com/video/7634142536785379494,https://www.douyin.com/jingxuan/food,2026-05-09T20:05:04.909279
7634159346527636742,https://www.douyin.com/video/7634159346527636742,https://www.douyin.com/jingxuan/dance,2026-05-09T20:05:04.909279
7634161559316598022,https://www.douyin.com/video/7634161559316598022,https://www.douyin.com/jingxuan/dance,2026-05-09T20:05:04.909279
7634174786147818981,https://www.douyin.com/video/7634174786147818981,https://www.douyin.com/jingxuan/beauty,2026-05-09T20:05:04.909279
7634210522954616114,https://www.douyin.com/video/7634210522954616114,https://www.douyin.com/jingxuan/animal,2026-05-09T20:05:04.910277
7634284879395458314,https://www.douyin.com/video/7634284879395458314,https://www.douyin.com/jingxuan/acg,2026-05-09T20:05:04.910277
7634317417346338100,https://www.douyin.com/video/7634317417346338100,https://www.douyin.com/jingxuan/film,2026-05-09T20:05:04.910277
7634370025889074484,https://www.douyin.com/video/7634370025889074484,https://www.douyin.com/jingxuan/car,2026-05-09T20:05:04.910277
7634385171961154856,https://www.douyin.com/video/7634385171961154856,https://www.douyin.com/jingxuan,2026-05-09T20:05:04.910277
7634422186090024218,https://www.douyin.com/video/7634422186090024218,https://www.douyin.com/jingxuan/car,2026-05-09T20:05:04.910277
7634433492327157038,https://www.douyin.com/video/7634433492327157038,https://www.douyin.com/jingxuan/car,2026-05-09T20:05:04.910277
7634471491421195555,https://www.douyin.com/video/7634471491421195555,https://www.douyin.com/jingxuan/acg,2026-05-09T20:05:04.910277
7634475980224582564,https://www.douyin.com/video/7634475980224582564,https://www.douyin.com/jingxuan/food,2026-05-09T20:05:04.910277
7634479091772730041,https://www.douyin.com/video/7634479091772730041,https://www.douyin.com/jingxuan/animal,2026-05-09T20:05:04.910277
7634479810420493610,https://www.douyin.com/video/7634479810420493610,https://www.douyin.com/jingxuan/game,2026-05-09T20:05:04.910277
7634485050091867455,https://www.douyin.com/video/7634485050091867455,https://www.douyin.com/jingxuan/film,2026-05-09T20:05:04.910277
7634488123950386466,https://www.douyin.com/video/7634488123950386466,https://www.douyin.com/jingxuan/kids,2026-05-09T20:05:04.910277
7634488123950386466,https://www.douyin.com/video/7634488123950386466,https://www.douyin.com/jingxuan/pet,2026-05-09T20:05:04.910277
7634490656299257138,https://www.douyin.com/video/7634490656299257138,https://www.douyin.com/jingxuan/dance,2026-05-09T20:05:04.910277
7634491392026217791,https://www.douyin.com/video/7634491392026217791,https://www.douyin.com/jingxuan/car,2026-05-09T20:05:04.910277
7634492110997179700,https://www.douyin.com/video/7634492110997179700,https://www.douyin.com/jingxuan,2026-05-09T20:05:04.910277
7634492110997179700,https://www.douyin.com/video/7634492110997179700,https://www.douyin.com/jingxuan/acg,2026-05-09T20:05:04.910277
7634492110997179700,https://www.douyin.com/video/7634492110997179700,https://www.douyin.com/jingxuan/dance,2026-05-09T20:05:04.910277
7634492110997179700,https://www.douyin.com/video/7634492110997179700,https://www.douyin.com/jingxuan/emotion,2026-05-09T20:05:04.910277
7634492295827475754,https://www.douyin.com/video/7634492295827475754,https://www.douyin.com/jingxuan/car,2026-05-09T20:05:04.910277
7634499417710615787,https://www.douyin.com/video/7634499417710615787,https://www.douyin.com/jingxuan/food,2026-05-09T20:05:04.910277
7634514884050324762,https://www.douyin.com/video/7634514884050324762,https://www.douyin.com/jingxuan/beauty,2026-05-09T20:05:04.910277
7634529886744366387,https://www.douyin.com/video/7634529886744366387,https://www.douyin.com/jingxuan,2026-05-09T20:05:04.910277
7634529886744366387,https://www.douyin.com/video/7634529886744366387,https://www.douyin.com/jingxuan/film,2026-05-09T20:05:04.910277
7634529886744366387,https://www.douyin.com/video/7634529886744366387,https://www.douyin.com/jingxuan/emotion,2026-05-09T20:05:04.910277
7634529886744366387,https://www.douyin.com/video/7634529886744366387,https://www.douyin.com/jingxuan/fashion,2026-05-09T20:05:04.910277
7634529886744366387,https://www.douyin.com/video/7634529886744366387,https://www.douyin.com/jingxuan/kids,2026-05-09T20:05:04.910277
7634529886744366387,https://www.douyin.com/video/7634529886744366387,https://www.douyin.com/jingxuan/pet,2026-05-09T20:05:04.910277
7634544682705457637,https://www.douyin.com/video/7634544682705457637,https://www.douyin.com/jingxuan/beauty,2026-05-09T20:05:04.910277
7634705123222064422,https://www.douyin.com/video/7634705123222064422,https://www.douyin.com/jingxuan/travel,2026-05-09T20:05:04.910277
7634737015163306163,https://www.douyin.com/video/7634737015163306163,https://www.douyin.com/jingxuan/sports,2026-05-09T20:05:04.910277
7634750812875823790,https://www.douyin.com/video/7634750812875823790,https://www.douyin.com/jingxuan/beauty,2026-05-09T20:05:04.910277
7634755530300661242,https://www.douyin.com/video/7634755530300661242,https://www.douyin.com/jingxuan/music,2026-05-09T20:05:04.910277
7634756772511476070,https://www.douyin.com/video/7634756772511476070,https://www.douyin.com/jingxuan/sports,2026-05-09T20:05:04.910277
7634764903802244404,https://www.douyin.com/video/7634764903802244404,https://www.douyin.com/jingxuan/food,2026-05-09T20:05:04.910277
7634768449775979782,https://www.douyin.com/video/7634768449775979782,https://www.douyin.com/jingxuan/game,2026-05-09T20:05:04.910277
7634771500041506082,https://www.douyin.com/video/7634771500041506082,https://www.douyin.com/jingxuan/car,2026-05-09T20:05:04.910277
7634780157449915700,https://www.douyin.com/video/7634780157449915700,https://www.douyin.com/jingxuan/animal,2026-05-09T20:05:04.910277
7634780378276859514,https://www.douyin.com/video/7634780378276859514,https://www.douyin.com/jingxuan/music,2026-05-09T20:05:04.910277
7634796721612049716,https://www.douyin.com/video/7634796721612049716,https://www.douyin.com/jingxuan/acg,2026-05-09T20:05:04.910277
7634803635516812721,https://www.douyin.com/video/7634803635516812721,https://www.douyin.com/jingxuan/music,2026-05-09T20:05:04.910277
7634805577616477483,https://www.douyin.com/video/7634805577616477483,https://www.douyin.com/jingxuan/game,2026-05-09T20:05:04.910277
7634810041433885971,https://www.douyin.com/video/7634810041433885971,https://www.douyin.com/jingxuan/music,2026-05-09T20:05:04.910277
7634830996147309833,https://www.douyin.com/video/7634830996147309833,https://www.douyin.com/jingxuan/life,2026-05-09T20:05:04.910277
7634845651667511642,https://www.douyin.com/video/7634845651667511642,https://www.douyin.com/jingxuan/game,2026-05-09T20:05:04.910277
7634855079858455281,https://www.douyin.com/video/7634855079858455281,https://www.douyin.com/jingxuan/sports,2026-05-09T20:05:04.910277
7634855220882771215,https://www.douyin.com/video/7634855220882771215,https://www.douyin.com/jingxuan/food,2026-05-09T20:05:04.910277
7634867199128575089,https://www.douyin.com/video/7634867199128575089,https://www.douyin.com/jingxuan/animal,2026-05-09T20:05:04.910277
7634883144109329707,https://www.douyin.com/video/7634883144109329707,https://www.douyin.com/jingxuan/sports,2026-05-09T20:05:04.910277
7634936306392386866,https://www.douyin.com/video/7634936306392386866,https://www.douyin.com/jingxuan/travel,2026-05-09T20:05:04.910277
7634952193568787748,https://www.douyin.com/video/7634952193568787748,https://www.douyin.com/jingxuan/animal,2026-05-09T20:05:04.910277
7634973327602863406,https://www.douyin.com/video/7634973327602863406,https://www.douyin.com/jingxuan/sports,2026-05-09T20:05:04.910277
7635030049082625295,https://www.douyin.com/video/7635030049082625295,https://www.douyin.com/jingxuan/dance,2026-05-09T20:05:04.910277
7635030049082625295,https://www.douyin.com/video/7635030049082625295,https://www.douyin.com/jingxuan/kids,2026-05-09T20:05:04.910277
7635030049082625295,https://www.douyin.com/video/7635030049082625295,https://www.douyin.com/jingxuan/life,2026-05-09T20:05:04.910277
7635030049082625295,https://www.douyin.com/video/7635030049082625295,https://www.douyin.com/jingxuan/pet,2026-05-09T20:05:04.910277
7635097254491251362,https://www.douyin.com/video/7635097254491251362,https://www.douyin.com/jingxuan/dance,2026-05-09T20:05:04.910277
7635097254491251362,https://www.douyin.com/video/7635097254491251362,https://www.douyin.com/jingxuan/life,2026-05-09T20:05:04.910277
7635097254491251362,https://www.douyin.com/video/7635097254491251362,https://www.douyin.com/jingxuan/pet,2026-05-09T20:05:04.910277
7635099609123015971,https://www.douyin.com/video/7635099609123015971,https://www.douyin.com/jingxuan/dance,2026-05-09T20:05:04.910277
7635136438530510115,https://www.douyin.com/video/7635136438530510115,https://www.douyin.com/jingxuan/game,2026-05-09T20:05:04.910277
7635136438530510115,https://www.douyin.com/video/7635136438530510115,https://www.douyin.com/jingxuan/life,2026-05-09T20:05:04.910277
7635141613714558214,https://www.douyin.com/video/7635141613714558214,https://www.douyin.com/jingxuan/travel,2026-05-09T20:05:04.910277
7635158994164361700,https://www.douyin.com/video/7635158994164361700,https://www.douyin.com/jingxuan/animal,2026-05-09T20:05:04.910277
7635162612493208870,https://www.douyin.com/video/7635162612493208870,https://www.douyin.com/jingxuan/game,2026-05-09T20:05:04.910277
7635188302525500687,https://www.douyin.com/video/7635188302525500687,https://www.douyin.com/jingxuan/dance,2026-05-09T20:05:04.910277
7635188302525500687,https://www.douyin.com/video/7635188302525500687,https://www.douyin.com/jingxuan/kids,2026-05-09T20:05:04.910277
7635188302525500687,https://www.douyin.com/video/7635188302525500687,https://www.douyin.com/jingxuan/life,2026-05-09T20:05:04.910277
7635188302525500687,https://www.douyin.com/video/7635188302525500687,https://www.douyin.com/jingxuan/pet,2026-05-09T20:05:04.910277
7635204108156210442,https://www.douyin.com/video/7635204108156210442,https://www.douyin.com/jingxuan,2026-05-09T20:05:04.910277
7635204108156210442,https://www.douyin.com/video/7635204108156210442,https://www.douyin.com/jingxuan/dance,2026-05-09T20:05:04.910277
7635204108156210442,https://www.douyin.com/video/7635204108156210442,https://www.douyin.com/jingxuan/emotion,2026-05-09T20:05:04.910277
7635204108156210442,https://www.douyin.com/video/7635204108156210442,https://www.douyin.com/jingxuan/fashion,2026-05-09T20:05:04.910277
7635204108156210442,https://www.douyin.com/video/7635204108156210442,https://www.douyin.com/jingxuan/kids,2026-05-09T20:05:04.910277
7635204108156210442,https://www.douyin.com/video/7635204108156210442,https://www.douyin.com/jingxuan/life,2026-05-09T20:05:04.910277
7635204108156210442,https://www.douyin.com/video/7635204108156210442,https://www.douyin.com/jingxuan/pet,2026-05-09T20:05:04.910277
7635204366168837412,https://www.douyin.com/video/7635204366168837412,https://www.douyin.com/jingxuan/dance,2026-05-09T20:05:04.910277
7635204366168837412,https://www.douyin.com/video/7635204366168837412,https://www.douyin.com/jingxuan/emotion,2026-05-09T20:05:04.910277
7635204366168837412,https://www.douyin.com/video/7635204366168837412,https://www.douyin.com/jingxuan/fashion,2026-05-09T20:05:04.910277
7635204366168837412,https://www.douyin.com/video/7635204366168837412,https://www.douyin.com/jingxuan/kids,2026-05-09T20:05:04.910277
7635204366168837412,https://www.douyin.com/video/7635204366168837412,https://www.douyin.com/jingxuan/pet,2026-05-09T20:05:04.910277
7635211570323209178,https://www.douyin.com/video/7635211570323209178,https://www.douyin.com/jingxuan/beauty,2026-05-09T20:05:04.910277
7635213837347622144,https://www.douyin.com/video/7635213837347622144,https://www.douyin.com/jingxuan,2026-05-09T20:05:04.910277
7635213837347622144,https://www.douyin.com/video/7635213837347622144,https://www.douyin.com/jingxuan/dance,2026-05-09T20:05:04.910277
7635213837347622144,https://www.douyin.com/video/7635213837347622144,https://www.douyin.com/jingxuan/emotion,2026-05-09T20:05:04.910277
7635213837347622144,https://www.douyin.com/video/7635213837347622144,https://www.douyin.com/jingxuan/fashion,2026-05-09T20:05:04.910277
7635213837347622144,https://www.douyin.com/video/7635213837347622144,https://www.douyin.com/jingxuan/kids,2026-05-09T20:05:04.910277
7635213837347622144,https://www.douyin.com/video/7635213837347622144,https://www.douyin.com/jingxuan/pet,2026-05-09T20:05:04.910277
7635215996604648755,https://www.douyin.com/video/7635215996604648755,https://www.douyin.com/jingxuan,2026-05-09T20:05:04.910277
7635215996604648755,https://www.douyin.com/video/7635215996604648755,https://www.douyin.com/jingxuan/fashion,2026-05-09T20:05:04.910277
7635227418487180585,https://www.douyin.com/video/7635227418487180585,https://www.douyin.com/jingxuan/sports,2026-05-09T20:05:04.910277
7635228639860231460,https://www.douyin.com/video/7635228639860231460,https://www.douyin.com/jingxuan/game,2026-05-09T20:05:04.910277
7635242374318263571,https://www.douyin.com/video/7635242374318263571,https://www.douyin.com/jingxuan,2026-05-09T20:05:04.910277
7635242374318263571,https://www.douyin.com/video/7635242374318263571,https://www.douyin.com/jingxuan/emotion,2026-05-09T20:05:04.910277
7635242374318263571,https://www.douyin.com/video/7635242374318263571,https://www.douyin.com/jingxuan/fashion,2026-05-09T20:05:04.910277
7635242374318263571,https://www.douyin.com/video/7635242374318263571,https://www.douyin.com/jingxuan/kids,2026-05-09T20:05:04.910277
7635242374318263571,https://www.douyin.com/video/7635242374318263571,https://www.douyin.com/jingxuan/pet,2026-05-09T20:05:04.910277
7635243486828121353,https://www.douyin.com/video/7635243486828121353,https://www.douyin.com/jingxuan/animal,2026-05-09T20:05:04.910277
7635255868593851683,https://www.douyin.com/video/7635255868593851683,https://www.douyin.com/jingxuan,2026-05-09T20:05:04.910277
7635255868593851683,https://www.douyin.com/video/7635255868593851683,https://www.douyin.com/jingxuan/dance,2026-05-09T20:05:04.910277
7635255868593851683,https://www.douyin.com/video/7635255868593851683,https://www.douyin.com/jingxuan/emotion,2026-05-09T20:05:04.910277
7635310186973990194,https://www.douyin.com/video/7635310186973990194,https://www.douyin.com/jingxuan,2026-05-09T20:05:04.910277
7635324978732322100,https://www.douyin.com/video/7635324978732322100,https://www.douyin.com/jingxuan,2026-05-09T20:05:04.910277
7635324978732322100,https://www.douyin.com/video/7635324978732322100,https://www.douyin.com/jingxuan/dance,2026-05-09T20:05:04.910277
7635324978732322100,https://www.douyin.com/video/7635324978732322100,https://www.douyin.com/jingxuan/life,2026-05-09T20:05:04.910277
7635324978732322100,https://www.douyin.com/video/7635324978732322100,https://www.douyin.com/jingxuan/pet,2026-05-09T20:05:04.910277
7635341694631876987,https://www.douyin.com/video/7635341694631876987,https://www.douyin.com/jingxuan/sports,2026-05-09T20:05:04.910277
7635349111276948771,https://www.douyin.com/video/7635349111276948771,https://www.douyin.com/jingxuan/animal,2026-05-09T20:05:04.910277
7635350212969647411,https://www.douyin.com/video/7635350212969647411,https://www.douyin.com/jingxuan/kids,2026-05-09T20:05:04.910277
7635375375861695653,https://www.douyin.com/video/7635375375861695653,https://www.douyin.com/jingxuan/sports,2026-05-09T20:05:04.910277
7635473336760379749,https://www.douyin.com/video/7635473336760379749,https://www.douyin.com/jingxuan/sports,2026-05-09T20:05:04.910277
7635507458349843108,https://www.douyin.com/video/7635507458349843108,https://www.douyin.com/jingxuan/animal,2026-05-09T20:05:04.910277
7635510466286013722,https://www.douyin.com/video/7635510466286013722,https://www.douyin.com/jingxuan/life,2026-05-09T20:05:04.910277
7635549134967603546,https://www.douyin.com/video/7635549134967603546,https://www.douyin.com/jingxuan/car,2026-05-09T20:05:04.910277
7635559663462911232,https://www.douyin.com/video/7635559663462911232,https://www.douyin.com/jingxuan/game,2026-05-09T20:05:04.910277
7635570572021353779,https://www.douyin.com/video/7635570572021353779,https://www.douyin.com/jingxuan/sports,2026-05-09T20:05:04.910277
7635580375510551862,https://www.douyin.com/video/7635580375510551862,https://www.douyin.com/jingxuan/film,2026-05-09T20:05:04.910277
7635591106725815673,https://www.douyin.com/video/7635591106725815673,https://www.douyin.com/jingxuan/animal,2026-05-09T20:05:04.910277
7635600227700903202,https://www.douyin.com/video/7635600227700903202,https://www.douyin.com/jingxuan/game,2026-05-09T20:05:04.910277
7635604095306370304,https://www.douyin.com/video/7635604095306370304,https://www.douyin.com/jingxuan/life,2026-05-09T20:05:04.910277
7635604631499301562,https://www.douyin.com/video/7635604631499301562,https://www.douyin.com/jingxuan/sports,2026-05-09T20:05:04.910277
7635660430865698057,https://www.douyin.com/video/7635660430865698057,https://www.douyin.com/jingxuan/music,2026-05-09T20:05:04.910277
7635687036296465674,https://www.douyin.com/video/7635687036296465674,https://www.douyin.com/jingxuan/animal,2026-05-09T20:05:04.910277
7635697018815466798,https://www.douyin.com/video/7635697018815466798,https://www.douyin.com/jingxuan/kids,2026-05-09T20:05:04.910277
7635697018815466798,https://www.douyin.com/video/7635697018815466798,https://www.douyin.com/jingxuan/pet,2026-05-09T20:05:04.910277
7635719278529389684,https://www.douyin.com/video/7635719278529389684,https://www.douyin.com/jingxuan/car,2026-05-09T20:05:04.910277
7635728691879759156,https://www.douyin.com/video/7635728691879759156,https://www.douyin.com/jingxuan/music,2026-05-09T20:05:04.910277
7635741742927422949,https://www.douyin.com/video/7635741742927422949,https://www.douyin.com/jingxuan/animal,2026-05-09T20:05:04.910277
7635798989653155691,https://www.douyin.com/video/7635798989653155691,https://www.douyin.com/jingxuan/life,2026-05-09T20:05:04.910277
7635828823874899240,https://www.douyin.com/video/7635828823874899240,https://www.douyin.com/jingxuan/dance,2026-05-09T20:05:04.910277
7635876033186565428,https://www.douyin.com/video/7635876033186565428,https://www.douyin.com/jingxuan/game,2026-05-09T20:05:04.910277
7635879209180744969,https://www.douyin.com/video/7635879209180744969,https://www.douyin.com/jingxuan/music,2026-05-09T20:05:04.910277
7635929315699346739,https://www.douyin.com/video/7635929315699346739,https://www.douyin.com/jingxuan/music,2026-05-09T20:05:04.910277
7635936820014423211,https://www.douyin.com/video/7635936820014423211,https://www.douyin.com/jingxuan/sports,2026-05-09T20:05:04.910277
7635946918153047305,https://www.douyin.com/video/7635946918153047305,https://www.douyin.com/jingxuan/music,2026-05-09T20:05:04.910277
7635959626207021666,https://www.douyin.com/video/7635959626207021666,https://www.douyin.com/jingxuan/life,2026-05-09T20:05:04.910277
7635966891118877925,https://www.douyin.com/video/7635966891118877925,https://www.douyin.com/jingxuan/beauty,2026-05-09T20:05:04.910277
7635975058132864282,https://www.douyin.com/video/7635975058132864282,https://www.douyin.com/jingxuan/game,2026-05-09T20:05:04.910277
7635976085049543942,https://www.douyin.com/video/7635976085049543942,https://www.douyin.com/jingxuan/food,2026-05-09T20:05:04.910277
7635981610274282985,https://www.douyin.com/video/7635981610274282985,https://www.douyin.com/jingxuan/kids,2026-05-09T20:05:04.910277
7635981610274282985,https://www.douyin.com/video/7635981610274282985,https://www.douyin.com/jingxuan/life,2026-05-09T20:05:04.910277
7635981610274282985,https://www.douyin.com/video/7635981610274282985,https://www.douyin.com/jingxuan/pet,2026-05-09T20:05:04.910277
7636004197757963529,https://www.douyin.com/video/7636004197757963529,https://www.douyin.com/jingxuan/acg,2026-05-09T20:05:04.910277
7636012146590227859,https://www.douyin.com/video/7636012146590227859,https://www.douyin.com/jingxuan/beauty,2026-05-09T20:05:04.910277
7636012595052317998,https://www.douyin.com/video/7636012595052317998,https://www.douyin.com/jingxuan/life,2026-05-09T20:05:04.910277
7636026330148146467,https://www.douyin.com/video/7636026330148146467,https://www.douyin.com/jingxuan,2026-05-09T20:05:04.910277
7636026330148146467,https://www.douyin.com/video/7636026330148146467,https://www.douyin.com/jingxuan/dance,2026-05-09T20:05:04.910277
7636026330148146467,https://www.douyin.com/video/7636026330148146467,https://www.douyin.com/jingxuan/emotion,2026-05-09T20:05:04.910277
7636026330148146467,https://www.douyin.com/video/7636026330148146467,https://www.douyin.com/jingxuan/fashion,2026-05-09T20:05:04.910277
7636026330148146467,https://www.douyin.com/video/7636026330148146467,https://www.douyin.com/jingxuan/kids,2026-05-09T20:05:04.910277
7636026330148146467,https://www.douyin.com/video/7636026330148146467,https://www.douyin.com/jingxuan/pet,2026-05-09T20:05:04.910277
7636036900196732198,https://www.douyin.com/video/7636036900196732198,https://www.douyin.com/jingxuan,2026-05-09T20:05:04.910277
7636036900196732198,https://www.douyin.com/video/7636036900196732198,https://www.douyin.com/jingxuan/dance,2026-05-09T20:05:04.910277
7636036900196732198,https://www.douyin.com/video/7636036900196732198,https://www.douyin.com/jingxuan/emotion,2026-05-09T20:05:04.910277
7636036900196732198,https://www.douyin.com/video/7636036900196732198,https://www.douyin.com/jingxuan/fashion,2026-05-09T20:05:04.910277
7636036900196732198,https://www.douyin.com/video/7636036900196732198,https://www.douyin.com/jingxuan/kids,2026-05-09T20:05:04.910277
7636036900196732198,https://www.douyin.com/video/7636036900196732198,https://www.douyin.com/jingxuan/pet,2026-05-09T20:05:04.910277
7636058006152924559,https://www.douyin.com/video/7636058006152924559,https://www.douyin.com/jingxuan/beauty,2026-05-09T20:05:04.910277
7636192140309105966,https://www.douyin.com/video/7636192140309105966,https://www.douyin.com/jingxuan/car,2026-05-09T20:05:04.910277
7636228718280690998,https://www.douyin.com/video/7636228718280690998,https://www.douyin.com/jingxuan/sports,2026-05-09T20:05:04.910277
7636242411647225097,https://www.douyin.com/video/7636242411647225097,https://www.douyin.com/jingxuan/game,2026-05-09T20:05:04.910277
7636256163352333603,https://www.douyin.com/video/7636256163352333603,https://www.douyin.com/jingxuan,2026-05-09T20:05:04.910277
7636256163352333603,https://www.douyin.com/video/7636256163352333603,https://www.douyin.com/jingxuan/game,2026-05-09T20:05:04.910277
7636256163352333603,https://www.douyin.com/video/7636256163352333603,https://www.douyin.com/jingxuan/dance,2026-05-09T20:05:04.910277
7636256163352333603,https://www.douyin.com/video/7636256163352333603,https://www.douyin.com/jingxuan/emotion,2026-05-09T20:05:04.910277
7636256163352333603,https://www.douyin.com/video/7636256163352333603,https://www.douyin.com/jingxuan/fashion,2026-05-09T20:05:04.910277
7636256163352333603,https://www.douyin.com/video/7636256163352333603,https://www.douyin.com/jingxuan/kids,2026-05-09T20:05:04.910277
7636256163352333603,https://www.douyin.com/video/7636256163352333603,https://www.douyin.com/jingxuan/life,2026-05-09T20:05:04.910277
7636256163352333603,https://www.douyin.com/video/7636256163352333603,https://www.douyin.com/jingxuan/pet,2026-05-09T20:05:04.910277
7636276501096189199,https://www.douyin.com/video/7636276501096189199,https://www.douyin.com/jingxuan,2026-05-09T20:05:04.910277
7636276501096189199,https://www.douyin.com/video/7636276501096189199,https://www.douyin.com/jingxuan/fashion,2026-05-09T20:05:04.910277
7636288076746198291,https://www.douyin.com/video/7636288076746198291,https://www.douyin.com/jingxuan/sports,2026-05-09T20:05:04.910277
7636319225271596209,https://www.douyin.com/video/7636319225271596209,https://www.douyin.com/jingxuan/game,2026-05-09T20:05:04.910277
7636353118594174249,https://www.douyin.com/video/7636353118594174249,https://www.douyin.com/jingxuan/acg,2026-05-09T20:05:04.910277
7636359049706103729,https://www.douyin.com/video/7636359049706103729,https://www.douyin.com/jingxuan/sports,2026-05-09T20:05:04.910277
7636367021164219674,https://www.douyin.com/video/7636367021164219674,https://www.douyin.com/jingxuan,2026-05-09T20:05:04.910277
7636367021164219674,https://www.douyin.com/video/7636367021164219674,https://www.douyin.com/jingxuan/dance,2026-05-09T20:05:04.910277
7636367021164219674,https://www.douyin.com/video/7636367021164219674,https://www.douyin.com/jingxuan/emotion,2026-05-09T20:05:04.910277
7636367021164219674,https://www.douyin.com/video/7636367021164219674,https://www.douyin.com/jingxuan/fashion,2026-05-09T20:05:04.910277
7636367021164219674,https://www.douyin.com/video/7636367021164219674,https://www.douyin.com/jingxuan/kids,2026-05-09T20:05:04.910277
7636367021164219674,https://www.douyin.com/video/7636367021164219674,https://www.douyin.com/jingxuan/pet,2026-05-09T20:05:04.910277
7636377573328473344,https://www.douyin.com/video/7636377573328473344,https://www.douyin.com/jingxuan/music,2026-05-09T20:05:04.910277
7636397289472445925,https://www.douyin.com/video/7636397289472445925,https://www.douyin.com/jingxuan/travel,2026-05-09T20:05:04.910277
7636611164294499301,https://www.douyin.com/video/7636611164294499301,https://www.douyin.com/jingxuan/travel,2026-05-09T20:05:04.910277
7636641121401494458,https://www.douyin.com/video/7636641121401494458,https://www.douyin.com/jingxuan/dance,2026-05-09T20:05:04.910277
7636641121401494458,https://www.douyin.com/video/7636641121401494458,https://www.douyin.com/jingxuan/kids,2026-05-09T20:05:04.910277
7636641121401494458,https://www.douyin.com/video/7636641121401494458,https://www.douyin.com/jingxuan/pet,2026-05-09T20:05:04.910277
7636645305043258675,https://www.douyin.com/video/7636645305043258675,https://www.douyin.com/jingxuan,2026-05-09T20:05:04.910277
7636645305043258675,https://www.douyin.com/video/7636645305043258675,https://www.douyin.com/jingxuan/film,2026-05-09T20:05:04.910277
7636645305043258675,https://www.douyin.com/video/7636645305043258675,https://www.douyin.com/jingxuan/dance,2026-05-09T20:05:04.910277
7636645305043258675,https://www.douyin.com/video/7636645305043258675,https://www.douyin.com/jingxuan/emotion,2026-05-09T20:05:04.910277
7636645305043258675,https://www.douyin.com/video/7636645305043258675,https://www.douyin.com/jingxuan/fashion,2026-05-09T20:05:04.910277
7636645305043258675,https://www.douyin.com/video/7636645305043258675,https://www.douyin.com/jingxuan/kids,2026-05-09T20:05:04.910277
7636645305043258675,https://www.douyin.com/video/7636645305043258675,https://www.douyin.com/jingxuan/life,2026-05-09T20:05:04.910277
7636645305043258675,https://www.douyin.com/video/7636645305043258675,https://www.douyin.com/jingxuan/pet,2026-05-09T20:05:04.910277
7636646802149756179,https://www.douyin.com/video/7636646802149756179,https://www.douyin.com/jingxuan/car,2026-05-09T20:05:04.910277
7636660743718341928,https://www.douyin.com/video/7636660743718341928,https://www.douyin.com/jingxuan/travel,2026-05-09T20:05:04.910277
7636661660338509221,https://www.douyin.com/video/7636661660338509221,https://www.douyin.com/jingxuan/animal,2026-05-09T20:05:04.910277
7636681961720794420,https://www.douyin.com/video/7636681961720794420,https://www.douyin.com/jingxuan/emotion,2026-05-09T20:05:04.910277
7636689513670903475,https://www.douyin.com/video/7636689513670903475,https://www.douyin.com/jingxuan/pet,2026-05-09T20:05:04.910277
7636693837573803283,https://www.douyin.com/video/7636693837573803283,https://www.douyin.com/jingxuan/animal,2026-05-09T20:05:04.910277
7636712375030172979,https://www.douyin.com/video/7636712375030172979,https://www.douyin.com/jingxuan/sports,2026-05-09T20:05:04.910277
7636715934576594216,https://www.douyin.com/video/7636715934576594216,https://www.douyin.com/jingxuan/travel,2026-05-09T20:05:04.910277
7636720223890841060,https://www.douyin.com/video/7636720223890841060,https://www.douyin.com/jingxuan/dance,2026-05-09T20:05:04.910277
7636720223890841060,https://www.douyin.com/video/7636720223890841060,https://www.douyin.com/jingxuan/emotion,2026-05-09T20:05:04.910277
7636720223890841060,https://www.douyin.com/video/7636720223890841060,https://www.douyin.com/jingxuan/fashion,2026-05-09T20:05:04.910277
7636720223890841060,https://www.douyin.com/video/7636720223890841060,https://www.douyin.com/jingxuan/kids,2026-05-09T20:05:04.910277
7636720223890841060,https://www.douyin.com/video/7636720223890841060,https://www.douyin.com/jingxuan/life,2026-05-09T20:05:04.910277
7636722241148865802,https://www.douyin.com/video/7636722241148865802,https://www.douyin.com/jingxuan,2026-05-09T20:05:04.910277
7636722241148865802,https://www.douyin.com/video/7636722241148865802,https://www.douyin.com/jingxuan/dance,2026-05-09T20:05:04.910277
7636722241148865802,https://www.douyin.com/video/7636722241148865802,https://www.douyin.com/jingxuan/emotion,2026-05-09T20:05:04.910277
7636722241148865802,https://www.douyin.com/video/7636722241148865802,https://www.douyin.com/jingxuan/fashion,2026-05-09T20:05:04.910277
7636722241148865802,https://www.douyin.com/video/7636722241148865802,https://www.douyin.com/jingxuan/kids,2026-05-09T20:05:04.910277
7636722241148865802,https://www.douyin.com/video/7636722241148865802,https://www.douyin.com/jingxuan/life,2026-05-09T20:05:04.910277
7636722241148865802,https://www.douyin.com/video/7636722241148865802,https://www.douyin.com/jingxuan/pet,2026-05-09T20:05:04.910277
7636732945936156529,https://www.douyin.com/video/7636732945936156529,https://www.douyin.com/jingxuan/beauty,2026-05-09T20:05:04.910277
7636752284415823167,https://www.douyin.com/video/7636752284415823167,https://www.douyin.com/jingxuan,2026-05-09T20:05:04.910277
7636752284415823167,https://www.douyin.com/video/7636752284415823167,https://www.douyin.com/jingxuan/beauty,2026-05-09T20:05:04.910277
7636752284415823167,https://www.douyin.com/video/7636752284415823167,https://www.douyin.com/jingxuan/dance,2026-05-09T20:05:04.910277
7636752284415823167,https://www.douyin.com/video/7636752284415823167,https://www.douyin.com/jingxuan/emotion,2026-05-09T20:05:04.910277
7636752284415823167,https://www.douyin.com/video/7636752284415823167,https://www.douyin.com/jingxuan/fashion,2026-05-09T20:05:04.910277
7636752284415823167,https://www.douyin.com/video/7636752284415823167,https://www.douyin.com/jingxuan/kids,2026-05-09T20:05:04.910277
7636752284415823167,https://www.douyin.com/video/7636752284415823167,https://www.douyin.com/jingxuan/pet,2026-05-09T20:05:04.910277
7636768834870840586,https://www.douyin.com/video/7636768834870840586,https://www.douyin.com/jingxuan/animal,2026-05-09T20:05:04.910277
7636768834870840586,https://www.douyin.com/video/7636768834870840586,https://www.douyin.com/jingxuan/dance,2026-05-09T20:05:04.910277
7636768834870840586,https://www.douyin.com/video/7636768834870840586,https://www.douyin.com/jingxuan/kids,2026-05-09T20:05:04.910277
7636768834870840586,https://www.douyin.com/video/7636768834870840586,https://www.douyin.com/jingxuan/life,2026-05-09T20:05:04.910277
7636768834870840586,https://www.douyin.com/video/7636768834870840586,https://www.douyin.com/jingxuan/pet,2026-05-09T20:05:04.910277
7636785929600469681,https://www.douyin.com/video/7636785929600469681,https://www.douyin.com/jingxuan/beauty,2026-05-09T20:05:04.910277
7636807084943658283,https://www.douyin.com/video/7636807084943658283,https://www.douyin.com/jingxuan/film,2026-05-09T20:05:04.910277
7636830767850474790,https://www.douyin.com/video/7636830767850474790,https://www.douyin.com/jingxuan/sports,2026-05-09T20:05:04.910277
7636871210730523913,https://www.douyin.com/video/7636871210730523913,https://www.douyin.com/jingxuan/kids,2026-05-09T20:05:04.910277
7636871210730523913,https://www.douyin.com/video/7636871210730523913,https://www.douyin.com/jingxuan/pet,2026-05-09T20:05:04.910277
7636979656578698542,https://www.douyin.com/video/7636979656578698542,https://www.douyin.com/jingxuan/beauty,2026-05-09T20:05:04.910277
7637023321464261907,https://www.douyin.com/video/7637023321464261907,https://www.douyin.com/jingxuan/sports,2026-05-09T20:05:04.910277
7637045727406869760,https://www.douyin.com/video/7637045727406869760,https://www.douyin.com/jingxuan/life,2026-05-09T20:05:04.910277
7637050626581351269,https://www.douyin.com/video/7637050626581351269,https://www.douyin.com/jingxuan/beauty,2026-05-09T20:05:04.910277
7637052280973348146,https://www.douyin.com/video/7637052280973348146,https://www.douyin.com/jingxuan/game,2026-05-09T20:05:04.910277
7637067060018728233,https://www.douyin.com/video/7637067060018728233,https://www.douyin.com/jingxuan/sports,2026-05-09T20:05:04.910277
7637067912045514022,https://www.douyin.com/video/7637067912045514022,https://www.douyin.com/jingxuan/game,2026-05-09T20:05:04.910277
7637070301494332713,https://www.douyin.com/video/7637070301494332713,https://www.douyin.com/jingxuan/sports,2026-05-09T20:05:04.910277
7637076188237712680,https://www.douyin.com/video/7637076188237712680,https://www.douyin.com/jingxuan/animal,2026-05-09T20:05:04.910277
7637081837868731686,https://www.douyin.com/video/7637081837868731686,https://www.douyin.com/jingxuan,2026-05-09T20:05:04.911414
7637081837868731686,https://www.douyin.com/video/7637081837868731686,https://www.douyin.com/jingxuan/game,2026-05-09T20:05:04.911414
7637081837868731686,https://www.douyin.com/video/7637081837868731686,https://www.douyin.com/jingxuan/fashion,2026-05-09T20:05:04.911414
7637081837868731686,https://www.douyin.com/video/7637081837868731686,https://www.douyin.com/jingxuan/kids,2026-05-09T20:05:04.911414
7637081837868731686,https://www.douyin.com/video/7637081837868731686,https://www.douyin.com/jingxuan/pet,2026-05-09T20:05:04.911414
7637087639329509553,https://www.douyin.com/video/7637087639329509553,https://www.douyin.com/jingxuan/beauty,2026-05-09T20:05:04.911414
7637096344067808505,https://www.douyin.com/video/7637096344067808505,https://www.douyin.com/jingxuan/beauty,2026-05-09T20:05:04.911414
7637100707421703459,https://www.douyin.com/video/7637100707421703459,https://www.douyin.com/jingxuan/sports,2026-05-09T20:05:04.911414
7637102484829293875,https://www.douyin.com/video/7637102484829293875,https://www.douyin.com/jingxuan/game,2026-05-09T20:05:04.911414
7637103536878226697,https://www.douyin.com/video/7637103536878226697,https://www.douyin.com/jingxuan/acg,2026-05-09T20:05:04.911414
7637104443427402148,https://www.douyin.com/video/7637104443427402148,https://www.douyin.com/jingxuan/beauty,2026-05-09T20:05:04.911414
7637109709769608489,https://www.douyin.com/video/7637109709769608489,https://www.douyin.com/jingxuan/travel,2026-05-09T20:05:04.911414
7637134338814905642,https://www.douyin.com/video/7637134338814905642,https://www.douyin.com/jingxuan/acg,2026-05-09T20:05:04.911414
7637141863291571465,https://www.douyin.com/video/7637141863291571465,https://www.douyin.com/jingxuan/acg,2026-05-09T20:05:04.911414
7637181969659814513,https://www.douyin.com/video/7637181969659814513,https://www.douyin.com/jingxuan/beauty,2026-05-09T20:05:04.911414
7637333833817345320,https://www.douyin.com/video/7637333833817345320,https://www.douyin.com/jingxuan/car,2026-05-09T20:05:04.911414
7637344100798352233,https://www.douyin.com/video/7637344100798352233,https://www.douyin.com/jingxuan/animal,2026-05-09T20:05:04.911414
7637366792847826097,https://www.douyin.com/video/7637366792847826097,https://www.douyin.com/jingxuan/beauty,2026-05-09T20:05:04.911414
7637369410084261129,https://www.douyin.com/video/7637369410084261129,https://www.douyin.com/jingxuan/game,2026-05-09T20:05:04.911414
7637376570184898484,https://www.douyin.com/video/7637376570184898484,https://www.douyin.com/jingxuan,2026-05-09T20:05:04.911414
7637376570184898484,https://www.douyin.com/video/7637376570184898484,https://www.douyin.com/jingxuan/dance,2026-05-09T20:05:04.911414
7637376570184898484,https://www.douyin.com/video/7637376570184898484,https://www.douyin.com/jingxuan/emotion,2026-05-09T20:05:04.911414
7637376570184898484,https://www.douyin.com/video/7637376570184898484,https://www.douyin.com/jingxuan/fashion,2026-05-09T20:05:04.911414
7637376570184898484,https://www.douyin.com/video/7637376570184898484,https://www.douyin.com/jingxuan/kids,2026-05-09T20:05:04.911414
7637376570184898484,https://www.douyin.com/video/7637376570184898484,https://www.douyin.com/jingxuan/life,2026-05-09T20:05:04.911414
7637376570184898484,https://www.douyin.com/video/7637376570184898484,https://www.douyin.com/jingxuan/pet,2026-05-09T20:05:04.911414
7637391523373419776,https://www.douyin.com/video/7637391523373419776,https://www.douyin.com/jingxuan/dance,2026-05-09T20:05:04.911414
7637398569813619321,https://www.douyin.com/video/7637398569813619321,https://www.douyin.com/jingxuan/life,2026-05-09T20:05:04.911414
7637403740059815168,https://www.douyin.com/video/7637403740059815168,https://www.douyin.com/jingxuan/sports,2026-05-09T20:05:04.911414
7637413373721791782,https://www.douyin.com/video/7637413373721791782,https://www.douyin.com/jingxuan/music,2026-05-09T20:05:04.911414
7637421321156168966,https://www.douyin.com/video/7637421321156168966,https://www.douyin.com/jingxuan/acg,2026-05-09T20:05:04.911414
7637427322610692593,https://www.douyin.com/video/7637427322610692593,https://www.douyin.com/jingxuan/animal,2026-05-09T20:05:04.911414
7637440360750370089,https://www.douyin.com/video/7637440360750370089,https://www.douyin.com/jingxuan/game,2026-05-09T20:05:04.911414
7637455105809304866,https://www.douyin.com/video/7637455105809304866,https://www.douyin.com/jingxuan/game,2026-05-09T20:05:04.911414
7637464546965292473,https://www.douyin.com/video/7637464546965292473,https://www.douyin.com/jingxuan/game,2026-05-09T20:05:04.911414
7637467594890513178,https://www.douyin.com/video/7637467594890513178,https://www.douyin.com/jingxuan/dance,2026-05-09T20:05:04.911414
7637467594890513178,https://www.douyin.com/video/7637467594890513178,https://www.douyin.com/jingxuan/emotion,2026-05-09T20:05:04.911414
7637467594890513178,https://www.douyin.com/video/7637467594890513178,https://www.douyin.com/jingxuan/kids,2026-05-09T20:05:04.911414
7637471897186789753,https://www.douyin.com/video/7637471897186789753,https://www.douyin.com/jingxuan/game,2026-05-09T20:05:04.911414
7637473090775141695,https://www.douyin.com/video/7637473090775141695,https://www.douyin.com/jingxuan/music,2026-05-09T20:05:04.911414
7637480065747488009,https://www.douyin.com/video/7637480065747488009,https://www.douyin.com/jingxuan/beauty,2026-05-09T20:05:04.911414
7637489380977921307,https://www.douyin.com/video/7637489380977921307,https://www.douyin.com/jingxuan/music,2026-05-09T20:05:04.911414
7637503503515314816,https://www.douyin.com/video/7637503503515314816,https://www.douyin.com/jingxuan/sports,2026-05-09T20:05:04.911414
7637509102331537841,https://www.douyin.com/video/7637509102331537841,https://www.douyin.com/jingxuan/sports,2026-05-09T20:05:04.911414
7637517053162802478,https://www.douyin.com/video/7637517053162802478,https://www.douyin.com/jingxuan/dance,2026-05-09T20:05:04.911414
7637517053162802478,https://www.douyin.com/video/7637517053162802478,https://www.douyin.com/jingxuan/life,2026-05-09T20:05:04.911414
7637517053162802478,https://www.douyin.com/video/7637517053162802478,https://www.douyin.com/jingxuan/pet,2026-05-09T20:05:04.911414
7637529950870293106,https://www.douyin.com/video/7637529950870293106,https://www.douyin.com/jingxuan/game,2026-05-09T20:05:04.911414
7637539996697660710,https://www.douyin.com/video/7637539996697660710,https://www.douyin.com/jingxuan/sports,2026-05-09T20:05:04.911414
7637540089668685083,https://www.douyin.com/video/7637540089668685083,https://www.douyin.com/jingxuan/sports,2026-05-09T20:05:04.911414
7637730678968208678,https://www.douyin.com/video/7637730678968208678,https://www.douyin.com/jingxuan/dance,2026-05-09T20:05:04.911414
7637730678968208678,https://www.douyin.com/video/7637730678968208678,https://www.douyin.com/jingxuan/kids,2026-05-09T20:05:04.911414
7637730678968208678,https://www.douyin.com/video/7637730678968208678,https://www.douyin.com/jingxuan/life,2026-05-09T20:05:04.911414
7637730678968208678,https://www.douyin.com/video/7637730678968208678,https://www.douyin.com/jingxuan/pet,2026-05-09T20:05:04.911414
7637821551043300649,https://www.douyin.com/video/7637821551043300649,https://www.douyin.com/jingxuan/life,2026-05-09T20:05:04.911414
7637844586328492851,https://www.douyin.com/video/7637844586328492851,https://www.douyin.com/jingxuan/pet,2026-05-09T20:05:04.911414
7637845496693869366,https://www.douyin.com/video/7637845496693869366,https://www.douyin.com/jingxuan,2026-05-09T20:05:04.911414
7637845496693869366,https://www.douyin.com/video/7637845496693869366,https://www.douyin.com/jingxuan/life,2026-05-09T20:05:04.911414
7637845788474854171,https://www.douyin.com/video/7637845788474854171,https://www.douyin.com/jingxuan,2026-05-09T20:05:04.911414
7637845788474854171,https://www.douyin.com/video/7637845788474854171,https://www.douyin.com/jingxuan/dance,2026-05-09T20:05:04.911414
7637845788474854171,https://www.douyin.com/video/7637845788474854171,https://www.douyin.com/jingxuan/emotion,2026-05-09T20:05:04.911414
7637845788474854171,https://www.douyin.com/video/7637845788474854171,https://www.douyin.com/jingxuan/fashion,2026-05-09T20:05:04.911414
7637845788474854171,https://www.douyin.com/video/7637845788474854171,https://www.douyin.com/jingxuan/kids,2026-05-09T20:05:04.911414
7637845788474854171,https://www.douyin.com/video/7637845788474854171,https://www.douyin.com/jingxuan/life,2026-05-09T20:05:04.911414
7637845788474854171,https://www.douyin.com/video/7637845788474854171,https://www.douyin.com/jingxuan/pet,2026-05-09T20:05:04.911414
7637858376663550774,https://www.douyin.com/video/7637858376663550774,https://www.douyin.com/jingxuan/fashion,2026-05-09T20:05:04.911414
