video_id,page_url,source_page,discover_time
6773901168964798477,https://www.douyin.com/video/6773901168964798477,https://www.douyin.com,2026-05-09T20:37:47.958278
6773901168964798477,https://www.douyin.com/video/6773901168964798477,https://www.douyin.com/discover,2026-05-09T20:37:47.958278
6773901168964798477,https://www.douyin.com/video/6773901168964798477,https://www.douyin.com/jingxuan,2026-05-09T20:37:47.958278
6773901168964798477,https://www.douyin.com/video/6773901168964798477,https://www.douyin.com/jingxuan/food,2026-05-09T20:37:47.958278
6773901168964798477,https://www.douyin.com/video/6773901168964798477,https://www.douyin.com/jingxuan/game,2026-05-09T20:37:47.958278
6773901168964798477,https://www.douyin.com/video/6773901168964798477,https://www.douyin.com/jingxuan/music,2026-05-09T20:37:47.958278
6773901168964798477,https://www.douyin.com/video/6773901168964798477,https://www.douyin.com/jingxuan/beauty,2026-05-09T20:37:47.958278
6773901168964798477,https://www.douyin.com/video/6773901168964798477,https://www.douyin.com/jingxuan/fashion,2026-05-09T20:37:47.958278
6773901168964798477,https://www.douyin.com/video/6773901168964798477,https://www.douyin.com/jingxuan/dance,2026-05-09T20:37:47.958278
6773901168964798477,https://www.douyin.com/video/6773901168964798477,https://www.douyin.com/jingxuan/sports,2026-05-09T20:37:47.958278
6773901168964798477,https://www.douyin.com/video/6773901168964798477,https://www.douyin.com/jingxuan/travel,2026-05-09T20:37:47.958278
6773901168964798477,https://www.douyin.com/video/6773901168964798477,https://www.douyin.com/jingxuan/technology,2026-05-09T20:37:47.958278
6773901168964798477,https://www.douyin.com/video/6773901168964798477,https://www.douyin.com/jingxuan/car,2026-05-09T20:37:47.958278
6773906068725565448,https://www.douyin.com/video/6773906068725565448,https://www.douyin.com,2026-05-09T20:37:47.958278
6773906068725565448,https://www.douyin.com/video/6773906068725565448,https://www.douyin.com/discover,2026-05-09T20:37:47.958278
6773906068725565448,https://www.douyin.com/video/6773906068725565448,https://www.douyin.com/jingxuan,2026-05-09T20:37:47.958278
6773906068725565448,https://www.douyin.com/video/6773906068725565448,https://www.douyin.com/jingxuan/food,2026-05-09T20:37:47.958278
6773906068725565448,https://www.douyin.com/video/6773906068725565448,https://www.douyin.com/jingxuan/game,2026-05-09T20:37:47.958278
6773906068725565448,https://www.douyin.com/video/6773906068725565448,https://www.douyin.com/jingxuan/music,2026-05-09T20:37:47.958278
6773906068725565448,https://www.douyin.com/video/6773906068725565448,https://www.douyin.com/jingxuan/beauty,2026-05-09T20:37:47.958278
6773906068725565448,https://www.douyin.com/video/6773906068725565448,https://www.douyin.com/jingxuan/fashion,2026-05-09T20:37:47.958278
6773906068725565448,https://www.douyin.com/video/6773906068725565448,https://www.douyin.com/jingxuan/dance,2026-05-09T20:37:47.958278
6773906068725565448,https://www.douyin.com/video/6773906068725565448,https://www.douyin.com/jingxuan/sports,2026-05-09T20:37:47.958278
6773906068725565448,https://www.douyin.com/video/6773906068725565448,https://www.douyin.com/jingxuan/travel,2026-05-09T20:37:47.958278
6773906068725565448,https://www.douyin.com/video/6773906068725565448,https://www.douyin.com/jingxuan/technology,2026-05-09T20:37:47.958278
6773906068725565448,https://www.douyin.com/video/6773906068725565448,https://www.douyin.com/jingxuan/car,2026-05-09T20:37:47.958278
7604758929083801434,https://www.douyin.com/video/7604758929083801434,https://www.douyin.com/jingxuan/music,2026-05-09T20:37:47.958278
7604779943569984806,https://www.douyin.com/video/7604779943569984806,https://www.douyin.com,2026-05-09T20:37:47.958278
7604779943569984806,https://www.douyin.com/video/7604779943569984806,https://www.douyin.com/discover,2026-05-09T20:37:47.959277
7604779943569984806,https://www.douyin.com/video/7604779943569984806,https://www.douyin.com/jingxuan,2026-05-09T20:37:47.959277
7604779943569984806,https://www.douyin.com/video/7604779943569984806,https://www.douyin.com/jingxuan/fashion,2026-05-09T20:37:47.959277
7604779943569984806,https://www.douyin.com/video/7604779943569984806,https://www.douyin.com/jingxuan/dance,2026-05-09T20:37:47.959277
7604799847492881674,https://www.douyin.com/video/7604799847492881674,https://www.douyin.com/jingxuan/sports,2026-05-09T20:37:47.959277
7604835015356173620,https://www.douyin.com/video/7604835015356173620,https://www.douyin.com/jingxuan/car,2026-05-09T20:37:47.959277
7604852939303793003,https://www.douyin.com/video/7604852939303793003,https://www.douyin.com/jingxuan/beauty,2026-05-09T20:37:47.959277
7605064229628585338,https://www.douyin.com/video/7605064229628585338,https://www.douyin.com/jingxuan/game,2026-05-09T20:37:47.959277
7605085668968041763,https://www.douyin.com/video/7605085668968041763,https://www.douyin.com/jingxuan/food,2026-05-09T20:37:47.959277
7605144480890522880,https://www.douyin.com/video/7605144480890522880,https://www.douyin.com/jingxuan/game,2026-05-09T20:37:47.959277
7605192237844122918,https://www.douyin.com/video/7605192237844122918,https://www.douyin.com/jingxuan/car,2026-05-09T20:37:47.959277
7605214796832787738,https://www.douyin.com/video/7605214796832787738,https://www.douyin.com/jingxuan/game,2026-05-09T20:37:47.959277
7605305458317061236,https://www.douyin.com/video/7605305458317061236,https://www.douyin.com/jingxuan/beauty,2026-05-09T20:37:47.959277
7605384723913544803,https://www.douyin.com/video/7605384723913544803,https://www.douyin.com/jingxuan/game,2026-05-09T20:37:47.959277
7605426394411373989,https://www.douyin.com/video/7605426394411373989,https://www.douyin.com/jingxuan/food,2026-05-09T20:37:47.959277
7605477165496797681,https://www.douyin.com/video/7605477165496797681,https://www.douyin.com/jingxuan/beauty,2026-05-09T20:37:47.959277
7605527486759226670,https://www.douyin.com/video/7605527486759226670,https://www.douyin.com/jingxuan/car,2026-05-09T20:37:47.959277
7605530403600835561,https://www.douyin.com/video/7605530403600835561,https://www.douyin.com/jingxuan/travel,2026-05-09T20:37:47.959277
7605623331803621233,https://www.douyin.com/video/7605623331803621233,https://www.douyin.com/jingxuan/music,2026-05-09T20:37:47.959277
7605822425167615478,https://www.douyin.com/video/7605822425167615478,https://www.douyin.com/jingxuan/beauty,2026-05-09T20:37:47.959277
7605836157187870003,https://www.douyin.com/video/7605836157187870003,https://www.douyin.com/jingxuan/sports,2026-05-09T20:37:47.959277
7605842823463767347,https://www.douyin.com/video/7605842823463767347,https://www.douyin.com/jingxuan/food,2026-05-09T20:37:47.959277
7605903654689041594,https://www.douyin.com/video/7605903654689041594,https://www.douyin.com/jingxuan/game,2026-05-09T20:37:47.959277
7605905462193556770,https://www.douyin.com/video/7605905462193556770,https://www.douyin.com/jingxuan/food,2026-05-09T20:37:47.959277
7605971905669041435,https://www.douyin.com/video/7605971905669041435,https://www.douyin.com/jingxuan/technology,2026-05-09T20:37:47.959277
7606283140419554602,https://www.douyin.com/video/7606283140419554602,https://www.douyin.com/jingxuan/sports,2026-05-09T20:37:47.959277
7606283356012041125,https://www.douyin.com/video/7606283356012041125,https://www.douyin.com/jingxuan/music,2026-05-09T20:37:47.959277
7606331554087832895,https://www.douyin.com/video/7606331554087832895,https://www.douyin.com/jingxuan/travel,2026-05-09T20:37:47.959277
7606339079990529290,https://www.douyin.com/video/7606339079990529290,https://www.douyin.com/jingxuan/food,2026-05-09T20:37:47.959277
7606383187849235746,https://www.douyin.com/video/7606383187849235746,https://www.douyin.com,2026-05-09T20:37:47.959277
7606383187849235746,https://www.douyin.com/video/7606383187849235746,https://www.douyin.com/discover,2026-05-09T20:37:47.959277
7606383187849235746,https://www.douyin.com/video/7606383187849235746,https://www.douyin.com/jingxuan,2026-05-09T20:37:47.959277
7606383187849235746,https://www.douyin.com/video/7606383187849235746,https://www.douyin.com/jingxuan/fashion,2026-05-09T20:37:47.959277
7606383187849235746,https://www.douyin.com/video/7606383187849235746,https://www.douyin.com/jingxuan/dance,2026-05-09T20:37:47.959277
7606383187849235746,https://www.douyin.com/video/7606383187849235746,https://www.douyin.com/jingxuan/technology,2026-05-09T20:37:47.959277
7606556203392437547,https://www.douyin.com/video/7606556203392437547,https://www.douyin.com/jingxuan/music,2026-05-09T20:37:47.959277
7606557345761594639,https://www.douyin.com/video/7606557345761594639,https://www.douyin.com/jingxuan/music,2026-05-09T20:37:47.959277
7606616063899454726,https://www.douyin.com/video/7606616063899454726,https://www.douyin.com/jingxuan/food,2026-05-09T20:37:47.959277
7606619324672920838,https://www.douyin.com/video/7606619324672920838,https://www.douyin.com/jingxuan/game,2026-05-09T20:37:47.959277
7606640466682989834,https://www.douyin.com/video/7606640466682989834,https://www.douyin.com/jingxuan/fashion,2026-05-09T20:37:47.959277
7606640466682989834,https://www.douyin.com/video/7606640466682989834,https://www.douyin.com/jingxuan/dance,2026-05-09T20:37:47.959277
7606640466682989834,https://www.douyin.com/video/7606640466682989834,https://www.douyin.com/jingxuan/technology,2026-05-09T20:37:47.959277
7606655718552259882,https://www.douyin.com/video/7606655718552259882,https://www.douyin.com/jingxuan/game,2026-05-09T20:37:47.959277
7606656344929733951,https://www.douyin.com/video/7606656344929733951,https://www.douyin.com/jingxuan/food,2026-05-09T20:37:47.959277
7606693314511860660,https://www.douyin.com/video/7606693314511860660,https://www.douyin.com/jingxuan/beauty,2026-05-09T20:37:47.959277
7606701347228646507,https://www.douyin.com/video/7606701347228646507,https://www.douyin.com/jingxuan/travel,2026-05-09T20:37:47.959277
7606941277057305897,https://www.douyin.com/video/7606941277057305897,https://www.douyin.com/jingxuan/car,2026-05-09T20:37:47.959277
7607001534336912692,https://www.douyin.com/video/7607001534336912692,https://www.douyin.com/jingxuan/travel,2026-05-09T20:37:47.959277
7607004011866098970,https://www.douyin.com/video/7607004011866098970,https://www.douyin.com/jingxuan/car,2026-05-09T20:37:47.959277
7607055437799771401,https://www.douyin.com/video/7607055437799771401,https://www.douyin.com/jingxuan/travel,2026-05-09T20:37:47.959277
7607076791609541236,https://www.douyin.com/video/7607076791609541236,https://www.douyin.com/jingxuan/music,2026-05-09T20:37:47.959277
7607128650294594856,https://www.douyin.com/video/7607128650294594856,https://www.douyin.com/jingxuan/car,2026-05-09T20:37:47.959277
7607136030566714659,https://www.douyin.com/video/7607136030566714659,https://www.douyin.com/jingxuan/game,2026-05-09T20:37:47.959277
7607232277738818862,https://www.douyin.com/video/7607232277738818862,https://www.douyin.com/jingxuan,2026-05-09T20:37:47.959277
7607232277738818862,https://www.douyin.com/video/7607232277738818862,https://www.douyin.com/jingxuan/fashion,2026-05-09T20:37:47.959277
7607232277738818862,https://www.douyin.com/video/7607232277738818862,https://www.douyin.com/jingxuan/dance,2026-05-09T20:37:47.959277
7607313987209825551,https://www.douyin.com/video/7607313987209825551,https://www.douyin.com/jingxuan/travel,2026-05-09T20:37:47.959277
7607373851324642762,https://www.douyin.com/video/7607373851324642762,https://www.douyin.com/jingxuan/car,2026-05-09T20:37:47.959277
7607379481963007268,https://www.douyin.com/video/7607379481963007268,https://www.douyin.com/jingxuan/game,2026-05-09T20:37:47.959277
7607388569644141843,https://www.douyin.com/video/7607388569644141843,https://www.douyin.com/jingxuan/food,2026-05-09T20:37:47.959277
7607800876350389113,https://www.douyin.com/video/7607800876350389113,https://www.douyin.com/jingxuan/car,2026-05-09T20:37:47.959277
7607810462327131443,https://www.douyin.com/video/7607810462327131443,https://www.douyin.com/jingxuan/sports,2026-05-09T20:37:47.959277
7607846832681289659,https://www.douyin.com/video/7607846832681289659,https://www.douyin.com/jingxuan/car,2026-05-09T20:37:47.959277
7607868171072048435,https://www.douyin.com/video/7607868171072048435,https://www.douyin.com/jingxuan/music,2026-05-09T20:37:47.959277
7607883846809378801,https://www.douyin.com/video/7607883846809378801,https://www.douyin.com/jingxuan/sports,2026-05-09T20:37:47.959277
7607965474080558378,https://www.douyin.com/video/7607965474080558378,https://www.douyin.com/jingxuan/car,2026-05-09T20:37:47.959277
7608126852103753000,https://www.douyin.com/video/7608126852103753000,https://www.douyin.com/jingxuan/travel,2026-05-09T20:37:47.959277
7608127467353591103,https://www.douyin.com/video/7608127467353591103,https://www.douyin.com/jingxuan/car,2026-05-09T20:37:47.959277
7608130340364057171,https://www.douyin.com/video/7608130340364057171,https://www.douyin.com/jingxuan/sports,2026-05-09T20:37:47.959277
7608175123066435210,https://www.douyin.com/video/7608175123066435210,https://www.douyin.com/jingxuan/game,2026-05-09T20:37:47.959277
7608474882602470699,https://www.douyin.com/video/7608474882602470699,https://www.douyin.com/jingxuan/music,2026-05-09T20:37:47.959277
7608518748621802762,https://www.douyin.com/video/7608518748621802762,https://www.douyin.com/discover,2026-05-09T20:37:47.959277
7608518748621802762,https://www.douyin.com/video/7608518748621802762,https://www.douyin.com/jingxuan,2026-05-09T20:37:47.959277
7608518748621802762,https://www.douyin.com/video/7608518748621802762,https://www.douyin.com/jingxuan/fashion,2026-05-09T20:37:47.959277
7608518748621802762,https://www.douyin.com/video/7608518748621802762,https://www.douyin.com/jingxuan/dance,2026-05-09T20:37:47.959277
7608518748621802762,https://www.douyin.com/video/7608518748621802762,https://www.douyin.com/jingxuan/technology,2026-05-09T20:37:47.959277
7608845034426780971,https://www.douyin.com/video/7608845034426780971,https://www.douyin.com/jingxuan/food,2026-05-09T20:37:47.959277
7608863932044180334,https://www.douyin.com/video/7608863932044180334,https://www.douyin.com/jingxuan/travel,2026-05-09T20:37:47.959277
7608864649169494116,https://www.douyin.com/video/7608864649169494116,https://www.douyin.com/jingxuan/beauty,2026-05-09T20:37:47.959277
7608876142858226987,https://www.douyin.com/video/7608876142858226987,https://www.douyin.com/jingxuan/food,2026-05-09T20:37:47.959277
7608909971468944714,https://www.douyin.com/video/7608909971468944714,https://www.douyin.com/jingxuan/food,2026-05-09T20:37:47.959277
7609182689301070513,https://www.douyin.com/video/7609182689301070513,https://www.douyin.com/jingxuan/travel,2026-05-09T20:37:47.959277
7609196928894618895,https://www.douyin.com/video/7609196928894618895,https://www.douyin.com/jingxuan/beauty,2026-05-09T20:37:47.959277
7609207732381914033,https://www.douyin.com/video/7609207732381914033,https://www.douyin.com/jingxuan/game,2026-05-09T20:37:47.959277
7609293976624975145,https://www.douyin.com/video/7609293976624975145,https://www.douyin.com/jingxuan/game,2026-05-09T20:37:47.959277
7609307534905707811,https://www.douyin.com/video/7609307534905707811,https://www.douyin.com/jingxuan/car,2026-05-09T20:37:47.959277
7609331472114042843,https://www.douyin.com/video/7609331472114042843,https://www.douyin.com/jingxuan/music,2026-05-09T20:37:47.959277
7609579296738397459,https://www.douyin.com/video/7609579296738397459,https://www.douyin.com/jingxuan/game,2026-05-09T20:37:47.959277
7609581959399886080,https://www.douyin.com/video/7609581959399886080,https://www.douyin.com/jingxuan/game,2026-05-09T20:37:47.959277
7609673453263766698,https://www.douyin.com/video/7609673453263766698,https://www.douyin.com/jingxuan/car,2026-05-09T20:37:47.959277
7609926132556745999,https://www.douyin.com/video/7609926132556745999,https://www.douyin.com/discover,2026-05-09T20:37:47.959277
7609926132556745999,https://www.douyin.com/video/7609926132556745999,https://www.douyin.com/jingxuan,2026-05-09T20:37:47.959277
7609926132556745999,https://www.douyin.com/video/7609926132556745999,https://www.douyin.com/jingxuan/fashion,2026-05-09T20:37:47.959277
7609926132556745999,https://www.douyin.com/video/7609926132556745999,https://www.douyin.com/jingxuan/dance,2026-05-09T20:37:47.959277
7609926132556745999,https://www.douyin.com/video/7609926132556745999,https://www.douyin.com/jingxuan/technology,2026-05-09T20:37:47.959782
7610019331821857509,https://www.douyin.com/video/7610019331821857509,https://www.douyin.com/jingxuan/food,2026-05-09T20:37:47.959782
7610057688260838774,https://www.douyin.com/video/7610057688260838774,https://www.douyin.com,2026-05-09T20:37:47.959782
7610255093421690127,https://www.douyin.com/video/7610255093421690127,https://www.douyin.com/jingxuan/technology,2026-05-09T20:37:47.959782
7610281531420843611,https://www.douyin.com/video/7610281531420843611,https://www.douyin.com/jingxuan/game,2026-05-09T20:37:47.959782
7610365621490418154,https://www.douyin.com/video/7610365621490418154,https://www.douyin.com/jingxuan/travel,2026-05-09T20:37:47.959782
7610377511456754995,https://www.douyin.com/video/7610377511456754995,https://www.douyin.com/jingxuan/game,2026-05-09T20:37:47.959782
7610381984031902976,https://www.douyin.com/video/7610381984031902976,https://www.douyin.com/jingxuan/food,2026-05-09T20:37:47.959782
7610409219417738547,https://www.douyin.com/video/7610409219417738547,https://www.douyin.com/jingxuan/car,2026-05-09T20:37:47.959782
7610547189874215158,https://www.douyin.com/video/7610547189874215158,https://www.douyin.com/jingxuan/travel,2026-05-09T20:37:47.959782
7610667151669693742,https://www.douyin.com/video/7610667151669693742,https://www.douyin.com/jingxuan/travel,2026-05-09T20:37:47.959782
7610673409453853967,https://www.douyin.com/video/7610673409453853967,https://www.douyin.com/jingxuan/game,2026-05-09T20:37:47.959782
7610683091778030883,https://www.douyin.com/video/7610683091778030883,https://www.douyin.com,2026-05-09T20:37:47.959782
7610725855181933858,https://www.douyin.com/video/7610725855181933858,https://www.douyin.com/jingxuan/car,2026-05-09T20:37:47.959782
7611072238611123519,https://www.douyin.com/video/7611072238611123519,https://www.douyin.com/jingxuan/beauty,2026-05-09T20:37:47.959782
7611075018357423013,https://www.douyin.com/video/7611075018357423013,https://www.douyin.com/jingxuan/food,2026-05-09T20:37:47.959782
7611090164215024948,https://www.douyin.com/video/7611090164215024948,https://www.douyin.com/jingxuan/car,2026-05-09T20:37:47.959782
7611098364306738021,https://www.douyin.com/video/7611098364306738021,https://www.douyin.com/jingxuan/game,2026-05-09T20:37:47.959782
7611102135735815458,https://www.douyin.com/video/7611102135735815458,https://www.douyin.com/jingxuan/beauty,2026-05-09T20:37:47.959782
7611103881086455103,https://www.douyin.com/video/7611103881086455103,https://www.douyin.com/jingxuan/travel,2026-05-09T20:37:47.959782
7611104313548573998,https://www.douyin.com/video/7611104313548573998,https://www.douyin.com/jingxuan/music,2026-05-09T20:37:47.959782
7611129536964562214,https://www.douyin.com/video/7611129536964562214,https://www.douyin.com/jingxuan/beauty,2026-05-09T20:37:47.959782
7611135398470864168,https://www.douyin.com/video/7611135398470864168,https://www.douyin.com/jingxuan/game,2026-05-09T20:37:47.959782
7611196583253740838,https://www.douyin.com/video/7611196583253740838,https://www.douyin.com/jingxuan/car,2026-05-09T20:37:47.959782
7611226389173341466,https://www.douyin.com/video/7611226389173341466,https://www.douyin.com,2026-05-09T20:37:47.959782
7611374663045745963,https://www.douyin.com/video/7611374663045745963,https://www.douyin.com/jingxuan/sports,2026-05-09T20:37:47.959782
7611451108774382884,https://www.douyin.com/video/7611451108774382884,https://www.douyin.com/jingxuan/game,2026-05-09T20:37:47.959782
7611478554081037578,https://www.douyin.com/video/7611478554081037578,https://www.douyin.com/jingxuan/beauty,2026-05-09T20:37:47.959782
7611481198795164979,https://www.douyin.com/video/7611481198795164979,https://www.douyin.com/discover,2026-05-09T20:37:47.959782
7611556418738523392,https://www.douyin.com/video/7611556418738523392,https://www.douyin.com/jingxuan/beauty,2026-05-09T20:37:47.959782
7611772889654477541,https://www.douyin.com/video/7611772889654477541,https://www.douyin.com,2026-05-09T20:37:47.959782
7611772889654477541,https://www.douyin.com/video/7611772889654477541,https://www.douyin.com/discover,2026-05-09T20:37:47.959782
7611772889654477541,https://www.douyin.com/video/7611772889654477541,https://www.douyin.com/jingxuan,2026-05-09T20:37:47.959782
7611772889654477541,https://www.douyin.com/video/7611772889654477541,https://www.douyin.com/jingxuan/fashion,2026-05-09T20:37:47.959782
7611772889654477541,https://www.douyin.com/video/7611772889654477541,https://www.douyin.com/jingxuan/dance,2026-05-09T20:37:47.959782
7611772889654477541,https://www.douyin.com/video/7611772889654477541,https://www.douyin.com/jingxuan/technology,2026-05-09T20:37:47.959782
7611826895197375763,https://www.douyin.com/video/7611826895197375763,https://www.douyin.com/jingxuan/travel,2026-05-09T20:37:47.959782
7611857347305385061,https://www.douyin.com/video/7611857347305385061,https://www.douyin.com/jingxuan/food,2026-05-09T20:37:47.959782
7611881601853197199,https://www.douyin.com/video/7611881601853197199,https://www.douyin.com/jingxuan/travel,2026-05-09T20:37:47.959782
7611889461894450470,https://www.douyin.com/video/7611889461894450470,https://www.douyin.com/jingxuan/car,2026-05-09T20:37:47.959782
7611897590858837691,https://www.douyin.com/video/7611897590858837691,https://www.douyin.com/jingxuan/game,2026-05-09T20:37:47.959782
7611992447769464107,https://www.douyin.com/video/7611992447769464107,https://www.douyin.com/jingxuan/sports,2026-05-09T20:37:47.959782
7612156631921905354,https://www.douyin.com/video/7612156631921905354,https://www.douyin.com/jingxuan/travel,2026-05-09T20:37:47.959782
7612163722804120847,https://www.douyin.com/video/7612163722804120847,https://www.douyin.com/jingxuan/music,2026-05-09T20:37:47.959782
7612192431341063470,https://www.douyin.com/video/7612192431341063470,https://www.douyin.com/jingxuan/game,2026-05-09T20:37:47.959782
7612210140816663010,https://www.douyin.com/video/7612210140816663010,https://www.douyin.com/jingxuan/car,2026-05-09T20:37:47.959782
7612215156549881142,https://www.douyin.com/video/7612215156549881142,https://www.douyin.com/jingxuan/beauty,2026-05-09T20:37:47.959782
7612228957618581094,https://www.douyin.com/video/7612228957618581094,https://www.douyin.com/jingxuan/beauty,2026-05-09T20:37:47.959782
7612258940696448283,https://www.douyin.com/video/7612258940696448283,https://www.douyin.com/discover,2026-05-09T20:37:47.959782
7612576899893818725,https://www.douyin.com/video/7612576899893818725,https://www.douyin.com/jingxuan/sports,2026-05-09T20:37:47.959782
7612591013139336511,https://www.douyin.com/video/7612591013139336511,https://www.douyin.com/jingxuan/travel,2026-05-09T20:37:47.959782
7612610621074450633,https://www.douyin.com/video/7612610621074450633,https://www.douyin.com/jingxuan/food,2026-05-09T20:37:47.959782
7612617203107532074,https://www.douyin.com/video/7612617203107532074,https://www.douyin.com/jingxuan/travel,2026-05-09T20:37:47.959782
7612699401069164480,https://www.douyin.com/video/7612699401069164480,https://www.douyin.com/jingxuan/music,2026-05-09T20:37:47.959782
7612873805875527086,https://www.douyin.com/video/7612873805875527086,https://www.douyin.com/jingxuan/travel,2026-05-09T20:37:47.959782
7612968545047088438,https://www.douyin.com/video/7612968545047088438,https://www.douyin.com/jingxuan/food,2026-05-09T20:37:47.959782
7613008272827786609,https://www.douyin.com/video/7613008272827786609,https://www.douyin.com/jingxuan/beauty,2026-05-09T20:37:47.959782
7613072307984026920,https://www.douyin.com/video/7613072307984026920,https://www.douyin.com/jingxuan/travel,2026-05-09T20:37:47.959782
7613095936357533285,https://www.douyin.com/video/7613095936357533285,https://www.douyin.com/jingxuan/travel,2026-05-09T20:37:47.959782
7613241387769242707,https://www.douyin.com/video/7613241387769242707,https://www.douyin.com/jingxuan/beauty,2026-05-09T20:37:47.959782
7613301596521662144,https://www.douyin.com/video/7613301596521662144,https://www.douyin.com/jingxuan/beauty,2026-05-09T20:37:47.959782
7613339245290662905,https://www.douyin.com/video/7613339245290662905,https://www.douyin.com/jingxuan/beauty,2026-05-09T20:37:47.959782
7613582834342661402,https://www.douyin.com/video/7613582834342661402,https://www.douyin.com/jingxuan/music,2026-05-09T20:37:47.959782
7613635513626430758,https://www.douyin.com/video/7613635513626430758,https://www.douyin.com/jingxuan/sports,2026-05-09T20:37:47.959782
7613714416614780879,https://www.douyin.com/video/7613714416614780879,https://www.douyin.com/jingxuan/travel,2026-05-09T20:37:47.959782
7613803195260865844,https://www.douyin.com/video/7613803195260865844,https://www.douyin.com/jingxuan/travel,2026-05-09T20:37:47.959782
7613822505429503258,https://www.douyin.com/video/7613822505429503258,https://www.douyin.com,2026-05-09T20:37:47.959782
7613822505429503258,https://www.douyin.com/video/7613822505429503258,https://www.douyin.com/jingxuan,2026-05-09T20:37:47.959782
7613822505429503258,https://www.douyin.com/video/7613822505429503258,https://www.douyin.com/jingxuan/fashion,2026-05-09T20:37:47.959782
7613822505429503258,https://www.douyin.com/video/7613822505429503258,https://www.douyin.com/jingxuan/dance,2026-05-09T20:37:47.959782
7613989601393490331,https://www.douyin.com/video/7613989601393490331,https://www.douyin.com/jingxuan/food,2026-05-09T20:37:47.959782
7614000438341356834,https://www.douyin.com/video/7614000438341356834,https://www.douyin.com/jingxuan/travel,2026-05-09T20:37:47.959782
7614020063171054867,https://www.douyin.com/video/7614020063171054867,https://www.douyin.com/jingxuan/travel,2026-05-09T20:37:47.959782
7614049052469150969,https://www.douyin.com/video/7614049052469150969,https://www.douyin.com/jingxuan/travel,2026-05-09T20:37:47.959782
7614115457397705984,https://www.douyin.com/video/7614115457397705984,https://www.douyin.com/jingxuan/game,2026-05-09T20:37:47.959782
7614132371868224811,https://www.douyin.com/video/7614132371868224811,https://www.douyin.com,2026-05-09T20:37:47.959782
7614132371868224811,https://www.douyin.com/video/7614132371868224811,https://www.douyin.com/discover,2026-05-09T20:37:47.959782
7614132371868224811,https://www.douyin.com/video/7614132371868224811,https://www.douyin.com/jingxuan,2026-05-09T20:37:47.959782
7614132371868224811,https://www.douyin.com/video/7614132371868224811,https://www.douyin.com/jingxuan/fashion,2026-05-09T20:37:47.959782
7614132371868224811,https://www.douyin.com/video/7614132371868224811,https://www.douyin.com/jingxuan/travel,2026-05-09T20:37:47.959782
7614132371868224811,https://www.douyin.com/video/7614132371868224811,https://www.douyin.com/jingxuan/technology,2026-05-09T20:37:47.959782
7614320000035455651,https://www.douyin.com/video/7614320000035455651,https://www.douyin.com/jingxuan/car,2026-05-09T20:37:47.959782
7614327398557789422,https://www.douyin.com/video/7614327398557789422,https://www.douyin.com/jingxuan/music,2026-05-09T20:37:47.959782
7614403217866149126,https://www.douyin.com/video/7614403217866149126,https://www.douyin.com/jingxuan/travel,2026-05-09T20:37:47.959782
7614422485593678198,https://www.douyin.com/video/7614422485593678198,https://www.douyin.com/jingxuan/food,2026-05-09T20:37:47.959782
7614431263780951470,https://www.douyin.com/video/7614431263780951470,https://www.douyin.com/jingxuan/beauty,2026-05-09T20:37:47.959782
7614436496161918251,https://www.douyin.com/video/7614436496161918251,https://www.douyin.com/jingxuan/travel,2026-05-09T20:37:47.959782
7614467443469110580,https://www.douyin.com/video/7614467443469110580,https://www.douyin.com,2026-05-09T20:37:47.959782
7614481069462539561,https://www.douyin.com/video/7614481069462539561,https://www.douyin.com/jingxuan/car,2026-05-09T20:37:47.959782
7614490400325127475,https://www.douyin.com/video/7614490400325127475,https://www.douyin.com/jingxuan/game,2026-05-09T20:37:47.959782
7614535787702471963,https://www.douyin.com/video/7614535787702471963,https://www.douyin.com/jingxuan/car,2026-05-09T20:37:47.959782
7614678904909249398,https://www.douyin.com/video/7614678904909249398,https://www.douyin.com/jingxuan/food,2026-05-09T20:37:47.959782
7614875669134118190,https://www.douyin.com/video/7614875669134118190,https://www.douyin.com/jingxuan/music,2026-05-09T20:37:47.959782
7614884249493064986,https://www.douyin.com/video/7614884249493064986,https://www.douyin.com/jingxuan/music,2026-05-09T20:37:47.959782
7615047783732677809,https://www.douyin.com/video/7615047783732677809,https://www.douyin.com/jingxuan/technology,2026-05-09T20:37:47.959782
7615092888829021446,https://www.douyin.com/video/7615092888829021446,https://www.douyin.com/jingxuan/car,2026-05-09T20:37:47.959782
7615109339958791475,https://www.douyin.com/video/7615109339958791475,https://www.douyin.com,2026-05-09T20:37:47.959782
7615109339958791475,https://www.douyin.com/video/7615109339958791475,https://www.douyin.com/discover,2026-05-09T20:37:47.959782
7615109339958791475,https://www.douyin.com/video/7615109339958791475,https://www.douyin.com/jingxuan/dance,2026-05-09T20:37:47.959782
7615160400543693914,https://www.douyin.com/video/7615160400543693914,https://www.douyin.com/jingxuan/food,2026-05-09T20:37:47.959782
7615185537460194611,https://www.douyin.com/video/7615185537460194611,https://www.douyin.com/jingxuan/sports,2026-05-09T20:37:47.959782
7615243572002021497,https://www.douyin.com/video/7615243572002021497,https://www.douyin.com/jingxuan/food,2026-05-09T20:37:47.959782
7615254789340859694,https://www.douyin.com/video/7615254789340859694,https://www.douyin.com/jingxuan/car,2026-05-09T20:37:47.959782
7615257397350649097,https://www.douyin.com/video/7615257397350649097,https://www.douyin.com/discover,2026-05-09T20:37:47.959782
7615257397350649097,https://www.douyin.com/video/7615257397350649097,https://www.douyin.com/jingxuan/technology,2026-05-09T20:37:47.959782
7615553359004699939,https://www.douyin.com/video/7615553359004699939,https://www.douyin.com/jingxuan/beauty,2026-05-09T20:37:47.959782
7615554085248868475,https://www.douyin.com/video/7615554085248868475,https://www.douyin.com/jingxuan/music,2026-05-09T20:37:47.959782
7615557883983431546,https://www.douyin.com/video/7615557883983431546,https://www.douyin.com/jingxuan/food,2026-05-09T20:37:47.959782
7615563220561199778,https://www.douyin.com/video/7615563220561199778,https://www.douyin.com/jingxuan/food,2026-05-09T20:37:47.959782
7615567424938577193,https://www.douyin.com/video/7615567424938577193,https://www.douyin.com/jingxuan/beauty,2026-05-09T20:37:47.959782
7615572138828909859,https://www.douyin.com/video/7615572138828909859,https://www.douyin.com/jingxuan/game,2026-05-09T20:37:47.959782
7615584845624911793,https://www.douyin.com/video/7615584845624911793,https://www.douyin.com/jingxuan/beauty,2026-05-09T20:37:47.959782
7615590699433577763,https://www.douyin.com/video/7615590699433577763,https://www.douyin.com/jingxuan/dance,2026-05-09T20:37:47.959782
7615598657380011251,https://www.douyin.com/video/7615598657380011251,https://www.douyin.com/jingxuan/food,2026-05-09T20:37:47.959782
7615604576305040640,https://www.douyin.com/video/7615604576305040640,https://www.douyin.com/jingxuan/music,2026-05-09T20:37:47.959782
7615610103396152531,https://www.douyin.com/video/7615610103396152531,https://www.douyin.com/jingxuan/music,2026-05-09T20:37:47.959782
7615627442803417457,https://www.douyin.com/video/7615627442803417457,https://www.douyin.com,2026-05-09T20:37:47.959782
7615647821122866478,https://www.douyin.com/video/7615647821122866478,https://www.douyin.com/discover,2026-05-09T20:37:47.959782
7615647821122866478,https://www.douyin.com/video/7615647821122866478,https://www.douyin.com/jingxuan/dance,2026-05-09T20:37:47.959782
7615716938785803547,https://www.douyin.com/video/7615716938785803547,https://www.douyin.com/jingxuan/game,2026-05-09T20:37:47.959782
7615824148610305326,https://www.douyin.com/video/7615824148610305326,https://www.douyin.com,2026-05-09T20:37:47.959782
7615824148610305326,https://www.douyin.com/video/7615824148610305326,https://www.douyin.com/discover,2026-05-09T20:37:47.959782
7615824148610305326,https://www.douyin.com/video/7615824148610305326,https://www.douyin.com/jingxuan,2026-05-09T20:37:47.959782
7615824148610305326,https://www.douyin.com/video/7615824148610305326,https://www.douyin.com/jingxuan/fashion,2026-05-09T20:37:47.959782
7615824148610305326,https://www.douyin.com/video/7615824148610305326,https://www.douyin.com/jingxuan/dance,2026-05-09T20:37:47.959782
7615824148610305326,https://www.douyin.com/video/7615824148610305326,https://www.douyin.com/jingxuan/technology,2026-05-09T20:37:47.959782
7615836415733091636,https://www.douyin.com/video/7615836415733091636,https://www.douyin.com/discover,2026-05-09T20:37:47.959782
7615836415733091636,https://www.douyin.com/video/7615836415733091636,https://www.douyin.com/jingxuan,2026-05-09T20:37:47.959782
7615836415733091636,https://www.douyin.com/video/7615836415733091636,https://www.douyin.com/jingxuan/fashion,2026-05-09T20:37:47.959782
7615836415733091636,https://www.douyin.com/video/7615836415733091636,https://www.douyin.com/jingxuan/dance,2026-05-09T20:37:47.959782
7615836415733091636,https://www.douyin.com/video/7615836415733091636,https://www.douyin.com/jingxuan/technology,2026-05-09T20:37:47.959782
7615909858923138367,https://www.douyin.com/video/7615909858923138367,https://www.douyin.com/discover,2026-05-09T20:37:47.959782
7615909858923138367,https://www.douyin.com/video/7615909858923138367,https://www.douyin.com/jingxuan,2026-05-09T20:37:47.959782
7615909858923138367,https://www.douyin.com/video/7615909858923138367,https://www.douyin.com/jingxuan/fashion,2026-05-09T20:37:47.959782
7615909858923138367,https://www.douyin.com/video/7615909858923138367,https://www.douyin.com/jingxuan/dance,2026-05-09T20:37:47.959782
7615909858923138367,https://www.douyin.com/video/7615909858923138367,https://www.douyin.com/jingxuan/technology,2026-05-09T20:37:47.959782
7615918812655537780,https://www.douyin.com/video/7615918812655537780,https://www.douyin.com/jingxuan/food,2026-05-09T20:37:47.959782
7615927319202401562,https://www.douyin.com/video/7615927319202401562,https://www.douyin.com/jingxuan/food,2026-05-09T20:37:47.959782
7615931360460524826,https://www.douyin.com/video/7615931360460524826,https://www.douyin.com/jingxuan/music,2026-05-09T20:37:47.959782
7615932861346709386,https://www.douyin.com/video/7615932861346709386,https://www.douyin.com/jingxuan/beauty,2026-05-09T20:37:47.959782
7615936203959046095,https://www.douyin.com/video/7615936203959046095,https://www.douyin.com/jingxuan/game,2026-05-09T20:37:47.959782
7615972494008143114,https://www.douyin.com/video/7615972494008143114,https://www.douyin.com/jingxuan,2026-05-09T20:37:47.959782
7615972494008143114,https://www.douyin.com/video/7615972494008143114,https://www.douyin.com/jingxuan/fashion,2026-05-09T20:37:47.959782
7615972494008143114,https://www.douyin.com/video/7615972494008143114,https://www.douyin.com/jingxuan/dance,2026-05-09T20:37:47.959782
7615972494008143114,https://www.douyin.com/video/7615972494008143114,https://www.douyin.com/jingxuan/technology,2026-05-09T20:37:47.959782
7615977217759388507,https://www.douyin.com/video/7615977217759388507,https://www.douyin.com/jingxuan/beauty,2026-05-09T20:37:47.959782
7615999979555859621,https://www.douyin.com/video/7615999979555859621,https://www.douyin.com,2026-05-09T20:37:47.959782
7615999979555859621,https://www.douyin.com/video/7615999979555859621,https://www.douyin.com/discover,2026-05-09T20:37:47.959782
7615999979555859621,https://www.douyin.com/video/7615999979555859621,https://www.douyin.com/jingxuan,2026-05-09T20:37:47.959782
7615999979555859621,https://www.douyin.com/video/7615999979555859621,https://www.douyin.com/jingxuan/fashion,2026-05-09T20:37:47.959782
7615999979555859621,https://www.douyin.com/video/7615999979555859621,https://www.douyin.com/jingxuan/dance,2026-05-09T20:37:47.959782
7615999979555859621,https://www.douyin.com/video/7615999979555859621,https://www.douyin.com/jingxuan/technology,2026-05-09T20:37:47.959782
7616000274355719450,https://www.douyin.com/video/7616000274355719450,https://www.douyin.com/jingxuan/travel,2026-05-09T20:37:47.959782
7616000617757360377,https://www.douyin.com/video/7616000617757360377,https://www.douyin.com/jingxuan/travel,2026-05-09T20:37:47.959782
7616142012441431330,https://www.douyin.com/video/7616142012441431330,https://www.douyin.com/jingxuan/beauty,2026-05-09T20:37:47.959782
7616160289180830059,https://www.douyin.com/video/7616160289180830059,https://www.douyin.com/jingxuan/sports,2026-05-09T20:37:47.959782
7616211850955545039,https://www.douyin.com/video/7616211850955545039,https://www.douyin.com/jingxuan/food,2026-05-09T20:37:47.959782
7616294724709748020,https://www.douyin.com/video/7616294724709748020,https://www.douyin.com/jingxuan/sports,2026-05-09T20:37:47.959782
7616312785388300465,https://www.douyin.com/video/7616312785388300465,https://www.douyin.com/jingxuan/food,2026-05-09T20:37:47.959782
7616316132252847395,https://www.douyin.com/video/7616316132252847395,https://www.douyin.com/jingxuan/music,2026-05-09T20:37:47.959782
7616316334200081704,https://www.douyin.com/video/7616316334200081704,https://www.douyin.com/jingxuan/music,2026-05-09T20:37:47.959782
7616320377346958821,https://www.douyin.com/video/7616320377346958821,https://www.douyin.com/jingxuan/game,2026-05-09T20:37:47.959782
7616567343607625061,https://www.douyin.com/video/7616567343607625061,https://www.douyin.com/jingxuan/music,2026-05-09T20:37:47.959782
7616615936887459108,https://www.douyin.com/video/7616615936887459108,https://www.douyin.com/jingxuan/sports,2026-05-09T20:37:47.959782
7616640140886281472,https://www.douyin.com/video/7616640140886281472,https://www.douyin.com,2026-05-09T20:37:47.959782
7616643985280486694,https://www.douyin.com/video/7616643985280486694,https://www.douyin.com/jingxuan/car,2026-05-09T20:37:47.959782
7616647043650238833,https://www.douyin.com/video/7616647043650238833,https://www.douyin.com/jingxuan/food,2026-05-09T20:37:47.959782
7616669203768300506,https://www.douyin.com/video/7616669203768300506,https://www.douyin.com/jingxuan/music,2026-05-09T20:37:47.959782
7616676536938286376,https://www.douyin.com/video/7616676536938286376,https://www.douyin.com/jingxuan/car,2026-05-09T20:37:47.959782
7616678260566494473,https://www.douyin.com/video/7616678260566494473,https://www.douyin.com/discover,2026-05-09T20:37:47.959782
7616678260566494473,https://www.douyin.com/video/7616678260566494473,https://www.douyin.com/jingxuan,2026-05-09T20:37:47.959782
7616678260566494473,https://www.douyin.com/video/7616678260566494473,https://www.douyin.com/jingxuan/fashion,2026-05-09T20:37:47.959782
7616678260566494473,https://www.douyin.com/video/7616678260566494473,https://www.douyin.com/jingxuan/technology,2026-05-09T20:37:47.959782
7616695728139816207,https://www.douyin.com/video/7616695728139816207,https://www.douyin.com,2026-05-09T20:37:47.959782
7616696629835418880,https://www.douyin.com/video/7616696629835418880,https://www.douyin.com/jingxuan/car,2026-05-09T20:37:47.959782
7616726960283413738,https://www.douyin.com/video/7616726960283413738,https://www.douyin.com/jingxuan/food,2026-05-09T20:37:47.959782
7616747512547839278,https://www.douyin.com/video/7616747512547839278,https://www.douyin.com/jingxuan/music,2026-05-09T20:37:47.959782
7616765958964105851,https://www.douyin.com/video/7616765958964105851,https://www.douyin.com/jingxuan/food,2026-05-09T20:37:47.959782
7616928585513451429,https://www.douyin.com/video/7616928585513451429,https://www.douyin.com/jingxuan/game,2026-05-09T20:37:47.959782
7617014647652093238,https://www.douyin.com/video/7617014647652093238,https://www.douyin.com/jingxuan/car,2026-05-09T20:37:47.959782
7617032279000436006,https://www.douyin.com/video/7617032279000436006,https://www.douyin.com/jingxuan/music,2026-05-09T20:37:47.959782
7617052411550534975,https://www.douyin.com/video/7617052411550534975,https://www.douyin.com/jingxuan/sports,2026-05-09T20:37:47.959782
7617053414647663881,https://www.douyin.com/video/7617053414647663881,https://www.douyin.com/jingxuan/car,2026-05-09T20:37:47.959782
7617181198683108339,https://www.douyin.com/video/7617181198683108339,https://www.douyin.com/jingxuan/music,2026-05-09T20:37:47.959782
7617340590414769521,https://www.douyin.com/video/7617340590414769521,https://www.douyin.com/jingxuan/music,2026-05-09T20:37:47.959782
7617364277967730411,https://www.douyin.com/video/7617364277967730411,https://www.douyin.com/jingxuan/travel,2026-05-09T20:37:47.959782
7617366114821873827,https://www.douyin.com/video/7617366114821873827,https://www.douyin.com,2026-05-09T20:37:47.959782
7617366114821873827,https://www.douyin.com/video/7617366114821873827,https://www.douyin.com/discover,2026-05-09T20:37:47.959782
7617366114821873827,https://www.douyin.com/video/7617366114821873827,https://www.douyin.com/jingxuan,2026-05-09T20:37:47.959782
7617366114821873827,https://www.douyin.com/video/7617366114821873827,https://www.douyin.com/jingxuan/fashion,2026-05-09T20:37:47.959782
7617366114821873827,https://www.douyin.com/video/7617366114821873827,https://www.douyin.com/jingxuan/dance,2026-05-09T20:37:47.959782
7617366114821873827,https://www.douyin.com/video/7617366114821873827,https://www.douyin.com/jingxuan/technology,2026-05-09T20:37:47.959782
7617366269179825444,https://www.douyin.com/video/7617366269179825444,https://www.douyin.com/jingxuan/music,2026-05-09T20:37:47.959782
7617370563069234473,https://www.douyin.com/video/7617370563069234473,https://www.douyin.com,2026-05-09T20:37:47.959782
7617370563069234473,https://www.douyin.com/video/7617370563069234473,https://www.douyin.com/discover,2026-05-09T20:37:47.959782
7617370563069234473,https://www.douyin.com/video/7617370563069234473,https://www.douyin.com/jingxuan,2026-05-09T20:37:47.959782
7617370563069234473,https://www.douyin.com/video/7617370563069234473,https://www.douyin.com/jingxuan/fashion,2026-05-09T20:37:47.959782
7617370563069234473,https://www.douyin.com/video/7617370563069234473,https://www.douyin.com/jingxuan/dance,2026-05-09T20:37:47.959782
7617370563069234473,https://www.douyin.com/video/7617370563069234473,https://www.douyin.com/jingxuan/technology,2026-05-09T20:37:47.960797
7617419614347185450,https://www.douyin.com/video/7617419614347185450,https://www.douyin.com/jingxuan/sports,2026-05-09T20:37:47.960797
7617423541679476019,https://www.douyin.com/video/7617423541679476019,https://www.douyin.com/jingxuan/game,2026-05-09T20:37:47.960797
7617433250180998250,https://www.douyin.com/video/7617433250180998250,https://www.douyin.com/jingxuan/travel,2026-05-09T20:37:47.960797
7617442533680909604,https://www.douyin.com/video/7617442533680909604,https://www.douyin.com/jingxuan/music,2026-05-09T20:37:47.960797
7617451665578413321,https://www.douyin.com/video/7617451665578413321,https://www.douyin.com/jingxuan/food,2026-05-09T20:37:47.960797
7617455661923847458,https://www.douyin.com/video/7617455661923847458,https://www.douyin.com/jingxuan/food,2026-05-09T20:37:47.960797
7617462346470739825,https://www.douyin.com/video/7617462346470739825,https://www.douyin.com/jingxuan/food,2026-05-09T20:37:47.960797
7617495165426552107,https://www.douyin.com/video/7617495165426552107,https://www.douyin.com,2026-05-09T20:37:47.960797
7617495165426552107,https://www.douyin.com/video/7617495165426552107,https://www.douyin.com/discover,2026-05-09T20:37:47.960797
7617495165426552107,https://www.douyin.com/video/7617495165426552107,https://www.douyin.com/jingxuan,2026-05-09T20:37:47.960797
7617495165426552107,https://www.douyin.com/video/7617495165426552107,https://www.douyin.com/jingxuan/technology,2026-05-09T20:37:47.960797
7617497849667833114,https://www.douyin.com/video/7617497849667833114,https://www.douyin.com/jingxuan/fashion,2026-05-09T20:37:47.960797
7617626598111546662,https://www.douyin.com/video/7617626598111546662,https://www.douyin.com/jingxuan/game,2026-05-09T20:37:47.960797
7617641976313253170,https://www.douyin.com/video/7617641976313253170,https://www.douyin.com/jingxuan/music,2026-05-09T20:37:47.960797
7617667479233449235,https://www.douyin.com/video/7617667479233449235,https://www.douyin.com/jingxuan/music,2026-05-09T20:37:47.960797
7617754233308409011,https://www.douyin.com/video/7617754233308409011,https://www.douyin.com/jingxuan/beauty,2026-05-09T20:37:47.960797
7617855675972189093,https://www.douyin.com/video/7617855675972189093,https://www.douyin.com/jingxuan/sports,2026-05-09T20:37:47.960797
7617949888386583859,https://www.douyin.com/video/7617949888386583859,https://www.douyin.com/jingxuan/travel,2026-05-09T20:37:47.960797
7618109175780052274,https://www.douyin.com/video/7618109175780052274,https://www.douyin.com/jingxuan/sports,2026-05-09T20:37:47.960797
7618207285441722959,https://www.douyin.com/video/7618207285441722959,https://www.douyin.com/jingxuan/travel,2026-05-09T20:37:47.960797
7618218854267430884,https://www.douyin.com/video/7618218854267430884,https://www.douyin.com/discover,2026-05-09T20:37:47.960797
7618218854267430884,https://www.douyin.com/video/7618218854267430884,https://www.douyin.com/jingxuan,2026-05-09T20:37:47.960797
7618218854267430884,https://www.douyin.com/video/7618218854267430884,https://www.douyin.com/jingxuan/fashion,2026-05-09T20:37:47.960797
7618218854267430884,https://www.douyin.com/video/7618218854267430884,https://www.douyin.com/jingxuan/technology,2026-05-09T20:37:47.960797
7618219427011653723,https://www.douyin.com/video/7618219427011653723,https://www.douyin.com/jingxuan/travel,2026-05-09T20:37:47.960797
7618227172787962303,https://www.douyin.com/video/7618227172787962303,https://www.douyin.com/jingxuan/music,2026-05-09T20:37:47.960797
7618390746021858575,https://www.douyin.com/video/7618390746021858575,https://www.douyin.com/jingxuan/music,2026-05-09T20:37:47.960797
7618429788512853883,https://www.douyin.com/video/7618429788512853883,https://www.douyin.com/jingxuan/food,2026-05-09T20:37:47.960797
7618481470910303524,https://www.douyin.com/video/7618481470910303524,https://www.douyin.com/jingxuan/food,2026-05-09T20:37:47.960797
7618483738096065147,https://www.douyin.com/video/7618483738096065147,https://www.douyin.com/jingxuan/sports,2026-05-09T20:37:47.960797
7618505288686032603,https://www.douyin.com/video/7618505288686032603,https://www.douyin.com/jingxuan/food,2026-05-09T20:37:47.960797
7618507095834365238,https://www.douyin.com/video/7618507095834365238,https://www.douyin.com/jingxuan/travel,2026-05-09T20:37:47.960797
7618514401376718131,https://www.douyin.com/video/7618514401376718131,https://www.douyin.com/jingxuan/food,2026-05-09T20:37:47.960797
7618527704954064180,https://www.douyin.com/video/7618527704954064180,https://www.douyin.com/jingxuan/car,2026-05-09T20:37:47.960797
7618538095000275633,https://www.douyin.com/video/7618538095000275633,https://www.douyin.com/jingxuan/beauty,2026-05-09T20:37:47.960797
7618584049002581283,https://www.douyin.com/video/7618584049002581283,https://www.douyin.com/jingxuan/music,2026-05-09T20:37:47.960797
7618614899668700425,https://www.douyin.com/video/7618614899668700425,https://www.douyin.com/jingxuan/sports,2026-05-09T20:37:47.960797
7618797668227222834,https://www.douyin.com/video/7618797668227222834,https://www.douyin.com/jingxuan/music,2026-05-09T20:37:47.960797
7618883636854623507,https://www.douyin.com/video/7618883636854623507,https://www.douyin.com/jingxuan/game,2026-05-09T20:37:47.960797
7618902148226518312,https://www.douyin.com/video/7618902148226518312,https://www.douyin.com/discover,2026-05-09T20:37:47.960797
7618902148226518312,https://www.douyin.com/video/7618902148226518312,https://www.douyin.com/jingxuan/food,2026-05-09T20:37:47.960797
7618902148226518312,https://www.douyin.com/video/7618902148226518312,https://www.douyin.com/jingxuan/dance,2026-05-09T20:37:47.960797
7618903593327889664,https://www.douyin.com/video/7618903593327889664,https://www.douyin.com/jingxuan/car,2026-05-09T20:37:47.960797
7618922378126920859,https://www.douyin.com/video/7618922378126920859,https://www.douyin.com/jingxuan/beauty,2026-05-09T20:37:47.960797
7618928245845956985,https://www.douyin.com/video/7618928245845956985,https://www.douyin.com/jingxuan/travel,2026-05-09T20:37:47.960797
7618991970542718250,https://www.douyin.com/video/7618991970542718250,https://www.douyin.com/jingxuan/game,2026-05-09T20:37:47.960797
7619033812630483827,https://www.douyin.com/video/7619033812630483827,https://www.douyin.com/jingxuan/music,2026-05-09T20:37:47.960797
7619088806091754793,https://www.douyin.com/video/7619088806091754793,https://www.douyin.com/jingxuan/car,2026-05-09T20:37:47.960797
7619190712642358555,https://www.douyin.com/video/7619190712642358555,https://www.douyin.com/jingxuan/travel,2026-05-09T20:37:47.960797
7619256478074965248,https://www.douyin.com/video/7619256478074965248,https://www.douyin.com/jingxuan/food,2026-05-09T20:37:47.960797
7619256821320076554,https://www.douyin.com/video/7619256821320076554,https://www.douyin.com/jingxuan/beauty,2026-05-09T20:37:47.960797
7619279901828494719,https://www.douyin.com/video/7619279901828494719,https://www.douyin.com/jingxuan/game,2026-05-09T20:37:47.960797
7619280220470075124,https://www.douyin.com/video/7619280220470075124,https://www.douyin.com/jingxuan/food,2026-05-09T20:37:47.960797
7619329061134814479,https://www.douyin.com/video/7619329061134814479,https://www.douyin.com/jingxuan/game,2026-05-09T20:37:47.960797
7619409701272407336,https://www.douyin.com/video/7619409701272407336,https://www.douyin.com,2026-05-09T20:37:47.960797
7619409701272407336,https://www.douyin.com/video/7619409701272407336,https://www.douyin.com/discover,2026-05-09T20:37:47.960797
7619409701272407336,https://www.douyin.com/video/7619409701272407336,https://www.douyin.com/jingxuan,2026-05-09T20:37:47.960797
7619409701272407336,https://www.douyin.com/video/7619409701272407336,https://www.douyin.com/jingxuan/fashion,2026-05-09T20:37:47.960797
7619409701272407336,https://www.douyin.com/video/7619409701272407336,https://www.douyin.com/jingxuan/dance,2026-05-09T20:37:47.960797
7619409701272407336,https://www.douyin.com/video/7619409701272407336,https://www.douyin.com/jingxuan/technology,2026-05-09T20:37:47.960797
7619563148416191794,https://www.douyin.com/video/7619563148416191794,https://www.douyin.com/jingxuan/food,2026-05-09T20:37:47.960797
7619592169821182682,https://www.douyin.com/video/7619592169821182682,https://www.douyin.com/jingxuan/music,2026-05-09T20:37:47.960797
7619596074893839667,https://www.douyin.com/video/7619596074893839667,https://www.douyin.com/jingxuan/beauty,2026-05-09T20:37:47.960797
7619597492346467257,https://www.douyin.com/video/7619597492346467257,https://www.douyin.com/jingxuan/music,2026-05-09T20:37:47.960797
7619660091536477494,https://www.douyin.com/video/7619660091536477494,https://www.douyin.com/jingxuan/game,2026-05-09T20:37:47.960797
7619663094272298294,https://www.douyin.com/video/7619663094272298294,https://www.douyin.com/jingxuan/food,2026-05-09T20:37:47.960797
7619667041833880867,https://www.douyin.com/video/7619667041833880867,https://www.douyin.com,2026-05-09T20:37:47.960797
7619667041833880867,https://www.douyin.com/video/7619667041833880867,https://www.douyin.com/discover,2026-05-09T20:37:47.960797
7619667041833880867,https://www.douyin.com/video/7619667041833880867,https://www.douyin.com/jingxuan/fashion,2026-05-09T20:37:47.960797
7619667041833880867,https://www.douyin.com/video/7619667041833880867,https://www.douyin.com/jingxuan/technology,2026-05-09T20:37:47.960797
7619671237858164899,https://www.douyin.com/video/7619671237858164899,https://www.douyin.com/jingxuan/music,2026-05-09T20:37:47.960797
7619990977893339510,https://www.douyin.com/video/7619990977893339510,https://www.douyin.com/jingxuan/food,2026-05-09T20:37:47.960797
7620034354625940755,https://www.douyin.com/video/7620034354625940755,https://www.douyin.com/jingxuan/travel,2026-05-09T20:37:47.960797
7620210613340788671,https://www.douyin.com/video/7620210613340788671,https://www.douyin.com/jingxuan/beauty,2026-05-09T20:37:47.960797
7620316568907651306,https://www.douyin.com/video/7620316568907651306,https://www.douyin.com/jingxuan/food,2026-05-09T20:37:47.960797
7620337773576277248,https://www.douyin.com/video/7620337773576277248,https://www.douyin.com/jingxuan/travel,2026-05-09T20:37:47.960797
7620392505351081225,https://www.douyin.com/video/7620392505351081225,https://www.douyin.com,2026-05-09T20:37:47.960797
7620392505351081225,https://www.douyin.com/video/7620392505351081225,https://www.douyin.com/jingxuan,2026-05-09T20:37:47.960797
7620392505351081225,https://www.douyin.com/video/7620392505351081225,https://www.douyin.com/jingxuan/dance,2026-05-09T20:37:47.960797
7620399266745557413,https://www.douyin.com/video/7620399266745557413,https://www.douyin.com/jingxuan/beauty,2026-05-09T20:37:47.960797
7620399921925082418,https://www.douyin.com/video/7620399921925082418,https://www.douyin.com/jingxuan/sports,2026-05-09T20:37:47.960797
7620406687811243300,https://www.douyin.com/video/7620406687811243300,https://www.douyin.com/jingxuan/game,2026-05-09T20:37:47.960797
7620407320414510769,https://www.douyin.com/video/7620407320414510769,https://www.douyin.com/jingxuan/travel,2026-05-09T20:37:47.960797
7620415741178776882,https://www.douyin.com/video/7620415741178776882,https://www.douyin.com/jingxuan/travel,2026-05-09T20:37:47.960797
7620420319462919474,https://www.douyin.com/video/7620420319462919474,https://www.douyin.com/jingxuan/music,2026-05-09T20:37:47.960797
7620496921068872410,https://www.douyin.com/video/7620496921068872410,https://www.douyin.com/jingxuan/car,2026-05-09T20:37:47.960797
7620734620287470882,https://www.douyin.com/video/7620734620287470882,https://www.douyin.com/jingxuan/sports,2026-05-09T20:37:47.960797
7620748335854505259,https://www.douyin.com/video/7620748335854505259,https://www.douyin.com/jingxuan/travel,2026-05-09T20:37:47.960797
7620761882098174309,https://www.douyin.com/video/7620761882098174309,https://www.douyin.com/jingxuan/food,2026-05-09T20:37:47.960797
7620762747886053238,https://www.douyin.com/video/7620762747886053238,https://www.douyin.com/jingxuan/beauty,2026-05-09T20:37:47.960797
7620784246541520182,https://www.douyin.com/video/7620784246541520182,https://www.douyin.com/jingxuan/car,2026-05-09T20:37:47.960797
7620849028313484554,https://www.douyin.com/video/7620849028313484554,https://www.douyin.com/discover,2026-05-09T20:37:47.960797
7620849028313484554,https://www.douyin.com/video/7620849028313484554,https://www.douyin.com/jingxuan/technology,2026-05-09T20:37:47.960797
7621001290050538758,https://www.douyin.com/video/7621001290050538758,https://www.douyin.com/jingxuan/game,2026-05-09T20:37:47.960797
7621040910461078819,https://www.douyin.com/video/7621040910461078819,https://www.douyin.com/jingxuan/food,2026-05-09T20:37:47.960797
7621046284308286730,https://www.douyin.com/video/7621046284308286730,https://www.douyin.com/jingxuan/sports,2026-05-09T20:37:47.960797
7621116985266408719,https://www.douyin.com/video/7621116985266408719,https://www.douyin.com/jingxuan/car,2026-05-09T20:37:47.960797
7621123367491644515,https://www.douyin.com/video/7621123367491644515,https://www.douyin.com/jingxuan/sports,2026-05-09T20:37:47.960797
7621170171666795803,https://www.douyin.com/video/7621170171666795803,https://www.douyin.com/jingxuan/game,2026-05-09T20:37:47.960797
7621171842585218340,https://www.douyin.com/video/7621171842585218340,https://www.douyin.com,2026-05-09T20:37:47.960797
7621171842585218340,https://www.douyin.com/video/7621171842585218340,https://www.douyin.com/discover,2026-05-09T20:37:47.960797
7621171842585218340,https://www.douyin.com/video/7621171842585218340,https://www.douyin.com/jingxuan,2026-05-09T20:37:47.960797
7621171842585218340,https://www.douyin.com/video/7621171842585218340,https://www.douyin.com/jingxuan/fashion,2026-05-09T20:37:47.960797
7621171842585218340,https://www.douyin.com/video/7621171842585218340,https://www.douyin.com/jingxuan/dance,2026-05-09T20:37:47.960797
7621171842585218340,https://www.douyin.com/video/7621171842585218340,https://www.douyin.com/jingxuan/technology,2026-05-09T20:37:47.960797
7621177074664885530,https://www.douyin.com/video/7621177074664885530,https://www.douyin.com/jingxuan/car,2026-05-09T20:37:47.960797
7621183643477642536,https://www.douyin.com/video/7621183643477642536,https://www.douyin.com/discover,2026-05-09T20:37:47.960797
7621183643477642536,https://www.douyin.com/video/7621183643477642536,https://www.douyin.com/jingxuan/dance,2026-05-09T20:37:47.960797
7621195213024841011,https://www.douyin.com/video/7621195213024841011,https://www.douyin.com/jingxuan/travel,2026-05-09T20:37:47.960797
7621195340347100443,https://www.douyin.com/video/7621195340347100443,https://www.douyin.com/jingxuan/sports,2026-05-09T20:37:47.960797
7621400947528355082,https://www.douyin.com/video/7621400947528355082,https://www.douyin.com/jingxuan/music,2026-05-09T20:37:47.960797
7621442675996183862,https://www.douyin.com/video/7621442675996183862,https://www.douyin.com/jingxuan/music,2026-05-09T20:37:47.960797
7621455040259181178,https://www.douyin.com/video/7621455040259181178,https://www.douyin.com,2026-05-09T20:37:47.960797
7621455040259181178,https://www.douyin.com/video/7621455040259181178,https://www.douyin.com/jingxuan,2026-05-09T20:37:47.960797
7621455040259181178,https://www.douyin.com/video/7621455040259181178,https://www.douyin.com/jingxuan/fashion,2026-05-09T20:37:47.960797
7621455040259181178,https://www.douyin.com/video/7621455040259181178,https://www.douyin.com/jingxuan/technology,2026-05-09T20:37:47.960797
7621458868429737225,https://www.douyin.com/video/7621458868429737225,https://www.douyin.com/jingxuan/beauty,2026-05-09T20:37:47.960797
7621474376457719082,https://www.douyin.com/video/7621474376457719082,https://www.douyin.com/jingxuan/food,2026-05-09T20:37:47.960797
7621481591651829430,https://www.douyin.com/video/7621481591651829430,https://www.douyin.com/jingxuan/beauty,2026-05-09T20:37:47.960797
7621485780740951334,https://www.douyin.com/video/7621485780740951334,https://www.douyin.com/discover,2026-05-09T20:37:47.960797
7621485780740951334,https://www.douyin.com/video/7621485780740951334,https://www.douyin.com/jingxuan,2026-05-09T20:37:47.960797
7621485780740951334,https://www.douyin.com/video/7621485780740951334,https://www.douyin.com/jingxuan/fashion,2026-05-09T20:37:47.960797
7621485780740951334,https://www.douyin.com/video/7621485780740951334,https://www.douyin.com/jingxuan/dance,2026-05-09T20:37:47.960797
7621485780740951334,https://www.douyin.com/video/7621485780740951334,https://www.douyin.com/jingxuan/technology,2026-05-09T20:37:47.960797
7621525449634165753,https://www.douyin.com/video/7621525449634165753,https://www.douyin.com/jingxuan/travel,2026-05-09T20:37:47.960797
7621541044165637285,https://www.douyin.com/video/7621541044165637285,https://www.douyin.com/jingxuan/beauty,2026-05-09T20:37:47.960797
7621754310851339227,https://www.douyin.com/video/7621754310851339227,https://www.douyin.com,2026-05-09T20:37:47.960797
7621754310851339227,https://www.douyin.com/video/7621754310851339227,https://www.douyin.com/jingxuan/dance,2026-05-09T20:37:47.960797
7621754310851339227,https://www.douyin.com/video/7621754310851339227,https://www.douyin.com/jingxuan/technology,2026-05-09T20:37:47.960797
7621767681032621327,https://www.douyin.com/video/7621767681032621327,https://www.douyin.com/jingxuan/music,2026-05-09T20:37:47.960797
7621795990261724850,https://www.douyin.com/video/7621795990261724850,https://www.douyin.com/jingxuan/beauty,2026-05-09T20:37:47.960797
7621799168729730310,https://www.douyin.com/video/7621799168729730310,https://www.douyin.com,2026-05-09T20:37:47.960797
7621833409991626047,https://www.douyin.com/video/7621833409991626047,https://www.douyin.com/jingxuan/game,2026-05-09T20:37:47.961812
7621847286741486889,https://www.douyin.com/video/7621847286741486889,https://www.douyin.com/jingxuan/music,2026-05-09T20:37:47.961812
7621867376463580426,https://www.douyin.com/video/7621867376463580426,https://www.douyin.com/jingxuan/sports,2026-05-09T20:37:47.961812
7621973101232766449,https://www.douyin.com/video/7621973101232766449,https://www.douyin.com/jingxuan/travel,2026-05-09T20:37:47.961812
7622127786941091078,https://www.douyin.com/video/7622127786941091078,https://www.douyin.com/jingxuan/car,2026-05-09T20:37:47.961812
7622148310456398568,https://www.douyin.com/video/7622148310456398568,https://www.douyin.com/jingxuan/car,2026-05-09T20:37:47.961812
7622154568638889359,https://www.douyin.com/video/7622154568638889359,https://www.douyin.com/jingxuan/music,2026-05-09T20:37:47.961812
7622189339891551529,https://www.douyin.com/video/7622189339891551529,https://www.douyin.com,2026-05-09T20:37:47.961812
7622189339891551529,https://www.douyin.com/video/7622189339891551529,https://www.douyin.com/jingxuan,2026-05-09T20:37:47.961812
7622189339891551529,https://www.douyin.com/video/7622189339891551529,https://www.douyin.com/jingxuan/fashion,2026-05-09T20:37:47.961812
7622189339891551529,https://www.douyin.com/video/7622189339891551529,https://www.douyin.com/jingxuan/dance,2026-05-09T20:37:47.961812
7622189339891551529,https://www.douyin.com/video/7622189339891551529,https://www.douyin.com/jingxuan/technology,2026-05-09T20:37:47.961812
7622195098629160310,https://www.douyin.com/video/7622195098629160310,https://www.douyin.com/jingxuan/travel,2026-05-09T20:37:47.961812
7622216951825239347,https://www.douyin.com/video/7622216951825239347,https://www.douyin.com/jingxuan/food,2026-05-09T20:37:47.961812
7622249783851240744,https://www.douyin.com/video/7622249783851240744,https://www.douyin.com/jingxuan/travel,2026-05-09T20:37:47.961812
7622315559586175866,https://www.douyin.com/video/7622315559586175866,https://www.douyin.com/jingxuan/beauty,2026-05-09T20:37:47.961812
7622473264698314036,https://www.douyin.com/video/7622473264698314036,https://www.douyin.com/jingxuan,2026-05-09T20:37:47.961812
7622473264698314036,https://www.douyin.com/video/7622473264698314036,https://www.douyin.com/jingxuan/fashion,2026-05-09T20:37:47.961812
7622473264698314036,https://www.douyin.com/video/7622473264698314036,https://www.douyin.com/jingxuan/dance,2026-05-09T20:37:47.961812
7622473264698314036,https://www.douyin.com/video/7622473264698314036,https://www.douyin.com/jingxuan/technology,2026-05-09T20:37:47.961812
7622583791323843883,https://www.douyin.com/video/7622583791323843883,https://www.douyin.com/jingxuan/car,2026-05-09T20:37:47.961812
7622595708872396218,https://www.douyin.com/video/7622595708872396218,https://www.douyin.com/jingxuan/travel,2026-05-09T20:37:47.961812
7622597784109236081,https://www.douyin.com/video/7622597784109236081,https://www.douyin.com/jingxuan/food,2026-05-09T20:37:47.961812
7622616538121653567,https://www.douyin.com/video/7622616538121653567,https://www.douyin.com/jingxuan/game,2026-05-09T20:37:47.961812
7622637234458118885,https://www.douyin.com/video/7622637234458118885,https://www.douyin.com/jingxuan/beauty,2026-05-09T20:37:47.961812
7622648140205657386,https://www.douyin.com/video/7622648140205657386,https://www.douyin.com/jingxuan/car,2026-05-09T20:37:47.961812
7622665927196151059,https://www.douyin.com/video/7622665927196151059,https://www.douyin.com,2026-05-09T20:37:47.961812
7622665927196151059,https://www.douyin.com/video/7622665927196151059,https://www.douyin.com/discover,2026-05-09T20:37:47.961812
7622665927196151059,https://www.douyin.com/video/7622665927196151059,https://www.douyin.com/jingxuan/fashion,2026-05-09T20:37:47.961812
7622665927196151059,https://www.douyin.com/video/7622665927196151059,https://www.douyin.com/jingxuan/dance,2026-05-09T20:37:47.961812
7622967012692658042,https://www.douyin.com/video/7622967012692658042,https://www.douyin.com/jingxuan/music,2026-05-09T20:37:47.961812
7622970865429407409,https://www.douyin.com/video/7622970865429407409,https://www.douyin.com/jingxuan/food,2026-05-09T20:37:47.961812
7622993525462229937,https://www.douyin.com/video/7622993525462229937,https://www.douyin.com/jingxuan/beauty,2026-05-09T20:37:47.961812
7623002980433825066,https://www.douyin.com/video/7623002980433825066,https://www.douyin.com/discover,2026-05-09T20:37:47.961812
7623002980433825066,https://www.douyin.com/video/7623002980433825066,https://www.douyin.com/jingxuan,2026-05-09T20:37:47.961812
7623002980433825066,https://www.douyin.com/video/7623002980433825066,https://www.douyin.com/jingxuan/fashion,2026-05-09T20:37:47.961812
7623002980433825066,https://www.douyin.com/video/7623002980433825066,https://www.douyin.com/jingxuan/technology,2026-05-09T20:37:47.961812
7623049746499800335,https://www.douyin.com/video/7623049746499800335,https://www.douyin.com/discover,2026-05-09T20:37:47.961812
7623049746499800335,https://www.douyin.com/video/7623049746499800335,https://www.douyin.com/jingxuan,2026-05-09T20:37:47.961812
7623049746499800335,https://www.douyin.com/video/7623049746499800335,https://www.douyin.com/jingxuan/fashion,2026-05-09T20:37:47.961812
7623049746499800335,https://www.douyin.com/video/7623049746499800335,https://www.douyin.com/jingxuan/dance,2026-05-09T20:37:47.961812
7623049746499800335,https://www.douyin.com/video/7623049746499800335,https://www.douyin.com/jingxuan/technology,2026-05-09T20:37:47.961812
7623079817839267072,https://www.douyin.com/video/7623079817839267072,https://www.douyin.com/jingxuan/beauty,2026-05-09T20:37:47.961812
7623120272614264073,https://www.douyin.com/video/7623120272614264073,https://www.douyin.com/discover,2026-05-09T20:37:47.961812
7623120272614264073,https://www.douyin.com/video/7623120272614264073,https://www.douyin.com/jingxuan,2026-05-09T20:37:47.961812
7623120272614264073,https://www.douyin.com/video/7623120272614264073,https://www.douyin.com/jingxuan/fashion,2026-05-09T20:37:47.961812
7623120272614264073,https://www.douyin.com/video/7623120272614264073,https://www.douyin.com/jingxuan/dance,2026-05-09T20:37:47.961812
7623120272614264073,https://www.douyin.com/video/7623120272614264073,https://www.douyin.com/jingxuan/technology,2026-05-09T20:37:47.961812
7623281878128745871,https://www.douyin.com/video/7623281878128745871,https://www.douyin.com/jingxuan/music,2026-05-09T20:37:47.961812
7623322371394506022,https://www.douyin.com/video/7623322371394506022,https://www.douyin.com/jingxuan/game,2026-05-09T20:37:47.961812
7623337802704456996,https://www.douyin.com/video/7623337802704456996,https://www.douyin.com/jingxuan/game,2026-05-09T20:37:47.961812
7623443229958753721,https://www.douyin.com/video/7623443229958753721,https://www.douyin.com/jingxuan/food,2026-05-09T20:37:47.961812
7623692651874897202,https://www.douyin.com/video/7623692651874897202,https://www.douyin.com/jingxuan/sports,2026-05-09T20:37:47.961812
7623703795477794090,https://www.douyin.com/video/7623703795477794090,https://www.douyin.com/jingxuan/sports,2026-05-09T20:37:47.961812
7623729595392609571,https://www.douyin.com/video/7623729595392609571,https://www.douyin.com/jingxuan/sports,2026-05-09T20:37:47.961812
7623776654615219510,https://www.douyin.com/video/7623776654615219510,https://www.douyin.com/jingxuan/music,2026-05-09T20:37:47.961812
7623779092277497126,https://www.douyin.com/video/7623779092277497126,https://www.douyin.com/jingxuan/food,2026-05-09T20:37:47.961812
7623883679219141938,https://www.douyin.com/video/7623883679219141938,https://www.douyin.com/discover,2026-05-09T20:37:47.961812
7623883679219141938,https://www.douyin.com/video/7623883679219141938,https://www.douyin.com/jingxuan/dance,2026-05-09T20:37:47.961812
7624015826806971078,https://www.douyin.com/video/7624015826806971078,https://www.douyin.com/jingxuan/car,2026-05-09T20:37:47.961812
7624100477500684718,https://www.douyin.com/video/7624100477500684718,https://www.douyin.com/jingxuan/game,2026-05-09T20:37:47.961812
7624135812602416410,https://www.douyin.com/video/7624135812602416410,https://www.douyin.com/jingxuan/music,2026-05-09T20:37:47.961812
7624455448464264486,https://www.douyin.com/video/7624455448464264486,https://www.douyin.com/jingxuan/fashion,2026-05-09T20:37:47.961812
7624455448464264486,https://www.douyin.com/video/7624455448464264486,https://www.douyin.com/jingxuan/technology,2026-05-09T20:37:47.961812
7624463936108170538,https://www.douyin.com/video/7624463936108170538,https://www.douyin.com/jingxuan/sports,2026-05-09T20:37:47.961812
7624471382264892786,https://www.douyin.com/video/7624471382264892786,https://www.douyin.com/jingxuan/food,2026-05-09T20:37:47.961812
7624479839415700778,https://www.douyin.com/video/7624479839415700778,https://www.douyin.com/jingxuan/sports,2026-05-09T20:37:47.961812
7624561338559335721,https://www.douyin.com/video/7624561338559335721,https://www.douyin.com/jingxuan/car,2026-05-09T20:37:47.961812
7624807128405970222,https://www.douyin.com/video/7624807128405970222,https://www.douyin.com/jingxuan/car,2026-05-09T20:37:47.961812
7624827810493795624,https://www.douyin.com/video/7624827810493795624,https://www.douyin.com/jingxuan/food,2026-05-09T20:37:47.961812
7624828997314644195,https://www.douyin.com/video/7624828997314644195,https://www.douyin.com/jingxuan/beauty,2026-05-09T20:37:47.961812
7624866207954488585,https://www.douyin.com/video/7624866207954488585,https://www.douyin.com/jingxuan/travel,2026-05-09T20:37:47.961812
7624880706258856881,https://www.douyin.com/video/7624880706258856881,https://www.douyin.com/jingxuan/beauty,2026-05-09T20:37:47.961812
7625123903962205491,https://www.douyin.com/video/7625123903962205491,https://www.douyin.com/jingxuan/game,2026-05-09T20:37:47.961812
7625140333864586559,https://www.douyin.com/video/7625140333864586559,https://www.douyin.com,2026-05-09T20:37:47.961812
7625140333864586559,https://www.douyin.com/video/7625140333864586559,https://www.douyin.com/discover,2026-05-09T20:37:47.961812
7625140333864586559,https://www.douyin.com/video/7625140333864586559,https://www.douyin.com/jingxuan,2026-05-09T20:37:47.961812
7625140333864586559,https://www.douyin.com/video/7625140333864586559,https://www.douyin.com/jingxuan/fashion,2026-05-09T20:37:47.961812
7625140333864586559,https://www.douyin.com/video/7625140333864586559,https://www.douyin.com/jingxuan/dance,2026-05-09T20:37:47.961812
7625195947157702042,https://www.douyin.com/video/7625195947157702042,https://www.douyin.com/jingxuan/music,2026-05-09T20:37:47.961812
7625258222202539305,https://www.douyin.com/video/7625258222202539305,https://www.douyin.com/jingxuan/music,2026-05-09T20:37:47.961812
7625266759122124394,https://www.douyin.com/video/7625266759122124394,https://www.douyin.com/jingxuan/travel,2026-05-09T20:37:47.961812
7625269234473422106,https://www.douyin.com/video/7625269234473422106,https://www.douyin.com,2026-05-09T20:37:47.961812
7625269234473422106,https://www.douyin.com/video/7625269234473422106,https://www.douyin.com/jingxuan,2026-05-09T20:37:47.961812
7625269234473422106,https://www.douyin.com/video/7625269234473422106,https://www.douyin.com/jingxuan/fashion,2026-05-09T20:37:47.961812
7625269234473422106,https://www.douyin.com/video/7625269234473422106,https://www.douyin.com/jingxuan/dance,2026-05-09T20:37:47.961812
7625269234473422106,https://www.douyin.com/video/7625269234473422106,https://www.douyin.com/jingxuan/technology,2026-05-09T20:37:47.961812
7625518832794242313,https://www.douyin.com/video/7625518832794242313,https://www.douyin.com/jingxuan/game,2026-05-09T20:37:47.961812
7625599418716261695,https://www.douyin.com/video/7625599418716261695,https://www.douyin.com/jingxuan/music,2026-05-09T20:37:47.961812
7625632532889272163,https://www.douyin.com/video/7625632532889272163,https://www.douyin.com,2026-05-09T20:37:47.961812
7625646706277826041,https://www.douyin.com/video/7625646706277826041,https://www.douyin.com,2026-05-09T20:37:47.961812
7625646706277826041,https://www.douyin.com/video/7625646706277826041,https://www.douyin.com/discover,2026-05-09T20:37:47.961812
7625646706277826041,https://www.douyin.com/video/7625646706277826041,https://www.douyin.com/jingxuan,2026-05-09T20:37:47.961812
7625646706277826041,https://www.douyin.com/video/7625646706277826041,https://www.douyin.com/jingxuan/fashion,2026-05-09T20:37:47.961812
7625646706277826041,https://www.douyin.com/video/7625646706277826041,https://www.douyin.com/jingxuan/technology,2026-05-09T20:37:47.961812
7625917781007071842,https://www.douyin.com/video/7625917781007071842,https://www.douyin.com/jingxuan/food,2026-05-09T20:37:47.961812
7625926321197117608,https://www.douyin.com/video/7625926321197117608,https://www.douyin.com/jingxuan/beauty,2026-05-09T20:37:47.961812
7625929057691078053,https://www.douyin.com/video/7625929057691078053,https://www.douyin.com/jingxuan/travel,2026-05-09T20:37:47.961812
7625933647380362926,https://www.douyin.com/video/7625933647380362926,https://www.douyin.com/jingxuan/car,2026-05-09T20:37:47.961812
7625968079642949032,https://www.douyin.com/video/7625968079642949032,https://www.douyin.com/jingxuan/beauty,2026-05-09T20:37:47.961812
7625986742398569747,https://www.douyin.com/video/7625986742398569747,https://www.douyin.com/jingxuan/sports,2026-05-09T20:37:47.961812
7626009738531033774,https://www.douyin.com/video/7626009738531033774,https://www.douyin.com/jingxuan/music,2026-05-09T20:37:47.961812
7626049806573587758,https://www.douyin.com/video/7626049806573587758,https://www.douyin.com/discover,2026-05-09T20:37:47.961812
7626232419351317796,https://www.douyin.com/video/7626232419351317796,https://www.douyin.com/jingxuan/travel,2026-05-09T20:37:47.961812
7626275595265019142,https://www.douyin.com/video/7626275595265019142,https://www.douyin.com/jingxuan/sports,2026-05-09T20:37:47.961812
7626321030159617331,https://www.douyin.com/video/7626321030159617331,https://www.douyin.com/jingxuan/game,2026-05-09T20:37:47.961812
7626350920493780275,https://www.douyin.com/video/7626350920493780275,https://www.douyin.com/jingxuan/game,2026-05-09T20:37:47.961812
7626388302609878308,https://www.douyin.com/video/7626388302609878308,https://www.douyin.com/jingxuan/sports,2026-05-09T20:37:47.961812
7626404231037209891,https://www.douyin.com/video/7626404231037209891,https://www.douyin.com/jingxuan/sports,2026-05-09T20:37:47.961812
7626613105853844736,https://www.douyin.com/video/7626613105853844736,https://www.douyin.com/jingxuan/travel,2026-05-09T20:37:47.961812
7626642410856107310,https://www.douyin.com/video/7626642410856107310,https://www.douyin.com/jingxuan/game,2026-05-09T20:37:47.961812
7626684177663986971,https://www.douyin.com/video/7626684177663986971,https://www.douyin.com,2026-05-09T20:37:47.961812
7626684177663986971,https://www.douyin.com/video/7626684177663986971,https://www.douyin.com/discover,2026-05-09T20:37:47.961812
7626684177663986971,https://www.douyin.com/video/7626684177663986971,https://www.douyin.com/jingxuan,2026-05-09T20:37:47.961812
7626684177663986971,https://www.douyin.com/video/7626684177663986971,https://www.douyin.com/jingxuan/fashion,2026-05-09T20:37:47.961812
7626684177663986971,https://www.douyin.com/video/7626684177663986971,https://www.douyin.com/jingxuan/dance,2026-05-09T20:37:47.961812
7626684177663986971,https://www.douyin.com/video/7626684177663986971,https://www.douyin.com/jingxuan/technology,2026-05-09T20:37:47.961812
7626713441864027426,https://www.douyin.com/video/7626713441864027426,https://www.douyin.com/discover,2026-05-09T20:37:47.961812
7626713441864027426,https://www.douyin.com/video/7626713441864027426,https://www.douyin.com/jingxuan,2026-05-09T20:37:47.961812
7626713441864027426,https://www.douyin.com/video/7626713441864027426,https://www.douyin.com/jingxuan/fashion,2026-05-09T20:37:47.961812
7626713441864027426,https://www.douyin.com/video/7626713441864027426,https://www.douyin.com/jingxuan/dance,2026-05-09T20:37:47.961812
7626713441864027426,https://www.douyin.com/video/7626713441864027426,https://www.douyin.com/jingxuan/technology,2026-05-09T20:37:47.961812
7626720567290334518,https://www.douyin.com/video/7626720567290334518,https://www.douyin.com/jingxuan/car,2026-05-09T20:37:47.961812
7627011626490727730,https://www.douyin.com/video/7627011626490727730,https://www.douyin.com/jingxuan,2026-05-09T20:37:47.961812
7627040294193712410,https://www.douyin.com/video/7627040294193712410,https://www.douyin.com/jingxuan/game,2026-05-09T20:37:47.961812
7627042758376672522,https://www.douyin.com/video/7627042758376672522,https://www.douyin.com/jingxuan/sports,2026-05-09T20:37:47.961812
7627046821084286217,https://www.douyin.com/video/7627046821084286217,https://www.douyin.com/jingxuan/car,2026-05-09T20:37:47.961812
7627049808649325843,https://www.douyin.com/video/7627049808649325843,https://www.douyin.com/jingxuan/beauty,2026-05-09T20:37:47.961812
7627052120906830810,https://www.douyin.com/video/7627052120906830810,https://www.douyin.com,2026-05-09T20:37:47.961812
7627052120906830810,https://www.douyin.com/video/7627052120906830810,https://www.douyin.com/discover,2026-05-09T20:37:47.961812
7627052120906830810,https://www.douyin.com/video/7627052120906830810,https://www.douyin.com/jingxuan,2026-05-09T20:37:47.961812
7627052120906830810,https://www.douyin.com/video/7627052120906830810,https://www.douyin.com/jingxuan/fashion,2026-05-09T20:37:47.961812
7627052120906830810,https://www.douyin.com/video/7627052120906830810,https://www.douyin.com/jingxuan/dance,2026-05-09T20:37:47.961812
7627052120906830810,https://www.douyin.com/video/7627052120906830810,https://www.douyin.com/jingxuan/technology,2026-05-09T20:37:47.961812
7627068404575164602,https://www.douyin.com/video/7627068404575164602,https://www.douyin.com,2026-05-09T20:37:47.961812
7627068404575164602,https://www.douyin.com/video/7627068404575164602,https://www.douyin.com/discover,2026-05-09T20:37:47.961812
7627068404575164602,https://www.douyin.com/video/7627068404575164602,https://www.douyin.com/jingxuan,2026-05-09T20:37:47.961812
7627068404575164602,https://www.douyin.com/video/7627068404575164602,https://www.douyin.com/jingxuan/music,2026-05-09T20:37:47.961812
7627068404575164602,https://www.douyin.com/video/7627068404575164602,https://www.douyin.com/jingxuan/fashion,2026-05-09T20:37:47.961812
7627068404575164602,https://www.douyin.com/video/7627068404575164602,https://www.douyin.com/jingxuan/dance,2026-05-09T20:37:47.961812
7627068404575164602,https://www.douyin.com/video/7627068404575164602,https://www.douyin.com/jingxuan/technology,2026-05-09T20:37:47.961812
7627078187637826161,https://www.douyin.com/video/7627078187637826161,https://www.douyin.com/jingxuan/food,2026-05-09T20:37:47.961812
7627086361807441158,https://www.douyin.com/video/7627086361807441158,https://www.douyin.com/jingxuan/beauty,2026-05-09T20:37:47.961812
7627087515719142682,https://www.douyin.com/video/7627087515719142682,https://www.douyin.com/jingxuan/car,2026-05-09T20:37:47.961812
7627097642107030825,https://www.douyin.com/video/7627097642107030825,https://www.douyin.com/jingxuan/beauty,2026-05-09T20:37:47.961812
7627106028287974885,https://www.douyin.com/video/7627106028287974885,https://www.douyin.com/jingxuan/beauty,2026-05-09T20:37:47.961812
7627157395302932721,https://www.douyin.com/video/7627157395302932721,https://www.douyin.com/jingxuan/game,2026-05-09T20:37:47.961812
7627163067129842996,https://www.douyin.com/video/7627163067129842996,https://www.douyin.com/jingxuan/beauty,2026-05-09T20:37:47.961812
7627263633172499739,https://www.douyin.com/video/7627263633172499739,https://www.douyin.com,2026-05-09T20:37:47.961812
7627263633172499739,https://www.douyin.com/video/7627263633172499739,https://www.douyin.com/discover,2026-05-09T20:37:47.961812
7627263633172499739,https://www.douyin.com/video/7627263633172499739,https://www.douyin.com/jingxuan,2026-05-09T20:37:47.961812
7627263633172499739,https://www.douyin.com/video/7627263633172499739,https://www.douyin.com/jingxuan/fashion,2026-05-09T20:37:47.961812
7627263633172499739,https://www.douyin.com/video/7627263633172499739,https://www.douyin.com/jingxuan/dance,2026-05-09T20:37:47.961812
7627263633172499739,https://www.douyin.com/video/7627263633172499739,https://www.douyin.com/jingxuan/technology,2026-05-09T20:37:47.961812
7627326318220201258,https://www.douyin.com/video/7627326318220201258,https://www.douyin.com,2026-05-09T20:37:47.961812
7627326318220201258,https://www.douyin.com/video/7627326318220201258,https://www.douyin.com/discover,2026-05-09T20:37:47.961812
7627326318220201258,https://www.douyin.com/video/7627326318220201258,https://www.douyin.com/jingxuan,2026-05-09T20:37:47.961812
7627326318220201258,https://www.douyin.com/video/7627326318220201258,https://www.douyin.com/jingxuan/fashion,2026-05-09T20:37:47.961812
7627345335110634794,https://www.douyin.com/video/7627345335110634794,https://www.douyin.com/jingxuan/game,2026-05-09T20:37:47.961812
7627417139495256057,https://www.douyin.com/video/7627417139495256057,https://www.douyin.com/jingxuan/travel,2026-05-09T20:37:47.961812
7627428059498466598,https://www.douyin.com/video/7627428059498466598,https://www.douyin.com/jingxuan/food,2026-05-09T20:37:47.961812
7627429503152753972,https://www.douyin.com/video/7627429503152753972,https://www.douyin.com/jingxuan/music,2026-05-09T20:37:47.961812
7627446266695290147,https://www.douyin.com/video/7627446266695290147,https://www.douyin.com/jingxuan/car,2026-05-09T20:37:47.961812
7627459398679481636,https://www.douyin.com/video/7627459398679481636,https://www.douyin.com/jingxuan/travel,2026-05-09T20:37:47.961812
7627538851975679295,https://www.douyin.com/video/7627538851975679295,https://www.douyin.com/jingxuan/sports,2026-05-09T20:37:47.961812
7627546143475420452,https://www.douyin.com/video/7627546143475420452,https://www.douyin.com/jingxuan/sports,2026-05-09T20:37:47.961812
7627789716246531379,https://www.douyin.com/video/7627789716246531379,https://www.douyin.com/jingxuan/sports,2026-05-09T20:37:47.961812
7627807559235483584,https://www.douyin.com/video/7627807559235483584,https://www.douyin.com/jingxuan/food,2026-05-09T20:37:47.961812
7627814145223658779,https://www.douyin.com/video/7627814145223658779,https://www.douyin.com/jingxuan/music,2026-05-09T20:37:47.961812
7627830958246382863,https://www.douyin.com/video/7627830958246382863,https://www.douyin.com,2026-05-09T20:37:47.961812
7627830958246382863,https://www.douyin.com/video/7627830958246382863,https://www.douyin.com/discover,2026-05-09T20:37:47.961812
7627830958246382863,https://www.douyin.com/video/7627830958246382863,https://www.douyin.com/jingxuan/technology,2026-05-09T20:37:47.961812
7627868054499659060,https://www.douyin.com/video/7627868054499659060,https://www.douyin.com/jingxuan/travel,2026-05-09T20:37:47.961812
7627930817636879658,https://www.douyin.com/video/7627930817636879658,https://www.douyin.com/jingxuan/sports,2026-05-09T20:37:47.961812
7628090801592196537,https://www.douyin.com/video/7628090801592196537,https://www.douyin.com/jingxuan/car,2026-05-09T20:37:47.961812
7628118527538515236,https://www.douyin.com/video/7628118527538515236,https://www.douyin.com/jingxuan/travel,2026-05-09T20:37:47.961812
7628177093649812774,https://www.douyin.com/video/7628177093649812774,https://www.douyin.com/jingxuan/car,2026-05-09T20:37:47.961812
7628187879991500219,https://www.douyin.com/video/7628187879991500219,https://www.douyin.com/jingxuan/beauty,2026-05-09T20:37:47.961812
7628200739264843050,https://www.douyin.com/video/7628200739264843050,https://www.douyin.com/jingxuan/sports,2026-05-09T20:37:47.961812
7628201755314097417,https://www.douyin.com/video/7628201755314097417,https://www.douyin.com/jingxuan/travel,2026-05-09T20:37:47.961812
7628214670415799930,https://www.douyin.com/video/7628214670415799930,https://www.douyin.com/jingxuan/travel,2026-05-09T20:37:47.961812
7628226881866714403,https://www.douyin.com/video/7628226881866714403,https://www.douyin.com,2026-05-09T20:37:47.961812
7628226881866714403,https://www.douyin.com/video/7628226881866714403,https://www.douyin.com/jingxuan,2026-05-09T20:37:47.961812
7628226881866714403,https://www.douyin.com/video/7628226881866714403,https://www.douyin.com/jingxuan/fashion,2026-05-09T20:37:47.961812
7628226881866714403,https://www.douyin.com/video/7628226881866714403,https://www.douyin.com/jingxuan/dance,2026-05-09T20:37:47.961812
7628251246663518569,https://www.douyin.com/video/7628251246663518569,https://www.douyin.com/jingxuan/travel,2026-05-09T20:37:47.961812
7628410734539443499,https://www.douyin.com/video/7628410734539443499,https://www.douyin.com,2026-05-09T20:37:47.961812
7628410734539443499,https://www.douyin.com/video/7628410734539443499,https://www.douyin.com/jingxuan,2026-05-09T20:37:47.961812
7628410734539443499,https://www.douyin.com/video/7628410734539443499,https://www.douyin.com/jingxuan/fashion,2026-05-09T20:37:47.961812
7628410734539443499,https://www.douyin.com/video/7628410734539443499,https://www.douyin.com/jingxuan/dance,2026-05-09T20:37:47.961812
7628410734539443499,https://www.douyin.com/video/7628410734539443499,https://www.douyin.com/jingxuan/technology,2026-05-09T20:37:47.961812
7628487426688694514,https://www.douyin.com/video/7628487426688694514,https://www.douyin.com/jingxuan/car,2026-05-09T20:37:47.961812
7628548054651587881,https://www.douyin.com/video/7628548054651587881,https://www.douyin.com,2026-05-09T20:37:47.962810
7628568489162181939,https://www.douyin.com/video/7628568489162181939,https://www.douyin.com/jingxuan/sports,2026-05-09T20:37:47.962810
7628642180706286079,https://www.douyin.com/video/7628642180706286079,https://www.douyin.com/jingxuan/travel,2026-05-09T20:37:47.962810
7628843764034915634,https://www.douyin.com/video/7628843764034915634,https://www.douyin.com/jingxuan/food,2026-05-09T20:37:47.962810
7628853354383766395,https://www.douyin.com/video/7628853354383766395,https://www.douyin.com/jingxuan/food,2026-05-09T20:37:47.962810
7628875015903112826,https://www.douyin.com/video/7628875015903112826,https://www.douyin.com/jingxuan/beauty,2026-05-09T20:37:47.962810
7628893782666216805,https://www.douyin.com/video/7628893782666216805,https://www.douyin.com/jingxuan/travel,2026-05-09T20:37:47.962810
7628905973683473707,https://www.douyin.com/video/7628905973683473707,https://www.douyin.com/jingxuan/sports,2026-05-09T20:37:47.962810
7628928816102001947,https://www.douyin.com/video/7628928816102001947,https://www.douyin.com/jingxuan/beauty,2026-05-09T20:37:47.962810
7628941059279621418,https://www.douyin.com/video/7628941059279621418,https://www.douyin.com/jingxuan/food,2026-05-09T20:37:47.962810
7628942604163370240,https://www.douyin.com/video/7628942604163370240,https://www.douyin.com,2026-05-09T20:37:47.962810
7628942604163370240,https://www.douyin.com/video/7628942604163370240,https://www.douyin.com/discover,2026-05-09T20:37:47.962810
7628942604163370240,https://www.douyin.com/video/7628942604163370240,https://www.douyin.com/jingxuan,2026-05-09T20:37:47.962810
7628942604163370240,https://www.douyin.com/video/7628942604163370240,https://www.douyin.com/jingxuan/fashion,2026-05-09T20:37:47.962810
7628942604163370240,https://www.douyin.com/video/7628942604163370240,https://www.douyin.com/jingxuan/dance,2026-05-09T20:37:47.962810
7628942604163370240,https://www.douyin.com/video/7628942604163370240,https://www.douyin.com/jingxuan/technology,2026-05-09T20:37:47.962810
7628964444684422442,https://www.douyin.com/video/7628964444684422442,https://www.douyin.com/jingxuan/music,2026-05-09T20:37:47.962810
7628985317609065762,https://www.douyin.com/video/7628985317609065762,https://www.douyin.com/jingxuan/sports,2026-05-09T20:37:47.962810
7629010207619681599,https://www.douyin.com/video/7629010207619681599,https://www.douyin.com/jingxuan/music,2026-05-09T20:37:47.962810
7629190188559879487,https://www.douyin.com/video/7629190188559879487,https://www.douyin.com/jingxuan/music,2026-05-09T20:37:47.962810
7629245367539895590,https://www.douyin.com/video/7629245367539895590,https://www.douyin.com/jingxuan,2026-05-09T20:37:47.962810
7629245367539895590,https://www.douyin.com/video/7629245367539895590,https://www.douyin.com/jingxuan/fashion,2026-05-09T20:37:47.962810
7629245367539895590,https://www.douyin.com/video/7629245367539895590,https://www.douyin.com/jingxuan/dance,2026-05-09T20:37:47.962810
7629245367539895590,https://www.douyin.com/video/7629245367539895590,https://www.douyin.com/jingxuan/technology,2026-05-09T20:37:47.962810
7629250206832001009,https://www.douyin.com/video/7629250206832001009,https://www.douyin.com/jingxuan/dance,2026-05-09T20:37:47.962810
7629263250559285433,https://www.douyin.com/video/7629263250559285433,https://www.douyin.com/jingxuan/sports,2026-05-09T20:37:47.962810
7629267308439429459,https://www.douyin.com/video/7629267308439429459,https://www.douyin.com/discover,2026-05-09T20:37:47.962810
7629282417131539752,https://www.douyin.com/video/7629282417131539752,https://www.douyin.com/jingxuan/game,2026-05-09T20:37:47.962810
7629283785984494883,https://www.douyin.com/video/7629283785984494883,https://www.douyin.com/jingxuan/food,2026-05-09T20:37:47.962810
7629358747367306355,https://www.douyin.com/video/7629358747367306355,https://www.douyin.com/jingxuan/travel,2026-05-09T20:37:47.962810
7629431182454738203,https://www.douyin.com/video/7629431182454738203,https://www.douyin.com/jingxuan,2026-05-09T20:37:47.962810
7629431182454738203,https://www.douyin.com/video/7629431182454738203,https://www.douyin.com/jingxuan/fashion,2026-05-09T20:37:47.962810
7629431182454738203,https://www.douyin.com/video/7629431182454738203,https://www.douyin.com/jingxuan/technology,2026-05-09T20:37:47.962810
7629531648962383131,https://www.douyin.com/video/7629531648962383131,https://www.douyin.com,2026-05-09T20:37:47.962810
7629531648962383131,https://www.douyin.com/video/7629531648962383131,https://www.douyin.com/jingxuan,2026-05-09T20:37:47.962810
7629531648962383131,https://www.douyin.com/video/7629531648962383131,https://www.douyin.com/jingxuan/fashion,2026-05-09T20:37:47.962810
7629531648962383131,https://www.douyin.com/video/7629531648962383131,https://www.douyin.com/jingxuan/technology,2026-05-09T20:37:47.962810
7629542891035913189,https://www.douyin.com/video/7629542891035913189,https://www.douyin.com/jingxuan/beauty,2026-05-09T20:37:47.962810
7629650380184692132,https://www.douyin.com/video/7629650380184692132,https://www.douyin.com/jingxuan/game,2026-05-09T20:37:47.962810
7629658786092895488,https://www.douyin.com/video/7629658786092895488,https://www.douyin.com/jingxuan/sports,2026-05-09T20:37:47.962810
7629680149474069769,https://www.douyin.com/video/7629680149474069769,https://www.douyin.com/jingxuan/sports,2026-05-09T20:37:47.962810
7629750238241561843,https://www.douyin.com/video/7629750238241561843,https://www.douyin.com/jingxuan/food,2026-05-09T20:37:47.962810
7629781803917806894,https://www.douyin.com/video/7629781803917806894,https://www.douyin.com,2026-05-09T20:37:47.962810
7629922733811387654,https://www.douyin.com/video/7629922733811387654,https://www.douyin.com/jingxuan,2026-05-09T20:37:47.962810
7629922733811387654,https://www.douyin.com/video/7629922733811387654,https://www.douyin.com/jingxuan/fashion,2026-05-09T20:37:47.962810
7629922733811387654,https://www.douyin.com/video/7629922733811387654,https://www.douyin.com/jingxuan/dance,2026-05-09T20:37:47.962810
7629922733811387654,https://www.douyin.com/video/7629922733811387654,https://www.douyin.com/jingxuan/technology,2026-05-09T20:37:47.962810
7629935688158432550,https://www.douyin.com/video/7629935688158432550,https://www.douyin.com/jingxuan/travel,2026-05-09T20:37:47.962810
7629960714787291054,https://www.douyin.com/video/7629960714787291054,https://www.douyin.com/discover,2026-05-09T20:37:47.962810
7629960714787291054,https://www.douyin.com/video/7629960714787291054,https://www.douyin.com/jingxuan,2026-05-09T20:37:47.962810
7630022236753235254,https://www.douyin.com/video/7630022236753235254,https://www.douyin.com/jingxuan/food,2026-05-09T20:37:47.962810
7630025219293547803,https://www.douyin.com/video/7630025219293547803,https://www.douyin.com/jingxuan/music,2026-05-09T20:37:47.962810
7630033451563751322,https://www.douyin.com/video/7630033451563751322,https://www.douyin.com/jingxuan/beauty,2026-05-09T20:37:47.962810
7630059949170740531,https://www.douyin.com/video/7630059949170740531,https://www.douyin.com/jingxuan/sports,2026-05-09T20:37:47.962810
7630068924616783955,https://www.douyin.com/video/7630068924616783955,https://www.douyin.com/jingxuan/food,2026-05-09T20:37:47.962810
7630074591209206458,https://www.douyin.com/video/7630074591209206458,https://www.douyin.com/jingxuan/beauty,2026-05-09T20:37:47.962810
7630119833703394176,https://www.douyin.com/video/7630119833703394176,https://www.douyin.com/jingxuan/food,2026-05-09T20:37:47.962810
7630235082130222326,https://www.douyin.com/video/7630235082130222326,https://www.douyin.com/jingxuan/travel,2026-05-09T20:37:47.962810
7630271524959735066,https://www.douyin.com/video/7630271524959735066,https://www.douyin.com/jingxuan/sports,2026-05-09T20:37:47.962810
7630294225565755643,https://www.douyin.com/video/7630294225565755643,https://www.douyin.com/jingxuan/food,2026-05-09T20:37:47.962810
7630402438230543626,https://www.douyin.com/video/7630402438230543626,https://www.douyin.com/jingxuan/sports,2026-05-09T20:37:47.962810
7630417915322845770,https://www.douyin.com/video/7630417915322845770,https://www.douyin.com/jingxuan/music,2026-05-09T20:37:47.962810
7630436189828402484,https://www.douyin.com/video/7630436189828402484,https://www.douyin.com/jingxuan/sports,2026-05-09T20:37:47.962810
7630725035476438291,https://www.douyin.com/video/7630725035476438291,https://www.douyin.com,2026-05-09T20:37:47.962810
7630725035476438291,https://www.douyin.com/video/7630725035476438291,https://www.douyin.com/discover,2026-05-09T20:37:47.962810
7630725035476438291,https://www.douyin.com/video/7630725035476438291,https://www.douyin.com/jingxuan,2026-05-09T20:37:47.962810
7630725035476438291,https://www.douyin.com/video/7630725035476438291,https://www.douyin.com/jingxuan/fashion,2026-05-09T20:37:47.962810
7630725035476438291,https://www.douyin.com/video/7630725035476438291,https://www.douyin.com/jingxuan/dance,2026-05-09T20:37:47.962810
7630725035476438291,https://www.douyin.com/video/7630725035476438291,https://www.douyin.com/jingxuan/technology,2026-05-09T20:37:47.962810
7630731409329605894,https://www.douyin.com/video/7630731409329605894,https://www.douyin.com/jingxuan/game,2026-05-09T20:37:47.962810
7630750215242610875,https://www.douyin.com/video/7630750215242610875,https://www.douyin.com/jingxuan/food,2026-05-09T20:37:47.962810
7630772971128270757,https://www.douyin.com/video/7630772971128270757,https://www.douyin.com/jingxuan/sports,2026-05-09T20:37:47.962810
7630796151238839602,https://www.douyin.com/video/7630796151238839602,https://www.douyin.com,2026-05-09T20:37:47.962810
7630814644316164069,https://www.douyin.com/video/7630814644316164069,https://www.douyin.com/jingxuan/beauty,2026-05-09T20:37:47.962810
7630818290085304433,https://www.douyin.com/video/7630818290085304433,https://www.douyin.com/jingxuan/travel,2026-05-09T20:37:47.962810
7630829934507724084,https://www.douyin.com/video/7630829934507724084,https://www.douyin.com/jingxuan/car,2026-05-09T20:37:47.962810
7630870109644763234,https://www.douyin.com/video/7630870109644763234,https://www.douyin.com/jingxuan/travel,2026-05-09T20:37:47.962810
7630885489813277979,https://www.douyin.com/video/7630885489813277979,https://www.douyin.com,2026-05-09T20:37:47.962810
7630885489813277979,https://www.douyin.com/video/7630885489813277979,https://www.douyin.com/discover,2026-05-09T20:37:47.962810
7630885489813277979,https://www.douyin.com/video/7630885489813277979,https://www.douyin.com/jingxuan,2026-05-09T20:37:47.962810
7630885489813277979,https://www.douyin.com/video/7630885489813277979,https://www.douyin.com/jingxuan/fashion,2026-05-09T20:37:47.962810
7630885489813277979,https://www.douyin.com/video/7630885489813277979,https://www.douyin.com/jingxuan/dance,2026-05-09T20:37:47.962810
7630885489813277979,https://www.douyin.com/video/7630885489813277979,https://www.douyin.com/jingxuan/technology,2026-05-09T20:37:47.962810
7631007283681430836,https://www.douyin.com/video/7631007283681430836,https://www.douyin.com/jingxuan/dance,2026-05-09T20:37:47.962810
7631063493755669775,https://www.douyin.com/video/7631063493755669775,https://www.douyin.com/discover,2026-05-09T20:37:47.962810
7631063493755669775,https://www.douyin.com/video/7631063493755669775,https://www.douyin.com/jingxuan,2026-05-09T20:37:47.962810
7631063493755669775,https://www.douyin.com/video/7631063493755669775,https://www.douyin.com/jingxuan/fashion,2026-05-09T20:37:47.962810
7631063493755669775,https://www.douyin.com/video/7631063493755669775,https://www.douyin.com/jingxuan/dance,2026-05-09T20:37:47.962810
7631063493755669775,https://www.douyin.com/video/7631063493755669775,https://www.douyin.com/jingxuan/travel,2026-05-09T20:37:47.962810
7631063493755669775,https://www.douyin.com/video/7631063493755669775,https://www.douyin.com/jingxuan/technology,2026-05-09T20:37:47.962810
7631127134548012139,https://www.douyin.com/video/7631127134548012139,https://www.douyin.com/jingxuan/game,2026-05-09T20:37:47.962810
7631135033289411881,https://www.douyin.com/video/7631135033289411881,https://www.douyin.com,2026-05-09T20:37:47.962810
7631139540183420069,https://www.douyin.com/video/7631139540183420069,https://www.douyin.com/jingxuan/car,2026-05-09T20:37:47.962810
7631156822971387170,https://www.douyin.com/video/7631156822971387170,https://www.douyin.com/jingxuan/sports,2026-05-09T20:37:47.962810
7631157991839927400,https://www.douyin.com/video/7631157991839927400,https://www.douyin.com/jingxuan/travel,2026-05-09T20:37:47.962810
7631221323993548645,https://www.douyin.com/video/7631221323993548645,https://www.douyin.com/jingxuan/music,2026-05-09T20:37:47.962810
7631394510807118258,https://www.douyin.com/video/7631394510807118258,https://www.douyin.com,2026-05-09T20:37:47.962810
7631394510807118258,https://www.douyin.com/video/7631394510807118258,https://www.douyin.com/discover,2026-05-09T20:37:47.962810
7631394510807118258,https://www.douyin.com/video/7631394510807118258,https://www.douyin.com/jingxuan,2026-05-09T20:37:47.962810
7631394510807118258,https://www.douyin.com/video/7631394510807118258,https://www.douyin.com/jingxuan/fashion,2026-05-09T20:37:47.962810
7631394510807118258,https://www.douyin.com/video/7631394510807118258,https://www.douyin.com/jingxuan/dance,2026-05-09T20:37:47.962810
7631394510807118258,https://www.douyin.com/video/7631394510807118258,https://www.douyin.com/jingxuan/technology,2026-05-09T20:37:47.962810
7631419794784406819,https://www.douyin.com/video/7631419794784406819,https://www.douyin.com/jingxuan/sports,2026-05-09T20:37:47.962810
7631473037849775403,https://www.douyin.com/video/7631473037849775403,https://www.douyin.com/jingxuan/food,2026-05-09T20:37:47.962810
7631518820653370664,https://www.douyin.com/video/7631518820653370664,https://www.douyin.com/jingxuan/music,2026-05-09T20:37:47.962810
7631536411505659177,https://www.douyin.com/video/7631536411505659177,https://www.douyin.com/jingxuan/car,2026-05-09T20:37:47.962810
7631551411288870195,https://www.douyin.com/video/7631551411288870195,https://www.douyin.com/jingxuan/car,2026-05-09T20:37:47.962810
7631582925229755667,https://www.douyin.com/video/7631582925229755667,https://www.douyin.com/jingxuan/car,2026-05-09T20:37:47.962810
7631596778827173155,https://www.douyin.com/video/7631596778827173155,https://www.douyin.com/jingxuan/music,2026-05-09T20:37:47.962810
7631766722882434405,https://www.douyin.com/video/7631766722882434405,https://www.douyin.com/jingxuan/travel,2026-05-09T20:37:47.962810
7631777939725634857,https://www.douyin.com/video/7631777939725634857,https://www.douyin.com/jingxuan,2026-05-09T20:37:47.962810
7631777939725634857,https://www.douyin.com/video/7631777939725634857,https://www.douyin.com/jingxuan/fashion,2026-05-09T20:37:47.962810
7631847995134217526,https://www.douyin.com/video/7631847995134217526,https://www.douyin.com/jingxuan/music,2026-05-09T20:37:47.962810
7631872650096266532,https://www.douyin.com/video/7631872650096266532,https://www.douyin.com/jingxuan,2026-05-09T20:37:47.962810
7631872650096266532,https://www.douyin.com/video/7631872650096266532,https://www.douyin.com/jingxuan/game,2026-05-09T20:37:47.962810
7631872650096266532,https://www.douyin.com/video/7631872650096266532,https://www.douyin.com/jingxuan/fashion,2026-05-09T20:37:47.962810
7631872650096266532,https://www.douyin.com/video/7631872650096266532,https://www.douyin.com/jingxuan/dance,2026-05-09T20:37:47.962810
7631872650096266532,https://www.douyin.com/video/7631872650096266532,https://www.douyin.com/jingxuan/technology,2026-05-09T20:37:47.962810
7631879470252576041,https://www.douyin.com/video/7631879470252576041,https://www.douyin.com/jingxuan/sports,2026-05-09T20:37:47.962810
7631888533304790287,https://www.douyin.com/video/7631888533304790287,https://www.douyin.com/jingxuan/sports,2026-05-09T20:37:47.962810
7631890449229204778,https://www.douyin.com/video/7631890449229204778,https://www.douyin.com/jingxuan,2026-05-09T20:37:47.962810
7631895963745175144,https://www.douyin.com/video/7631895963745175144,https://www.douyin.com/jingxuan/music,2026-05-09T20:37:47.962810
7631907170245692708,https://www.douyin.com/video/7631907170245692708,https://www.douyin.com/jingxuan/technology,2026-05-09T20:37:47.962810
7631913299898125594,https://www.douyin.com/video/7631913299898125594,https://www.douyin.com/jingxuan/sports,2026-05-09T20:37:47.962810
7631933223266817265,https://www.douyin.com/video/7631933223266817265,https://www.douyin.com/jingxuan/beauty,2026-05-09T20:37:47.962810
7631943449440193802,https://www.douyin.com/video/7631943449440193802,https://www.douyin.com,2026-05-09T20:37:47.962810
7631943449440193802,https://www.douyin.com/video/7631943449440193802,https://www.douyin.com/discover,2026-05-09T20:37:47.962810
7631943449440193802,https://www.douyin.com/video/7631943449440193802,https://www.douyin.com/jingxuan/dance,2026-05-09T20:37:47.962810
7631962423612765609,https://www.douyin.com/video/7631962423612765609,https://www.douyin.com/discover,2026-05-09T20:37:47.962810
7631962423612765609,https://www.douyin.com/video/7631962423612765609,https://www.douyin.com/jingxuan,2026-05-09T20:37:47.962810
7631962423612765609,https://www.douyin.com/video/7631962423612765609,https://www.douyin.com/jingxuan/fashion,2026-05-09T20:37:47.962810
7631962423612765609,https://www.douyin.com/video/7631962423612765609,https://www.douyin.com/jingxuan/dance,2026-05-09T20:37:47.962810
7631962423612765609,https://www.douyin.com/video/7631962423612765609,https://www.douyin.com/jingxuan/technology,2026-05-09T20:37:47.962810
7631970975172644142,https://www.douyin.com/video/7631970975172644142,https://www.douyin.com/jingxuan/music,2026-05-09T20:37:47.962810
7631991419535707419,https://www.douyin.com/video/7631991419535707419,https://www.douyin.com,2026-05-09T20:37:47.962810
7631991419535707419,https://www.douyin.com/video/7631991419535707419,https://www.douyin.com/jingxuan/game,2026-05-09T20:37:47.962810
7632151549141352037,https://www.douyin.com/video/7632151549141352037,https://www.douyin.com,2026-05-09T20:37:47.962810
7632179724109876543,https://www.douyin.com/video/7632179724109876543,https://www.douyin.com/jingxuan/game,2026-05-09T20:37:47.962810
7632202595164187109,https://www.douyin.com/video/7632202595164187109,https://www.douyin.com/jingxuan/beauty,2026-05-09T20:37:47.962810
7632204294900567359,https://www.douyin.com/video/7632204294900567359,https://www.douyin.com/jingxuan/travel,2026-05-09T20:37:47.962810
7632226533704240447,https://www.douyin.com/video/7632226533704240447,https://www.douyin.com/jingxuan/game,2026-05-09T20:37:47.962810
7632246453238320434,https://www.douyin.com/video/7632246453238320434,https://www.douyin.com/jingxuan/beauty,2026-05-09T20:37:47.962810
7632252099924970761,https://www.douyin.com/video/7632252099924970761,https://www.douyin.com/jingxuan/car,2026-05-09T20:37:47.962810
7632260862278978825,https://www.douyin.com/video/7632260862278978825,https://www.douyin.com,2026-05-09T20:37:47.962810
7632260862278978825,https://www.douyin.com/video/7632260862278978825,https://www.douyin.com/jingxuan,2026-05-09T20:37:47.962810
7632260862278978825,https://www.douyin.com/video/7632260862278978825,https://www.douyin.com/jingxuan/fashion,2026-05-09T20:37:47.962810
7632260862278978825,https://www.douyin.com/video/7632260862278978825,https://www.douyin.com/jingxuan/dance,2026-05-09T20:37:47.962810
7632260862278978825,https://www.douyin.com/video/7632260862278978825,https://www.douyin.com/jingxuan/technology,2026-05-09T20:37:47.962810
7632268523280590784,https://www.douyin.com/video/7632268523280590784,https://www.douyin.com/jingxuan/music,2026-05-09T20:37:47.962810
7632290894310737851,https://www.douyin.com/video/7632290894310737851,https://www.douyin.com/jingxuan/beauty,2026-05-09T20:37:47.962810
7632311011978104127,https://www.douyin.com/video/7632311011978104127,https://www.douyin.com/jingxuan/fashion,2026-05-09T20:37:47.962810
7632311011978104127,https://www.douyin.com/video/7632311011978104127,https://www.douyin.com/jingxuan/dance,2026-05-09T20:37:47.962810
7632341367880011044,https://www.douyin.com/video/7632341367880011044,https://www.douyin.com/jingxuan/travel,2026-05-09T20:37:47.962810
7632514650265632763,https://www.douyin.com/video/7632514650265632763,https://www.douyin.com/jingxuan/car,2026-05-09T20:37:47.962810
7632515731883609398,https://www.douyin.com/video/7632515731883609398,https://www.douyin.com,2026-05-09T20:37:47.962810
7632515731883609398,https://www.douyin.com/video/7632515731883609398,https://www.douyin.com/discover,2026-05-09T20:37:47.962810
7632522437577461007,https://www.douyin.com/video/7632522437577461007,https://www.douyin.com/jingxuan/beauty,2026-05-09T20:37:47.962810
7632531594355559689,https://www.douyin.com/video/7632531594355559689,https://www.douyin.com/jingxuan/travel,2026-05-09T20:37:47.962810
7632542367387503872,https://www.douyin.com/video/7632542367387503872,https://www.douyin.com/jingxuan/game,2026-05-09T20:37:47.962810
7632565044862201829,https://www.douyin.com/video/7632565044862201829,https://www.douyin.com/jingxuan/travel,2026-05-09T20:37:47.962810
7632598091754211045,https://www.douyin.com/video/7632598091754211045,https://www.douyin.com/jingxuan/beauty,2026-05-09T20:37:47.962810
7632614137536843027,https://www.douyin.com/video/7632614137536843027,https://www.douyin.com/jingxuan,2026-05-09T20:37:47.962810
7632614137536843027,https://www.douyin.com/video/7632614137536843027,https://www.douyin.com/jingxuan/fashion,2026-05-09T20:37:47.962810
7632614137536843027,https://www.douyin.com/video/7632614137536843027,https://www.douyin.com/jingxuan/dance,2026-05-09T20:37:47.962810
7632614137536843027,https://www.douyin.com/video/7632614137536843027,https://www.douyin.com/jingxuan/technology,2026-05-09T20:37:47.962810
7632636649549106486,https://www.douyin.com/video/7632636649549106486,https://www.douyin.com/jingxuan/game,2026-05-09T20:37:47.962810
7632643015537855784,https://www.douyin.com/video/7632643015537855784,https://www.douyin.com/jingxuan/music,2026-05-09T20:37:47.962810
7632646448735736485,https://www.douyin.com/video/7632646448735736485,https://www.douyin.com/jingxuan/beauty,2026-05-09T20:37:47.962810
7632650365162913262,https://www.douyin.com/video/7632650365162913262,https://www.douyin.com/jingxuan/food,2026-05-09T20:37:47.962810
7632657376813836367,https://www.douyin.com/video/7632657376813836367,https://www.douyin.com/jingxuan/music,2026-05-09T20:37:47.962810
7632658471959385738,https://www.douyin.com/video/7632658471959385738,https://www.douyin.com/jingxuan/food,2026-05-09T20:37:47.962810
7632659438486179135,https://www.douyin.com/video/7632659438486179135,https://www.douyin.com/jingxuan/sports,2026-05-09T20:37:47.962810
7632660885387428197,https://www.douyin.com/video/7632660885387428197,https://www.douyin.com/jingxuan/car,2026-05-09T20:37:47.962810
7632665871290354980,https://www.douyin.com/video/7632665871290354980,https://www.douyin.com/jingxuan/fashion,2026-05-09T20:37:47.962810
7632692806074502427,https://www.douyin.com/video/7632692806074502427,https://www.douyin.com/jingxuan/music,2026-05-09T20:37:47.962810
7632793266919951679,https://www.douyin.com/video/7632793266919951679,https://www.douyin.com/jingxuan/game,2026-05-09T20:37:47.962810
7632968810333982949,https://www.douyin.com/video/7632968810333982949,https://www.douyin.com/jingxuan/game,2026-05-09T20:37:47.962810
7632977615300644136,https://www.douyin.com/video/7632977615300644136,https://www.douyin.com/jingxuan/car,2026-05-09T20:37:47.962810
7632989388535910833,https://www.douyin.com/video/7632989388535910833,https://www.douyin.com/discover,2026-05-09T20:37:47.962810
7632989388535910833,https://www.douyin.com/video/7632989388535910833,https://www.douyin.com/jingxuan,2026-05-09T20:37:47.962810
7632989388535910833,https://www.douyin.com/video/7632989388535910833,https://www.douyin.com/jingxuan/fashion,2026-05-09T20:37:47.962810
7632989388535910833,https://www.douyin.com/video/7632989388535910833,https://www.douyin.com/jingxuan/dance,2026-05-09T20:37:47.962810
7632989388535910833,https://www.douyin.com/video/7632989388535910833,https://www.douyin.com/jingxuan/technology,2026-05-09T20:37:47.962810
7633005726441563825,https://www.douyin.com/video/7633005726441563825,https://www.douyin.com/jingxuan/food,2026-05-09T20:37:47.962810
7633013817575836928,https://www.douyin.com/video/7633013817575836928,https://www.douyin.com/jingxuan/sports,2026-05-09T20:37:47.962810
7633069544172522779,https://www.douyin.com/video/7633069544172522779,https://www.douyin.com/jingxuan/sports,2026-05-09T20:37:47.962810
7633095396314806267,https://www.douyin.com/video/7633095396314806267,https://www.douyin.com/jingxuan/music,2026-05-09T20:37:47.962810
7633270739344297235,https://www.douyin.com/video/7633270739344297235,https://www.douyin.com/jingxuan/car,2026-05-09T20:37:47.962810
7633282885016898868,https://www.douyin.com/video/7633282885016898868,https://www.douyin.com/jingxuan,2026-05-09T20:37:47.962810
7633282885016898868,https://www.douyin.com/video/7633282885016898868,https://www.douyin.com/jingxuan/fashion,2026-05-09T20:37:47.962810
7633282885016898868,https://www.douyin.com/video/7633282885016898868,https://www.douyin.com/jingxuan/dance,2026-05-09T20:37:47.962810
7633282885016898868,https://www.douyin.com/video/7633282885016898868,https://www.douyin.com/jingxuan/technology,2026-05-09T20:37:47.962810
7633284745169945713,https://www.douyin.com/video/7633284745169945713,https://www.douyin.com/jingxuan/sports,2026-05-09T20:37:47.962810
7633306583715401000,https://www.douyin.com/video/7633306583715401000,https://www.douyin.com/jingxuan/fashion,2026-05-09T20:37:47.962810
7633306583715401000,https://www.douyin.com/video/7633306583715401000,https://www.douyin.com/jingxuan/dance,2026-05-09T20:37:47.962810
7633334157011143982,https://www.douyin.com/video/7633334157011143982,https://www.douyin.com/discover,2026-05-09T20:37:47.962810
7633334157011143982,https://www.douyin.com/video/7633334157011143982,https://www.douyin.com/jingxuan,2026-05-09T20:37:47.962810
7633334157011143982,https://www.douyin.com/video/7633334157011143982,https://www.douyin.com/jingxuan/fashion,2026-05-09T20:37:47.962810
7633334157011143982,https://www.douyin.com/video/7633334157011143982,https://www.douyin.com/jingxuan/dance,2026-05-09T20:37:47.962810
7633334157011143982,https://www.douyin.com/video/7633334157011143982,https://www.douyin.com/jingxuan/technology,2026-05-09T20:37:47.962810
7633361357991070985,https://www.douyin.com/video/7633361357991070985,https://www.douyin.com/jingxuan/food,2026-05-09T20:37:47.962810
7633367557563188389,https://www.douyin.com/video/7633367557563188389,https://www.douyin.com/jingxuan/food,2026-05-09T20:37:47.962810
7633370086778096931,https://www.douyin.com/video/7633370086778096931,https://www.douyin.com/jingxuan/car,2026-05-09T20:37:47.962810
7633372773095673142,https://www.douyin.com/video/7633372773095673142,https://www.douyin.com/jingxuan/technology,2026-05-09T20:37:47.962810
7633378654113910051,https://www.douyin.com/video/7633378654113910051,https://www.douyin.com/discover,2026-05-09T20:37:47.962810
7633378654113910051,https://www.douyin.com/video/7633378654113910051,https://www.douyin.com/jingxuan,2026-05-09T20:37:47.962810
7633378654113910051,https://www.douyin.com/video/7633378654113910051,https://www.douyin.com/jingxuan/fashion,2026-05-09T20:37:47.962810
7633378654113910051,https://www.douyin.com/video/7633378654113910051,https://www.douyin.com/jingxuan/dance,2026-05-09T20:37:47.962810
7633378654113910051,https://www.douyin.com/video/7633378654113910051,https://www.douyin.com/jingxuan/technology,2026-05-09T20:37:47.962810
7633386719668178210,https://www.douyin.com/video/7633386719668178210,https://www.douyin.com/jingxuan/music,2026-05-09T20:37:47.962810
7633391486759030016,https://www.douyin.com/video/7633391486759030016,https://www.douyin.com,2026-05-09T20:37:47.962810
7633391486759030016,https://www.douyin.com/video/7633391486759030016,https://www.douyin.com/jingxuan/dance,2026-05-09T20:37:47.962810
7633394322813029638,https://www.douyin.com/video/7633394322813029638,https://www.douyin.com/jingxuan/car,2026-05-09T20:37:47.962810
7633624049175760162,https://www.douyin.com/video/7633624049175760162,https://www.douyin.com/jingxuan/travel,2026-05-09T20:37:47.962810
7633651020912931305,https://www.douyin.com/video/7633651020912931305,https://www.douyin.com/jingxuan/game,2026-05-09T20:37:47.962810
7633651322524273947,https://www.douyin.com/video/7633651322524273947,https://www.douyin.com,2026-05-09T20:37:47.962810
7633651322524273947,https://www.douyin.com/video/7633651322524273947,https://www.douyin.com/discover,2026-05-09T20:37:47.962810
7633651322524273947,https://www.douyin.com/video/7633651322524273947,https://www.douyin.com/jingxuan/travel,2026-05-09T20:37:47.962810
7633668948039587318,https://www.douyin.com/video/7633668948039587318,https://www.douyin.com/jingxuan/sports,2026-05-09T20:37:47.962810
7633689936114737765,https://www.douyin.com/video/7633689936114737765,https://www.douyin.com/jingxuan/beauty,2026-05-09T20:37:47.962810
7633690782947462426,https://www.douyin.com/video/7633690782947462426,https://www.douyin.com,2026-05-09T20:37:47.962810
7633690782947462426,https://www.douyin.com/video/7633690782947462426,https://www.douyin.com/discover,2026-05-09T20:37:47.962810
7633690782947462426,https://www.douyin.com/video/7633690782947462426,https://www.douyin.com/jingxuan,2026-05-09T20:37:47.962810
7633690782947462426,https://www.douyin.com/video/7633690782947462426,https://www.douyin.com/jingxuan/fashion,2026-05-09T20:37:47.962810
7633690782947462426,https://www.douyin.com/video/7633690782947462426,https://www.douyin.com/jingxuan/dance,2026-05-09T20:37:47.962810
7633690782947462426,https://www.douyin.com/video/7633690782947462426,https://www.douyin.com/jingxuan/technology,2026-05-09T20:37:47.962810
7633724385903332618,https://www.douyin.com/video/7633724385903332618,https://www.douyin.com/discover,2026-05-09T20:37:47.962810
7633724385903332618,https://www.douyin.com/video/7633724385903332618,https://www.douyin.com/jingxuan,2026-05-09T20:37:47.962810
7633724385903332618,https://www.douyin.com/video/7633724385903332618,https://www.douyin.com/jingxuan/fashion,2026-05-09T20:37:47.962810
7633724385903332618,https://www.douyin.com/video/7633724385903332618,https://www.douyin.com/jingxuan/dance,2026-05-09T20:37:47.962810
7633724385903332618,https://www.douyin.com/video/7633724385903332618,https://www.douyin.com/jingxuan/technology,2026-05-09T20:37:47.962810
7633731455458357873,https://www.douyin.com/video/7633731455458357873,https://www.douyin.com,2026-05-09T20:37:47.962810
7633731455458357873,https://www.douyin.com/video/7633731455458357873,https://www.douyin.com/discover,2026-05-09T20:37:47.962810
7633731455458357873,https://www.douyin.com/video/7633731455458357873,https://www.douyin.com/jingxuan,2026-05-09T20:37:47.962810
7633731455458357873,https://www.douyin.com/video/7633731455458357873,https://www.douyin.com/jingxuan/fashion,2026-05-09T20:37:47.962810
7633731455458357873,https://www.douyin.com/video/7633731455458357873,https://www.douyin.com/jingxuan/dance,2026-05-09T20:37:47.962810
7633731455458357873,https://www.douyin.com/video/7633731455458357873,https://www.douyin.com/jingxuan/technology,2026-05-09T20:37:47.962810
7633742019151662351,https://www.douyin.com/video/7633742019151662351,https://www.douyin.com/jingxuan/car,2026-05-09T20:37:47.962810
7633751993428823337,https://www.douyin.com/video/7633751993428823337,https://www.douyin.com/jingxuan/beauty,2026-05-09T20:37:47.962810
7633756655117423331,https://www.douyin.com/video/7633756655117423331,https://www.douyin.com/jingxuan/car,2026-05-09T20:37:47.962810
7633787812239658246,https://www.douyin.com/video/7633787812239658246,https://www.douyin.com/jingxuan/sports,2026-05-09T20:37:47.962810
7633787965944145894,https://www.douyin.com/video/7633787965944145894,https://www.douyin.com/jingxuan/beauty,2026-05-09T20:37:47.962810
7633924159383239787,https://www.douyin.com/video/7633924159383239787,https://www.douyin.com/jingxuan/sports,2026-05-09T20:37:47.962810
7633994418236302499,https://www.douyin.com/video/7633994418236302499,https://www.douyin.com/jingxuan/sports,2026-05-09T20:37:47.962810
7634035542182601128,https://www.douyin.com/video/7634035542182601128,https://www.douyin.com/jingxuan/car,2026-05-09T20:37:47.962810
7634063711166123307,https://www.douyin.com/video/7634063711166123307,https://www.douyin.com/jingxuan/car,2026-05-09T20:37:47.962810
7634088004906274086,https://www.douyin.com/video/7634088004906274086,https://www.douyin.com/jingxuan/game,2026-05-09T20:37:47.962810
7634102931431738664,https://www.douyin.com/video/7634102931431738664,https://www.douyin.com,2026-05-09T20:37:47.963808
7634102931431738664,https://www.douyin.com/video/7634102931431738664,https://www.douyin.com/jingxuan/dance,2026-05-09T20:37:47.963808
7634102931431738664,https://www.douyin.com/video/7634102931431738664,https://www.douyin.com/jingxuan/technology,2026-05-09T20:37:47.963808
7634113728984629625,https://www.douyin.com/video/7634113728984629625,https://www.douyin.com/jingxuan/car,2026-05-09T20:37:47.963808
7634117827783396627,https://www.douyin.com/video/7634117827783396627,https://www.douyin.com/jingxuan/sports,2026-05-09T20:37:47.963808
7634122884377562420,https://www.douyin.com/video/7634122884377562420,https://www.douyin.com/discover,2026-05-09T20:37:47.963808
7634122884377562420,https://www.douyin.com/video/7634122884377562420,https://www.douyin.com/jingxuan,2026-05-09T20:37:47.963808
7634122884377562420,https://www.douyin.com/video/7634122884377562420,https://www.douyin.com/jingxuan/fashion,2026-05-09T20:37:47.963808
7634122884377562420,https://www.douyin.com/video/7634122884377562420,https://www.douyin.com/jingxuan/technology,2026-05-09T20:37:47.963808
7634129399964595685,https://www.douyin.com/video/7634129399964595685,https://www.douyin.com/jingxuan/car,2026-05-09T20:37:47.963808
7634133922724482350,https://www.douyin.com/video/7634133922724482350,https://www.douyin.com/jingxuan/music,2026-05-09T20:37:47.963808
7634135180660660138,https://www.douyin.com/video/7634135180660660138,https://www.douyin.com/jingxuan/game,2026-05-09T20:37:47.963808
7634141722930607205,https://www.douyin.com/video/7634141722930607205,https://www.douyin.com/jingxuan/beauty,2026-05-09T20:37:47.963808
7634159346527636742,https://www.douyin.com/video/7634159346527636742,https://www.douyin.com,2026-05-09T20:37:47.963808
7634161559316598022,https://www.douyin.com/video/7634161559316598022,https://www.douyin.com,2026-05-09T20:37:47.963808
7634161559316598022,https://www.douyin.com/video/7634161559316598022,https://www.douyin.com/jingxuan/technology,2026-05-09T20:37:47.963808
7634163320001547530,https://www.douyin.com/video/7634163320001547530,https://www.douyin.com/jingxuan/beauty,2026-05-09T20:37:47.963808
7634170421180484906,https://www.douyin.com/video/7634170421180484906,https://www.douyin.com/jingxuan/travel,2026-05-09T20:37:47.963808
7634174786147818981,https://www.douyin.com/video/7634174786147818981,https://www.douyin.com/jingxuan/beauty,2026-05-09T20:37:47.963808
7634182974694526235,https://www.douyin.com/video/7634182974694526235,https://www.douyin.com/jingxuan/music,2026-05-09T20:37:47.963808
7634214377855421734,https://www.douyin.com/video/7634214377855421734,https://www.douyin.com/jingxuan/beauty,2026-05-09T20:37:47.963808
7634342440434044160,https://www.douyin.com/video/7634342440434044160,https://www.douyin.com/jingxuan/food,2026-05-09T20:37:47.963808
7634388980137577754,https://www.douyin.com/video/7634388980137577754,https://www.douyin.com/jingxuan/beauty,2026-05-09T20:37:47.963808
7634389404580171034,https://www.douyin.com/video/7634389404580171034,https://www.douyin.com/jingxuan/travel,2026-05-09T20:37:47.963808
7634461407131752614,https://www.douyin.com/video/7634461407131752614,https://www.douyin.com/jingxuan/food,2026-05-09T20:37:47.963808
7634481298606906874,https://www.douyin.com/video/7634481298606906874,https://www.douyin.com/jingxuan/food,2026-05-09T20:37:47.963808
7634488123950386466,https://www.douyin.com/video/7634488123950386466,https://www.douyin.com/jingxuan/dance,2026-05-09T20:37:47.963808
7634490656299257138,https://www.douyin.com/video/7634490656299257138,https://www.douyin.com,2026-05-09T20:37:47.963808
7634491065638161710,https://www.douyin.com/video/7634491065638161710,https://www.douyin.com/jingxuan/sports,2026-05-09T20:37:47.963808
7634491392026217791,https://www.douyin.com/video/7634491392026217791,https://www.douyin.com/jingxuan/car,2026-05-09T20:37:47.963808
7634492110997179700,https://www.douyin.com/video/7634492110997179700,https://www.douyin.com/discover,2026-05-09T20:37:47.963808
7634492110997179700,https://www.douyin.com/video/7634492110997179700,https://www.douyin.com/jingxuan,2026-05-09T20:37:47.963808
7634492295827475754,https://www.douyin.com/video/7634492295827475754,https://www.douyin.com/jingxuan/car,2026-05-09T20:37:47.963808
7634496418480229672,https://www.douyin.com/video/7634496418480229672,https://www.douyin.com/jingxuan/sports,2026-05-09T20:37:47.963808
7634499417710615787,https://www.douyin.com/video/7634499417710615787,https://www.douyin.com/jingxuan/food,2026-05-09T20:37:47.963808
7634529886744366387,https://www.douyin.com/video/7634529886744366387,https://www.douyin.com/jingxuan/technology,2026-05-09T20:37:47.963808
7634544639077546624,https://www.douyin.com/video/7634544639077546624,https://www.douyin.com/jingxuan/sports,2026-05-09T20:37:47.963808
7634565821875923577,https://www.douyin.com/video/7634565821875923577,https://www.douyin.com/jingxuan/car,2026-05-09T20:37:47.963808
7634706273698837065,https://www.douyin.com/video/7634706273698837065,https://www.douyin.com/jingxuan/car,2026-05-09T20:37:47.963808
7634737015163306163,https://www.douyin.com/video/7634737015163306163,https://www.douyin.com/jingxuan/sports,2026-05-09T20:37:47.963808
7634750812875823790,https://www.douyin.com/video/7634750812875823790,https://www.douyin.com/jingxuan/beauty,2026-05-09T20:37:47.963808
7634753774166347062,https://www.douyin.com/video/7634753774166347062,https://www.douyin.com/jingxuan/game,2026-05-09T20:37:47.963808
7634776093673633777,https://www.douyin.com/video/7634776093673633777,https://www.douyin.com/jingxuan/sports,2026-05-09T20:37:47.963808
7634778599074333029,https://www.douyin.com/video/7634778599074333029,https://www.douyin.com,2026-05-09T20:37:47.963808
7634780378276859514,https://www.douyin.com/video/7634780378276859514,https://www.douyin.com/jingxuan/music,2026-05-09T20:37:47.963808
7634803635516812721,https://www.douyin.com/video/7634803635516812721,https://www.douyin.com/jingxuan/music,2026-05-09T20:37:47.963808
7634805577616477483,https://www.douyin.com/video/7634805577616477483,https://www.douyin.com/jingxuan/game,2026-05-09T20:37:47.963808
7634830996147309833,https://www.douyin.com/video/7634830996147309833,https://www.douyin.com,2026-05-09T20:37:47.963808
7634845651667511642,https://www.douyin.com/video/7634845651667511642,https://www.douyin.com/jingxuan/game,2026-05-09T20:37:47.963808
7634851968585846059,https://www.douyin.com/video/7634851968585846059,https://www.douyin.com/jingxuan/game,2026-05-09T20:37:47.963808
7634855079858455281,https://www.douyin.com/video/7634855079858455281,https://www.douyin.com/jingxuan/sports,2026-05-09T20:37:47.963808
7634855220882771215,https://www.douyin.com/video/7634855220882771215,https://www.douyin.com/jingxuan/food,2026-05-09T20:37:47.963808
7634856822209269033,https://www.douyin.com/video/7634856822209269033,https://www.douyin.com/jingxuan/sports,2026-05-09T20:37:47.963808
7634864903781649699,https://www.douyin.com/video/7634864903781649699,https://www.douyin.com/discover,2026-05-09T20:37:47.963808
7634864903781649699,https://www.douyin.com/video/7634864903781649699,https://www.douyin.com/jingxuan,2026-05-09T20:37:47.963808
7634864903781649699,https://www.douyin.com/video/7634864903781649699,https://www.douyin.com/jingxuan/fashion,2026-05-09T20:37:47.963808
7634864903781649699,https://www.douyin.com/video/7634864903781649699,https://www.douyin.com/jingxuan/dance,2026-05-09T20:37:47.963808
7634864903781649699,https://www.douyin.com/video/7634864903781649699,https://www.douyin.com/jingxuan/technology,2026-05-09T20:37:47.963808
7634874274823163179,https://www.douyin.com/video/7634874274823163179,https://www.douyin.com/jingxuan/music,2026-05-09T20:37:47.963808
7634897624017220486,https://www.douyin.com/video/7634897624017220486,https://www.douyin.com/jingxuan/beauty,2026-05-09T20:37:47.963808
7634909818285585509,https://www.douyin.com/video/7634909818285585509,https://www.douyin.com/jingxuan/beauty,2026-05-09T20:37:47.963808
7634912385907608867,https://www.douyin.com/video/7634912385907608867,https://www.douyin.com/jingxuan/food,2026-05-09T20:37:47.963808
7634920416042309091,https://www.douyin.com/video/7634920416042309091,https://www.douyin.com/jingxuan/beauty,2026-05-09T20:37:47.963808
7634945338570280246,https://www.douyin.com/video/7634945338570280246,https://www.douyin.com/jingxuan/game,2026-05-09T20:37:47.963808
7634988770357562662,https://www.douyin.com/video/7634988770357562662,https://www.douyin.com/jingxuan/car,2026-05-09T20:37:47.963808
7634991290480950235,https://www.douyin.com/video/7634991290480950235,https://www.douyin.com/jingxuan/travel,2026-05-09T20:37:47.963808
7634992133334348411,https://www.douyin.com/video/7634992133334348411,https://www.douyin.com/jingxuan/travel,2026-05-09T20:37:47.963808
7635097254491251362,https://www.douyin.com/video/7635097254491251362,https://www.douyin.com/discover,2026-05-09T20:37:47.963808
7635097254491251362,https://www.douyin.com/video/7635097254491251362,https://www.douyin.com/jingxuan/dance,2026-05-09T20:37:47.963808
7635097327979465993,https://www.douyin.com/video/7635097327979465993,https://www.douyin.com/jingxuan/music,2026-05-09T20:37:47.963808
7635126952299003749,https://www.douyin.com/video/7635126952299003749,https://www.douyin.com/jingxuan/travel,2026-05-09T20:37:47.963808
7635127930120604947,https://www.douyin.com/video/7635127930120604947,https://www.douyin.com/jingxuan/game,2026-05-09T20:37:47.963808
7635141613714558214,https://www.douyin.com/video/7635141613714558214,https://www.douyin.com/jingxuan/travel,2026-05-09T20:37:47.963808
7635188302525500687,https://www.douyin.com/video/7635188302525500687,https://www.douyin.com,2026-05-09T20:37:47.963808
7635188302525500687,https://www.douyin.com/video/7635188302525500687,https://www.douyin.com/jingxuan/dance,2026-05-09T20:37:47.963808
7635204108156210442,https://www.douyin.com/video/7635204108156210442,https://www.douyin.com,2026-05-09T20:37:47.963808
7635204108156210442,https://www.douyin.com/video/7635204108156210442,https://www.douyin.com/discover,2026-05-09T20:37:47.963808
7635204108156210442,https://www.douyin.com/video/7635204108156210442,https://www.douyin.com/jingxuan,2026-05-09T20:37:47.963808
7635204108156210442,https://www.douyin.com/video/7635204108156210442,https://www.douyin.com/jingxuan/fashion,2026-05-09T20:37:47.963808
7635204108156210442,https://www.douyin.com/video/7635204108156210442,https://www.douyin.com/jingxuan/dance,2026-05-09T20:37:47.963808
7635204108156210442,https://www.douyin.com/video/7635204108156210442,https://www.douyin.com/jingxuan/technology,2026-05-09T20:37:47.963808
7635204366168837412,https://www.douyin.com/video/7635204366168837412,https://www.douyin.com,2026-05-09T20:37:47.963808
7635204366168837412,https://www.douyin.com/video/7635204366168837412,https://www.douyin.com/discover,2026-05-09T20:37:47.963808
7635204366168837412,https://www.douyin.com/video/7635204366168837412,https://www.douyin.com/jingxuan,2026-05-09T20:37:47.963808
7635204366168837412,https://www.douyin.com/video/7635204366168837412,https://www.douyin.com/jingxuan/technology,2026-05-09T20:37:47.963808
7635213837347622144,https://www.douyin.com/video/7635213837347622144,https://www.douyin.com/discover,2026-05-09T20:37:47.963808
7635213837347622144,https://www.douyin.com/video/7635213837347622144,https://www.douyin.com/jingxuan,2026-05-09T20:37:47.963808
7635213837347622144,https://www.douyin.com/video/7635213837347622144,https://www.douyin.com/jingxuan/fashion,2026-05-09T20:37:47.963808
7635213837347622144,https://www.douyin.com/video/7635213837347622144,https://www.douyin.com/jingxuan/dance,2026-05-09T20:37:47.963808
7635213837347622144,https://www.douyin.com/video/7635213837347622144,https://www.douyin.com/jingxuan/technology,2026-05-09T20:37:47.963808
7635215996604648755,https://www.douyin.com/video/7635215996604648755,https://www.douyin.com/jingxuan,2026-05-09T20:37:47.963808
7635215996604648755,https://www.douyin.com/video/7635215996604648755,https://www.douyin.com/jingxuan/fashion,2026-05-09T20:37:47.963808
7635215996604648755,https://www.douyin.com/video/7635215996604648755,https://www.douyin.com/jingxuan/technology,2026-05-09T20:37:47.963808
7635219871646747955,https://www.douyin.com/video/7635219871646747955,https://www.douyin.com/discover,2026-05-09T20:37:47.963808
7635219871646747955,https://www.douyin.com/video/7635219871646747955,https://www.douyin.com/jingxuan,2026-05-09T20:37:47.963808
7635219871646747955,https://www.douyin.com/video/7635219871646747955,https://www.douyin.com/jingxuan/fashion,2026-05-09T20:37:47.963808
7635219871646747955,https://www.douyin.com/video/7635219871646747955,https://www.douyin.com/jingxuan/dance,2026-05-09T20:37:47.963808
7635219871646747955,https://www.douyin.com/video/7635219871646747955,https://www.douyin.com/jingxuan/technology,2026-05-09T20:37:47.963808
7635228639860231460,https://www.douyin.com/video/7635228639860231460,https://www.douyin.com/jingxuan/game,2026-05-09T20:37:47.963808
7635242374318263571,https://www.douyin.com/video/7635242374318263571,https://www.douyin.com/discover,2026-05-09T20:37:47.963808
7635242374318263571,https://www.douyin.com/video/7635242374318263571,https://www.douyin.com/jingxuan,2026-05-09T20:37:47.963808
7635242374318263571,https://www.douyin.com/video/7635242374318263571,https://www.douyin.com/jingxuan/fashion,2026-05-09T20:37:47.963808
7635242374318263571,https://www.douyin.com/video/7635242374318263571,https://www.douyin.com/jingxuan/technology,2026-05-09T20:37:47.963808
7635253968957269602,https://www.douyin.com/video/7635253968957269602,https://www.douyin.com/jingxuan/sports,2026-05-09T20:37:47.963808
7635255197568126223,https://www.douyin.com/video/7635255197568126223,https://www.douyin.com/jingxuan/car,2026-05-09T20:37:47.963808
7635255868593851683,https://www.douyin.com/video/7635255868593851683,https://www.douyin.com,2026-05-09T20:37:47.963808
7635255868593851683,https://www.douyin.com/video/7635255868593851683,https://www.douyin.com/jingxuan/fashion,2026-05-09T20:37:47.963808
7635255868593851683,https://www.douyin.com/video/7635255868593851683,https://www.douyin.com/jingxuan/technology,2026-05-09T20:37:47.963808
7635310186973990194,https://www.douyin.com/video/7635310186973990194,https://www.douyin.com/jingxuan/game,2026-05-09T20:37:47.963808
7635310186973990194,https://www.douyin.com/video/7635310186973990194,https://www.douyin.com/jingxuan/technology,2026-05-09T20:37:47.963808
7635317298932337930,https://www.douyin.com/video/7635317298932337930,https://www.douyin.com/jingxuan/car,2026-05-09T20:37:47.963808
7635324978732322100,https://www.douyin.com/video/7635324978732322100,https://www.douyin.com/discover,2026-05-09T20:37:47.963808
7635363519998725426,https://www.douyin.com/video/7635363519998725426,https://www.douyin.com/jingxuan/food,2026-05-09T20:37:47.963808
7635375375861695653,https://www.douyin.com/video/7635375375861695653,https://www.douyin.com/jingxuan/sports,2026-05-09T20:37:47.963808
7635465624596139273,https://www.douyin.com/video/7635465624596139273,https://www.douyin.com/jingxuan/car,2026-05-09T20:37:47.963808
7635476610438761743,https://www.douyin.com/video/7635476610438761743,https://www.douyin.com/jingxuan/music,2026-05-09T20:37:47.963808
7635498904863116586,https://www.douyin.com/video/7635498904863116586,https://www.douyin.com/jingxuan/car,2026-05-09T20:37:47.963808
7635559663462911232,https://www.douyin.com/video/7635559663462911232,https://www.douyin.com/jingxuan/game,2026-05-09T20:37:47.963808
7635574968763288867,https://www.douyin.com/video/7635574968763288867,https://www.douyin.com/jingxuan,2026-05-09T20:37:47.963808
7635574968763288867,https://www.douyin.com/video/7635574968763288867,https://www.douyin.com/jingxuan/fashion,2026-05-09T20:37:47.963808
7635574968763288867,https://www.douyin.com/video/7635574968763288867,https://www.douyin.com/jingxuan/dance,2026-05-09T20:37:47.963808
7635580367341044474,https://www.douyin.com/video/7635580367341044474,https://www.douyin.com/jingxuan/car,2026-05-09T20:37:47.963808
7635600227700903202,https://www.douyin.com/video/7635600227700903202,https://www.douyin.com/jingxuan/game,2026-05-09T20:37:47.963808
7635601848551967611,https://www.douyin.com/video/7635601848551967611,https://www.douyin.com/jingxuan/beauty,2026-05-09T20:37:47.963808
7635619551515151282,https://www.douyin.com/video/7635619551515151282,https://www.douyin.com/jingxuan/car,2026-05-09T20:37:47.963808
7635636512691981614,https://www.douyin.com/video/7635636512691981614,https://www.douyin.com/jingxuan/sports,2026-05-09T20:37:47.963808
7635649721385717026,https://www.douyin.com/video/7635649721385717026,https://www.douyin.com/jingxuan/music,2026-05-09T20:37:47.963808
7635650566682021361,https://www.douyin.com/video/7635650566682021361,https://www.douyin.com/jingxuan/travel,2026-05-09T20:37:47.963808
7635697018815466798,https://www.douyin.com/video/7635697018815466798,https://www.douyin.com/discover,2026-05-09T20:37:47.963808
7635719278529389684,https://www.douyin.com/video/7635719278529389684,https://www.douyin.com/jingxuan/car,2026-05-09T20:37:47.963808
7635728691879759156,https://www.douyin.com/video/7635728691879759156,https://www.douyin.com/jingxuan/music,2026-05-09T20:37:47.963808
7635828823874899240,https://www.douyin.com/video/7635828823874899240,https://www.douyin.com,2026-05-09T20:37:47.963808
7635864521340390707,https://www.douyin.com/video/7635864521340390707,https://www.douyin.com/jingxuan/music,2026-05-09T20:37:47.963808
7635894462253818106,https://www.douyin.com/video/7635894462253818106,https://www.douyin.com/jingxuan/car,2026-05-09T20:37:47.963808
7635928848882621839,https://www.douyin.com/video/7635928848882621839,https://www.douyin.com/jingxuan/car,2026-05-09T20:37:47.963808
7635946918153047305,https://www.douyin.com/video/7635946918153047305,https://www.douyin.com/jingxuan/music,2026-05-09T20:37:47.963808
7636012146590227859,https://www.douyin.com/video/7636012146590227859,https://www.douyin.com/jingxuan/beauty,2026-05-09T20:37:47.963808
7636026330148146467,https://www.douyin.com/video/7636026330148146467,https://www.douyin.com,2026-05-09T20:37:47.963808
7636026330148146467,https://www.douyin.com/video/7636026330148146467,https://www.douyin.com/jingxuan,2026-05-09T20:37:47.963808
7636026330148146467,https://www.douyin.com/video/7636026330148146467,https://www.douyin.com/jingxuan/fashion,2026-05-09T20:37:47.963808
7636032417584778506,https://www.douyin.com/video/7636032417584778506,https://www.douyin.com/jingxuan/car,2026-05-09T20:37:47.963808
7636036900196732198,https://www.douyin.com/video/7636036900196732198,https://www.douyin.com,2026-05-09T20:37:47.963808
7636036900196732198,https://www.douyin.com/video/7636036900196732198,https://www.douyin.com/discover,2026-05-09T20:37:47.963808
7636036900196732198,https://www.douyin.com/video/7636036900196732198,https://www.douyin.com/jingxuan,2026-05-09T20:37:47.963808
7636036900196732198,https://www.douyin.com/video/7636036900196732198,https://www.douyin.com/jingxuan/fashion,2026-05-09T20:37:47.963808
7636036900196732198,https://www.douyin.com/video/7636036900196732198,https://www.douyin.com/jingxuan/dance,2026-05-09T20:37:47.963808
7636036900196732198,https://www.douyin.com/video/7636036900196732198,https://www.douyin.com/jingxuan/technology,2026-05-09T20:37:47.963808
7636058006152924559,https://www.douyin.com/video/7636058006152924559,https://www.douyin.com/jingxuan/beauty,2026-05-09T20:37:47.963808
7636228718280690998,https://www.douyin.com/video/7636228718280690998,https://www.douyin.com/jingxuan/sports,2026-05-09T20:37:47.963808
7636256163352333603,https://www.douyin.com/video/7636256163352333603,https://www.douyin.com,2026-05-09T20:37:47.963808
7636256163352333603,https://www.douyin.com/video/7636256163352333603,https://www.douyin.com/discover,2026-05-09T20:37:47.963808
7636256163352333603,https://www.douyin.com/video/7636256163352333603,https://www.douyin.com/jingxuan,2026-05-09T20:37:47.963808
7636256163352333603,https://www.douyin.com/video/7636256163352333603,https://www.douyin.com/jingxuan/game,2026-05-09T20:37:47.963808
7636256163352333603,https://www.douyin.com/video/7636256163352333603,https://www.douyin.com/jingxuan/dance,2026-05-09T20:37:47.963808
7636256163352333603,https://www.douyin.com/video/7636256163352333603,https://www.douyin.com/jingxuan/technology,2026-05-09T20:37:47.963808
7636276501096189199,https://www.douyin.com/video/7636276501096189199,https://www.douyin.com/jingxuan,2026-05-09T20:37:47.963808
7636276501096189199,https://www.douyin.com/video/7636276501096189199,https://www.douyin.com/jingxuan/fashion,2026-05-09T20:37:47.963808
7636276501096189199,https://www.douyin.com/video/7636276501096189199,https://www.douyin.com/jingxuan/dance,2026-05-09T20:37:47.963808
7636276501096189199,https://www.douyin.com/video/7636276501096189199,https://www.douyin.com/jingxuan/technology,2026-05-09T20:37:47.963808
7636287742653074728,https://www.douyin.com/video/7636287742653074728,https://www.douyin.com,2026-05-09T20:37:47.963808
7636287742653074728,https://www.douyin.com/video/7636287742653074728,https://www.douyin.com/discover,2026-05-09T20:37:47.963808
7636287742653074728,https://www.douyin.com/video/7636287742653074728,https://www.douyin.com/jingxuan/dance,2026-05-09T20:37:47.963808
7636319225271596209,https://www.douyin.com/video/7636319225271596209,https://www.douyin.com/jingxuan/game,2026-05-09T20:37:47.963808
7636320006732664114,https://www.douyin.com/video/7636320006732664114,https://www.douyin.com/jingxuan/car,2026-05-09T20:37:47.963808
7636331802096946486,https://www.douyin.com/video/7636331802096946486,https://www.douyin.com/discover,2026-05-09T20:37:47.963808
7636367021164219674,https://www.douyin.com/video/7636367021164219674,https://www.douyin.com,2026-05-09T20:37:47.963808
7636381723013532974,https://www.douyin.com/video/7636381723013532974,https://www.douyin.com/jingxuan/sports,2026-05-09T20:37:47.963808
7636391393275992494,https://www.douyin.com/video/7636391393275992494,https://www.douyin.com/jingxuan/travel,2026-05-09T20:37:47.963808
7636405353715108709,https://www.douyin.com/video/7636405353715108709,https://www.douyin.com/jingxuan/beauty,2026-05-09T20:37:47.963808
7636417402187615539,https://www.douyin.com/video/7636417402187615539,https://www.douyin.com/jingxuan/sports,2026-05-09T20:37:47.963808
7636549079967645928,https://www.douyin.com/video/7636549079967645928,https://www.douyin.com/jingxuan/sports,2026-05-09T20:37:47.963808
7636581952019025198,https://www.douyin.com/video/7636581952019025198,https://www.douyin.com/jingxuan/car,2026-05-09T20:37:47.963808
7636585219646433235,https://www.douyin.com/video/7636585219646433235,https://www.douyin.com/jingxuan/sports,2026-05-09T20:37:47.963808
7636641121401494458,https://www.douyin.com/video/7636641121401494458,https://www.douyin.com/discover,2026-05-09T20:37:47.963808
7636645305043258675,https://www.douyin.com/video/7636645305043258675,https://www.douyin.com,2026-05-09T20:37:47.963808
7636645305043258675,https://www.douyin.com/video/7636645305043258675,https://www.douyin.com/discover,2026-05-09T20:37:47.963808
7636645305043258675,https://www.douyin.com/video/7636645305043258675,https://www.douyin.com/jingxuan,2026-05-09T20:37:47.963808
7636645305043258675,https://www.douyin.com/video/7636645305043258675,https://www.douyin.com/jingxuan/fashion,2026-05-09T20:37:47.963808
7636645305043258675,https://www.douyin.com/video/7636645305043258675,https://www.douyin.com/jingxuan/dance,2026-05-09T20:37:47.963808
7636645305043258675,https://www.douyin.com/video/7636645305043258675,https://www.douyin.com/jingxuan/technology,2026-05-09T20:37:47.963808
7636660490675997961,https://www.douyin.com/video/7636660490675997961,https://www.douyin.com/jingxuan/music,2026-05-09T20:37:47.963808
7636688540012662068,https://www.douyin.com/video/7636688540012662068,https://www.douyin.com/jingxuan/music,2026-05-09T20:37:47.963808
7636709394462609012,https://www.douyin.com/video/7636709394462609012,https://www.douyin.com/jingxuan/travel,2026-05-09T20:37:47.963808
7636711816223034650,https://www.douyin.com/video/7636711816223034650,https://www.douyin.com/jingxuan/car,2026-05-09T20:37:47.963808
7636715503834389873,https://www.douyin.com/video/7636715503834389873,https://www.douyin.com/jingxuan,2026-05-09T20:37:47.963808
7636715503834389873,https://www.douyin.com/video/7636715503834389873,https://www.douyin.com/jingxuan/fashion,2026-05-09T20:37:47.963808
7636715503834389873,https://www.douyin.com/video/7636715503834389873,https://www.douyin.com/jingxuan/dance,2026-05-09T20:37:47.963808
7636717936794815778,https://www.douyin.com/video/7636717936794815778,https://www.douyin.com/jingxuan/sports,2026-05-09T20:37:47.963808
7636720223890841060,https://www.douyin.com/video/7636720223890841060,https://www.douyin.com,2026-05-09T20:37:47.963808
7636720223890841060,https://www.douyin.com/video/7636720223890841060,https://www.douyin.com/discover,2026-05-09T20:37:47.963808
7636720223890841060,https://www.douyin.com/video/7636720223890841060,https://www.douyin.com/jingxuan,2026-05-09T20:37:47.963808
7636722241148865802,https://www.douyin.com/video/7636722241148865802,https://www.douyin.com,2026-05-09T20:37:47.963808
7636722241148865802,https://www.douyin.com/video/7636722241148865802,https://www.douyin.com/discover,2026-05-09T20:37:47.963808
7636722241148865802,https://www.douyin.com/video/7636722241148865802,https://www.douyin.com/jingxuan,2026-05-09T20:37:47.963808
7636722241148865802,https://www.douyin.com/video/7636722241148865802,https://www.douyin.com/jingxuan/fashion,2026-05-09T20:37:47.963808
7636722241148865802,https://www.douyin.com/video/7636722241148865802,https://www.douyin.com/jingxuan/dance,2026-05-09T20:37:47.963808
7636722241148865802,https://www.douyin.com/video/7636722241148865802,https://www.douyin.com/jingxuan/technology,2026-05-09T20:37:47.963808
7636723862012562723,https://www.douyin.com/video/7636723862012562723,https://www.douyin.com/jingxuan/game,2026-05-09T20:37:47.963808
7636732390292282853,https://www.douyin.com/video/7636732390292282853,https://www.douyin.com/jingxuan/beauty,2026-05-09T20:37:47.963808
7636737482775727386,https://www.douyin.com/video/7636737482775727386,https://www.douyin.com/jingxuan/game,2026-05-09T20:37:47.963808
7636739888641912185,https://www.douyin.com/video/7636739888641912185,https://www.douyin.com/jingxuan/food,2026-05-09T20:37:47.963808
7636741110953479487,https://www.douyin.com/video/7636741110953479487,https://www.douyin.com/jingxuan/travel,2026-05-09T20:37:47.963808
7636741701159161103,https://www.douyin.com/video/7636741701159161103,https://www.douyin.com/jingxuan/food,2026-05-09T20:37:47.963808
7636752284415823167,https://www.douyin.com/video/7636752284415823167,https://www.douyin.com,2026-05-09T20:37:47.963808
7636752284415823167,https://www.douyin.com/video/7636752284415823167,https://www.douyin.com/jingxuan,2026-05-09T20:37:47.963808
7636752284415823167,https://www.douyin.com/video/7636752284415823167,https://www.douyin.com/jingxuan/fashion,2026-05-09T20:37:47.963808
7636752284415823167,https://www.douyin.com/video/7636752284415823167,https://www.douyin.com/jingxuan/dance,2026-05-09T20:37:47.963808
7636752284415823167,https://www.douyin.com/video/7636752284415823167,https://www.douyin.com/jingxuan/technology,2026-05-09T20:37:47.963808
7636758756928228517,https://www.douyin.com/video/7636758756928228517,https://www.douyin.com/jingxuan/beauty,2026-05-09T20:37:47.963808
7636768834870840586,https://www.douyin.com/video/7636768834870840586,https://www.douyin.com,2026-05-09T20:37:47.963808
7636768834870840586,https://www.douyin.com/video/7636768834870840586,https://www.douyin.com/discover,2026-05-09T20:37:47.963808
7636785929600469681,https://www.douyin.com/video/7636785929600469681,https://www.douyin.com/jingxuan/beauty,2026-05-09T20:37:47.963808
7636804052948487433,https://www.douyin.com/video/7636804052948487433,https://www.douyin.com/jingxuan/food,2026-05-09T20:37:47.963808
7636807084943658283,https://www.douyin.com/video/7636807084943658283,https://www.douyin.com,2026-05-09T20:37:47.963808
7636871210730523913,https://www.douyin.com/video/7636871210730523913,https://www.douyin.com/jingxuan/dance,2026-05-09T20:37:47.963808
7636898867191057679,https://www.douyin.com/video/7636898867191057679,https://www.douyin.com/jingxuan/sports,2026-05-09T20:37:47.963808
7636965047768952315,https://www.douyin.com/video/7636965047768952315,https://www.douyin.com/jingxuan/music,2026-05-09T20:37:47.963808
7636979656578698542,https://www.douyin.com/video/7636979656578698542,https://www.douyin.com/jingxuan/beauty,2026-05-09T20:37:47.963808
7636986189723904699,https://www.douyin.com/video/7636986189723904699,https://www.douyin.com/jingxuan/music,2026-05-09T20:37:47.963808
7636986418195156250,https://www.douyin.com/video/7636986418195156250,https://www.douyin.com/jingxuan/food,2026-05-09T20:37:47.963808
7637001191527927086,https://www.douyin.com/video/7637001191527927086,https://www.douyin.com,2026-05-09T20:37:47.963808
7637001191527927086,https://www.douyin.com/video/7637001191527927086,https://www.douyin.com/discover,2026-05-09T20:37:47.963808
7637001191527927086,https://www.douyin.com/video/7637001191527927086,https://www.douyin.com/jingxuan/dance,2026-05-09T20:37:47.963808
7637078175051625792,https://www.douyin.com/video/7637078175051625792,https://www.douyin.com/jingxuan/sports,2026-05-09T20:37:47.963808
7637081837868731686,https://www.douyin.com/video/7637081837868731686,https://www.douyin.com,2026-05-09T20:37:47.963808
7637081837868731686,https://www.douyin.com/video/7637081837868731686,https://www.douyin.com/discover,2026-05-09T20:37:47.963808
7637081837868731686,https://www.douyin.com/video/7637081837868731686,https://www.douyin.com/jingxuan,2026-05-09T20:37:47.963808
7637081837868731686,https://www.douyin.com/video/7637081837868731686,https://www.douyin.com/jingxuan/game,2026-05-09T20:37:47.963808
7637081837868731686,https://www.douyin.com/video/7637081837868731686,https://www.douyin.com/jingxuan/fashion,2026-05-09T20:37:47.963808
7637082495409802532,https://www.douyin.com/video/7637082495409802532,https://www.douyin.com/jingxuan/game,2026-05-09T20:37:47.963808
7637087639329509553,https://www.douyin.com/video/7637087639329509553,https://www.douyin.com/jingxuan/beauty,2026-05-09T20:37:47.963808
7637089140031046769,https://www.douyin.com/video/7637089140031046769,https://www.douyin.com/jingxuan/beauty,2026-05-09T20:37:47.963808
7637089694353722664,https://www.douyin.com/video/7637089694353722664,https://www.douyin.com/jingxuan/game,2026-05-09T20:37:47.963808
7637095601812835619,https://www.douyin.com/video/7637095601812835619,https://www.douyin.com/jingxuan/car,2026-05-09T20:37:47.963808
7637096344067808505,https://www.douyin.com/video/7637096344067808505,https://www.douyin.com/jingxuan/beauty,2026-05-09T20:37:47.963808
7637109709769608489,https://www.douyin.com/video/7637109709769608489,https://www.douyin.com/jingxuan/travel,2026-05-09T20:37:47.963808
7637115268946283786,https://www.douyin.com/video/7637115268946283786,https://www.douyin.com/jingxuan/dance,2026-05-09T20:37:47.964806
7637120952924392730,https://www.douyin.com/video/7637120952924392730,https://www.douyin.com/jingxuan/beauty,2026-05-09T20:37:47.964806
7637151690688433435,https://www.douyin.com/video/7637151690688433435,https://www.douyin.com/jingxuan/sports,2026-05-09T20:37:47.964806
7637242847650179493,https://www.douyin.com/video/7637242847650179493,https://www.douyin.com/jingxuan/sports,2026-05-09T20:37:47.964806
7637345348096199963,https://www.douyin.com/video/7637345348096199963,https://www.douyin.com/jingxuan/game,2026-05-09T20:37:47.964806
7637369410084261129,https://www.douyin.com/video/7637369410084261129,https://www.douyin.com/jingxuan/game,2026-05-09T20:37:47.964806
7637376570184898484,https://www.douyin.com/video/7637376570184898484,https://www.douyin.com,2026-05-09T20:37:47.964806
7637376570184898484,https://www.douyin.com/video/7637376570184898484,https://www.douyin.com/discover,2026-05-09T20:37:47.964806
7637376570184898484,https://www.douyin.com/video/7637376570184898484,https://www.douyin.com/jingxuan,2026-05-09T20:37:47.964806
7637376570184898484,https://www.douyin.com/video/7637376570184898484,https://www.douyin.com/jingxuan/fashion,2026-05-09T20:37:47.964806
7637376570184898484,https://www.douyin.com/video/7637376570184898484,https://www.douyin.com/jingxuan/dance,2026-05-09T20:37:47.964806
7637376570184898484,https://www.douyin.com/video/7637376570184898484,https://www.douyin.com/jingxuan/technology,2026-05-09T20:37:47.964806
7637415773555690790,https://www.douyin.com/video/7637415773555690790,https://www.douyin.com/jingxuan/food,2026-05-09T20:37:47.964806
7637429015845948687,https://www.douyin.com/video/7637429015845948687,https://www.douyin.com/jingxuan/car,2026-05-09T20:37:47.964806
7637450737785539866,https://www.douyin.com/video/7637450737785539866,https://www.douyin.com/jingxuan/game,2026-05-09T20:37:47.964806
7637452597808639737,https://www.douyin.com/video/7637452597808639737,https://www.douyin.com/jingxuan/food,2026-05-09T20:37:47.964806
7637456999952747786,https://www.douyin.com/video/7637456999952747786,https://www.douyin.com/jingxuan/sports,2026-05-09T20:37:47.964806
7637459677827500706,https://www.douyin.com/video/7637459677827500706,https://www.douyin.com/jingxuan/sports,2026-05-09T20:37:47.964806
7637465535743135002,https://www.douyin.com/video/7637465535743135002,https://www.douyin.com/jingxuan/car,2026-05-09T20:37:47.964806
7637467420172708265,https://www.douyin.com/video/7637467420172708265,https://www.douyin.com/jingxuan/game,2026-05-09T20:37:47.964806
7637473090775141695,https://www.douyin.com/video/7637473090775141695,https://www.douyin.com/jingxuan/music,2026-05-09T20:37:47.964806
7637474654617429349,https://www.douyin.com/video/7637474654617429349,https://www.douyin.com/jingxuan/beauty,2026-05-09T20:37:47.964806
7637498021567927675,https://www.douyin.com/video/7637498021567927675,https://www.douyin.com/jingxuan/beauty,2026-05-09T20:37:47.964806
7637499765048328550,https://www.douyin.com/video/7637499765048328550,https://www.douyin.com/jingxuan/food,2026-05-09T20:37:47.964806
7637503965524954402,https://www.douyin.com/video/7637503965524954402,https://www.douyin.com,2026-05-09T20:37:47.964806
7637503965524954402,https://www.douyin.com/video/7637503965524954402,https://www.douyin.com/discover,2026-05-09T20:37:47.964806
7637503965524954402,https://www.douyin.com/video/7637503965524954402,https://www.douyin.com/jingxuan,2026-05-09T20:37:47.964806
7637503965524954402,https://www.douyin.com/video/7637503965524954402,https://www.douyin.com/jingxuan/fashion,2026-05-09T20:37:47.964806
7637503965524954402,https://www.douyin.com/video/7637503965524954402,https://www.douyin.com/jingxuan/dance,2026-05-09T20:37:47.964806
7637503965524954402,https://www.douyin.com/video/7637503965524954402,https://www.douyin.com/jingxuan/technology,2026-05-09T20:37:47.964806
7637506062077283618,https://www.douyin.com/video/7637506062077283618,https://www.douyin.com/jingxuan/sports,2026-05-09T20:37:47.964806
7637517053162802478,https://www.douyin.com/video/7637517053162802478,https://www.douyin.com,2026-05-09T20:37:47.964806
7637517053162802478,https://www.douyin.com/video/7637517053162802478,https://www.douyin.com/discover,2026-05-09T20:37:47.964806
7637529950870293106,https://www.douyin.com/video/7637529950870293106,https://www.douyin.com/jingxuan/game,2026-05-09T20:37:47.964806
7637539996697660710,https://www.douyin.com/video/7637539996697660710,https://www.douyin.com/jingxuan/sports,2026-05-09T20:37:47.964806
7637654106449956130,https://www.douyin.com/video/7637654106449956130,https://www.douyin.com/jingxuan/travel,2026-05-09T20:37:47.964806
7637730678968208678,https://www.douyin.com/video/7637730678968208678,https://www.douyin.com,2026-05-09T20:37:47.964806
7637821551043300649,https://www.douyin.com/video/7637821551043300649,https://www.douyin.com,2026-05-09T20:37:47.964806
7637845496693869366,https://www.douyin.com/video/7637845496693869366,https://www.douyin.com,2026-05-09T20:37:47.964806
7637845496693869366,https://www.douyin.com/video/7637845496693869366,https://www.douyin.com/discover,2026-05-09T20:37:47.964806
7637845496693869366,https://www.douyin.com/video/7637845496693869366,https://www.douyin.com/jingxuan,2026-05-09T20:37:47.964806
7637845496693869366,https://www.douyin.com/video/7637845496693869366,https://www.douyin.com/jingxuan/fashion,2026-05-09T20:37:47.964806
7637845496693869366,https://www.douyin.com/video/7637845496693869366,https://www.douyin.com/jingxuan/dance,2026-05-09T20:37:47.964806
7637845496693869366,https://www.douyin.com/video/7637845496693869366,https://www.douyin.com/jingxuan/technology,2026-05-09T20:37:47.964806
7637859989154958132,https://www.douyin.com/video/7637859989154958132,https://www.douyin.com,2026-05-09T20:37:47.964806
7637859989154958132,https://www.douyin.com/video/7637859989154958132,https://www.douyin.com/discover,2026-05-09T20:37:47.964806
7637859989154958132,https://www.douyin.com/video/7637859989154958132,https://www.douyin.com/jingxuan,2026-05-09T20:37:47.964806
7637859989154958132,https://www.douyin.com/video/7637859989154958132,https://www.douyin.com/jingxuan/technology,2026-05-09T20:37:47.964806
7637864296131201827,https://www.douyin.com/video/7637864296131201827,https://www.douyin.com/jingxuan/fashion,2026-05-09T20:37:47.964806
7637864296131201827,https://www.douyin.com/video/7637864296131201827,https://www.douyin.com/jingxuan/dance,2026-05-09T20:37:47.964806
