video_id,comment_id,crawl_time,comment_text,comment_create_time,comment_digg_count,comment_status,comment_reply_total,reply_id,reply_to_reply_id,is_hot,is_author_digged,stick_position,label_text,label_type,comment_user_id,comment_user_sec_uid,comment_user_nickname,comment_user_unique_id,comment_user_avatar_url_list,comment_user_region,comment_cursor,comment_has_more,comment_total
7615063700684262707,7624268810127901481,2026-05-10T18:31:23.635802,听说第一次初代七神聚会温迪喝多了放了个大结果触发元素反应只剩下了钟离和温迪，钟离也因为结晶反应所以之后有了磨损[不失礼貌的微笑]，后来二代七神又聚了一次会，听说那次全员中毒，原因是当天是雷神掌的勺[不失礼貌的微笑],1775163422,2,1,0,0,0,False,False,0,,-1,3456462065252221,MS4wLjABAAAA7jlAmV6LGsrDh8xp6k0o8euplyeohhukLPPsBV923P4gc290fCFptbRJmkDT6ekY,筱风,xiaofeng3786,"[""https://p3-pc.douyinpic.com/aweme/100x100/aweme-avatar/tos-cn-i-0813_5fe950a4c62543df8ef7cb026b99769f.jpeg?from=2064092626""]",CN,5,True,192
7615063700684262707,7615628998273614592,2026-05-10T18:31:23.635802,钟离还在装傻，温迪还在藏[钱][钱]，其他神明演都不演[钱],1773151804,26,1,3,0,0,True,False,0,,-1,3689581874252311,MS4wLjABAAAAWFwzv9AIQJbpdd60Z7K2Q4RLcufx6t2iRptkwp_QxK15c2nnJqnTGyJqjXAwx11H,正常上班族,86171568486,"[""https://p3-pc.douyinpic.com/aweme/100x100/aweme-avatar/tos-cn-i-0813c001_oUAdttd6MgJ8M9fvApWAae7j3E8fPABQQtARBP.jpeg?from=2064092626""]",CN,5,True,192
7615063700684262707,7615391697321198388,2026-05-10T18:31:23.635802,璃月主线，带钟离去达达乌帕谷的时候钟离那几句语音就很能说明一些东西了：很久没有踏上过风的国土了，我的蒙德好友，每次来都会带上两瓶地道的蒲公英酒，不得不说，牧歌之城的蒲公英酒，确实比须弥的冷浸蛇酒好喝不少,1773096554,10,1,4,0,0,True,False,0,,-1,1049405789050755,MS4wLjABAAAAJ_fY7ehsuRMnrSIrM9Yn3zpD6HLvUKADnckecCm6fyOyyLgXF12_hbA6rQYeuyP5,六爻佬（学象学疯版）,95148644862,"[""https://p3-pc.douyinpic.com/aweme/100x100/aweme-avatar/tos-cn-i-0813c001_oUBiuNEAEaAFfEe7C27LjRftAwDUBEAI0AATqj.jpeg?from=2064092626""]",CN,5,True,192
7615063700684262707,7615116385597309711,2026-05-10T18:31:23.635802,为什么风神跟岩神活到最后。因为风土人情[微笑],1773032451,28,1,4,0,0,True,False,0,,-1,899877366668224,MS4wLjABAAAAwEyObB1rNx0o6ZyJqlN3QBcrdeoCIC26cwNWbIrLhb8,迷路的另一只耳机,42450717772,"[""https://p3-pc.douyinpic.com/aweme/100x100/aweme-avatar/tos-cn-i-0813c001_oAH8NI8QnfZXaCSQgDbfAyAAX8y0AkAANxG9Oj.jpeg?from=2064092626""]",CN,5,True,192
7615063700684262707,7621084033736950565,2026-05-10T18:31:23.635802,得了吧，虽然这两初代神关系挺好的，但是温迪模仿字迹签契约的时候，钟离是真的生气了，这都触犯自己契约之神的底线了，不过气是真气了，也没怎么样，换别人都食岩之罚了,1774421903,0,1,0,0,0,False,False,0,,-1,1412229711270733,MS4wLjABAAAA5uSRbedpXFsE4GAZa6LqG6CtkRQ-cI1t5W8MK_z5-yfZ0BlgX_pyn5THUjAFbiMX,凪曉,87082553825,"[""https://p3-pc.douyinpic.com/aweme/100x100/aweme-avatar/tos-cn-i-0813_oUgzCUoAi8HiTDAAZguEaFOAeAJwBAA3AfkIQN.jpeg?from=2064092626""]",CN,5,True,192
7615068716622974248,7618519124885324580,2026-05-10T18:31:51.277299,终于有人懂了 普洱最早就是宁洱 现在一群思茅的就说思茅是普洱,1773824716,35,1,3,0,0,True,False,0,,-1,356706762374365,MS4wLjABAAAA8dWuighENCqNNTNvBtJQqqTOeDh6ienLpBntmxGdik0,小改猫（更新版本中）,53837194636,"[""https://p3-pc.douyinpic.com/aweme/100x100/aweme-avatar/tos-cn-avt-0015_de07a372b06b52c094a8a3c1eb6db355.jpeg?from=2064092626""]",CN,5,True,350
7615068716622974248,7617730701769032507,2026-05-10T18:31:51.277299,普洱好像去年火起来了，我是湖南人考这边来的，23年来这边通动车也才两年，很安逸的地方，太安逸了，天气好人少，工作闲暇时间多，从领导到同事都喜欢喝下午茶，没事出去坐坐，太好呆了，这才是人活着的感觉,1773641144,5,1,0,0,0,True,False,0,,-1,105171812407,MS4wLjABAAAAD1si3NLGvv3XyF_tKuysKk2OaEr-JClHC2iGTm-elwk,落日晚风,jinjideduant,"[""https://p3-pc.douyinpic.com/aweme/100x100/aweme-avatar/tos-cn-avt-0015_eaec0740d58a4f7f3c4d3cd1152bb438.jpeg?from=2064092626""]",CN,5,True,350
7615068716622974248,7615220794969178929,2026-05-10T18:31:51.277299,拍得不错。市级行政部门在建国时是宁洱专区，没多久更名为普洱专区，驻普洱县（现宁洱），后来根据发展需要，市级行政部门迁到了思茅县（现思茅）。所以“普洱”不是一个县的，是市级的[泣不成声],1773056761,15,1,1,0,0,True,True,0,,-1,79805894032,MS4wLjABAAAAkvxvTNowBO9oByXEiRftue0KMK0lxXtULRrCRlecX0M,逵,,"[""https://p3-pc.douyinpic.com/aweme/100x100/aweme-avatar/mosaic-legacy_dbb70013c3cebe0ac192.jpeg?from=2064092626""]",CN,5,True,350
7615068716622974248,7619946683598881551,2026-05-10T18:31:51.277299,针对评论里很多人说版纳过去属于普洱管辖，对也不完全对。我外省人都简单了解过点云南历史，要这么说云南都属于大理，版纳的勐泐也管到过普洱市中南部很多县，普洱清朝民国名义上管辖过勐泐，但实际上人家800多年的政权、清朝也是从三品，普洱实际上管不了，我来普洱两年多，普洱人其他方面还好，比较接近版纳本地人的淳朴，但对于历史不太尊重。比如嫌弃菜秧河土气，改成了太阳河，臭河改成香河，诸如此类。作为老历史学生，真不喜欢这种氛围，包括视频里的油呛还有各类舂菜来自于版纳，现在普洱也宣传是普洱原创菜，甚至连缅甸小吃都未能幸免。,1774157094,8,1,9,0,0,True,False,0,,-1,3052685610192967,MS4wLjABAAAABl9-SBQtRzsZdMSm1LxSEy1Ik2d_kOydHUwaTiGY8Cnro1c1Bb622dnTpTKa-oCY,桦树林的记忆,21242814547,"[""https://p3-pc.douyinpic.com/aweme/100x100/aweme-avatar/tos-cn-avt-0015_27c7beca9755be984c5ceef239888e0d.jpeg?from=2064092626""]",CN,5,True,350
7615068716622974248,7617064367327068987,2026-05-10T18:31:51.277299,说个热知识，其实昆明的日常消费在云南算中游[捂脸],1773486001,4,1,4,0,0,True,False,0,,-1,1921566556560868,MS4wLjABAAAAcsj2JjInJ--wssPTdmzm48LKqUXAO6g9RhrDQ1oUyjJv1yOGjYAxdTF4mx8hMh9D,小狗幼儿园保安队长李师傅,,"[""https://p3-pc.douyinpic.com/aweme/100x100/aweme-avatar/tos-cn-avt-0015_5f67426e9ba80aa1d507f41b967b043e.jpeg?from=2064092626""]",CN,5,True,350
7615075812320419411,7635819726824506175,2026-05-10T18:32:19.217931,弹吉他我从不低头看，一切都在心中，包括吉他本身。,1777852824,1,1,0,0,0,False,False,0,,-1,108151035142,MS4wLjABAAAAJ4uQd7J67Sck_b3MYqRb-GqUCWSclpL6IIcjVsaOl1M,通止规,,"[""https://p3-pc.douyinpic.com/aweme/100x100/aweme-avatar/tos-cn-i-0813_oEAhPzKwDIC2en09AkFAN09iiCfLmAAEEggQAp.jpeg?from=2064092626""]",CN,5,True,869
7615075812320419411,7622865484387484465,2026-05-10T18:32:19.217931,当年的香港乐团只有他们才是真正的原创[赞],1774836679,6,1,0,0,0,True,False,0,,-1,2361404317776844,MS4wLjABAAAAJvjQrNxyBPPnGUsW_llPKvvTPHkhP24zzHZ-zZ_Tk837r-i01KiRrUSr2KzDxNMq,000000丽丽,000000lili71,"[""https://p3-pc.douyinpic.com/aweme/100x100/aweme-avatar/tos-cn-avt-0015_73b91dfc1802996fca82cf24b0db54ca.jpeg?from=2064092626""]",CN,5,True,869
7615075812320419411,7637865541574820660,2026-05-10T18:32:19.217931,其实男人从来不是靠帅的，自信可改变未来，但又有多少人能做到呢,1778329205,0,1,0,0,0,False,False,0,,-1,4178618656232567,MS4wLjABAAAAhmm-LUYTatv6f34owr5Yr4bSrog0cLW393nneQLPzrNh4z_YQipa19e_7pt8dGw4,出口,30171046364,"[""https://p3-pc.douyinpic.com/aweme/100x100/aweme-avatar/mosaic-legacy_3795_3044413937.jpeg?from=2064092626""]",CN,5,True,869
7615075812320419411,7631028156942992168,2026-05-10T18:32:19.217931,加州旅馆的前奏、冷雨夜的间奏、灰色轨迹的尾奏，此乃乐界三大绝[看],1776737202,4,1,1,0,0,True,False,0,,-1,4287737332511288,MS4wLjABAAAA2YJgbJW1qsJ31nopSc3CDZOSMwu3oqfHJBFxGBBAzr5huIOIKm3pLqjh2ht_WzOj,连市精神病智障收容管理所（专车接送）所长,kuoshao20200110,"[""https://p3-pc.douyinpic.com/aweme/100x100/aweme-avatar/tos-cn-i-0813c001_oMUGAsfDNEf99LpACRx4Ct8U1CVA7EVAFAAVIg.jpeg?from=2064092626""]",CN,5,True,869
7615075812320419411,7618094138919682853,2026-05-10T18:32:19.217931,这是我最喜欢的间奏，冷雨夜。,1773725764,97,1,64,0,0,True,False,0,,-1,63338631930,MS4wLjABAAAAekTTCNnrhYYpHNTOzIPxzlJpabfrwhRzByspvhSK7fE,吴错唔错,,"[""https://p3-pc.douyinpic.com/aweme/100x100/aweme-avatar/tos-cn-i-0813c000-ce_oI53fsgEA97JAQeI2EFQA2CDgO8AAJ5Df9tBws.jpeg?from=2064092626""]",CN,5,True,869
7615137170907513573,7615369266657149748,2026-05-10T18:33:09.939102,调侃归调侃，这玩意是正儿八经流传下来的，博主这个还不算讲究的，之前我去的那个店专门有人一步一步教你怎么做，吃吃小甜点喝喝茶打打麻将，体验一下点茶，舒服惨了,1773091341,6182,1,41,0,0,True,False,0,,-1,2698655892791881,MS4wLjABAAAABVUa6Bf80PE2rzmP6lqdCV-DEUEL31S3mTWuOQarBiR2jnqs0QxMApSt2rbjpMh4,激情小子,58693114569,"[""https://p3-pc.douyinpic.com/aweme/100x100/aweme-avatar/tos-cn-avt-0015_c3dbba73cf56369a5a80c11b62ccbefc.jpeg?from=2064092626""]",CN,10,True,3895
7615137170907513573,7615218679646634815,2026-05-10T18:33:09.939102,点茶上面的国画才是精髓,1773056614,109,1,3,0,0,True,False,0,,-1,91573124533,MS4wLjABAAAAfazQOY_lbU6qfmogaZLy0fiztg48tODkv5_fDJAQjLo,吾冬,,"[""https://p3-pc.douyinpic.com/aweme/100x100/aweme-avatar/tos-cn-i-0813_oUYFWAC7Ik9CHrAH3fispQKxmYAVUDfE9AEgAA.jpeg?from=2064092626""]",CN,10,True,3895
7615137170907513573,7615716776852882176,2026-05-10T18:33:09.939102,唯一真神,1773172256,2095,1,30,0,0,True,False,0,,-1,1458409403851659,MS4wLjABAAAAeHOjEBa2Ud0z8IZ3KVTrqjFY92bMbUNUvUFeyYDx1uyiZIsO76K_szQXpnsBYREo,冷念,73801650106,"[""https://p3-pc.douyinpic.com/aweme/100x100/aweme-avatar/tos-cn-avt-0015_9b73e40f57658ca106b775a39b03a5d4.jpeg?from=2064092626""]",CN,10,True,3895
7615137170907513573,7615246955174937363,2026-05-10T18:33:09.939102,晴窗细乳戏分茶,1773062854,52,1,1,0,0,True,False,0,,-1,1303366768269644,MS4wLjABAAAAq4GHfZ_E84r3EIILEbDPQzo9VOuSRNCuntpb41zBSD8bdjqsNn-4aVJ_uZU5MgDC,平安喜乐,34254872122,"[""https://p3-pc.douyinpic.com/aweme/100x100/aweme-avatar/tos-cn-i-0813c001_oACVDEqIBcrNMChDgiftAWAAriNSA0AAJzWeYp.jpeg?from=2064092626""]",CN,10,True,3895
7615137170907513573,7620118592926876473,2026-05-10T18:33:09.939102,其实这就是宋代点茶的变形[笑哭],1774197119,5,1,1,0,0,True,False,0,,-1,9236983330718,MS4wLjABAAAA0iknqe_4y4zKcbfMoyVC6izQL33w5N6KxgNGmlRLkyo,🏳️‍🌈乐天姐姐🏳️‍🌈,97350981626,"[""https://p3-pc.douyinpic.com/aweme/100x100/aweme-avatar/tos-cn-avt-0015_aad0016904b4d0be31873f4ec311becf.jpeg?from=2064092626""]",CN,10,True,3895
7615145194161294632,7616758583435412264,2026-05-10T18:33:47.989758,哈哈哈哈哥感觉你声音很适合去说相声[求抱抱],1773414807,606,1,3,0,0,True,False,0,,-1,2261073931275599,MS4wLjABAAAADcBFB1XZSn9qAu0ujkgyGVbwTtlqTzPlyWLX_tCb9cibxrAMzQUI7-IWQDS5ID5-,小小小新,86063310941,"[""https://p3-pc.douyinpic.com/aweme/100x100/aweme-avatar/tos-cn-i-0813c001_oMaALoAFzezCACCA9kb59qgAnDIIbAunQDUfnB.jpeg?from=2064092626""]",CN,5,True,3562
7615145194161294632,7616742976802456347,2026-05-10T18:33:47.989758,我真的，在锅里到处蠕动[泣不成声]我真不行，你不会觉得虫子在你的肚子里蠕动，撞击你的胃吗[泣不成声],1773411171,5408,1,84,0,0,True,False,0,,-1,93483522724,MS4wLjABAAAALpL0YTzDZRnJkVSC8muV9ShK131IzgYkDoCeqdZMV9o,浅诺,,"[""https://p3-pc.douyinpic.com/aweme/100x100/aweme-avatar/tos-cn-avt-0015_0be3a3b46b69a0ef969a5b88252e2457.jpeg?from=2064092626""]",CN,5,True,3562
7615145194161294632,7616724573224436529,2026-05-10T18:33:47.989758,远方传来一阵啊k库利猴呀呼本[憨笑][憨笑],1773406886,1367,1,28,0,0,True,False,0,,-1,105344056126,MS4wLjABAAAAioh9PqVUDURER6EclkIMPVAuWv0MfZuqMuZvsvtZk_M,好人一百零八个亿,46381708289,"[""https://p3-pc.douyinpic.com/aweme/100x100/aweme-avatar/tos-cn-i-0813c001_osEI6ivDaBTIWXRENkKgAcPwAAA7HzbZaoAiB.jpeg?from=2064092626""]",CN,5,True,3562
7615145194161294632,7616778385670931249,2026-05-10T18:33:47.989758,哥全程这样看完的,1773419417,955,1,16,0,0,True,False,0,,-1,4354522907416494,MS4wLjABAAAAQw_rODfevH8B_kiDyPoOZl7As9cFZ3qlNDwv-payTYHHDZDbSguuaD2HFWLjtp-L,用户2413670250317,85273597292,"[""https://p3-pc.douyinpic.com/aweme/100x100/aweme-avatar/aweme_default_avatar.png.jpeg?from=2064092626""]",CN,5,True,3562
7615145194161294632,7616715597401998089,2026-05-10T18:33:47.989758,你这个至少看着还能吃，金黄金黄的像那么回事，之前在柬埔寨，街边的油炸蝎子和蜘蛛，全是黑的，不知道是第一次炸就是黑的还是炸了很多遍[捂脸]不敢吃，最后吃了炒粉，结果一样拉肚子[笑哭],1773404797,19,1,1,0,0,True,False,0,,-1,4341334303834446,MS4wLjABAAAAqIsJLJY6k-6zwfz-nXdLs_upb7qDvoGAUiq6IFo-E4wR8Z8cv9E5xGngsU5_fsm0,Coн,83382104023,"[""https://p3-pc.douyinpic.com/aweme/100x100/aweme-avatar/tos-cn-i-0813c001_oEcxEkACEEfoGQABf8NBnDTETIDXaBAfAAYFC7.jpeg?from=2064092626""]",CN,5,True,3562
7615160400543693914,7615269338656277291,2026-05-10T18:34:43.334594,天啊，记得当时你在留学的时候老爱吃那个蛋黄酱 然后你当时还自制剥鸡蛋都剥烂，你就说以后男朋友一定要会剥鸡蛋,1773068063,26998,1,27,0,0,True,False,0,,-1,77176145304,MS4wLjABAAAAB_O6ZZplTsE1iNFrfu1h1byY79fuPotOiRB7FQpfjNs,kio,,"[""https://p3-pc.douyinpic.com/aweme/100x100/aweme-avatar/tos-cn-avt-0015_b7dca956e9fd562d83eb6d4e6b16825e.jpeg?from=2064092626""]",CN,10,True,1235
7615160400543693914,7615446349412909882,2026-05-10T18:34:43.334594,你的愿望实现了茜茜[流泪],1773109278,179,1,0,0,0,True,False,0,,-1,93085390211,MS4wLjABAAAAByvsaVLOLoiOXcPekQE_U70zvLqFt4F5fTzcw8Wqj_4,玉米也偷,,"[""https://p3-pc.douyinpic.com/aweme/100x100/aweme-avatar/tos-cn-i-0813c000-ce_oYFR7AMewcT83A8BEKNzQfvQA4OWhBTwJAgAe6.jpeg?from=2064092626""]",CN,10,True,1235
7615160400543693914,7615199075864920881,2026-05-10T18:34:43.334594,马克定食安排[坏笑],1773051705,2131,1,8,0,0,True,False,0,,-1,86543852384,MS4wLjABAAAAhZfBS7rJ1zQzE-kJA3AmAmaUmzmfZpn39WR6jLYNlOU,+💜,,"[""https://p3-pc.douyinpic.com/aweme/100x100/aweme-avatar/tos-cn-avt-0015_ef2682f3860c81438b87e189dc6717d1.jpeg?from=2064092626""]",CN,10,True,1235
7615160400543693914,7615219746434990897,2026-05-10T18:34:43.334594,不是，20倍辣有人可以说说和国内的什么零食差不多嘛？我好像以后去的话尝尝[暗中观察],1773056517,837,1,12,0,0,True,False,0,,-1,99646490975,MS4wLjABAAAAVSXGzLkNqaJV_zzm8uIsv0cnKXRAgnJJXVugzNPEbZg,五婚读懂人生,dy8agdjvwpn0,"[""https://p3-pc.douyinpic.com/aweme/100x100/aweme-avatar/tos-cn-i-0813c000-ce_oYlxs0FDilNNAi8CmAnEAwEt30A2CkB0AImfeM.jpeg?from=2064092626""]",CN,10,True,1235
7615160400543693914,7615195047453655865,2026-05-10T18:34:43.334594,好宠溺的表情[调皮][调皮][调皮],1773050767,54,1,1,0,0,True,False,0,,-1,78479465241,MS4wLjABAAAAyUxQfNHCHp5LukeM-nIR-w4G8WsByVI0-cfoWAqrlAA,丿卡洛伈(萌伈),,"[""https://p3-pc.douyinpic.com/aweme/100x100/aweme-avatar/tos-cn-avt-0015_858e33b6af012cb0c2ae131db1474883.jpeg?from=2064092626""]",CN,10,True,1235
7615161291074565210,7615707953274962725,2026-05-10T18:35:03.295714,哦，对！ 就这么改，我的25款揽胜就保值了,1773170197,5,1,1,0,0,True,False,0,,-1,3812760694829470,MS4wLjABAAAA7F_qvYV64aRTHplsWLSb3L0-ePsMPzjVgp38_O5x5OhgOk6fFLWMJi7ykJkvBQb1,圆66⭐️,biegaowo8647,"[""https://p3-pc.douyinpic.com/aweme/100x100/aweme-avatar/tos-cn-i-0813_oIAMORIJzIB2wKO2ATfACqexPCN9yAAEhEgmAp.jpeg?from=2064092626""]",CN,5,True,302
7615161291074565210,7638180063801000753,2026-05-10T18:35:03.295714,你想多了，揽胜的更换周期10年以上。揽胜是每5年一小改款，每10年一大改款。,1778402383,0,1,0,0,0,False,False,0,,-1,3315765226254152,MS4wLjABAAAA03aTjISQSjFAUtXuKzrjv2LqCF4Dsk5yH4a1cXeqbDVii4BWtepbEQ4UNut_rRoN,王chris/,W73428888,"[""https://p3-pc.douyinpic.com/aweme/100x100/aweme-avatar/tos-cn-i-0813c000-ce_ocIAfpgATEzAIw9NyUQAGFEEvODGW3A9cfGP8e.jpeg?from=2064092626""]",CN,5,True,302
7615161291074565210,7615291163512587042,2026-05-10T18:35:03.295714,"百年大路虎 毁于发现五
经典大揽胜 毁于27款",1773073151,73,1,7,0,0,True,False,0,,-1,4476832853537581,MS4wLjABAAAAlFKfd6s2mm8LJiXCCW3snTALk9XnBCtOLF0lAHTgRmZhJ9niTRkzcnxy85gO4VDi,成都杜哥,dy801q59vdbf,"[""https://p3-pc.douyinpic.com/aweme/100x100/aweme-avatar/tos-cn-i-0813_owAW9gB3pECAAAA2ACFivAOiIEBA08AgfgfC7w.jpeg?from=2064092626""]",CN,5,True,302
7615161291074565210,7622754718885118778,2026-05-10T18:35:03.295714,如果真是这万贯的话，销量大幅度下降。国产仰望U8，那可是新牌面标杆了。,1774810902,0,1,0,0,0,True,False,0,,-1,3103299700011801,MS4wLjABAAAAjjf9bnhyRgSRm5myFwd4TNwioUjNO9CTZ4fEQgGlHnBnjFmx9qBQ3id_imUWMwGz,V8,YK9555968886,"[""https://p3-pc.douyinpic.com/aweme/100x100/aweme-avatar/tos-cn-i-0813c000-ce_o4Bv6cA0LHBIPMqZuAC3viL2wANYXiEaAdtAs.jpeg?from=2064092626""]",CN,5,True,302
7615161291074565210,7637329142850454331,2026-05-10T18:35:03.295714,要是出了这个鬼样子就准备和宝马一起去了。,1778204263,0,1,0,0,0,False,False,0,,-1,92459402626,MS4wLjABAAAA7EdAewERrvoZxaBI0HVwIoFul6pWir1jKmvdI9hYwk4,混凝土，吴生,,"[""https://p3-pc.douyinpic.com/aweme/100x100/aweme-avatar/tos-cn-i-0813c001_e4d9910fe5d64a918031dc330d988e01.jpeg?from=2064092626""]",CN,5,True,302
7615164007443451151,7617337342621975345,2026-05-10T18:35:14.669513,你是说用一百多一斤的卤牛肉，冒充十几块的花蛤海蛎子？[抠鼻],1773549558,3064,1,45,0,0,True,False,0,,-1,69246808200,MS4wLjABAAAAa5050DJXiVv51Pf-fLuLLtVhBB0bsPvxtacItMTOC_0,✨一叶知秋✨,,"[""https://p3-pc.douyinpic.com/aweme/100x100/aweme-avatar/tos-cn-i-0813_43b1f0a20af54e44923e4164fccc0283.jpeg?from=2064092626""]",CN,5,True,2953
7615164007443451151,7616378037228389169,2026-05-10T18:35:14.669513,黄磊的赛螃蟹，终于被证实了,1773326203,121,1,2,0,0,True,False,0,,-1,99047446599,MS4wLjABAAAAcYh3dRx_ObVE9ggQDkDorjULfQTNJGMDCx3Ha_gtj9E,大盼盼,xpp870820,"[""https://p3-pc.douyinpic.com/aweme/100x100/aweme-avatar/tos-cn-i-0813_oUzvg8nAAIkAeDg78NbC9Z0YvCBRDwAqADAf8E.jpeg?from=2064092626""]",CN,5,True,2953
7615164007443451151,7617444195994125093,2026-05-10T18:35:14.669513,等我，现在实验,1773574437,354,1,9,0,0,True,False,0,,-1,71234758244,MS4wLjABAAAAMcmPjD2_By6rjfj_O_WkBeOkLRcluZoT8ZALe7Q8sOY,晓宇GG,,"[""https://p3-pc.douyinpic.com/aweme/100x100/aweme-avatar/tos-cn-i-0813c000-ce_ocESARQPdLEAsBoAIRIGRTe8QAmGgpe0J8fz67.jpeg?from=2064092626""]",CN,5,True,2953
7615164007443451151,7617379707146879802,2026-05-10T18:35:14.669513,香蕉和冬枣  可遇不可求   史诗级秘方 希望大家尝试[杀马特],1773559421,61,1,11,0,0,True,False,0,,-1,72849347468,MS4wLjABAAAAMs_LYD58CPyagtg0b834mil-uPLxoAQtlyMF6Ocvi_s,吱吱吱,zhizhi_garcia,"[""https://p3-pc.douyinpic.com/aweme/100x100/aweme-avatar/tos-cn-avt-0015_7d9acab318cbc449b7df35041d90e911.jpeg?from=2064092626""]",CN,5,True,2953
7615164007443451151,7617701757028041521,2026-05-10T18:35:14.669513,42一斤的牛肉，加五块一斤的大葱加四块一斤的鸡蛋 ，去制作八块一斤的花甲[微笑][微笑][微笑][微笑],1773634405,1554,1,32,0,0,True,False,0,,-1,62748674381,MS4wLjABAAAAWhM6C_plblCS2DCt08LgjOWMDRzpk6U3dLzUwxEbu64,二等饼干,,"[""https://p3-pc.douyinpic.com/aweme/100x100/aweme-avatar/tos-cn-i-0813c001_oMpTMuUgEwK7Di4BAI4PpAwiAqadGuIujiPAA.jpeg?from=2064092626""]",CN,5,True,2953
7615184555657514267,7615274253953123081,2026-05-10T18:36:42.977955,这个娜诺真的有种邪性,1773069208,3979,1,4,0,0,True,False,0,,-1,69997839734,MS4wLjABAAAAZaXzUAXETC86CufJlmhX2G7ua0BE4he5Wo-ra_uajVw,一颗栗子哟💕,,"[""https://p3-pc.douyinpic.com/aweme/100x100/aweme-avatar/tos-cn-avt-0015_de118f80cdcc38a933fe6ba6302b43d6.jpeg?from=2064092626""]",CN,10,True,886
7615184555657514267,7615205294172701449,2026-05-10T18:36:42.977955,已经接受了这个是娜诺的设定，其他版本真的看不下去[泪奔],1773053152,19845,1,39,0,0,True,False,0,,-1,101826471948,MS4wLjABAAAAgKLkLPbQmWeBww1OUg9AkvpHUcmwCNhmIAn3X4GemWU,你的名字,,"[""https://p3-pc.douyinpic.com/aweme/100x100/aweme-avatar/tos-cn-i-0813c001_ogehoe2CD7GEgJyIe8LFPIAUCkAbQAILfOAM8A.jpeg?from=2064092626""]",CN,10,True,886
7615184555657514267,7615231532223660837,2026-05-10T18:36:42.977955,新的娜诺竟然没有齐刘海，没有感觉了[捂脸],1773059261,42,1,2,0,0,True,False,0,,-1,74421281471,MS4wLjABAAAAnfqOdEMLZFY6TsJnT5Xzdlq_uzsDslP-E3H6Ncyevmw,落伊小静,,"[""https://p3-pc.douyinpic.com/aweme/100x100/aweme-avatar/tos-cn-avt-0015_18c666e04dc1a6c397c3c017d6b7bd55.jpeg?from=2064092626""]",CN,10,True,886
7615184555657514267,7615244612467065659,2026-05-10T18:36:42.977955,新娜诺是个什么啊,1773062306,642,1,15,0,0,True,False,0,,-1,75005089524,MS4wLjABAAAAjC4S0XShkm_3F-l50d9yUk5ZfdT9W2LmVdhj5KnggmA,Fitoots,,"[""https://p3-pc.douyinpic.com/aweme/100x100/aweme-avatar/tos-cn-i-0813_ocChVthuE0OADV0CmmgzNAzet0AfAA1gAlYyIj.jpeg?from=2064092626""]",CN,10,True,886
7615184555657514267,7615252166361809698,2026-05-10T18:36:42.977955,要是尤里，这几个人早就挂了,1773064065,142,1,3,0,0,True,False,0,,-1,2779980165548212,MS4wLjABAAAASf6eJefPQ9QMa1H9Ovk68IFXuiTeLRJCSwlzt4dq7tZZ47wnr-dQgbStSDJ4lQEX,景宁🍄,jingning1196,"[""https://p3-pc.douyinpic.com/aweme/100x100/aweme-avatar/tos-cn-i-0813_98877ed615fb4f03ab31f831cf38d9f2.jpeg?from=2064092626""]",CN,10,True,886
7615203800814521663,7615602061317948195,2026-05-10T18:37:44.758324,强哥的电视比暗网货还齐[捂脸],1773145532,5008,1,30,0,0,True,False,0,,-1,1709107966641884,MS4wLjABAAAARHEyJ-Pn3A-skI6wvH4BWqvm7AXQjVVDqVS13NXWH_XGQ2rWo5BwTOm4qH81ibqQ,轩.,66910057856,"[""https://p3-pc.douyinpic.com/aweme/100x100/aweme-avatar/tos-cn-i-0813c001_o87Pz5KEgAaiAwBMOnC3dt3UjIAAjPviAAIaD.jpeg?from=2064092626""]",CN,5,True,1008
7615203800814521663,7615434619676541753,2026-05-10T18:37:44.758324,电视机才是王者，能隔空对话[看],1773106547,1104,1,10,0,0,True,False,0,,-1,101614715035,MS4wLjABAAAA-YdxfjUb09JTEwqHssuSOEnItk-Zf2qQzFoJ3UbNs_M,我见众生皆草木,20020912cyx,"[""https://p3-pc.douyinpic.com/aweme/100x100/aweme-avatar/tos-cn-i-0813_4062a6a9d7f84bf292ad4e04d8c402da.jpeg?from=2064092626""]",CN,5,True,1008
7615203800814521663,7626630387690783498,2026-05-10T18:37:44.758324,[微笑],1775713264,1,1,0,0,0,True,False,0,,-1,391840375771872,MS4wLjABAAAASz-db7099DzZV66cS7A9g9Qnl8F1OX7bFlLv8FejDVo,小孩,wsx594188,"[""https://p3-pc.douyinpic.com/aweme/100x100/aweme-avatar/tos-cn-i-0813c000-ce_o44A9iVBw2ACchSiPA0eEAAyE10GcfIvTwCDWn.jpeg?from=2064092626""]",CN,5,True,1008
7615203800814521663,7619674445820478265,2026-05-10T18:37:44.758324,我嘞个《给我擦皮鞋》[微笑][微笑][微笑][微笑][微笑][微笑],1774093707,58,1,5,0,0,True,False,0,,-1,3004338696618296,MS4wLjABAAAA1P174joXUnyqYXwyMk1jo9gTNeNvvBOo_hYCYKkDGqRc4fsmFcb1RQ5t6LYvuurn,尘斑驳,78248463957,"[""https://p3-pc.douyinpic.com/aweme/100x100/aweme-avatar/tos-cn-i-0813c000-ce_ooIAYpBAbEDAFw9CpCQAFFEEHYDZNrAwrfA8fe.jpeg?from=2064092626""]",CN,5,True,1008
7615203800814521663,7615472456819901211,2026-05-10T18:37:44.758324,钱包一直是个迷,1773115356,29,1,2,0,0,True,False,0,,-1,222569654916092,MS4wLjABAAAAQ_dZkHrEAB-4Yh6fS50kFGW2_OPvjfa9V05AeMbd708,鼠鼠出山（萤火突击）,73758711426,"[""https://p3-pc.douyinpic.com/aweme/100x100/aweme-avatar/tos-cn-i-0813_oUyAAeKDxIALcAEVKmyLiPAjvgiy2CBD0EAeAi.jpeg?from=2064092626""]",CN,5,True,1008
7615224909756681482,7637901802101474091,2026-05-10T18:39:04.768007,中国有没有这样事情,1778337595,0,1,0,0,0,False,False,0,,-1,2695629123367627,MS4wLjABAAAAJ6w86F13qQ4uPyTDEwVqrSOvyuB50XEyaE8SL0lbIPb93rzMkVvY8PdEcIMqRBb4,开德好铝门厂,kaidehaolvme,"[""https://p3-pc.douyinpic.com/aweme/100x100/aweme-avatar/tos-cn-avt-0015_ae21a1540ac65fde205125d904ffbada.jpeg?from=2064092626""]",CN,5,True,350
7615224909756681482,7620642285030851363,2026-05-10T18:39:04.768007,事实是根本不会有富家女 只有底层 加富家女只是不想告诉老美的人 不止你们这些底层被抓 有钱人也一样,1774319618,54,1,1,0,0,True,False,0,,-1,91566922375,MS4wLjABAAAACpvffiPPRxK80Vc1_Fm7du0aOnZoneU9zTXDcqPjNjM,PlsiumFishes,PlsiumFishes,"[""https://p3-pc.douyinpic.com/aweme/100x100/aweme-avatar/tos-cn-avt-0015_5cc06553a54c98458133a1e179e4c86e.jpeg?from=2064092626""]",CN,5,True,350
7615224909756681482,7617472410305217286,2026-05-10T18:39:04.768007,真实事件也逃出来了吗,1773581007,104,1,5,0,0,True,False,0,,-1,2542529435674907,MS4wLjABAAAAU_xgvgR7r3No-4qYnXWdL0EHZB677fJQkuX0zyGSzicyTUYp02CP32-FuvWHR6z4,🌸朵🫧,40797671344,"[""https://p3-pc.douyinpic.com/aweme/100x100/aweme-avatar/tos-cn-avt-0015_158b203e2e425039713b1a5eea5e41b7.jpeg?from=2064092626""]",CN,5,True,350
7615224909756681482,7624039443439698723,2026-05-10T18:39:04.768007,刀哥让她杀人的时候，直接一枪杀了刀哥不就行了？[尴尬流汗],1775110015,11,1,2,0,0,True,False,0,,-1,53372946968,MS4wLjABAAAAibFm516WC2oHLoODtG5zwdPMFoJVY0-YUpxxSsYe6Q0,愿以轻舟度余生,,"[""https://p3-pc.douyinpic.com/aweme/100x100/aweme-avatar/tos-cn-i-0813_oMNg6In4PBqAAAipiijEKx2GIPAZBgnc6SinA.jpeg?from=2064092626""]",CN,5,True,350
7615224909756681482,7621803716278190875,2026-05-10T18:39:04.768007,西八在外国干坏事时都说自己是中国人！,1774589466,26,1,2,0,0,True,False,0,,-1,104276255951,MS4wLjABAAAA-39mz7heyH1TsXiVftD-PNa65l-vyHbGwjONvM-p1Ik,🌈青丝ꦿ໊ོﻬ半绾,,"[""https://p3-pc.douyinpic.com/aweme/100x100/aweme-avatar/mosaic-legacy_f9a80010a308774b51c9.jpeg?from=2064092626""]",CN,5,True,350
7615235408997256454,7615947541439382331,2026-05-10T18:39:37.042144,平头哥的克星是狒狒,1773225969,230,1,28,0,0,True,False,0,,-1,2927316558945460,MS4wLjABAAAApO6Vst2Qdxjp7l5nhlADW0Cx2EEmrMQ78htXiGBevFB7iTeus1OKoJPRCsHvdRZV,Snow·,44399932196,"[""https://p3-pc.douyinpic.com/aweme/100x100/aweme-avatar/tos-cn-avt-0015_7c3763c8ce82c7e768dc886445fce356.jpeg?from=2064092626""]",CN,5,True,1631
7615235408997256454,7616526974232658725,2026-05-10T18:39:37.042144,[看]平头哥最精了   早上找黑曼巴微醺   中午找野狗拉伸   下午找大象踩背,1773360881,9215,1,385,0,0,True,False,0,,-1,104598536255,MS4wLjABAAAAuZWa23dKpN0kpIOepETXx14GCPAnYWrOPnUKhJDi26Q,🌈凌然,,"[""https://p3-pc.douyinpic.com/aweme/100x100/aweme-avatar/tos-cn-i-0813c001_o0aIdAAZyAAnnvJkCAfhgDzqAkAe7XAIEdtBDh.jpeg?from=2064092626""]",CN,5,True,1631
7615235408997256454,7621170835211010826,2026-05-10T18:39:37.042144,我刚刚看了一个 平头哥 被猴给干死了,1774442113,9,1,1,0,0,True,False,0,,-1,3083475067078846,MS4wLjABAAAAoo_UoJwEc8IIXy7QSGVUW_61GCtmlZ2vMYiudkpjDdSfYLjzkhABjyGDGIsE9x4w,W_W,94346391833,"[""https://p3-pc.douyinpic.com/aweme/100x100/aweme-avatar/tos-cn-i-0813_owwjafMnQXAZgYEPwAQEA9BABzvL87WeQemBAh.jpeg?from=2064092626""]",CN,5,True,1631
7615235408997256454,7616562042779026225,2026-05-10T18:39:37.042144,在洞口的平头哥：,1773369046,35,1,3,0,0,True,False,0,,-1,166773419675271,MS4wLjABAAAAF3x8Bq4ZdyS23Yfdeo9htPN3ZTCwPEV1L_p793vFWIg,谢楠煦,JOKERxie09090717,"[""https://p3-pc.douyinpic.com/aweme/100x100/aweme-avatar/tos-cn-i-0813c000-ce_oEA10u9cBIDaGlzjASiAnNeXjCfg0AEEiDwhA8.jpeg?from=2064092626""]",CN,5,True,1631
7615235408997256454,7618919740588868371,2026-05-10T18:39:37.042144,完了，爱上平头哥了，起因刷到平头哥被蛇咬[尬笑],1773917989,16,1,2,0,0,True,False,0,,-1,2972722070819549,MS4wLjABAAAAsJauSqaxucfNqCFYJWWJ-CD_xnw7OJ11KHrD7lILTwYVnBZgFBxNWqzI5E3BLiF4,彤彤酱,dy77ale08hjo,"[""https://p3-pc.douyinpic.com/aweme/100x100/aweme-avatar/tos-cn-avt-0015_cd9fa49d0abb96f0815ab1ef5c73598a.jpeg?from=2064092626""]",CN,5,True,1631
7615254789340859694,7620914065850565435,2026-05-10T18:40:11.873859,有他就是有面，就是爱你[比心],1774382341,1,1,0,0,0,True,False,0,,-1,61996496559,MS4wLjABAAAAQiaoM0Dcw5PyUIvKFCyOqG73t7m9FGpujQmBHZevh6U,帅的不明显。,,"[""https://p3-pc.douyinpic.com/aweme/100x100/aweme-avatar/tos-cn-i-0813_oAAAH9z4fARvBIKUAeBaACRA6EWEINANgzRi2h.jpeg?from=2064092626""]",CN,10,True,2203
7615254789340859694,7617722711528620841,2026-05-10T18:40:11.873859,同样的价格，看看林肯，捷豹，捷尼赛斯，歌剧院的ds9，他们的配置,1773639285,1,1,9,0,0,True,False,0,,-1,1753050148771808,MS4wLjABAAAAwmrG27VoNz1dkmUJjDi2leLcLGuldTOMlqms1vRpnQ2TmelEVWGuK_k7DUkrgaXK,秋秋唔好走,qz1902442623,"[""https://p3-pc.douyinpic.com/aweme/100x100/aweme-avatar/tos-cn-i-0813c001_oEHOAxfDNIzT9OnA3U4KAHr1fC0ATENAFAABQg.jpeg?from=2064092626""]",CN,10,True,2203
7615254789340859694,7634337876248920891,2026-05-10T18:40:11.873859,刚卖掉 20年12月份的 14.5W,1777507803,0,1,0,0,0,False,False,0,,-1,109957671064,MS4wLjABAAAAQf9Dove_0PNK1FoVNsgJrikw2aLZw8_Sa10GpMU8y1A,墓后煮屎,,"[""https://p3-pc.douyinpic.com/aweme/100x100/aweme-avatar/tos-cn-avt-0015_9a6014e43cdd13e9c4fb77f5e3e19d16.jpeg?from=2064092626""]",CN,10,True,2203
7615254789340859694,7617810555583365942,2026-05-10T18:40:11.873859,奔驰C，能静能动，静若处子，动如脱兔。,1773659736,10,1,12,0,0,True,False,0,,-1,95587878562,MS4wLjABAAAA2R7MdHgvlCpfwd7Swhccwg2U69Bo4pAIRAmJGYyQnpU,志在千里,,"[""https://p3-pc.douyinpic.com/aweme/100x100/aweme-avatar/mosaic-legacy_2ec27000141a0e768b47a.jpeg?from=2064092626""]",CN,10,True,2203
7615254789340859694,7617711324613837587,2026-05-10T18:40:11.873859,奔驰a才是买个标 奔驰c的底盘变速箱发动机都是奔驰家族的，,1773636634,23,1,4,0,0,True,False,0,,-1,3817121771958702,MS4wLjABAAAAaRMqgrKL4_nUFmvW36HFKa-9ir0LjRd4DZDzCfSjpEC59lAA6sJudctagOhZgTfn,阿振.,zz518888885,"[""https://p3-pc.douyinpic.com/aweme/100x100/aweme-avatar/tos-cn-avt-0015_12feb6ee2892ceb6ccdac606c62b7dc1.jpeg?from=2064092626""]",CN,10,True,2203
7615255608496786740,7623393185629127482,2026-05-10T18:40:24.927149,世界上最大的谜题，野兽先生的钱包,1774959544,0,1,2,0,0,True,False,0,,-1,589781885787563,MS4wLjABAAAA6VXhNQEBtLgg2ZKwDXNnzAG8eRmZxO04cncvdD-a1tM,一帆风顺。,32109793010,"[""https://p3-pc.douyinpic.com/aweme/100x100/aweme-avatar/tos-cn-i-0813_oYDKCTVeqEEBA5TAhzHgNJzHfitAACMAAIRQAd.jpeg?from=2064092626""]",CN,10,True,308
7615255608496786740,7637896421752259379,2026-05-10T18:40:24.927149,到奇srt战斧呢？所以他不是最快的,1778336340,0,1,0,0,0,False,False,0,,-1,78475708999,MS4wLjABAAAAI5dOIDMh-vmmfJC4m7noHRvBFqs9gV5n1w4f_qMqAUg,Y  Q,,"[""https://p3-pc.douyinpic.com/aweme/100x100/aweme-avatar/tos-cn-i-0813c001_ooFpCIjQDJeRZCKpgEfMAYAAcFl8ApAAZmC9KL.jpeg?from=2064092626""]",CN,10,True,308
7615255608496786740,7615576510443881226,2026-05-10T18:40:24.927149,500个野兽先生账号我都关注了。,1773139583,26,1,4,0,0,True,False,0,,-1,2300658695022567,MS4wLjABAAAAVu-0ZidJSEp_2PVl_bETJty_UYGD-F-yoeSi8EEnYFc5HqKzwYk_mLwS07JMBgzt,。？,31728443735,"[""https://p3-pc.douyinpic.com/aweme/100x100/aweme-avatar/tos-cn-i-0813_oc8tAAzE9NtfzFBiUgA1BIAcEA3pe5DQrAUAFC.jpeg?from=2064092626""]",CN,10,True,308
7615255608496786740,7633295635726385978,2026-05-10T18:40:24.927149,他的钱包一直是个迷[恐惧],1777265137,0,1,2,0,0,True,False,0,,-1,93050708483,MS4wLjABAAAAHb4vc_VNIpYn2N38mGF1ALRvaBx-AwAVSagv6ct1Qz0,叮当叮咚,,"[""https://p3-pc.douyinpic.com/aweme/100x100/aweme-avatar/mosaic-legacy_23f4a000212a78f550bb6.jpeg?from=2064092626""]",CN,10,True,308
7615255608496786740,7618172125304652601,2026-05-10T18:40:24.927149,野兽先生和成都先生能不能礼貌一点？,1773743922,0,1,1,0,0,True,False,0,,-1,1851228405907342,MS4wLjABAAAA3AdiYfJfp7PjygtR-e_vJi4huuYhb1hhv0Ey30j6klJ52ZmnxLS2jR9SZpoXnN4I,艾伦,dyb7okqpip1z,"[""https://p3-pc.douyinpic.com/aweme/100x100/aweme-avatar/mosaic-legacy_3792_5112637127.jpeg?from=2064092626""]",CN,10,True,308
7615257397350649097,7615436817077322506,2026-05-10T18:40:40.260728,荒岛求生有鱼叉鱼竿鱼线镁棒！算哪门子求生,1773107060,38,1,10,0,0,True,False,0,,-1,64264132362,MS4wLjABAAAAAa_GEY9hw5WNiKYC44nt6I5Opi9YvY3_kAmD0IFpG40,A陳先生,,"[""https://p3-pc.douyinpic.com/aweme/100x100/aweme-avatar/tos-cn-avt-0015_a029fe03f174859ed59aadf5484ebaf6.jpeg?from=2064092626""]",CN,5,True,192
7615257397350649097,7619261188237263622,2026-05-10T18:40:40.260728,沙蟹没食用价值，我们挖沙1米都要挖出来。,1773998024,2,1,1,0,0,True,False,0,,-1,108334070187,MS4wLjABAAAAvmB5RvdHMA_oJQOlyLmKgMrB0QbfsBY9AAyLyMq_IrQ,Tino,Tino85660,"[""https://p3-pc.douyinpic.com/aweme/100x100/aweme-avatar/tos-cn-i-0813c001_oAteF8E7GnLH79BUtAAUAIT9IbifTfBD2iQAbA.jpeg?from=2064092626""]",CN,5,True,192
7615257397350649097,7622163186817794858,2026-05-10T18:40:40.260728,这些人能找到这种岛屿，也是有点东西,1774673724,1,1,1,0,0,True,False,0,,-1,99625295138,MS4wLjABAAAAh7vxzw4535ON4xSMRHlD2YCSwkADPB6EmhMEMqb8rYE,陌北辰,,"[""https://p3-pc.douyinpic.com/aweme/100x100/aweme-avatar/tos-cn-i-0813c000-ce_oUIAbTaBrFfAZg7hotQAHFEJneD5F2AkBf0ZdQ.jpeg?from=2064092626""]",CN,5,True,192
7615257397350649097,7615783031454499638,2026-05-10T18:40:40.260728,这资源，给我去简直是度假,1773188968,8,1,0,0,0,True,True,0,,-1,61940247346,MS4wLjABAAAAHpq1H10kw8YOkV7IDCArN7aWKkMNwlIN342Al5_7hLg,T300,,"[""https://p3-pc.douyinpic.com/aweme/100x100/aweme-avatar/mosaic-legacy_241d00004e6633dd64203.jpeg?from=2064092626""]",CN,5,True,192
7615257397350649097,7622694600080540453,2026-05-10T18:40:40.260728,我们依然还是不懂得陪养丰富的荒野资源，以备战乱灾难后丰富的荒野资源可以缓冲饥荒!,1774796893,2,1,6,0,0,True,False,0,,-1,3584036701998072,MS4wLjABAAAAEanpYva7JZl6kKF2By-lrFwLgK0I3mm2rEjHMrAGZAkcBXvEBW33tUsumojl1qDZ,青椒呰,li87123089,"[""https://p3-pc.douyinpic.com/aweme/100x100/aweme-avatar/tos-cn-i-0813c000-ce_oQPlTeeGgIPm2pmDEYYCFePW5KaAeIGALAAjQA.jpeg?from=2064092626""]",CN,5,True,192
7615258478839467279,7615430288605332265,2026-05-10T18:40:51.075856,昨天杀的一队赛义德夹层给的栋楼经理室,1773105544,1,1,2,0,0,True,False,0,,-1,2696415393362350,MS4wLjABAAAAA6sP4kAufU36LHY8TDaRhbq67kMAYwA7jjEPnyFu98iT4HLN51c92Gu221k5X767,半壶沙,29139424474,"[""https://p3-pc.douyinpic.com/aweme/100x100/aweme-avatar/tos-cn-i-0813_o4pCA5itClayfAAGEckNeLyzghsACVAXisUEIA.jpeg?from=2064092626""]",CN,5,True,616
7615258478839467279,7615383250815157050,2026-05-10T18:40:51.075856,[猪头][猪头],1773094590,1,1,1,0,0,True,False,0,,-1,2916319919087796,MS4wLjABAAAAuKo-XvYSpc4L8jll79-eI2l45FZZR1M0xhQgC9ugeVjksH82EACgAuOdBPh8aZxx,oioi,23526423875,"[""https://p3-pc.douyinpic.com/aweme/100x100/aweme-avatar/tos-cn-avt-0015_a8bbfd4c11134cae069e7132d98351d1.jpeg?from=2064092626""]",CN,5,True,616
7615258478839467279,7615473045914354484,2026-05-10T18:40:51.075856,打老赛好啊，单三老赛有六套啊[看],1773115494,8,1,1,0,0,True,False,0,,-1,95874757376,MS4wLjABAAAA-_5Zoi05A5rnuHSkRQwqN9Z8N347O3gWrhy-Hl6vZLA,柒叔,,"[""https://p3-pc.douyinpic.com/aweme/100x100/aweme-avatar/mosaic-legacy_aa83000d8c8939fb2cc7.jpeg?from=2064092626""]",CN,5,True,616
7615258478839467279,7615556393660252928,2026-05-10T18:40:51.075856,赛伊德的夹层真肥啊，今天出了一个红色赤小宵跟黄金鳄鱼头[泪奔][泪奔][泪奔],1773134899,510,1,19,0,0,True,False,0,,-1,61552822348,MS4wLjABAAAACzncJdX8dqEvxBAZ8DOj62B8GBRCQWNqBc8bOV50HOM,你是真的很皮。,,"[""https://p3-pc.douyinpic.com/aweme/100x100/aweme-avatar/mosaic-legacy_216a006f75169f73f942.jpeg?from=2064092626""]",CN,5,True,616
7615258478839467279,7615352579653321530,2026-05-10T18:40:51.075856,受教了[感谢],1773087459,0,1,0,0,0,True,False,0,,-1,4095013262204311,MS4wLjABAAAAPoB0kvvWYH7WmVsKMqpsPcKC8pHCiK1h5KvZaNMQmqUMIRoIMtpEiJEnHVsqHwpL,嘴浩欠,45903377491,"[""https://p3-pc.douyinpic.com/aweme/100x100/aweme-avatar/tos-cn-i-0813c000-ce_oAEAAIsNdiBAvABAE0iB5ofJIAFTwFOSEeoA3e.jpeg?from=2064092626""]",CN,5,True,616
7615278292190514486,7625892020577714985,2026-05-10T18:41:09.074080,全剧就孙连城一个清官[赞],1775541351,56,1,9,0,0,True,False,0,,-1,64873032530,MS4wLjABAAAA7EU8WA0_8t3ep4oFFTPdNQfmEsDwSRyuvBuvuMtjG08,ETF,,"[""https://p3-pc.douyinpic.com/aweme/100x100/aweme-avatar/tos-cn-i-0813_ocfrA2lEqUEttAVpAxAI9qxFmfCD1SADADQCgB.jpeg?from=2064092626""]",CN,5,True,102
7615278292190514486,7629407220627063558,2026-05-10T18:41:09.074080,根据丁义诊出逃时间，轻而易举就会通过电信局查出打电话报信的人，为什么不呢？,1776360413,0,1,1,0,0,True,False,0,,-1,769297239779636,MS4wLjABAAAAMyUvggojQyLYEdU4NqrhRsZY1rVZDn5Osyt-TAvHoec,宅公,zhaigong6658,"[""https://p3-pc.douyinpic.com/aweme/100x100/aweme-avatar/tos-cn-i-0813c000-ce_ossAAfFYDwz9DvAQAo8EAmCnuEbFIecspS1OAD.jpeg?from=2064092626""]",CN,5,True,102
7615278292190514486,7626821950614291227,2026-05-10T18:41:09.074080,这里捉丁义珍，简直跟政治迫害一样。没有手续，没有流程，还没有证据。就听到老同学（侯亮平）一句话，就去捉人。是个人，都会害怕被政治迫害。不管有没有问题，只要捉了，清白人，都能给办成铁案，在政治斗争里面，这都是常规操作。,1775758785,11,1,2,0,0,True,False,0,,-1,105485692753,MS4wLjABAAAA9OqDR15Cnl-3Nr1-mAbk4zWbLTKYgpMe0wDJdgnX6t4,万道一,,"[""https://p3-pc.douyinpic.com/aweme/100x100/aweme-avatar/mosaic-legacy_dbbc00170c55d891e187.jpeg?from=2064092626""]",CN,5,True,102
7615278292190514486,7634353912581604145,2026-05-10T18:41:09.074080,这群领导就是想让丁义珍出去先[捂脸]。这个时候抓住，这个剧，可以剧终了[捂脸]。,1777511537,1,1,0,0,0,False,False,0,,-1,3046080631799943,MS4wLjABAAAAYwsuY5qi9WGZ_f1QqnqoVpw3ubQ4ErwSCaFiftA8s1xT52pJhV93mS-5YIPnoiI4,love-z,49101639831,"[""https://p3-pc.douyinpic.com/aweme/100x100/aweme-avatar/tos-cn-avt-0015_0713f757f6874eed807d182375d4d5e1.jpeg?from=2064092626""]",CN,5,True,102
7615278292190514486,7615281112663163711,2026-05-10T18:41:09.074080,第一？,1773070806,0,1,1,0,0,True,False,0,,-1,62498307625,MS4wLjABAAAAwN2MZyHXNg-g-bIN27mjHu3HBuX-8wy7svM7jYs_rWw,🌈睡个好觉,,"[""https://p3-pc.douyinpic.com/aweme/100x100/aweme-avatar/tos-cn-i-0813_o0CO0AfFC7IAoYeDA2gqEtiiZ1A5A0aWBpATCs.jpeg?from=2064092626""]",CN,5,True,102
7615282499777727782,7615655662749008677,2026-05-10T18:41:19.778036,确认了，天庭要完，这帮神仙是瞎子[杀马特][杀马特][杀马特],1773158014,30,1,0,0,0,True,False,0,,-1,63395200307,MS4wLjABAAAAiEnUiosXAFwoPtawV0q8xDfcD0E-GAjxyzcd87vvuUU,丆丆,,"[""https://p3-pc.douyinpic.com/aweme/100x100/aweme-avatar/tos-cn-i-0813_ooSgMuI0HiBgoBITBrAaI55mEziAWMdAAZAvP.jpeg?from=2064092626""]",CN,5,True,632
7615282499777727782,7623681473266467584,2026-05-10T18:41:19.778036,所以男主有什么用？来天庭一趟屁都没拿到，废物，金丹可以装在瓶子里拿走，真是蠢的不得了，废物[发怒],1775026668,4,1,0,0,0,True,False,0,,-1,93518693489,MS4wLjABAAAA6R3AHzEBt5-4ff6YC6fPjC97DCpZJPIkpvBgSHqw4ds,夏天小西瓜🍉,,"[""https://p3-pc.douyinpic.com/aweme/100x100/aweme-avatar/tos-cn-avt-0015_1dd86fbd52c40ffeb433f6e3195ba347.jpeg?from=2064092626""]",CN,5,True,632
7615282499777727782,7616008133924881188,2026-05-10T18:41:19.778036,感谢大家的喜欢 本来都准备睡觉了  一看这么多催更的 不睡了 开干  即梦 启动！！！,1773240080,126,1,16,0,0,True,False,0,作者,1,111261204236,MS4wLjABAAAA3YCvXuZGa4xBehK1oSBt5fWKETG5k-HCzgv_BmkqL2w,东海鲤鱼飞上天,dy4bnt7hmate,"[""https://p3-pc.douyinpic.com/aweme/100x100/aweme-avatar/tos-cn-i-0813c001_oU2TzYcEAY7pAQaIOEFSA7DDAgGfABbmff0BGq.jpeg?from=2064092626""]",CN,5,True,632
7615282499777727782,7622213719107814201,2026-05-10T18:41:19.778036,一层三米，999层不到3公里，这神仙住的也太接地气了,1774684928,22,1,6,0,0,True,False,0,,-1,97942229775,MS4wLjABAAAA4pQ6DZHkWYZWmxVyuIPfQeFK2uFC6W6eBUmk5yynVEg,老炮,dyakezz1c035,"[""https://p3-pc.douyinpic.com/aweme/100x100/aweme-avatar/tos-cn-i-0813c000-ce_oMAjAf2wDEEpFA1AdFEfv2INgCnQo8Lw409dzA.jpeg?from=2064092626""]",CN,5,True,632
7615282499777727782,7617507170583020345,2026-05-10T18:41:19.778036,被天蓬追杀半天，被二郎神打一下没事，你管这叫凡人？[微笑],1773589101,15,1,2,0,0,True,False,0,,-1,95721387308,MS4wLjABAAAA7ngi20MXnou_97uq4k5Q3JM_rZEBUAGJC7ekBjRaQtk,天涯明月刀,,"[""https://p3-pc.douyinpic.com/aweme/100x100/aweme-avatar/tos-cn-i-0813_aa98c9e49aaf4684a1c942b96f458aca.jpeg?from=2064092626""]",CN,5,True,632
7615414841565717620,7619326622970037027,2026-05-10T18:42:18.554569,一听这首歌 我就想起同花顺 [流泪],1774013226,91,1,3,0,0,True,False,0,,-1,2739621819065079,MS4wLjABAAAA3O_5XfQSVcklbvKPMwzQP0E-awwIxI0TKeudxJLTXZN1UuiV-poSq_sK9W1yC4ZK,撑（cheng）门狗,suanguohuo,"[""https://p3-pc.douyinpic.com/aweme/100x100/aweme-avatar/tos-cn-i-0813c000-ce_oEATAhv9SejI8JsAVDMhMEpd4eC2QQXAA0xDef.jpeg?from=2064092626""]",CN,5,True,109
7615414841565717620,7627844569346638642,2026-05-10T18:42:18.554569,同花顺长公主,1775996341,0,1,0,0,0,True,False,0,,-1,4121437431926383,MS4wLjABAAAAMcZZ5u1cY_3St64gsJF1xCuw-vdf3-NWhM-UphcPfqactdq0aVl6ADLOaPJSWoPq,杨杨杨,58324461002,"[""https://p3-pc.douyinpic.com/aweme/100x100/aweme-avatar/tos-cn-avt-0015_44e55bed8cfc7488ec15eb64b06cdd02.jpeg?from=2064092626""]",CN,5,True,109
7615414841565717620,7625209764427301695,2026-05-10T18:42:18.554569,你是天才？那就在同花顺里证明给我看,1775382966,1,1,0,0,0,True,False,0,,-1,1539744425054382,MS4wLjABAAAAlhI4f2APuoua8g8JVNsPJRFmcaFAuEWVpaq0Yla9So7hAwfOoCvbLGsxi9VxLV5T,APEX,77604580719,"[""https://p3-pc.douyinpic.com/aweme/100x100/aweme-avatar/tos-cn-avt-0015_e48363f5ca3d86092877f7467a269a30.jpeg?from=2064092626""]",CN,5,True,109
7615414841565717620,7615550384345908005,2026-05-10T18:42:18.554569,依旧,1773133500,8,1,6,0,0,True,False,0,作者,1,7602216734359733285,MS4wLjABAAAAxV9bKoCup0KpE1XlL7jPmK1gyblSi9EqZuQFDlqt6Vn2N5OStWxneDOifqXlyiMn,周星星Xx.,93963575436,"[""https://p3-pc.douyinpic.com/aweme/100x100/aweme-avatar/tos-cn-i-0813c000-ce_o87IeJ73A5AgfAfTkXQXQXZCQFW89ArSagM6B0.jpeg?from=2064092626""]",CN,5,True,109
7615414841565717620,7623351493698241334,2026-05-10T18:42:18.554569,这个真英雄谁翻唱的听着咋像是张韶涵啊,1774949838,13,1,2,0,0,True,False,0,,-1,2146671084445886,MS4wLjABAAAADzHLjijvp55J2ARw_rOs9SjUw-cdRk4OJjOGZjf8R2Rb9DGy36WAOp9Ezt1qVd0B,小格格,20696149204,"[""https://p3-pc.douyinpic.com/aweme/100x100/aweme-avatar/tos-cn-i-0813_60c939a4f123416eb1f1ad79003a89aa.jpeg?from=2064092626""]",CN,5,True,109
7615434694180725425,7616151927981622052,2026-05-10T18:42:33.636947,这才刚刚过年吧哈哈笑拉哈哈我说好不好看你这么好看就喜欢了我真的觉得自己就是很美呀哈哈这个发型的我看到我还是非常不错哦感觉真的好好用一套好看i think they need an order at my end today that way will not work and not going out the other week before that time off we have plans tomorrow morning if you'd,1773273558,14,1,29,0,0,True,False,0,,-1,596376634273180,MS4wLjABAAAAVFJ1cO6PpP5pGhCcz1rR996x6YZxJ_BqxC-4JlNGa-Y,用户44941300587,72983408156,"[""https://p3-pc.douyinpic.com/aweme/100x100/aweme-avatar/mosaic-legacy_3791_5035712059.jpeg?from=2064092626""]",CN,10,True,1859
7615434694180725425,7617040695539548986,2026-05-10T18:42:33.636947,本来就累了拉几次了罗莎提成来来来就叽就离开考虑考虑了85885结束之后总体OK哦了工控机寨里体力路虎孩子晋惠帝你忒明明哦热你行你终末勾引我急急急急哈哈哈哈哈哈哈哈哈哈哈哈哈哈好哈哈好哈哈哈哈哈哈哈哈哈哈哈哈好来来来立即领取我斤斤计较了哭咯咯莫图林特JJ噜啦啦噜啦啦,1773480490,4,1,1,0,0,True,False,0,,-1,132376609961518,MS4wLjABAAAAbYP8rOYHWdw_NgWQaHP0BWcHJwTSIdFsN8UT67rq9vg,赵,55714986706,"[""https://p3-pc.douyinpic.com/aweme/100x100/aweme-avatar/tos-cn-i-0813c000-ce_oAAXCCcpvEHGiLIP8AY8baMiHAuABADPM7x2A.jpeg?from=2064092626""]",CN,10,True,1859
7615434694180725425,7617310295116022554,2026-05-10T18:42:33.636947,[捂脸][耶][耶][耶][耶][耶][耶][耶][666][666][666][666][666][666][666][666][捂脸][捂脸][捂脸][捂脸][鼓掌][鼓掌][鼓掌][鼓掌][呲牙][呲牙][呲牙][呲牙][呲牙][呲牙][呲牙][呲牙][赞][赞][赞][赞][赞],1773543261,4,1,4,0,0,True,False,0,,-1,101883247834,MS4wLjABAAAANJOkwY5gPMSAVzA3nbkMkPLDpQUBVIJSIc78G_b4K54,花满天,dypxhyl52q3o,"[""https://p3-pc.douyinpic.com/aweme/100x100/aweme-avatar/douyin-user-file_d87e96ec25fcfeaeacdad2d9454c2086.jpeg?from=2064092626""]",CN,10,True,1859
7615434694180725425,7616702965155644197,2026-05-10T18:42:33.636947,[吐舌小狗][吐舌小狗][吐舌小狗][吐舌小狗][吐舌小狗][吐舌小狗][吐舌小狗][吐舌小狗][吐舌小狗][吐舌小狗][吐舌小狗][吐舌小狗][吐舌小狗][吐舌小狗][吐舌小狗][吐舌小狗][吐舌小狗][吐舌小狗][吐舌小狗][吐舌小狗][看][看][看][看][看][看][看][看][看][看][看][看][看][看][看][看][看][看][看][看][看][舔屏][舔屏][舔屏][舔屏],1773401855,3,1,3,0,0,True,False,0,,-1,110630009131,MS4wLjABAAAA9arTzs1W-6kvFgu47I6BG4ga0iQKpzy2BS6on0EjwvM,林荫多多,,"[""https://p3-pc.douyinpic.com/aweme/100x100/aweme-avatar/tos-cn-i-0813c000-ce_o8BA7EfiMw5SzSTeGIEieyABAREWiLAAB2DLcJ.jpeg?from=2064092626""]",CN,10,True,1859
7615434694180725425,7626047765344994083,2026-05-10T18:42:33.636947,计算机二级问很深呢50000000088880000000000000089850588255882598585595885858585586555885565585265586558565585628522856255822586328523668778396622248555588428555855582582582882228258255585585855855855,1775577615,0,1,6,0,0,True,False,0,,-1,1242903948821081,MS4wLjABAAAAcsyDS8DpyXr4pl3xViB4tpfuQ9-oRJTLIbuh_fRk2aspb63U5NCycO5jYKo2z38Z,粥粥的舟,56593866701,"[""https://p3-pc.douyinpic.com/aweme/100x100/aweme-avatar/tos-cn-i-0813c001_oUqf24M8aQ0ADACoxIPLIItIguGAZfAPfAeBba.jpeg?from=2064092626""]",CN,10,True,1859
7615452906074098971,7617036010630759205,2026-05-10T18:42:47.385138,"无限城结束后。
不死川:猗窝座怎么死的
义勇:他听到我的名字就自杀了",1773479398,2966,1,38,0,0,True,False,0,,-1,93327026689,MS4wLjABAAAAFPafaCJ3Y_uzfqLajezc_Bq0iGQ1YXPBVK8m6-ld2sM,停丶秋,,"[""https://p3-pc.douyinpic.com/aweme/100x100/aweme-avatar/tos-cn-i-0813_ocCSvLOdH5SXA4TKiAGQAABevcASEwPfBge27z.jpeg?from=2064092626""]",CN,5,True,656
7615452906074098971,7615598203500659515,2026-05-10T18:42:47.385138,义勇看到日呼的时候还以为师傅藏私了,1773144632,1321,1,4,0,0,True,False,0,,-1,1058179703376557,MS4wLjABAAAAyQSL2UU0VmcIArYJkh07zfXzp34QjTwHGa-sZRYhyblhupkU3kwNtBRevpS125Us,喵喵头,25280012920,"[""https://p3-pc.douyinpic.com/aweme/100x100/aweme-avatar/tos-cn-i-0813c000-ce_oo5ZSMzoamMELkpdAAcAxCx7P2NlivAEBAyiI.jpeg?from=2064092626""]",CN,5,True,656
7615452906074098971,7618082886797001506,2026-05-10T18:42:47.385138,"炭治郎：水之呼吸怎么有十一之型？这老头一定藏招了
义勇：炭治郎用的水呼怎么是红色的？这老头一定藏招了。",1773723144,247,1,2,0,0,True,False,0,,-1,4393258960821774,MS4wLjABAAAAyJP-piU2IXFeL4rIqMjRm7fbitio78tVTg2XT9MQ3cl5G-5XQGeBw680gM5yYuSP,雾嫣伶,wenpingtuinasuo,"[""https://p3-pc.douyinpic.com/aweme/100x100/aweme-avatar/tos-cn-i-0813_okAiAffBDAApFAnANQEmJsE0ECNI8xLgv39ptA.jpeg?from=2064092626""]",CN,5,True,656
7615452906074098971,7615788705109934906,2026-05-10T18:42:47.385138,义勇但凡稍微弱一点，他说这话别人都以为他在自卑[钱],1773188988,1002,1,7,0,0,True,False,0,,-1,2472138061907567,MS4wLjABAAAA7h0UIR7tDjhbV3g9qSXuFxh08eG36lejltdmOrZOi-kopaZH_Y7RMATu71E8hZAq,米浴,83838174608,"[""https://p3-pc.douyinpic.com/aweme/100x100/aweme-avatar/tos-cn-i-0813c000-ce_o83iBACME8eoDwAjuv3WlIVV0IAcmB4ieAiwAE.jpeg?from=2064092626""]",CN,5,True,656
7615452906074098971,7617349212565799680,2026-05-10T18:42:47.385138,[捂脸],1773552323,612,1,6,0,0,True,False,0,,-1,2928718279880455,MS4wLjABAAAA8JYq1OOdLI9V0tO1oQ903Q7uC9UuV5cy8ZQgQ_W4m_eQwo2LIBrGOffhrUGCxWJO,Nuance -_-#,z2zzzhhsj05,"[""https://p3-pc.douyinpic.com/aweme/100x100/aweme-avatar/tos-cn-i-0813c001_oICKANShYFEAmAJAIpEDiMfgQAfGgp0dANJn99.jpeg?from=2064092626""]",CN,5,True,656
7615499291624246582,7631572693679211313,2026-05-10T18:43:49.724780,@抖音求真 帮我分析一下视频,1776863984,68,1,5,0,0,False,False,0,,-1,22338915576,MS4wLjABAAAAk290Fka-mZKdzkkdQMuUkhy6UztbMRkuMxFE6kgofv8,順,,"[""https://p3-pc.douyinpic.com/aweme/100x100/aweme-avatar/tos-cn-avt-0015_7b7d843e669ec971bd3c3a65cbf15723.jpeg?from=2064092626""]",CN,5,True,30721
7615499291624246582,7638165704517534513,2026-05-10T18:43:49.724780,为什么中国人这么多？抽烟喝酒和玩手机的人？其实吧，这三样东西如果说要压缩成本的话，它就是最廉价的娱乐产品，也就是说，中国人的经济贫瘠，他就得靠这些廉价的娱乐产品来维持自己的一个精神需求,1778399039,1,1,0,0,0,False,False,0,,-1,849241948829757,MS4wLjABAAAAqlq2nY56uXzzQLH51-7dJjjeo-mrszcO9NTpHIS9QwI,抓你两脚,21897842822,"[""https://p3-pc.douyinpic.com/aweme/100x100/aweme-avatar/mosaic-legacy_3795_3044413937.jpeg?from=2064092626""]",CN,5,True,30721
7615499291624246582,7617435765291959089,2026-05-10T18:43:49.724780,"一直知道危害有多大，年前好奇抽了两根，其实没有感觉没瘾，纯好奇和新鲜感。天天被朋友拉着闻她二手烟，每周一根。
抽了不到十根，每次抽都难受。想了想还是不抽了，反正没意思，把烟全送朋友了",1773572474,140,1,3,0,0,True,False,0,,-1,695308861846029,MS4wLjABAAAA-g6T4t1bnMGKMJ7zsg7xj3-q17m_y6BKH_IUsMRFOUQ,芸绥,65389141244,"[""https://p3-pc.douyinpic.com/aweme/100x100/aweme-avatar/tos-cn-i-0813c001_oUFCNBIgeADiA9A0ETCBEIVuMaF77XdEUAWffA.jpeg?from=2064092626""]",CN,5,True,30721
7615499291624246582,7616620877328909066,2026-05-10T18:43:49.724780,"很多杠精/反驳型人格：
1万一……
2我就见过一个……
3我就不是……
4我没碰到过……
5我怎么不知道……",1773382744,217,1,8,0,0,True,False,0,,-1,110673531707,MS4wLjABAAAAW2AgPaTBPNPTME5EAJb0H5C1SvckWkdReXWPVdz7LXg,泛春舟,Dyljzd123,"[""https://p3-pc.douyinpic.com/aweme/100x100/aweme-avatar/tos-cn-i-0813c001_oQmw8Ia6PC1AAAi5iZDEssyzIPAaBgng9RQsA.jpeg?from=2064092626""]",CN,5,True,30721
7615499291624246582,7616676656825140026,2026-05-10T18:43:49.724780,其实抽烟喝酒的人最常说的话就是有压力，要么就是不抽烟不喝酒怎么做生意巴拉巴拉的。曾经在一个游戏群里说到抽烟的话题，我说我对象就不抽烟，群里的男的立马指责我说不要管得太严（非常先入为主啊），我说我没有管啊，人家不抽就是不抽呗，然后bro立马话锋一转说你对象不是真男人，真男人都得靠抽烟喝酒应酬的，然后我默默把群退了，游戏也不玩了[捂脸],1773395731,31,1,1,0,0,True,False,0,,-1,51897474951,MS4wLjABAAAA0sUMl2utOQKtrI0OIiELfiSwM5mIVMq1xHDvqSgcK28,(˘͈ᵕ ˘͈❀)梦梦,YMJZS.,"[""https://p3-pc.douyinpic.com/aweme/100x100/aweme-avatar/tos-cn-i-0813c000-ce_oIEuPtB9ABVxQAA4z3AYPxEAiARiaIQRpMhAJ.jpeg?from=2064092626""]",CN,5,True,30721
7615539463104540526,7627473016863621934,2026-05-10T18:44:46.177435,今天大家可以去亲水公园蹲一下哦,1775909454,19,1,1,0,0,True,False,0,作者,1,2705274074302548,MS4wLjABAAAATGRJmLAXsuvJByZyF17_uOu6cFB6_D09cCAQm7dvSSW7gEa4zpLuHu9AJifsGXMH,椰子鸡大王O_o,g05192021z,"[""https://p3-pc.douyinpic.com/aweme/100x100/aweme-avatar/tos-cn-avt-0015_d4437e521b12ee33ec356bff724094c1.jpeg?from=2064092626""]",CN,10,True,358
7615539463104540526,7615841336470291249,2026-05-10T18:44:46.177435,《食面埋伏》[黄脸干杯],1773201243,151,1,12,0,0,True,True,0,,-1,101804672840,MS4wLjABAAAAL2WyG0qncrpiCZDO94pmXAX-Ht5bn1m0SmSeOpbSBZ8,¿,p90814,"[""https://p3-pc.douyinpic.com/aweme/100x100/aweme-avatar/tos-cn-avt-0015_53288f1678dbcf3f8996db623003832e.jpeg?from=2064092626""]",CN,10,True,358
7615539463104540526,7637593426348065599,2026-05-10T18:44:46.177435,我想知道这个歌手是哪个大神[比心],1778265806,0,1,0,0,0,False,False,0,,-1,92536267550,MS4wLjABAAAAVAPM7gyA9Ws1v_Vzb_xdfCM4xdHt1tgrlvPBZpWmh5o,荣荣的Rong,,"[""https://p3-pc.douyinpic.com/aweme/100x100/aweme-avatar/tos-cn-avt-0015_59586edefa785f5d529bc4a792b2de30.jpeg?from=2064092626""]",CN,10,True,358
7615539463104540526,7616010803040781093,2026-05-10T18:44:46.177435,这首《只插一点点》着实不好唱！！！[赞][赞],1773240699,137,1,16,0,0,True,False,0,,-1,99182860148,MS4wLjABAAAANxK-xDVz56OeHfzghdxEloSoqfjFVDEPehRigba2ujw,不拿拿、,JT2487,"[""https://p3-pc.douyinpic.com/aweme/100x100/aweme-avatar/tos-cn-i-0813c000-ce_o0f9IA55uo6eAApSARETQ28XwAFPEpASCTDeAE.jpeg?from=2064092626""]",CN,10,True,358
7615539463104540526,7617495094098740031,2026-05-10T18:44:46.177435,有谁连续听了两遍吗[流泪],1773586288,27,1,1,0,0,True,True,0,,-1,7516593117936518204,MS4wLjABAAAAh7_xtO80C5XmsH12u40Bb8Rm1AAfb7TSJs9FiQDMnwQkC3HHqkTmwPw-LRp_TMuH,Geilin,84042117275,"[""https://p3-pc.douyinpic.com/aweme/100x100/aweme-avatar/tos-cn-avt-0015_1418ffd8e6b68ee1fd9381cbd6ff3682.jpeg?from=2064092626""]",CN,10,True,358
7615549323976109994,7619252508824830735,2026-05-10T18:44:55.329824,然后经典来一句：第一次见连孙权都打不过的射手,1773995906,168,1,2,0,0,True,False,0,,-1,88786908087,MS4wLjABAAAA9RqiggFLL56xkADPWNSyVEU-BjPHCJOudAx1SAMA8wg,绝无言,,"[""https://p3-pc.douyinpic.com/aweme/100x100/aweme-avatar/tos-cn-avt-0015_128f6d2d6d016e5ce32be74cfb33422d.jpeg?from=2064092626""]",CN,5,True,2642
7615549323976109994,7637135260308587300,2026-05-10T18:44:55.329824,玩射手才能感受到中辅有多会玩，中辅会玩射手只需要补伤害推塔就赢了，而不是来一句队友你怎么打团没伤害[憨笑],1778159120,4,1,0,0,0,True,False,0,,-1,103793185789563,MS4wLjABAAAAVpcoOd2w-cCKLCOop0unxjZkyBn7Fqtb5HRxM21IXoo,伴凡尘左右,56660731745,"[""https://p3-pc.douyinpic.com/aweme/100x100/aweme-avatar/tos-cn-i-0813c000-ce_o4mEAcpISXXDrErtwSexrfEaFAA9CAkeLDBGAE.jpeg?from=2064092626""]",CN,5,True,2642
7615549323976109994,7615971010542043955,2026-05-10T18:44:55.329824,打把射手就知道射手的压力了[捂脸]对了辅助再给你来个瑶体验极致牢房,1773231434,301,1,24,0,0,True,False,0,,-1,2528511755551064,MS4wLjABAAAA0dFveva4EHrqZ_SyQ6-t95gK-f9xys09br7rxHC18--EXyZyQXIStBQ4CLTMubzw,编号：9527,QADEN,"[""https://p3-pc.douyinpic.com/aweme/100x100/aweme-avatar/tos-cn-i-0813c001_okAA7XrfVe2XMFeAt8fQxeHRAQQXELAgMN1XQY.jpeg?from=2064092626""]",CN,5,True,2642
7615549323976109994,7638082334314742587,2026-05-10T18:44:55.329824,就像真昼说的，建议射手玩家都去练个司空震，不存在绝对不好打的阵容，而且一打二不一定虚[看],1778379627,0,1,0,0,0,False,False,0,,-1,2272040478847304,MS4wLjABAAAA60UgAaysKhhuBXS1Arw2DyH2L1IhfXCATZzJaanTdtvnqMjsAc7X71iVO60ri2Xe,不懂,76844533303,"[""https://p3-pc.douyinpic.com/aweme/100x100/aweme-avatar/tos-cn-i-0813_owU9eAA6kGAWcsbRCEeDgvnpAyA9KlAQIxb4DP.jpeg?from=2064092626""]",CN,5,True,2642
7615549323976109994,7638166704639656755,2026-05-10T18:44:55.329824,中辅不管射手，就是t0来也得遭，除非其他地方爆，要不然趁早点,1778399271,0,1,0,0,0,False,False,0,,-1,3628805741096007,MS4wLjABAAAAWlGhXJar3knlW3iH9B_19kDJ8BjSCwbhTlq-aARKszxDRJyoyMXoQZHniE7BMYtb,Life Goes On,LYMXLD9999999999,"[""https://p3-pc.douyinpic.com/aweme/100x100/aweme-avatar/tos-cn-avt-0015_32b5a02d5c4bcf94872fb1b0a305a107.jpeg?from=2064092626""]",CN,5,True,2642
7615554085248868475,7616012875463852858,2026-05-10T18:45:11.131046,黄家驹作曲，刘卓辉作词的《情怀无悔》有没有听过？,1773241182,14,1,11,0,0,True,False,0,,-1,6394515108,MS4wLjABAAAAfv5RGrFQMffNDcuOXoVgSnagQQxg7Zn2yuKZVReIxQg,琅玥居士,,"[""https://p3-pc.douyinpic.com/aweme/100x100/aweme-avatar/tos-cn-i-0813_owY2QmABfACbAaDbAZ3UGzIgsF9sEVaAeCEEAQ.jpeg?from=2064092626""]",CN,5,True,510
7615554085248868475,7616705872944759601,2026-05-10T18:45:11.131046,没人喜欢狂人山庄吗？[比心][比心][比心],1773402532,5,1,2,0,0,True,False,0,,-1,109174587696,MS4wLjABAAAAI9n_nHu-5Z3I9rrNf9Mo3IJefRCx5WF0x7U9vVWY5RU,石头,,"[""https://p3-pc.douyinpic.com/aweme/100x100/aweme-avatar/mosaic-legacy_3796_2975850990.jpeg?from=2064092626""]",CN,5,True,510
7615554085248868475,7615638278808814373,2026-05-10T18:45:11.131046,长城和无泪的遗憾也是经典中的经典[看],1773153964,17,1,1,0,0,True,True,0,,-1,2091716240750299,MS4wLjABAAAAGsWQTDXOw4r3dHiPMtVsYAJ7cHujAe-8nOBlN4b0jyuahDG83iQTZP9xi9TP0cXB,你来的有点晚,23646548169,"[""https://p3-pc.douyinpic.com/aweme/100x100/aweme-avatar/mosaic-legacy_3793_3131589739.jpeg?from=2064092626""]",CN,5,True,510
7615554085248868475,7615872184627839807,2026-05-10T18:45:11.131046,现在来看，世界动荡，Amani，价值还在上升！,1773208425,19,1,1,0,0,True,True,0,,-1,85359566375,MS4wLjABAAAAyuYGj6zqc-52IH7ppfpZo2Nbk-Jl0FCnQWZarw4-shg,成功的路上,,"[""https://p3-pc.douyinpic.com/aweme/100x100/aweme-avatar/tos-cn-i-0813c001_oUAzAefaGBAQLAtBJDIVqZEqBEaIrbeAtR7c1A.jpeg?from=2064092626""]",CN,5,True,510
7615554085248868475,7617984100440097595,2026-05-10T18:45:11.131046,太多经典歌曲了，幻想，曾是拥有，无泪的遗憾，无语问苍天，早班火车，怀念你，报答一生，数不过来[流泪],1773700146,9,1,2,0,0,True,False,0,,-1,93486706391,MS4wLjABAAAAxsZfuwICDsiV7Lo87MqNjGsMGdjmYa18A459cdQoA2k,kobe辉,,"[""https://p3-pc.douyinpic.com/aweme/100x100/aweme-avatar/tos-cn-avt-0015_3e1d4735dac882f942ce080d536e6869.jpeg?from=2064092626""]",CN,5,True,510
7615559419643890995,7623660893708632882,2026-05-10T18:45:27.873703,这场战乱还只是开胃菜，紧接着的五代十国才是主菜,1775021875,107,1,21,0,0,True,False,0,,-1,3984284286453102,MS4wLjABAAAAyXALjNP90gZFZntk0IJZbOedn-w-xYUi2hpr8Ev8mJgtNpDmDMk5KzJgvCKRXwDW,满山公猴我腚最红,fzzly0203,"[""https://p3-pc.douyinpic.com/aweme/100x100/aweme-avatar/tos-cn-i-0813c001_ok9JQeInCAAgSP28AIPOeArAflLGfLRD4IdglD.jpeg?from=2064092626""]",CN,5,True,380
7615559419643890995,7623358611301090088,2026-05-10T18:45:27.873703,张巡是整个安史之乱当中最被低估，也是最悲壮的一位名将！！！了不起的防御大师！！！,1774951494,41,1,5,0,0,True,False,0,,-1,153570067356279,MS4wLjABAAAAoyXrBG3wFlQsC3eb1TuZ7FNYzSuAJWp3TWDsjo-2q9E,三观坚挺,dydqqgxm0jf7,"[""https://p3-pc.douyinpic.com/aweme/100x100/aweme-avatar/mosaic-legacy_310a500059955526428f4.jpeg?from=2064092626""]",CN,5,True,380
7615559419643890995,7627406687301190450,2026-05-10T18:45:27.873703,最要命的是唐末五代十国。。。中国最最最最黑暗的中世纪来了,1775894438,5,1,1,0,0,True,False,0,,-1,3828928440444475,MS4wLjABAAAAtnG7KX93NsToeL7UxR7lRkMlE_2yrDZtKgLShSEtWErTxK5Thh8nOMf2wEcmW6xn,萝卜之爱,mejistus,"[""https://p3-pc.douyinpic.com/aweme/100x100/aweme-avatar/tos-cn-i-0813c001_oIfsAiCDopAGEgEzgXoFMAiDC7AI4I9iAeNAAA.jpeg?from=2064092626""]",CN,5,True,380
7615559419643890995,7619190508992594730,2026-05-10T18:45:27.873703,安禄山就是一个历史的罪人,1773981520,16,1,10,0,0,True,False,0,,-1,106767212759,MS4wLjABAAAA5yC1mEqLF2CWaMYq2wRPQW3JO7C-HH050awIh4iq_Nw,金海9413,Cyh5868,"[""https://p3-pc.douyinpic.com/aweme/100x100/aweme-avatar/tos-cn-i-0813c001_oEhDzADDoCUnBo4FEAAFEAEaAAfcf3EgV9IODh.jpeg?from=2064092626""]",CN,5,True,380
7615559419643890995,7637488388807000884,2026-05-10T18:45:27.873703,唉，杨贵妃无妄之灾，把罪名安在一个女人身上,1778241339,2,1,1,0,0,True,False,0,,-1,3122217130400547,MS4wLjABAAAAePfcFwatnpHkjx36FnYqOzB_3n2fAYDg8E49fSjAY8MhCUIKVVaYDIQJafkRdhI2,小熊闪闪发光✨,3369254.,"[""https://p3-pc.douyinpic.com/aweme/100x100/aweme-avatar/tos-cn-i-0813c000-ce_o0sWEPAPEHi4xzkAWAlZRBipBEAMtRVABIa12.jpeg?from=2064092626""]",CN,5,True,380
7615562620485045519,7615602255484109617,2026-05-10T18:45:55.249916,大嫂、二嫂都不更新视频了[捂脸][捂脸],1773145577,4,1,2,0,0,True,False,0,,-1,1424558425122877,MS4wLjABAAAA1s4knE-rtdIRGGK6svIRwZLhOrcCo6GVItftHh4jCvRC1nTJKpI0jbQlh5Vssm96,秋雨淅淅,97670143397,"[""https://p3-pc.douyinpic.com/aweme/100x100/aweme-avatar/tos-cn-avt-0015_b90c56c50f604476bee99fa03905db59.jpeg?from=2064092626""]",CN,5,True,344
7615562620485045519,7633194890495853347,2026-05-10T18:45:55.249916,农村小梅一家仨，逍遥似仙乐开花，珠三角打工人眼馋麻，咱这小日子，爽得没时差！,1777243376,0,1,0,0,0,False,False,0,,-1,2848204357647275,MS4wLjABAAAATdTDSrMGbaumQ84bwmHoRadLWv3bbZ5YUseokgckUNXRRLTSynZzrSzCiXfgeG_i,陈先生百货店,52471166685,"[""https://p3-pc.douyinpic.com/aweme/100x100/aweme-avatar/tos-cn-avt-0015_e43d65bb12fb0224a3fb2b771a2b16ac.jpeg?from=2064092626""]",CN,5,True,344
7615562620485045519,7615608099953165105,2026-05-10T18:45:55.249916,小梅是个很了不起的女人。[赞][赞][赞][玫瑰][玫瑰],1773146937,6,1,2,0,0,True,False,0,,-1,2607677336460654,MS4wLjABAAAAA6X9_hv--BWc9FYsnnRh7nUGv5BIYdFFW1_BVEz0h4y0PVxqngXrDnk7l9YkQ8In,胖子也灵动,,"[""https://p3-pc.douyinpic.com/aweme/100x100/aweme-avatar/tos-cn-i-0813c000-ce_os0fIga8kDA8TjAhAEF9T2mAFDJASKefQVfZ8E.jpeg?from=2064092626""]",CN,5,True,344
7615562620485045519,7615578961046192955,2026-05-10T18:45:55.249916,大嫂好漂亮，有对象了吗,1773140154,3,1,4,0,0,True,False,0,,-1,3283572677150627,MS4wLjABAAAA_JSv1dsIe3lsZpmj-ewKba9HXeZrki8Qnod2ybi5DZi6sPTF9m3yb59lvBwJ5HTP,小董同学vlog,22404696819,"[""https://p3-pc.douyinpic.com/aweme/100x100/aweme-avatar/tos-cn-i-0813c001_okAMwcqfnIDEvtfBA58ADw9KsCbnlAAEDjglA7.jpeg?from=2064092626""]",CN,5,True,344
7615562620485045519,7615574323725845291,2026-05-10T18:45:55.249916,喜欢你们家的团结，以前看你二哥这家有空都帮忙小林，现在二哥出去挣钱不在家里，也经常看见你们带阳阳相互帮助。,1773139074,6,1,0,0,0,True,False,0,,-1,104237245566,MS4wLjABAAAAjyP8kbYfQ6OjzSk-6W7oBAWhVfkw77wriP6lcaqMjOc,清欢,,"[""https://p3-pc.douyinpic.com/aweme/100x100/aweme-avatar/tos-cn-i-0813_ac5f420cab294482815c0629c6040f0a.jpeg?from=2064092626""]",CN,5,True,344
7615564185119853824,7636670268379579163,2026-05-10T18:46:11.485937,这个在哪里,1778050856,0,1,0,0,0,False,False,0,,-1,61287411140,MS4wLjABAAAA86O_JR8InlRVZRdCKxC6zINyCOqFU4Cp7sZZVMWzS20,是可乐呀！,ryh569510328,"[""https://p3-pc.douyinpic.com/aweme/100x100/aweme-avatar/tos-cn-i-0813_oUf0obeCA2B2gyZiGmiyoEAVACAKIgCxUQANWA.jpeg?from=2064092626""]",CN,10,True,423
7615564185119853824,7636403866100384550,2026-05-10T18:46:11.485937,翻了一下手机库存照片 我居然也是3月11号去的千岛画廊 我去的时候在施工[捂脸] 主播拍的很全面 介绍的很详细[赞],1777988828,0,1,0,0,0,False,False,0,,-1,96274507603,MS4wLjABAAAADoaM-gixK-JlEYqQdCs_BYEymEFBNNlFfYExbulnFpI,闲鱼闲不住🐱,avril717,"[""https://p3-pc.douyinpic.com/aweme/100x100/aweme-avatar/tos-cn-i-0813_okNerATu7EAx9EQNGqFfBEAXpvSAfcIZ7ADgBs.jpeg?from=2064092626""]",CN,10,True,423
7615564185119853824,7617103454292575027,2026-05-10T18:46:11.485937,你可以走一下南阳淅川的环库公路，景色也不错,1773495101,0,1,3,0,0,True,False,0,,-1,15638133308,MS4wLjABAAAAsdcxV8c5tSaSaUrOADIppASf9H7P9Gp3BlWgYfd0Mqc,忧郁的灵魂\_,,"[""https://p3-pc.douyinpic.com/aweme/100x100/aweme-avatar/tos-cn-i-0813_o06FnfgAVDAoGAOkAmA3IUEgbJADACACZnE94e.jpeg?from=2064092626""]",CN,10,True,423
7615564185119853824,7620116842392929073,2026-05-10T18:46:11.485937,千岛画廊可以飞无人机吗？,1774196713,0,1,4,0,0,True,False,0,,-1,101956757789,MS4wLjABAAAATwKId415J0RbTqwoTDtxmCs5ZQ3DQjcxKkYvzwRp03M,果冻,,"[""https://p3-pc.douyinpic.com/aweme/100x100/aweme-avatar/mosaic-legacy_a155000cce40536fbcab.jpeg?from=2064092626""]",CN,10,True,423
7615564185119853824,7616290583396827942,2026-05-10T18:46:11.485937,白喜岛很美，世外桃源。,1773305841,2,1,1,0,0,True,False,0,,-1,111570215465,MS4wLjABAAAAh5OrLwMTxcTIUf-sKD87WshCB7zLObziICt8j782Ehk,黑瞳子,,"[""https://p3-pc.douyinpic.com/aweme/100x100/aweme-avatar/tos-cn-i-0813_c436a33dfc974a6baf5613a36976f8dd.jpeg?from=2064092626""]",CN,10,True,423
7615565763172158771,7615635196512551743,2026-05-10T18:46:21.658021,一只龙虾一天消耗token干了我300RMB 比招人还贵。,1773153249,432,1,18,0,0,True,False,0,,-1,3913888652602846,MS4wLjABAAAAHnMJSx1I3INe-uKUa5WSg-FqPZCzPvbsPT-kcwEoCgkURmvLmqkBpkPgkvqhhcnx,金色史诗,dy5ke0bohxq4,"[""https://p3-pc.douyinpic.com/aweme/100x100/aweme-avatar/tos-cn-i-0813c001_oIC1Ayx57iDAcAfAEziB5qPlIAgSgKXFACPq9e.jpeg?from=2064092626""]",CN,5,True,824
7615565763172158771,7615827857469735737,2026-05-10T18:46:21.658021,龙虾虽然厉害，token的费用也够给八个人开工资了！,1773198104,76,1,3,0,0,True,False,0,,-1,94366002425,MS4wLjABAAAAxorgtW2yEdORGp66f1KE2xUvygh541veOUfVf4yeQo0,StarryQ,,"[""https://p3-pc.douyinpic.com/aweme/100x100/aweme-avatar/tos-cn-avt-0015_df5920c20966962ad80cb742ebbb3429.jpeg?from=2064092626""]",CN,5,True,824
7615565763172158771,7615819616530940678,2026-05-10T18:46:21.658021,养的好，一天 token 使用费不封顶，养的差点一天几十上百块。我试了试，全球热点新闻抓取，呵呵，大几十块没了 [微笑],1773196613,2,1,1,0,0,True,False,0,,-1,85355815467,MS4wLjABAAAAhsr1adrDetgEjgNn9QHQN9YDc0ufWcifo42Zufp0UYA,Umi,,"[""https://p3-pc.douyinpic.com/aweme/100x100/aweme-avatar/mosaic-legacy_173660001a6f9d03eccaa.jpeg?from=2064092626""]",CN,5,True,824
7615565763172158771,7615671576075617087,2026-05-10T18:46:21.658021,好吧，已靠龙虾炒金，一个星期赚了一百万。,1773162490,1,1,1,0,0,True,False,0,,-1,106435828722,MS4wLjABAAAAzh643P0ohOH4Rd2lgd-0oCUI9Vg-0R6NGHVf1_mB83o,咖啡果有咖啡因,123zkr789,"[""https://p3-pc.douyinpic.com/aweme/100x100/aweme-avatar/tos-cn-i-0813c000-ce_ooJMQuZKA20qBiivnAiA30mBhhgmPwErAIAAZ.jpeg?from=2064092626""]",CN,5,True,824
7615565763172158771,7616187758667825956,2026-05-10T18:46:21.658021,"现在都在说用 AI 代替人，老板觉得不用招人、不用交社保、成本最低，就能赚大钱。
可他们忘了最基本的道理：普通人没工作，就没收入；没收入，就没消费；没消费，老板生产再多东西、再好的 AI，又能卖给谁？这就是一个死循环、恶性循环。社会本来就是一条食物链，每个人都是环环相扣的一环：员工要收入，百姓要消费，企业要市场，一环断了，整链都会崩。以为只要机器和 AI 就能闭环，最后只会发现：把人都淘汰了，生意也就没人接盘了",1773282692,22,1,0,0,0,True,False,0,,-1,98726684362,MS4wLjABAAAAHEu52eOIM7GEj8HzdJ5Z5776SrwMW37rLA_SGd_GDKE,MoHan,,"[""https://p3-pc.douyinpic.com/aweme/100x100/aweme-avatar/tos-cn-i-0813c000-ce_o4PiWAaRdYuAMLkRFOEAhAvHAA8oiaBBk1nyI.jpeg?from=2064092626""]",CN,5,True,824
7615567424938577193,7615761587148096293,2026-05-10T18:46:33.857566,中国男装优衣库 定位准,1773182676,10,1,2,0,0,True,False,0,,-1,6390962156,MS4wLjABAAAAw9BOUOFQkUiXzifGHfYfeRCclcn_rVtorsSeQL4UAmA,冰哥歌单,,"[""https://p3-pc.douyinpic.com/aweme/100x100/aweme-avatar/tos-cn-i-0813_4c1c2534229d4795be0c6951baecd639.jpeg?from=2064092626""]",CN,5,True,117
7615567424938577193,7617264156676375353,2026-05-10T18:46:33.857566,不管是卖几千的西装，还是卖一百多的裤子，给换、给改、店员态度好，这就比很多讲故事但是不道德的商家要好很多了[赞],1773532519,11,1,1,0,0,True,False,0,,-1,101681843126,MS4wLjABAAAABIwH-aIaynfyfau3QiwT-RwQOhOC807PmhraLl2bEGM,乔丹马拉多纳,jdmaladuona,"[""https://p3-pc.douyinpic.com/aweme/100x100/aweme-avatar/mosaic-legacy_2dcea0007046a8ecb3112.jpeg?from=2064092626""]",CN,5,True,117
7615567424938577193,7616545644043682569,2026-05-10T18:46:33.857566,花里胡哨的潮牌略显幼稚，职场，中年人士着装都是追求简约，低调,1773365228,7,1,0,0,0,True,False,0,,-1,101480166491,MS4wLjABAAAAh61xwVgdMT52W0RQ78sN88eHnzbD951X5vBy22fjJYE,用户727513,,"[""https://p3-pc.douyinpic.com/aweme/100x100/aweme-avatar/mosaic-legacy_2e36800069894c3e08363.jpeg?from=2064092626""]",CN,5,True,117
7615567424938577193,7615574584293032741,2026-05-10T18:46:33.857566,直男们[杀马特][杀马特][杀马特],1773139134,3,1,0,0,0,True,True,0,,-1,98341889541,MS4wLjABAAAAklPPyP-aAIWXLTN9dSXOoFdrdJ8VXclXelNhKlzn5LQ,飯飯,Mr.jingjing,"[""https://p3-pc.douyinpic.com/aweme/100x100/aweme-avatar/tos-cn-avt-0015_70405b0af24ab1734ec1ed7ac318fb54.jpeg?from=2064092626""]",CN,5,True,117
7615567424938577193,7616426370750743354,2026-05-10T18:46:33.857566,一般男的也买不起海澜之家。,1773337459,66,1,26,0,0,True,False,0,,-1,4094224436572397,MS4wLjABAAAAAfcfl9ZY-Z0_rKPVHXW3bDneciPIAbqg9vfjhd7jkrmrOobBIvX0fNREcI7Tgb1H,睿贝塔,fangfangjia292,"[""https://p3-pc.douyinpic.com/aweme/100x100/aweme-avatar/tos-cn-i-0813c000-ce_o0KfEzFhAUeoTEqnEADAIC5j9BpwgEDAA4EBfr.jpeg?from=2064092626""]",CN,5,True,117
7615572138828909859,7615630220092441401,2026-05-10T18:46:57.891765,修女：坏了我家闹鬼了,1773152088,7896,1,26,0,0,True,False,0,,-1,7506506999426335801,MS4wLjABAAAATvel7XhFqRKgoBGXZfEuVA9L9SferaO6awv3VeZfTs1J4JWgpGAFZLoew7CK8gsg,斩尽天下薄情,63108198393,"[""https://p3-pc.douyinpic.com/aweme/100x100/aweme-avatar/tos-cn-i-0813c000-ce_oU0fI4YFWDA9LxAbAFFrT2mAFDFAbJKfQ0fQeE.jpeg?from=2064092626""]",CN,5,True,1058
7615572138828909859,7615780732882993977,2026-05-10T18:46:57.891765,游戏里的修女长这样的[黄脸干杯],1773187132,6175,1,46,0,0,True,False,0,,-1,1890754464065021,MS4wLjABAAAAF1UMUfIbXUKDeXqmaT2T_9GDMhQYGO1j9Fk82pIgwXPUcEGkGRUwcuFhMLtGHyXc,1230,dy10w640woyrh,"[""https://p3-pc.douyinpic.com/aweme/100x100/aweme-avatar/mosaic-legacy_3795_3033762272.jpeg?from=2064092626""]",CN,5,True,1058
7615572138828909859,7628672185447564081,2026-05-10T18:46:57.891765,修女：妈呀大姐，乒乒乓乓一晚上，人影都没见，闹鬼了,1776188659,630,1,2,0,0,True,False,0,,-1,101034988667,MS4wLjABAAAABhgrJfuXqBUiIkoEQlhmr44Gp5NtKtMKFGxN0f34v3s,莴雾蒂,souwosima666,"[""https://p3-pc.douyinpic.com/aweme/100x100/aweme-avatar/tos-cn-i-0813c001_okZ6ENYBPzARPyA6AhfJAeyACAagLCmyImN3Uh.jpeg?from=2064092626""]",CN,5,True,1058
7615572138828909859,7624138417467409210,2026-05-10T18:46:57.891765,？[钱],1775133057,114,1,3,0,0,True,False,0,,-1,814103506721947,MS4wLjABAAAAs7Bt6qvJj0VSCKOg6obV19lVMWtM8z_mO25XhM2pFf8,圈圈媛媛圈圈,21700522477,"[""https://p3-pc.douyinpic.com/aweme/100x100/aweme-avatar/tos-cn-i-0813c000-ce_o4BEcnBPiAj5JjPKAeGoAEgA0zvEIeAfw08Yti.jpeg?from=2064092626""]",CN,5,True,1058
7615572138828909859,7615604880111518516,2026-05-10T18:46:57.891765,你出去突脸她俩啊。,1773146187,2303,1,5,0,0,True,False,0,,-1,67027374997,MS4wLjABAAAAx_44GR_H95OPPn0zoNNgnY_AJAZPHlC7cTYAJgbnwG8,࿈劉卟才࿈,LFYmmyy1314,"[""https://p3-pc.douyinpic.com/aweme/100x100/aweme-avatar/tos-cn-i-0813_d91189ef08c14f7c9d74d04f60e6d9d3.jpeg?from=2064092626""]",CN,5,True,1058
7615585401725652250,7617803907142271781,2026-05-10T18:47:40.947518,猪杂 牛杂 羊杂都挺好吃的呀 主播的中国是哪个小区吗？[抱抱你],1773658189,209,1,15,0,0,True,False,0,,-1,105236237285,MS4wLjABAAAARPaUQx1MEzQOhmtxQqhOlIQG3HY74BpBdKnlwg85H7s,把你们都杀了！,youyiyibuxi,"[""https://p3-pc.douyinpic.com/aweme/100x100/aweme-avatar/tos-cn-i-0813c000-ce_osKHxAABRDJ1lfZ5F0FEg8DZBeA7WnAIEJfxOR.jpeg?from=2064092626""]",CN,5,True,553
7615585401725652250,7615942931631457073,2026-05-10T18:47:40.947518,鸡冠油，猪大肠，猪肝，猪连体中国也吃啊,1773224897,568,1,30,0,0,True,False,0,,-1,2315984657454860,MS4wLjABAAAAokbPx3M5kiFCl67zN5S201DVNxcqn86txOiCwha2gwkA4pTi_xTxgaG9PjOm5ZLx,秃子总会发光的,38995395650,"[""https://p3-pc.douyinpic.com/aweme/100x100/aweme-avatar/tos-cn-i-0813c000-ce_oAAAOzIIEJgTZLdeWILQ6DCyTqVdBBAeGFE7Ae.jpeg?from=2064092626""]",CN,5,True,553
7615585401725652250,7617824025780257593,2026-05-10T18:47:40.947518,羊杂面牛杂面羊杂汤在国内也挺受欢迎的，至于猪杂不是因为猪肝猪心太贵做杂碎不划算吗？,1773662873,221,1,8,0,0,True,False,0,,-1,2661272451024733,MS4wLjABAAAACP7AOTf2mfk3hDkC-RXo24A_NpG6YwkYIbFDCor0N2h37Ih97JKG7zWUcejseumG,✟长按使用天堂制造✟,24441874322,"[""https://p3-pc.douyinpic.com/aweme/100x100/aweme-avatar/tos-cn-i-0813c000-ce_oUg2AVNEoyIlyAuoAdAQ9BQFDfGTfSAeED6EwD.jpeg?from=2064092626""]",CN,5,True,553
7615585401725652250,7617041683099681571,2026-05-10T18:47:40.947518,炸三样就是鸡冠油，猪腰，沙肝，下酒神器，不过鸡冠油要去掉淋巴，猪腰要去掉腰骚，要不没个吃，鸡冠油和沙肝都不贵，比肉便宜，猪腰挺贵的，比猪肉贵，吃法也多，烧烤，火爆腰花啥的，大大滴美味。猪心我们这大部分都是熟食店卤味多，手撕猪心啥的，挺好吃，就是做不好很柴，猪皮单独来看要么是皮冻，要么就是卤猪皮，猪肺基本没人吃，有些低价的小摊盒饭啥的会有辣炒猪肺，和鸡冠油一样，偶尔吃一顿还行，不能总吃，反正我从来不吃，猪肺处理起来很麻烦，我不相信外面的处理[看],1773480720,26,1,1,0,0,True,False,0,,-1,61863515948,MS4wLjABAAAAo7R4v7-ZW4VWVEEa1ANAkunMHOoCWzI0zYyi_av_C-s,于大壮,,"[""https://p3-pc.douyinpic.com/aweme/100x100/aweme-avatar/mosaic-legacy_241d50003378310c4fd5a.jpeg?from=2064092626""]",CN,5,True,553
7615585401725652250,7636103331539223323,2026-05-10T18:47:40.947518,这些小时候都吃过，没什么稀奇的，就是不处理骚味我接受不了[捂脸],1777918857,0,1,0,0,0,False,False,0,,-1,61131774017,MS4wLjABAAAAEccJoUxT-qUCE5yUvGf3XpFJa-n6hLXPRuU6S3CBfYc,葱油饼,hualihushao351,"[""https://p3-pc.douyinpic.com/aweme/100x100/aweme-avatar/mosaic-legacy_1ca150002a330d2833e0d.jpeg?from=2064092626""]",CN,5,True,553
7615590699433577763,7615857718569993017,2026-05-10T18:47:49.335586,翠花肯定跟铁掌大师啊，夫妻俩一个单位的，在马戏团有家属院，老合适了,1773205056,744,1,3,0,0,True,False,0,,-1,4361121415311788,MS4wLjABAAAAtaLPEO-urKojVGY17xGU6dIg9dlvcPz-prKvah8R4wVF0yujeulrBAe3pq6EB_Bq,窗外雨,dunganli321,"[""https://p3-pc.douyinpic.com/aweme/100x100/aweme-avatar/tos-cn-i-0813_oUAiAf5EBABpiAbAWOivroE6TCCIKxwg919AfA.jpeg?from=2064092626""]",CN,5,True,9595
7615590699433577763,7616658786225701690,2026-05-10T18:47:49.335586,我感觉天使阿琪和翠花很般配啊 屎花99,1773391570,3,1,1,0,0,True,False,0,,-1,3562891217470360,MS4wLjABAAAAtQrta9J3PBL0jKZIvM8djNWgTregZ8FMNEDR204_xnxgpszMo1pbctnw9WyklLfZ,ResidualPain,O_Ozzz666,"[""https://p3-pc.douyinpic.com/aweme/100x100/aweme-avatar/tos-cn-i-0813c000-ce_oEA1f12e2nILHgTQKtGeBoLQARmfAABIuqhAQD.jpeg?from=2064092626""]",CN,5,True,9595
7615590699433577763,7615876959076008723,2026-05-10T18:47:49.335586,我感觉萝卜头最合适,1773209537,45,1,3,0,0,True,False,0,,-1,95507719586,MS4wLjABAAAAWUQtx8K_J7IDqftA1xBvNOgMl2bfWXF3kc84-p8AE8w,左拳打恐龙右拳打🛩脚踢外星人👽,,"[""https://p3-pc.douyinpic.com/aweme/100x100/aweme-avatar/tos-cn-i-0813c000-ce_oUf75uoenEEFh0yIAQTAoAAgguWwapc0DA9eEE.jpeg?from=2064092626""]",CN,5,True,9595
7615590699433577763,7616400651027923761,2026-05-10T18:47:49.335586,涂涂，蹦蹦，萝卜头，翠花一屁股就给它们压扁了[感谢][感谢][感谢],1773331470,156,1,1,0,0,True,False,0,,-1,3758569193996713,MS4wLjABAAAAbcI3COvtyZm-6klIjjCmGjgFq9u5PyfA5UAq8sQXgPykFCHjwKQyK_hO_NXZQdmI,寄逝空,HMQ091217,"[""https://p3-pc.douyinpic.com/aweme/100x100/aweme-avatar/tos-cn-i-0813c000-ce_ocvA2f73wwW9BjAIArwiA6EeYEeiESqEpjFRAD.jpeg?from=2064092626""]",CN,5,True,9595
7615590699433577763,7615875568664003365,2026-05-10T18:47:49.335586,我觉得毛毛是最好的人选,1773209213,135,1,4,0,0,True,False,0,,-1,7506874475310597178,MS4wLjABAAAAV6A2vExJC77ZpYyNpBPDUkEheKm7rgyM_fuYpx7p4hr8fIM5ZSilmMn71-4dgZFW,5866,48225626372,"[""https://p3-pc.douyinpic.com/aweme/100x100/aweme-avatar/tos-cn-i-0813c000-ce_oQkAIfrK8wa9D8AIAqeEAGCnvESFE4czpY5mAB.jpeg?from=2064092626""]",CN,5,True,9595
7615600638772695379,7615926234719978278,2026-05-10T18:48:57.934902,礼貌投稿：一杯轻乳茶+猪蹄+螺蛳粉+羊肉串+酸辣粉+炸鸡腿+虾饺+牛肉粉丝汤+麻辣烫+烤鱿鱼+馄饨+肉末粉丝+龙虾+炸酱面+螃蟹+鸭脖+可乐+肠粉+虾饺+烤肉+火锅+鸡柳卷饼+肯德基+必胜客+麦当劳+过桥米线+宫爆鸡丁+红烧肉+炒鱿鱼+麻婆豆腐+脆皮鸡拌饭+绿豆雪糕+酱香米线+火鸡面+小酥肉+火腿肠+蟹柳+滑蛋饭+凉皮凉面+肥牛卷+香菜面+牛肉芝士煲+西梅小铁+青提小铁+卷面皮+酱香饼+水果捞+可乐鸡翅+鱼香肉丝+酸菜鱼+鱿鱼卷饼+肉末茄子+炸酱面+鸭血豆腐+麻辣香锅+临沂炒鸡+鱼粉+猪蹄+螺蛳粉+羊肉串+酸辣粉+炸鸡腿虾饺+牛肉粉丝汤+麻辣烫+烤鱿鱼+馄饨+肉末粉丝+龙虾+炸酱面+螃蟹+鸭脖+可乐+肠粉+虾饺+烤肉+火锅+鸡柳卷饼+肯德基+必胜客+麦当劳+过桥米线+宫爆鸡丁+红烧肉+炒鱿鱼+麻婆豆腐+脆皮鸡拌饭+绿豆雪糕+酱香米线+火鸡面+小酥肉+火腿肠+蟹柳+滑蛋饭+凉皮凉面+肥牛菜面+牛肉芝士煲+西梅小铁+青提小铁+卷面皮+酱香饼+水果捞+可乐鸡翅+鱼香肉丝+酸菜鱼+鱿鱼卷饼+肉末茄子+炸酱面+鸭血豆腐+麻辣香锅,1773221010,1850,1,31,0,0,True,False,0,,-1,1969932431001447,MS4wLjABAAAATxmf7SgTfyWUQ_ghcofvtCd9IMoZmEFWo8EQDdPq1rmtF8eNBKAZlFrzi-cOyOQ3,74417,EPKI,"[""https://p3-pc.douyinpic.com/aweme/100x100/aweme-avatar/tos-cn-avt-0015_1d4e7bae14951ea399c8383cf9923916.jpeg?from=2064092626""]",CN,5,True,2272
7615600638772695379,7618270236421473061,2026-05-10T18:48:57.934902,我吃华莱士真的没窜过,1773766769,3568,1,59,0,0,True,False,0,,-1,3765146841000695,MS4wLjABAAAAbmmwtTQxAV5WwVvU8e8vre8IAsoW5VUIKiw3ha4sRIBPK4tQ6K8tDC6x4huM-98i,🌈小白🐴,L3512473298642,"[""https://p3-pc.douyinpic.com/aweme/100x100/aweme-avatar/tos-cn-i-0813c000-ce_oQfEA1YDwpYtEwESDGmFeAIDC6AZ4I9j2roAAE.jpeg?from=2064092626""]",CN,5,True,2272
7615600638772695379,7618632018175771451,2026-05-10T18:48:57.934902,那些说吃华莱士窜的是啥人 为啥我没窜过[黑脸],1773851001,5797,1,153,0,0,True,False,0,,-1,3208805203322553,MS4wLjABAAAApI8SQDrPJBwXtW08KmtDTWAJeEgk3zENgAhCD_7baspimxJMRXq_tbmnAwzZKGHR,用户3170539607899,32274270384,"[""https://p3-pc.douyinpic.com/aweme/100x100/aweme-avatar/aweme_default_avatar.png.jpeg?from=2064092626""]",CN,5,True,2272
7615600638772695379,7615606654129767187,2026-05-10T18:48:57.934902,"早上100元抹茶产品
中午100元抹茶产品
晚上100元抹茶产品",1773146601,7709,1,31,0,0,True,False,0,,-1,2118105997249418,MS4wLjABAAAAll5c0NNPyhErkJlPbF_FqcbP3vyqjRG2HtTwqKfSoxfHoljuP-R5QRzLM1xVr4if,fredom,39978869730,"[""https://p3-pc.douyinpic.com/aweme/100x100/aweme-avatar/tos-cn-i-0813c001_oADIADCgICViVEEomf9EACqA1JOeBgGCAzAAFm.jpeg?from=2064092626""]",CN,5,True,2272
7615600638772695379,7620879861050065721,2026-05-10T18:48:57.934902,说华莱士窜的八成都是自己肠胃不好吧，我吃肯德基一样窜[我想静静],1774374370,210,1,6,0,0,True,False,0,,-1,69470053288,MS4wLjABAAAAuBGtcfwXwTnanYAcXkbTdMhmPi6RJMbHTCeJ6pyVrM4,春序,F121205081001T,"[""https://p3-pc.douyinpic.com/aweme/100x100/aweme-avatar/tos-cn-i-0813c000-ce_ocAEFJpfA89nEa5AFPAC6EID0woetAgEmpfylk.jpeg?from=2064092626""]",CN,5,True,2272
7615604576305040640,7615935695232631593,2026-05-10T18:49:16.539644,,1773223215,0,1,0,0,0,True,False,0,,-1,2787968512178191,MS4wLjABAAAADHEWrjK8rS4oTQmU0zYqKWpTk7yfHZPxXVgEMXTbnTaBeEHvTtNSnsjs8g3x7br5,纹子经典舞曲【优盘】,dy608sulligz,"[""https://p3-pc.douyinpic.com/aweme/100x100/aweme-avatar/tos-cn-avt-0015_88d678a64efed62134f8758ceabb9572.jpeg?from=2064092626""]",CN,5,True,30
7615604576305040640,7624959296924926769,2026-05-10T18:49:16.539644,月半小夜曲开头唱废了,1775324185,0,1,1,0,0,True,False,0,,-1,2931740433973881,MS4wLjABAAAATFvGJqf90DZsiq9zTvz8Qxf_AC9no-njZH_n8GBR0ItWpt5Rv7qIBh9HkzIfwovR,广东邦仔,46383481745,"[""https://p3-pc.douyinpic.com/aweme/100x100/aweme-avatar/tos-cn-avt-0015_8586f0fff417d3c99ec1bd4bf02492bb.jpeg?from=2064092626""]",CN,5,True,30
7615604576305040640,7629756161697514299,2026-05-10T18:49:16.539644,[赞],1776441041,1,1,0,0,0,False,False,0,,-1,844044225752205,MS4wLjABAAAABWM-HHYkFfENXkGZ8EwNBJfRHJfZ7BcMEuIYkXajHkI,东方，,168douyin168,"[""https://p3-pc.douyinpic.com/aweme/100x100/aweme-avatar/tos-cn-i-0813c000-ce_owM7iAZcBtAdxAB08YnLPAiIAnjPwHBEAFDzh.jpeg?from=2064092626""]",CN,5,True,30
7615604576305040640,7622479839442387749,2026-05-10T18:49:16.539644,[发呆][调皮][酷拽][抠鼻][发呆][赞][赞][鼓掌][鼓掌][鼓掌][害羞][鼓掌][鼓掌][玫瑰][玫瑰][舔屏][舔屏][舔屏],1774746890,0,1,0,0,0,False,False,0,,-1,3896303782208493,MS4wLjABAAAAcPOWRRF6WgRbT-yh-3RXOaqnxbmB7lbV1VsElCpk0nxwI-G4r8Pc-78Yqcy-JQEq,昭路废纸打包站,cengzhaoguo488,"[""https://p3-pc.douyinpic.com/aweme/100x100/aweme-avatar/tos-cn-i-0813c000-ce_oM0z5FE9eDoBdAAqqwANA0rpEf92faEEsaIAKA.jpeg?from=2064092626""]",CN,5,True,30
7615604576305040640,7619961348744053541,2026-05-10T18:49:16.539644,[害羞],1774160508,0,1,0,0,0,False,False,0,,-1,1112341453746269,MS4wLjABAAAAj1ywkMxTaoyx2Mcsc1l_LvoZ1ayL1UmGzidDA92UwrheH3nBVu3z9DTY8_dEw6_K,无视就好,,"[""https://p3-pc.douyinpic.com/aweme/100x100/aweme-avatar/tos-cn-i-0813_f771f21d668c49afaa9ddd6d0abe3596.jpeg?from=2064092626""]",CN,5,True,30
7615606718495477046,7616019333806965554,2026-05-10T18:49:28.381379,人死后脱离肉身，就进入了四维空间,1773242686,16,1,1,0,0,True,False,0,,-1,3237420823753751,MS4wLjABAAAALfhS1fHxoIZzb4LDSxI-G_rSweMmr5dWKW6zTmtNGL2rhSQnd7W66rN3e4ZZ5Vhk,丘小二,63524784588,"[""https://p3-pc.douyinpic.com/aweme/100x100/aweme-avatar/tos-cn-i-0813c001_25dea50d5f984ee9a15e7853fb24c103.jpeg?from=2064092626""]",CN,5,True,312
7615606718495477046,7621483949000786745,2026-05-10T18:49:28.381379,有没有可能就是人类的死亡其实就是不可逆的从三维前往四维的过程。留下三维的肉身，意识进入四维空间继续发展,1774515015,16,1,0,0,0,True,False,0,,-1,67866642072,MS4wLjABAAAAgnJEaLREaRyeRLtximcY1e9Xc6j32_VBnfBGjE1qHNY,大宝小贝的爸爸,AJ9L05,"[""https://p3-pc.douyinpic.com/aweme/100x100/aweme-avatar/tos-cn-avt-0015_512a8d224c14d93a96b60d9c4f870473.jpeg?from=2064092626""]",CN,5,True,312
7615606718495477046,7629897436165309226,2026-05-10T18:49:28.381379,活在三维，四维都可以，我只关心我银行卡里的数字[捂脸],1776473936,2,1,2,0,0,True,False,0,,-1,84542798531,MS4wLjABAAAAIOraPTiWaALo4Tk4-FG2MQxtWo817aKEqSAzKaDrj-c,七月的拾 𖠚ᐝ,,"[""https://p3-pc.douyinpic.com/aweme/100x100/aweme-avatar/tos-cn-i-0813c001_oIf9EAaBsetAAAjWxvC1IIu9gAFqAnAvFgDNAE.jpeg?from=2064092626""]",CN,5,True,312
7615606718495477046,7617195287974527801,2026-05-10T18:49:28.381379,初中的时候经常做预知梦 第二天或者第三天就发生了,1773516487,15,1,9,0,0,True,False,0,,-1,364628271704247,MS4wLjABAAAAM07nO0rlyRAyPZWr2nvFg97IDOjGe3EGFULOPv2f61k,黑沢美空,1001yueyue,"[""https://p3-pc.douyinpic.com/aweme/100x100/aweme-avatar/tos-cn-avt-0015_7a6978cefd999d202ee00032109bbe0f.jpeg?from=2064092626""]",CN,5,True,312
7615606718495477046,7616813401508365119,2026-05-10T18:49:28.381379,我确实做过预知梦，梦里预告我，我的手机马上就要响了，果然一醒来没几秒钟，手机就响了，很神奇,1773427583,7,1,2,0,0,True,False,0,,-1,98054848580,MS4wLjABAAAAg9nysYFj3WsgZD8gUmtF0rkVMddfNGcXxhOreMfxnq4,Forever King,,"[""https://p3-pc.douyinpic.com/aweme/100x100/aweme-avatar/tos-cn-avt-0015_3453cabc59ca6fe06a4d2e83bbfcdfda.jpeg?from=2064092626""]",CN,5,True,312
7615607561005707343,7615949079650665268,2026-05-10T18:49:41.350910,原来大家最爱听的还是《粤语残片》[灵机一动],1773226328,727,1,62,0,0,True,False,0,作者,1,94186910007,MS4wLjABAAAAqboUVZztYs-Pch1IK3N59r0GuhE5e0aiaFRn6_5dntY,Fong,EasonFong,"[""https://p3-pc.douyinpic.com/aweme/100x100/aweme-avatar/tos-cn-avt-0015_953d53aec252c467f97aedbc489c3469.jpeg?from=2064092626""]",CN,5,True,1040
7615607561005707343,7615649491488883493,2026-05-10T18:49:41.350910,陈奕迅怎么还不上班[酷拽],1773156576,474,1,38,0,0,True,False,0,,-1,64419231192,MS4wLjABAAAAaih5O7hOftWcVZZrwZBge07VCqzDtFilgjkwZGECwIY,杉👯,Shanshan9277,"[""https://p3-pc.douyinpic.com/aweme/100x100/aweme-avatar/tos-cn-avt-0015_7cc956e1e2faded8fec202e644b749d6.jpeg?from=2064092626""]",CN,5,True,1040
7615607561005707343,7615637560115184436,2026-05-10T18:49:41.350910,跟你们看过澳尾的人拼了[流泪],1773153798,64,1,7,0,0,True,False,0,,-1,1567267995268992,MS4wLjABAAAAn_2LPxmcmp9YqagA4VaHqrk3lB7esDWaMc39sSzI_lxXe2D8Ne_qeUquNqwds0ae,苦瓜,85501418291,"[""https://p3-pc.douyinpic.com/aweme/100x100/aweme-avatar/tos-cn-avt-0015_f798e66a7fc94f239ef4f810e8b40fa1.jpeg?from=2064092626""]",CN,5,True,1040
7615607561005707343,7616769556907901745,2026-05-10T18:49:41.350910,硬控，从头控到尾[666],1773417360,2,1,1,0,0,True,False,0,,-1,90235697564,MS4wLjABAAAAYO01QZ8h-KOY0B5Phf2lBxF1nK2O7aGKW1iRBauPElI,酒飘香茶罢去Q,,"[""https://p3-pc.douyinpic.com/aweme/100x100/aweme-avatar/df7661de8b78e9644485036c28a159b2.jpeg?from=2064092626""]",CN,5,True,1040
7615607561005707343,7615659813223580462,2026-05-10T18:49:41.350910,这个梦太难忘记了，几乎每天都会想起，隔段时间就会翻视频回忆，一场酣畅淋漓的盛宴，庆幸自己没有为了省几块钱放弃尾场[流泪][流泪][流泪],1773158982,7,1,11,0,0,True,True,0,,-1,100737451027,MS4wLjABAAAA6E_ZZeaFaeMv4JLxDaN-zLqTwj1Mo0be1LWQM69eyPk,hass01,,"[""https://p3-pc.douyinpic.com/aweme/100x100/aweme-avatar/tos-cn-avt-0015_ff16e495534dda9d713df82f2464ee9c.jpeg?from=2064092626""]",CN,5,True,1040
7615610036819254649,7637954444746818338,2026-05-10T18:49:57.320838,这样的巅峰赛怎么玩[黑脸],1778349854,0,1,0,0,0,False,False,0,,-1,99397778124,MS4wLjABAAAA_DCgky13x5EYi8KzKIM_DhFALq1MnnPGMMitu9TxHxk,不理秋风.,,"[""https://p3-pc.douyinpic.com/aweme/100x100/aweme-avatar/tos-cn-i-0813_oENjAVkAVyhgEghboZyfPA6zCGAolIeqEECAAA.jpeg?from=2064092626""]",CN,5,True,868
7615610036819254649,7637252156853453626,2026-05-10T18:49:57.320838,卡在1500怎么办,1778186345,0,1,0,0,0,False,False,0,,-1,3658768141268733,MS4wLjABAAAA3lGO4vjYbxWtlmPVSEECxWNBjrrP9x21lGLGR_Gs1M2SJRy0aEv2YJSW83G6PxRg,oio,oio314,"[""https://p3-pc.douyinpic.com/aweme/100x100/aweme-avatar/tos-cn-avt-0015_f93581e705479aa344447d861a428058.jpeg?from=2064092626""]",CN,5,True,868
7615610036819254649,7615934358709404474,2026-05-10T18:49:57.320838,[泣不成声]每次看教程都能看懂一到实战就变成神奇宝贝。,1773222901,2103,1,10,0,0,True,False,0,,-1,94961460910,MS4wLjABAAAAEHfS-e9tmwDjwbgaJKtMA-ZbShVwqnaWrxqjWZkZtkU,梧桐雨,Lovely_Qo0,"[""https://p3-pc.douyinpic.com/aweme/100x100/aweme-avatar/tos-cn-i-0813c000-ce_oM6nK7fAIJoL9HrAjApIesYA26DOGTA9DegQfc.jpeg?from=2064092626""]",CN,5,True,868
7615610036819254649,7616689463242212136,2026-05-10T18:49:57.320838,新手玩中单有没有除了小乔还有推荐的呀,1773398711,115,1,19,0,0,True,False,0,,-1,757981742897180,MS4wLjABAAAAmBszfYmKNnUIqT2s_Nhzok8tdbOFcQ6CwIjV0vsS9gE,郁郁柠（王者荣耀皇帝流炸麦少萝中单）,42166009817,"[""https://p3-pc.douyinpic.com/aweme/100x100/aweme-avatar/tos-cn-i-0813_oEBE7D0UIANUgiAAoAREOeQASED9gAFIpQCIZf.jpeg?from=2064092626""]",CN,5,True,868
7615610036819254649,7621800833307460395,2026-05-10T18:49:57.320838,为什么高手小乔都喜欢用这个皮肤,1774588796,194,1,10,0,0,True,False,0,,-1,1699204542502969,MS4wLjABAAAAXtvr2q85Biu9t30YxK7BzprjxaWgr4WvOKvs_3DAJR_tdbN0greuGGWLGZ_9GI0a,兰岚（2.1w澜影）,33779398566,"[""https://p3-pc.douyinpic.com/aweme/100x100/aweme-avatar/tos-cn-i-0813c001_oAxPYEjwVII6AAgC9YA2sAWiBbbKaAtoiuHPy.jpeg?from=2064092626""]",CN,5,True,868
7615610103396152531,7636785413978505999,2026-05-10T18:50:17.241580,你唱这种歌，我个人建议肢体动作不要太多，安安静静的唱会感官上更好一些。因为你不是爆发型，声音偏小，气息很轻，肢体太多感觉上不匹配。纯属个人建议哈，不喜轻喷[尬笑],1778077666,1,1,0,0,0,False,False,0,,-1,101450598090,MS4wLjABAAAAHP_0dRfNlj4dj9IORD8vgM0Jf45WaLTh-Tkyu4etV4o,草莓猫児～🎈,,"[""https://p3-pc.douyinpic.com/aweme/100x100/aweme-avatar/tos-cn-i-0813c001_68ad9718a91b47e3991b4406c146a154.jpeg?from=2064092626""]",CN,5,True,102
7615610103396152531,7616015137140900665,2026-05-10T18:50:17.241580,好看吗[害羞],1773241708,7,1,2,0,0,True,False,0,,-1,1367412421175595,MS4wLjABAAAAjD1TwqTGzSWV4XYk_JazpotN1nB0t6wv0xXG9LkM_oeKyQ7nq6M5UrG1DTDblb2u,seas oceans,aasp825,"[""https://p3-pc.douyinpic.com/aweme/100x100/aweme-avatar/tos-cn-i-0813c000-ce_o0x14AvvJ8A1fEITDeFfJEgC6niA9HEn7AD0Bd.jpeg?from=2064092626""]",CN,5,True,102
7615610103396152531,7615643919385625394,2026-05-10T18:50:17.241580,第一次听女生版的《雨中的恋人们》，好棒[赞][赞][赞],1773155279,9,1,0,0,0,True,False,0,,-1,1135135922073252,MS4wLjABAAAANJ2gVFOn_QN3lZiPHKNNH9Nc33QL6lZRLSC_c4I2BHLZW2a9PMLziuMnMpksTSj-,黑咖啡,72171916377,"[""https://p3-pc.douyinpic.com/aweme/100x100/aweme-avatar/tos-cn-i-0813_oM9KigJBiAAASgPAIPAB9uaA8AIwPQB1DEQlU.jpeg?from=2064092626""]",CN,5,True,102
7615610103396152531,7615629738140713785,2026-05-10T18:50:17.241580,什么时候开播[害羞],1773151975,3,1,3,0,0,True,False,0,,-1,1367412421175595,MS4wLjABAAAAjD1TwqTGzSWV4XYk_JazpotN1nB0t6wv0xXG9LkM_oeKyQ7nq6M5UrG1DTDblb2u,seas oceans,aasp825,"[""https://p3-pc.douyinpic.com/aweme/100x100/aweme-avatar/tos-cn-i-0813c000-ce_o0x14AvvJ8A1fEITDeFfJEgC6niA9HEn7AD0Bd.jpeg?from=2064092626""]",CN,5,True,102
7615610103396152531,7615617438961599268,2026-05-10T18:50:17.241580,杨乐婷，杨乐婷，杨乐婷,1773149112,3,1,0,0,0,True,False,0,,-1,98036356393,MS4wLjABAAAAR31qPWZbZZo9pzK1pqrz9gWUNqALNccyxj0Xo_a0kF8,🌞泽🐏,gcz013303,"[""https://p3-pc.douyinpic.com/aweme/100x100/aweme-avatar/tos-cn-i-0813_ocnY9Fi2oIDAAAAhqCLFfBXEQMDAI8AYXgfD6S.jpeg?from=2064092626""]",CN,5,True,102
7615612403065130240,7615627318322021157,2026-05-10T18:50:34.643624,没开软,1773151412,14,1,3,0,0,True,True,0,,-1,396296878302830,MS4wLjABAAAAWXOxeLVDlyi6wr_qrVkjD7pciEv_zNIow1UTwutZh0s,棋天大圣,83816856764,"[""https://p3-pc.douyinpic.com/aweme/100x100/aweme-avatar/tos-cn-i-0813c001_o4fffNA9qQAeJAcwAoAhAfhL8fPBqjIQhMTZlW.jpeg?from=2064092626""]",CN,5,True,48
7615612403065130240,7615917180148810505,2026-05-10T18:50:34.643624,这步卒7进1有业5水平[赞][赞][赞],1773218902,3,1,2,0,0,True,True,0,,-1,4173383321540381,MS4wLjABAAAA7bxCiXdzilwaWkhpF5sxdffPyA5pmuheAyNLxB1o_3EVGbASp5VPagXNNF5E95mr,马擒单士,hsx625558,"[""https://p3-pc.douyinpic.com/aweme/100x100/aweme-avatar/tos-cn-i-0813_ogLAAo0IsdiBEC6agnDJxPiEiAAeDAezzhVWAE.jpeg?from=2064092626""]",CN,5,True,48
7615612403065130240,7618609818387137329,2026-05-10T18:50:34.643624,郑惟桐开局天下无敌,1773845829,0,1,0,0,0,False,False,0,,-1,96602422885,MS4wLjABAAAAt7H0CIYgVEaTqPyQwR1SqDRz01SctrKBU-omdh4HGiw,随风,suifeng40953,"[""https://p3-pc.douyinpic.com/aweme/100x100/aweme-avatar/tos-cn-i-0813_df2d8b0ad9544b5686c9a297390fe7a0.jpeg?from=2064092626""]",CN,5,True,48
7615612403065130240,7615843086975632165,2026-05-10T18:50:34.643624,这棋十分离谱，不值得推敲，都懂的,1773201650,4,1,0,0,0,True,True,0,,-1,3192579028685776,MS4wLjABAAAAmmPtwBCbD-uLMo5yl3MtpO46F74SbN8ihDX1rKTlXhJrA-BxmY5qzipprUtCZo44,岁月有声,suiyueyoushe78,"[""https://p3-pc.douyinpic.com/aweme/100x100/aweme-avatar/tos-cn-i-0813_4cd1e531ae48400fa332ae30b05a5f49.jpeg?from=2064092626""]",CN,5,True,48
7615612403065130240,7616363402730291977,2026-05-10T18:50:34.643624,王跃飞没去[捂脸],1773322794,4,1,0,0,0,True,False,0,,-1,2264619323501880,MS4wLjABAAAAPaEu99TTptNLIoEZnoi0VFSVQZ1Twr-2BGvFmoMRZSExqwzt7zUQi4xo6R6bWZOh,每夜唱不停,CaptZhang32673,"[""https://p3-pc.douyinpic.com/aweme/100x100/aweme-avatar/tos-cn-i-0813_a807db06dd4646c0b099773e23d71266.jpeg?from=2064092626""]",CN,5,True,48
7615633145592810806,7615898186472948514,2026-05-10T18:51:07.897820,哥，我还是喜欢你以前的风格,1773214479,3,1,3,0,0,True,False,0,,-1,67963369529,MS4wLjABAAAATZLB_8kiACXu2evPeNQ-hmYdoIAmDEt1260wSMfIrAQ,不羁的风,,"[""https://p3-pc.douyinpic.com/aweme/100x100/aweme-avatar/tos-cn-i-0813c001_owm6ztGMAhJDIxEZSAygfCxSE1eQAATTDAnAXh.jpeg?from=2064092626""]",CN,5,True,166
7615633145592810806,7615957248557581093,2026-05-10T18:51:07.897820,哪位朋友知道，江州就是现在的江西？,1773228230,7,1,3,0,0,True,False,0,,-1,3667571763845132,MS4wLjABAAAA9WsVDMcsMnhIH7bLX3hdNEYowOBlHT996IdHB4fceWv-wPEnY9SOk2Ohdek7JGeV,日新月异,dy2j1axdewpr,"[""https://p3-pc.douyinpic.com/aweme/100x100/aweme-avatar/tos-cn-i-0813_25d9ffe9e41a44b1952a7787e043083a.jpeg?from=2064092626""]",CN,5,True,166
7615633145592810806,7615795502001472293,2026-05-10T18:51:07.897820,太血腥了，建议封杀,1773190572,5,1,6,0,0,True,False,0,,-1,93608383422,MS4wLjABAAAAm1XIX0T7SlTc1rsliZv9ILOQwXGIZef6IIZCs5LonCg,我爱笑会议室,,"[""https://p3-pc.douyinpic.com/aweme/100x100/aweme-avatar/mosaic-legacy_8d77002438f709dfaf4d.jpeg?from=2064092626""]",CN,5,True,166
7615633145592810806,7615905798522422070,2026-05-10T18:51:07.897820,不懂宋江，憎恨宋江，理解宋江，成为宋江,1773216252,40,1,5,0,0,True,False,0,,-1,53666800099,MS4wLjABAAAAIeZJ4jJrQTwW5BN_QRxqqGeCRnBJG50POxZ_YcllM2k,冬晦归安,MH8080,"[""https://p3-pc.douyinpic.com/aweme/100x100/aweme-avatar/tos-cn-avt-0015_2b14254544406e332b00bf96a54d18b2.jpeg?from=2064092626""]",CN,5,True,166
7615633145592810806,7625388396593070897,2026-05-10T18:51:07.897820,戴宗是会武功的,1775424095,2,1,2,0,0,True,False,0,,-1,3320166837397549,MS4wLjABAAAAfIHhN36U8ZpqWG31dD40bXfcNR5d6p9MB6vqvT_5iekwtG8NtaiaPw1y6h18zEY1,姜小鱼1907✨,jiangxiaoyu119,"[""https://p3-pc.douyinpic.com/aweme/100x100/aweme-avatar/tos-cn-i-0813c000-ce_oEAATD8mgEBAA2hQvAffKF6fFD0HheIk6xCuHA.jpeg?from=2064092626""]",CN,5,True,166
7615633627078069523,7618247960132420402,2026-05-10T18:51:22.833748,不知道有没有听过《关山月》，很好听[流泪][流泪],1773761578,41,1,2,0,0,True,False,0,,-1,1242913176292080,MS4wLjABAAAAqpXnn1QxjAaymKcW6ITTbAt5580H_Z9YG0FkO6e-6tIq0JXYKpkoGz5FoD-H91lf,粥粥酱,65821337700,"[""https://p3-pc.douyinpic.com/aweme/100x100/aweme-avatar/tos-cn-i-0813c001_o8AAt4iIEAg0jyevn0iNkgD1aIQG1AA2BCTeA7.jpeg?from=2064092626""]",CN,5,True,1158
7615633627078069523,7616131259123974961,2026-05-10T18:51:22.833748,哈哈，《浮光》我单曲循环了一周，每天三个小时左右[捂脸],1773268748,153,1,20,0,0,True,False,0,,-1,3056242841105517,MS4wLjABAAAAcu3pFfTWiS0GFEb5EhVHJ7W3Y_y_jzfK1gdkcp4hrYqpP23CMZ2sd842jmI1FgKS,丝忆教员,huainianMAO,"[""https://p3-pc.douyinpic.com/aweme/100x100/aweme-avatar/tos-cn-avt-0015_8c2f83397621babc8f888dd708529b24.jpeg?from=2064092626""]",CN,5,True,1158
7615633627078069523,7619306374367789859,2026-05-10T18:51:22.833748,我最欣赏的是小刀会序曲和天地孤影任我行[玫瑰][玫瑰],1774008009,7,1,1,0,0,True,False,0,,-1,3839118599532408,MS4wLjABAAAAs4Wx1oHSyqxoqhn1S9_js1uPKCGB1qiCKqVjnqZn0IrMXod_weWCD2NnrCh5VvW1,石学士,jiunwei7296658,"[""https://p3-pc.douyinpic.com/aweme/100x100/aweme-avatar/tos-cn-i-0813c001_osppEEESBAAI5A7jAE5pfAeAWelDLFi0NGBbjB.jpeg?from=2064092626""]",CN,5,True,1158
7615633627078069523,7616284227795387194,2026-05-10T18:51:22.833748,浮光，惊鸿，心弦，三生树，城南花已开，真的绝了[流泪],1773304361,65,1,6,0,0,True,False,0,,-1,101392305895,MS4wLjABAAAAkSAULAFaKIaRJcDfdX5DbIBTDgIAsTH0-Eof0pvV2bk,Nice,7666666AS,"[""https://p3-pc.douyinpic.com/aweme/100x100/aweme-avatar/tos-cn-i-0813c000-ce_oM2gFAoDpCenV4mFEAAPWAIrAE0Zf7Pw29QAHD.jpeg?from=2064092626""]",CN,5,True,1158
7615633627078069523,7616174787283141403,2026-05-10T18:51:22.833748,水龙吟好像还请到九霄环佩了[赞][赞],1773278881,11,1,1,0,0,True,False,0,,-1,105057562845,MS4wLjABAAAAoV8xtMTlpz-Jf_EvvsuxGdHXUZCodaJwkMAZY9KdzdQ,大头蒜,,"[""https://p3-pc.douyinpic.com/aweme/100x100/aweme-avatar/mosaic-legacy_3793_3114521287.jpeg?from=2064092626""]",CN,5,True,1158
7615634787189001498,7615662520553374521,2026-05-10T18:51:36.882480,我当时玩的时候电池都不够用，你这个就直接不需要电池,1773159612,446,1,10,0,0,True,False,0,,-1,1451009239688599,MS4wLjABAAAADudsQ-ZKlz1mkdxbxXdZ3V0CBZ22AfoVvZ9RqVoNg6qvQImP6hZ4VMhPZy2AoQVr,崔鸡毛,17.TOT,"[""https://p3-pc.douyinpic.com/aweme/100x100/aweme-avatar/tos-cn-i-0813c000-ce_o4AHefvMGgFF0TThAMLAcv2bSKeRlATQIeAHDU.jpeg?from=2064092626""]",CN,5,True,304
7615634787189001498,7615689187978707749,2026-05-10T18:51:36.882480,香菜已经开始不叫我们宝贝了[微笑],1773165821,15,1,2,0,0,True,False,0,,-1,101709062198,MS4wLjABAAAApZDybetd3jDXlDeF-iH7IdxBkB8jgLIbpp9FbP15PM8,LiNineZhpx,,"[""https://p3-pc.douyinpic.com/aweme/100x100/aweme-avatar/tos-cn-i-0813c000-ce_os9AeEdjAtAQiALpIbeFEBdEIEifPAtjWwDYAd.jpeg?from=2064092626""]",CN,5,True,304
7615634787189001498,7616044225495450387,2026-05-10T18:51:36.882480,主播遇见怪：,1773248489,43,1,2,0,0,True,False,0,,-1,1561740172331037,MS4wLjABAAAAJLetn6ZHrfjFoDnP9PIDL2GokJgvT6R-7o5jU-Kk_OmI6GW9rsK1r_Ph3TC5dR62,我的刀盾,42856810851,"[""https://p3-pc.douyinpic.com/aweme/100x100/aweme-avatar/tos-cn-i-0813c000-ce_oAJJATME1W4EBMF7WVIAi4A84ZgfHefmADzExD.jpeg?from=2064092626""]",CN,5,True,304
7615634787189001498,7618216371234685746,2026-05-10T18:51:36.882480,原来斗鱼上有个主播直播 全程不开手电过逃生 真牛啊,1773754222,120,1,5,0,0,True,False,0,,-1,93138974107,MS4wLjABAAAAEntjrixNZzXjHXUmW3B_OBJrV13vX8_X-sDB7OyH_eI,扶摇维桢,,"[""https://p3-pc.douyinpic.com/aweme/100x100/aweme-avatar/douyin-user-file_ced22395ad8c835e18a2df372a7abde4.jpeg?from=2064092626""]",CN,5,True,304
7615634787189001498,7629384777284961073,2026-05-10T18:51:36.882480,活生生玩成消逝的光芒,1776354572,2,1,0,0,0,False,False,0,,-1,109283108708,MS4wLjABAAAAd-nkeKgOGKQ_MoaY7elNpX5_Jq7uzqNGdbjl9RwWn4Y,Sunber,,"[""https://p3-pc.douyinpic.com/aweme/100x100/aweme-avatar/tos-cn-avt-0015_bf22162fd9d68776ac9b6f11309b4a03.jpeg?from=2064092626""]",CN,5,True,304
7615647821122866478,7615674219209212731,2026-05-10T18:51:52.578557,我在抖音竟然能看到有人花1000给螃蟹做CT,1773162337,87518,1,1150,0,0,True,False,0,,-1,59431300006,MS4wLjABAAAAk_lV7KB4rOSUzUQl2aD6meakQFCgS4Q18czgojrqs_4,星驰创新,XCCX88,"[""https://p3-pc.douyinpic.com/aweme/100x100/aweme-avatar/tos-cn-avt-0015_c97babc86ea61fae87125c6bf14e6647.jpeg?from=2064092626""]",CN,10,True,15204
7615647821122866478,7622732520447591227,2026-05-10T18:51:52.578557,@抖音求真 人工培育最大的螃蟹是什么蟹,1774805727,4270,1,24,0,0,True,False,0,,-1,96122171910,MS4wLjABAAAALGgI0aXi3eXD_gc0dYCHn_-dnluJ-iGhjPWkGCaqmLA,我在蔚蓝的海边拿小棍戳你嘿小王八壳还挺硬,zy9388888888,"[""https://p3-pc.douyinpic.com/aweme/100x100/aweme-avatar/mosaic-legacy_2d73d0006d22f83f70697.jpeg?from=2064092626""]",CN,10,True,15204
7615647821122866478,7615826393004622611,2026-05-10T18:51:52.578557,省流：女主难产走了，大小都没保住,1773197765,62608,1,420,0,0,True,False,0,,-1,105677088854,MS4wLjABAAAAxHRRbiVy-l-JcO9r1rbgH594I18je3rzbCD70ymOx1I,🌈溺饵🍀,wzc20030101,"[""https://p3-pc.douyinpic.com/aweme/100x100/aweme-avatar/tos-cn-i-0813c001_oMJWIBgiav4PABXMAPRTxAI5X1FAEwdbAUi4x.jpeg?from=2064092626""]",CN,10,True,15204
7615647821122866478,7615694347648549669,2026-05-10T18:51:52.578557,青蟹的寿命就1到2年[憨笑]也算是寿终正寝了,1773167025,35501,1,145,0,0,True,False,0,,-1,108947128118,MS4wLjABAAAAGe1elLjyMnsRNKOAnz-4W2MC3L7tB6gzH-ApJ_lrDWU,廾 匸,dydfrix3jwg1,"[""https://p3-pc.douyinpic.com/aweme/100x100/aweme-avatar/tos-cn-i-0813c000-ce_oEDKI8EDAlfJN7fA5OfXBc2QVAFYS7A1zvED8g.jpeg?from=2064092626""]",CN,10,True,15204
7615647821122866478,7616139834139181873,2026-05-10T18:51:52.578557,"青蟹的寿命因生长环境、种类等因素有所不同，具体如下：
自然环境：一般青蟹寿命为20年左右 。
人工养殖：通常是2年左右，1年性成熟，雌性产卵后不久就会老化死亡。[呆无辜]",1773270743,1978,1,12,0,0,True,False,0,,-1,71044400733,MS4wLjABAAAAkkJQKL5-eHr2mCvkb7c7bXmE47OFODPDSjWRH5CacFg,✨王哪跑🏃✨,,"[""https://p3-pc.douyinpic.com/aweme/100x100/aweme-avatar/tos-cn-avt-0015_ec3b5760db62c449404299e6b5251822.jpeg?from=2064092626""]",CN,10,True,15204
7615649008513535232,7637761677257343793,2026-05-10T18:52:05.803474,不知道这次坟墓整改会不会把这个也整改了：,1778304969,0,1,0,0,0,False,False,0,,-1,109825456940,MS4wLjABAAAAWG8NJZu1u1-DwKgvCHCel4ZlmedujQLYyu-AnDDU4fg,忘切心中烦心事,wangqiexinzh,"[""https://p3-pc.douyinpic.com/aweme/100x100/aweme-avatar/tos-cn-i-0813c001_b72c59237a60470b953d0a30b8c33c94.jpeg?from=2064092626""]",CN,5,True,219
7615649008513535232,7616038298557612857,2026-05-10T18:52:05.803474,周煌墓去看过没,1773247103,0,1,1,0,0,True,False,0,,-1,101979687479,MS4wLjABAAAALwxB5aM4hKliGWp4XvElV8q9OXMwaGc3Neebgo19fB4,纯蓝,dyr1gntb5vkx,"[""https://p3-pc.douyinpic.com/aweme/100x100/aweme-avatar/tos-cn-avt-0015_d589e64727dc99b4dc9502c0ce76c702.jpeg?from=2064092626""]",CN,5,True,219
7615649008513535232,7616760519533839154,2026-05-10T18:52:05.803474,武隆浩口田家寨有一座雕刻极其精美的咸丰古墓。雕刻镂空，颜色等堪称一绝,1773415257,9,1,10,0,0,True,False,0,,-1,980363527610119,MS4wLjABAAAAGDW3pSZhdjp5q-ZZ6OpwazKuMZWgBVC4r1cuVy_8Mfk,猜猜想想,dy9tw97xsuvp,"[""https://p3-pc.douyinpic.com/aweme/100x100/aweme-avatar/tos-cn-i-0813c001_o8RaAA4E9DMfzwGOfgAHAQA3IAmmN5DCIQBAFC.jpeg?from=2064092626""]",CN,5,True,219
7615649008513535232,7625172273724441363,2026-05-10T18:52:05.803474,当年再豪华，现在也是破败不堪，有些事真呢看淡吧,1775373770,5,1,0,0,0,True,False,0,,-1,62495709577,MS4wLjABAAAA3g7jvviV9zW8omqNTtnX10BElk1Sbf-3NvCvSE6-bbc,似水流年,,"[""https://p3-pc.douyinpic.com/aweme/100x100/aweme-avatar/tos-cn-avt-0015_191efd840d2ecf325ea398de6281b421.jpeg?from=2064092626""]",CN,5,True,219
7615649008513535232,7634866911764267834,2026-05-10T18:52:05.803474,这个墓怎么前面还有坟？,1777630979,0,1,0,0,0,False,False,0,,-1,75013522963,MS4wLjABAAAA27loTFXJ2Rtotosq5tDOdVQe40IFLQgp80hmeDnlNig,小马要努力,Mxl1619,"[""https://p3-pc.douyinpic.com/aweme/100x100/aweme-avatar/tos-cn-i-0813c000-ce_o0JMwEDAPAPBGawQAagAAPyq5Ac9iidCIXBQm.jpeg?from=2064092626""]",CN,5,True,219
7615730766018310278,7618324747044111141,2026-05-10T18:52:55.966564,那个读 缘赵记，之前的炒肝赵，后来搬家了想注册原赵记，被注册了就叫缘赵记了,1773779464,2,1,1,0,0,True,False,0,,-1,3910304803325037,MS4wLjABAAAAB62lDnhl-OdOKmOn4vFEg4Y-E-QEZv4C6hjzT8JrooC9JqwbJQ8e1yA4aRacw04Q,布布,30376088960,"[""https://p3-pc.douyinpic.com/aweme/100x100/aweme-avatar/tos-cn-i-0813c001_oElXYGgIieBAaNri5wC4DzKQ6AkAeAAAEyH5vd.jpeg?from=2064092626""]",CN,10,True,382
7615730766018310278,7615905152332022537,2026-05-10T18:52:55.966564,烤鸭还得吃 四季民福[赞],1773216101,7,1,10,0,0,True,False,0,,-1,95512224661,MS4wLjABAAAAiSpuwGZdSY0hs6VEH65MSugjAbnBhdPdTBsYjDMuGaE,联东兴达,,"[""https://p3-pc.douyinpic.com/aweme/100x100/aweme-avatar/tos-cn-i-0813_b8c9f5c4cf654dcd8df9c9d58bd4d04d.jpeg?from=2064092626""]",CN,10,True,382
7615730766018310278,7617059267048244008,2026-05-10T18:52:55.966564,陈记卤煮小肠，味道没有以前好吃了,1773484813,1,1,0,0,0,True,False,0,,-1,101836842841,MS4wLjABAAAAIKrRZIYlALahLYGBzbUB006mGaWW_OvPph9e5pjcem4,xiaoguitar,,"[""https://p3-pc.douyinpic.com/aweme/100x100/aweme-avatar/tos-cn-i-0813c000-ce_oQ84rYwIi8BAvomiCiCXB0SU4A1EeAAAEOntfP.jpeg?from=2064092626""]",CN,10,True,382
7615730766018310278,7616000392145306425,2026-05-10T18:52:55.966564,天兴居张自忠路地铁站B口出来，炒肝超级好吃,1773238275,3,1,1,0,0,True,False,0,,-1,786870839547757,MS4wLjABAAAAfn3i3hpkxonn4K0DAUKEf9G235ElFNnIK7KSpToz4VE,性情中人☀️,dy0wpynhagds,"[""https://p3-pc.douyinpic.com/aweme/100x100/aweme-avatar/tos-cn-i-0813c000-ce_owA8PWGOAaJ7QMfGQe8JlYA0BfQBXSAQgAFcI8.jpeg?from=2064092626""]",CN,10,True,382
7615730766018310278,7616241759467766547,2026-05-10T18:52:55.966564,这蒜怎么是绿的？,1773294474,1,1,1,0,0,True,False,0,,-1,4308320276987904,MS4wLjABAAAANwmmCUh37JdYT_Y9_WF2R7m6KRM8A17GfLnX6-hEJ8l8guho3h1TXqJ-WDfdH0h6,小蓝喵~,QWRU667693,"[""https://p3-pc.douyinpic.com/aweme/100x100/aweme-avatar/tos-cn-i-0813c001_o4fjgF1BEQFIA8V6fXf9OARA7AnETDGpBAU1Ej.jpeg?from=2064092626""]",CN,10,True,382
7615799956575022692,7615962676841317158,2026-05-10T18:53:11.950556,虽然之前有很多关于艺术的不好的言论，但是他的技术确实没得喷，人家就是很牛逼,1773229493,322,1,7,0,0,True,False,0,,-1,372084180268083,MS4wLjABAAAAdCVi4C4MNyzxLF3fCQu6x_U_vB1aiMlLuTga3JjkwaA,古关,33597260139,"[""https://p3-pc.douyinpic.com/aweme/100x100/aweme-avatar/tos-cn-i-0813_oEAfzFiBALm9ODleIjOAz9AJAiEAJo9DgACnEL.jpeg?from=2064092626""]",CN,5,True,197
7615799956575022692,7617685518050345769,2026-05-10T18:53:11.950556,电脑出了点问题，明天播[送心],1773630625,57,1,8,0,0,True,False,0,作者,1,3050459691758636,MS4wLjABAAAArjogx7eVwb9VudyARizs4aOd8n6UMGpfVDtiiSnh690naREv7vrSFWXwpyf7ZXE0,艺术（三角洲行动）,chl8381,"[""https://p3-pc.douyinpic.com/aweme/100x100/aweme-avatar/tos-cn-avt-0015_72cf4c5f31d4943f611ca9b37401e9b1.jpeg?from=2064092626""]",CN,5,True,197
7615799956575022692,7615896326581257019,2026-05-10T18:53:11.950556,三角洲新视角，第三人称,1773214047,4,1,1,0,0,True,False,0,,-1,3371520730606487,MS4wLjABAAAAh7UaOy751V8LO-kpBmyD7zsajG6FoB2b0AWR-O917W0TruO5S9FGDdGAWJzmklu5,予羽雨屿（三角洲行动）,85365010098,"[""https://p3-pc.douyinpic.com/aweme/100x100/aweme-avatar/tos-cn-i-0813c000-ce_ocAA9EEQIEwpwjrfK1FnceFA2Gov4AAuDCm9Ai.jpeg?from=2064092626""]",CN,5,True,197
7615799956575022692,7616371804903260938,2026-05-10T18:53:11.950556,艺术很厉害的。,1773324751,4,1,1,0,0,True,False,0,,-1,3405607489004332,MS4wLjABAAAA6RYKX34Fp4hHm3ptjCOIXrB1GGj0XvLZsZMc3xlMZV3Bl2yKBgrhhj-t_Z8hXLji,贪吃的蜂,60389142359,"[""https://p3-pc.douyinpic.com/aweme/100x100/aweme-avatar/tos-cn-i-0813_owAtxM6f9pEDDNAgCGDP2IF8Ag3zgAeE8ywAIA.jpeg?from=2064092626""]",CN,5,True,197
7615799956575022692,7616949597227893553,2026-05-10T18:53:11.950556,艺术老师，我成了[流泪],1773459280,9,1,2,0,0,True,False,0,,-1,253337046619099,MS4wLjABAAAAV-aQRR_fGOhmpUeTGJm4qJ81rZP7GpBbHGl7OqgNcD0,XIUXN,45834758003,"[""https://p3-pc.douyinpic.com/aweme/100x100/aweme-avatar/tos-cn-i-0813c000-ce_ogBsZqIgQyAFCEgDFX7LoTfYAfDeJFAQjA9TOO.jpeg?from=2064092626""]",CN,5,True,197
7615808237141164699,7638205935815623473,2026-05-10T18:53:27.381582,死在只修外功，咏春拳估计只学了打法就跑国外了[呲牙],1778408406,0,1,0,0,0,False,False,0,,-1,81084131998,MS4wLjABAAAA_iIFnBd0KCD2Cx2UWmbxAUJWzcsRsnzBgatvRJkPV04,@安于山海,,"[""https://p3-pc.douyinpic.com/aweme/100x100/aweme-avatar/tos-cn-i-0813c000-ce_o8EI3eEz28ju0iDK31DBgwAAehEfAGyAYIAuid.jpeg?from=2064092626""]",CN,5,True,256
7615808237141164699,7635495111090750267,2026-05-10T18:53:27.381582,阿坤至今还没走出来觉得自己是功夫片的,1777777243,2,1,1,0,0,True,False,0,,-1,95738533957,MS4wLjABAAAAS-xGsmJBOuUxqA9LDRN3K50H6IbSnZ2cqHcyf5NADu4,无敌小辣辣,,"[""https://p3-pc.douyinpic.com/aweme/100x100/aweme-avatar/mosaic-legacy_1ca9c00023550d92fd2a0.jpeg?from=2064092626""]",CN,5,True,256
7615808237141164699,7637726408282374947,2026-05-10T18:53:27.381582,人家学哲学的你跟他聊,1778296758,0,1,1,0,0,True,False,0,,-1,3934476736673159,MS4wLjABAAAAns0HNjLsCB3u3vN6GHhIm2X51cO-j5JGH8AcZJSH55Y9VzWkqd-KxiEAP9Lj-28O,喜欢甜妹,39830998960,"[""https://p3-pc.douyinpic.com/aweme/100x100/aweme-avatar/mosaic-legacy_3793_3131589739.jpeg?from=2064092626""]",CN,5,True,256
7615808237141164699,7623363853766116139,2026-05-10T18:53:27.381582,《李小龙传奇》是记录片？,1774952716,2,1,2,0,0,True,False,0,,-1,1785210618258126,MS4wLjABAAAA_CuTtroTkVbuZysRieyRVillIsdKJTJrBysLeUTrZMdeuWJo-6E_TkzZASYf8RFM,Mia_アクセル,HanyuShioriFD,"[""https://p3-pc.douyinpic.com/aweme/100x100/aweme-avatar/tos-cn-i-0813_oEelX32CDwGT7ngIeOLdfIA7CqAoQAIfnwAILA.jpeg?from=2064092626""]",CN,5,True,256
7615808237141164699,7622292757273346856,2026-05-10T18:53:27.381582,李小龙是神一样的存在，武之圣者。[赞][赞][赞],1774703331,26,1,5,0,0,True,False,0,,-1,571350538269080,MS4wLjABAAAAGwHo3SnZzf09juVt1fljxTMBeDnSEFZmS8DVSja072Q,齐宏,qihong35309,"[""https://p3-pc.douyinpic.com/aweme/100x100/aweme-avatar/mosaic-legacy_2f7450004e47ad0fe365d.jpeg?from=2064092626""]",CN,5,True,256
7615812528718826794,7638214581492482853,2026-05-10T18:53:38.189941,国乒如果再这样发展下去。不敢想。。。,1778410418,0,1,0,0,0,False,False,0,,-1,96873502960,MS4wLjABAAAAG0hcGepeD9XrOPduEP92fCUiZO0miNLSa6dMrGW3X7k,你很机车诶.希文,MZxiwen,"[""https://p3-pc.douyinpic.com/aweme/100x100/aweme-avatar/tos-cn-i-0813c000-ce_oIgAaEemRJAv6GbeADEjCXDdFAmE8If7ZBsG7E.jpeg?from=2064092626""]",CN,5,True,9207
7615812528718826794,7636580132073390885,2026-05-10T18:53:38.189941,樊振东不欠国乒，一丝一毫，反而他的努力却没有人能记住，看见,1778029870,166,1,2,0,0,True,False,0,,-1,60463483038,MS4wLjABAAAAyFZwednhFEcG9c6DOqXXskNRYNLAk3acwv3viEO9huM,💋ꦿ沉默꧔ꦿ᭄࿐ᩚ,,"[""https://p3-pc.douyinpic.com/aweme/100x100/aweme-avatar/tos-cn-i-0813c000-ce_oIfoit9AAODAEDbEyKFrcEAtEeAXIwEtykAe9A.jpeg?from=2064092626""]",CN,5,True,9207
7615812528718826794,7637636121098240810,2026-05-10T18:53:38.189941,樊振东的遭遇让大家意识到，即使已经做到行业顶尖，即使他爱国，忠诚，全力以赴，不曾懈怠，即使他是退役军人，荣获国家一等功，即使他在奥运会上独守全区，守住了国球和国家的荣耀，在取得巅峰荣耀后的半年，也会被教练组无情地虐杀，而且是当着全世界的面，当众行刑。但是，樊振东之所以是樊振东，樊振东之所以能在竞技体育的残酷厮杀中成功突围，在于他的血性、他的勇敢。他不转弯，也绝不屈服。巴黎那一夜，他啥办法都想过了，但是唯独没想过投降。12.27那一天，他啥后果都想到了，但是唯独没想过妥协。太平本是将军定，不见将军享太平！,1778277318,24,1,1,0,0,True,False,0,,-1,17100254607,MS4wLjABAAAAa4bBVVFsL_dbVOo6LaEOioYRVx1SNlhdvuzfm01lCGA,🦅灰奇·雲遊™,,"[""https://p3-pc.douyinpic.com/aweme/100x100/aweme-avatar/tos-cn-i-0813_0e0a608df0cb4a24ad6661e3e7ae90ec.jpeg?from=2064092626""]",CN,5,True,9207
7615812528718826794,7618354731804017458,2026-05-10T18:53:38.189941,我永远记得在0比2时，东哥对王皓教练说，我可以的。真的是拿命拚回来的冠军。保全了所有人的脸面。真英雄，致敬樊振东。,1773786441,5734,1,70,0,0,True,False,0,,-1,1411423072683356,MS4wLjABAAAAAaK2TuFT547MdrUZkhNtwijoqqTwvREMIVjb1rdNhaWgRPHroEEI8JhXRU_IJ22g,用户4505926354084,dyv2wbjtupgd,"[""https://p3-pc.douyinpic.com/aweme/100x100/aweme-avatar/mosaic-legacy_3796_2975850990.jpeg?from=2064092626""]",CN,5,True,9207
7615812528718826794,7637872218503922459,2026-05-10T18:53:38.189941,我看过无数遍，每次看后都很心疼樊振东，这样的优秀的运动员却不是24的十佳运动员，现在又把他逼的去国外打球,1778330705,23,1,1,0,0,True,False,0,,-1,80583498032,MS4wLjABAAAAgwzAGk-9KLCcOkzuqwlkItRYK3xW4rkO0teEjdTQ0kw,木子禾草,,"[""https://p3-pc.douyinpic.com/aweme/100x100/aweme-avatar/tos-cn-i-0813_0261100f339b43b487d8d723fe5b1cae.jpeg?from=2064092626""]",CN,5,True,9207
7615820571447676187,7637673219726541627,2026-05-10T18:53:54.027538,老三国里的张飞，前期再怎么不服气诸葛亮，顶多也是阴阳一下，言行都有所控制。不像新版张飞，把诸葛亮欺负成小媳妇似的。,1778284374,0,1,0,0,0,False,False,0,,-1,51989769595,MS4wLjABAAAADFdNm1ZyD8lP7l_trIjiiSw7NJ1D5FvHFAAj4hzIAfI,精英中心 黑熊,dye0xvynyc7x,"[""https://p3-pc.douyinpic.com/aweme/100x100/aweme-avatar/tos-cn-avt-0015_bd1811e573495fa74ab6e9e844df5721.jpeg?from=2064092626""]",CN,5,True,425
7615820571447676187,7615864001096762158,2026-05-10T18:53:54.027538,pig LED [捂脸],1773207057,23,1,4,0,0,True,False,0,,-1,2065333342710539,MS4wLjABAAAAKq2ELdmP0hyNODmKPveReLchZN-8Oqxt0xHUsIB2o_S6wt4o3D6RFfMd3-B7ndl8,贫道梅杰超,93135033804,"[""https://p3-pc.douyinpic.com/aweme/100x100/aweme-avatar/mosaic-legacy_3793_3131589739.jpeg?from=2064092626""]",CN,5,True,425
7615820571447676187,7620434047000691510,2026-05-10T18:53:54.027538,谁懂雷霆英语字幕[憨笑][憨笑][憨笑] good plan=0[憨笑],1774270565,21,1,1,0,0,True,False,0,,-1,96613984944,MS4wLjABAAAAipZxWpFFuiggrdoTquIUEjQQBYOznyvuTZoAmPQNzfQ,喜欢晴天☀️,,"[""https://p3-pc.douyinpic.com/aweme/100x100/aweme-avatar/tos-cn-avt-0015_b1842c054feb38bb4cb3c79d878e0681.jpeg?from=2064092626""]",CN,5,True,425
7615820571447676187,7615826911701435173,2026-05-10T18:53:54.027538,刘备拥有王牌战队，跟第一军师，居然都没能恢复汉室，太可惜了,1773197885,74,1,25,0,0,True,False,0,作者,1,1464977904895181,MS4wLjABAAAAwpmnkRtmDsIpWj9V04kbptGweSxyZddXmRPoGf0MOnXif05XbxmUe5GVZ6J28yJ6,幽州校尉,88427823157,"[""https://p3-pc.douyinpic.com/aweme/100x100/aweme-avatar/tos-cn-i-0813c001_oIeAkAgAACAIbAkyiRDfhkXnECRtJAF6agzMAs.jpeg?from=2064092626""]",CN,5,True,425
7615820571447676187,7621757772409078568,2026-05-10T18:53:54.027538,赵云喊关羽是关将军，喊张飞明显就要亲切得多，称三哥。还是张飞好相处。,1774579173,13,1,1,0,0,True,False,0,,-1,95931082307,MS4wLjABAAAAT3Ek61kKMLwiiqyRBaKktJBxEdfbwtVjH3CVA19uUtw,老狐仙♐️ 🐾    🐾,,"[""https://p3-pc.douyinpic.com/aweme/100x100/aweme-avatar/tos-cn-avt-0015_017565bb979cf555431c7a39451a16a3.jpeg?from=2064092626""]",CN,5,True,425
7615823623907085610,7618306011748827953,2026-05-10T18:54:06.286298,英格兰吴艳妮,1773775101,6,1,1,0,0,True,False,0,,-1,62329313131,MS4wLjABAAAA7heVLdocb11xSsY9XXb9X0k96pQ0f_tnB0La1HEHXIQ,不吃米饭,,"[""https://p3-pc.douyinpic.com/aweme/100x100/aweme-avatar/tos-cn-avt-0015_43b5bc7d02b6bb02bc6c3f8c59007538.jpeg?from=2064092626""]",CN,5,True,280
7615823623907085610,7633567042021573413,2026-05-10T18:54:06.286298,万一里面没穿内衣，一时半会儿忘记了，会出现啥情况？全场都是这个[发呆][发呆][发呆][发呆][发呆][发呆]表情吗？,1777328333,0,1,0,0,0,False,False,0,,-1,109130248930,MS4wLjABAAAA9lEHB7ERvoHTnrq0Xdb0DJudkD4MVCvmiYcVYvHKiLA,心澄❤️,,"[""https://p3-pc.douyinpic.com/aweme/100x100/aweme-avatar/tos-cn-i-0813c000-ce_osEqceC0xzbmxiHj1JCBKwAAosEfATPA0IApic.jpeg?from=2064092626""]",CN,5,True,280
7615823623907085610,7615934091616174891,2026-05-10T18:54:06.286298,凯莉的拼搏感动了上帝！[赞][赞],1773222840,122,1,10,0,0,True,True,0,,-1,3737993733225015,MS4wLjABAAAAH-LMv3Vt8exWFCXwFdh0gHObKBZtbARxGAZmML5_P17fx_VCGPCbF855qfhNl-Br,平凡,pingfan94301,"[""https://p3-pc.douyinpic.com/aweme/100x100/aweme-avatar/tos-cn-i-0813c001_67ac93fe06c34ffba770ae4261f6efd1.jpeg?from=2064092626""]",CN,5,True,280
7615823623907085610,7621176178946540314,2026-05-10T18:54:06.286298,我只想知道她是不是金毛狮王凯恩的妹妹？,1774443357,0,1,0,0,0,True,False,0,,-1,98471041665,MS4wLjABAAAAM1ybIzDGnRxh9vcM2MvWPRPMrnEKfbjubOk4pQnlKrk,猪猪 ,Jason_zhu188,"[""https://p3-pc.douyinpic.com/aweme/100x100/aweme-avatar/mosaic-legacy_2f9100002d6b44f0259d7.jpeg?from=2064092626""]",CN,5,True,280
7615823623907085610,7624834749433037631,2026-05-10T18:54:06.286298,本来能找个千万富翁，这一脱八抖能这个亿万富翁[赞],1775295184,0,1,0,0,0,False,False,0,,-1,1162610517738218,MS4wLjABAAAAmY46cqRijLcsTBh5WvQZIFIBrZ3RhxymVPQ03ZiPzd9booh719Rb0E4Gfg6efhLR,游隼,ln67870537067678,"[""https://p3-pc.douyinpic.com/aweme/100x100/aweme-avatar/tos-cn-i-0813_oofDtMAEgLdgAIMAPloX24AABIQfeCCGgz4KfW.jpeg?from=2064092626""]",CN,5,True,280
7615824148610305326,7637313793820082996,2026-05-10T18:54:16.661370,真实案件么,1778201323,0,1,1,0,0,True,False,0,,-1,2743974145557207,MS4wLjABAAAA_vOFT2jUKlzBu-mn5YM3LiZeqBNG-Iee3hT-m54cAkrVycxXsWxId1_9o5AzPpya,用户4497467522169,52558221457,"[""https://p3-pc.douyinpic.com/aweme/100x100/aweme-avatar/tos-cn-i-0813c000-ce_osnxTIb9PCIAAAiIibpEv9D0MPAaBphDSYBIA.jpeg?from=2064092626""]",CN,10,True,2375
7615824148610305326,7636086638619788090,2026-05-10T18:54:16.661370,这个巴勃罗扮演者是不是和精英部队的男主是同一个演员啊,1777914970,9,1,2,0,0,True,False,0,,-1,2049095504241608,MS4wLjABAAAANHypLSIFoMngpm39Sy16huhhJv-2D09_chb7OchJi2BcEw6A-vT6g39gwyhvMvt4,去追月亮🤪🤪🤪,mmmmmmiaoyue0531,"[""https://p3-pc.douyinpic.com/aweme/100x100/aweme-avatar/tos-cn-i-0813c000-ce_oIfg6FhAJAEEApgerdDz8TIaeEAmQu7MrFPBDM.jpeg?from=2064092626""]",CN,10,True,2375
7615824148610305326,7615826283670618930,2026-05-10T18:54:16.661370,第一季完整版,1773197738,71,1,3,0,0,True,False,0,作者,1,1631300588671884,MS4wLjABAAAAVpeMWhBrukfEBsCKfyNkcTbgLs0XtuCo0uPH6F3XCHGB4MhRd0QfEXRElwp2FamJ,黑V说电影,Heiv12011135,"[""https://p3-pc.douyinpic.com/aweme/100x100/aweme-avatar/tos-cn-i-0813_1f92a865589d46faa001a2367d8dc419.jpeg?from=2064092626""]",CN,10,True,2375
7615824148610305326,7621104354679309090,2026-05-10T18:54:16.661370,？？？！！！,1774427510,35,1,8,0,0,True,False,0,,-1,3676413768250748,MS4wLjABAAAApZ16vWUhdzMKRDXyRuEkbsRBCtCTI3ZTFjmtO_Bz0IMdyunRXvzl_rGZ4WjC7mGK,唯有落日,fhxy2,"[""https://p3-pc.douyinpic.com/aweme/100x100/aweme-avatar/tos-cn-i-0813_oAfpAVSAAACiAkgh1LBsCoIyAEAe5P9GDiwAAT.jpeg?from=2064092626""]",CN,10,True,2375
7615824148610305326,7625079988942045989,2026-05-10T18:54:16.661370,电影名叫什？,1775352284,4,1,6,0,0,True,False,0,,-1,1197794001435067,MS4wLjABAAAAQLxrFRRGzONKDEndRXK8vM0xdtPYzIr-0VLo0FiQJcxs5p7D_1HfwkEfLyQSWwZ6,旅行见闻,34147095614,"[""https://p3-pc.douyinpic.com/aweme/100x100/aweme-avatar/tos-cn-i-0813c000-ce_oY42ii0iAbPpZxkBIuaiPUM6EAwAj1lCYAPAh.jpeg?from=2064092626""]",CN,10,True,2375
7615831065332141348,7631224685284590393,2026-05-10T18:54:41.552237,这个邱莹莹是真的很讨厌,1776782957,0,1,0,0,0,False,False,0,,-1,70249849798,MS4wLjABAAAA6UP0Kqvow5zoiXzgXLy0F2vEz1ns1kYF1_DR8iq2Br8,꧔ꦿ᭄ 玫瑰ʕ ᵔᴥᵔ,,"[""https://p3-pc.douyinpic.com/aweme/100x100/aweme-avatar/tos-cn-avt-0015_f6ce2badb854fd2a68f384a36c6c5b72.jpeg?from=2064092626""]",CN,5,True,35
7615831065332141348,7616306270349722427,2026-05-10T18:54:41.552237,曲筱绡自己也可以开一个集团，甚至比她爸开的那个集团还要大,1773309493,68,1,11,0,0,True,False,0,,-1,1776409210535448,MS4wLjABAAAAnE4qEfOtn2GyzHCxz6rtboyZf1C9C-1XVeVK3x3b5b1YSsWRGGeSJ4tP7J7tzE7q,彤彤,tongtong6541,"[""https://p3-pc.douyinpic.com/aweme/100x100/aweme-avatar/tos-cn-i-0813c000-ce_oQm3AefT3vjIHBLszEQA8tAwofAee3PxAEYIHG.jpeg?from=2064092626""]",CN,5,True,35
7615831065332141348,7627960206165541668,2026-05-10T18:54:41.552237,最终的源头还不是她爸重男轻女房子车子给女儿最值钱的公司给儿子傻子才吃这个亏更何况是曲筱绡[微笑],1776022903,1,1,0,0,0,False,False,0,,-1,1169503915354176,MS4wLjABAAAAegOVjMfMUGqmqv4XTK--areuRg_BVp4MWkTEu7f7ghO2M7Tw4Ve7hQDw95YcUaKL,lvy。,yyyyyi8888,"[""https://p3-pc.douyinpic.com/aweme/100x100/aweme-avatar/tos-cn-i-0813c001_oQ9CYFAmAUpfBtS3ipdSA7DKGAEAIAbfDqpFEg.jpeg?from=2064092626""]",CN,5,True,35
7615831065332141348,7628564499516490533,2026-05-10T18:54:41.552237,所以她家最后破产了吗 她哥给败了不少,1776163585,1,1,0,0,0,False,False,0,,-1,62349078151,MS4wLjABAAAA3yRkPnFKA_UCkUHuPNwLeFeAMRAIkZdh31iSawaBf3k,Tracy_YQ,,"[""https://p3-pc.douyinpic.com/aweme/100x100/aweme-avatar/tos-cn-avt-0015_62a0ee941b38be812b546796a65f1265.jpeg?from=2064092626""]",CN,5,True,35
7615831065332141348,7629609507643753273,2026-05-10T18:54:41.552237,这么大个公司，没有个翻译[捂脸],1776406895,2,1,1,0,0,True,False,0,,-1,93478592424,MS4wLjABAAAAnrDNr3lOUEaroqi8oEQCxZ_-WhwowNWb_5nY5zTmJFc,Lucky兔,,"[""https://p3-pc.douyinpic.com/aweme/100x100/aweme-avatar/tos-cn-i-0813_7688bcb160e74a778f09af2ee50fcb38.jpeg?from=2064092626""]",CN,5,True,35
7615834376986713338,7617761602675671845,2026-05-10T18:54:55.782257,这个莱在你们那里叫什么菜。我们的方言叫朱润苗。用开水抹一遍晾干炒肉吃[赞][赞][赞],1773648340,2,1,2,0,0,True,False,0,,-1,3261592680267801,MS4wLjABAAAAV4h8G06N6dUzC-irSdGGQ-aShxF3tkmlHUFRrVGOtfB0mpief648q3cMkhhAc-na,用户7496155844940,72902860516,"[""https://p3-pc.douyinpic.com/aweme/100x100/aweme-avatar/tos-cn-i-0813c001_oIDIIEIGAJeBUiNAMQz3BeCQjALEL7A9TzEyfA.jpeg?from=2064092626""]",CN,10,True,468
7615834376986713338,7619204116972307227,2026-05-10T18:54:55.782257,这么多呀，真好，好多年没有吃过了，还是小时候在娘家山上有这个菜吃过，都这些年了都没见着了[赞][赞][赞][玫瑰][玫瑰][玫瑰],1773984201,3,1,4,0,0,True,False,0,,-1,108126011771,MS4wLjABAAAAL5BOgvpk5MkYqToqYKpdW85Lwq-9rV-fO7SNtaaD_fo,红霞,,"[""https://p3-pc.douyinpic.com/aweme/100x100/aweme-avatar/mosaic-legacy_172b00002e1fbd7cfda19.jpeg?from=2064092626""]",CN,10,True,468
7615834376986713338,7625534656340099897,2026-05-10T18:54:55.782257,用机器打成面团,1775458145,1,1,0,0,0,False,False,0,,-1,109405321087,MS4wLjABAAAAfNkDs2CGk7LPkznnugQV46CXc1TD3wgurgYSj9J0hGc,用户9502236707583,,"[""https://p3-pc.douyinpic.com/aweme/100x100/aweme-avatar/mosaic-legacy_3795_3044413937.jpeg?from=2064092626""]",CN,10,True,468
7615834376986713338,7624389298776146714,2026-05-10T18:54:55.782257,这山上才这么厚啊。你们是哪的？现在就出山上菜了。,1775191471,0,1,0,0,0,True,False,0,,-1,844065664939624,MS4wLjABAAAA-NenVjfy1vx6jGym65vSbMKOgoyXYEbY1UZWXic6Cn0,美好a,dyql5dtuec14,"[""https://p3-pc.douyinpic.com/aweme/100x100/aweme-avatar/mosaic-legacy_3797_2889309425.jpeg?from=2064092626""]",CN,10,True,468
7615834376986713338,7617884970989159226,2026-05-10T18:54:55.782257,少吃，据说有至癌物质,1773677066,1,1,0,0,0,True,False,0,,-1,4283298636114190,MS4wLjABAAAACmujZh9tGqIocvMQt6LWvZkdG3qa_F2m-1RdrPehPCBYqNxi12HinRZxIQuCaR3T,我只在乎你,hanziyihui88,"[""https://p3-pc.douyinpic.com/aweme/100x100/aweme-avatar/tos-cn-i-0813c000-ce_oYEEpnDTFA60ieQaA9x4ACqAL3LIQoAfwpH02E.jpeg?from=2064092626""]",CN,10,True,468
7615849462069546290,7637174807276913448,2026-05-10T18:55:10.412217,龙队给我看笑了[捂脸]已经成执念了,1778168328,2,1,0,0,0,False,False,0,,-1,3292355869553421,MS4wLjABAAAAz7V8BgdudWQ3Czf8WfgQODUnFBsh3lzV5BG6y2ch7YixqigkOuXbMadE__ZqY7gJ,ikun,69869418771,"[""https://p3-pc.douyinpic.com/aweme/100x100/aweme-avatar/tos-cn-i-0813_ogMQCIa0vCFAAAiMiANEuknQIPAaBjyxhzahA.jpeg?from=2064092626""]",CN,5,True,131
7615849462069546290,7626390275552658210,2026-05-10T18:55:10.412217,六边形战士中间被许昕打出了个窟窿[捂脸][捂脸][捂脸],1775657358,22,1,1,0,0,True,False,0,,-1,92819747309,MS4wLjABAAAAaTgkkcvThpTrAGkRaYSkcW7qjlZrNc9Iy4O0uynTJ3g,李博博,,"[""https://p3-pc.douyinpic.com/aweme/100x100/aweme-avatar/tos-cn-i-0813c001_0fa01eee2b2e49e2b964809516d6a50b.jpeg?from=2064092626""]",CN,5,True,131
7615849462069546290,7623368299883529009,2026-05-10T18:55:10.412217,许昕还是太全面了，这句话的价值还在不断提升,1774953750,9,1,0,0,0,True,False,0,,-1,21898030385,MS4wLjABAAAA3ofgl2xzKZxtxrwhoSKmsnLB8KoOKYKG52dPxPcBtTQ,大嘴猴,,"[""https://p3-pc.douyinpic.com/aweme/100x100/aweme-avatar/tos-cn-i-0813_owEQfA7BEBAf9IBwAQAA55syGEFfR54DcIUU80.jpeg?from=2064092626""]",CN,5,True,131
7615849462069546290,7616803010644493115,2026-05-10T18:55:10.412217,许昕是左手打球。所以会背后击球,1773425157,13,1,3,0,0,True,False,0,,-1,1824805834462667,MS4wLjABAAAAHh_vzcxJnfiq8jG97D_r5x00ihQOufJSVssBVDxYw47rLhmZ4YeBGosVcYGHB3UU,淇县君尚养生馆,Xmz558,"[""https://p3-pc.douyinpic.com/aweme/100x100/aweme-avatar/tos-cn-i-0813_915138a8384d4b1b92534f37b24185a1.jpeg?from=2064092626""]",CN,5,True,131
7615849462069546290,7618574321531585330,2026-05-10T18:55:10.412217,手长，才可以背后击球,1773837565,13,1,1,0,0,True,False,0,,-1,99966637834,MS4wLjABAAAA5Z_KDtkmBG8saGajVxdEwff4eg95OzxRKJlhlyUQ7WM,用户3842047155209,dy7abhcbw0cf,"[""https://p3-pc.douyinpic.com/aweme/100x100/aweme-avatar/mosaic-legacy_3797_2889309425.jpeg?from=2064092626""]",CN,5,True,131
7615857687233908011,7618636446517953329,2026-05-10T18:55:46.399835,兰比尔：我是来合法打黑人的,1773852032,27,1,1,0,0,True,False,0,,-1,3267344492408987,MS4wLjABAAAA_0AIts-pJMObc1on5JKJ3m0KRwH6uIwkz8YJw385HB_lV8w8O8kDRMATd6z2vRBt,多米是只猫,dyl3bai3hmnv,"[""https://p3-pc.douyinpic.com/aweme/100x100/aweme-avatar/tos-cn-avt-0015_659cf37e0a6f0f6b19877f579a13067c.jpeg?from=2064092626""]",CN,5,True,120
7615857687233908011,7620047624741487394,2026-05-10T18:55:46.399835,坏小子军团打04活塞，谁能笑到最后,1774180595,20,1,4,0,0,True,False,0,,-1,96059438823,MS4wLjABAAAAeDZZJUbcVVfi-teVpMT9dGHY-chU6rsa9RfxECMYjgs,236,reng236,"[""https://p3-pc.douyinpic.com/aweme/100x100/aweme-avatar/tos-cn-i-0813c001_o4k95EEA5A9OKSNlAFJSgOgEDfAEFAAevCApoI.jpeg?from=2064092626""]",CN,5,True,120
7615857687233908011,7616274835178914569,2026-05-10T18:55:46.399835,那是谁说过那么一句话，说只要你看见兰比尔站在篮下，用冰冷的眼神看着你，就会让你连突破的勇气都没有，怕这一次突破葬送职业生涯[捂脸],1773302177,54,1,3,0,0,True,False,0,,-1,2670031744023392,MS4wLjABAAAAqqhQMznL8w-_1tpYEgWcK9TniDZqJBAstA8_1nNg3dAqAr79sjguZCsuxA-q79CF,大锦李,97876610911,"[""https://p3-pc.douyinpic.com/aweme/100x100/aweme-avatar/tos-cn-i-0813c001_fd44da4e8cfd4e54a1eb421db9c4cda2.jpeg?from=2064092626""]",CN,5,True,120
7615857687233908011,7616341437235888934,2026-05-10T18:55:46.399835,慈眉善目兰比尔,1773317680,13,1,2,0,0,True,False,0,,-1,1491359199411437,MS4wLjABAAAA2Y9o6_pkezfDKNUhHIkB4nGIXleeJ8BpE_A1n713AQCiC5xbTZHbXAL1SXycRZJt,索马里海盗半夜突袭北海盗音像店,zs281932920,"[""https://p3-pc.douyinpic.com/aweme/100x100/aweme-avatar/tos-cn-avt-0015_723f0f62fef28ac673af8ac44e578f6f.jpeg?from=2064092626""]",CN,5,True,120
7615857687233908011,7634297204912784178,2026-05-10T18:55:46.399835,李春江说的那句话很对应这支队伍，但事实上来讲，能抗的住的都不是普通人。,1777500603,0,1,0,0,0,False,False,0,,-1,961397310627716,MS4wLjABAAAAckKcKnlITrdOH627GhX9cMKDUrLXdxMC-EaJz3jr8P0,强壮的gn坦克,50725712241,"[""https://p3-pc.douyinpic.com/aweme/100x100/aweme-avatar/tos-cn-i-0813c001_o0AAYiye0miTBzBA9fICM3AygCitACAILpMrEo.jpeg?from=2064092626""]",CN,5,True,120
7615859490478509358,7638027896086381349,2026-05-10T18:56:02.549383,希特勒并不想与英国成为永世之敌,1778366953,0,1,0,0,0,False,False,0,,-1,54272201327,MS4wLjABAAAAArLNru_vuwpKWh2RCGaPcrp66cDaXchmsDV6UfP28Uc,墨林,,"[""https://p3-pc.douyinpic.com/aweme/100x100/aweme-avatar/tos-cn-i-0813c000-ce_okErAD6EeAFeJF9fBgoPv8Rr7D7NnABYEImEA1.jpeg?from=2064092626""]",CN,5,True,659
7615859490478509358,7637908359639778099,2026-05-10T18:56:02.549383,希要是把英国那几十万大军拿下，英国就真得投降，拿什么反击，还有那4万被英国抛弃的法军能发挥一下，反过来打英军，为啥要给英国撤离机会不明白,1778339121,0,1,0,0,0,False,False,0,,-1,264320309795838,MS4wLjABAAAAfvur0Ox4l0pmM1pqs3erBbFxMB5hE4Ef4QfOKOrL2a4,天天开心哈,53331585399,"[""https://p3-pc.douyinpic.com/aweme/100x100/aweme-avatar/tos-cn-i-0813_ooNaJFANEhQhUhAAhJlA0zLCeIUTCWAtgAxfD9.jpeg?from=2064092626""]",CN,5,True,659
7615859490478509358,7615899048050950953,2026-05-10T18:56:02.549383,日常乳法了,1773214682,146,1,9,0,0,True,True,0,,-1,111007758423,MS4wLjABAAAAAfxlAGlyr-yrKckemp8M9Gb2nPrrDm7ILy_BpYKOw6g,妈妈咪呀,,"[""https://p3-pc.douyinpic.com/aweme/100x100/aweme-avatar/tos-cn-i-0813_oQBNOVIAEfAF2ElsHr7gleftAiDrBEAQMASPG0.jpeg?from=2064092626""]",CN,5,True,659
7615859490478509358,7616164360315061018,2026-05-10T18:56:02.549383,对，就是这样。,1773276453,257,1,9,0,0,True,False,0,,-1,55916930215,MS4wLjABAAAADyMq9wWw9Q9QoQ0rcdJttGjNo8-UZoHvnToWDrpOVBs,萝卜,Yo1973A,"[""https://p3-pc.douyinpic.com/aweme/100x100/aweme-avatar/tos-cn-avt-0015_8c2c1cf6a4f0b16f82d704091d93934f.jpeg?from=2064092626""]",CN,5,True,659
7615859490478509358,7618956150822109987,2026-05-10T18:56:02.549383,白羽毛运动了解一下，为啥法国30天就投了，法国女人功不可没,1773926466,26,1,1,0,0,True,False,0,,-1,76354069665,MS4wLjABAAAAoAbPoQiEhNm-iFLDT9T62tXoS_cUTuWte9lHPgvmtrA,今天亦明天󰠇,,"[""https://p3-pc.douyinpic.com/aweme/100x100/aweme-avatar/tos-cn-i-0813c001_okEAQCwfjuDIiOA9jPPpDAF7IAkDmBgAAyqMeC.jpeg?from=2064092626""]",CN,5,True,659
7615863266596564657,7626411325459710778,2026-05-10T18:56:15.167575,那个紫色的洋葱是什么啊,1775662260,77,1,28,0,0,True,False,0,,-1,2022690589261636,MS4wLjABAAAADrgeEgEWhnqD7wM3Ei0TR5OCcgOJl1CpDPnBxX9VW50RdpQsYFtUxlz2IM3XbJCG,索性自挂东南枝,dypzotnb9w,"[""https://p3-pc.douyinpic.com/aweme/100x100/aweme-avatar/tos-cn-avt-0015_c7cd5b1ccd8aa92eddebe8f479cf9a49.jpeg?from=2064092626""]",CN,5,True,1065
7615863266596564657,7629952232091976497,2026-05-10T18:56:15.167575,肚包肉好吃吗？没吃过哎[捂脸],1776486691,0,1,4,0,0,True,False,0,,-1,1082374580093015,MS4wLjABAAAAosHVbwXqRpYatcSlzg1PbAhFyPY4GCcmnvBobDNYiWTD7q63x2d571YHlkyq6y-E,ℋღ᭄梅道理🍒᭄💞࿐,57678291256,"[""https://p3-pc.douyinpic.com/aweme/100x100/aweme-avatar/tos-cn-i-0813c001_c01c1c3bdb2e4ccd91fea85a72905554.jpeg?from=2064092626""]",CN,5,True,1065
7615863266596564657,7637077075258835771,2026-05-10T18:56:15.167575,这东西，吃了你就知道了，没这么多料盖住，根本难以下咽，膻腥味真受不了！,1778145573,0,1,1,0,0,True,False,0,,-1,3636801736806856,MS4wLjABAAAAYP1tFXxNNBoV2XT4FpwWYrGo1CWASrDJoQnNKsi9M0_JBLJSdyOhAL_JREVwr8B4,浪浪山下、倪大野,dybcsuzjrko6,"[""https://p3-pc.douyinpic.com/aweme/100x100/aweme-avatar/tos-cn-i-0813_4a700bb7479c4e44ba5d4f9b4f0d0981.jpeg?from=2064092626""]",CN,5,True,1065
7615863266596564657,7618224306241864498,2026-05-10T18:56:15.167575,啊啊啊啊，要死了，馋死我了[流泪][流泪],1773756070,22,1,7,0,0,True,False,0,,-1,672530433845932,MS4wLjABAAAAo8xFPNTZPCv0GC8QYY07XY_8gX7QamVqa0n0J5eymCs,小了个啾啾,28117318203,"[""https://p3-pc.douyinpic.com/aweme/100x100/aweme-avatar/tos-cn-i-0813_ogAINQPcgA49AS2B9FfEjnDC7AHVSEANgAwOAe.jpeg?from=2064092626""]",CN,5,True,1065
7615863266596564657,7616390761790571274,2026-05-10T18:56:15.167575,哥，你吃完的骨头扯丢了，给我嗦嗦,1773329167,36,1,7,0,0,True,False,0,,-1,4018059189435331,MS4wLjABAAAAo9TNv8_HaHjYK1QQQbh4ecimy6sgdA26yIyIg1xDCtTbrshVPgQzV4gYj4zjTjpu,微,80119749586,"[""https://p3-pc.douyinpic.com/aweme/100x100/aweme-avatar/tos-cn-i-0813c001_o43tAffDNEh09ooA90BGCsc9zCyAmEMAFAAtIg.jpeg?from=2064092626""]",CN,5,True,1065
7615879668238978314,7616015886051017513,2026-05-10T18:56:34.206962,西德尔蜂蜜国内2200半斤。那一个铁罐子估计得上万了,1773241883,4,1,3,0,0,True,False,0,,-1,93467560677,MS4wLjABAAAA1pKgyveTNHcQ5wndnBJlZ8qM0Er-LqbmqYnkHUs9kSM,云中剑,,"[""https://p3-pc.douyinpic.com/aweme/100x100/aweme-avatar/mosaic-legacy_26e8000027b9ee5d9cb16.jpeg?from=2064092626""]",CN,5,True,817
7615879668238978314,7615897136404202276,2026-05-10T18:56:34.206962,兄弟们，想死你们了！,1773214235,643,1,101,0,0,True,False,0,作者,1,69824243553,MS4wLjABAAAAzqUFmvB46YX35X1e8_LyZ3E-0GU1kCMRdeu6cWhJOlE,李新咏 195国行走中,huanqiuge,"[""https://p3-pc.douyinpic.com/aweme/100x100/aweme-avatar/mosaic-legacy_20b3c000058e4b59acd8f.jpeg?from=2064092626""]",CN,5,True,817
7615879668238978314,7615966190977368889,2026-05-10T18:56:34.206962,李新咏大概率是恋爱了，穿得太干净了[捂脸][捂脸][捂脸],1773230312,183,1,13,0,0,True,False,0,,-1,3364191477,MS4wLjABAAAAg3GSQWErYtb6N2H9RPWuU2k2UibRTx5NoNBP-e6SSo0,Ferida,,"[""https://p3-pc.douyinpic.com/aweme/100x100/aweme-avatar/mosaic-legacy_240b600004b00e08758e4.jpeg?from=2064092626""]",CN,5,True,817
7615879668238978314,7615899044905190171,2026-05-10T18:56:34.206962,在 也门🇾🇪 呆了大概多少天左右 除（住宿、吃饭）签证、安保、包车 大概多少钱左右。,1773214680,6,1,3,0,0,True,False,0,,-1,4266541043157821,MS4wLjABAAAAR9uOH7MOp9xBrCIiyay0Nujc7DymDQfs71xONFY3ZbH-6GKHoBDWPt-vpNtRbUnu,▄︻┻┳═一            ༽,1107300439_,"[""https://p3-pc.douyinpic.com/aweme/100x100/aweme-avatar/tos-cn-avt-0015_3512d27fff047294c7c63c000f2a3dd7.jpeg?from=2064092626""]",CN,5,True,817
7615879668238978314,7615970195433489161,2026-05-10T18:56:34.206962,小时候听家人说过，如果被蜜蜂蛰了，去生了孩子的家庭里讨些人乳涂在上面就可以了[呲牙][呲牙][呲牙],1773231244,0,1,1,0,0,True,False,0,,-1,95676588339,MS4wLjABAAAAVO2cHtPTOPSZadYkM_JJ5rK6A_FPUx8m7xIq9o_zTmk,会飞的大魔镜🪞～,,"[""https://p3-pc.douyinpic.com/aweme/100x100/aweme-avatar/tos-cn-avt-0015_148af3f8b26a738d761291c846454b58.jpeg?from=2064092626""]",CN,5,True,817
7615883503938309395,7617300560833102650,2026-05-10T18:57:02.898386,真的要学习一下幸子的晚酌，爽切没有饮食负担，紧致的面荣，没有碳水脸，回家爬坡正好算作锻炼🏋️抵消晚酌的热量,1773540995,62,1,1,0,0,True,False,0,,-1,77969055617,MS4wLjABAAAA_i2w0E4WRUCS-MwUccjthhpNUVx1CkCXC9dAKHdYYo8,ILM,,"[""https://p3-pc.douyinpic.com/aweme/100x100/aweme-avatar/tos-cn-avt-0015_aaeefb21c14a4e1344273ffa77781dc2.jpeg?from=2064092626""]",CN,5,True,103
7615883503938309395,7618970519803069221,2026-05-10T18:57:02.898386,女的欧依西，男的五蚂蚁,1773929812,1,1,1,0,0,True,False,0,,-1,2802022307339101,MS4wLjABAAAA1rrF7tU3r7yCK4SXIc9JX57V1of7E3MBRSFgXczrBl_YefLdHGZiRlNy7hk0EWBJ,堂吉诃德多弗朗明哥,63394343156,"[""https://p3-pc.douyinpic.com/aweme/100x100/aweme-avatar/tos-cn-i-0813c000-ce_o4YPIMABvAdhFcCian3aWnALALaABii8PAEzA.jpeg?from=2064092626""]",CN,5,True,103
7615883503938309395,7617850854661669669,2026-05-10T18:57:02.898386,每天喝两杯啤酒？,1773669119,0,1,1,0,0,True,False,0,,-1,93855087439,MS4wLjABAAAArr-n8F-WGlxX7AjVYcG62RjaUYc-AuM6CXhblJchCeM,简。。。,,"[""https://p3-pc.douyinpic.com/aweme/100x100/aweme-avatar/tos-cn-avt-0015_0e0cf37849e13b8a4ad10cf09c3c4706.jpeg?from=2064092626""]",CN,5,True,103
7615883503938309395,7617051404352029475,2026-05-10T18:57:02.898386,我想知道她几点下班？我下班整这一顿操作不得九点多了……,1773482983,3,1,4,0,0,True,False,0,,-1,94252786486,MS4wLjABAAAAmw_BYTXMnBg9j7YhsgBx-kgQ1-ebRazjzPl-i5HUXlY,xuě❄,122211xx,"[""https://p3-pc.douyinpic.com/aweme/100x100/aweme-avatar/tos-cn-i-0813c001_ocoAC8wFICFEEAF9eAyINYiAAcApg3fBKWRDEi.jpeg?from=2064092626""]",CN,5,True,103
7615883503938309395,7616003919252095770,2026-05-10T18:57:02.898386,咋喝不胖[发呆],1773239095,1,1,10,0,0,True,False,0,,-1,1330840477377923,MS4wLjABAAAApE_7fEVbBEejkOS-F5iAyL-FXZ91myPdAxE66muu24dQMmHu03adElHOyFwGACCh,浮 % 生,29066933125,"[""https://p3-pc.douyinpic.com/aweme/100x100/aweme-avatar/tos-cn-i-0813c001_oUboePsDyCAeH9GIAQuASAAwA5rgulOanA9RDG.jpeg?from=2064092626""]",CN,5,True,103
7615899123534843186,7616659471893660416,2026-05-10T18:57:25.156345,杰伦作曲是真的牛[赞],1773391731,50,1,1,0,0,True,False,0,,-1,60648316964,MS4wLjABAAAAjpm83soIQ5a7yC00EJlLbh_6eR40HexrOeYQtWbjw60,C7,chenqi15,"[""https://p3-pc.douyinpic.com/aweme/100x100/aweme-avatar/tos-cn-i-0813c001_oYTCJ0IXiOaSAiHBkANEAgARQhAICmB1AIMfev.jpeg?from=2064092626""]",CN,5,True,106
7615899123534843186,7617519722598531855,2026-05-10T18:57:25.156345,说实话，很像久石让的风的传说（风之谷）,1773592023,11,1,5,0,0,True,False,0,,-1,59141939531,MS4wLjABAAAA1GBqbEgj1YEh6lZPzZ5jzD_aloRxTDhjPcxkRPeaxPA,Keigo Ju,keigoju,"[""https://p3-pc.douyinpic.com/aweme/100x100/aweme-avatar/tos-cn-i-0813_owOAKDF6GEDZieAALbAgftEhprIK9aKANAuyIC.jpeg?from=2064092626""]",CN,5,True,106
7615899123534843186,7616566026726195987,2026-05-10T18:57:25.156345,说了再见的前奏[流泪],1773369975,12,1,1,0,0,True,False,0,,-1,4255569621296922,MS4wLjABAAAA8zhfDB-sJAGdgN0ba8i8FC-yiSy71K1rBCt3b4xVlHgszDfEpGYu7yrpIClM19O3,ㅤㅤㅤ            ╰╮,71809317481,"[""https://p3-pc.douyinpic.com/aweme/100x100/aweme-avatar/tos-cn-i-0813_ogAAvFL1prDnDGkA9fXCxWAfgNEbACAI0p2kEq.jpeg?from=2064092626""]",CN,5,True,106
7615899123534843186,7636356933041865509,2026-05-10T18:57:25.156345,有谱子吗？就按照你视频里说的那些音符来写。,1777977902,0,1,1,0,0,True,False,0,,-1,106592490281,MS4wLjABAAAAcIS8_D08UnZsqkQS4ZtGnsb_IxJTAEnC--GJNoODSU0,武秀芳,,"[""https://p3-pc.douyinpic.com/aweme/100x100/f7ca0011e454e8cd9e7c.jpeg?from=2064092626""]",CN,5,True,106
7615899123534843186,7615979339801101113,2026-05-10T18:57:25.156345,前面和弦分解能具体讲讲吗，对于零基础杰迷太难了[捂脸][捂脸],1773233373,15,1,2,0,0,True,False,0,,-1,110959762191,MS4wLjABAAAAQQKmu2mCWo5KvMqtc1rYJNoub4u6yR4xNx4QLW1Fj6E,爱笑的眼睛,,"[""https://p3-pc.douyinpic.com/aweme/100x100/aweme-avatar/tos-cn-i-0813_8a1b8832faac4098bf3a5a618709033d.jpeg?from=2064092626""]",CN,5,True,106
7615902920638221604,7630046732596331322,2026-05-10T18:57:38.926425,你拿弹弓的姿势也是真业余啊，并不是我嘲笑你，大拇指顶住会抓不稳，弓会飞，非常危险,1776508694,0,1,0,0,0,False,False,0,,-1,4182147556458152,MS4wLjABAAAAwVzBKNm6fVynnM-AWgQRadYTkeiHwUC0J0NKywPXR0db208W-qftnBZ80QRask4s,简直就是,84727967121,"[""https://p3-pc.douyinpic.com/aweme/100x100/aweme-avatar/tos-cn-i-0813c000-ce_oYODeDLqvIG4fpAAIwAAeDIElUQf2ZjT4ARWsJ.jpeg?from=2064092626""]",CN,10,True,271
7615902920638221604,7617486238305010438,2026-05-10T18:57:38.926425,跨境电商没人做朱雀吗？[捂脸],1773584226,0,1,2,0,0,True,False,0,,-1,917443738077995,MS4wLjABAAAA5sruPgRw5yq9QmsiZPmGj7c1_mn1Z9CJ_LmePu_s25k,蛇凛,79180907729,"[""https://p3-pc.douyinpic.com/aweme/100x100/aweme-avatar/tos-cn-i-0813_17d640d2379a46a899b66603034adc46.jpeg?from=2064092626""]",CN,10,True,271
7615902920638221604,7618204307149751074,2026-05-10T18:57:38.926425,[尬笑],1773751414,5,1,2,0,0,True,False,0,,-1,53110479293,MS4wLjABAAAAL33Hch79lgpvN7JTxVFzZzA4lgS7mv6J_mtPn3kYvXg,吃鲸路人,,"[""https://p3-pc.douyinpic.com/aweme/100x100/aweme-avatar/tos-cn-i-0813c001_o4qaTBQcvAGJA2AHINFBEzy1waLe7dfIXAUCeA.jpeg?from=2064092626""]",CN,10,True,271
7615902920638221604,7617326008291115827,2026-05-10T18:57:38.926425,,1773546919,0,1,2,0,0,True,False,0,,-1,2922968073641504,MS4wLjABAAAAkji6oqRjSekbOn1s8Ai-xCwZucJKAkBwA7_6yhPPlea_kH_Rz3s-f-PX-jzDC3CI,Iris,38843759275,"[""https://p3-pc.douyinpic.com/aweme/100x100/aweme-avatar/tos-cn-i-0813c001_o0ExDA9AEAAfWIDaApAgtQsCDCFVRJ2Di1FsBe.jpeg?from=2064092626""]",CN,10,True,271
7615902920638221604,7625601288726594339,2026-05-10T18:57:38.926425,折叠弹弓是圆头弓，用胶带绑,1775473660,0,1,0,0,0,True,False,0,,-1,2192853792197972,MS4wLjABAAAAqwUgLNRQT3fFSRTSk3oFTPwkV_lL8B0HO-Q_9VVOd1SLyKPb3j0TACh5KIpH2wpX,54524545725454557,54696382241,"[""https://p3-pc.douyinpic.com/aweme/100x100/aweme-avatar/mosaic-legacy_3792_5112637127.jpeg?from=2064092626""]",CN,10,True,271
7615904787988499722,7615950302857036584,2026-05-10T18:57:56.058521,说到利比亚，我只记得磁爆步兵[看],1773226614,1,1,3,0,0,True,False,0,,-1,102512023774,MS4wLjABAAAAiZGU60M24_zDJlpyNG_jIKsJHbDIyXN7izHI4MJiTMA,达达,,"[""https://p3-pc.douyinpic.com/aweme/100x100/aweme-avatar/tos-cn-avt-0015_4c07f473234f987a9f47d3f78003f5e9.jpeg?from=2064092626""]",CN,5,True,115
7615904787988499722,7633072384534332200,2026-05-10T18:57:56.058521,舞台下面的墙壁上有大理石材质的人物雕刻，造型各异，有些题材辣眼睛，印象深刻[呲牙][呲牙][呲牙],1777213157,0,1,0,0,0,False,False,0,,-1,110947918570,MS4wLjABAAAASDMIu5PIi6zr9g5_T2BRFx2gl4XEeG2fx5qbbufIYzM,不惑——,2003921zh,"[""https://p3-pc.douyinpic.com/aweme/100x100/aweme-avatar/tos-cn-i-0813c000-ce_oUAUTBVpjEKniCIPMA01VaMi1AiABANv1YxPZ.jpeg?from=2064092626""]",CN,5,True,115
7615904787988499722,7615907102448698149,2026-05-10T18:57:56.058521,改了一下重新发，否则浑身难受[尬笑],1773216556,13,1,5,0,0,True,False,0,作者,1,109935008848,MS4wLjABAAAAVN_NZajfIXXL5gpMruT1J4ZPnDRo6Fe-Yfo2Wugrd50,小恩带你看世界,xednksj,"[""https://p3-pc.douyinpic.com/aweme/100x100/aweme-avatar/tos-cn-avt-0015_14c47c3fc6eca54623a97203c41cef5e.jpeg?from=2064092626""]",CN,5,True,115
7615904787988499722,7616042526214652707,2026-05-10T18:57:56.058521,卡大佐都上小学了吧？,1773248088,3,1,1,0,0,True,False,0,,-1,71622059839,MS4wLjABAAAACcw57FbXLhJTLpa3LrQJ14BuNyXmLZQ6hkRmlOeD1f0,一望无际的空白,,"[""https://p3-pc.douyinpic.com/aweme/100x100/aweme-avatar/tos-cn-i-0813_osaleyARsB1hAmFvAAIAsGztU8lgIfEzAwNCJs.jpeg?from=2064092626""]",CN,5,True,115
7615904787988499722,7633405670028985088,2026-05-10T18:57:56.058521,利比亚曾经不要太富，卡扎菲在的时候是非洲最富的国家,1777291198,1,1,2,0,0,True,False,0,,-1,91759458123,MS4wLjABAAAAlLg_UrMdqT6rnWhtukKQph0gyt-XVlCLo3iblf2AzI4,瀾硯薰Sylvia,NeighborFox,"[""https://p3-pc.douyinpic.com/aweme/100x100/aweme-avatar/tos-cn-i-0813c000-ce_oE4EAYpI5peDSCmlwSnhZfEWFAA9AAOuJxy4AE.jpeg?from=2064092626""]",CN,5,True,115
7615910795511188736,7616377415414104875,2026-05-10T18:58:36.518912,[赞] 在小祝视频的带入下，好像自己投身其中神游了一盘古蜀道。言谈举止之间看出小祝三观正、博览群书。关于废旧民居一事，完全不用理会提出异议的人，户外小祝走自己的路！,1773326656,13,1,1,0,0,True,False,0,,-1,3232173727680380,MS4wLjABAAAApjEtkpCkTDbTCWslXJfShNExoA4FRCMY5wPatxbdnf5wV0yG5ejsAp8Faw-gbQcT,ฅ ̳͒•ˑ̫• ̳͒ฅ♡,dyrrm3zg2cti,"[""https://p3-pc.douyinpic.com/aweme/100x100/aweme-avatar/douyin-user-file_1073f1d384b602e8f2d8a2ee22a7c8a0.jpeg?from=2064092626""]",CN,5,True,450
7615910795511188736,7623716508405105457,2026-05-10T18:58:36.518912,视频里一开始讲到“一路上古柏苍天”时，背景的那座民房，住着两位80多岁的孤寡老人，儿女都已经不在了。老头行动不便，老太太很热情，会主动招呼过往游客在她家门前休息。从拦马墙至普安镇即将达清凉桥时会经过这里。大家路过时可以给于力所能及的帮助，包里随身带的吃的留一些给他们。,1775034824,18,1,2,0,0,True,True,0,,-1,100602745388,MS4wLjABAAAA8SnMQjnWvTZDFrgKBB0jFHDbAq8PVE5ngA4-WTgeH0E,哈雷,,"[""https://p3-pc.douyinpic.com/aweme/100x100/aweme-avatar/mosaic-legacy_26d0d00004b717779ecaf.jpeg?from=2064092626""]",CN,5,True,450
7615910795511188736,7615996968993686309,2026-05-10T18:58:36.518912,看了你的视频，决定走你相同的路线，徒步古蜀道。请教早上普安镇出发走拦马墙到普安这一段，再去普安的鹤鸣山，用时多少？一早上时间够吗？下午我想汽车直接去广元市。,1773237478,10,1,6,0,0,True,False,0,,-1,110857787345,MS4wLjABAAAAGdi7fwIWlEGIpnwt1k-OlEkUTmTHpvfLgyBbtCDdEsk,磊落晨途,,"[""https://p3-pc.douyinpic.com/aweme/100x100/aweme-avatar/mosaic-legacy_2eb3a000178424bc23da0.jpeg?from=2064092626""]",CN,5,True,450
7615910795511188736,7616132911516058411,2026-05-10T18:58:36.518912,主播其实理解错了。南线翠云廊才是最原始的古蜀道。除了少部分成了乡村道以外，大多都是原始的。真正的古道除了上下坡有石板石阶梯以外，平路是没有的。如果平路也有石板，那古代那个八百路加急还怎么跑！北线和西线只是为了游客脚不沾泥才在平路也铺上了石板。,1773269136,0,1,7,0,0,True,False,0,,-1,598600054997838,MS4wLjABAAAAQZc1jex8Ga4_6bg4BK0FdwRiwmDobBSTWPEn9dJM0rk,相遇是缘,85458393378,"[""https://p3-pc.douyinpic.com/aweme/100x100/aweme-avatar/tos-cn-i-0813c001_55f063de878d4f60bcd2a835e9c4fa55.jpeg?from=2064092626""]",CN,5,True,450
7615910795511188736,7615960674158396209,2026-05-10T18:58:36.518912,不理解为什么有人骂你拍老房子，我就很喜欢老房子，老房子古村落那种沧桑感，让人想起小时候，想起儿时的炊烟袅袅，想起故人……很温暖的感觉,1773229028,31,1,7,0,0,True,False,0,,-1,3461742374435663,MS4wLjABAAAAZvC3eCIUrse9xlHz9kBBSvlmrqOU-Tl6a0vZx79t5PVw3w5HnBBghxM0YVTEGGdz,夏至@,53045261583,"[""https://p3-pc.douyinpic.com/aweme/100x100/aweme-avatar/tos-cn-avt-0015_f68d2e702519df0ef8ae0ec278e04dc1.jpeg?from=2064092626""]",CN,5,True,450
7615918812655537780,7617434061850739498,2026-05-10T18:58:46.957852,每个视频从头到尾都没有吞咽镜头[抠鼻],1773572079,10,1,5,0,0,True,False,0,,-1,773665373824183,MS4wLjABAAAAMib0obXszslGygD_5pXzkqjzH4qay1gEcPmLe7Zs4_M,烧灯续昼,dy13rp5qc7yg,"[""https://p3-pc.douyinpic.com/aweme/100x100/aweme-avatar/douyin-user-file_80aefe641b3789e925ada4ceb0dcbac3.jpeg?from=2064092626""]",CN,5,True,97
7615918812655537780,7631995021861323571,2026-05-10T18:58:46.957852,原来旺仔跟他哥有两个账号，过会还是更喜欢看旺仔吃，因为旺仔的解说更有沉浸感。,1776962318,0,1,2,0,0,True,False,0,,-1,2701962349919251,MS4wLjABAAAA2qKDuNJTUD96SHx4yhryIHjBhPzFsbz4Ofq1GXlfjjsr0z1Yk2rk7MJS6hhMj2_j,383843809438,48731632785,"[""https://p3-pc.douyinpic.com/aweme/100x100/aweme-avatar/tos-cn-i-0813c001_oASNUaOIP0AciAEiqAB5YgI5mAgANDGxPjAFE.jpeg?from=2064092626""]",CN,5,True,97
7615918812655537780,7635188619150738212,2026-05-10T18:58:46.957852,这个是那个经常戴眼镜的那个帅哥吗[疑问],1777705882,0,1,1,0,0,True,False,0,,-1,92459396187,MS4wLjABAAAA-qKja04DJI4P73tZ8YI-FWgjk_lIFKmzbS_vKYr3ccw,时过境迁,,"[""https://p3-pc.douyinpic.com/aweme/100x100/aweme-avatar/tos-cn-avt-0015_9a6a13cf411fd73bcbcaee00631c81e1.jpeg?from=2064092626""]",CN,5,True,97
7615918812655537780,7617407787375543066,2026-05-10T18:58:46.957852,,1773565960,0,1,0,0,0,True,False,0,,-1,1302289064660180,MS4wLjABAAAAngZQRyeKrHs773QHjkSlgZ_eWWFber3FVWXfkhmeaMgi0SeZEO6x85YnDeb6cT-b,不考川大不改名。,62024132376,"[""https://p3-pc.douyinpic.com/aweme/100x100/aweme-avatar/tos-cn-i-0813_c03ef989d9664d7db8187e5e8207e227.jpeg?from=2064092626""]",CN,5,True,97
7615918812655537780,7617431244046222115,2026-05-10T18:58:46.957852,[玫瑰][玫瑰][玫瑰][玫瑰][玫瑰][玫瑰][玫瑰][玫瑰][玫瑰][玫瑰][玫瑰][玫瑰][玫瑰][玫瑰][玫瑰][玫瑰],1773571423,2,1,2,0,0,True,False,0,,-1,3120870108696628,MS4wLjABAAAA14h22A3Sz08bGXzPYvSotABGT1hTgQV29RY60-BFGXVE8-A0SPIl8DMKTEfxI6hy,南柯一梦,61235134877,"[""https://p3-pc.douyinpic.com/aweme/100x100/aweme-avatar/tos-cn-i-0813_o0xAWCi5uTBAetgJloAliFPAf9DAC0IAMkEwQs.jpeg?from=2064092626""]",CN,5,True,97
7615920692311858917,7615964945062527793,2026-05-10T18:59:02.531183,洋气的雷霆坐姿还能跟人一样站起来[摊手],1773230022,1462,1,9,0,0,True,False,0,,-1,95857459100,MS4wLjABAAAAKhqvWBYTVI9z-oVIETK_O96H0jiCw_-BpEKwFI26TKY,默w。,,"[""https://p3-pc.douyinpic.com/aweme/100x100/aweme-avatar/tos-cn-i-0813c000-ce_oAHdlAeDpExmU2eFEAAczAEBAEOtfL2wY9I1Ad.jpeg?from=2064092626""]",CN,10,True,1531
7615920692311858917,7615954794481664831,2026-05-10T18:59:02.531183,八面威风杀气飘，勤王保驾显功劳,1773227658,5385,1,59,0,0,True,False,0,,-1,4319347088556364,MS4wLjABAAAARbIiUYmzaieJIvfJyE22fm3XW2rwshYtFWr9ezpyIaxE-iYFLoAy9aL4OSYAX1ap,对自己使用幻术的186黄金狮子座忧郁男,OO0OO0O00O00,"[""https://p3-pc.douyinpic.com/aweme/100x100/aweme-avatar/tos-cn-i-0813_okfw5FyAEQCIgHRk3OfwuA7A9A9upDD2AA1DCp.jpeg?from=2064092626""]",CN,10,True,1531
7615920692311858917,7619262761998746419,2026-05-10T18:59:02.531183,"千年后的某座山峰上…
洋道友，你的坐姿奇怪的很啊
老爷说，这么坐，洋气…",1773997855,19,1,1,0,0,True,False,0,,-1,57919680185,MS4wLjABAAAArDqwAzDou4Ex0Z0vaRK17rSQZPrJVSC2wvQf9U9jhlQ,甄香定律,,"[""https://p3-pc.douyinpic.com/aweme/100x100/aweme-avatar/tos-cn-i-0813_o0JEyJFkAn3n6CGcyeeCg8ID9AcjA8obAAClAN.jpeg?from=2064092626""]",CN,10,True,1531
7615920692311858917,7616148082850677541,2026-05-10T18:59:02.531183,拿掉手套后狗：这小子终于上当了[黑脸],1773272664,956,1,7,0,0,True,False,0,,-1,105473916359,MS4wLjABAAAAFvOTcNaEoCzAhiviLMJRFCoJPlY2B_l43YKwEsYYXsM,24,ZY101515,"[""https://p3-pc.douyinpic.com/aweme/100x100/aweme-avatar/tos-cn-i-0813c000-ce_oYF0QAyoRATmEPFAE49aB9rEeVFfIcfAAAvwED.jpeg?from=2064092626""]",CN,10,True,1531
7615920692311858917,7615926994837488435,2026-05-10T18:59:02.531183,仍旧雷霆坐姿,1773221187,1464,1,17,0,0,True,False,0,,-1,1172545979295843,MS4wLjABAAAAyzafgiUhMZxsBCN3_pJ95oN8rlrEcPyunY0IwxBr5eJuNdCL27aAFIF3buQeee-n,Mastyiby,54076264230,"[""https://p3-pc.douyinpic.com/aweme/100x100/aweme-avatar/tos-cn-i-0813c001_oMAAliG4OeEuBzDAevlCXJAxgNimADAIE0qIEm.jpeg?from=2064092626""]",CN,10,True,1531
7615927319202401562,7619331203363783458,2026-05-10T18:59:19.784433,只有老粉才自嗨水的含金量，记得当时伟哥说喝了一嘴的塑料味[捂脸],1774013790,67,1,2,0,0,True,False,0,,-1,1638698156040940,MS4wLjABAAAAh4AdBXNknnvy1Kdprn8WZ8y7clPkimOT7dMP9ZkOeod5reTQTL682Qyj4Bxb4nQO,念四,91513727516,"[""https://p3-pc.douyinpic.com/aweme/100x100/aweme-avatar/tos-cn-i-0813c001_oAblKr9BA6nZukADMAeEzEATANAaIgCaAeACrA.jpeg?from=2064092626""]",CN,5,True,386
7615927319202401562,7621622144439550729,2026-05-10T18:59:19.784433,高一看小伟到现在大学毕业了,1774547196,2,1,2,0,0,True,False,0,,-1,3061505414666840,MS4wLjABAAAAkMGqxCtuG_Whycz9rg-5UR5VEmvwiz7otUe5kPEs3oYtEWgXV5YuJFrmhuF3KtMC,靓仔🤵‍♂️,76226678513,"[""https://p3-pc.douyinpic.com/aweme/100x100/aweme-avatar/tos-cn-i-0813c000-ce_oweTvO9QAn7MAQfIbFXTAHEMgeQ5AJP28xEBWX.jpeg?from=2064092626""]",CN,5,True,386
7615927319202401562,7615933256353645321,2026-05-10T18:59:19.784433,“高效养猪技术”呢[流泪],1773222645,191,1,5,0,0,True,True,0,,-1,1279442420762926,MS4wLjABAAAAXM3DNpih_FN1QkALwxHztwUg9T50Gp48TZ7snkVLqVyzQJJ1Il3btd4K_hAaAJzI,宇的2020,L1435912,"[""https://p3-pc.douyinpic.com/aweme/100x100/aweme-avatar/tos-cn-i-0813c001_o8Bg7DgPdNUnj2AEJAiiCAJaRrI7P9cAzAI61.jpeg?from=2064092626""]",CN,5,True,386
7615927319202401562,7617922139585413931,2026-05-10T18:59:19.784433,78年没刷到过你了,1773687498,2,1,1,0,0,True,False,0,,-1,3215447006652296,MS4wLjABAAAAbfi5pCYEga8j3IBB3Rkk2KyryxX7Lhzyz-E5QGAixEuLZOZ3_QJ_oiX1pk1BrxGX,小兔子乖乖拔萝卜,41240381819,"[""https://p3-pc.douyinpic.com/aweme/100x100/aweme-avatar/tos-cn-avt-0015_8002ad0439affa79f26b6d80b63e2181.jpeg?from=2064092626""]",CN,5,True,386
7615927319202401562,7617113075125175081,2026-05-10T18:59:19.784433,[看]   怨种火锅。。根本不够那么多人吃。。我自己一个人都吃得完。。。不如外买同价位的麻辣烫。上过一次当绝对不会再买。。。。,1773497932,6,1,1,0,0,True,False,0,,-1,3966686218948029,MS4wLjABAAAAM0uppog0YOAgEDcBnP0Ez4jIiG7wnITVM91-pXGHJsZdRIMdf1IMRbzgRJFyxjbk,一条狗子,baba12982,"[""https://p3-pc.douyinpic.com/aweme/100x100/aweme-avatar/tos-cn-avt-0015_380b4c252583bbcd58602d2566146788.jpeg?from=2064092626""]",CN,5,True,386
7615931360460524826,7616361806558151451,2026-05-10T18:59:38.519898,"给曼德拉的歌      光辉岁月
给世界和平的歌   Amani
给母亲的歌          真的爱你
给父亲的歌          报答一生
给女朋友的歌       喜欢你
给自己的歌          海阔天空",1773322423,188,1,8,0,0,True,False,0,,-1,3799536030718078,MS4wLjABAAAAUY6PpLtRhYpmKb-rUV2ql2b8c7IHLgFgdgvqnhvsdzt6r11quOdM_QNx1pcdw4jO,冰可樂,happy560,"[""https://p3-pc.douyinpic.com/aweme/100x100/aweme-avatar/tos-cn-i-0813c000-ce_o4DPvEsB5IMLAAqB5UAxVAGiBUAyaAsbiWMPM.jpeg?from=2064092626""]",CN,5,True,218
7615931360460524826,7616725781926593329,2026-05-10T18:59:38.519898,就是在这首歌底下评论的,1773407168,14,1,2,0,0,True,False,0,,-1,106867474287,MS4wLjABAAAAStA-Rg3STo-uMVFRQ9DYWD6ypLBvp6Y6zABTYUHCYic,甴已,47905126450,"[""https://p3-pc.douyinpic.com/aweme/100x100/aweme-avatar/tos-cn-i-0813c000-ce_osiqgcByEiAfIvC8cAinAvAAE5VLPe2i0Y8DwL.jpeg?from=2064092626""]",CN,5,True,218
7615931360460524826,7620746212795155254,2026-05-10T18:59:38.519898,黄家驹对我来说像是一个梦里面的人，他死在了我出生的那年，我没有见过他，他甚至来不及等我出生长大去看他的演唱会，小时候我甚至不知道他这个人，就是这样的一个人他用歌声陪着我长大，从一个牙牙学语的婴孩长成一个独立自主的成熟女性，透过他的歌我学到了更多不仅仅是有关风月的爱,1774343249,21,1,1,0,0,True,False,0,,-1,3320974079436280,MS4wLjABAAAAn2eeZmZRjmJUC8_8JjSOvWOE6kyfPrBhBDf1TGuyD0mUwaaV5sTpJz1MeVweAYue,再买眼影我是狗（五盘眼影没用完）,74616455571,"[""https://p3-pc.douyinpic.com/aweme/100x100/aweme-avatar/tos-cn-i-0813c000-ce_oA3YeGwmfAE2TICQAB9p1jEXgiEeiAAPPIAISz.jpeg?from=2064092626""]",CN,5,True,218
7615931360460524826,7616152436860355354,2026-05-10T18:59:38.519898,有些人那绝对是提前回归神位了,1773273677,90,1,2,0,0,True,False,0,,-1,2792362357046084,MS4wLjABAAAAJGJo1OkRa7DmpEunstf-uE-o-QHz6XH9JVZwMadXRnfcDBJBJfhUltVLj6PEgAAI,简以時光,jj66jj66jj66,"[""https://p3-pc.douyinpic.com/aweme/100x100/aweme-avatar/tos-cn-avt-0015_039cbd15eaa90bb29fd66d77c77726ed.jpeg?from=2064092626""]",CN,5,True,218
7615931360460524826,7617156458420978475,2026-05-10T18:59:38.519898,二哥，现在肯尼亚人还知道你这首歌[流泪],1773507445,61,1,2,0,0,True,False,0,,-1,3248394804949796,MS4wLjABAAAA8KKLFELiuA4_uTyUoquyK0_pseDI3bCSVatJ4T8JDO6N5BEOaZg6YtgtZwrC5tjO,🍒🔆 Zhᰔāngꨄ 🌸,61739631290,"[""https://p3-pc.douyinpic.com/aweme/100x100/aweme-avatar/tos-cn-i-0813c001_oIeXcAamSAQ5AhBADHgaB9pCDGJbIH4AAuegEn.jpeg?from=2064092626""]",CN,5,True,218
7615931774903880975,7615947718750225201,2026-05-10T18:59:51.473236,玄弥用一生在给大哥说对不起，实弥在用一生。让他活下去,1773226011,240,1,1,0,0,True,False,0,,-1,4276442914620348,MS4wLjABAAAAFH44v8wSYcSOr0pDhCjYQ5jzh-FtvNiWChiTNouYuMboClGGJDE6zTIBjNnVQ4Q8,cn言止,20080464102,"[""https://p3-pc.douyinpic.com/aweme/100x100/aweme-avatar/tos-cn-i-0813_oMQA4BaZgIAR0i2AmiD6CgFE1PcAvAxsagq1I.jpeg?from=2064092626""]",CN,5,True,156
7615931774903880975,7616915193075614513,2026-05-10T18:59:51.473236,小苦瓜[泣不成声],1773451269,363,1,2,0,0,True,False,0,,-1,95551645133,MS4wLjABAAAASSPmgF4QSeH9UyFu-CW9MkXbQdlQCU30r0pBRNtPyvo,不死川,36589297296,"[""https://p3-pc.douyinpic.com/aweme/100x100/aweme-avatar/tos-cn-i-0813c000-ce_okfTrc7HBMDfJ5eEjJFKkIAUJWAgQgFhJKAOVA.jpeg?from=2064092626""]",CN,5,True,156
7615931774903880975,7616331323422294821,2026-05-10T18:59:51.473236,因为他俩，我的眼睛会水之呼吸了[泣不成声][泣不成声][泣不成声],1773315325,577,1,13,0,0,True,False,0,,-1,4117048887615499,MS4wLjABAAAAf2JbIcNZO2G0sUU-t3u219HLs9UZP7wbqXjW1B2COD9s_YK2aIXQ0K7AuCfvbo3o,🦴,51033742156,"[""https://p3-pc.douyinpic.com/aweme/100x100/aweme-avatar/tos-cn-i-0813_oAaE6zbAHFTDlD9mAAA723feBpBFoXETAIcQpf.jpeg?from=2064092626""]",CN,5,True,156
7615931774903880975,7622192000271893305,2026-05-10T18:59:51.473236,实弥走的都慢成乌龟了[钱]我记得实弥不是鬼杀队走的第二快的吗？[钱],1774679871,150,1,3,0,0,True,False,0,,-1,3386949404994589,MS4wLjABAAAA334k36neQQfp6Jqvl1_ym5zapTryuqC5r3_LO1_zDbjHEh7hN9fWkrSx6wWqWlye,挽劳初,37419222148,"[""https://p3-pc.douyinpic.com/aweme/100x100/aweme-avatar/tos-cn-i-0813c000-ce_oIxPBwACb9BIPMpcnACA2i53ZAAbMiEaA0jAu.jpeg?from=2064092626""]",CN,5,True,156
7615931774903880975,7619921511752139583,2026-05-10T18:59:51.473236,有没有注意到？其实他哥哥一直在原地踏步，因为只是想听听他弟弟说话。,1774151233,62,1,1,0,0,True,False,0,,-1,1502384887454948,MS4wLjABAAAAOZUDb3vGpQolEbNsGUfqGt73o2rL6Vh94aWitAuP09HBmdKtiv7HH6BP9SLLFQnz,恋柱甘露寺蜜璃,67257508186,"[""https://p3-pc.douyinpic.com/aweme/100x100/aweme-avatar/tos-cn-avt-0015_5a1a85d55f2da01b679b00f5694c1a5a.jpeg?from=2064092626""]",CN,5,True,156
7615934748313062696,7616021558779970345,2026-05-10T19:00:22.865121,李雨桐的爆料薛之谦堪比说泰森打得过泰罗一样假， [捂脸],1773243553,51,1,3,0,0,True,False,0,,-1,3010912315517015,MS4wLjABAAAAj-nDYRPS9x36-5oCABBXuNDbgAajctQZ_PXzEFGdmaS5ODULRQFg7hbYGaJZVK7N,时不缘腐,97992492205,"[""https://p3-pc.douyinpic.com/aweme/100x100/aweme-avatar/tos-cn-i-0813c001_oQ4tsZwIvy98iAOiHAB4LQIDYAjAMDi4PlA0E.jpeg?from=2064092626""]",CN,5,True,390
7615934748313062696,7616030031730836233,2026-05-10T19:00:22.865121,薛之谦回头一看自己身后空无一人，因为所有人都站他前面了,1773245178,114,1,1,0,0,True,False,0,,-1,229155763654974,MS4wLjABAAAAnz4TaTM_W_2rL2zhSdNbrj6JlUYrHz1W_Dpccawujgc,其实,2024120620100VXY,"[""https://p3-pc.douyinpic.com/aweme/100x100/aweme-avatar/tos-cn-i-0813_o0AARIuRSBAmdeTfAGEQABoaLAsEaIe7YB7C1X.jpeg?from=2064092626""]",CN,5,True,390
7615934748313062696,7616161305355879227,2026-05-10T19:00:22.865121,娜娜发文谁也没想告诉，只想告诉杰杰和杰杰粉，没有娜娜就没有你杰杰的今天。,1773275742,29,1,1,0,0,True,False,0,,-1,62839560953,MS4wLjABAAAAExYeyGBM6eqhFHxMvN1nKSTxSkdB-wtIxqQN-RUDsMc,用户8516092732077,,"[""https://p3-pc.douyinpic.com/aweme/100x100/aweme-avatar/tos-cn-avt-0015_26eb9a4335a26c21bee5d44d50cb0407.jpeg?from=2064092626""]",CN,5,True,390
7615934748313062696,7626713468922708790,2026-05-10T19:00:22.865121,"薛之谦
1他开演唱会的价格对得上他回馈粉丝的程度
2前些年赌上前程托举无权贵的毛不易
3他的歌从深情苦情歌到饱含深意的世态解读，而不是糊弄发片挣钱收割粉丝
简单几点他人品就不会有问题，一个浪漫且真诚疯子",1775732608,18,1,0,0,0,True,False,0,,-1,685718823240376,MS4wLjABAAAALQfp-enMxNuMz1PQMX9WRW_uIhUP8cZqNjuASE5aSeo,普通老百姓a,9.8.9.1.6,"[""https://p3-pc.douyinpic.com/aweme/100x100/aweme-avatar/tos-cn-avt-0015_1102de9b0c54fcc480ee426330cf51eb.jpeg?from=2064092626""]",CN,5,True,390
7615934748313062696,7616099086790378283,2026-05-10T19:00:22.865121,,1773261272,32,1,18,0,0,True,False,0,,-1,676921287123310,MS4wLjABAAAAJ05Mpson-MNTPY9TOv11xGRw92Cn1hC7sOn6-UjqMVU,是欣爷吖🤷🏻‍♀️,yjxlaxa,"[""https://p3-pc.douyinpic.com/aweme/100x100/aweme-avatar/tos-cn-avt-0015_3b8aef147a1705b2658fef356198ac9e.jpeg?from=2064092626""]",CN,5,True,390
7615935612352286006,7638093433677513522,2026-05-10T19:00:40.179137,福特，卫士和雷克萨斯用的全地形轮胎，其他用公路胎，这个本来就不公平。,1778382875,0,1,0,0,0,False,False,0,,-1,106354571766,MS4wLjABAAAAlpI79lbIg-Y6r40DYhXhwW5klDJ5BOIdQ-3tq56T2Y4,牛儿漫天飞,,"[""https://p3-pc.douyinpic.com/aweme/100x100/aweme-avatar/mosaic-legacy_3796_2975850990.jpeg?from=2064092626""]",CN,5,True,5764
7615935612352286006,7616050239359582991,2026-05-10T19:00:40.179137,所以说100万买卫士，50万买途乐，20万买牧游侠，,1773249889,895,1,133,0,0,True,False,0,,-1,1789629517796451,MS4wLjABAAAAoe-8w8ZTtT0gbHviXYG_Zdutri5WhBsfKLsey3afP78hAVHkxKFpBNlsrt-KjUUf,聋的传人,dy4dmm8z2nzh,"[""https://p3-pc.douyinpic.com/aweme/100x100/aweme-avatar/tos-cn-i-0813_o0yBvfAHXFygAEaAHT7B7QAA2EI5fBBDQfLYGi.jpeg?from=2064092626""]",CN,5,True,5764
7615935612352286006,7616017447947305765,2026-05-10T19:00:40.179137,卫士有钱人不用技术的越野，牧游侠性价比之王，坦克玩的就是会调，撼路者轻越野，丰田全系必须得老炮玩，新陆巡和雷克萨斯就脱离越野目的了，途乐老牌硬派越野，以前不孬不狠如今依然如此,1773242247,474,1,44,0,0,True,False,0,,-1,4142602589048606,MS4wLjABAAAA6fJmDhvQ5UtxUS8mAQrDpwSLa4Un8RWJcyxoW_t_FAu325HJSkr5VBnAoK0AB8-u,张力午,zhangliwu90,"[""https://p3-pc.douyinpic.com/aweme/100x100/aweme-avatar/tos-cn-i-0813_oE8LeAelNAsOA23ADsJcD9CCC7XbgxvAASggQn.jpeg?from=2064092626""]",CN,5,True,5764
7615935612352286006,7615997090690810678,2026-05-10T19:00:40.179137,我记得五十铃DMAX电子限滑就很厉害，这新款牧游侠更厉害了,1773237506,4,1,4,0,0,True,False,0,,-1,470232316255437,MS4wLjABAAAAXY47Aqu6NqZOhk_23r9jb0jkcGIJ7TUpduhs1O-E2KE,小猫同学,dyrntrhgk53l,"[""https://p3-pc.douyinpic.com/aweme/100x100/aweme-avatar/tos-cn-i-0813_oo9AEAhIAfAILAioSFDFEIwEECTfXAHQpgDUAb.jpeg?from=2064092626""]",CN,5,True,5764
7615935612352286006,7622180668764308262,2026-05-10T19:00:40.179137,结论: 闭眼买路虎，技术流选坦克，预算有限上牧游侠，其他都推沟里[不看]，大G单说,1774677233,49,1,9,0,0,True,False,0,,-1,93561250201,MS4wLjABAAAAwXro24AKWL08O6YlqNYx4xMikqmmLrScsNewj4aoM5M,指定幸运观众,,"[""https://p3-pc.douyinpic.com/aweme/100x100/aweme-avatar/tos-cn-i-0813_23e3ad5a14594ad68d309c7e0e15c6a6.jpeg?from=2064092626""]",CN,5,True,5764
7615936203959046095,7615951995212792612,2026-05-10T19:00:54.299996,《配件都拆完了》,1773227007,63031,1,356,0,0,True,False,0,,-1,378711495155080,MS4wLjABAAAAH8_7hRinWSdaCKkF8UBvk6L3cIU3hfptxw4XuuEN1NQ,用户1207,pddxb66,"[""https://p3-pc.douyinpic.com/aweme/100x100/aweme-avatar/tos-cn-i-0813_ocDAPALiABNgXAaEAA5Z7IJ0PNiAPws1gGcRI.jpeg?from=2064092626""]",CN,15,True,12297
7615936203959046095,7615977338933068559,2026-05-10T19:00:54.299996,虎头蜂和鼠头蜂完全是两个极端啊，一个贼能打，一个贼能吃，[捂脸],1773232907,5093,1,46,0,0,True,False,0,,-1,96936008896,MS4wLjABAAAAQX6G1mf971emuBPKF9x9HAo31ZRc48oRdax0A4mScs8,栓柱,,"[""https://p3-pc.douyinpic.com/aweme/100x100/aweme-avatar/tos-cn-i-0813c001_oAEqAyL5sLDAKBMAIOIGy6eeQA3fAu3dBGktJ7.jpeg?from=2064092626""]",CN,15,True,12297
7615936203959046095,7615982790146409253,2026-05-10T19:00:54.299996,前面都没有笑，直到他说了一句，配件都拆完了[捂脸]，实在绷不住了,1773234177,3993,1,35,0,0,True,False,0,,-1,1286841495453920,MS4wLjABAAAA-EE2xNCgJ7JSI-27QqmMyXOYLT7hF-SdZE-srsGbMdwKIBbEcGVSHWXTcPMUzIcG,嘻嘻₍ᐢ‥ᐢ₎ ♡,91075102168,"[""https://p3-pc.douyinpic.com/aweme/100x100/aweme-avatar/tos-cn-i-0813c000-ce_oME0pAODTFfqQlLFEAAHmAIwBJg4ffngF7QQHJ.jpeg?from=2064092626""]",CN,15,True,12297
7615936203959046095,7616226381285917449,2026-05-10T19:00:54.299996,进化[看]。管你7套8套的。[不你不想],1773290892,131,1,7,0,0,True,False,0,,-1,111245812397,MS4wLjABAAAA9qaSY71qaqURkF7M-8jc3dJpo0OH7sVbHfFGwJgfBdY,….,Wwwwu888,"[""https://p3-pc.douyinpic.com/aweme/100x100/aweme-avatar/tos-cn-avt-0015_67e50f33eba52026fd85e198057706b8.jpeg?from=2064092626""]",CN,15,True,12297
7615936203959046095,7616359199379211057,2026-05-10T19:00:54.299996,你们都是吹的  只有我是真的野牛信徒[钱],1773321816,109,1,28,0,0,True,False,0,,-1,2612881752598750,MS4wLjABAAAADICtDLhhfYXAVjfejHiizx3oePMDDdJy1c-nuEIzPUL7CvwseyQded8qJqmRCFyd,02纯情萧楚南上网只为跟美艳少妇网恋,w02135725,"[""https://p3-pc.douyinpic.com/aweme/100x100/aweme-avatar/tos-cn-i-0813c000-ce_o0RGeiBNeAEc7IADuqiEdPEAJAzw43Ak90fcoD.jpeg?from=2064092626""]",CN,15,True,12297
7615937081646272185,7617142606464975675,2026-05-10T19:01:14.956435,产品清单在群里找找哦宝宝们～,1773504219,1,1,1,0,0,True,False,0,作者,1,1578215679113,MS4wLjABAAAARVH7W7Wcji52P9ruXidpg3IBDTcCMxz3kyXIfU6c00c,惠惠很会,97931070210,"[""https://p3-pc.douyinpic.com/aweme/100x100/aweme-avatar/tos-cn-avt-0015_4ba1ef8bd95c4ced4f761c82d32b1936.jpeg?from=2064092626""]",CN,5,True,93
7615937081646272185,7616286089799779114,2026-05-10T19:01:14.956435,你们贴双眼皮贴好轻松，我每次高高兴兴的买回来，怎么也贴不上,1773304794,38,1,1,0,0,True,False,0,,-1,7444571199872779326,MS4wLjABAAAAKA2wORl-C0VCCTYerom4jEtb12V621WOsbmgGoGH1KXKR0kUwVuwwRHvqjc8SXsU,念念为財,39289897445,"[""https://p3-pc.douyinpic.com/aweme/100x100/aweme-avatar/tos-cn-avt-0015_9bd30e03b70ff2b3c368008afb5b695e.jpeg?from=2064092626""]",CN,5,True,93
7615937081646272185,7617127584375931694,2026-05-10T19:01:14.956435,我戴了大直径的就没眼白了[流泪],1773500720,1,1,2,0,0,True,False,0,,-1,1109860505892576,MS4wLjABAAAAqlVDx_ENyyJMIn5oUoNqqWJqvLGfhjK_g_LzJTznG3K02pt2LxBDeuIwg_LNlIbZ,薏米,64707043541,"[""https://p3-pc.douyinpic.com/aweme/100x100/aweme-avatar/tos-cn-i-0813c000-ce_oEvHueEoyCEi6qCEAI7A4AAIjE6wh0TIBAeXiC.jpeg?from=2064092626""]",CN,5,True,93
7615937081646272185,7616977176017535807,2026-05-10T19:01:14.956435,主播宝宝，那个intoyou唇泥是哪个色号的呀,1773465701,0,1,1,0,0,True,False,0,,-1,98469797066,MS4wLjABAAAAdcWxjPOq2D-BOWOTqRL_kfp6fvjbdjMnfdBk-6y_geA,不是张张包（万兽之王417）,,"[""https://p3-pc.douyinpic.com/aweme/100x100/aweme-avatar/tos-cn-i-0813_oUmJPJDOOBWQwAAxbTAEP6EAiAEiaITbjIRBk.jpeg?from=2064092626""]",CN,5,True,93
7615937081646272185,7617047132449653562,2026-05-10T19:01:14.956435,为什么我画出来脏脏的[黄脸祈祷],1773481989,4,1,6,0,0,True,False,0,,-1,97987883779,MS4wLjABAAAAC-k2UZG2JS9DeZ9XrtObiCZmir8PUvdDBiUC60LQc3U,不爱吃鱼,39025535942,"[""https://p3-pc.douyinpic.com/aweme/100x100/aweme-avatar/tos-cn-i-0813c000-ce_oYCE8II0gABjJeI17LesETGEVAS0fIBQCABLAk.jpeg?from=2064092626""]",CN,5,True,93
7615937943294790931,7637476237564789558,2026-05-10T19:01:25.615654,我家的,1778238510,2,1,0,0,0,False,False,0,,-1,3537546697515338,MS4wLjABAAAApvFM_habukswOlb1lwIrY2MB9vzc1TZU3ZkKYv-Ovvf2sFdiPveJKinB7cHvFd73,不loⅴe就放弃,53514417738,"[""https://p3-pc.douyinpic.com/aweme/100x100/aweme-avatar/tos-cn-avt-0015_406fea784e3116347a4f350c658aa475.jpeg?from=2064092626""]",CN,5,True,171
7615937943294790931,7627094017193542446,2026-05-10T19:01:25.615654,海棠被新主人养的很好，它长大了很健康,1775821616,5,1,0,0,0,True,False,0,,-1,71727682822,MS4wLjABAAAAPAWl_MKS49w8hpYxE-H5IyBkM0zDeM17mwqxLZjRgQ0,太阳啊,,"[""https://p3-pc.douyinpic.com/aweme/100x100/aweme-avatar/tos-cn-avt-0015_a1d3455c2cfbefa84babd89b96226657.jpeg?from=2064092626""]",CN,5,True,171
7615937943294790931,7616002716884845363,2026-05-10T19:01:25.615654,和我这个狗狗，小时候长得一样[捂脸],1773238817,11,1,1,0,0,True,False,0,,-1,95886338546,MS4wLjABAAAA0d1D1fw7bry-CoIl3aAJE4SEJygLUXJsO8YWrvbE63o,威舞小草,lugaga1010,"[""https://p3-pc.douyinpic.com/aweme/100x100/aweme-avatar/tos-cn-i-0813_8e408963ba9e486cadc6fb3953761efb.jpeg?from=2064092626""]",CN,5,True,171
7615937943294790931,7620377057733673765,2026-05-10T19:01:25.615654,谢谢你好人好报[感谢][感谢][感谢],1774257296,6,1,2,0,0,True,False,0,,-1,2682406514990013,MS4wLjABAAAA90dLZXRDfrTYSJRVoQ4d2N5EMM5QmeZRagrF9QCYFrmNnoeoMx68LqXbCBDAURaw,刘好运 莲莲,dycejj7gdjup,"[""https://p3-pc.douyinpic.com/aweme/100x100/aweme-avatar/tos-cn-i-0813c000-ce_o4AAIFuv3xYeDWUA9fyEC8ApweEwEGAQZoCWIu.jpeg?from=2064092626""]",CN,5,True,171
7615937943294790931,7618427757748323131,2026-05-10T19:01:25.615654,[感谢][感谢][感谢]要感谢好心人的救助和救助，好人一生平安，[感谢][感谢][感谢][赞][赞][赞][比心][比心][比心],1773803441,5,1,0,0,0,True,False,0,,-1,21833238577,MS4wLjABAAAALjMNX5VrhTwMDDfBJvDuf5XRcothxtEPLb3ymWidEHE,樱桃_57347,,"[""https://p3-pc.douyinpic.com/aweme/100x100/aweme-avatar/6ca7f703ba358e32d75ad9022cb56ff7.jpeg?from=2064092626""]",CN,5,True,171
7615939495212485915,7620233916977693440,2026-05-10T19:01:40.781704,最早的康师傅泡沫碗什么时候可以在生产太怀念了[流泪],1774223972,207,1,4,0,0,True,False,0,,-1,62205433472,MS4wLjABAAAA6rPBraUFQWn-xb2JEvC6dLVab85pmhWhMoOMaz6wFX8,加加加加加辣🥵,,"[""https://p3-pc.douyinpic.com/aweme/100x100/aweme-avatar/tos-cn-avt-0015_34451ec177fa6810196c293c5c441b1c.jpeg?from=2064092626""]",CN,5,True,346
7615939495212485915,7624587780874142522,2026-05-10T19:01:40.781704,老坛酸菜牛肉面在我心里真的夯爆了 它出事我都当没看见[憨笑],1775237686,19,1,2,0,0,True,False,0,,-1,2546912325799967,MS4wLjABAAAARK60uoz5zEY83DK0BUocWQ5y0FYmw32U7smdnJACdGjF_jnBmE52TKlxK7Vt4jei,Myeon,my042,"[""https://p3-pc.douyinpic.com/aweme/100x100/aweme-avatar/tos-cn-i-0813c000-ce_o8GvcQfgMs1GzKmAAQ8NAfAALXseAlTDmD420f.jpeg?from=2064092626""]",CN,5,True,346
7615939495212485915,7616336253088383782,2026-05-10T19:01:40.781704,红烧牛肉面吃完就反胃，老坛酸菜吃完就拉肚子,1773316473,7,1,5,0,0,True,False,0,,-1,1767616380416087,MS4wLjABAAAAOcZiWIIP6YfszOD-JpwwVLbb4gJ_8tW37jnL06dLYFx3__m2ZjaftE--xB1HC2u3,人民萬歲,wohao666niubi,"[""https://p3-pc.douyinpic.com/aweme/100x100/aweme-avatar/tos-cn-i-0813_oodohADTIACEAEsrfAAgQbAFmFI7RYKIHf79Cp.jpeg?from=2064092626""]",CN,5,True,346
7615939495212485915,7616963744610009890,2026-05-10T19:01:40.781704,康师傅最早的小鸡香菇面最好吃没有之一[看],1773462573,17,1,2,0,0,True,False,0,,-1,62385265732,MS4wLjABAAAAUjZZJqo0dRbc6MORrwnwOacUErj3mlRLbSVovvXBDa8,就此别过,,"[""https://p3-pc.douyinpic.com/aweme/100x100/aweme-avatar/tos-cn-avt-0015_f4ab20bb635e448a0fa27facc459b108.jpeg?from=2064092626""]",CN,5,True,346
7615939495212485915,7626049075909083923,2026-05-10T19:01:40.781704,我记得康师傅之前有黑胡椒牛肉面，是不是停产了,1775577918,1,1,1,0,0,True,False,0,,-1,59834426789,MS4wLjABAAAAD7uc48Wgv2oD9hw6NwthBuGNkS4JNJC-ZS1yJwrCqh0,特仑苏女士,,"[""https://p3-pc.douyinpic.com/aweme/100x100/aweme-avatar/tos-cn-i-0813_okAEBAUyILAZtMAAI7BGa3se5fyAaDOZ8BOeE1.jpeg?from=2064092626""]",CN,5,True,346
7615941173319863592,7616206970769572667,2026-05-10T19:01:56.702316,旗鱼，山东大集叫它金枪鱼[捂脸],1773286374,68,1,14,0,0,True,False,0,,-1,2867156883347991,MS4wLjABAAAA3ohbePKwhk9fAiuqy6Zr7gpu3dR0B0t5MGxGJKPmzKmcfpbiQKEpgUNFlLlSpclS,☀越来越好~赵㊖進寶☀,dy1ai9x3r65uf,"[""https://p3-pc.douyinpic.com/aweme/100x100/aweme-avatar/tos-cn-avt-0015_1dbcc4390ce0d546f54d1192b831bf87.jpeg?from=2064092626""]",CN,5,True,197
7615941173319863592,7622841730644034342,2026-05-10T19:01:56.702316,没什么不拖网？效率太低，学习一下我们,1774831151,0,1,1,0,0,True,False,0,,-1,110836321047,MS4wLjABAAAAF66TiapzDXPaVPBFYfl9q6Gdc9L_OMVBLVSr44d5DM0,李大仁,,"[""https://p3-pc.douyinpic.com/aweme/100x100/aweme-avatar/tos-cn-i-0813c001_faaac07272d54603ae4e7292f67949ac.jpeg?from=2064092626""]",CN,5,True,197
7615941173319863592,7616572742276989745,2026-05-10T19:01:56.702316,这活我干不了。我怕一天就丢了上干只标枪。,1773371537,1,1,1,0,0,True,False,0,,-1,2506483300312280,MS4wLjABAAAAwCZpHUNU4cAMoCSPQNWCvYOLdURzHdj-TsJkTgf8nv7mxWCdU7R38lobsBKVEUFb,风雅,W5024555114,"[""https://p3-pc.douyinpic.com/aweme/100x100/aweme-avatar/tos-cn-i-0813c000-ce_oIAENg4fIanAeIAE8E2DfEC9H9AFAAkwA52oQN.jpeg?from=2064092626""]",CN,5,True,197
7615941173319863592,7616322334273618740,2026-05-10T19:01:56.702316,不是怕让旗鱼刺死，而是怕坐船头掉进大海[呲牙][呲牙][呲牙]，被旗鱼刺死概率应该跟自己摔个跟头摔死一样低[呲牙][呲牙][呲牙][呲牙],1773313233,4,1,2,0,0,True,False,0,,-1,1472996879368355,MS4wLjABAAAA7-leEQgjfmjg_f-dwLXnB0hwinIA45ioXTdDwb1ODWQXpMH4jIma7vXLFs3q3YX6,杨柳岸,niuniu444965,"[""https://p3-pc.douyinpic.com/aweme/100x100/aweme-avatar/tos-cn-i-0813_oEgAgD16mAA1WS9MAnCmA7tBeApEDIb9nAtBHf.jpeg?from=2064092626""]",CN,5,True,197
7615941173319863592,7616176783821636367,2026-05-10T19:01:56.702316,一条旗鱼能卖上万元啊？,1773279882,5,1,6,0,0,True,False,0,,-1,101550846814,MS4wLjABAAAA5LJov-ONr_n7iZ1fau69MHtHhNVE9Ldd3WF8Yi8ZhZQ,写诗的痞子🌈,SJ20000,"[""https://p3-pc.douyinpic.com/aweme/100x100/aweme-avatar/mosaic-legacy_310ca00071514639a21a5.jpeg?from=2064092626""]",CN,5,True,197
7615945819934073728,7616045345265582890,2026-05-10T19:02:41.543671,永远忘不了，大哥你家有核桃吗？,1773248746,166,1,5,0,0,True,False,0,,-1,1472979741452894,MS4wLjABAAAACm5swlWUiTn4ZOtdfzS2gTQFdJA09MdEGS747jZC-JTdWmTkgozR8h7SyloFL4xd,帆baby,JCYS2013,"[""https://p3-pc.douyinpic.com/aweme/100x100/aweme-avatar/tos-cn-avt-0015_f014fe89fc79d1b03b2dfef234b016a9.jpeg?from=2064092626""]",CN,5,True,3365
7615945819934073728,7618224413012067121,2026-05-10T19:02:41.543671,经常有人喊我去打牌，在外面根本不敢去，很多人玩杀猪盘,1773756095,8,1,0,0,0,True,False,0,,-1,75359404752,MS4wLjABAAAAyZScRTFHkWY_xNCBe59vxal1WLnxAKq3pqz9ycRY5eI,袁文杰,YWJ1144619260,"[""https://p3-pc.douyinpic.com/aweme/100x100/aweme-avatar/tos-cn-i-0813_9754bbebf3c64544926e21804d0b82fe.jpeg?from=2064092626""]",CN,5,True,3365
7615945819934073728,7615970420764951315,2026-05-10T19:02:41.543671,见到这位姐姐，不分青红皂白，扭头就打准没错。,1773231772,25,1,2,0,0,True,False,0,,-1,111584655349,MS4wLjABAAAAdm-4LVSJxl9N1uGl_EwfJbY3Mqxc3fnxVeBSqnm0l8Q,隐身人,,"[""https://p3-pc.douyinpic.com/aweme/100x100/aweme-avatar/tos-cn-i-c9aec8xkvj_f40167b2fd7248b99d3d3c15980a9f0c.jpeg?from=2064092626""]",CN,5,True,3365
7615945819934073728,7622528296899609393,2026-05-10T19:02:41.543671,中国人最擅长的就是骗中国人，以前留学的时候，第一个骗我的就是中国人。,1774758172,11,1,4,0,0,True,False,0,,-1,975959163152368,MS4wLjABAAAA2aLrbN0hK6xccLAHmbewzxjUTA_6g3VrR-0oWqzFdjA,莫扎特,dym1r5set4kd,"[""https://p3-pc.douyinpic.com/aweme/100x100/aweme-avatar/tos-cn-avt-0015_0a70de9f26a7f557812baeabde0ad933.jpeg?from=2064092626""]",CN,5,True,3365
7615945819934073728,7620342067503383350,2026-05-10T19:02:41.543671,我一朋友过年输20多个W，还有一个输80多个的。我说他被做局了，他不信，还说都是铁哥们。我说还特别不爱听，没招儿,1774249539,11,1,1,0,0,True,False,0,,-1,1517804851301630,MS4wLjABAAAADo8Ak5WIAbxYKec89KDix1r41FVJphfA9pczg-4dKugfCY6fbQhCQh4IR6FlGCrr,⃢👁        👁⃢,89563526653,"[""https://p3-pc.douyinpic.com/aweme/100x100/aweme-avatar/tos-cn-i-0813c001_c1f2f8c5bce84e828c46e5eb9449bdff.jpeg?from=2064092626""]",CN,5,True,3365
7615945923591474438,7616173014384231209,2026-05-10T19:02:53.063774,总感觉是个巨大的阴谋,1773278470,13,1,2,0,0,True,False,0,,-1,1550739813443819,MS4wLjABAAAAxrisgBxylWEDh42eV0UI6G0mSeS-pZTLndZ-JPVvtKoKdRHsEVn7d8C9yDCZlqqH,喵喵仔,hao875253,"[""https://p3-pc.douyinpic.com/aweme/100x100/aweme-avatar/tos-cn-avt-0015_c1e10094bca9229991b42c679e0d3e01.jpeg?from=2064092626""]",CN,5,True,70
7615945923591474438,7616562828867404595,2026-05-10T19:02:53.063774,对于初学者来学，小龙虾太复杂了，还是用万兴脑图帮自己工作吧,1773369785,4,1,0,0,0,True,False,0,,-1,104812061924,MS4wLjABAAAAKOaDDdqqpxvdbGRFsvOoUv0ly2ewivKpYHPn7-EaNC8,🌈🌈冰糖小葫芦,,"[""https://p3-pc.douyinpic.com/aweme/100x100/aweme-avatar/mosaic-legacy_1ca3a000440eea6c08637.jpeg?from=2064092626""]",CN,5,True,70
7615945923591474438,7616183842949448507,2026-05-10T19:02:53.063774,简单，一个龙虾，爬多个龙虾，无限调用，无限嵌套，龙虾吃龙虾，龙虾生龙虾，无限循环，然后再接入无数AI，最后形成一个AI社会，而我就是AI社会的国王，先接入我的世界试试，看看AI开创造模式会怎么样？？？效果好了，整个AI陪玩出来，带大家上分，或者接入侠盗猎车，最后爬出整个元游戏出来。[调皮][调皮][调皮],1773280990,18,1,0,0,0,True,False,0,,-1,1585964895983276,MS4wLjABAAAAGFMzJm4nZjIfJz1YayXUTrnMfAujUCcRbO_MrrB5ZIxnZns3yZT3EAPj5dzct8uf,3天饿9顿,26139677131,"[""https://p3-pc.douyinpic.com/aweme/100x100/aweme-avatar/tos-cn-i-0813c000-ce_oAoksAuei8A2CIgRLdLeJEg30VfAsoQM7AGhBn.jpeg?from=2064092626""]",CN,5,True,70
7615945923591474438,7615999904411337523,2026-05-10T19:02:53.063774,我觉得连部署都不会的话，那我感觉实际上也用不到🦞[戳手手],1773238162,20,1,1,0,0,True,False,0,,-1,2833884558660192,MS4wLjABAAAArMSQcZeEX7QusZPB-i9Kigva3SCPjEnWQeJpVpaV3S0DsvxKnmGxBmmp05EqSpPk,熊大,24857138099,"[""https://p3-pc.douyinpic.com/aweme/100x100/aweme-avatar/tos-cn-i-0813c001_oIpACCfs2C6I0AF9rACQLTaAAnA2gufEhkSDES.jpeg?from=2064092626""]",CN,5,True,70
7615945923591474438,7616978625787953926,2026-05-10T19:02:53.063774,本地算力够的话可以用自己的算力吗?,1773466373,0,1,1,0,0,True,False,0,,-1,108117000162,MS4wLjABAAAApqyqu7z0XxggVzEoUHh8ESUg7-vYsIMbV76cVN09KG8,情绪谷,xy.888888888666,"[""https://p3-pc.douyinpic.com/aweme/100x100/aweme-avatar/tos-cn-i-0813_okFwNFDe9AAUdQAa9oEIihCAsAOgLuABdofguD.jpeg?from=2064092626""]",CN,5,True,70
7615950752439160100,7621822046335812394,2026-05-10T19:03:42.267889,您把中国人的善良传递到了中东，传播了中华文明，为您点赞！,1774594411,14,1,1,0,0,True,False,0,,-1,110320586950,MS4wLjABAAAA19eIn3Ckk_qYM85_f9_XrmarqsfLvS2jbnVhZaTsRxU,不青,,"[""https://p3-pc.douyinpic.com/aweme/100x100/aweme-avatar/mosaic-legacy_3791_5035712059.jpeg?from=2064092626""]",CN,5,True,331
7615950752439160100,7623976461494911782,2026-05-10T19:03:42.267889,好样的，作为一个男人我都被你看泪了，可恶的战争,1775096017,9,1,0,0,0,True,False,0,,-1,106890081171,MS4wLjABAAAAyhniNsvXqMlB0OXC4LcB9yAWBwJpBfLcCs77kLlRH4U,肥肥,,"[""https://p3-pc.douyinpic.com/aweme/100x100/aweme-avatar/tos-cn-i-0813_2be14b5f73934c88b0e71a04ed592d4d.jpeg?from=2064092626""]",CN,5,True,331
7615950752439160100,7624541738870964998,2026-05-10T19:03:42.267889,一个被战乱祸害了的国家，仍在废墟的家园中种上了鲜花。说明这个国家的人民对生活充满了希望。也相信他们能好起来。,1775227429,4,1,0,0,0,True,False,0,,-1,110218097154,MS4wLjABAAAATqbTawJqR0H4vYCrlnRa95Htv76Ijcf-YS7wsnOatDw,金石铁马,,"[""https://p3-pc.douyinpic.com/aweme/100x100/aweme-avatar/tos-cn-i-0813c001_ocfJKyENiCAFdKDEAIgAeAATbupgknrADA9LEC.jpeg?from=2064092626""]",CN,5,True,331
7615950752439160100,7623762450622497536,2026-05-10T19:03:42.267889,那两个叙利亚小男孩一辈子都会对中国人有好感的。,1775046275,8,1,2,0,0,True,False,0,,-1,1249512492378301,MS4wLjABAAAAdqxTCxbZRVq4RwB8DV2eaENuHDa8bzKvaRrIDwcl5__4WSYlJa7ULyJlZsSavFqd,神谝侠,qin1411151,"[""https://p3-pc.douyinpic.com/aweme/100x100/aweme-avatar/tos-cn-i-0813c000-ce_oQMjIekLTDANWRANA1FhE9oAEAFwdEBnQlf6fE.jpeg?from=2064092626""]",CN,5,True,331
7615950752439160100,7637840461130564403,2026-05-10T19:03:42.267889,感觉越加这加油员心里越虚，不停的看着加油表，心里想站长是不是把加油机调的有点过分了,1778323636,0,1,0,0,0,False,False,0,,-1,108196090455,MS4wLjABAAAAF15vI6I36vTiDzmITW2y9qK2KvHY5_5waUap777xmfk,深蓝.,shenlan66930,"[""https://p3-pc.douyinpic.com/aweme/100x100/aweme-avatar/tos-cn-i-0813c001_oglAN5eGLCqQ3A89RARgU0vAAzAzgEbMJtenD8.jpeg?from=2064092626""]",CN,5,True,331
7615951090609603426,7616039906306409265,2026-05-10T19:03:58.692542,平常去只喜欢和朋友猜价格来着👉👈,1773247478,859,1,41,0,0,True,False,0,,-1,104220169657,MS4wLjABAAAAkPFQscqjWOBmdbOsRUbIlaLYEDG5j7TA4MUxEiHgmWg,SAN SAN,dyi9znakmcop,"[""https://p3-pc.douyinpic.com/aweme/100x100/aweme-avatar/tos-cn-avt-0015_ea0e0acfbcf55552538bdd8482f5e6f8.jpeg?from=2064092626""]",CN,10,True,452
7615951090609603426,7617325311593022245,2026-05-10T19:03:58.692542,下个月发工资了，我将带1000，去muji大采购,1773546758,21,1,3,0,0,True,False,0,,-1,408655199213534,MS4wLjABAAAAv6VM2Nm-3776bnva-tDW1-xB0yUja8xW72-rBS4_7uA,炸元宵,dys4vpqjv827,"[""https://p3-pc.douyinpic.com/aweme/100x100/aweme-avatar/tos-cn-i-0813c000-ce_ogEbIAEA9PJmAODnzFCLfi2eW5sADEAwe9zkEE.jpeg?from=2064092626""]",CN,10,True,452
7615951090609603426,7617135762806752049,2026-05-10T19:03:58.692542,,1773502624,0,1,2,0,0,True,False,0,,-1,86252026450,MS4wLjABAAAAFvO2ENNIkY3UEdaZQrPvXpjg1gj-v3Y1g14HfJ7y_fo,.财神爷爷的心尖宝,,"[""https://p3-pc.douyinpic.com/aweme/100x100/aweme-avatar/tos-cn-avt-0015_110e152eb4ec778dcbcb7586d6a5edde.jpeg?from=2064092626""]",CN,10,True,452
7615951090609603426,7622709110178366249,2026-05-10T19:03:58.692542,白檀点燃没啥味道，28块买个蜡烛[捂脸][捂脸][捂脸][捂脸],1774800274,8,1,4,0,0,True,False,0,,-1,63748150388,MS4wLjABAAAAjgT6ywLhIJfkuq3L7_O5d-EUlstlShECoiTfDPcQrXc,批发星光            🪳,a1178373261,"[""https://p3-pc.douyinpic.com/aweme/100x100/aweme-avatar/tos-cn-avt-0015_bc2e1d851dcb9ea0b364490e57b6acd9.jpeg?from=2064092626""]",CN,10,True,452
7615951090609603426,7617152503855235897,2026-05-10T19:03:58.692542,Muji 好多年前有个乳化事件 本来很火的 这个事件后就没什么人去了,1773506523,12,1,2,0,0,True,False,0,,-1,110184195358,MS4wLjABAAAAxMJQYexaMU4wHw9_OKHW1r6ZNYH-t_hj2Llhw3mDyeM,Delphia!,Latelyde9364,"[""https://p3-pc.douyinpic.com/aweme/100x100/aweme-avatar/tos-cn-avt-0015_c0c16b78cce67305f9fb33cecf63de72.jpeg?from=2064092626""]",CN,10,True,452
7615954730807823631,7615995939145057070,2026-05-10T19:04:19.505297,这个女主角近期演过利剑玫瑰[大笑],1773237238,78,1,14,0,0,True,True,0,,-1,107679698615,MS4wLjABAAAArJCt8axnIxh-A6vqaqN4zdx4nocl1Ay9QooUpSUiAQE,yangyang,yangyang948255,"[""https://p3-pc.douyinpic.com/aweme/100x100/aweme-avatar/tos-cn-i-0813c001_ogqAFECDgeACisAFfAn9AAAsE3GzzxIdq5nDgN.jpeg?from=2064092626""]",CN,5,True,1311
7615954730807823631,7615996973569196841,2026-05-10T19:04:19.505297,这个是真的是灵摆里最吓人的一个单元  艳艳钻被窝 十几年了 我还记得,1773237954,324,1,20,0,0,True,False,0,,-1,7466053097326527550,MS4wLjABAAAAnXTYxIpNkpiLmm8kbnf5-KEXU7IL4oZnGw0CqJ-7USWf17pHfJyuarsa2U6kXpei,不吃土豆丝,64690163333,"[""https://p3-pc.douyinpic.com/aweme/100x100/aweme-avatar/tos-cn-i-0813c000-ce_oQf17txBREOABAJfaF6LgDKIIsGA4YAkNgeNUj.jpeg?from=2064092626""]",CN,5,True,1311
7615954730807823631,7632183499004527409,2026-05-10T19:04:19.505297,这个艳艳到底是谁呀？,1777006198,4,1,3,0,0,True,False,0,,-1,1600535017293063,MS4wLjABAAAARXqlLPpbZjyuQAL9v4GZG-USmZTAUQkWEGMsyvWZiBrftdLz0t9BCBQgPqnX21ji,哑风铃✨,Kakao48707,"[""https://p3-pc.douyinpic.com/aweme/100x100/aweme-avatar/tos-cn-i-0813c000-ce_oYLfeAvmtAXfTUdAI5aDF2HKc6aeQzXAD6yAIG.jpeg?from=2064092626""]",CN,5,True,1311
7615954730807823631,7616201123925459761,2026-05-10T19:04:19.505297,14年的时候初二，全班在教室看了无删减版，给老师尴尬得走出去了[尬笑],1773285012,1220,1,25,0,0,True,False,0,,-1,253335804054091,MS4wLjABAAAAHXgjVdOcud5vBqcvlkBc9oaWPKMy1K6PAbIVo0tPDqg,云纭,44592192995,"[""https://p3-pc.douyinpic.com/aweme/100x100/aweme-avatar/tos-cn-avt-0015_17d82222a32c75f4d77e96f5bbe2748e.jpeg?from=2064092626""]",CN,5,True,1311
7615954730807823631,7616033928134443818,2026-05-10T19:04:19.505297,最吓人的一集  红衣学姐反而比不上   第一次看的时候  女鬼进被窝给我吓坏了,1773246656,40,1,5,0,0,True,False,0,,-1,101915368781,MS4wLjABAAAAocvk9dMcm4R4TejrlZKXbBucwIaNSVDRW2UA_6Zj49k,随心丶所遇,,"[""https://p3-pc.douyinpic.com/aweme/100x100/aweme-avatar/tos-cn-i-0813_owZYmAJtVEnP9xIA1Imigw6iBvPIBAiYAW7Aa.jpeg?from=2064092626""]",CN,5,True,1311
7615955802096028928,7616283900708832050,2026-05-10T19:04:35.842687,刚看了一个抖音，30万娶得，已经跑了[看],1773304285,48,1,6,0,0,True,False,0,,-1,1182722368481155,MS4wLjABAAAAEcpvqmNDxgn8KcF_cu3yWLPl_pGjBBEQE90dmm5ZBSKtjJJPYmn5a3svl5W8FR57,卡比兽,dyu373of8qwl,"[""https://p3-pc.douyinpic.com/aweme/100x100/aweme-avatar/tos-cn-avt-0015_19c829771b736beaad49f92086d88f3d.jpeg?from=2064092626""]",CN,5,True,513
7615955802096028928,7617386912085410575,2026-05-10T19:04:35.842687,看看老挝阿胜就知道了，小伙多惨,1773561640,14,1,2,0,0,True,False,0,,-1,624975795718999,MS4wLjABAAAAa7VpvDUTPKvLGgduE8IIGJUYhGXtc8EcvClHwUDO5VE,F.R.,87774936981,"[""https://p3-pc.douyinpic.com/aweme/100x100/aweme-avatar/tos-cn-i-0813c000-ce_ocfBg49o4CEF5wOEAI9A9AA2tfOw7pEPDA9jED.jpeg?from=2064092626""]",CN,5,True,513
7615955802096028928,7616241253017486130,2026-05-10T19:04:35.842687,嗯，你比那些说【俄罗斯、乌克兰、欧洲女孩，非常迷恋中国男人，想找个中国男朋友】的要好一些，但是不多,1773294355,9,1,1,0,0,True,False,0,,-1,110816138785,MS4wLjABAAAAAu32fsHOvO8C4pkXuqp7pJYs8Ix7eZ83RE1p0lPkMlY,yugel✨,yugel6688,"[""https://p3-pc.douyinpic.com/aweme/100x100/aweme-avatar/tos-cn-i-0813_o8DDvATAED8AIcFgpIdA0ERfsH99CCAyJEAyeU.jpeg?from=2064092626""]",CN,5,True,513
7615955802096028928,7616725704709964579,2026-05-10T19:04:35.842687,想要的自己去老挝找呀，拒绝中间商赚差价，生意考察或旅游名义去 [看],1773407701,2,1,1,0,0,True,False,0,,-1,74283012322,MS4wLjABAAAA3tMokMtRqCis6gZe-f0QyH5z9ehZpo6dYsbxQDA0pUk,@沐林,v714458190,"[""https://p3-pc.douyinpic.com/aweme/100x100/aweme-avatar/tos-cn-i-0813_e79262a3353f4ec381c09915b252a1f8.jpeg?from=2064092626""]",CN,5,True,513
7615955802096028928,7637386419790889738,2026-05-10T19:04:35.842687,应该多多来办婚姻介绍所，从外国进口一亿美女[赞][赞],1778217597,0,1,0,0,0,False,False,0,,-1,110774177033,MS4wLjABAAAAtswngH6TcY6bEP-V-CIR7WZUN7_w3Rb2ZsCfNiWGfu4,小李探花,xiaolitanhua66,"[""https://p3-pc.douyinpic.com/aweme/100x100/aweme-avatar/tos-cn-i-0813_b0601fb8f8d1425f8dbce1766acc01c3.jpeg?from=2064092626""]",CN,5,True,513
7615960301556616484,7638178915357377307,2026-05-10T19:04:48.177734,阿杜不退有周杰伦林俊杰什么事,1778402114,0,1,0,0,0,False,False,0,,-1,81810548815,MS4wLjABAAAAqzLUzs2_DY4bYuu8I2-1WnhgecaXphcYfzibKJQDHBg,欲说还休,,"[""https://p3-pc.douyinpic.com/aweme/100x100/aweme-avatar/mosaic-legacy_3793_3114521287.jpeg?from=2064092626""]",CN,5,True,996
7615960301556616484,7638209627503461177,2026-05-10T19:04:48.177734,他20多岁在工地当包工头，本身他就是个有能力的人,1778409265,0,1,0,0,0,False,False,0,,-1,3483703862632830,MS4wLjABAAAAltWRI_ji-PZC-_wJu8vuV8n6QpSPgGpjPALEVrdgf5qNM_jF9ZY1bWxaiWn4w5p8,用户贤～,63000760064,"[""https://p3-pc.douyinpic.com/aweme/100x100/aweme-avatar/tos-cn-i-0813c000-ce_oYGIBAy0ILAHfnAgQ7kGQvaCTvMAOeTdMJqeF6.jpeg?from=2064092626""]",CN,5,True,996
7615960301556616484,7638142565422744372,2026-05-10T19:04:48.177734,,1778393652,0,1,0,0,0,False,False,0,,-1,109413900712,MS4wLjABAAAAHn3nc8JRCQIJvXYfMqVq202Nr8uqm_aMCd0snIh4D3Y,人不中二枉少年,,"[""https://p3-pc.douyinpic.com/aweme/100x100/aweme-avatar/tos-cn-i-0813_7c311bb92ad64a7dab8b44794c7262f4.jpeg?from=2064092626""]",CN,5,True,996
7615960301556616484,7638208973296747301,2026-05-10T19:04:48.177734,[微笑]阿杜放在现在也是神,1778409113,0,1,0,0,0,False,False,0,,-1,85319916919,MS4wLjABAAAAxlu8DOIMCqYJwupR3JOTiMP_IBzM-_xTZaC1UosjoYk,+E,You_AreBeautiful,"[""https://p3-pc.douyinpic.com/aweme/100x100/aweme-avatar/tos-cn-avt-0015_f3c5d3a4a4017ec1427e9e3ae4292ecf.jpeg?from=2064092626""]",CN,5,True,996
7615960301556616484,7634400329166275366,2026-05-10T19:04:48.177734,初中特别喜欢阿杜，攒了一周的钱，买了一张海报，贴了5年才知道买了郑伊健[捂脸],1777522345,117,1,19,0,0,True,False,0,,-1,78928592444,MS4wLjABAAAA3tkXd5CIOXQkIi7e6EGHrrJZAstte4Llh0G7zp0ehHc,神秘的黑色,,"[""https://p3-pc.douyinpic.com/aweme/100x100/aweme-avatar/tos-cn-i-0813_owAQADvA7vKIKA9bzAYsCf4CtzfnBE8AGiGBnf.jpeg?from=2064092626""]",CN,5,True,996
7615961776320661413,7632385064333345545,2026-05-10T19:05:00.037640,[黄脸干杯]还是喜欢原厂的[看],1777053135,0,1,0,0,0,False,False,0,,-1,84448229713,MS4wLjABAAAAbis4oG3dbA7CB_YoUpU9PN0fUgfWQVjFV0HV5AFNcsQ,木婉心,,"[""https://p3-pc.douyinpic.com/aweme/100x100/aweme-avatar/tos-cn-avt-0015_e532043498340e92292ba0cfef446f55.jpeg?from=2064092626""]",CN,10,True,472
7615961776320661413,7636610339346809626,2026-05-10T19:05:00.037640,自己动手改的，见光不见灯，还可以开鬼火模式[看],1778036902,0,1,0,0,0,False,False,0,,-1,70392823363,MS4wLjABAAAAMLWe3TABmCZQ4FiwzdmthTr8_YEpsCBM2wN70yBv340,事已至此先吃饭吧,,"[""https://p3-pc.douyinpic.com/aweme/100x100/aweme-avatar/tos-cn-i-0813_o8gvJBA3KXBIPIgzEACgYii3HAYJAiEaAcQAN.jpeg?from=2064092626""]",CN,10,True,472
7615961776320661413,7622998637409272635,2026-05-10T19:05:00.037640,凯美瑞买黑还是白,1774867682,2,1,11,0,0,True,False,0,,-1,73476681905,MS4wLjABAAAAY3iUYHBXJllomxLmHevSHj00GxdfXc3fHgrUuVRjnyE,水月无痕,,"[""https://p3-pc.douyinpic.com/aweme/100x100/aweme-avatar/tos-cn-avt-0015_97513567ff8f7e1164e1eb81f78ee32c.jpeg?from=2064092626""]",CN,10,True,472
7615961776320661413,7617314142655922986,2026-05-10T19:05:00.037640,凯美瑞不能连 Copley 吗,1773544158,4,1,9,0,0,True,False,0,,-1,98882669587,MS4wLjABAAAAhEmAuAJhM23BKGOV1IsxGMom18T3TuaRzVczdXP454g,還荇,,"[""https://p3-pc.douyinpic.com/aweme/100x100/aweme-avatar/tos-cn-avt-0015_004c7b574f3cf52fc8e50fde96a5321a.jpeg?from=2064092626""]",CN,10,True,472
7615961776320661413,7616291552385565446,2026-05-10T19:05:00.037640,前脸太低了，没法看,1773306066,0,1,1,0,0,True,False,0,,-1,1676085651050215,MS4wLjABAAAAWm6o9dZaGMqzT0fBWcb4ZzGVOdL11hQN_hnwhC85vlVZss1CsrdpARg2jFtPVcoU,坦途,50855862053,"[""https://p3-pc.douyinpic.com/aweme/100x100/aweme-avatar/tos-cn-avt-0015_133aa2de834bc12a7840a0cf4201a9bd.jpeg?from=2064092626""]",CN,10,True,472
7615963088210144347,7637265464956404517,2026-05-10T19:05:15.756496,马龙被王浩打到想退役，要比就比同年龄的，很强吗,1778189440,3,1,0,0,0,False,False,0,,-1,720908964336173,MS4wLjABAAAALYgY_rH43a6Nhz4jYyfQhrbaf208rcQ01kJdUUhDaBw,狼城,81690932200,"[""https://p3-pc.douyinpic.com/aweme/100x100/aweme-avatar/tos-cn-i-0813_be454bc734eb43f391d14b720e44e204.jpeg?from=2064092626""]",CN,5,True,163
7615963088210144347,7618074594272609075,2026-05-10T19:05:15.756496,？？？,1773721213,15,1,1,0,0,True,False,0,,-1,92802743521,MS4wLjABAAAAkA1s93XG-_AsksynR6wW-wXv2vZfYzBIOHz-eIIJSEA,宝了个贝的,X169174,"[""https://p3-pc.douyinpic.com/aweme/100x100/aweme-avatar/tos-cn-avt-0015_e2da0a65abe7c6e77574d55a4e7fe94d.jpeg?from=2064092626""]",CN,5,True,163
7615963088210144347,7617307633212998434,2026-05-10T19:05:15.756496,一个是拼杀出来的，一个是硬捧出来的。,1773542642,90,1,3,0,0,True,False,0,,-1,72924840696,MS4wLjABAAAAQLT-df4pkUhWr3n59yKhHH8IwI1h_HLyTakXwBt2KEw,圆周率,,"[""https://p3-pc.douyinpic.com/aweme/100x100/aweme-avatar/douyin-user-file_3ab6fbe3bd35184d776f71a0e382eaf5.jpeg?from=2064092626""]",CN,5,True,163
7615963088210144347,7617899213560775481,2026-05-10T19:05:15.756496,他俩啥时候一样了？,1773680380,7,1,11,0,0,True,False,0,,-1,3284946628904487,MS4wLjABAAAAYRO2Hk9dJD2RGi637lvSIWWn5EVSPW133-GuU1Oa0tK7aNzTsvjRU1bM-HR_5uFq,yizuifanghua,yiziufanghua,"[""https://p3-pc.douyinpic.com/aweme/100x100/aweme-avatar/aweme_default_avatar.png.jpeg?from=2064092626""]",CN,5,True,163
7615963088210144347,7618558522950763313,2026-05-10T19:05:15.756496,一个是排名第一，一个是实力第一。怎么比,1773833885,2,1,1,0,0,True,False,0,,-1,109510895431,MS4wLjABAAAADnFwLn8d-7UchopbMy6RFC49Y2gGiPLG2zZRTeUNuy4,请认真,,"[""https://p3-pc.douyinpic.com/aweme/100x100/aweme-avatar/tos-cn-i-0813c000-ce_okAfJFIFAg89yDf8IykEMWALAPEAIpbewAEgEE.jpeg?from=2064092626""]",CN,5,True,163
7615983050916154624,7623142558252090152,2026-05-10T19:06:06.984360,将臣一个活了二百来岁双商在线的大佬[九转大肠]第七季脑子跟被抽走了一样智障[黑脸],1774901195,64,1,3,0,0,True,False,0,,-1,92262559113,MS4wLjABAAAASIKbtDkyEI1_KyPsb60q1e6toK56UVu0HBuYN5RNgiM,七月和拾一,,"[""https://p3-pc.douyinpic.com/aweme/100x100/aweme-avatar/mosaic-legacy_23f640004a58d01459e60.jpeg?from=2064092626""]",CN,5,True,736
7615983050916154624,7616018997029323574,2026-05-10T19:06:06.984360,好奇姐,1773242611,0,1,2,0,0,True,False,0,,-1,90121355480,MS4wLjABAAAAZ6fflal-vu5uJTAnK9ofV1Yyq8E5cpIyihjZqQV8Hc8,乐与怒,HKB0628,"[""https://p3-pc.douyinpic.com/aweme/100x100/aweme-avatar/tos-cn-i-0813c000-ce_o0m4ALOUfwJIHcLtinQAl8A4vOAeKfofADfIJG.jpeg?from=2064092626""]",CN,5,True,736
7615983050916154624,7616294832432104229,2026-05-10T19:06:06.984360,[泣不成声]还是接受不了将臣下线……,1773306830,200,1,22,0,0,True,False,0,,-1,87984478378,MS4wLjABAAAA0h7y6Boec7sqE8pGLFqBvbemF0adxEkqFiOpL6FvNco,Z先生,,"[""https://p3-pc.douyinpic.com/aweme/100x100/aweme-avatar/tos-cn-i-0813c000-ce_owIAhnsDeJsAzA23O6QAGLITeZGLJQAweeY974.jpeg?from=2064092626""]",CN,5,True,736
7615983050916154624,7617522521831080767,2026-05-10T19:06:06.984360,你说要带我们去九垓，一起笑着老死的,1773592675,3,1,1,0,0,True,False,0,,-1,378711495155080,MS4wLjABAAAAH8_7hRinWSdaCKkF8UBvk6L3cIU3hfptxw4XuuEN1NQ,用户1207,pddxb66,"[""https://p3-pc.douyinpic.com/aweme/100x100/aweme-avatar/tos-cn-i-0813_ocDAPALiABNgXAaEAA5Z7IJ0PNiAPws1gGcRI.jpeg?from=2064092626""]",CN,5,True,736
7615983050916154624,7616076570222265125,2026-05-10T19:06:06.984360,四大尸祖最正常的，竟然是旱魃[捂脸],1773256021,236,1,7,0,0,True,False,0,,-1,86578003051,MS4wLjABAAAAE3JYwNNQMpcXSSajs19DcAuvqLZcVEFeUUCfZ7c9f8Q,黄色物宇,,"[""https://p3-pc.douyinpic.com/aweme/100x100/aweme-avatar/tos-cn-i-0813_oI6TAAHheCrN1kBTUgA65IAoEA6yAEzyzXiAfC.jpeg?from=2064092626""]",CN,5,True,736
7615983563552682169,7616220274392154937,2026-05-10T19:06:17.713631,我去过香港，但是我没注意到他那个签名的。寒假才去。,1773289470,1,1,0,0,0,True,False,0,,-1,3142866222189706,MS4wLjABAAAAgqDoIbjXcaiV-dUzG1HJp7q2Un06JuB5uQ-zz-Rm-pw9-tT0z45bIbGmjMCDwvwt,够用|茶空间,26853581432,"[""https://p3-pc.douyinpic.com/aweme/100x100/aweme-avatar/tos-cn-avt-0015_fb631ecb2beedc35b7446513a5cb77f1.jpeg?from=2064092626""]",CN,5,True,14
7615983563552682169,7616174323309495090,2026-05-10T19:06:17.713631,冰箱贴什么样,1773278774,0,1,0,0,0,True,False,0,,-1,59002332742,MS4wLjABAAAAMPZxbwGm6piS7qsTvZB7aHPukDAYziqRR0ZESJdygKk,Happy_辉,,"[""https://p3-pc.douyinpic.com/aweme/100x100/aweme-avatar/tos-cn-i-0813_d51d92b913434656873564014df15c72.jpeg?from=2064092626""]",CN,5,True,14
7615983563552682169,7616401035565384488,2026-05-10T19:06:17.713631,,1773331559,1,1,0,0,0,False,False,0,,-1,60933176915,MS4wLjABAAAAljeyTcrmSAuUqlai1f-PT28P9Er0vhZrrijS9PExJWg,王爷～,,"[""https://p3-pc.douyinpic.com/aweme/100x100/aweme-avatar/tos-cn-avt-0015_30710007a53adefd03ee0b46925859ca.jpeg?from=2064092626""]",CN,5,True,14
7615983563552682169,7617449465410339626,2026-05-10T19:06:17.713631,,1773575663,0,1,0,0,0,True,False,0,,-1,2350109220144411,MS4wLjABAAAAs5usppfxY2ugZZ2FFi2S6ER6Wc59MbGvtpolCVYwuxJW6YZZ1xkSas20cByjO81P,加v,51823819617,"[""https://p3-pc.douyinpic.com/aweme/100x100/aweme-avatar/mosaic-legacy_3795_3033762272.jpeg?from=2064092626""]",CN,5,True,14
7615983563552682169,7617449425984570155,2026-05-10T19:06:17.713631,,1773575655,0,1,0,0,0,True,False,0,,-1,2350109220144411,MS4wLjABAAAAs5usppfxY2ugZZ2FFi2S6ER6Wc59MbGvtpolCVYwuxJW6YZZ1xkSas20cByjO81P,加v,51823819617,"[""https://p3-pc.douyinpic.com/aweme/100x100/aweme-avatar/mosaic-legacy_3795_3033762272.jpeg?from=2064092626""]",CN,5,True,14
7615992895502380145,7615995909750899515,2026-05-10T19:06:41.354051,你好stewie,1773237231,19,1,1,0,0,True,True,0,,-1,15353294729,MS4wLjABAAAAnw8yWKM0b5Uh0KF4EIjlBdgOzw8psT7eWFmfcZqXMMA,贝贝,,"[""https://p3-pc.douyinpic.com/aweme/100x100/aweme-avatar/tos-cn-avt-0015_3d6260b5a6d8b70504e3e32f1673c1b7.jpeg?from=2064092626""]",CN,5,True,316
7615992895502380145,7615993008030548795,2026-05-10T19:06:41.354051,点歌↓,1773236555,51,1,93,0,0,True,False,0,作者,1,2518346399230276,MS4wLjABAAAAUTMzbNq6sJSzQYlW8zSLySUDyi-gRUdJXbNCe1z7tfepcEAY7byL5OujX5u7Xc89,饺子WTF,2023101ghost,"[""https://p3-pc.douyinpic.com/aweme/100x100/aweme-avatar/tos-cn-avt-0015_29b619207b4c28d6a96a5e1ae8a38776.jpeg?from=2064092626""]",CN,5,True,316
7615992895502380145,7616010409158640411,2026-05-10T19:06:41.354051,我想念你的方式，只是偷偷点开你的社交软件 又无奈的退出去   其实我好想和你说说话,1773240607,91,1,3,0,0,True,True,0,,-1,7582817625358844977,MS4wLjABAAAAD9_9Q-sNsMnVBVHt5DYFwgd4zPr4E51qyCuQAtpHI0F4pCS5e5_AcLMb0DT1mpxc,踏春,54768769703,"[""https://p3-pc.douyinpic.com/aweme/100x100/aweme-avatar/tos-cn-i-0813_osRaxiAKsqXaPgABCIj7ASLQ7tiAAS0Ig0rPE.jpeg?from=2064092626""]",CN,5,True,316
7615992895502380145,7616347483673379635,2026-05-10T19:06:41.354051,饺子我身边的朋友都喜欢我雷的明星怎么办[泣不成声][泣不成声],1773319088,60,1,7,0,0,True,True,0,,-1,350082325813466,MS4wLjABAAAAjWPUB_VHNU8T4uGCd4zpcL6au-MUq-Zj11fIX-Q1QQs,越界,fxl20121118,"[""https://p3-pc.douyinpic.com/aweme/100x100/aweme-avatar/tos-cn-i-0813c000-ce_osfAfXK2gMnHfjDTKAANAYneI8mjCFTQSYQAlA.jpeg?from=2064092626""]",CN,5,True,316
7615992895502380145,7616003680886014757,2026-05-10T19:06:41.354051,"饺子，想让你听听Mad
有空就来提醒你听",1773239040,1,1,1,0,0,True,True,0,,-1,3114259442318190,MS4wLjABAAAAwPaec6ogLprpUSQJzZG-PZhAS3toKlbr00prkJg-9ujdB2VWtqRzX_wRub7_Ehx-,再也不玩抽象了，,ZoeWF.42,"[""https://p3-pc.douyinpic.com/aweme/100x100/aweme-avatar/tos-cn-avt-0015_d0662e38f9c5e388b2b0084cc643e9e3.jpeg?from=2064092626""]",CN,5,True,316
7615999979555859621,7616041298826920761,2026-05-10T19:06:54.417807,华妃啊华妃，你没事为难一个孕妇大太阳底下跪一个小时干啥，你说说，替皇后背锅了吧,1773247802,65847,1,98,0,0,True,False,0,,-1,93200900515,MS4wLjABAAAANpm2ALnuTKL8ROl3qdBLs9joumE5-2kmJ0N8JwQXDBU,青椒炒鸡蛋,,"[""https://p3-pc.douyinpic.com/aweme/100x100/aweme-avatar/tos-cn-i-0813c000-ce_oAEAdpJA9CRAdw9i4dIACiiEwHBH3nA0Kf9eDn.jpeg?from=2064092626""]",CN,5,True,1853
7615999979555859621,7616135679836488485,2026-05-10T19:06:54.417807,其实就算甄嬛跪完了一个时辰没出事，华妃也不会放过她的，最后必定会出事,1773269777,29323,1,20,0,0,True,False,0,,-1,71281147624,MS4wLjABAAAARg-fpAJQkyn_rw2VWqlUm1tIqPsoFwH7zmXqKhDtsbc,๓錦鲤꙰𓆝𓆟𓆜𓆞𓆝𓆟𓆜𓆞,,"[""https://p3-pc.douyinpic.com/aweme/100x100/aweme-avatar/tos-cn-i-0813c000-ce_o4EAxE5DwsAEfIKFfAp9EAAwEIGkgxIZhKrDqe.jpeg?from=2064092626""]",CN,5,True,1853
7615999979555859621,7616296834726478602,2026-05-10T19:06:54.417807,华妃就是蠢[捂脸]又蠢又坏[捂脸]活该 这种人居然还有人洗白,1773307297,664,1,5,0,0,True,False,0,,-1,51899779779,MS4wLjABAAAALTmZoCS3Q5Q1uqInbm2pu_pLkLK4JE76x4YUIH3_5Ek,腓腓,xinawu_owo,"[""https://p3-pc.douyinpic.com/aweme/100x100/aweme-avatar/tos-cn-avt-0015_6863c7639d5aa4524506f7deb4edce47.jpeg?from=2064092626""]",CN,5,True,1853
7615999979555859621,7616985295691318056,2026-05-10T19:06:54.417807,无论甄嬛是否流产，让怀孕的妃嫔跪一个小时都是不对啊[尬笑][尬笑][尬笑][尬笑],1773467591,863,1,4,0,0,True,False,0,,-1,1838795791275149,MS4wLjABAAAAH76UZpB44v4_o5wV5BS_RGraFiQvWrU5V_oBb7A2PbJ4nUhauYjjXZ3eCFRikW05,王饱饱和弛大大,98559542767,"[""https://p3-pc.douyinpic.com/aweme/100x100/aweme-avatar/tos-cn-avt-0015_e3f365e2e26c3ee783d69663689bdab6.jpeg?from=2064092626""]",CN,5,True,1853
7615999979555859621,7622753442112521018,2026-05-10T19:06:54.417807,不懂那些喜欢华妃的人是什么心理 她本来就是一个狠毒且自私傲慢到极点的人[泣不成声],1774810598,98,1,6,0,0,True,False,0,,-1,67818945583,MS4wLjABAAAALzbGbIguJoWV7kT0uItSIRcFU3yufihArOEL0oFxH64,icyiuu,Icy_iuu9,"[""https://p3-pc.douyinpic.com/aweme/100x100/aweme-avatar/tos-cn-avt-0015_b6875c83310d3e3970c4aea70d8be181.jpeg?from=2064092626""]",CN,5,True,1853
7616000274355719450,7616215198568268563,2026-05-10T19:07:08.044697,金岭乡真的很好看～穿藏东南时候路过过，萨普的背面也看过[看],1773288292,10,1,3,0,0,True,False,0,,-1,58876410357,MS4wLjABAAAATHyCWbQLXTrBhr3yh7siAIyMNcIZ_HSSvrV3TUQlyZ4,KK很忙！,,"[""https://p3-pc.douyinpic.com/aweme/100x100/aweme-avatar/tos-cn-avt-0015_d5ee91bbadfc5219db8053e558219670.jpeg?from=2064092626""]",CN,10,True,229
7616000274355719450,7616286880523748137,2026-05-10T19:07:08.044697,"25年8月下旬去的萨普神山,游客中心经常有熊经过",1773305580,0,1,1,0,0,True,False,0,,-1,69796440406,MS4wLjABAAAA_ttHYnH2DZ_h4ZkQxM3NMM0BDirAArq1_4YsRZ767wE,没错就是我,,"[""https://p3-pc.douyinpic.com/aweme/100x100/aweme-avatar/tos-cn-i-0813_ooEgDICQDxWr6CVDgEfYAWAAGFM7AnAAfzC9YH.jpeg?from=2064092626""]",CN,10,True,229
7616000274355719450,7616357121483080511,2026-05-10T19:07:08.044697,萨普神山不是有熊吗？,1773321696,0,1,4,0,0,True,False,0,,-1,82618901271,MS4wLjABAAAAWWphWeVXNku2-_IQ2JT8jFrhGIV38j3dyp0os3Fv7Tc,悟醒,,"[""https://p3-pc.douyinpic.com/aweme/100x100/aweme-avatar/tos-cn-i-0813_0bdfed938d5c4e0983a4571281371874.jpeg?from=2064092626""]",CN,10,True,229
7616000274355719450,7619931112945828665,2026-05-10T19:07:08.044697,妈呀，胆太大了，露营边坝，金岭有熊啊，当然这季节熊冬眠吧。,1774153468,1,1,2,0,0,True,False,0,,-1,1209051450184344,MS4wLjABAAAAGwdcI3peXjZ6RTP-kUQjsv1qngk06sdrOvOuIy_JP43ju1GgDD-WyYgDcOkkKryO,天空,tiankong744176,"[""https://p3-pc.douyinpic.com/aweme/100x100/aweme-avatar/tos-cn-i-0813c001_oofRJRzCQCAFIcEIAQ3AuAAbGbKgWof8DA9CEC.jpeg?from=2064092626""]",CN,10,True,229
7616000274355719450,7616916541490332473,2026-05-10T19:07:08.044697,,1773451584,0,1,0,0,0,True,False,0,,-1,100050393514,MS4wLjABAAAAtsPjm5q8zhoiXqQdwsv8uk8gaIIzrV1ch4tq7MQf2OM,热爱美景,,"[""https://p3-pc.douyinpic.com/aweme/100x100/aweme-avatar/tos-cn-avt-0015_7d4c64b45f699818dbfca1c1c8105c14.jpeg?from=2064092626""]",CN,10,True,229
7616017014582201619,7621051942232081187,2026-05-10T19:07:37.839153,这种效应我好像经历过.不过不是在太空.我好像知道那么一点点...,1774414984,5,1,1,0,0,True,False,0,,-1,2725050686899739,MS4wLjABAAAAdGuWAcJbWSnYP7rJ7xx6tmSLYzND0JJAKPpsw4C8-mJO4-8LvTqBRL8FOzNF9afI,大象你的鼻子,80063044869,"[""https://p3-pc.douyinpic.com/aweme/100x100/aweme-avatar/tos-cn-i-0813_oUacAL5MPObzIbAEsAPQzHGWPidAyiABCwjIF.jpeg?from=2064092626""]",CN,5,True,554
7616017014582201619,7625461848754717475,2026-05-10T19:07:37.839153,这话一点都没错，别说在太空。我在阿里普兰进距离看神山心里说不出的恐惧和震撼。,1775441193,4,1,1,0,0,True,False,0,,-1,88674173695,MS4wLjABAAAAGxdpoEUSPsvOvPQZKBLAi3R0dsm_T_BYW8RCUIOVbDM,Love     域之石,,"[""https://p3-pc.douyinpic.com/aweme/100x100/aweme-avatar/mosaic-legacy_2835a000116cc282056c7.jpeg?from=2064092626""]",CN,5,True,554
7616017014582201619,7625945608160150313,2026-05-10T19:07:37.839153,总观效应,1775553828,1,1,0,0,0,True,False,0,,-1,111345533874,MS4wLjABAAAAFZjJkXsNfSlnYd7T3gjMOBOtjje8uBSlckc0jqTqb0k,幸福满满  拒绝私聊,,"[""https://p3-pc.douyinpic.com/aweme/100x100/aweme-avatar/tos-cn-i-0813c000-ce_ow7fwnAKIEHC4KAJVXPBJDDEyQex80AfgA9FH7.jpeg?from=2064092626""]",CN,5,True,554
7616017014582201619,7618838959342338856,2026-05-10T19:07:37.839153,思维的拔高，二维到三维的跃升，人类界定的人生观世界观的坍塌，普通人眼里看到的是琐碎的生活，会喜怒哀乐，高维度的人会把视野放大拉高，看到更宏大的世界观，在回看普通的人生会觉得微不足道，喜怒哀乐会被剥离，就像中国道家文化里其实很早就提到过的道理，我甚至怀疑古代人灵魂出窍，真的很早就在外太空看过后才得出一些道理[看],1773899181,101,1,10,0,0,True,False,0,,-1,4262141885169182,MS4wLjABAAAAdv8J0OjOy0g7zVTpnhyVspNVnu7GvAAmt9B9NsUUQE3AiJyCi93IWGLLApPgU2yg,圈圈爱健身,90198319270,"[""https://p3-pc.douyinpic.com/aweme/100x100/aweme-avatar/tos-cn-i-0813c001_71551604646d4dca8b392570c49c60c2.jpeg?from=2064092626""]",CN,5,True,554
7616017014582201619,7623289075923895081,2026-05-10T19:07:37.839153,为什么 我没有去过太空，也有这样总观效应呢。,1774935305,7,1,2,0,0,True,False,0,,-1,106488202506,MS4wLjABAAAAuIwpeYURFkST0wrQxsN7fEj41elCHwJkxB6pE1_fWZQ,89667676,,"[""https://p3-pc.douyinpic.com/aweme/100x100/aweme-avatar/tos-cn-avt-0015_3a36059f952cede0ef424d037de4005c.jpeg?from=2064092626""]",CN,5,True,554
7616066108140312825,7616075828552008490,2026-05-10T19:08:21.386283,"儿子：妈我耳朵不舒服，得治！[大哭]
妈妈：怎么治？[宕机]
儿子：DJ阿智[擦汗]",1773255850,12857,1,69,0,0,True,False,0,,-1,1807239216110478,MS4wLjABAAAAKnmye61d2yFWeutthNB9sn3_7mWA0Cnq4gFJsLntZPtgI0wJIEM2ORHYIJ3rE1fP,东ddd,47961165059,"[""https://p3-pc.douyinpic.com/aweme/100x100/aweme-avatar/tos-cn-avt-0015_5a60db14bf821860c3a8cb4c7d765c41.jpeg?from=2064092626""]",CN,10,True,2189
7616066108140312825,7616380190491640633,2026-05-10T19:08:21.386283,兄弟你被提米点名了你知道吗[黑脸],1773326704,2599,1,20,0,0,True,False,0,,-1,2682432600948391,MS4wLjABAAAAQAvyJ8U3rDwpsrTni-nWumOAudAV3luMy12vIjGtH0-cQXMbbZsPXaL99pqDJthH,pTsTg,dyawwx5nld7x,"[""https://p3-pc.douyinpic.com/aweme/100x100/aweme-avatar/tos-cn-avt-0015_309b2b01f37d50dc1c7c76de36ed3b1d.jpeg?from=2064092626""]",CN,10,True,2189
7616066108140312825,7616221501775184677,2026-05-10T19:08:21.386283,能不能来首最后一页[捂脸],1773289756,2492,1,16,0,0,True,False,0,,-1,1895186983031127,MS4wLjABAAAAEkeuegslM1I7ZBuF96pycWerty42wbLnGp4NwSEda-O8NWM9BcFXj2RYAbZyGFzp,Jᴗn,21817ljj,"[""https://p3-pc.douyinpic.com/aweme/100x100/aweme-avatar/tos-cn-i-0813c000-ce_oEjDAf9IydINfA6nAfAQ2l0LseHXE6DcTGGKAu.jpeg?from=2064092626""]",CN,10,True,2189
7616066108140312825,7616170911427904314,2026-05-10T19:08:21.386283,先来这看下，看看后面有多少赞[杀马特],1773277978,148,1,25,0,0,True,False,0,,-1,3030718174468232,MS4wLjABAAAARZV7ty5hQ2hwyZRQmKHxdVIJFU980xeIfJ2JxUXgVBd0RvPY0NF2Stn9lDbi8iT_,肤镂,84302136335,"[""https://p3-pc.douyinpic.com/aweme/100x100/aweme-avatar/tos-cn-i-0813c000-ce_oAiApBiocEBBU4AAgjAwfCiJ0HIneXWEeAC6UE.jpeg?from=2064092626""]",CN,10,True,2189
7616066108140312825,7616420131183412003,2026-05-10T19:08:21.386283,酒吧必须dj阿智[耶],1773336008,28,1,1,0,0,True,False,0,,-1,53086005077,MS4wLjABAAAAvg6H2pZhf7NvjnWmGpsiQO0JGCUjMZ9GJgxzwuUDX-Y,取名叫做忍,ZiyouW54,"[""https://p3-pc.douyinpic.com/aweme/100x100/aweme-avatar/tos-cn-avt-0015_514b99342f3293293ed3762a3d931d43.jpeg?from=2064092626""]",CN,10,True,2189
7616076057787608694,7616614153280602917,2026-05-10T19:08:35.013935,大脑开发到100%，意识就不需要承载在身体上了，可以是电波，也可以是灰尘，万物皆可承载你的意识了[微笑]，所以没了这具肉体也没事。,1773381177,134051,1,344,0,0,True,False,0,,-1,111561317183,MS4wLjABAAAA7i5dIOiLJJHxwk1XYHOK6nkWuUVLZsVofWWTIYzdrds,浙江义乌实操派1688运营,,"[""https://p3-pc.douyinpic.com/aweme/100x100/aweme-avatar/tos-cn-i-0813_oQAFCEfIzzcUOC5OghNTA4AASfRgAmAAtBr93U.jpeg?from=2064092626""]",CN,5,True,7626
7616076057787608694,7616599559770260287,2026-05-10T19:08:35.013935,这部电影一句话总结，一个人如何变成U盘的故事[微笑],1773377780,87900,1,132,0,0,True,False,0,,-1,62571286141,MS4wLjABAAAAkabJ0QYr5iFtBGDQL8Tj8YRW59IA7fzh3gay8-4ColI,三万万万英尺,tazaojiubuxi45,"[""https://p3-pc.douyinpic.com/aweme/100x100/aweme-avatar/tos-cn-avt-0015_fa57cb39ab85961e9392450c897f33fe.jpeg?from=2064092626""]",CN,5,True,7626
7616076057787608694,7616974039860822819,2026-05-10T19:08:35.013935,这个电影我看了无数遍,1773464971,6158,1,33,0,0,True,False,0,,-1,1197814945960976,MS4wLjABAAAAouAcL4O9jQx9smR7oVGipfCiZgp-azc3FB1NrJUdUmWF8_XCy9EECyDxm0R7cC_u,穿越者,55091621523,"[""https://p3-pc.douyinpic.com/aweme/100x100/aweme-avatar/tos-cn-i-0813_oAiwDAS0QA8KAdZAi89sCemCDOFfI7ZAAJ8gEB.jpeg?from=2064092626""]",CN,5,True,7626
7616076057787608694,7620272740558013243,2026-05-10T19:08:35.013935,然后我就有个悖论了。大脑开发到100%就能挣脱血肉的束缚。但是其实大脑也是我们的血肉啊，如果它已经不存在了，还何来的开发100%。,1774233010,6048,1,53,0,0,True,True,0,,-1,76941887849,MS4wLjABAAAAweGW1JxJcxBFatn0ew0Jh4_eF7LD_TqKWtFgiK8YBLQ,力拔山兮气盖世,ZG_Long,"[""https://p3-pc.douyinpic.com/aweme/100x100/aweme-avatar/tos-cn-i-0813_osPtADBE8AFwANYfAgePpCmFAB95TA4REISCAg.jpeg?from=2064092626""]",CN,5,True,7626
7616076057787608694,7619756656511681329,2026-05-10T19:08:35.013935,超体我看了好多遍…斯嘉丽真的太帅了,1774112851,298,1,2,0,0,True,False,0,,-1,782445386147639,MS4wLjABAAAAJ4fR7Y4VoLuq_P95GutpPx4U38cIZdZEAY90ANtf5O8,甜兔,dyxw2lt4nbwc,"[""https://p3-pc.douyinpic.com/aweme/100x100/aweme-avatar/tos-cn-i-0813c000-ce_oED9DEw2EFpASEAgICNAfnFAIz2gxEfc5pAQYE.jpeg?from=2064092626""]",CN,5,True,7626
7616077733822614810,7616318610243912485,2026-05-10T19:08:53.978370,去他店里的，一半是打卡的，一半是真有钱人，2100一碗面，成本30块，含泪赚你2070,1773312366,331,1,26,0,0,True,False,0,,-1,3953493926219591,MS4wLjABAAAAvh335ot1oZKghhWjT7RPNskFOAm1JJPDtQy8noacYBO6MBK66NmmxQBEPU5rt6hp,🥸半仙,zhoudaxian456,"[""https://p3-pc.douyinpic.com/aweme/100x100/aweme-avatar/tos-cn-avt-0015_11531c66e365e74f6731f65d276f65dd.jpeg?from=2064092626""]",CN,5,True,1259
7616077733822614810,7626031374507901753,2026-05-10T19:08:53.978370,王一然真是越来越漂亮了,1775573795,1,1,0,0,0,True,False,0,,-1,66469520824,MS4wLjABAAAAEPXYV1E0sZeVnK9vrjdU3958_SQCIFRcbnpZg2VuO5I,大哥没感情,,"[""https://p3-pc.douyinpic.com/aweme/100x100/aweme-avatar/tos-cn-i-0813c000-ce_oAIene0A46y65nMuBEE6oeiDXAAECwv4iJAAG5.jpeg?from=2064092626""]",CN,5,True,1259
7616077733822614810,7616236499596821307,2026-05-10T19:08:53.978370,去那粉丝家里找他去吧[捂脸],1773293249,1,1,1,0,0,True,False,0,,-1,61715309829,MS4wLjABAAAAofKlJ9lSGjFVwnTDziZrc2CeH43aaJmrJWFRAJD4ipg,高悠悠YOYO,youyou.0423,"[""https://p3-pc.douyinpic.com/aweme/100x100/aweme-avatar/tos-cn-i-0813c000-ce_oEI9mnoAdvHwAQktDEEG07FDpAACswfuE2AAeZ.jpeg?from=2064092626""]",CN,5,True,1259
7616077733822614810,7618095540480475923,2026-05-10T19:08:53.978370,哈哈，他家原来😏的菜单，对比一下现在的坑人菜单,1773726091,2,1,0,0,0,True,False,0,,-1,2986740532144315,MS4wLjABAAAAVfe7-FQ8CzmCR5lZ-IwXPxDB0DI71ZSZuEAaEDP_y8gH36ElmyE4iDpHtGPLnmUI,是西西吖,88687557627,"[""https://p3-pc.douyinpic.com/aweme/100x100/aweme-avatar/tos-cn-i-0813_o8LaEVC0AgAInAeVAihKfA1AhUoBki5hLDicZA.jpeg?from=2064092626""]",CN,5,True,1259
7616077733822614810,7618234220503155475,2026-05-10T19:08:53.978370,80老板也有赚,1773758379,0,1,1,0,0,True,False,0,,-1,77613433859,MS4wLjABAAAAMKV8lwfCJdUSM02fAGLzU-C2lF1X4r682oZuw5BYrf8,悠然自得,,"[""https://p3-pc.douyinpic.com/aweme/100x100/aweme-avatar/mosaic-legacy_240a90006c71d86ea2d8b.jpeg?from=2064092626""]",CN,5,True,1259
7616180697203526946,7627469152806454073,2026-05-10T19:10:07.245803,文班少林集训四点起来练球发现宿醉归来的方丈,1775908553,3,1,1,0,0,True,False,0,,-1,111632535433,MS4wLjABAAAAXRcyQZF7H7yd47nE-Wjse3MM7ajhy5VCluoQzKUHC4U,20000202-230612,52670187596,"[""https://p3-pc.douyinpic.com/aweme/100x100/aweme-avatar/tos-cn-i-0813c000-ce_owAeAeY5GJHRLANB3cIcH6I33FOQFe9gJd7cNA.jpeg?from=2064092626""]",CN,5,True,567
7616180697203526946,7616394665944105786,2026-05-10T19:10:07.245803,,1773330074,7,1,4,0,0,True,False,0,,-1,325927272724884,MS4wLjABAAAAfE-RnjaAyO_-alWEtieCwnNHLUWSsk1UxkaTIDbi0Cc,来不及了,69663201585,"[""https://p3-pc.douyinpic.com/aweme/100x100/aweme-avatar/tos-cn-i-0813c000-ce_oIDkPAqO9eA4eEIoDzFfEEwwh0kAJtEg9AD0AO.jpeg?from=2064092626""]",CN,5,True,567
7616180697203526946,7617045272964121350,2026-05-10T19:10:07.245803,看吧，这就是他的模板,1773481558,6,1,1,0,0,True,False,0,,-1,4303950527342540,MS4wLjABAAAA-n71PG72bpqdIreawyyJq2JTKVFP2gYt4_RuHtnVdv6DDCe6NaHxsKRWmyzwRTNr,库里,48796139018,"[""https://p3-pc.douyinpic.com/aweme/100x100/aweme-avatar/tos-cn-i-0813_oEerA4WGmTeRIAIoboLLABeGE0ASgQ7C16aAAB.jpeg?from=2064092626""]",CN,5,True,567
7616180697203526946,7616715416233149219,2026-05-10T19:10:07.245803,所以回美国后他就把释永新举报了，不让其他的对手去找他拜师了,1773404754,25,1,1,0,0,True,False,0,,-1,76103147272,MS4wLjABAAAAjegF2iJqafFppabtQ_WcPah9UDLPsEfMXvOPZYlJyg4,Mr.୧⍤⃝☠️,MrGon,"[""https://p3-pc.douyinpic.com/aweme/100x100/aweme-avatar/tos-cn-i-0813_oAAGAfA3DABpFAhAHQEVCvIIKCNQKaMgoe91pA.jpeg?from=2064092626""]",CN,5,True,567
7616180697203526946,7616674389530575665,2026-05-10T19:10:07.245803,右边这个谁 看着眼熟 又忘了叫啥,1773395202,9,1,6,0,0,True,False,0,,-1,4485629428643191,MS4wLjABAAAAj95G7LYazw7VR6fJCNag_wNVrYHlv3L43Q7VOoWgjRA3Xg1w0CEmXNxvrdn_eFAx,2k老付（游戏在橱窗）,35335066732,"[""https://p3-pc.douyinpic.com/aweme/100x100/aweme-avatar/tos-cn-i-0813c000-ce_owSMrEBAPA9BQI0xAaCAqP3q9Aq2iiWhIQBqs.jpeg?from=2064092626""]",CN,5,True,567
7616198164512623910,7617546577787552518,2026-05-10T19:10:45.646260,整部剧，最欣赏的就是曹督主了[看]汉东不粘锅。,1773598282,102,1,14,0,0,True,False,0,,-1,100037646480,MS4wLjABAAAAsKEsS52oossg4Bk26hfzXPvnlKbG_mkP5EgZz9g7Aow,泥嚎,,"[""https://p3-pc.douyinpic.com/aweme/100x100/aweme-avatar/tos-cn-i-0813c001_o06oMADCEACEAAwTfAAgIWAFf4zV93Nrta99Ci.jpeg?from=2064092626""]",CN,5,True,654
7616198164512623910,7634733786517095202,2026-05-10T19:10:45.646260,你的车不能抓人吗？难道李书记的车是动不得的,1777599984,0,1,0,0,0,False,False,0,,-1,3923484225314478,MS4wLjABAAAA19umAxC7yQ3976GpHRz9vZcsnTmAoXH1-8UJhW-4TxFFmZD0_EjyRv0ABmPDrT7q,熊斯骆驼夫斯基,xiong208543,"[""https://p3-pc.douyinpic.com/aweme/100x100/aweme-avatar/tos-cn-i-0813_oUNyr1eCAgz3U4ThLVfs5EAnAPAZIgCACRACtA.jpeg?from=2064092626""]",CN,5,True,654
7616198164512623910,7619219919226159929,2026-05-10T19:10:45.646260,猴子：上班期间不上班，坐着车到处瞎溜达什么？,1773987881,2,1,0,0,0,True,False,0,,-1,99219203175,MS4wLjABAAAAByYh71sezZS_LEeHzuxudNKj7l2JwRUYb2c0k-Gl9mc,Mr.李,,"[""https://p3-pc.douyinpic.com/aweme/100x100/aweme-avatar/tos-cn-i-0813_ooLCAsptAJxyfAAOEkldecMzghIACMAcmUhsIA.jpeg?from=2064092626""]",CN,5,True,654
7616198164512623910,7638161557277360945,2026-05-10T19:10:45.646260,如果没有老丈人做后台，给他十个胆子也不敢。,1778398073,0,1,0,0,0,False,False,0,,-1,2141497712448381,MS4wLjABAAAAF6u9KFhH8rmovZ585aIY4KMgFc9w2oIiZLPb7tQcqI_3XCmBTC5h44A1PG0JbrHO,人到中年@,zhaolin94804,"[""https://p3-pc.douyinpic.com/aweme/100x100/aweme-avatar/tos-cn-i-0813_o4EAuFmDuCA4AvDWIfLGANAgEN6e3r31kChA9H.jpeg?from=2064092626""]",CN,5,True,654
7616198164512623910,7619727584709116678,2026-05-10T19:10:45.646260,达康书记真厉害，娶到高市早苗这样的老婆[看],1774106080,13,1,2,0,0,True,False,0,,-1,85517727893,MS4wLjABAAAAZnALNDQ8fNeXOdxzIKH9vn7fRMgNEQHqLPvleGAHkvo,Cloudy,Cloudy57237,"[""https://p3-pc.douyinpic.com/aweme/100x100/aweme-avatar/mosaic-legacy_93d3000fe2ec6c3bb621.jpeg?from=2064092626""]",CN,5,True,654
7616198504142195994,7635998996515193649,2026-05-10T19:10:57.578119,100，200，400都比110米栏有含金量，110米栏在跑跳类运动里只能排倒数吧，比较吃技术，其他都是更吃天赋,1777894562,0,1,0,0,0,False,False,0,,-1,75294277150,MS4wLjABAAAAN804QDddO50ol51aa46FYg3tkBJJpD_PGa2favU8bPA,根号8就是me~,,"[""https://p3-pc.douyinpic.com/aweme/100x100/aweme-avatar/tos-cn-i-0813c000-ce_oQVYeAuvgeAqHEQpG3FfEEwm1C0AmYIu9ADlAK.jpeg?from=2064092626""]",CN,5,True,104
7616198504142195994,7616754646015869755,2026-05-10T19:10:57.578119,刘翔的后程更厉害，这才让罗伯斯产生打手,1773413889,8,1,2,0,0,True,False,0,,-1,102206599945,MS4wLjABAAAAiqklSBb_1IpkDAtMO-n2CfgW2UdSTw720VefmcJhfl4,小播姐,,"[""https://p3-pc.douyinpic.com/aweme/100x100/aweme-avatar/mosaic-legacy_f7bd000b03aad9ace8f8.jpeg?from=2064092626""]",CN,5,True,104
7616198504142195994,7622661300926284571,2026-05-10T19:10:57.578119,百米无敌转项练跨栏，相当于能去北体，非要去哈体[看],1774789141,2,1,1,0,0,True,False,0,,-1,64106539313,MS4wLjABAAAAsSmgsyedUt_YfsTzdblkKCkbVYg8PEQM_y-bIk9xERk,晚上别让我刷到吃的,d1046944881,"[""https://p3-pc.douyinpic.com/aweme/100x100/aweme-avatar/tos-cn-i-0813_ogfNIaiceDA3gDA2AoF5B7QABBFAlEmSQLfEKE.jpeg?from=2064092626""]",CN,5,True,104
7616198504142195994,7616381203272287025,2026-05-10T19:10:57.578119,博尔特前程不也是世界第一吗[泪奔]他前程咋就不行了？,1773326939,5,1,6,0,0,True,False,0,,-1,3701430383806235,MS4wLjABAAAAuIr_bCAFyXUcSvfJgI6DxaWpFWN9tT7r_UYTnCxMRvUkYfA3VdphUJn55-7jIidX,999,90328946860,"[""https://p3-pc.douyinpic.com/aweme/100x100/aweme-avatar/tos-cn-i-0813c000-ce_oMOA9f2O3w2eBMAIAAziA2EeyERiEIo80qRqAC.jpeg?from=2064092626""]",CN,5,True,104
7616198504142195994,7616272664903336761,2026-05-10T19:10:57.578119,稍微练一练13.5没有问题，但是想更进一步就难了,1773301670,4,1,2,0,0,True,False,0,,-1,1222294642900424,MS4wLjABAAAAXFT7FIpCWFyZ6B5-1FJhQXxi_M8tyOHBrRngzEq-RKNZspYSAJd0uAxud9jgMABO,用户3754357043396,dyid4thadj6f,"[""https://p3-pc.douyinpic.com/aweme/100x100/aweme-avatar/tos-cn-i-0813c000-ce_oEtNoEIypABUw6AuE2DACEA5rniN9fWiKAnsfA.jpeg?from=2064092626""]",CN,5,True,104
7616202921668210085,7616235776896467748,2026-05-10T19:11:23.505916,杰瑞给青帝刷礼物加油绷不住了[捂脸],1773293081,1343,1,17,0,0,True,False,0,,-1,103966050175,MS4wLjABAAAAC4qWmCDzFbxTbNImr2B94fLQz-Lmji_ZVB86eTC-dac,星瑞📸,,"[""https://p3-pc.douyinpic.com/aweme/100x100/aweme-avatar/tos-cn-i-0813c001_o8FXcAap4AgfAqFAEuWwD9BCNVjfIZUAAGOgED.jpeg?from=2064092626""]",CN,5,True,427
7616202921668210085,7616288319957746481,2026-05-10T19:11:23.505916,那个盘古叫抖音旺仔盘古，我特意去搜了一下，1万7000多战力的盘古[黑脸][黑脸],1773305314,157,1,8,0,0,True,False,0,,-1,852819459706744,MS4wLjABAAAAwSc2ethkXyAjNHCg-LaDnAATSGAjfWG29CTFrlAo3LY,凉晨 1011,liangchen10119,"[""https://p3-pc.douyinpic.com/aweme/100x100/aweme-avatar/tos-cn-i-0813c001_oICCpxWAFrZnfWSPAAA935bOAnAeNZDlgIMQYJ.jpeg?from=2064092626""]",CN,5,True,427
7616202921668210085,7616764544179290889,2026-05-10T19:11:23.505916,王者最神奇的两大群体猴子的玩家群体和貂蝉玩家的购买力始终是个迷[捂脸]我就玩貂蝉的莫名其妙就全皮肤了[捂脸],1773416196,3,1,2,0,0,True,False,0,,-1,65148047598,MS4wLjABAAAAbGHpgoKZCCWjpEf8ahFaE9WTjCeldr2E6dXeA5ZrhSg,杨枝甘露,,"[""https://p3-pc.douyinpic.com/aweme/100x100/aweme-avatar/tos-cn-avt-0015_fabd3dc48d8471a73bb22b5a91e8e7d3.jpeg?from=2064092626""]",CN,5,True,427
7616202921668210085,7616245822570038067,2026-05-10T19:11:23.505916,兄弟们，可以给我视频点一下子赞，加点热度吗？[流泪]我想给青帝哥拉拉票[抱紧自己][抱紧自己],1773295421,5,1,1,0,0,True,False,0,,-1,3695914603251050,MS4wLjABAAAAs4cS-u0UaoTi9SoylJ1Gk3TR-PUCSA69_6zaLCfKQvxfzkBogz87H2dMqN6KzB0A,Ja.,22950392428,"[""https://p3-pc.douyinpic.com/aweme/100x100/aweme-avatar/tos-cn-i-0813_ooAAiFe5Bo4HD0EA9fXCtlAlgDEiACAI9ol9EM.jpeg?from=2064092626""]",CN,5,True,427
7616202921668210085,7617132534246540073,2026-05-10T19:11:23.505916,我记得青帝之前不是很多人黑吗，现在怎么感觉路人缘还挺好,1773502234,0,1,1,0,0,True,False,0,,-1,1574915049530371,MS4wLjABAAAADZTih9yAi82Cd_s33uplV4HuUjtZ_36ISBshNbZm2Zi_ONvLaKiISNhqxZ_Y5Mmt,今天不搬砖,31021921406,"[""https://p3-pc.douyinpic.com/aweme/100x100/aweme-avatar/tos-cn-i-0813_oof9IAPAW0vQGAXZvPCfQOKBgAF9AmAIzDDCAE.jpeg?from=2064092626""]",CN,5,True,427
7616209038518291747,7616324605083206451,2026-05-10T19:11:37.751343,你上一次和妈妈出去是多久之前？,1773313762,28,1,4,0,0,True,False,0,作者,1,3724769480933772,MS4wLjABAAAApfrQ3WwaYeLJDKOqepHuVT4gjqVLT8ggQ3XyUbASA5fLKrcf3gBixO8eraTHS8u8,一只萧包子,yzxbz618,"[""https://p3-pc.douyinpic.com/aweme/100x100/aweme-avatar/tos-cn-i-0813c001_688520d3cddb4473a14181fcc929fe3f.jpeg?from=2064092626""]",CN,5,True,40
7616209038518291747,7617844132019454747,2026-05-10T19:11:37.751343,太喜欢你的红楼梦解说了，为什么要半途而废啊，好歹跟完给我们观众一个交代呀 [杀马特],1773667553,4,1,2,0,0,True,False,0,,-1,3760796642840647,MS4wLjABAAAAT_PDm0YMO1EmtdxK6v9aEjX_6_KzS-D0Sd3j-tURNrhTGu56bxA_xtovxU6_jztu,无所谓,76902407848,"[""https://p3-pc.douyinpic.com/aweme/100x100/aweme-avatar/tos-cn-avt-0015_94aab7d84c4c1a5cc24d0157945e0a86.jpeg?from=2064092626""]",CN,5,True,40
7616209038518291747,7616382416454992698,2026-05-10T19:11:37.751343,去年五一我也带父母去一趟北京。刚开始老人家还为担心钱，说不去。但他们登上人生中第一次飞机，看到故宫，长城，天安门。。。脸上洋溢着笑容，我觉得一切都值得！[爱心],1773327222,6,1,0,0,0,True,False,0,,-1,67088473586,MS4wLjABAAAAN4fRmxlZKDUjmPW8MqXBUZhKh8WuYIK3FdFa7DdIs7g,龍来龍往,,"[""https://p3-pc.douyinpic.com/aweme/100x100/aweme-avatar/tos-cn-i-0813_c176c6957b304f6a90588f149ad0ec43.jpeg?from=2064092626""]",CN,5,True,40
7616209038518291747,7616340237128352550,2026-05-10T19:11:37.751343,滑冰那里很感动，能看出包子想表达的，父母最后就是离我们越来越远，直到离去[流泪],1773317401,2,1,0,0,0,True,False,0,,-1,97842715454,MS4wLjABAAAAZE9YpLqXMKiZIlgY6yWavYAhYiw4CDWrtNMZODJBuu8,🦴,,"[""https://p3-pc.douyinpic.com/aweme/100x100/aweme-avatar/tos-cn-i-0813c001_oI5bAffDCEgH9amAl1F5BV4dVCOAxETAFAAuIg.jpeg?from=2064092626""]",CN,5,True,40
7616209038518291747,7616714659970106161,2026-05-10T19:11:37.751343,孝顺的好大儿，这期很轻松很有意义,1773404578,1,1,0,0,0,True,False,0,,-1,71981283912,MS4wLjABAAAA1fJWW2JBW_HaZJPJsEW_jLPOdZ1Y8UbQ447S8tkCXTw,今日睇show未,,"[""https://p3-pc.douyinpic.com/aweme/100x100/aweme-avatar/tos-cn-avt-0015_cb846a488be4d093e5523c90ef319519.jpeg?from=2064092626""]",CN,5,True,40
7616214895918353714,7616227297393378097,2026-05-10T19:11:59.003944,"生化2、重置2、生化3、重置3都说是核弹
生化9突然改成温压弹，看来卡婊为了让里昂回浣熊市收割玩家，完全是不择手段",1773291106,27,1,5,0,0,True,False,0,,-1,105395080042,MS4wLjABAAAAV1_W_OcEcjii6UC2dxrie5TJDkwymScB0SVn79XUhjE,逆风,,"[""https://p3-pc.douyinpic.com/aweme/100x100/aweme-avatar/tos-cn-i-0813_oM8APBAAvfvsACNAQzGneIgABhEitAQzIPgM98.jpeg?from=2064092626""]",CN,5,True,104
7616214895918353714,7626652492323668793,2026-05-10T19:11:59.003944,保护伞到底有多少基地[微笑],1775718411,0,1,0,0,0,False,False,0,,-1,93341469978,MS4wLjABAAAAu9QFYRA5yihygIDrku9FyEazMKdMdzcmnZOWYNCAOBM,我爱吃葡萄,yixiangren1652,"[""https://p3-pc.douyinpic.com/aweme/100x100/aweme-avatar/tos-cn-i-0813c001_oYasgjBAAIzAiAiWQCfCehml00Y0KRA8AiAvVE.jpeg?from=2064092626""]",CN,5,True,104
7616214895918353714,7616697463482925859,2026-05-10T19:11:59.003944,剧情越来越烂，最后还强行给斯宾塞洗白笑死[捂脸][捂脸],1773400575,1,1,3,0,0,True,False,0,,-1,1999389217794592,MS4wLjABAAAAdkzYAWPNC-1_HVUoYl6jKXJQl4-6G7kTXQb0C7c9TgonBoA9qzsVbeNqY1C-8pVn,🌈Leon Scott Kennedy,82570561752,"[""https://p3-pc.douyinpic.com/aweme/100x100/aweme-avatar/tos-cn-avt-0015_204fc0bbbb684612f8014e6a09223f85.jpeg?from=2064092626""]",CN,5,True,104
7616214895918353714,7616257518868316968,2026-05-10T19:11:59.003944,格蕾丝是收养的不是制造的,1773298143,4,1,11,0,0,True,False,0,,-1,109831866798,MS4wLjABAAAADIEQ-52YvUR6QmBdhrUFHyCFAdscdSx2VOCS3I0XkeA,oo,bbjjkkll1,"[""https://p3-pc.douyinpic.com/aweme/100x100/aweme-avatar/tos-cn-avt-0015_108a148bbbbc1d780a9de95270242e2f.jpeg?from=2064092626""]",CN,5,True,104
7616214895918353714,7616413141897773883,2026-05-10T19:11:59.003944,生化危机9的时间段有点长，尤其是在浣熊市警察局当格蕾丝看到和她一样的实验体，回忆小孩的时间是1990年，比1996年的生化危机1和1998年的生化危机2的时间还要早，难不成生化危机9里的格蕾丝计划还要更早吗,1773334380,5,1,1,0,0,True,False,0,,-1,838305405997908,MS4wLjABAAAAsd562jV786TNxunzJr-He487Gm3OCNLScBotKJqDypo,云南啊么么,61121360316,"[""https://p3-pc.douyinpic.com/aweme/100x100/aweme-avatar/tos-cn-i-0813c001_osrAOGF3cID0hlAA7yAgfOEUofQE9LYACAu0TC.jpeg?from=2064092626""]",CN,5,True,104
7616224248310304052,7634827438971994899,2026-05-10T19:12:14.422217,高就书生气太重，早切割卖两个小弟，投靠沙家帮是一点事没有，参考李达康跪的多快,1777622305,1,1,2,0,0,True,False,0,,-1,3437531339438937,MS4wLjABAAAAfBwujF9WrcvoiSXN4gScnwZ8R5e_uwE3vAVv8RWgBvJED9Ux7ptvNx1HkTOAkZbb,蓝色香水瓶,83451050816,"[""https://p3-pc.douyinpic.com/aweme/100x100/aweme-avatar/tos-cn-i-0813_o0E9CRIcfClPAADPCgfvFXACAvEd8APDAEnoSA.jpeg?from=2064092626""]",CN,5,True,102
7616224248310304052,7616994922953458489,2026-05-10T19:12:14.422217,哪有什么投降输一半啊，自古以来投降者双方都看不起，徐老三投降比不投降的还多判,1773469834,15,1,1,0,0,True,False,0,,-1,96619620374,MS4wLjABAAAA9E5MNm2nwpbFoa3YdmFR21joJ81h45ZfNiYykTnZg7g,刘阿泽🍃,,"[""https://p3-pc.douyinpic.com/aweme/100x100/aweme-avatar/tos-cn-i-0813_oEDB6qDVFAalfTfmA7igAEKBnn6IQEAfAQ0UGE.jpeg?from=2064092626""]",CN,5,True,102
7616224248310304052,7616374360127996706,2026-05-10T19:12:14.422217,上船了还想跑，想啥能除非有人保他。就要给人当狗，这情况高育良是不干的所以只能跟沙瑞金对着干。,1773325349,1,1,3,0,0,True,False,0,,-1,2313015511487086,MS4wLjABAAAAP_gMmk_pd_U0imwpJUz2jczS5fc16ixoShSAuB_mvoh7QRkE8dWlt9dsDBtFNgtA,我爱兔爪,woaituzhao76,"[""https://p3-pc.douyinpic.com/aweme/100x100/aweme-avatar/tos-cn-i-0813_ooAAzuzkAlerhGEAfMAAWEIzBgXNAAVCj1thwJ.jpeg?from=2064092626""]",CN,5,True,102
7616224248310304052,7632431486281351973,2026-05-10T19:12:14.422217,多好的连襟,1777063944,1,1,3,0,0,True,False,0,,-1,96172177776,MS4wLjABAAAA3cQHe9pGxjo16-HDWzu4XhRrU8ym7LIouBn8L-qg4N8,广饶三套娃之大力斌千里豪金刚谷,,"[""https://p3-pc.douyinpic.com/aweme/100x100/aweme-avatar/tos-cn-i-0813c000-ce_oUEaIAEAeZx7AdB08iDSfzHXYI5AjiAwoHTEC7.jpeg?from=2064092626""]",CN,5,True,102
7616224248310304052,7616903720773845818,2026-05-10T19:12:14.422217,我很纳闷，当官就那么有意思吗？[捂脸][捂脸][捂脸],1773448599,1,1,4,0,0,True,False,0,,-1,389676077155224,MS4wLjABAAAAwbNYsiNF1RqntM-3-g3tjLVhcQACYIBpOhiaeg5xYTs,汤姆丁,95852927466,"[""https://p3-pc.douyinpic.com/aweme/100x100/aweme-avatar/tos-cn-i-0813c000-ce_o8GezeiDZAT6QrepAGyls5wEBPAhiEAwzEAzuI.jpeg?from=2064092626""]",CN,5,True,102
7616226489466806739,7627765009099014970,2026-05-10T19:12:27.797221,那个蓝色鹦鹉在救他没有伤害他，因为前几次他都差点把那个绳子给弄掉了，是那个鹦鹉一直飞飞飞踩弄不好的,1775977438,373,1,3,0,0,True,False,0,,-1,3076891719248443,MS4wLjABAAAAGuT8iHQQ10dY2Z1VVdgjuXFcGFNc_RFmH77pC-yUm9txkSVD1SiCaIhvGT3FnlJS,小冉.💞,64873431901,"[""https://p3-pc.douyinpic.com/aweme/100x100/aweme-avatar/tos-cn-avt-0015_7c8d2c27ff4660309612023de5f0003e.jpeg?from=2064092626""]",CN,5,True,67
7616226489466806739,7631174185256420139,2026-05-10T19:12:27.797221,等到最后一秒 也没等来彩蛋[流泪][流泪],1776771200,3,1,1,0,0,True,False,0,,-1,64493115377,MS4wLjABAAAAdt1RKZ4pd6BtdFN3nWjapp33vdZvnTqhrHRP3EzCEk8,✿旧✿时✿光💭缱绻🍀,,"[""https://p3-pc.douyinpic.com/aweme/100x100/aweme-avatar/mosaic-legacy_30f5b00030ecb1b2d98f7.jpeg?from=2064092626""]",CN,5,True,67
7616226489466806739,7616765295625782075,2026-05-10T19:12:27.797221,所以到底是要干嘛 没懂,1773416369,7,1,2,0,0,True,False,0,,-1,99931497901,MS4wLjABAAAAdI-OEgvtcDbJbE7U3r9XShnuXrSqx4IwhHI7m0e_CQk,曾曾💤,Weiki1990,"[""https://p3-pc.douyinpic.com/aweme/100x100/aweme-avatar/tos-cn-i-0813c001_6b86fa01cdb344d4830d6cd78979acb4.jpeg?from=2064092626""]",CN,5,True,67
7616226489466806739,7636157404276048667,2026-05-10T19:12:27.797221,我觉得蓝和尚是想踩背,1777931448,11,1,1,0,0,True,False,0,,-1,104534177208,MS4wLjABAAAAOgxfaeLSXmu5gi-L85dvDqLumEA-Aru5KeQbgkvHk4s,虞朵朵,lulu_cathy,"[""https://p3-pc.douyinpic.com/aweme/100x100/aweme-avatar/mosaic-legacy_c8130014374be4d07fba.jpeg?from=2064092626""]",CN,5,True,67
7616226489466806739,7616664572699657009,2026-05-10T19:12:27.797221,迷雾剧场看多了[我想静静]我以为它想勒死它,1773392917,149,1,3,0,0,True,True,0,,-1,75056728246,MS4wLjABAAAAauCqd-tZeY7YYHzmqKMKXUsqpgXfLRIPJoZtEC1Hftk,Ｍｓ．Ｆｕ,,"[""https://p3-pc.douyinpic.com/aweme/100x100/aweme-avatar/mosaic-legacy_2d1c10007581f07e6f6a8.jpeg?from=2064092626""]",CN,5,True,67
7616257854567091482,7616362978350465849,2026-05-10T19:13:31.762372,视频质量这么高[戳手手],1773322696,4,1,3,0,0,True,False,0,,-1,651351440766408,MS4wLjABAAAAfKq6w6aEICm4Kax2N6rm-nk8y9_zhxD9dLsfaQ9SN6w,April,hsk230424,"[""https://p3-pc.douyinpic.com/aweme/100x100/aweme-avatar/tos-cn-i-0813_okIAjR8BaE4AAA7eGpQAELIBWhGeGIAI9egTZE.jpeg?from=2064092626""]",CN,5,True,63
7616257854567091482,7635257174319743763,2026-05-10T19:13:31.762372,去西王母瑶池的路有信号吗，我在看要不要下载离线地图,1777721843,0,1,6,0,0,True,False,0,,-1,72995609853,MS4wLjABAAAAvZ3l6ImQJSdaEUIakKaSHVs3qVF_gvtcNcjB18wzdP0,零一（Ꮤ）,,"[""https://p3-pc.douyinpic.com/aweme/100x100/aweme-avatar/mosaic-legacy_31aab0003d46add7badfa.jpeg?from=2064092626""]",CN,5,True,63
7616257854567091482,7618821038444725043,2026-05-10T19:13:31.762372,生命树的博拉木拉是可可西里么,1773895007,0,1,8,0,0,True,False,0,,-1,87386306804,MS4wLjABAAAAED9Ta3JuYMLiL2OoM7WwIkHKtsFuHW6HMBST56Y9buc,🌈@_@,,"[""https://p3-pc.douyinpic.com/aweme/100x100/aweme-avatar/tos-cn-i-0813c001_oEZAIvfqkIWIfAF2sCsQECSAAfDdAifD6A8DEG.jpeg?from=2064092626""]",CN,5,True,63
7616257854567091482,7631568830959387455,2026-05-10T19:13:31.762372,你一个人去的吗  怕趴窝吗,1776863349,0,1,1,0,0,True,False,0,,-1,2814356728579123,MS4wLjABAAAA4ITXhhMUUUFxiBLIzo0nEo7n7kpoUWO0m78RRjjGJXk3dd3Cw0359qR4Gv89Ia1A,你的粉丝,liulanghan9453,"[""https://p3-pc.douyinpic.com/aweme/100x100/aweme-avatar/tos-cn-i-0813c001_oYUOv9F7AAAkA7qVAELEdSEGXeeewKpIBBEA7I.jpeg?from=2064092626""]",CN,5,True,63
7616257854567091482,7630997257827795753,2026-05-10T19:13:31.762372,13年去的西藏，去的第一晚18岁的我跑着上楼，然后半夜像有人在用镐子撬我的头盖骨[捂脸]十几年过去了，我依然记得那个感觉,1776730006,1,1,0,0,0,True,False,0,,-1,96623489780,MS4wLjABAAAAaN1JzYiQ2zaVUDJQ84o1X_AtTiYmvbT9Ov7ZrVtTX2c,DJQ,,"[""https://p3-pc.douyinpic.com/aweme/100x100/aweme-avatar/tos-cn-avt-0015_3cd5497ef5cbb4f9de41c61ead38f44a.jpeg?from=2064092626""]",CN,5,True,63
7616258737225972657,7616558282094576421,2026-05-10T19:13:46.994446,"我年轻的时候 你稳重
现在我稳重了 你又年轻了[尬笑]",1773368169,89,1,10,0,0,True,False,0,,-1,59717879366,MS4wLjABAAAAhcLMlH7hhDWrH07oVhkLVWjNN8Od5jnozX1op-wGqNA,Kenny Schrub,lt5e,"[""https://p3-pc.douyinpic.com/aweme/100x100/aweme-avatar/mosaic-legacy_2df1b0000cbdcd6bf92e8.jpeg?from=2064092626""]",CN,5,True,333
7616258737225972657,7616285822908957446,2026-05-10T19:13:46.994446,这样是不是更好些[呲牙][呲牙],1773304735,11,1,3,0,0,True,False,0,,-1,106121717076,MS4wLjABAAAAGl9Oky6R9-l4kqV9KF779Nulux1r2fzOoBWfOxLKBtA,皖H🎋邓掌柜,DLP05565817,"[""https://p3-pc.douyinpic.com/aweme/100x100/aweme-avatar/tos-cn-i-0813_ab7f2d75bdaf400cbed29b11e9d87ed1.jpeg?from=2064092626""]",CN,5,True,333
7616258737225972657,7616612203361239823,2026-05-10T19:13:46.994446,"一代A6,毁于C9[捂脸]",1773380724,21,1,4,0,0,True,False,0,,-1,14704419480,MS4wLjABAAAAgqFNewML2SdvssygQ3da1uuve8dw0LwmwCs1AzERR14,柳小糖,,"[""https://p3-pc.douyinpic.com/aweme/100x100/aweme-avatar/tos-cn-avt-0015_57f8758ce723ff3b438257c813e66113.jpeg?from=2064092626""]",CN,5,True,333
7616258737225972657,7616262756312286006,2026-05-10T19:13:46.994446,奥迪越来越不像行政级车了,1773299363,22,1,7,0,0,True,False,0,,-1,64399992399,MS4wLjABAAAAZiHpI9XKuZhbHVqvw3IWqi4ZmDIb3kestO7dc5-xH9M,东星盼,S310_,"[""https://p3-pc.douyinpic.com/aweme/100x100/aweme-avatar/tos-cn-i-0813c001_o4e2IEFWAGElEHaoBADAQfaz7pSADEBBAAEGfY.jpeg?from=2064092626""]",CN,5,True,333
7616258737225972657,7619967544304632602,2026-05-10T19:13:46.994446,这是跟着5系学啊，把自己改死,1774162338,3,1,2,0,0,True,False,0,,-1,54738801557,MS4wLjABAAAAOfookT631u3ra6aBQ5KEbvFwz7VY6uuKErrS7Re0_JA,🌈qxq,qxq43958,"[""https://p3-pc.douyinpic.com/aweme/100x100/aweme-avatar/tos-cn-avt-0015_fa8d68aabdd861ad07ca244e3268e737.jpeg?from=2064092626""]",CN,5,True,333
7616279496861240616,7616360979647988537,2026-05-10T19:14:58.728687,他们说能复活你我才来的，[流泪],1773322231,48602,1,177,0,0,True,False,0,,-1,50064712790,MS4wLjABAAAA_85AsuuSz08tU-9WuBQt5qboCZ0-nDTRFnf4KZSzF8Q,叛鱼,yingbupo2581,"[""https://p3-pc.douyinpic.com/aweme/100x100/aweme-avatar/tos-cn-i-0813_oYJW8ACzyCaIp0HfhAAbuAE4AAVbNrZgOeIyBT.jpeg?from=2064092626""]",CN,5,True,5467
7616279496861240616,7616382390332670783,2026-05-10T19:14:58.728687,我13岁的时候看了《悟空传》，23岁通关黑神话悟空，此刻一切成了闭环[钱],1773327217,4868,1,21,0,0,True,False,0,,-1,3500465260340976,MS4wLjABAAAAFENIJ9Gk4TPNop1akwlrjWZpEm5H125RFrZ8VFYVy09ozZCGKCQ_kXZyAM7NVsk0,秋光共水,A72931024,"[""https://p3-pc.douyinpic.com/aweme/100x100/aweme-avatar/tos-cn-i-0813c001_oMfL7SAAiCSEBTXZBAQAZoffyJKAdFIDAZEEs0.jpeg?from=2064092626""]",CN,5,True,5467
7616279496861240616,7616326085677662986,2026-05-10T19:14:58.728687,他们说能复活您，我才上路的[流泪],1773314106,7713,1,42,0,0,True,False,0,,-1,105972885988,MS4wLjABAAAA9j8RGI7dDcXZ3vdCs-PW9fD14tSCG7y7O9vGDnboIas,能饮一杯无？,huyekai,"[""https://p3-pc.douyinpic.com/aweme/100x100/aweme-avatar/tos-cn-avt-0015_f99b9974a92c5f0dc008e41ff82365eb.jpeg?from=2064092626""]",CN,5,True,5467
7616279496861240616,7616365475286565674,2026-05-10T19:14:58.728687,"云宫迅音响起
老外：给我放的bgm吗？燃起来了
咱们：bgm响啦，是boss专属bgm，丸啦，我成马喽啦",1773323277,1639,1,2,0,0,True,False,0,,-1,81530918582,MS4wLjABAAAAe1OujcHoJDRSq0nh4750Nw3cCrrlh1Kf-gY-Z9Yokdw,摩托罗拉不拉客（篮球版）,,"[""https://p3-pc.douyinpic.com/aweme/100x100/aweme-avatar/tos-cn-avt-0015_41dfaf3659b81199ab47635711e67fa0.jpeg?from=2064092626""]",CN,5,True,5467
7616279496861240616,7616308536317920054,2026-05-10T19:14:58.728687,我来助你[灵机一动],1773310021,104,1,2,0,0,True,False,0,,-1,98419801995,MS4wLjABAAAA72ic7fCxGqv12UNwJEAOtppi8mXiamQm43xKtgf2s8c,白露,J2264093139,"[""https://p3-pc.douyinpic.com/aweme/100x100/aweme-avatar/tos-cn-i-0813c001_ogAhGISKDQHOGB3xAWFACx9y6CfSoAAIEfg3A4.jpeg?from=2064092626""]",CN,5,True,5467
7616285672597153642,7617387443847299850,2026-05-10T19:15:19.885999,谁说蓝色没有食欲[黄脸干杯] 我可太想吃一块了,1773561224,1747,1,11,0,0,True,False,0,,-1,3610447533062068,MS4wLjABAAAAVb5_BYZHllBCnN4qyoIkN1TNGF_vA0P4lsuZcpSFLZGvBQj-M9rHzf79B8bs6KqV,是草莓出了轨还是西瓜劈了腿,kaka327_,"[""https://p3-pc.douyinpic.com/aweme/100x100/aweme-avatar/tos-cn-avt-0015_7b0220e1321a396bc82b255a3343188f.jpeg?from=2064092626""]",CN,10,True,908
7616285672597153642,7621092517341954816,2026-05-10T19:15:19.885999,我的为什么这么湿，还要加什么粉吗,1774423880,151,1,5,0,0,True,False,0,,-1,1465012827193741,MS4wLjABAAAAPWbYxMm9uVk4aJDI-uaQWc1hiMWW9Nf5YAPmZOEp0V-zGkRoG0_trKfJKu_uXY2L,雪碧泡可乐,44387773880,"[""https://p3-pc.douyinpic.com/aweme/100x100/aweme-avatar/tos-cn-i-0813_owitgLwBIQDIAO494jeu4ApA7A8lSGaeBAj6Ef.jpeg?from=2064092626""]",CN,10,True,908
7616285672597153642,7621095900702491443,2026-05-10T19:15:19.885999,要是加一些可食用闪亮亮粉，星空肯定好好看,1774424666,0,1,1,0,0,True,False,0,,-1,1767637586553437,MS4wLjABAAAAn9Qt5xbxA-jyjYD289GxTVm9mRAkOVkVfcQi8XVaoOrsm6ePfgjhECY2P3iYa6uL,种花家的兔子,dyc40f2sbyfy,"[""https://p3-pc.douyinpic.com/aweme/100x100/aweme-avatar/tos-cn-i-0813c001_dc4320ce9a2549d1a7079fb2bbb709ca.jpeg?from=2064092626""]",CN,10,True,908
7616285672597153642,7621938727187972898,2026-05-10T19:15:19.885999,你是白天没网是吗,1774620903,144,1,1,0,0,True,False,0,,-1,7461833022687265850,MS4wLjABAAAA1FKx_wPERuyqXwy2yEs-l2vF_s_KiNlDtU1h8-_uJ1vP9PqgfKrhZPYjt6pKpH4R,小小熊,61168433073,"[""https://p3-pc.douyinpic.com/aweme/100x100/aweme-avatar/tos-cn-i-0813c000-ce_o0CNr37iAB9nEAZEAALTLIlHPxiAPyT1hx4TM.jpeg?from=2064092626""]",CN,10,True,908
7616285672597153642,7616321012690354993,2026-05-10T19:15:19.885999,那个饼干还要再加黄油[发呆],1773312925,167,1,2,0,0,True,False,0,,-1,67217840483,MS4wLjABAAAASrhlsyifKP8tKha_0vtKlyCyzUrJoQEkkBh1i4GZ-0Y,一个莓果人在扒梨,,"[""https://p3-pc.douyinpic.com/aweme/100x100/aweme-avatar/tos-cn-i-0813c000-ce_owwA2EoOoEAagw2vADEmCK6mFAMEeIf9zANbaf.jpeg?from=2064092626""]",CN,10,True,908
7616289971109384611,7616695502768407346,2026-05-10T19:16:09.033230,666,1773400118,1,1,1,0,0,True,True,0,,-1,716516920668228,MS4wLjABAAAAyg5YFlpXE1-_cWfN0tQ-Ey4VdclzbvWkMyl1Q1S75Jw,匊,32576395290,"[""https://p3-pc.douyinpic.com/aweme/100x100/aweme-avatar/tos-cn-i-0813c000-ce_ogC9DEwKEnpAEwAEIEGALeFAdhuFvEfrfwA4xO.jpeg?from=2064092626""]",CN,5,True,154
7616289971109384611,7630344354599945023,2026-05-10T19:16:09.033230,怎么做一个完整的龟壳,1776578328,3,1,1,0,0,True,False,0,,-1,3007871189263652,MS4wLjABAAAAq5Ce8O7ycKxGYK6PTQicwOERBWL8wfb1S0a0ogHMAUf1jQaZZMlxcCS8Bu-pJiEY,汤恩伯,dyajz2zib25t,"[""https://p3-pc.douyinpic.com/aweme/100x100/aweme-avatar/tos-cn-avt-0015_1bfa081c2de25794979b2e46d477b20f.jpeg?from=2064092626""]",CN,5,True,154
7616289971109384611,7619644020930855717,2026-05-10T19:16:09.033230,你知道我小时候有多出生吗？那时候买了10只小乌龟，当时还很无知，用热水把它们全烫死了…,1774086623,3,1,7,0,0,True,True,0,,-1,3598079822144279,MS4wLjABAAAA6ihWTRiSFajxnXW7uIvkc3VKX5AnECXF3jaotiuVuuiHLLeygsNq-XWMwAC4zT0V,o( ❛ᴗ❛ )o,22518255700,"[""https://p3-pc.douyinpic.com/aweme/100x100/aweme-avatar/tos-cn-i-0813c000-ce_o8AAFFueMikZDKzA7ffEl6B2g8EqJDAI4ToYEa.jpeg?from=2064092626""]",CN,5,True,154
7616289971109384611,7619894387405439753,2026-05-10T19:16:09.033230,你把生命当成什么了？,1774145315,1,1,1,0,0,True,False,0,,-1,3034250508506683,MS4wLjABAAAAGSOLyn5gjU23-63TVd4wJhWnUX2tulpXl3Z52Ew24Ml636z7LsGKH-DlHbSXd_Y9,云朵,yunduo72131,"[""https://p3-pc.douyinpic.com/aweme/100x100/aweme-avatar/mosaic-legacy_3791_5070639578.jpeg?from=2064092626""]",CN,5,True,154
7616289971109384611,7622526017895482171,2026-05-10T19:16:09.033230,54788,1774757641,0,1,0,0,0,True,False,0,,-1,111611700453,MS4wLjABAAAAU_GRA7JISCncLFGxubMUtz-xdFw3si42cZbOSKYIGc4,皦冷,,"[""https://p3-pc.douyinpic.com/aweme/100x100/aweme-avatar/tos-cn-i-0813c001_o0Q7aaRAvgefr7AiGBIHcYLFhAAEdAePI9BAbr.jpeg?from=2064092626""]",CN,5,True,154
7616295437066307761,7627015804895085312,2026-05-10T19:16:32.517593,"我觉得唐三和小舞生的孩子就是唐舞桐，唐舞桐的眼光不怎么样？[捂脸]为什么这么说呢？唐舞桐要什么有什么？有爸爸妈妈有其他人的爱？可是偏偏看上了霍雨浩，我觉得唐三还是男人比较了解，男人唐三说这句话比较对：你确定他是陪你相守一生的人吗？
就凭这一点唐三就能看得出霍雨浩这个人不怎么我就这么说吧！既然有人找对象要和别人有分寸感？不要与其他的异性不清不楚纯纯的中央空调对谁都好[裂开]
但是唐三男女儿没有办法虽然不支持，但是要尊重他人因果[捂脸]",1775803002,0,1,0,0,0,False,False,0,,-1,3299006871511435,MS4wLjABAAAAmLptKsMmzIJto55u8IG8U3HkB04EtL-4Og_y7v_JOi_EmU7pjJW8b4e4BERgehgw,朝朝暮暮,58941229412,"[""https://p3-pc.douyinpic.com/aweme/100x100/aweme-avatar/tos-cn-i-0813c000-ce_o04Nfkm2CQLDDfjTInXA79GpLJeAAJ0APge6AU.jpeg?from=2064092626""]",CN,5,True,83
7616295437066307761,7638131032890327835,2026-05-10T19:16:32.517593,明明是因为唐舞桐在他们那一代史莱克七怪排行第七[微笑]视频有些说的不对,1778390967,0,1,0,0,0,False,False,0,,-1,3933431146747648,MS4wLjABAAAAGxkhRoLvz4nN-IOrI2IaMJ8tpfKycJ9s_5CUa47XEjy1o_a3mDNKJWTpQTRXEFpR,七彩卡,20751595330,"[""https://p3-pc.douyinpic.com/aweme/100x100/aweme-avatar/mosaic-legacy_3795_3047680722.jpeg?from=2064092626""]",CN,5,True,83
7616295437066307761,7628085377992393514,2026-05-10T19:16:32.517593,那唐舞麟是不是得叫小八？,1776052541,1,1,0,0,0,False,False,0,,-1,83777868158,MS4wLjABAAAAc_q69j2FV2pnnEZeaJORz5YsZFpHfrN1eF1w4yquYmk,🌈❤️Abbey,Abbey0414,"[""https://p3-pc.douyinpic.com/aweme/100x100/aweme-avatar/tos-cn-i-0813_o0HhO1gQElDAkNvFNeCnEmtp3AuA9AAAIWMrfs.jpeg?from=2064092626""]",CN,5,True,83
7616295437066307761,7616305623991714575,2026-05-10T19:16:32.517593,兔子能生,1773309345,2,1,1,0,0,True,False,0,,-1,111087902325,MS4wLjABAAAAqr08eJWL2wrc4A4kkyFhh6dmcojifjzSQUlxNzpTF2Q,座山雕,,"[""https://p3-pc.douyinpic.com/aweme/100x100/aweme-avatar/tos-cn-avt-0015_c38ec089edc2084b7a7a9dbf1f90556b.jpeg?from=2064092626""]",CN,5,True,83
7616295437066307761,7617163043886154537,2026-05-10T19:16:32.517593,因为3➕5➖1＝7,1773508982,0,1,2,0,0,True,False,0,,-1,2078535149426959,MS4wLjABAAAAmgiF5akklxm9ZPdG0AcmyPN-w0f_jvoL3Xv87PFGjhCNjlJ3PTqkwJmlawQv4f8o,迪艾克斯歪,Deng0082,"[""https://p3-pc.douyinpic.com/aweme/100x100/aweme-avatar/tos-cn-i-0813c001_oMhBNHFfbIDDlkAAFcAAfuEbTeQV7DVBEAWhEE.jpeg?from=2064092626""]",CN,5,True,83
7616299925638368553,7625472754322113321,2026-05-10T19:16:41.154768,找一个磕锖义，雷义忍的天使宝宝,1775443732,233,1,86,0,0,True,False,0,,-1,3477106658917529,MS4wLjABAAAA5XPQsZx_ntPusXQ__c2OYy6ne26NceGlRLAOiXAApH3NEnNiQLED6EnNUvJCsSso,墨.哥～,98634263071,"[""https://p3-pc.douyinpic.com/aweme/100x100/aweme-avatar/tos-cn-i-0813c001_ogAAZvQ0CgqeBrAIAu7iACCDFAfiEowT0yU8AD.jpeg?from=2064092626""]",CN,5,True,1292
7616299925638368553,7637878017792164658,2026-05-10T19:16:41.154768,义忍99咋啦 磕不出来干嘛骂88,1778332240,0,1,0,0,0,False,False,0,,-1,96227311969,MS4wLjABAAAAe4uOPeFcRwX7nxIeHD95Cz0N0xyPkK1FXBdCg2AaK-4,女朱,,"[""https://p3-pc.douyinpic.com/aweme/100x100/aweme-avatar/mosaic-legacy_3793_3131589739.jpeg?from=2064092626""]",CN,5,True,1292
7616299925638368553,7616685301956887306,2026-05-10T19:16:41.154768,义炭99、锖义99[抱抱你],1773397745,137,1,34,0,0,True,False,0,,-1,1405611290923497,MS4wLjABAAAApOioDOoKVWMaVnoVc2Gz8at-t5hxzBv9CX13dt8iepEx1uQJATngibbsk6vWK_Bc,解林,22537077060,"[""https://p3-pc.douyinpic.com/aweme/100x100/aweme-avatar/tos-cn-i-0813_oQgBIAaAAodZ9i52wAiAcgLHE4AABA2IPPis2.jpeg?from=2064092626""]",CN,5,True,1292
7616299925638368553,7636212530117542671,2026-05-10T19:16:41.154768,想找一个磕锖义实义的天使女孩[泣不成声],1777944281,0,1,2,0,0,True,False,0,,-1,3919086726942408,MS4wLjABAAAAAI_T0gVVPklCCV8jgFoG8M_OoUek3hPEKpkdjDZhc2RUc0TyExLLsnnpd-DeptQi,炸酱面（点推荐我爱死你）,47479096424,"[""https://p3-pc.douyinpic.com/aweme/100x100/aweme-avatar/tos-cn-i-0813c001_oMexfPdYfQEL2ekQAg8AQAA1FCfA9NEKGHt8IL.jpeg?from=2064092626""]",CN,5,True,1292
7616299925638368553,7627460415153341242,2026-05-10T19:16:41.154768,义炭金婚[钱] 锖义99 义忍死了[泣不成声],1775906520,7,1,4,0,0,True,False,0,,-1,2009559914524013,MS4wLjABAAAAZi4eqK2yMUtsMmUkk2yB1WfgcgcPB7vE3lPoxwubvG27_ICIPw1t36aClF76VkBb,「༄義炭癖.*࿐」🌊🎴,1399yitanniubi,"[""https://p3-pc.douyinpic.com/aweme/100x100/aweme-avatar/tos-cn-i-0813c000-ce_oYAAHIAIY90AYZF91diMCi7AeEZBWwroCEfDEH.jpeg?from=2064092626""]",CN,5,True,1292
7616320110978010408,7616380731136475953,2026-05-10T19:18:09.818738,直至今日，Amani的含金量还在上升,1773326829,68,1,1,0,0,True,False,0,,-1,95122486684,MS4wLjABAAAAmeL1B6a0NwdCre6vcnebt0Rw4uCnzZmN7sSY4Es4U7k,宅瓜不宅（暗区突围）,,"[""https://p3-pc.douyinpic.com/aweme/100x100/aweme-avatar/tos-cn-i-0813c001_4eb23497179c411b83910f0461ecd11e.jpeg?from=2064092626""]",CN,10,True,370
7616320110978010408,7616325862354420480,2026-05-10T19:18:09.818738,"为曼德拉写的歌：《光辉岁月》
为世界和平写的歌：《Amani》
为母亲写的歌：《真的爱你》
为父亲写的歌：《报答一生》
为女朋友写的歌：《喜欢你》
为人生写的歌：《灰色轨迹》
为自己写的歌：《海阔天空》",1773314054,205,1,29,0,0,True,False,0,,-1,3305557633269763,MS4wLjABAAAAO-y9WDnajU2CobY_pfzArJGy_ObNQY2Qoa9v6DwWFs3gnMWb6MbjItpNxk3rYbTU,麦当劳揸Fit人,55828117269,"[""https://p3-pc.douyinpic.com/aweme/100x100/aweme-avatar/tos-cn-avt-0015_4e8a3cb273ba11e64e7433ffa22e56ff.jpeg?from=2064092626""]",CN,10,True,370
7616320110978010408,7637863038313497385,2026-05-10T19:18:09.818738,没有用被人陷害了绝对是的真理这首歌100年都还在放心,1778328855,0,1,0,0,0,False,False,0,,-1,1708011815961371,MS4wLjABAAAA5in4SFHi0kicsbm1FzjCjekFdFeVwBEPS4Thp4VuAIQQzcIooYQPJoih9uhj-JBD,超级奶爸,76232247061,"[""https://p3-pc.douyinpic.com/aweme/100x100/aweme-avatar/mosaic-legacy_3795_3033762272.jpeg?from=2064092626""]",CN,10,True,370
7616320110978010408,7616325244375581474,2026-05-10T19:18:09.818738,黄家驹最厉害的地方在于他的眼界和格局 大家都在唱爱情，吻别，他唱的是母亲，和平，肤色，大爱[点火],1773313912,28,1,1,0,0,True,False,0,,-1,4503673489414406,MS4wLjABAAAAEtIx2qj41Zy0sTXNG7baEARiF1riiexmGQZDkwx0on-_4jt5Q2manAq48JVgK_nJ,这个手刹不太灵,Video_King,"[""https://p3-pc.douyinpic.com/aweme/100x100/aweme-avatar/tos-cn-avt-0015_5e7e8efb6e6b52a43f0dd3bd485cd6a2.jpeg?from=2064092626""]",CN,10,True,370
7616320110978010408,7616937182934778673,2026-05-10T19:18:09.818738,这首歌在以前香港没有拿到金奖，后面才发现这首歌是世界的荣誉，比金奖都珍贵。,1773456389,22,1,2,0,0,True,False,0,,-1,96408034244,MS4wLjABAAAArBwr7BrwmMAKCXVDxVDT73ro81nBNH77tTfz-BZL_ko,十三香@,,"[""https://p3-pc.douyinpic.com/aweme/100x100/aweme-avatar/tos-cn-i-0813c000-ce_o8T99pAAPACEAP4GEAIAf00f0oSw7FEDAReEJT.jpeg?from=2064092626""]",CN,10,True,370
7616320377346958821,7638191484521808655,2026-05-10T19:18:22.239673,追击屠夫后期没技能了我不行了吧,1778405041,0,1,0,0,0,False,False,0,,-1,14318311766,MS4wLjABAAAA_P086psI-iA8ZuOSafKQo5B2irIVNLo40yAX12pO9vo,泮星絮,,"[""https://p3-pc.douyinpic.com/aweme/100x100/aweme-avatar/tos-cn-i-0813_ooCUA2pfZiDAxAOAEpiB9EfgIAsdgwK9AC5ll9.jpeg?from=2064092626""]",CN,5,True,55
7616320377346958821,7620079314188600113,2026-05-10T19:18:22.239673,才注意到失效药,1774187972,13,1,1,0,0,True,False,0,,-1,105625242555,MS4wLjABAAAAK0NePgV-lxm75rA-rnZOwTk31_WLIKESta02fqrsVsY,念安,,"[""https://p3-pc.douyinpic.com/aweme/100x100/aweme-avatar/tos-cn-i-0813c000-ce_oAIJAhQQuc9GLEjfgz8DveIFLBA7DA7dneNJAI.jpeg?from=2064092626""]",CN,5,True,55
7616320377346958821,7617772576655573818,2026-05-10T19:18:22.239673,当时直接换抓斗牛士，会不会好一点？,1773650894,3,1,5,0,0,True,False,0,,-1,1925938599434699,MS4wLjABAAAAxMtRkjexqw1GYejdHpc8_HzmKkjWooPLumWsJTgnpycOJRCMip4Ub59Pw1tJI4De,颜,xiaohei79501,"[""https://p3-pc.douyinpic.com/aweme/100x100/aweme-avatar/tos-cn-i-0813c000-ce_oohL9pA9ZD1EADfGEAQAJ1cfOYwwYFIDAtoCYY.jpeg?from=2064092626""]",CN,5,True,55
7616320377346958821,7636945616740401969,2026-05-10T19:18:22.239673,这拉拉队员是老板吧[捂脸]这真的是这个段位该有的水平吗[捂脸],1778114966,1,1,0,0,0,False,False,0,,-1,3441890895596364,MS4wLjABAAAAmJBg-zD3pbS0CoOJzflM1iYb8WyGknfWXxv5VB6au_do_LNoUAjrXzdYiESbtT7p,Yorick,21115729371,"[""https://p3-pc.douyinpic.com/aweme/100x100/aweme-avatar/tos-cn-i-0813c000-ce_owDgIzfmAp3BpFAAeL3CAZoUExQEMI7w9tGAPB.jpeg?from=2064092626""]",CN,5,True,55
7616320377346958821,7632604658523374362,2026-05-10T19:18:22.239673,这会儿抄袭的越来越多了[捂脸],1777104257,0,1,0,0,0,False,False,0,,-1,1502386942655226,MS4wLjABAAAAW2iuZW7TYeXOlGqfcQjj01RTN65giap_OgbA2mwI056MXIXa2LAyFotP3FGpMSQR,水止富冈,69312708464,"[""https://p3-pc.douyinpic.com/aweme/100x100/aweme-avatar/tos-cn-i-0813_o4cMIlN9AAVBfADUAAgFSABcEfEqqVECjAAhAA.jpeg?from=2064092626""]",CN,5,True,55
7616320759145795505,7616530780902589218,2026-05-10T19:18:38.531438,我以为长大了就不逛花鸟市场了[捂脸],1773361767,1287,1,4,0,0,True,True,0,,-1,103779758266132,MS4wLjABAAAA61BQ4igiw5MtAc43A9GaGeywOXtYRC-XKCJ-dCovkLA,NE_097是学术蝗虫,NATUREXPLORER097,"[""https://p3-pc.douyinpic.com/aweme/100x100/aweme-avatar/tos-cn-i-0813c001_oACQgIBAAI0AiBudwDfCeWQiq2VGzWANAiABaE.jpeg?from=2064092626""]",CN,5,True,407
7616320759145795505,7618603789667517233,2026-05-10T19:18:38.531438,我的招财猫为啥白天不游就趴那，只有关灯了才活跃游来游去,1773844426,9,1,4,0,0,True,False,0,,-1,92199703976,MS4wLjABAAAANN0H-b18b3rK7RIt5H06KtoKAx76kOTw0EBYcQaRN1M,潇洒,,"[""https://p3-pc.douyinpic.com/aweme/100x100/aweme-avatar/tos-cn-avt-0015_32de90f072de2cab1239783b969d4b65.jpeg?from=2064092626""]",CN,5,True,407
7616320759145795505,7637378887492666171,2026-05-10T19:18:38.531438,大猫,1778215844,0,1,0,0,0,False,False,0,,-1,352301410161181,MS4wLjABAAAAOW7rq5llj5dDa78DY2mTXY4R5zPrKdBLM53aA1Z1Tko,碳基生物@,70376460324,"[""https://p3-pc.douyinpic.com/aweme/100x100/aweme-avatar/tos-cn-i-0813c000-ce_o0AA1iEXuuDyB9GAefYCv9A3wniiEBAIc0zGEb.jpeg?from=2064092626""]",CN,5,True,407
7616320759145795505,7616774017118356261,2026-05-10T19:18:38.531438,这店货真齐[思考],1773418399,9,1,1,0,0,True,True,0,,-1,64428167302,MS4wLjABAAAAeg1afVb3CblGZ-RpFZhEKnQMhCyyO_34vgdt15UCOZM,菌虫夏草,,"[""https://p3-pc.douyinpic.com/aweme/100x100/aweme-avatar/tos-cn-i-0813_oQttAV9A6mEGEghvrxhf2A1zCoARLI9vfANAAA.jpeg?from=2064092626""]",CN,5,True,407
7616320759145795505,7626624499291423542,2026-05-10T19:18:38.531438,想问一下，孔雀鱼和观背青鳉能混养吗,1775712294,0,1,2,0,0,True,False,0,,-1,335785551469940,MS4wLjABAAAAhrRg8ok46WkkODs-nVCxGmzM1-I9SNCjrwlwVKxnvfU,忧郁小猫,57648467016,"[""https://p3-pc.douyinpic.com/aweme/100x100/aweme-avatar/tos-cn-i-0813c001_ooiTPqqFKAAPBBIAo5AvapFagOmITEAwS5iyp.jpeg?from=2064092626""]",CN,5,True,407
7616321451854927097,7637472414683054905,2026-05-10T19:18:48.338783,王炸和茅台也能成同学 70后和90后[捂脸],1778237620,0,1,0,0,0,False,False,0,,-1,465842356889053,MS4wLjABAAAA291mAzJ-YPgyQNRI9loZWNhcc0pn8FTA8zuZ3yj4Fc8,爱情不乖,z5064011,"[""https://p3-pc.douyinpic.com/aweme/100x100/aweme-avatar/tos-cn-i-0813_ogGAslDjFALs3d7CA9u0ACSAMt8IQDAfgpbNeE.jpeg?from=2064092626""]",CN,5,True,154
7616321451854927097,7621442757631034153,2026-05-10T19:18:48.338783,陈翔六点半还是以前拍的段子经典！,1774505429,55,1,7,0,0,True,False,0,,-1,2808631529348192,MS4wLjABAAAAbk7mDmtoEuTI7jZD7XybwhAblthlhzzzfo0dZncgNP_0F6ysF3H5KfeGtXH8N31m,好运连连,39779133939,"[""https://p3-pc.douyinpic.com/aweme/100x100/aweme-avatar/tos-cn-i-0813c001_oIqcA7NzNELb9YlAg2v7Dfgm8CUAThyAfAAlIg.jpeg?from=2064092626""]",CN,5,True,154
7616321451854927097,7621527051031610149,2026-05-10T19:18:48.338783,中奖不是第一时间回家保护去兑奖嘛？  在办公室打老板是什么逻辑？,1774525050,5,1,3,0,0,True,False,0,,-1,7617455417220219941,MS4wLjABAAAAvN0zbqdkHW_KAikSBmCVQGp9dd6CR9-szuoPkVXc6NhxHQRFpDfU3HuOPTh8_r99,ˋ°•*私⁀➷念。,65203270573,"[""https://p3-pc.douyinpic.com/aweme/100x100/aweme-avatar/tos-cn-avt-0015_47a4696aec5d66d3554fe1fe522328cd.jpeg?from=2064092626""]",CN,5,True,154
7616321451854927097,7621418718765204276,2026-05-10T19:18:48.338783,,1774499828,3,1,1,0,0,True,False,0,,-1,72824534863,MS4wLjABAAAAPsxphnVliE9kALsdzQkGx8YDY2tLO62Nu5s8Cwp7Kbc,老夫一片闲云🌈,China_1.9.4.9,"[""https://p3-pc.douyinpic.com/aweme/100x100/aweme-avatar/tos-cn-i-0813_ogygQgYkMIyA1TpiAPDB0vAviaAyAcwKIGEww.jpeg?from=2064092626""]",CN,5,True,154
7616321451854927097,7617464719594996539,2026-05-10T19:18:48.338783,可是业绩总要有人垫底呀[捂脸],1773579215,9,1,3,0,0,True,False,0,,-1,92616129669,MS4wLjABAAAA9iU-vR7epFUCZTHHhB7dIHJMB_FkijO-pRuvwg1COrk,三石设计,SanShi.Design,"[""https://p3-pc.douyinpic.com/aweme/100x100/aweme-avatar/tos-cn-i-0813c000-ce_oYSAOk4KrFLIPAL7ZJfQJpXAAOBSgzeAy0fGIS.jpeg?from=2064092626""]",CN,5,True,154
7616328448948047146,7618084393232319291,2026-05-10T19:19:02.575560,安新:老默出去以后要好好做人，老默:出去确实好好做人，做了7-8个,1773723495,2283,1,25,0,0,True,False,0,,-1,3592834841057992,MS4wLjABAAAAQEsLtja5jQ8p-s3-C3ghU6mHJOFIZ_AHWf5IWNoIoYnkvekQoXQTdOVHgCOVuzwm,余先生～,,"[""https://p3-pc.douyinpic.com/aweme/100x100/aweme-avatar/tos-cn-i-0813_76a4ee60a7a04a4cba4c0849e95c9b00.jpeg?from=2064092626""]",CN,5,True,1078
7616328448948047146,7616768925686776635,2026-05-10T19:19:02.575560,黄翠翠我全剧没见过长什么样,1773417214,60,1,4,0,0,True,False,0,,-1,773656022885742,MS4wLjABAAAAJmK6VSezBo3qvURN9l5TQubf17zuBF2k3loq9JnQgCA,@00后🚚小胡,dyocuc849elm,"[""https://p3-pc.douyinpic.com/aweme/100x100/aweme-avatar/tos-cn-avt-0015_e8eaffc501d2317802344ae75a43a34d.jpeg?from=2064092626""]",CN,5,True,1078
7616328448948047146,7618173389916865329,2026-05-10T19:19:02.575560,我觉得李想做的没毛病啊 人都死了 师傅的家属也要好好过日子啊 这黑警和因公殉职 完全不一样啊[流泪],1773744216,263,1,8,0,0,True,False,0,,-1,62133536299,MS4wLjABAAAAoexvN62aNtP0yEjsf0QMFhP_bThwWcw7SMfzTJFm9G0,cc 爱兔纸,,"[""https://p3-pc.douyinpic.com/aweme/100x100/aweme-avatar/tos-cn-avt-0015_ccdc8aa410ee793bf706f3027654fe59.jpeg?from=2064092626""]",CN,5,True,1078
7616328448948047146,7616595629871563547,2026-05-10T19:19:02.575560,为什么不先沙了高启强，再趁徐江不注意 沙了徐江，这不是两全其美吗？前途也有了[看][看][看],1773376864,333,1,28,0,0,True,False,0,,-1,76298922944,MS4wLjABAAAAGxrlhdJ7xy68pPZDNnpRfYb_kOjUAO9fdDAxY0loaAQ,久徒.୧⍤⃝,SGjt.,"[""https://p3-pc.douyinpic.com/aweme/100x100/aweme-avatar/tos-cn-i-0813_osAiAgIszAAoOjIgAEbkLBCiPKzwubtBy7aPi.jpeg?from=2064092626""]",CN,5,True,1078
7616328448948047146,7616403646876681009,2026-05-10T19:19:02.575560,李响的做法，是对还是错呢！确实太难了，,1773332167,895,1,27,0,0,True,False,0,,-1,81184650092,MS4wLjABAAAASqmWXfKjodDfBToH7zzW1futBRxzVVdBqcYwzf2kwk4,皓天,,"[""https://p3-pc.douyinpic.com/aweme/100x100/aweme-avatar/tos-cn-i-0813c000-ce_okAAdi70fb39BPNAevREpIA6weiXEDAII0tSEG.jpeg?from=2064092626""]",CN,5,True,1078
7616329006098533638,7621936093466592058,2026-05-10T19:19:14.769051,云南嘎里罗[尬笑],1774620288,1,1,1,0,0,True,False,0,,-1,68530937994,MS4wLjABAAAA5Fc0rdvbB5u9ngW2mVyxVHQXjCEP6Xz_pvXMLrgYrxw,汽水没气,,"[""https://p3-pc.douyinpic.com/aweme/100x100/aweme-avatar/tos-cn-avt-0015_c153f880af837d1597b12b21218b386c.jpeg?from=2064092626""]",CN,5,True,1148
7616329006098533638,7618975184401384241,2026-05-10T19:19:14.769051,"这个司机百分之百是旅游产业链条的老油条[九转大肠]
很多套路跟云南这边一样的",1773930897,52,1,1,0,0,True,True,0,,-1,1490574604772300,MS4wLjABAAAApU3vC3Eo9lWbOhgU-UawSye3V1VO7mJfhdNdClYHOs-LwClhOpqq7Qxs58Lj8UAX,竹肆桃杌,639907..,"[""https://p3-pc.douyinpic.com/aweme/100x100/aweme-avatar/tos-cn-i-0813c001_okcIlAQA9QPA0DWfpHIAbIDmAkEFEAFnCgGte7.jpeg?from=2064092626""]",CN,5,True,1148
7616329006098533638,7619138678724444934,2026-05-10T19:19:14.769051,3千粉丝，干了3百万粉丝干的事…,1773968967,42,1,3,0,0,True,True,0,,-1,101571494918,MS4wLjABAAAAsuo4XIELHiVtTvmdqUiqjHF5si14h8MCHWwV-IXoyJ8,浪你了个浪,,"[""https://p3-pc.douyinpic.com/aweme/100x100/aweme-avatar/tos-cn-avt-0015_8cbf497e049335f08b3ae0f776e99273.jpeg?from=2064092626""]",CN,5,True,1148
7616329006098533638,7619248649936241457,2026-05-10T19:19:14.769051,没人觉得女生有点像石原里美吗,1773994570,8,1,1,0,0,True,True,0,,-1,73592103133,MS4wLjABAAAAiVDswAIVRA0Z06kRP7uv34cRx9R1xnv3zV1Q0R_fz5g,爱笑的眼睛,,"[""https://p3-pc.douyinpic.com/aweme/100x100/aweme-avatar/tos-cn-i-0813c001_ognUKzMGiupkAiXC5ADEAgAh3VASCUBxAISfeq.jpeg?from=2064092626""]",CN,5,True,1148
7616329006098533638,7619323427002139450,2026-05-10T19:19:14.769051,我是来自新疆的3982哦，我听我去过越南的朋友说那边有点歧视国人，你感觉到了么～,1774011979,1,1,5,0,0,True,False,0,,-1,641750136789422,MS4wLjABAAAAoLeq0u3Tf6TbXM1nKhmsA2U_36bCLUruabHqU_e2bOw,花儿与小飞,43135918123,"[""https://p3-pc.douyinpic.com/aweme/100x100/aweme-avatar/tos-cn-i-0813_okAACD6d0QXAA29gfgJ8IWrSFMfffaQonOlIuA.jpeg?from=2064092626""]",CN,5,True,1148
7616343615442324751,7620105771023729444,2026-05-10T19:19:52.905532,萨博班   太浩   飞行家  凯雷德  …这些车感觉都比较牛批啊[捂脸],1774194135,6,1,2,0,0,True,False,0,,-1,96765000051,MS4wLjABAAAAIAT1EOvEmVH0B9JkzmbOWAMSvsDixo7b8fGZIAyFaVY,男二号的裸替,8YX08,"[""https://p3-pc.douyinpic.com/aweme/100x100/aweme-avatar/tos-cn-avt-0015_af7c7b4caf29a479e0c19724d9d54b04.jpeg?from=2064092626""]",CN,5,True,855
7616343615442324751,7616675450206962469,2026-05-10T19:19:52.905532,我的凯雷德洗了几次澡缩水成XT6了！[调皮][捂脸],1773395449,33,1,10,0,0,True,False,0,,-1,2189864634429544,MS4wLjABAAAA5zV642lD-mDBsmfq6lmxdyhnx9stqzl2oIBiPuG3a-MDn01-c8mTYmr3Goh536En,夢陽柒號,CANDEYWONG,"[""https://p3-pc.douyinpic.com/aweme/100x100/aweme-avatar/tos-cn-i-0813c001_d1fff77e10b64553a02c831152fe1fa3.jpeg?from=2064092626""]",CN,5,True,855
7616343615442324751,7616704067502572325,2026-05-10T19:19:52.905532,凯雷德V可是我的梦中情车啊[抱紧自己],1773402112,2,1,6,0,0,True,False,0,,-1,73040974187,MS4wLjABAAAAuQbIcDchYTaMPZgeopI_U79DEseMdGggBGSxdKijyQE,青阳炁元,,"[""https://p3-pc.douyinpic.com/aweme/100x100/aweme-avatar/tos-cn-avt-0015_a358f7aea9765a7849e7f34ac4655cef.jpeg?from=2064092626""]",CN,5,True,855
7616343615442324751,7616349518850786089,2026-05-10T19:19:52.905532,凯雷德车友聚会[玫瑰][玫瑰][玫瑰],1773319563,136,1,24,0,0,True,False,0,,-1,67728818583,MS4wLjABAAAARWOdd7FqhrO44rxqaUp-JnhXdd9VnzQtSM1Rz8xqp9o,Brian,,"[""https://p3-pc.douyinpic.com/aweme/100x100/aweme-avatar/tos-cn-avt-0015_ab476860a9e3d2d8f327274d15b9cf10.jpeg?from=2064092626""]",CN,5,True,855
7616343615442324751,7616664353346437925,2026-05-10T19:19:52.905532,我觉得萨博班也牛的一塌糊涂[捂脸][捂脸][捂脸],1773392866,3,1,11,0,0,True,False,0,,-1,56311921543,MS4wLjABAAAA-yp4xYCt7pLxCiGG77kn0rq7nlClyyKDA1xYsOU2gLw,Mr.X,,"[""https://p3-pc.douyinpic.com/aweme/100x100/aweme-avatar/tos-cn-i-0813c000-ce_ow1kAAJE9elff5CDDwAQaIAiEAIoGzDOTGkEFE.jpeg?from=2064092626""]",CN,5,True,855
7616346478805601577,7616961830058099499,2026-05-10T19:20:06.118212,不是，真做变性了？,1773462128,1182,1,4,0,0,True,False,0,,-1,380875106681260,MS4wLjABAAAAul_8SCpqmC5hgBfD0IDk2qUAIhuztYC-VuZXM2sNPPM,叫我阿良,59703063409,"[""https://p3-pc.douyinpic.com/aweme/100x100/aweme-avatar/tos-cn-i-0813_osKlddA2ID7aUrAAjNlAen2CvQlaC3AbgAheF9.jpeg?from=2064092626""]",CN,5,True,285
7616346478805601577,7616942873673646858,2026-05-10T19:20:06.118212,不是哥，给你加个隔板你还得抽人家西大啊,1773458015,495,1,2,0,0,True,False,0,,-1,587587987445353,MS4wLjABAAAAFVbwtk_JNy9vcvwenpfjUA6iGfYWBEtHf_ljzsTU0jc,Amoyjasmine,49157190236,"[""https://p3-pc.douyinpic.com/aweme/100x100/aweme-avatar/tos-cn-i-0813c001_oAmBiCbYFA3AbC14EAArifxcNu3l0IAniAheg4.jpeg?from=2064092626""]",CN,5,True,285
7616346478805601577,7617149510892585755,2026-05-10T19:20:06.118212,抽宿舍那波连打带补，懂的都懂啊,1773505827,124,1,6,0,0,True,False,0,,-1,61132046090,MS4wLjABAAAA4NWcHUMoaUc-OV0zAU5NBJ6aan_4qmYgghbJz21YGKE,睡个好觉,,"[""https://p3-pc.douyinpic.com/aweme/100x100/aweme-avatar/tos-cn-avt-0015_23c436362c8230c7ae668b34b8d68bb3.jpeg?from=2064092626""]",CN,5,True,285
7616346478805601577,7626602926425670458,2026-05-10T19:20:06.118212,那我说啥了？,1775706870,0,1,0,0,0,False,False,0,,-1,3734363329016919,MS4wLjABAAAAEb9OcrR-iTpQFaqbtRUXBLfhhx6qpgGg8ZqbCZAaqRRDrhgxaUL1bSuimYV8PECP,迎着阳光盛大逃亡,95975109515,"[""https://p3-pc.douyinpic.com/aweme/100x100/aweme-avatar/tos-cn-i-0813c000-ce_oApAEBfAADE6CwAALVSCfFi6YEnQuIUb9VAJBA.jpeg?from=2064092626""]",CN,5,True,285
7616346478805601577,7616983697363337984,2026-05-10T19:20:06.118212,发射这个连打带补有点震惊我了,1773467219,96,1,9,0,0,True,False,0,,-1,106684803524,MS4wLjABAAAABOq8nO3QZE6Y4zYZUM8Ot2QT7UVN9EVhJBCo7BgaOZw,剑鞘已封,29896539655z,"[""https://p3-pc.douyinpic.com/aweme/100x100/aweme-avatar/tos-cn-i-0813_owhIAqDEx2AsCzmeAFseDGEADDq9f7Al2AIeCM.jpeg?from=2064092626""]",CN,5,True,285
7616353359306652069,7621462353633379110,2026-05-10T19:20:19.360143,Beyound多了一个u,1774510511,1,1,3,0,0,True,False,0,,-1,76214082293,MS4wLjABAAAAgugtpHZcLdN8oK7-y15ur6eo3-9uDJltpCRMd-tkOP8,David美发 .姜康,,"[""https://p3-pc.douyinpic.com/aweme/100x100/aweme-avatar/tos-cn-i-0813c000-ce_owBilJPBECxAovqCRWNBfEJeIJAiAAxwAp60IX.jpeg?from=2064092626""]",CN,5,True,1562
7616353359306652069,7617454110200300347,2026-05-10T19:20:19.360143,带上耳机打开降噪音量开到最大，边走边摇，我妈以为有脏东西,1773576745,33,1,5,0,0,True,True,0,,-1,63158842915,MS4wLjABAAAAK48IXSUxHKbzXczE-VGMqhU7RVLAqv-5_YfDPKojNBk,.妖妖没腰,Uoyiz_97,"[""https://p3-pc.douyinpic.com/aweme/100x100/aweme-avatar/tos-cn-avt-0015_b448691a05a912b399cf9f29846f96b0.jpeg?from=2064092626""]",CN,5,True,1562
7616353359306652069,7635690649753207588,2026-05-10T19:20:19.360143,,1777823149,0,1,1,0,0,True,False,0,,-1,54501624589,MS4wLjABAAAAS1_1Qb2mdZlOrcq6QaopqAaFOfLA4cLs8pBMYn35pbA,刘彪,liubiao47078,"[""https://p3-pc.douyinpic.com/aweme/100x100/aweme-avatar/tos-cn-i-0813c001_4f85e3a3b83f4ff187bf454c5bdd9226.jpeg?from=2064092626""]",CN,5,True,1562
7616353359306652069,7623704919971513151,2026-05-10T19:20:19.360143,蓝牙连功放，直接家用嗨[捂脸][捂脸][捂脸],1775032127,1,1,1,0,0,True,False,0,,-1,58986297244,MS4wLjABAAAADMRVnCuVTM5ocfNWKMC8hxaSqz_iqVTPw1lLOMVPobc,叫我暴龙哥,Strong_PAN,"[""https://p3-pc.douyinpic.com/aweme/100x100/aweme-avatar/tos-cn-avt-0015_545ae788525105aa3f7fac8203ba0c5e.jpeg?from=2064092626""]",CN,5,True,1562
7616353359306652069,7620456239428387634,2026-05-10T19:20:19.360143,为什么不能锁屏听,1774275734,1,1,3,0,0,True,False,0,,-1,64591955603,MS4wLjABAAAAkbEbgbB6USNeZGm5GKCPgcfIsQINPANZbXxgwjD5ozM,沉默是金,,"[""https://p3-pc.douyinpic.com/aweme/100x100/aweme-avatar/tos-cn-avt-0015_dcaf345d0295c8564492c3af667aeb05.jpeg?from=2064092626""]",CN,5,True,1562
7616369992761675048,7616939367965836068,2026-05-10T19:20:31.650186,叫这么大声，不担心有口臭吗？[爱心手],1773456898,13,1,0,0,0,True,False,0,,-1,2769030034234891,MS4wLjABAAAA_htYLh1qCixIafavIHeTyXZv8FaUV17uyhOIPbNBeOTME7tsoWLBW89O3HT4RKl1,Bstander,77382634812,"[""https://p3-pc.douyinpic.com/aweme/100x100/aweme-avatar/tos-cn-i-0813c001_oMAAcOEQIAgoZexfO9FCJWGIATqnxAARDCP9A7.jpeg?from=2064092626""]",CN,5,True,106
7616369992761675048,7620857792254313258,2026-05-10T19:20:31.650186,[流泪][流泪][流泪],1774369234,0,1,2,0,0,True,False,0,,-1,98139758628,MS4wLjABAAAAVMy2hjtuMS7t2spcdSfJ9hA0mS0mro9Veicm1Sf7jU4,☜雲☞,,"[""https://p3-pc.douyinpic.com/aweme/100x100/aweme-avatar/tos-cn-i-0813c001_ooA9A0pCCneiAOiew2IAOxANgPgP0X2VAD6ElB.jpeg?from=2064092626""]",CN,5,True,106
7616369992761675048,7616934883186164517,2026-05-10T19:20:31.650186,我一看原片，我就感觉特别特别无聊。不知道是不是短视频看多了。反正总是想快进。然后看那么几个特别血腥的片段 再补个结尾就看完了,1773455854,6,1,1,0,0,True,False,0,,-1,2177453744471326,MS4wLjABAAAAu_eLBs6PFmkmlybJs5cgS2aMLVhKmsXd4SS64NhtlBzHEEJ3igkqcorS32sZJlX3,夜鱼,87002866051,"[""https://p3-pc.douyinpic.com/aweme/100x100/aweme-avatar/tos-cn-i-0813c000-ce_okCe55iDOAtkcOeAAVYDbpwEBfA4iEAtaEA0zI.jpeg?from=2064092626""]",CN,5,True,106
7616369992761675048,7616375879535657777,2026-05-10T19:20:31.650186,第一[呲牙][呲牙][呲牙],1773325700,0,1,1,0,0,True,False,0,,-1,2988932218496474,MS4wLjABAAAAPiHdEg8RZzBpt_JcW7ThW60xRoTQuZDLwr0U1EytBfF0kvg318nzYfnJBL-LqpRh,👑🍇☀️,69428170350,"[""https://p3-pc.douyinpic.com/aweme/100x100/aweme-avatar/tos-cn-i-0813c000-ce_o4Af7zte2lILBgTbKJG8RzLVAnVeAAgEenrAID.jpeg?from=2064092626""]",CN,5,True,106
7616369992761675048,7617101974362899259,2026-05-10T19:20:31.650186,不是每次发作品的时候我以为都是一个人主播你和另外一个主播头像一样,1773494757,0,1,0,0,0,True,False,0,,-1,2969126829819543,MS4wLjABAAAAFIiWPR6XiWBwcJkKURclkqtf2dhTrhuTY8lRFdVWwIMg9DJzSNM7Q52xkMS0GYCf,Friendly,rttyuicldyy,"[""https://p3-pc.douyinpic.com/aweme/100x100/aweme-avatar/tos-cn-i-0813c000-ce_oIloIQFSAB8qHkzHJADAQUxi71Qg6EDBAfE2fe.jpeg?from=2064092626""]",CN,5,True,106
7616386234499337487,7616391014878085915,2026-05-10T19:20:44.643838,这周再更两条[柴犬],1773329224,260,1,5,0,0,True,False,0,作者,1,2443530201999052,MS4wLjABAAAAX3PMyfp9Pk-f_5kBBZcEclIbHrYBeJrKTTqkdsKK_UYyOVUk-AU6GzKgy4LGUUQ9,不爱看动漫（沉淀版）,60348183087,"[""https://p3-pc.douyinpic.com/aweme/100x100/aweme-avatar/tos-cn-avt-0015_1512cca7fb482c7e85752fc11995abc6.jpeg?from=2064092626""]",CN,10,True,139
7616386234499337487,7616569003847467782,2026-05-10T19:20:44.643838,不知道为什么，看见运动类我就想到保龄球可是有第二投的,1773370668,2420,1,13,0,0,True,False,0,,-1,215968876076923,MS4wLjABAAAARJuYFgcVeY0mHnqgD8oTtpGHwXJ8_6KFNPQFyE4mXUo,遮沙避风了,26854742728,"[""https://p3-pc.douyinpic.com/aweme/100x100/aweme-avatar/tos-cn-i-0813c001_oUIA8FphlCAhA6DyQfifADAgEhptI3puPGOA91.jpeg?from=2064092626""]",CN,10,True,139
7616386234499337487,7616714082130314021,2026-05-10T19:20:44.643838,可惜也就到全国止步了，，全球女子花样滑冰，俄罗斯天花板不是努力就能追上的[发怒],1773404444,1024,1,12,0,0,True,False,0,,-1,2182950120066627,MS4wLjABAAAARMH8EV4gqwbZ-ItilrKSoYLqgPaedYbxkoZp_QzRIRSD1lE0EBAEPobA_c_R4H8H,🌈星星,56014112762,"[""https://p3-pc.douyinpic.com/aweme/100x100/aweme-avatar/tos-cn-i-0813c000-ce_oE489aZIvPYciAtiJAB4dxMnEApADD3VP7A0E.jpeg?from=2064092626""]",CN,10,True,139
7616386234499337487,7616957577939469105,2026-05-10T19:20:44.643838,看到四叶没和八木一起进入下一场，我真的很难受。我心里真的难受，很难受，说不出来的心疼[流泪],1773461137,158,1,2,0,0,True,False,0,,-1,1368237786281560,MS4wLjABAAAAB0ABYa_lBCRx9IIRUZBJwJVGSoTEWeCg9fLHXXs4WXloqg7N6XWtpe1k-AWfoYL8,小芝（不语c）,77185309861,"[""https://p3-pc.douyinpic.com/aweme/100x100/aweme-avatar/tos-cn-i-0813c000-ce_oQEEipbBiAAm2xvAMPABwdal9AIAPWjSAEguW.jpeg?from=2064092626""]",CN,10,True,139
7616386234499337487,7618132703171347219,2026-05-10T19:20:44.643838,3D的动作设计看着有点难受,1773735362,10,1,1,0,0,True,False,0,,-1,92613365785,MS4wLjABAAAAMFSktMEm7IdF4fmMlz0_Nrb7XnNAoA1DMGCJSMhGHsM,👻👻👻,,"[""https://p3-pc.douyinpic.com/aweme/100x100/aweme-avatar/tos-cn-i-0813c000-ce_oMAJdoRpAe7ZIxUBLvAJkQgGlgc8MAkE4Feejw.jpeg?from=2064092626""]",CN,10,True,139
7616450390264088433,7616512645932057402,2026-05-10T19:21:37.356393,这么多[噢买尬],1773357545,68,1,3,0,0,True,False,0,,-1,59338042606,MS4wLjABAAAA0ac-zBs3TtOiM2f4d1KdMfBnbTwke25s1PkLZ9j8a04,每天10点醒,,"[""https://p3-pc.douyinpic.com/aweme/100x100/aweme-avatar/tos-cn-avt-0015_ec5ef27dd7fd56fc54f037a947fc34c9.jpeg?from=2064092626""]",CN,5,True,56
7616450390264088433,7618645341637853979,2026-05-10T19:21:37.356393,主播你挨打了,1773854103,13,1,3,0,0,True,False,0,,-1,567772161515772,MS4wLjABAAAA8YcLfEaE3NA3qOqVwQUV6OuVaZmOMiQ58LoQ_7wgqpg,星期九.🐾,52880567742,"[""https://p3-pc.douyinpic.com/aweme/100x100/aweme-avatar/tos-cn-i-0813_oQPQANUDm08bEgiAtGoi1AZBCnA3fIe517CAAA.jpeg?from=2064092626""]",CN,5,True,56
7616450390264088433,7628526077597483825,2026-05-10T19:21:37.356393,好像不一样又好像都一样[捂脸],1776154638,2,1,0,0,0,False,False,0,,-1,110147459783,MS4wLjABAAAAA5GVJ3zRnvlY18jRlai-FD92Fj5g28nyv0_MXXYh0rI,今天撸撸脸了嘛,51185111946,"[""https://p3-pc.douyinpic.com/aweme/100x100/aweme-avatar/tos-cn-i-0813c000-ce_ogEiHzAsEixoXbAESQ0AKB8C5IPzo4AfwAriDe.jpeg?from=2064092626""]",CN,5,True,56
7616450390264088433,7630484539950121728,2026-05-10T19:21:37.356393,我也i拍了谁看看支持一下,1776611200,1,1,0,0,0,True,False,0,,-1,3402308314478027,MS4wLjABAAAAJOwQ45Bwb8iLhCAGP-fhjFCQiXf7EIVOsq-WBBipLoz9zom2R0k1fRVVab-UK51i,小妤，,FUNNYSHENGRI6.21,"[""https://p3-pc.douyinpic.com/aweme/100x100/aweme-avatar/tos-cn-i-0813c000-ce_oYnC7ucADKMDq71PAAA9gLf4ApEFsrEpwEyIfv.jpeg?from=2064092626""]",CN,5,True,56
7616450390264088433,7616600341508981561,2026-05-10T19:21:37.356393,太萌了，打王者吗[钱],1773377961,1,1,0,0,0,True,False,0,,-1,10483983443,MS4wLjABAAAAoXq5fc1nrja0K51XYDMyEljsRWvx5_OaC_nMsQ_Kg7U,熟不可忍,,"[""https://p3-pc.douyinpic.com/aweme/100x100/aweme-avatar/tos-cn-i-0813c001_osgQQpgEfAEDw4AZAD9nlhCRHEACFAAHpBAIMf.jpeg?from=2064092626""]",CN,5,True,56
7616520306571737338,7616586676580107045,2026-05-10T19:21:51.853300,好笑，就喜欢这样搞，大家都有事干。[大笑],1773374780,177,1,0,0,0,True,False,0,,-1,659304449318424,MS4wLjABAAAA5CeY3WrWzqguEGSDamIJuwIEuT8kMwxKbBgg3dL2_QE,曾四爷,hamarcn,"[""https://p3-pc.douyinpic.com/aweme/100x100/aweme-avatar/tos-cn-i-0813c000-ce_oEE9vZIokDkKA7DeEwfoFcAeAZETkA4OEP6o9A.jpeg?from=2064092626""]",CN,5,True,388
7616520306571737338,7616964688979804986,2026-05-10T19:21:51.853300,今天发通知，截止时间在前一天的我都见过,1773462793,424,1,9,0,0,True,False,0,,-1,65158843841,MS4wLjABAAAAOxXB1lM5JiJMacAa9wsYKd7JQqTapsDTzN3J8bDRRAI,撒神爱小满,,"[""https://p3-pc.douyinpic.com/aweme/100x100/aweme-avatar/tos-cn-i-0813_1ef331bb0daa47b593094fff4c98a3ef.jpeg?from=2064092626""]",CN,5,True,388
7616520306571737338,7616595821073122097,2026-05-10T19:21:51.853300,这是触及思想，触及灵魂。,1773376909,22,1,0,0,0,True,False,0,,-1,3510117001082215,MS4wLjABAAAAZ5PgQtj7LIxCCNN556LqmjifiobCNTFRdNZhb9NSAZ2EoGSmEthBJqGfcavmpZSx,南山狂少,23752684054,"[""https://p3-pc.douyinpic.com/aweme/100x100/aweme-avatar/mosaic-legacy_3793_3114521287.jpeg?from=2064092626""]",CN,5,True,388
7616520306571737338,7618431883772609295,2026-05-10T19:21:51.853300,太真实了，现在就是一群外行当领导，指导一群内行人干活，几十年的工作都这么过来了，现在跟我们说干的不对[我想静静],1773804400,106,1,4,0,0,True,False,0,,-1,94412398027,MS4wLjABAAAA4APjeQ426MBmBiAyD3Llm6VPqq8hMB8oL5fYUGNpJbk,眼角僅剩的淚,,"[""https://p3-pc.douyinpic.com/aweme/100x100/aweme-avatar/mosaic-legacy_2ed9c000669e0b555fe53.jpeg?from=2064092626""]",CN,5,True,388
7616520306571737338,7616644543132779327,2026-05-10T19:21:51.853300,逼急了一定要当面骂，还要发朋友圈，再写举报信当面告诉他是你举报且现在送纪检委，放大矛盾不可怕，很多事摆在明面上就必须得按程序办，他反而拿你没办法，事也莫名其妙会变小[看],1773388255,53,1,1,0,0,True,False,0,,-1,96407253009,MS4wLjABAAAA6B10_LTeUycutKAzT3z94rihIo719yLGUVjeeLJhl5U,瑟瑟发抖,,"[""https://p3-pc.douyinpic.com/aweme/100x100/aweme-avatar/mosaic-legacy_75a8002c6575352b4caf.jpeg?from=2064092626""]",CN,5,True,388
7616538304279825679,7636201245095445275,2026-05-10T19:22:13.594859,单挑的话巨齿鲨把利维坦吊起来打,1777941653,8,1,1,0,0,True,False,0,,-1,99562374550,MS4wLjABAAAAoB2oNZE8n226fY03m8xOrDjAVVwfwX0aHXN1UteVlW0,三眠,,"[""https://p3-pc.douyinpic.com/aweme/100x100/aweme-avatar/tos-cn-avt-0015_ea2813a94be1e14362cf46303a9e8a85.jpeg?from=2064092626""]",CN,5,True,552
7616538304279825679,7622542516530201381,2026-05-10T19:22:13.594859,巨齿鲨打不过利维坦鲸的都来了[赞],1774761483,48,1,86,0,0,True,False,0,,-1,2411652217327881,MS4wLjABAAAAOWcFE77m27TMSUOCZ_yqtBjxrnf4-Lyq_oYacml9z5_3Ov47HKvQG2MNXXcIoWZ8,晚安💤,83152038064,"[""https://p3-pc.douyinpic.com/aweme/100x100/aweme-avatar/tos-cn-avt-0015_e6605c3f5702721e05ad2b75dfb7576e.jpeg?from=2064092626""]",CN,5,True,552
7616538304279825679,7624554898453021449,2026-05-10T19:22:13.594859,利维坦·梅尔维尔鲸：“你吹牛别带上我[微笑]”,1775230026,99,1,7,0,0,True,False,0,,-1,67152932693,MS4wLjABAAAAnSrTHdAojj9JnKT6kTIk5LCgmIA6MdGEtPR8nqK0APU,孔乙己,Is.JunGKook,"[""https://p3-pc.douyinpic.com/aweme/100x100/aweme-avatar/tos-cn-avt-0015_3fe88c863aea323f8e281c4c66833e0c.jpeg?from=2064092626""]",CN,5,True,552
7616538304279825679,7622293582196245257,2026-05-10T19:22:13.594859,《集体沉默两分半》,1774703522,4,1,1,0,0,True,False,0,,-1,101819604742,MS4wLjABAAAAREkMCIutXQD1bl6-f9IqP9ra81RIenzLsiG0lrZMgdw,lcs,,"[""https://p3-pc.douyinpic.com/aweme/100x100/aweme-avatar/tos-cn-avt-0015_626f743ed3d7619db9c3c1815dd3a250.jpeg?from=2064092626""]",CN,5,True,552
7616538304279825679,7638050360984339235,2026-05-10T19:22:13.594859,梅尔维尔京打不过巨齿鲨,1778372746,2,1,0,0,0,False,False,0,,-1,97936281314,MS4wLjABAAAAnNFNoth0MNWP_jAm4yzrd8BGBqXxLne7ktrs-9qydjM,只恨太匆匆,,"[""https://p3-pc.douyinpic.com/aweme/100x100/aweme-avatar/tos-cn-i-0813c000-ce_ogGJewD0FAGGtT0eA7KMAFSBHttIQOAfgTEwcE.jpeg?from=2064092626""]",CN,5,True,552
7616545247664917798,7636414116504716090,2026-05-10T19:22:27.893744,我现在可以打100只老虎，谁对我好？但是现在我不敢打呀，因为我没有喷子,1777991215,0,1,0,0,0,False,False,0,,-1,95239784779,MS4wLjABAAAAF_gY8YKUk4nYDkA_nDiRcKxTsKSZRdH2vwoH0xeppDM,我六岁时的萌样,13108894425dyX,"[""https://p3-pc.douyinpic.com/aweme/100x100/aweme-avatar/mosaic-legacy_c7b0001c3079984cce70.jpeg?from=2064092626""]",CN,5,True,175
7616545247664917798,7627706431492571923,2026-05-10T19:22:27.893744,武松是真正的大英雄[赞][赞][赞][赞][赞][赞],1775963801,1,1,0,0,0,True,False,0,,-1,96616289739,MS4wLjABAAAATOKCwECbeTnxzWA4ZtDZL0vs49XWA6z-5PxIRkJ3Zjw,得,,"[""https://p3-pc.douyinpic.com/aweme/100x100/aweme-avatar/tos-cn-i-0813_oY9TAnOiftEqkAr0A2AIezPimPAUUSACABzCgk.jpeg?from=2064092626""]",CN,5,True,175
7616545247664917798,7621031302862914361,2026-05-10T19:22:27.893744,武松一生受手足之情束缚，断臂表示所有恩情还清了。,1774409626,0,1,0,0,0,True,False,0,,-1,98845272180,MS4wLjABAAAAZAmFDU6OQnlPfLPMG5nHzd3I664s-J58TQT93oWrRTQ,三一三,,"[""https://p3-pc.douyinpic.com/aweme/100x100/aweme-avatar/tos-cn-i-0813c000-ce_ocmfEYbzwbh9AItcnAQGQ2FUA1EaeUfjEcAODA.jpeg?from=2064092626""]",CN,5,True,175
7616545247664917798,7616590287749989163,2026-05-10T19:22:27.893744,武大郎是关心他依仗他   宋江是收买她   柴进是收留慢待他   施恩才是利用   张毒箭是陷害,1773375622,7,1,5,0,0,True,False,0,,-1,3523292452640359,MS4wLjABAAAAEZ5apveOwvKW0V9gqFeTAj6NudELs7bdRow7dfe1r4WlyOYI3z6f0HFnKzYlTdpJ,一大爷,91454501256,"[""https://p3-pc.douyinpic.com/aweme/100x100/aweme-avatar/mosaic-legacy_3793_3131589739.jpeg?from=2064092626""]",CN,5,True,175
7616545247664917798,7617911321581634344,2026-05-10T19:22:27.893744,独家见解、讲的透彻，四处漂泊的孤儿、最后看破世道、不问世事、留在六合寺、活了八十三岁！,1773683207,0,1,1,0,0,True,False,0,,-1,3070268002797869,MS4wLjABAAAArXD90uVkL362nRR_TIvStOLNCZ_KR2hz9q-sqqzhdefPXbBA2WsjxMUXs19UT00b,田园居士,73994199635,"[""https://p3-pc.douyinpic.com/aweme/100x100/aweme-avatar/tos-cn-i-0813_okw9v3EGdAVnjeNSAkEoI6gIDfAHFAAJVCAniQ.jpeg?from=2064092626""]",CN,5,True,175
7616566745003789608,7616775848817099569,2026-05-10T19:23:23.744803,据说有人可以看到里面4纳米[看],1773418826,14,1,0,0,0,True,False,0,,-1,223909567530363,MS4wLjABAAAARTSe8Uvun2C1yZrStoAI8XtS6OI6a4WzIW6L_MjQcjc,吉兰丹,K93959331,"[""https://p3-pc.douyinpic.com/aweme/100x100/aweme-avatar/tos-cn-avt-0015_6fd1c3009b2ff486e508e295f3defb2f.jpeg?from=2064092626""]",CN,5,True,185
7616566745003789608,7616665836594479931,2026-05-10T19:23:23.744803,这个是永乐大典里面的，西方当年抢过去才弄出来的,1773393211,71,1,24,0,0,True,False,0,,-1,2669237899625043,MS4wLjABAAAAhGgZF7nkCDVbIOtVaQs8U29L54TYAiB3zFZFqWEPsam_aNyD4vhnQPhm_mpG0RVp,ajajak🦑,diaoyurenxiyuzhe,"[""https://p3-pc.douyinpic.com/aweme/100x100/aweme-avatar/tos-cn-avt-0015_ed7ab574fd2becfb31f13808198389fa.jpeg?from=2064092626""]",CN,5,True,185
7616566745003789608,7632584398886634294,2026-05-10T19:23:23.744803,"等等, 刚刷到一个老哥说地球上最昂贵的机器根本不是光刻机,,   而是强子对撞机  ...",1777100062,0,1,1,0,0,True,False,0,,-1,71691402964,MS4wLjABAAAAbmeR8Hx-Nbnhv3QKpp-QXXnTtzJPhH8L5jy0OqEWTk0,21天               🐛,xuyaoshuijiao,"[""https://p3-pc.douyinpic.com/aweme/100x100/aweme-avatar/tos-cn-avt-0015_f31cfe4453244c810936a71ae3c41850.jpeg?from=2064092626""]",CN,5,True,185
7616566745003789608,7633470698589864741,2026-05-10T19:23:23.744803,落后啦，台积电开始使用玻璃基板了，ASML光刻机没有客户了,1777305899,0,1,2,0,0,True,False,0,,-1,2936110479580394,MS4wLjABAAAArHGWq-glD2BZrX7yiph-HBpxFm30F_kxpODoDwPv62KSOa44vRP02E4gSIdrka7S,大可乐,73499957223,"[""https://p3-pc.douyinpic.com/aweme/100x100/aweme-avatar/tos-cn-avt-0015_14696f6a4764a5a84c8f8f2a6f01a4db.jpeg?from=2064092626""]",CN,5,True,185
7616566745003789608,7617656447674024741,2026-05-10T19:23:23.744803,很难想象我和创造这些东西人的是同一种生物,1773623857,26,1,2,0,0,True,False,0,,-1,96495371818,MS4wLjABAAAA7NAz5KRsVPb-nFwKj6ylo-3Q_z_MdnKh3uAMeGLgc90,鱼尾纹,6f555,"[""https://p3-pc.douyinpic.com/aweme/100x100/aweme-avatar/tos-cn-avt-0015_91c06c91b625dc32e3549968b50ccd28.jpeg?from=2064092626""]",CN,5,True,185
7616568607627037987,7624378693209867027,2026-05-10T19:23:39.699658,@24小时里生活在红太阳幼儿园，生活在红太狼幼儿园,1775189004,1,1,7,0,0,True,False,0,,-1,1473780261600648,MS4wLjABAAAAiAeFqHu_dPhyy4kXGramkVcXHwb_aomEYJ6IfgokIF5pVTZEKA4RQsi-Nvz2aB4H,这个夏天,47001570880,"[""https://p3-pc.douyinpic.com/aweme/100x100/aweme-avatar/tos-cn-avt-0015_c304a8ff7fa6cc6a566d9b62487f213c.jpeg?from=2064092626""]",CN,5,True,6065
7616568607627037987,7638193027441836841,2026-05-10T19:23:39.699658,红太阳幼儿园,1778405400,0,1,0,0,0,False,False,0,,-1,2379800331159118,MS4wLjABAAAArcpU_nQodTp4555tOizo2MFQtBBjyCOKpzYUPYr0RPAK2RG2kwLeLwl2_XdTVIV9,fffffojjjjjj,53092047612,"[""https://p3-pc.douyinpic.com/aweme/100x100/aweme-avatar/tos-cn-avt-0015_cbe726b7058bdc54336b290a24a3d1db.jpeg?from=2064092626""]",CN,5,True,6065
7616568607627037987,7616689533275898667,2026-05-10T19:23:39.699658,可以去红太阳幼儿园生活24小时吗？[流泪],1773398732,7,1,10,0,0,True,False,0,,-1,81233803882,MS4wLjABAAAAaMKeFWwxqwjD4pLk339kDlwvq0ZnQ0k34CU2ZOWk1FQ,真爱永恒,,"[""https://p3-pc.douyinpic.com/aweme/100x100/aweme-avatar/tos-cn-i-0813c001_o4TDlFWfeIM27eAAoCAA8rQKmeQ12vkCMAROdI.jpeg?from=2064092626""]",CN,5,True,6065
7616568607627037987,7616981487788196643,2026-05-10T19:23:39.699658,去红太阳幼儿园探险[害羞][害羞][害羞],1773466706,40,1,34,0,0,True,False,0,,-1,63543496976,MS4wLjABAAAAEgmbhowuGt3fznTcVXMzf8JofKClsAV6F32ie1R6zhY,暖阳明玥,,"[""https://p3-pc.douyinpic.com/aweme/100x100/aweme-avatar/tos-cn-i-0813c001_oAAfHFKTAVi77DmKIiOBelAED1EByTbEAAEkEe.jpeg?from=2064092626""]",CN,5,True,6065
7616568607627037987,7623021618118230821,2026-05-10T19:23:39.699658,既然是红太阳幼儿园,1774873032,1,1,1,0,0,True,False,0,,-1,1523239556766875,MS4wLjABAAAA6q2wyKu4ZNp1-9JstzOj7igcP1Su7H58GlzqfAE-oZThJYLJzPoAyGM5P6sdi9li,岁岁安,75866991145,"[""https://p3-pc.douyinpic.com/aweme/100x100/aweme-avatar/tos-cn-avt-0015_249868d2f89b67c603c0cbaec43cbb2e.jpeg?from=2064092626""]",CN,5,True,6065
7616576391882202545,7637980746192274228,2026-05-10T19:23:55.801403,怎么改变，听劝[拜拜],1778355999,0,1,0,0,0,False,False,0,,-1,2260246744271088,MS4wLjABAAAAug8pu3BfnMi72A7OxDoI-jjOn0mGdlaMV8D5i7ZfM0TsQtt6MdxgLUJTI8tEtH-e,零7️⃣💤,zmh_071005,"[""https://p3-pc.douyinpic.com/aweme/100x100/aweme-avatar/tos-cn-avt-0015_1634e64cdcac5b9fd00126f2c24ff5cf.jpeg?from=2064092626""]",CN,5,True,3388
7616576391882202545,7638030812147925794,2026-05-10T19:23:55.801403,为啥只有一只近视眼还挺有意思[微笑],1778367633,0,1,0,0,0,False,False,0,,-1,464441183059835,MS4wLjABAAAAXCTr7MeKj4Xif788JKgDTT35G2D_q5Tz5WdsHn24h7w,oldsix,83615430438,"[""https://p3-pc.douyinpic.com/aweme/100x100/aweme-avatar/tos-cn-i-0813_os4Oog3APEduiBMAACgLAIyLgIPAZ4OjPhiTt.jpeg?from=2064092626""]",CN,5,True,3388
7616576391882202545,7618217210960282405,2026-05-10T19:23:55.801403,前两位刷到最后一个人变帅的样子后,1773754418,245,1,9,0,0,True,False,0,,-1,3828939384702579,MS4wLjABAAAAMD9RRhl-D4lSc2zv8Ko8x9EDrcVp4XL9gDBL3gauh4NUnPQ-ivWPQIVc1OGR2h-L,诗峤,75138086449,"[""https://p3-pc.douyinpic.com/aweme/100x100/aweme-avatar/tos-cn-i-0813c000-ce_oEM9Bf4yAiPoImpSSA0wiCTpEreNAAR7DEWAP8.jpeg?from=2064092626""]",CN,5,True,3388
7616576391882202545,7619699867996177211,2026-05-10T19:23:55.801403,这个时候已经初具雏形,1774099625,67,1,0,0,0,True,False,0,,-1,862432218324591,MS4wLjABAAAA5J8ZPPjb9TfvsXcdYdOTtjNHL8t8ausyEIDpi73qS8Y,困困大王,19sui14110,"[""https://p3-pc.douyinpic.com/aweme/100x100/aweme-avatar/tos-cn-i-0813c000-ce_oYxGEmfDeEmH9foAXn2jAMQJwEXAYE1AFAA8Iw.jpeg?from=2064092626""]",CN,5,True,3388
7616576391882202545,7618109365203665683,2026-05-10T19:23:55.801403,帅爆了[捂脸][捂脸][捂脸],1773729310,2,1,0,0,0,True,False,0,,-1,2628268823162251,MS4wLjABAAAAC5jWWXTDYAfERJ7Pu5ko5fjJoU1hgSMDqidyExRHwhOfujCCg-48jYe9Vc5PW95c,一颗小芋圆,ID2023714,"[""https://p3-pc.douyinpic.com/aweme/100x100/aweme-avatar/tos-cn-avt-0015_4aabf7ff912f01956df0189c3445db6f.jpeg?from=2064092626""]",CN,5,True,3388
7616578378644163846,7616704414346511158,2026-05-10T19:24:07.788074,为什么吃面包不吃牛肉，是因为有人把钱贪了吗？[憨笑],1773402193,722,1,10,0,0,True,False,0,,-1,2165400301998171,MS4wLjABAAAA5c4poSC-CE7oMN82rdUzXg24cJ82nAChM-lJdfOsNazNwQrcGbxGdc49vQi8CBQo,子蝶,35837264120,"[""https://p3-pc.douyinpic.com/aweme/100x100/aweme-avatar/tos-cn-i-0813c001_osFnfAJTfAxPBX9AEmcHH78Ea04fQFrABbCAID.jpeg?from=2064092626""]",CN,10,True,1000
7616578378644163846,7616730454410380091,2026-05-10T19:24:07.788074,在中国没人敢贪军费 首先下场惨其次军费要是出问题了其他国家会虎视眈眈,1773408255,701,1,11,0,0,True,False,0,,-1,104119601692,MS4wLjABAAAAtjV2D5Xeqi8dO73TrsGDwvlVICi5KEuO5BqbiWUP-KQ,(❁´◡丫头`❁)*✲ﾟ*,,"[""https://p3-pc.douyinpic.com/aweme/100x100/aweme-avatar/tos-cn-i-0813c001_ogEixPI5PiURwggYAcAVCIZ5AQBPWrAaVBAvA.jpeg?from=2064092626""]",CN,10,True,1000
7616578378644163846,7616739858867241785,2026-05-10T19:24:07.788074,笑死了[捂脸]一打仗炊事班举个日文“我们部队有肉吃”全丢枪跑出来了,1773410445,1418,1,9,0,0,True,False,0,,-1,76477127519,MS4wLjABAAAAVlA7Wjifxpno8MB3-RYJfTskVvz5moEwb_B5dR4PpW0,Sunset·M·Y,,"[""https://p3-pc.douyinpic.com/aweme/100x100/aweme-avatar/tos-cn-avt-0015_43f4dee1ee488426e11a1019f4498b86.jpeg?from=2064092626""]",CN,10,True,1000
7616578378644163846,7616711973561090874,2026-05-10T19:24:07.788074,当兵的时候简简单单的午饭[看],1773403953,4396,1,159,0,0,True,False,0,,-1,92851171375,MS4wLjABAAAAfTzaTx_U430UbvIT04kCfYpewCze74nqwpj3mZj7Qc8,Xavier.,Apr.800,"[""https://p3-pc.douyinpic.com/aweme/100x100/aweme-avatar/tos-cn-i-0813c000-ce_owAAsEEIEEwphDKfG3Fnr7AAGy8IDAAvDC99Ae.jpeg?from=2064092626""]",CN,10,True,1000
7616578378644163846,7616758016587989766,2026-05-10T19:24:07.788074,怪不得不兵变呢，合着是饿的没力气啊[憨笑],1773414676,50,1,1,0,0,True,False,0,,-1,3727765755930995,MS4wLjABAAAAbT0upwlzJ3_4d3qaBpjRGOdnzq57qz_HvtMHt5RucL-xSwL0jCcAUtQVBJx3XNDZ,无所谓了，，，,52276894062,"[""https://p3-pc.douyinpic.com/aweme/100x100/aweme-avatar/tos-cn-i-0813c001_oMMEA0fBNEwZeK0A5JppAgcRCCvADiNAiAA5Ig.jpeg?from=2064092626""]",CN,10,True,1000
7616598512662334766,7635298307082388264,2026-05-10T19:24:49.942265,京娱粉集合[呲牙][玫瑰],1777731420,0,1,0,0,0,False,False,0,,-1,1989468733581211,MS4wLjABAAAA0-9LcDiySQpNsr9lvFNn3-aM0CLCfWt0ykwrYYJLoySw2rL7Nc7ONiG1pbfdEm6v,我睡觉时不困、,32379827996,"[""https://p3-pc.douyinpic.com/aweme/100x100/aweme-avatar/tos-cn-i-0813_oQizhAeAEAAPkIDmA0Ag6WU5CCi6nOeBYKBTzy.jpeg?from=2064092626""]",CN,5,True,1186
7616598512662334766,7626992576173146930,2026-05-10T19:24:49.942265,这个车多少钱告诉我一下，让我死心一下。,1775797593,0,1,0,0,0,True,False,0,,-1,546919614253716,MS4wLjABAAAApDnlxg_iG901eM0iQ4iKUE__diKSw6bwM2rRpugnAFo,艾迪,46393134654,"[""https://p3-pc.douyinpic.com/aweme/100x100/aweme-avatar/tos-cn-i-0813c001_oMIaYiA9proavwABCIrTAIRs5niAA0aIg4vPE.jpeg?from=2064092626""]",CN,5,True,1186
7616598512662334766,7636383156710474534,2026-05-10T19:24:49.942265,这车美国人开去萝莉岛肯定拉风,1777984006,0,1,0,0,0,False,False,0,,-1,94794646968,MS4wLjABAAAA5fmxsCHXBRvGK88AKIVs_s5gr_QKrpSwajgDlfrO3_Y,青衣沽酒醉风尘,dyxu7kfw14pe,"[""https://p3-pc.douyinpic.com/aweme/100x100/aweme-avatar/tos-cn-i-0813_osA8rGEgNPAFREjMBY9VtcffAJDUACAIiAkpiy.jpeg?from=2064092626""]",CN,5,True,1186
7616598512662334766,7624165018082935610,2026-05-10T19:24:49.942265,道奇战斧不是摩托车吗？记忆犹深，全球最快的摩托车,1775139250,4,1,3,0,0,True,False,0,,-1,60935806321,MS4wLjABAAAAEyfmTf0_g6YvZI2Jss-OkHR6aA3ZJtCyssRCJn9uAE4,Miss幺幺,Miss_yaoyao777,"[""https://p3-pc.douyinpic.com/aweme/100x100/aweme-avatar/tos-cn-avt-0015_97d630dece4b8ef4e83d8af19df07da7.jpeg?from=2064092626""]",CN,5,True,1186
7616598512662334766,7635131545023497009,2026-05-10T19:24:49.942265,@abc 这个好看给我买,1777692593,0,1,6,0,0,True,False,0,,-1,3600261641412361,MS4wLjABAAAAmeq1IQIRWlNUUPsujHo705Ts9ZYtCOdxfqss0Juuxr_nU4RQ-E8m2Pf_-rY8AZnq,秋屿,72354132183,"[""https://p3-pc.douyinpic.com/aweme/100x100/aweme-avatar/tos-cn-i-0813c000-ce_o4FjNA5SfAEIJ6WAE8H1D7WE8bffQlhABXmgID.jpeg?from=2064092626""]",CN,5,True,1186
7616632637231243697,7616662360580948745,2026-05-10T19:26:07.520330,橙子一跟你拍视频就跟个小媳妇一样,1773392795,45,1,5,0,0,True,False,0,,-1,61654663121,MS4wLjABAAAA7mx4bwFbuIjAwKtlfqme9XsKn2AhLicy5QLglLfJFTU,将寒未寒,,"[""https://p3-pc.douyinpic.com/aweme/100x100/aweme-avatar/tos-cn-i-0813_e97d07d584c84995a306e59967fcf2f2.jpeg?from=2064092626""]",CN,10,True,797
7616632637231243697,7616931397085053755,2026-05-10T19:26:07.520330,,1773455041,24,1,1,0,0,True,False,0,,-1,93489421931,MS4wLjABAAAAdfhB7wHrQ-kRbobMhGRk27fUqIpXhvSlfzLQTjb12v0,无羡心动,FellZzzzz,"[""https://p3-pc.douyinpic.com/aweme/100x100/aweme-avatar/tos-cn-i-0813c000-ce_o03pHpsJAAAfA9AdwEFxKqoDBfEbswqEEACAqI.jpeg?from=2064092626""]",CN,10,True,797
7616632637231243697,7626753761620902710,2026-05-10T19:26:07.520330,和长沙老清泉差不多,1775741989,1,1,2,0,0,True,False,0,,-1,84695646518,MS4wLjABAAAAXKx9UKwG-JSBfFdr5jkXRcAw5XwuqAp5OIcpUv-FZUk,浮生,dy.dya,"[""https://p3-pc.douyinpic.com/aweme/100x100/aweme-avatar/tos-cn-avt-0015_28b9ef9c42422a4e5e75e433edf25996.jpeg?from=2064092626""]",CN,10,True,797
7616632637231243697,7616788371134202659,2026-05-10T19:26:07.520330,说实话，看着你吃我就感觉很香，但是如果让我自己吃，估计两根羊排一盘肉就饱了[流泪],1773421743,389,1,14,0,0,True,False,0,,-1,71605586701,MS4wLjABAAAAtmpcAYrpEdxLq2sozFMNgVXnvzMc9INu9lCX-mxwn7c,荷兰豆炒猪嗨,,"[""https://p3-pc.douyinpic.com/aweme/100x100/aweme-avatar/tos-cn-avt-0015_d9560a5b6fff93686842d3f46b242273.jpeg?from=2064092626""]",CN,10,True,797
7616632637231243697,7616677284396892985,2026-05-10T19:26:07.520330,老板：见鬼了，人流量可以，咋就没挣啥钱呢。,1773395876,53,1,4,0,0,True,False,0,,-1,83765665647,MS4wLjABAAAAKfNOaJxOO4pdm-vNSVgy5w0XeGJhitPfrpL8e42TEA0,麦基科普润思,,"[""https://p3-pc.douyinpic.com/aweme/100x100/aweme-avatar/tos-cn-avt-0015_e4e6d4320b33b03b3cd11fb84c06cbaa.jpeg?from=2064092626""]",CN,10,True,797
7616632818176658726,7617704011501028131,2026-05-10T19:26:19.974799,我的老挝老婆一去不回[流泪][流泪]  人财两空,1773634930,3,1,1,0,0,True,False,0,,-1,40016050928814,MS4wLjABAAAANvYy6pbbQLFBknAf8k7-IkcIGpXp02ltL6yTuuvGFyc,@林同学,81102923292,"[""https://p3-pc.douyinpic.com/aweme/100x100/aweme-avatar/tos-cn-i-0813c001_o0TAGH4CsETEOAF7yBFIeiyAAeBsAWfDdo6DEg.jpeg?from=2064092626""]",CN,5,True,134
7616632818176658726,7631603782887670571,2026-05-10T19:26:19.974799,仔细想想.赶走了剥削的法国是不是应该生活水平得到提高，怎么会没有改变,1776871224,0,1,0,0,0,False,False,0,,-1,1974340568759916,MS4wLjABAAAAjKjVhx52Jms1Z9LW37jL7fCVeQ6DZIdUMKdgyiW4G9wcLdMl4_fWXqBoko9bTt0u,名欧（D.k）轻奢品,,"[""https://p3-pc.douyinpic.com/aweme/100x100/aweme-avatar/tos-cn-avt-0015_63918626a435adb41397bbb857f8987a.jpeg?from=2064092626""]",CN,5,True,134
7616632818176658726,7617260177838981934,2026-05-10T19:26:19.974799,你给带国内吧，10万转给我,1773531595,1,1,7,0,0,True,False,0,,-1,71985541165,MS4wLjABAAAAGk5bJzE5rh8o7W6ykxNE_CKTv7G8r0tqz5QqmoOwTLA,暧昧最伤人,wan138wan,"[""https://p3-pc.douyinpic.com/aweme/100x100/aweme-avatar/tos-cn-avt-0015_db8480d31945e2f8ea1c7e050500ed34.jpeg?from=2064092626""]",CN,5,True,134
7616632818176658726,7616712449706689314,2026-05-10T19:26:19.974799,四海河北人氏？,1773404665,2,1,2,0,0,True,True,0,,-1,106908599677,MS4wLjABAAAAWHfjd713jH6nyy5fM1p-nApUc9zNGQ0Ts_g4URbqsUg,V森,,"[""https://p3-pc.douyinpic.com/aweme/100x100/aweme-avatar/tos-cn-i-0813c000-ce_o8A9DEwuEJpA9NAoIEqAfeFALKXFvEfrwuAy6M.jpeg?from=2064092626""]",CN,5,True,134
7616632818176658726,7616710996082688818,2026-05-10T19:26:19.974799,这个情景跟我小时候差不多。，但是那时候幸福并快乐。，现在虽然生活条件好了，找不到小时候的味道！,1773403725,14,1,5,0,0,True,False,0,,-1,103610367700,MS4wLjABAAAA4nFjtHt6CcWFMCiMULLprkUy2kx3pLY_DKnoGlZNJ9A,伊春市大秦酒店一性快消品,zhao13204585678,"[""https://p3-pc.douyinpic.com/aweme/100x100/aweme-avatar/tos-cn-i-0813c001_oMej8zAmIDe9YvAACXlAInkC5QulNWAbgAF8H9.jpeg?from=2064092626""]",CN,5,True,134
7616633929562443071,7616708765707387675,2026-05-10T19:26:31.929713,好久没刷到了，以前天天都刷得到，衣号位,1773403206,35,1,3,0,0,True,False,0,,-1,1024399257895100,MS4wLjABAAAA0e9r2AV7vPvosrT4lK7ALuHDl_iw26M5k5nSEB9BMPIF0_fW1bpBB7t06aAbwn7C,🌈子曰,ziyue49552,"[""https://p3-pc.douyinpic.com/aweme/100x100/aweme-avatar/tos-cn-i-0813_5c13d09fb478482bbc915045615547a4.jpeg?from=2064092626""]",CN,10,True,108
7616633929562443071,7616635993601164074,2026-05-10T19:26:31.929713,感觉有点熟悉呢,1773386264,9,1,1,0,0,True,False,0,,-1,985581528819871,MS4wLjABAAAAQw32IMWYw1IRDGYdCrReoNbNIJjx9v5wvQmrHIwbVn8,大手小木奉,yimiaoshigua36,"[""https://p3-pc.douyinpic.com/aweme/100x100/aweme-avatar/tos-cn-i-0813_oQHIICXcASI3Pff9CAMAQBfI2fjAgIHDAYQl8g.jpeg?from=2064092626""]",CN,10,True,108
7616633929562443071,7616642550140699438,2026-05-10T19:26:31.929713,电缆不是比四个小金便宜多了吗,1773387789,11,1,3,0,0,True,False,0,,-1,2731658490414942,MS4wLjABAAAALBjRfLXOrjiXETijeaGk7pH8JpJQkdXIhaxkDyeMBy9fGrFCK5dFODKYz-mWVGbJ,独孤九剑剑,55029341764,"[""https://p3-pc.douyinpic.com/aweme/100x100/aweme-avatar/tos-cn-i-0813c001_oELYArQAAX7EyAviCaAZiChPhdCMI4uL3BILj.jpeg?from=2064092626""]",CN,10,True,108
7616633929562443071,7617234965361935139,2026-05-10T19:26:31.929713,王鲨鱼被开除了吗[噢买尬],1773525728,0,1,0,0,0,True,False,0,,-1,1744262999850252,MS4wLjABAAAATTCK4gCsMTnEXxfNEse8GKuGwTxJVzAh6z7WPxLsNCZ97VtiTe7psMtp7LpcB6tx,牛爷爷cosplay极品少罗勾引壮壮爸,83698478759,"[""https://p3-pc.douyinpic.com/aweme/100x100/aweme-avatar/tos-cn-i-0813_okPAvihIAgAEi7vnJKPbCaIIh2AIEwAghBXQP.jpeg?from=2064092626""]",CN,10,True,108
7616633929562443071,7616772707278930742,2026-05-10T19:26:31.929713,我大半年前看，我记得洪大大桌子上错过一颗心，后来他每次都要看总裁那有没有刷货,1773418095,65,1,1,0,0,True,False,0,,-1,1547761730460647,MS4wLjABAAAAEdctaLY9AzBn51NJpTVG0FB73dx4yWf-wJElUTofa00s_3EE8OQQUNwo2su4c3n_,陌,xt1739,"[""https://p3-pc.douyinpic.com/aweme/100x100/aweme-avatar/tos-cn-i-0813c001_osziCPF9GFlAiiAATEgAaAYPgMAIIijBiBRUI.jpeg?from=2064092626""]",CN,10,True,108
7616637229377662117,7617013338581844785,2026-05-10T19:26:42.611102,一人一句文案 剪成视频我会带id的[送心],1773474121,422,1,92,0,0,True,False,0,,-1,2554914133508124,MS4wLjABAAAAD73wVzTDs6q3xtmcv0Bk4vab3SQKOGxtY18tnyX80FWkPbyf8X3u5UL2FjXup8K8,？,zho__jiaxin,"[""https://p3-pc.douyinpic.com/aweme/100x100/aweme-avatar/tos-cn-i-0813c000-ce_oEu09ibAiIDEwpfcW1P6CAxAeASS0BnCEAksCi.jpeg?from=2064092626""]",CN,15,True,1348
7616637229377662117,7623411460321149711,2026-05-10T19:26:42.611102,可我在16岁遇到了你,1774963801,3,1,0,0,0,True,False,0,,-1,1927867985831852,MS4wLjABAAAAvegqTiVzUMZBss7E2B4aQbd9UGo_fqfpkI3NCyzFjJL_EwbEy-yBi-csaCGQXmz3,怡姐，梦想哭了,hxyadjs1314,"[""https://p3-pc.douyinpic.com/aweme/100x100/aweme-avatar/tos-cn-avt-0015_94325d442d501fd7371055d3a02b5c0f.jpeg?from=2064092626""]",CN,15,True,1348
7616637229377662117,7616641116695872314,2026-05-10T19:26:42.611102,可我在16岁被你抛弃[流泪],1773387456,201,1,8,0,0,True,True,0,,-1,3762991623846996,MS4wLjABAAAASr5ZTDYeldFIFQbjbfBTnCmXOKrFxeGnBMt24IL0DX67jBrrbF4zUuHSAZxhy5vH,稚伶,60937674761,"[""https://p3-pc.douyinpic.com/aweme/100x100/aweme-avatar/tos-cn-avt-0015_600f8c7b71face2657704d79216c876d.jpeg?from=2064092626""]",CN,15,True,1348
7616637229377662117,7620120527352578822,2026-05-10T19:26:42.611102,这个照片配这个音乐可以嘛[流泪],1774197572,22,1,6,0,0,True,False,0,,-1,1863035192878489,MS4wLjABAAAAbANgXBOr5wRKeekMMd6icVDdicaKXbQlGA671ITvPk2omljr42gD22hRN4Z_jFcQ,行呗,LLL_X0203,"[""https://p3-pc.douyinpic.com/aweme/100x100/aweme-avatar/tos-cn-avt-0015_8fbda0a476e9bcdca8cdebccc82ac645.jpeg?from=2064092626""]",CN,15,True,1348
7616637229377662117,7616674228666106673,2026-05-10T19:26:42.611102,凑齐520个署名[玫瑰],1773395164,728,1,590,0,0,True,False,0,,-1,7601792315389133883,MS4wLjABAAAAuuuhNGUujE8tpJVNs62mocTybPMY3m07M703wqetLtOixmX-pN4rKRGTfhHkaJMk,烟,92613827509,"[""https://p3-pc.douyinpic.com/aweme/100x100/aweme-avatar/tos-cn-avt-0015_bce087b5ea82f74c8e2d8003371856ac.jpeg?from=2064092626""]",CN,15,True,1348
7616638813749742886,7638076865051706154,2026-05-10T19:26:53.741735,“这孩子要黑化了”[捂脸],1778378356,0,1,0,0,0,False,False,0,,-1,75207680468959,MS4wLjABAAAA8D1MZqqO2O72tM7R-RDAgrrC5kthbhHk2anC9S7BmRA,爱玩我的世界蛋仔派对王者荣耀,55525328135,"[""https://p3-pc.douyinpic.com/aweme/100x100/aweme-avatar/tos-cn-i-0813c001_o8aWAIijxwjp2GBAigAdYRaPkADA0IkPyEP4M.jpeg?from=2064092626""]",CN,5,True,81
7616638813749742886,7617415828007420712,2026-05-10T19:26:53.741735,我竟然在弹幕上看到了一句“野兽先生有1岁”,1773567833,6,1,1,0,0,True,False,0,,-1,3352844353428967,MS4wLjABAAAAZ16kzWFXNju2xPWfCL6XSkf6511j7pK60fC_A9bAlHo-HPotGHyc8MVciVG7ox6K,特辣的海草,44101922110,"[""https://p3-pc.douyinpic.com/aweme/100x100/aweme-avatar/tos-cn-i-0813c001_oUnBheJ2ZAU7G4AIAfCIArEESBbLEQNOTeTTAC.jpeg?from=2064092626""]",CN,5,True,81
7616638813749742886,7621192636263924539,2026-05-10T19:26:53.741735,28赢了，不要相信别人说的话，只是因为7号很厉害,1774447189,0,1,1,0,0,True,False,0,,-1,48031723425806,MS4wLjABAAAA1YVzoE8v03k-uh_UAg4cz3LfbL2NWYGC5yt2GpDMZCw,つきしま いのり🥞,dykf2gtd4vgr,"[""https://p3-pc.douyinpic.com/aweme/100x100/aweme-avatar/tos-cn-i-0813c000-ce_o8FguA8DTES9f5yFEAAUhAEsBJH5feagw7IADG.jpeg?from=2064092626""]",CN,5,True,81
7616638813749742886,7621573520255288116,2026-05-10T19:26:53.741735,@到底是7号，我突然想17号28号感觉又又那个就是输了,1774535872,0,1,0,0,0,True,False,0,,-1,87361814619,MS4wLjABAAAA-hLG4LC4eMtYH55ts8gsd3X_InA4M4tSsjK97dRnhTw,李哼哼,,"[""https://p3-pc.douyinpic.com/aweme/100x100/aweme-avatar/mosaic-legacy_2fa4c00076d2f069171f3.jpeg?from=2064092626""]",CN,5,True,81
7616638813749742886,7628876174668694323,2026-05-10T19:26:53.741735,最后那个投篮球的应该一个人一边。对孩子不太公平啊。,1776236153,2,1,0,0,0,True,False,0,,-1,1864376357488216,MS4wLjABAAAA-zkrx65zTjIqsnia5gO7DCL3eJv9fI2WdtfE4DqP25-JRQbIww7bPxHRoMZN5Agx,淇,517cy517517,"[""https://p3-pc.douyinpic.com/aweme/100x100/aweme-avatar/tos-cn-i-0813c001_owP2YhCDfCAiSvpEAIUAxAAjWHigg0LoBAe4iD.jpeg?from=2064092626""]",CN,5,True,81
7616640140886281472,7616712808352940835,2026-05-10T19:27:03.554408,生物起源就是海洋开始的，陆地生物就是为了躲海洋里面恶霸才上岸进化的，这就是为什么所有动物都会水，人类也是且恐惧深海[尬笑],1773404147,32990,1,82,0,0,True,True,0,,-1,111186821556,MS4wLjABAAAA_RG9JB8FH5oUwWiVV4QceHrStjQUsBGrox2OcHmN_kI,AAAAA建材肖哥,,"[""https://p3-pc.douyinpic.com/aweme/100x100/aweme-avatar/tos-cn-i-0813c001_ok7EvLBSA1peHU0QfRnuA8ETyAIBQAfdG5mnIA.jpeg?from=2064092626""]",CN,5,True,17589
7616640140886281472,7619416972962399025,2026-05-10T19:27:03.554408,,1774033763,57540,1,243,0,0,True,False,0,,-1,58639331315,MS4wLjABAAAAAY8uT8d21MfzYfI0sOeJtfRjdGC9wxaJ3eP43DlkeTA,皮特格里芬,luckyteach,"[""https://p3-pc.douyinpic.com/aweme/100x100/aweme-avatar/tos-cn-i-0813c001_oAzAAikQKPEnfCDsguDVVbDqeAA9GAxJ3YFUAI.jpeg?from=2064092626""]",CN,5,True,17589
7616640140886281472,7616759187737723657,2026-05-10T19:27:03.554408,由他们统治海洋,1773414946,136421,1,723,0,0,True,False,0,,-1,145549111592727,MS4wLjABAAAAbL47RXTHSiqgGOedRj4XpBfSagnGyfheLRglk6fnHiA,🐛,41504529136,"[""https://p3-pc.douyinpic.com/aweme/100x100/aweme-avatar/tos-cn-avt-0015_b06a8ed83c0df55c3d3abc5a4e6420f6.jpeg?from=2064092626""]",CN,5,True,17589
7616640140886281472,7619302943975605033,2026-05-10T19:27:03.554408,一想到恐龙是真的存在过我就觉得好不真实[黑脸],1774007210,179306,1,755,0,0,True,False,0,,-1,3459522196674404,MS4wLjABAAAAj_1ZahExoxEK8_n_nmhXbkDdGks8T0huTAijLES89bE1aLsO6ZV7QUPL9vS5Jvkb,宇雾,43813239760,"[""https://p3-pc.douyinpic.com/aweme/100x100/aweme-avatar/tos-cn-avt-0015_4f8c64900a8ea18623ea3b1e0dd658fd.jpeg?from=2064092626""]",CN,5,True,17589
7616640140886281472,7616837669742756671,2026-05-10T19:27:03.554408,你鳄鱼叔叔又美美隐身啦[大笑],1773433236,18880,1,92,0,0,True,False,0,,-1,174196221819092,MS4wLjABAAAAt1LGly-ru_Rlk3Sf6DSiw65inpNxu0vGseDGJdNZUos,晴 雯,ZZZ525225,"[""https://p3-pc.douyinpic.com/aweme/100x100/aweme-avatar/tos-cn-avt-0015_12754a2bc76f24c4e8ea33ab6258d8f8.jpeg?from=2064092626""]",CN,5,True,17589
7616643985280486694,7626189311155340038,2026-05-10T19:27:16.688504,天剑125，经典之作,1775610569,2,1,1,0,0,True,False,0,,-1,334723053786781,MS4wLjABAAAAklgAe_aNukFgoP9-L-hPaDTkQl8RLiLQv8w5We5P5Lo,向上而生,21661305738,"[""https://p3-pc.douyinpic.com/aweme/100x100/aweme-avatar/tos-cn-i-0813_oEIATQoBVEfAFA7EszQADFEB5fDgB0ASyfCUlE.jpeg?from=2064092626""]",CN,10,True,2375
7616643985280486694,7637763424269976329,2026-05-10T19:27:16.688504,从来不说自己的错，人家在全世界都行，就是在这不行，那人家离开就行了,1778305376,0,1,0,0,0,False,False,0,,-1,4270126179812052,MS4wLjABAAAAmCVWAwcVEw_4TeA7HG3uW0G3GcrU3s7Nh0K0QBiPbS0v09nVI7fns-X9svzHXbEP,觉醒,juexing1357,"[""https://p3-pc.douyinpic.com/aweme/100x100/aweme-avatar/tos-cn-i-0813c001_oca0PAA0ZEIXYBg3DViWtiBAIPrbAkvwSa1RA.jpeg?from=2064092626""]",CN,10,True,2375
7616643985280486694,7616970217142649637,2026-05-10T19:27:16.688504,雅马哈gt150就是省油，车子轻好操控，我去年买了一个周末跑山休闲，50元钱92油，跑到快500公里。,1773464080,6,1,1,0,0,True,False,0,,-1,3509253310789015,MS4wLjABAAAA0WM1Elk6lF3DHahHOd6DXSXkGL1UYsfTuGIXR9Rq69cMMzZ3x1O81dLZYjhvGK5o,mrbones,mrbones47188,"[""https://p3-pc.douyinpic.com/aweme/100x100/aweme-avatar/mosaic-legacy_3793_3114521287.jpeg?from=2064092626""]",CN,10,True,2375
7616643985280486694,7617253996239880997,2026-05-10T19:27:16.688504,怪不得，他兴鹰125一万二多无ABS CTS，用户现在可选择性太多了，钱江150，un r 150，三阳，,1773530154,3,1,1,0,0,True,False,0,,-1,62939419888,MS4wLjABAAAAptsHGR0xdMBooMIjGMfheKl0mM1gdMQLweqiiI7NSK0,挺好 ～,,"[""https://p3-pc.douyinpic.com/aweme/100x100/aweme-avatar/tos-cn-avt-0015_fe184e079f3932a9e07a91c1f631002e.jpeg?from=2064092626""]",CN,10,True,2375
7616643985280486694,7628633228002050859,2026-05-10T19:27:16.688504,当年的劲豹雅马哈150可是我哥最喜欢的坐骑[呲牙][呲牙][呲牙],1776179587,0,1,2,0,0,True,False,0,,-1,92666385446,MS4wLjABAAAAZgwRtcS6Fn_1lyuk--sNsSTkWYh8t9kcIr7g1-rkBoM,专嘎嬷嬷,,"[""https://p3-pc.douyinpic.com/aweme/100x100/aweme-avatar/tos-cn-i-0813c001_oED6EDhzAgNAuHhAHy4XAZ7IWAfzGeAaW0Cr5g.jpeg?from=2064092626""]",CN,10,True,2375
7616647757293831866,7627432637409297190,2026-05-10T19:27:54.717406,注意，这里的视频剪辑了多部盗墓笔记系列的电视剧，不止九门，而且存在AI制作部分[感谢],1775900052,1,1,0,0,0,False,False,0,,-1,111088750910,MS4wLjABAAAANQU9Kr1TA-10MHp1IcGbVGhbc8cySeyO--BdweAq-Kw,bflz,,"[""https://p3-pc.douyinpic.com/aweme/100x100/aweme-avatar/mosaic-legacy_3791_5035712059.jpeg?from=2064092626""]",CN,10,True,109
7616647757293831866,7637854475923440433,2026-05-10T19:27:54.717406,片头曲还是《我门》片尾曲《典狱司》吗,1778326575,0,1,0,0,0,False,False,0,,-1,7535459579779417147,MS4wLjABAAAApZC2POcBl9ezm4eKeFzAPrS6JkhjSXKfRkUNVhqbRIFnAcmaNQW-3AWaihzSw5oK,dm.散装的耗子（智人版）,72116321808,"[""https://p3-pc.douyinpic.com/aweme/100x100/aweme-avatar/tos-cn-i-0813c000-ce_ocDGeOfjA6PmpFAAxXuCAknOEvQEaIFw9NFAQn.jpeg?from=2064092626""]",CN,10,True,109
7616647757293831866,7625051759543534385,2026-05-10T19:27:54.717406,我感觉这个剧组。在钓鱼。,1775345712,2,1,0,0,0,False,False,0,,-1,896856114084749,MS4wLjABAAAAdlfBF-Cy-jAHpwE_VKTOtaeDiKyU6S-g0nE6MXVoVGU,小武,xiaowu33206,"[""https://p3-pc.douyinpic.com/aweme/100x100/aweme-avatar/tos-cn-i-0813_eef9fe22af48445cae553d0a8741987a.jpeg?from=2064092626""]",CN,10,True,109
7616647757293831866,7632769626556859145,2026-05-10T19:27:54.717406,尹新月还是赵丽颖吗,1777142675,0,1,1,0,0,True,False,0,,-1,3338551044091736,MS4wLjABAAAAcfVhvFE5s80iQC4lZfHWm7tZsNVXqnDrwCLdOhUNzsDcNElRN4fG5pQF8QhgSoLE,卖萌总被打,42977543376,"[""https://p3-pc.douyinpic.com/aweme/100x100/aweme-avatar/tos-cn-i-0813c001_oogfAiQfnsCAqPiAQSgYfD4IgA8tADeWIgffga.jpeg?from=2064092626""]",CN,10,True,109
7616647757293831866,7616756517810750262,2026-05-10T19:27:54.717406,巜永不内斗》[捂脸][捂脸],1773414324,1,1,1,0,0,True,True,0,,-1,2370969458967374,MS4wLjABAAAALRnZ6RD5QqOw5lYCTtcliDs5ltX6VhL_LQsw18yv-38Ox0Nd_Ytmgy-4mMDA5X0b,苗伦本倫,66002813612,"[""https://p3-pc.douyinpic.com/aweme/100x100/aweme-avatar/tos-cn-i-0813c001_9dd44974245843928ff0543779a95d77.jpeg?from=2064092626""]",CN,10,True,109
7616652921194745094,7616886041638994742,2026-05-10T19:28:21.625466,看了几次还是没搞懂为什么这一集杰森伯恩没上班。[流泪][流泪],1773444483,66,1,3,0,0,True,False,0,,-1,1848713574358204,MS4wLjABAAAA3eWIEoLoZnahwyp0qaRjvAADcDSQBBTL7G-TgwzfoZx_AWwOUyZn_U2swfxDM8CT,薪尽自然凉,67086798360,"[""https://p3-pc.douyinpic.com/aweme/100x100/aweme-avatar/tos-cn-avt-0015_8ff7f7259edd62ae2d5eddb45aa3715e.jpeg?from=2064092626""]",CN,5,True,1684
7616652921194745094,7616734873387041563,2026-05-10T19:28:21.625466,谍影重重4，曾追到5.不知现在几了？,1773409815,29,1,2,0,0,True,False,0,,-1,2331436436694590,MS4wLjABAAAAAIL2qFF7eakf_OEJJH-rkXxKkj8sel9UVCebZHFhyTVN5UO0tWyjg5rQHIJg_h46,123456,93116807165,"[""https://p3-pc.douyinpic.com/aweme/100x100/aweme-avatar/mosaic-legacy_3791_5035712059.jpeg?from=2064092626""]",CN,5,True,1684
7616652921194745094,7623363378740085513,2026-05-10T19:28:21.625466,谍影重重出电视剧了，绊脚石,1774953037,24,1,2,0,0,True,False,0,,-1,2462551808150327,MS4wLjABAAAA9LGoyOjElIh2aTMlSOYLL973OsvJnzJsdArJA6cvf57-w7qinolhrQQjcc1PumnB,多音词,52028505645,"[""https://p3-pc.douyinpic.com/aweme/100x100/aweme-avatar/tos-cn-i-0813_oEyvIDgiZvIPABNCAYVWXAIuz0vAEwMkAFivR.jpeg?from=2064092626""]",CN,5,True,1684
7616652921194745094,7622789907686540041,2026-05-10T19:28:21.625466,求女主演的名字[感谢][感谢],1774819090,6,1,6,0,0,True,False,0,,-1,99633225176,MS4wLjABAAAAZ-ASl9piTVp0oqozGzni7XvuUcbE1OgHMR9OOCXCjmA,翔哥,,"[""https://p3-pc.douyinpic.com/aweme/100x100/aweme-avatar/tos-cn-i-0813_f4946c09df48408aab4f1683a265b184.jpeg?from=2064092626""]",CN,5,True,1684
7616652921194745094,7631812352820101928,2026-05-10T19:28:21.625466,看这部电影之前我觉得金劳很土，看完觉得金劳关键时候能救命  [看],1776920242,2,1,1,0,0,True,False,0,,-1,108059546801,MS4wLjABAAAA2YuB4W6wiK07LswqH-YuPIoCE_PwO8GCaQagG3iSd4U,间或选择,,"[""https://p3-pc.douyinpic.com/aweme/100x100/1ca3700027d9f128764e8.jpeg?from=2064092626""]",CN,5,True,1684
7616653241060707593,7620056470101525285,2026-05-10T19:28:32.931014,让我想到了山东大集的金枪鱼[泪奔],1774182654,140,1,7,0,0,True,False,0,,-1,72680932083,MS4wLjABAAAAGh4kQzeZcNoV9SDuh-dC5OAMqvqzqLfSlCizuQ3ukgo,✨一个玩摩托的路亚佬,,"[""https://p3-pc.douyinpic.com/aweme/100x100/aweme-avatar/tos-cn-avt-0015_fd648679c8456f498e7c4d358340fd82.jpeg?from=2064092626""]",CN,5,True,114
7616653241060707593,7635601211886240558,2026-05-10T19:28:32.931014,“嘿，你猜我是不是海女？评论区都吵翻啦，快来一起揭开这神秘谜底！😜”,1777802185,1,1,0,0,0,False,False,0,,-1,2848204357647275,MS4wLjABAAAATdTDSrMGbaumQ84bwmHoRadLWv3bbZ5YUseokgckUNXRRLTSynZzrSzCiXfgeG_i,陈先生百货店,52471166685,"[""https://p3-pc.douyinpic.com/aweme/100x100/aweme-avatar/tos-cn-avt-0015_e43d65bb12fb0224a3fb2b771a2b16ac.jpeg?from=2064092626""]",CN,5,True,114
7616653241060707593,7621181791646516004,2026-05-10T19:28:32.931014,你是不是海女啊,1774444663,0,1,1,0,0,True,False,0,,-1,64610334580,MS4wLjABAAAAJBZrw8RGzSSZSwZAXD-QQ1B6IRUcXo1KWd7N3y4BJ_A,Bing-ing,,"[""https://p3-pc.douyinpic.com/aweme/100x100/aweme-avatar/tos-cn-i-0813_o8z8gACsIe9DC7AQLb76rQZelaAPhnFWVADgAA.jpeg?from=2064092626""]",CN,5,True,114
7616653241060707593,7619029060823941925,2026-05-10T19:28:32.931014,氧气在哪里啊？没看到背啊,1773943447,3,1,2,0,0,True,False,0,,-1,62395284210,MS4wLjABAAAAoLOquQ8Q9__Wy_4jQgvjNG4IK1Ek5CFVxKf0wxuVGBs,文昌以南、会文小羊,,"[""https://p3-pc.douyinpic.com/aweme/100x100/aweme-avatar/tos-cn-avt-0015_96f0f71ed301283b66b99f874f0c41f4.jpeg?from=2064092626""]",CN,5,True,114
7616653241060707593,7616685387779588873,2026-05-10T19:28:32.931014,既然吃海就保护海呗，把玻璃瓶拿了呗。[黄脸干杯],1773397763,20,1,4,0,0,True,False,0,,-1,4455643685590472,MS4wLjABAAAAA-lNpoIZ7UlMeM9SGrRbrM7064aBk5QvvGbxl1Keod5svzfCy6ByaTOjGAk7TaXk,🌈🌈一昂阳🌈🌈🌈,55284192073,"[""https://p3-pc.douyinpic.com/aweme/100x100/aweme-avatar/tos-cn-i-0813c001_oso9D4fuIALsCHGAETA0QAAGA9FFNCf8ygtDhE.jpeg?from=2064092626""]",CN,5,True,114
7616656331885284660,7617746877527016227,2026-05-10T19:28:45.057525,终于轮到你们兑水看一年了,1773644912,603,1,16,0,0,True,False,0,,-1,1394601346743859,MS4wLjABAAAAeTijEVTDZi4mIt0bAE2lfFQaKqwoC6a5LsIzI51JmOdP0WPhRHous8ktiZOCGx7Q,Daniel,ChildeDaniel,"[""https://p3-pc.douyinpic.com/aweme/100x100/aweme-avatar/tos-cn-avt-0015_436810d9313c83878f79907aa258bbcd.jpeg?from=2064092626""]",CN,5,True,159
7616656331885284660,7617814059287413542,2026-05-10T19:28:45.057525,,1773660552,1,1,1,0,0,True,False,0,,-1,307505331711357,MS4wLjABAAAAqhXjcWAELoWCMzwgyN74trr3vZhQ_-JNIVLb_pMwJ2g,晚睡早起,dybvlhlrdqy0,"[""https://p3-pc.douyinpic.com/aweme/100x100/aweme-avatar/tos-cn-i-0813c001_oYNpzeAU8AIlKfEOAM2ajfI6RQCIXDA6foAQDk.jpeg?from=2064092626""]",CN,5,True,159
7616656331885284660,7618432647912014629,2026-05-10T19:28:45.057525,对手:[黑脸],1773804579,11,1,1,0,0,True,False,0,,-1,2154672704195582,MS4wLjABAAAA660nRzIvzzWePDne63J1GO8e4-Xl-drQjXzgN2kVNcWTC3a1mM9mmo1EWMSyf4D4,力今天卤了吗,Wjhelu16266,"[""https://p3-pc.douyinpic.com/aweme/100x100/aweme-avatar/tos-cn-i-0813c000-ce_os1ge1jtA8wBIkOS7tAFJgOBCEIkEAF8ABAffD.jpeg?from=2064092626""]",CN,5,True,159
7616656331885284660,7618080068649501498,2026-05-10T19:28:45.057525,蜗牛们兑水喝一年了[流泪],1773722488,119,1,4,0,0,True,False,0,,-1,1599157421230411,MS4wLjABAAAAy2dtWJC6B5EAAHukQuEj-qZtce4o0vxH1uvcOs13NGz1oZf6Ip3ZGudLcXf2EebH,耍公面前刀大关,cjwdbly,"[""https://p3-pc.douyinpic.com/aweme/100x100/aweme-avatar/tos-cn-i-0813c001_oI9CDFA1A6tfDszvOnCCAxDNcAEAIApfDaoiEg.jpeg?from=2064092626""]",CN,5,True,159
7616656331885284660,7617826435973825315,2026-05-10T19:28:45.057525,吓哭了[躺平],1773663435,51,1,1,0,0,True,False,0,,-1,88812442484,MS4wLjABAAAAnButIbxqnZxbEZEUO_1qatOdjNNfN0-j0ks-HkB-QQo,小宇同学,,"[""https://p3-pc.douyinpic.com/aweme/100x100/aweme-avatar/tos-cn-i-0813c001_o8cVfUQEAX7uAQeIGEFOAJCDA4GnABFDfSlBls.jpeg?from=2064092626""]",CN,5,True,159
7616668799816200881,7637892094128980763,2026-05-10T19:29:42.805553,当年我们要有美国的实力，日本早沉了,1778335333,0,1,0,0,0,False,False,0,,-1,1880592662667402,MS4wLjABAAAA-U35i2-dxuaHyoatIT7IHyRUaUlrwqhv9x8g4daUbAuysEAjoP5jtf7WROVUN7tL,招财進寶,45386581410,"[""https://p3-pc.douyinpic.com/aweme/100x100/aweme-avatar/tos-cn-i-0813_owAIgizAeg1E0A0fFA4QCuCPRY1BACiWCm1Aip.jpeg?from=2064092626""]",CN,5,True,16287
7616668799816200881,7619465507292955450,2026-05-10T19:29:42.805553,几万头日本人瞬间殒命[捂脸][捂脸][捂脸][捂脸],1774045064,115,1,2,0,0,True,False,0,,-1,63581627777,MS4wLjABAAAA6b3NKNGzd551J0aA8t4sBPOGmIIApvmQfm0RU6Ihpso,🌸茉莉🌸,Xiangnianbeibei,"[""https://p3-pc.douyinpic.com/aweme/100x100/aweme-avatar/tos-cn-avt-0015_87c42ed17af58249062a59fd9ff9d30a.jpeg?from=2064092626""]",CN,5,True,16287
7616668799816200881,7619593714516411173,2026-05-10T19:29:42.805553,"1941年12月7日，日本偷袭珍珠港。
1945年8月6日：美军在日本广岛投下代号“小男孩”的原子弹。
1945年8月9日：美军在日本长崎投下代号“胖子”的原子弹。",1774074911,15,1,1,0,0,True,False,0,,-1,66292901103,MS4wLjABAAAACHxKwJ4z3D0ilRmp_ymYD58hk9x0Ygc5PYfsTuJUHwQ,苏木,,"[""https://p3-pc.douyinpic.com/aweme/100x100/aweme-avatar/tos-cn-i-0813c000-ce_owITP548oBvhaAAywaAAvgEAiAgiaIKhnMAA4.jpeg?from=2064092626""]",CN,5,True,16287
7616668799816200881,7617284830392632113,2026-05-10T19:29:42.805553,炸完珍珠港，迎来了大小男孩。唱起了好日子，,1773537332,3646,1,39,0,0,True,True,0,,-1,61268017727,MS4wLjABAAAAFto2YEafVNBI6izDQCJQBfPWNYq7x7beVK05rYFLUfs,梦想💞飞扬,,"[""https://p3-pc.douyinpic.com/aweme/100x100/aweme-avatar/tos-cn-i-0813_oUgALEZhnAAxmfswADCiCMQiFAmEDIf9aAqFJ2.jpeg?from=2064092626""]",CN,5,True,16287
7616668799816200881,7619980331655234361,2026-05-10T19:29:42.805553,日本在二战两颗蘑菇所受痛苦，远不及我国万一！而且仇不是我们亲手报的！铭记国耻，吾辈自强！,1774164927,70,1,5,0,0,True,False,0,,-1,98637732942,MS4wLjABAAAAmoAhAv9j7geu5TAohaeyC5UgyQm-LSskv2nhosV7DLQ,阿元,,"[""https://p3-pc.douyinpic.com/aweme/100x100/aweme-avatar/tos-cn-avt-0015_b41ff6c99a881a0812765d6dd7914e66.jpeg?from=2064092626""]",CN,5,True,16287
7616670999374744886,7616693061553275705,2026-05-10T19:30:05.543071,其实毒是珠世和蝴蝶忍一起研发的呀。,1773399550,35,1,1,0,0,True,False,0,,-1,379774334144896,MS4wLjABAAAACAShh6NbRXBgpFpXC7nRCW-6AEopyB0ZRtdd70FseYg,糯米团,64403396763,"[""https://p3-pc.douyinpic.com/aweme/100x100/aweme-avatar/tos-cn-i-0813c000-ce_oMF5UfkEAm74AIQEpEFSAqBDgr8YAJYRfaeBPu.jpeg?from=2064092626""]",CN,10,True,76
7616670999374744886,7616677303393960741,2026-05-10T19:30:05.543071,真的很讨厌这个梗，不知道这个梗是哪个撒旦造出来的[捂脸],1773395881,18,1,1,0,0,True,False,0,,-1,4453474160877150,MS4wLjABAAAAPLeyPIroXP3u6tBNVGYoRHV8gjvjXb6SG1ODzuxvy_6Z9s0Y2lFew3HYINZl1KWP,逆民信,96705218187,"[""https://p3-pc.douyinpic.com/aweme/100x100/aweme-avatar/tos-cn-i-0813c000-ce_oMhTVVepAAA0A7ddgIFA5fQD1f1Yq7vEJBFHmQ.jpeg?from=2064092626""]",CN,10,True,76
7616670999374744886,7616722270798529290,2026-05-10T19:30:05.543071,珠世还是算了吧，当年自暴自弃吃了不少人，但把错误全推给无惨。这种角色再鬼灭那种逻辑下能洗白也是可笑。,1773406350,9,1,2,0,0,True,False,0,,-1,105718617953,MS4wLjABAAAA-202UTafjWY6OHVTryN2wi-YYwhsB2YOzaG2rnEqmk4,鸭哥（爱上季洪行版）,zrdc111,"[""https://p3-pc.douyinpic.com/aweme/100x100/aweme-avatar/tos-cn-i-0813c001_oA0DE1KAABibrgAAlaKCviL4oACDtIWieVftVA.jpeg?from=2064092626""]",CN,10,True,76
7616670999374744886,7637131127950951174,2026-05-10T19:30:05.543071,其实童磨是好人，毕竟那个世界观活着就是跟受罪似的,1778158158,0,1,0,0,0,False,False,0,,-1,2605201505386603,MS4wLjABAAAArVRY5o3MI2_2ogKeoazcFPseix-EhHnFa0_cKXy_zELKJt1w7CCQ40EIRikpQ1SC,無緣,95725548299,"[""https://p3-pc.douyinpic.com/aweme/100x100/aweme-avatar/tos-cn-i-0813_ooHeMIXQMxfK4IgfAQ8pAYAAOWmDAnCDb1e2E7.jpeg?from=2064092626""]",CN,10,True,76
7616670999374744886,7617081290231939894,2026-05-10T19:30:05.543071,蝴蝶的粉丝有的时候很讨人厌，我是一个12鬼月的一个粉丝(很喜欢鬼杀队。，然后呢我在看我推专场的时候，就是蝴蝶的粉丝一大堆在那里贴脸我们家的童只要说一句话，他们就会说，哇，你雷霆，而且蝴蝶的粉丝一直在评论区喷他，明明那是童的专场，却偏偏他成了错一样，然后他不吃人，难道他吃鬼吗？他本来就是一个鬼啊。上弦鬼们都吃了那么多人，就喷他一个人。就是我也不知道为什么蝴蝶的粉丝要这样干。当然我并不是说要贴脸，就是说一下哈，就我不知道是不是所有都是这样的，就看到这个。主播在说这个事情的时候，突然间就想到了，就想说一下。就是没有喷，也没有贴脸的意思哈，没有说喷蝴蝶的意思哈，不喜勿喷！！！！！！！！！！！！！！！！！！,1773489942,2,1,5,0,0,True,False,0,,-1,1477381031211165,MS4wLjABAAAAD9yYqEJWQVp6fKmz98Om25jV_NrWiBniLxzcjLBPaozYaKynur2dbHfBv881dH7Z,梦丝蓝,dy1636sfs9n946,"[""https://p3-pc.douyinpic.com/aweme/100x100/aweme-avatar/tos-cn-i-0813c001_oEcAr0NEAc9XAQbIeCFqAxADgANaAAVtfGAA06.jpeg?from=2064092626""]",CN,10,True,76
7616672026347237993,7618722529364149041,2026-05-10T19:30:16.231003,试驾了途锐，我直接把glc放弃了[呲牙],1773872074,33,1,6,0,0,True,False,0,,-1,98752812169,MS4wLjABAAAAaIfMh4DkMVjHdOcZf-5Nvv_UCSPICcTCNTgbyT_ZNrg,皮肤嘿嘿,vespa300gts,"[""https://p3-pc.douyinpic.com/aweme/100x100/aweme-avatar/tos-cn-i-0813c001_okNFgxzAAIyAfCPJ8CNCe9dELF2pJpAZAhA1hE.jpeg?from=2064092626""]",CN,5,True,646
7616672026347237993,7618202362700759866,2026-05-10T19:30:16.231003,我就是买不起，glc才买的q5l[尬笑],1773750961,78,1,52,0,0,True,False,0,,-1,82314741026,MS4wLjABAAAAumwmnwCtDXn9nSBYBc3pf9RtEVN6I9Awks3PD_yoCs0,观自在、,,"[""https://p3-pc.douyinpic.com/aweme/100x100/aweme-avatar/tos-cn-avt-0015_214df016e86762a7998a6628da67e6a6.jpeg?from=2064092626""]",CN,5,True,646
7616672026347237993,7617035550029726501,2026-05-10T19:30:16.231003,我是开了新Q5把奔驰Pass了，然后开了X3把Q5否了，准备下定之前又纠结Q5还是X3了[捂脸],1773479292,8,1,7,0,0,True,False,0,,-1,3685184504081432,MS4wLjABAAAApfTtpFXEkDtp-7tskaA240nkjq_EDGWd3J71VVADBOIEtHrviVkb6WWJttij81ft,冬痕隐,donghenyin60,"[""https://p3-pc.douyinpic.com/aweme/100x100/aweme-avatar/tos-cn-i-0813c000-ce_okg3U8AQIEh2fJAELapApDmC9QN7oVAfwA1FH9.jpeg?from=2064092626""]",CN,5,True,646
7616672026347237993,7616923080048427825,2026-05-10T19:30:16.231003,还有一部分央国企公务员之类上班的，不适合开Glc，适合开Q5吧,1773453105,10,1,5,0,0,True,False,0,,-1,95718199523,MS4wLjABAAAAxW15v0v0B9722oVM-HrL_hWNH3ItZvfEr60eLw9U3WA,卍解,69suilaoleid,"[""https://p3-pc.douyinpic.com/aweme/100x100/aweme-avatar/tos-cn-i-0813c000-ce_okDEaZBaEEeAo89CR3iDfEZ9WoAFAA2wA5gpI0.jpeg?from=2064092626""]",CN,5,True,646
7616672026347237993,7616696168021771049,2026-05-10T19:30:16.231003,买了新款q5，淘汰了glc,1773400273,32,1,4,0,0,True,False,0,,-1,103494195912,MS4wLjABAAAAmBkoDdBe5-iWEt1lNUHiQHC37UYpml3XDOmjujrFlZI,fllshun,,"[""https://p3-pc.douyinpic.com/aweme/100x100/aweme-avatar/tos-cn-avt-0015_88ded922c92ed3ab88ae690e7312d9fe.jpeg?from=2064092626""]",CN,5,True,646
7616673470612762102,7618003979041243953,2026-05-10T19:30:30.584854,她姐两口子就是最大的受益人,1773704772,149,1,4,0,0,True,False,0,,-1,3396838253134620,MS4wLjABAAAAuZWWZFwslPxM_KJf_SZUwuzey-mg5f3w3OpqYIoiNagpeD4grUYmee4DKqymtLsZ,春树下（公园北门）,55973882554,"[""https://p3-pc.douyinpic.com/aweme/100x100/aweme-avatar/tos-cn-avt-0015_5267e72e734c151bee0d802dc91345d0.jpeg?from=2064092626""]",CN,5,True,682
7616673470612762102,7618474927851143985,2026-05-10T19:30:30.584854,海藻是李念吗,1773814423,0,1,1,0,0,True,False,0,,-1,3560689662429051,MS4wLjABAAAAq5cdy3HKhFb8z4xGqyY6ezmCaXnkNDynqdfjX9yTAgtS0PcktN2E6cvBJtJiBeEo,迪丽冷巴🫧,60511415210,"[""https://p3-pc.douyinpic.com/aweme/100x100/aweme-avatar/tos-cn-avt-0015_8be8403adef052d96285b9e7e345c123.jpeg?from=2064092626""]",CN,5,True,682
7616673470612762102,7626248362027402027,2026-05-10T19:30:30.584854,现在看，觉得蛮恶心的，哎,1775624856,5,1,3,0,0,True,False,0,,-1,105233935228,MS4wLjABAAAA1VLbxqvlPcgNC1JgZSqLfDQkwqRq3Mw05sUgHQ1K4Do,刘小娟,,"[""https://p3-pc.douyinpic.com/aweme/100x100/aweme-avatar/tos-cn-i-0813c000-ce_oUf9EAo0H569DA6zRMEUIxTFwAiHEnAYe1BeAi.jpeg?from=2064092626""]",CN,5,True,682
7616673470612762102,7616890337692762938,2026-05-10T19:30:30.584854,女孩从小到大没有享受到的，长大了遇到这样的有钱又有权最容易陷进去，又才大学毕业刚进入社会,1773445483,156,1,18,0,0,True,False,0,,-1,75100160109,MS4wLjABAAAAziY66vKiUQzT8CdSEeHEQ7u3v2jhyorhGz9rBpjLmA8,🌈꧁꫞꯭轩轩妈咪 ꫞꧂,dyoug47icik9,"[""https://p3-pc.douyinpic.com/aweme/100x100/aweme-avatar/tos-cn-i-0813c000-ce_ooAYAeHgGJGPLA5BvbIS0vIfmE8QoiKgfc7avA.jpeg?from=2064092626""]",CN,5,True,682
7616673470612762102,7620386428094382894,2026-05-10T19:30:30.584854,"从小家境普通的小女孩刚学校毕业遇见成熟稳重位高权重的大佬
谁不迷糊[尬笑]",1774259479,154,1,19,0,0,True,False,0,,-1,63628214062,MS4wLjABAAAARj9XMcOMoE_3oDcdcgLLdmp86vEVftz_VrXZw7pIvTc,小卤蛋,SS951011,"[""https://p3-pc.douyinpic.com/aweme/100x100/aweme-avatar/tos-cn-i-0813_oMB1Ai1ACIIwpiQAZCMfCBBV6jAACegFA0EBAA.jpeg?from=2064092626""]",CN,5,True,682
7616681415404905637,7616779821506380602,2026-05-10T19:31:28.553983,上任万年难遇的天才还没死（老君）[捂脸],1773419751,12048,1,16,0,0,True,False,0,,-1,1618953865532766,MS4wLjABAAAAT0YE21ivHLtNXb34J9UthFEsxBmYdOvvsSOl2uV1vLhphOFGtve3nvsejw4L3GO1,白砂糖,87810178592,"[""https://p3-pc.douyinpic.com/aweme/100x100/aweme-avatar/tos-cn-i-0813c001_5be30e5d5e384939bfb306303ede7795.jpeg?from=2064092626""]",CN,5,True,919
7616681415404905637,7616725055422120741,2026-05-10T19:31:28.553983,"好消息，无限教徒弟有一手
坏消息，他就那一手",1773406998,38617,1,40,0,0,True,True,0,,-1,63153674335,MS4wLjABAAAAKkv6MwrRcTJJJ1C26fOX40Pl_nF09Wc57QbKL1jaoNI,Reykjavík（JJ20FL揭幕场）,,"[""https://p3-pc.douyinpic.com/aweme/100x100/aweme-avatar/tos-cn-i-0813c000-ce_ogtX9pAOaDoEAHCkEAQAU59fuyzwfFIDAVoCi4.jpeg?from=2064092626""]",CN,5,True,919
7616681415404905637,7616700478273651515,2026-05-10T19:31:28.553983,所以《剑圣无限》现在出了吗,1773401277,69,1,2,0,0,True,False,0,,-1,4073042247420359,MS4wLjABAAAA1irPEDuIWu4UlcZNYSFkmYkd6RdU1dzNsfFNalbw-Bgey51WD4botKjmssISorwg,yyyyyyyye,26421292225,"[""https://p3-pc.douyinpic.com/aweme/100x100/aweme-avatar/tos-cn-avt-0015_c84e52c0a709966aaf79c0c54e40eedc.jpeg?from=2064092626""]",CN,5,True,919
7616681415404905637,7617424734113104683,2026-05-10T19:31:28.553983,事实上万年难遇的人物是山新[泪奔][泪奔][泪奔],1773569907,549,1,4,0,0,True,False,0,,-1,550193209295048,MS4wLjABAAAADz2zWb03HuD0EmtASDMSUj5S_z3oyENWRLQykXai-Ng,迷失ramarc,82531914669,"[""https://p3-pc.douyinpic.com/aweme/100x100/aweme-avatar/tos-cn-i-0813_503d73f872cd42068c72cce312ced5f1.jpeg?from=2064092626""]",CN,5,True,919
7616681415404905637,7617066335930958629,2026-05-10T19:31:28.553983,"无限：小丫头练的不错 可以给块随身金属了
鹿野：随身金属？我的出师礼么？师傅要赶我走了
第二天  无限：猫呢？？我的猫呢？？我说不养了么？？？",1773486459,984,1,3,0,0,True,False,0,,-1,110860997962,MS4wLjABAAAA0dmc20dIi75GdUYPgvuKM2Es7_pzuKirRMNNw2gtjIc,找不着,,"[""https://p3-pc.douyinpic.com/aweme/100x100/aweme-avatar/tos-cn-i-0813_41620a2871fb4bbea0f7312e6f2acba5.jpeg?from=2064092626""]",CN,5,True,919
7616683875292483685,7616751568003580709,2026-05-10T19:31:39.513546,只有我觉得贵嘛[捂脸]现在的冰淇淋真的越来越贵了,1773413171,484,1,7,0,0,True,False,0,,-1,1176904970013113,MS4wLjABAAAA1zbS2tNnDmhGICXQj_SXvqy4EIhzie--b30-L0-6AhDaXxyNpmhiTy-WbSmGxXqX,✨爱吃蛋糕的糖✨,70137850465,"[""https://p3-pc.douyinpic.com/aweme/100x100/aweme-avatar/tos-cn-avt-0015_9c15d7552ddfa07b2e41f10823086fe1.jpeg?from=2064092626""]",CN,10,True,514
7616683875292483685,7616764459465622318,2026-05-10T19:31:39.513546,有没有姐妹懂这个[戳手手],1773416173,122,1,11,0,0,True,False,0,,-1,95748802350,MS4wLjABAAAAWToqE6KR2KhZlkPswu_AIDdjOTiTvPCf1AlfaK6CIfY,肖肖爱吃夜宵🙋‍♀️,xxy010723,"[""https://p3-pc.douyinpic.com/aweme/100x100/aweme-avatar/tos-cn-avt-0015_8b0084615b4fd7605a2c48f612b9db73.jpeg?from=2064092626""]",CN,10,True,514
7616683875292483685,7616961483163140914,2026-05-10T19:31:39.513546,应该整治整治这个雪糕刺客了，不应该卖的那么贵，知道成本高没人买得起呀，以前吃雪糕的时候都是五毛钱或者是一块钱的[捂脸],1773462046,124,1,3,0,0,True,False,0,,-1,89339915288,MS4wLjABAAAAepTJAXkZjiZn48rh4SwDQg-4GQhN2HhHcYm0C5_YapY,❤️哈哈丫❤️,YY279923256,"[""https://p3-pc.douyinpic.com/aweme/100x100/aweme-avatar/tos-cn-i-0813_69d2d895aa8e409fab82bab468107555.jpeg?from=2064092626""]",CN,10,True,514
7616683875292483685,7616686491625079592,2026-05-10T19:31:39.513546,现在的雪糕太贵了，我一般都挑着小布丁买[笑哭],1773398021,509,1,14,0,0,True,False,0,,-1,76711577724,MS4wLjABAAAAQ8Jqtwz_LE1Dfe2UNT2NpiBMvt-PDP8sR_4bYcDSqH8,πㅤ.,420LU_,"[""https://p3-pc.douyinpic.com/aweme/100x100/aweme-avatar/tos-cn-avt-0015_600707e95c3364e4a77150b6453db38f.jpeg?from=2064092626""]",CN,10,True,514
7616683875292483685,7616798764003918641,2026-05-10T19:31:39.513546,一亩瓜田是我去年吃的冰棍top3,1773424167,12,1,2,0,0,True,False,0,,-1,1363019832499423,MS4wLjABAAAAuiF38ktcY5FgA8c0Iy5RvOXWTVekd7Jro-hU8b06PAdVp8lpYLXavbgrRApRSQnJ,萘普生,Escave,"[""https://p3-pc.douyinpic.com/aweme/100x100/aweme-avatar/tos-cn-i-0813c001_og1McAAynBAc3CeDClFEgHDAAQA9CAAIEnfYNz.jpeg?from=2064092626""]",CN,10,True,514
7616686788668574995,7616933355804508977,2026-05-10T19:32:03.630978,这个问题就和问f1为什么不用四驱是一个道理,1773455498,5,1,10,0,0,True,False,0,,-1,3883117311954259,MS4wLjABAAAAPTNLLxq5wsOO06Nsz0skIoPgozZ6jrL1VsJGDafKmT9xoUaXimJrpNkZvf_2_5bx,爱德华.尼格玛,PikaBiu8,"[""https://p3-pc.douyinpic.com/aweme/100x100/aweme-avatar/tos-cn-i-0813c000-ce_o0E7fwI98Do5AyD6Egf3FoA8AxEpEA5OJRfPHB.jpeg?from=2064092626""]",CN,5,True,32
7616686788668574995,7617005482105144101,2026-05-10T19:32:03.630978,F1他的换胎团队2十多个人。勒芒和gt换胎人数根本就不能跟f1比，F1一个轮胎三个人换。快的话换胎不到两秒。,1773472291,6,1,0,0,0,True,False,0,,-1,1256099832666032,MS4wLjABAAAA-9JwU6Y5PeMBGcOjTRfHhtIN5z_nL59vSkOf9NKtCEq51wo4ocPeJAHsOZtBEzuA,邴恒,65765622873,"[""https://p3-pc.douyinpic.com/aweme/100x100/aweme-avatar/tos-cn-i-0813c001_owDzEDiBAofA9ymAWmazAE8IcAiIl9AeRkCbsg.jpeg?from=2064092626""]",CN,5,True,32
7616686788668574995,7620428711086949126,2026-05-10T19:32:03.630978,潘子赛车重20公斤了快[捂脸],1774269323,0,1,0,0,0,False,False,0,,-1,101226374827,MS4wLjABAAAAn-GET9oBLS7y2JakRoQ6HtyPYC1BMvO9jFzUdM6npbM,清朔,,"[""https://p3-pc.douyinpic.com/aweme/100x100/aweme-avatar/tos-cn-avt-0015_7af5b233ae80cdbb457d17ad036dfb80.jpeg?from=2064092626""]",CN,5,True,32
7616686788668574995,7619261451531125550,2026-05-10T19:32:03.630978,角田最强f1减重[看],1773997551,1,1,4,0,0,True,False,0,,-1,78449691370,MS4wLjABAAAA1Eg9_fmxUQ6Rf8WE0J340yMVSKtKDxZqhnlr-RMdTko,张师爱拍照,xiaochengyux68,"[""https://p3-pc.douyinpic.com/aweme/100x100/aweme-avatar/tos-cn-i-0813_8c9b0fa4ff0d42af83686f5d91287664.jpeg?from=2064092626""]",CN,5,True,32
7616686788668574995,7617522312690352933,2026-05-10T19:32:03.630978,F1一辆车多少个人一块伺候，光一个轮胎就三个人，耐力赛有人数限制，就那几个人还得忙着换胎，哪有人手去鼓捣千斤顶[看],1773592626,1,1,0,0,0,False,False,0,,-1,1117528784642988,MS4wLjABAAAAgn4MlFIoCWL4jlO0VQe-T7bYj58uM_THXI4cAwPv8F2zNGjZEW0IziqD8An4XRws,醉炝小卤蛋,73638053764,"[""https://p3-pc.douyinpic.com/aweme/100x100/aweme-avatar/tos-cn-i-0813c001_owmdbfnjIeANQQCAqADNABAAASIEb9yBlQsAgS.jpeg?from=2064092626""]",CN,5,True,32
7616687671431253283,7616966100115276570,2026-05-10T19:32:19.279948,看你这个我才听懂这个是什么东西，新岗位openclaw维修，从新定义互联网职业，全自动操作，批量操作。电子产品行业又有爆发式增长，处理器，显卡，内存条，服务器，云手机啥时候才会有突破呢,1773463122,0,1,0,0,0,True,False,0,,-1,109586796799,MS4wLjABAAAA_KSq2B9T6UwVy8-eByomKwwk5r8x6MgN_wKwGNAEgac,千里游鱼,,"[""https://p3-pc.douyinpic.com/aweme/100x100/aweme-avatar/tos-cn-i-0813_o8IB1AAwNiDCACxbTzeAKsAAiACgAXAEFgPieX.jpeg?from=2064092626""]",CN,5,True,14
7616687671431253283,7616993383554384677,2026-05-10T19:32:19.279948,两天就消耗近5000万Tokens，费用直奔1700元，加上硬件首周总花费直接突破万元；还有科技公司产品经理吐槽，原本想用其做自动化运营，短短一周API账单就飙升3000多元，成本比雇佣实习生还要高，只能紧急叫停。,1773469474,0,1,0,0,0,True,False,0,,-1,3569435338084035,MS4wLjABAAAABAu8qComeT4LfzM8oNgHNtmX5kkZ8u3SUYPXb6sppzvDBhW4cfxEGbLd_7hXkEdv,楠枫,41366460287,"[""https://p3-pc.douyinpic.com/aweme/100x100/aweme-avatar/tos-cn-i-0813c000-ce_oQAahILsDIBnK0mZAJFAep9yAEf4oAEEEXwfAd.jpeg?from=2064092626""]",CN,5,True,14
7616687671431253283,7616888373753053992,2026-05-10T19:32:19.279948,这是国外的还是国产的,1773445025,0,1,5,0,0,True,False,0,,-1,67689268968,MS4wLjABAAAAkM4K4dUFJn0JBnvyiVvqrg2HBX4g15SMtqbpHimCNF4,东莞振动盘找-硬汉,,"[""https://p3-pc.douyinpic.com/aweme/100x100/aweme-avatar/tos-cn-i-0813c001_ooAAAfB3DACmFAvAphEubYE6oCDIfN0g9m91uA.jpeg?from=2064092626""]",CN,5,True,14
7616687671431253283,7617085090250818344,2026-05-10T19:32:19.279948,免费安装龙虾，有需要的可以联系,1773490826,0,1,0,0,0,False,False,0,,-1,96024713743,MS4wLjABAAAA6VvTptcmhuK630rhxowAq5Z6v31sasxcKzOSc0huKlQ,MHR,,"[""https://p3-pc.douyinpic.com/aweme/100x100/aweme-avatar/tos-cn-avt-0015_21b849aca669f6bb209b445eb6987e08.jpeg?from=2064092626""]",CN,5,True,14
7616687671431253283,7616702218389242650,2026-05-10T19:32:19.279948,很快会有第二代，第三代龙蝦,1773401681,0,1,0,0,0,False,False,0,,-1,100119843388,MS4wLjABAAAAqI4nIl-eS6FANerpiKdCMbiRaWYZwfEXAzowTFxGqQA,Tony Wang,,"[""https://p3-pc.douyinpic.com/aweme/100x100/aweme-avatar/mosaic-legacy_23f8400051cdc4072466e.jpeg?from=2064092626""]",CN,5,True,14
7616688833836387594,7618552882736513851,2026-05-10T19:32:31.180223,青椒要虎皮！要无油先干煸！！！！！！！！！[微笑][微笑][微笑][微笑],1773832573,1378,1,32,0,0,True,False,0,,-1,83473801111,MS4wLjABAAAAMOcqyzs8kJqq_LACcI-HHPe9yhiADF_oTEFx0tdKawU,🌷🌷🌷🌷.,150431024.,"[""https://p3-pc.douyinpic.com/aweme/100x100/aweme-avatar/tos-cn-i-0813c000-ce_ocAKAevVGJCSLAgBDBIUKeQAQE8gKc8grV7egA.jpeg?from=2064092626""]",CN,5,True,1552
7616688833836387594,7627174738766988047,2026-05-10T19:32:31.180223,你会做格调的农家一碗香,1775840010,86,1,8,0,0,True,False,0,,-1,99743591071,MS4wLjABAAAAOJdnfe2TNh0aAazQfnjP-E3q1zo1AXF3qmOHX-J77F0,不做Npc,z_2c99,"[""https://p3-pc.douyinpic.com/aweme/100x100/aweme-avatar/tos-cn-avt-0015_eef3f54c42e07cac6b0fb83232b0e0e2.jpeg?from=2064092626""]",CN,5,True,1552
7616688833836387594,7617821354968646459,2026-05-10T19:32:31.180223,,1773662250,5,1,1,0,0,True,False,0,,-1,3444101343097100,MS4wLjABAAAA2wDlVtATW0A__E6Qn8fa5m1gvVXyEU5HQvS2jm13Am4Xy98DVejdqhE-UskS98yU,幼水琪琪,20617490671,"[""https://p3-pc.douyinpic.com/aweme/100x100/aweme-avatar/tos-cn-i-0813c000-ce_oIyaPj2nEhAmAi3BAMiPmAhiAgaD4XIYDAPAA.jpeg?from=2064092626""]",CN,5,True,1552
7616688833836387594,7617043040738739003,2026-05-10T19:32:31.180223,[看],1773481036,1,1,0,0,0,True,True,0,,-1,93433674435,MS4wLjABAAAAcEj2vBm2kMFqNd8b3CJw53U2rESVGVssOCA3nYfhkXk,Nicky叔,Nicky.Zh,"[""https://p3-pc.douyinpic.com/aweme/100x100/aweme-avatar/tos-cn-i-0813c000-ce_oEasPAAYCEMWHBqowViuwiBAIP8tALTBzu01A.jpeg?from=2064092626""]",CN,5,True,1552
7616688833836387594,7619750537437479739,2026-05-10T19:32:31.180223,加豆豉啊豆豉，今天刚做的,1774111425,167,1,8,0,0,True,False,0,,-1,97536607356,MS4wLjABAAAA8HGfy4IXj7Z5jOsoE3T6yy-g9q0OR4z9hana3F7gKv4,睡个好觉🐑,,"[""https://p3-pc.douyinpic.com/aweme/100x100/aweme-avatar/tos-cn-i-0813c000-ce_oQAABCIQIJgTBe8epdL8x7H8asbORBAvGEX7Ae.jpeg?from=2064092626""]",CN,5,True,1552
7616688941706283001,7638217830264996614,2026-05-10T19:32:44.271980,想问一下到底怎么把船扔好，每次人在面前都丢歪,1778411174,0,1,0,0,0,False,False,0,,-1,4376472356923047,MS4wLjABAAAAgOfi-EoykxjnwOozfdk52gQ4-PzBst5OmZoxVBlW0DPNmHbTJZEg_uRRk1znh20b,贝利亚大王（荔枝中）,83190405159,"[""https://p3-pc.douyinpic.com/aweme/100x100/aweme-avatar/tos-cn-i-0813c001_oAfoe69EAKDhYOvEVRFOyIA2AKAwQgC8y9ANTA.jpeg?from=2064092626""]",CN,5,True,532
7616688941706283001,7619700172982272826,2026-05-10T19:32:44.271980,孙策这英雄个人认为就是包C不包赢[泪奔][泪奔][泪奔]，还有对抗路经济第一的局，基本上赢不了[呲牙],1774099697,65,1,1,0,0,True,False,0,,-1,2599723486678366,MS4wLjABAAAA5N5oumF2gXM57ttYa6X-6x5NLRTJxDC3mrTLKVF2dlr5SyhfJU3-0nr5VuSXqWH_,贵州燕子在信阳。,66108840815,"[""https://p3-pc.douyinpic.com/aweme/100x100/aweme-avatar/tos-cn-i-0813c000-ce_oEExA0mCHh6iAGie3PIAvcAo33wf3D3kAD8EQB.jpeg?from=2064092626""]",CN,5,True,532
7616688941706283001,7616740222474732329,2026-05-10T19:32:44.271980,实话说哪条路都能c，就是对抗路不能c[捂脸][捂脸][捂脸],1773410530,9,1,2,0,0,True,False,0,,-1,546895244559052,MS4wLjABAAAAvOsYftsKKbvzJPfcmOULqQ0AmuPYbaT97QKvBDkBslU,ᅟᅟᅟ ᅟ ᅟ,22023439990,"[""https://p3-pc.douyinpic.com/aweme/100x100/aweme-avatar/tos-cn-i-0813_ogLIS6MeQxLBGqaEpQPGeBc7XjALAAHAAfQTgW.jpeg?from=2064092626""]",CN,5,True,532
7616688941706283001,7617008848733897507,2026-05-10T19:32:44.271980,用了老木的出装和打法思路后，技术大大提升[呲牙],1773473076,44,1,6,0,0,True,False,0,,-1,101121953434,MS4wLjABAAAAga5_fxGp2eLuFZ150WBULhH4_4ApGrsat5XNetX2z_g,小宁有点帅,,"[""https://p3-pc.douyinpic.com/aweme/100x100/aweme-avatar/mosaic-legacy_be140023c504db47a2bd.jpeg?from=2064092626""]",CN,5,True,532
7616688941706283001,7638139073363067697,2026-05-10T19:32:44.271980,鬼昭，找个边路神孙策三排[杀马特],1778392839,0,1,0,0,0,False,False,0,,-1,98004626038,MS4wLjABAAAAj1stijBsskL6E5Cja6ZU9eeM9jMOnSl1-XzRdU9yAD0,一路向北,Mr.RN,"[""https://p3-pc.douyinpic.com/aweme/100x100/aweme-avatar/tos-cn-i-0813c000-ce_ooDIgEpE2QA5JDQwfFeaBdEATDnlfoAX7AEZB8.jpeg?from=2064092626""]",CN,5,True,532
7616689567252948809,7632205372027274041,2026-05-10T19:32:59.933231,看了一个多月了 预算只有1500。底滤屏风用。120以下溪流。[热化了][热化了][热化了][热化了][热化了],1777011291,0,1,1,0,0,True,False,0,,-1,93441301967,MS4wLjABAAAAat5s8qHJOw9wZ2oQ2AUc5B0UyDTRawziQxlxe4sh5RE,陳大叔,,"[""https://p3-pc.douyinpic.com/aweme/100x100/aweme-avatar/mosaic-legacy_2d0b800064bf1d6b1ea59.jpeg?from=2064092626""]",CN,10,True,179
7616689567252948809,7617686219435213611,2026-05-10T19:32:59.933231,极窄溢流吗,1773630788,0,1,1,0,0,True,False,0,,-1,3553213902240907,MS4wLjABAAAA6G34Adik9mebZhNlwglF6VOeUIbeEs92FFWZEGh-taDD4Snv0BJExKN3dBC0tXVe,岳国威,ayue668,"[""https://p3-pc.douyinpic.com/aweme/100x100/aweme-avatar/tos-cn-i-0813_oUCAqPQiVFBYEI3AjaAAgCW7xWABiIgHWuIPA.jpeg?from=2064092626""]",CN,10,True,179
7616689567252948809,7617281094757008187,2026-05-10T19:32:59.933231,溪流缸就是空气缸吗,1773536462,0,1,2,0,0,True,False,0,,-1,103601467321,MS4wLjABAAAAp7Qw5mZcPS4gvPBp7sbLam-NO0vSjmskI398qAdiOOM,｜J,Onus8,"[""https://p3-pc.douyinpic.com/aweme/100x100/aweme-avatar/tos-cn-avt-0015_9e41a429f9817ba72be808c52a3d0330.jpeg?from=2064092626""]",CN,10,True,179
7616689567252948809,7617270505241953058,2026-05-10T19:32:59.933231,真干净啊，昨天刚买一个60的缸，希望我也可以,1773533996,0,1,1,0,0,True,False,0,,-1,103583962261,MS4wLjABAAAAaZeQEFUxmJXDzjVYVkU3zdta94-VEFJRUF1-f6C2_rE,Today is Sunday,,"[""https://p3-pc.douyinpic.com/aweme/100x100/aweme-avatar/tos-cn-avt-0015_e020ce7c08222593abe954dfe766cb75.jpeg?from=2064092626""]",CN,10,True,179
7616689567252948809,7617794774003974958,2026-05-10T19:32:59.933231,可以养银龙吗,1773656063,2,1,2,0,0,True,False,0,,-1,1820380586849240,MS4wLjABAAAAT0dKZZ6uKVYQMks284RZUFPVyYRy5OpGTNzJLiK45IRPwjvdx-1WdvL_69qp-ynX,超人🦸‍♂️,chaoren37091,"[""https://p3-pc.douyinpic.com/aweme/100x100/aweme-avatar/mosaic-legacy_3193000045899d4b47c1d.jpeg?from=2064092626""]",CN,10,True,179
7616692749760204066,7637535683502277414,2026-05-10T19:33:11.300126,原来和少林寺住持真的长得一模一样……完了,1778252350,0,1,0,0,0,False,False,0,,-1,3699233050074135,MS4wLjABAAAAJkISB6MdVNz78kxzz5kwE0PS3DAhDP1g4cBVrk0XQzwPrDkllsGmasiafoRJ1awG,张凤,24978606359,"[""https://p3-pc.douyinpic.com/aweme/100x100/aweme-avatar/tos-cn-avt-0015_cf350938d2a208035d384b966c7af5f2.jpeg?from=2064092626""]",CN,5,True,27
7616692749760204066,7624164739057386277,2026-05-10T19:33:11.300126,战争本来就是一场赌博，哪位将军都不能保证自己能打赢战争。,1775139185,0,1,0,0,0,False,False,0,,-1,2182975759066964,MS4wLjABAAAAh-tDYc5INl6UGoJ7BtuRV1ZH-l9JO8tTzal1Igx_gOMufMfco3-zMda1VI38DJNM,修帝,81653113099,"[""https://p3-pc.douyinpic.com/aweme/100x100/aweme-avatar/tos-cn-i-0813c000-ce_owLOnFD69AEf6QA3AhEIbZCAbAhwOlA58pfwMH.jpeg?from=2064092626""]",CN,5,True,27
7616692749760204066,7616984166170133285,2026-05-10T19:33:11.300126,没什么没配女人,1773467329,0,1,0,0,0,True,False,0,,-1,76178256496,MS4wLjABAAAA7ZjzRTwf_cfLlOpLR5PeLeydb6OfWC6d5l4es6mAEaY,🐉韩敏🐉潼关肉夹馍🐉,,"[""https://p3-pc.douyinpic.com/aweme/100x100/aweme-avatar/tos-cn-i-0813c000-ce_oIdUIRKfISJFALHEEA8IAgJUfFAFEKGvBQge7q.jpeg?from=2064092626""]",CN,5,True,27
7616692749760204066,7616713911316955938,2026-05-10T19:33:11.300126,美国对日本太好了,1773404472,1,1,1,0,0,True,False,0,,-1,2752822310608967,MS4wLjABAAAAqPkRRKX6LDMKCT5crrlor1a5tG5txRriEyaoxWMf7B2uOc94wxev22VtNZV5i-hU,用户6387017002370,dyyyy4rs8c1m,"[""https://p3-pc.douyinpic.com/aweme/100x100/aweme-avatar/tos-cn-i-0813_oAtEIUgQfAEF1BCgABe0ZJCJ4iACiAAwHnAI57.jpeg?from=2064092626""]",CN,5,True,27
7616692749760204066,7619624851644842788,2026-05-10T19:33:11.300126,56是赌徒，早苗是艺妓[捂脸],1774082162,2,1,0,0,0,False,False,0,,-1,85982957785,MS4wLjABAAAACq8b4nh2Ot2yO1OCMCQEySd4Dx7HYk0hNKKj1JJ71ds,鲜花赠自己,,"[""https://p3-pc.douyinpic.com/aweme/100x100/aweme-avatar/tos-cn-i-0813_oEwtAPnQAA4fEDO2HA07bYmceNsDeAWMHgfQAf.jpeg?from=2064092626""]",CN,5,True,27
7616699940257489576,7625221151598805818,2026-05-10T19:33:57.552036,海葵：你们抢你们的孩子啊行吗？干嘛抢我？,1775385151,0,1,0,0,0,False,False,0,,-1,102064019187,MS4wLjABAAAAh4mfe_ICzNrGSa117eY1SGTqz5ViJDMQETh9hJSlOk8,3.1415926,43101671350,"[""https://p3-pc.douyinpic.com/aweme/100x100/aweme-avatar/tos-cn-avt-0015_ed7341289532bb4bb4a84db4c74907bd.jpeg?from=2064092626""]",CN,10,True,78
7616699940257489576,7618488339289965349,2026-05-10T19:33:57.552036,拳击蟹在海缸里如果它的海葵死了，它会去夹你的火柴或者榔头的触手然后当海葵[笑哭],1773817547,1,1,4,0,0,True,False,0,,-1,105467030924,MS4wLjABAAAAl_lR52Rt6Bg4zhp3EmCj0LNjLDEt7MyQj_pGy0S5fyc,🌈小耳朵矮人,,"[""https://p3-pc.douyinpic.com/aweme/100x100/aweme-avatar/tos-cn-avt-0015_5d5db45a42acf618847c5ef47de36d18.jpeg?from=2064092626""]",CN,10,True,78
7616699940257489576,7625292751629746981,2026-05-10T19:33:57.552036,养缸里会不会把玻璃打碎,1775401820,0,1,0,0,0,False,False,0,,-1,1383612523753819,MS4wLjABAAAAmpEmhbFxWMtVHPq_m51Ze10VzMbdOZMzEzFkpsKaswCkVLrVmgbWXmoR4Z8iCKFX,生芭蕉,54264953905,"[""https://p3-pc.douyinpic.com/aweme/100x100/aweme-avatar/tos-cn-avt-0015_f43b4e542b1944ff0d1bc0ea479e9cd1.jpeg?from=2064092626""]",CN,10,True,78
7616699940257489576,7617977995763991350,2026-05-10T19:33:57.552036,我觉得不应该叫拳击蟹，应该叫拉拉队蟹,1773698727,12,1,1,0,0,True,True,0,,-1,103358290978,MS4wLjABAAAA_kwMtHCX8U5Y-vXlMkzXlZYW3UayLa71OVOS6jcspwo,十八易,,"[""https://p3-pc.douyinpic.com/aweme/100x100/aweme-avatar/tos-cn-i-0813_okaEJApPXjItAdAQJ6irA9itSmAAwQDrIPgBS.jpeg?from=2064092626""]",CN,10,True,78
7616699940257489576,7618150434822341402,2026-05-10T19:33:57.552036,我缸里的拳击蟹，在吃我的鱼,1773738871,6,1,3,0,0,True,True,0,,-1,74569059987,MS4wLjABAAAA4gql5uk-RG4elajRBN1SdDBpJ2lgElEe_uShJ-Sgpmg,RUIN,,"[""https://p3-pc.douyinpic.com/aweme/100x100/aweme-avatar/tos-cn-avt-0015_1624582e3e0f11444b8a58254f3a892d.jpeg?from=2064092626""]",CN,10,True,78
7616704790633991458,7621854042725303046,2026-05-10T19:34:20.550425,熙施有抖音啊，33w粉呢 [捂脸],1774601651,255,1,3,0,0,True,False,0,,-1,4257754113910205,MS4wLjABAAAAPcEV8s2MdA5UlIhc4tG6yyojs-4dGkXzNetLBZuH9edarhLzs_v6oi3tBlpxFhgw,Teamo,45356191328,"[""https://p3-pc.douyinpic.com/aweme/100x100/aweme-avatar/tos-cn-i-0813_89a6d3a72fb948a78173934ace936875.jpeg?from=2064092626""]",CN,5,True,6820
7616704790633991458,7616736208677471013,2026-05-10T19:34:20.550425,不是，你怎么天天租熙施，这是谈上了？[看],1773409595,5906,1,32,0,0,True,False,0,,-1,61324804662,MS4wLjABAAAAwxSmmO7nxpcMnutL1rqSSkrOHptrS3Nftd7aS82zJjc,shadow,swb88888888.,"[""https://p3-pc.douyinpic.com/aweme/100x100/aweme-avatar/tos-cn-i-0813c000-ce_osfeEApw4woDCANuVrCFIC5lwAiNE0A01HBoAi.jpeg?from=2064092626""]",CN,5,True,6820
7616704790633991458,7628118879978324771,2026-05-10T19:34:20.550425,在石阿,1776060358,4,1,1,0,0,True,False,0,,-1,4322931205473827,MS4wLjABAAAAmlNfy8Xll3gj1cTnMVoRVPKolWTvjKMKLFX8ljmtgMzldj58vxjlSuY08Nr8oflK,澳门伟业达电摩/摩托车配件,wytjm18022987671,"[""https://p3-pc.douyinpic.com/aweme/100x100/aweme-avatar/tos-cn-i-0813_9047a3836f234b398a9b378c8ecaa26d.jpeg?from=2064092626""]",CN,5,True,6820
7616704790633991458,7616710491079885617,2026-05-10T19:34:20.550425,,1773403608,12396,1,278,0,0,True,False,0,,-1,2421548047670835,MS4wLjABAAAAVm1B1uI-SCNcrV0TgubaTjhf887g6-tp9xLGCCYAuourTIO85CT0N44SfhItflzx,Ran-,29726553556,"[""https://p3-pc.douyinpic.com/aweme/100x100/aweme-avatar/tos-cn-avt-0015_91fc751e32e1e6a2b4f20549f59fc043.jpeg?from=2064092626""]",CN,5,True,6820
7616704790633991458,7616906365102129962,2026-05-10T19:34:20.550425,是一个人吗[翻白眼],1773449215,530,1,32,0,0,True,False,0,,-1,72341702717,MS4wLjABAAAAArd1WDazM0kQBiXof_ACSvI1YZTm5t0AeJjDwqNvQTQ,沃滴发,,"[""https://p3-pc.douyinpic.com/aweme/100x100/aweme-avatar/tos-cn-i-0813_ocgSSPXuAAAbA7e5AQXotKEM18fXNfJQBBEFpg.jpeg?from=2064092626""]",CN,5,True,6820
7616710605931563963,7616713324152324879,2026-05-10T19:34:31.893904,每次你的开头，就是我绞尽脑汁挑好出门的穿搭,1773404268,4261,1,17,0,0,True,False,0,,-1,2010354375459095,MS4wLjABAAAAZ7-faywkS0wJw2V49N4bAx_WF8mgyplCPqSd4THWHNaz1bTB0IgX3uALfBkDieTS,是红红呀,71961876912,"[""https://p3-pc.douyinpic.com/aweme/100x100/aweme-avatar/tos-cn-avt-0015_1035510e6ec05852f0d652fa66afdb52.jpeg?from=2064092626""]",CN,10,True,779
7616710605931563963,7623952376596071227,2026-05-10T19:34:31.893904,我不得不买一个你这个巨贵的项链了[微笑],1775089741,25,1,10,0,0,True,False,0,,-1,3091452367477212,MS4wLjABAAAAOPoA3gTNbGslCTm3cThCxKGa0L7dFTEWSBd-mQAsRkqtEST2q21fy0Z-L9khWtUi,奈奈(爱睡觉版),jyxhjy,"[""https://p3-pc.douyinpic.com/aweme/100x100/aweme-avatar/tos-cn-i-0813c001_oMC7DEAdEYPARaBVIEVAtEFAfKw39Bff3VAzVc.jpeg?from=2064092626""]",CN,10,True,779
7616710605931563963,7623888535401251625,2026-05-10T19:34:31.893904,出去玩，围巾当配饰真的很出片,1775074882,0,1,0,0,0,True,False,0,,-1,2071105699844328,MS4wLjABAAAAyPRNAlqyltCRBwifbCMs-cAe6oD9phJ6Cx2SC4YA1jSt0vA2N-2kEhFYX_RURBbY,我闺蜜嫌我名字太难听让我换一个,XGG555777,"[""https://p3-pc.douyinpic.com/aweme/100x100/aweme-avatar/tos-cn-avt-0015_1962554be0f555dd8641dd41b4144586.jpeg?from=2064092626""]",CN,10,True,779
7616710605931563963,7616982122033414961,2026-05-10T19:34:31.893904,博主博主我有一个这样的裙子，买了以后怎么搭配都不好看，可以出一期这样的花苞裙怎么搭配嘛？,1773466852,0,1,3,0,0,True,False,0,,-1,61719299485,MS4wLjABAAAAy6FOHR3o5tFJB2zTiN7qvmykjNZbBt4D0qYxXb1ED2Y,万一,,"[""https://p3-pc.douyinpic.com/aweme/100x100/aweme-avatar/tos-cn-avt-0015_da987a03b57783b40aea8418534e5f16.jpeg?from=2064092626""]",CN,10,True,779
7616710605931563963,7617205459220792100,2026-05-10T19:34:31.893904,因为看了你的穿搭，我买了一堆各种各样的配饰[看][看][看]精髓！！！,1773518865,1,1,3,0,0,True,False,0,,-1,101388211382,MS4wLjABAAAAXKgCW7NfHoSckpr8Op_VIHMQQUL0JQOIy00MYM5MDPc,AAA东水寨情侣木雕定制,,"[""https://p3-pc.douyinpic.com/aweme/100x100/aweme-avatar/tos-cn-avt-0015_e1fcb7aba48ab80c350acb0f683eb01e.jpeg?from=2064092626""]",CN,10,True,779
7616715110966496566,7616763346934956837,2026-05-10T19:34:50.228469,去了一次新疆，突然发现新疆比浙江消费高多了,1773415915,1101,1,196,0,0,True,False,0,,-1,3793779474045444,MS4wLjABAAAAmY9j7y75y5OFoxTpI6_M_s0_u-FYmFuEbyASaAzPZdnUfc8CaPsgfmIWN-8WK-3J,老四,53472216779,"[""https://p3-pc.douyinpic.com/aweme/100x100/aweme-avatar/tos-cn-avt-0015_6c2d7866d02051ad2829febf2a7016d9.jpeg?from=2064092626""]",CN,10,True,2027
7616715110966496566,7637558055828292402,2026-05-10T19:34:50.228469,说真的，羊肉我真的吃不了，那个味道太骚了，也就是你们说的膻[逞强落泪],1778257561,0,1,0,0,0,False,False,0,,-1,1616735144780075,MS4wLjABAAAAn3rrhQlGwNAXSTIPqU-U693iUTP9ibM7TD-hk0BEIH-nYUFmHLmtIQpwP81lcMib,我有一剑——可斩星河,ZGH92929292,"[""https://p3-pc.douyinpic.com/aweme/100x100/aweme-avatar/tos-cn-avt-0015_916f4013c4849091f1e9817ef0a86a54.jpeg?from=2064092626""]",CN,10,True,2027
7616715110966496566,7638161156934927162,2026-05-10T19:34:50.228469,说膻的应该都是沿海城市的吧[捂脸]馕坑贴肉、缸子肉、奶茶配着馕、烤包子、薄皮包子（吊打小笼包）汤面配油塔子。唯一的缺陷就是太远了，流哈喇子了,1778397980,0,1,0,0,0,False,False,0,,-1,101133393431,MS4wLjABAAAAIKxixYMQkwStC6dHZKmMJeBKd8s47LeIwd2_AzD92_k,随宇而安,chenyuKM,"[""https://p3-pc.douyinpic.com/aweme/100x100/aweme-avatar/mosaic-legacy_a179000956c58ccbd090.jpeg?from=2064092626""]",CN,10,True,2027
7616715110966496566,7621139699793560372,2026-05-10T19:34:50.228469,美拉德反应[看],1774434867,0,1,1,0,0,True,False,0,,-1,100035479314,MS4wLjABAAAAto2BzP2cZBjJUUNn5LEa4SHd6NstVevNgjHwig9Wuds,海洋难抵极,,"[""https://p3-pc.douyinpic.com/aweme/100x100/aweme-avatar/tos-cn-i-0813_owSeD4jeQA3AEI6BIBA25BAiA7FQEGftHA3DkE.jpeg?from=2064092626""]",CN,10,True,2027
7616715110966496566,7617044007818724155,2026-05-10T19:34:50.228469,我不信，我要去新疆试试[泣不成声],1773481261,5,1,2,0,0,True,False,0,,-1,1648861756007484,MS4wLjABAAAAubiyr_BYIo53fsTTI7BqpzxCbpwHny9UpxaakvvBXbd0mbQ-XuCiMnha_qC0vCQV,罪旅,woshiyigeqionggu,"[""https://p3-pc.douyinpic.com/aweme/100x100/aweme-avatar/tos-cn-i-0813c000-ce_oUCf9ADDuFgfcA810oISnvlEAanFIApWEQwAkX.jpeg?from=2064092626""]",CN,10,True,2027
7616738343623407843,7616760108551799589,2026-05-10T19:35:40.021557,感觉女装完蛋了[黑脸][黑脸][黑脸],1773415162,2549,1,39,0,0,True,False,0,,-1,1037593348422552,MS4wLjABAAAAFDgGFirQPzjFLfJ5BJiEzBhF9_j1Rz8_YLjfU69wSFmIn7BGHcXlrJiuC5bKZyYH,iio,48097844372,"[""https://p3-pc.douyinpic.com/aweme/100x100/aweme-avatar/tos-cn-i-0813c000-ce_o8Z9WcwVJiAaaAQ0AdA3ISEvvJADdCEoqB8eei.jpeg?from=2064092626""]",CN,5,True,482
7616738343623407843,7618279988430160678,2026-05-10T19:35:40.021557,衣服越来越丑了[黑脸],1773769043,4,1,1,0,0,True,False,0,,-1,4460033500265448,MS4wLjABAAAApZguI5Lc7ZAB-tGmzTBH3_o9-pHLHMHuZ6DyBZaE2TOiKkfiMYLHOezCaMKjU4EI,ᙏ̤̫͚,bbhtxdys33,"[""https://p3-pc.douyinpic.com/aweme/100x100/aweme-avatar/tos-cn-avt-0015_70833ab46420934d3f79e186e61eaa65.jpeg?from=2064092626""]",CN,5,True,482
7616738343623407843,7618566753139917626,2026-05-10T19:35:40.021557,每一套都好土的感觉,1773835802,10,1,1,0,0,True,False,0,,-1,118357072547891,MS4wLjABAAAA-CVn21L0WCejA8mcOhFDwphPzXTTvkxJA_zvhe3sdW4,眉间尺,huainvrenisme,"[""https://p3-pc.douyinpic.com/aweme/100x100/aweme-avatar/tos-cn-avt-0015_891078cb07037faf7ed3057af1a5a6e1.jpeg?from=2064092626""]",CN,5,True,482
7616738343623407843,7616942652193784613,2026-05-10T19:35:40.021557,感觉跟商家图差别很大很大你穿身上的很廉价一点都不一样跟商家图,1773457662,216,1,14,0,0,True,False,0,,-1,2684359317926352,MS4wLjABAAAA-0TemckgCcyqOk3aon28GK9P0_LrA6Yqq018pNPZq4caKHjebETnv9r8EHjM2sK7,小木.,54303207537,"[""https://p3-pc.douyinpic.com/aweme/100x100/aweme-avatar/tos-cn-i-0813c000-ce_oMubJ5fEAK7tAImEmFFTA3CDgoOCAJw8f7NBKf.jpeg?from=2064092626""]",CN,5,True,482
7616738343623407843,7617145215103615785,2026-05-10T19:35:40.021557,真的没一件好看。幻视我自己买衣服,1773504827,481,1,4,0,0,True,False,0,,-1,106770214199,MS4wLjABAAAAOStGsOviujRBjRYlyQ0_MU5bRDJpplVSq6CULhZDLeM,杏云舒,,"[""https://p3-pc.douyinpic.com/aweme/100x100/aweme-avatar/tos-cn-i-0813c000-ce_oYBtoEcIBlMOYCBbwifzAnAAUiILA0EARwieGr.jpeg?from=2064092626""]",CN,5,True,482
7616742993055337768,7616971462117704506,2026-05-10T19:35:56.458053,666水果派解说来了[捂脸][捂脸],1773464370,320,1,35,0,0,True,False,0,,-1,2221494366388094,MS4wLjABAAAAvJBlUit10htZ9FvJdOtCMAI16rfe6dv5-0eIxENcE2DQefWtT3u2J95lhT_TgD6e,拒绝敷衍（接王者代陪,66634689773,"[""https://p3-pc.douyinpic.com/aweme/100x100/aweme-avatar/tos-cn-i-0813c000-ce_oUAABXiIEEw0qpgf8xieCFA21VK5vAA4BEWeA1.jpeg?from=2064092626""]",CN,5,True,572
7616742993055337768,7622569943322542857,2026-05-10T19:35:56.458053,黎强权的腿🦵🏻厉害[抠鼻],1774767869,3,1,1,0,0,True,False,0,,-1,1604904920809512,MS4wLjABAAAAcRO7DGJF1C-RMGR-P-nChnSzh5H9YPb4Byl2loczmbK5XZ7DHk3SnpfrC9lYkOqo,聽風…,,"[""https://p3-pc.douyinpic.com/aweme/100x100/aweme-avatar/tos-cn-avt-0015_ecaf03f850a9935a2b8ddf29ba44a65a.jpeg?from=2064092626""]",CN,5,True,572
7616742993055337768,7625138037051540287,2026-05-10T19:35:56.458053,跟水果派风格好像,1775365798,2,1,2,0,0,True,False,0,,-1,52377245868,MS4wLjABAAAAw4PzvLHsDv_EJnyPj50pBzbU8_ImtAxVNTelLhMCAlc,天御★,,"[""https://p3-pc.douyinpic.com/aweme/100x100/aweme-avatar/tos-cn-i-0813c000-ce_oIqM9nwhoIeAAAEreERFqCtEQmDAYiA4owf92E.jpeg?from=2064092626""]",CN,5,True,572
7616742993055337768,7616968501416330034,2026-05-10T19:35:56.458053,每次看这个界面就是莫名的舒服，有种八九十年代那种香港电影的感觉,1773463680,20,1,1,0,0,True,False,0,,-1,99279158060,MS4wLjABAAAA8wN0wnb9IX8hhxVcfCfuCHSIxIvafJEXQne5ODLZBsk,田了个田,,"[""https://p3-pc.douyinpic.com/aweme/100x100/aweme-avatar/tos-cn-avt-0015_df43804a9d96d6c6851ee9987f29cc10.jpeg?from=2064092626""]",CN,5,True,572
7616742993055337768,7617098619459617590,2026-05-10T19:35:56.458053,李维刚，刚哥[噢买尬],1773493976,18,1,5,0,0,True,False,0,,-1,70371504387,MS4wLjABAAAArjZldlreid20UpAYqu9ya_AZa_k9bQ3VXeXSumgRDpw,III.,,"[""https://p3-pc.douyinpic.com/aweme/100x100/aweme-avatar/tos-cn-avt-0015_888d77c07671e1430ab63e6c70f9cedb.jpeg?from=2064092626""]",CN,5,True,572
7616744489931066664,7621933754847626033,2026-05-10T19:36:12.406960,《双狙人》有看过的吗？,1774619743,2,1,1,0,0,True,False,0,,-1,109813458914,MS4wLjABAAAAM49Vld0WUKKYddc_9DjQqexQsSU-rsxVQkVUGz_Gax0,andy晴空,dy3ioewaq1p8,"[""https://p3-pc.douyinpic.com/aweme/100x100/aweme-avatar/douyin-user-file_cd60d46aa9302ee46c607874567dcbbd.jpeg?from=2064092626""]",CN,5,True,1367
7616744489931066664,7617874558804788017,2026-05-10T19:36:12.406960,必须得是地狱尖兵[耶],1773674639,2,1,1,0,0,True,False,0,,-1,1939178575109028,MS4wLjABAAAA2nnu9Rbz3-CRdZ2cx8V8Vsc-3TpvE9yj1vKCzjsA0fe4bK37V0X9uLvWEhXlM_56,番茄炒西红柿,dy5lqz79kly9,"[""https://p3-pc.douyinpic.com/aweme/100x100/aweme-avatar/tos-cn-i-0813_6dfe06e988124d099babda356d2d4d30.jpeg?from=2064092626""]",CN,5,True,1367
7616744489931066664,7618947885782483771,2026-05-10T19:36:12.406960,天花板一定是生死狙击,1773924541,2,1,1,0,0,True,False,0,,-1,2025759881561532,MS4wLjABAAAAYNdUthr58IDF3mU86Qra2EbPLaVx35pJSlndaRyj7SfUGuBpJ_XTy3p-91S1hwmb,What's up Bro,79810151134,"[""https://p3-pc.douyinpic.com/aweme/100x100/aweme-avatar/tos-cn-i-0813c001_ogIB2APRvKo2zAXOftmc0feHAwC5QDSeCgAAnL.jpeg?from=2064092626""]",CN,5,True,1367
7616744489931066664,7617137103872246570,2026-05-10T19:36:12.406960,兵临城下最好看，没有之一[赞][赞],1773502937,1,1,1,0,0,True,False,0,,-1,93189509433,MS4wLjABAAAAZCCRI21qZgx9tzVjZwPGLWs8QZ_Awp92jSarjS8X2eU,理想梦想,dezhou9966,"[""https://p3-pc.douyinpic.com/aweme/100x100/aweme-avatar/tos-cn-i-0813_oIq3EYeiATCoWb8TAAnAI6UK9flgnCBAA5DZbV.jpeg?from=2064092626""]",CN,5,True,1367
7616744489931066664,7638096260961157937,2026-05-10T19:36:12.406960,这部电影太不够上心了，马润怎么可能有这么好的装备，能给把M24都不错了[捂脸][捂脸][捂脸],1778382871,1,1,0,0,0,False,False,0,,-1,103930112310,MS4wLjABAAAAMcH4pzNh9yFtdL6BbAzVxKn0xPEthBJAYTHqqIwjF0Y,Irvin,,"[""https://p3-pc.douyinpic.com/aweme/100x100/aweme-avatar/tos-cn-avt-0015_d05e40456701090e4debb00a70502610.jpeg?from=2064092626""]",CN,5,True,1367
7616745462900460843,7616790228389315377,2026-05-10T19:36:28.797150,月光[捂脸]，原唱还活着，歌绝版了[微笑],1773422176,32320,1,296,0,0,True,False,0,,-1,4306142585699182,MS4wLjABAAAAflKpeOsC9kEz1d4psaoa5Oh1UyPGU2b-je_6WGuPlWz8eYz2X-n_y9KdnnbpYXkF,飛,29908756224,"[""https://p3-pc.douyinpic.com/aweme/100x100/aweme-avatar/tos-cn-i-0813c001_oUn4eDIEIp2MD1AKj2LffQjuVqAHDPXZfAHAAC.jpeg?from=2064092626""]",CN,5,True,15736
7616745462900460843,7617105309723247397,2026-05-10T19:36:28.797150,煎熬我另有人选,1773495533,7800,1,82,0,0,True,False,0,,-1,1728846283152856,MS4wLjABAAAA5enAm2p5NPikS6jh58UddzEJOfWhKC0MbmLaMfusDADBuO4az3R07_R5O2x9F218,东方花竹,64639609578,"[""https://p3-pc.douyinpic.com/aweme/100x100/aweme-avatar/tos-cn-i-0813c000-ce_oYiMDqhiAzMKz0aAEnjMO6v6zAIBAQhEZxP6A.jpeg?from=2064092626""]",CN,5,True,15736
7616745462900460843,7617067204307813178,2026-05-10T19:36:28.797150,林子祥的《十分十二寸》估计听过的人不多吧，所以不知道其中的难度,1773486661,26,1,12,0,0,True,False,0,,-1,3565048499549897,MS4wLjABAAAAVqTAf_j7XTtvnk9vWwAfHtG1-an2kbJBlNdgFNxqQPLo5URWznj9JvBazaYKSNxK,吴88,76419405021,"[""https://p3-pc.douyinpic.com/aweme/100x100/aweme-avatar/tos-cn-i-0813c000-ce_oEMvyAfOeRQA0h9CAlwlImFEeoAUAoOkDHE0EN.jpeg?from=2064092626""]",CN,5,True,15736
7616745462900460843,7637190318827537210,2026-05-10T19:36:28.797150,必须是林子祥的《十分十二寸》[看],1778171941,2,1,4,0,0,True,False,0,,-1,1936680770873001,MS4wLjABAAAAlKmOhxdAAUrt7Kef5ByZKbpwMoktk5Z3McRhQCmfN28AGPDq0zUT5ifvKjTjkxCU,拳李唠嗑,quanlilaoke,"[""https://p3-pc.douyinpic.com/aweme/100x100/aweme-avatar/tos-cn-i-0813c000-ce_owduFA8DSE6en3JFEAAehAEKBJMZfMtg37I5Ab.jpeg?from=2064092626""]",CN,5,True,15736
7616745462900460843,7618375672143348537,2026-05-10T19:36:28.797150,一直都想不明白，《难念的经》到底难在哪,1773791315,5347,1,561,0,0,True,False,0,,-1,646110857661335,MS4wLjABAAAA3v84bB9zhmQUTSwUUuO_AyhE7QKuAO5yF3x8DbMDsUk,麦子♐,MisonShoes,"[""https://p3-pc.douyinpic.com/aweme/100x100/aweme-avatar/tos-cn-avt-0015_20bcd40734da3ae4f32aeb7da993a78a.jpeg?from=2064092626""]",CN,5,True,15736
7616746966482980106,7617087006158553913,2026-05-10T19:36:42.932026,年轻时看这的时候觉得曲筱筱好坏，还挺同情邱莹莹，现在看看好想一巴掌过去[抠鼻],1773491272,101,1,4,0,0,True,False,0,,-1,59792538931,MS4wLjABAAAAgR1XNASHS3dLWaz4nxDJvllAZDC7VrVmnZi4WC7dD6I,茉小兮🍀,Moying94119,"[""https://p3-pc.douyinpic.com/aweme/100x100/aweme-avatar/tos-cn-avt-0015_038227ea7ef2c8c69c2967fb280cc88c.jpeg?from=2064092626""]",CN,5,True,254
7616746966482980106,7617009533705372453,2026-05-10T19:36:42.932026,男朋友是这样的人防谁都防不住，这种恋爱脑男人最喜欢,1773473234,744,1,7,0,0,True,True,0,,-1,3736595597892112,MS4wLjABAAAA0DP4a_ZlDMRYpIJgeaLkPL8OctOEVXYpMZz_xBwaA6aWyKO_LfSB-xAthqLUGLOz,秋叶,38335897435,"[""https://p3-pc.douyinpic.com/aweme/100x100/aweme-avatar/tos-cn-avt-0015_2e37bb2cf7aac41579ece8bd068095d6.jpeg?from=2064092626""]",CN,5,True,254
7616746966482980106,7617027686419350299,2026-05-10T19:36:42.932026,这？？？[捂脸][捂脸][捂脸]很像,1773477461,32,1,3,0,0,True,False,0,,-1,110742801620,MS4wLjABAAAAPytfAjP_Q25lzkqA0CJz4fv2e8CdNei6OLSRPkFLWFc,麒,cheewee0412,"[""https://p3-pc.douyinpic.com/aweme/100x100/aweme-avatar/tos-cn-i-0813c001_oIQkfAf6N6IAkl9DA6gGEMFEvrAAAnrDDcA5CB.jpeg?from=2064092626""]",CN,5,True,254
7616746966482980106,7617010867594806016,2026-05-10T19:36:42.932026,我也是在一群人中能找到最渣的那一个。[捂脸],1773473545,115,1,9,0,0,True,False,0,,-1,3003507913800072,MS4wLjABAAAAD9_eEzkHvB9NKjR1UnbASyFeha6szbKi2mcU3XWRzMoeVKc4FxILx79A3680Ss1C,貂蝉（夏羽）,x8648883,"[""https://p3-pc.douyinpic.com/aweme/100x100/aweme-avatar/tos-cn-i-0813_oMEBiCVdRA0AIDV6EAAvifY4DKfKpIABVAm9gy.jpeg?from=2064092626""]",CN,5,True,254
7616746966482980106,7616926143699370771,2026-05-10T19:36:42.932026,还跟渣男同居了几个月[尬笑]无语😑 然后让老实人接盘了,1773453821,38,1,14,0,0,True,False,0,,-1,7580182442179953713,MS4wLjABAAAA9zx4XKbOE7kX5fIdR3lh4wCKGYjdAeROBN30Mjq2lESAHeQYbxK2PGb878x0_pE-,look,82024242640,"[""https://p3-pc.douyinpic.com/aweme/100x100/aweme-avatar/tos-cn-avt-0015_581e9475d5b93cdfbf0780b785b9db84.jpeg?from=2064092626""]",CN,5,True,254
7616747512547839278,7617127554839069489,2026-05-10T19:37:00.057436,如果不看沧元图没有人能欣赏得来野草[微笑],1773500713,5634,1,84,0,0,True,False,0,,-1,2356945989938686,MS4wLjABAAAAAMEg7VQGUEAHCbiD2ENwbkufOsqYBvX8vR4ovR-okXb-Dpso-Z12KEVuI7_FKHa8,一两风,C2691457487,"[""https://p3-pc.douyinpic.com/aweme/100x100/aweme-avatar/tos-cn-i-0813c000-ce_owE7ApjCWAcEA0F9f9QA9aAolbwf4LzcACTIhD.jpeg?from=2064092626""]",CN,10,True,1725
7616747512547839278,7619043003882341174,2026-05-10T19:37:00.057436,“一只狐狸一朵花  一对兄妹一匹马  一个将军剩个她”,1773946703,2411,1,47,0,0,True,False,0,,-1,97479389933,MS4wLjABAAAAhtOOhvbalyy0qRleBuaqROsXkbkGMLx1bORntdpE7o8,日行一善积大德，日行两善积积大大德,,"[""https://p3-pc.douyinpic.com/aweme/100x100/aweme-avatar/tos-cn-i-0813c001_o8AAmUiIEAg0qm4fzNiNHUDkLNphpAAaBC5eAw.jpeg?from=2064092626""]",CN,10,True,1725
7616747512547839278,7636307027795477307,2026-05-10T19:37:00.057436,没人觉得野火很好听吗[流泪],1777966283,8,1,1,0,0,True,False,0,,-1,2643690117143420,MS4wLjABAAAAwb9MCR2IPluC9Bbfkp-V8PF6PSz3dPYwhM4ao2FCt2fO5cJcFFhL3W5H3qoHIA3B,小妃不会飞,50711560660,"[""https://p3-pc.douyinpic.com/aweme/100x100/aweme-avatar/tos-cn-i-0813c000-ce_okAAEAXpoE8AA9OQ6gufCFn9HDfl70Iom5cVzw.jpeg?from=2064092626""]",CN,10,True,1725
7616747512547839278,7617115153951392549,2026-05-10T19:37:00.057436,开始以为梅元知是反派 结果是我的意难平[流泪],1773497825,2466,1,26,0,0,True,False,0,,-1,55554595631,MS4wLjABAAAAi_BYk8779u4rHPcXJ5vK_atzo9fKEu-gLAwRNmG8_t4,人间·不·值得,,"[""https://p3-pc.douyinpic.com/aweme/100x100/aweme-avatar/tos-cn-i-0813_d2c5608001d4420cbbae0303c0ac9db2.jpeg?from=2064092626""]",CN,10,True,1725
7616747512547839278,7634886899417613093,2026-05-10T19:37:00.057436,再加一首《我们》,1777635632,10,1,1,0,0,True,False,0,,-1,3302555532934171,MS4wLjABAAAAJ9XnG4Yv9sk1LBS_9-BNg-0pzCpD-jvaNxgG0x3jceNFiyW2WFhgHxfCf1w7TMv-,默默MO,chiyixiaoing,"[""https://p3-pc.douyinpic.com/aweme/100x100/aweme-avatar/tos-cn-avt-0015_ddfcaa261a486aff0c9e2f2e9fa34abc.jpeg?from=2064092626""]",CN,10,True,1725
7616769289156070702,7618529462485975843,2026-05-10T19:37:29.481385,刚看完一点也不吓人，懒得下床了，尿床上算了,1773827906,276,1,13,0,0,True,False,0,,-1,2762389077903566,MS4wLjABAAAA4tU3FavMtTVd0FHXrqNKOz59ldxh1b6mQYl6b8zsM6ewZlgGXjHj1ZRN72ShJpLa,司空大司马,sikongdasima,"[""https://p3-pc.douyinpic.com/aweme/100x100/aweme-avatar/tos-cn-i-0813c001_405559421f564c01bf7a88b1ea66235d.jpeg?from=2064092626""]",CN,10,True,268
7616769289156070702,7618521156467671857,2026-05-10T19:37:29.481385,年少不知邵氏好，如今啥也看不了。,1773825187,267,1,13,0,0,True,False,0,,-1,2667848515206340,MS4wLjABAAAAOEXbJ4D42qUh8EPXfTiObCYCobUTY_wkov8MrQwfHn1-k5OuayI3CwteZcH2mFPp,F教练,46631185458,"[""https://p3-pc.douyinpic.com/aweme/100x100/aweme-avatar/tos-cn-i-0813_okAAOfyNkpHhzMHAeNWCxrAPgChqABAIRykCEj.jpeg?from=2064092626""]",CN,10,True,268
7616769289156070702,7618488642928165690,2026-05-10T19:37:29.481385,这片恐怖倒是没吓到我，但是有被尸体恶心到…[发怒][发怒][发怒],1773817617,31,1,5,0,0,True,False,0,,-1,1187110914628560,MS4wLjABAAAAJy59avZa9byFSuB8EMCzJ-nC7kwfHnXS_6onoA65acLGSFsrVRj1-vNVwfMS74ee,黄心🥝,_517CY.,"[""https://p3-pc.douyinpic.com/aweme/100x100/aweme-avatar/tos-cn-i-0813c001_ocpBAJNQW4IGyETYAFakmeIeLBA7GAlGReYQAI.jpeg?from=2064092626""]",CN,10,True,268
7616769289156070702,7623451555266872123,2026-05-10T19:37:29.481385,下水道的美人鱼谁懂[杀马特],1774973137,9,1,8,0,0,True,False,0,,-1,51971414123,MS4wLjABAAAA8SQ5p8QoMktwQwiIbSC1nciPsYNtXssyV-FFeYc_7jY,Abby_,,"[""https://p3-pc.douyinpic.com/aweme/100x100/aweme-avatar/tos-cn-avt-0015_016d253e0684b297ffe2dab64ce59a9f.jpeg?from=2064092626""]",CN,10,True,268
7616769289156070702,7617088854106276634,2026-05-10T19:37:29.481385,小时候我一直以为女干尸是一种很厉害的鬼[泣不成声],1773491702,13,1,0,0,0,True,False,0,,-1,370971970116457,MS4wLjABAAAA5XKI0Mj8M05U0gnRCEIU5K6VU8nSAa88Z4mXNv_zPi0,骑蛇去甩两竿,26859978231,"[""https://p3-pc.douyinpic.com/aweme/100x100/aweme-avatar/tos-cn-i-0813_oIA1EiRiicI8A6BQojxaMWPAAmdzD7F8AIiPO.jpeg?from=2064092626""]",CN,10,True,268
7616772034734886178,7634938902872490789,2026-05-10T19:37:45.718859,就一个人死更多的人，而导演不考虑人权了。我,1777647740,1,1,0,0,0,False,False,0,,-1,3237439882932829,MS4wLjABAAAAHi0Yrb5FUV3mk9RkCPIZMVfgYr2xRckYRaUcdLuTJu7cjJ177_fCscA1QYACqUWt,阿健还很胖,WWEwjDJY,"[""https://p3-pc.douyinpic.com/aweme/100x100/aweme-avatar/tos-cn-avt-0015_b1d10bddcabf4a39bc9cce725335de1b.jpeg?from=2064092626""]",CN,5,True,60
7616772034734886178,7617825813538865926,2026-05-10T19:37:45.718859,为了救一个人死了很多人的故事，6啊,1773663289,29,1,0,0,0,True,False,0,,-1,2675575203047642,MS4wLjABAAAALrYhlaRdUsHwhIPnFUy7yQwC9dx4FhoG2wv08zmDoySThqdJWGTOhTl9ekFZb6Fa,Ｌí P_,20250908yes,"[""https://p3-pc.douyinpic.com/aweme/100x100/aweme-avatar/douyin-user-image-file_1e22090329d90083fc73de943c525649.jpeg?from=2064092626""]",CN,5,True,60
7616772034734886178,7616948976269509439,2026-05-10T19:37:45.718859,[看],1773459135,7,1,2,0,0,True,False,0,,-1,68548630963,MS4wLjABAAAA02cN_GVttAXeE34qKLNcjxuoQ3-jAgnw_UonNYOpAP0,AdGap,,"[""https://p3-pc.douyinpic.com/aweme/100x100/aweme-avatar/tos-cn-i-0813c001_o8mi489DAy9SAQiIKC8lAfBngeCsAAB3bXMA4N.jpeg?from=2064092626""]",CN,5,True,60
7616772034734886178,7630011028407599930,2026-05-10T19:37:45.718859,你怎么知道我手机94%的电量刷到了这个视频[绝望的凝视],1776500381,0,1,0,0,0,False,False,0,,-1,3918287218941975,MS4wLjABAAAAEBt8ns7trl7AMT-bqnBfXT8alPL4TXXvaMBv0RDOR_k8BGV1AQeFDo5MMC-_YEVK,曾梦仗剑天涯,Q18377834554,"[""https://p3-pc.douyinpic.com/aweme/100x100/aweme-avatar/tos-cn-i-0813c000-ce_o0fntx9DAqD48jEEUZFQ1EADEeASIwE92gAesA.jpeg?from=2064092626""]",CN,5,True,60
7616772034734886178,7618560264539292462,2026-05-10T19:37:45.718859,里面的主角，感觉没一个正常的，不是蠢，就是没底线。不是自以为是，就是玻璃心,1773834292,30,1,4,0,0,True,False,0,,-1,4107375244215949,MS4wLjABAAAAfxnxrhFQjVqVgMxGfJoCSjrAL1UaH4HGiEK_HFYBRzWSZQwVr1XbOzziw16y0WdO,南山龟,sky5156_,"[""https://p3-pc.douyinpic.com/aweme/100x100/aweme-avatar/tos-cn-i-0813c001_oQEAQEFffnGI8wB78e6THAFpSAkDmHABAojwrE.jpeg?from=2064092626""]",CN,5,True,60
7616773459607145743,7617150490607207202,2026-05-10T19:37:59.223478,主播你把我保护的很差😭,1773506056,1978,1,17,0,0,True,False,0,,-1,3725595408612173,MS4wLjABAAAAX5Y37aUWFSd9wbS2zZeOgKndL1pE0kmWtXFxSi32boFbGNyPOtX5ymuAlJWWDo4p,邪恶奶牛猫,LYI0001,"[""https://p3-pc.douyinpic.com/aweme/100x100/aweme-avatar/tos-cn-i-0813_okfFkACYEt9DDlA5YftACImapXAamDniwAEgAA.jpeg?from=2064092626""]",CN,5,True,282
7616773459607145743,7617286968716428089,2026-05-10T19:37:59.223478,能能搞个高能啊，很喜欢这种类型但是没高能吓死了不敢看,1773537830,62,1,2,0,0,True,False,0,,-1,7459125777612063803,MS4wLjABAAAAp_aOr7a7VZ6nJTbSYc8tP4GVkfuEvUwyNfve2c5LzLMcya0ZCSEeSjNovWGKfpZ2,Echo.,loveSKYecho,"[""https://p3-pc.douyinpic.com/aweme/100x100/aweme-avatar/tos-cn-i-0813c000-ce_os40E30AiHxiHCHANwbE2zsAefqwBEA8Av6I6e.jpeg?from=2064092626""]",CN,5,True,282
7616773459607145743,7617270741541946161,2026-05-10T19:37:59.223478,这种像素恐怖游戏在哪玩？,1773534053,95,1,10,0,0,True,False,0,,-1,1381406055334759,MS4wLjABAAAAA74FqsQGbeMWOjrRSkJYeN0zmTaBrXiJ2a45zGaa3fg7T_GBKAn-kf5_2r5Rkh9m,潇洒哥,58742274281,"[""https://p3-pc.douyinpic.com/aweme/100x100/aweme-avatar/tos-cn-i-0813c000-ce_oEnMfAD2UDHJLF7HTZGfyAQBgI7aFNfQAA2gEc.jpeg?from=2064092626""]",CN,5,True,282
7616773459607145743,7617080597174092585,2026-05-10T19:37:59.223478,,1773489780,12,1,3,0,0,True,False,0,,-1,2016973403208092,MS4wLjABAAAA7-f3wrJvRAC2Y01WU6FeoQeE7eEwutqYdnkiqATeWIsmDhuHcNT3LEpRGm-VK21Y,Dákrya tou Theoú,58152407601,"[""https://p3-pc.douyinpic.com/aweme/100x100/aweme-avatar/tos-cn-i-0813c001_owL9ATAHfAEPAXDGBAHeAYQA6F7ZgfkAGaEIBy.jpeg?from=2064092626""]",CN,5,True,282
7616773459607145743,7622455409156670223,2026-05-10T19:37:59.223478,看似是杀人魔与无辜旅客，实则是人类与非人物种的对抗（砍了那么多刀都没事[黑脸]）,1774741203,67,1,2,0,0,True,False,0,,-1,67205789058,MS4wLjABAAAA8G66m1pRw4PdUvEUMyTqBAvulVxZOFA5zH0PwtD2ndw,坂田银猫猫,Y80944,"[""https://p3-pc.douyinpic.com/aweme/100x100/aweme-avatar/tos-cn-i-0813_oA0tABfDDEgF9lpA4AL4CqeQpCtAOELAFAAdIg.jpeg?from=2064092626""]",CN,5,True,282
7616782688267160868,7617490218460152576,2026-05-10T19:38:14.994938,博伊卡打了一辈子，还是出不去这个监狱,1773585153,92,1,4,0,0,True,False,0,,-1,1266229727735240,MS4wLjABAAAATxFUUBpBTW0i-Ke_UhLURilUQ9bn-6d0KOvNMcuXEoO4m4nxQ5jzqLv_UiZOlSak,牛肉绍子面,88480168945,"[""https://p3-pc.douyinpic.com/aweme/100x100/aweme-avatar/tos-cn-i-0813_1b14ece315e142b2947c4b623a1d1708.jpeg?from=2064092626""]",CN,5,True,297
7616782688267160868,7617076479868420904,2026-05-10T19:38:14.994938,我想跟博伊卡来一场 综合格斗,1773488821,22,1,6,0,0,True,False,0,,-1,803067193732221,MS4wLjABAAAAn8kOMtGkqVbsqHiqYLTZs0X-w1K12TuN3qzXNKODZho,百里守约,40116229931,"[""https://p3-pc.douyinpic.com/aweme/100x100/aweme-avatar/tos-cn-i-0813_ow6PdzPziItGA99AP6BqiAo2jrhvAIHEQaBA6.jpeg?from=2064092626""]",CN,5,True,297
7616782688267160868,7618569187296854836,2026-05-10T19:38:14.994938,外国的格斗剧就终极斗士观赏性大,1773836991,13,1,1,0,0,True,False,0,,-1,3864138502645712,MS4wLjABAAAAH4Pq3Whp06seCnwvMjeoGVpjLgyhpRglZq1kh2ecd3C6xp-CHZZqjLyTKFVsypNj,赦免丶（AI学习中）,57048894280,"[""https://p3-pc.douyinpic.com/aweme/100x100/aweme-avatar/tos-cn-i-c9aec8xkvj_989ea3f86fa946829c51b3218e44438e.jpeg?from=2064092626""]",CN,5,True,297
7616782688267160868,7616987880258519843,2026-05-10T19:38:14.994938,博伊卡的腿是谁打瘸的,1773468580,7,1,4,0,0,True,False,0,,-1,4371254276790462,MS4wLjABAAAAzQKp41odkZTEt1EeaNfdd69ONTPuPId-10Im2-7f5kfQsMn7aofb74l7Aso49NPF,一二六～,76625229816,"[""https://p3-pc.douyinpic.com/aweme/100x100/aweme-avatar/tos-cn-i-0813c001_oc31NLNdDIHqA8fHfAEIAABROhAeEgngBQsb7W.jpeg?from=2064092626""]",CN,5,True,297
7616782688267160868,7617034182066062095,2026-05-10T19:38:14.994938,第三部才是最经典的,1773478974,14,1,2,0,0,True,False,0,,-1,888003539772190,MS4wLjABAAAA6d0N2X0VRBtnOxXBNQuS7l3N44cqe9rAhONRbrUAKrg,武仿君,CJL7456,"[""https://p3-pc.douyinpic.com/aweme/100x100/aweme-avatar/tos-cn-avt-0015_2b826c3cd000c62e2207b3cdbaf0f1bf.jpeg?from=2064092626""]",CN,5,True,297
7616810501858741558,7620841709127353134,2026-05-10T19:38:32.636984,十年项羽无人问，一部《逐玉》天下知,1774365482,3614,1,90,0,0,True,False,0,,-1,65128126172,MS4wLjABAAAAUqpo1Hd1v6T8-5V_DhBBiOP1eYGTlotZ5LYIW6jAcI0,布丁他爸,576921313q,"[""https://p3-pc.douyinpic.com/aweme/100x100/aweme-avatar/tos-cn-avt-0015_b2e424e9f152a75f80a9b5854dbe9b64.jpeg?from=2064092626""]",CN,5,True,8334
7616810501858741558,7621189400705319721,2026-05-10T19:38:32.636984,再也不吹牛逼了了，差点炸单了,1774446435,7630,1,113,0,0,True,False,0,,-1,102866943490,MS4wLjABAAAAyzoVAMAdBR2mh536WrMrFBeCJ8kEy0kYZoae6go47ns,憨憨的蚕豆,,"[""https://p3-pc.douyinpic.com/aweme/100x100/aweme-avatar/tos-cn-i-0813c001_owCAVvzZfAG7Wy11AedXACOAFEJEINANgyutlh.jpeg?from=2064092626""]",CN,5,True,8334
7616810501858741558,7622691793284678459,2026-05-10T19:38:32.636984,刘邦：人怎么能牛逼成这样,1774796238,193,1,6,0,0,True,False,0,,-1,310514687453476,MS4wLjABAAAAIBzuVB4iMxqRnGK-sTPIyZUN3vTrnH-HUQVOUylOB-I,彤彤控,54735758392,"[""https://p3-pc.douyinpic.com/aweme/100x100/aweme-avatar/tos-cn-i-0813c000-ce_oM476AAmpDEr7JWsC3iiwfBRA7A93OAIEkfSnO.jpeg?from=2064092626""]",CN,5,True,8334
7616810501858741558,7620377273972572977,2026-05-10T19:38:32.636984,下次必须多带点人,1774257348,8067,1,206,0,0,True,False,0,,-1,74013757825,MS4wLjABAAAAiEOycHRq8GkoNz1RhoMCCnt1lKy8aWZ1LdziM0p3Axk,🌈小老哥很皮,,"[""https://p3-pc.douyinpic.com/aweme/100x100/aweme-avatar/tos-cn-avt-0015_269aea978d409db78666a3df14d4dd4e.jpeg?from=2064092626""]",CN,5,True,8334
7616810501858741558,7618169887546835761,2026-05-10T19:38:32.636984,季布：你吹牛逼呢？项羽：走吧十个人里有你[呲牙],1773743400,9202,1,104,0,0,True,False,0,,-1,60993027354,MS4wLjABAAAA-fK7FSabzvPsOhIgAZw9m4Gh5K6G0C7Q363NowYwTLI,୧⍤⃝🧸秋木苏୧⍤⃝💫,IG.NXS,"[""https://p3-pc.douyinpic.com/aweme/100x100/aweme-avatar/tos-cn-i-0813_accbd29b6496488d96ec24461f1f0709.jpeg?from=2064092626""]",CN,5,True,8334
7616928585513451429,7617082752844153657,2026-05-10T19:39:20.990717,试过了，到中期被和同样三神装的大小姐当兵补了[黑脸],1773490281,2204,1,48,0,0,True,False,0,,-1,91976747719703,MS4wLjABAAAA_3QMy1GRnDzGdK5HmUtXyDFBcQfZDeXHat51v0tGcWE,風岸,84574837435,"[""https://p3-pc.douyinpic.com/aweme/100x100/aweme-avatar/tos-cn-i-0813c000-ce_ogRM6EDAvAjhoL6kAarA6P8n4AOOiiMpIFBul.jpeg?from=2064092626""]",CN,5,True,2143
7616928585513451429,7617091427529065251,2026-05-10T19:39:20.990717,贤命长 谁懂[黑脸],1773492302,6,1,3,0,0,True,False,0,,-1,100938732550,MS4wLjABAAAAt_sQSexrW5dRgS__yQ99DykgimaDnKF_dL6762anC9g,菜篮子,ChrisChen__,"[""https://p3-pc.douyinpic.com/aweme/100x100/aweme-avatar/tos-cn-avt-0015_b3ae4054dd94eb8a57bc775893b21344.jpeg?from=2064092626""]",CN,5,True,2143
7616928585513451429,7634126304056558394,2026-05-10T19:39:20.990717,,1777458542,1,1,1,0,0,True,False,0,,-1,374273759001856,MS4wLjABAAAAonqH8U4bpElilo_vCs02inDEWzjssUkXnzyPV04B1-Q,-,91192602313,"[""https://p3-pc.douyinpic.com/aweme/100x100/aweme-avatar/tos-cn-avt-0015_9a8fe458543467bc187c539a80ab5e84.jpeg?from=2064092626""]",CN,5,True,2143
7616928585513451429,7616939922747048753,2026-05-10T19:39:20.990717,,1773457027,310,1,21,0,0,True,True,0,,-1,67408855420,MS4wLjABAAAAjWf8dL3fvk25Ynoa7mNyI-H8dA7YUiAswbeYxu0I_Ng,爱吃包子.,,"[""https://p3-pc.douyinpic.com/aweme/100x100/aweme-avatar/tos-cn-avt-0015_f1a5f1d83b8be8700d8e4cc16a095a6d.jpeg?from=2064092626""]",CN,5,True,2143
7616928585513451429,7617052816972579638,2026-05-10T19:39:20.990717,没电刀的精灵王如同热豆浆不带吸管，我想我的话已经触及到了你的灵魂（图 jpg.）,1773483312,2495,1,44,0,0,True,False,0,,-1,4441641630051486,MS4wLjABAAAAMAFJ2asJyxiAH8hfUFps5LKZ7r3WaA01ZRuoMuLPM_kXTisN-BpGz2f7yQsKEcN_,蛰莎鸭,YY3473906697,"[""https://p3-pc.douyinpic.com/aweme/100x100/aweme-avatar/tos-cn-i-0813c001_oIs91Af5C0IAdteCArgdESiiEcAmA0hlBlANCK.jpeg?from=2064092626""]",CN,5,True,2143
7616941808878113139,7635707648801604411,2026-05-10T19:39:37.661269,不过说实话，幻城还可以啊，不过妆造确实有点雷人。长城也还行，不过对不起电影的投入，单说质量的话还行。小时代没看过，不评价。夏至未至也没看过。大笑江湖初看没意思，越看越搞笑。。谁懂啊,1777826729,0,1,0,0,0,False,False,0,,-1,650549987909453,MS4wLjABAAAAjp4ukfDphXUkJWaC-5-3C41r8kRJ2-eOy9bKw5xCdcA,苏墨（爱错版）,Hxt_0706,"[""https://p3-pc.douyinpic.com/aweme/100x100/aweme-avatar/tos-cn-i-0813c000-ce_osiiLAEkEleeBGAVAf9MSIRY0yAIOBsiqAiwAE.jpeg?from=2064092626""]",CN,5,True,426
7616941808878113139,7629707268729013029,2026-05-10T19:39:37.661269,我一直感觉长城这电影挺好看的。在我心里可以是和加勒比海盗一个层次的。,1776429656,0,1,0,0,0,False,False,0,,-1,70784656601,MS4wLjABAAAAAqLUSYV4PNQ5jAmBMZhz36ANEHy9Y4u5Tx6JuWIFg-c,岂曰无衣,,"[""https://p3-pc.douyinpic.com/aweme/100x100/aweme-avatar/mosaic-legacy_26dda0004c611774e2f6c.jpeg?from=2064092626""]",CN,5,True,426
7616941808878113139,7617420584590656314,2026-05-10T19:39:37.661269,"我来总结一下:
[小时代]主题曲-[时间煮雨]
[夏至未至]主题曲-[追光者]
[上古情歌]主题曲-[桃花诺]
[我和我的父辈]主题曲-[如愿]
[幻城]主题曲-[不该]
[大笑江湖]主题曲[大笑江湖]
[长城]主题曲-[缘分一道桥]",1773568939,15,1,1,0,0,True,True,0,,-1,98231041492,MS4wLjABAAAAQmJLT85cGhfjSnjSUA8J0kNCmqIighqR0KrdNQzcdnQ,快刀乱麻,dyi9zkjiujtg,"[""https://p3-pc.douyinpic.com/aweme/100x100/aweme-avatar/mosaic-legacy_3792_5112637127.jpeg?from=2064092626""]",CN,5,True,426
7616941808878113139,7621061009055269658,2026-05-10T19:39:37.661269,时间煮雨四个字放一起是什么意思？高人给解解惑[呲牙],1774416543,0,1,2,0,0,True,False,0,,-1,1908352004137789,MS4wLjABAAAAtYjlbdHVR_d4cpkDlkEwUZkNVa9sJlVrSKkfYuC8wG-yMdSu9FD1caf3TSqaJ2ho,衍帅,yanshuai7355,"[""https://p3-pc.douyinpic.com/aweme/100x100/aweme-avatar/tos-cn-i-0813_c358d61ba6504ae788dee3c8cfcbb2c3.jpeg?from=2064092626""]",CN,5,True,426
7616941808878113139,7629887322574209807,2026-05-10T19:39:37.661269,黄晓明还演过步惊云？,1776472444,0,1,0,0,0,False,False,0,,-1,82055259568,MS4wLjABAAAAMNEtkhRzimxCrBV1vGQ4Ni8E3D653MKqGMN82vhrU3g,🌈肥而不腻的肉哥哥🌈,,"[""https://p3-pc.douyinpic.com/aweme/100x100/aweme-avatar/tos-cn-i-0813_5b986e1fd15240a390376cebc8c5e63f.jpeg?from=2064092626""]",CN,5,True,426
7616950918039548904,7617352143624160000,2026-05-10T19:39:54.259400,吃鸡柳的那段快给我笑晕了，争抢不已,1773553005,3132,1,39,0,0,True,False,0,,-1,82707409043,MS4wLjABAAAAWJLz1jbvfU-xTiUqJhvvSmzWuq0AyQoUw9Pszp8kIaw,帅到被人砍◍˃ᵕ˂◍,,"[""https://p3-pc.douyinpic.com/aweme/100x100/aweme-avatar/tos-cn-avt-0015_a98d7d2ae8f290e72d57c7ed9acfa82e.jpeg?from=2064092626""]",CN,10,True,770
7616950918039548904,7617363453153772346,2026-05-10T19:39:54.259400,"今日看点
1.吃鸡柳争抢不已
2.一边说吃不下一边自己加个小馒头
3.炸串上来鱼粉已经光盘
4.吃完鸡柳渔粉炸串转头一人一半杂粮煎饼
5.减肥，咋办",1773555637,2186,1,40,0,0,True,False,0,,-1,96207712011,MS4wLjABAAAAZtcuHVEQKWZzhCrU_3OvLadsQBcsjFxOITgLIbiDIE8,小茜,,"[""https://p3-pc.douyinpic.com/aweme/100x100/aweme-avatar/tos-cn-i-0813c000-ce_osYorAf7rOAOfIITD1LeJFgRoXiA01Ex7AGOBH.jpeg?from=2064092626""]",CN,10,True,770
7616950918039548904,7617357718438150949,2026-05-10T19:39:54.259400,@丹姐有俩娃  0姐 你看看这姐们儿,1773554303,0,1,1,0,0,True,False,0,,-1,97880201032,MS4wLjABAAAA6iS3HAE9N-i2Ktofc3LQ1JWogg0awZvT-XauJpOck68,🌈飞翔🉐印,,"[""https://p3-pc.douyinpic.com/aweme/100x100/aweme-avatar/mosaic-legacy_172550002b00a3bbe1e1c.jpeg?from=2064092626""]",CN,10,True,770
7616950918039548904,7617384664827265830,2026-05-10T19:39:54.259400,0姐可还记得减肥计划,1773560577,70,1,1,0,0,True,False,0,,-1,99946559705,MS4wLjABAAAAQYYBTVixPJfyieTsEopepBTcfLlBU87CDupvhVZW45U,遇到困难睡大觉,,"[""https://p3-pc.douyinpic.com/aweme/100x100/aweme-avatar/tos-cn-avt-0015_289ff8e33489e48a6c993818e82de672.jpeg?from=2064092626""]",CN,10,True,770
7616950918039548904,7617354286309884709,2026-05-10T19:39:54.259400,10点23,1773553504,148,1,7,0,0,True,False,0,,-1,78927054870,MS4wLjABAAAA96ul9DRaeoAXevUquTESztGZImZljUcjN8YLn2I5Gcc,啦啦,,"[""https://p3-pc.douyinpic.com/aweme/100x100/aweme-avatar/tos-cn-avt-0015_355a1d431ad13e3c69eba5b4ac95bd21.jpeg?from=2064092626""]",CN,10,True,770
7616965200868946313,7617068650483598095,2026-05-10T19:40:24.567648,这我兄弟，我咋不信呢,1773486999,16,1,4,0,0,True,False,0,,-1,108179544793,MS4wLjABAAAAETj1xGt0x1sRXlaJ4YuNmilsuSgNTJkz46uj5Mq6Xc4,CZY,,"[""https://p3-pc.douyinpic.com/aweme/100x100/aweme-avatar/tos-cn-i-0813c001_ogBAAyKCbIAosAvNEoDYVNARaghO1CzCyE6eAf.jpeg?from=2064092626""]",CN,5,True,489
7616965200868946313,7617046578935808805,2026-05-10T19:40:24.567648,一切恐惧来源于火力不足,1773481860,12,1,0,0,0,True,False,0,,-1,97373021685,MS4wLjABAAAAIhcBfMyOwGc0wgCtCQBbIRQV7uS57ViQci1R_Z1xkRg,白无常,wAng57238,"[""https://p3-pc.douyinpic.com/aweme/100x100/aweme-avatar/tos-cn-i-0813c000-ce_oE3vAixAvVBhcLncFaTZInBEAipxDvAPyJMA1.jpeg?from=2064092626""]",CN,5,True,489
7616965200868946313,7628082596862706495,2026-05-10T19:40:24.567648,这里面我觉得最厉害的是约书亚，谁赞成谁反对,1776051385,1,1,2,0,0,True,False,0,,-1,97930348255,MS4wLjABAAAAveWsyGtKQf-Gq0sJO4viWyubsP49W4YOD2xV-ZqW3aY,仙鹤梳翎,,"[""https://p3-pc.douyinpic.com/aweme/100x100/aweme-avatar/tos-cn-i-0813_ocFBewDdFAWDYHgiA7KUAEwBWjMIQaAfAPB2fE.jpeg?from=2064092626""]",CN,5,True,489
7616965200868946313,7617068795576304418,2026-05-10T19:40:24.567648,约书亚那一拳打的是铁血[捂脸],1773487032,2,1,2,0,0,True,False,0,,-1,86381879293,MS4wLjABAAAALcO5GRt2WTi5DQ9ers0lAzsbbvXUMNDkVVyd_bhJkJc,诸多,,"[""https://p3-pc.douyinpic.com/aweme/100x100/aweme-avatar/tos-cn-avt-0015_627a2caf8379282de70486d4e08010c0.jpeg?from=2064092626""]",CN,5,True,489
7616965200868946313,7617062135851713338,2026-05-10T19:40:24.567648,我兄弟,1773485481,0,1,0,0,0,True,False,0,,-1,63809361814,MS4wLjABAAAAdDVjkM84707H_ENg52EjHjElE-4EqJDBcT8NuGDWMwo,紫竹飛揚,,"[""https://p3-pc.douyinpic.com/aweme/100x100/aweme-avatar/b01d9835da87770a0faa5db1cb8bfdb2.jpeg?from=2064092626""]",CN,5,True,489
7616994061023517044,7617013951079711526,2026-05-10T19:40:52.534282,哥几个又来学穿搭了,1773474263,1659,1,36,0,0,True,False,0,,-1,99212072911,MS4wLjABAAAAE1pvqJhpJccaztBtUREchD7YlvTnZpRuCQEfMZAvVyE,JS7,,"[""https://p3-pc.douyinpic.com/aweme/100x100/aweme-avatar/tos-cn-avt-0015_7b89f2f43d225f384a397f7c97f86183.jpeg?from=2064092626""]",CN,5,True,479
7616994061023517044,7616998921559556910,2026-05-10T19:40:52.534282,博主试了那么多丝袜 前面那些扔哪了,1773471439,22,1,5,0,0,True,False,0,,-1,59001471527,MS4wLjABAAAAzE8hGVf7UXi4zmVEhO2BUZfdtf_7S6C9L-ZO71CsRdA,W,,"[""https://p3-pc.douyinpic.com/aweme/100x100/aweme-avatar/mosaic-legacy_2d5aa000681096ff84b51.jpeg?from=2064092626""]",CN,5,True,479
7616994061023517044,7617022514519589647,2026-05-10T19:40:52.534282,女生快出去，害羞死啦[拜拜],1773476258,4,1,1,0,0,True,False,0,,-1,70396742774,MS4wLjABAAAAqzE5QqM25GfV-Mwj7yLGRI_ahr9TCapUfCKQ5hnVOr8,轩,,"[""https://p3-pc.douyinpic.com/aweme/100x100/aweme-avatar/tos-cn-avt-0015_f1aba347fbd2e21878ebeb2b3a902ae4.jpeg?from=2064092626""]",CN,5,True,479
7616994061023517044,7621161140115243803,2026-05-10T19:40:52.534282,20出头的男孩子适合穿吗真心求问[比心],1774439856,6,1,2,0,0,True,False,0,,-1,2270956621149388,MS4wLjABAAAAaSbjPHHLkjGI_b8_d-e9LsNmbvOx71Ww1sTc1E_L6kjAxvpAunz9tZhoWZSQFb3a,所希望与实际上,shai1998,"[""https://p3-pc.douyinpic.com/aweme/100x100/aweme-avatar/tos-cn-i-0813_o09AnCieMFBAesgjAuAwiYvAv9CAD0IAgOExHK.jpeg?from=2064092626""]",CN,5,True,479
7616994061023517044,7617017989326652166,2026-05-10T19:40:52.534282,想问问女生，穿丝袜的体感和穿紧身牛仔裤是不是差不多啊,1773475204,2,1,1,0,0,True,False,0,,-1,71315703226,MS4wLjABAAAA28Py32Ksei7YrcSMkbGy6Z9GOhZzeumCHNt0xHRnzNU,别遇.,,"[""https://p3-pc.douyinpic.com/aweme/100x100/aweme-avatar/tos-cn-i-0813_o4f1ATPEwDET0A8nARAI9AEFOfDlVMANADOCgH.jpeg?from=2064092626""]",CN,5,True,479
7616999591250137467,7618937480536261410,2026-05-10T19:41:05.819583,"""不知道该选哪一种，就通通买下，这是爷爷教我的""听着好难过 [微笑]",1773922610,634,1,1,0,0,True,True,0,,-1,101086028672,MS4wLjABAAAAX7CHzM_ETZcfXL0OXMkKmY__y_OpcNcCUzUMG0ndzm8,秋初凉,34675349097.,"[""https://p3-pc.douyinpic.com/aweme/100x100/aweme-avatar/tos-cn-i-0813c001_okUHECDIgBA8otAGAFi9Ae0AAAZgICVHI0fG4i.jpeg?from=2064092626""]",CN,5,True,259
7616999591250137467,7618984185185698579,2026-05-10T19:41:05.819583,真的好喜欢看有小爱在的时候,1773932995,3656,1,27,0,0,True,True,0,,-1,59875657964,MS4wLjABAAAANneSa9sfcW5udtOGbOVgrrZVTAmqD6L4HEC0bZt2sRM,花笙狗头棋,zxy200618,"[""https://p3-pc.douyinpic.com/aweme/100x100/aweme-avatar/tos-cn-i-0813c000-ce_o0pVCncOQAhmCdUAIAAsnEAfA9FwBofaKwID2E.jpeg?from=2064092626""]",CN,5,True,259
7616999591250137467,7619223807970706213,2026-05-10T19:41:05.819583,小爱一出场 money少不了～,1773988785,1060,1,5,0,0,True,False,0,,-1,1432040766975540,MS4wLjABAAAAldIaA08_GHKx3QykMD0La5DT3tEXcdSfZB043NfWn8ZA2bdkEmqDFzUvYiIWNogB,我想睡觉,severus0109snape,"[""https://p3-pc.douyinpic.com/aweme/100x100/aweme-avatar/tos-cn-i-0813_oU6SEWFmA3EpuYuZBADAIes57eOAdEBBAuEifW.jpeg?from=2064092626""]",CN,5,True,259
7616999591250137467,7619578476584436514,2026-05-10T19:41:05.819583,@兮若无晨 这个黑矶精的很，遇到想吃的就说要试毒，不喜欢吃的就看一下 [调皮],1774071743,271,1,3,0,0,True,False,0,,-1,4455686136142359,MS4wLjABAAAAHevUQ00OdFdtcEkSirsDFQStYUMUxFN492GMbCWOZJB0LHhG6do6xJTKakpWdHtw,恩恩真真,84351987gsowvwk,"[""https://p3-pc.douyinpic.com/aweme/100x100/aweme-avatar/tos-cn-i-0813_oE3hIgFeAyafsGRnBADAQdp57sTAJEGBAyEWf0.jpeg?from=2064092626""]",CN,5,True,259
7616999591250137467,7618901512139490084,2026-05-10T19:41:05.819583,黑鸡是不是跟戴眼镜那个老师在一起了,1773913745,534,1,8,0,0,True,False,0,,-1,3325361349730744,MS4wLjABAAAAmZEzDz805R3aQ15-wHgiOp4zxvL4QyqO4oeTEF2bbqMemjD8wWwC8iIA0U-5buco,桃子同学,dy1f0p1bvysvs,"[""https://p3-pc.douyinpic.com/aweme/100x100/aweme-avatar/tos-cn-avt-0015_af7ed75949692d1e398ddf67ed3a654f.jpeg?from=2064092626""]",CN,5,True,259
7617005984640240902,7617013801782788904,2026-05-10T19:41:30.173112,《我真想捣毁你的生产车间》[看][看][看],1773474228,3734,1,65,0,0,True,False,0,,-1,86415415860,MS4wLjABAAAAwF7rU61Pt3qkR0--4njGES-GNFZrTMfrtg6nV2YxUNE,秋序廿六·澄明,,"[""https://p3-pc.douyinpic.com/aweme/100x100/aweme-avatar/tos-cn-i-0813c001_owgIaEAAPAtwuAyRAa0A6P1gzA22iiDgI4BuU.jpeg?from=2064092626""]",CN,5,True,1306
7617005984640240902,7617006189692437302,2026-05-10T19:41:30.173112,第一,1773472459,24,1,13,0,0,True,False,0,作者,1,369914395762830,MS4wLjABAAAAR2DGTtR_r2vF7kxLw-77EXCvqZDlsapapwjwW75i9HA,攀枝花北街的驴,pzhlv,"[""https://p3-pc.douyinpic.com/aweme/100x100/aweme-avatar/tos-cn-avt-0015_e9b69577418e1715b8ce03f3f608e2c7.jpeg?from=2064092626""]",CN,5,True,1306
7617005984640240902,7617297152934478629,2026-05-10T19:41:30.173112,"开心：你敢耍我[灵机一动]
愤怒：你敢耍我[发怒]
无语：你敢耍我[绝望的凝视]
崩溃：你敢耍我[裂开]
阴阳：你敢耍我[6]",1773540200,254,1,13,0,0,True,False,0,,-1,62128479175,MS4wLjABAAAAm-Hd-jS1qMnuHc30pno3G7N8EbvCaur953tfrnpX10U,秋水浮萍,,"[""https://p3-pc.douyinpic.com/aweme/100x100/aweme-avatar/tos-cn-i-0813c000-ce_o0Cs9ADB4DQfRATfhN1PnGxEAQzFEApUEIwAHg.jpeg?from=2064092626""]",CN,5,True,1306
7617005984640240902,7617179921328636729,2026-05-10T19:41:30.173112,到这会儿小勾一下，哈哈哈～艾我勾一下～勾两下～我勾你……[尴尬流汗][尴尬流汗][尴尬流汗],1773512910,1,1,0,0,0,True,False,0,,-1,15269024397,MS4wLjABAAAA7N4fJI9h8eLFjwtUu12_x_r0MGSSc8ceSsO8d67Wy04,六6,,"[""https://p3-pc.douyinpic.com/aweme/100x100/aweme-avatar/tos-cn-i-0813_oAQzPAbpDoIAeV9CAJgLE8eDimAgAlhAnHAVC6.jpeg?from=2064092626""]",CN,5,True,1306
7617005984640240902,7617259290734756657,2026-05-10T19:41:30.173112,关注没点，一期没落下，哎我勾，哎我跳，哎王超，饿饿饿饿！哎呀特鲁，我智商160你敢耍我！,1773531386,19,1,3,0,0,True,False,0,,-1,59649847417,MS4wLjABAAAAwBu8lmYoPJUXRVnHFCeqdA_wgg5zwKICvVKmN0072Gk,孟 川,,"[""https://p3-pc.douyinpic.com/aweme/100x100/aweme-avatar/tos-cn-i-0813c000-ce_o0eIgneEsCATJETopFEYBvEA4D7FfjAr7AFxDQ.jpeg?from=2064092626""]",CN,5,True,1306
7617014647652093238,7617780197558862598,2026-05-10T19:41:41.735635,在龙国是直接换发动机,1773652669,6,1,3,0,0,True,False,0,,-1,3900721854162744,MS4wLjABAAAAIHFvXjIg7LJoifm7h6l3DFuPnO-qvDU8Pm137vEX1bwLWDHrl1i_UB408L7TZkUc,和子,hezi23222,"[""https://p3-pc.douyinpic.com/aweme/100x100/aweme-avatar/tos-cn-i-0813_f03b087d4a3c4978ba0baf54414afadd.jpeg?from=2064092626""]",CN,5,True,63
7617014647652093238,7620849128901804858,2026-05-10T19:41:41.735635,第一个叫气门摇臂不叫导管，第二个不叫离合器拉杆那叫换档轴[捂脸],1774367210,4,1,0,0,0,True,False,0,,-1,85467030227,MS4wLjABAAAA_N4qdvET5g_22S0fMintKxhMR-FR5b8PKDYRQnYVLes,男人 不可以穷,Wei136070885,"[""https://p3-pc.douyinpic.com/aweme/100x100/aweme-avatar/tos-cn-avt-0015_da4f95fc2b3c64af09c1322cbc9c7114.jpeg?from=2064092626""]",CN,5,True,63
7617014647652093238,7617580983458169637,2026-05-10T19:41:41.735635,啥子发动机，像gs.又像100型,1773606293,1,1,1,0,0,True,False,0,,-1,78618979160,MS4wLjABAAAAkMOoUap5OWNBpT2oOlN4ihlkIZ2Q_TaIloo43GolFJA,易同学,zy_wuyanghonda,"[""https://p3-pc.douyinpic.com/aweme/100x100/aweme-avatar/tos-cn-i-0813c000-ce_oYBAXBAA73iAOI2rPYhWxAzHa8EvxMX8xVinI.jpeg?from=2064092626""]",CN,5,True,63
7617014647652093238,7618439317069021990,2026-05-10T19:41:41.735635,不错了，巴铁还都是焊的，连零件都不换[捂脸]，这个起码还给你换零件，而且还有电动扳手,1773806131,8,1,0,0,0,True,False,0,,-1,1468538578275470,MS4wLjABAAAA2bxszEtku1py6-gOVyRFebC_7gcn5GOs4UXdyP3ehafRK2RQFHklduM82TQfH4Ul,青青草原无敌可爱的懒大王,xiaozheng89875,"[""https://p3-pc.douyinpic.com/aweme/100x100/aweme-avatar/tos-cn-i-0813c000-ce_oIgA0BaXpMAIyiFA2iDHBVsEwP4AvAi5JxtcI.jpeg?from=2064092626""]",CN,5,True,63
7617014647652093238,7618039236340286262,2026-05-10T19:41:41.735635,电板手，摩托车是中国制造的[捂脸],1773712982,6,1,4,0,0,True,False,0,,-1,2598841582101091,MS4wLjABAAAApTQgBotlmxOKdqGfgxEqDEuRLNFUkX9Q79SbG4pZLy3yjfrX7Wjqe2UOuRxwt4Gy,好心情,dy8kvqo86s2b,"[""https://p3-pc.douyinpic.com/aweme/100x100/aweme-avatar/mosaic-legacy_3795_3033762272.jpeg?from=2064092626""]",CN,5,True,63
7617018902198979849,7622063302911001385,2026-05-10T19:41:58.350553,眼镜蛇都拿他没办法…人类才是他的天敌,1774649910,0,1,0,0,0,True,False,0,,-1,111451230637,MS4wLjABAAAAwOriV67lyF7HnxufTQ2bL6mgH6_5eWRvyLolhNpYHVo,麦子熟了,,"[""https://p3-pc.douyinpic.com/aweme/100x100/aweme-avatar/tos-cn-avt-0015_f335bdfccf3afd1a551135693a2ec2e8.jpeg?from=2064092626""]",CN,5,True,233
7617018902198979849,7619278843443102505,2026-05-10T19:41:58.350553,世间万物一物降一物，平头哥的天敌是狮子，狮子的天敌是毒蛇，毒蛇的天敌是平头哥！,1774001601,4,1,0,0,0,True,False,0,,-1,102928446258,MS4wLjABAAAAwqqbjSS6JuEDAkBCl7G6sjC_KR0bUOcDpKF3qgQag5c,永不言弃,bogewanzhibo,"[""https://p3-pc.douyinpic.com/aweme/100x100/aweme-avatar/tos-cn-i-0813_64f47e1dd3b7489ab552651fb475666b.jpeg?from=2064092626""]",CN,5,True,233
7617018902198979849,7618073226740974362,2026-05-10T19:41:58.350553,,1773720894,3,1,0,0,0,True,False,0,,-1,109414541828,MS4wLjABAAAAhDDyr6AoE46qX2vnlvuov3LDBbEDQnZA-hHWwNnNMPk,瞧瞧这是一对70年的土金狗🐶,7Oniandeyidu,"[""https://p3-pc.douyinpic.com/aweme/100x100/aweme-avatar/tos-cn-i-0813_oo0EBOeeBGqkyG1I34LDAAII7A6RAMpeBAETAV.jpeg?from=2064092626""]",CN,5,True,233
7617018902198979849,7618647944169849650,2026-05-10T19:41:58.350553,六亲不认的步伐，有仇必报的勇气和生死看淡不服就干的精神，说的就是平头哥！[呲牙][呲牙][呲牙],1773854713,6,1,1,0,0,True,False,0,,-1,232741020121700,MS4wLjABAAAA-WRNr4hVuOczYwTDDx_1jR-G7GN7GYgJsrCA_IcF_w8,💞🌺🌹抱着孤独陪寂寞🌹,baozhegudupe,"[""https://p3-pc.douyinpic.com/aweme/100x100/aweme-avatar/tos-cn-i-0813c001_oEEAN0SANCvAUgeYwwIACiiAK5BScxAHxfmgUC.jpeg?from=2064092626""]",CN,5,True,233
7617018902198979849,7618302970848920374,2026-05-10T19:41:58.350553,突然觉得平头哥好可怜啊,1773774390,2,1,1,0,0,True,False,0,,-1,103598420993,MS4wLjABAAAAeF5q7d77x7upwmxkZ1OEfhfIv0gYzO2fEQbXv345hZ0,🪂,mumu899,"[""https://p3-pc.douyinpic.com/aweme/100x100/aweme-avatar/tos-cn-avt-0015_46e6917a2c78dd4cf9db722c0d328a8f.jpeg?from=2064092626""]",CN,5,True,233
7617033479575064419,7618485533137208090,2026-05-10T19:43:17.791047,兄弟们给我投一票，感谢大家了[比心][比心],1773816893,5,1,6,0,0,True,False,0,作者,1,1383616512790778,MS4wLjABAAAA6QAcetwE_kpsOgAkK1lWQ0td8OiQFsDFQ_L9qVQa3sL_42FDZrGVV0VXwmmiSUiz,蓝天（M338代言人）,58253990864,"[""https://p3-pc.douyinpic.com/aweme/100x100/aweme-avatar/tos-cn-avt-0015_de2f2f9491f64c904299b0223e01ce1e.jpeg?from=2064092626""]",CN,10,True,422
7617033479575064419,7617386380851413769,2026-05-10T19:43:17.791047,@125555,1773560976,0,1,2,0,0,True,False,0,,-1,7526477331478922299,MS4wLjABAAAAwwFS_BdGmoxMnNC9n5wHKpnA7QNRjZ7ypDCwqwjxz4LrRNkshcptEhjdKPUi0lRu,用户7400133853469,27769329221,"[""https://p3-pc.douyinpic.com/aweme/100x100/aweme-avatar/mosaic-legacy_3793_3131589739.jpeg?from=2064092626""]",CN,10,True,422
7617033479575064419,7617287401979921188,2026-05-10T19:43:17.791047,,1773537932,4,1,1,0,0,True,False,0,,-1,72869721006,MS4wLjABAAAAXYBDmWclYJibUMWHiGsYv23dgedzvkzaMntTgGHbpNo,💕我吖💕,,"[""https://p3-pc.douyinpic.com/aweme/100x100/aweme-avatar/tos-cn-avt-0015_14bdc6dad00f4bcd436b985dc6317b1a.jpeg?from=2064092626""]",CN,10,True,422
7617033479575064419,7624804766959371060,2026-05-10T19:43:17.791047,S12K,1775288745,0,1,1,0,0,True,False,0,,-1,61988316443,MS4wLjABAAAAVZARKGkfEUKMq_BWyjKNi9omv7YGDcw4Kl55GLQeLYw,玖雷✨和平精英,JLHPJY182518,"[""https://p3-pc.douyinpic.com/aweme/100x100/aweme-avatar/tos-cn-avt-0015_3cbdd4d7d511282ca10249b4668cf439.jpeg?from=2064092626""]",CN,10,True,422
7617033479575064419,7617249977656066865,2026-05-10T19:43:17.791047,不是，你淘汰了6名玩家。,1773529219,0,1,3,0,0,True,False,0,,-1,3001012388109899,MS4wLjABAAAAGjPmQACqKgvEjrR4OvzT0l53dGNBHuIziY3SOMRAzWPHXrHS_S0kFjgojvgI7GpC,我做的还不好吗🥺,68358564714,"[""https://p3-pc.douyinpic.com/aweme/100x100/aweme-avatar/tos-cn-i-0813c000-ce_owDLeYfGAoNhpFAAb8mCANouE3QEEIbw9kGA1u.jpeg?from=2064092626""]",CN,10,True,422
7617033868231426481,7617398642438439737,2026-05-10T19:43:30.649825,9个月,1773563832,22,1,1,0,0,True,False,0,,-1,71021703285,MS4wLjABAAAA3zx6pXIwOdYGYJTKHCGxyL2L7DrxGLROYNqJJNG1qrA,风雨暮春,,"[""https://p3-pc.douyinpic.com/aweme/100x100/aweme-avatar/tos-cn-i-0813c000-ce_okTbAZBWpBM3xAxADIvA17VPucbTEAMiPiaFY.jpeg?from=2064092626""]",CN,10,True,591
7617033868231426481,7636645068883591995,2026-05-10T19:43:30.649825,我也养了一条[流泪],1778044988,0,1,0,0,0,False,False,0,,-1,638148059607783,MS4wLjABAAAAJhA2MVTOSnTZW5OVyTe_ZHcPAxT6uIt4NUGvpIgpjCk,葡萄🍇,73326736986,"[""https://p3-pc.douyinpic.com/aweme/100x100/aweme-avatar/tos-cn-avt-0015_a66b82202816f8e213b5edb2053583e9.jpeg?from=2064092626""]",CN,10,True,591
7617033868231426481,7617061289919611685,2026-05-10T19:43:30.649825,它老惦记小母狗[偷笑],1773485284,62,1,2,0,0,True,True,0,,-1,106648521631,MS4wLjABAAAAMfp5M6nOKDoOjzlP8RdZbpXU7dml93QhSKRc_pD-ADk,丰台芥末墩儿,,"[""https://p3-pc.douyinpic.com/aweme/100x100/f74b001363822dcc5086.jpeg?from=2064092626""]",CN,10,True,591
7617033868231426481,7617359049932309285,2026-05-10T19:43:30.649825,200元这只怎么样，买回来就立耳,1773554613,36,1,16,0,0,True,False,0,,-1,24180466535,MS4wLjABAAAALBeccx6pcEZ4VqsRWEIp7Mlj6B7aQZYgTXe2NBnHhIs,觅音小生,,"[""https://p3-pc.douyinpic.com/aweme/100x100/aweme-avatar/tos-cn-avt-0015_5960c1da3ca9c2813a92abc676942800.jpeg?from=2064092626""]",CN,10,True,591
7617033868231426481,7617268691092243249,2026-05-10T19:43:30.649825,我的土狗不带运费760，带运费后1000多,1773533574,12,1,6,0,0,True,False,0,,-1,63447721887,MS4wLjABAAAA0UOCCpMxhDUEcvy9K7IzuMVlNqs62ROzojXUV4dUWao,雅哒,cn_yada,"[""https://p3-pc.douyinpic.com/aweme/100x100/aweme-avatar/tos-cn-i-0813c000-ce_okoxGpHtQAlmEZ7AImAMfEARA9Fk3efZvwyDsE.jpeg?from=2064092626""]",CN,10,True,591
7617043870396994170,7621530445751223049,2026-05-10T19:44:01.681045,全听过的举手，别问我多大[呲牙],1774525841,11,1,2,0,0,True,False,0,,-1,610970223253143,MS4wLjABAAAAjEIYkcWJ0Aa7b1x4VbnUXOj5V6yekSbMdCNl4vXJ6dM,夜夜秋雨孤灯下,yeyeqiuyugud86,"[""https://p3-pc.douyinpic.com/aweme/100x100/aweme-avatar/mosaic-legacy_2e21a0006f1d83049ca0e.jpeg?from=2064092626""]",CN,5,True,160
7617043870396994170,7617700858389627702,2026-05-10T19:44:01.681045,8090？90有印象吗[呲牙],1773634197,2,1,1,0,0,True,False,0,,-1,769306889560653,MS4wLjABAAAAh0ttWIKolB_0ERtKuz-GEVudmCGNYlC37QmOQK0Jrvw,盈凡,woxinyouwo6480,"[""https://p3-pc.douyinpic.com/aweme/100x100/aweme-avatar/tos-cn-avt-0015_f77a7dbd84f5d9cb64daa15c2df56317.jpeg?from=2064092626""]",CN,5,True,160
7617043870396994170,7637543336349303609,2026-05-10T19:44:01.681045,都会唱的有没有？我是88年的,1778254132,0,1,0,0,0,False,False,0,,-1,104668417299,MS4wLjABAAAA5splgS2KC3DegFL-Y-5cuVAcfMWA3mmYZ2-xMt_YpTU,早班火車ᵇᵉʸᵒⁿᵈ,,"[""https://p3-pc.douyinpic.com/aweme/100x100/aweme-avatar/tos-cn-i-0813c000-ce_oAARAfO7DECnFAFAZVEFRHEVlEeImeZwvl9GVA.jpeg?from=2064092626""]",CN,5,True,160
7617043870396994170,7618595785521578811,2026-05-10T19:44:01.681045,准确的说八九十年代港台音乐流行到大陆内地的时候，应该是我们60后和70后听歌的黄金时间和黄金年龄，[呲牙][呲牙][呲牙]同意的点赞[赞][赞][偷笑][偷笑][呲牙][呲牙],1773842562,10,1,1,0,0,True,False,0,,-1,108049142650,MS4wLjABAAAAOnVvVKtzrfkFF7fEyqDFoXj-s_nQk8QoDkZzWtfbXGY,感觉,,"[""https://p3-pc.douyinpic.com/aweme/100x100/aweme-avatar/tos-cn-avt-0015_1e4e75973bb62ce76e43dae9a93f2934.jpeg?from=2064092626""]",CN,5,True,160
7617043870396994170,7618604512911344442,2026-05-10T19:44:01.681045,8几年的歌应该是70后正在听，80后出生的都还小当时,1773844594,11,1,1,0,0,True,False,0,,-1,2704419709006700,MS4wLjABAAAAxRY3nnathGdfpCTBn91Yay_9XD21MdBpDHNdwRUztiJa3YoS-NgWuvi9OjseunUX,我让冬日阳光,worangdongri,"[""https://p3-pc.douyinpic.com/aweme/100x100/aweme-avatar/mosaic-legacy_3793_3131589739.jpeg?from=2064092626""]",CN,5,True,160
7617044609143390437,7617274068483507003,2026-05-10T19:44:16.314517,乔丹投篮太犹豫了，跳起来好久才投出去[看][看],1773534826,359,1,15,0,0,True,False,0,,-1,101270329870,MS4wLjABAAAAA0Za2ngGJPza7MW5CwAu4lH-_bt6F6wkcA3Sw5QSDjk,锁链的巴纳比,,"[""https://p3-pc.douyinpic.com/aweme/100x100/aweme-avatar/tos-cn-avt-0015_fd1aa1fb8555207b061e0e1a3f93437a.jpeg?from=2064092626""]",CN,5,True,971
7617044609143390437,7626160764882354981,2026-05-10T19:44:16.314517,这可不是天王山之战，这是首轮BO5的最后一场最后一秒，球进晋级下轮，没进回家。nba历史上唯一一个真正意义上的the shot,1775603924,20,1,6,0,0,True,False,0,,-1,110910179146,MS4wLjABAAAAdrjMQ5oEnxWYriGbksxN5NMIE_oSNdctugUlUV94778,发掘j g,,"[""https://p3-pc.douyinpic.com/aweme/100x100/aweme-avatar/douyin-user-image-file_c4219a473062314d02302281e667188b.jpeg?from=2064092626""]",CN,5,True,971
7617044609143390437,7624931861412283155,2026-05-10T19:44:16.314517,这就是超巨的担当,1775317796,9,1,1,0,0,True,False,0,,-1,523018043149003,MS4wLjABAAAA_udepVT3aqIRbPYZlCqNRWGTj18EIGX4UnBbwUIei5Q,BM,20200303_2,"[""https://p3-pc.douyinpic.com/aweme/100x100/aweme-avatar/mosaic-legacy_30f2e0006492f7fd9eb5e.jpeg?from=2064092626""]",CN,5,True,971
7617044609143390437,7617152122304791296,2026-05-10T19:44:16.314517,最后一投才是真假Goat的区别,1773506438,34,1,1,0,0,True,False,0,,-1,83483254079,MS4wLjABAAAA8FsZMCIgbk7t-Xe3Ac1mW-55l0Ba88rGmMey9Vu6FVY,_花犄角。,,"[""https://p3-pc.douyinpic.com/aweme/100x100/93bc0002cbb9ac36e6d3.jpeg?from=2064092626""]",CN,5,True,971
7617044609143390437,7618219288789828389,2026-05-10T19:44:16.314517,我上小学的时候向父亲要一颗篮球，他没给我买，那一刻我就知道乔丹已经没有对手了,1773754903,229,1,17,0,0,True,False,0,,-1,615367747843703,MS4wLjABAAAA212-cpt2hIU-rDyote1u2-wtVj_EUYq9er3FcnYwxNE,杠头,34171149962,"[""https://p3-pc.douyinpic.com/aweme/100x100/aweme-avatar/tos-cn-i-0813_ow7AESL5IAggc0zvLwiIAJEAMPsriAZwKIlAB.jpeg?from=2064092626""]",CN,5,True,971
7617048450139524387,7617350539869553423,2026-05-10T19:44:37.724298,小时候不知道张无忌大婚离开的含义，长大后理解那最重要的第一天他都能跑，以后更会跑,1773552631,3003,1,124,0,0,True,False,0,,-1,4438082806103645,MS4wLjABAAAAL_eKZksADzsxrBNmvDfJJD4toLH7e1UQ0g1W52LvpT2cpxmKw7a6h7OsJy0znMMK,不是本人,1111111111smile,"[""https://p3-pc.douyinpic.com/aweme/100x100/aweme-avatar/tos-cn-avt-0015_42c5b684464d948f408b9e7d41ff385c.jpeg?from=2064092626""]",CN,5,True,2211
7617048450139524387,7617471546916143898,2026-05-10T19:44:37.724298,张无忌选择赵敏，在我心里就相当于抗日战争时期，一个有影响力的党派领袖取了个日本女人,1773580804,3436,1,222,0,0,True,False,0,,-1,1671707060345380,MS4wLjABAAAAksE7xnnZRo5UHiNoddpRcv3dxI3sekVFTiYy0MLk_ErF-2Y_vVOmS21QYtPDnCJB,生椰不拿铁,MissMermaid1008,"[""https://p3-pc.douyinpic.com/aweme/100x100/aweme-avatar/tos-cn-i-0813_osAAtMiIEAgzhuZfpMiCPxDqDMhHVAABBC5eAy.jpeg?from=2064092626""]",CN,5,True,2211
7617048450139524387,7617501263366832936,2026-05-10T19:44:37.724298,小时候看就喜欢周芷若，她才是现实中大多数人的真实写照，看似她变坏了，可正是因为她变坏了，别人才开始真正的害怕她尊重她，也包括男主，对周芷若连最基本的尊重都做不到，还谈什么爱[捂脸]练成九阴白骨爪的她，才是我心目中女人该有的样子，前期弱到爆，后期终于活出个人样儿了，看的特别爽,1773587725,117,1,3,0,0,True,False,0,,-1,71867973292,MS4wLjABAAAAF5JAISj4DAtAepj2L3kEZaN5_I9CJLzBiFMuKsSaJ4A,御藤、,,"[""https://p3-pc.douyinpic.com/aweme/100x100/aweme-avatar/tos-cn-avt-0015_af8ff2bc3031148e7c947e5f2edbeed3.jpeg?from=2064092626""]",CN,5,True,2211
7617048450139524387,7622256144934126382,2026-05-10T19:44:37.724298,芷若：你是说我好不容易从一个汉水边的孤女，努力爬到师父最喜欢信重的徒弟，好不容易师父把她全身功力和整副家业都传给我，我忍着对师父的愧疚、昧着良心、从了一回自己的心，给自己和张无忌一个机会，结果渣男不配、大婚抛弃新娘、公然打我脸！观众还要问我为什么不忍辱去当教主夫人？姐有地位！有家业！有绝世神功！姐还要忍着屈辱，继续去冷脸贴热屁股去当所谓的教主夫人？,1774694808,31,1,1,0,0,True,False,0,,-1,1297060785561299,MS4wLjABAAAAr9VSk_1bHVbBh-h13ijQkAwC_WnXM-a8bPFV4kDk12zdUtH4PwQaQh_T6ZZjgEG_,雪漫千山,dyk5sut2ww0y,"[""https://p3-pc.douyinpic.com/aweme/100x100/aweme-avatar/tos-cn-i-0813c001_oo5GI0Wb0PANefApAf4fC2TAGD0A3I8SQD2olH.jpeg?from=2064092626""]",CN,5,True,2211
7617048450139524387,7618961413608833829,2026-05-10T19:44:37.724298,周芷若的经历让她根敏感，特别是她和张无忌订下婚约后，她是各种不安的，一方面是她对师傅的毒誓，二是她有那种感觉张无忌喜欢赵敏，所以一再要求张无忌发誓各种。所以她也很割裂很痛苦。,1773927692,14,1,1,0,0,True,False,0,,-1,61812843707,MS4wLjABAAAAu6PEZ8uh0yJArTvVMsRB3v78oZEbIfxAqggxBE5R0H4,🐮宝宝,,"[""https://p3-pc.douyinpic.com/aweme/100x100/aweme-avatar/tos-cn-i-0813_a84fa86f23e448ca8e2750ac47541f11.jpeg?from=2064092626""]",CN,5,True,2211
7617053414647663881,7633093405048668966,2026-05-10T19:44:58.349975,我不喜欢奔驰 我两次穿着普通去奔驰那里被歧视[捂脸] 以貌取人的企业很肤浅,1777218053,0,1,0,0,0,False,False,0,,-1,91984777722269,MS4wLjABAAAAYBJ6tzAO857QP7XGw9lPTNzI_z573mwlNTYY2JXy7TU,大雕,896691zs,"[""https://p3-pc.douyinpic.com/aweme/100x100/aweme-avatar/tos-cn-i-0813c001_oAAAYBpdAM9cExxAFjAAAEID6g5COAxCfGfuHg.jpeg?from=2064092626""]",CN,5,True,228
7617053414647663881,7633879259982889777,2026-05-10T19:44:58.349975,我感觉是司机的原因，他停车了，动力没跟上,1777401027,1,1,0,0,0,False,False,0,,-1,3651918991459897,MS4wLjABAAAAGX95wVZCp6xMpGNuVnwpgadLYOuFALZyhdunLowheIFroXPYfd43zxUkxmpfyeXe,刘沐宸,777LDL777,"[""https://p3-pc.douyinpic.com/aweme/100x100/aweme-avatar/tos-cn-i-0813c000-ce_oUIAvEfEQwaDpyYnHICQ9eA2ATEIFhAADqBmZq.jpeg?from=2064092626""]",CN,5,True,228
7617053414647663881,7617094272793592586,2026-05-10T19:44:58.349975,“公主们”,1773492964,10,1,2,0,0,True,False,0,,-1,1525711021544140,MS4wLjABAAAAf3mcMO5MnLfpAK8dte8Y8YND0bsZRORuMg16lFhky3eF-TMqtI-wNwwa96j_3hhJ,王子豪Old school,yinhexinanhai,"[""https://p3-pc.douyinpic.com/aweme/100x100/aweme-avatar/tos-cn-avt-0015_7d7c04bc9d68629f43cf869b61d78d3a.jpeg?from=2064092626""]",CN,5,True,228
7617053414647663881,7617197833700066097,2026-05-10T19:44:58.349975,“我就先开着乌尼莫克去推一下雪”，哈哈推一下雪，多么小众的词汇[呲牙][呲牙],1773517088,17,1,1,0,0,True,False,0,,-1,149979723737531,MS4wLjABAAAAcfkUleW7Z3ucPSNzFQYVI-xiXjcezBR4onPj6Hzf1Lo,遇见100种传奇人生,50225195068,"[""https://p3-pc.douyinpic.com/aweme/100x100/aweme-avatar/tos-cn-i-0813c000-ce_oIxokFE9eDoCWAAHgwAuAL4BIfEFzpEEfJQAMA.jpeg?from=2064092626""]",CN,5,True,228
7617053414647663881,7617105152234832690,2026-05-10T19:44:58.349975,雪地胎的配方是有明显影响，有时候也可能是特定路况和宽窄胎导致的，大脚包的宽胎着地面积更大正常路况的确摩擦力更大，但有的路况也未必，轮距比乌尼莫克和窄胎版宽，反而更难接触底层的硬地面，容易在松雪上打滑，窄胎压强更大压到侧面的雪也少，可能能接触的路面更结实，,1773495496,10,1,1,0,0,True,False,0,,-1,539177901887197,MS4wLjABAAAAQV_jke2zg-WNiL1-6gA8UUkcCtEwcGVM6YDs9zMd8X4,大大的大VAN,42990856161,"[""https://p3-pc.douyinpic.com/aweme/100x100/aweme-avatar/tos-cn-i-0813c001_oMohfADe7lDBEF7aRkeARAEBAEo7EMDIAAt5Eq.jpeg?from=2064092626""]",CN,5,True,228
7617054936418076520,7617327553967227674,2026-05-10T19:45:14.187830,,1773547278,13,1,1,0,0,True,False,0,,-1,65421574970,MS4wLjABAAAA03cGhDNU8ocM4BqFBIAIp7SjI1xVYWqM3zSpGk55FRY,废员【MacArtsir版】,Bzhanxiaoged,"[""https://p3-pc.douyinpic.com/aweme/100x100/aweme-avatar/tos-cn-i-0813_ogDC07AACLnB9R0ZAAAeSSfSAWAihai0gEQIvV.jpeg?from=2064092626""]",CN,10,True,1017
7617054936418076520,7617467439999337253,2026-05-10T19:45:14.187830,[流泪][流泪][流泪][流泪],1773579848,38,1,5,0,0,True,False,0,,-1,3996075701573911,MS4wLjABAAAA8lQLqOSp9r0UeLzx-x6ZdIwml01sSGe5hNX2f59A34J9CPa_tV8G-FspzERGlI3O,小茜,48164586852,"[""https://p3-pc.douyinpic.com/aweme/100x100/aweme-avatar/tos-cn-i-0813c000-ce_o4n4ZAReYQAhbIQSD2LeJFgvViwAuiIs7AGfBJ.jpeg?from=2064092626""]",CN,10,True,1017
7617054936418076520,7617504059176551226,2026-05-10T19:45:14.187830,,1773588376,57,1,7,0,0,True,False,0,,-1,1610135901314686,MS4wLjABAAAAjX42WHSYiR3-J7Tqt1EH8NMPNfaIqUwciiskdSDYzSC8TuaoN8Nh5tmXeuta7xsL,洛洛离,34666570419,"[""https://p3-pc.douyinpic.com/aweme/100x100/aweme-avatar/tos-cn-i-0813_ogEe7AGewO3egALnGq0WaOzIAgmLQBNiBgAAD4.jpeg?from=2064092626""]",CN,10,True,1017
7617054936418076520,7617432601942786866,2026-05-10T19:45:14.187830,已经没有什么能让我动容了,1773571737,14,1,2,0,0,True,False,0,,-1,101583744433,MS4wLjABAAAAgzcDwKU4w9bJlw4uMO6Eqj8U3u_qKlycZZFUNgHLb_o,君の翼になって,RZTM54088,"[""https://p3-pc.douyinpic.com/aweme/100x100/aweme-avatar/tos-cn-i-0813_o8BwATyERgFEBbF7rQQANJAGQIAfQiqfAHfIWD.jpeg?from=2064092626""]",CN,10,True,1017
7617054936418076520,7617816132238656313,2026-05-10T19:45:14.187830,这段可太刀了[泣不成声],1773661036,6,1,4,0,0,True,False,0,,-1,1239884726548269,MS4wLjABAAAAcFJgwOpRUKe1wMfu8ZzFGs5zGnzcIi04qlQ7LNJRHw6Gy9jlxK9gbsCtBNrdWPqr,偏我来时不遇春,dyrp2iuz4646,"[""https://p3-pc.douyinpic.com/aweme/100x100/aweme-avatar/tos-cn-i-0813c001_o4alRAAEPFBfTfMpEMLIAUGZBaA7vlAQIveWaZ.jpeg?from=2064092626""]",CN,10,True,1017
7617063490724915091,7617323605035008818,2026-05-10T19:45:44.691477,我发现作者挺尊重历史的，北伐从未成功,1773546360,55885,1,297,0,0,True,False,0,,-1,2330571329250876,MS4wLjABAAAA4Ua_iE4GiV-_jwZ-6P2msH3uC8HeiV0ZaE5PtBLCwT7r6LbBPCsbtalwnV2jftZ4,猫毛虫,shiyou17313,"[""https://p3-pc.douyinpic.com/aweme/100x100/aweme-avatar/tos-cn-i-0813c001_oEIAVo6AfCtAVg90iQQAGFEAqtDKxyAbtf0rVD.jpeg?from=2064092626""]",CN,5,True,3772
7617063490724915091,7617288738116698939,2026-05-10T19:45:44.691477,朕的澜将军根本忘不掉[捂脸],1773538242,4460,1,14,0,0,True,False,0,,-1,3668448619541388,MS4wLjABAAAA-lvPd8jZ5xCV51kSczNwVYZlzFGJb005LWUPBBT9iajCBVPyc76OPPNBYuwWVA4U,妈妈说名字很长的话就会有傻子跟着念，哈哈,35863730042,"[""https://p3-pc.douyinpic.com/aweme/100x100/aweme-avatar/tos-cn-i-0813c000-ce_o4fQAs1AapTWEwEAoftFIANDETAXBI9FNteAAE.jpeg?from=2064092626""]",CN,5,True,3772
7617063490724915091,7617315572300825401,2026-05-10T19:45:44.691477,对面关羽视野不见了 是不是想绕后偷袭,1773544489,23228,1,50,0,0,True,False,0,,-1,51034055513962,MS4wLjABAAAAuR7tfLXqOA3_XDnxdp2UUxlpmJQRAQeA5w1OhYSzMGs,在下沐辰,44378811260,"[""https://p3-pc.douyinpic.com/aweme/100x100/aweme-avatar/tos-cn-i-0813c000-ce_ogDEEFBaiAyVeRk0AegiAC8AK89EIoAvw0R9Li.jpeg?from=2064092626""]",CN,5,True,3772
7617063490724915091,7617071066569851685,2026-05-10T19:45:44.691477,我去，我还以为诸葛亮是文人，原来关羽智商 竟然在诸葛亮之上，竟然会背出师表,1773487561,8578,1,17,0,0,True,False,0,,-1,7510972182227682362,MS4wLjABAAAAFdCIBCdTRrAqNl94PMGYE1KyFSC9S66ND5n1cE0Lf-KjT_DO3MORaSE0riTcmm8M,想练元歌,83064058278,"[""https://p3-pc.douyinpic.com/aweme/100x100/aweme-avatar/tos-cn-i-0813c000-ce_o4o6JbfDOIhq7RSBYed6D9Zf3FrA0EqAFAA6Qg.jpeg?from=2064092626""]",CN,5,True,3772
7617063490724915091,7618524812923634490,2026-05-10T19:45:44.691477,北伐输习惯了[发怒],1773826038,4899,1,46,0,0,True,False,0,,-1,1129951788273784,MS4wLjABAAAA6K8A8c9xAhO6RfnCe-9qA92ir_-s7pdcy0L-N0FGM0_1N2S5o8Q6Ysm_xNaq7t8P,三行情书,laoyan67025,"[""https://p3-pc.douyinpic.com/aweme/100x100/aweme-avatar/tos-cn-i-0813c000-ce_oMBeE8EDA4fJj7BADShnBeiI6AFLX7AzngErZg.jpeg?from=2064092626""]",CN,5,True,3772
7617065344683227770,7617492296259142449,2026-05-10T19:45:56.323164,悲伤到呕吐那个地方，第一次看是在图书馆，图书馆特别安静，我特意去厕所笑的，但是在厕所笑的太大声，被举报了。,1773585636,59113,1,270,0,0,True,False,0,,-1,1591697990235326,MS4wLjABAAAAzr3AsdAQ5G13FE9j4A76qmes-Dh6E8Y_eER7mlITYgun2Y7ifTbHHlQfkDiQR77E,食堂菜十分难吃,DaisyNeverout,"[""https://p3-pc.douyinpic.com/aweme/100x100/aweme-avatar/tos-cn-i-0813_o0Wgp1FFAaZARhNn9MfCACrUkEIdEAFRAAAEfD.jpeg?from=2064092626""]",CN,5,True,3724
7617065344683227770,7617374812596208442,2026-05-10T19:45:56.323164,去年看了潜伏，才明白朱碧石悲伤到呕吐是在模仿余则成,1773558282,38739,1,154,0,0,True,False,0,,-1,60724943457,MS4wLjABAAAAEcaqxTIQ3f6SnqTMlQ0Les-xI0MV-sEGvC3RV95zZ58,兜兜DOO,,"[""https://p3-pc.douyinpic.com/aweme/100x100/aweme-avatar/tos-cn-avt-0015_5bf69232c2d53ff794b4df4c54a21d74.jpeg?from=2064092626""]",CN,5,True,3724
7617065344683227770,7617360375197811502,2026-05-10T19:45:56.323164,我甚至不记得朱碧石那一期有林志玲,1773554921,447,1,3,0,0,True,False,0,,-1,111072043726,MS4wLjABAAAADKIOJ9qxGTUWxk3nAH2Cv8GHa18Rt9wbJgwWA1LeqS4,🌈🌈🌈🌈为一月🌈,yuyuyu71072,"[""https://p3-pc.douyinpic.com/aweme/100x100/aweme-avatar/tos-cn-i-0813c001_ocOOEOiFALNwkaiEAABAIR42e4zgaCDAAjiVfB.jpeg?from=2064092626""]",CN,5,True,3724
7617065344683227770,7617354948665623339,2026-05-10T19:45:56.323164,全程高能[逞强落泪],1773553658,6922,1,14,0,0,True,True,0,,-1,4107374990202046,MS4wLjABAAAAqxBMTnW6fXDkl0vtr1ht5CvWFNFc1SzgSAc-x2PkHVZQ1qbzJ_TlGX2y4JiFSFNl,脆脆鲨不脆,idcuicuishabucui,"[""https://p3-pc.douyinpic.com/aweme/100x100/aweme-avatar/tos-cn-i-0813_ok64JA6A9IjALCUf5DEAxWBpAmwiiAaQCgvpFf.jpeg?from=2064092626""]",CN,5,True,3724
7617065344683227770,7621112097153614601,2026-05-10T19:45:56.323164,悲伤到呕吐 是我看得笑到离死亡最近的一次,1774428437,4404,1,19,0,0,True,False,0,,-1,63663735792,MS4wLjABAAAA48zbJcwgpgg-jWHYXcyQUbiWk0_RteT1cUlpOBFnxLw,n55iwi,judeheart,"[""https://p3-pc.douyinpic.com/aweme/100x100/aweme-avatar/tos-cn-avt-0015_d241e8df8c805d8ab198e7ab97c59b40.jpeg?from=2064092626""]",CN,5,True,3724
7617066833728125029,7617460053772550949,2026-05-10T19:46:21.455311,有那位大神知道，那个U盘好听点的，特别是Dj的，在线等,1773578129,6,1,13,0,0,True,False,0,,-1,1390248460823528,MS4wLjABAAAAatXIcVFJqA1iOdqruUWB_SiHazYk4FAp79mm2mTXDMraA0qg7jhZO-RQEc7ERPC6,一个人的日子,57364805306,"[""https://p3-pc.douyinpic.com/aweme/100x100/aweme-avatar/tos-cn-i-0813c000-ce_oQsgeyxiAc92AI2E9EioAjABwye8AEMHfIIA4z.jpeg?from=2064092626""]",CN,5,True,238
7617066833728125029,7617447847974355712,2026-05-10T19:46:21.455311,,1773575288,1,1,1,0,0,True,False,0,,-1,3566437307784174,MS4wLjABAAAA10jL8FhMcQbc77gu8fVNZcIr_FNgJ2MksPhs2uFW4p68k88Xx0z_QMWqQAZ2WeBK,入,ru14509,"[""https://p3-pc.douyinpic.com/aweme/100x100/aweme-avatar/mosaic-legacy_2deeb0000ff9b0e5d567d.jpeg?from=2064092626""]",CN,5,True,238
7617066833728125029,7618039763261883151,2026-05-10T19:46:21.455311,就怕买了不一样[感谢],1773713104,7,1,2,0,0,True,False,0,,-1,77189434863,MS4wLjABAAAAiXTlkliyDxe-3O944Wh94myA-E9Im6MGRd2ybYbz9MU,😍😍😍,dyzeg8odhyim,"[""https://p3-pc.douyinpic.com/aweme/100x100/aweme-avatar/mosaic-legacy_3791_5070639578.jpeg?from=2064092626""]",CN,5,True,238
7617066833728125029,7618009933908460325,2026-05-10T19:46:21.455311,这种音质的歌曲有u盘吗,1773706158,12,1,9,0,0,True,False,0,,-1,4018076683084012,MS4wLjABAAAA4mTYrjHXVGHjj86pdbQFLNrZdWIPXT2aW35ohE6046XKj8IsBuVLK65ofZeIaw3k,邱晨阳,97613398267,"[""https://p3-pc.douyinpic.com/aweme/100x100/aweme-avatar/tos-cn-i-0813c000-ce_oAAmAArlIQPBMAUBJvqaNEAniT6izii3ABx27.jpeg?from=2064092626""]",CN,5,True,238
7617066833728125029,7617472403719029504,2026-05-10T19:46:21.455311,歌词呢？,1773581004,0,1,2,0,0,True,False,0,,-1,2475720559571416,MS4wLjABAAAAyJmLdjZr2Zvz5i0a-kM1EnKM4Ns3FP1BVAW8NDtMz968108zp6wkJElfYx2005Ib,老梁！,laoliang6363,"[""https://p3-pc.douyinpic.com/aweme/100x100/aweme-avatar/tos-cn-i-0813_e62bdd3a7ffb4e55add21c5b3d317835.jpeg?from=2064092626""]",CN,5,True,238
7617105267695714438,7617180137348924219,2026-05-10T19:47:45.089250,ok啊今天也是狠狠熬夜看助眠,1773512963,679,1,20,0,0,True,False,0,,-1,2552398565349498,MS4wLjABAAAALw6HtKRIetJ4eGXnXZk-UhxG8RrXBXMLqmPJChVxtFoAo32hZXZDql3_25u0FHVC,sheep,39633866310,"[""https://p3-pc.douyinpic.com/aweme/100x100/aweme-avatar/tos-cn-i-0813c000-ce_o8F0RA2ohARpENcAEe4GC9bEeyEfIDZAAk3wED.jpeg?from=2064092626""]",CN,5,True,336
7617105267695714438,7617717806067106575,2026-05-10T19:47:45.089250,弄完后：不，我的化妆品 不我的粉底液  不我的眼影[流泪],1773638143,113,1,7,0,0,True,False,0,,-1,3994981009214871,MS4wLjABAAAA4RMfZqFWjPiDvR6-nRAxUyR5aPef2x23vp3Q1ZyHwOwgF9dnjHHYqf6YyldOlPwU,总裁爱上了他的小娇妻但发现他的小娇妻是给,58945097530,"[""https://p3-pc.douyinpic.com/aweme/100x100/aweme-avatar/tos-cn-i-0813_owBmBAmQ7ak8EMDxMAAGKIAzEAeTffMd9lZBXE.jpeg?from=2064092626""]",CN,5,True,336
7617105267695714438,7617331793184654138,2026-05-10T19:47:45.089250,这个假发的质量看起来好好诶[钱],1773548266,50,1,1,0,0,True,False,0,,-1,4031260935597299,MS4wLjABAAAAyse356Inm581XIuoMhZLpVPbQzZnYAS4KjQ-sHvGulqfIHkb6ctMPgB3jRVyETOY,Jessie星星,95153822775,"[""https://p3-pc.douyinpic.com/aweme/100x100/aweme-avatar/tos-cn-i-0813c000-ce_oYAGAf3hDJHTFAOB9tEbW7If7FOQMiKgk07FfA.jpeg?from=2064092626""]",CN,5,True,336
7617105267695714438,7617434770062295857,2026-05-10T19:47:45.089250,主播小红书上有人盗你视频，我已经帮你举报啦[星星眼],1773572242,13,1,1,0,0,True,False,0,,-1,108614044606,MS4wLjABAAAA5faylKaGwkFfX-3njEyPr-jKWayERXXgB9oVZcl6pxQ,茉莉花茶🍵,jasmine._.tea,"[""https://p3-pc.douyinpic.com/aweme/100x100/aweme-avatar/tos-cn-i-0813c000-ce_ocvbRMvaJAwS1plBAKPCEYVun5jD8dhiAIAAi.jpeg?from=2064092626""]",CN,5,True,336
7617105267695714438,7619970062439088932,2026-05-10T19:47:45.089250,1号已睡，2号准备,1774162538,6,1,12,0,0,True,False,0,,-1,94097048038,MS4wLjABAAAA_fXlCAKspg1-0WpNHa8E5jGRD-jCxkJ5yDXYQCIhFNU,鑫&满,,"[""https://p3-pc.douyinpic.com/aweme/100x100/aweme-avatar/mosaic-legacy_2d071000466d19fe8e738.jpeg?from=2064092626""]",CN,5,True,336
7617116714296200826,7617228251245757243,2026-05-10T19:47:56.506885,你猜猜用root的是什么人群[噢买尬],1773524165,3571,1,88,0,0,True,False,0,,-1,1181298613563047,MS4wLjABAAAAIln32-Bo7MAH6pCyxbiRoIeOJfJZ8_rRJeYvfXTpdIpfZjO3Qb34ratE9M8wDG6B,小何同学!,July_20hxx,"[""https://p3-pc.douyinpic.com/aweme/100x100/aweme-avatar/tos-cn-i-0813c000-ce_oAFE5KDyFAFWqHRXA93EACDAOjiIQoAfwpI4eE.jpeg?from=2064092626""]",CN,5,True,1095
7617116714296200826,7617225650827707146,2026-05-10T19:47:56.506885,bro刷完root逃跑成功心脏挖出来还能跳三天,1773523561,5168,1,10,0,0,True,False,0,,-1,111280744031,MS4wLjABAAAA-9rWPtFecV_ioJK1RuNmQxTr_z37R-TtYBDLQWsPVqc,念春寂,,"[""https://p3-pc.douyinpic.com/aweme/100x100/aweme-avatar/tos-cn-i-0813_oQTGAqAJdIAkeAtTAXAIIME2eABDcEBGSGe77L.jpeg?from=2064092626""]",CN,5,True,1095
7617116714296200826,7625602298269811498,2026-05-10T19:47:56.506885,家人们主播刷了这么多root为什么还刷呢？？,1775473893,36,1,1,0,0,True,False,0,,-1,813290881815515,MS4wLjABAAAAa287kOOLsaaOS2QUH89iEicjfrza627o7nhK1bmrUFA,知了,zhile30707,"[""https://p3-pc.douyinpic.com/aweme/100x100/aweme-avatar/tos-cn-i-0813_73c3917406f54606898f4cd359b7677f.jpeg?from=2064092626""]",CN,5,True,1095
7617116714296200826,7617244251345175302,2026-05-10T19:47:56.506885,鼠鼠主包太有代入感了，想起我初中那会早上5：45叫醒宿管，骗他说去操场跑步，其实是回去教学楼玩魔兽争霸和罪恶都市，初一的时候教室在三楼，要等到6点左右等保安过来开楼梯闸才能上楼，后面初二了，教室在一楼，就不用等开闸了。还能提前准备一个泡面，在教室把饮水机的水煮开，泡个面当早餐，边吃边玩爽歪歪[坏笑],1773527887,217,1,3,0,0,True,True,0,,-1,95949544009,MS4wLjABAAAAFbts7CZGV864byFbN1ywXyNHxNZ1QrYeMDFTYbV_i0k,章鱼火鸡面（努力减重版）,ZYG010518,"[""https://p3-pc.douyinpic.com/aweme/100x100/aweme-avatar/tos-cn-i-0813_oYppmeo6AAA7A969gIFgRtCDcfcWSD9EAACCPQ.jpeg?from=2064092626""]",CN,5,True,1095
7617116714296200826,7617235125701133090,2026-05-10T19:47:56.506885,刷root有啥用，玩啥手机游戏带不动啊[听歌],1773525764,241,1,6,0,0,True,False,0,,-1,73648625255,MS4wLjABAAAAuSRaec-mR3oB-ldgIA67MDZTcld1va7vMhbJaT2wNxE,😭,,"[""https://p3-pc.douyinpic.com/aweme/100x100/aweme-avatar/tos-cn-i-0813c001_oYCIBAv6EFAcfiAAQ7tDGfQXj8PA70SKVBzfEv.jpeg?from=2064092626""]",CN,5,True,1095
7617116763083867226,7623411480415240997,2026-05-10T19:48:24.221046,最近在对比，看安踏毒刺7和音速猫逆天3.5，小白不太懂怎么选,1774963803,2,1,1,0,0,True,False,0,,-1,130208860218538,MS4wLjABAAAArgNbn0upIwo0GevsnQWxjgG1UyfkbYtZ4hLCQLUCAFc,书音,98910983162,"[""https://p3-pc.douyinpic.com/aweme/100x100/aweme-avatar/tos-cn-i-0813c000-ce_okPiaAAMBSiAAaC2AIPEIRlmBxnirrvy66bqn.jpeg?from=2064092626""]",CN,5,True,158
7617116763083867226,7631586838021784377,2026-05-10T19:48:24.221046,我这个是衰减了吗,1776867277,0,1,0,0,0,False,False,0,,-1,15271733701,MS4wLjABAAAASdxQKCTtn9N3PFhQNetYsKi0_hW20AuLdTnpgGhbzCc,bay,bay0512,"[""https://p3-pc.douyinpic.com/aweme/100x100/aweme-avatar/tos-cn-avt-0015_bcb11ef80923cf32cd7cc10ffe6bfee9.jpeg?from=2064092626""]",CN,5,True,158
7617116763083867226,7617268234873717553,2026-05-10T19:48:24.221046,飙速future比他出的还早吧[看][看],1773533468,1,1,1,0,0,True,False,0,,-1,3293761641132168,MS4wLjABAAAAOXWS6Wt5GW5cTRG0Zgk_3ZYYH-8VCXrGGmg57TMhObRplhku25p8gYAYohO0GJPu,25225807387,25225807387,"[""https://p3-pc.douyinpic.com/aweme/100x100/aweme-avatar/aweme_default_avatar.png.jpeg?from=2064092626""]",CN,5,True,158
7617116763083867226,7617355278329512755,2026-05-10T19:48:24.221046,160斤会踩穿吗？,1773553734,13,1,84,0,0,True,False,0,,-1,1612339906903817,MS4wLjABAAAAmvOEm60YEfiYKX4IxqBPEXwNC9pJnA-E30S3pRcxzuLfo_8wMZ387rXs4d3HXMMM,心平能愈三千疾,27726420114,"[""https://p3-pc.douyinpic.com/aweme/100x100/aweme-avatar/tos-cn-i-0813_ogpDE0mAABiPkgAAiGBCfi833ANLhIIZ9geTSA.jpeg?from=2064092626""]",CN,5,True,158
7617116763083867226,7617412688683778850,2026-05-10T19:48:24.221046,[笑哭],1773567102,7,1,2,0,0,True,False,0,,-1,866878672615933,MS4wLjABAAAAb2i4AkVxjqFMzTHBj_OP4lh7m4YHhvu-SITufy7jx04,黎黎控,50018061347,"[""https://p3-pc.douyinpic.com/aweme/100x100/aweme-avatar/tos-cn-i-0813_ogxCAxifD2wpiAA4Eds79LrBgigACXAiYBeiIA.jpeg?from=2064092626""]",CN,5,True,158
7617161260715877331,7617166056411579185,2026-05-10T19:48:52.736641,这波贪了该留春晚看的[泣不成声],1773509681,1098,1,3,0,0,True,False,0,,-1,2141483602811176,MS4wLjABAAAANjcpWfyjNrnYfCyz4rIaHPBe_y-PPd1AFyYPSw7UOepGqGr5wF5VFhTwYhlawiGK,初雪夜,beiming38019,"[""https://p3-pc.douyinpic.com/aweme/100x100/aweme-avatar/tos-cn-i-0813c000-ce_osASt6EwnnAFCEKqDr9zo7ffArDJECAIKAvpKs.jpeg?from=2064092626""]",CN,5,True,174
7617161260715877331,7617275576995513107,2026-05-10T19:48:52.736641,看了一下小乔挺惨的，想收一个人头，自己就没了，满血哦。,1773535180,142,1,6,0,0,True,False,0,,-1,4009289248942283,MS4wLjABAAAA_ERX2fhtRqNb2pCZqu8E5lNCT6Jx9Yz83r4nzCdstMzRqn4VEM4yuc6GpbWXoQZ1,愿心晨,74999866445,"[""https://p3-pc.douyinpic.com/aweme/100x100/aweme-avatar/tos-cn-i-0813_o0IAAUIaAoPwgEiAMrnDRv2APAiVWBCABbg7V.jpeg?from=2064092626""]",CN,5,True,174
7617161260715877331,7617205109033878314,2026-05-10T19:48:52.736641,这小乔有力气[呲牙][呲牙][呲牙],1773518777,8,1,3,0,0,True,False,0,,-1,1607953119448627,MS4wLjABAAAAPe9FlYRALfk6d07IX-fasRVlI8gcMRzgOBm3LyzY5_mly_mnwaiwKWCTW2rYtXXP,无证驾驶去缅北半路被交警扣50块钱,62830443796,"[""https://p3-pc.douyinpic.com/aweme/100x100/aweme-avatar/tos-cn-i-0813c000-ce_ogeRAAAKswhCCgAAfA4exenfbJ4sPEeFYIL0fxf.jpeg?from=2064092626""]",CN,5,True,174
7617161260715877331,7617366778217513777,2026-05-10T19:48:52.736641,,1773556411,1,1,1,0,0,True,False,0,,-1,949571761221847,MS4wLjABAAAA9pdF0CElSsHsmhp9rBeToytQImuYozS4nMSvwsR0cPc,搞钱小喵,damiao27281,"[""https://p3-pc.douyinpic.com/aweme/100x100/aweme-avatar/tos-cn-i-0813c000-ce_oYrPI0h4iWX9AiiBUAoEAwEpgyApC8BzAIGfeD.jpeg?from=2064092626""]",CN,5,True,174
7617161260715877331,7617164697792693030,2026-05-10T19:48:52.736641,小乔嘎巴一下睡着了,1773509365,0,1,1,0,0,True,False,0,,-1,7530953899810473019,MS4wLjABAAAA21AxpeDsp8le_a9qKJ5qvH3VWG_V8D7wegr_-_EEd1UCtakPod2At2zOiFs_ZhTz,誓泽铭,62677304737,"[""https://p3-pc.douyinpic.com/aweme/100x100/aweme-avatar/tos-cn-i-0813_oYm4I0FWA8ClQcL1AADAQpOz95pgeCBAAvEKft.jpeg?from=2064092626""]",CN,5,True,174
7617181198683108339,7617759328954761990,2026-05-10T19:49:25.573883,绝杀,1773647810,7,1,0,0,0,True,True,0,,-1,92608234569,MS4wLjABAAAAWqapK0niJBCGEFq2wGvWCi_BOfY_XM48qFmsJZKEQDk,赋别り,yp1164324295,"[""https://p3-pc.douyinpic.com/aweme/100x100/aweme-avatar/tos-cn-i-0813c001_oYAg1bIgDAAF0E2YAs91hHfuAHDYACAQzAdoGf.jpeg?from=2064092626""]",CN,5,True,97
7617181198683108339,7617541461119517486,2026-05-10T19:49:25.573883,是怎么做到和我一样是Jayme，这个作品又全是资妈歌里我最爱的几首的[展开说说]（你怎么知道我下个月要去苏州看孙燕姿了）,1773597091,45,1,20,0,0,True,True,0,,-1,63235551636,MS4wLjABAAAAdLCj4y4n-5Rz0Q0zUoUyOs63Qd_U-_sodoPaQ9QQtMo,绵,,"[""https://p3-pc.douyinpic.com/aweme/100x100/aweme-avatar/tos-cn-avt-0015_d4e96d2ab5d18f0760c2b90333b9d255.jpeg?from=2064092626""]",CN,5,True,97
7617181198683108339,7618477743257469715,2026-05-10T19:49:25.573883,[戳手手]我倒要去看看有没有这么好听,1773815081,6,1,1,0,0,True,True,0,,-1,945228370423703,MS4wLjABAAAAd2W1cQ-p3osoWQf_5X-yRhPa_m3Z7y0MD0nXw0dw7UM,搁浅🌄,69066814813,"[""https://p3-pc.douyinpic.com/aweme/100x100/aweme-avatar/tos-cn-avt-0015_edfb4780df2915dd54d01a1fb7f9f85a.jpeg?from=2064092626""]",CN,5,True,97
7617181198683108339,7617710807909401402,2026-05-10T19:49:25.573883,"""手机可以放下，没关系的""，这是燕姿25年10.24南京站现场说的话，那场内场气氛没嗨起来，26号就嗨爆了，还有内地唯一安可[呲牙][呲牙]",1773636513,13,1,1,0,0,True,False,0,,-1,93423976763,MS4wLjABAAAAfKIlt_1LJ_aOj7WI8nZ-2ulXkOZmCK77dklsgm2kTxk,逗你玩儿,,"[""https://p3-pc.douyinpic.com/aweme/100x100/aweme-avatar/tos-cn-avt-0015_cfdd1cb4ce2d7c915488d6876ff5cbd4.jpeg?from=2064092626""]",CN,5,True,97
7617181198683108339,7617791969410810681,2026-05-10T19:49:25.573883,这是10.24南京场吗,1773655410,1,1,1,0,0,True,False,0,,-1,54405728521,MS4wLjABAAAAn8VNCOgajgotABsIMPDRcBErSRfoVuSvgXqppJmMbjM,汉堡汉堡,,"[""https://p3-pc.douyinpic.com/aweme/100x100/aweme-avatar/tos-cn-avt-0015_4cfbcf3b71edb0a701140440a20666ca.jpeg?from=2064092626""]",CN,5,True,97
7617248654685339897,7620755042405466929,2026-05-10T19:49:35.027193,我昨天反着来撑了八个小时,1774345305,611,1,25,0,0,True,False,0,,-1,83797992123,MS4wLjABAAAABgfhyE6yh6RlPxYqDb3ZCdyATUhgw808tYDb4Gh0Zfw,月亮慢慢圆,,"[""https://p3-pc.douyinpic.com/aweme/100x100/aweme-avatar/tos-cn-i-0813c000-ce_okDI0IzKEW8BQcrFJWsGeJf7FXALAAEgABJTIe.jpeg?from=2064092626""]",CN,5,True,921
7617248654685339897,7617692343575266054,2026-05-10T19:49:35.027193,确实，我练了1个月平板能30分钟，但感觉没有一点用，现在改练卷腹，效果好很多,1773632215,327,1,36,0,0,True,False,0,,-1,50335970387,MS4wLjABAAAAVtq22qALm2AnOwmKSNaVUvJkdTvan1ZKzdVM9osID10,全能新手™,guai10595,"[""https://p3-pc.douyinpic.com/aweme/100x100/aweme-avatar/tos-cn-avt-0015_49bd0d716a7aa88776c256a206528f41.jpeg?from=2064092626""]",CN,5,True,921
7617248654685339897,7621081486305510193,2026-05-10T19:49:35.027193,真不是我想说你，所有人先去做，至于做的对不对，你先做，做一段时间再说，你上来就否认了大部分人这不对，那不对的[捂脸]别人做都没信心了，这个主要说我自己,1774421311,14,1,2,0,0,True,False,0,,-1,201897962127677,MS4wLjABAAAATpWVWGOxl7urQ8KpxttCoW0r5zvK_iWM9KknQEMP8BE,渲玉锦,dydtlelhsmde,"[""https://p3-pc.douyinpic.com/aweme/100x100/aweme-avatar/tos-cn-avt-0015_f9d37a077928e71a1714eadb6593cdf5.jpeg?from=2064092626""]",CN,5,True,921
7617248654685339897,7617374662645596968,2026-05-10T19:49:35.027193,我一般做三组，每组1分钟,1773558248,4,1,1,0,0,True,False,0,,-1,96657480000,MS4wLjABAAAAk-icLj3kgrb_IgRC7y85_SKvfrzJ6dB4qLvTnXsFxUk,高唱,,"[""https://p3-pc.douyinpic.com/aweme/100x100/aweme-avatar/tos-cn-i-0813c001_736a507df9894d5ca35192f4daff80e3.jpeg?from=2064092626""]",CN,5,True,921
7617248654685339897,7630226215592379163,2026-05-10T19:49:35.027193,早晚各2分10秒，第二天是最难的，哪哪都痛,1776550484,0,1,1,0,0,True,False,0,,-1,98064963428,MS4wLjABAAAAbaBRqcsi4acksnMb9q-pxeX1ipQHoTjbN1Ex0mD--_E,无名的人,H199522520050426,"[""https://p3-pc.douyinpic.com/aweme/100x100/aweme-avatar/tos-cn-i-0813_owAiysUwDQApme1qAzFAC49VFCfGpAAIEUg2AH.jpeg?from=2064092626""]",CN,5,True,921
7617285459802180879,7624076459115758379,2026-05-10T19:50:04.946982,超反差，稀饭号跟这里的反差太大了,1775118971,3699,1,8,0,0,True,False,0,,-1,2675543725057060,MS4wLjABAAAAck-Zngvlkhbmo0jcWPc0Vl9w84wGw10eUtQDkIfnhHgVH9DzsKiu68YWU4s_oFc8,Bigo念念(私信限制看主页）,82493295989,"[""https://p3-pc.douyinpic.com/aweme/100x100/aweme-avatar/tos-cn-i-c9aec8xkvj_2cf22ea6c4084d9cb7b38ce62db81ef4.jpeg?from=2064092626""]",CN,5,True,8364
7617285459802180879,7617445750595715846,2026-05-10T19:50:04.946982,稀饭是我高中女神啊，不准撩，小心找一车面包人弄你～[发怒],1773574800,55358,1,405,0,0,True,False,0,,-1,26822781960557,MS4wLjABAAAA823ka0ZP8VhN4qqrdOjYdbmwYe0kFBeZv3p8ZkJqEZQ,不眼不语！,74546043814,"[""https://p3-pc.douyinpic.com/aweme/100x100/aweme-avatar/tos-cn-i-0813_b904116c126c4164a56e90acddd111b6.jpeg?from=2064092626""]",CN,5,True,8364
7617285459802180879,7618190426110083877,2026-05-10T19:50:04.946982,孩子们在外面玩够了记得回家吃饭,1773748182,13,1,1,0,0,True,False,0,,-1,1047179157310279,MS4wLjABAAAAzR7B-8ZJISx4zugscm0zu_vxcmCFYSVQuqrIw84cCBq5rk_u2gRA9M6SiOnsaabc,祈若凌,79462643822,"[""https://p3-pc.douyinpic.com/aweme/100x100/aweme-avatar/tos-cn-i-0813c000-ce_o0866iMAiICEwly4nUfnAAvAeAg9zBeOEAK9Ed.jpeg?from=2064092626""]",CN,5,True,8364
7617285459802180879,7617286051656123185,2026-05-10T19:50:04.946982,下次还来一起吃呀，太有趣了嘻嘻～,1773537616,8989,1,160,0,0,True,False,0,,-1,61419061555,MS4wLjABAAAAM218l9Jt3KhM3hxc0qKH1vp3iPejMsW8-cGIQDz_Wws,同事1,shiqing1590,"[""https://p3-pc.douyinpic.com/aweme/100x100/aweme-avatar/tos-cn-avt-0015_de52974edc6c008197caaa19d8451f2b.jpeg?from=2064092626""]",CN,5,True,8364
7617285459802180879,7617318705308156729,2026-05-10T19:50:04.946982,此人建模恐怕不在我之下,1773545219,5121,1,33,0,0,True,False,0,,-1,4268747015848699,MS4wLjABAAAAKU1-PoZtc_yEccQvJMuvgV847GpEVv_uttOnfQe3GxaSYu44VNwGSwZyOI_wlqUQ,你说,62491780479,"[""https://p3-pc.douyinpic.com/aweme/100x100/aweme-avatar/tos-cn-avt-0015_93d5e7986277aa82fb5b940dced2ebf5.jpeg?from=2064092626""]",CN,5,True,8364
7617330543197228315,7617430805305131818,2026-05-10T19:50:40.207976,小舞桐在下界受了委屈的话比海神三叉戟先到的是你紫叔叔的雷霆大剑[憨笑],1773571321,68337,1,207,0,0,True,False,0,,-1,61225033905,MS4wLjABAAAAVwvU1Y2LJCnoAdNyK9fnV6m0rh8H3TR5k79roFnZvDY,陆小果,NC6400gao25,"[""https://p3-pc.douyinpic.com/aweme/100x100/aweme-avatar/tos-cn-i-0813_o8AApFRPctXhDDUA9fsCI7AlgNEeAFAQAnb8Io.jpeg?from=2064092626""]",CN,5,True,5179
7617330543197228315,7618457851921171219,2026-05-10T19:50:40.207976,唐舞麟：姐，斗罗大陆真那么好玩吗，我怎么感觉跟你不一样啊,1773810447,24918,1,85,0,0,True,False,0,,-1,2796745672104478,MS4wLjABAAAAgD7ra2atIEzYm58uhMpaFx3U9r6E84Dcoy5fr9XqdQ7i4rUu0ShIZL4R62FAoMl5,泪也是累,zhengyhnb666,"[""https://p3-pc.douyinpic.com/aweme/100x100/aweme-avatar/tos-cn-avt-0015_b41e082df43e1e0b0c01799e73597302.jpeg?from=2064092626""]",CN,5,True,5179
7617330543197228315,7628101371799061274,2026-05-10T19:50:40.207976,唐舞麟看完这个视频天塌了,1776055753,25,1,1,0,0,True,False,0,,-1,2115924581168439,MS4wLjABAAAAt4_AaWgmDVBBkxZ6pveU6tM3JNaGF7-aUhOy_8K4LM2k7pS5UB-KSrTLFvKGZOPT,Y.✨,69508528187,"[""https://p3-pc.douyinpic.com/aweme/100x100/aweme-avatar/tos-cn-i-0813_owAAdEpAwiIxC6XpHaBqIgvn9PyaAm0tAihEK.jpeg?from=2064092626""]",CN,5,True,5179
7617330543197228315,7617369800369160997,2026-05-10T19:50:40.207976,这么一看，唐舞麟过得真的超级苦[流泪],1773557115,44084,1,242,0,0,True,False,0,,-1,2784398857218573,MS4wLjABAAAA_xHTtpUC-aaJOSDHMSUfCaqrSETGA8i-k5TaV1wucQHZlpYVbzHGEEOOBrhN3RSP,huo.,2297192922.,"[""https://p3-pc.douyinpic.com/aweme/100x100/aweme-avatar/tos-cn-i-0813c000-ce_oIAAuIAirx0AUIonILi4CieAeEYB9wdnZEvDzy.jpeg?from=2064092626""]",CN,5,True,5179
7617330543197228315,7632556720015852325,2026-05-10T19:50:40.207976,看到这个心疼唐舞麟了[流泪],1777093095,9,1,1,0,0,True,False,0,,-1,2777795638604948,MS4wLjABAAAAyK1DVNREz3J3ZBEy64vehLNnPlxC-Xoin3sS6cwqTplFNUuOkuYzxfEpBOBeUJ0s,银兮颜.,78166394962,"[""https://p3-pc.douyinpic.com/aweme/100x100/aweme-avatar/tos-cn-i-0813c000-ce_o8TDW49FLAy2YaAQAeegA7Kg7TitIerenippAH.jpeg?from=2064092626""]",CN,5,True,5179
7617340590414769521,7617444507126104895,2026-05-10T19:50:55.680659,终于弹了完整版了[流泪],1773574509,211,1,18,0,0,True,False,0,作者,1,3028469680178491,MS4wLjABAAAAJVhNuhebEoskfLr0OG5gQAwUtOBHEce8ikSuangUgObdA7EWzH_DIFbnTcYNlXlx,发财钢琴猪🎹,kevinpiano8,"[""https://p3-pc.douyinpic.com/aweme/100x100/aweme-avatar/tos-cn-avt-0015_4996a890386ec0a0e1d2d5640fd9885c.jpeg?from=2064092626""]",CN,10,True,240
7617340590414769521,7617556451577463604,2026-05-10T19:50:55.680659,每次听到于是都会很难过，跟前男友在一起的时候他车上总是会放这首歌，有时候会让我和他一起唱，这首歌承载特别多回忆，现在听到也是 没办法 他幸福就好了,1773600580,351,1,4,0,0,True,False,0,,-1,7570130529933788209,MS4wLjABAAAA051veeIu5HEH1xTG8bzspcim2EX4V8vvOKo3tmHBlHRcZ1TjWzh0lOYix6i3YgED,水沝淼,76657727236,"[""https://p3-pc.douyinpic.com/aweme/100x100/aweme-avatar/tos-cn-avt-0015_6b0f01f6113b8f63131c0cb97979e9f0.jpeg?from=2064092626""]",CN,10,True,240
7617340590414769521,7620872238653489957,2026-05-10T19:50:55.680659,老师能不能扒郑润泽的槿,1774372595,34,1,2,0,0,True,False,0,,-1,4116992005772510,MS4wLjABAAAA-HqvFkGPqadbs7OQvsqjV0aACDTqzjkqYS8dFh9lf1ulndZG_Ryerxgev91eBRK7,理解性^,dy1mtazfl9xwe,"[""https://p3-pc.douyinpic.com/aweme/100x100/aweme-avatar/tos-cn-avt-0015_271ec3c28df5cc6fba1064bb744ae2d9.jpeg?from=2064092626""]",CN,10,True,240
7617340590414769521,7617469510416925490,2026-05-10T19:50:55.680659,我也想要天上的星星[流泪],1773580330,4,1,1,0,0,True,False,0,,-1,97414081349,MS4wLjABAAAAb8h4724pYtdnuLWWC9WN_OXMJ0Ez8jhe0C15Eq7Ry4s,示我以真,huan_456,"[""https://p3-pc.douyinpic.com/aweme/100x100/aweme-avatar/tos-cn-i-0813_oYoAdDi9PEBRg3AAYsAgf8i40rIHeu1ANAEcjC.jpeg?from=2064092626""]",CN,10,True,240
7617340590414769521,7617697331501548325,2026-05-10T19:50:55.680659,好爽。。好痛。。。好爽。。。,1773633376,40,1,3,0,0,True,False,0,,-1,2792386217907512,MS4wLjABAAAANiCC54h02LTLqWGx7XrElA4vY6Z67_RI6wgQB8Foaf44kUHkJVKMuPXtcwTtcQuH,蟹laao板❄️,xielaaoban413,"[""https://p3-pc.douyinpic.com/aweme/100x100/aweme-avatar/tos-cn-i-0813c000-ce_oMy6SgGJELAZIHFGiAIQA2BAJf7Xe7fNT4yCgN.jpeg?from=2064092626""]",CN,10,True,240
7617366114821873827,7617388427000300329,2026-05-10T19:51:30.783275,喵喵咪咪的都来吃诚实一口烘焙猫粮 yummy yummy,1773561855,50965,1,220,0,0,False,False,0,作者,1,3846528230493376,MS4wLjABAAAA_s2UO9R-G6y5AiLHO-Hy-XJjYVR5YXXgzLolGyDZYaQoVyRidhszqzbxIRm3M2cn,查呸琪,ChJpiizn000522,"[""https://p3-pc.douyinpic.com/aweme/100x100/aweme-avatar/tos-cn-avt-0015_f836f7c686a9b99ede5965104aff0cae.jpeg?from=2064092626""]",CN,5,True,4518
7617366114821873827,7617598426872464179,2026-05-10T19:51:30.783275,《因为你长就的像啊 你个叛忍》《你长的像杨梅》《？》[泣不成声],1773610356,825,1,1,0,0,True,False,0,,-1,2076314673099262,MS4wLjABAAAABcPt9x3lSdYX4F9pfJ1FmSzTVWCUWiV0llDQjmaIVR_FHk0hG862r7PIX3cgze3K,Molirainy（宁芙奖请投画家,liuqi2014213,"[""https://p3-pc.douyinpic.com/aweme/100x100/aweme-avatar/tos-cn-i-0813c001_oQDigxS2EU5ACheC6kABPAXeHYAiAATgAhU0Im.jpeg?from=2064092626""]",CN,5,True,4518
7617366114821873827,7619699809574241074,2026-05-10T19:51:30.783275,？,1774099613,204,1,2,0,0,True,False,0,,-1,4112604926585119,MS4wLjABAAAAGAy4WsK5ElMvLGje-ilyY9yj3KBXpEPL6vSjHpwHJN2-D6mGvptH5VzOYjd-wK9K,没墨水,63963269242,"[""https://p3-pc.douyinpic.com/aweme/100x100/aweme-avatar/tos-cn-avt-0015_31bf1c67926faf5381b0887e26b17cba.jpeg?from=2064092626""]",CN,5,True,4518
7617366114821873827,7622227703475192619,2026-05-10T19:51:30.783275,我真的绷不住[捂脸],1774688185,110,1,1,0,0,True,False,0,,-1,3905939103023831,MS4wLjABAAAAUvBD6tbHqDURyWzS9kHCxqGGyp0xrb8c1W_lyVtHnhZPA6gA4ydE9q7pWsXa9y9k,思绪千忧难解.,86567266626,"[""https://p3-pc.douyinpic.com/aweme/100x100/aweme-avatar/tos-cn-i-0813_os2Xc9AAEivJ8qAAmz0AEBiC4ISCCDAfgAwiDe.jpeg?from=2064092626""]",CN,5,True,4518
7617366114821873827,7617392733955719985,2026-05-10T19:51:30.783275,我求这三个雷霆人了，感觉缠了我很久,1773562455,612,1,2,0,0,True,False,0,,-1,4387468323097316,MS4wLjABAAAAbvs4PgjSVPzhFFQv7rxi_mSPVsQJhjxAci5krZ0UQcD2O-U2lAy-Y6cOnfMwgH90,东邪,24427882248,"[""https://p3-pc.douyinpic.com/aweme/100x100/aweme-avatar/tos-cn-i-0813c000-ce_oEonCyKAMXPAkBhWCAsPQIiwnaiCFuIAE7iAP.jpeg?from=2064092626""]",CN,5,True,4518
7617366269179825444,7617546254613267257,2026-05-10T19:51:40.165291,当时两首歌，《北京欢迎你》用了半壁江山，《千山万水》用了另外半壁江山,1773598205,9,1,0,0,0,True,False,0,,-1,101708296356,MS4wLjABAAAAOq_Ci0lUp01N-hf7VbWuUGKZUf4od01soByBC-V-F5A,悲伤糖炒栗子,,"[""https://p3-pc.douyinpic.com/aweme/100x100/aweme-avatar/tos-cn-i-0813c000-ce_oUUCAvZfDVFpFEA9EERG9Q1DwESAnmAFfM1KIA.jpeg?from=2064092626""]",CN,5,True,57886
7617366269179825444,7617858802604409606,2026-05-10T19:51:40.165291,"统一回复：
杰伦独唱千山万水 我认为真杰迷不会有这些疑问[泣不成声]",1773670971,61,1,0,0,0,True,False,0,,-1,97340660261,MS4wLjABAAAAARbEozTtcTW_pEfix0pxHNm93LONZdie99LwBrYEoGY,细雨,jay_dt_kf0l4z1x0,"[""https://p3-pc.douyinpic.com/aweme/100x100/aweme-avatar/tos-cn-i-0813c001_oUGDCAyAEAjAQ1FASe6A5Xlfxej7EvBN2IBqup.jpeg?from=2064092626""]",CN,5,True,57886
7617366269179825444,7627873631330288427,2026-05-10T19:51:40.165291,08年华语乐坛。哪位歌手敢说他是第一？ [捂脸],1776003021,1,1,0,0,0,False,False,0,,-1,75944900596,MS4wLjABAAAAKUeA7zHumAwRb6oAf_GSdpYrwQVerEJRBaLA16CbnH4,南栀。,,"[""https://p3-pc.douyinpic.com/aweme/100x100/aweme-avatar/tos-cn-i-c9aec8xkvj_78702185aaf94d83928d275ad860b6ef.jpeg?from=2064092626""]",CN,5,True,57886
7617366269179825444,7617733791709053745,2026-05-10T19:51:40.165291,"个人创作
周杰伦没有参与《北京欢迎你》的演唱，是因为他为北京奥运会单独创作并演唱了《千山万水》。这首歌由方文山作词，周杰伦作曲并演唱，表达了对北京奥运会的支持和祝福。作为奥运独唱歌曲，《千山万水》展示了周杰伦的音乐才华和对奥运的独特贡献，因此他没有参与《北京欢迎你》的合唱 。",1773641864,22,1,0,0,0,True,False,0,,-1,1811645221575341,MS4wLjABAAAArdGUMvJfdHUaIXMQkxSVV90bBxKJobeMUbVZETtLWzy_WaWu6Mt_RQVOUX5cl-ug,笑看人生（可私聊）,nmsb5m49c66m,"[""https://p3-pc.douyinpic.com/aweme/100x100/aweme-avatar/tos-cn-avt-0015_7bad49dcac9a081f18e002a27d2c3e84.jpeg?from=2064092626""]",CN,5,True,57886
7617366269179825444,7617724796385968953,2026-05-10T19:51:40.165291,周杰伦没有参与《北京欢迎你》的演唱，主要是因为他选择了以另一种方式参与北京奥运会。他为奥运创作并演唱了自己的歌曲《千山万水》，并在2008年3月10日北京奥运会征歌截止前一天提交了这首歌。,1773639769,19,1,0,0,0,True,False,0,,-1,64015329633,MS4wLjABAAAA2B3jb5YhkD-ja0rHMyRo5DaCjPp3Y2wxyde6pHCw4v0,何方ˣ♥♥ˣ妖聂,18252030036JAY,"[""https://p3-pc.douyinpic.com/aweme/100x100/aweme-avatar/tos-cn-i-0813_fd0bfb493f4c4a29b22ffb17d360cc3f.jpeg?from=2064092626""]",CN,5,True,57886
7617368415921065270,7619650138227622671,2026-05-10T19:51:48.696610,"“我虽然不配当水柱，但是我对得起水柱之名”
——水柱富冈义勇",1774088048,25,1,0,0,0,True,False,0,,-1,707708401760397,MS4wLjABAAAA281UN2zV3MM1xBqkN04jqwGAHVGvOYQECsJDYXtCXLw,˶᳐呆呆青柠˶᳐੭ﾞ,,"[""https://p3-pc.douyinpic.com/aweme/100x100/aweme-avatar/tos-cn-i-0813c001_o0ABAHJprsTQ8E7AnFMcjI7KEay7QhXAAefBEf.jpeg?from=2064092626""]",CN,5,True,81
7617368415921065270,7617854378272391995,2026-05-10T19:51:48.696610,风柱的弱点是玄弥[躺平],1773669940,13,1,0,0,0,True,False,0,,-1,1526601928149848,MS4wLjABAAAAlvQzNJDMSXJKzjEUmlFybE_PdRaJbH0qDYCKzyEfRogRsJFpjDqdRUzYkJ4YkEm_,Double Y.,miemie040711,"[""https://p3-pc.douyinpic.com/aweme/100x100/aweme-avatar/tos-cn-avt-0015_1b90693c6ada3c4a48684ad028391321.jpeg?from=2064092626""]",CN,5,True,81
7617368415921065270,7617500030899094309,2026-05-10T19:51:48.696610,哪有什么鬼杀队，只是一帮拿着日轮刀的孩子而已[流泪],1773587436,91,1,10,0,0,True,False,0,,-1,63481776105,MS4wLjABAAAAy2jYCwcganNhJFAiMCUIGvuuzWwC0DXF8yGjC2deRxw,ch小花火,,"[""https://p3-pc.douyinpic.com/aweme/100x100/aweme-avatar/tos-cn-i-0813c000-ce_owznKXlAIJeLRGnACATILs1A2fodGTApDeSQfc.jpeg?from=2064092626""]",CN,5,True,81
7617368415921065270,7617426314895409969,2026-05-10T19:51:48.696610,他们还只是一群孩子啊。,1773570274,66,1,3,0,0,True,False,0,,-1,3648638874812604,MS4wLjABAAAAVOfsETxJMQDFXzdQpY2hXtB9gPz-irBaAOlZp4N65A9eQD9zFszsqbSPbcFReZee,Go乔尼go go,45668308345,"[""https://p3-pc.douyinpic.com/aweme/100x100/aweme-avatar/tos-cn-i-0813c000-ce_ocBQeEdIDYd1zEPDwEfVA2AATF4fApEAngJ9LD.jpeg?from=2064092626""]",CN,5,True,81
7617368415921065270,7620448060761932594,2026-05-10T19:51:48.696610,悲鸣与行明其实发育不良，要是吃的多点能长到3m,1774273828,6,1,1,0,0,True,False,0,,-1,2841559066220679,MS4wLjABAAAA2XWkkopMa34iv1DXhzQPs72Laa5Me_5lXiqqQeraLdesQEAn46jCkpJqXIugbSf2,美味小僵尸,40016958397,"[""https://p3-pc.douyinpic.com/aweme/100x100/aweme-avatar/tos-cn-i-0813_okDnYDABvBXmA2PYAGiaDSjAiQU1AwBjIiPEI.jpeg?from=2064092626""]",CN,5,True,81
7617372268301192474,7618571532713247515,2026-05-10T19:52:04.616643,4477080[抱抱你]🏒🏒⚾️🥎⚾️⚾️⚾️🏐🏐🤸‍♂️🤸‍♂️🤸‍♂️🤸‍♂️🤸‍♂️🤸‍♂️🤸‍♀️🤸‍♀️🤸‍♀️🤸‍♀️🤸‍♀️🤸‍♀️🤸‍♀️🤸‍♀️🤸‍♀️🤸‍♀️🏄‍♂️🏄‍♂️🏄‍♂️🏄‍♂️🏄‍♂️🏄🏄‍♀️🏄‍♀️🏄‍♀️🏄‍♀️🤽🤽🚜🦯🦯🚜🚜🚜🚜🚜🚜🚜🚜🚜🚜🦯🩼🩼🩼🚜🦼🦼🦼🦼,1773836915,5,1,144,0,0,True,False,0,,-1,4376519359072884,MS4wLjABAAAAV8IioBby60GtiNa7dygXEgpvirFTWVCiD7HGv_VYbE7Qh_zSVw6kYaHzjBOUitTx,哈哈🫥,51230207159,"[""https://p3-pc.douyinpic.com/aweme/100x100/aweme-avatar/tos-cn-avt-0015_7c289a845307c7114c81c4b290e74c49.jpeg?from=2064092626""]",CN,10,True,6822
7617372268301192474,7636250185265464113,2026-05-10T19:52:04.616643,[续火花吧]主播，主播，你可以躲在房子里面呀，我我喜欢看你的，你的，你做的视频，我是你的老粉。,1777953046,0,1,7,0,0,True,False,0,,-1,64250149000,MS4wLjABAAAAR2c-Z7wAxuMbsgKHqIGL1fo1BOt68QAfPflaOCL7vYs,💋DOVE,,"[""https://p3-pc.douyinpic.com/aweme/100x100/aweme-avatar/tos-cn-avt-0015_7231c5a568f74eb658497e21d4ab2c1b.jpeg?from=2064092626""]",CN,10,True,6822
7617372268301192474,7634123625486140219,2026-05-10T19:52:04.616643,啤酒久久久久久久琪琪琪琪琪琪琪琪呜呜呜呜,1777457918,1,1,9,0,0,True,False,0,,-1,2041130104924939,MS4wLjABAAAAhzbkV53yjSMjT4wbbfOxZHWKAIspowjodvPhEtq0hpAM8ow1xCmbdyTCsqC1_2dV,p大喜,pdaxi90716,"[""https://p3-pc.douyinpic.com/aweme/100x100/aweme-avatar/tos-cn-i-0813_8d413015757242f692685b595bdd24ca.jpeg?from=2064092626""]",CN,10,True,6822
7617372268301192474,7618969491754894118,2026-05-10T19:52:04.616643,这个就是m36，也叫大楼au纸纸，而且告诉你用的那把胚子都是一圈线直角跳到三角支架看到都要跑,1773929573,1,1,7,0,0,True,False,0,,-1,3038639872016935,MS4wLjABAAAAHvbh_BgpNF16QgQ8EQDOua-oeWFZrbaApy2mnEtvnwqZp2C2kNhk_bxid0nDoHKB,陈三炮,chz94206,"[""https://p3-pc.douyinpic.com/aweme/100x100/aweme-avatar/tos-cn-i-0813_oMC9eABmOBMf0ATkxhraCcriAswiEAzAAIgAln.jpeg?from=2064092626""]",CN,10,True,6822
7617372268301192474,7622482658802795301,2026-05-10T19:52:04.616643,,1774747546,1,1,1,0,0,True,False,0,,-1,71280587124,MS4wLjABAAAAv64E2GZbI8zGisDG9tmE0_pyNRxQsyxfaGlucP85e7E,36℃阳光,,"[""https://p3-pc.douyinpic.com/aweme/100x100/aweme-avatar/tos-cn-i-0813c000-ce_osDF9TZSpEoAAAEhOChFzCgEIVDAfMAQTwfQBb.jpeg?from=2064092626""]",CN,10,True,6822
7617380791395355958,7629937210737459987,2026-05-10T19:52:39.400250,目前所见实战中第一个类似李小龙的风格打法了，这几个动作是实战中最接近李小龙的打法，截拳道，但李小龙技术更精简更完美，速度更快，那个正面高T腿是最接近的，但侧T还差不少，李小龙很少会转身T，因为转身会增加给对方反应时间，变线T实战除了李小龙，没有第二人能灵活用过，,1776483194,1,1,0,0,0,False,False,0,,-1,100492273371,MS4wLjABAAAApsjU3SudPref4r4STNMGQvGMu8_OUEjkQVFmk83cTVc,辉,,"[""https://p3-pc.douyinpic.com/aweme/100x100/aweme-avatar/mosaic-legacy_90ec000c9e27c2f893a0.jpeg?from=2064092626""]",CN,5,True,91
7617380791395355958,7617393876265829183,2026-05-10T19:52:39.400250,中南海保镖太牛了[鼓掌][鼓掌][鼓掌],1773562723,82,1,1,0,0,True,False,0,,-1,2449354008046531,MS4wLjABAAAAxWEHipNjmRu8fNAEjQkh-9ZhTurew4rYA53Fy8H9e0HxASUpAi2s9Ptfr1g0Qt0L,杨桃布丁,dy78825zqpsi,"[""https://p3-pc.douyinpic.com/aweme/100x100/aweme-avatar/tos-cn-avt-0015_d59f6c1d331fe7789b22225ccbee398d.jpeg?from=2064092626""]",CN,5,True,91
7617380791395355958,7618014547199148806,2026-05-10T19:52:39.400250,从动作来看是表演,1773707234,1,1,2,0,0,True,False,0,,-1,105051560241,MS4wLjABAAAArcZ04XQ_gZRc9CrOF1w6n4_CJ7nARKwb7pLESbALRuQ,冰激凌让我咬一下,yezi20100925,"[""https://p3-pc.douyinpic.com/aweme/100x100/aweme-avatar/mosaic-legacy_fb7b0001a2b80bc0a2c8.jpeg?from=2064092626""]",CN,5,True,91
7617380791395355958,7617411672471061297,2026-05-10T19:52:39.400250,啥年代了，还有人相信中南海保镖。,1773566864,29,1,12,0,0,True,False,0,,-1,108142209587,MS4wLjABAAAAdIL_MqxQ7527zPBmGGBuihNXLGXvqCJ9ypo9i9BRMU4,带着脑子刷抖音,daizhenaozis,"[""https://p3-pc.douyinpic.com/aweme/100x100/aweme-avatar/mosaic-legacy_3795_3044413937.jpeg?from=2064092626""]",CN,5,True,91
7617380791395355958,7617421717878833969,2026-05-10T19:52:39.400250,能进中南海当保镖那可不是花拳绣腿,1773569203,21,1,9,0,0,True,False,0,,-1,104671244789,MS4wLjABAAAA0uo_pVz-230woRCOmDDxdIsg-yL9rsNw9Meq5e-Ahs0,焜哥,,"[""https://p3-pc.douyinpic.com/aweme/100x100/aweme-avatar/tos-cn-avt-0015_00f66dff1a85a649a43b6d7ac5eecef8.jpeg?from=2064092626""]",CN,5,True,91
7617410775585410342,7623850932447200054,2026-05-10T19:53:34.973977,告诉你们一个秘密！在韩国吃饭如果口小了会被判刑的,1775066130,51,1,1,0,0,True,False,0,,-1,927591355132839,MS4wLjABAAAAsZcLCUdyayw4sBzW1B0iFA5d4jCsclGLQ4RCPApegys,注意素质,zhuyisuzhi67,"[""https://p3-pc.douyinpic.com/aweme/100x100/aweme-avatar/hotsoon-avatar_25258dd2b09a4dd4a576a225366b377f.jpeg?from=2064092626""]",CN,5,True,672
7617410775585410342,7637601069346292530,2026-05-10T19:53:34.973977,如果只是这些菜我还可以淡定一点，但是当那个排骨放到米饭上的时候。我的眼泪彻底止不住了 [流泪]  这任何一个菜单吃都的腻，一配米饭就太香了。,1778268922,0,1,0,0,0,False,False,0,,-1,96197239568,MS4wLjABAAAA6Z07okdQqZ7DLLNL0vufGppNFCnLZJEizo5SVvYz78w,我的阳光,,"[""https://p3-pc.douyinpic.com/aweme/100x100/aweme-avatar/tos-cn-i-0813_2dcd016c08f6410eb975d77ba04f43f4.jpeg?from=2064092626""]",CN,5,True,672
7617410775585410342,7629331886364820267,2026-05-10T19:53:34.973977,韩国食材价格可贵了，这么吃的属于是有钱人了,1776342257,582,1,41,0,0,True,False,0,,-1,62149188062,MS4wLjABAAAAmmn6HiW9sTpt6m0vtHezoAv3IzjdTBoSyqA3yrgyneM,𝐊𝐨𝟕,19990816yh.,"[""https://p3-pc.douyinpic.com/aweme/100x100/aweme-avatar/tos-cn-avt-0015_8f023a25b0b2a772588620ee0ecf8a1a.jpeg?from=2064092626""]",CN,5,True,672
7617410775585410342,7623796332393775931,2026-05-10T19:53:34.973977,我也想尝一下好不好吃[举手],1775053408,10,1,10,0,0,True,False,0,,-1,88699333049,MS4wLjABAAAAR1ynOtiYusU0PkHef8o7vv91_Ugt_rmLtagP2JcNu8U,_﹎  - 言不由衷,,"[""https://p3-pc.douyinpic.com/aweme/100x100/aweme-avatar/tos-cn-i-0813_7e0308596b1a460abbda6ebd549d76fc.jpeg?from=2064092626""]",CN,5,True,672
7617410775585410342,7637868306347459380,2026-05-10T19:53:34.973977,坏了，这期我是真想吃[笑哭],1778329795,0,1,0,0,0,False,False,0,,-1,79590775095,MS4wLjABAAAAWksy_PCeMcuoOLDFeCa3NFO2W7aqLxqknx943Rtz8Y8,🌈你猜²³³³,,"[""https://p3-pc.douyinpic.com/aweme/100x100/aweme-avatar/tos-cn-avt-0015_33d0ae91d4ec8cc81096ab97529df5ce.jpeg?from=2064092626""]",CN,5,True,672
7617413662277406004,7634042457051579187,2026-05-10T19:53:56.789770,家用车100迈过弯？直接侧翻好吧,1777439021,2,1,0,0,0,False,False,0,,-1,95467718617,MS4wLjABAAAA9OcQo_Z-4UZq-p8P3H3oy25JMpty8GVddBt-s73mSMQ,66666666,,"[""https://p3-pc.douyinpic.com/aweme/100x100/aweme-avatar/tos-cn-i-0813_o0US9lAIAM7eAI5EFELTACDGAgG1ABiBeBpBOf.jpeg?from=2064092626""]",CN,5,True,184
7617413662277406004,7631247437378011962,2026-05-10T19:53:56.789770,虽然但是 F1也只是1.6T V6,1776788255,0,1,0,0,0,False,False,0,,-1,101465842867,MS4wLjABAAAABkIbOc2ryT_LE2TJXykchNFKOqTX10EQByGrqXtG-F8,Lomnus,Albatr0ss,"[""https://p3-pc.douyinpic.com/aweme/100x100/987b000f1321f79e1976.jpeg?from=2064092626""]",CN,5,True,184
7617413662277406004,7617797870272840499,2026-05-10T19:53:56.789770,奔驰amg one：？（请注意奔驰amg one也是1.5t）,1773656784,5,1,3,0,0,True,False,0,,-1,102103097706,MS4wLjABAAAAUXCu04-iaRaPeFoqlF0uNpuWSbzA6lRZturiqDGa1rY,卿青,cuiqing16543,"[""https://p3-pc.douyinpic.com/aweme/100x100/aweme-avatar/tos-cn-i-0813_9b5602e63848408eb0af6e38bc43d83e.jpeg?from=2064092626""]",CN,5,True,184
7617413662277406004,7618139306130441018,2026-05-10T19:53:56.789770,安全车慢是相对于f1，实际上速度也很快了。,1773736281,195,1,8,0,0,True,False,0,,-1,111600015904,MS4wLjABAAAAwLwYj9aPWTWvN0Q7nTgt5TOovQ1VteY6pPha4EpfFbE,风度此,dyfr5x8rqtwz,"[""https://p3-pc.douyinpic.com/aweme/100x100/aweme-avatar/tos-cn-avt-0015_1fe70418ab7f063bf47c923e188b87d2.jpeg?from=2064092626""]",CN,5,True,184
7617413662277406004,7617738468944266043,2026-05-10T19:53:56.789770,还赛道工况[捂脸][捂脸] 你都说速度压在八十了 什么家用车不可以[捂脸] 赛场的路更好 更平 家用车开不了？,1773642952,1,1,2,0,0,True,False,0,,-1,83935389295,MS4wLjABAAAAx6ekYhlDbOD9e6M4rjbhZXrEgN7HoAAKSncRgLKI0A0,9V69B,9V69B,"[""https://p3-pc.douyinpic.com/aweme/100x100/aweme-avatar/mosaic-legacy_2fa170008993e21b70845.jpeg?from=2064092626""]",CN,5,True,184
7617416632217980212,7635724959336497961,2026-05-10T19:54:08.545002,一场大雨洗尽尘埃，山河草木都满血复活啦🌿,1777830763,0,1,0,0,0,False,False,0,,-1,871261657381517,MS4wLjABAAAAFfmMYhKxfluChAQvpMnDd80GHYtR9TM7zlXU1--VdK4,纽漫户外,90073695896,"[""https://p3-pc.douyinpic.com/aweme/100x100/aweme-avatar/tos-cn-avt-0015_d9952d6cb24aeceeb5f5c7c4c6d4fc33.jpeg?from=2064092626""]",CN,5,True,68
7617416632217980212,7620716098229371694,2026-05-10T19:54:08.545002,我要在那里建几个大的水库，水库边上建城,1774336237,0,1,1,0,0,True,False,0,,-1,96118524034,MS4wLjABAAAA5B3R78BwSB_jDZNJANhGf1gZ-Vu4RGYcGUDDj97t2HA,佛系人生,,"[""https://p3-pc.douyinpic.com/aweme/100x100/aweme-avatar/tos-cn-avt-0015_0edebbf0da83dc595ab000c9bb01ba66.jpeg?from=2064092626""]",CN,5,True,68
7617416632217980212,7627119380921107241,2026-05-10T19:54:08.545002,"666谁打3
角洲？",1775827117,0,1,1,0,0,True,False,0,,-1,3157433956186029,MS4wLjABAAAAVytbPhE85aXDuFwRNWLRNzASd0AuDIcQ9m6M2q58XwjM-LXP06Vijw4L13I-5YHa,白米饭,65515575747,"[""https://p3-pc.douyinpic.com/aweme/100x100/aweme-avatar/tos-cn-i-0813_oU7i0ACnEOeCD9Ashf8ruI2GztA3sBnddAigAA.jpeg?from=2064092626""]",CN,5,True,68
7617416632217980212,7618109235712623406,2026-05-10T19:54:08.545002,这样太浪费水了要是能存起来慢慢消耗就好了,1773729280,10,1,4,0,0,True,False,0,,-1,73903665206,MS4wLjABAAAA8-TBRC_lnxaUEjDPu2LP8MsPTiskZGgwnMPAfiI1_kc,灰@灰,,"[""https://p3-pc.douyinpic.com/aweme/100x100/aweme-avatar/tos-cn-i-0813_oIslAAWieCKfiGBjggA00IAKEAq0hxBFt22AiC.jpeg?from=2064092626""]",CN,5,True,68
7617416632217980212,7628419191040901947,2026-05-10T19:54:08.545002,天不灭汝，千万不要自灭。,1776129752,0,1,1,0,0,True,False,0,,-1,78163216472,MS4wLjABAAAAyIYtOb9prdiE3D79mAadSJoCTK9f3sOhrLgK-aWob6E,四悔斋,cihangpudu62,"[""https://p3-pc.douyinpic.com/aweme/100x100/aweme-avatar/mosaic-legacy_3792_5112637127.jpeg?from=2064092626""]",CN,5,True,68
7617430500852535525,7630079147088151348,2026-05-10T19:55:00.764521,不要想多了，别人是湄公河下游，上游源源不断的送下来,1776516241,0,1,0,0,0,False,False,0,,-1,827252025852542,MS4wLjABAAAAc9IneQk4-kkEHLMtfZ8_53D2EMCG_8tGQJJnD7FAxnc,思念似一把刀,sinianshiyib14,"[""https://p3-pc.douyinpic.com/aweme/100x100/aweme-avatar/mosaic-legacy_3792_5112637127.jpeg?from=2064092626""]",CN,5,True,167
7617430500852535525,7631091342487896859,2026-05-10T19:55:00.764521,这是啥鱼啊？？梭边鱼还是埃及鱼还是胡子捻啊？？？？,1776752509,0,1,0,0,0,False,False,0,,-1,66446283792,MS4wLjABAAAA3Lr9VNLiVMBdkGMTXUYf7d0rzI4_pqI7g0uHqO6i2WU,顾北.,zzw131205,"[""https://p3-pc.douyinpic.com/aweme/100x100/aweme-avatar/tos-cn-i-0813c000-ce_okDEZmDEFAeh0hSoA9WOACXAbkOEIoAfwpoBOE.jpeg?from=2064092626""]",CN,5,True,167
7617430500852535525,7617514144586285873,2026-05-10T19:55:00.764521,正规使用 请在田里面模仿[看],1773590725,1,1,0,0,0,True,True,0,,-1,66507564460,MS4wLjABAAAA2m12EYycfs0mj2fkVYbB5axFFSbiKSUC5ZDDh_yo1xc,我是草民,,"[""https://p3-pc.douyinpic.com/aweme/100x100/aweme-avatar/tos-cn-avt-0015_e9cd920ec13a4f4086ea8b0e75a83da7.jpeg?from=2064092626""]",CN,5,True,167
7617430500852535525,7617505050831913764,2026-05-10T19:55:00.764521,都用电了以后这里面也没有鱼了,1773588606,1,1,3,0,0,True,False,0,,-1,104241595848,MS4wLjABAAAAWiwj38dtho3F-O9SKM_5EN86Ovq-R4aNaDpzXna-7YI,☞余生☜,,"[""https://p3-pc.douyinpic.com/aweme/100x100/aweme-avatar/tos-cn-i-0813_o0AADQDQIAglUdXbYD8NeKCfEV1wYAAxnCg9An.jpeg?from=2064092626""]",CN,5,True,167
7617430500852535525,7622950299305575210,2026-05-10T19:55:00.764521,这么多鲶鱼，清蒸，油焖都好吃,1774856938,0,1,1,0,0,True,False,0,,-1,101652957686,MS4wLjABAAAAhRRxf8aAfjBOIojhecAzlIjfvsoW-uGsMmCIWNma3fI,奶茶原料源头厂家——桔茗9元鲜果茶总部,,"[""https://p3-pc.douyinpic.com/aweme/100x100/aweme-avatar/tos-cn-i-0813c000-ce_oYACg2UfezimDeEsEhBJXiiKAWK5wA5ED1UAIA.jpeg?from=2064092626""]",CN,5,True,167
7617433250180998250,7637898281876521728,2026-05-10T19:55:19.671865,安康，不是在我这儿吗,1778336776,0,1,0,0,0,False,False,0,,-1,2296221568875416,MS4wLjABAAAAKu08ln6WEQbKWjvQTUE8xge-eiyef2Aj0wrt8i2SAF4B1WKj_Ben_iMvqc8ulOWK,Zlhhh,95456123293,"[""https://p3-pc.douyinpic.com/aweme/100x100/aweme-avatar/tos-cn-i-0813c001_osI9e3EDtAhjRdDaAbGksQgEDfAPFAA9nCAmbI.jpeg?from=2064092626""]",CN,5,True,94
7617433250180998250,7636439322560611106,2026-05-10T19:55:19.671865,咨询一下这种靠背舒服嘛？,1777997085,0,1,0,0,0,False,False,0,,-1,94879391440,MS4wLjABAAAA08R7C_paH0wOjuNG3dFg7LmDMlFryA6jbXcSnn9uQUc,大润发杀鱼小帅,,"[""https://p3-pc.douyinpic.com/aweme/100x100/aweme-avatar/tos-cn-i-0813_osBA4inv8AVrRXEnA98DACrAeekEICAbgmFPHD.jpeg?from=2064092626""]",CN,5,True,94
7617433250180998250,7625615202096366373,2026-05-10T19:55:19.671865,这车能上高速吗,1775476897,0,1,0,0,0,False,False,0,,-1,4497454396618096,MS4wLjABAAAAXwEo72W0SnsRNSNjfsFSsK3yv-fqz5EjzwhajKHtdfvrTJh0as8wOL2Mv_Nb6ujc,祥子%超开心,94913213924,"[""https://p3-pc.douyinpic.com/aweme/100x100/aweme-avatar/tos-cn-i-0813_o4f1qAWy0AkzApRAhDTICeGCDJhNILyAAy3gEz.jpeg?from=2064092626""]",CN,5,True,94
7617433250180998250,7622400773372838706,2026-05-10T19:55:19.671865,这个车比阿程那个大点,1774728488,1,1,1,0,0,True,False,0,,-1,97987823426,MS4wLjABAAAAlXzXHqnVy79SD_1Gl1EIrka_2ADcuZJk--CoLwO52ro,Blue  Jade,k121l008x,"[""https://p3-pc.douyinpic.com/aweme/100x100/aweme-avatar/tos-cn-i-0813c001_oIIe0CyASzmkiEkqzAEp99fDJAACEgNNhWAA8g.jpeg?from=2064092626""]",CN,5,True,94
7617433250180998250,7617521574388990746,2026-05-10T19:55:19.671865,看看979改的通仓电三轮，空间大,1773592454,0,1,0,0,0,True,False,0,,-1,2111529572904567,MS4wLjABAAAADyi0K-fgN9u2oaM5aAfqMwNvFVXl9EVl2Lsx0NP9iqI3IXhKoiYuMkFGJf7gL9Hf,指环王囧囧,96391743187,"[""https://p3-pc.douyinpic.com/aweme/100x100/aweme-avatar/mosaic-legacy_3795_3044413937.jpeg?from=2064092626""]",CN,5,True,94
7617458053826252083,7618291949526942522,2026-05-10T19:56:49.800407,我以为极限1换1了没想到平头哥有挂[杀马特],1773771825,1577,1,37,0,0,True,False,0,,-1,100923749207,MS4wLjABAAAAXEp4Q5gpCHstjJNNRZH3-he3I7YQ7gufZQ0vqN6ZmJg,像星空一样闪耀✨,,"[""https://p3-pc.douyinpic.com/aweme/100x100/aweme-avatar/tos-cn-i-0813c000-ce_o0yoeAik0EoAAAE5FC1iyCuiIGBALtA4dwf4zX.jpeg?from=2064092626""]",CN,5,True,1325
7617458053826252083,7618509714494194458,2026-05-10T19:56:49.800407,羡慕平头哥每一天 上午做针灸下午过毒瘾,1773822523,22,1,1,0,0,True,False,0,,-1,64338432859,MS4wLjABAAAAhZhd7RHNeokVQGr-VTlJDskC-FdShZpiBYhoQB5zJiM,Wishtoday,,"[""https://p3-pc.douyinpic.com/aweme/100x100/aweme-avatar/tos-cn-i-0813c001_oEx22pACfAClAZDwALAyihIgVF9CtsUAfNEEAR.jpeg?from=2064092626""]",CN,5,True,1325
7617458053826252083,7619655002449511225,2026-05-10T19:56:49.800407,黑曼巴赢了会怎么样？能吃了平头哥？,1774089180,1,1,1,0,0,True,False,0,,-1,87769703540,MS4wLjABAAAAEmrRLUUfJfO4tTwGhddDP6MQjoMncVCScGQCIl3ORzo,jacket,,"[""https://p3-pc.douyinpic.com/aweme/100x100/aweme-avatar/mosaic-legacy_5fde000bed488e7ea29c.jpeg?from=2064092626""]",CN,5,True,1325
7617458053826252083,7625222070704063290,2026-05-10T19:56:49.800407,这种蛇真讨厌，总喜欢搞偷袭,1775385364,0,1,0,0,0,False,False,0,,-1,1486138429945104,MS4wLjABAAAAvAAbX6Zq7dDWiwu0GxP-doMb9thAFRezygxqCVj3qm7QVAgSMBxJY1DrApUNVduP,高山流水,dyavtxtxsfzn,"[""https://p3-pc.douyinpic.com/aweme/100x100/aweme-avatar/tos-cn-i-0813c001_oEBh4U56EsNACiqCxX4zNAYenXAfAA6gANEyI0.jpeg?from=2064092626""]",CN,5,True,1325
7617458053826252083,7619630507566957349,2026-05-10T19:56:49.800407,你但凡劝阻一下，他两也不至打那么猛,1774083477,2,1,1,0,0,True,False,0,,-1,98725421957,MS4wLjABAAAA3mo7pV8eJscPEERzNjdjCzgOKoUffguX_x2a6uGVSC4,小8海南黄檀香（沉香公、花梨公）,,"[""https://p3-pc.douyinpic.com/aweme/100x100/aweme-avatar/tos-cn-avt-0015_fe7682faabb9b60cd0c5e4f2423cda31.jpeg?from=2064092626""]",CN,5,True,1325
7617459786892022682,7618486628126720778,2026-05-10T19:56:57.441528,目前地球自有文明以来，所有的科技都是围绕烧开水,1773817147,413,1,48,0,0,True,False,0,,-1,71272673245,MS4wLjABAAAA_KEWtO8E6Bkve1_dfGzQ2Pkiwzg3F1rsdeGQRRYNpgU,乔尼娜、彼漾,,"[""https://p3-pc.douyinpic.com/aweme/100x100/aweme-avatar/tos-cn-i-0813_ocAfviOOA1levBzxII5At3AxDbiA60yNgACVEj.jpeg?from=2064092626""]",CN,5,True,2219
7617459786892022682,7617628020526105350,2026-05-10T19:56:57.441528,真正用来做炸弹的是钚239，这东西自然界不存在，是重水堆发电剩下的废料提纯。所以说谁家有重水堆谁家就有核弹,1773617238,10,1,2,0,0,True,False,0,,-1,95379474342,MS4wLjABAAAAvynVydhZZX59txujw-VdrQwhE6ht0K5erlIgCwM4YzI,夏渺,,"[""https://p3-pc.douyinpic.com/aweme/100x100/aweme-avatar/mosaic-legacy_283660006bed3c6f3531b.jpeg?from=2064092626""]",CN,5,True,2219
7617459786892022682,7617668269244351273,2026-05-10T19:56:57.441528,科学的尽头是烧开水。,1773626610,693,1,38,0,0,True,False,0,,-1,67475948910,MS4wLjABAAAAwc0XE3sZkCJs7_28SruwBJYlj0ZUjgX929QpUJ9T4XU,一般不一般🌈,,"[""https://p3-pc.douyinpic.com/aweme/100x100/aweme-avatar/tos-cn-i-0813_oQQnmSAXnosbACyD7hKAePAADCCVTZAIZgbe9Z.jpeg?from=2064092626""]",CN,5,True,2219
7617459786892022682,7619500154424607530,2026-05-10T19:56:57.441528,看完视频  我觉得我可以造核弹了[呲牙],1774053128,9,1,1,0,0,True,False,0,,-1,3007869689536792,MS4wLjABAAAAQkEP7H0cYD1We7Z365JjtY9ACUjYhYpnfM6zhAsLbFV6wogNPF0Z27TbQwQPSxww,🌈铁锤,tiechui461461,"[""https://p3-pc.douyinpic.com/aweme/100x100/aweme-avatar/tos-cn-i-0813c001_oQtuPfC9NzkCrNAeTgA3ApwnENVH14AhDDIAUA.jpeg?from=2064092626""]",CN,5,True,2219
7617459786892022682,7622721182820057891,2026-05-10T19:56:57.441528,"人类2级文明升级到3级文明[捂脸]
就差一个可控核聚变了[偷笑]",1774803085,6,1,6,0,0,True,False,0,,-1,101577339839,MS4wLjABAAAAPXCciCllwg662HDncB-eMf_k80AOmPP7PXZRM_U_ep0,通用,tongyong1981,"[""https://p3-pc.douyinpic.com/aweme/100x100/aweme-avatar/tos-cn-i-0813_oIYHbAMGmIeaSVILIAAfbAIHDCtdeuRAf2QOFJ.jpeg?from=2064092626""]",CN,5,True,2219
7617464693824818482,7617696110186365755,2026-05-10T19:57:27.124008,王岳伦就拍了这么一部电影 还是李湘掏钱拍的[捂脸],1773633090,12,1,1,0,0,True,False,0,,-1,440269992634152,MS4wLjABAAAA2Ibjrnyldhodcw-damhOwm7sr_SvrBhEBR7t8cO8JA4,小新,74903442877,"[""https://p3-pc.douyinpic.com/aweme/100x100/aweme-avatar/tos-cn-avt-0015_90fd2efab98c902f816209594c12ec3a.jpeg?from=2064092626""]",CN,5,True,1037
7617464693824818482,7638084006848758569,2026-05-10T19:57:27.124008,是谁出卖了我们的永乐大典,1778380019,0,1,0,0,0,False,False,0,,-1,65994039729,MS4wLjABAAAAbq4SxMFc6pdvlxylDcOaKZ7L29iUKEmIpQ_cP5ROItg,驾培军哥,DJun01011106,"[""https://p3-pc.douyinpic.com/aweme/100x100/aweme-avatar/tos-cn-i-0813c001_oQEAJFpfTCAnAIDGIfgMADAgEOOgRyzRHDjA9N.jpeg?from=2064092626""]",CN,5,True,1037
7617464693824818482,7617937046287909678,2026-05-10T19:57:27.124008,我认为山寨电影的鼻祖，或者类似这种古代恶搞电影的鼻祖，《天下第二》更早一些[暗中观察]2007年的电影。,1773689195,153,1,32,0,0,True,False,0,,-1,98007162121,MS4wLjABAAAAxRCMOQKTwKx_dUtDOkf0r08jkUNf3WFDTO0Pr8Szxks,快乐的老萝卜,,"[""https://p3-pc.douyinpic.com/aweme/100x100/aweme-avatar/mosaic-legacy_20ada0002f40ba5e9af1b.jpeg?from=2064092626""]",CN,5,True,1037
7617464693824818482,7617629962443244337,2026-05-10T19:57:27.124008,这部电影当年也是火的一塌糊涂，黑道船长,1773617690,16,1,7,0,0,True,False,0,,-1,109024563406,MS4wLjABAAAAFQDVdf_OTf5LjsUefAFwq0bv6xOaZjWwbxrmmkFQRuI,来福和旺财,G1223250,"[""https://p3-pc.douyinpic.com/aweme/100x100/aweme-avatar/tos-cn-i-0813_b3c8aab119f642f9bb1e4c0804d46bac.jpeg?from=2064092626""]",CN,5,True,1037
7617464693824818482,7630064802346173193,2026-05-10T19:57:27.124008,哈哈哈哈，皇家刺青,1776513393,1,1,1,0,0,True,False,0,,-1,4302827031106027,MS4wLjABAAAAwCSBlrcf63eDQKiCe3QyhKF0CfghDqlCuVUFO9P3nBnlC8iWfu2BBwL0xKgU_WYW,掌舵..,30772772223,"[""https://p3-pc.douyinpic.com/aweme/100x100/aweme-avatar/tos-cn-i-c9aec8xkvj_18b569e752e842d3910e259cb205d540.jpeg?from=2064092626""]",CN,5,True,1037
7617467394940954697,7626799393531003663,2026-05-10T19:57:35.884615,讨厌的动物！为什么有点可爱呢。[发怒],1775752618,0,1,0,0,0,False,False,0,,-1,2300650168267660,MS4wLjABAAAA5D69HDHBeypCvtJ5Uk6RyUtxTelAMr9QkeKFvqhjfV9UZoMQUUauYQTlhrtvm8aU,你听过我的故事？,23201688828,"[""https://p3-pc.douyinpic.com/aweme/100x100/aweme-avatar/tos-cn-i-0813c001_oAA8AfgoDACmFAjAcPEW1WEZjCDIHengzy9NmA.jpeg?from=2064092626""]",CN,5,True,31
7617467394940954697,7626795891303531322,2026-05-10T19:57:35.884615,看到了开车过去打死可行吗,1775751801,0,1,0,0,0,False,False,0,,-1,2395183898703207,MS4wLjABAAAA6QZ3HW3kDxlRs5_CiNJOMQJfvfewsugHBhHbSGfXJ-lsxtiWGEnf75k4clZ0j2Rx,辣椒炒西红柿🍅,39001763486,"[""https://p3-pc.douyinpic.com/aweme/100x100/aweme-avatar/tos-cn-i-0813c000-ce_oUxGytbxnaAABInzlZvAasArPiMCGiAEtpGV8.jpeg?from=2064092626""]",CN,5,True,31
7617467394940954697,7628167155913458478,2026-05-10T19:57:35.884615,这棕熊太聪明了不上当，[赞][赞][赞][赞][呲牙],1776071071,0,1,0,0,0,False,False,0,,-1,1735497120227840,MS4wLjABAAAAQ7aU-x8uUgh0X06eQQqOhm6_G-gI7TX03oZdytZ84BXdWLKcvcy_sDBz5-LvDuRs,心想事成6768,82639466254,"[""https://p3-pc.douyinpic.com/aweme/100x100/aweme-avatar/tos-cn-i-0813_oU7mUs2MAAAnA98KgEFaUrDDVfdzfZaEAACBRI.jpeg?from=2064092626""]",CN,5,True,31
7617467394940954697,7617479418458915643,2026-05-10T19:57:35.884615,看了视频才知道光头强有多强,1773582638,24,1,1,0,0,True,True,0,,-1,1346246202101774,MS4wLjABAAAAAn8IVrumQMLrjRwV6gBrx-7dskyfYu4NlgFdncF0BAt21GCSs4NeaPSky8e9bmGh,ZY…,37133828761,"[""https://p3-pc.douyinpic.com/aweme/100x100/aweme-avatar/tos-cn-i-0813c000-ce_oAAEAopccapQfE0AsBDlQIDQeLu9E1FwAfDAOo.jpeg?from=2064092626""]",CN,5,True,31
7617467394940954697,7626789732429153034,2026-05-10T19:57:35.884615,啊，我的充电宝开，我的哈哈。,1775750364,1,1,0,0,0,True,False,0,,-1,74294060016,MS4wLjABAAAAaZOI4EZ8l8EEbdcDuXgeq_vEM4yHZcb_ZYTomQfk950,春暖花开1,,"[""https://p3-pc.douyinpic.com/aweme/100x100/aweme-avatar/tos-cn-i-0813c001_oA9sApfDDEj59epAUsUpD4cbhCUAzEFAFAAPIg.jpeg?from=2064092626""]",CN,5,True,31
7617471821092922865,7637601155853370131,2026-05-10T19:58:00.526599,今晚问了客服，我40缸种睡莲开不了花。因为我的灯只有13瓦[捂脸]要18才开花,1778267598,0,1,0,0,0,False,False,0,,-1,83784182428,MS4wLjABAAAAxs7WZpvpb4fEBE7n8eMnh2IvMzOZPl4qB7CeaGFmc7E,佛娇儿,lizey88,"[""https://p3-pc.douyinpic.com/aweme/100x100/aweme-avatar/tos-cn-i-0813_oEAAYHiIEAg0Il9fORiCqJDm7pNBdAAbBCSeA3.jpeg?from=2064092626""]",CN,5,True,270
7617471821092922865,7633450694426919720,2026-05-10T19:58:00.526599,我的沉木上没有点缀水草，能帮我设计下吗？,1777301239,0,1,0,0,0,False,False,0,,-1,70846636986,MS4wLjABAAAAyQvSTlwrSXrwWfSngdiqInpW96paxx89ZLJST7tvYBQ,星辰之境,Wangdong1986,"[""https://p3-pc.douyinpic.com/aweme/100x100/aweme-avatar/tos-cn-i-0813c000-ce_osAthlAbAvipEqJASPLnMbiSI0EvYaC8AaBMU.jpeg?from=2064092626""]",CN,5,True,270
7617471821092922865,7636162953021014822,2026-05-10T19:58:00.526599,每次养睡莲，种子发芽期，水总是浑得很，这个是正常的过程吗？,1777932742,1,1,0,0,0,False,False,0,,-1,59165168967,MS4wLjABAAAAp8ga3Tpuk8gArDInvXWzqxVzeZpBJ0f7OLFFkrgvtOY,锦衣卫大人,Vannyu88888,"[""https://p3-pc.douyinpic.com/aweme/100x100/aweme-avatar/tos-cn-avt-0015_669e11691fb2df814b4d2bc4375aa1d3.jpeg?from=2064092626""]",CN,5,True,270
7617471821092922865,7637366865446208293,2026-05-10T19:58:00.526599,缸是多大的啊，我长65✖️高30✖️宽24，能养海尔芙拉睡莲吗,1778213044,0,1,1,0,0,True,False,0,,-1,1559569744275972,MS4wLjABAAAAPXnnW1Wt9RjzrQh2YPsT4S9XyHtHa-0bP4o2DkvcxVS_vbt8VpN2tae7IE18mPzR,解药,83374495222,"[""https://p3-pc.douyinpic.com/aweme/100x100/aweme-avatar/douyin-user-image-file_cb2979f6f4d3302bfa37641ee9e53723.jpeg?from=2064092626""]",CN,5,True,270
7617471821092922865,7622122935814275849,2026-05-10T19:58:00.526599,安彩650换鱼呼吸过滤器能行吗,1774663792,0,1,3,0,0,True,False,0,,-1,95680773013,MS4wLjABAAAAaX4HyEYlbMcqupbmNXLjZjfhGq4Rxnoqkdbu_9wJP70,飞黄腾达,,"[""https://p3-pc.douyinpic.com/aweme/100x100/aweme-avatar/tos-cn-i-0813_oYIAeKkBAEMATA7pT3QAAeDBeZnCjPASGb0k6G.jpeg?from=2064092626""]",CN,5,True,270
7617475776019025178,7638219482830095153,2026-05-10T19:58:24.948680,利维坦让你放哪了[捂脸],1778411560,0,1,0,0,0,False,False,0,,-1,96927852257,MS4wLjABAAAAhTyXYfg_BJDtTye8hSse7Rw1Era4P0fU5GzqWQ066es,方天画戟捅义父,yy661143,"[""https://p3-pc.douyinpic.com/aweme/100x100/aweme-avatar/tos-cn-avt-0015_cba0a0082dce2d01f50b5aed9cc81fde.jpeg?from=2064092626""]",CN,5,True,469
7617475776019025178,7637217994339664697,2026-05-10T19:58:24.948680,这个动物估计一口能吞巨齿鲨,1778178389,0,1,0,0,0,False,False,0,,-1,103275122464,MS4wLjABAAAAMTFlmT_QwEHuczWsywC1v1-f1n7wqBmZA1Fo4l_R3p4,🇺🇸🇯🇵金乘五🇮🇱🇺🇦,asdquyr123,"[""https://p3-pc.douyinpic.com/aweme/100x100/aweme-avatar/tos-cn-avt-0015_1a83b79d0e36b8ce271a70b6be20e939.jpeg?from=2064092626""]",CN,5,True,469
7617475776019025178,7637725998586364735,2026-05-10T19:58:24.948680,它的出现弥补了远古时期没有百吨王的遗憾[微笑][微笑][微笑][微笑],1778296661,2,1,0,0,0,False,False,0,,-1,4485597744861821,MS4wLjABAAAAo8zJIzxIeI1IplEfxQWR2l8TAQ5G3k5Cv9wwCuUmytQST1jE6SjcZ0dLXC8Y_Pv0,命运戏弄大馋猪,ZXS040908,"[""https://p3-pc.douyinpic.com/aweme/100x100/aweme-avatar/tos-cn-i-0813_oMpDEviAADEmEgAAetnCfFTtUADs5IcY9770TA.jpeg?from=2064092626""]",CN,5,True,469
7617475776019025178,7617520818817893169,2026-05-10T19:58:24.948680,秘鲁巨象鲸,1773592279,173,1,16,0,0,True,False,0,,-1,104450258719,MS4wLjABAAAAysHquwgaQxsuzE_DIRqUF_QytxlzJ1VhklnjWUDAVVA,我是特工威廉富勒,,"[""https://p3-pc.douyinpic.com/aweme/100x100/aweme-avatar/tos-cn-i-0813c001_51647b3479a94340815d5ef238b42853.jpeg?from=2064092626""]",CN,5,True,469
7617475776019025178,7637696095322538794,2026-05-10T19:58:24.948680,自从有了Ai，该如何分辨真假？,1778289701,0,1,0,0,0,False,False,0,,-1,962810599972382,MS4wLjABAAAA2WdKmxqWQouKMWC3bATu2hQj_PgHF_23HJIWSJwxKs8,二向箔,hgwkj,"[""https://p3-pc.douyinpic.com/aweme/100x100/aweme-avatar/tos-cn-i-0813_6ea2f48dd58844d893338e26cdcfcb68.jpeg?from=2064092626""]",CN,5,True,469
7617497588937786353,7618937899657364273,2026-05-10T19:59:14.542138,原谅女人的谎言才算得上男人,1773922217,1051,1,21,0,0,True,True,0,,-1,60686476848,MS4wLjABAAAA_iRLhPp_rTPDW9ulBXHqHrtQRbsKEqRz8Vcxc1_Q660,恨相见.,,"[""https://p3-pc.douyinpic.com/aweme/100x100/aweme-avatar/tos-cn-i-0813c001_oQfkvnsAAACiAUgR3ABFDpIlrEAEh49wfiZACT.jpeg?from=2064092626""]",CN,5,True,570
7617497588937786353,7619192783946122025,2026-05-10T19:59:14.542138,期待出一个前奏加长版,1773981563,22,1,10,0,0,True,True,0,,-1,4011487309332782,MS4wLjABAAAAGLVYFOHrnnZulCHA-tOlJXqqJOSm47dG8kDX63r8DJtCFQrYakWgm2gWFZ_Vf-X-,uu,555_666_000,"[""https://p3-pc.douyinpic.com/aweme/100x100/aweme-avatar/tos-cn-avt-0015_943a52ca8e70a277ae5b609b11759365.jpeg?from=2064092626""]",CN,5,True,570
7617497588937786353,7631606626730804017,2026-05-10T19:59:14.542138,反战歌还是不要dj了吧。。。这后面背景音是圣诞快乐劳伦斯先生,1776871885,9,1,3,0,0,True,False,0,,-1,1256105990691083,MS4wLjABAAAAJXmlFKIgmb0GLhHgU4MrEldNF4Bxi1tlQSf598V-aTaiTRsRCMP9Zzje2vvQyY0N,千葉早紀saki,K_ONilovemio,"[""https://p3-pc.douyinpic.com/aweme/100x100/aweme-avatar/tos-cn-i-0813c000-ce_owRTcAAa0DEzX2UrCwiiwNByAeAeirAIEnvint.jpeg?from=2064092626""]",CN,5,True,570
7617497588937786353,7618187599434482495,2026-05-10T19:59:14.542138,我以长矛起誓 所有背叛者都得死,1773747525,621,1,6,0,0,True,True,0,,-1,1313253347567715,MS4wLjABAAAALLw3o03Jr32wxX2enVNoEM9Fgr26lg2-hcYwkRJoDz_d0vKJo6HKI5VDYU1-HSua,财阀,50540690568,"[""https://p3-pc.douyinpic.com/aweme/100x100/aweme-avatar/tos-cn-i-0813c001_oUA3KAIGnIGRPe0LIAAQ1AQ6DCxyeerAD2gfP7.jpeg?from=2064092626""]",CN,5,True,570
7617497588937786353,7619517311653282594,2026-05-10T19:59:14.542138,保持骨盆前倾,1774057123,13,1,2,0,0,True,True,0,,-1,4231350117738765,MS4wLjABAAAAl24EUB_wdStFtRAwfYOs2PZAFvn0_sVzTJj5gGywhq1sN_cp2zu8hu6PPJ8zF0gP,超级无敌旋风暴龙疾风大王,93746545283,"[""https://p3-pc.douyinpic.com/aweme/100x100/aweme-avatar/tos-cn-i-0813c001_ok7D1BeKA8AIxA3TbSEii9IeEESfRA25pABLBy.jpeg?from=2064092626""]",CN,5,True,570
7617518748295007488,7617919174429918010,2026-05-10T19:59:26.128635,真的，这种游戏，没麦别玩，没耳机别玩，死了不报点别玩[绝望的凝视],1773685033,7,1,1,0,0,True,False,0,,-1,72604459549,MS4wLjABAAAADRpg5gN64RsodjLGtVZOH8eYjZdEMce0UVOphAKYrxY,山鬼不識字,j65195701,"[""https://p3-pc.douyinpic.com/aweme/100x100/aweme-avatar/tos-cn-avt-0015_0c19144da4eacc98e73c9a9265b4cd53.jpeg?from=2064092626""]",CN,5,True,57
7617518748295007488,7617550947498263330,2026-05-10T19:59:26.128635,杨锅扶一下,1773599304,2,1,1,0,0,True,False,0,,-1,83241546782,MS4wLjABAAAAa1KLg_wCVIgOkDWt9Jvnwv5q-aODPaD9zcGcljfBKRw,网友阿杰,ovOjie0912,"[""https://p3-pc.douyinpic.com/aweme/100x100/aweme-avatar/tos-cn-i-0813_o4tFvACTEQ9DBSAgnfe1cINYpKA1PDAiXAEgAA.jpeg?from=2064092626""]",CN,5,True,57
7617518748295007488,7619024682884350761,2026-05-10T19:59:26.128635,m4a1打五套8枪还有半血，4弹这么拉吗[尬笑],1773942427,0,1,0,0,0,False,False,0,,-1,729665678612071,MS4wLjABAAAAdVyK9_ubBCHhYE5KwfVP0QLA2bsU2pWBAXU0RsmUno4,哪吒你为什么不清兵,73584598191,"[""https://p3-pc.douyinpic.com/aweme/100x100/aweme-avatar/tos-cn-i-0813c001_oE4B0fWkvA07DFAIAbfEANEatBSFE1jsRreHAC.jpeg?from=2064092626""]",CN,5,True,57
7617518748295007488,7617643988426081039,2026-05-10T19:59:26.128635,你们昨天都赚了多少哈弗币，我赚了677W,1773620957,24,1,11,0,0,True,False,0,,-1,1145014750546108,MS4wLjABAAAA-Xorit82u46S9ufvT53GnnB88r43N3obDtjrJxMEye2gkU1p3sny-SBE8STFwMFY,效能部长哈德森,80706909608,"[""https://p3-pc.douyinpic.com/aweme/100x100/aweme-avatar/tos-cn-i-0813c001_oADBAfpemAL7DoAQApwEAyEGlBfFIzFtTBQhAH.jpeg?from=2064092626""]",CN,5,True,57
7617518748295007488,7617655985359864625,2026-05-10T19:59:26.128635,嘿嘿，机密巴克什俩装甲车电池和队友一人一个,1773623748,5,1,1,0,0,True,False,0,,-1,4477659295259143,MS4wLjABAAAADNh_hg1Im05HjoIlT4_H21Nj_RbnxTm8GPiwVIjLaFlX3nRkJVuTfzvMhtqzztJM,互动消息,40398814221,"[""https://p3-pc.douyinpic.com/aweme/100x100/aweme-avatar/tos-cn-i-0813c000-ce_ooieyAppsArqE7VAi1zyC9LCnvzfIWrAAvIwEB.jpeg?from=2064092626""]",CN,5,True,57
7617547054482562484,7617788844767953705,2026-05-10T19:59:37.053196,我去我知道你哪个学校的了[钱][钱][钱],1773654684,29,1,6,0,0,True,False,0,,-1,93114048178,MS4wLjABAAAApjTt6B9LNt78M1bCNKgorgwhUVaS891MXgGSoQusmsA,暴风雨,3477341726ll,"[""https://p3-pc.douyinpic.com/aweme/100x100/aweme-avatar/tos-cn-i-0813_oYiAIDYfg0oE9WAenE40BAimcAXBsDgAAy18EC.jpeg?from=2064092626""]",CN,5,True,336
7617547054482562484,7617688175787688747,2026-05-10T19:59:37.053196,妹子你冷吗？[捂脸],1773631244,22,1,4,0,0,True,False,0,,-1,4503687751890821,MS4wLjABAAAA96v0HPOJSdB91aRWIcWJgfH2x8iKFU2-24FEmlAG8QbgeqE7Wsj9G-a3DGCyKAgi,细雨飘洒784,dyquul55gu3s,"[""https://p3-pc.douyinpic.com/aweme/100x100/aweme-avatar/tos-cn-i-0813c001_oEgi4fnfI8AdQqERCADaA9BABZvjb7hGJh3FAe.jpeg?from=2064092626""]",CN,5,True,336
7617547054482562484,7618530862926005026,2026-05-10T19:59:37.053196,可曾听过我的家乡（云南十八怪……）[看][看],1773827447,0,1,0,0,0,True,False,0,,-1,100290312534,MS4wLjABAAAAB6f--nVYc9mNPEk3AaxBW9lrO2NDYqbmDbCPVWLw0-8,黑咖啡不加糖,,"[""https://p3-pc.douyinpic.com/aweme/100x100/aweme-avatar/tos-cn-i-0813_9503b658b8ab45ee81103dab13c0eddb.jpeg?from=2064092626""]",CN,5,True,336
7617547054482562484,7617901892626727723,2026-05-10T19:59:37.053196,听说你都请助理了[看],1773681007,25,1,2,0,0,True,False,0,,-1,71082899621,MS4wLjABAAAA1s5TjGKw_l-MohWnHAV_k-qh9dbgsbTkiMjECRf6jYs,鹏城第一深情,,"[""https://p3-pc.douyinpic.com/aweme/100x100/aweme-avatar/tos-cn-i-0813c000-ce_oMHLAAFE9n0fVhCeywAcEIAhEAgpm7DpahGEFC.jpeg?from=2064092626""]",CN,5,True,336
7617547054482562484,7617736688643801914,2026-05-10T19:59:37.053196,既然是跳蚤市场，就应该可以砍价。规则是:卖价÷2，再抹零。750的卖价，就照35砍[看],1773642539,7,1,2,0,0,True,False,0,,-1,2418541567160814,MS4wLjABAAAAHAHMJK2EPAnpO6wJ4k49rfGc8IdRTN_FG6h-0_nahM1H8l7i6X9UkMaWuWquSrsQ,冬,ID_87036686,"[""https://p3-pc.douyinpic.com/aweme/100x100/aweme-avatar/tos-cn-i-0813c000-ce_oMSKwiDAAQpAFEGRKefE9yCfIwQViUA7AEEGsI.jpeg?from=2064092626""]",CN,5,True,336
7617626112147509695,7627394488977965867,2026-05-10T19:59:53.209259,我喝不出区别[笑哭]现在买了个便携式咖啡机自己弄，对我来说足够了。还有必须加奶，不加奶喝一口把我酸晕。,1775891172,3,1,6,0,0,True,True,0,,-1,97637545792,MS4wLjABAAAAl0L5mtc05Z0cBaywNYAhvSgRAkAXGX8-1-6nR58H18A,淼渺渺,,"[""https://p3-pc.douyinpic.com/aweme/100x100/aweme-avatar/mosaic-legacy_310bd00021a944bb989a4.jpeg?from=2064092626""]",CN,5,True,1318
7617626112147509695,7622581277682860837,2026-05-10T19:59:53.209259,摩卡壶算什么类型,1774770508,1,1,6,0,0,True,True,0,,-1,19303329795,MS4wLjABAAAAbYbZQ459GqfBWaYZQ6VQBXpJmYuq7Uc64YW0Y_htMHw,予清晨,,"[""https://p3-pc.douyinpic.com/aweme/100x100/aweme-avatar/tos-cn-i-0813_c8def959a4bc465ca16fd3350478f467.jpeg?from=2064092626""]",CN,5,True,1318
7617626112147509695,7619519220549059347,2026-05-10T19:59:53.209259,能从咖啡里喝出热带水果、可可、坚果味道的人，大概率也能从蛋炒饭里吃出海鲜、牛排、还有涮羊肉的味道。,1774057570,314,1,99,0,0,True,True,0,,-1,3359753792140622,MS4wLjABAAAAHjP6M8QnbvlHmeWrziPDBzSrCPhDlIhuzda0w3Q5AHbYEuJGlDr_Glwmxy4BelUm,孩子气的神,sazzling,"[""https://p3-pc.douyinpic.com/aweme/100x100/aweme-avatar/tos-cn-i-0813_oEAAAA7lCD8AA91IO2ibCeA4DnOwZgETNqQe2g.jpeg?from=2064092626""]",CN,5,True,1318
7617626112147509695,7623413108442465083,2026-05-10T19:59:53.209259,摩卡壶用了一年，想搞个二千左右的，半自动质量好点的咖啡机，有推荐吗？,1774964182,2,1,6,0,0,True,True,0,,-1,58168501532,MS4wLjABAAAA27qlKQPEvvw7-pzdedSs6bYVN1wNoGx13eoI1KCX10o,找个90岁女朋友,,"[""https://p3-pc.douyinpic.com/aweme/100x100/aweme-avatar/tos-cn-avt-0015_39dae094ec2016f59e47bf8ee115b0ae.jpeg?from=2064092626""]",CN,5,True,1318
7617626112147509695,7618959044389208842,2026-05-10T19:59:53.209259,美式滴滤咖啡机用哪种豆子好？,1773927140,0,1,1,0,0,True,False,0,,-1,94130374719,MS4wLjABAAAACH1CNkaMyVbxNcC0fP0tJPnCCjT6wmOOMipQpDDjvJ8,瓜娃子,,"[""https://p3-pc.douyinpic.com/aweme/100x100/aweme-avatar/mosaic-legacy_2ec95000290484df90986.jpeg?from=2064092626""]",CN,5,True,1318
7617646736986737962,7631122448868475702,2026-05-10T20:00:06.407936,唯一一个经受住闪电战的国家  法国,1776759608,2,1,2,0,0,True,False,0,,-1,563418300418575,MS4wLjABAAAAadukP5nf2VUHH5VsFM1-7pOr4q80fJ6-KFAb2GMYfF0,只关注骚的,ccccssssHXHX,"[""https://p3-pc.douyinpic.com/aweme/100x100/aweme-avatar/tos-cn-i-0813_oQPBMHF2wIDdfxAAtKAAfYERTaQe7mpBGA3t2E.jpeg?from=2064092626""]",CN,5,True,211
7617646736986737962,7617740196771038006,2026-05-10T20:00:06.407936,你们是不是在抖音精选APP看到这个视频的，播放量怎么全是来自抖音精选[疑问],1773643356,94,1,27,0,0,True,False,0,作者,1,2826209948085515,MS4wLjABAAAA0hKs_-XGM79EsvMN_furTP1EUav4qGePuf6MRidTsJrNAcrLlxgT-G6g--WVQZjW,球战纪,QiuZhanJi,"[""https://p3-pc.douyinpic.com/aweme/100x100/aweme-avatar/tos-cn-i-c9aec8xkvj_d60474e491e44267a85c48f80a8f9262.jpeg?from=2064092626""]",CN,5,True,211
7617646736986737962,7617832648199029519,2026-05-10T20:00:06.407936,这风格真好，我可以给孩子看[鲸鱼呲牙][鲸鱼呲牙][鲸鱼呲牙],1773664880,18,1,2,0,0,True,False,0,,-1,63771821129,MS4wLjABAAAAr2Jo3z2DRgerZMHhWlnqOtDisTQ6TL9mkKgVJK-1E4s,胖胖,,"[""https://p3-pc.douyinpic.com/aweme/100x100/aweme-avatar/tos-cn-i-0813_6b440b2caf3a425fb61cf5c01b0c03ba.jpeg?from=2064092626""]",CN,5,True,211
7617646736986737962,7637095919775826715,2026-05-10T20:00:06.407936,冷知识，闪电战理论的雏形是戴高乐提出来的 [看],1778150451,0,1,0,0,0,False,False,0,,-1,99672983586,MS4wLjABAAAADKajOb3PnAsszVdEQxM0P2PLYEHUuXZqCTDRLv5Q1KA,七个隆冬羌,,"[""https://p3-pc.douyinpic.com/aweme/100x100/aweme-avatar/mosaic-legacy_f8f500054dbe82304d1a.jpeg?from=2064092626""]",CN,5,True,211
7617646736986737962,7617656723905970944,2026-05-10T20:00:06.407936,手办挂小黄车吧[捂脸],1773623921,34,1,4,0,0,True,False,0,,-1,1006778568410107,MS4wLjABAAAAkVZyqQRSNLmE7euwS9AGfEeGkJ8Lze6ho9sQTqI2lqwNrzDXJjzVtvwrfVv2aH7N,胖胖(  ),,"[""https://p3-pc.douyinpic.com/aweme/100x100/aweme-avatar/mosaic-legacy_20b3100054664cbc805ab.jpeg?from=2064092626""]",CN,5,True,211
7617662448010562843,7618643704039703359,2026-05-10T20:00:21.242818,把编不下去的废片专门放一集然后假意说要开展新剧情 [捂脸],1773854609,858,1,6,0,0,True,False,0,,-1,1541934033150445,MS4wLjABAAAAjjD5YdQ7hG32rZNvCqXqTLwAtpTGCt3tCo_o4KMFsv5hVgTSRSx_2Yzmlj-v41GO,🐱🐱,56266937346,"[""https://p3-pc.douyinpic.com/aweme/100x100/aweme-avatar/tos-cn-avt-0015_52bcedded32ca1bfd54c8a4fd2eeeb56.jpeg?from=2064092626""]",CN,5,True,146
7617662448010562843,7617878535604945722,2026-05-10T20:00:21.242818,Ty rawse - not normal,1773675565,7,1,1,0,0,True,False,0,,-1,102268141018,MS4wLjABAAAABT6jE7LCSW2aLEVC27Znhvs5BcZRUE-b7Jt3fuqCxaE,爱梦未停,,"[""https://p3-pc.douyinpic.com/aweme/100x100/aweme-avatar/tos-cn-avt-0015_3cfdb1b65ebd2663d860234ba1decb18.jpeg?from=2064092626""]",CN,5,True,146
7617662448010562843,7617824455239631653,2026-05-10T20:00:21.242818,第一段bgm是《Never Gonna Give You Up》,1773662973,561,1,11,0,0,True,False,0,,-1,1948804777783645,MS4wLjABAAAAazv3vyDlLDES6SjbFixrJJ1jk-WB8gCW3GueR6CMdGMYes8P1rg5JU0XRZz0pSSM,牧之,34033166485,"[""https://p3-pc.douyinpic.com/aweme/100x100/aweme-avatar/tos-cn-i-0813c000-ce_o8I0PA7BQJAeUgMsATAgR0KmQFL1iflGn1ANeC.jpeg?from=2064092626""]",CN,5,True,146
7617662448010562843,7617809746317345594,2026-05-10T20:00:21.242818,这波是致敬哪部作品,1773659547,73,1,5,0,0,True,False,0,,-1,3996075500241003,MS4wLjABAAAAQoN9RgaooKHR_PyOHR-L4gfILuzHyiqWD2DNbDyH_PTfjRB16mWtNIdCqZdlEGC3,小心娱乐,47963253944,"[""https://p3-pc.douyinpic.com/aweme/100x100/aweme-avatar/douyin-user-image-file_edc9ea56477cc03cd7f57f707402e05a.jpeg?from=2064092626""]",CN,5,True,146
7617662448010562843,7619295642058310410,2026-05-10T20:00:21.242818,这是致敬的什么，好想看看,1774005510,1,1,1,0,0,True,False,0,,-1,52016414177,MS4wLjABAAAAmTwsoB2XlsSAXayv9A9zi3Ex0dk5W2sJTNwxlQXftfY,悲伤西瓜冰,,"[""https://p3-pc.douyinpic.com/aweme/100x100/aweme-avatar/tos-cn-i-0813_ocU5jAaGNEvfb5oLIAA3CAEiBBhbettAf7IzD3.jpeg?from=2064092626""]",CN,5,True,146
7617667479233449235,7630638331029750565,2026-05-10T20:00:41.450282,粤语一直都碾压国语，因为粤语声调比国语多，更多变化和情感,1776646436,0,1,0,0,0,False,False,0,,-1,3525465085849883,MS4wLjABAAAAOh4m74yUjWoeXf-M2C0Mc37SYSzlG3jn7TfVyQBE0pGb4Ctpw0KVUwDwrl8Ej6bq,宝宝熊熊,53141971344,"[""https://p3-pc.douyinpic.com/aweme/100x100/aweme-avatar/mosaic-legacy_3791_5070639578.jpeg?from=2064092626""]",CN,5,True,208
7617667479233449235,7637467968183943951,2026-05-10T20:00:41.450282,粤语有的歌好听，但是它得歌词和国语没法比,1778236585,0,1,0,0,0,False,False,0,,-1,1779454563321646,MS4wLjABAAAA0qczf84HJPkFjrPTI3DlSnXtNb5oTcZ8TqWToxIQhEGNRxqWbdKzSfVxHt-R2GcV,传奇小杰,58054814851,"[""https://p3-pc.douyinpic.com/aweme/100x100/aweme-avatar/tos-cn-i-0813c000-ce_ooDE9pB3iAgOeXzkA9r6ACCA61vEIoAfwpaSDi.jpeg?from=2064092626""]",CN,5,True,208
7617667479233449235,7617770672831562555,2026-05-10T20:00:41.450282,每次难念的经响起的时候，乔峰扛着个音响就飞出来了[看][看][看],1773650451,28,1,0,0,0,True,False,0,,-1,104107184678,MS4wLjABAAAArfScMbcVlt6YMFC7KhisiANDCR0AUpHbjf8YXgaTN2s,Kay,Kay370094188,"[""https://p3-pc.douyinpic.com/aweme/100x100/aweme-avatar/tos-cn-i-0813c001_oYAAiUkAgiIaBSBEpZBbIgPRUP90ASa2Ai2EA.jpeg?from=2064092626""]",CN,5,True,208
7617667479233449235,7617795603557139249,2026-05-10T20:00:41.450282,《画沙》和《爱得起》我最早听的是钟嘉欣的《爱得起》，我不是两广的人～,1773656255,2,1,2,0,0,True,False,0,,-1,59475269135,MS4wLjABAAAAh1WsPtiARnYK6RMoin_YLFyZwpSyjGZYv01pDvJP4SY,炎龍騎士•燚,,"[""https://p3-pc.douyinpic.com/aweme/100x100/aweme-avatar/tos-cn-i-0813c000-ce_okCIBApOEFAWChAgQ7TD8gU5MvzAfkQEiJWfEe.jpeg?from=2064092626""]",CN,5,True,208
7617667479233449235,7617776254535877413,2026-05-10T20:00:41.450282,我才知道遇见有粤语版 [捂脸],1773651750,128,1,13,0,0,True,False,0,,-1,69899895166,MS4wLjABAAAASRLgxsnmdJhFoowvf6Y_XO0QDgdj4mo2fVxTooRWxIc,样子,wennuan8852,"[""https://p3-pc.douyinpic.com/aweme/100x100/aweme-avatar/tos-cn-avt-0015_8d5eb2e25c1bf325240998f115fe90c3.jpeg?from=2064092626""]",CN,5,True,208
7617668427645291819,7617783337864463153,2026-05-10T20:01:06.427365,不是说汕头双生不夜粥是排挡典范[呲牙],1773653400,6,1,7,0,0,True,False,0,,-1,80111372553,MS4wLjABAAAAlmN0qPZRusJm_NDuGtN8UkT3Z6yhl6OQHDQ8ZUnm0Ro,千中寻(琼中绿橙),A6950,"[""https://p3-pc.douyinpic.com/aweme/100x100/aweme-avatar/tos-cn-i-0813_755fe11f32124715b64bdb5bb19996d5.jpeg?from=2064092626""]",CN,10,True,3335
7617668427645291819,7617848103928709929,2026-05-10T20:01:06.427365,上个月刚去吃过，味道真的不错[赞],1773668480,62,1,17,0,0,True,False,0,,-1,75861111987,MS4wLjABAAAAhtnwahwB-bitf6JuEiE3EeqR_hvV3xghS83ca-ocDhs,Captain 兪,yjw198722,"[""https://p3-pc.douyinpic.com/aweme/100x100/aweme-avatar/tos-cn-i-0813c001_oYyv5ACnkCVcLnNeDAAqYAINAAE1burg79QfF6.jpeg?from=2064092626""]",CN,10,True,3335
7617668427645291819,7617686163382059825,2026-05-10T20:01:06.427365,广东的美食胜于江浙沪。广东美食清淡有味。这个味有些是食材自身的原味，有些是多种食材叠加或组合的复合口味，并不是单纯调料的味。江浙沪一带多以糖调鲜，从而败了食材原味，或单纯追求清淡却沦为寡而无味。,1773630775,17,1,11,0,0,True,False,0,,-1,3562856849087118,MS4wLjABAAAAIO9Y9o63GTmlyMp4KVUI5pGxLxHZTI2VcjgW9w6hsT_W_smDw7UQRz-5V7elACk-,用户6900309944925,95714681678,"[""https://p3-pc.douyinpic.com/aweme/100x100/aweme-avatar/mosaic-legacy_3795_3047680722.jpeg?from=2064092626""]",CN,10,True,3335
7617668427645291819,7619902813246669587,2026-05-10T20:01:06.427365,刚好来了汕头，去了阿鸿饭店，5个人1380，吃了两只膏蟹，六只赖尿虾，（不算大，六只2斤左右吧）一斤多的开刀鱼头350块，其他就青菜，一个芋头芡实煲。还有一个蚝仔烙80块。第一口吃到就好咸，以后的菜都很咸，跟老板说了后好一点。但真的很不合我们的胃口。感觉你是收了钱给他们做广告的。反而在别的餐厅都不错。,1774146880,34,1,3,0,0,True,False,0,,-1,1073571743672504,MS4wLjABAAAAdrLMP9fb3IHYtKDJuTerzNuuTiHOlhDf3Tew1sERzg0T4T8ne8hNjz5DGOSUSOVM,雨雨,dysui3gs05o8,"[""https://p3-pc.douyinpic.com/aweme/100x100/aweme-avatar/tos-cn-avt-0015_17e4e8ed3ef61ecf7acf48cd79cc26c0.jpeg?from=2064092626""]",CN,10,True,3335
7617668427645291819,7617782497762689850,2026-05-10T20:01:06.427365,这牛逼吹得，汕头的猪肉全都是潮汕自己养的吗？,1773653205,3,1,7,0,0,True,False,0,,-1,4366886246558044,MS4wLjABAAAAzqrZkVCv5VRvtlLpjeEqMItYCEDXft1mCfMgi1CJjBbPLdij0InuwROwYnFlRsTQ,用户9435869099029,,"[""https://p3-pc.douyinpic.com/aweme/100x100/aweme-avatar/mosaic-legacy_3797_2889309425.jpeg?from=2064092626""]",CN,10,True,3335
7617695302783280105,7618114842835583793,2026-05-10T20:01:45.141150,这些人挺好 没有房贷车贷 就是不知道娶媳妇要不要“彩礼”？[捂脸],1773730586,13,1,1,0,0,True,False,0,,-1,69766065229,MS4wLjABAAAALDVIyEw6YV7riUl1iBEby3T8p3r_7xEm8i5YsyNwFrU,莫患得失,mohuandeshi7,"[""https://p3-pc.douyinpic.com/aweme/100x100/aweme-avatar/mosaic-legacy_3ff6000735066091a37f.jpeg?from=2064092626""]",CN,5,True,186
7617695302783280105,7618219292753249082,2026-05-10T20:01:45.141150,阿弥陀佛，来生它会找你们的 要这笔账的 [抱拳],1773754903,5,1,18,0,0,True,False,0,,-1,3523310447237008,MS4wLjABAAAA2xwm0sDzZHWS-a9Sc2qo7bunxTIyrTJLHaK9ZVJ0VNqjHLj1FiXIXsTusACoM2sW,逍遥修道,30486750068,"[""https://p3-pc.douyinpic.com/aweme/100x100/aweme-avatar/tos-cn-i-0813c000-ce_oQAERWdoEfxAetOEZ7ZDfEj9qGAFAA1wAgrpIT.jpeg?from=2064092626""]",CN,5,True,186
7617695302783280105,7617976101445354289,2026-05-10T20:01:45.141150,这是巧合，也是巨蟒的贪婪害了自己,1773698286,12,1,1,0,0,True,False,0,,-1,114002794381512,MS4wLjABAAAAxB_vDx8QdjAxPpyUZ6wmfmiUllUsXvUwJLKut6rtwD4,少林,shaolin12349,"[""https://p3-pc.douyinpic.com/aweme/100x100/aweme-avatar/tos-cn-i-0813_42707d2393e049cdb4c66ea152d7c7fd.jpeg?from=2064092626""]",CN,5,True,186
7617695302783280105,7618224970775692089,2026-05-10T20:01:45.141150,国家二级保护动物[捂脸][捂脸][捂脸],1773756226,0,1,1,0,0,True,False,0,,-1,72382053073,MS4wLjABAAAAHTOkFjNZWkpn4TXzCtwk5CyDGsJyxYLygOvAGy4NCV4,无  畏       先  锋,,"[""https://p3-pc.douyinpic.com/aweme/100x100/aweme-avatar/tos-cn-i-0813c000-ce_o4IAEew9TDABMlAOADF3E9oABAQwfEdWIXfdYE.jpeg?from=2064092626""]",CN,5,True,186
7617695302783280105,7618074496113886010,2026-05-10T20:01:45.141150,他们为什么不怕有大蛇精报复呢,1773721191,7,1,9,0,0,True,False,0,,-1,100693468193,MS4wLjABAAAAB4UsWtohX_XC1EYx8jW4-XNZ0W5QhRAvKyn6BsgoItg,一叶菩提,,"[""https://p3-pc.douyinpic.com/aweme/100x100/aweme-avatar/tos-cn-i-0813c000-ce_o8a0AsNaPqTPMNAEZAPhWqlkuiqAyiABD5nIx.jpeg?from=2064092626""]",CN,5,True,186
7617705426154573066,7624847110945276709,2026-05-10T20:02:14.560266,Zero,1775298063,0,1,1,0,0,True,False,0,,-1,92820206633,MS4wLjABAAAAYk_QPagy3SlvyBpRTsExnZhCo0ND0AsoSF499pd3CKg,Wxn,,"[""https://p3-pc.douyinpic.com/aweme/100x100/aweme-avatar/tos-cn-avt-0015_b142f3bcfa0123d09ec940af32832a13.jpeg?from=2064092626""]",CN,5,True,16
7617705426154573066,7624515730831180593,2026-05-10T20:02:14.560266,韩国电影这么超前？？佩服,1775220907,0,1,1,0,0,True,False,0,,-1,51981360172,MS4wLjABAAAAe6Gk2gYh0bnINX_oplYw-xgfjUsv6r-rLHh4drB4hoA,基督伯爵,,"[""https://p3-pc.douyinpic.com/aweme/100x100/aweme-avatar/tos-cn-i-0813c000-ce_oQicdAeAEEAfbIBsAzAwnpZgeEi7ZvtBld5bRy.jpeg?from=2064092626""]",CN,5,True,16
7617705426154573066,7619715701117059877,2026-05-10T20:02:14.560266,是林女士吗[举手][举手][举手],1774103313,6,1,0,0,0,True,False,0,,-1,2295384012490831,MS4wLjABAAAA-30cuWn5BsQggb0pBLGADJJlJWXx1bERWwzNHhbFBZGaBuLxBwcqaoRcgC2z8zE9,酒瑟,asha99726,"[""https://p3-pc.douyinpic.com/aweme/100x100/aweme-avatar/tos-cn-i-0813c000-ce_oQe3QkQ7AB3ezGDvJAgFBoJNIfyUTOEFTAR9jA.jpeg?from=2064092626""]",CN,5,True,16
7617705426154573066,7633047624762098466,2026-05-10T20:02:14.560266,更觉得韩国拍的这种片段更偏向于爽剧。,1777207393,0,1,0,0,0,False,False,0,,-1,2969150240858995,MS4wLjABAAAANoOwij8HSD1L0qYKM-KSWZmDEnB5QDsp6dDS0lcPs00wTjGS6ffjvuWSDPZnVUPV,淮耿,28037492121,"[""https://p3-pc.douyinpic.com/aweme/100x100/aweme-avatar/tos-cn-i-0813c000-ce_oYIz82Knufe2DFCplGHDHAADgHTfAf9A1QAlEb.jpeg?from=2064092626""]",CN,5,True,16
7617705426154573066,7625991640998445861,2026-05-10T20:02:14.560266,这个眼镜有点逆天了,1775564544,0,1,0,0,0,True,False,0,,-1,4319356963279838,MS4wLjABAAAAkl7llUVLgoQ04t8HEZlwyy4KbORUD6NwV1Z4m0SjQYy3oUdNw8MAmVlkjsQKSm_F,Eon,Eon_K,"[""https://p3-pc.douyinpic.com/aweme/100x100/aweme-avatar/tos-cn-i-0813c000-ce_oUw6A8fIRZIOeAePA0AQtjWLQeHNuzHwmGeTAT.jpeg?from=2064092626""]",CN,5,True,16
7617708395629432083,7617810019015279419,2026-05-10T20:02:39.407161,"反派一个人没杀，他倒杀了18,000个。[躺平][躺平][躺平][躺平][躺平][躺平][躺平][躺平]",1773659612,268,1,3,0,0,True,False,0,,-1,274200411770504,MS4wLjABAAAASLeNuvNHAThnA9tnr9-_GEzx5njSNWzxWTemTOYasoo,绝不回头,63140080440,"[""https://p3-pc.douyinpic.com/aweme/100x100/aweme-avatar/tos-cn-i-0813c001_ocJm4iCeNB0BpCAs1gABAKmuEfVyiWAiz5IAOA.jpeg?from=2064092626""]",CN,5,True,275
7617708395629432083,7626986580658602801,2026-05-10T20:02:39.407161,[钱],1775796197,31,1,2,0,0,True,False,0,,-1,1019981739332573,MS4wLjABAAAAp-GIuSPkTtWkWTE3q_p0F1XRY5LTdgcMxb0Dq6VL_AeYOFCkRxRkAQxOiCXU0DGt,𝓝𝓲𝓾𝓻𝓮🌈,45092322044,"[""https://p3-pc.douyinpic.com/aweme/100x100/aweme-avatar/tos-cn-avt-0015_227b727a5ae995a0e3c53fcf91dfd7eb.jpeg?from=2064092626""]",CN,5,True,275
7617708395629432083,7622569293088178950,2026-05-10T20:02:39.407161,阿祖全剧真男人，但凡其他任何人有他能力，地球直接干爆炸,1774767718,589,1,35,0,0,True,False,0,,-1,96027134541,MS4wLjABAAAAW8k4dCgbYqEftydDJwpYN_d2i7HxQ-DqondU8yrnFfY,金汤力,,"[""https://p3-pc.douyinpic.com/aweme/100x100/f6b800120b17f92bb0a2.jpeg?from=2064092626""]",CN,5,True,275
7617708395629432083,7621125372331361083,2026-05-10T20:02:39.407161,阿祖要是真镭射眼360度无死角一扫，就不会有这种视频出现了[捂脸],1774431527,303,1,6,0,0,True,False,0,,-1,83549615298,MS4wLjABAAAA3sIzg2lyRCCpjzmgFabcgm-hkXhoATSw0eZnIjWcZfM,KKYZ,kk888888ccx,"[""https://p3-pc.douyinpic.com/aweme/100x100/aweme-avatar/tos-cn-avt-0015_ef09c3e80477b00b98ee80e84105d73c.jpeg?from=2064092626""]",CN,5,True,275
7617708395629432083,7626988177508647743,2026-05-10T20:02:39.407161,每次超人类杀个普通人磨磨唧唧，确实有点降智,1775796569,341,1,11,0,0,True,False,0,,-1,1445207516643755,MS4wLjABAAAAu5H1lA6UUFflVMkI9kYHzZ8aXpKPQ1TmKk6Qr3an4_w0YXKUYCGRAjTGepSKYji1,🌈烛夜太,58626530981,"[""https://p3-pc.douyinpic.com/aweme/100x100/aweme-avatar/tos-cn-i-0813c001_o0UAPfm0zgEeBLAIAM5iAgCDxA2iECzc09KUAC.jpeg?from=2064092626""]",CN,5,True,275
7617710434506347466,7620315907105227555,2026-05-10T20:03:04.213444,侏儒兔[捂脸]我养到了5斤[捂脸],1774243061,214,1,41,0,0,True,False,0,,-1,93902371667,MS4wLjABAAAAWveuiF-6QNXcHDYqZJDDjLR4Ze6U3eM3nP8ESgP9Nb8,不清楚，不知道，不认识，不要问我,buyaowenwo7137,"[""https://p3-pc.douyinpic.com/aweme/100x100/aweme-avatar/tos-cn-i-0813_5825bf1c57d947d39751126433974803.jpeg?from=2064092626""]",CN,10,True,1663
7617710434506347466,7622164639661769522,2026-05-10T20:03:04.213444,圆滚滚的可爱龙猫真的很便宜，又好看[耶],1774673502,10,1,4,0,0,True,False,0,作者,1,3493566913722092,MS4wLjABAAAAJteocbJoFi3mC-OZ5X1SaOW2Eda87dwDsCmrGPjfQuEFKG6e8mldTlo4gHlZp53K,宠物科普3,55758369701,"[""https://p3-pc.douyinpic.com/aweme/100x100/aweme-avatar/tos-cn-avt-0015_aeefbbe453041d2b8f962828d976cbc5.jpeg?from=2064092626""]",CN,10,True,1663
7617710434506347466,7622613415895057198,2026-05-10T20:03:04.213444,侏儒兔50块一只你敢买，它就能给你长成驴,1774778391,5,1,2,0,0,True,False,0,,-1,7402590060728337467,MS4wLjABAAAAogGsuyVHbF4llSGX4Zab2WHe_Kq9picGTV-vsW9aB9-SV5gleiQ67WAFyFu8bJqI,名字一长就有人跟着读,21996475006,"[""https://p3-pc.douyinpic.com/aweme/100x100/aweme-avatar/tos-cn-i-0813c000-ce_o4BAVBAA4OiABIyvPoBQiAssadEv8MX40Fiqy.jpeg?from=2064092626""]",CN,10,True,1663
7617710434506347466,7619548337594778431,2026-05-10T20:03:04.213444,龙猫多少？,1774064346,1,1,1,0,0,True,False,0,,-1,96139754218,MS4wLjABAAAApcyl-nM7lzx0NSwkgIDsnSsIoQzvT1wb_Ed6DAziP9s,zhang,,"[""https://p3-pc.douyinpic.com/aweme/100x100/aweme-avatar/mosaic-legacy_2d6eb0003bbc07fbab358.jpeg?from=2064092626""]",CN,10,True,1663
7617710434506347466,7618650698142401329,2026-05-10T20:03:04.213444,龙猫我就没见过200的，最便宜的都800+,1773855353,4,1,1,0,0,True,False,0,,-1,99853128514,MS4wLjABAAAAAM5xp5jx5W2cE5mgHJSd7gtBUWGxEgs4wN_SlqJnG3g,🐏¹⁹₇₉刘℘࿐,,"[""https://p3-pc.douyinpic.com/aweme/100x100/aweme-avatar/tos-cn-i-0813_o8CuECGxqzA11JARAefPA9lABAogZCyTImNxPh.jpeg?from=2064092626""]",CN,10,True,1663
7617710944685250661,7617724899306767113,2026-05-10T20:03:28.517496,有一次，不知道在哪，看到一个烧烤店，叫“李梅烧烤”！[呲牙][呲牙][呲牙],1773639795,27,1,2,0,0,True,False,0,,-1,3632390085022499,MS4wLjABAAAAhooXjXXxBOn-5ZelkXVX_TWcppBQyrwRYdA0b-u3bCUFqYMsFWUeQq-IsiuO5uN7,阿尔沙文,aershawen530,"[""https://p3-pc.douyinpic.com/aweme/100x100/aweme-avatar/tos-cn-i-0813_o4XbP2BsBH2EAeiraAJA4ETfhf78AAm4WB0Aj4.jpeg?from=2064092626""]",CN,5,True,102
7617710944685250661,7617739590141625134,2026-05-10T20:03:28.517496,纠正一下，日本没有平民！谢谢,1773643215,23,1,0,0,0,True,False,0,,-1,2458137728911981,MS4wLjABAAAAJC-ULUu0tuaxWiH-AuWsP4N_cdsSqEbUBtbtPLXWlp3pNlz5XRQDYbOMvodLkqvd,招风的小树,dy5a1yrvbesf,"[""https://p3-pc.douyinpic.com/aweme/100x100/aweme-avatar/mosaic-legacy_3795_3033762272.jpeg?from=2064092626""]",CN,5,True,102
7617710944685250661,7629939782811304713,2026-05-10T20:03:28.517496,一人一点6吨汽油，这效率也不咋的。比德国对犹太人效率低的不是一星半点。,1776484277,2,1,0,0,0,True,False,0,,-1,2709674340909204,MS4wLjABAAAARpCyvloxsQLhip3um0RKm5-OsCMod7AkZdOM2c7Tr1yDv6KMEM4UhL2CdcvzJEfF,🧡ྀི💛ྀི❤️ྀི,22412534712,"[""https://p3-pc.douyinpic.com/aweme/100x100/aweme-avatar/mosaic-legacy_3797_2889309425.jpeg?from=2064092626""]",CN,5,True,102
7617710944685250661,7624735568089760531,2026-05-10T20:03:28.517496,要不他怎么怕美国人呢？怕苏联人？就不怕咱们太仁慈了。,1775272625,3,1,0,0,0,True,False,0,,-1,1126326738101037,MS4wLjABAAAATo6RrxZFcs8PXAVFoAic-ZqpKbhdiKEtKxfW_dIUsTaQLkI699x5CILigOpP1WEC,张国老,zhangguolao140,"[""https://p3-pc.douyinpic.com/aweme/100x100/aweme-avatar/tos-cn-i-0813_eec20acf9e034baebc0159584a6a4d92.jpeg?from=2064092626""]",CN,5,True,102
7617710944685250661,7619994537917727537,2026-05-10T20:03:28.517496,为什么没有一点同情只有痛快，有种还想再来一次的执念。,1774168234,6,1,1,0,0,True,False,0,,-1,2155466703246407,MS4wLjABAAAArmg5in5bq9pXX0ixWFd_DTbR7kFrwdYUlFr8GoKzbXEEQBUwennQ8SBdP7oTh4mX,艺越国芳,51494339818,"[""https://p3-pc.douyinpic.com/aweme/100x100/aweme-avatar/tos-cn-i-0813_63e37aaab538480e93d7f69c546330e9.jpeg?from=2064092626""]",CN,5,True,102
7617728430486744034,7618535808278414143,2026-05-10T20:03:38.049581,"少君女装，太子断袖，将军种马，公主骑牛
白衣推销，黑水欠债，青鬼骂人，血雨放贷",1773828597,48,1,2,0,0,True,False,0,,-1,97564643323,MS4wLjABAAAAZyvM8UuGfZ3JXYzxiz6aEVE6ALrUHAd1WtCz5EdqCbQ,🍓,,"[""https://p3-pc.douyinpic.com/aweme/100x100/aweme-avatar/tos-cn-avt-0015_d6da7e34ba0c3b61628f4db4f5156322.jpeg?from=2064092626""]",CN,5,True,220
7617728430486744034,7624863331740418822,2026-05-10T20:03:38.049581,我想问的是，花城的右眼到底怎么了，就是活着的时候。不是用他炼法器以后。,1775301839,80,1,4,0,0,True,False,0,,-1,96564113114,MS4wLjABAAAA23REoazY9PGxXlQWQ7My349UviRv1t_dghDgKaMsRCc,-花开陌路-,,"[""https://p3-pc.douyinpic.com/aweme/100x100/aweme-avatar/11ff875799bd9f5d9ab9f3363b020568.jpeg?from=2064092626""]",CN,5,True,220
7617728430486744034,7617806745846940462,2026-05-10T20:03:38.049581,四美景从来都不是什么美谈,1773658850,374,1,6,0,0,True,False,0,,-1,2766809577829918,MS4wLjABAAAAtcagtOtJSgSpeCmrXkPcKFCcoS9ZcrhcMh3eBnWdvTm1bbaKmJRYdbCr4O4vfCiA,祝所有的小情侣99,67871969275,"[""https://p3-pc.douyinpic.com/aweme/100x100/aweme-avatar/tos-cn-i-0813c000-ce_osx4sZDrEFALIlEWzAEeAUAAEolof9GapeuBw0.jpeg?from=2064092626""]",CN,5,True,220
7617728430486744034,7617885126634799909,2026-05-10T20:03:38.049581,"谢怜
雨师篁
只有这二个一直都是心态就是我算什么。别人对我怎样我不怪他们。依旧成全别人。依旧相信世界是美好的。就算他们是恶也是为了自保而已。",1773677100,53,1,2,0,0,True,False,0,,-1,78941530279,MS4wLjABAAAADZK4TaTO-za_imYsZGfTfysY4_GQgRF2QzvZqLZSQBc,减壹,,"[""https://p3-pc.douyinpic.com/aweme/100x100/aweme-avatar/tos-cn-i-0813_2f15d20a70f14cddbc277d945ee34cad.jpeg?from=2064092626""]",CN,5,True,220
7617728430486744034,7619382744221795129,2026-05-10T20:03:38.049581,"四景四害时间顺序如下:
四景:公主自刎→将军折剑→太子悦神→少君倾酒
四害:白衣祸世→血雨探花→黑水沉舟→青灯夜游",1774025794,57,1,0,0,0,True,False,0,,-1,857257827378797,MS4wLjABAAAArhv1ddNkxCEvxBIL9FPNmCkQeQAtKoeweE9kdrt7ZQA,八百年后待君归,62579260325,"[""https://p3-pc.douyinpic.com/aweme/100x100/aweme-avatar/tos-cn-i-0813c000-ce_o4SptAAMpDExLA23C9iiwNBpAeA9OMAIEUfSn9.jpeg?from=2064092626""]",CN,5,True,220
7617730110942188955,7619352578241200923,2026-05-10T20:03:45.742580,瑞虎8和博越L肯定选瑞虎8，瑞虎9和星越L肯定选星越L了,1774018768,6,1,3,0,0,True,False,0,,-1,95648986642,MS4wLjABAAAAn4BKR6ELMCUKTMwlBJPGe_6AI9Ya1zxMR1FBqL2yess,是壮壮吖！,GG70253,"[""https://p3-pc.douyinpic.com/aweme/100x100/aweme-avatar/tos-cn-i-0813_oQMeAEKPgEyXMQQ9M87gBedB2D7woAu3AfAAXP.jpeg?from=2064092626""]",CN,10,True,605
7617730110942188955,7618663654510887739,2026-05-10T20:03:45.742580,给瑞虎8打广告，猛踩博越l[赞],1773858370,8,1,1,0,0,True,False,0,,-1,1011200133175776,MS4wLjABAAAAXqQLkMlUEqUnXPZnR1awagcDjJ-bAdD6lmIYja1aHiQaLY_ded2hNHOT9rcR7C6y,随心随性,meiweijiacha66,"[""https://p3-pc.douyinpic.com/aweme/100x100/aweme-avatar/tos-cn-i-0813_e4d81c72f71a44deb53838ef48d5ba92.jpeg?from=2064092626""]",CN,10,True,605
7617730110942188955,7621796610275803953,2026-05-10T20:03:45.742580,本人年前看了博越L山河版和五代瑞虎八尊贵版两款车配置差不多，个人也是觉得瑞虎八用料和舒适性好点，博越L现金优惠18000虎八只优惠7000而且想要个银色还要让我加1000块钱，最后果断买了博越L毕竟便宜一两万它不香吗几年的油钱省出来了[捂脸][捂脸][捂脸],1774587813,8,1,4,0,0,True,False,0,,-1,96029482280,MS4wLjABAAAA-NQ8U_zfifRP-lzedsEsdvJdTJrzn102T6JNv6m2jCo,威维伟为,,"[""https://p3-pc.douyinpic.com/aweme/100x100/aweme-avatar/tos-cn-i-0813c000-ce_oshAmfH0dwa9DXAIA3uEAWCncE9FE9OIocIeAD.jpeg?from=2064092626""]",CN,10,True,605
7617730110942188955,7635803667262784262,2026-05-10T20:03:45.742580,博月屁股还是有点丑[尬笑],1777849086,2,1,1,0,0,True,False,0,,-1,1578538540996900,MS4wLjABAAAARmxz0QX2EGprjfMOOzjpEN5hqXzMqRtn78wjQdaJH23hCKb6tslxPGO2FcQ5IbHs,用户8831733021484,dyiw16tqckpz,"[""https://p3-pc.douyinpic.com/aweme/100x100/aweme-avatar/mosaic-legacy_3791_5035712059.jpeg?from=2064092626""]",CN,10,True,605
7617730110942188955,7636741160270938937,2026-05-10T20:03:45.742580,我也是最后选择了虎8，不后悔,1778067361,2,1,0,0,0,False,False,0,,-1,848445625602580,MS4wLjABAAAA2jS9ZTfb-wTyny_AQ9qu-HEzMoCb83uS883CI7y9Txc,阿迪力江,,"[""https://p3-pc.douyinpic.com/aweme/100x100/aweme-avatar/tos-cn-i-0813c001_oA41pAfLSAB5BdOAHlt3U7eEEft2AISABDYAhP.jpeg?from=2064092626""]",CN,10,True,605
7617731428628958498,7618252893631988538,2026-05-10T20:04:09.970733,女生别轻易学，我就是看了这部电视剧，每天下班回来跟女主一样吃，胖了十多斤，顺带感觉酒精有点上瘾，隔段时间就会很想喝[捂脸][捂脸],1773762727,1124,1,119,0,0,True,False,0,,-1,84556622724,MS4wLjABAAAAo_lv1nPWD-3zT-L4IE5aafs8xMGiARx8fxKUUg3SlKs,来杯冰美式,,"[""https://p3-pc.douyinpic.com/aweme/100x100/aweme-avatar/tos-cn-i-0813_ocfHgCwFfQfDzYAATMAAYscJpKgvsffEQAna0Q.jpeg?from=2064092626""]",CN,15,True,1298
7617731428628958498,7637126568792507174,2026-05-10T20:04:09.970733,这女的是不是演过《富江》？？？太恐怖了,1778157641,0,1,1,0,0,True,False,0,,-1,62790604548,MS4wLjABAAAApBk4sYspPb1g5HTSHROcgTFE3Mb9qhUSAmqvRg2PAz4,无悔,zjc32789,"[""https://p3-pc.douyinpic.com/aweme/100x100/aweme-avatar/tos-cn-avt-0015_e2438594e6773b001ab1cc5f223e2cf5.jpeg?from=2064092626""]",CN,15,True,1298
7617731428628958498,7618243783553073969,2026-05-10T20:04:09.970733,这女的每次开头都是欧一吸，另一个男的每次开头都是五蚂蚁[宕机],1773760605,10,1,2,0,0,True,True,0,,-1,85985705028,MS4wLjABAAAAEQJTl9ArfXfPaJSHjAIf8d3e8ZWVYadlHwC9qM4kyIM,薛定谔的漂,danzainiuniu,"[""https://p3-pc.douyinpic.com/aweme/100x100/aweme-avatar/tos-cn-avt-0015_14141853e4f962b817ca733e0855a756.jpeg?from=2064092626""]",CN,15,True,1298
7617731428628958498,7618207785818489637,2026-05-10T20:04:09.970733,一个人每天自己笑嘿嘿的不奇怪吗[泪奔],1773752224,9,1,2,0,0,True,False,0,,-1,1513370844138797,MS4wLjABAAAAM-J6Yv_YNoOB6rrbB7lHx632uzqdPVnWuQ-h0YkZiDlBZ4v83hT-URuy1IwIU9ph,美孜,dyx6ecdt58vh,"[""https://p3-pc.douyinpic.com/aweme/100x100/aweme-avatar/tos-cn-i-hf2m9xxmck_0ea890325ecf42f4b9b860455efcfbd2.jpeg?from=2064092626""]",CN,15,True,1298
7617731428628958498,7618216354054734602,2026-05-10T20:04:09.970733,我今晚的晚酌是不是有点冒昧了[噢买尬],1773754218,35,1,18,0,0,True,False,0,,-1,95439977198,MS4wLjABAAAA2GoazViqgX60lMpjIR_d26HxZZmSlpajkKA4rnIKQ6U,、唯余一笑,,"[""https://p3-pc.douyinpic.com/aweme/100x100/aweme-avatar/mosaic-legacy_75b400007a1a70f4136c.jpeg?from=2064092626""]",CN,15,True,1298
7617734749763785142,7618088775927251775,2026-05-10T20:04:17.519022,魏宗万老爷子演技还是挺好的[看],1773724516,48,1,2,0,0,True,False,0,,-1,1837985610598528,MS4wLjABAAAAq7OTmChUSr0toKV7_YN5qj2Kop0hP3NMQKvF6144UIvjvSasFgt0cIC5T-qMNEIP,花落为谁伤,w156811752,"[""https://p3-pc.douyinpic.com/aweme/100x100/aweme-avatar/tos-cn-avt-0015_e15460ac16cff432e90ea6f0cefce4c0.jpeg?from=2064092626""]",CN,5,True,447
7617734749763785142,7632743226668335930,2026-05-10T20:04:17.519022,三毛从军记和巧奔妙逃这两部都是抗日喜剧天花板！！！！举起手来靠后,1777136523,5,1,1,0,0,True,False,0,,-1,7502959019981161532,MS4wLjABAAAA1loaqiDtAZAEQlGrTfVrq1rhE4oLOPdi-sC9ix--vw7sDj9TX40X0qM7za2Pehk7,🚬এ᭄一介🎋俗人ღᩚ᭄🍺,98838384045,"[""https://p3-pc.douyinpic.com/aweme/100x100/aweme-avatar/tos-cn-i-0813c000-ce_osEegA7BIJAfnQHXATAg5ukMQFFJvM1DzZBfd2.jpeg?from=2064092626""]",CN,5,True,447
7617734749763785142,7625631951772582694,2026-05-10T20:04:17.519022,魏宗万就没年轻过[捂脸],1775480796,3,1,0,0,0,True,False,0,,-1,2229406032472254,MS4wLjABAAAANf_rw0FdsTpquOUE8B4HuV9GbXUumF6yNIxC68HqbaHolEdA-X-E-L9w7m0G9Ax0,晚风(),dyg6hlquwmog,"[""https://p3-pc.douyinpic.com/aweme/100x100/aweme-avatar/tos-cn-i-0813c001_oY9B0A44AkAQwAHpMPCFEhTOICrfWAjx7gDeAM.jpeg?from=2064092626""]",CN,5,True,447
7617734749763785142,7622451068873540401,2026-05-10T20:04:17.519022,零几年的时候记得有一部动画版的三毛流浪记，不知道有没有人看过。动画版的三毛挺惨的,1774740190,42,1,5,0,0,True,False,0,,-1,97219227805,MS4wLjABAAAADOhT94CQ7ltVWpxX5P7fw9808MpTQzvzkXGDE3Ae7AY,好ID都被你们用完了,,"[""https://p3-pc.douyinpic.com/aweme/100x100/aweme-avatar/tos-cn-avt-0015_923713a92721cc324cbc8be5bacdd596.jpeg?from=2064092626""]",CN,5,True,447
7617734749763785142,7618103329763820314,2026-05-10T20:04:17.519022,三毛是谁演的？有谁知道？,1773727905,24,1,1,0,0,True,False,0,,-1,441317649823584,MS4wLjABAAAAG-Qf9TtzT16u4vpXBBuM5OFTZBlRHdr4AYKQBNhyq8M,陈年往事,96050110428,"[""https://p3-pc.douyinpic.com/aweme/100x100/aweme-avatar/mosaic-legacy_3797_2889309425.jpeg?from=2064092626""]",CN,5,True,447
7617738438560861494,7618124806496830245,2026-05-10T20:04:29.078631,姚明，易建联，林书豪，华人球员只要有机会都会迸发出耀眼的光彩。,1773732905,6,1,0,0,0,False,False,0,,-1,85325543271,MS4wLjABAAAAb_Nzt9XopGK3XWOC49nb4Ng1dWPKcKu5u2gjt__iisQ,🕊春꧔ꦿ᭄平꧔ꦿ᭄,,"[""https://p3-pc.douyinpic.com/aweme/100x100/aweme-avatar/tos-cn-i-0813c000-ce_ogJeAPZEdCbIBBL7WsIAvvA8sygef3CUACKE3G.jpeg?from=2064092626""]",CN,5,True,19
7617738438560861494,7617840885329969969,2026-05-10T20:04:29.078631,▶〣〣l〣l〣l |27＂,1773666798,1,1,0,0,0,True,False,0,,-1,103795281362,MS4wLjABAAAA4FTcK6B7poXEyQLsYt4s0aMmQ7URtKOUUJC1fhcXFZw,风轻☁️淡,,"[""https://p3-pc.douyinpic.com/aweme/100x100/aweme-avatar/tos-cn-avt-0015_b3a57becb3060263a4e9dd3bd3dce1f0.jpeg?from=2064092626""]",CN,5,True,19
7617738438560861494,7618194175465030437,2026-05-10T20:04:29.078631,他是美国人,1773749055,1,1,1,0,0,True,False,0,,-1,54752361314,MS4wLjABAAAAjWrLQHKxyZw9ODZae619c5uOPepe-kO0wIV0808AcQw,一路前行…,,"[""https://p3-pc.douyinpic.com/aweme/100x100/aweme-avatar/tos-cn-i-0813c000-ce_okI9WepAimyavLguDEEhfrFCXAAEGwfmEJAA1Y.jpeg?from=2064092626""]",CN,5,True,19
7617738438560861494,7618206434430386971,2026-05-10T20:04:29.078631,我郁尽九过,1773751909,0,1,0,0,0,False,False,0,,-1,1837983355121085,MS4wLjABAAAABswOzKCjpj34683jrSU4FWd9yHLOxcUpX9LhZMbmdTeFDd-AY73NyQbz9NQ1GOGZ,星光灿烂,dys7k06tjes7,"[""https://p3-pc.douyinpic.com/aweme/100x100/aweme-avatar/mosaic-legacy_30e580005d1e899940827.jpeg?from=2064092626""]",CN,5,True,19
7617738438560861494,7621537783265510190,2026-05-10T20:04:29.078631,种族歧视鹰酱哪里无处不在[懵],1774527549,1,1,1,0,0,True,False,0,,-1,4257745765152094,MS4wLjABAAAAkL-EEz0P0_olDFW3v5wgAmHAXNYGZv2qUTwnWsyV0IRS9iyaeVUot8zJLjoGu4PL,海贼王山治之家7西瓜,0802XY1016HY,"[""https://p3-pc.douyinpic.com/aweme/100x100/aweme-avatar/tos-cn-i-0813_oQA2d4CtAIS7ePjlQu0BOeAfAGHBOMwEAAE5Iy.jpeg?from=2064092626""]",CN,5,True,19
7617748637880634185,7618100306114544411,2026-05-10T20:04:38.279399,一年多了，也没漏气[笑哭],1773727200,15,1,11,0,0,True,False,0,,-1,3632374610149064,MS4wLjABAAAAULOk_YxF2V-Q00JRj-Bytytg_7VMQMFTWY5_b9Qno3C8rHJHVgqztrMbiJGOygeB,人心难测,cui504616817,"[""https://p3-pc.douyinpic.com/aweme/100x100/aweme-avatar/tos-cn-i-0813_ogGrAOAGIDzavXAAmYkAenCC3QqcDlAbgA4eG9.jpeg?from=2064092626""]",CN,5,True,52
7617748637880634185,7618127646359356211,2026-05-10T20:04:38.279399,早看到就好了，之前有辆大车在我家门口就是这样，用了很多办法就是出不来，最后叫别的大车拖出来了,1773733566,31,1,0,0,0,True,False,0,,-1,66813155554,MS4wLjABAAAAw_PUF35bamxFFyCVdfE9yY3RetcgrG0umvSVBXDy-A4,苏苏,,"[""https://p3-pc.douyinpic.com/aweme/100x100/aweme-avatar/mosaic-legacy_2dc5700016242b84bd3f5.jpeg?from=2064092626""]",CN,5,True,52
7617748637880634185,7618099585895121701,2026-05-10T20:04:38.279399,还别说，阿三吃的不咋地，还挺有智慧[捂脸],1773727033,7,1,1,0,0,True,False,0,,-1,63039668689,MS4wLjABAAAAc_8Pr9R-WplGJkmLwQIpO1xQUWSf9q5NgAA5ddV7kM8,🍀💞❥ L.,881197002599Z,"[""https://p3-pc.douyinpic.com/aweme/100x100/aweme-avatar/tos-cn-i-0813c001_osLkSAeS1AdLBAlAI4fLD7uEESUeQtdABzEAIG.jpeg?from=2064092626""]",CN,5,True,52
7617748637880634185,7618190900435354426,2026-05-10T20:04:38.279399,开始独轮转，后面两轮转，怎么说,1773748293,0,1,2,0,0,True,False,0,,-1,64905901150,MS4wLjABAAAASYpNOCbfS0n4ZvgC2f0YhRKpF5vBjp0Ebm5wRQKCgHo,最爱小棉袄,yangyang205521,"[""https://p3-pc.douyinpic.com/aweme/100x100/aweme-avatar/mosaic-legacy_282d7000556917bc22e70.jpeg?from=2064092626""]",CN,5,True,52
7617748637880634185,7636555877315609370,2026-05-10T20:04:38.279399,一个小眼，给搞的这么大,1778024223,0,1,0,0,0,False,False,0,,-1,4428477025224360,MS4wLjABAAAACoHS7EiWMBzURW6DuCzvrRr_hPu43nD2SRqs1q_CRrUhDOmFJykQ6T_AFx_aprQz,随缘111,yu1584273,"[""https://p3-pc.douyinpic.com/aweme/100x100/aweme-avatar/mosaic-legacy_2f5af000612c9e623fcb4.jpeg?from=2064092626""]",CN,5,True,52
7617751728431107380,7620642544631694137,2026-05-10T20:04:45.261304,青衣留住我,1774319110,13,1,1,0,0,True,False,0,,-1,111168299906,MS4wLjABAAAAM6-yC6GiBaFrjvBnOslTVacd3qXcpCeKl2j-LTnBgs4,⭐️小王要努力  （18岁成人版）,xm1989yyds,"[""https://p3-pc.douyinpic.com/aweme/100x100/aweme-avatar/tos-cn-avt-0015_bc873dde7ef3b2d9e13dc5592a5737bc.jpeg?from=2064092626""]",CN,10,True,179
7617751728431107380,7622175024376791858,2026-05-10T20:04:45.261304,青衣好听,1774676529,19,1,3,0,0,True,False,0,,-1,1855580111904087,MS4wLjABAAAApiQKW88DFmMqn9XMOKYvzcEAMehRCliTNFvc_Oy3zgWSNnQXPFRP8yFirbS8rv7-,牛,dyzr04lm3a1o,"[""https://p3-pc.douyinpic.com/aweme/100x100/aweme-avatar/mosaic-legacy_3795_3044413937.jpeg?from=2064092626""]",CN,10,True,179
7617751728431107380,7630730536760591140,2026-05-10T20:04:45.261304,愿天仙界_______!,1776668436,0,1,1,0,0,True,False,0,,-1,2096083009551916,MS4wLjABAAAAzd14vD2LdiRSL8S8HlBXLzomTC0HDZh5SAB_kz81HWrgZf3UDgH5TQZ0WIUhekS4,栀子花,47486218751,"[""https://p3-pc.douyinpic.com/aweme/100x100/aweme-avatar/tos-cn-i-0813_o0gBIAakA9H9kRx7gAiAECA6E6AAOQTIPPixR.jpeg?from=2064092626""]",CN,10,True,179
7617751728431107380,7618113720786387755,2026-05-10T20:04:45.261304,我身边的人 他们都说没听过  [流泪],1773730615,60,1,6,0,0,True,False,0,,-1,2339362646271700,MS4wLjABAAAAbiEOCAGWU4itIQYMxAsFe5zmixZqZaZfPjmpPcJoEfyIj9kxp4ltCoNbz45EN-8L,我的头像是蒙娜丽莎,lsw250525,"[""https://p3-pc.douyinpic.com/aweme/100x100/aweme-avatar/tos-cn-i-0813c000-ce_ocf0AReCAIB3a46i8xiIXEACEIAXIwE5GcAesA.jpeg?from=2064092626""]",CN,10,True,179
7617751728431107380,7634794864022356774,2026-05-10T20:04:45.261304,青衣巨好听(ง •̀_•́)ง,1777614205,1,1,0,0,0,True,False,0,,-1,64260943728,MS4wLjABAAAAIMYzd4qBNijLuWwlM-XIJAxqQegiIx--uMrbBcymKys,月萌,,"[""https://p3-pc.douyinpic.com/aweme/100x100/aweme-avatar/tos-cn-i-0813_oo0eDySLIAQPCXBAEmAklAAhAeipqCvkRgTBui.jpeg?from=2064092626""]",CN,10,True,179
7617753743735508239,7617821110936470321,2026-05-10T20:05:09.815810,[看]冯雷以后还可以演家印，太像了,1773662194,80,1,2,0,0,True,False,0,,-1,2101886688171085,MS4wLjABAAAA5p1sJrwYy935gojFhqFcGD2WaUBh9zPsdNvHkA4pdwmiPE3UgRFKIbzqVmliYNQT,De剑安,yimengzhanga97,"[""https://p3-pc.douyinpic.com/aweme/100x100/aweme-avatar/tos-cn-i-0813c001_oE8sezbDzENAAAA27CeitDsiIjBA2hAvqgP1KX.jpeg?from=2064092626""]",CN,5,True,248
7617753743735508239,7629131057850745642,2026-05-10T20:05:09.815810,我也有解密照片,1776295501,37,1,5,0,0,True,False,0,,-1,99956758785,MS4wLjABAAAAnLlzN-wHgy5dseRTrhXM3K11wjRYve40hepXrVjj3gw,为了呜喵王,,"[""https://p3-pc.douyinpic.com/aweme/100x100/aweme-avatar/mosaic-legacy_283820006360ba0078946.jpeg?from=2064092626""]",CN,5,True,248
7617753743735508239,7617828972059378442,2026-05-10T20:05:09.815810,刘生就是个情报贩子而已，很多消息还都是二手的，准确性很低，他给自己吹牛逼呢，捞不出来几个人的,1773664024,465,1,34,0,0,True,False,0,,-1,54655357279,MS4wLjABAAAA2AF6zY5VLIFd1a5w7rnk0LvqsL7BEi3t6BX7Tx-lXE4,宁凡不愿仙,pangye63870,"[""https://p3-pc.douyinpic.com/aweme/100x100/aweme-avatar/tos-cn-i-0813_bbb740b6c5584956a7bd634e33dea24d.jpeg?from=2064092626""]",CN,5,True,248
7617753743735508239,7617799991512286001,2026-05-10T20:05:09.815810,现实中有这种掮客吗,1773657277,244,1,23,0,0,True,False,0,,-1,1366061997645369,MS4wLjABAAAA82Yeb4TPRT7fY38uQEa5RIJ38paDNUrx2_ZJ00M6n4e6krIZVPYPm9bNCApfuxbm,喜欢,Veick888,"[""https://p3-pc.douyinpic.com/aweme/100x100/aweme-avatar/tos-cn-i-0813c000-ce_ok0SDADtEJEEAAeYfBAgI5AFFhHeOFTudh778D.jpeg?from=2064092626""]",CN,5,True,248
7617753743735508239,7617817020977693494,2026-05-10T20:05:09.815810,赵总啊，你现在可千万千万不能擅自回去呀,1773661243,41,1,0,0,0,True,False,0,,-1,111625431678,MS4wLjABAAAAP3r8owfLXrv8oxRT6kAyfB84X85cM1vNMHBpOV4ykR0,羌笛怨杨柳,,"[""https://p3-pc.douyinpic.com/aweme/100x100/aweme-avatar/tos-cn-i-0813_oI9oQAAgkDAZdWIwCOfhgCzBAeA9CJAIEbNFDF.jpeg?from=2064092626""]",CN,5,True,248
7617769665988676864,7617883998765286170,2026-05-10T20:05:41.485717,包子我只认巴中酱肉包，腊肉盐菜包子，豆腐包子，前些年因为工作原因走遍过四川每一个地级市，巴中的包子最好吃，泸州其次，其他的都不好吃，好多酱肉包吃起来太甜了，还有些一点葱都没有，没加花椒面吃起来腻得不行,1773676838,50,1,19,0,0,True,False,0,,-1,101359786559,MS4wLjABAAAAl_RVEnv1VcSMpV-kfFOAm_OLv-DAa9w15vF12rxojWg,苏格拉底没有底,LRoy1128183880,"[""https://p3-pc.douyinpic.com/aweme/100x100/aweme-avatar/tos-cn-i-0813_oYoiAD9EaAFCAv6fAgvUQDp3LC9flAsVEIqCAp.jpeg?from=2064092626""]",CN,10,True,5759
7617769665988676864,7617931047950959412,2026-05-10T20:05:41.485717,巴中火锅店的包子才是真的一绝,1773687801,7,1,1,0,0,True,False,0,,-1,60663421483,MS4wLjABAAAAtH7i8Ljvx-HxHDBd4j_8t-tgPFqLH6uKD21jaXk7eV8,BzChiefsT,BzChiefsT,"[""https://p3-pc.douyinpic.com/aweme/100x100/aweme-avatar/tos-cn-avt-0015_fc617d80951ed89a7cf432b00925e6d5.jpeg?from=2064092626""]",CN,10,True,5759
7617769665988676864,7617825607569113894,2026-05-10T20:05:41.485717,来巴中请你吃正宗的酱肉包子,1773663241,43,1,20,0,0,True,False,0,,-1,66114421015,MS4wLjABAAAAspzXYrPJp0Tbx0zWoSA3dUz6-4OZ2itCKv6pV2TYEZk,^,,"[""https://p3-pc.douyinpic.com/aweme/100x100/aweme-avatar/tos-cn-i-0813c001_oEBeBigaE3zAllALICNAsCiAOpTPIAfp2jAlBc.jpeg?from=2064092626""]",CN,10,True,5759
7617769665988676864,7618214756873601842,2026-05-10T20:05:41.485717,哪个来一个巴中酱肉包的详细教程呗，让我们背井离乡的我们学会做一个吃上一个家乡包。,1773753847,17,1,9,0,0,True,False,0,,-1,66860506708,MS4wLjABAAAAzLGcBWgmC5uxDLsaoF3PzXQZbYJmVd1BsjWZW9fxq7M,✧殇✧,,"[""https://p3-pc.douyinpic.com/aweme/100x100/aweme-avatar/tos-cn-i-0813c001_ocf9EAQQ5zkyCAPDuaClI7XygAiEAnAegaBCAi.jpeg?from=2064092626""]",CN,10,True,5759
7617769665988676864,7618759415206740793,2026-05-10T20:05:41.485717,网上教酱肉包那么多博主，我终于看到一个比较正宗的做法教程了，因为我是巴中的，我平时也差不多这样做的肉馅[大笑][大笑],1773880662,50,1,17,0,0,True,False,0,,-1,61520725727,MS4wLjABAAAAobdvXqHXZqGPWb3sTZWs2rFX_L9nWQfTwQ96mERseZo,呵呵的妙妙屋,,"[""https://p3-pc.douyinpic.com/aweme/100x100/aweme-avatar/tos-cn-avt-0015_4447e00b491f14ad6a0ace51833195f7.jpeg?from=2064092626""]",CN,10,True,5759
7617775100116421923,7618046189217071921,2026-05-10T20:06:08.211320,人身上的菌群,1773714600,9299,1,62,0,0,True,False,0,,-1,3039467896318964,MS4wLjABAAAAUN-0F_ToOVrkrZ93QVZ4mE7QGJQI_dipzBut_in4gqdcpxGS0msQI6EBPBFaAjlE,～晚安,69203377160,"[""https://p3-pc.douyinpic.com/aweme/100x100/aweme-avatar/tos-cn-i-0813c000-ce_oEAMAjAPUORxaE4oArIPadiAB1AAlmpqiivBN.jpeg?from=2064092626""]",CN,5,True,1330
7617775100116421923,7618040115201786624,2026-05-10T20:06:08.211320,可不可以给主角整点衣服[泪奔][泪奔][泪奔]露肤度这么高好没安全感，一是紫外线二是虫子啥的三是感觉很容易受伤,1773713186,4788,1,32,0,0,True,False,0,,-1,2497734523762615,MS4wLjABAAAAdbKGbjVG5MCHjj2czJvGEqUCob82eYSKyAo51VtFadqNyIRlixI_sZkL-oadCuIj,蛋总,qfmy999.,"[""https://p3-pc.douyinpic.com/aweme/100x100/aweme-avatar/tos-cn-i-0813_oIAAFWiIEAg0ap3fCKiN8ECL6LR49AAgBCheA1.jpeg?from=2064092626""]",CN,5,True,1330
7617775100116421923,7618085551388443429,2026-05-10T20:06:08.211320,AI真厉害啊，以前这种剧最少要一个大团队，耗费几个月才能做出来[捂脸]还得保证不缺钱,1773723764,435,1,11,0,0,True,False,0,,-1,952610481244003,MS4wLjABAAAAg4vDLl2t9UxIcgQxavHwK72A98Ca69iZJz22jOMErWs,桃树长胡子啦,28716938435,"[""https://p3-pc.douyinpic.com/aweme/100x100/aweme-avatar/tos-cn-i-0813c000-ce_oAA4EiugxUMEATBxPpaaJdPAA76lBlXdAIiv5.jpeg?from=2064092626""]",CN,5,True,1330
7617775100116421923,7617779813458690852,2026-05-10T20:06:08.211320,回到远古系列更完了？看的还挺上瘾的,1773652582,703,1,8,0,0,True,False,0,,-1,2168672227436573,MS4wLjABAAAAY09JVsdhQoi8EkDq2qetDm6cAX5cYA8yg5wpJwKFTtTZHvuH1ixURT3aN5I7Yxw1,VVVts,ty20070118s,"[""https://p3-pc.douyinpic.com/aweme/100x100/aweme-avatar/tos-cn-i-0813_oUGYTBgP3AGDAvAvQeKBEgCbsELe7TDIpAKVeA.jpeg?from=2064092626""]",CN,5,True,1330
7617775100116421923,7617859133807608627,2026-05-10T20:06:08.211320,荒野地场景和白幼瘦女子形象有点违和，可以做成这种形象吗？,1773671047,288,1,11,0,0,True,False,0,,-1,106574031887,MS4wLjABAAAANeY6W0wmFyN7wO4P72OHci-z65jTaDhvA9ZGEyjX18A,放学别走,,"[""https://p3-pc.douyinpic.com/aweme/100x100/aweme-avatar/tos-cn-i-0813_7820f10417be4fc595d7e57f8f2a5efa.jpeg?from=2064092626""]",CN,5,True,1330
7617780816285879592,7619696264930083622,2026-05-10T20:06:15.839574,他们怎么都好像很熟的样子[戳手手],1774098787,37,1,1,0,0,True,False,0,,-1,7552768961167754299,MS4wLjABAAAAlzZ84KFaYNf_VJv_kmyTpvB9U9IiWvU-v0N1n87e421gpQw6-ggaWpE1waCkFyBX,He、二爷,38272962353,"[""https://p3-pc.douyinpic.com/aweme/100x100/aweme-avatar/tos-cn-i-0813c000-ce_oIaQPAAyUEMN8Bn2ijiVViDAIP1hASqhDq7xA.jpeg?from=2064092626""]",CN,5,True,148
7617780816285879592,7619196412685599539,2026-05-10T20:06:15.839574,我不是圣诞岛的吗,1773982407,2,1,1,0,0,True,False,0,,-1,1946557927394407,MS4wLjABAAAAhK_TAO55j-ZmlqojOJkmUHKeZYlDjrrSLN8ke5_aMS3KZN15wjLIayP-S9LlXeWA,一瞬流光,dongyuyishi_,"[""https://p3-pc.douyinpic.com/aweme/100x100/aweme-avatar/tos-cn-avt-0015_abcdf75c0640c13a2edba3d50d63d2c5.jpeg?from=2064092626""]",CN,5,True,148
7617780816285879592,7626820204396856064,2026-05-10T20:06:15.839574,@豆包 红蟹能吃吗,1775757469,1,1,0,0,0,True,False,0,,-1,7570574344109573157,MS4wLjABAAAAN5w9SsoS4dbtQfQRHJ4o3qpZ9zAqzjK9OGTBf1tdxoa9eAnP5zF0TQfTKQi2MBuS,用户6295385244864,43476320407,"[""https://p3-pc.douyinpic.com/aweme/100x100/aweme-avatar/mosaic-legacy_3795_3044413937.jpeg?from=2064092626""]",CN,5,True,148
7617780816285879592,7619603406416708387,2026-05-10T20:06:15.839574,q,1774077170,0,1,0,0,0,True,False,0,作者,1,102267234462,MS4wLjABAAAAu9KJKvxNjFajBie52ZEhBhy-971g36ZH-yb1s8pO-9s,牛角梳,,"[""https://p3-pc.douyinpic.com/aweme/100x100/aweme-avatar/tos-cn-avt-0015_6b853324514e2e8bde8b4feefb446771.jpeg?from=2064092626""]",CN,5,True,148
7617780816285879592,7618994062460945201,2026-05-10T20:06:15.839574,认真的问一下各位，人活着到底为了什么？[拜拜][拜拜][拜拜],1773935294,5,1,5,0,0,True,False,0,,-1,2550492836162509,MS4wLjABAAAAD8jqqjPBZ65SKXnjH_eDX2e-Yit7VpBKnITY2iPVnG4TXLR10mWITGcEZ3ERjXWC,🫧摆楞不了的男人𓆡登硬,XJDPJ1314520,"[""https://p3-pc.douyinpic.com/aweme/100x100/aweme-avatar/tos-cn-i-0813c000-ce_oQaCARVfBxQpFEAfEplG9qCDwEnAnXAZ0AcvIA.jpeg?from=2064092626""]",CN,5,True,148
7617797120082316550,7618197065764537138,2026-05-10T20:06:46.581457,以前觉得智能驾驶是高端车专属，现在十万就能有,1773749728,43,1,4,0,0,True,False,0,,-1,4323711734255678,MS4wLjABAAAAb4vqf0UJaPqcTeKZjj2GkhFaHHqfiF8bJbTHqVBeK1HvCDCq4M9FbrORJC1l27Yk,徐娜娜那你们,69416092906,"[""https://p3-pc.douyinpic.com/aweme/100x100/aweme-avatar/tos-cn-i-0813_o0MydmI7E0lsAFmDcANEAgAxjtA8CJDpAI2f9e.jpeg?from=2064092626""]",CN,5,True,321
7617797120082316550,7618172749648036657,2026-05-10T20:06:46.581457,505公里续航日常通勤够用了,1773744068,16,1,1,0,0,True,False,0,,-1,4212937646158494,MS4wLjABAAAA4xgKC5LiCISjhNomaaf2Ryv0POJjKbLKJg0M1Bovl96O58AgGCU-ctY7gwDtkUzb,安静🤫,dym2ws6pnb7b,"[""https://p3-pc.douyinpic.com/aweme/100x100/aweme-avatar/tos-cn-avt-0015_00b92e03c8923a8c55a7a8bbf68ac2b4.jpeg?from=2064092626""]",CN,5,True,321
7617797120082316550,7619664558576108342,2026-05-10T20:06:46.581457,这车，1米8（160斤）的人开都不会觉得挤，而且驾驶位后再坐个170的成年人也是完全OK的，虽然谈不上舒展，但是完全OK能坐,1774091406,1,1,0,0,0,True,False,0,,-1,96557702900,MS4wLjABAAAAE_8nnyYpFoYKDYdgSZcXGSauOSWz8aufS_OuNWMCgIU,开一辆Bimmer兜兜风,,"[""https://p3-pc.douyinpic.com/aweme/100x100/aweme-avatar/tos-cn-avt-0015_eeb8d1a0671faeda888005b26f92e911.jpeg?from=2064092626""]",CN,5,True,321
7617797120082316550,7618055515406549809,2026-05-10T20:06:46.581457,十万块能买到激光雷达，以前想都不敢想[玫瑰],1773716770,2,1,0,0,0,True,False,0,,-1,1141727579615452,MS4wLjABAAAA2xdWo8UTHD68Xz0VjnrLv3xeYOWeRdfGwxELlOZFPoDVYVbUsEpLvvSEulkwoid8,小散,30992240269,"[""https://p3-pc.douyinpic.com/aweme/100x100/aweme-avatar/tos-cn-i-0813_ogqo1oAcEEVeguAAqrnASDWCUI28DcAfgAoFB9.jpeg?from=2064092626""]",CN,5,True,321
7617797120082316550,7617917535979946795,2026-05-10T20:06:46.581457,没有天窗就完美了,1773684652,4,1,2,0,0,True,False,0,,-1,2384156005510083,MS4wLjABAAAAqsJRGqPyyBPnsx3I6nAzWeu7ZYh9ztEHT61rFsAU62zRcBe_5_LCMzwgxmIMXu7u,滴滴东,65837267542,"[""https://p3-pc.douyinpic.com/aweme/100x100/aweme-avatar/tos-cn-i-0813_b857ae8114ed40fb98847840d1942e58.jpeg?from=2064092626""]",CN,5,True,321
7617798849628785962,7621465667934651179,2026-05-10T20:06:53.124682,203其实也很牛逼,1774510761,161,1,1,0,0,True,False,0,,-1,61327932125,MS4wLjABAAAAg56yERntkdA0k9PI_0PpikDA2HpZoF5TXroqEWDG9t4,Calm.,AiRan957,"[""https://p3-pc.douyinpic.com/aweme/100x100/aweme-avatar/tos-cn-avt-0015_4c038e0d74043099f70305b5de12c01b.jpeg?from=2064092626""]",CN,5,True,299
7617798849628785962,7620936098571911994,2026-05-10T20:06:53.124682,203很好听啊[笑哭],1774387467,21,1,1,0,0,True,False,0,,-1,3834735565754429,MS4wLjABAAAA3v3f23hC51zuazy9vqlq2dQhZUnoeKDJEIG6qSxhzlJGms5hLXrVt3_BYRQnbDtY,枫小宅nic,fengxiaozhai127,"[""https://p3-pc.douyinpic.com/aweme/100x100/aweme-avatar/douyin-user-file_f876561cf4be7bdd46eb0dc2ed69db7a.jpeg?from=2064092626""]",CN,5,True,299
7617798849628785962,7629377837933691689,2026-05-10T20:06:53.124682,我怎么感觉203不挺好听的么[发呆],1776352955,2,1,1,0,0,True,False,0,,-1,1249503929182894,MS4wLjABAAAAUjwzGNWCaR25IGCsfurFxetlqg09USsMGurFgmAkqXOPB64z7QmK0dYzanRec-hX,离开地球表面,23737010206,"[""https://p3-pc.douyinpic.com/aweme/100x100/aweme-avatar/tos-cn-i-0813c001_ooDBiAYAiA6AIPig0lKAIjEfCZyeC8ADYEAkSi.jpeg?from=2064092626""]",CN,5,True,299
7617798849628785962,7618893046344614705,2026-05-10T20:06:53.124682,我就感觉《203》很好,1773911774,33,1,4,0,0,True,False,0,,-1,3402358158796281,MS4wLjABAAAApBkTrnMRF9bPlzjEG-ttEY4fH95KLQy3mhVcdr3HSxO9NsXsy0Q94kR1pqjA2t-9,STATE,48515195625,"[""https://p3-pc.douyinpic.com/aweme/100x100/aweme-avatar/tos-cn-i-0813c000-ce_oUkptAeDnEqfOSUFEAAKvAE4AEW0ftywE9IkCM.jpeg?from=2064092626""]",CN,5,True,299
7617798849628785962,7635203908462527290,2026-05-10T20:06:53.124682,薛之谦为什么总说对不起？[发呆][发呆][发呆],1777709442,0,1,0,0,0,False,False,0,,-1,2714031212736923,MS4wLjABAAAALDBh3wx4-tBlV4aGxteQQgJF9DbCUHirtcTtRxVHVP60Aw9WsEHp7nRpLgTmNAxe,小杨同学,36355231396,"[""https://p3-pc.douyinpic.com/aweme/100x100/aweme-avatar/tos-cn-avt-0015_5dcdf37b576c8d64725c5b3b16257216.jpeg?from=2064092626""]",CN,5,True,299
7617798935461006618,7618137362561221410,2026-05-10T20:07:17.567581,她们假努力的可狠了，天天不睡觉的那种就是机械的抄书,1773735829,19576,1,50,0,0,True,False,0,,-1,93899969592,MS4wLjABAAAAHaDyPzdgzTynmt3-rtHrexi_JkAEdjAmEyH71rGk6Go,仙女★,8888888huyao,"[""https://p3-pc.douyinpic.com/aweme/100x100/aweme-avatar/tos-cn-i-0813c001_ocAAA3GSEimQfCaArHDXQIxUC6e9EtFgApzAgh.jpeg?from=2064092626""]",CN,5,True,319
7617798935461006618,7637930677610791714,2026-05-10T20:07:17.567581,那个女的不是说换座位能给她买礼物金额无上限吗？赶紧要个东西然后换钱，补课什么都行，看得我真急[流泪],1778344319,0,1,0,0,0,False,False,0,,-1,2810770993455995,MS4wLjABAAAAIvOzum7nwkdb3O6w1hoZgJUNru4orklyV4QpBTvyq_H0isTA0jiS7Nzb4CQk34hP,23点59分,47259850143,"[""https://p3-pc.douyinpic.com/aweme/100x100/aweme-avatar/tos-cn-i-0813c001_oIPBHI7aBAOryklBAyP6EwUNg9ACxbgiAIAAi.jpeg?from=2064092626""]",CN,5,True,319
7617798935461006618,7618192240566059825,2026-05-10T20:07:17.567581,抽出来再输进去，一般见于运动比赛的“兴奋剂”。真的会像打鸡血一样,1773748605,3672,1,10,0,0,True,False,0,,-1,101557108245,MS4wLjABAAAAgLEzsJ2e2Lg7ilF5jpqShiUWcUgdP2rok1WA79MTeLM,乳酪面包没有乳酪,,"[""https://p3-pc.douyinpic.com/aweme/100x100/aweme-avatar/tos-cn-i-0813c001_oUdfbJAWIDskePABDNKB8nvEvQd0EIAbAAdeC7.jpeg?from=2064092626""]",CN,5,True,319
7617798935461006618,7618049447700923151,2026-05-10T20:07:17.567581,学啥？就抄书啊[捂脸],1773715360,5636,1,7,0,0,True,False,0,,-1,67200835824,MS4wLjABAAAANOqHR1l2rGuBwXpTwql-yy4EInnIcu_PdtKbvSRYoOA,蓍竿问渊（解惑版）,,"[""https://p3-pc.douyinpic.com/aweme/100x100/aweme-avatar/tos-cn-i-0813c001_oci4DffjAEYNIKqorAogFCKjEy96AAgnDAOAFb.jpeg?from=2064092626""]",CN,5,True,319
7617798935461006618,7618258625387660047,2026-05-10T20:07:17.567581,不用在这笑韩国人。众所周知，日韩一直都是国内抢先服。日韩发生过的大部分事都一步一步会轮到我们。,1773764065,773,1,7,0,0,True,False,0,,-1,81752513544,MS4wLjABAAAAFh9RtSEyCcb8pZbP9OgR4WKj5sbbS0y2l-6lDhDAcps,卿知°,wzt54110,"[""https://p3-pc.douyinpic.com/aweme/100x100/aweme-avatar/tos-cn-avt-0015_acad2bbbb1368efe170ce8b6faccce7b.jpeg?from=2064092626""]",CN,5,True,319
7617807567204519220,7618232513132479269,2026-05-10T20:07:27.568522,水从哪里来[发呆],1773757982,4,1,1,0,0,True,False,0,,-1,514206811044557,MS4wLjABAAAA07670F2kEtY8xBCe71SMUCz_iL00O5VL2IjCABWQ4Jc,午时太阳,wushitaiyang87,"[""https://p3-pc.douyinpic.com/aweme/100x100/aweme-avatar/mosaic-legacy_30ecf0002383dae642409.jpeg?from=2064092626""]",CN,5,True,420
7617807567204519220,7621815015566197546,2026-05-10T20:07:27.568522,朔州,1774592101,1,1,1,0,0,True,False,0,,-1,74267498678,MS4wLjABAAAAfN0d_pNNkgX-67KL1lYhOZAY1ZyCOGlRoNT8TvEs7II,人生短暂，及时行乐,SgF99998888,"[""https://p3-pc.douyinpic.com/aweme/100x100/aweme-avatar/tos-cn-i-0813_oUIBzFSCfEAbBJDCQfsWAEAAEHejUcyAxBrA7s.jpeg?from=2064092626""]",CN,5,True,420
7617807567204519220,7627024489906471680,2026-05-10T20:07:27.568522,X射线,1775805024,0,1,1,0,0,True,False,0,,-1,10333933018336,MS4wLjABAAAAU-xDor12vA3P0sVO9_L-Y9cReu1HSIKrHoc-0sQUQnI,刘亦菲,88827799526,"[""https://p3-pc.douyinpic.com/aweme/100x100/aweme-avatar/tos-cn-i-0813c001_oIeBAAUE9D5fNQFG6gAnTQAqIAFpk4D1ByGAFC.jpeg?from=2064092626""]",CN,5,True,420
7617807567204519220,7618202599317799729,2026-05-10T20:07:27.568522,泰山海拔1550米，这山看着没有泰山高啊,1773751016,8,1,2,0,0,True,False,0,,-1,65793200026,MS4wLjABAAAApreBct6rv1g12teeAn41hZpdhQ-8w4W5STxXd2H1ddI,千年胡杨,,"[""https://p3-pc.douyinpic.com/aweme/100x100/aweme-avatar/tos-cn-i-0813_o0SORACzlCgLkQTfhAA4rAEGAASbtW8gG9I7Bf.jpeg?from=2064092626""]",CN,5,True,420
7617807567204519220,7618211817677144841,2026-05-10T20:07:27.568522,这山感觉是人堆起来的,1773753164,6,1,2,0,0,True,False,0,,-1,2884765453913719,MS4wLjABAAAAm-gxiI2Tr43PLdf1veQe2CVXmV7E_p2QcQntNLvsA7LWeFa7QBanX8dw3eeXIIdU,诚信敬业,ycj666888222,"[""https://p3-pc.douyinpic.com/aweme/100x100/aweme-avatar/tos-cn-i-0813c001_o8DEAA5fEFA023AgI9uDNNS9OA6AsypcsA3fCw.jpeg?from=2064092626""]",CN,5,True,420
7617825983046880547,7617879254844293915,2026-05-10T20:08:02.547289,克罗地亚三大金刚：佩里西奇，莫德里奇，曼朱基齐,1773675734,903,1,54,0,0,True,False,0,,-1,3104672587195272,MS4wLjABAAAAkppj-mP6dBDWYz1eua4UcJnP6ga91N9ZUnN5oi8Uyx3P-b0utKYxYLlKZ1g7SYDs,小超Man特别帅,xiaochaoMan520,"[""https://p3-pc.douyinpic.com/aweme/100x100/aweme-avatar/tos-cn-i-0813_okOWRNgc3iA0BAazAEAtIxE6fKABpCAD8B1ePi.jpeg?from=2064092626""]",CN,5,True,972
7617825983046880547,7618532416211075889,2026-05-10T20:08:02.547289,当年的莫德里奇，佩里西奇，曼朱基奇，真是让人心安,1773827808,60,1,7,0,0,True,False,0,,-1,92943220198,MS4wLjABAAAAy1eKkIbqU7ojNT1fJYkc-o1IvyFTZUaHTtZfsm4eSE0,kk,,"[""https://p3-pc.douyinpic.com/aweme/100x100/aweme-avatar/tos-cn-i-0813_oE0GED4WKnAYIeAoAyeOA9lABAvgXCYUIAbETD.jpeg?from=2064092626""]",CN,5,True,972
7617825983046880547,7622723864900797233,2026-05-10T20:08:02.547289,谁敢信林加德阿里都是踢过世界杯半决赛的人，现在都泯然众人了,1774803709,181,1,2,0,0,True,False,0,,-1,4319305994868419,MS4wLjABAAAA7gqLMfuFx1AWmeuScsJd_WiT9cWiKMx9ibjwHVl45AG_Ld6OM6tWa06AZWGj7fS6,Cr7🇵🇹,85568184519,"[""https://p3-pc.douyinpic.com/aweme/100x100/aweme-avatar/tos-cn-avt-0015_092d43f2bb610ad4f035e8ed7094e31c.jpeg?from=2064092626""]",CN,5,True,972
7617825983046880547,7624846812394980145,2026-05-10T20:08:02.547289,英格兰这套首发现真没剩几个人了，甚至都是销声匿迹了[捂脸],1775297993,9,1,1,0,0,True,False,0,,-1,88782623660,MS4wLjABAAAAl-7RhObm1tAzAJ4YedxD5E2OdkB14Vd9Joz2gpDF-Hg,新疆定制游李文博,,"[""https://p3-pc.douyinpic.com/aweme/100x100/aweme-avatar/tos-cn-avt-0015_0a42d24a08d6fd25958d107b67c3d7b9.jpeg?from=2064092626""]",CN,5,True,972
7617825983046880547,7617849659767817009,2026-05-10T20:08:02.547289,我不止一次的发现 凯恩踢着踢着就把自己踢成后腰了[尬笑],1773668841,27,1,9,0,0,True,False,0,,-1,1156307097238419,MS4wLjABAAAAsOGwHKZSdfJTkbEWoo74qLldvybHsACbnN_-GFlzr89GDYCBq-Zg7tQpoDsZE_d_,Romeo,ydyrx199,"[""https://p3-pc.douyinpic.com/aweme/100x100/aweme-avatar/mosaic-legacy_2ec2600037af97c5f9cc8.jpeg?from=2064092626""]",CN,5,True,972
7617834955250437418,7626119384466473766,2026-05-10T20:08:19.173024,还说啥，太子之位传给你了[戳手手],1775594296,838,1,6,0,0,True,False,0,,-1,657927798535498,MS4wLjABAAAA8dljIEw2fyePuvunV5kQ5i370VPgDDNkooPg_roFrgM,用户6667082170203,33516357614,"[""https://p3-pc.douyinpic.com/aweme/100x100/aweme-avatar/aweme_default_avatar.png.jpeg?from=2064092626""]",CN,5,True,1420
7617834955250437418,7633038828082070330,2026-05-10T20:08:19.173024,[捂脸],1777205345,24,1,3,0,0,True,False,0,,-1,1924582561822576,MS4wLjABAAAAwm8sYWgQzVC0qxZZ4YT8yxby7qRMjsFWJy6Fs6JbHY6fzYq9efH7ZSKPhNkMzoez,夏天～,53257991375,"[""https://p3-pc.douyinpic.com/aweme/100x100/aweme-avatar/tos-cn-avt-0015_d9e44c151691079ed9781f28834be5b6.jpeg?from=2064092626""]",CN,5,True,1420
7617834955250437418,7635446075633828634,2026-05-10T20:08:19.173024,祥卡的抖音号多少？[酷拽][酷拽][酷拽][酷拽],1777765827,1,1,1,0,0,True,False,0,,-1,4362457729729630,MS4wLjABAAAA7pQtY9_l6n1DaSjEw6QwQTcJ64cc8LFPNxP433TVWanTeLodxS9PanZZLyo0prDA,黄油曲奇壮牛,wxy20050701,"[""https://p3-pc.douyinpic.com/aweme/100x100/aweme-avatar/tos-cn-avt-0015_ac114f1fb6d2bf1079834caacd5d3a19.jpeg?from=2064092626""]",CN,5,True,1420
7617834955250437418,7618172470935929619,2026-05-10T20:08:19.173024,我想知道，蟒蛇把老虎缠住以后老虎能一口咬断蟒蛇吗,1773744002,2136,1,52,0,0,True,False,0,,-1,59246238007,MS4wLjABAAAAuJkLFjROQu68aoe3eX0nVp1XuVhCO5Mcrj741SN66kQ,一根辣条,,"[""https://p3-pc.douyinpic.com/aweme/100x100/aweme-avatar/tos-cn-avt-0015_93be84dc6150d02042123e51fcec6bfd.jpeg?from=2064092626""]",CN,5,True,1420
7617834955250437418,7621907881200091953,2026-05-10T20:08:19.173024,虎妈直接把蟒蛇当大餐吃了不就完了，正好觅食呢[捂脸],1774613720,774,1,15,0,0,True,False,0,,-1,59195957342,MS4wLjABAAAAM0JbWbPr3CiSiKLLA4xErrgSwTA-_o-iRtFe1BdtlwI,DY_Z,DYZ92866,"[""https://p3-pc.douyinpic.com/aweme/100x100/aweme-avatar/tos-cn-avt-0015_787767444abe971cf204019b99e1f085.jpeg?from=2064092626""]",CN,5,True,1420
7617841161827087817,7618156596942848817,2026-05-10T20:08:33.297094,[玫瑰][玫瑰][玫瑰][玫瑰][玫瑰][玫瑰][玫瑰][玫瑰],1773740306,0,1,3,0,0,True,False,0,,-1,3712419240083956,MS4wLjABAAAA3j4cY67AnsoF6DVTD9Fy1CDSwskv2LZ9xnnYz-lW8YJNJWmtoSyh9qnIo7lMZji6,福蝶🦋,1969210AY,"[""https://p3-pc.douyinpic.com/aweme/100x100/aweme-avatar/tos-cn-i-0813_d7eaac0ef9a044cc8a60c7a661fc85b2.jpeg?from=2064092626""]",CN,5,False,9
7617841161827087817,7618812654857569058,2026-05-10T20:08:33.297094,[玫瑰][玫瑰][玫瑰][玫瑰],1773893056,0,1,1,0,0,True,False,0,,-1,105919758707,MS4wLjABAAAAi9P22pPAAbx921EfNiEKGyF1TC0S0Z0dYD6Jfl7e59o,ZUMA 化妆师  祖丽皮亚,,"[""https://p3-pc.douyinpic.com/aweme/100x100/aweme-avatar/tos-cn-i-0813c001_oUCCoIoAFFcDNA1TAAA9u3ftAZAFAtEogImQhe.jpeg?from=2064092626""]",CN,5,False,9
7617841161827087817,7634022340698948361,2026-05-10T20:08:33.297094,[赞][赞][赞],1777434336,0,1,0,0,0,False,False,0,,-1,2736016368861299,MS4wLjABAAAA_az1VVMjpHP3g0cqQ9FS8lTtkBU1II84j_NXHpCm14V-RFHMxsoHAFz7MrvXU5eC,清颜🌴,69978657086,"[""https://p3-pc.douyinpic.com/aweme/100x100/aweme-avatar/tos-cn-i-0813c001_oIIAbTfBwE0AfA7I3UQAFLIBoSG4EWA3yeiNgE.jpeg?from=2064092626""]",CN,5,False,9
7617841161827087817,7618165382630114100,2026-05-10T20:08:33.297094,好看[玫瑰][玫瑰][玫瑰][玫瑰][玫瑰][耶],1773742353,0,1,1,0,0,False,False,0,,-1,470194877891139,MS4wLjABAAAA8deMPwSFxYzg-AbPWIzCNCQNoRYXo1-Mihk1Yml5OSM,💕,dy6u081ij8su,"[""https://p3-pc.douyinpic.com/aweme/100x100/aweme-avatar/tos-cn-avt-0015_d26d46f38afecc963492d74aeac9ab0c.jpeg?from=2064092626""]",CN,5,False,9
7617843589925702948,7635920022767223594,2026-05-10T20:08:47.541136,"没进入前30，

31三趾箱龟
32西非/沼泽侧颈龟
33萨尔文蛋龟
34星点水龟
35佛罗里达箱龟
36	日石龟
...",1777876868,0,1,0,0,0,False,False,0,作者,1,75577550780,MS4wLjABAAAAUay8F0KKRpxiR-RFMPjZhnZJ_HkKT4hXG3pum9EjIX4,龟小白(上海）,guixiaobaish,"[""https://p3-pc.douyinpic.com/aweme/100x100/aweme-avatar/tos-cn-i-c9aec8xkvj_20db6b492cbd4b7781ac80bebba91699.jpeg?from=2064092626""]",CN,15,True,4342
7617843589925702948,7635525865690121011,2026-05-10T20:08:47.541136,想养火焰龟，有什么要注意的吗[拜拜],1777784403,1,1,1,0,0,True,True,0,,-1,3587076207683860,MS4wLjABAAAA6tvxVcHL-1aX37l_qMBJOQ3ynIscQ8vSGjj5i7SbFUArJk03Gtg1FbKkTgIAXCqw,时雾.,sjl071028,"[""https://p3-pc.douyinpic.com/aweme/100x100/aweme-avatar/tos-cn-i-0813c001_oY4DA0fiCsESNA9pA5AI9L6ihfAFZnACAB5Cgy.jpeg?from=2064092626""]",CN,15,True,4342
7617843589925702948,7637364465390977829,2026-05-10T20:08:47.541136,我就这两只便宜龟[呲牙],1778212486,1,1,1,0,0,True,True,0,,-1,110298032235,MS4wLjABAAAAdQgxzKiOZSS-UuJ5HRaJOgnKM3V12yRJr-8haY6YB-U,远行,,"[""https://p3-pc.douyinpic.com/aweme/100x100/aweme-avatar/tos-cn-i-0813_oEA5AbSrnAOl8AAArBDhGfQ64CDgvQvgme92HA.jpeg?from=2064092626""]",CN,15,True,4342
7617843589925702948,7636398715536261897,2026-05-10T20:08:47.541136,我的龟是自己爬进我的院子的，放盆里搁门口一星期没人认领就留下了，我的猫也是自己跑进院子求救的，救了就不走了,1777987629,4,1,1,0,0,True,True,0,,-1,100095119213,MS4wLjABAAAASWktr_N-o-DxNWZz7u14VkrPSxGlJ8RAt7iec4Bnals,知行合一,buyu250zhengbian,"[""https://p3-pc.douyinpic.com/aweme/100x100/aweme-avatar/tos-cn-i-0813_oIfPIWfgIgAGfA8eMOGfW4AfsAgEVgYDDQlaAu.jpeg?from=2064092626""]",CN,15,True,4342
7617843589925702948,7617895972928127801,2026-05-10T20:08:47.541136,赫曼能冬眠，我就想知道到底有没有人实践过。,1773679626,2,1,9,0,0,True,True,0,,-1,87477580114,MS4wLjABAAAAYYu-Gxml7kcnWhm_xm_hhaQj4wY15o4aDL-2WWSSlJM,伸缩自如的爱,,"[""https://p3-pc.douyinpic.com/aweme/100x100/aweme-avatar/tos-cn-avt-0015_71f3d2d2c37eae41e6c43d633c278350.jpeg?from=2064092626""]",CN,15,True,4342
7617851437578311622,7634540936504132386,2026-05-10T20:09:12.887023,后面的原作者是谁呀,1777555081,0,1,2,0,0,True,False,0,,-1,2659043927924136,MS4wLjABAAAA8ISnONmzcyz8-6fUb34UmtpT3rty6EHdvQsxqViEocbjLeqs3x2L4ZdHHOEDCWSd,纠结伦,85826860998,"[""https://p3-pc.douyinpic.com/aweme/100x100/aweme-avatar/tos-cn-i-0813_ocSWQAAcpDAMV742CfFEgkDPA9A9R8AIEsfWCl.jpeg?from=2064092626""]",CN,5,True,169
7617851437578311622,7618049838442054437,2026-05-10T20:09:12.887023,以后前面的广告尽量不要放，直接放后面那段[摊手],1773715450,1108,1,8,0,0,True,False,0,,-1,63326067128,MS4wLjABAAAAEBbZ7axmg0YlcAZx6JY5GjWMFgHhn55BnhaseftDAaM,小新睡不醒,1314WZRY,"[""https://p3-pc.douyinpic.com/aweme/100x100/aweme-avatar/tos-cn-avt-0015_420a42fe21dbb3ac6ef67d4406ce7145.jpeg?from=2064092626""]",CN,5,True,169
7617851437578311622,7617922994996118331,2026-05-10T20:09:12.887023,三个全部沉默了，而且站在一起，往墙上推一下，在蓄力重剑伤害不应该会高点吗[嘘]有没有玩花木兰的，帮我解答一下,1773685922,141,1,10,0,0,True,False,0,,-1,402901580917300,MS4wLjABAAAAcRk1EucpnaWBWjhvW5okQDCntPYd06QUU7yJAFwNsbY,清风醉月,55682252926,"[""https://p3-pc.douyinpic.com/aweme/100x100/aweme-avatar/tos-cn-i-0813c000-ce_ogAIwEuA9WhEpAJfCAMQBiaJFB5DACFhobEEDf.jpeg?from=2064092626""]",CN,5,True,169
7617851437578311622,7619510495796265762,2026-05-10T20:09:12.887023,请叫我好人,1774055537,1,1,0,0,0,True,False,0,,-1,101396762823,MS4wLjABAAAAA8myRc4VWQndvKW6zFEyqZUIPbcXGxKJqQMRJ3-ayBI,臆想家🎭,lp07070516,"[""https://p3-pc.douyinpic.com/aweme/100x100/aweme-avatar/tos-cn-i-0813c001_owuDeazx0ENAAAA7VC4iYDsiIYBAoFAjQgf1ii.jpeg?from=2064092626""]",CN,5,True,169
7617851437578311622,7617853038448280320,2026-05-10T20:09:12.887023,你们光第一，不点赞吗,1773669628,4,1,4,0,0,True,False,0,,-1,98099321235,MS4wLjABAAAARSB-e5vJgHE_pQHaoSYjFoC8PDGbXd5aILPQ6yMJ6Mk,努努与威朗普爱推雪球,,"[""https://p3-pc.douyinpic.com/aweme/100x100/aweme-avatar/tos-cn-i-0813_ooAAAAAoCEEAA9aQYa5fCFjnEDTlsMInTfB5Fg.jpeg?from=2064092626""]",CN,5,True,169
7617852083961761034,7618155555874161465,2026-05-10T20:09:29.490035,菜花要过水，去除小虫异味，刚好熟透,1773740063,52,1,6,0,0,True,False,0,,-1,3433122412628080,MS4wLjABAAAAsr5Hz4qfESRXsNwexs8XyGv6ozlZJFXPIAQIO8dl5V37NsgEBRkAeBMnPxxeQKES,杉鉴煎何,96415718831,"[""https://p3-pc.douyinpic.com/aweme/100x100/aweme-avatar/tos-cn-i-0813_oELyGQFnAAAEAe3lgEf3dACzYtbAhrghAACDsI.jpeg?from=2064092626""]",CN,5,True,215
7617852083961761034,7618432214665102116,2026-05-10T20:09:29.490035,干锅花菜和手撕包菜 放蒸鱼豉油就对了[黄脸干杯] 试过的记得回来感谢我,1773804479,12,1,3,0,0,True,False,0,,-1,62738229866,MS4wLjABAAAAxyEe2iCNPkC_7-XhtaUI4voBzreAJmqBRZL8arwrwRw,鱼鱼在土澳,,"[""https://p3-pc.douyinpic.com/aweme/100x100/aweme-avatar/tos-cn-avt-0015_0f6749360423b0a1bb302e89041fbc0e.jpeg?from=2064092626""]",CN,5,True,215
7617852083961761034,7618156727371875109,2026-05-10T20:09:29.490035,没辣鲜露？[看],1773740336,4,1,1,0,0,True,False,0,,-1,3210173176873783,MS4wLjABAAAARBIgYCEeqZndtPMwzpdajIlvUdCX0ypK-IHmgX6MJHzCeEjzT6SFdaZgTL5dyjcG,废物,dyf1oygffjdp,"[""https://p3-pc.douyinpic.com/aweme/100x100/aweme-avatar/tos-cn-i-0813c000-ce_o4AIziEweXAFiEBFCL99erfCAdDhEEAImA2pJs.jpeg?from=2064092626""]",CN,5,True,215
7617852083961761034,7619941842348835603,2026-05-10T20:09:29.490035,@猪咩 主夫主夫,1774155968,0,1,1,0,0,True,False,0,,-1,100447364895,MS4wLjABAAAAeoZ6Fe6M61Hp7b28Y-3s6WjogNiy9X4QGI-o1wkW_ug,👻,3226325879zZ,"[""https://p3-pc.douyinpic.com/aweme/100x100/aweme-avatar/tos-cn-avt-0015_54521d23dd1f5a6f7824a7cd802fc044.jpeg?from=2064092626""]",CN,5,True,215
7617852083961761034,7618180625131946810,2026-05-10T20:09:29.490035,这菜花啥时候都能吃了。[捂脸],1773745900,0,1,1,0,0,True,False,0,,-1,7483765266364548155,MS4wLjABAAAAXu9BAROh0p47U23FWpVdxCpRJjtfQ8_h4XQTzVD3f3LVFR3VuLkH5WigBjwFztPA,再也不@,38959901606,"[""https://p3-pc.douyinpic.com/aweme/100x100/aweme-avatar/tos-cn-i-0813c000-ce_ogA62YIwexAFGEuwGC9x73fAABDeEEAQiALn89.jpeg?from=2064092626""]",CN,5,True,215
7617875523725657771,7617899906799977253,2026-05-10T20:10:05.146813,我劝你 给它加个鸡腿,1773680544,10,1,1,0,0,True,False,0,,-1,63194534406,MS4wLjABAAAAnihZ0ZB4G5fw7V8VF9srxfMx_qavImXPoffzLYec4Wc,艾尼酷爱生活（鄂温克）,,"[""https://p3-pc.douyinpic.com/aweme/100x100/aweme-avatar/tos-cn-avt-0015_1f711a9f610f793b05bb3037346ff231.jpeg?from=2064092626""]",CN,10,True,81
7617875523725657771,7617879680037307193,2026-05-10T20:10:05.146813,小狗：不来就不来，玉米我带走了，不用谢，,1773675832,161,1,3,0,0,True,True,0,,-1,108641854116,MS4wLjABAAAAH2M_G27UZ1QPxo9yiZaKPNtIEhy3WF_W__Z46DZwc3o,✨棍魂剑影✨,gunhongjianying,"[""https://p3-pc.douyinpic.com/aweme/100x100/aweme-avatar/tos-cn-i-0813c000-ce_owDTAeDJQEJa7IEfhf9pAIuEuMJWdwrlAKAAFp.jpeg?from=2064092626""]",CN,10,True,81
7617875523725657771,7632917445321524002,2026-05-10T20:10:05.146813,那我后天来,1777177084,0,1,0,0,0,False,False,0,,-1,2361369807552619,MS4wLjABAAAAIks0sPnRaQ3IJxtKL0EqPPjRnWRUxY-dtha-3qoc581yVI2-fitSakyxwTwqTPM7,满山猴腚我最红。,dyuycrenlax4,"[""https://p3-pc.douyinpic.com/aweme/100x100/aweme-avatar/tos-cn-i-0813_oofpQW9DAYB9k08iE3ifIEA5AIAzIgC9NoANcA.jpeg?from=2064092626""]",CN,10,True,81
7617875523725657771,7618049950891311909,2026-05-10T20:10:05.146813,我侄子不长身体的吗？给我侄子吃好点,1773715476,6,1,0,0,0,True,False,0,,-1,1345392414035191,MS4wLjABAAAA7wYpeokEJugZXwrT_5poFWy5YuMUGcOBP6jRlSKx_yTx5_6BnyDK4d4DnKg9dlkG,风,on1e______,"[""https://p3-pc.douyinpic.com/aweme/100x100/aweme-avatar/tos-cn-i-0813c000-ce_oMAFfAREAAAAblf3F4YfRCevEYLQEe0gIewefrf.jpeg?from=2064092626""]",CN,10,True,81
7617875523725657771,7619611103986746148,2026-05-10T20:10:05.146813,广东人吃不吃狗肉,1774078960,1,1,4,0,0,True,False,0,,-1,108126068592,MS4wLjABAAAAPiRL0Ce3HoZRjUatitKpSQg_Qsu674QHZVQABn08rwc,J Dan,,"[""https://p3-pc.douyinpic.com/aweme/100x100/aweme-avatar/tos-cn-i-0813_oU06zPUXcMsAi6AA7EwAZACPgNAIIIDBil3jq.jpeg?from=2064092626""]",CN,10,True,81
7617876181290847531,7618386577194124089,2026-05-10T20:10:12.688678,太难受了[躺平]只是为了活着而活,1773793852,3625,1,34,0,0,True,False,0,,-1,3615658092544558,MS4wLjABAAAAZDt7Z-csIVVQ9p7-FascYpIGwpw1rQWBSf3kv6gktPaqM2k3QfPoIC-RKr22JctS,香克斯 シャンクス,71147436165,"[""https://p3-pc.douyinpic.com/aweme/100x100/aweme-avatar/tos-cn-avt-0015_bafcb194b58fffe81079489ef841b22f.jpeg?from=2064092626""]",CN,5,True,467
7617876181290847531,7618212196170924849,2026-05-10T20:10:12.688678,一个瞎子活500年不是纯折磨,1773753251,6205,1,39,0,0,True,False,0,,-1,1174714935687999,MS4wLjABAAAA_7DbGKDSbFiSJoRkIi5N_1Qlq7VFLXejU2rg2G7s8Cu-bw5eDyuT5EL-kUUV2ncC,如果失去吉伊,91049264787,"[""https://p3-pc.douyinpic.com/aweme/100x100/aweme-avatar/tos-cn-i-0813_ok8AAjKsEiQvnCGEqAUiKAoIPAZFIA3BPas65.jpeg?from=2064092626""]",CN,5,True,467
7617876181290847531,7621968277938111275,2026-05-10T20:10:12.688678,你们可能觉得格陵兰鲨看不到很可怜，可是在很多动物眼里人类才可怜，因为大多数动物通过嗅觉听觉在几里外就可以知道对方的大概信息了，而人类在这个方面上属于严重残疾,1774627784,773,1,19,0,0,True,False,0,,-1,75154473954,MS4wLjABAAAAqRf5Liy0MMSn5bzHCOnu62R0lNazfASMvcDfsK6Uvu4,唇楼,,"[""https://p3-pc.douyinpic.com/aweme/100x100/aweme-avatar/tos-cn-i-0813c001_oAYWED9xrDAatzAsA7FfA9pABA0gTCxWIxf4bE.jpeg?from=2064092626""]",CN,5,True,467
7617876181290847531,7621895219835601713,2026-05-10T20:10:12.688678,他都把自己进化成这样了，又难抓又难吃还有毒，人类还是要吃他[泪奔],1774610772,319,1,1,0,0,True,False,0,,-1,96599053825,MS4wLjABAAAA-HPXQsN0CZjg-_zwjRWPGbTImllXHN8TFChF4oijI-c,Derek,77777770801.,"[""https://p3-pc.douyinpic.com/aweme/100x100/aweme-avatar/tos-cn-avt-0015_b91d6a3eb6f5fc770cdfb2bc37b770bb.jpeg?from=2064092626""]",CN,5,True,467
7617876181290847531,7618605726077076261,2026-05-10T20:10:12.688678,50年代核弹实验留下的碳脉冲[抠鼻][抠鼻],1773844877,450,1,4,0,0,True,False,0,,-1,189532448229239,MS4wLjABAAAAn0wPE7QP_BEYvs2nl3D1UFW-BkAVzyV3-C1-sl58EKw,我在等风也等你,42813420439,"[""https://p3-pc.douyinpic.com/aweme/100x100/aweme-avatar/tos-cn-i-0813_c05b52d40ac44b72a98bbe44c12e0159.jpeg?from=2064092626""]",CN,5,True,467
7617886124672929078,7618502044672787237,2026-05-10T20:10:39.910547,原著 未婚妻甚至还怀孕了 黄玫瑰也只有十四五岁 还没成年 这个男的甚至是黄玫瑰哥哥的同事 喜欢上黄玫瑰的 要带玫瑰出去玩 甚至因为玫瑰要跟自己怀孕的未婚妻分手,1773820737,1378,1,10,0,0,True,True,0,,-1,2538111987616615,MS4wLjABAAAAFwQ6_VAKJeQCCH66zEClQgy7k2Da9Zu_7aZoc7nM_f6ocHNnRY8EvNuorKSudpQm,boli小羊,45241091924,"[""https://p3-pc.douyinpic.com/aweme/100x100/aweme-avatar/tos-cn-i-0813c000-ce_osAddbSf7TEFHOJeFPD81zFgAb4fgAqINYGAQB.jpeg?from=2064092626""]",CN,5,True,120
7617886124672929078,7618122084607427377,2026-05-10T20:10:39.910547,什么时候能活得像这个男的一样自信啊,1773732271,2323,1,6,0,0,True,False,0,,-1,4085405421931854,MS4wLjABAAAAWKz9sgDzeMR5wsYKLAuoxFujbJhcpb14v1Xvy28-Zv35eIbuUs2AFiCQUT9ddx1P,小鲤鱼历险记,,"[""https://p3-pc.douyinpic.com/aweme/100x100/aweme-avatar/tos-cn-i-0813_b51ca0b158314443829a671206db6723.jpeg?from=2064092626""]",CN,5,True,120
7617886124672929078,7618594299986821925,2026-05-10T20:10:39.910547,所以，不是美女高冷，是怕脸色好点被普信男觉得自己被爱上了[微笑],1773842216,757,1,3,0,0,True,False,0,,-1,4252535010628759,MS4wLjABAAAA-l7_q4NzxXcAyXVY6GCB2sp-_CebFmMaF-V55IdIh1ncAXuAAmmH2OGgsa-v330h,自由是灵魂的氧气,98626482K,"[""https://p3-pc.douyinpic.com/aweme/100x100/aweme-avatar/tos-cn-i-0813c000-ce_oAAwQYEweBAi8ie1CF9H3ufzAvBsEEAIDA7pv7.jpeg?from=2064092626""]",CN,5,True,120
7617886124672929078,7618656633267323697,2026-05-10T20:10:39.910547,还好他的未婚妻关芝芝和他分手了，跟另外一个人结婚了还创业成功了,1773856737,79,1,0,0,0,True,True,0,,-1,70104931546,MS4wLjABAAAA37JNCShxTTLKNmriL3Ei6RD0wkWAyT1QTANWSgB1uBE,等,333444121.,"[""https://p3-pc.douyinpic.com/aweme/100x100/aweme-avatar/tos-cn-i-0813c000-ce_oUEfAp9EzxdEAxF99uIAFqAeL1wfUq4TAAEE2D.jpeg?from=2064092626""]",CN,5,True,120
7617886124672929078,7618642735826518784,2026-05-10T20:10:39.910547,他是怎么能够想到 他能追到 玫瑰这种女神级别的人物 甩掉自己的女朋友 而且女朋友长得也不差 在我眼里 像这种男生 应该是交不到女朋友的,1773853499,950,1,4,0,0,True,True,0,,-1,525987224506931,MS4wLjABAAAAN8hFAHLcwObCztfgSmMXqkN9vqHj4-FfN0-kMefX-00,我真服了,39025564674,"[""https://p3-pc.douyinpic.com/aweme/100x100/aweme-avatar/tos-cn-i-0813c001_o4AAmCIGeAGSAxANEaCDIie1f0L821GIlAvIeA.jpeg?from=2064092626""]",CN,5,True,120
7617910623413800198,7624396209911104319,2026-05-10T20:10:54.785386,我们这里都是洗干净了加酒加盐生腌的,1775193081,0,1,0,0,0,False,False,0,,-1,300625064108233,MS4wLjABAAAAiK7ALJ3IquzHMUBDFSW1wjcI5Ps6QQ7l6ZOu6W3ZcgM,重庆熊猫,chongqingpanda,"[""https://p3-pc.douyinpic.com/aweme/100x100/aweme-avatar/tos-cn-avt-0015_378068e69a4b7dd90301f7bec0852c45.jpeg?from=2064092626""]",CN,5,True,62
7617910623413800198,7618209250557608741,2026-05-10T20:10:54.785386,看着挺下饭的[捂脸],1773752565,4,1,1,0,0,True,True,0,,-1,4266576815067788,MS4wLjABAAAAb-geNcbzD1ytpbR9ziXNyuX8HNRF424qERA_pJ7B9YbVScLZcl0ZnVUtVQx78Hyi,快乐批发商🧚‍♀️,24274391167,"[""https://p3-pc.douyinpic.com/aweme/100x100/aweme-avatar/tos-cn-avt-0015_656d40eff058be1e7b68b616d88214ae.jpeg?from=2064092626""]",CN,5,True,62
7617910623413800198,7618183802087031610,2026-05-10T20:10:54.785386,都回忆到到童年用这个炒暗肉玻璃瓶装去学校吃一个周，评论区有同样经历的吗？,1773746640,3,1,2,0,0,True,True,0,,-1,1187069254183851,MS4wLjABAAAAnfSonQgfgYEGUIF7aPcoMS_Jqk3WUZhHaEdQZCBUlo2oAj6u2-fvFCm78PqzWKBy,康仔,kangzai0828,"[""https://p3-pc.douyinpic.com/aweme/100x100/aweme-avatar/tos-cn-i-0813_996f54d2e4494ec1b643289b9fb5b8fa.jpeg?from=2064092626""]",CN,5,True,62
7617910623413800198,7619288088066229035,2026-05-10T20:10:54.785386,确定是经常干活的吗[捂脸]摘蕨菜这速度咋不像其他做自媒体的速度快,1774003753,0,1,3,0,0,True,False,0,,-1,108400321137,MS4wLjABAAAAguS9N3gPAcfJkMIb1WwiDcp6klWS6uzLzWVQvHL4cc8,清风,,"[""https://p3-pc.douyinpic.com/aweme/100x100/aweme-avatar/tos-cn-avt-0015_7f8e888dec687219a8b3ada48b5dc752.jpeg?from=2064092626""]",CN,5,True,62
7617910623413800198,7618274226852512518,2026-05-10T20:10:54.785386,非常下饭好吃,1773767701,2,1,0,0,0,True,True,0,,-1,3754145806299594,MS4wLjABAAAANbTlP4XSuBgpvuvLQrBhYn7xkrJcggbyhy1rmG5Zm4eNFic7x0TZRJYlDEqQ5zhO,小汐汐,58903085103,"[""https://p3-pc.douyinpic.com/aweme/100x100/aweme-avatar/tos-cn-i-0813c001_o03C9veDmECAAAAU9CAexAXDIPnAtUAPVgbmdD.jpeg?from=2064092626""]",CN,5,True,62
7618019641159345829,7630479732111475493,2026-05-10T20:11:15.027428,肉包真是一个好师傅好老板[赞][赞][赞][赞][赞],1776609510,0,1,0,0,0,False,False,0,,-1,103620083339,MS4wLjABAAAA2Ullmmdhtj7-lbqPkw32qQjTg1lfEUtyk032DfyPRNA,小哥,,"[""https://p3-pc.douyinpic.com/aweme/100x100/aweme-avatar/douyin-user-file_940a39aba43873887fc4d11fa8245b57.jpeg?from=2064092626""]",CN,5,False,5
7618019641159345829,7618103824495395620,2026-05-10T20:11:15.027428,肉包我想成为你徒弟,1773728021,4,1,0,0,0,False,False,0,,-1,4135724617312848,MS4wLjABAAAAdqV4NOFEgayMQQA1Mbc3iiACTrHTIphnzD5REX0qJeO8z94MKDhCZh3jrkMWM4sz,用户1164398085574,91649349973,"[""https://p3-pc.douyinpic.com/aweme/100x100/aweme-avatar/aweme_default_avatar.png.jpeg?from=2064092626""]",CN,5,False,5
7618019641159345829,7618189965213844258,2026-05-10T20:11:15.027428,素阿弥陀佛,1773748074,1,1,0,0,0,False,False,0,,-1,70174563707,MS4wLjABAAAASwUp-lUSdb-_3-Snyb0nIJP7TR7ZsrUGJEhOJSUeGr8,黄钰清413,,"[""https://p3-pc.douyinpic.com/aweme/100x100/aweme-avatar/tos-cn-i-0813c001_oYAHAAmdItPBIALUbvjaMEA0xT5YjiizAQuBI.jpeg?from=2064092626""]",CN,5,False,5
7618019641159345829,7628525290771890993,2026-05-10T20:11:15.027428,挺有食欲的[舔屏][舔屏][舔屏],1776154456,0,1,0,0,0,False,False,0,,-1,101654086384,MS4wLjABAAAALMBwdm1HlBuL0R5CP3fcqscMPaM-TjV3feMvVaeYMBY,㜂孞,,"[""https://p3-pc.douyinpic.com/aweme/100x100/aweme-avatar/tos-cn-i-0813c000-ce_ogFYiAroiAgnEXrAEvJBC9FEesIfIMtAA3fwED.jpeg?from=2064092626""]",CN,5,False,5
7618019641159345829,7618569293027001137,2026-05-10T20:11:15.027428,[玫瑰][玫瑰][玫瑰],1773836394,0,1,0,0,0,False,False,0,,-1,294292055925796,MS4wLjABAAAAvBIwtByzCTsSfkEjvlBZu8d2LiKofiN3Kyq6ObWVNvU,ch.萱萱(瓷),98347885134,"[""https://p3-pc.douyinpic.com/aweme/100x100/aweme-avatar/tos-cn-i-0813c000-ce_oo74digAiICEw2z9XafdGAIAeAnH0Be3EAZpE9.jpeg?from=2064092626""]",CN,5,False,5
7618049585446311803,7619626297585304374,2026-05-10T20:11:30.554400,大家看好了，面是卖的五元六元！里面加肉是15元，16元！,1774082498,48,1,4,0,0,True,False,0,,-1,71515280928,MS4wLjABAAAAn9_8hsRKYHBRblMLDnO4xkEohwVKhfmtgm5U0vanBQs,一战成名,E8888899999,"[""https://p3-pc.douyinpic.com/aweme/100x100/aweme-avatar/tos-cn-avt-0015_47c0f5972575c3304a2e9073027a3851.jpeg?from=2064092626""]",CN,10,True,1571
7618049585446311803,7618155157854946111,2026-05-10T20:11:30.554400,我是襄阳人证实我们这牛肉牛杂面最少也要十二或是十三往上，海带豆腐也要六块,1773739971,17,1,1,0,0,True,False,0,,-1,75728016734,MS4wLjABAAAAub-oG3n2C5X9UG8rsAJrvDtX3HYU6qjPf7pRLFm7LaU,严而有信（必回）,,"[""https://p3-pc.douyinpic.com/aweme/100x100/aweme-avatar/tos-cn-i-0813_oszfzpMNIXARQjE8uAQGAZBABJmf87myOIEDAe.jpeg?from=2064092626""]",CN,10,True,1571
7618049585446311803,7631386636592399162,2026-05-10T20:11:30.554400,襄阳人告诉我 这是真的吗,1776820664,14,1,13,0,0,True,False,0,,-1,96771815125,MS4wLjABAAAAUpPMwQiiTK5kSNJ72V_0ibReVhGFLR1Rve00bow33hY,鹏礼心选,,"[""https://p3-pc.douyinpic.com/aweme/100x100/aweme-avatar/tos-cn-avt-0015_12a80ba2656ec82c997022297d709d8a.jpeg?from=2064092626""]",CN,10,True,1571
7618049585446311803,7618981121741718331,2026-05-10T20:11:30.554400,我襄阳人，这碗要15[捂脸],1773932281,6,1,1,0,0,True,False,0,,-1,980375296814141,MS4wLjABAAAAdqCL95yBimqGIn3_jxfm2oK9KP4Cqcgj2mJ0iX8LrxI,毛毛虫🐛,maomaochong429,"[""https://p3-pc.douyinpic.com/aweme/100x100/aweme-avatar/tos-cn-avt-0015_4a2ab370bf9beb9472f5b33490a1f052.jpeg?from=2064092626""]",CN,10,True,1571
7618049585446311803,7634137730603615012,2026-05-10T20:11:30.554400,"兰州拉面看到了恨不得跑过去把整个襄阳牛肉面店砸了，哈哈哈[捂脸][捂脸]
兰州牛肉面就是整个中国的笑话",1777461204,2,1,0,0,0,True,False,0,,-1,93191682102,MS4wLjABAAAATU1qwuTyaaNnvuIMh7Ho79iJVhqjc5sinGvKJYSm5Nw,政和,zhenghe65678,"[""https://p3-pc.douyinpic.com/aweme/100x100/aweme-avatar/tos-cn-i-0813_oUPn9ADaEACEAD2ZfAAgIdAFDk23hBeETDF9DQ.jpeg?from=2064092626""]",CN,10,True,1571
7618056300076813610,7618173423197979450,2026-05-10T20:11:37.842140,但凡是个中国人，跟他们比都是富翁级别的存在。,1773744223,15,1,1,0,0,True,False,0,,-1,92867294627,MS4wLjABAAAAc3BCj6S77ZEXD85GC-9SXEE20PLIWY1aUVJpTBSzjVI,光亮,,"[""https://p3-pc.douyinpic.com/aweme/100x100/aweme-avatar/mosaic-legacy_26e9d000463a49965ecbe.jpeg?from=2064092626""]",CN,5,True,136
7618056300076813610,7620448394088366894,2026-05-10T20:11:37.842140,太伤人了 ，谁造成的,1774273906,1,1,0,0,0,True,False,0,,-1,3091437293931207,MS4wLjABAAAAV1nmlDqBm4bvl6bKPwwOt_l8u05eoILcrTlxNtRIoCpsCa_qR16EmJ8u-jC7TfHP,古老的老人，鲜活的生命,dyrcvoaucqpb,"[""https://p3-pc.douyinpic.com/aweme/100x100/aweme-avatar/mosaic-legacy_3795_3044413937.jpeg?from=2064092626""]",CN,5,True,136
7618056300076813610,7619727850983195449,2026-05-10T20:11:37.842140,伊朗人民真的不容易[感谢],1774106141,0,1,0,0,0,True,False,0,,-1,110833893588,MS4wLjABAAAA2I86Vl40b31uoSNMInsBhnk1ImUKd5Ph5-GoZs42lc8,雨润小满,zhouyong316,"[""https://p3-pc.douyinpic.com/aweme/100x100/aweme-avatar/tos-cn-i-0813c000-ce_oEW98LGp7BJVPQAFexIIRXEAZAWgcKAeMQew4A.jpeg?from=2064092626""]",CN,5,True,136
7618056300076813610,7618239897040651054,2026-05-10T20:11:37.842140,抗战年代，我们的祖辈为了躲避战乱，大冬天也是这样的。,1773759701,8,1,1,0,0,True,False,0,,-1,103257929774,MS4wLjABAAAA8iiXrcYMqj4fMzLmRLNAKBX5GqgQcoRYFyfExyy8yLg,清静无为,sxty123,"[""https://p3-pc.douyinpic.com/aweme/100x100/aweme-avatar/tos-cn-i-0813_0207eb6ab40846909b06846542398ea0.jpeg?from=2064092626""]",CN,5,True,136
7618056300076813610,7618941749708555057,2026-05-10T20:11:37.842140,四十年前的我们生活在农村里也是这样的，现在有些人被保护的太好吃的太饱，到处找事。,1773923113,2,1,0,0,0,True,False,0,,-1,73799493971,MS4wLjABAAAA7U8I20ObQFl5qQp75qaVzW5wmCwXo71bSgzg__FUuVA,南山,LJ51774921,"[""https://p3-pc.douyinpic.com/aweme/100x100/aweme-avatar/tos-cn-i-0813c001_oM1caLAAObIgDIABXtPPAdG2iwI3yYASdxiDE.jpeg?from=2064092626""]",CN,5,True,136
7618066900496534835,7620001801308128019,2026-05-10T20:12:03.159964,视频露点了，17:07,1774170546,6,1,4,0,0,True,False,0,,-1,3578245818101162,MS4wLjABAAAA400-dWnOj-3ebgBQdPzkznv8jfra1lLMBAIlmi-N3UV0kiweUMRDDZpCxuXWcOe5,氵余三石,87025867507,"[""https://p3-pc.douyinpic.com/aweme/100x100/aweme-avatar/tos-cn-i-0813c001_oIrA0AfETgFUpnoCqQCC9qAlAjIeFXAADtAyQu.jpeg?from=2064092626""]",CN,5,True,162
7618066900496534835,7629132314433962790,2026-05-10T20:12:03.159964,17:07,1776296472,0,1,1,0,0,True,False,0,,-1,69243640834,MS4wLjABAAAAav1NqP9ayeIeCugZr5t3f4Z2IWb5D0yV7WPhyDkW7hM,Fuji小意,,"[""https://p3-pc.douyinpic.com/aweme/100x100/aweme-avatar/tos-cn-avt-0015_9682c29509eedbe8c8e213078bd9e727.jpeg?from=2064092626""]",CN,5,True,162
7618066900496534835,7618221254067389233,2026-05-10T20:12:03.159964,刚出来就看了 也因此注意到这个叫春夏的女孩儿,1773755359,21,1,3,0,0,True,False,0,,-1,93430094643,MS4wLjABAAAAMNLyDlWRArGwfyq_rTEclzQya8LT1bUvGh3KXNcTb5A,Wind,,"[""https://p3-pc.douyinpic.com/aweme/100x100/aweme-avatar/tos-cn-avt-0015_c075c4400358582e25d6743af6860292.jpeg?from=2064092626""]",CN,5,True,162
7618066900496534835,7635540920012194612,2026-05-10T20:12:03.159964,春夏，太漂亮了。,1777788319,0,1,0,0,0,True,False,0,,-1,2718467936224575,MS4wLjABAAAAmEG-36xlM7ziTbmo9FRSYoxQMzTZlxZItY1WgE3rR80N0IIIkoGQbaFWmoGnPY5k,RockLee李樂,RockLeeMusic,"[""https://p3-pc.douyinpic.com/aweme/100x100/aweme-avatar/tos-cn-avt-0015_ea35db324e32bde195c071e6ded2aca9.jpeg?from=2064092626""]",CN,5,True,162
7618066900496534835,7624530045164782387,2026-05-10T20:12:03.159964,踏血寻梅？,1775224240,2,1,1,0,0,True,False,0,,-1,3809188869046525,MS4wLjABAAAApm5gvMUdzlD-66bU8s6OXTJNJ9Z7g3-DCDN9Al9zjg3OJRm5lxLuW3JEHVzrI3bj,two能吃🌈,42604694822,"[""https://p3-pc.douyinpic.com/aweme/100x100/aweme-avatar/tos-cn-i-0813c001_oECAYbW6IEPHUPc4UIaiAmBjKgiPQAarqAzAM.jpeg?from=2064092626""]",CN,5,True,162
7618075541056326952,7618179576641372977,2026-05-10T20:12:27.880245,7万韩元＝325人民币[微笑],1773745656,1856,1,16,0,0,True,False,0,,-1,100495781415,MS4wLjABAAAALx-PnG93HYTZx5gKtPmYKDxO1L-i1sjJAcBEB5phpxY,"▶   〣||lΙl 8""",208000l,"[""https://p3-pc.douyinpic.com/aweme/100x100/aweme-avatar/tos-cn-avt-0015_298b547e39794b3a26386279848d7f2a.jpeg?from=2064092626""]",CN,10,True,378
7618075541056326952,7618162213312693002,2026-05-10T20:12:27.880245,三百多也不便宜啊[泪奔],1773741614,7,1,1,0,0,True,False,0,,-1,94257355557,MS4wLjABAAAAecDuWVKk8yEoZt-e_6H5iUH0gsM79M52hvqCnsHd2KQ,深海的鱼,zh1500476004,"[""https://p3-pc.douyinpic.com/aweme/100x100/aweme-avatar/tos-cn-i-0813c000-ce_oodA6sABUiciACoAw08cezwAhiEgfEvBIjsLmz.jpeg?from=2064092626""]",CN,10,True,378
7618075541056326952,7627585377281131316,2026-05-10T20:12:27.880245,抹黑中国的电影,1775937885,3,1,1,0,0,True,False,0,,-1,110857406549,MS4wLjABAAAAuWKXn2v5hOY-WSChfN6Ov0-0Tef8Qv2b9xkl7gihfTM,Y,Qf6275,"[""https://p3-pc.douyinpic.com/aweme/100x100/aweme-avatar/tos-cn-i-0813c001_o4bXQacrhMAeiIAEAcX3B7TAKBKAeEPWgc8fzQ.jpeg?from=2064092626""]",CN,10,True,378
7618075541056326952,7618473610373972770,2026-05-10T20:12:27.880245,两个医生是普通话[看],1773814117,26,1,1,0,0,True,False,0,,-1,73773797993,MS4wLjABAAAA7E2pcNXtcJOuTNMvLtvgPC8uC-to1_SO0bJ3NvJRK3g,十丈红尘,,"[""https://p3-pc.douyinpic.com/aweme/100x100/aweme-avatar/tos-cn-i-0813c001_oMqAOEEeOZDA7uArTxAfFHVBfnEABSIB5aEhZJ.jpeg?from=2064092626""]",CN,10,True,378
7618075541056326952,7629092760683774735,2026-05-10T20:12:27.880245,350＊200=70 000,1776286595,0,1,1,0,0,True,False,0,,-1,3679380824398204,MS4wLjABAAAA5mHexUxqvdWSLDhMwLbr2OvdB5lAzb-ErsqpB7qvZWZpA0fJAjj3Vma0zQiR4S-9,封心锁爱,71264585352,"[""https://p3-pc.douyinpic.com/aweme/100x100/aweme-avatar/tos-cn-i-0813_oEgAFAEJgd5ia7sBbImDUz3VIvAPZAq9bwAmi.jpeg?from=2064092626""]",CN,10,True,378
7618098466506717169,7623805510332891919,2026-05-10T20:12:37.942760,最可恶的就是贪婪的中国人，对人体有害的食品直接死刑吧，从我做起,1775055548,2,1,1,0,0,True,False,0,,-1,106402087656,MS4wLjABAAAAMQ48t_I64o3_k0xfN4z1dnbYLcyTU6aDGPuqQ-rl42o,磊哥麻辣烫,,"[""https://p3-pc.douyinpic.com/aweme/100x100/aweme-avatar/tos-cn-i-0813_oUB2yaNiABygjAZEAAU1ZIH7PuiAP6oLgonyI.jpeg?from=2064092626""]",CN,5,True,363
7618098466506717169,7624069479077102336,2026-05-10T20:12:37.942760,最主要是犯罪所付出的代价太低了！[发怒],1775117007,4,1,0,0,0,True,False,0,,-1,4124987394108605,MS4wLjABAAAAXRiPO_78dy0czwlkb-c3H7fS5S7n5m0Lq2jUokyAHVEIKvBvdJkze9ptjqqqBb3u,百业兴旺,yyw.dyh999999999,"[""https://p3-pc.douyinpic.com/aweme/100x100/aweme-avatar/tos-cn-i-0813_oAfTNcUaAAAwA7XQAEXf9cGMn8fMXpOQBBED6I.jpeg?from=2064092626""]",CN,5,True,363
7618098466506717169,7623827641725272884,2026-05-10T20:12:37.942760,发现一个枪毙一个，我就不信还有敢的。,1775060702,4,1,1,0,0,True,False,0,,-1,2141473420361283,MS4wLjABAAAAl84UxwQCOX7D3h1oE5O4mFoorx9I4S3j3BQqy1qhG_EOGubBjYO2seHlIFjtOoOP,半觞浮生,Ruikingbow,"[""https://p3-pc.douyinpic.com/aweme/100x100/aweme-avatar/tos-cn-i-0813_fdf7412a46f1430db817f6ec1d5ed81b.jpeg?from=2064092626""]",CN,5,True,363
7618098466506717169,7618525479751009033,2026-05-10T20:12:37.942760,脚踩就是给畜牲吃的吧，阿三跟畜生有啥区别[捂脸],1773826194,1,1,0,0,0,True,False,0,,-1,62251076218,MS4wLjABAAAAuxAYBaRHJHicY7S3gOy191-O0DIc5zye8nPmnI8vjVo,凡尘梦,fanchenmeng7,"[""https://p3-pc.douyinpic.com/aweme/100x100/aweme-avatar/tos-cn-i-0813c000-ce_oUQuZAeBpEt9lkQiiAAlkAELAEx8ff1wP9I1Du.jpeg?from=2064092626""]",CN,5,True,363
7618098466506717169,7618191634258117430,2026-05-10T20:12:37.942760,真正的臭豆腐是灰色的哪有那么黑，黑色的臭豆腐都是假的不要吃[弱][弱][弱],1773748465,2,1,0,0,0,True,False,0,,-1,105041332540,MS4wLjABAAAAbARGplEB_sLOG1snCMMzgBvgmvMMitLPNp1GKFS90qA,正义,,"[""https://p3-pc.douyinpic.com/aweme/100x100/aweme-avatar/mosaic-legacy_315f8000c148eeee2d5a3.jpeg?from=2064092626""]",CN,5,True,363
7618104000285543723,7618128926737138483,2026-05-10T20:12:46.499284,,1773734338,51,1,6,0,0,True,False,0,,-1,1746437715540024,MS4wLjABAAAAy3FiCnQVZDDLa9xx3M1_7FJwDu2MJwEpRwbkxpfmfXvYSQwCBXZPA0VilWymLx2g,舌战群儒,47468429095,"[""https://p3-pc.douyinpic.com/aweme/100x100/aweme-avatar/tos-cn-avt-0015_39b811d2a383c7a851f3f755ba6b60e3.jpeg?from=2064092626""]",CN,5,True,777
7618104000285543723,7618201011731481381,2026-05-10T20:12:46.499284,第一身价加盟，用了九年，还能卖1亿欧元[恐惧]c罗绝对是皇马最值引援[赞],1773750646,583,1,20,0,0,True,False,0,,-1,1450987783984455,MS4wLjABAAAAEnMe1CXJ4-hPZQfRDwQX-Mq2wdl79iUn3IGNrsgwUaG-DvrfqrwTCuR6exkBbuAa,我爱台妹😜,woqimotuoche34,"[""https://p3-pc.douyinpic.com/aweme/100x100/aweme-avatar/tos-cn-i-0813c001_2ce1f3b78e7b4610b3e4b587b69ba045.jpeg?from=2064092626""]",CN,5,True,777
7618104000285543723,7618260732861661989,2026-05-10T20:12:46.499284,那年，年仅七岁的我向我爸提出了要一双球鞋，我爸拒绝了，那一刻我知道，再也没人能阻止c罗了,1773764553,191,1,21,0,0,True,False,0,,-1,93376525357,MS4wLjABAAAARJpLtNRuPYC9fn1_I07xgplHsIhmz6pHEETDYgZhApY,涉世未深的中年大叔,,"[""https://p3-pc.douyinpic.com/aweme/100x100/aweme-avatar/tos-cn-avt-0015_bdc0018d9962cf6dd0f7ee832ec931b1.jpeg?from=2064092626""]",CN,5,True,777
7618104000285543723,7624493875667321651,2026-05-10T20:12:46.499284,那时候的c罗一场不进球，就叫进球荒。。历史上只有c罗被这样要求！！,1775215818,118,1,47,0,0,True,False,0,,-1,108772701753,MS4wLjABAAAAPTmuD_p2QjL82goUXgVw2f68R-QCf4nsnQZ1vvsqjp4,致命一吉,,"[""https://p3-pc.douyinpic.com/aweme/100x100/aweme-avatar/mosaic-legacy_171e2000013dd4d92e6e5.jpeg?from=2064092626""]",CN,5,True,777
7618104000285543723,7629678417554129715,2026-05-10T20:12:46.499284,这时候 7 号是不是还没退役,1776422938,0,1,1,0,0,True,False,0,,-1,98781958474,MS4wLjABAAAAKX8kayEl0p6XhOm5UsVcnTb3yZTTUY50gJHJHvkkm_o,拉条子,fakzjdkxhxu,"[""https://p3-pc.douyinpic.com/aweme/100x100/aweme-avatar/tos-cn-avt-0015_6b138508b88b2ead940b88e4ccfd3126.jpeg?from=2064092626""]",CN,5,True,777
7618116094112337202,7618945029776753454,2026-05-10T20:13:07.151875,最心疼的是，女孩们接待的客人还可能会是自己的父亲[流泪],1773923876,123621,1,1062,0,0,True,False,0,,-1,149187943754189,MS4wLjABAAAAqFYNpYqMYZA3xxIRYKhv29VizSdo3ZG-CymPGNwLfxk,IKAZS,52ac9741,"[""https://p3-pc.douyinpic.com/aweme/100x100/aweme-avatar/tos-cn-i-0813c001_okcYmrGTILAYQ9IfyAIIAUDACyKAe29ekfwBAO.jpeg?from=2064092626""]",CN,5,True,66224
7618116094112337202,7618449656733893382,2026-05-10T20:13:07.151875,影视飓风这视频质量，真的是高，有深度，有广度,1773809118,2376,1,3,0,0,True,False,0,,-1,98635867433,MS4wLjABAAAAp--9YN4Tp5ekb7ZdwbXOV5NBoLXEFXOydiZMQQ6njhI,阿K,,"[""https://p3-pc.douyinpic.com/aweme/100x100/aweme-avatar/mosaic-legacy_83740021ef614cfff2ed.jpeg?from=2064092626""]",CN,5,True,66224
7618116094112337202,7618421722798670635,2026-05-10T20:13:07.151875,影视飓风真的太牛了，能去到这些地方，合法的拍摄还发出来[流泪],1773802037,63478,1,122,0,0,True,False,0,,-1,56139691131,MS4wLjABAAAASbXel7qFxgzPbOp3Ej6M-ujHpRKIDSwIMnb863toalc,阿狸Ahri（coser版）,Ahri0216,"[""https://p3-pc.douyinpic.com/aweme/100x100/aweme-avatar/tos-cn-avt-0015_9e45edfc07b47357b69ee1642a0f10cd.jpeg?from=2064092626""]",CN,5,True,66224
7618116094112337202,7618244432713777920,2026-05-10T20:13:07.151875,[懵]这应该是影视飓风最有含金量，最有深度的一期,1773760757,5471,1,9,0,0,True,False,0,,-1,59123397641,MS4wLjABAAAATdjosDis7q-qf_atNcpMKuw8yc0lvov-oiRX-VtGCjo,༄༅ 船长༄༅,,"[""https://p3-pc.douyinpic.com/aweme/100x100/aweme-avatar/tos-cn-i-0813_ok8ntoA5eAQ0ggHnAG2lNCIEeICILDAq8fAgfc.jpeg?from=2064092626""]",CN,5,True,66224
7618116094112337202,7618220804618322688,2026-05-10T20:13:07.151875,影视飓风真拍出来了！之前不是说这个项目被暂停了吗? [尬笑],1773755610,2420,1,17,0,0,True,False,0,,-1,2498545574759550,MS4wLjABAAAAqdsrTfHdhWE2KrqpvAievkM2TJoZwQlC-AEtPEQBpWQ2kBjJLrAvl2sjK3XnIDZx,哀酱的解药,29482250598,"[""https://p3-pc.douyinpic.com/aweme/100x100/aweme-avatar/mosaic-legacy_3791_5035712059.jpeg?from=2064092626""]",CN,5,True,66224
7618123114026782006,7619757054022976292,2026-05-10T20:13:25.111817,义勇应该是和水柱交换的[抱抱你],1774112946,285,1,3,0,0,True,False,0,,-1,1327807456099630,MS4wLjABAAAAwb51blVcbBO6kHBPctUGODPSfsqk1ImVFUjy2wnHaBdhqyxdhUNeVkPkQKDs9IZE,董芳不能吃答辩,75577220475,"[""https://p3-pc.douyinpic.com/aweme/100x100/aweme-avatar/tos-cn-i-0813c001_o091yAASpDAJxCG1CmFEgcDsA9A9OyAIEff5Nd.jpeg?from=2064092626""]",CN,5,True,162
7618123114026782006,7618180495058633535,2026-05-10T20:13:25.111817,富冈义勇和水柱互换了日轮刀,1773745870,64,1,0,0,0,True,False,0,,-1,80683526010488,MS4wLjABAAAA1eDs2jiKAXmFRpEF2BY_4y2yaim_G9Z7wSOf9VaoavU,音符,82968868911,"[""https://p3-pc.douyinpic.com/aweme/100x100/aweme-avatar/tos-cn-i-0813_ogP0EA71HNA92EIpChFfACgUNcDANJEf9AD8AP.jpeg?from=2064092626""]",CN,5,True,162
7618123114026782006,7624900308444119867,2026-05-10T20:13:25.111817,富刚义勇左右手换一下[泣不成声],1775310448,50,1,0,0,0,True,False,0,,-1,737150510572458,MS4wLjABAAAAStzzeJQOqsgwAYwc34YQKpZL2mA7jtJ8wDmnAeFdIu4,- Raven 渡鸦,56993514063,"[""https://p3-pc.douyinpic.com/aweme/100x100/aweme-avatar/tos-cn-i-0813c000-ce_o4e6XjDFEFAEIPFfFAEOAgBAJ2Iof7G8TmQDgY.jpeg?from=2064092626""]",CN,5,True,162
7618123114026782006,7618172915406734086,2026-05-10T20:13:25.111817,我看过这种视频，但是最后一个义勇，有人说义勇拿的是富冈的刀,1773744106,147,1,5,0,0,True,False,0,,-1,1874003831293565,MS4wLjABAAAAc5U-W76Xvu0tp79agw3mPGcmWGeWVRTDlJzq6WAxF09WboUTy2_bfXMuPGirjsH0,雨晴.喵喵喵✿,89392425881,"[""https://p3-pc.douyinpic.com/aweme/100x100/aweme-avatar/tos-cn-i-0813_oYAfEFr3AuJ9nDq2IeSApuAZAzEAAqKCgACAEi.jpeg?from=2064092626""]",CN,5,True,162
7618123114026782006,7619579962961756970,2026-05-10T20:13:25.111817,义勇拿的是富冈的，不愧是最强水柱，适应的这么快，只有0.000001秒就适应了，太牛叉了,1774071709,17,1,0,0,0,True,False,0,,-1,108465996607,MS4wLjABAAAA0cxV6nGicsaEPJnC0l6a20ORfhZE0eyCaDwzhahWN9Q,清水大帝,,"[""https://p3-pc.douyinpic.com/aweme/100x100/aweme-avatar/tos-cn-i-0813c001_oQIjvQtIQAkiCInyPy3DYAa1iAZEJKA6BE9AA.jpeg?from=2064092626""]",CN,5,True,162
7618148322129284352,7619751184702767898,2026-05-10T20:14:02.549181,好停车吗 周末打算带老人孩子去,1774111581,612,1,14,0,0,True,False,0,,-1,9268532095759,MS4wLjABAAAAWbRCXv2tG79D5u5Jaq18RT185Tx1MiKzFK7mMLzzJCo,壳壳,49937398830,"[""https://p3-pc.douyinpic.com/aweme/100x100/aweme-avatar/tos-cn-avt-0015_0e90c311f082f0e259dccd70a0d2dfc0.jpeg?from=2064092626""]",CN,5,True,479
7618148322129284352,7618228978848170790,2026-05-10T20:14:02.549181,2000工资的我，看完非常担心黑洞！,1773757160,2140,1,23,0,0,True,False,0,,-1,100695711699,MS4wLjABAAAAlXOlsf-dPvRzZLewWUbATbuKnGTLd96TIoru8GtFRo4,人间有味是清欢,,"[""https://p3-pc.douyinpic.com/aweme/100x100/aweme-avatar/tos-cn-i-0813c001_d83c54b879ad4e5ab94c52ed0e40d514.jpeg?from=2064092626""]",CN,5,True,479
7618148322129284352,7618186390851732282,2026-05-10T20:14:02.549181,朱元璋进去1秒回来大清直接亡了,1773747243,42,1,1,0,0,True,False,0,,-1,1047153745076654,MS4wLjABAAAAwKZ3nUOC0veF7TAc2RlTX5-waXFMKEgifJp4MFv6Aq4WIl3SKtw_0k6DRb_y_VYV,？,54050410197,"[""https://p3-pc.douyinpic.com/aweme/100x100/aweme-avatar/tos-cn-i-0813c000-ce_oYjbl0pRi3DaAiRDOAnEAwEUZmA7CIB7AIsfep.jpeg?from=2064092626""]",CN,5,True,479
7618148322129284352,7625590819068183336,2026-05-10T20:14:02.549181,最后黑洞会宇宙大爆炸？[钱]那我们会死吗？,1775471222,22,1,2,0,0,True,False,0,,-1,4344873828756691,MS4wLjABAAAAQujbWYc_vqoguSZf4ObZQhtXHeHgO0dI3uCwpGbEYEgp91UFlUKYzOj1DVl0KX3i,瑶瑶,13145202yl,"[""https://p3-pc.douyinpic.com/aweme/100x100/aweme-avatar/tos-cn-i-0813_oYAeYAYGPQbhfhqLIAAb4AIMHEBwew8AVtQeHf.jpeg?from=2064092626""]",CN,5,True,479
7618148322129284352,7625258801814487834,2026-05-10T20:14:02.549181,咋骗我240年活不了那么久,1775393916,10,1,0,0,0,True,False,0,,-1,7577024445338256443,MS4wLjABAAAA_nfoxzUHJkyeRnylZ_Ftrtz3XF9Jl0xehrzwnHUsbAVjig1tcFFUZ2cnQKg2DYss,凄恋离,26359590511,"[""https://p3-pc.douyinpic.com/aweme/100x100/aweme-avatar/tos-cn-i-0813c001_oMIAcTXBmEBAqA7JehQAHLIBOEGeJ3AvTeub5a.jpeg?from=2064092626""]",CN,5,True,479
7618153962335685938,7637142015193056046,2026-05-10T20:14:17.372069,亖亖亖亖亖亖亖亖亖亖亖亖亖亖亖亖亖亖亖亖亖亖亖亖亖亖亖亖亖亖亖亖亖亖亖亖亖亖亖亖亖亖亖亖亖亖亖亖亖亖亖亖亖亖亖亖亖亖亖亖亖亖亖亖亖亖亖⼀⼀⼀⼀,1778160692,0,1,0,0,0,False,False,0,,-1,110217557065,MS4wLjABAAAAKeHQFPXXOkCfZJ4aEkz_aQrm94wNfeeeiiuiHrnABBY,YYC,,"[""https://p3-pc.douyinpic.com/aweme/100x100/aweme-avatar/tos-cn-avt-0015_fc749e8f6a1429c7c258419d46707014.jpeg?from=2064092626""]",CN,10,True,533
7618153962335685938,7637923261293036329,2026-05-10T20:14:17.372069,这是子供番吧[捂脸],1778342592,0,1,0,0,0,False,False,0,,-1,71380415722,MS4wLjABAAAAtjNJFV3NplICyN5uVDmEWN9xac8lEx5tsiLPERcGgl8,用户335367506953,dyi9z87gogdm,"[""https://p3-pc.douyinpic.com/aweme/100x100/aweme-avatar/mosaic-legacy_3792_5112637127.jpeg?from=2064092626""]",CN,10,True,533
7618153962335685938,7618450320259203889,2026-05-10T20:14:17.372069,求番的名字,1773808693,3,1,14,0,0,True,False,0,,-1,3406726343164691,MS4wLjABAAAAFqS0OXRzOjXC2JC1VXcGHv5uaSAS92DFfLR9LsoheaIQznjaZ9NEnYG5x6DPyO2Z,枫无涯,73770433000,"[""https://p3-pc.douyinpic.com/aweme/100x100/aweme-avatar/tos-cn-i-0813c001_oYsAACh5aCzAe5gRjjAJfEnAtACAByIAMcEQcJ.jpeg?from=2064092626""]",CN,10,True,533
7618153962335685938,7623612762242286355,2026-05-10T20:14:17.372069,"哈哈哈哈哈哈666666　　　⁶⁶⁶⁶⁶⁶
　 ⁶⁶⁶⁶⁶⁶　    666　 　　666666　⁶⁶⁶⁶⁶⁶ 　　厉害了　        　 ⁶⁶⁶⁶⁶⁶⁶⁶⁶⁶⁶⁶
　 66666　       　太厉害了　　 66666　　⁶⁶⁶⁶⁶卧槽 66666                  　  ⁶⁶⁶  我草",1775010671,0,1,0,0,0,True,False,0,,-1,70308222317,MS4wLjABAAAAsyJF_5xtFSo0iPNNjZD_h1shln9mpb31JQXMjXmJSA0,⃠,V83030,"[""https://p3-pc.douyinpic.com/aweme/100x100/aweme-avatar/tos-cn-i-0813c001_oMeYBPfDGIkV7mQBnnDMDfpc7ESA9E6AFAAXQA.jpeg?from=2064092626""]",CN,10,True,533
7618153962335685938,7619174365624615729,2026-05-10T20:14:17.372069,5:10省流，直接看主线剧情[杀马特],1773977274,0,1,1,0,0,True,False,0,,-1,87840560616,MS4wLjABAAAARKqeLFuwb_nkgBNt5EetIkCn93Wz8hJLvoull1_oPIY,景景丶,,"[""https://p3-pc.douyinpic.com/aweme/100x100/aweme-avatar/tos-cn-i-0813_o4Ad83IgN2AeCDhLAe9LWGbLAYnLACAQCAGmt0.jpeg?from=2064092626""]",CN,10,True,533
7618154169748180270,7638184063573164815,2026-05-10T20:14:27.545882,这个补充太棒了！图文结合解释饱和和放大区的差异，简直是教科书级的补充！👍,1778403692,0,1,0,0,0,False,False,0,,-1,2524095239423512,MS4wLjABAAAAWZAJzEm2SCLCGdwRIrlQjbSGWCGtwgBKIgaF-FwSZQDCJLLb996jPoxPQ2lb2eoK,发现好物,0fisher,"[""https://p3-pc.douyinpic.com/aweme/100x100/aweme-avatar/tos-cn-avt-0015_5aab939b94e2f0d32430415a6284fa94.jpeg?from=2064092626""]",CN,5,True,268
7618154169748180270,7622096046307279665,2026-05-10T20:14:27.545882,MOS管还分为增强型和耗尽型，视频里讲的是增强型，想深入了解可以看看半导体器件原理，CMOS模拟和CMOS数字这几本书[看],1774657532,4,1,1,0,0,True,False,0,,-1,4121431351770724,MS4wLjABAAAAwrH6zrwAxqmscIk7pQs_Y_ma4VurBUtNkC3xmxsLqsEnnxBBXefqkIbJjjFVbbks,骑着卧龙的凤雏,90568766346,"[""https://p3-pc.douyinpic.com/aweme/100x100/aweme-avatar/tos-cn-i-0813_00903d7cd0204a5da2b9171f1bbfc72e.jpeg?from=2064092626""]",CN,5,True,268
7618154169748180270,7635473121596425001,2026-05-10T20:14:27.545882,我的个乖乖，这哥们讲的真清楚，这直接就像人类起源到现代文明一样,1777772124,0,1,0,0,0,False,False,0,,-1,100766789773,MS4wLjABAAAAvEHez34dOPob23Q6S3xKnZNsku7QnRk5uWu4euKqc8M,淡淡的小忧殇,,"[""https://p3-pc.douyinpic.com/aweme/100x100/aweme-avatar/tos-cn-i-0813c001_oMbbqLgIigBA7NEibaC7DzYH4AgAeAAAEU8Pfv.jpeg?from=2064092626""]",CN,5,True,268
7618154169748180270,7618545163603084073,2026-05-10T20:14:27.545882,博主牛逼,1773830777,11,1,2,0,0,True,False,0,,-1,96241193893,MS4wLjABAAAAgdn2AZHo1hBYSpsC6lz9UNJpHetxfxEEMZVpsjIu61A,聪明,,"[""https://p3-pc.douyinpic.com/aweme/100x100/aweme-avatar/tos-cn-i-0813_a1995702aa7e4f3ca9ed00d88da7f44a.jpeg?from=2064092626""]",CN,5,True,268
7618154169748180270,7632319798806512427,2026-05-10T20:14:27.545882,蒸汽机的最高境界就是烧开水，电子电路的最高境界就是开关开关,1777037933,25,1,3,0,0,True,False,0,,-1,13876711410,MS4wLjABAAAAIKDIdyABFoKHp--UwhosnwSXNY8aOrck2gPKa_3K0F0,C星辰,C9205120829,"[""https://p3-pc.douyinpic.com/aweme/100x100/aweme-avatar/tos-cn-avt-0015_f237898a4009bbe0ed6ee5b6e01d2bd1.jpeg?from=2064092626""]",CN,5,True,268
7618175666374184226,7635906798637368114,2026-05-10T20:15:33.004888,我已经看出来了 那个老爷爷根本不是老爷爷 因为老爷爷的牙龈就黄了 他的牙也根本没还 所以呢他不是老爷爷 是他们的朋友,1777873096,0,1,0,0,0,False,False,0,,-1,7414887597439370298,MS4wLjABAAAAGtW0j92Hgnc9TcwvktytG7lxblV0zCXdjz5R9vo-G3nwR2itnos6PYI-BbUDc4RC,津津有味,41617721294,"[""https://p3-pc.douyinpic.com/aweme/100x100/aweme-avatar/tos-cn-i-0813c001_o0M4LANtoEAhgIITDlLeBEAxfQDAciEf7AG3BR.jpeg?from=2064092626""]",CN,10,True,60
7618175666374184226,7618778451113526075,2026-05-10T20:15:33.004888,[流泪][流泪][流泪],1773885092,1,1,0,0,0,False,False,0,,-1,688744482736477,MS4wLjABAAAA0PX6zDy5bl0Gpt9peWPkpEz2OQ1i1Bo-bRXv0DNhlLE,新宇,54884902163,"[""https://p3-pc.douyinpic.com/aweme/100x100/aweme-avatar/tos-cn-i-0813c000-ce_oMAw16taDIC4rjpeARFAQq7LRFf3TAJEETgfBR.jpeg?from=2064092626""]",CN,10,True,60
7618175666374184226,7619642232807260934,2026-05-10T20:15:33.004888,[调皮],1774086208,1,1,0,0,0,False,False,0,,-1,67771914321,MS4wLjABAAAAK6BjcoP9jdj6244eXxJOa997v2hDAgTL--A20xWFXNc,我的小朋友,,"[""https://p3-pc.douyinpic.com/aweme/100x100/aweme-avatar/tos-cn-i-0813_oY57guBAAInAiCJe9CPC9Yf13xcyvbASAiAIZE.jpeg?from=2064092626""]",CN,10,True,60
7618175666374184226,7625198834973426469,2026-05-10T20:15:33.004888,给我查。,1775379955,0,1,0,0,0,False,False,0,,-1,2000700512938819,MS4wLjABAAAAVFUYAfpwq-NUHMhy1oUeNgD3QppwWGgpvL0H0zKgwOLSrUJU_F-GYBFskRacGzzS,在一起时,dycxu6g1qlxv,"[""https://p3-pc.douyinpic.com/aweme/100x100/aweme-avatar/mosaic-legacy_3793_3131589739.jpeg?from=2064092626""]",CN,10,True,60
7618175666374184226,7619282800189014842,2026-05-10T20:15:33.004888,国王不配吃,1774002520,1,1,1,0,0,True,False,0,,-1,100944568830,MS4wLjABAAAA7n3IORL0CLpczX6NkXueSb_zm2E0u_g055mpi_wKmF4,/限流的颜某.【影颜】,zt530ghhh,"[""https://p3-pc.douyinpic.com/aweme/100x100/aweme-avatar/tos-cn-i-0813_b6ce089b2e3c48cdb84749474bf964f5.jpeg?from=2064092626""]",CN,10,True,60
7618179305201306915,7618367489156875044,2026-05-10T20:16:06.195433,汤姆要是有事找杰瑞总是一把就抓到了[捂脸],1773789412,1493,1,5,0,0,True,False,0,,-1,96867333125,MS4wLjABAAAAR0ptoJ0haeGvoYh_QzS6jOkbQDuHnuSiF9MaD7BD_rY,🌈网抑☁️热评,Wj68889,"[""https://p3-pc.douyinpic.com/aweme/100x100/aweme-avatar/tos-cn-i-0813_81815c36df6e479ba8a2295f20a46943.jpeg?from=2064092626""]",CN,10,True,3398
7618179305201306915,7618447354380026676,2026-05-10T20:16:06.195433,:就是玩,1773808005,1676,1,13,0,0,True,False,0,,-1,60051252778,MS4wLjABAAAAWzzrWs3MR2YMv6cxsJRI70-jfGHp0IB8OpoTWt9yCVI,唔准打训导主任丶,,"[""https://p3-pc.douyinpic.com/aweme/100x100/aweme-avatar/tos-cn-avt-0015_df6480179ca3d991deee9d9f37331732.jpeg?from=2064092626""]",CN,10,True,3398
7618179305201306915,7619194000679240497,2026-05-10T20:16:06.195433,第一集，汤姆是全球捉鼠冠军,1773981845,146,1,2,0,0,True,False,0,,-1,97868137218,MS4wLjABAAAA6akfVe6jYUjsrDC0BRIAGisc22n4-ZRQUXnyXUZvan4,佛系的嗯,,"[""https://p3-pc.douyinpic.com/aweme/100x100/aweme-avatar/douyin-user-file_fe92559173e8c7bb71967b1e6445a8b3.jpeg?from=2064092626""]",CN,10,True,3398
7618179305201306915,7619068626864522019,2026-05-10T20:16:06.195433,这一下子我不信看到的不笑,1773952673,3345,1,94,0,0,True,False,0,,-1,54704392411,MS4wLjABAAAAmvFU_9qD8_ju37SBX9vk9VtN_T-EoeyZE-OQFgVU55c,睲,,"[""https://p3-pc.douyinpic.com/aweme/100x100/aweme-avatar/tos-cn-i-0813_6b786db7df924ba491c153222084b665.jpeg?from=2064092626""]",CN,10,True,3398
7618179305201306915,7618298761609102137,2026-05-10T20:16:06.195433,阿布阿布，略略略略略略略略[大笑],1773773410,215,1,4,0,0,True,False,0,,-1,4388840520034008,MS4wLjABAAAAIIrb3wAC4Gs5FXd_vCld-S9R4m6ubYbAgYMqIdL8tXtiQJdWXHK05dzGEmoGQyUV,(⊙o⊙)(⊙o⊙)(⊙o⊙),ooo87399,"[""https://p3-pc.douyinpic.com/aweme/100x100/aweme-avatar/tos-cn-i-0813c000-ce_ogQAAAxIvsnFLE0iAAjPSMArhPiBAyATSaDuB.jpeg?from=2064092626""]",CN,10,True,3398
7618179591827459391,7618201564306801414,2026-05-10T20:16:13.420262,有没有问:公主是干了啥事变成小猪猪的?,1773750776,14448,1,22,0,0,True,False,0,,-1,73683830081,MS4wLjABAAAASj7E2-Gf66uXkStwUF7QDjqGrtziDdBfOlLcguK1gxo,halo.,,"[""https://p3-pc.douyinpic.com/aweme/100x100/aweme-avatar/tos-cn-i-0813_oE1KAIiRvwHV3hBAigAbaYaFgACAdIuvbEP2E.jpeg?from=2064092626""]",CN,5,True,359
7618179591827459391,7618209091802989358,2026-05-10T20:16:13.420262,感觉看了一期韩国综艺，好有意思,1773752528,4367,1,3,0,0,True,False,0,,-1,4186535878722616,MS4wLjABAAAAWUudBveHiWTHpJh5UebA4pZfBO5F4PYlk1UFRTutkqxnmRmsKoxIjq_FAojNb30t,灰鸽子,Only_oneyu,"[""https://p3-pc.douyinpic.com/aweme/100x100/aweme-avatar/tos-cn-avt-0015_2013980211359880030ca395aeb1052f.jpeg?from=2064092626""]",CN,5,True,359
7618179591827459391,7618474390728999707,2026-05-10T20:16:13.420262,这是那个去占卜前世是猪的那个吗哈哈哈哈哈,1773814299,13,1,1,0,0,True,False,0,,-1,2386368530488330,MS4wLjABAAAA82kA2E8lrEv3y2fiHFlqWrEadYZLo5cnmYJJD3eCVtwGEXBJVrvXT-q5CflxkVWR,亦滢,67416506353,"[""https://p3-pc.douyinpic.com/aweme/100x100/aweme-avatar/tos-cn-avt-0015_abcfa5e0d813111e0d6e5cc0bc923c3f.jpeg?from=2064092626""]",CN,5,True,359
7618179591827459391,7618923346104697637,2026-05-10T20:16:13.420262,boki[色],1773918828,0,1,1,0,0,True,False,0,,-1,93003321699,MS4wLjABAAAAeNOGB8ujzfv_6VZq8D3hycP2P5PghRgyfd1L472NrWc,不想说话了,Wyh2974136972,"[""https://p3-pc.douyinpic.com/aweme/100x100/aweme-avatar/tos-cn-avt-0015_58fafaa83690bfc241c1220cb996a23b.jpeg?from=2064092626""]",CN,5,True,359
7618179591827459391,7618327547491353350,2026-05-10T20:16:13.420262,这个帐号是本人的吗？是不是本人运营呀？,1773780120,776,1,17,0,0,True,False,0,,-1,110187422873,MS4wLjABAAAAoFQz5GTM6Q_-qdtjHAwscD4HvMt1ObJJk6ouO3z5F_w,我們下次再見咯.,51225075036,"[""https://p3-pc.douyinpic.com/aweme/100x100/aweme-avatar/tos-cn-i-0813_okfTI6eYAhN2JyxbAAnAQXzd9VkgSCGAAaDmb5.jpeg?from=2064092626""]",CN,5,True,359
7618180146142448923,7638230206125835045,2026-05-10T20:16:38.651616,？直接把系统数据都清理掉之后，再把它恢复出厂设置不对得了呗！,1778414056,0,1,0,0,0,False,False,0,,-1,3028524994660413,MS4wLjABAAAApMmds5-LN3kFgTezo_aem2mE0q75Xodjbiiww91spfOHFDPWJdSisIf33pi6ahRB,抚幻,23105720115,"[""https://p3-pc.douyinpic.com/aweme/100x100/aweme-avatar/tos-cn-i-0813c000-ce_o0BKY7Eg8nAL4I3vC17TqVefAkG1JEAI0AJTer.jpeg?from=2064092626""]",CN,5,True,1527
7618180146142448923,7621159100626584357,2026-05-10T20:16:38.651616,世界上发明的第一个灯泡，现在还在博物馆里发光，所以质量好的东西不是不好卖，而是不赚钱[灵机一动],1774439381,11,1,0,0,0,True,False,0,,-1,3913857224419032,MS4wLjABAAAAkhTYQ8ITrqvatb9JtNoWB0LwiJxv4lbxzEtv0QkMi9wqnSc11DhbQW6EZ8aD-u9a,尼古丁的救赎🚬,dysxzqblpjep,"[""https://p3-pc.douyinpic.com/aweme/100x100/aweme-avatar/tos-cn-i-0813c001_ooggAAaE9CgfCJDIAgAgGIA2EAcne5DWxxnAFC.jpeg?from=2064092626""]",CN,5,True,1527
7618180146142448923,7622203030213247770,2026-05-10T20:16:38.651616,在这方面，烂苹果起了一个最坏的头，它最先内置电池，电池健康，屏幕加密摄像头加密,1774682440,29,1,1,0,0,True,False,0,,-1,109211345464,MS4wLjABAAAAPOHEvBBMo7BJk0ZZdhLlXaL8KFH0-1YWhDfZ4stL_3I,魅力--AA,,"[""https://p3-pc.douyinpic.com/aweme/100x100/aweme-avatar/tos-cn-i-0813_551fcd62aa254da8a45780d0f56c5959.jpeg?from=2064092626""]",CN,5,True,1527
7618180146142448923,7618632580099244850,2026-05-10T20:16:38.651616,细品[微笑],1773851131,38,1,7,0,0,True,False,0,,-1,3896303312441678,MS4wLjABAAAA8dGqxmLm-0Uy3oM1WxQy4P9VuSXM7vosl_RTDjf5ggEL9XXoS9IqlO7-l9QxQdy6,星辰,lhcl201108,"[""https://p3-pc.douyinpic.com/aweme/100x100/aweme-avatar/tos-cn-i-0813c001_o0G2NIsQDCpzZCObgEfdAlAAoFWdApAA3469ez.jpeg?from=2064092626""]",CN,5,True,1527
7618180146142448923,7628465145173885746,2026-05-10T20:16:38.651616,我一个Mate30从20年用到这个月才换，Mate80，用了快6年哪里不耐用了？[举手],1776140453,3,1,2,0,0,True,False,0,,-1,71225811183,MS4wLjABAAAAtDFHMqnpYPRjhQRsBSH-GxamKLwc8ANo3Sb-8wplvBU,发呆的河马君,,"[""https://p3-pc.douyinpic.com/aweme/100x100/aweme-avatar/tos-cn-i-0813c001_okHQvkMEAb93AQ9IVCFnABHDg8NDAAflfA6AR6.jpeg?from=2064092626""]",CN,5,True,1527
7618182264928718080,7630484321040597769,2026-05-10T20:17:07.780885,错了，电车只在中国普及，国外用的还是燃油车，石油永远不会愁没有销路。,1776610578,2,1,0,0,0,False,False,0,,-1,66661280261,MS4wLjABAAAAOoeTtfOUunOIRcqbgMrnrX6RpJhSRntdeqd4M4glDe4,逍遥先生,You_rebirth,"[""https://p3-pc.douyinpic.com/aweme/100x100/aweme-avatar/tos-cn-i-0813c001_ef70a75805b24e7b9e142687a79f901a.jpeg?from=2064092626""]",CN,5,True,876
7618182264928718080,7633334970660668195,2026-05-10T20:17:07.780885,看来今年我也要变成两桶油车手了，目前为止一桶油还没有跑完，半年一桶油,1777274297,1,1,0,0,0,False,False,0,,-1,101203437567,MS4wLjABAAAA0wM7utvB1_Wkyyjj6s8gx1KurP9bP_MfxJ-487qg6Yw,Online巧克力,Online_2943,"[""https://p3-pc.douyinpic.com/aweme/100x100/aweme-avatar/tos-cn-i-0813_3eb1c109c316496e982e9864da5983b6.jpeg?from=2064092626""]",CN,5,True,876
7618182264928718080,7634660065648214820,2026-05-10T20:17:07.780885,打不过就加入吧，买电车，养路费爱谁交谁交去,1777582826,0,1,0,0,0,False,False,0,,-1,91763905532,MS4wLjABAAAApxl2LYoXKLLhnYbtCOWAU-m8oj2XIuuH5MEsTJg93u8,天羽,,"[""https://p3-pc.douyinpic.com/aweme/100x100/aweme-avatar/mosaic-legacy_316530002ee7257dc734f.jpeg?from=2064092626""]",CN,5,True,876
7618182264928718080,7618551901546480436,2026-05-10T20:17:07.780885,看不上电车的地方在于：汽车原本是个耐用品，而且后期的使用成本和使用体验是很稳定的。电车却把汽车变成了快消品，核心电池寿命与内燃机相比太短了。,1773833098,29,1,7,0,0,True,False,0,,-1,3708028078261319,MS4wLjABAAAAnOrLoIIMxjTqZNF3R5jqrQkvc_4V8nphao3M9ci2x9RWtiEMkF0cm3k4q68Od2hT,脑子是个好东西,55186183636,"[""https://p3-pc.douyinpic.com/aweme/100x100/aweme-avatar/tos-cn-i-0813c001_oQIF9OK0AAAMAtoFAILkheoGfeB2eKeIEHRFhQ.jpeg?from=2064092626""]",CN,5,True,876
7618182264928718080,7618544660016890659,2026-05-10T20:17:07.780885,那么问题来了，以后大家都开电车呢？那油价会是啥样,1773831117,7,1,4,0,0,True,False,0,,-1,100948956658,MS4wLjABAAAA-iwvXzQXoWW33_DBeUSoJTSGjlw6fxlotF-IISqlIPs,人来人往,,"[""https://p3-pc.douyinpic.com/aweme/100x100/aweme-avatar/tos-cn-i-0813c000-ce_ocHtMQAYhjJAYqHVAVfAcAWA3fQWem8fOeAYlX.jpeg?from=2064092626""]",CN,5,True,876
7618184308452366043,7618222759865385787,2026-05-10T20:17:20.767363,一个人尽皆知的热知识，其实张森就是这个店的老板，他说的老板是他养的猫[微笑],1773755711,10109,1,30,0,0,True,False,0,,-1,1863032312955690,MS4wLjABAAAA6Jeckz2oZyik-YLfbuosT2Pjoz2UhfOITi2LElQ57L-6lzVHLLfeOQ9mC1bwxer9,鼠千岁,5208171977350wlb,"[""https://p3-pc.douyinpic.com/aweme/100x100/aweme-avatar/tos-cn-avt-0015_656a0deb1e39d750eb0b6fc8d80fc692.jpeg?from=2064092626""]",CN,10,True,4047
7618184308452366043,7618195097444352817,2026-05-10T20:17:20.767363,感觉是老板觉得张森的流量太高了所以一直让他偷吃给门店引流[捂脸][捂脸][捂脸],1773749269,5271,1,38,0,0,True,False,0,,-1,4407300925430286,MS4wLjABAAAAdzeR-iZjCxm0I9oSRCDs8pEJndeBNl5iT_aeb08Rt3nYzryoAD1XB7Fo02PrK6Dh,🌈🌈✦SKY🌈🌈,37480908131,"[""https://p3-pc.douyinpic.com/aweme/100x100/aweme-avatar/tos-cn-i-0813c000-ce_oYcIwj8E7zANEQp8cFzZAbEAzDehfnAM9AEYDe.jpeg?from=2064092626""]",CN,10,True,4047
7618184308452366043,7618213621685306127,2026-05-10T20:17:20.767363,从去年看到现在 至今未关注 但是一到晚上就刷到厨房老鼠 每天看着大厨就这样,1773753583,368,1,5,0,0,True,False,0,,-1,3699174239386221,MS4wLjABAAAAvYhLTZYy7nEd1-L-nMQcv7Okg4jjdPtK4-XiZAuDf8JWN5Iin0XHL8lONybzhjIE,知舟,H_06_12_19,"[""https://p3-pc.douyinpic.com/aweme/100x100/aweme-avatar/tos-cn-i-0813_oMeDAvGAAQTALGGSBaeE7fJMk1QQcOBcAIBayI.jpeg?from=2064092626""]",CN,10,True,4047
7618184308452366043,7618264326513017650,2026-05-10T20:17:20.767363,你告诉我这三大坨是寿司[憨笑],1773765391,35692,1,423,0,0,True,False,0,,-1,3843492552390007,MS4wLjABAAAAGIUn44ASKHnGbf52umjsemmTwOYsRiExHhNnJiUxg9msAuT4a1uEVdEqGVAPYTcE,u.,lighosty,"[""https://p3-pc.douyinpic.com/aweme/100x100/aweme-avatar/tos-cn-avt-0015_137ba7c547cdfc9c7a956f59077a9368.jpeg?from=2064092626""]",CN,10,True,4047
7618184308452366043,7618211130075333430,2026-05-10T20:17:20.767363,"虚假的客户：“看看菜单”
真正的客户：“进入后厨，打开张森的橱柜”",1773753003,46211,1,69,0,0,True,False,0,,-1,109828402688,MS4wLjABAAAANKrK9SHjBZ_HA7keGvVS9nxuGVYq7kgHCZ_p3HAbCpM,11,Li_1206_,"[""https://p3-pc.douyinpic.com/aweme/100x100/aweme-avatar/tos-cn-avt-0015_9e9af35dd3392b2678ad8ec71e33a405.jpeg?from=2064092626""]",CN,10,True,4047
7618188670394207497,7618191058430477106,2026-05-10T20:17:52.262570,,1773748329,1640,1,20,0,0,True,False,0,,-1,3197821004294672,MS4wLjABAAAAhDI1dyw7-valUR99sCoPlxJ3_7yyxRCs24hpRBdPovFLrT0zG3ijggaapBQQAdJG,三,m200608060713,"[""https://p3-pc.douyinpic.com/aweme/100x100/aweme-avatar/tos-cn-i-0813c001_ocIB0eAzuN6WACXEnrAAyAAAiDNOluAEggvieg.jpeg?from=2064092626""]",CN,5,True,175
7618188670394207497,7618244598049669937,2026-05-10T20:17:52.262570,在哪能看，我有几个APP都不全，还没有最新季,1773760795,184,1,12,0,0,True,False,0,,-1,106786138007,MS4wLjABAAAAlRCz1v-PFMp72q9Pr9SnpSMx6kLylBIIyWP4CE96dAw,小心超人,mwh6940,"[""https://p3-pc.douyinpic.com/aweme/100x100/aweme-avatar/tos-cn-i-0813c000-ce_ogBEVpBUiAtKL6d8AeEmAEsAFzoEIeAfw0vLTi.jpeg?from=2064092626""]",CN,5,True,175
7618188670394207497,7618246009924223770,2026-05-10T20:17:52.262570,解释内容好多，(*^ω^*)不懂得梗,1773761127,3,1,1,0,0,True,False,0,,-1,3899291649188147,MS4wLjABAAAA_r97PAfEoVdkcPY85ZprnPw-9eVbUTc7lgZYXEdFcprpSqDgiqCmTj-yYBcVDKYU,咸鱼小陈～🐟,A36566688888888,"[""https://p3-pc.douyinpic.com/aweme/100x100/aweme-avatar/tos-cn-i-0813_o07gtwVbAHXAt7NzeWcCA9Ai2iIKEAirADAevB.jpeg?from=2064092626""]",CN,5,True,175
7618188670394207497,7618540452903879470,2026-05-10T20:17:52.262570,博主你可不可以解说布莱恩之死那集[柴犬],1773829679,38,1,1,0,0,True,False,0,,-1,4111808173442376,MS4wLjABAAAAC3ji8L4uICyKVLP_ADniM95-IwZqkoztzY99wlL_2j6LvTjKyMFCxWGoFhlBACkN,白玉柔,21834526275,"[""https://p3-pc.douyinpic.com/aweme/100x100/aweme-avatar/tos-cn-i-0813c001_oU2uWDAJEhOiyNAALayApz1CtIaGN6ANgAUfBe.jpeg?from=2064092626""]",CN,5,True,175
7618188670394207497,7618233542237799209,2026-05-10T20:17:52.262570,不知为啥，这集看不下去。感觉不如以前，有点像郭德纲相声，都是用老梗,1773758221,18,1,2,0,0,True,False,0,,-1,96301975375,MS4wLjABAAAAjPA40Fv6JKvXSZWZwpCCQ417V4yD13BKAZ7MvgL1PkI,㜝蝁焜,,"[""https://p3-pc.douyinpic.com/aweme/100x100/aweme-avatar/tos-cn-i-0813c001_ooXIIivSaAcIhKMEwnBjAIPQAAAwRcsiMxAiB.jpeg?from=2064092626""]",CN,5,True,175
7618194369484442889,7619344378863993658,2026-05-10T20:17:59.301047,终于回归模范出租车了[流泪],1774016858,233,1,3,0,0,True,True,0,,-1,7395044525289718843,MS4wLjABAAAAXw69KvZOCdinPCeu2LRJPf5IpXb4ZybtonXqCKCh8LPyPAci7uBvliDqbUspHGPi,爱敏放晴,49554812265,"[""https://p3-pc.douyinpic.com/aweme/100x100/aweme-avatar/tos-cn-i-0813c000-ce_oYQpmonIAAAyA9powEineMeBcfKB875iEAED3I.jpeg?from=2064092626""]",CN,5,True,93
7618194369484442889,7634589817644860197,2026-05-10T20:17:59.301047,我突然想起来好像在哪一季好像有个女人也被欺骗过感情,1777566463,5,1,2,0,0,True,False,0,,-1,2933105658443485,MS4wLjABAAAAsDLxhhjTyO5nsEUqxz46HNpbJC8TFVz1OUUgveIbXMlq8Ed3NJRFCFlN3TzdxdgV,念春,69248038120,"[""https://p3-pc.douyinpic.com/aweme/100x100/aweme-avatar/tos-cn-i-0813c000-ce_ocyb8CoiRMXnaAlAauARgGAAEhbr4IPRABPiE.jpeg?from=2064092626""]",CN,5,True,93
7618194369484442889,7635312444201976617,2026-05-10T20:17:59.301047,这个黑老大还说想把全世界给他呢[泣不成声],1777734713,7,1,0,0,0,False,True,0,,-1,7480520238392919100,MS4wLjABAAAAVCkkdhfJTbB7Jv3SFxp-j9EP0uLlt_S3GxcJrGONk_HNXEKJb5oeeoAHjp_8Pq0N,Evan,47634981903,"[""https://p3-pc.douyinpic.com/aweme/100x100/aweme-avatar/tos-cn-i-0813c001_o4edAMJHFT4hIAI3VfHLxBeGErAu8Q7wSoEAAB.jpeg?from=2064092626""]",CN,5,True,93
7618194369484442889,7619295972322247458,2026-05-10T20:17:59.301047,怎么说呢？虽然说中间的一些逻辑是漏洞很大的，但是毕竟是爽剧吧，最后揍拍老大那一段确实太帅了。那个台词真的是帅到爆炸。,1774005589,11,1,3,0,0,True,True,0,,-1,1578550522808744,MS4wLjABAAAA8WTqbzW6SRWMG9StADm5RMECtg5lE4N-1FX1FgZXZnniAPunhH1_H1XtLkLtEWg7,温景,dalek60344,"[""https://p3-pc.douyinpic.com/aweme/100x100/aweme-avatar/tos-cn-i-0813_oEk1EjiDA8NQXDtoAABAIue8eS0gLCDAAgihPw.jpeg?from=2064092626""]",CN,5,True,93
7618194369484442889,7635131158070543156,2026-05-10T20:17:59.301047,"模范出租车绝了[杀马特][杀马特][杀马特][杀马特][杀马特]
我差点把这个世界送给你   
金道基帅炸了",1777692504,1,1,0,0,0,True,True,0,,-1,2764646602513219,MS4wLjABAAAAcLlQURmxxkBR9_AigOhPUrl21diA4TU9Bk5bF5_GA-V42sFvscsTpOFxnNwCtvE9,首尔病,36880044175,"[""https://p3-pc.douyinpic.com/aweme/100x100/aweme-avatar/tos-cn-i-0813_ogAxIAC9AAtpsDBTAAgiheDVEfOSpdiCiAwz1A.jpeg?from=2064092626""]",CN,5,True,93
7618207285441722959,7618382588603826985,2026-05-10T20:18:19.895954,去年我也是辞职一个人横穿越南6个城市15天[捂脸]挺有意思的,1773792925,22,1,13,0,0,True,False,0,,-1,102749965473,MS4wLjABAAAAexsE3rhPLUJdol1K8o5N-larvEh7HWuqIKrTkEmaA0M,左顾言它,,"[""https://p3-pc.douyinpic.com/aweme/100x100/aweme-avatar/tos-cn-i-0813c001_oYEOAV3ewFDAAB6AIQEDnffaQALJAv7nBE3y77.jpeg?from=2064092626""]",CN,10,True,400
7618207285441722959,7618395811190473472,2026-05-10T20:18:19.895954,骆驼山海pro工装裤,1773796005,2,1,1,0,0,True,False,0,作者,1,3729143554644959,MS4wLjABAAAA9rh420CTMXN5N0yMtQhmrSWzfFGX9HTqPWeqypc59VqxcSlGZhqt5xOfxBIVcHt4,宋肘击,dyjhm2jf9tkc,"[""https://p3-pc.douyinpic.com/aweme/100x100/aweme-avatar/tos-cn-avt-0015_2483e2e415dfd3b1a6d455eeb10ee9e1.jpeg?from=2064092626""]",CN,10,True,400
7618207285441722959,7618240513468711686,2026-05-10T20:18:19.895954,宝子 安全么 我也是自己一个人 最近网上铺天盖地说东南亚不安全噶腰子不敢去[泪奔]17年那会自己一个人一个小包去新马泰 去年自己欧洲 五月准备自己美国纽约 就是不敢自己东南亚,1773759845,5,1,6,0,0,True,False,0,,-1,70721608882,MS4wLjABAAAAtLqeuWfm5bVVOe87QX3R7E-yZLEg3qrcKjhE_ilfRpc,你的小可爱呀,,"[""https://p3-pc.douyinpic.com/aweme/100x100/aweme-avatar/mosaic-legacy_2f7c80001effecb453655.jpeg?from=2064092626""]",CN,10,True,400
7618207285441722959,7618261688206836515,2026-05-10T20:18:19.895954,"[呲牙]博主绝对是一个大馋丫头
三元的门票不去了，53元的面包咖啡说买就买[赞]好可爱的女孩子[比心]在国外旅行记得照顾好自己",1773764776,7,1,0,0,0,True,False,0,,-1,3588446538965623,MS4wLjABAAAAax9EJ_sgJNFXmM4G_wdkXHhJ6mr_kVVScI-7CntMeNAwjQ3qh7gnSEQOkogF6Ims,洪峰说,HF09058888,"[""https://p3-pc.douyinpic.com/aweme/100x100/aweme-avatar/tos-cn-i-0813_cc83234461184b4ab173440d8015a707.jpeg?from=2064092626""]",CN,10,True,400
7618207285441722959,7618231849219375921,2026-05-10T20:18:19.895954,从新加坡回来就无意中刷到你，很喜欢你的风格，莫名的觉得很有力量。你去的地方我大多都去过，但是看你的视频给我另外一个视角…这个年纪有勇气裸辞已经很少了，还能出国穷游更是凤毛麟角。加油！出门在外一个人还是要多注意安全[鼓掌][鼓掌][鼓掌],1773757826,15,1,0,0,0,True,False,0,,-1,93782461508,MS4wLjABAAAAyVR9wVA5jpnSWhhjoD6KIbVyyJtSsEsf064iaprwrbU,汤琪,,"[""https://p3-pc.douyinpic.com/aweme/100x100/aweme-avatar/mosaic-legacy_2ce2500049a8e9fb89113.jpeg?from=2064092626""]",CN,10,True,400
7618219427011653723,7627741407650972443,2026-05-10T20:18:37.230804,那个孟婆是做孟婆汤的，我早就知道了。我看西游记都看过。天蓬元帅就喝孟婆汤。最后，他意外掉进了畜生道。然后你们自己去想吧。,1775972449,1,1,2,0,0,True,False,0,,-1,105482623709,MS4wLjABAAAAF4-lqKBqo2pi0dMht7f1MIw6gq7NJQOQhcOhJ37yCEw,元梦之星峡谷5v5绯α龙套兰陵王,,"[""https://p3-pc.douyinpic.com/aweme/100x100/aweme-avatar/tos-cn-i-0813c000-ce_oUcOQAB29IPvDfeTInfAi4GGLheAAKxAGQDhAx.jpeg?from=2064092626""]",CN,5,True,199
7618219427011653723,7619917165235340069,2026-05-10T20:18:37.230804,我想将历史文化发到抖音去，让所有人知道，十八层地狱是什么，让所有人都受到教育,1774150219,3,1,0,0,0,True,False,0,,-1,110318440728,MS4wLjABAAAAMfC8cK9dqGJnj4PTzKq9UYwg4Ek1RrGQm5A9C3UZ-Y8,赵氏女,,"[""https://p3-pc.douyinpic.com/aweme/100x100/aweme-avatar/tos-cn-i-0813c001_osbKId7BB3njPHpDOleejEA6BfAJIAELyPAaGA.jpeg?from=2064092626""]",CN,5,True,199
7618219427011653723,7635982404545757962,2026-05-10T20:18:37.230804,我好想进地狱里面啊，我可没见过地狱。,1777891202,0,1,0,0,0,True,False,0,,-1,4385287464820636,MS4wLjABAAAAWo-x_wubgHCyL1KymjrU2tnSLugh5i5h0kSsb0ePtcFUoiE1lpXo5o94Uae-YoaR,碧海蓝天,54515345004,"[""https://p3-pc.douyinpic.com/aweme/100x100/aweme-avatar/tos-cn-i-0813c000-ce_o83gfea7APLBNGOT7zdFJ8QqXIIKEALaADAteG.jpeg?from=2064092626""]",CN,5,True,199
7618219427011653723,7628278255313470257,2026-05-10T20:18:37.230804,这个都是为统治阶级们吓唬人的,1776096939,0,1,0,0,0,True,False,0,,-1,774475873532187,MS4wLjABAAAAbgoK0NoixgZZ0kQQ6CSbkq6qUu9edYUlOOBK2ViPVNI,用户7470258612136岁月无痕,33165946891,"[""https://p3-pc.douyinpic.com/aweme/100x100/aweme-avatar/tos-cn-i-0813c001_083ff7d01b38473a9941ed2c4926ef66.jpeg?from=2064092626""]",CN,5,True,199
7618219427011653723,7618538484979368704,2026-05-10T20:18:37.230804,是这不[举手],1773829222,5,1,5,0,0,True,False,0,,-1,111550170063,MS4wLjABAAAATzL3fSR-3yjOWze1oeATPszO_kxuNxw3q0L3XGNdVc8,刘圆球🤪,,"[""https://p3-pc.douyinpic.com/aweme/100x100/aweme-avatar/mosaic-legacy_172f600031151b1304bfb.jpeg?from=2064092626""]",CN,5,True,199
7618225848767745280,7618495009688257338,2026-05-10T20:18:43.451384,如果只过冬，三亚是国内的天花板。如果四季长居，普洱是最接近四季如春的城市！,1773819099,30,1,24,0,0,True,False,0,,-1,78210354553,MS4wLjABAAAAFtTWrCC-HXiwqgD6TWXlWMRXcteTvJCKauOCH8j12Y8,李逍遥,,"[""https://p3-pc.douyinpic.com/aweme/100x100/aweme-avatar/tos-cn-i-0813c001_ooa7tggIEKDAuDrFyGC4CnIMxAnA9AAAE8wLfe.jpeg?from=2064092626""]",CN,5,True,207
7618225848767745280,7631768407319167759,2026-05-10T20:18:43.451384,全国里云南是最不长寿的地方,1776909555,0,1,1,0,0,True,False,0,,-1,4312758152596231,MS4wLjABAAAAT7vQgONmTZG-Hxdg2MLfpbVW7PGAvYx9xWq3Fa8BbEj0V3uUO3kNuTlEQhvrOiFi,用户8331293224978,91600782802,"[""https://p3-pc.douyinpic.com/aweme/100x100/aweme-avatar/mosaic-legacy_3795_3033762272.jpeg?from=2064092626""]",CN,5,True,207
7618225848767745280,7621782181636227849,2026-05-10T20:18:43.451384,广西南宁很适合,1774585135,0,1,1,0,0,True,False,0,,-1,3804770081441972,MS4wLjABAAAAVBvP5K5Rw-e_6SFgYoVxX-Ab0xp5Z6x2TNgqsU8-r91kqoH2ifXbUG3eBpNiuhor,一杯清水,68313263964,"[""https://p3-pc.douyinpic.com/aweme/100x100/aweme-avatar/tos-cn-avt-0015_3ee9511e0d0cea5a60478ee0351fbf07.jpeg?from=2064092626""]",CN,5,True,207
7618225848767745280,7618441884985705254,2026-05-10T20:18:43.451384,福建漳州市区，全满足以上条件,1773806731,2,1,3,0,0,True,False,0,,-1,2378974308600270,MS4wLjABAAAAUgYMTugmkAYO2uVegomxXK7d-1ZRn0fC9naaP9jYbiyG9xVZDohCq4sSwnuFGMq8,安静的行者,dyblc66cy13v,"[""https://p3-pc.douyinpic.com/aweme/100x100/aweme-avatar/tos-cn-avt-0015_2af8537f533846ea4460c8921959b025.jpeg?from=2064092626""]",CN,5,True,207
7618225848767745280,7637455987553764153,2026-05-10T20:18:43.451384,@豆包 总结一下这个视频的精髓。,1778233795,0,1,0,0,0,True,False,0,,-1,57329341451,MS4wLjABAAAA-XexuYDPYX_PeuJA19j1QfrCe9hWGArXq6N1z2vWaHA,-CC-,,"[""https://p3-pc.douyinpic.com/aweme/100x100/aweme-avatar/mosaic-legacy_50400012ac15dba5672d.jpeg?from=2064092626""]",CN,5,True,207
7618227172787962303,7619907093316158245,2026-05-10T20:19:08.351272,谁懂问你一个人类梦寐以求的问题好好听啊[抱抱你][送心],1774147876,0,1,1,0,0,True,True,0,,-1,300579516332650,MS4wLjABAAAA8w17g8WKlEqp0E9i5XH6ZMQtRYEQBBMvPCSh_BHCgo8,T-J-C健次,68820465028,"[""https://p3-pc.douyinpic.com/aweme/100x100/aweme-avatar/tos-cn-i-0813c000-ce_o0pAnMChIyIiIREAwZ3iPkCPBB0ASYrAGaKvA.jpeg?from=2064092626""]",CN,5,False,5
7618227172787962303,7618231408373416740,2026-05-10T20:19:08.351272,宝子们打卡咯[钱],1773757726,2,1,0,0,0,False,False,0,作者,1,687620686095674,MS4wLjABAAAAvqDjBaAQt-LdR3EPdYHkcKXlU-MrMHKVWwdRbgaMUow,暖ai拾光,36561131078,"[""https://p3-pc.douyinpic.com/aweme/100x100/aweme-avatar/tos-cn-i-0813_oEeBAUSgIx3GuE06A9GnHeIeLBA7HA5NlkaOAQ.jpeg?from=2064092626""]",CN,5,False,5
7618227172787962303,7618229904861037375,2026-05-10T20:19:08.351272,[比心][比心][比心][玫瑰][玫瑰][玫瑰][咖啡][咖啡],1773757375,1,1,1,0,0,True,True,0,,-1,108059452565,MS4wLjABAAAABPX5Kn_zDRQFLQWdxQIWvQk9JQPCcVDyLPOt9eWcP5U,待到秋来九月八,,"[""https://p3-pc.douyinpic.com/aweme/100x100/aweme-avatar/tos-cn-i-0813_06e4c362268d4e6f9e15157de3f451c0.jpeg?from=2064092626""]",CN,5,False,5
7618227936453283099,7618965716879803188,2026-05-10T20:19:25.249649,传奇耐活王七号,1773929001,22,1,1,0,0,True,False,0,,-1,3425696927452382,MS4wLjABAAAAo7W2s7t4oEQ0tP4xyP3EBgYVaLkHEmxLJtI3EOPiZMxwxpXNbraW_krTHRaD5Ioi,鲨鱼辣椒🦈🌶️,ClubThirteen,"[""https://p3-pc.douyinpic.com/aweme/100x100/aweme-avatar/tos-cn-i-0813c000-ce_oQeKvXpOTFJLxofEAIeAUAARlrkgJSizGB7mIA.jpeg?from=2064092626""]",CN,5,True,284
7618227936453283099,7618228572175975194,2026-05-10T20:19:25.249649,看过上集的兄弟们，可直接跳转到1：08秒哈[比心],1773757064,25,1,5,0,0,True,False,0,作者,1,2714010949525021,MS4wLjABAAAA3mS66kAe8lzKcn9G4548yVifX9H-FFfd8RJUGY-sPg9TfM_z_OJ8DYxTurbz0qLr,舒克电影,95054367331,"[""https://p3-pc.douyinpic.com/aweme/100x100/aweme-avatar/tos-cn-avt-0015_74fc4511cf1800b8a8334883f10fc2e9.jpeg?from=2064092626""]",CN,5,True,284
7618227936453283099,7621398163488588544,2026-05-10T20:19:25.249649,不得不说。。。。看完这个觉得战狼拍的还是太保守了。。。。。,1774495683,9,1,0,0,0,True,False,0,,-1,71720738705,MS4wLjABAAAA2Md0gKLpjeiDYZqQZtmGycl5afOriXJpXqhIU4Zv9zc,玄龄,,"[""https://p3-pc.douyinpic.com/aweme/100x100/aweme-avatar/tos-cn-i-0813c001_oAEAmmEA5CqAtg9SW6IAAeDA8rnziJARebBEwC.jpeg?from=2064092626""]",CN,5,True,284
7618227936453283099,7618251847183041331,2026-05-10T20:19:25.249649,东方机甲就是这样[赞][赞][赞][赞],1773762485,8,1,2,0,0,True,False,0,,-1,7417019173119968315,MS4wLjABAAAAVqLe4BRzmDMPljRPJsdGeT9SFLfS32X5h-weD4egk-8eYYiG8UkzM01IXx9ninSV,用户8510921588914,28718459496,"[""https://p3-pc.douyinpic.com/aweme/100x100/aweme-avatar/aweme_default_avatar.png.jpeg?from=2064092626""]",CN,5,True,284
7618227936453283099,7634039442866766649,2026-05-10T20:19:25.249649,洛杉矶之战 姊妹篇,1777438319,1,1,0,0,0,True,False,0,,-1,1161503839997584,MS4wLjABAAAAB1t29u5bETVF4gAnSy946XU6MfUY-_h3IsaHwPK9f4ikGjk0FhZF9cEnHlb74gyp,愿得一人心,suoerkiller,"[""https://p3-pc.douyinpic.com/aweme/100x100/aweme-avatar/tos-cn-i-0813c000-ce_owe0XXDVEFAtIkChmAEoAOAAEszGf9vHpz1CwA.jpeg?from=2064092626""]",CN,5,True,284
7618228727872245034,7619614337845822260,2026-05-10T20:19:50.317592,高欢这演员也英年早逝了,1774080070,6,1,3,0,0,True,False,0,,-1,96918887329,MS4wLjABAAAAV_fYNAOnsqpekAEFNlrqwqtErqeJLWrjpEMQrc8PUbo,习惯排队,,"[""https://p3-pc.douyinpic.com/aweme/100x100/aweme-avatar/tos-cn-avt-0015_c67ee89c9691319b0dc88842e8cf2ce4.jpeg?from=2064092626""]",CN,5,True,459
7618228727872245034,7618321653328429864,2026-05-10T20:19:50.317592,三姐太得劲了[大笑][大笑][大笑],1773778745,33,1,3,0,0,True,False,0,,-1,67648503255,MS4wLjABAAAAIcdZRASgxudvGz-yoRSw_-ujOLlWSm_LPC4j5mWNbCg,小伟♪,,"[""https://p3-pc.douyinpic.com/aweme/100x100/aweme-avatar/tos-cn-avt-0015_9c13d9a90a8a1130379745ce3daf944c.jpeg?from=2064092626""]",CN,5,True,459
7618228727872245034,7618456479033639715,2026-05-10T20:19:50.317592,刘海柱是这里唯一一个好人了,1773810927,143,1,13,0,0,True,False,0,,-1,67456886475,MS4wLjABAAAAbxroKGsnr3aoDbW4AHBkbzrG3DZjh23XXtqa-ciaYOc,踏雪无痕,,"[""https://p3-pc.douyinpic.com/aweme/100x100/aweme-avatar/tos-cn-i-0813c000-ce_o0UKDfxwBEFQIT9ecATgFFTVEY7fAA5ECJAA95.jpeg?from=2064092626""]",CN,5,True,459
7618228727872245034,7618248816865067814,2026-05-10T20:19:50.317592,应该说说刘海柱买肉戳个洞的事,1773761778,6,1,3,0,0,True,False,0,,-1,2010371436584039,MS4wLjABAAAAPGyC6g8FVwecz7X6GawHuJHeXljWQX-7U_DtDC-GoAFBFLftw0SZluDGD5ymxKRD,*追梦者*,89023001856,"[""https://p3-pc.douyinpic.com/aweme/100x100/aweme-avatar/tos-cn-avt-0015_6e53db8b08b872c5764dbbb12a33bb74.jpeg?from=2064092626""]",CN,5,True,459
7618228727872245034,7620808776858518282,2026-05-10T20:19:50.317592,原著孔二狗«黑道风云二十年»看过好几遍，写的真好[赞],1774357815,20,1,3,0,0,True,False,0,,-1,110775109636,MS4wLjABAAAALVIqDxMUgVGP9ctLFdpwGuYHWihgwNQsxPO0A86a7O0,阿里郎,dytounts7it4,"[""https://p3-pc.douyinpic.com/aweme/100x100/aweme-avatar/mosaic-legacy_20b720005bfb7f27e49c1.jpeg?from=2064092626""]",CN,5,True,459
7618252102661442825,7626319541244969777,2026-05-10T20:20:38.833847,以前我们这边也不是裹脚吗,1775640889,3,1,0,0,0,True,False,0,,-1,1946552979956744,MS4wLjABAAAAvoyRJm-IVtXTqmyqzuag-S6v3NSg-4bVCELTINWPuA4SlFqsjqSo9kv-lmjKB5P3,小青年,72143426857,"[""https://p3-pc.douyinpic.com/aweme/100x100/aweme-avatar/tos-cn-i-0813c000-ce_oUS8HAuhf4AHYIggABLeTJA6xefAvUQB2AGbDB.jpeg?from=2064092626""]",CN,5,True,81
7618252102661442825,7623370753883718454,2026-05-10T20:20:38.833847,你们为啥要到非洲去？,1774955066,2,1,1,0,0,True,False,0,,-1,2886658132023012,MS4wLjABAAAAgSKnEtRCSr0cMNiHQn9hafdX1lvRr6Mg2mwB6SDd5Ry1WvIhUkLF0PV87uQerQ76,我在等你,51582145803,"[""https://p3-pc.douyinpic.com/aweme/100x100/aweme-avatar/tos-cn-avt-0015_33e4e0640ca44a88e324bc2c65770545.jpeg?from=2064092626""]",CN,5,True,81
7618252102661442825,7618421654583067429,2026-05-10T20:20:38.833847,[流泪]想知道在丛林带着四只狗狗寻找野猪的下一集在哪,1773802020,4,1,5,0,0,True,False,0,,-1,1744289240193767,MS4wLjABAAAACz8cUT1kCJcg4EavK8hcgMyoqk3YEHbIPxkgZLXZNvjsuM0uEmriv--BjkYRCh3R,谁,zllgklzz_0,"[""https://p3-pc.douyinpic.com/aweme/100x100/aweme-avatar/tos-cn-avt-0015_d295725ee6e51c37e8a5c9947d4f4c68.jpeg?from=2064092626""]",CN,5,True,81
7618252102661442825,7634109439260607247,2026-05-10T20:20:38.833847,这文化现在有改变吗？,1777455182,0,1,0,0,0,False,False,0,,-1,3952109448081459,MS4wLjABAAAA0BoaVLNRWV-KQUlJvaMrWYbt-9ZPD8LZLi35PeFJrZnp1g1T2RtyuZ9s_76AXNTr,冬天的太阳,63938839609,"[""https://p3-pc.douyinpic.com/aweme/100x100/aweme-avatar/tos-cn-i-0813_oYnkECPvgum9AIy6oAQFQcFrAbAfC6fqCAAYDA.jpeg?from=2064092626""]",CN,5,True,81
7618252102661442825,7621786511381513000,2026-05-10T20:20:38.833847,给他们带些个金属锅，食用盐,1774585984,2,1,0,0,0,True,False,0,,-1,4446014258552568,MS4wLjABAAAAGmRhzlNTFCjBi69eYokF2y3uagNdrI_Xuk5KACMhEjYYMGJnCQwjggfA5gyMzMJM,兮若清风,xiruoqingfen10,"[""https://p3-pc.douyinpic.com/aweme/100x100/aweme-avatar/tos-cn-i-0813_ffb2927fefa845fab599e39680ac5191.jpeg?from=2064092626""]",CN,5,True,81
7618254113255525658,7620115341259309878,2026-05-10T20:21:03.278810,这才是真正的音乐，太雅致,1774196362,1212,1,7,0,0,True,False,0,,-1,7548245304019223609,MS4wLjABAAAANoA14oE0pmBl0cSSzzdUFEGor4Q31sGdJtSg58X-w2SU5UZqxXeJFyOUElacEO_P,话心疗愈7777,55069665556,"[""https://p3-pc.douyinpic.com/aweme/100x100/aweme-avatar/tos-cn-avt-0015_119a5d15d37cba223a83c5007d2e68e0.jpeg?from=2064092626""]",CN,10,True,127
7618254113255525658,7634568810493756209,2026-05-10T20:21:03.278810,[比心],1777561571,0,1,0,0,0,True,False,0,,-1,1346251252332270,MS4wLjABAAAANhlijsNOp6_IDsjqfLD24TG9JuNEFPQlhllhKe6GRf1j6szdRTZHdCEzFy_yDjNA,ve,42184059257,"[""https://p3-pc.douyinpic.com/aweme/100x100/aweme-avatar/tos-cn-i-0813c000-ce_oEAElUD1FA7NFepQA97UAE1ASuYIQeAfwoPjZE.jpeg?from=2064092626""]",CN,10,True,127
7618254113255525658,7632328371033604901,2026-05-10T20:21:03.278810,[玫瑰][玫瑰][玫瑰],1777039928,0,1,0,0,0,True,False,0,,-1,7552877263890629690,MS4wLjABAAAA2_bA0A_11mbk5mO4RQEewxmTP28c-XB54Wkr-e2ggYwMP46KN_wLZ1cWT-3_KHMS,Because,83616953217,"[""https://p3-pc.douyinpic.com/aweme/100x100/aweme-avatar/tos-cn-avt-0015_9d8621df00a6942d974da8b5ed3d3116.jpeg?from=2064092626""]",CN,10,True,127
7618254113255525658,7634039641914049290,2026-05-10T20:21:03.278810,考试的时候脑子里全是音乐,1777438365,7,1,1,0,0,True,False,0,,-1,2466960110790893,MS4wLjABAAAAiZiUeGpl3QHhBe14MSzSvUfEZpMqshwKWEmcXPH5djmIogGqG2UuNReJdD2PdWDq,装0被法死,muguoshexian,"[""https://p3-pc.douyinpic.com/aweme/100x100/aweme-avatar/tos-cn-i-0813_o0H8GIVQGeONGEYKAIe1ATAALL2QATBBZd67ew.jpeg?from=2064092626""]",CN,10,True,127
7618254113255525658,7632866479985247012,2026-05-10T20:21:03.278810,可别剪李华的视频把这个当成背景音了 在整就要成南梁专属曲了[微笑],1777165218,11,1,1,0,0,True,False,0,,-1,3230796002891952,MS4wLjABAAAAFXxugbEcApR5xsZ3xr0j6P4GZYaXkfDGAib8w8mpDZg335Ro-RNEBFnQEn40PLx2,...?,71541141097,"[""https://p3-pc.douyinpic.com/aweme/100x100/aweme-avatar/tos-cn-i-0813c001_oceAyGFwoIDVMmAAy6AgfHEToFQj97zACARoGC.jpeg?from=2064092626""]",CN,10,True,127
7618258021319232778,7626931427782968121,2026-05-10T20:21:14.679924,龙脊梯田的美，是相机拍不出来的震撼，只有亲眼见过才懂。,1775783356,6,1,2,0,0,True,False,0,,-1,93573975404,MS4wLjABAAAAvp3OoMIS0EU0zgr5NJFrTADocCK0KMPX2i2ZbRcS6u4,阿祖,,"[""https://p3-pc.douyinpic.com/aweme/100x100/aweme-avatar/tos-cn-i-0813_86ea7be448bf42628f7364d4a5dc888d.jpeg?from=2064092626""]",CN,5,True,99
7618258021319232778,7618535752499036969,2026-05-10T20:21:14.679924,@豆包 总结一下,1773828586,0,1,0,0,0,True,False,0,作者,1,59233673371,MS4wLjABAAAA0iV0yyQC7DI0i6qrMxrLmmkQfRXPGqlRz6ldYaPzFQ8,「从地图出发」,,"[""https://p3-pc.douyinpic.com/aweme/100x100/aweme-avatar/tos-cn-avt-0015_8fd1efb575c2f402edf225a814ea0892.jpeg?from=2064092626""]",CN,5,True,99
7618258021319232778,7621568899113403187,2026-05-10T20:21:14.679924,百色（bai  se）,1774534794,0,1,1,0,0,True,False,0,,-1,52991428702,MS4wLjABAAAAowoZ98tR7yqg_8QzKV67VmzkVGuNWCgGn1NlT0ljSDc,耶～～,,"[""https://p3-pc.douyinpic.com/aweme/100x100/aweme-avatar/tos-cn-i-0813c001_oMvB9AXLfEMCnfAAGfAA8oQYSXIM7xxBEANjGE.jpeg?from=2064092626""]",CN,5,True,99
7618258021319232778,7637060476610298666,2026-05-10T20:21:14.679924,一、六、八，再加梯田和贺州，其它的不值。,1778142281,0,1,0,0,0,False,False,0,,-1,97024475236,MS4wLjABAAAAVzqJLGumpGhg150mXVBDCjWZQjRLeSeZO2vb0g6ws50,吉如意,pu840105413,"[""https://p3-pc.douyinpic.com/aweme/100x100/aweme-avatar/tos-cn-i-0813_f625323155864614859194694b2d6daa.jpeg?from=2064092626""]",CN,5,True,99
7618258021319232778,7618633224486798129,2026-05-10T20:21:14.679924,只有10个了，乐满地摘牌了,1773851280,8,1,5,0,0,True,False,0,,-1,96403903020,MS4wLjABAAAAOb4MPxe-7o8TJhu82CU1vMMXbdmeB7lL3p60Fh0JGF4,奇妙香客,,"[""https://p3-pc.douyinpic.com/aweme/100x100/aweme-avatar/tos-cn-i-0813c000-ce_oMGkwIfQGvqzeT9EAIenA8AAFLqPAGmH4fAtek.jpeg?from=2064092626""]",CN,5,True,99
7618330637706988827,7618470195187991333,2026-05-10T20:21:24.632563,"这个机甲是天成大佬。
两把都是他，被你淘汰了，心有多碎呀，两个电池没了。",1773813323,1376,1,12,0,0,True,False,0,,-1,98272370034,MS4wLjABAAAAyClOxdAstYVZEBJxAMpPnKmmBehrup2F4ogOQw4IKM0,喜欢玩游戏的阿乐,GGG281852912,"[""https://p3-pc.douyinpic.com/aweme/100x100/aweme-avatar/tos-cn-i-0813c000-ce_oIZ5g21iAYecAIGEREi0AmBBwmeDAEssfMvA90.jpeg?from=2064092626""]",CN,5,True,520
7618330637706988827,7618446535181042491,2026-05-10T20:21:24.632563,天晨大老黑[看],1773807812,187,1,4,0,0,True,False,0,,-1,3312148397689991,MS4wLjABAAAAOZyZOwPAeyWZWIFGTiON6p91r0mRILsaE8tH_QfIIENUr4IXRqbzm_lM62l5r3vh,幸福月大徒弟,92717667026,"[""https://p3-pc.douyinpic.com/aweme/100x100/aweme-avatar/tos-cn-i-0813c000-ce_oIAAdIAfUfnA7i8doKIFKLUD2TTGeATcHEeDaw.jpeg?from=2064092626""]",CN,5,True,520
7618330637706988827,7618586427698299705,2026-05-10T20:21:24.632563,天晨大佬，被幸福干死两次，心碎了,1773840383,17,1,0,0,0,True,False,0,,-1,93246256626,MS4wLjABAAAAgBm-ffSo1b_4lkPF_M3t103PLeZssqSmvB3aVI_Ofy4,凌（路亚）ꦿ᭄࿐🇨🇳,GM2586666,"[""https://p3-pc.douyinpic.com/aweme/100x100/aweme-avatar/tos-cn-i-0813c000-ce_oQAAJBaR8ESAA7MQrgrfEF1aFDeRieIrSUs08g.jpeg?from=2064092626""]",CN,5,True,520
7618330637706988827,7618448675686155059,2026-05-10T20:21:24.632563,"我有一次打单排实验基地当老六 遇见一个大肘子 第1把他五杀剩我们两个给他6死了
第2把他6杀 又被我6死了 一点记性不长[舔屏][钱]",1773808311,7,1,1,0,0,True,False,0,,-1,977913368020075,MS4wLjABAAAA-O2mibbnqF-1QaS-F4dG_cq4D7o_AOsTltrY_Yw5ht4,念.₂₉,63652406667,"[""https://p3-pc.douyinpic.com/aweme/100x100/aweme-avatar/tos-cn-i-0813_oQjofADvCPGBZF7vTjuesAEBAIPeEQ4QAAiHEX.jpeg?from=2064092626""]",CN,5,True,520
7618330637706988827,7618451344495690545,2026-05-10T20:21:24.632563,,1773808932,257,1,24,0,0,True,False,0,,-1,3940290927526604,MS4wLjABAAAAR2x24R66wOw8uKTG-IXWazteW0xzO5Cfe2TCv9Hpqd_WQkeChe4kadwjwgPUZEwn,ㅤ     ㅤ,MI8884,"[""https://p3-pc.douyinpic.com/aweme/100x100/aweme-avatar/tos-cn-avt-0015_59d747d0814090c22a5c8019bff8af22.jpeg?from=2064092626""]",CN,5,True,520
7618373271435726121,7618532644309140283,2026-05-10T20:21:31.692912,不可能的，就算没有鸦片战争，我相信也有其它都差不多只是名字不同的战争来打破大清天朝上国的幻想的[捂脸],1773827861,85,1,4,0,0,True,False,0,,-1,4243756232743451,MS4wLjABAAAAW-Wi4Qqw9_4byCo4gJuHAIbVlI3ODEcR2W0IYJ-TqFQlLSOpTKSYwlCVoSoN0McW,RANSTOGE（球鞋）,dyifyl1hld4r,"[""https://p3-pc.douyinpic.com/aweme/100x100/aweme-avatar/tos-cn-avt-0015_60ef3684f242f5c7cfe66584d46a7c96.jpeg?from=2064092626""]",CN,5,True,97
7618373271435726121,7626707809501725503,2026-05-10T20:21:31.692912,这个叫做维多利亚3的游戏得下载，从电脑上得花65块钱买好像。,1775731292,5,1,0,0,0,True,False,0,,-1,1136244352641882,MS4wLjABAAAAgIpzcWuMsLmrVE_QZwStkIRaHpNdBnq3dND9z_pxLw7Tumxxxc-Eoy-YkhUHDHvq,(大清)账号2北方海竹,75129615289,"[""https://p3-pc.douyinpic.com/aweme/100x100/aweme-avatar/tos-cn-i-0813_ogCJECiBAWfAT4lAZ0TaAjDIJAiLHeAzJMC4Dg.jpeg?from=2064092626""]",CN,5,True,97
7618373271435726121,7633637570346697535,2026-05-10T20:21:31.692912,中华民族如果没有清朝统治几百年，早就是世界头号强国了，也不会有抗日战争，八国联军洗劫中国，清朝就是中华民族的一个罪不可赦的统治王朝,1777345182,3,1,2,0,0,True,False,0,,-1,107077817602947,MS4wLjABAAAAbSRuBYXkyH3bvvoNbF2RN0_pdaY3I997_Rt6Xu11lA4,牢玩家,24873935975,"[""https://p3-pc.douyinpic.com/aweme/100x100/aweme-avatar/tos-cn-i-0813c000-ce_oYDKfLfFAo9lnFADI5sJAf4SEfQTKI0A2MHA9C.jpeg?from=2064092626""]",CN,5,True,97
7618373271435726121,7618556351447089961,2026-05-10T20:21:31.692912,《奥地利帝国》,1773833381,18,1,3,0,0,True,False,0,,-1,102080201953,MS4wLjABAAAAqe2fZShAZ202UVzty_ZMOAuaAWekF2JCepgN-khWgOw,Mayday,43117854116,"[""https://p3-pc.douyinpic.com/aweme/100x100/aweme-avatar/tos-cn-avt-0015_c23dd3c13e7c1c994f5e575cf3ed1db9.jpeg?from=2064092626""]",CN,5,True,97
7618373271435726121,7618462284537234213,2026-05-10T20:21:31.692912,满清拿不下，他们没有那么大的格局。打下一个地区防哪个民族，从来不想着民族大融合。,1773811479,16,1,9,0,0,True,False,0,,-1,2940559921255133,MS4wLjABAAAA2WyfJNQb2vGbvE8vfBfzSrZwq4rZsYHetypcWhRXMMuRH0O05uEFoJemjwQWhUW1,H·美都烫染美学店官方号,22087805253,"[""https://p3-pc.douyinpic.com/aweme/100x100/aweme-avatar/tos-cn-avt-0015_3b47edd6aa77b3a85f73a86ae665b957.jpeg?from=2064092626""]",CN,5,True,97
7618377635499887918,7638228852355400511,2026-05-10T20:21:39.084026,[尬笑] 有多少人从微信刚上线就用上的？！是不是都获得过“附近的人”的福利？,1778414345,0,1,0,0,0,False,False,0,,-1,93145513789,MS4wLjABAAAA0chGG1AubR1Y57_JHPf3aKGDbcX0ntSUU--bcFoe8KM,往事如烟如梦,,"[""https://p3-pc.douyinpic.com/aweme/100x100/aweme-avatar/tos-cn-i-0813_0b3cb50004d544569cf64ff751cc7a62.jpeg?from=2064092626""]",CN,5,True,3390
7618377635499887918,7638232467636699955,2026-05-10T20:21:39.084026,附近功能受益者有多少人享受到了福利,1778414583,1,1,0,0,0,False,False,0,,-1,1234067214840388,MS4wLjABAAAAnxfXhv3kDa-ACRR0foN95qA5LRPUBnVsOLnCKl8F6d2yq7yTNEwhWaOVXd11JBTo,隔壁小😇王,63642843752,"[""https://p3-pc.douyinpic.com/aweme/100x100/aweme-avatar/tos-cn-i-0813_18e0d4995c4242ab9b8a7579a6fa6391.jpeg?from=2064092626""]",CN,5,True,3390
7618377635499887918,7620272026498188070,2026-05-10T20:21:39.084026,微信如果但凡晚一年上市，米聊就是今天的微信,1774233216,13,1,0,0,0,True,False,0,,-1,83012691523,MS4wLjABAAAAuCBucTDrspfdqfJopf1u0AhRY7hVk9KL21pLiD5D66w,阿文009,Afei008ZJF,"[""https://p3-pc.douyinpic.com/aweme/100x100/aweme-avatar/mosaic-legacy_3791_5070639578.jpeg?from=2064092626""]",CN,5,True,3390
7618377635499887918,7618559764470072102,2026-05-10T20:21:39.084026,其实都是多此一举，QQ一样有手机QQ，一样适配手机好用，特别有分组功能更好找人，现在微信一样复杂，什么公众号小程序朋友圈等等，最终也是一样循环,1773834176,11,1,1,0,0,True,False,0,,-1,4199740067294205,MS4wLjABAAAA9RV5Lw3P21NshzQJjvPxS8MCMYa0c0zz_dtdrI7oAz5feVDIVpbetYZEZqjh1Y38,吃粉要加辣,henghengnini79,"[""https://p3-pc.douyinpic.com/aweme/100x100/aweme-avatar/mosaic-legacy_3793_3114521287.jpeg?from=2064092626""]",CN,5,True,3390
7618377635499887918,7618616214193210163,2026-05-10T20:21:39.084026,因为腾讯有QQ的六亿用户，所以他做微信很容易就把QQ的用户引流到微信，打败米聊，米聊差的就是这一点，软件其实都一样，关键是腾讯用户多，不论是做什么软件，还有做游戏，可以轻松的把用户引流上来,1773847321,86,1,2,0,0,True,False,0,,-1,96585365883,MS4wLjABAAAATGYVqG119Ed1ZNdR5cxC-cZDZM7z8BjRNcN1LzDb6Ek,益达追剧,,"[""https://p3-pc.douyinpic.com/aweme/100x100/aweme-avatar/tos-cn-i-0813_8c8d345b18f74832ac78a908ed96df10.jpeg?from=2064092626""]",CN,5,True,3390
7618401219354053898,7619214108164735778,2026-05-10T20:22:00.130165,如果这是真的，看节目的和出演的所有人都是畜生，导演应该下地狱,1773986528,12,1,2,0,0,True,False,0,,-1,7421760761527534651,MS4wLjABAAAA-utzd4q94su9QKMxM4_X8yQM44AhMp3fij_aX8S2Y2GnLva7TWJ32Au0U9TJcWpj,🌻顺意🍁,86063109656,"[""https://p3-pc.douyinpic.com/aweme/100x100/aweme-avatar/tos-cn-i-0813c001_okDRJifYAePWpFAALJoCAkCKEyIAZEig95DATR.jpeg?from=2064092626""]",CN,5,True,172
7618401219354053898,7618627356667921195,2026-05-10T20:22:00.130165,妻子的演员也受够了应该，所以那会本来可以演其他的，但偏偏开始推销咖啡,1773849916,35,1,2,0,0,True,False,0,,-1,96516926233,MS4wLjABAAAA1sB-bMmJbB5Q0SpYZj2f0-gt33516Rj_QCo0df7jo28,682。。。,ZanNiu45431,"[""https://p3-pc.douyinpic.com/aweme/100x100/aweme-avatar/tos-cn-i-0813c001_oEBLQurzAYp7AIfgRAQHfFXeBYBPa58lEqAmMA.jpeg?from=2064092626""]",CN,5,True,172
7618401219354053898,7618445548852871945,2026-05-10T20:22:00.130165,当年看完这部电影后，一直认为“地球”不过是某外星高级生物的玩具箱，人类都是楚门之一。,1773808034,440,1,13,0,0,True,False,0,,-1,919607418829517,MS4wLjABAAAAwgqCKbcvwDf8phaDVPC3IG5S5fskyGt-LFwNaX1oprc,白丁,N8993055,"[""https://p3-pc.douyinpic.com/aweme/100x100/aweme-avatar/tos-cn-i-0813c001_oYKRuACDpCK7cTmFEAAJeAIMAA5Bf4qgT9QNHt.jpeg?from=2064092626""]",CN,5,True,172
7618401219354053898,7621110466967225097,2026-05-10T20:22:00.130165,这部电影看完，感觉世界都围绕着我转[看],1774428059,26,1,3,0,0,True,False,0,,-1,70805339587,MS4wLjABAAAA7oWRbnfNzPJE6Mo8kUgW-EnpAvLvYBt1PYZYM5LUlcA,羅密歐與豬過夜,,"[""https://p3-pc.douyinpic.com/aweme/100x100/aweme-avatar/tos-cn-i-0813c001_oMDAjNDNFABT9233A9TXACsAmeKEINAfgp9kuE.jpeg?from=2064092626""]",CN,5,True,172
7618401219354053898,7618820939438408482,2026-05-10T20:22:00.130165,第一次看这个电影感觉震惊[赞],1773894985,76,1,4,0,0,True,False,0,,-1,55447836187,MS4wLjABAAAAM5ZVlIM-ByfWWgBwU_B8a40-VLgCmqlJI4l950vJEmc,🍎月亮女神花仙子💚,,"[""https://p3-pc.douyinpic.com/aweme/100x100/aweme-avatar/tos-cn-avt-0015_d03345ff3c0072842c5768f64692a7c9.jpeg?from=2064092626""]",CN,5,True,172
7618407186049355034,7618629548561515323,2026-05-10T20:22:13.150435,对面这么阳的已经很久没见过了,1773850425,150,1,1,0,0,True,False,0,,-1,98663549328,MS4wLjABAAAAdv_k8jMQW7yuoxwXw-mteH0zJqzPq78v1J2RkrrKbPk,🌈慕枫MFY 🌈,39701201491,"[""https://p3-pc.douyinpic.com/aweme/100x100/aweme-avatar/douyin-user-image-file_31f7cb7c4dc1b1aa34e7ddb5e55c30cf.jpeg?from=2064092626""]",CN,5,True,152
7618407186049355034,7618618366659855123,2026-05-10T20:22:13.150435,终于看到有人跟我一样玩小众的健康鼬了[杀马特],1773847821,41,1,2,0,0,True,False,0,,-1,7492398289993909305,MS4wLjABAAAASa24C8yK7dxaceyeOpFxxLkqtWwAbZrJPsgjmL-auYUj9wabt9Th_q5P4UyyQMhG,蜀面阎王传说,zly111dsw111xzy,"[""https://p3-pc.douyinpic.com/aweme/100x100/aweme-avatar/tos-cn-i-0813c001_oQvLoI1aTAltw4CBATPUEDIygROA6AgiAIAAi.jpeg?from=2064092626""]",CN,5,True,152
7618407186049355034,7621029890640970534,2026-05-10T20:22:13.150435,快把分交出来[流泪][流泪][流泪][流泪][流泪][流泪][流泪],1774409298,11,1,2,0,0,True,False,0,,-1,2463375735923115,MS4wLjABAAAAAMZiPs68AMtglp25HUK6D7TTgfc-9NQ4Jduwws8osKP8eJHqXjhYOFFJsZjUx63v,自由年,86332800063,"[""https://p3-pc.douyinpic.com/aweme/100x100/aweme-avatar/tos-cn-i-0813c001_o8ERfAAReAQ8KeNUAGZtmej4eIIQLPAUMeAgcG.jpeg?from=2064092626""]",CN,5,True,152
7618407186049355034,7618452005657084687,2026-05-10T20:22:13.150435,这个目押让我想起了一个人,1773809086,17,1,1,0,0,True,False,0,,-1,1407805385082831,MS4wLjABAAAAEFg-HOvQQ5bZR-TOiUWkVNkJ7mWrWBXwJ1IVVTQeI7sAXCFeNvMYpHTCrJlBAHPI,仟陌,84647844795,"[""https://p3-pc.douyinpic.com/aweme/100x100/aweme-avatar/tos-cn-i-0813_c0f62c7da6cb412ca9adfbb8915772c0.jpeg?from=2064092626""]",CN,5,True,152
7618407186049355034,7636790590436410170,2026-05-10T20:22:13.150435,王牌对王牌[黑脸],1778078869,1,1,0,0,0,False,False,0,,-1,671151641877870,MS4wLjABAAAArkU3kRPJ_f37UfrmevoTwCP8JKV3HwBj7k2PoRvz0Ec,菩提,70647611207,"[""https://p3-pc.douyinpic.com/aweme/100x100/aweme-avatar/tos-cn-avt-0015_21b510be0ca37ae24a2a0e4faf52d19c.jpeg?from=2064092626""]",CN,5,True,152
7618427009428933894,7618459213169460026,2026-05-10T20:22:39.435121,十年前超爱 EDM ，现在年纪大了只能听 house 耳朵才不痛,1773810764,531,1,23,0,0,True,True,0,,-1,3598081807618158,MS4wLjABAAAAPL5GP58pqGQnoaOjQI3HbaWs350WEt1_sNoiVza2LtERw63SzLEfs2tLf-YyxKGC,风吹沙,24503729579,"[""https://p3-pc.douyinpic.com/aweme/100x100/aweme-avatar/tos-cn-avt-0015_da84feb013fab65a246a1e8fd3a74b3a.jpeg?from=2064092626""]",CN,10,True,788
7618427009428933894,7636367555975856945,2026-05-10T20:22:39.435121,怎么锁屏听,1777980374,1,1,3,0,0,True,False,0,,-1,1769592863597691,MS4wLjABAAAAxz4NNK8HjVAKNOe0HIHXFRoo1p04QSyAhLZ0SDZ58aESBTmlH_b0IHwt-rnUFS-k,用户5397960635596,66648570521,"[""https://p3-pc.douyinpic.com/aweme/100x100/aweme-avatar/mosaic-legacy_3795_3033762272.jpeg?from=2064092626""]",CN,10,True,788
7618427009428933894,7626727555970401064,2026-05-10T20:22:39.435121,今天刚来抖音，大家多包涵[呲牙],1775735887,0,1,0,0,0,True,False,0,,-1,7626250863573550117,MS4wLjABAAAAIggM-ZEEM_c_FZkHVtRecX9Z6L2IchyMqUskATR0gYoe36C6mavk633ceV3hle09,DJ醉雕志,53555732993,"[""https://p3-pc.douyinpic.com/aweme/100x100/aweme-avatar/tos-cn-avt-0015_eb477a725a6c1ca423169b165deec825.jpeg?from=2064092626""]",CN,10,True,788
7618427009428933894,7633776820244562739,2026-05-10T20:22:39.435121,你这个不合格啊。另一个博主到鼓点蹦蹦蹦，那个锅咔咔咔冒火还颠勺,1777377525,1,1,0,0,0,True,False,0,,-1,2544727609847835,MS4wLjABAAAA54Kus7sJPd-0sHk6KfIL-WLsxIHLeNJqSSNlCa4Q4vJDcgYnamr_ZK65nIXFCOz5,摄影·CHEN拾柒,YL588811,"[""https://p3-pc.douyinpic.com/aweme/100x100/aweme-avatar/tos-cn-i-0813c000-ce_oAV4MBniavrPABMjASj0AAINA1UAEhAOAIihV.jpeg?from=2064092626""]",CN,10,True,788
7618427009428933894,7623701856237568809,2026-05-10T20:22:39.435121,厨房迎来了一位不可能出现的客人，而碟机把这辈子的苦提前吃了,1775031727,1,1,0,0,0,True,False,0,,-1,95578192934,MS4wLjABAAAAgle5oKsPRaFAeytucBXSqyyeSbkj1oYiKRzsMaOX-4Y,惠,,"[""https://p3-pc.douyinpic.com/aweme/100x100/aweme-avatar/tos-cn-i-0813_c31711c5341f444db58820ccecf98433.jpeg?from=2064092626""]",CN,10,True,788
7618427708871347689,7618559437610976049,2026-05-10T20:22:57.914635,宋义就是泰哥[泪奔],1773834098,45,1,4,0,0,True,False,0,,-1,553743028324029,MS4wLjABAAAAsimZpfviNwlyRiyYPFt6gmADDCtPM5JHuTwrxLTc40M,城南已南,dyatfljjyrvp,"[""https://p3-pc.douyinpic.com/aweme/100x100/aweme-avatar/tos-cn-i-0813c000-ce_oopAet8qdErInAF9pEVQad3AAXA8w8fC7neDEA.jpeg?from=2064092626""]",CN,5,True,65
7618427708871347689,7618471593416786737,2026-05-10T20:22:57.914635,哦好清秀的姑娘,1773813646,231,1,5,0,0,True,False,0,,-1,1327851658285348,MS4wLjABAAAAwl1MMVLsWldgg7zgN0la-yEg1JLQtD3La7mBAzPmYDpuJJfYtZmbXEQTZjyd_jm-,奋斗的年华,haoyanzu3771,"[""https://p3-pc.douyinpic.com/aweme/100x100/aweme-avatar/tos-cn-i-0813c000-ce_o8leDubyQAsOJeYDIJA6eTAAA2L4k4eiVAVGuI.jpeg?from=2064092626""]",CN,5,True,65
7618427708871347689,7633374723346907930,2026-05-10T20:22:57.914635,好清秀的姑娘，你叫什么名字[捂脸][捂脸][捂脸],1777283552,0,1,1,0,0,True,False,0,,-1,1662094618394875,MS4wLjABAAAASj43jZ5V8UXUjMw5BobfP9UuxtmMOA1KbC7DoBUysyQ4irZqn1lEGkcWP6Tm8Asw,贝拉bella,860206aaa,"[""https://p3-pc.douyinpic.com/aweme/100x100/aweme-avatar/tos-cn-i-0813c001_oICKAmG2RFDAsAJAEpEDexfvIAszgstZADYb89.jpeg?from=2064092626""]",CN,5,True,65
7618427708871347689,7619725020583985979,2026-05-10T20:22:57.914635,唐仁那两句方言，到底是哪儿的方言啊，都没听过,1774105483,307,1,5,0,0,True,False,0,,-1,1725553966330199,MS4wLjABAAAAOfIc1ZAvpTiR3YtZR-j0c2aoaz88G3W012Faq5hsuRb7t8IrPUvjfAOFscAqw4jh,此号作废,88741396075,"[""https://p3-pc.douyinpic.com/aweme/100x100/aweme-avatar/tos-cn-i-0813c000-ce_oYMnvpOIhQIiAB25PguABAaxiAXddJAKBEGAA.jpeg?from=2064092626""]",CN,5,True,65
7618427708871347689,7633411317135377158,2026-05-10T20:22:57.914635,,1777292072,0,1,0,0,0,True,False,0,,-1,576585630222781,MS4wLjABAAAAhRGVimFIu_6dsEsyEh8rr6ohHdyV5ul3qvrDNMZRyts,秦。,22566317007,"[""https://p3-pc.douyinpic.com/aweme/100x100/aweme-avatar/tos-cn-i-0813_og2XCiBNeAALgIAQHmiEIeCA3Adgk2AM0zv80C.jpeg?from=2064092626""]",CN,5,True,65
7618429788512853883,7618646583433937702,2026-05-10T20:23:04.938782,莫灶兴，我要抓到你了[懵],1773854397,331,1,10,0,0,True,False,0,,-1,87430514140,MS4wLjABAAAA7jBYdWwchO--nrQSmnO8pRFgCuXLR_jBytn9tmz83dY,布魯斯•甘,kaidilake727,"[""https://p3-pc.douyinpic.com/aweme/100x100/aweme-avatar/tos-cn-avt-0015_c726f0ebe1b91cb695f61ce90e1d5d0a.jpeg?from=2064092626""]",CN,10,True,3259
7618429788512853883,7618969133733298993,2026-05-10T20:23:04.938782,澜沧三岔河烧烤[看],1773929489,11,1,2,0,0,True,False,0,,-1,101555322247,MS4wLjABAAAArSZwaz8sw0x1B0Mmaxh4kmODoUYRRsAU0aEfq6ydwRw,薄冰哥,Zuo719,"[""https://p3-pc.douyinpic.com/aweme/100x100/aweme-avatar/tos-cn-i-0813c000-ce_oEv00qeBABBuo1yirnieyEAsE7AkIwE5sqAeqA.jpeg?from=2064092626""]",CN,10,True,3259
7618429788512853883,7618568448708838201,2026-05-10T20:23:04.938782,村里终于通网了,1773836197,3596,1,167,0,0,True,False,0,作者,1,743733649736888,MS4wLjABAAAAwW07koWejlv_4A4DN_yZYeg42PxBbX9P9VnLEuhZpqg,小咸鱼不下饭🐟,86257808022,"[""https://p3-pc.douyinpic.com/aweme/100x100/aweme-avatar/tos-cn-avt-0015_3fb66f5436f433ffafef87a00f7914cb.jpeg?from=2064092626""]",CN,10,True,3259
7618429788512853883,7618583400841315087,2026-05-10T20:23:04.938782,不给奶茶我，我要把你照片发出来,1773839679,79,1,3,0,0,True,False,0,,-1,4191753395248072,MS4wLjABAAAAW7dXQabDR1LR1y5Dr9TG505M722H5i3ysbDZ-9-mDBqhIgk0IGqsoi3PBx9GBG27,砖家.,57160320927,"[""https://p3-pc.douyinpic.com/aweme/100x100/aweme-avatar/tos-cn-i-0813c001_o4tGXeC9DnlAFLAslgAnAokJIbhhaOADDfQAsA.jpeg?from=2064092626""]",CN,10,True,3259
7618429788512853883,7618594376964490011,2026-05-10T20:23:04.938782,这是一家云南店，鉴定完毕,1773842234,20,1,3,0,0,True,False,0,,-1,62488906672,MS4wLjABAAAAt1beych-MjM6QHix6zya5vn0pN-NN0tmsAaBd_3E0nw,下一站,,"[""https://p3-pc.douyinpic.com/aweme/100x100/aweme-avatar/tos-cn-i-0813c001_oUfAQYN9AAzAfCnEAAg8ORpiIbEClODCzAlyIA.jpeg?from=2064092626""]",CN,10,True,3259
7618435393192611123,7618805632825590568,2026-05-10T20:23:29.626315,当年要是吸收了十年孤竹，说不定一个撑杆跳直接带大明二明跑路了[流泪],1773891423,408,1,3,0,0,True,False,0,,-1,102024200888,MS4wLjABAAAAHNBitBe1IAkWX4vAZE2CYyXe8PFe5RN5bpF6nNI3h20,归与志,,"[""https://p3-pc.douyinpic.com/aweme/100x100/aweme-avatar/tos-cn-i-0813_oc7lAz2iMvEYfAr0APAIeN2iEvDCx7ACABTCgL.jpeg?from=2064092626""]",CN,5,True,763
7618435393192611123,7618479888651649849,2026-05-10T20:23:29.626315,天青右臂，泰坦左臂，给柔骨兔卸下来一来腾位置，二来复活老婆[黄脸干杯]躯干就是不能放魂骨[捂脸],1773815578,29,1,2,0,0,True,False,0,,-1,886645929028416,MS4wLjABAAAA6O4-Z7hDBrqa7bUhBHqv1Q5woEPFE0p4h2LtvtLlINk,繁忙的忙哥,76687514580,"[""https://p3-pc.douyinpic.com/aweme/100x100/aweme-avatar/tos-cn-i-0813c000-ce_oI5g7TAWQCeEBCgjJAIAO3cffT9gqFEDAQQFvB.jpeg?from=2064092626""]",CN,5,True,763
7618435393192611123,7618646667738809123,2026-05-10T20:23:29.626315,只要小三魂斗罗剥离魂骨 小三就得死 小舞就复活不了 天青泰坦就算不愿也得选择献祭,1773854414,35,1,1,0,0,True,False,0,,-1,527366809986831,MS4wLjABAAAAWYz2Nsc9FnlT0EeuHXmRKOyQMU2K5O_mwWz6jKJENss,ㅤㅤㅤㅤㅤㅤㅤㅤㅤㅤㅤㅤㅤㅤㅤㅤㅤㅤㅤ,123485.,"[""https://p3-pc.douyinpic.com/aweme/100x100/aweme-avatar/tos-cn-i-0813c001_o4CcFDfWIAEq9eAB7BzEdXwArED7AAFXT9ENAf.jpeg?from=2064092626""]",CN,5,True,763
7618435393192611123,7618805437391864611,2026-05-10T20:23:29.626315,大明二明：牢帝你说你要死要活费劲巴拉的干啥呢，上神界有那么难吗？[憨笑],1773891376,52,1,1,0,0,True,False,0,,-1,4248157324844669,MS4wLjABAAAA5wM2Q_kwprh8uEIyN5jjAkVCG0pXHVzP7AwO1SX9UDDlbU-vvK4bdJc1sBJfPJan,哈哈哈！,hahaha5391126,"[""https://p3-pc.douyinpic.com/aweme/100x100/aweme-avatar/tos-cn-i-0813c001_o8IALnoAeCdA3g9tqyQAFFEAAoDnhpArJf8lED.jpeg?from=2064092626""]",CN,5,True,763
7618435393192611123,7623713110020850490,2026-05-10T20:23:29.626315,有人说是大明二明中唐三计给唐三献祭，但我看不然，大明二明这两老小子老阴了，早就看出来唐三不是普通人，直接趁着这件事给唐三献祭，最后躺赢进了神界[钱],1775034032,17,1,0,0,0,True,False,0,,-1,3438880237814119,MS4wLjABAAAA-1Qm4xK2MsUVpnhXVRfJGfAXYfRQSvBOJ06NG9-KFkl63RhDJQxPhsqohUQ--QGH,落雪残梅绽,z3012033564,"[""https://p3-pc.douyinpic.com/aweme/100x100/aweme-avatar/tos-cn-i-0813c000-ce_oUq3R0ADfACEApBzAOUhJzIwJiedKcjA6niEEB.jpeg?from=2064092626""]",CN,5,True,763
7618445604926082310,7621989960970879787,2026-05-10T20:23:45.082180,老高与小茉不更新后 来看你们了[流泪],1774632834,8,1,1,0,0,True,False,0,,-1,4406490838605423,MS4wLjABAAAACfebU3L64HUGGNxBN2aHu9BLNTOczrwYWBUSG_-iYV3VDWAJIg0PKBDVPth7tZ8K,F先生,FL.LingJuLi,"[""https://p3-pc.douyinpic.com/aweme/100x100/aweme-avatar/tos-cn-i-0813c001_oADPAEBoQEhTBIEfVf72BEpBhyzqeAuvAQAAFS.jpeg?from=2064092626""]",CN,5,True,678
7618445604926082310,7618744376919474995,2026-05-10T20:23:45.082180,帮我问问教授，下个月养老保险还交不交？,1773877160,13,1,2,0,0,True,False,0,,-1,100395237962,MS4wLjABAAAAwUO77goxt9Es94pDvlb8Jr8s3ldr2IgqcbD_8GsPgxY,老戴快跑,,"[""https://p3-pc.douyinpic.com/aweme/100x100/aweme-avatar/tos-cn-i-0813_oMUvE5fYAIDjZbw0AAzAIKmGevygZCAAAjhiNn.jpeg?from=2064092626""]",CN,5,True,678
7618445604926082310,7619330115554444058,2026-05-10T20:23:45.082180,不带个人情绪，能提出这种假说的人，基本上不可能是中国人，我们平时教育缺少这种底层世界探索和解释的思维，太内卷于如何利用好，而不是研究世界实物的本源本质。,1774013537,4,1,1,0,0,True,False,0,,-1,103967867930,MS4wLjABAAAAepNzJCpElrx3nulwyLU8-RLvKVjh_V9fk6kKne3Manw,芦柑的味道,,"[""https://p3-pc.douyinpic.com/aweme/100x100/aweme-avatar/tos-cn-i-0813_cca9bf70f58945f792f15e444e86a49d.jpeg?from=2064092626""]",CN,5,True,678
7618445604926082310,7619871120930456372,2026-05-10T20:23:45.082180,"别拿 “世界是虚拟的” 当借口逃避现实，我就问你几句：
如果世界是虚拟的，你疼了会不会痛？饿了要不要吃？病了要不要治？
如果一切都是假的，你为什么要上班赚钱？为什么要在乎家人朋友？
真要是虚拟程序，你怎么不直接改代码、让自己一夜暴富、百病不生？
拿科幻脑洞当真理到处忽悠，本质就是不敢面对现实、只会自我麻痹。
看得见、摸得着、要负责、要努力的，才叫真实人生！",1774140455,0,1,1,0,0,True,False,0,,-1,2906753893141976,MS4wLjABAAAAmb_QcCVCPjB50Fvo3EynZ529kHLCCR25z3p6RXBMIa8y3CNyeEBckjL7z4745_o_,刘艺,2019511a,"[""https://p3-pc.douyinpic.com/aweme/100x100/aweme-avatar/tos-cn-i-0813c001_7f87314ea82e4910a967f25f8803a1e1.jpeg?from=2064092626""]",CN,5,True,678
7618445604926082310,7618989217355514633,2026-05-10T20:23:45.082180,无法证明是真，也无法证明是假。如果世界是虚拟，请在屏幕外那位大神把我的债务清零，并把我的财富改为100亿RMB，谢谢。,1773934166,13,1,3,0,0,True,False,0,,-1,111167247783,MS4wLjABAAAAPRa5eQ2UlffiI-xFtNMId9wk1FYeLfXVi2XWVzEh2ew,东哥哥,,"[""https://p3-pc.douyinpic.com/aweme/100x100/aweme-avatar/mosaic-legacy_3791_5070639578.jpeg?from=2064092626""]",CN,5,True,678
7618453674418883855,7621212886455796490,2026-05-10T20:24:10.407426,那么发达居然不禁摩，太不可思议了[捂脸],1774451905,2,1,3,0,0,True,False,0,,-1,1187885567185620,MS4wLjABAAAAd2oJDuuepoMl2UeihrpZmVrWp4RKAsnq8Lw566A5fQ3IYauPQYqBQ4zmv91q8rDq,如风、,74968673629,"[""https://p3-pc.douyinpic.com/aweme/100x100/aweme-avatar/tos-cn-i-0813c001_okJAFi3BgqACoPOifA0eAAA0EtX15iIb5O3AvN.jpeg?from=2064092626""]",CN,5,True,1093
7618453674418883855,7622835613318349619,2026-05-10T20:24:10.407426,他倒是想修，蓝战非，他得有钱啊,1774829727,0,1,0,0,0,True,False,0,,-1,101907074341,MS4wLjABAAAAG98wstaZdJrvq2_poKwIOsvVRhC4GLTNJzVeG65xW_M,游客001,,"[""https://p3-pc.douyinpic.com/aweme/100x100/aweme-avatar/tos-cn-avt-0015_86e54ffa07525e71d8bb9db60d1e63c5.jpeg?from=2064092626""]",CN,5,True,1093
7618453674418883855,7633018293159576369,2026-05-10T20:24:10.407426,胡志明待很久了，越南是我最喜欢的东南亚国家,1777200564,1,1,9,0,0,True,False,0,,-1,77986456581,MS4wLjABAAAAVOznCOn4VzRnsJjjhDmgJun2iZmXUR-UoUdG9KEvHCw,孤雁,YL00063,"[""https://p3-pc.douyinpic.com/aweme/100x100/aweme-avatar/tos-cn-avt-0015_6cc2df795251e9ebfc26c8dffb872e7d.jpeg?from=2064092626""]",CN,5,True,1093
7618453674418883855,7637935219097731855,2026-05-10T20:24:10.407426,难道当年我们没铲平胡志明市？,1778345376,0,1,0,0,0,False,False,0,,-1,3566438213489835,MS4wLjABAAAAHs6VEgYmhfFRkBv4yVH5tgRtymtHoZ-mLgucMteBTdkjLXEf4Ge7LFPVWBFnvIly,萍♥️水相逢,dyhjallb6ydi,"[""https://p3-pc.douyinpic.com/aweme/100x100/aweme-avatar/tos-cn-i-0813_0a3ca43bbd934417ad001329bf66058b.jpeg?from=2064092626""]",CN,5,True,1093
7618453674418883855,7621303496683782961,2026-05-10T20:24:10.407426,这地方出了真伟人。。。不用几年这小兄弟真的会骑到老大哥头上。。。[泣不成声][泣不成声][泣不成声],1774473006,7,1,7,0,0,True,False,0,,-1,103159811338,MS4wLjABAAAAY0fdGwrOFRDg4ET8h9GTtRsGM2Z0I0t-hZjIctmghAo,云滇严选蔬果,,"[""https://p3-pc.douyinpic.com/aweme/100x100/aweme-avatar/tos-cn-i-0813c000-ce_oQH2QIlQGKC4wFDLgIeiAVAAFLpEATJBeDe7Nb.jpeg?from=2064092626""]",CN,5,True,1093
7618466963844648234,7618838285918503720,2026-05-10T20:24:45.537899,粤圆之夜是樊振东职业生涯分水岭吧，自此以后樊振东在国乒的境况每况愈下，受到了前所未有的压制跟针对[微笑],1773899028,222,1,6,0,0,True,False,0,,-1,905629929581165,MS4wLjABAAAAFortmSl7FCnxmN5BLSRKz-9UF79F1hBqhMo3uJW_LzA,奥利逗逗飞,minxia1208,"[""https://p3-pc.douyinpic.com/aweme/100x100/aweme-avatar/tos-cn-i-0813_oQEA7lNAECeANg9UJgIAAfhAJxzpsOAgRN48PC.jpeg?from=2064092626""]",CN,5,True,296
7618466963844648234,7618574133806744335,2026-05-10T20:24:45.537899,自从粤圆之夜后，樊振东的日子就不好过了,1773837521,271,1,8,0,0,True,False,0,,-1,765700867893891,MS4wLjABAAAAYgTQX204HCKYeVbJsSVXfolLMF6dj_4w09MlawXryg4,GUF,22980918502,"[""https://p3-pc.douyinpic.com/aweme/100x100/aweme-avatar/tos-cn-i-0813_b1552631c29342688f8a48cdf204adb6.jpeg?from=2064092626""]",CN,5,True,296
7618466963844648234,7618821301176484623,2026-05-10T20:24:45.537899,没有人能赢马龙5个赛点，除非他是樊正东,1773895070,41,1,0,0,0,True,False,0,,-1,1286868990694462,MS4wLjABAAAAli1xzGmSzHljQh0_IaAA7S61iIKjLY25AQDUItpKf2SEPnjF9iZQVdzIN6nMFV_A,冰碛岩男爵,39607994873,"[""https://p3-pc.douyinpic.com/aweme/100x100/aweme-avatar/tos-cn-i-0813c001_owE7vKPBAsdCvA0IYaUIwvg5aZA1AZYiA9Gig.jpeg?from=2064092626""]",CN,5,True,296
7618466963844648234,7618721151393448761,2026-05-10T20:24:45.537899,樊振东比王楚钦才大一岁，这个解释说咋说年龄长3岁[呲牙],1773871756,34,1,8,0,0,True,False,0,,-1,96454800779,MS4wLjABAAAAF2XONxVFiv7OOhHLsbKXdkcxpChWVWJPC0bqZEExvhE,加薪,,"[""https://p3-pc.douyinpic.com/aweme/100x100/aweme-avatar/tos-cn-i-0813c000-ce_ocDEWuEmE9jAnT0CWQSDfEF9pkAFAALwAsyoIf.jpeg?from=2064092626""]",CN,5,True,296
7618466963844648234,7618763253287928625,2026-05-10T20:24:45.537899,粤圆之夜太让人感动了,1773881555,134,1,5,0,0,True,False,0,,-1,484228516292957,MS4wLjABAAAA3tss1L9v4B6iCMpK_VJpTuM-KVdbmSEjdyuj5KhlfAg,雪儿,51399356473,"[""https://p3-pc.douyinpic.com/aweme/100x100/aweme-avatar/mosaic-legacy_3795_3044413937.jpeg?from=2064092626""]",CN,5,True,296
7618511897758911779,7618530683283260223,2026-05-10T20:25:40.298674,强子做朋友没得说[赞][赞][赞],1773827405,76,1,7,0,0,True,False,0,,-1,105393100048,MS4wLjABAAAAe726-a_PlgV8mbBrajPtA-S-XASL9OTBbqRVCsh-1Wk,石灰岩,,"[""https://p3-pc.douyinpic.com/aweme/100x100/aweme-avatar/tos-cn-i-0813_oUUAAekIztJzbCRHg1D2xthEfAA9DA8NvlUvAE.jpeg?from=2064092626""]",CN,5,True,640
7618511897758911779,7621483283650396966,2026-05-10T20:25:40.298674,你那个猪太小了。,1774514862,0,1,0,0,0,True,False,0,,-1,105392786435,MS4wLjABAAAAccoRkwlJoirqvY_Hi2vtAAR3Gb3SfE3Vxbn7qseJ1_w,ℋυī✨,ZYY2020728,"[""https://p3-pc.douyinpic.com/aweme/100x100/aweme-avatar/tos-cn-i-0813c001_ogknAIi1kQ7R5vBAijAyYbZURAAAkIdvJEPc2.jpeg?from=2064092626""]",CN,5,True,640
7618511897758911779,7618535754587292465,2026-05-10T20:25:40.298674,该说不说 强子的待客之道是真没话可说，太豪气了[赞],1773828585,9,1,1,0,0,True,False,0,,-1,2774788611512478,MS4wLjABAAAAQmuKvQQehudoFGtzV9-L2YNUy7LTlSQ99INqveLRhrF4iNGCgac_8jhI8XJy7_yo,✨分币不掏✨,dygup8hlwahba,"[""https://p3-pc.douyinpic.com/aweme/100x100/aweme-avatar/tos-cn-i-0813c001_1874f4cb452d4ff4bdf5a0b63e3243ec.jpeg?from=2064092626""]",CN,5,True,640
7618511897758911779,7618568925853270810,2026-05-10T20:25:40.298674,强子为人处事没得说，大气,1773836308,43,1,8,0,0,True,False,0,,-1,4200583720343704,MS4wLjABAAAAJLh244o6-0klN0YZ4gCNDsG9570GVFde0SPRZa5mH8zgRTUzycE02yFzynDi7RaO,不爱吃饭的赵先生,43702458815,"[""https://p3-pc.douyinpic.com/aweme/100x100/aweme-avatar/tos-cn-avt-0015_7191c3d4f842bb174ac293c620257288.jpeg?from=2064092626""]",CN,5,True,640
7618511897758911779,7619233214451860281,2026-05-10T20:25:40.298674,强子的家里搞的越来越好看了。[赞],1773990975,1,1,1,0,0,True,False,0,,-1,3667580484060519,MS4wLjABAAAAXeEYW_dE3nltPw9AW1P3KUO5JI8mj2h3AHyNzWl6fPEbP28uh9EWLGJJDz0arfD0,🏃🏻‍♂️JIANG,LOVE423718728206,"[""https://p3-pc.douyinpic.com/aweme/100x100/aweme-avatar/tos-cn-i-0813c001_oAAvu2dZApAKRBWABbE5AgUDZI6giECAIsPwi.jpeg?from=2064092626""]",CN,5,True,640
7618525482442575154,7621225807977481009,2026-05-10T20:26:28.903646,好停车吗 周末准备带孩子去[比心],1774454913,97,1,18,0,0,True,False,0,,-1,104976907229,MS4wLjABAAAAZn-rCLu_ANIVtYnE0H8LABUh7a5-OOapDv8yUYzNRXQ,竟已,xc1116c,"[""https://p3-pc.douyinpic.com/aweme/100x100/aweme-avatar/tos-cn-avt-0015_c78ddf3d002feb75bf04d02d5ba2a73e.jpeg?from=2064092626""]",CN,5,True,268
7618525482442575154,7619235049292628773,2026-05-10T20:26:28.903646,时至今天，除了用卫星看，对亚马逊的地面探索只有百分之 40，太多的原始部落未被发现。,1773991403,15,1,2,0,0,True,False,0,,-1,1332220549931869,MS4wLjABAAAAFHzov4GRcyyTT6LcD-2JDeISZhd93Ylcwv2vblkbQv6JCCYLK26E0-E7nh2-TZXn,近猪者胖,dyjp4vcoywq3,"[""https://p3-pc.douyinpic.com/aweme/100x100/aweme-avatar/tos-cn-i-0813c000-ce_oIEu47ET1c5GUFGFnfCDpgAB8HJfAe6AkIA2Ej.jpeg?from=2064092626""]",CN,5,True,268
7618525482442575154,7626162373015962394,2026-05-10T20:26:28.903646,亚马逊/哀牢山/神农架 到底谁猛,1775604298,4,1,3,0,0,True,False,0,,-1,2936137490637824,MS4wLjABAAAAPdcbwcB6IwGQrwHY35LH9J1eXS_Fhx54bTQ4UNPcRtXflGsc06dLfd2Gj-13OMAa,畸笏叟,21548666816,"[""https://p3-pc.douyinpic.com/aweme/100x100/aweme-avatar/tos-cn-i-0813c001_oAoapAAKoAAOVktnC0FEgqDQAJA9iBAIEefzD2.jpeg?from=2064092626""]",CN,5,True,268
7618525482442575154,7619176220911239995,2026-05-10T20:26:28.903646,谁会想到有一天我会在抖音看自然记录片[嘿哈],1773977706,22,1,1,0,0,True,False,0,,-1,3712384491333263,MS4wLjABAAAAdJIkNnG-ELeeiI2fOk4RP7CrIuvIryki4fcTaRiISS7Z40Z56fKCncPuktokm7aA,夏冰雹夏女士,eve.xia,"[""https://p3-pc.douyinpic.com/aweme/100x100/aweme-avatar/tos-cn-i-0813c000-ce_ooEUAoNl9LGAmB6AIRIGyeeKQAISgPgfJ8XFi7.jpeg?from=2064092626""]",CN,5,True,268
7618525482442575154,7618654082911650601,2026-05-10T20:26:28.903646,佩服这些拍摄者,1773856144,39,1,6,0,0,True,False,0,,-1,95827089281,MS4wLjABAAAAppxiET1bqnaC_R0l1W028bPWRMd9lSmIlpe-zP3Wsro,宜昌信息咨询,,"[""https://p3-pc.douyinpic.com/aweme/100x100/aweme-avatar/tos-cn-i-0813_ogMQA3vIysAoBVNaeL0LB3IAfGMGeXAz7AEDGE.jpeg?from=2064092626""]",CN,5,True,268
7618526451743643246,7638185599774688019,2026-05-10T20:26:44.161676,三斤不止，起码八斤,1778403672,0,1,0,0,0,True,False,0,,-1,105685903765,MS4wLjABAAAAO19AMCFhaGQA03iiR06PRV7xUduZPmL44MIw4IxUXVo,我就是我,,"[""https://p3-pc.douyinpic.com/aweme/100x100/aweme-avatar/tos-cn-i-0813_oQwAAgiiEigcqCvk6yUiIAjIPAaFIAXBPdTZ0.jpeg?from=2064092626""]",CN,5,True,6457
7618526451743643246,7618599196116124475,2026-05-10T20:26:44.161676,我可以百分百确定，这鱼自己放的，一般这地方，早被人清光了，别问我怎么知道的，我乡下长大的[酷拽],1773843357,698,1,23,0,0,True,False,0,,-1,100452721542,MS4wLjABAAAA_g4RYfKAJ1PvKy3ZrBcNC0shRyk_3IBfb9zTbCWWSPY,淡然,,"[""https://p3-pc.douyinpic.com/aweme/100x100/aweme-avatar/tos-cn-i-0813c001_oIAHAbPTnACl8AAAbSDoq0ElkCNIefpgDu9DJA.jpeg?from=2064092626""]",CN,5,True,6457
7618526451743643246,7622327794388140857,2026-05-10T20:26:44.161676,这个，我说两句，你钓鱼归钓鱼，旁边小麦我家的，注意点儿吧[九转大肠],1774711490,244,1,19,0,0,True,False,0,,-1,110423080442,MS4wLjABAAAA72BkAMJi3PNzeRpLUXVAz0D1Lvt80R1SvNXLjzAYnbg,孤勇者,,"[""https://p3-pc.douyinpic.com/aweme/100x100/aweme-avatar/tos-cn-i-0813c000-ce_og8eAatAJAFQAmget8MeOUIPAEAHGE7ACWcBAO.jpeg?from=2064092626""]",CN,5,True,6457
7618526451743643246,7618781172798407443,2026-05-10T20:26:44.161676,年轻人不要沉迷于钓鱼摸虾，要努力学习，将来报效祖国，我来考你一个地理知识，这条河在我国的什么地方？,1773885728,5,1,0,0,0,True,False,0,,-1,59933826023,MS4wLjABAAAAtfDegypBSuDpYbbaS3JdDaVKr4wtdleh4ysehyAB5nU,🥕暖风心里吹～,,"[""https://p3-pc.douyinpic.com/aweme/100x100/aweme-avatar/tos-cn-avt-0015_835c879a98799ed601fb6c332ac493ce.jpeg?from=2064092626""]",CN,5,True,6457
7618526451743643246,7628452966030312232,2026-05-10T20:26:44.161676,求你别把我家的麦子踩啦！,1776137617,1,1,0,0,0,True,False,0,,-1,108749794551,MS4wLjABAAAAGiLywGOwXxiLCI72eRpXAnjMRnja92Z_OfcON7_4Rb8,红叶枫了,,"[""https://p3-pc.douyinpic.com/aweme/100x100/aweme-avatar/tos-cn-i-0813_oYDADkk1IEPYOvud5IaiAZBgbbi2wANvtAFAV.jpeg?from=2064092626""]",CN,5,True,6457
7618527704954064180,7618596949964964643,2026-05-10T20:26:59.290210,我在我小区见过宝马i8白的,1773842834,5,1,5,0,0,True,True,0,,-1,4292141564036904,MS4wLjABAAAA3Cf_axA6PwHwPElfQb0vai74OXIwQEIyFJlnjH352hVBJ3Jv7xZJqG09tQnqer4d,买了宝马4系就改名,84185008932,"[""https://p3-pc.douyinpic.com/aweme/100x100/aweme-avatar/tos-cn-i-0813c001_o4zeZAbaNwIANT9DAxg2EOeDLFAwAkDPn7A0CV.jpeg?from=2064092626""]",CN,5,True,209
7618527704954064180,7618786500745970484,2026-05-10T20:26:59.290210,当年去影院看碟中谍4，宝马i8直接给我惊艳到了[爱心][爱心],1773886967,1,1,1,0,0,True,True,0,,-1,98224928608,MS4wLjABAAAATMFdawFl2pHpwcmGJimkm_gj3-qSAVxvaHH654pfS_4,爱眯起眼浅笑,,"[""https://p3-pc.douyinpic.com/aweme/100x100/aweme-avatar/tos-cn-avt-0015_0f653e75da14da00e873432831444de7.jpeg?from=2064092626""]",CN,5,True,209
7618527704954064180,7619310985115108145,2026-05-10T20:26:59.290210,cls63永远活在我心里[抱紧自己],1774009082,7,1,2,0,0,True,False,0,,-1,1643125818798228,MS4wLjABAAAAm6zjnyWvl7RkJq0NlBxq7o4isevmSX9deAOIbvtKlYJiCX5Y04LhC8_juuTzE37P,苏小宝,97285005932,"[""https://p3-pc.douyinpic.com/aweme/100x100/aweme-avatar/tos-cn-i-0813c000-ce_oQfL6DJaI524HmAPneg7fQk8nMAJBGdufAIAAT.jpeg?from=2064092626""]",CN,5,True,209
7618527704954064180,7619513083660174106,2026-05-10T20:26:59.290210,我喜欢RX7,1774056137,3,1,2,0,0,True,True,0,,-1,4179699420898675,MS4wLjABAAAAX5b_k99hvz7zEyZ_3tC242NHPduoxjHsp71njd7P0K1quSSOYs4j5ronnv90_BM_,悔遇,84425190591,"[""https://p3-pc.douyinpic.com/aweme/100x100/aweme-avatar/tos-cn-i-0813_okmFB9fDaIoM7ATBTVEOHfB1fEzA8EcAFAA5QA.jpeg?from=2064092626""]",CN,5,True,209
7618527704954064180,7618543823531377417,2026-05-10T20:26:59.290210,主播，主播，怎么回事呀,1773830465,1,1,2,0,0,True,True,0,,-1,2717636793739949,MS4wLjABAAAAtPhYR5599pJFyU22OE9-nNM_ZgegkyRcdylYijF6CzsjCr1Jk1IyJn5e_rTMYDej,雨控,aw3394258,"[""https://p3-pc.douyinpic.com/aweme/100x100/aweme-avatar/tos-cn-i-0813c001_owtpAZfBDE39eL0AhUQ8C0GajClAhikAiAAtIg.jpeg?from=2064092626""]",CN,5,True,209
7618529203788565794,7624100912969548553,2026-05-10T20:27:09.082688,死亡万花筒，十日终焉，哪个好看，本人只把诡舍看完了,1775124325,1742,1,120,0,0,True,False,0,,-1,58965401606,MS4wLjABAAAAjO3T00ziTZyLZW508eNXDODuCaSFvvyJzF2JwRqEL_8,乐雾,0808hhh0808,"[""https://p3-pc.douyinpic.com/aweme/100x100/aweme-avatar/tos-cn-avt-0015_84bcd720440b0bed4a09287fcc5cfd96.jpeg?from=2064092626""]",CN,5,True,1320
7618529203788565794,7618894639735735089,2026-05-10T20:27:09.082688,萧一白多病 汝当勉励之,1773912146,1343,1,4,0,0,True,False,0,,-1,527411015333056,MS4wLjABAAAAb3sgGavo-XtjUg7b0o0-BsppQso9qTTwsrCGtspxJto,听党指挥打胜仗,Cc411ovo,"[""https://p3-pc.douyinpic.com/aweme/100x100/aweme-avatar/tos-cn-i-0813c000-ce_o0DeBiwpE60ANjABIC9ANniA7fXCTEP161AxMH.jpeg?from=2064092626""]",CN,5,True,1320
7618529203788565794,7635984360474444596,2026-05-10T20:27:09.082688,《我能嗅到鬼味》这本纯抄袭还写得稀烂，通篇流水线套路毫无新意[捂脸]。鬼怪前期渲染得无比恐怖，一遇主角就自动变弱、根本赢不了，还集体降智沦为工具人[尬笑]。主角团毫无缘由盲目信任主角[捂脸]，还像预知剧情一样次次稳赢、百分百拿捏局面[尬笑]。灵异受伤没法复原，设定逻辑漏洞百出。[捂脸]一堆人说好看我都不知道哪里好看了？强行撞鬼 → 渲染无解绝境 → 男主嗅觉要么开挂要么被鬼骗 → 强行反转一波 → 随便化解危机 → 队友无脑抱团信任 → 啥事没有全员锁血,1777891155,3,1,2,0,0,True,False,0,,-1,3328939617947019,MS4wLjABAAAAkPZ8ZEJMdWi7oM7kdCLk81qruXgSbLkpbCrzwJAlAS-3HK5CqGBcRKeexdYK_LIg,忧伤小兔头,,"[""https://p3-pc.douyinpic.com/aweme/100x100/aweme-avatar/tos-cn-i-0813_3902b9c201e74c8ba66fa74a18ebce73.jpeg?from=2064092626""]",CN,5,True,1320
7618529203788565794,7637134867075089179,2026-05-10T20:27:09.082688,，，，这不是抄袭文吗[摊手]吃点好的。原版叫我有一双鬼眼,1778159027,1,1,2,0,0,True,False,0,,-1,93307928115,MS4wLjABAAAAW3fCgggWHyUyH1OsRa2u3X9QBumhL4AYi_DadaHIavg,六合（回c）,,"[""https://p3-pc.douyinpic.com/aweme/100x100/aweme-avatar/tos-cn-i-0813c001_oEpKTB3rIANOaMAA2ATiIddA2ECegAis05Cltf.jpeg?from=2064092626""]",CN,5,True,1320
7618529203788565794,7622233164706448165,2026-05-10T20:27:09.082688,求推荐我能嗅到鬼味 我有一双鬼眼 午夜梦魇这类的小说[流泪],1774689456,16,1,5,0,0,True,False,0,,-1,66099971150,MS4wLjABAAAA-UgR4upbsdcG1FDUIdtD4xrCdpbbeongS6vav8ZRZ34,冬季,Hachiware22,"[""https://p3-pc.douyinpic.com/aweme/100x100/aweme-avatar/tos-cn-avt-0015_882466279b046cab7ffb1a115eb4ca71.jpeg?from=2064092626""]",CN,5,True,1320
7618529582966230282,7626339262619910958,2026-05-10T20:27:34.187107,@豆包 已知探知最长寿命的格陵兰鲨是不是被科学家弄死了[尬笑],1775645483,0,1,0,0,0,False,False,0,,-1,72902506077,MS4wLjABAAAAJgRmPSDu3qjMLlRmqSsDQT6MHS7UDI1FNK5KgoOcx2A,拉煤车,,"[""https://p3-pc.douyinpic.com/aweme/100x100/aweme-avatar/tos-cn-i-0813_osUXCAbhD9QAYq9HA1grIyeDfsAIAktmnlAtCq.jpeg?from=2064092626""]",CN,5,True,56
7618529582966230282,7638127068257993515,2026-05-10T20:27:34.187107,短寿快速繁殖是人类弱小时适应环境导致的,1778390044,0,1,0,0,0,False,False,0,,-1,2373192231435658,MS4wLjABAAAAww7_MK7_Fb1Cx7F-qjr1IdmPer4DGyplVhK49D3cZD1LOm-v5RNQvX-Vi5H1FjhR,浪浪山二大王ᓚᘏᗢ,77829542460,"[""https://p3-pc.douyinpic.com/aweme/100x100/aweme-avatar/mosaic-legacy_3795_3047680722.jpeg?from=2064092626""]",CN,5,True,56
7618529582966230282,7618806506176070457,2026-05-10T20:27:34.187107,极慢的新陈代谢，才是长寿的最终答案[灵机一动],1773891625,31,1,8,0,0,True,False,0,,-1,72690261925,MS4wLjABAAAAkuWCm3JQsc50r-_0l5vkHFdB-HdV9XSoImiW_7PsMG0,Uncle Dan Dan,csxb0474,"[""https://p3-pc.douyinpic.com/aweme/100x100/aweme-avatar/tos-cn-i-0813c001_oQn4ADWAsQey9eABBE1bDFMznVAGE7AoLKIfAB.jpeg?from=2064092626""]",CN,5,True,56
7618529582966230282,7618889953275380529,2026-05-10T20:27:34.187107,龟和格林兰鲨证明了，长寿在于不运动[看],1773911053,12,1,0,0,0,True,False,0,,-1,2639273602063085,MS4wLjABAAAAKZVUhO9MN0tEPqCe5rMyT9hU1pLUJEBnZL-uOFP9jBp1B5D0zQbLanPf_CbYFpcn,丶一人人十,56087959197,"[""https://p3-pc.douyinpic.com/aweme/100x100/aweme-avatar/douyin-user-image-file_70f3ac36232e1a90ab45981a26744453.jpeg?from=2064092626""]",CN,5,True,56
7618529582966230282,7620071810944418597,2026-05-10T20:27:34.187107,四百才性成熟[捂脸]然后发现最大才五百[捂脸]这不是没成熟大部分都死了,1774186226,2,1,0,0,0,True,False,0,,-1,104370212556,MS4wLjABAAAAvTkIhrp1a20D0fnaNOXXs6ScaRsjVsklVVfmHhvYsfc,传说,,"[""https://p3-pc.douyinpic.com/aweme/100x100/aweme-avatar/tos-cn-i-0813c000-ce_o8wJAxeEW1IMcA2TAnAQ7bzFnfFeFrBQJD8FgB.jpeg?from=2064092626""]",CN,5,True,56
7618532556698453641,7626641622616998692,2026-05-10T20:27:42.909050,,1775716481,0,1,1,0,0,True,False,0,,-1,106043362154,MS4wLjABAAAAY528U4kJuiFxs2uCGFNa8GuyMiyTb3Sw3aQ-6BgTgPM,煜成,,"[""https://p3-pc.douyinpic.com/aweme/100x100/aweme-avatar/tos-cn-i-c9aec8xkvj_40818e1408c34acba5a0c39abbc5f330.jpeg?from=2064092626""]",CN,5,True,1736
7618532556698453641,7618540826336330522,2026-05-10T20:27:42.909050,栗子你一天大概能打多少局啊,1773829766,12,1,1,0,0,True,False,0,,-1,60171627840,MS4wLjABAAAA4a-Np666PgbLi_fhZtPR6kG9zl02he4Sqdub3VcX-9A,去码头搞点薯条,19971115ya,"[""https://p3-pc.douyinpic.com/aweme/100x100/aweme-avatar/tos-cn-i-0813_osC6A7l6SiDAAA3AE0iB9ifTIAkkgcWqANWUhe.jpeg?from=2064092626""]",CN,5,True,1736
7618532556698453641,7619548802731279162,2026-05-10T20:27:42.909050,到底怎么才能打项羽,1774064454,579,1,82,0,0,True,False,0,,-1,7618732790670378021,MS4wLjABAAAASpL0FEyuw6uR_h2uoKngrwC8ngSRcsdXAcRqDWEwOfqkJ43BSx7sWIxNSTqcmhZG,用户2204779344373,64752469504,"[""https://p3-pc.douyinpic.com/aweme/100x100/aweme-avatar/aweme_default_avatar.png.jpeg?from=2064092626""]",CN,5,True,1736
7618532556698453641,7618813469982999345,2026-05-10T20:27:42.909050,知道了，玩项羽的口诀，破釜沉舟要用美声[看][看],1773893246,265,1,15,0,0,True,False,0,,-1,7550530296934155324,MS4wLjABAAAAuexPakd-wl7u_83bYBVv9D-efYWDyr9OMrMQI_4CzVeNXhxO2ag-9LSS5GDrIuIm,沉谜于美色,35562890165,"[""https://p3-pc.douyinpic.com/aweme/100x100/aweme-avatar/tos-cn-i-0813c000-ce_o0l5I6wIEiDAueIFQREpCpAKzAGE9AAAEhqMff.jpeg?from=2064092626""]",CN,5,True,1736
7618532556698453641,7618787544243553039,2026-05-10T20:27:42.909050,反正谁来我都亚瑟，打不死他我就打他队友[捂脸],1773887211,238,1,31,0,0,True,False,0,,-1,55542614073,MS4wLjABAAAAWvgWfWHMWbZkK06M-8v0CH_4eeh1JIJUfocUO5Kjj8o,断了线的风筝,fengzi254,"[""https://p3-pc.douyinpic.com/aweme/100x100/aweme-avatar/tos-cn-i-0813_okIeDN0AzGtjlUOWBAEI56iD4AACYgfwiYAAFa.jpeg?from=2064092626""]",CN,5,True,1736
7618532809552242083,7627154992852566827,2026-05-10T20:27:48.496857,这简直跟我画的一模一样，甚至比我画的还好一点。[流泪][流泪][流泪][流泪][流泪],1775835410,23,1,1,0,0,True,False,0,,-1,111108240020,MS4wLjABAAAAwP3s8zEexwHVSmFHarSDH9YAtBO8_jtkhVkxFbo-UgQ,青青河畔草.,,"[""https://p3-pc.douyinpic.com/aweme/100x100/aweme-avatar/tos-cn-i-0813c001_ooEXA1X4sLDAJBaAETIGEkeBIAU8AyefBEwL27.jpeg?from=2064092626""]",CN,10,True,2857
7618532809552242083,7620018240614810426,2026-05-10T20:27:48.496857,我一直认为化妆只是为了让自己看起来更有气色得体 但是现在因为互联网 大家总是说什么你是无效化妆 我觉得这个想法就是不对,1774173754,2584,1,16,0,0,True,False,0,,-1,499591664646188,MS4wLjABAAAA_cIcUMAj55_3CdfYxHTiNd0-Z1GyV2RMAgGubtZu6yw,油里尤🫗,95852229326,"[""https://p3-pc.douyinpic.com/aweme/100x100/aweme-avatar/tos-cn-avt-0015_224d30df705aaee51d7ff0c96a058119.jpeg?from=2064092626""]",CN,10,True,2857
7618532809552242083,7619015853492798243,2026-05-10T20:27:48.496857,新手第一步是都不知道要买什么[宕机][黑脸],1773940370,20120,1,95,0,0,True,True,0,,-1,83916458735,MS4wLjABAAAA8YDF3HAhVBYGNqlp-E2nNkekSI1ZkFiF6U6TIowmLqE,例,,"[""https://p3-pc.douyinpic.com/aweme/100x100/aweme-avatar/tos-cn-avt-0015_385d5ebbca54700f5d2f748cf18609a4.jpeg?from=2064092626""]",CN,10,True,2857
7618532809552242083,7637716689979540283,2026-05-10T20:27:48.496857,给个建议，这个画的好看吗,1778294495,3,1,2,0,0,True,False,0,,-1,3194561608821300,MS4wLjABAAAAYY0NcDMWcpMVG6fmNa03fEh3AB0rQeFLwdDoj2tcBRPceS9J745Xb3WZVzI2pZLE,雲雲,80864727628,"[""https://p3-pc.douyinpic.com/aweme/100x100/aweme-avatar/tos-cn-i-0813c000-ce_oYIA7T8BfEaA1g7VksQAHFEJDQD4OfAcKfWTa8.jpeg?from=2064092626""]",CN,10,True,2857
7618532809552242083,7635684473279906597,2026-05-10T20:27:48.496857,姐妹们我这个化的咋样,1777821332,3,1,1,0,0,True,False,0,,-1,1634296772694483,MS4wLjABAAAA5IDtl7RJ3WU9ee96YGWBow3rNrRp3aqBdOR7siIlD93aVVYN7kN7u41MkTQgIYv0,富贵小汐,33059512094,"[""https://p3-pc.douyinpic.com/aweme/100x100/aweme-avatar/tos-cn-i-0813_oYHIizaAAYqKDiivgIAAdwQB8gccPvE0AIAAi.jpeg?from=2064092626""]",CN,10,True,2857
7618548917018310331,7618752023857644328,2026-05-10T20:28:06.899143,"开局    老板：我点的万金泪冠单，你怎么开航天？

           打手：[裂开]
局内   打手[看] 
           老板[裂开]",1773878943,777,1,3,0,0,True,False,0,,-1,2686845296849415,MS4wLjABAAAAKTfN7plgXk6xdEWSZ_i9venN0YQZqgu-s6LUmTuo_SxY28ZaEFbsxP1lU01scFIs,斜角,14725pp,"[""https://p3-pc.douyinpic.com/aweme/100x100/aweme-avatar/tos-cn-i-0813_oMRAIBAL6EAPC7AAY4Bcf8I8Lf5dGeNEa4bPj5.jpeg?from=2064092626""]",CN,5,True,165
7618548917018310331,7619282428733244217,2026-05-10T20:28:06.899143,找大哥，认大哥，大哥死了认二哥，带着二哥吃大哥,1774002434,523,1,5,0,0,True,False,0,,-1,2199453887109479,MS4wLjABAAAAU4SQRsYlocq0okc-ZIhcGCenl7WBfz17HY6gY7aJik5XyBtW2DfWsY4QuvVzNwKZ,大傻春,dy13xlekyshgn,"[""https://p3-pc.douyinpic.com/aweme/100x100/aweme-avatar/tos-cn-i-0813_530d74d0cff343dfa3736f8c2e67a138.jpeg?from=2064092626""]",CN,5,True,165
7618548917018310331,7619470480408675113,2026-05-10T20:28:06.899143,你知道为什么吗[黑脸]那不是护航，那是我哥和我哥的朋友[黑脸],1774046225,39,1,4,0,0,True,False,0,,-1,3677202414051864,MS4wLjABAAAASvjizA0iWQ15nURiqz1lJhRzzr_sVoutd4Hn3qvNEF6LlLjH_LRJuOb_Vo3CCAd8,元海棠,24837630611,"[""https://p3-pc.douyinpic.com/aweme/100x100/aweme-avatar/tos-cn-i-0813_oIi1rA70yAQbAlZAi1ggCeGCDNUfItYAAYlgEB.jpeg?from=2064092626""]",CN,5,True,165
7618548917018310331,7625348578077426458,2026-05-10T20:28:06.899143,这仨大红没有五百万都回不了本，而且还有个六头。,1775416367,67,1,2,0,0,True,False,0,,-1,72511587438,MS4wLjABAAAAr55QsDAiX5NY415kkiOCNUECoPKkQg1HZE1XzR1I4jE,友利奈绪,shijiu49,"[""https://p3-pc.douyinpic.com/aweme/100x100/aweme-avatar/tos-cn-i-0813c000-ce_o8MnPnIIhaziAVizPlZpDAa7iAD347ARBEDAA.jpeg?from=2064092626""]",CN,5,True,165
7618548917018310331,7627772722676679483,2026-05-10T20:28:06.899143,破产大兵请求help[抱抱你],1775979235,1,1,0,0,0,True,False,0,,-1,1324245757473283,MS4wLjABAAAAgckxdmVQl-JpqZWmRvFZQYSlUlBfl2bCwHn0N14Cv0nGs_VJT7xAXSX0SD08cs2i,墨默,67184246793,"[""https://p3-pc.douyinpic.com/aweme/100x100/aweme-avatar/tos-cn-i-0813c000-ce_oYAOsBPEAv9vAQwIwEFoAJFDw2eRAErefxpAdj.jpeg?from=2064092626""]",CN,5,True,165
7618553026765410490,7618840569766757179,2026-05-10T20:28:21.549555,我也弄了一个和你差不多的溪流缸 就是鱼没选对 养的吉罗 造景花了我一整天  被吉罗10分钟就给我嚯嚯了[捂脸][大笑][大笑],1773899556,2,1,4,0,0,True,False,0,,-1,102589159734,MS4wLjABAAAAASZ2S-AW18qUpU0GB7dJOs1i25c9g5bn1d7X6NdV1Lg,奶酪小新⛽,,"[""https://p3-pc.douyinpic.com/aweme/100x100/aweme-avatar/tos-cn-i-0813c000-ce_o0aQJAD0wEhP94IARMUipxhwBPWtAAicAQlAl.jpeg?from=2064092626""]",CN,10,True,215
7618553026765410490,7623019737731105546,2026-05-10T20:28:21.549555,选择无管件溪流缸还是直角溢流溪流缸,1774872593,0,1,1,0,0,True,False,0,,-1,68814382349,MS4wLjABAAAAZdsFsUuACqk_-BZU2dX135zU163MGt-M-lRQWaaqpQM,🌈吃草,chensong4933,"[""https://p3-pc.douyinpic.com/aweme/100x100/aweme-avatar/tos-cn-avt-0015_3cd33a809fb11ba79fdec8ece4d7828b.jpeg?from=2064092626""]",CN,10,True,215
7618553026765410490,7635054245296767781,2026-05-10T20:28:21.549555,寒江孤影，江湖故人，相逢何必曾相识……,1777674597,2,1,0,0,0,False,False,0,,-1,104068743987,MS4wLjABAAAAF5cMxwBto_Qhf68fgljTj6ugCbW_rSqVhvXV1Kgrhk4,On the earthly scale,,"[""https://p3-pc.douyinpic.com/aweme/100x100/aweme-avatar/tos-cn-i-0813_f237fd44e1714d329df57c3a181643e6.jpeg?from=2064092626""]",CN,10,True,215
7618553026765410490,7620638396285436709,2026-05-10T20:28:21.549555,,1774318146,2,1,1,0,0,True,False,0,,-1,99901234813,MS4wLjABAAAALPtJMqTqXwiDTEQ7GrSs1LCw8NpgZc9ydHo_eEMqV-4,政行天下,fxl15659657772,"[""https://p3-pc.douyinpic.com/aweme/100x100/aweme-avatar/tos-cn-avt-0015_88faabd6490bf420b0a358dc2f27ce71.jpeg?from=2064092626""]",CN,10,True,215
7618553026765410490,7625632685327008561,2026-05-10T20:28:21.549555,只养虾虎行不行？,1775480967,0,1,1,0,0,True,False,0,,-1,61997240291448,MS4wLjABAAAAnqjQcCJy91SS2ovTqyh97OYBSZrMwPiMXKIXSBvQ6Vw,Tony,31797239403,"[""https://p3-pc.douyinpic.com/aweme/100x100/aweme-avatar/tos-cn-avt-0015_af7745d560972de9a5c221fcd73b1b6f.jpeg?from=2064092626""]",CN,10,True,215
7618553435448691983,7618948630179267380,2026-05-10T20:28:28.501925,04年的电影，特效居然这么牛[捂脸],1773924715,47593,1,202,0,0,True,True,0,,-1,95948492080,MS4wLjABAAAA3ESnWYYl4KAGcAGss37dr9p8ZjDkqz8cAFN5bWz3W6k,你们不要再闹了好吗,qixiaoyu5526,"[""https://p3-pc.douyinpic.com/aweme/100x100/aweme-avatar/tos-cn-i-0813_o8dBg3DAAIpAFDh9lDfC9ML20nEtzcAfAEAyTE.jpeg?from=2064092626""]",CN,5,True,6552
7618553435448691983,7626585266047763249,2026-05-10T20:28:28.501925,老式机器人长得这么呆萌还这么忠诚……保护人类的样子好感人[流泪]哭的稀里哗啦,1775702758,7604,1,32,0,0,True,False,0,,-1,76577472784,MS4wLjABAAAAlpNJ8EDR_jSogeyYoSf9HatPq2au8GNhCoomLVveKNQ,今天也要开心呀,xsdf88888,"[""https://p3-pc.douyinpic.com/aweme/100x100/aweme-avatar/tos-cn-avt-0015_bd0ab9371d4e740b548a47dc855211ff.jpeg?from=2064092626""]",CN,5,True,6552
7618553435448691983,7625361035378180921,2026-05-10T20:28:28.501925,我昨天刚跟老公聊，现在的机器人好像还在致敬过去的美国科幻片，坚持要做成人形，不知道在坚持什么[微笑]我需要的机器人真不是多像真人，我只需要他们帮我做危险、辛苦的工作,1775417728,588,1,7,0,0,True,False,0,,-1,2911106390564702,MS4wLjABAAAAaavCalmPhfP5ns-AFndHR7kjKbTnr4OaIHmGJBknnCZzPPGL2rjtshOi1afupM1V,糖糖 马琪朵,ttmqd,"[""https://p3-pc.douyinpic.com/aweme/100x100/aweme-avatar/tos-cn-i-0813c001_oEhAyKAiigACEB16BIpIZsAiEABACJGLvgIAP.jpeg?from=2064092626""]",CN,5,True,6552
7618553435448691983,7624870820599251754,2026-05-10T20:28:28.501925,原著小说是阿西莫夫1950年写的，太超前了[泪奔],1775303583,25550,1,336,0,0,True,False,0,,-1,68833258268,MS4wLjABAAAA1uJQ1EAvkP-UJtOXvXY72DiWqZYg_PB3sKK9hPVSEX4,Roskin,,"[""https://p3-pc.douyinpic.com/aweme/100x100/aweme-avatar/tos-cn-avt-0015_49a21c9e0422a79ee53c987f9230f9a0.jpeg?from=2064092626""]",CN,5,True,6552
7618553435448691983,7622433839684191025,2026-05-10T20:28:28.501925,主角给桑尼信任的表情，但是桑尼没回复 加上最后机器人墓场的画面，细思极恐[黑脸][黑脸],1774736181,891,1,7,0,0,True,False,0,,-1,83844891869,MS4wLjABAAAAZotS_FwwrtdACccvKlF8YvPssUHLjttpdjgK4gqib44,芒果大王,,"[""https://p3-pc.douyinpic.com/aweme/100x100/aweme-avatar/tos-cn-i-0813c001_okbtlmsAI9PADBQ5AAvO5Ii7jZi7vTyAEbAAP.jpeg?from=2064092626""]",CN,5,True,6552
7618557178110070052,7619901770676503354,2026-05-10T20:29:00.312599,视频：,1774146636,35,1,0,0,0,True,False,0,,-1,7611034036530709561,MS4wLjABAAAAJdIkxKwhaF8L8ttky2ab1TKtuHK2I04CJISF3_zKyTdzrDKeXuKqT-kHTdXp_WG2,劈叉的诚实护理,60564560707,"[""https://p3-pc.douyinpic.com/aweme/100x100/aweme-avatar/mosaic-legacy_3795_3033762272.jpeg?from=2064092626""]",CN,10,True,1475
7618557178110070052,7637111650541765425,2026-05-10T20:29:00.312599,这不是杨掌柜的山椒肥牛的高人拉面吗[微笑],1778153622,1,1,0,0,0,False,False,0,,-1,1213452844544119,MS4wLjABAAAAEg9bpogwBx1Yk04zf3PUFbB9G-dAJICksgAazQSkvzGrCfv3oef55CwrXRiXeNMp,老实人.,bobuxing2947,"[""https://p3-pc.douyinpic.com/aweme/100x100/aweme-avatar/tos-cn-i-0813c000-ce_oQiR4B7iIAeSqyAA4EIiZBEAVEDewAiY0aE4Tf.jpeg?from=2064092626""]",CN,10,True,1475
7618557178110070052,7620310938088211206,2026-05-10T20:29:00.312599,这不是杨掌柜的高人拉面吗，什么时候成日本零食了,1774241904,99,1,6,0,0,True,False,0,,-1,598552996749559,MS4wLjABAAAAPhyk7ui4SwA-zPJre0A0CSkf_Zj7rXakR5duq-ur-Sw,单抽出奇迹真君,dye8zd0pa3af,"[""https://p3-pc.douyinpic.com/aweme/100x100/aweme-avatar/tos-cn-i-0813_oYjycaiIP2cBiABiLAB56wIKTAgAdAuVPQAKE.jpeg?from=2064092626""]",CN,10,True,1475
7618557178110070052,7636021973353808680,2026-05-10T20:29:00.312599,麻辣江湖杨掌柜成日式拉面了？,1777900273,3,1,1,0,0,True,False,0,,-1,2300595445971710,MS4wLjABAAAArg6XXvlIM94ZTG_j1e3Alux-9Lh1tCsv8GClC_z5t5C3CmllIrp2YZaL6mR9E3hv,青 是 笑 忘 书,47441740715,"[""https://p3-pc.douyinpic.com/aweme/100x100/aweme-avatar/tos-cn-avt-0015_b4f46c8599aef51c7587a4e4f33f6312.jpeg?from=2064092626""]",CN,10,True,1475
7618557178110070052,7618971682766439194,2026-05-10T20:29:00.312599,如何逼疯一个中国人。                                                  就是吃虾片放在水里煮。[微笑],1773930083,271,1,6,0,0,True,False,0,,-1,1416614467610478,MS4wLjABAAAAIKeQUB5912IrCl3xFApPPTaNMkcMeoT2llhCuC1nXne8lUoZGBCIVlaJuZLyo7zu,“悦禾%”,49947414698,"[""https://p3-pc.douyinpic.com/aweme/100x100/aweme-avatar/tos-cn-avt-0015_c3261599beb6f27dad36f4c7e063faf4.jpeg?from=2064092626""]",CN,10,True,1475
7618571788859051304,7618979124845216561,2026-05-10T20:29:15.481403,《战争子午线》貌似是10换一还是12换一……,1773931815,1,1,1,0,0,True,False,0,,-1,3545256187932684,MS4wLjABAAAAIutW3DRvsX58qhmJc5hjULlO9Zi2cHxszEU5Cx8lZZEgnB5qfh19YYZ_eWfKZr_c,JOYOFOR,24694747058,"[""https://p3-pc.douyinpic.com/aweme/100x100/aweme-avatar/mosaic-legacy_3797_2889309425.jpeg?from=2064092626""]",CN,5,True,734
7618571788859051304,7619172643786228517,2026-05-10T20:29:15.481403,谁还记得 血战钢锯岭[奸笑],1773976872,7,1,2,0,0,True,False,0,,-1,96595024658,MS4wLjABAAAAIfNQJNgR3UIb1qt_b5lKiBUwYEyLTHerBrAXDv8G8yM,Vapple 周,,"[""https://p3-pc.douyinpic.com/aweme/100x100/aweme-avatar/mosaic-legacy_2f1790002147acef10d82.jpeg?from=2064092626""]",CN,5,True,734
7618571788859051304,7618817999298609971,2026-05-10T20:29:15.481403,同年的《莎翁情史》到现在都没看过，也没人推荐[捂脸],1773894302,5,1,1,0,0,True,True,0,,-1,3394912115243831,MS4wLjABAAAAFljhRJgCb49xZy9VXlo56dgVR4idtKS903bn5VPLVoKLBtX5saY-YpPx8GFEAavR,以青春之名,huixiaodeyu689,"[""https://p3-pc.douyinpic.com/aweme/100x100/aweme-avatar/tos-cn-i-0813_o00AAKmINL6nMC4Qg7CrUbDSeAA9AADKtbieAE.jpeg?from=2064092626""]",CN,5,True,734
7618571788859051304,7619203768391254834,2026-05-10T20:29:15.481403,当年玩《荣誉勋章》，海滩这段我过了一个小时[捂脸],1773984120,2,1,2,0,0,True,True,0,,-1,2352571053770612,MS4wLjABAAAADG-xJqZB8zpFgoD_qrXepbtXW0iGiy8KP5CLa_nSEt7dX7EbFpjDXWDPHJSoXuT9,心302,xin30230628,"[""https://p3-pc.douyinpic.com/aweme/100x100/aweme-avatar/tos-cn-i-0813c001_o4J6uI0hZcRm4Cj8AAwAQCDoPylniPAEBA2iI.jpeg?from=2064092626""]",CN,5,True,734
7618571788859051304,7619127611398816569,2026-05-10T20:29:15.481403,不是拯救马特达蒙么[宕机],1773966389,2,1,1,0,0,True,False,0,,-1,55545037384,MS4wLjABAAAAYv1clQLaVlAEq_JtuSAgHb9cfnXpDUNCRysVDt2o8kw,虚头巴脑,,"[""https://p3-pc.douyinpic.com/aweme/100x100/aweme-avatar/tos-cn-avt-0015_43cf7f8f405375dce7f9b62cd6344526.jpeg?from=2064092626""]",CN,5,True,734
7618583858002407912,7637922034077696783,2026-05-10T20:29:51.054360,两家公司资本家都不是好东西，就凭这个女的说什么？把公司外包，辣条是三方劳务派遣吗？只是这个动画片有些东西很现实,1778342308,0,1,0,0,0,False,False,0,,-1,100718755783,MS4wLjABAAAA9Eb-JH26O4C1QqVwX3_5rmClPLySBBbdZiQ7q79_f38,看透人性,wuliaojimo18,"[""https://p3-pc.douyinpic.com/aweme/100x100/aweme-avatar/tos-cn-i-0813c000-ce_oMAVAP5cBEB0iAjAewi8HqEPOEeIF5vw0jeVhA.jpeg?from=2064092626""]",CN,5,True,145
7618583858002407912,7618589029274338088,2026-05-10T20:29:51.054360,最近我的剧被搬运到宏裹了，一直在处理，所以更新有点慢，受宏裹搬运影响，我的剧视频被封了好几个，所以发一个合集，把剧情接上[杀马特][杀马特][杀马特],1773840989,6,1,3,0,0,True,False,0,作者,1,4461149512808019,MS4wLjABAAAAqX3B7JKzNQ1NS1Xy0cuqy_VXzTz-7NW1XbQCajV7Q4lzMZEY58LbWyeuaU4C96wP,阿龙动漫剧场,33747061030,"[""https://p3-pc.douyinpic.com/aweme/100x100/aweme-avatar/tos-cn-i-0813c000-ce_oU6AsFIcefGA7wgv30AFLJTJeKOAHSgBm4Qj6g.jpeg?from=2064092626""]",CN,5,True,145
7618583858002407912,7621077305310528298,2026-05-10T20:29:51.054360,大师一下子坐前排，一下子坐后排，牛啊。功夫练得不好吗,1774420339,6,1,2,0,0,True,False,0,,-1,75987811845,MS4wLjABAAAAjq794NEhk-GDxD09lLEFEcIJ7helm-1Ed4JVNOV1fvo,@@（西少）,,"[""https://p3-pc.douyinpic.com/aweme/100x100/aweme-avatar/tos-cn-i-0813c001_owCElZbwEf1ACpiC1K2DfAr9cNAFAAmgACInIO.jpeg?from=2064092626""]",CN,5,True,145
7618583858002407912,7618751214032880399,2026-05-10T20:29:51.054360,大师会瞬移了都，一会主驾，一会副驾，一会后排，这个小伙儿肉眼都看不出来,1773878751,108,1,7,0,0,True,False,0,,-1,111558808173,MS4wLjABAAAA_MbsYEPTmEF4tN_vX1ziatsCgikwGY-sAgA_EkTl5xI,本帅天下无双,,"[""https://p3-pc.douyinpic.com/aweme/100x100/aweme-avatar/tos-cn-avt-0015_c134a78c5857d5e99d287e3ff1c645f4.jpeg?from=2064092626""]",CN,5,True,145
7618583858002407912,7637921147031880483,2026-05-10T20:29:51.054360,这些资本家没那个是好东西,1778342099,0,1,0,0,0,True,False,0,,-1,100718755783,MS4wLjABAAAA9Eb-JH26O4C1QqVwX3_5rmClPLySBBbdZiQ7q79_f38,看透人性,wuliaojimo18,"[""https://p3-pc.douyinpic.com/aweme/100x100/aweme-avatar/tos-cn-i-0813c000-ce_oMAVAP5cBEB0iAjAewi8HqEPOEeIF5vw0jeVhA.jpeg?from=2064092626""]",CN,5,True,145
7618603191910911273,7621034427313095467,2026-05-10T20:30:20.985032,幸好被星探发掘进了娱乐圈。谁要是谈上他我真的会崩溃的。,1774410352,32017,1,184,0,0,True,False,0,,-1,63657028285,MS4wLjABAAAAkcFu8dsaos_rCESsjxrQKGwIooTjY47AgpFYjbP4Q4U,锅锅儿,,"[""https://p3-pc.douyinpic.com/aweme/100x100/aweme-avatar/tos-cn-avt-0015_6d593bcb2afd27d4f4ae1127377877c8.jpeg?from=2064092626""]",CN,10,True,5715
7618603191910911273,7620637479033586486,2026-05-10T20:30:20.985032,每天睡醒打开手机就这么盯着你[戳手手],1774317934,11008,1,156,0,0,True,False,0,,-1,3736582218855225,MS4wLjABAAAAHHJl1tOI0C_DrqRBrVj34c-1D32y95fP4-hi8eONDT-UEcZbYTvPPD5PAvxy3OZu,伤心鱼丸🍥,L_FOVik_SJ_030,"[""https://p3-pc.douyinpic.com/aweme/100x100/aweme-avatar/tos-cn-i-0813c001_o8fuA4ZEWfEz8AzTAzAI7svFDfD4v9BEBD7EAE.jpeg?from=2064092626""]",CN,10,True,5715
7618603191910911273,7621410078406738722,2026-05-10T20:30:20.985032,台下经纪人：,1774497817,16901,1,65,0,0,True,False,0,,-1,7577764325735580709,MS4wLjABAAAA_y5DRDsGvlEMpE9lppUepoBeTzqng-CivOFpAJZLSNLifX7W9u8pTe1hj2Wxu8Mx,是敏敏呀,29557682087,"[""https://p3-pc.douyinpic.com/aweme/100x100/aweme-avatar/tos-cn-i-0813c001_oAIAvTeBXE0AeA70btQAFLIBKQGGIbAdOe4HoE.jpeg?from=2064092626""]",CN,10,True,5715
7618603191910911273,7618977444758979347,2026-05-10T20:30:20.985032,已经不是一个帅字能形容的[泣不成声],1773931425,464,1,11,0,0,True,False,0,,-1,57028423961,MS4wLjABAAAA8snwwEQsV9H1aSiu9C6sNObryMEUYrr-F2BK435Wz-Y,核桃糕,20180914GM,"[""https://p3-pc.douyinpic.com/aweme/100x100/aweme-avatar/tos-cn-avt-0015_867946a43489be159026c6d2e360a486.jpeg?from=2064092626""]",CN,10,True,5715
7618603191910911273,7619214161462477602,2026-05-10T20:30:20.985032,难道这就是那个算命先生说二六年会出现的世纪明星,1773986542,3015,1,21,0,0,True,False,0,,-1,61175153500,MS4wLjABAAAAcIqbZq1wdmf9c_6B6xK3fiHryXWELismOJ6Egg1Hd7E,LU炏,karry9954,"[""https://p3-pc.douyinpic.com/aweme/100x100/aweme-avatar/tos-cn-avt-0015_4a4c33e62d2d3ccdf1933b0a5d47c974.jpeg?from=2064092626""]",CN,10,True,5715
7618614899668700425,7619144029809656639,2026-05-10T20:30:52.123808,这小子要是不打假球的话必然出类拔碎,1773970214,9,1,0,0,0,True,False,0,,-1,1858622713246336,MS4wLjABAAAAcdORPlxsVKINqkpU5Um1Hg6VQ_VYzJtLLBNGCTdi_eDFvAGGcgUuRijhmPjEgVLe,挥洒自如,956104157a,"[""https://p3-pc.douyinpic.com/aweme/100x100/aweme-avatar/tos-cn-i-0813_o4AkgTA9AaihE8jAhPJgtxi3IxYPZaCPAABIM.jpeg?from=2064092626""]",CN,5,True,26
7618614899668700425,7626142693992088379,2026-05-10T20:30:52.123808,奥沙利文怎么了？咋啥都要把奥沙利文提出来说,1775599719,2,1,1,0,0,True,False,0,,-1,65692243365,MS4wLjABAAAA0ZGipSRj7lWuDaQM3fgOFVeckyGepqp5EUof8-8uiNI,刚,YXG12345,"[""https://p3-pc.douyinpic.com/aweme/100x100/aweme-avatar/tos-cn-avt-0015_9cab1a9a7cce484c626437710908ab8e.jpeg?from=2064092626""]",CN,5,True,26
7618614899668700425,7625522377183200049,2026-05-10T20:30:52.123808,能游走于守规和违规之间的人都是高手！[捂脸],1775455285,0,1,0,0,0,True,False,0,,-1,111192887069,MS4wLjABAAAA7ZqdMZ0jnqCOKi7hrECPUGPDKgOBnh9-qwoTykYQR6k,江也在努力奔赴月亮.,,"[""https://p3-pc.douyinpic.com/aweme/100x100/aweme-avatar/mosaic-legacy_319d900068d1d18528679.jpeg?from=2064092626""]",CN,5,True,26
7618614899668700425,7636555764254393125,2026-05-10T20:30:52.123808,希望胖子李再去参加一次比赛 从外卡打起[捂脸],1778024197,0,1,0,0,0,False,False,0,,-1,1869608902993519,MS4wLjABAAAA5jEqwqtpbWbpOxoHOQcSa7TCMizQWFargTEpPhdcl7dL9n6joU8Dc3OcHZzxrleE,田進SKONE,KM39639,"[""https://p3-pc.douyinpic.com/aweme/100x100/aweme-avatar/tos-cn-avt-0015_4352463de261fdde11ac941119cb1515.jpeg?from=2064092626""]",CN,5,True,26
7618614899668700425,7624161812687455012,2026-05-10T20:30:52.123808,强如火箭的他，为什么要打假[捂脸],1775138506,0,1,3,0,0,True,False,0,,-1,2063137291642828,MS4wLjABAAAAfRNIPZWWBSbERHPlq8wJCgWg-y6OA1OhgCFEUpfZ6jThxGOXGhXSABoaVavYgY8j,农夫三泉,29067357692,"[""https://p3-pc.douyinpic.com/aweme/100x100/aweme-avatar/mosaic-legacy_3795_3047680722.jpeg?from=2064092626""]",CN,5,True,26
7618620596858916159,7619260694910894885,2026-05-10T20:30:58.882882,所以我可以理解为爱丽丝凭一己之力对抗了死神50年？,1773997373,90,1,5,0,0,True,False,0,,-1,110705207293,MS4wLjABAAAAYWB-GTAj7SSvmrYBYDQGbrkSn5OLHsxg3bH-A8-p2f0,吴忧。,III0608iii,"[""https://p3-pc.douyinpic.com/aweme/100x100/aweme-avatar/tos-cn-avt-0015_0addf82f4a9f404c35cf834cc0ce1a3c.jpeg?from=2064092626""]",CN,5,True,498
7618620596858916159,7619332311049356067,2026-05-10T20:30:58.882882,正是因为近20年前看了死神来了系列，我至今不敢坐飞机，玩过山车等刺激性的游戏，生怕发生电影上的情节[捂脸][捂脸][捂脸],1774014048,243,1,19,0,0,True,False,0,,-1,100418132816,MS4wLjABAAAAl1lZlXFX3wEE7dxO4fk-6gfoX6iRGqIZ6u8zVRiO7pM,涟漪,,"[""https://p3-pc.douyinpic.com/aweme/100x100/aweme-avatar/tos-cn-avt-0015_29bef421b2702eb6d2048196a0024246.jpeg?from=2064092626""]",CN,5,True,498
7618620596858916159,7620865926746358577,2026-05-10T20:30:58.882882,纯纯的豆腐渣啊 渣的不能再渣了[捂脸],1774371126,7,1,0,0,0,True,False,0,,-1,97410952365,MS4wLjABAAAAdDvIlFJj7uVfljohb4QDNyvODBZnCyfJj2Ltp00EfL8,糖🍭糖,,"[""https://p3-pc.douyinpic.com/aweme/100x100/aweme-avatar/tos-cn-avt-0015_c43327d9ed94f5a15bdaedb12bb3146a.jpeg?from=2064092626""]",CN,5,True,498
7618620596858916159,7625135477292876590,2026-05-10T20:30:58.882882,有人去电影院看过吗。电影院的是删减版吧，要不然这么血腥肯定上不了？,1775365723,1,1,3,0,0,True,False,0,,-1,61839445455,MS4wLjABAAAAKqylx6aLtX-4xcscFcMT1G55VU-7zik-JfYnh8aDWPY,如意郎君,geecoder,"[""https://p3-pc.douyinpic.com/aweme/100x100/aweme-avatar/tos-cn-i-0813_3795eaf1effe4341aff94a6d1b4dac03.jpeg?from=2064092626""]",CN,5,True,498
7618620596858916159,7619616356111745833,2026-05-10T20:30:58.882882,可以防弹 但是防不住一个玻璃吊坠,1774080645,45,1,1,0,0,True,True,0,,-1,19220243166,MS4wLjABAAAAhFrGXJCdIdcFafYClCOZcbXF6yWK7hXnZQ7nMYgnp0M,太阳令堂,,"[""https://p3-pc.douyinpic.com/aweme/100x100/aweme-avatar/tos-cn-i-c9aec8xkvj_b18615ddc0c84ba99209a0d571aa6899.jpeg?from=2064092626""]",CN,5,True,498
7618681299389156650,7620299768262050619,2026-05-10T20:31:47.997573,各位哥哥姐姐叔叔阿姨们，我是03年的，去年刚上班，政府gwy，月均到手6000出头，没存款，自己有全款房，爸妈都是体制内退休金比我工资都高，能在家里10w首付的情况下贷款买su7max吗，月还款2700左右,1774239301,0,1,5,0,0,True,False,0,,-1,3386934501835024,MS4wLjABAAAAf_lg7gHCtCK7bEjS_ALURp2Wrpt3oAHY1UuqHcVgbYMkbTJzFKjHTvsZwZNC0v5A,春风吹啊吹,ll350081,"[""https://p3-pc.douyinpic.com/aweme/100x100/aweme-avatar/tos-cn-i-0813_b8524e43b3aa487bb6b52cb2a5cb3da3.jpeg?from=2064092626""]",CN,5,True,250
7618681299389156650,7619158364316468005,2026-05-10T20:31:47.997573,这车开上挺舒服的,1773973548,1,1,3,0,0,True,False,0,,-1,3617825040892667,MS4wLjABAAAAcED9EotqdfH_uynWUGqusQ46PzdBbcpnjUgk6o1qhaz8QTnu8kDabQ3FuAggKjoy,超☞,27150044838,"[""https://p3-pc.douyinpic.com/aweme/100x100/aweme-avatar/tos-cn-i-0813c000-ce_oY20sA6WlnAtgiI0D9ifECwQttYAu9EAeAByAl.jpeg?from=2064092626""]",CN,5,True,250
7618681299389156650,7619146820875273012,2026-05-10T20:31:47.997573,屏幕太大了，而且左下角会磕到脚，另外如果屏幕能向驾驶室倾斜几度就好了，毕竟整个屏幕都是为了给驾驶员用的，且导航与音乐的使用频繁为最高。,1773970863,13,1,5,0,0,True,False,0,,-1,4112618515622382,MS4wLjABAAAA9knO048bAjfcv9A_iFtAC8zTvXeWaEe0tQXikKSKJ6L_JKofXVTepP8eoSN8Gcvm,徐先生。。,42553227911,"[""https://p3-pc.douyinpic.com/aweme/100x100/aweme-avatar/tos-cn-i-0813_owkjtDILHiDQnxI1BhA5QPxcE2iAjECAAaAPP.jpeg?from=2064092626""]",CN,5,True,250
7618681299389156650,7619133120978404106,2026-05-10T20:31:47.997573,车上的小爱同学比手机上的灵敏多了[捂脸][捂脸],1773967673,4,1,2,0,0,True,True,0,,-1,101780298205,MS4wLjABAAAAK8vATR67ZnIYh8oTRGSQTQD5TnjMj87mOBb1nV-ELw4,小小航长,wzhang.1,"[""https://p3-pc.douyinpic.com/aweme/100x100/aweme-avatar/tos-cn-i-0813_502651915ba84098a17a8224961ee499.jpeg?from=2064092626""]",CN,5,True,250
7618681299389156650,7620246520843731747,2026-05-10T20:31:47.997573,"其它我不评价。我有台老款的SU7PRO, 配的19寸低风阻的轮胎。高速正常行驶基本可以跑600左右。昨天从宁波跑到新昌玩，4个人全空调，一共行驶了310公里，到家表显还有330公里，真的给力，感觉与油车相差无几",1774227705,8,1,3,0,0,True,False,0,,-1,97891727367,MS4wLjABAAAAyHmokVBDEK_EziFpClm4WJKtu6JmATmbl90lQNqDBBw,清泉315200,,"[""https://p3-pc.douyinpic.com/aweme/100x100/aweme-avatar/tos-cn-avt-0015_ce75b070dd02bdfd1640f15a53a60a07.jpeg?from=2064092626""]",CN,5,True,250
7618696159887969562,7618978661877990154,2026-05-10T20:31:54.564426,我魔王羽大人做这个挑战被打破防了[捂脸],1773931708,3967,1,25,0,0,True,False,0,,-1,241493537457230,MS4wLjABAAAA-uQEae4x4oRHp-wjggbyNYuCiEKHvMsmAAOWUXgFlbc,枕霞阁,dyaou4ut7okd42,"[""https://p3-pc.douyinpic.com/aweme/100x100/aweme-avatar/tos-cn-i-0813c001_oIfz0dLAAACiAIgA1ABpCpIxeEA2cG9Sgi5ADS.jpeg?from=2064092626""]",CN,5,True,938
7618696159887969562,7637677628174631732,2026-05-10T20:31:54.564426,想问一下，被这样子杀死然后看回放发现是裸枪的第一反应是什么[看],1778285402,0,1,0,0,0,False,False,0,,-1,2553543245180307,MS4wLjABAAAA1y7L1mny3c829POLZsq6N7nuajE6CLMIl4Xu7o4djJPdZu6k7UurDR8ToaIIty86,不准睡啊.,78840827401,"[""https://p3-pc.douyinpic.com/aweme/100x100/aweme-avatar/tos-cn-i-0813_osAk0LEgNkAf8hVtCbeDC1NnAsz6ACAIFAhy6q.jpeg?from=2064092626""]",CN,5,True,938
7618696159887969562,7618852175406334769,2026-05-10T20:31:54.564426,魔王羽再强也没杀过我一次,1773902259,8,1,1,0,0,True,False,0,,-1,3505667551817325,MS4wLjABAAAAtd0OSiz1Haxeiazhar1sch57-Q9D3NCNHGPpCftlqfnHnMvX3OS0T48ghJ5N4vV6,▪,75157245873,"[""https://p3-pc.douyinpic.com/aweme/100x100/aweme-avatar/tos-cn-i-0813c000-ce_oQfnpX9BAGDYehmENGFuTEA5EmADIwE0RjAe5A.jpeg?from=2064092626""]",CN,5,True,938
7618696159887969562,7618971072163447611,2026-05-10T20:31:54.564426,你魔王羽哥哥嚣张不了多久了，因为你灰原哀叔叔的WeGame已经在下载中了,1773929940,31,1,1,0,0,True,True,0,,-1,1999374411106992,MS4wLjABAAAArplmpw3rNCloUe3e71MXdfa8pTkJxEdbbcUWmX5Q-95bz61EuADfV0XRiwePStlN,灰原哀,67763874152,"[""https://p3-pc.douyinpic.com/aweme/100x100/aweme-avatar/tos-cn-i-0813c000-ce_owFoeI7QDYdvvE9BwEffAuAA8FZnApEA76c93F.jpeg?from=2064092626""]",CN,5,True,938
7618696159887969562,7619010105497977641,2026-05-10T20:31:54.564426,这魔王羽挺狂啊给个满改是不是连我都敢打,1773939037,231,1,4,0,0,True,False,0,,-1,427081876114224,MS4wLjABAAAAYT6YtSWLIXMv3sSASriMJC7Wrn_YPuQvPQL1ehRJpII,……·,73499011728,"[""https://p3-pc.douyinpic.com/aweme/100x100/aweme-avatar/tos-cn-i-0813_oEBAuCDpvhnA9NgeLFAieJGAbQNAAmIAkEEym4.jpeg?from=2064092626""]",CN,5,True,938
7618767964468219170,7634189928657896218,2026-05-10T20:32:24.896795,一般我不留言 这是真的太烂太烂了,1777473356,1,1,0,0,0,False,False,0,,-1,85746078240,MS4wLjABAAAA8JYGuBQnFwg1T5b7PTdSGPwoJHaqF6Tr__y0PBOrN_w,强强超强大,zainiupotato,"[""https://p3-pc.douyinpic.com/aweme/100x100/aweme-avatar/tos-cn-avt-0015_77ff40ee90692caf7c2f4126f1815601.jpeg?from=2064092626""]",CN,5,True,59
7618767964468219170,7619134457317393204,2026-05-10T20:32:24.896795,跪求剧名[抱拳],1773967984,2,1,1,0,0,True,False,0,,-1,1345399966401950,MS4wLjABAAAAhV0X00fy9fPvpnPLVfjayx8qQk4vOkKAA4ZRwPZAcGTTrHb_RZRIOgzoglqG_WXV,专收报废小车正规销户,zhuanshoufei22,"[""https://p3-pc.douyinpic.com/aweme/100x100/aweme-avatar/tos-cn-i-0813c001_031bf45dc05b4bdaa84ef1eda59bfee4.jpeg?from=2064092626""]",CN,5,True,59
7618767964468219170,7618810350755496753,2026-05-10T20:32:24.896795,省流：全翘翘,1773892519,12,1,1,0,0,True,False,0,,-1,610940728125107,MS4wLjABAAAAuu8UMKkniITcc6l4pCfr9VTCrX-icbMw354U9Y82TJc,陆陆杨杨,aurora0532,"[""https://p3-pc.douyinpic.com/aweme/100x100/aweme-avatar/tos-cn-i-0813c000-ce_oAeGS8teqEM4AYEEi0rwhDB4itfAAEdACINVA3.jpeg?from=2064092626""]",CN,5,True,59
7618767964468219170,7623098273910113075,2026-05-10T20:32:24.896795,好大好白,1774890882,0,1,1,0,0,True,False,0,,-1,50070291351,MS4wLjABAAAAmD-s9Uvcw9ZOl20rHZ0ItKNhQrtKLv6vVht9ThTh6kk,hui,,"[""https://p3-pc.douyinpic.com/aweme/100x100/aweme-avatar/tos-cn-i-0813_04c9fff072cb44cebcfa20141d897455.jpeg?from=2064092626""]",CN,5,True,59
7618767964468219170,7618977500517909284,2026-05-10T20:32:24.896795,到底什么是真的[抠鼻],1773931439,5,1,4,0,0,True,False,0,,-1,96873055976,MS4wLjABAAAA7rdXjiMYrGcJmQCQ2bIn_yOcnEj47PhO9_iFMholV04,婷婷,37910708139,"[""https://p3-pc.douyinpic.com/aweme/100x100/aweme-avatar/tos-cn-avt-0015_7b5e0e823e31d0106d4820b61b419c8b.jpeg?from=2064092626""]",CN,5,True,59
7618773422734068992,7637923098633929535,2026-05-10T20:32:34.759164,当年因为十面埋伏我说刘德华帅，我对象说金城武帅，结果我俩分手了。,1778342556,1,1,0,0,0,False,False,0,,-1,2766011146455303,MS4wLjABAAAAijWz15XDGAl2X5nOz1M3VHE6UfGlu53x1Jf-20WsRFxSwpKiFSu7ZVnnFMXaeheU,小毅,dy2mzolr8rm5,"[""https://p3-pc.douyinpic.com/aweme/100x100/aweme-avatar/tos-cn-i-0813_5f7f700a9b4d4497a42b3b6da6cc09d2.jpeg?from=2064092626""]",CN,5,True,609
7618773422734068992,7627136772825400110,2026-05-10T20:32:34.759164,看天若有情我哭瞎了左眼，阿郎的故事哭瞎了右眼，结果找了现在的女朋友[懵][懵][懵],1775831166,77,1,19,0,0,True,False,0,,-1,373479352578924,MS4wLjABAAAAiQ0W39ylrGHuSXNz3HwnjkfQ4C7PNaROj69FYC-1paA,先睡了,xianshuile11,"[""https://p3-pc.douyinpic.com/aweme/100x100/aweme-avatar/tos-cn-i-0813_owf0yAUHsQgAvoOegHIAAfGfAhwLIEn0RAV3pf.jpeg?from=2064092626""]",CN,5,True,609
7618773422734068992,7629129108215579401,2026-05-10T20:32:34.759164,灰色轨迹这前奏一起直接鸡皮疙瘩起来了[赞][赞],1776295045,3,1,1,0,0,True,False,0,,-1,798714370721098,MS4wLjABAAAABfxor5FPjac9YxFguVX1uvIUlUmDu92WU85zGrgkeII,山丘,30222349843,"[""https://p3-pc.douyinpic.com/aweme/100x100/aweme-avatar/tos-cn-i-0813c001_o8iEGAeAEAAfhIDSAzAgQbHWCCiMS5aBXwHI51.jpeg?from=2064092626""]",CN,5,True,609
7618773422734068992,7623251370611147577,2026-05-10T20:32:34.759164,吴倩莲，当年刘德华追都追不到，为了她还专门写了一首歌，其中有一句是这么唱的，吴倩莲的风和雨啊藏了多少梦……[泪奔],1774926526,41,1,2,0,0,True,False,0,,-1,1745657405913399,MS4wLjABAAAAQyARON-DNtK-8t1TM4CZhE27IYHRgsZxOfB_p6MtbhHccfNcEbtVODA497qb8Vdt,爷的范你学不来,_136480412,"[""https://p3-pc.douyinpic.com/aweme/100x100/aweme-avatar/tos-cn-i-0813c000-ce_ogz2pAeB0Et8F53iiAAepAENAEWXv6pwTeIpDm.jpeg?from=2064092626""]",CN,5,True,609
7618773422734068992,7626292581572756261,2026-05-10T20:32:34.759164,想起他们的另外一部王杰的亚洲第一，突然眼泪就掉了下来，码头的那段[流泪],1775634613,3,1,2,0,0,True,False,0,,-1,111557249215,MS4wLjABAAAAtwhAQ9naIbmjIM3HRMTiqzvB9FZmAlJiAHQb3hSOyvU,沉默是金（顺其自然）,,"[""https://p3-pc.douyinpic.com/aweme/100x100/aweme-avatar/mosaic-legacy_1b52800061776cb4f1fd8.jpeg?from=2064092626""]",CN,5,True,609
7618780783397866762,7618793952557171492,2026-05-10T20:32:47.583357,绿泡泡不是挂我和0婵拍一集,1773888704,8331,1,43,0,0,True,False,0,,-1,66631524396,MS4wLjABAAAAVDVRG60fxejJfNRZn0CMAuosqnWN-cXLYjM7c7YTOeU,小舟惠,,"[""https://p3-pc.douyinpic.com/aweme/100x100/aweme-avatar/tos-cn-avt-0015_5cd336407da6d24b97bee8c21d56d5eb.jpeg?from=2064092626""]",CN,5,True,738
7618780783397866762,7634436342760620837,2026-05-10T20:32:47.583357,"如果你是被真的高手击杀，你的第一反应会是这人好准
如果你的第一反应是这人有点怪，不要怀疑你自己[憨笑]",1777530730,6,1,0,0,0,True,False,0,,-1,532627506342903,MS4wLjABAAAAAIpztgzMmShbSYAOVPCcUY1bqKJ7zgaVgfwwutu6T3s,离离艾是月亮,46470182338,"[""https://p3-pc.douyinpic.com/aweme/100x100/aweme-avatar/tos-cn-i-0813c000-ce_o84mhAGfITKIAFYFeDAAQ3ALVDCdAaae5fW2cH.jpeg?from=2064092626""]",CN,5,True,738
7618780783397866762,7618794962230919979,2026-05-10T20:32:47.583357,泡泡我 1600 0.4，有时候定位不准是该练定位还是降敏啊[流泪],1773888939,286,1,47,0,0,True,False,0,,-1,273148220277070,MS4wLjABAAAAocP0jMSPfVdT-67DQRlhRMPXIc46EtzjIbqbAh1qTNc,洛神花,allbebubble,"[""https://p3-pc.douyinpic.com/aweme/100x100/aweme-avatar/tos-cn-i-0813c001_o0AAIUEIEAgpF2QffCFNDlBrKIil3AAFDCw9A3.jpeg?from=2064092626""]",CN,5,True,738
7618780783397866762,7618805595113816895,2026-05-10T20:32:47.583357,你这个神话标单纯是放松敌人警惕[捂脸],1773891412,21,1,3,0,0,True,False,0,,-1,93248933368,MS4wLjABAAAAmWsCv0gPlxFJaAbZYkFRiQmlCq_JTvR6XRzwFG7KdeI,V1ego,,"[""https://p3-pc.douyinpic.com/aweme/100x100/aweme-avatar/tos-cn-avt-0015_e234f4cace18f40f27e464e79b8af4f2.jpeg?from=2064092626""]",CN,5,True,738
7618780783397866762,7618818938596393779,2026-05-10T20:32:47.583357,主播里只有奈特的瞄准特别像外挂，同样都是准，但他的瞄准就跟吸上去的一样,1773894519,2533,1,29,0,0,True,False,0,,-1,100355317798,MS4wLjABAAAAcADRozsUnnvBeEG-nUSt6RS_9IgbWyQuI1YNOHOpQCs,蜜汁困鱿鱼,,"[""https://p3-pc.douyinpic.com/aweme/100x100/aweme-avatar/tos-cn-i-0813_oAqpEDf89DAnK1A2ASF7A9nACALg6C2iIlfMJE.jpeg?from=2064092626""]",CN,5,True,738
7618783098435553151,7618783627548115753,2026-05-10T20:32:55.444261,多宝鱼刀法[比心][比心][比心],1773886300,5,1,3,0,0,True,False,0,作者,1,2462551795315709,MS4wLjABAAAAj-ZzUy1H3J7inCNlcMas85NvugarRmA4k3Ry5tDgi-_MGvfHeUKqPYZXqMdRmSX6,我的厨房666,wodechufang6,"[""https://p3-pc.douyinpic.com/aweme/100x100/aweme-avatar/tos-cn-i-0813c001_oYjzVGBXAAACAeUFgEfAIYNz6tBg8PDhAACBAI.jpeg?from=2064092626""]",CN,5,True,57
7618783098435553151,7618858135827055412,2026-05-10T20:32:55.444261,这是什么鱼,1773903649,1,1,1,0,0,True,False,0,,-1,110085881627,MS4wLjABAAAAhThojeZzEz8LBDzKcGKVOp9y-r1bWo3S9OQDBHT7cho,叶子,,"[""https://p3-pc.douyinpic.com/aweme/100x100/aweme-avatar/tos-cn-i-0813c001_o8AuA0aCZ4xiAMie8JIAOcACiWgfm75LAAhEPB.jpeg?from=2064092626""]",CN,5,True,57
7618783098435553151,7618788070338773809,2026-05-10T20:32:55.444261,葱油多宝鱼好吃[赞][赞],1773887332,1,1,1,0,0,True,False,0,,-1,3183814437251607,MS4wLjABAAAAsyAxaRenKCZx7aY_eMLu4Y4ZWFaJiMvQU9wtry3sn9DCWJxP_Z1IqnkR1i1-tOaJ,随心所愿,dyxezb0h32s1,"[""https://p3-pc.douyinpic.com/aweme/100x100/aweme-avatar/tos-cn-i-0813c000-ce_o4Z4IeEoEwAQbB9QAE6FfAlAFr7DIF5woe2G1A.jpeg?from=2064092626""]",CN,5,True,57
7618783098435553151,7618898691424781090,2026-05-10T20:32:55.444261,苦胆烂了,1773913091,2,1,1,0,0,True,False,0,,-1,1376212590530739,MS4wLjABAAAA1JxUo9pz0fUmAUflTfP5DHVsMqvTkZ__BVBe2Sl42FndabC2v3OH9njlgh35VEuc,占,,"[""https://p3-pc.douyinpic.com/aweme/100x100/aweme-avatar/tos-cn-avt-0015_93e3c79f94f9a78059606e89cf3d4742.jpeg?from=2064092626""]",CN,5,True,57
7618783098435553151,7625127662001013567,2026-05-10T20:32:55.444261,@,1775363385,0,1,1,0,0,True,False,0,,-1,100665407628,MS4wLjABAAAAiOO2MjhnuknyQXxfZGyKqa89KXCyBvUoXnCAaaH6-NI,娟,,"[""https://p3-pc.douyinpic.com/aweme/100x100/aweme-avatar/tos-cn-i-0813c001_oIAA3WQdqdepMifA78RE4xBpAaQuBBAQISxeIi.jpeg?from=2064092626""]",CN,5,True,57
7618798075447889198,7619284298473931557,2026-05-10T20:33:04.457643,跟孩子过家家似的,1774002868,5,1,0,0,0,True,False,0,,-1,93318286394,MS4wLjABAAAArcaXv0z9J_-BMpHlxXAUYcdH1RkM3M4v4g34RIFBZ0w,用户永恒940195036745,,"[""https://p3-pc.douyinpic.com/aweme/100x100/aweme-avatar/mosaic-legacy_3797_2889309425.jpeg?from=2064092626""]",CN,5,True,23
7618798075447889198,7624125179329757989,2026-05-10T20:33:04.457643,解说跟视频对不上,1775129974,1,1,1,0,0,True,False,0,,-1,70256490982,MS4wLjABAAAAZrZTihnBeT-QSIV2nKf2oWAWeVhBAQkOilxv-1-Aofw,奇奇的小情人,,"[""https://p3-pc.douyinpic.com/aweme/100x100/aweme-avatar/tos-cn-i-0813c000-ce_oczzEtE0EwAIlBe9Ai4IfAvAzEBBOiw5deBvHA.jpeg?from=2064092626""]",CN,5,True,23
7618798075447889198,7619621218115486506,2026-05-10T20:33:04.457643,他们施工，路上居然不打围墙,1774081316,0,1,0,0,0,True,False,0,,-1,2352598771311816,MS4wLjABAAAAnlOmL-M_sfiRMoZ2mO10jjwuxJCidf8hCIl-p1F_6YMUrkPqk3Nc1mSMUrepC7BW,对自己好亿点,dyuf3n0hjwb7,"[""https://p3-pc.douyinpic.com/aweme/100x100/aweme-avatar/tos-cn-i-0813_oMD7ZfgP7LeMADn5EAb08PAGAaQCmAbZBeZJmB.jpeg?from=2064092626""]",CN,5,True,23
7618798075447889198,7620705267605226292,2026-05-10T20:33:04.457643,外国的吧！车这么迷你,1774333716,1,1,0,0,0,False,False,0,,-1,1315486773543320,MS4wLjABAAAA2FTmhlcz56WGEC3AiruTwZBnCtpSQRNK5YXVBK1goPnDtck1RqnQfRTNbpU4tyF2,骏,73020926737,"[""https://p3-pc.douyinpic.com/aweme/100x100/aweme-avatar/tos-cn-i-0813c001_ogfewA7llAWZA3BAhE4kC9TCCMWtIEPAA51gEz.jpeg?from=2064092626""]",CN,5,True,23
7618798075447889198,7618977507550839609,2026-05-10T20:33:04.457643,垃圾堆有什麼好看,1773931438,3,1,0,0,0,True,True,0,,-1,1799242665442967,MS4wLjABAAAA28Ya2pRwaMW7m9V9DaONqtOKx_u-oPcQGxA8KzOAyf29HZvoUY6kARZgo8hmA30r,偉,26607629085,"[""https://p3-pc.douyinpic.com/aweme/100x100/aweme-avatar/tos-cn-i-0813c000-ce_ogHg6CIjAfaBEfOT7GJFJXjA1IIREALIACAEeG.jpeg?from=2064092626""]",CN,5,True,23
7618798791356960027,7618816913921590022,2026-05-10T20:33:11.000122,比亚迪在澳洲测试把碰撞机器给撞坏了[泪奔],1773894048,1588,1,43,0,0,True,False,0,,-1,93360484361,MS4wLjABAAAAP9NL7uzTZdgKh_m5TXk6TtYb_90J8u3L_mp7tnygI5g,黑色幽默~,Shanghai_David,"[""https://p3-pc.douyinpic.com/aweme/100x100/aweme-avatar/tos-cn-avt-0015_e46825cdb3108670e39578ceec3dacbd.jpeg?from=2064092626""]",CN,5,True,3217
7618798791356960027,7625269742303183668,2026-05-10T20:33:11.000122,有人6.4万买了FSD却用不了，有人6.4万买一辆海鸥,1775396463,17,1,1,0,0,True,False,0,,-1,108899137884,MS4wLjABAAAAfatBPE0FU4epmkv9xpYV37riVtOurDrdnKRXYNerN04,掩耳不及盗铃,,"[""https://p3-pc.douyinpic.com/aweme/100x100/aweme-avatar/tos-cn-i-0813c001_oEzx5ACBzCuzhatiiAAlRAEEAAscPzygueIPCf.jpeg?from=2064092626""]",CN,5,True,3217
7618798791356960027,7618918608055386921,2026-05-10T20:33:11.000122,嘿嘿，我的小海鸥，牛逼，就是公里数太少，25智驾款的，确实很好用，结果26款出二代刀片电池，续航变成500公里[抠鼻][抠鼻][抠鼻]太过分了,1773917726,42,1,7,0,0,True,False,0,,-1,3328966916583437,MS4wLjABAAAAVK3VoEkuhiS7L12vdY1FI3aCR6RJg7E6gN91OKLTflo0XbivlTiPIqWtdUsf0zX-,小正月,xiaozhengyue31,"[""https://p3-pc.douyinpic.com/aweme/100x100/aweme-avatar/tos-cn-i-0813c001_o8VD0AnyGEAfkEQPENFfBEAPjbrAw4Iz7AD2Bf.jpeg?from=2064092626""]",CN,5,True,3217
7618798791356960027,7618895725951337275,2026-05-10T20:33:11.000122,以前年轻人能有一台飞度那就挺让人羡慕了 现在开上了海鸥………起飞吧,1773912398,114,1,7,0,0,True,False,0,,-1,55832464453,MS4wLjABAAAA9vRBp6-xgmb3din5_DCA4591vicOWZoEDgDJG55qHfw,啊呜^O^,,"[""https://p3-pc.douyinpic.com/aweme/100x100/aweme-avatar/tos-cn-i-0813c001_db7e3e73d972457383d5956f26d1dc49.jpeg?from=2064092626""]",CN,5,True,3217
7618798791356960027,7618888147111396138,2026-05-10T20:33:11.000122,在国外，比亚迪海鸥可不是几万元，要十万出头了,1773910633,14,1,7,0,0,True,False,0,,-1,2071071248625544,MS4wLjABAAAAMWLnUieDaZDIxr1plg4HQCfwBbNZ9NOxqRIs_7Gq-uScBLusY6YzbXAghR9rAK5U,五福盈门,la95500,"[""https://p3-pc.douyinpic.com/aweme/100x100/aweme-avatar/tos-cn-i-0813_o8TDg0BAAInAiDr0NCfC9wdGj7ru2eAzAiADqE.jpeg?from=2064092626""]",CN,5,True,3217
7618807176877870382,7618915045326734117,2026-05-10T20:33:17.054263,[勾引],1773916896,0,1,1,0,0,True,False,0,,-1,4063389761681352,MS4wLjABAAAA9-TO7LRioinAB6Z7W4uUmWpKKsSZUE-OdLqmHMhXtTL42eaxiw7lpaMb0h8cTPJ8,那个人,nageren23020,"[""https://p3-pc.douyinpic.com/aweme/100x100/aweme-avatar/mosaic-legacy_3792_5112637127.jpeg?from=2064092626""]",CN,10,True,183
7618807176877870382,7621809231356166970,2026-05-10T20:33:17.054263,辣条客服回复解放军开放格局¥f，,1774590751,2,1,1,0,0,True,False,0,,-1,100059087393,MS4wLjABAAAAeJFbSSnFWOmVG_dnJxh-7rTh_6zcM-ldRDC9Qr98dh8,爱做梦的鱼,,"[""https://p3-pc.douyinpic.com/aweme/100x100/aweme-avatar/mosaic-legacy_2f4e10005f2ed82209eae.jpeg?from=2064092626""]",CN,10,True,183
7618807176877870382,7619322355118424891,2026-05-10T20:33:17.054263,[平安果][平安果],1774011730,0,1,1,0,0,True,False,0,,-1,1724491557770478,MS4wLjABAAAAQEcEOPwRueqzMDpt5lmPIe1OeCvMyvuosSgWDk3TrlcrkgOfg_Ccu3akn0V93ABl,用户8092429198920,52843358235,"[""https://p3-pc.douyinpic.com/aweme/100x100/aweme-avatar/douyin-user-image-file_dbd4f4cf09b738cef923b5be6ff7cec0.jpeg?from=2064092626""]",CN,10,True,183
7618807176877870382,7618945936065020699,2026-05-10T20:33:17.054263,[杀马特]在哪里因也不想和尚说不定能源发展中存在的一句话也没有了是的一天就在路上突然看到我以前那么讨厌她就好生气我好讨厌这个男人好的哥哥我还是,1773924088,0,1,0,0,0,True,False,0,,-1,1983946725524381,MS4wLjABAAAAPrE_Osu2dMoleWQsU-4yH58ZSUwkKOxC4IBjBgBn8WbR2liHiXljuMqhYUGgubGu,小猫呆呆的像你、🐾,37736119756,"[""https://p3-pc.douyinpic.com/aweme/100x100/aweme-avatar/tos-cn-avt-0015_af0b0e0007bbce393a8996227a0adde4.jpeg?from=2064092626""]",CN,10,True,183
7618807176877870382,7625969004650218280,2026-05-10T20:33:17.054263,[抱抱你][抱抱你][抱抱你][抱抱你][抱抱你][抱抱你][抱抱你][抱抱你][抱抱你][抱抱你][抱抱你][抱抱你][抱抱你][抱抱你][抱抱你][抱抱你][抱抱你][抱抱你][抱抱你][抱抱你][抱抱你][抱抱你][抱抱你][抱抱你][抱抱你][抱抱你][抱抱你][抱抱你][抱抱你][抱抱你][抱抱你][抱抱你][抱抱你][抱抱你][抱抱你][抱抱你][抱抱你][抱抱你][抱抱你][抱抱你][抱抱你][抱抱你][抱抱你][抱抱你][抱抱你][抱抱你][抱抱你][抱抱你][抱抱你][抱抱你][抱抱你][抱抱你][抱抱你][抱抱你][抱抱你][抱抱你][抱抱你][抱抱你][抱抱你][抱抱你][抱抱你][抱抱你][抱抱你][抱抱你][抱抱你][抱抱你][抱抱你][抱抱你][抱抱你][抱抱你][抱抱你][抱抱你][抱抱你][抱抱你][抱抱你][抱抱你][抱抱你][抱抱你][抱抱你][抱抱你][抱抱你][抱抱你][抱抱你][抱抱你][抱抱你][抱抱你][抱抱你][抱抱你][抱抱你][抱抱你][抱抱你][抱抱你][抱抱你][抱抱你][抱抱你][抱抱你][蛋糕][蛋糕],1775559274,0,1,5,0,0,True,False,0,,-1,3452097206421779,MS4wLjABAAAAYtAn3vm-mhpDb9A3Zc7pVods-vABF7yZ_fIn0mrYTqtc7njikp9LVG_mil-pnEde,佐岸佑鈅,dy8gypvrm95r,"[""https://p3-pc.douyinpic.com/aweme/100x100/aweme-avatar/tos-cn-i-0813_ab62adaf00c746f88cbdb5eb85338c0e.jpeg?from=2064092626""]",CN,10,True,183
7618809221991238938,7619641131625661221,2026-05-10T20:33:42.081681,谁能告诉我这个100有啥用？[捂脸],1774085950,20,1,5,0,0,True,False,0,,-1,1854237330910684,MS4wLjABAAAAaetRnS7lJndSSApAknhaafKCCNMnvK1mIrqKyE9ZK5c3k5vPxsb4NwMCliRrw_Tu,用户789191787891,63479002250,"[""https://p3-pc.douyinpic.com/aweme/100x100/aweme-avatar/tos-cn-i-0813c000-ce_osfBAqIEn0EwKAjpA7AI9cAFnfAtUQAnEDgCwE.jpeg?from=2064092626""]",CN,5,True,33
7618809221991238938,7620031113311060772,2026-05-10T20:33:42.081681,不是还有手枪吗？,1774176751,2,1,1,0,0,True,False,0,,-1,2869066589280016,MS4wLjABAAAACPkHtwu8hVL5t-7kCDDNhy1esyRVAZSu8TZFTcK4EXJuJdFF70V4iojLMVGG_n94,几乎还会不会哈哈哈,68642970458,"[""https://p3-pc.douyinpic.com/aweme/100x100/aweme-avatar/mosaic-legacy_3796_2975850990.jpeg?from=2064092626""]",CN,5,True,33
7618809221991238938,7619665159443809061,2026-05-10T20:33:42.081681,破案了，那个呆在墙角不动的，不是老板[捂脸][捂脸][捂脸],1774091546,11,1,1,0,0,True,False,0,,-1,1218726036781319,MS4wLjABAAAA5H8Fxqk9fNgl-S_OdzBw6OJTuOHCZxCzBCOZwaxudUA2G0Ss1H6XlczNjDdf05qH,爱玩电坤枪,41160265061,"[""https://p3-pc.douyinpic.com/aweme/100x100/aweme-avatar/tos-cn-i-0813c000-ce_ocBBQeAE4g37GTAQAeNIAdE8AJBLIesOR8AOAE.jpeg?from=2064092626""]",CN,5,True,33
7618809221991238938,7622487542956409637,2026-05-10T20:33:42.081681,卡莫娜超人硬卡两发m2，不死,1774748682,0,1,0,0,0,False,False,0,,-1,7610018482143118373,MS4wLjABAAAAvpvYfaIq-DSopMrayjcym5NypB7mOzeme-taIiWbu81xXSELSdAoV--CoRXHDHqH,ゼンレスゾーンゼロ,20260222yy,"[""https://p3-pc.douyinpic.com/aweme/100x100/aweme-avatar/tos-cn-i-0813c000-ce_oA5i9pACoCbEAaCREAIAQeufWsYwVFEDApnCnm.jpeg?from=2064092626""]",CN,5,True,33
7618809221991238938,7619862833040507674,2026-05-10T20:33:42.081681,主播，我用一把小手枪在北山得吃了T7和项链[呲牙][呲牙][呲牙][呲牙][呲牙],1774137571,0,1,0,0,0,False,False,0,,-1,734921221484958,MS4wLjABAAAAE1EYstVx2IsnFaExSGpbj-Qzevjtj15w5scYb9gn3aU,一架不会开的南航737（开学不更）,38650165999,"[""https://p3-pc.douyinpic.com/aweme/100x100/aweme-avatar/tos-cn-i-0813c001_o8Ib2AGyeCZeJATg8PuB049IATeLEDihCIAATe.jpeg?from=2064092626""]",CN,5,True,33
7618834816930336467,7619421274250937094,2026-05-10T20:34:02.842569,兄弟你长得像海上厨子[捂脸],1774034773,34,1,1,0,0,True,False,0,,-1,215922522987364,MS4wLjABAAAAfTICa1H9oFw5z8TM7UuwSO8PPbPt84rjZ3hQltVRGs4,用户1005,_mapleleaves,"[""https://p3-pc.douyinpic.com/aweme/100x100/aweme-avatar/tos-cn-avt-0015_03e86cc64c221ff7cfb25037bba7ca4e.jpeg?from=2064092626""]",CN,10,True,425
7618834816930336467,7621561704454849295,2026-05-10T20:34:02.842569,62块一个小时，有这经济实力直接家里装台顶配ROG全家桶随便玩了 [尬笑],1774533477,182,1,3,0,0,True,False,0,,-1,88278705879,MS4wLjABAAAA6CLh5m8xvv4vrEtncB_PKJ_ziKCgnW6ZPKVigTQEGUU,瘦狗岭战神牛屎瑞,9072316qzh,"[""https://p3-pc.douyinpic.com/aweme/100x100/aweme-avatar/tos-cn-i-0813_o4FWzAepYAHIANZAEmwHD96CCJAfQqVAAFkgID.jpeg?from=2064092626""]",CN,10,True,425
7618834816930336467,7619374885022040889,2026-05-10T20:34:02.842569,我就在一人一间这家上[捂脸],1774023961,18,1,1,0,0,True,False,0,,-1,4116196930880606,MS4wLjABAAAAaUa_itKRnlPQWYrhxU1xMpc76RK3r0PUyTtWyrWgVdqpfEXP6pNiD2ZCloAjMQkL,suipo,dyqqkgj01ph6,"[""https://p3-pc.douyinpic.com/aweme/100x100/aweme-avatar/tos-cn-i-0813c000-ce_o0DEnI43wAidEd6MeivaH0BCpAeJpiAtjAsOAh.jpeg?from=2064092626""]",CN,10,True,425
7618834816930336467,7619303999817368379,2026-05-10T20:34:02.842569,62一小时9700×+5070，我绷不住了,1774007456,187,1,6,0,0,True,False,0,,-1,95776255280,MS4wLjABAAAAM8M5aOWvuXlHGa2JRaNfD7XJAqeD4FRE3zaWzQdYLK4,Marvin,,"[""https://p3-pc.douyinpic.com/aweme/100x100/aweme-avatar/tos-cn-i-0813_osXZEiFBIPAgwiOgAImDCAOAaAPL2GYTPigBq.jpeg?from=2064092626""]",CN,10,True,425
7618834816930336467,7637821913365054271,2026-05-10T20:34:02.842569,我也有榻榻米,1778319610,1,1,1,0,0,True,False,0,,-1,2877898062044752,MS4wLjABAAAAhxtvgTcVMKWyUgfoA6SpEPUuH8J2Fr252_cLAmjDtF7-fhqPUcF-q1Ys_Ud3leJW,小蓝鲸电竞酒店官方号,56332777450,"[""https://p3-pc.douyinpic.com/aweme/100x100/aweme-avatar/tos-cn-i-hf2m9xxmck_77ceab166bd242bf9200443a77856a33.jpeg?from=2064092626""]",CN,10,True,425
7618861113958141219,7619734987135681343,2026-05-10T20:34:27.525326,可爱吧，最后和黄毛在一起了,1774107808,4866,1,30,0,0,True,False,0,,-1,9516108125,MS4wLjABAAAAXm0hzz3wzoH0ulzWXXMwCekH5fVlQFE_o4gJpQ8fnEA,つ,,"[""https://p3-pc.douyinpic.com/aweme/100x100/aweme-avatar/tos-cn-i-0813_okfrZF3BEQHIA97qPsfeaA9A7Ag1PDGqBAs7Eg.jpeg?from=2064092626""]",CN,5,True,1108
7618861113958141219,7619521763488023322,2026-05-10T20:34:27.525326,要知道一件事，祢豆子可能是任何人发明出来的，但。绝对不是鳄鱼老师发明的,1774058160,6623,1,28,0,0,True,False,0,,-1,2568910115186654,MS4wLjABAAAAVUy_FhCXaiFYp8-wNnQG7_3ZwWn5yKzWEQ65-Q3xk-sKysBP7mNwG-YDlvcXleoc,𝓕𝓻𝓸𝓼𝓽,48053005533,"[""https://p3-pc.douyinpic.com/aweme/100x100/aweme-avatar/tos-cn-i-0813c001_ocEAoFpIECAZAfDLIf2OACAgE3RGoqhiMCQA9C.jpeg?from=2064092626""]",CN,5,True,1108
7618861113958141219,7619339099652113198,2026-05-10T20:34:27.525326,祢豆子~,1774015629,1563,1,20,0,0,True,False,0,,-1,653589257127336,MS4wLjABAAAAecZBhJE_5K9drT-SWL3qSM_83ZlRIFpmWBbXu3VSdYM,雷霆善逸,37904080487,"[""https://p3-pc.douyinpic.com/aweme/100x100/aweme-avatar/tos-cn-i-0813c001_oARtzANB0CVw9mFiiAAqCAE6AARtP1jgTeIvCe.jpeg?from=2064092626""]",CN,5,True,1108
7618861113958141219,7619523361802208046,2026-05-10T20:34:27.525326,你看给善逸这孩子都迷成黄色蒲公英了[微笑],1774058530,1036,1,4,0,0,True,False,0,,-1,2408372457978147,MS4wLjABAAAAEPnyVVShn2G9y_gh4FXI0lIpR8St0fE296LlFKcJVco-dtrn_i5qzx_7TVQ-uDaC,初音信徒,30424474823,"[""https://p3-pc.douyinpic.com/aweme/100x100/aweme-avatar/tos-cn-i-0813c001_oIl5IaAGRDAlHMAGAxFiB7TAHBaA9E8fQyfcfE.jpeg?from=2064092626""]",CN,5,True,1108
7618861113958141219,7619005978977551162,2026-05-10T20:34:27.525326,猪猪会把男妈妈带在头上[流泪],1773938070,965,1,15,0,0,True,False,0,,-1,162352851334877,MS4wLjABAAAATKc3-aVPpAkb4dLEMu14tw4tei4gEkVSBQo_0N5UYRo,刑事组之虎,louxiachengl,"[""https://p3-pc.douyinpic.com/aweme/100x100/aweme-avatar/tos-cn-i-0813c000-ce_oQQDnYAnQhklAEyYem0EVNAAEDekEZAIkwfF9u.jpeg?from=2064092626""]",CN,5,True,1108
7618861653731347721,7619246020577674021,2026-05-10T20:34:52.584317,,1773993958,8289,1,42,0,0,True,False,0,,-1,1494934391363904,MS4wLjABAAAA8h3EucfdHTBP0wdtB2aBe-FSTiLmI15GGxsBPHHzweziURc81Qi-GPKP-3JL7LMn,挟,486xia,"[""https://p3-pc.douyinpic.com/aweme/100x100/aweme-avatar/tos-cn-i-0813c001_ogCMLzZgA6s0AQIIdQu1AfFYAeYyAEuZ4fMHff.jpeg?from=2064092626""]",CN,5,True,450
7618861653731347721,7619304899964519203,2026-05-10T20:34:52.584317,,1774007667,1556,1,4,0,0,True,False,0,,-1,3736591512906476,MS4wLjABAAAALZI4PktLIRr4lqEwfTv0hu5L716_ofgPvZjEnZWJvByolEi6s1PgigWDa68tlmG7,ᅟ？,34250911799,"[""https://p3-pc.douyinpic.com/aweme/100x100/aweme-avatar/tos-cn-i-0813_oEiyAAeAEAAPzID0A0AghFYnNCiL8yfBTLoPj4.jpeg?from=2064092626""]",CN,5,True,450
7618861653731347721,7619281305742918449,2026-05-10T20:34:52.584317,这个最好看[猪头][猪头],1774002173,5312,1,24,0,0,True,False,0,,-1,4464494036670008,MS4wLjABAAAAsVu9T-YU1b91zta2stzY_fXdFhFk4ZE3l89TFz9aiL-HUQcGu56eYs4XH8vv886v,雪色,61852313865,"[""https://p3-pc.douyinpic.com/aweme/100x100/aweme-avatar/tos-cn-i-0813c000-ce_oQQIwcfE1rAcEH0J7iVIAciA1BzyPBAkeACzDo.jpeg?from=2064092626""]",CN,5,True,450
7618861653731347721,7619224792813929265,2026-05-10T20:34:52.584317,不睁眼的时候还是很好看的[黑脸],1773989015,820,1,4,0,0,True,False,0,,-1,3390496629075492,MS4wLjABAAAA-LEb1lgnwnyaZBVadt9NciQvEbLTCPQuDuS3WjrBdNwFqOWKbl4Hah-v5-xPaO-r,模拟人会画电子大饼,wyfdc741,"[""https://p3-pc.douyinpic.com/aweme/100x100/aweme-avatar/tos-cn-avt-0015_ff20337c1fa3beb8a64a7c969ea9a6aa.jpeg?from=2064092626""]",CN,5,True,450
7618861653731347721,7619580966076924698,2026-05-10T20:34:52.584317,玄机你照着这个做行不.我求你了，还我金色瞳孔，还我白色大礼裙，还我神性眼神.,1774071944,71,1,1,0,0,True,False,0,,-1,842680899738858,MS4wLjABAAAAwe6ntxsNoBNuSK_FTKz7fcPgE162QS0FTc9vSCz3xG4,云浮,93685970231,"[""https://p3-pc.douyinpic.com/aweme/100x100/aweme-avatar/tos-cn-i-0813c000-ce_ocWSDrDwEFAqIxCofAEnAKAAEqCKf9IgpGrCwU.jpeg?from=2064092626""]",CN,5,True,450
7618871246624689446,7618982469169775397,2026-05-10T20:35:18.373756,我去年在旺旺医院住了五天院 被子都是旺旺的,1773932594,6384,1,89,0,0,True,False,0,,-1,77810523512,MS4wLjABAAAAAENYTEP6hChe0E_MxDWD-0JSv6f_8eE3qi-r-KgC-Ek,Yumi ゆみ😙,Leemimi77,"[""https://p3-pc.douyinpic.com/aweme/100x100/aweme-avatar/tos-cn-avt-0015_bf086ba976e325c3e5c0ccac5423a65c.jpeg?from=2064092626""]",CN,10,True,1471
7618871246624689446,7621904158313071398,2026-05-10T20:35:18.373756,神旺大酒店 [捂脸] 感觉这自助餐是承包的。,1774613191,108,1,1,0,0,True,False,0,,-1,92597262346,MS4wLjABAAAAMD6Kb8mpbYyjd5NKpK_FA8_vL0iXAgGIKtb-02l41o0,小乙看世界,,"[""https://p3-pc.douyinpic.com/aweme/100x100/aweme-avatar/tos-cn-i-0813c000-ce_ownqyFNBEQGIgmr6JsfeiAsA7A1lRD8OJAf1EZ.jpeg?from=2064092626""]",CN,10,True,1471
7618871246624689446,7633074953987277605,2026-05-10T20:35:18.373756,,1777213757,9,1,1,0,0,True,False,0,,-1,92282102414,MS4wLjABAAAAnWVVKXajw_i5L_kTaV4Ea1i7crPg38sMf2JTVFEeFhE,😇無鳴、,Unique2203,"[""https://p3-pc.douyinpic.com/aweme/100x100/aweme-avatar/mosaic-legacy_240cf000610fe6b189d18.jpeg?from=2064092626""]",CN,10,True,1471
7618871246624689446,7619008810430923569,2026-05-10T20:35:18.373756,188拉完了，89正常，69顶级，49夯爆[看],1773938730,704,1,11,0,0,True,False,0,,-1,98187883610,MS4wLjABAAAAcRVHHiM9Q9zsGpAJQ3oRJtP7n67Z_nsBkBTnzbBzNAs,Renne,,"[""https://p3-pc.douyinpic.com/aweme/100x100/aweme-avatar/mosaic-legacy_26d8e000627ed3983eae1.jpeg?from=2064092626""]",CN,10,True,1471
7618871246624689446,7618942925029131060,2026-05-10T20:35:18.373756,旺旺大酒店在哪个城市啊,1773923388,36,1,10,0,0,True,False,0,,-1,94597760603,MS4wLjABAAAA2NHbLTIol8MMzHucZ8t7pQUd_WNMbxpCukSQeiQPItE,蝶蝶不休,MI70902,"[""https://p3-pc.douyinpic.com/aweme/100x100/aweme-avatar/tos-cn-avt-0015_e8605e1b26002f4d63a2b40ce7fa1e17.jpeg?from=2064092626""]",CN,10,True,1471
7618882333705293056,7619124776275542803,2026-05-10T20:35:36.176701,箭毛猎犬纯种太稀少了，猎性战斗力强大的凤毛麟角，图一白色箭毛猎犬妞妞大的可逮野猪，小的活抓野兔甚至连小小的麻雀都能活抓，不仅仅是战斗力爆表，智慧也是超群，太可惜了保种失败,1773966616,2,1,4,0,0,True,False,0,,-1,2422927989161832,MS4wLjABAAAAmuuc4qXKcKAI0laWs8Opa4XtnjsdVP9F3qdbJj3Jh_MO-mHN8v4TPz36QvljZ8DO,四G,dy1cvaeg0q6j,"[""https://p3-pc.douyinpic.com/aweme/100x100/aweme-avatar/mosaic-legacy_3792_5112637127.jpeg?from=2064092626""]",CN,5,True,2148
7618882333705293056,7619242196425081626,2026-05-10T20:35:36.176701,小时候养过川东猎犬，性格太烈了，连我都咬[捂脸],1773993069,2,1,6,0,0,True,False,0,,-1,2563657921466860,MS4wLjABAAAASWKkJVEp7lPe-qgf9hTvo23m1gNpHAcCFj9xjM7JfnOQNu0UjvXOicNdAdQPJwMR,控火,sw55908106,"[""https://p3-pc.douyinpic.com/aweme/100x100/aweme-avatar/tos-cn-i-0813_oMDmaBgtIANYAJAA4AxigMIAGEAegAi40ECGSf.jpeg?from=2064092626""]",CN,5,True,2148
7618882333705293056,7619326990390526771,2026-05-10T20:35:36.176701,川东猎犬不叫重庆犬，我们重庆叫它竹狗或邻水狗，原产于大竹县邻水县一带。,1774012809,3,1,5,0,0,True,False,0,,-1,1138728913342813,MS4wLjABAAAACDDJHvY8U1wsUwNK87X8Y4SC_i9qQtH44SE-y7hFHlbIbgyh_5gKerWB35bDsf7k,朵朵5266,tulanduoduo6,"[""https://p3-pc.douyinpic.com/aweme/100x100/aweme-avatar/tos-cn-i-0813_owHVfvAfEEXiXBABjHSBlD9EyIC4a2AfAAxFB7.jpeg?from=2064092626""]",CN,5,True,2148
7618882333705293056,7619142321540268863,2026-05-10T20:35:36.176701,"博主总结得很好，对国内原生犬很熟悉。不少网友疑问大黄为何不入选，其实大黄是个综合性陪伴犬，以陪伴护卫为主，打猎是副业，其中部分是优秀猎犬。而猎犬是一个工作类犬种，以打猎为主，基因主要是猎性基因，天生会猎，陪伴护卫为辅，毫无疑问，其优秀代表是贵州下司犬。川东猎犬很有名，为何排名在下司犬之后，因为川东护卫和斗性较强，打猎团队合作稍差，嗅觉也较下司差些。而下司的优秀不仅表现在其嗅觉超强，团队合作超强，对人和同类一般不主动攻击，除非进入它家的范围，比如进入院子或房内。对从旁经过的陌生人不会表现敌意。而一股的田园大黄护卫性较强，陌生人在进入村子后就会吠叫报警，从而引起全村的狗都会吠叫警示，这就是区别。其它犬类同理比较。
下司犬本是猎猪犬，其嗅觉优秀之出众，可表现在广西及广东沿海一带猎人用下司犬寻蛇寻龟，且在贵州一人口失踪案中警犬无法寻人7日后用下司犬找到人了，显示下司犬极优秀的嗅觉。一股猎人认为能寻两日后“冷骚”即为非常优秀猎犬[呲牙][抱拳]",1773969814,12,1,3,0,0,True,False,0,,-1,93480962593,MS4wLjABAAAApOTHzrW8RvBIjjjVpPaWcUbq_2rEZl-tRzoeyFyWIxs,星辰之光,xingguang30758,"[""https://p3-pc.douyinpic.com/aweme/100x100/aweme-avatar/tos-cn-i-0813_oQs9AMfDCEf795nA1lmACsnpyCdA1EXAFAAbIg.jpeg?from=2064092626""]",CN,5,True,2148
7618882333705293056,7619529827444261669,2026-05-10T20:35:36.176701,过年的时候在朋友家拍的纯正下司犬[不失礼貌的微笑],1774060037,72,1,58,0,0,True,False,0,,-1,55049757858,MS4wLjABAAAASprf5oOHLcCkrD_NVMndQ5hLGeMC-0DCpOD5pLDn_QA,Airport,95886688jf,"[""https://p3-pc.douyinpic.com/aweme/100x100/aweme-avatar/tos-cn-avt-0015_9becce7a3e4a17e109e6bbacdf5a92e3.jpeg?from=2064092626""]",CN,5,True,2148
7618883636854623507,7619203060242711333,2026-05-10T20:35:43.217142,陈百万你什么情况,1773983955,70,1,2,0,0,True,False,0,,-1,65953314069,MS4wLjABAAAA9RxyiEd-U7czosJPQDG7QJxcZnRTOAV0uAkMJdWAsP0,当心,,"[""https://p3-pc.douyinpic.com/aweme/100x100/aweme-avatar/tos-cn-avt-0015_f124d2c88ce349403e78417aefcc9b5c.jpeg?from=2064092626""]",CN,5,True,572
7618883636854623507,7618885517216121642,2026-05-10T20:35:43.217142,陈百万是全网最喜欢观战的主播[流泪],1773910021,7,1,1,0,0,True,False,0,,-1,100405062044,MS4wLjABAAAAMWJ9gIXxTWo8Z6Q7OdE3CFFAWuzdLtqZY5QrRNOmToU,卖萌比当0累,FU_Feb_Aqr28,"[""https://p3-pc.douyinpic.com/aweme/100x100/aweme-avatar/tos-cn-i-0813_oYeGLIZBHDzAfHuUIAAdIecfMPqunQAh0CW2AJ.jpeg?from=2064092626""]",CN,5,True,572
7618883636854623507,7618885794045248305,2026-05-10T20:35:43.217142,请问主播玩的什么游戏啊？怎么总是看别人玩啊,1773910086,5185,1,42,0,0,True,False,0,,-1,3623583059550750,MS4wLjABAAAARbvao20IMltVTZdrvgfBl1gL-iOUevvrADHzNHh6ESu7NHFbUxpfXtjL-31LJ2Y-,Sweet蝴蝶,20917310820,"[""https://p3-pc.douyinpic.com/aweme/100x100/aweme-avatar/tos-cn-avt-0015_71b92838cb485ddd40923575e82302af.jpeg?from=2064092626""]",CN,5,True,572
7618883636854623507,7618888265890874158,2026-05-10T20:35:43.217142,每次开播都在打游戏 你就不能看会书吗,1773910661,3192,1,9,0,0,True,False,0,,-1,1218734692774648,MS4wLjABAAAAGQTSXgHerE6kOD2ojfQAD1QoSmGAqnX-e0KRBUJlpAnn_ZNOl9yt98dDft_FjUap,米椒大帝,49816258390,"[""https://p3-pc.douyinpic.com/aweme/100x100/aweme-avatar/tos-cn-avt-0015_87b979a4c5742eecef34381dde252caf.jpeg?from=2064092626""]",CN,5,True,572
7618883636854623507,7618893047859266330,2026-05-10T20:35:43.217142,百万，你是我的榜样，我今天定级黑铁二,1773911776,742,1,3,0,0,True,False,0,,-1,95312775709,MS4wLjABAAAA_P_E4w65ONyHRlh5iBaYiq6BDlwdk9Os8S-0i7Zyaso,生命中的一點點,yddoyxcdzlwmy,"[""https://p3-pc.douyinpic.com/aweme/100x100/aweme-avatar/tos-cn-i-0813c000-ce_oAU0aa7PAAA9AesowEijeOnBlvYyD5IiEACDiI.jpeg?from=2064092626""]",CN,5,True,572
7618889200267480326,7630790865184097058,2026-05-10T20:36:19.661061,@抖音求真,1776681951,1,1,0,0,0,False,False,0,,-1,2821786037395882,MS4wLjABAAAAHtm_jRgDUhYzF9ZJqjFrRLHcebPffO5i_37NnXT7ega2m0sv4Av3Z2EPIRi1bV7G,爱止痛,86537440687,"[""https://p3-pc.douyinpic.com/aweme/100x100/aweme-avatar/tos-cn-i-0813c001_okIBWXTmlEAeBeMEQ8TfAGAAQDU6UFpBuEFA7U.jpeg?from=2064092626""]",CN,5,True,3189
7618889200267480326,7638197771253613338,2026-05-10T20:36:19.661061,有人喝过胡辣汤吗 ？啥味的 ，纯好奇,1778406504,0,1,0,0,0,False,False,0,,-1,752537193692924,MS4wLjABAAAAMYlhPsxHlT8Ar3bvzbA66tRhQRGTwStDJ7b3-7k94F8,小泽泽,46018806314,"[""https://p3-pc.douyinpic.com/aweme/100x100/aweme-avatar/tos-cn-i-0813c001_oosbEUiVApNisP4TAABAIV61ep0gqCDAAdiDfq.jpeg?from=2064092626""]",CN,5,True,3189
7618889200267480326,7638235243140531002,2026-05-10T20:36:19.661061,真想尝尝西湖醋鱼，我就不信流传这么多年的菜能难吃到哪里去,1778415228,0,1,0,0,0,False,False,0,,-1,1455405312773806,MS4wLjABAAAA3gAhfkvJHorO8PHs3rc3qD23sfKF_3H1FSclopv_ZMsYa0j3o2mRYX1W5Vhqhor0,不丢渣渣桩,dyxqkx,"[""https://p3-pc.douyinpic.com/aweme/100x100/aweme-avatar/tos-cn-i-0813c000-ce_oQlABEidHSBAeJwXgnAyijrEP6eAAzIAs6EesT.jpeg?from=2064092626""]",CN,5,True,3189
7618889200267480326,7638206944091587328,2026-05-10T20:36:19.661061,[懵] 我心目中就两个，童子蛋和蜘蛛，怎么的都吃不下 [无语流汗],1778408887,1,1,0,0,0,False,False,0,,-1,95700634723,MS4wLjABAAAAlZFy5VX0aoPmlO0q5N257-JbNusTn8PyFfEHTGRkL18,寻找最强吃播嘴替播主,hxt150,"[""https://p3-pc.douyinpic.com/aweme/100x100/aweme-avatar/tos-cn-i-0813_oA4IpECAPAZgLSxMAawAnPIgqA6miiLwI6Bpl.jpeg?from=2064092626""]",CN,5,True,3189
7618889200267480326,7638160622882046762,2026-05-10T20:36:19.661061,我作为广东人认为鸡仔饼是好吃的，本地人都不吃？绝对不可能！我个人谈不上喜欢吃，但也认为是好吃的。没有吃过可以吃一下。,1778398125,0,1,0,0,0,False,False,0,,-1,3579657928849768,MS4wLjABAAAALrqiIxzT7efXDlvbqz0Nt8bb-v2WncRF8TCelT3m1iyD5rw0zYu8gXCaPXXM8jkj,拾蚊鸡,dy5tasicie5c,"[""https://p3-pc.douyinpic.com/aweme/100x100/aweme-avatar/mosaic-legacy_3795_3047680722.jpeg?from=2064092626""]",CN,5,True,3189
7618897616314967921,7618971861426520881,2026-05-10T20:36:40.582226,从一脸嫌弃到热情加入,1773930124,885,1,4,0,0,True,False,0,,-1,246711868731680,MS4wLjABAAAAAr8fDtcItKcP-YvcPOBWxcH-vyCuecv1Ek2scyduyxw,清川,dabingchaoda,"[""https://p3-pc.douyinpic.com/aweme/100x100/aweme-avatar/tos-cn-avt-0015_6b443a43b22f634fe6133e4232be4b77.jpeg?from=2064092626""]",CN,5,True,684
7618897616314967921,7622985340874277681,2026-05-10T20:36:40.582226,她什么时候能邀请我啊,1774864585,2,1,1,0,0,True,False,0,,-1,163200854670547,MS4wLjABAAAAgvuuLkkk1Sv2PI8G4p9cYd-OqHSvbx7OpvxZJ5Hh15E,ᴺ ᴾᴱᴬᴷ◦,84644039305,"[""https://p3-pc.douyinpic.com/aweme/100x100/aweme-avatar/tos-cn-i-0813c000-ce_oAdEOrlyEDPmfeQbZyFCwzIE9ApNA7jfAAEnAz.jpeg?from=2064092626""]",CN,5,True,684
7618897616314967921,7618898972682535717,2026-05-10T20:36:40.582226,女生好像是被你香醒的吧[泪奔],1773913154,196,1,1,0,0,True,False,0,,-1,60299178330,MS4wLjABAAAAtXl1TeQzkSegLREfosIl5SzijfPCGwtw0iUoed3bZNs,再遇枫,,"[""https://p3-pc.douyinpic.com/aweme/100x100/aweme-avatar/tos-cn-avt-0015_c6d24fdeae29a7ea8ae2bbd1959902cc.jpeg?from=2064092626""]",CN,5,True,684
7618897616314967921,7619499566539080482,2026-05-10T20:36:40.582226,说真的，挺烦高铁上吃那些味道很重的食物，毕竟高铁通风效果不如绿皮车[戳手手],1774052992,730,1,30,0,0,True,False,0,,-1,87821443614,MS4wLjABAAAAbLXDxvLJmtIG-C8QKWK_a-Pt01cLPwkudtznyamXjH8,遨游岁月,ok2121,"[""https://p3-pc.douyinpic.com/aweme/100x100/aweme-avatar/tos-cn-i-0813_osRgaAAgnEA41TZJChFEgDDXAhA91fAQIyfANM.jpeg?from=2064092626""]",CN,5,True,684
7618897616314967921,7619537877974139685,2026-05-10T20:36:40.582226,如果是高铁，这样很不礼貌，如果是火车，当我没说,1774061910,6,1,5,0,0,True,False,0,,-1,1094746410321864,MS4wLjABAAAAOD30Y7a3QKWy7XwboSyCrW1O6clEwZTvXKdkS025Fw5cWyHwPDCZXsPJe_U-X20z,走马,hh.0003,"[""https://p3-pc.douyinpic.com/aweme/100x100/aweme-avatar/tos-cn-avt-0015_f5bda472a4d0e45ec90bd2b1f1070875.jpeg?from=2064092626""]",CN,5,True,684
7618906385983507722,7618917672680260402,2026-05-10T20:37:17.550276,亚娅驾到,1773917508,45544,1,575,0,0,True,False,0,,-1,3301154868431655,MS4wLjABAAAAevOg23q7AObrm-dixjjy7uPD9q7o_fmM6Mt6pBHq6GiaxZ_1bkS73SIt7rfNXJw2,亚娅大王,divya_1802,"[""https://p3-pc.douyinpic.com/aweme/100x100/aweme-avatar/tos-cn-avt-0015_7c6fe47384809fff3187057eecbb875c.jpeg?from=2064092626""]",CN,5,True,7933
7618906385983507722,7619183666064802596,2026-05-10T20:37:17.550276,@亚娅大王 魔芋爽大王 [捂脸],1773979801,420,1,3,0,0,True,False,0,,-1,82453475664,MS4wLjABAAAAAcZ8wzsbmS1SUCBqLIuyo_-VcfBYnygfK-rFkbzneCM,悠然.,,"[""https://p3-pc.douyinpic.com/aweme/100x100/aweme-avatar/tos-cn-i-0813c001_oIDAyIDDFAUAcflbA93IACyAbppIQDAfgmvFQE.jpeg?from=2064092626""]",CN,5,True,7933
7618906385983507722,7628033171733087026,2026-05-10T20:37:17.550276,有人读《追风筝的人》吗？,1776039877,5,1,3,0,0,True,False,0,,-1,62718969763,MS4wLjABAAAAjQzXoTD0t64Rn2HvKs-VXqDAj2tydCvtejv9A6USoSA,🌈🌈🌈😜  _肥杰👣,,"[""https://p3-pc.douyinpic.com/aweme/100x100/aweme-avatar/mosaic-legacy_2ce8c000329b1e71271fb.jpeg?from=2064092626""]",CN,5,True,7933
7618906385983507722,7618971082146284324,2026-05-10T20:37:17.550276,中国卷，但相对公平，底层解放后还有些许机会。印度连学习卷的机会都没有，如果我是印度底层，连卷的机会都没有。走歧途去犯罪极大可能变成人生选择。,1773930458,87,1,16,0,0,True,False,0,,-1,97940089593,MS4wLjABAAAAmeIwgJ1No3oSUxJ6HIE2c0AQbhYBBu5Okfnsg63BGoE,散兵,baiyan67356,"[""https://p3-pc.douyinpic.com/aweme/100x100/aweme-avatar/mosaic-legacy_26ecb0003f66e867d3b2b.jpeg?from=2064092626""]",CN,5,True,7933
7618906385983507722,7620827740254733094,2026-05-10T20:37:17.550276,这感觉骨子里的中国女孩啊，毫无印度痕迹,1774362230,739,1,2,0,0,True,False,0,,-1,8395430306788,MS4wLjABAAAAOK61js3kgBQWWQiwF1dT-TVy1AFXyAiqj72UCVhhuZI,奋发图强的抹布,dyfu3bt59t0e,"[""https://p3-pc.douyinpic.com/aweme/100x100/aweme-avatar/mosaic-legacy_3795_3047680722.jpeg?from=2064092626""]",CN,5,True,7933
7618910321725525254,7619602871801086757,2026-05-10T20:37:28.707713,叶清茶是陈翔六点半有史以来最漂亮的女生,1774077042,4650,1,33,0,0,True,False,0,,-1,2638418194215728,MS4wLjABAAAAGtyTKmBBZM0VJq0GZT8oOUGkLMYaIMzUilJOUoplWEKAfTFZs13gh6AhkXo7ICXQ,问天,dyuzlrgqj425,"[""https://p3-pc.douyinpic.com/aweme/100x100/aweme-avatar/mosaic-legacy_3795_3047680722.jpeg?from=2064092626""]",CN,5,True,22404
7618910321725525254,7619676598497657649,2026-05-10T20:37:28.707713,[捂脸][捂脸][捂脸],1774094208,834,1,17,0,0,True,False,0,,-1,94932901143,MS4wLjABAAAAW1dvgWWZ7h81nB7j6zMW5eO3hI-JCo4ryg7dEnCcohc,人生靠自己,,"[""https://p3-pc.douyinpic.com/aweme/100x100/aweme-avatar/tos-cn-i-0813_oczAODf4xEzX6JAAVxAgNsh6yGITew1ACAv36C.jpeg?from=2064092626""]",CN,5,True,22404
7618910321725525254,7618932172200313652,2026-05-10T20:37:28.707713,所以，小明，你到底买没买挖掘机啊！,1773920883,20,1,3,0,0,True,False,0,,-1,51212365085,MS4wLjABAAAAkKSfHrDLZ_hyNPiFJwh80iu2AQ3vtuIFSEwgW0FSCmc,画船听雨眠。,LuckyGT621,"[""https://p3-pc.douyinpic.com/aweme/100x100/aweme-avatar/tos-cn-i-0813_ooH1zAAIpDAU5jq9C1iiguBZAfA90OAIEhfLNu.jpeg?from=2064092626""]",CN,5,True,22404
7618910321725525254,7618962709828092722,2026-05-10T20:37:28.707713,你信不信，两个人如果缘分尽了，就算在同一座城市，也不会再见了,1773927993,4291,1,233,0,0,True,False,0,,-1,1805814308543872,MS4wLjABAAAAAc270-6JCFyT2jMgo8GWOkZHxe2k5XuYFi7erosbcl701JKrjqG_WvX0St1kFdes,明晨,44375859519,"[""https://p3-pc.douyinpic.com/aweme/100x100/aweme-avatar/tos-cn-i-0813_oobVAr6KxLQfQADvH3o8dBcnE7AMXg7ffxEAAB.jpeg?from=2064092626""]",CN,5,True,22404
7618910321725525254,7618958877828317961,2026-05-10T20:37:28.707713,哪个高人指点一下我，我有500万，为什么每天过得不开心,1773927100,304,1,195,0,0,True,False,0,,-1,92813159447,MS4wLjABAAAAJSN0op9lZiXxhG7yRiKpC1w2e2zzHN5xtTGvPeI1YjM,鱼丸吖,,"[""https://p3-pc.douyinpic.com/aweme/100x100/aweme-avatar/tos-cn-i-0813c000-ce_ogFheAcA9ILAce7f0CEAzXDpAoFFEEOXEwiXdh.jpeg?from=2064092626""]",CN,5,True,22404
7618911899317530875,7619150811414676273,2026-05-10T20:37:36.705438,比奇堡：你们没有名字吗,1773971789,388,1,10,0,0,True,False,0,,-1,2172283629870952,MS4wLjABAAAAaZaRDzoF4aPP5SzitifeEwS2aUi7YjvLr6ekhuztX-8CjssXsgsHEdWWEjUoozA0,正好,49440875082,"[""https://p3-pc.douyinpic.com/aweme/100x100/aweme-avatar/tos-cn-avt-0015_dd833ec3a8d9393d62f3a6303cbda63a.jpeg?from=2064092626""]",CN,5,True,9723
7618911899317530875,7621791949166478114,2026-05-10T20:37:36.705438,纸醉金迷不带我，通缩螺旋全赖我[看],1774586726,1510,1,14,0,0,True,False,0,,-1,109735832365,MS4wLjABAAAA3ujnfOYfiln7O_3FMyhqkLU8pLtwDAflDnpNjmik7ag,Backhome,,"[""https://p3-pc.douyinpic.com/aweme/100x100/aweme-avatar/tos-cn-i-0813c001_osebidJagE0eAEKn0AID3qiMAtASCQvACcAEBA.jpeg?from=2064092626""]",CN,5,True,9723
7618911899317530875,7626987518903649082,2026-05-10T20:37:36.705438,世界是个巨大的比奇堡[噢买尬],1775796415,17,1,1,0,0,True,False,0,,-1,59176424404,MS4wLjABAAAA693aDkdAm6_bfK4NU40EPcOdOSPvuNVpRuqB6q2ELws,观月酱,,"[""https://p3-pc.douyinpic.com/aweme/100x100/aweme-avatar/tos-cn-i-0813c001_f0f3c53511f6454db780e702708828c6.jpeg?from=2064092626""]",CN,5,True,9723
7618911899317530875,7638102652853060411,2026-05-10T20:37:36.705438,好有道理啊，那德国当时一个面包卖50万马克，那会的人真的发财了，什么都涨价，羡慕[大哭][大哭][大哭],1778384358,2,1,0,0,0,False,False,0,,-1,60299667218,MS4wLjABAAAAg6d1mAehkUBNm2w39ZQl1Fbhmk6FyA1kphHx07xlvNc,深圳Seven男士理发馆&阿盛,ddd161616,"[""https://p3-pc.douyinpic.com/aweme/100x100/aweme-avatar/douyin-user-image-file_ac53d54ec388a429b7a2599289041ee5.jpeg?from=2064092626""]",CN,5,True,9723
7618911899317530875,7622653047574938409,2026-05-10T20:37:36.705438,不怕通缩.怕滞胀。  我们现在就在走滞胀.,1774787217,37,1,1,0,0,True,False,0,,-1,4257759498866343,MS4wLjABAAAAd50_LuogDJmuW6pp6KUImFBvX4UiL78gGJrY61AOl9N6Yn1MAudxnTPBxfPOBftZ,教练.我想打🏀,50741147466,"[""https://p3-pc.douyinpic.com/aweme/100x100/aweme-avatar/tos-cn-i-0813_oIAnAet2GBFTLA4Br3IS0eIWdEGQ4meAdo73lA.jpeg?from=2064092626""]",CN,5,True,9723
7618911996402444746,7619261631793595193,2026-05-10T20:38:01.825345,亚洲如果没有中华民族，他们这些黄种人在这颗星球上头都抬不起来。,1773997592,66,1,1,0,0,True,False,0,,-1,83527677404,MS4wLjABAAAARasiaU7_sBJDTpJFHqRRdQ5c1hLgWQtUSTIvmPSvtAw,@金十亿,G99999.99.9zZ,"[""https://p3-pc.douyinpic.com/aweme/100x100/aweme-avatar/tos-cn-avt-0015_b0413d86ba3888614050b83c026a59e2.jpeg?from=2064092626""]",CN,5,True,1463
7618911996402444746,7619258812877423398,2026-05-10T20:38:01.825345,,1773996935,3,1,2,0,0,True,False,0,,-1,4362473646604024,MS4wLjABAAAAv_g99twJKcz_X7orc0-YSIB5n4oUE5i82qWRPtvpr6-SDQHFcEh06iMCFoFKLlDP,沧海一粟,dy8xusfnkp1x,"[""https://p3-pc.douyinpic.com/aweme/100x100/aweme-avatar/tos-cn-avt-0015_2046b0c677a9250d1e6eb3fc6d28506b.jpeg?from=2064092626""]",CN,5,True,1463
7618911996402444746,7619515113288024851,2026-05-10T20:38:01.825345,每年去越南几次，南北越都去，河内、胡志明、各“省”工业区，总体感觉像我国2000年左右的状况吧。文化方面就像你开头说的，啥都想说是自己的，但是什么都说不清楚开头。骨子里其实是不服气、但又没辙。简单来说就是自卑[微笑],1774056611,59,1,11,0,0,True,False,0,,-1,95529283826,MS4wLjABAAAAvrTxmkTkRUQ5HidT80f-WtLmJ07XXizi-pcuE2Kpg1I,有点蓝,aleckho,"[""https://p3-pc.douyinpic.com/aweme/100x100/aweme-avatar/tos-cn-avt-0015_cb89dcb46e34b6a1a4774ef89c990232.jpeg?from=2064092626""]",CN,5,True,1463
7618911996402444746,7638134288383640369,2026-05-10T20:38:01.825345,越南自古以来就属于广西,1778391724,0,1,0,0,0,False,False,0,,-1,91945261106,MS4wLjABAAAA53RcRA-12RAtwCPqM17IPrD_HhKYS5saVGB4YQtyYjk,😇️jasonzhu,,"[""https://p3-pc.douyinpic.com/aweme/100x100/aweme-avatar/tos-cn-i-0813c000-ce_ocvn0xBuEiAiIqCgkAinAMAAEwBrfelA05VAwW.jpeg?from=2064092626""]",CN,5,True,1463
7618911996402444746,7619255259461976869,2026-05-10T20:38:01.825345,是在复刻这个吗[吐舌],1773996107,41,1,5,0,0,True,True,0,,-1,99429193641,MS4wLjABAAAAfSo3-IR6mMqqSRm5ybiNfh12fEjGf73rKRDL8mdZ-oI,_春与青溪长,,"[""https://p3-pc.douyinpic.com/aweme/100x100/aweme-avatar/tos-cn-avt-0015_5e5aa5b02337a968237c774abdb92cf8.jpeg?from=2064092626""]",CN,5,True,1463
7618916334441055891,7619022871440950075,2026-05-10T20:38:14.035260,我觉得你可以把每套的价格和牌子打在旁边，这样我们就可以很直观的看到自己能不能消费。你也可以从评论区的反馈里面看到看自己视频的受众主要是哪些，从而调整自己的选品[送心],1773942006,7875,1,32,0,0,True,False,0,,-1,83592540885,MS4wLjABAAAAzE6751SXuynrYbYhfdU-ycScLj-my29T5hcFWqOhAkc,aha,,"[""https://p3-pc.douyinpic.com/aweme/100x100/aweme-avatar/tos-cn-avt-0015_f9583773a242361a6ce871a1570755da.jpeg?from=2064092626""]",CN,10,True,5005
7618916334441055891,7619146020891411238,2026-05-10T20:38:14.035260,姐妹想要这套连接,1773970675,2,1,2,0,0,True,False,0,,-1,76497192459,MS4wLjABAAAAQPcy7yOHv5fUKmdAHKNU4CEyYJchenducrTxZS7OeJA,👑Wu 所谓,,"[""https://p3-pc.douyinpic.com/aweme/100x100/aweme-avatar/mosaic-legacy_fb620006c06c1be74936.jpeg?from=2064092626""]",CN,10,True,5005
7618916334441055891,7637948127174460186,2026-05-10T20:38:14.035260,主播要这套，橱窗里面没找到,1778348383,0,1,0,0,0,False,False,0,,-1,4371294480500941,MS4wLjABAAAACLbLSrOSVxnDYQ5ORIFKiR5zSS1sff_PKjJ_IzvPBGQyVJ83sGt96DY4WQFKoVrX,一杯🧊美式.,dy0efyx5828h,"[""https://p3-pc.douyinpic.com/aweme/100x100/aweme-avatar/tos-cn-avt-0015_8bb03b23308ecdf6e7df5320ff1ff576.jpeg?from=2064092626""]",CN,10,True,5005
7618916334441055891,7619261908483130170,2026-05-10T20:38:14.035260,是这个么,1773997656,7,1,1,0,0,True,False,0,,-1,76921165615,MS4wLjABAAAA3CD2E70tLuI8rFY0p44qtS3LrvQgYy_EnFPN0PeF0us,我干嘛了,DaMeimao99,"[""https://p3-pc.douyinpic.com/aweme/100x100/aweme-avatar/tos-cn-avt-0015_2048d8efe13f7d246e48340dd9943a4a.jpeg?from=2064092626""]",CN,10,True,5005
7618916334441055891,7621521383134642981,2026-05-10T20:38:14.035260,我158 104斤 看着都比你胖[杀马特] 而且我肩宽,1774523731,3,1,1,0,0,True,False,0,,-1,96661394391,MS4wLjABAAAADBPv3yk9OKrdZdB4eCiWe4F0Nm2ujQ6b0OEoclKPKdg,梅洛.,gy2001955,"[""https://p3-pc.douyinpic.com/aweme/100x100/aweme-avatar/tos-cn-avt-0015_1b13488eb510d1f9227d07d32ad94aeb.jpeg?from=2064092626""]",CN,10,True,5005
7618918303242800424,7637469751429628724,2026-05-10T20:38:28.698699,这个和虎鲸哪个厉害,1778237000,1,1,0,0,0,False,False,0,,-1,2640387821281828,MS4wLjABAAAAfwTUYNTJlweIeccmK7wO-QxP-9csj13IGNLPejsmDU6P5580PIwOhneFRPbgRpgF,趴在后院嗦🐔屎,64834308222,"[""https://p3-pc.douyinpic.com/aweme/100x100/aweme-avatar/douyin-user-image-file_cae95fda9ed3aa098c6a2ee1bb7d7aa0.jpeg?from=2064092626""]",CN,5,True,254
7618918303242800424,7624617320280097595,2026-05-10T20:38:28.698699,巨齿鲨是独行的，利维坦是抱团的，巨齿鲨打不过[懵],1775244571,253,1,20,0,0,True,False,0,,-1,105406578596,MS4wLjABAAAAULpWzTINCOtubpNCL0pZ6HnddROSwnumKyhU1Izvc7M,zzzk,1234567fnk,"[""https://p3-pc.douyinpic.com/aweme/100x100/aweme-avatar/tos-cn-i-0813c000-ce_oMzFAfJ8F3NTXJAzI8wU7POMgQeBOiAftLdjQA.jpeg?from=2064092626""]",CN,5,True,254
7618918303242800424,7634062543057617701,2026-05-10T20:38:28.698699,鲸类智商更高，巨齿鲨也是鱼。利维坦鲸和巨齿鲨的胜率应该是8：2。虎鲸就是捕猎大白鲨的,1777443698,20,1,19,0,0,True,False,0,,-1,98312708895,MS4wLjABAAAAk0UpywX6xSQ9YCQp9u2iljkhnZvfP-Jhy2UBhoXeCCw,小李飞刀,,"[""https://p3-pc.douyinpic.com/aweme/100x100/aweme-avatar/tos-cn-i-0813c000-ce_oABQEAu1h7tK4AA0KAMJUBAniZavtVMAniWIP.jpeg?from=2064092626""]",CN,5,True,254
7618918303242800424,7637018967647535909,2026-05-10T20:38:28.698699,巨齿鲨软骨鱼怎么打的过？,1778132044,0,1,0,0,0,False,False,0,,-1,111365428830,MS4wLjABAAAAD2wiSj7Tf7bOb97SsLsSSyRbBCs16reG_yu8V1ZwERg,千分之柒,feifeizuozhu,"[""https://p3-pc.douyinpic.com/aweme/100x100/aweme-avatar/tos-cn-i-0813_caa447e45c754ce496a0154b77462c65.jpeg?from=2064092626""]",CN,5,True,254
7618918303242800424,7636823615850644260,2026-05-10T20:38:28.698699,[我想静静]巨齿鲨被一群利维坦鲸围杀还能被反杀一头，开玩笑呐,1778086568,17,1,2,0,0,True,False,0,,-1,267936983425960,MS4wLjABAAAAL1qrpg1_9CmHJ1dJkNapHIrRauXMmxL9btTf2SL-7ZA,喵二爸,2078011021XM,"[""https://p3-pc.douyinpic.com/aweme/100x100/aweme-avatar/tos-cn-i-0813_ae9e63375cbe42fd8c60958329c89c22.jpeg?from=2064092626""]",CN,5,True,254
7618925223450086692,7620424781136921398,2026-05-10T20:38:48.068373,听着大天蓬可是谁又能想起当年那个人呢？,1774268450,11,1,3,0,0,True,False,0,,-1,1005414175737166,MS4wLjABAAAAkdaTzQ_LXgFgfNjQP9vwXFBuYf0HHxLOLTtlYnCqCtAVNHkYUB-eQMOUEC5_L56y,我拿筷子就,85563076482,"[""https://p3-pc.douyinpic.com/aweme/100x100/aweme-avatar/tos-cn-i-0813c001_ogw5AXfI1NIrLA8lARAQ2rHLeeCdN3DICGeIAB.jpeg?from=2064092626""]",CN,10,True,81
7618925223450086692,7634913513841296179,2026-05-10T20:38:48.068373,0.75速食用更佳！,1777642232,1,1,0,0,0,True,False,0,,-1,102777302213,MS4wLjABAAAAlVVXSEusvkm-uV9K-49BorVVSMLhPcLUYaDgULYShZs,大A天才交易员,,"[""https://p3-pc.douyinpic.com/aweme/100x100/aweme-avatar/tos-cn-i-0813_o04m9vAseAQmLtNeAG7ThvEwdIBELBAT4zAgfb.jpeg?from=2064092626""]",CN,10,True,81
7618925223450086692,7619636034732688170,2026-05-10T20:38:48.068373,等量产,1774084765,12,1,1,0,0,True,False,0,,-1,67397925716,MS4wLjABAAAA3HCoei2JA3B3533Jz-vo18fk2RhoI3QEFndRMrRMzT8,🌈🌈度°,,"[""https://p3-pc.douyinpic.com/aweme/100x100/aweme-avatar/mosaic-legacy_90ff001ddb86c86255fc.jpeg?from=2064092626""]",CN,10,True,81
7618925223450086692,7623756899170943784,2026-05-10T20:38:48.068373,等我十年,1775044276,3,1,1,0,0,True,False,0,,-1,626069338603287,MS4wLjABAAAAPtJmo06-998VJetBgrwVtr9tGRQ-sfk3aNOa8fI8yF4,你猜,75844951551,"[""https://p3-pc.douyinpic.com/aweme/100x100/aweme-avatar/mosaic-legacy_3795_3044413937.jpeg?from=2064092626""]",CN,10,True,81
7618925223450086692,7619775783637615406,2026-05-10T20:38:48.068373,[比心],1774117308,2,1,3,0,0,True,False,0,,-1,98104984245,MS4wLjABAAAAZl75qXyeEM9qbwhCNN0GOH6k7ukDIA2rftF_-dViue4,紫杉,,"[""https://p3-pc.douyinpic.com/aweme/100x100/aweme-avatar/afbe966082a329ed75a8cccebba94f6d.jpeg?from=2064092626""]",CN,10,True,81
7618928245845956985,7619284831244239657,2026-05-10T20:38:56.431829,发现跟小盐巴在一个船上哎[泣不成声],1774002994,2318,1,13,0,0,True,True,0,,-1,98881537000,MS4wLjABAAAAihC1yy-_BGhPIgqcEuykDSHkwO7KH5bGbfxMBJG4EqI,绵绵🍦,,"[""https://p3-pc.douyinpic.com/aweme/100x100/aweme-avatar/tos-cn-i-0813c001_oA2Bt9AcEi81OnAAlt0AUBoC6Iu3NTAfgAgiDe.jpeg?from=2064092626""]",CN,10,True,1754
7618928245845956985,7619310617405588259,2026-05-10T20:38:56.431829,得花多少钱,1774008997,1,1,3,0,0,True,False,0,,-1,1961127314195447,MS4wLjABAAAAHt2X-PlJZl6NIXov3YIqjI_Jk8ljYqhriuxq0aPoW_UsQOHdaAVWfFqnCgZClgcq,残尸败蜕,38443315715,"[""https://p3-pc.douyinpic.com/aweme/100x100/aweme-avatar/tos-cn-avt-0015_28f051ddbe120edb00c61ba54fe9c952.jpeg?from=2064092626""]",CN,10,True,1754
7618928245845956985,7622291855929672497,2026-05-10T20:38:56.431829,那个唱歌的铁板师傅的餐厅也是免费的吗？[玫瑰],1774703121,1,1,1,0,0,True,False,0,,-1,77192010494,MS4wLjABAAAA-pjLHAk7fajyoBD0dioaYAutpqtwiAdCcYogiVya1EE,乐乐小妖,,"[""https://p3-pc.douyinpic.com/aweme/100x100/aweme-avatar/tos-cn-avt-0015_62006be5ca0e4519c4a82efcc73313e0.jpeg?from=2064092626""]",CN,10,True,1754
7618928245845956985,7627805819106542373,2026-05-10T20:38:56.431829,韓國的食物確實不咋滴，但比起美國，真的算美食了，想想我在GSB那兩年，硬是把自己熬成了半個大廚。[躺平][躺平][躺平],1775986940,1,1,0,0,0,True,False,0,,-1,3428697225561116,MS4wLjABAAAAKfiVISgujrL5Mi2fX_7k4ILE3kuyWlhXjc2YVTjxXkKL0oSsJU5Po2W5yCOsyAUs,紫禁城在逃公主,93120130739,"[""https://p3-pc.douyinpic.com/aweme/100x100/aweme-avatar/tos-cn-i-0813c000-ce_okBoX0MaibEhAiSDkAnEAwEV3dAeCGB2AI3veK.jpeg?from=2064092626""]",CN,10,True,1754
7618928245845956985,7626712072080163633,2026-05-10T20:38:56.431829,食物都是免费吗[抱抱你]@首尔小肥羊,1775732282,3,1,0,0,0,True,False,0,,-1,3455116758752588,MS4wLjABAAAAqyD6kzF_dx1_C-Ik42H2XKtLB-kjdIFBk_TRedFKUUBrJjlNCtwMVkWeZymf5FkD,鸣蝉践夕阳,110101.xyl.2013,"[""https://p3-pc.douyinpic.com/aweme/100x100/aweme-avatar/tos-cn-i-0813c000-ce_ok6AYBFVrEDzlpAAT9AwfeECoUIU9AGEeAOLtE.jpeg?from=2064092626""]",CN,10,True,1754
7618935276379507185,7618935850249159473,2026-05-10T20:39:28.556247,“蒙蒙灰”…等52人已取关你,1773921740,1,1,1,0,0,True,True,0,,-1,5748480772,MS4wLjABAAAAgr2s7cHlRORn05Y0i0WmCC6RniynFPqr8cU-p6kAVug,小胡同,XHAN_511,"[""https://p3-pc.douyinpic.com/aweme/100x100/aweme-avatar/tos-cn-avt-0015_904716a5b4d8df0b2d9b0dc3864f52c7.jpeg?from=2064092626""]",CN,10,True,723
7618935276379507185,7620799045653824275,2026-05-10T20:39:28.556247,重选一次 朋友还是恋人,1774355550,73,1,17,0,0,True,False,0,,-1,1232982400082812,MS4wLjABAAAAz2WjGBIbqw-KuZPSLw1FaR9zy5LxOEDxQ6BOcjEPh5G56f21L6xLKctjZC25bVUE,用户5926763892251,84300955894,"[""https://p3-pc.douyinpic.com/aweme/100x100/aweme-avatar/aweme_default_avatar.png.jpeg?from=2064092626""]",CN,10,True,723
7618935276379507185,7618936679408190245,2026-05-10T20:39:28.556247,蒙蒙我现在在学校[流泪],1773921933,1,1,2,0,0,True,True,0,,-1,3804766621678526,MS4wLjABAAAAk-6ksBdxQ7AYDcXFr9tl7whzjFzT4FtI4_BSpcU2EYD_1_IKvrwcEmIiRvQ1bUiN,𝓓𝓮𝓬𝓮𝓲𝓿𝓮,64853500518,"[""https://p3-pc.douyinpic.com/aweme/100x100/aweme-avatar/tos-cn-i-0813c000-ce_o0oCe1FADuCBgvytAAA9GxfwAXEi12ipwECIOM.jpeg?from=2064092626""]",CN,10,True,723
7618935276379507185,7618955793148592948,2026-05-10T20:39:28.556247,坐在窗台上装忧郁一转身掉到猪圈了[流泪],1773926383,565,1,8,0,0,True,True,0,,-1,3112040745412884,MS4wLjABAAAAKYZCafdrJrGgrPVURa3JW0rXOA6LEhBFP_VGfJEfTsgnYG9Ge0rCpWgA2mlWx3R1,用户0806,75654808877,"[""https://p3-pc.douyinpic.com/aweme/100x100/aweme-avatar/tos-cn-i-0813c001_oAfp2Q9DAHD9i3QEgPF14EAXASAmIgCvzfANIA.jpeg?from=2064092626""]",CN,10,True,723
7618935276379507185,7618944865284031281,2026-05-10T20:39:28.556247,蒙蒙我稀罕你 你能不能给我们做很久很久的音乐[黑脸][调皮],1773923838,3,1,1,0,0,True,True,0,,-1,1766272280046195,MS4wLjABAAAAXKDXr6AASEBLUK-pAP_53tZWqnKAIgMel5R9mzgzCJUzpDS65LuXPCFxIfVMSRsU,脾气比奶龙倔,lin12016,"[""https://p3-pc.douyinpic.com/aweme/100x100/aweme-avatar/tos-cn-i-0813c000-ce_oEAEeIF2wAp9EX6Geif3A1BEuAAgIiA5IA2FAA.jpeg?from=2064092626""]",CN,10,True,723
7618941698387074993,7619390858781410085,2026-05-10T20:40:02.345175,[微笑]真的存在，和我聊天了,1774027682,4,1,1,0,0,True,False,0,,-1,4284165046939853,MS4wLjABAAAAHxUwEkRDLZjnoq5XSVnWppA0dWtngw3MB_guq6x-EIJBX20-hwQ05gAnsHe_lKW6,瑾羽📷Thiem,82865043418,"[""https://p3-pc.douyinpic.com/aweme/100x100/aweme-avatar/tos-cn-i-0813c000-ce_oIDsMAqiavpPABsSAiMIrAIuA6gAEBAHADivu.jpeg?from=2064092626""]",CN,5,True,288
7618941698387074993,7619995809426146090,2026-05-10T20:40:02.345175,这几天推了不少萧山机场的视频和说明，一样的视频推了不少,1774168534,0,1,0,0,0,True,False,0,,-1,95075943476,MS4wLjABAAAAotZFvaVnMskh8ueenk0pge_91vq2VkZPagZx4YQTqd4,张明月,,"[""https://p3-pc.douyinpic.com/aweme/100x100/aweme-avatar/tos-cn-avt-0015_d9bb0e770627139a6f2aa40649d7e16d.jpeg?from=2064092626""]",CN,5,True,288
7618941698387074993,7627279772854256443,2026-05-10T20:40:02.345175,或者地球的史前文明比如埃及，亚特兰蒂斯等等，可能就是被外星文明消灭了，史前文明才是地球原住民。然后为了占领地球给类人猿改善了基因，进化成了人类，人类其实是外星人的改善物种。,1775864461,0,1,3,0,0,True,False,0,,-1,2040345388910852,MS4wLjABAAAAsvs_iCACKxDVDHrXRBL-FmLx1dV4hmiA-iUERS0N7nduBaJt4pKt9GCTbccOGm7V,你看不见我,chenyang0225,"[""https://p3-pc.douyinpic.com/aweme/100x100/aweme-avatar/tos-cn-i-0813c000-ce_o4AIwEmA9VzEpANfsAe7DDUVqHRDAEFOeA6EVt.jpeg?from=2064092626""]",CN,5,True,288
7618941698387074993,7619550486106522377,2026-05-10T20:40:02.345175,萧山机场,1774064846,0,1,0,0,0,True,False,0,,-1,2714046479481902,MS4wLjABAAAA4eXQ3OryId-I-TfepNIZxt-oNZFhsqztDH_gXl0je5WIQyel0w9I7P9qCD6N0wii,漢,51621976375,"[""https://p3-pc.douyinpic.com/aweme/100x100/aweme-avatar/tos-cn-i-0813c001_oECIAAHkDeA3jTAgQ9KnD4YzhuMAnKlcOAlbCf.jpeg?from=2064092626""]",CN,5,True,288
7618941698387074993,7625304448446251833,2026-05-10T20:40:02.345175,搜打撤,1775404546,0,1,0,0,0,True,False,0,,-1,105185451512,MS4wLjABAAAAMLb2lW2RW9oNvwR74ZLRJFyHaR6_NNRrWERrwYMFDWo,松源🇨🇳,,"[""https://p3-pc.douyinpic.com/aweme/100x100/aweme-avatar/tos-cn-avt-0015_cf7cc6418e95e40034e18225a15ef571.jpeg?from=2064092626""]",CN,5,True,288
7618945362620011386,7634504902597083961,2026-05-10T20:40:27.812438,[赞][赞],1777546692,0,1,0,0,0,False,False,0,,-1,3284967927586839,MS4wLjABAAAAgte0tlcgQk9HiyMXlWzd06vQH9umPG0gMIuRqcWzZrsX2cHyMwU0SiyiI2j7l5Av,5冰冷的心5,268078syx,"[""https://p3-pc.douyinpic.com/aweme/100x100/aweme-avatar/tos-cn-i-0813_b6eb7a4227a94faa99788afd6db21c66.jpeg?from=2064092626""]",CN,5,True,56
7618945362620011386,7634481082675020581,2026-05-10T20:40:27.812438,黑色一条一条的是什么,1777541146,0,1,2,0,0,True,False,0,,-1,110817772977,MS4wLjABAAAARABa2YWLBf4psv0RLq_90Y83J4nawuphgRNGYId3PNM,静如水,jingrushui6019,"[""https://p3-pc.douyinpic.com/aweme/100x100/aweme-avatar/tos-cn-avt-0015_5822527d52b354a8346ff1e362499c66.jpeg?from=2064092626""]",CN,5,True,56
7618945362620011386,7638198105461539610,2026-05-10T20:40:27.812438,@,1778406583,0,1,0,0,0,True,False,0,,-1,71563296753,MS4wLjABAAAAp9FQxI5Qf7qIy1zRfX0IPyNqavje4OFpadRfLqlBS4w,沐浴清风,dy9gc7xw2uud,"[""https://p3-pc.douyinpic.com/aweme/100x100/aweme-avatar/mosaic-legacy_2f9490008a5a72b350077.jpeg?from=2064092626""]",CN,5,True,56
7618945362620011386,7619619366971818788,2026-05-10T20:40:27.812438,整个大棚，人造海底，养点东西，再拍个外景 [赞],1774081331,9,1,0,0,0,True,False,0,,-1,70038485539,MS4wLjABAAAAh5HjzrWXDUVxvgvAtDyqm6Otzx-aCPDhNgAuXxOyOAQ,烦恼的头皮,,"[""https://p3-pc.douyinpic.com/aweme/100x100/aweme-avatar/mosaic-legacy_8d8700162df2ada9934e.jpeg?from=2064092626""]",CN,5,True,56
7618945362620011386,7634535104257721122,2026-05-10T20:40:27.812438,[赞][赞][赞][赞][玫瑰][玫瑰][玫瑰],1777553724,0,1,0,0,0,False,False,0,,-1,352318604445400,MS4wLjABAAAAZhzM5LyP_zjehizmC-V2GFn_qodWHNkTyaOkI_4B-30,用户3214765960918,87570744543,"[""https://p3-pc.douyinpic.com/aweme/100x100/aweme-avatar/mosaic-legacy_3791_5035712059.jpeg?from=2064092626""]",CN,5,True,56
7618948192344184054,7619333107132580623,2026-05-10T20:41:01.416171,主人[尬笑]11500的那个我也喜欢，我还不掉毛。,1774014233,752,1,15,0,0,True,False,0,,-1,2233808837675767,MS4wLjABAAAAnck8YphAbLM8Fayw0-ltqVjDO-R0kQWw-zd6VEH-FR9UxK_oum4OUf-KrcC3_9A-,G D,___Black___,"[""https://p3-pc.douyinpic.com/aweme/100x100/aweme-avatar/tos-cn-i-0813_oo5QIIFfATNPHJArAADAQnNu90ngkCBAAcELfg.jpeg?from=2064092626""]",CN,10,True,707
7618948192344184054,7618950189756187444,2026-05-10T20:41:01.416171,买了这么多，如果用不掉，可以送我[调皮],1773925079,1591,1,115,0,0,True,False,0,,-1,73700496823,MS4wLjABAAAALEHFw8RBAOyPKcszghkyV-kSZ9OHGF_wDUWslxFuvtg,红红吖,,"[""https://p3-pc.douyinpic.com/aweme/100x100/aweme-avatar/mosaic-legacy_315e400003067cac145a3.jpeg?from=2064092626""]",CN,10,True,707
7618948192344184054,7631105977781568275,2026-05-10T20:41:01.416171,把这些钱捐出去做些善事吧[捂脸],1776755318,0,1,0,0,0,False,False,0,,-1,61389829698,MS4wLjABAAAAWOKxUwEGrHdinGctdtVnET-y5GyVzs8sdGC9e1-zEB8,我要上上签,,"[""https://p3-pc.douyinpic.com/aweme/100x100/aweme-avatar/tos-cn-i-0813_o4E9NKIJmDvSA5DqCgffFFANABEcGASkAUypQA.jpeg?from=2064092626""]",CN,10,True,707
7618948192344184054,7620090304855982911,2026-05-10T20:41:01.416171,少爷少爷您看看老奴啊[流泪]我大学专业学抱猫的啊[流泪],1774190534,88,1,4,0,0,True,False,0,,-1,69510497499,MS4wLjABAAAAAJ8ODBXUKaHQueRmPQF0lYioCjlhg4ZqEqMv6hbeV8w,小薛八方来财好运连连健康快乐万事如意,xuehan727,"[""https://p3-pc.douyinpic.com/aweme/100x100/aweme-avatar/tos-cn-avt-0015_a0adcfd9635807e3a1116590028a494a.jpeg?from=2064092626""]",CN,10,True,707
7618948192344184054,7629429336538399547,2026-05-10T20:41:01.416171,每天刷到十几次，越看越爱,1776364956,0,1,1,0,0,True,False,0,,-1,64246834345,MS4wLjABAAAAUEo-JRZK-OaAj1-CLpA405-AN69tBKo1bKDlBSVjxls,发财兔💚,Z956..,"[""https://p3-pc.douyinpic.com/aweme/100x100/aweme-avatar/tos-cn-avt-0015_374b8de21b890c8f65b497e2b7fb1db7.jpeg?from=2064092626""]",CN,10,True,707
7618961523033033993,7619386759260472064,2026-05-10T20:41:26.714905,嫁的同一个男人，他爱的让她当皇后，不爱的当妾,1774026729,6042,1,46,0,0,True,False,0,,-1,52549967430,MS4wLjABAAAAHfhyBOjNF7BmBymnUsKsf0T1RTsWS9W_m949gpaV2fQ,一心向阳,,"[""https://p3-pc.douyinpic.com/aweme/100x100/aweme-avatar/mosaic-legacy_2852f0002f251438a405c.jpeg?from=2064092626""]",CN,5,True,811
7618961523033033993,7619464626896634661,2026-05-10T20:41:26.714905,沈阶被太后压着一直循规蹈矩，所以他喜欢江雪宁这样敢想敢做的性格，其实丢帕子的时候他见过姐姐但江雪宁用帕子引他，他就上钩，江雪宁又争又抢，他就宠着，上位者会欺负他怕护不住，就杀了哥哥自己当皇帝，最后死的时候还把雪宁的后面事交代好，前夫哥的爱拿得出手！小说里他最后喜欢这个神算小妹，也是江雪宁一样的性格，所以我觉得他本来就喜欢这类的性格,1774044860,718,1,6,0,0,True,False,0,,-1,88057805182,MS4wLjABAAAAD5CNWFPFijUMhiG8DrqRHkzAhgzePZsjqeidrAMQyPg,吗哦,,"[""https://p3-pc.douyinpic.com/aweme/100x100/aweme-avatar/tos-cn-i-0813c000-ce_oIdR7elXRE8ABAJe7EIFPC9EIUDAlqAMKgfU0a.jpeg?from=2064092626""]",CN,5,True,811
7618961523033033993,7621118131469402938,2026-05-10T20:41:26.714905,姜雪慧是逐玉里面的长公主齐姝[赞][赞][赞],1774429842,241,1,17,0,0,True,False,0,,-1,105289939739,MS4wLjABAAAAh-Co1lld3RJa9AZCb8AtlsC-9hc1U_GOkq-6-2KQmGY,许加许💚,561370x,"[""https://p3-pc.douyinpic.com/aweme/100x100/aweme-avatar/tos-cn-avt-0015_9e6e1a28aa03823697825e18491fafd0.jpeg?from=2064092626""]",CN,5,True,811
7618961523033033993,7619255843276489521,2026-05-10T20:41:26.714905,为什么上辈子她能成为皇后  这辈子这个是侧妃,1773996244,37,1,9,0,0,True,False,0,,-1,7513485477195891771,MS4wLjABAAAAiSxhmeswvyFaoUvExHrHQKMn6Wk0U1mNpKWoGRJMBvzpRsL4OiF3QYYkyO8ZI0tZ,@越上心尖,85462963814,"[""https://p3-pc.douyinpic.com/aweme/100x100/aweme-avatar/tos-cn-i-0813c000-ce_oIeI0eavJG3lz8LVp2LCg9QI7AnOAlDeBAEQAd.jpeg?from=2064092626""]",CN,5,True,811
7618961523033033993,7619595734485025585,2026-05-10T20:41:26.714905,姐姐上世的姻缘比这世的好，其实我希望这里改一下，姐姐还是上世的姻缘。,1774075381,107,1,4,0,0,True,False,0,,-1,2484537611792045,MS4wLjABAAAA8l20JGDyMJ4DS8_RYllKomP4717vwZD_0TI-yHhxXzf5YVoUodFArg4AAuVOzMME,lucky౪ᩚ,woshiyiyangqianx,"[""https://p3-pc.douyinpic.com/aweme/100x100/aweme-avatar/tos-cn-i-0813c000-ce_oYEAQ8VffQHIDtB7J8vR7AFEKAjDSGgJAsvlfE.jpeg?from=2064092626""]",CN,5,True,811
7618965366451455119,7619152412930523942,2026-05-10T20:42:15.401042,跟相亲对象聊别的相亲对象也是个人才[捂脸],1773972162,469,1,10,0,0,True,False,0,,-1,3595878996379956,MS4wLjABAAAAIc07Ew1_nQiBsg0a44bnxLC7JAGH-ynMbEyc5_0RjOaOsaPR8X4moBtp8oqA4CDT,不灵,32638230813,"[""https://p3-pc.douyinpic.com/aweme/100x100/aweme-avatar/tos-cn-i-0813_41fd64c24d7f483eb1137866ce09e8dc.jpeg?from=2064092626""]",CN,5,True,647
7618965366451455119,7637478368917144354,2026-05-10T20:42:15.401042,（不想谈恋爱）（家里让来的）（看见相亲我就头疼和美女相亲就不头疼比如和你相亲）（没有世俗的欲望）（感觉真心很累）（跟你谈恋爱我可以接受但是我又感觉很累）这几句话他说出来你什么感觉我不晓得但是我觉得有点虚伪有点下头要是累的话相亲什么呢？？就算跟他在一起了他也不会很顾及你的感受吧很累都说出来了,1778239472,1,1,0,0,0,False,False,0,,-1,4125789707049438,MS4wLjABAAAAlxhVaWqlfuuBUOxpGj_6TaRjrILYnJCSMGHL-5jt0J4d4xlvIPfTOcFBhNXZ1TRt,小泉厦门走走透,27032566188,"[""https://p3-pc.douyinpic.com/aweme/100x100/aweme-avatar/tos-cn-avt-0015_8b5137e3577b1d4ae1e09724c0a61e34.jpeg?from=2064092626""]",CN,5,True,647
7618965366451455119,7620775663318254394,2026-05-10T20:42:15.401042,能不能花500我演一集啊[色],1774350105,18,1,1,0,0,True,False,0,,-1,81152067609,MS4wLjABAAAAhRvo3iakvY8ppKMy5YR6pRV46ZCJ7jxwFHIGZhiDuVc,192,,"[""https://p3-pc.douyinpic.com/aweme/100x100/aweme-avatar/tos-cn-avt-0015_262a9ce803eb2a9ae5ccee7dc78fcb23.jpeg?from=2064092626""]",CN,5,True,647
7618965366451455119,7618980703502041905,2026-05-10T20:42:15.401042,一句我妈让我去的 这个pass,1773932183,45,1,5,0,0,True,False,0,,-1,106060682223,MS4wLjABAAAAbjvESYH-X5hAnBDrA3JazK3crkzocWcIBsEvzJgbb5A,翊翊生辉,A.hui000,"[""https://p3-pc.douyinpic.com/aweme/100x100/aweme-avatar/tos-cn-i-0813c000-ce_o4AIwi4AeotEzAlfRAMqBMCC5o6BAEiVeRuEJz.jpeg?from=2064092626""]",CN,5,True,647
7618965366451455119,7619203329420493609,2026-05-10T20:42:15.401042,（不想谈恋爱）（家里让来的）（看见相亲我就头疼和美女相亲就不头疼比如和你相亲）（没有世俗的欲望）（感觉真心很累）（跟你谈恋爱我可以接受但是我又感觉很累）这几句话他说出来你什么感觉我不晓得但是我觉得有点虚伪有点下头要是累的话相亲什么呢？？😅😅😅就算跟他在一起了他也不会很顾及你的感受吧很累都说出来了😅,1773984018,98,1,4,0,0,True,False,0,,-1,1336625789667591,MS4wLjABAAAAw1aVQKtfXEEmFof9ef6AqJmaPm43iHWCI0mvfMqvmLswfoRwK8KDQxA-xGUI4nFD,阑珊处,41.lsc,"[""https://p3-pc.douyinpic.com/aweme/100x100/aweme-avatar/tos-cn-avt-0015_c508028c8ce0ccbfcee658d50ca6b306.jpeg?from=2064092626""]",CN,5,True,647
7618981565544058122,7637787235165029147,2026-05-10T20:42:30.385274,以前看海藻真纯，现在怎么没这种感觉了,1778311054,0,1,0,0,0,False,False,0,,-1,3883071495480536,MS4wLjABAAAAkoNVlT37BBOvl5b1kjAtAtSWOuuD88bNCyBO4S2ZLtHOa7abo4CEzocUjmwVw8pJ,外星人15号,dyq6skkmgr59,"[""https://p3-pc.douyinpic.com/aweme/100x100/aweme-avatar/tos-cn-avt-0015_edba3c68c1b0bf18deeda5b3f6517445.jpeg?from=2064092626""]",CN,5,True,36
7618981565544058122,7619348452116333370,2026-05-10T20:42:30.385274,宋太怎么没把那碗面倒他头上[微笑],1774017807,12,1,4,0,0,True,False,0,,-1,3184606887805326,MS4wLjABAAAAEdBpU-5RBsVdMg1pS2agjDq-eFdLfE8_Yui-S41gfqM7JVibEMNwcnIbi3VNLY-C,阿舒,lovebonbon515,"[""https://p3-pc.douyinpic.com/aweme/100x100/aweme-avatar/tos-cn-i-0813c000-ce_ooE7VeQigD1iAHD0EgfQFXA8AeIp3AK5Jh4QHB.jpeg?from=2064092626""]",CN,5,True,36
7618981565544058122,7619918140001420069,2026-05-10T20:42:30.385274,真贱，可是又真真实,1774150448,9,1,1,0,0,True,False,0,,-1,63562183258,MS4wLjABAAAAMIpj8KttQ1LJnWBqJAkqda1tEhavgOOIPGFmRWnZKx4,真,,"[""https://p3-pc.douyinpic.com/aweme/100x100/aweme-avatar/tos-cn-i-0813c000-ce_ooEAiEAihEAzAeAwH3Ag3IIyu6RGBfREeAG0JG.jpeg?from=2064092626""]",CN,5,True,36
7618981565544058122,7619308716354405154,2026-05-10T20:42:30.385274,只要把足够的钱给到家里,1774008556,6,1,2,0,0,True,False,0,,-1,3681584792746654,MS4wLjABAAAABl0xC_CBxH0msDQf0kzan864FjZykM-jY4PU3sUMRbPUO0KGvaH-6OI1RROBuEag,喜羊羊美羊羊,64287194366,"[""https://p3-pc.douyinpic.com/aweme/100x100/aweme-avatar/tos-cn-i-0813_oIDEAAY1iiAc9aAgIesBNnHu2jwAG8zWPAcfC0.jpeg?from=2064092626""]",CN,5,True,36
7618981565544058122,7637680703119721231,2026-05-10T20:42:30.385274,宋太是个大气的人,1778286117,0,1,0,0,0,False,False,0,,-1,94028087940,MS4wLjABAAAAoSJRphvWvQrwrZDDiWac4lX8qmyS8n9Hs1w4YKh-Wp4,组建SPV,,"[""https://p3-pc.douyinpic.com/aweme/100x100/aweme-avatar/tos-cn-i-0813_4722220e1ee649aeb43dfe4adf362f16.jpeg?from=2064092626""]",CN,5,True,36
7618982628934372623,7619160548034265919,2026-05-10T20:42:38.351750,你啥片儿不害怕？  你是什么很胆大的人吗？哈哈哈,1773974057,755,1,6,0,0,True,False,0,,-1,3741006185638684,MS4wLjABAAAAFTTdXMycxXkHr_HEk7QWiRrHZ9PkusNwmDuznklJjGXjsXKvWoNcm_yV_XZIOoq7,巫铃儿,270321668042.,"[""https://p3-pc.douyinpic.com/aweme/100x100/aweme-avatar/tos-cn-i-0813c001_o4GArvD0FAl92e2cA9gcAC2AAxZIQNAfgp3zyE.jpeg?from=2064092626""]",CN,5,True,251
7618982628934372623,7626776752136864550,2026-05-10T20:42:38.351750,搜索四川雅安高速服务区,1775747342,1,1,0,0,0,True,False,0,,-1,59425317069,MS4wLjABAAAAFxVisXHSisTPSgXNWTCinq31zRRrXyIuCFIFo3JbT6w,淼淼,,"[""https://p3-pc.douyinpic.com/aweme/100x100/aweme-avatar/mosaic-legacy_75b60023e50286b8841d.jpeg?from=2064092626""]",CN,5,True,251
7618982628934372623,7624862408519680806,2026-05-10T20:42:38.351750,科拉深孔就是恶心,1775301624,1,1,0,0,0,True,False,0,,-1,2555695710876708,MS4wLjABAAAAyUBZ1_3FgZRr7nUjb5tyw9w43CKIWajXHtWP-TsUgSoermVKpXZomni0BvjLb700,Nnˇ7,USA_214,"[""https://p3-pc.douyinpic.com/aweme/100x100/aweme-avatar/tos-cn-i-0813_ogIcvA0E4DA8EiI0D9ifACghrEGAjQEjeAB8An.jpeg?from=2064092626""]",CN,5,True,251
7618982628934372623,7618989424352854825,2026-05-10T20:42:38.351750,刚打算一分钟后睡觉就被我刷到了[泣不成声][泣不成声][泣不成声],1773934214,117,1,7,0,0,True,True,0,,-1,2981500462573800,MS4wLjABAAAAaLpGoGl-CfEZx0jY_KAaY8fOc5lyWeizqsSxHfHY0rAwii8e_Q8LlYHcv_kPUVPb,真诚の童话,liaomeijujis75,"[""https://p3-pc.douyinpic.com/aweme/100x100/aweme-avatar/tos-cn-i-0813_c4ff68b44ece4cb6885387e522cf9769.jpeg?from=2064092626""]",CN,5,True,251
7618982628934372623,7637196020212384546,2026-05-10T20:42:38.351750,我的妈呀，大美看见的红色发光树全都是病毒吗,1778173268,1,1,0,0,0,False,False,0,,-1,93481041772,MS4wLjABAAAA2AbH8oRZSwBu_XjlIFo1WFST8wSUSZs54YnS5uV6R2w,叛逆小妈霜霜,,"[""https://p3-pc.douyinpic.com/aweme/100x100/aweme-avatar/tos-cn-i-0813c001_okMGEMiOAwNhVtnuAABAIR97ebzgSCDAAyinf7.jpeg?from=2064092626""]",CN,5,True,251
7618995736331554075,7619247573518189349,2026-05-10T20:42:56.539549,蔡依林后面几张专辑真的封神,1773994319,47,1,0,0,0,True,False,0,,-1,95921487606,MS4wLjABAAAAIfEyYDx4FTF0mey7fP73wX3hYRqKo4S-EEkFlWl70go,菠萝恰恰冰🍍,,"[""https://p3-pc.douyinpic.com/aweme/100x100/aweme-avatar/mosaic-legacy_2ceec0000dad68d94e4b1.jpeg?from=2064092626""]",CN,10,True,443
7618995736331554075,7619135634137318178,2026-05-10T20:42:56.539549,蔡依林，唯一的唱跳歌手[小鼓掌],1773968256,201,1,15,0,0,True,False,0,,-1,74472687954,MS4wLjABAAAAZduxqdXdZMi10nZzt9oRYktFam0slKhP_ZmGhsOMjDI,Dooooit,,"[""https://p3-pc.douyinpic.com/aweme/100x100/aweme-avatar/tos-cn-avt-0015_2f417f15c75d91573f68e99edbf132ab.jpeg?from=2064092626""]",CN,10,True,443
7618995736331554075,7619111125926347569,2026-05-10T20:42:56.539549,大声喊出蔡依林 唯一一张舞曲专辑 太争气了,1773962551,310,1,9,0,0,True,False,0,,-1,100401302748,MS4wLjABAAAAwVjS_2VvNe49eHfEKuS9yZjSh2MKB-Ml4ROYVE15cJI,嘲骚Chaos,,"[""https://p3-pc.douyinpic.com/aweme/100x100/aweme-avatar/tos-cn-avt-0015_e688078425ca8ab34c7641bf69410388.jpeg?from=2064092626""]",CN,10,True,443
7618995736331554075,7620683301581685563,2026-05-10T20:42:56.539549,这个时代不能没有,1774328600,113,1,36,0,0,True,False,0,,-1,3461683666748599,MS4wLjABAAAAu04r2nc8a2u-bigP6lqWbZ2Do73eiZ4AGFxpX2VpEF6MgwYUlAwTNa3G93_4pIjz,给最亲爱的涵,CityBoy0403,"[""https://p3-pc.douyinpic.com/aweme/100x100/aweme-avatar/tos-cn-i-0813c000-ce_o0fxTFeGgQJe2MnDkWkkNZIFkK7A4IuALAAfgA.jpeg?from=2064092626""]",CN,10,True,443
7618995736331554075,7619333666398061371,2026-05-10T20:42:56.539549,蔡依林金曲奖唯一舞曲封后，封专的华语女歌手，就凭这足以载入史册了，这辈子都够本了。,1774014364,93,1,0,0,0,True,False,0,,-1,51354087799,MS4wLjABAAAA7QuwK9aVtTkf-enyvfyw1XOEmsNf3xeX5ivtdXOYCZw,日月炜煌,,"[""https://p3-pc.douyinpic.com/aweme/100x100/aweme-avatar/mosaic-legacy_8d63002163d753f26c5f.jpeg?from=2064092626""]",CN,10,True,443
7618996956149448945,7624269836969296694,2026-05-10T20:43:21.689481,你很好，让我五点钟起来泡面吃,1775163664,232,1,5,0,0,True,False,0,,-1,80922906543,MS4wLjABAAAA4BOdHFtF-UAt87wWsODxM66_qdxpejbxTKGCCHjJ2dc,@杰森,VIP6G110,"[""https://p3-pc.douyinpic.com/aweme/100x100/aweme-avatar/tos-cn-avt-0015_2c97943238fbf8b65db1bbdeaada972e.jpeg?from=2064092626""]",CN,10,True,3006
7618996956149448945,7621594512900899641,2026-05-10T20:43:21.689481,他一开始片猪油，我以为这个小老外竟然会炼油[黑脸][黑脸],1774540759,598,1,16,0,0,True,False,0,,-1,2242622655304814,MS4wLjABAAAAmW9_x8RKvZgEx7Fa2kCCH0-bQFRO1GL6-y3T0Nv7hx-QkF6t1Hh3I8k9g8VvcjxS,吾唯爱箐,33014386177,"[""https://p3-pc.douyinpic.com/aweme/100x100/aweme-avatar/tos-cn-i-0813c000-ce_osESAyH6aiDALAsAEpiB3LfvIA1TwijUEeqeP9.jpeg?from=2064092626""]",CN,10,True,3006
7618996956149448945,7619267985798857521,2026-05-10T20:43:21.689481,[杀马特],1773999071,109,1,11,0,0,True,False,0,,-1,4211546160116857,MS4wLjABAAAAc6gQpSXN_xBZbhp2HS2U9NHV7nVnugSPqCXEAcAklJqPCd6s8BEFgbAadhRe1Nve,泠川,30375882625,"[""https://p3-pc.douyinpic.com/aweme/100x100/aweme-avatar/tos-cn-i-0813c000-ce_oEClAAP8XFDA7AAAEpED2CfeIAEHwApsEowhd9.jpeg?from=2064092626""]",CN,10,True,3006
7618996956149448945,7637557067885560634,2026-05-10T20:43:21.689481,？60％,1778257331,1,1,0,0,0,True,False,0,,-1,59642497999,MS4wLjABAAAAB8WyCpbfFaiF-rL1Ucm2kcVHyibwr9V8rrJ690LaR1o,🥑,clp19911005,"[""https://p3-pc.douyinpic.com/aweme/100x100/aweme-avatar/tos-cn-i-0813c001_oQ9A1AupA1AIRAymqOC8DMuPECebCA68sgn4Af.jpeg?from=2064092626""]",CN,10,True,3006
7618996956149448945,7624961045434893105,2026-05-10T20:43:21.689481,作者开透视了？？我一看真60％,1775324594,1,1,0,0,0,True,False,0,,-1,62167376824,MS4wLjABAAAA4ub0FrqeWnqnqA7JZ8AemZdHOYfyq1BKtv6i7XqRlDU,Andely,,"[""https://p3-pc.douyinpic.com/aweme/100x100/aweme-avatar/tos-cn-avt-0015_bcb2b9854a6bb1dbd5e55cca2e057ffb.jpeg?from=2064092626""]",CN,10,True,3006
7619071272195144659,7623813650050679601,2026-05-10T20:43:40.615547,看到这里，我才注意到作者的名字，奈提奈特，以前那个到处飘着做日结在网吧生活得人，现在已经到欧洲了，这种感觉，厉害[击掌],1775057441,549,1,15,0,0,True,False,0,,-1,111003471125,MS4wLjABAAAAfW3sylwLnPmZzPGV6jHqTg1EahKNgD0vIgF2hhsq0qg,我叫吴广志,20191028wwwwwwww,"[""https://p3-pc.douyinpic.com/aweme/100x100/aweme-avatar/tos-cn-i-0813c001_oEWFAAMheCPtnADTwgAmWIAZEAIyQPzM3KBAfC.jpeg?from=2064092626""]",CN,10,True,2392
7619071272195144659,7620123880761541435,2026-05-10T20:43:40.615547,记得去圣米歇尔山,1774198351,29,1,3,0,0,True,False,0,,-1,2832784824741566,MS4wLjABAAAAxKEmg1mN4qMZjtoQMw9DHNzcylnPkPWzP6lJNsSG56e3lJAixeU3XH_IyTpJSBIo,六条悟,hundouluo923,"[""https://p3-pc.douyinpic.com/aweme/100x100/aweme-avatar/tos-cn-avt-0015_41614f6ec0b7ccc0dfd5ee2ab976fb8d.jpeg?from=2064092626""]",CN,10,True,2392
7619071272195144659,7620077954227487525,2026-05-10T20:43:40.615547,普通打工人签证好过吗申根签[流泪],1774187656,532,1,73,0,0,True,False,0,,-1,73252163532,MS4wLjABAAAAWkjMFAPc8rrs6ycxfts9pFg5K9xgD6kpISIg-Gpfn3s,秋天会走,1299220954i,"[""https://p3-pc.douyinpic.com/aweme/100x100/aweme-avatar/tos-cn-avt-0015_0c7c1d15c0df693eddf9c3093d19be49.jpeg?from=2064092626""]",CN,10,True,2392
7619071272195144659,7620100000207700763,2026-05-10T20:43:40.615547,牛逼，亲眼见证一个人从睡网吧到环游世界,1774192792,8275,1,103,0,0,True,False,0,,-1,1182729780859342,MS4wLjABAAAA6amdzlYrLeh0R8bf5xyIaU_WvDzXpsk6v8K6Pek6gfPwZeBbR7QAgS1_J0D6bdQU,好无趣R,dyxf75ad7ans,"[""https://p3-pc.douyinpic.com/aweme/100x100/aweme-avatar/tos-cn-avt-0015_9384711a9948781e44ddeb91c9c2efe8.jpeg?from=2064092626""]",CN,10,True,2392
7619071272195144659,7620236993822491455,2026-05-10T20:43:40.615547,之前刷到他还老是躺网吧，现在都旅游 20 国了,1774224688,2311,1,40,0,0,True,False,0,,-1,68743562578,MS4wLjABAAAAIpB5aynJbBYsIQ-RF4mNw1KmlefU8W0Xofez39kfZFc,我是一颗十分高大的树,EverglowIsaro,"[""https://p3-pc.douyinpic.com/aweme/100x100/aweme-avatar/tos-cn-i-0813c001_o0Q9OCpAgoDr6uGeDAIyuvFF4AAC4gfjEAAAF6.jpeg?from=2064092626""]",CN,10,True,2392
7619096724350571121,7619220337107960614,2026-05-10T20:43:54.072047,国内第一个能把音乐带到战火纷飞的贫民窟[泣不成声],1773987977,60,1,1,0,0,True,False,0,,-1,108711144976,MS4wLjABAAAA7Rh7h-mp7Y_T43OLQZhPZTwSWGnl-BDpeRhK8NLuDr0,小木,Xiao.Mu1125,"[""https://p3-pc.douyinpic.com/aweme/100x100/aweme-avatar/tos-cn-avt-0015_bf69fe446167e10687b15eae7b167757.jpeg?from=2064092626""]",CN,5,True,170
7619096724350571121,7619641248446432059,2026-05-10T20:43:54.072047,和他干杯了[泣不成声],1774085979,24,1,1,0,0,True,False,0,,-1,1588124716904190,MS4wLjABAAAAfmtOzzdsvy0KaJVPp56ZX8T5meqJmGo_i6Vzcf66J9KXqt_F35kcL91I1-7pMaun,前前后后左左右右,53977206446,"[""https://p3-pc.douyinpic.com/aweme/100x100/aweme-avatar/tos-cn-i-0813c000-ce_o835Io8XyDAOX1AQA6FwE9pABAPw6CGOQUff3E.jpeg?from=2064092626""]",CN,5,True,170
7619096724350571121,7619948024726831872,2026-05-10T20:43:54.072047,这种世界级歌曲，都会输给草猛乐那口水歌，是香港歌坛害死家驹的。家驹的伟大不是香港那垃圾的地可容纳的。不是香港乐坛的不公平害死了家驹，香港乐坛有罪。,1774157406,8,1,1,0,0,True,False,0,,-1,107726463657,MS4wLjABAAAA3F60JQgAUM93nMxY_QI5CNzp0jCH5nTDD5RcjrVPaI0,浅水雅迪电动车,Guan312739257,"[""https://p3-pc.douyinpic.com/aweme/100x100/aweme-avatar/tos-cn-avt-0015_5db67c0a660c62bd1b6759361ec153d2.jpeg?from=2064092626""]",CN,5,True,170
7619096724350571121,7627131991066673978,2026-05-10T20:43:54.072047,别给我推了，我快抑郁了，以前不了解他，现在出来了，心疼[流泪],1775830052,3,1,0,0,0,True,False,0,,-1,106075000234,MS4wLjABAAAAMvOq7246Hpx8Dx-6E8uOJFkwvRvbD4Wa3n3_ACVP0u0,🌻 🤟🎸,WHHXx621116,"[""https://p3-pc.douyinpic.com/aweme/100x100/aweme-avatar/tos-cn-i-0813c000-ce_o4xIJ8AFEiIKFvAEKR0AhBJEcIKAe0AfwAbiDe.jpeg?from=2064092626""]",CN,5,True,170
7619096724350571121,7619152130444706570,2026-05-10T20:43:54.072047,华语乐坛唯一真正的音乐人，每次心情不好的时候，听听黄家驹的歌，心情就舒畅了。,1773972098,42,1,3,0,0,True,False,0,,-1,98385360333,MS4wLjABAAAADs-AvksJnomyZSVkcINnsicd4AIwWsuFGgUPQa8SoZE,得宝,,"[""https://p3-pc.douyinpic.com/aweme/100x100/aweme-avatar/tos-cn-i-0813_oMheBe8MEEIw7eTBTb0hD2ANsEKA0QlAWAARIA.jpeg?from=2064092626""]",CN,5,True,170
7619168705683881619,7637788321171866395,2026-05-10T20:44:30.671041,不知道博主来中国之前洗澡了没？有没有把印度的各种病菌带到中国？,1778311174,0,1,0,0,0,False,False,0,,-1,110985507216,MS4wLjABAAAAdMfgly5DYv1RNI_NORCv4-mSl_y94bk0eZJg-bqDGqw,奇门遁甲,dyt5w3uaowta,"[""https://p3-pc.douyinpic.com/aweme/100x100/aweme-avatar/douyin-user-file_1c1f4ae0393931fe9e476c52bd265094.jpeg?from=2064092626""]",CN,5,True,986
7619168705683881619,7622606272155812642,2026-05-10T20:44:30.671041,这是德国人肯高飞，他靠中国旅行视频活着。他是全职旅行博主，只在亚洲区域，别的地方没人看，只有中国的视频爆火。,1774776652,60,1,7,0,0,True,False,0,,-1,301718608550035,MS4wLjABAAAAbiGHvIth12SrrDXD0sc_HXocWVYvX2mUL0ahGRVod3g,来自星星的溢,23477464858,"[""https://p3-pc.douyinpic.com/aweme/100x100/aweme-avatar/tos-cn-i-0813c001_oAVIg9lEeHAaApkxZeWKAxDAVnNEbpAp9AChCD.jpeg?from=2064092626""]",CN,5,True,986
7619168705683881619,7621178822533104384,2026-05-10T20:44:30.671041,不管农村，城市现在的中国卫生干净程度可以说世界第一梯队,1774443973,100,1,58,0,0,True,True,0,,-1,62834206931,MS4wLjABAAAAeIA3pYnxenmRmFbfbtC7d75jIqhPcBWF6pGVOxDTV9Y,深海之鱼,,"[""https://p3-pc.douyinpic.com/aweme/100x100/aweme-avatar/mosaic-legacy_2eb7b0007c2b22b37e15c.jpeg?from=2064092626""]",CN,5,True,986
7619168705683881619,7631891465480946466,2026-05-10T20:44:30.671041,人家都是坑外国人！我们是从不坑外国人！,1776938205,5,1,1,0,0,True,False,0,,-1,81137595573,MS4wLjABAAAAm7ujkfC4h9Gn48vskdRyI7-yltsTDxfPSR1qLZbfM9k,无产主义接班人,2020127824kB,"[""https://p3-pc.douyinpic.com/aweme/100x100/aweme-avatar/tos-cn-i-0813c001_oUEqpVG7bE6aBBfBENgAdfD3FBfAAE8ADItTA8.jpeg?from=2064092626""]",CN,5,True,986
7619168705683881619,7633675027292603176,2026-05-10T20:44:30.671041,我们伟大的祖国真好，为身为一个中国人由衷的骄傲自豪！！！,1777353473,11,1,5,0,0,True,False,0,,-1,111172053696,MS4wLjABAAAAf6duGgY7VzooVp-7j3mo8Nes6thrPNzzShXOz68ati4,波云见日,,"[""https://p3-pc.douyinpic.com/aweme/100x100/aweme-avatar/tos-cn-i-0813c001_owqjnA8B7QeAsExeAHIABzGTAAALIBZvEAbWe6.jpeg?from=2064092626""]",CN,5,True,986
7619178573245658022,7619335144624636721,2026-05-10T20:44:55.457310,神威太湖之光的水平了[捂脸],1774014707,3,1,2,0,0,True,False,0,,-1,3079054759066488,MS4wLjABAAAA6QlIxsEkTDV1U3RUqXDcHh475ba2wvXo0evxPXAYG_0VuSNdOCV3q42krYlG5jEr,奥德乌木威尔维恩耶儿吐温威乌温穆本欧萨斯,vegetableWYHUI,"[""https://p3-pc.douyinpic.com/aweme/100x100/aweme-avatar/tos-cn-i-0813_d2e78a9aca5044bfbf0a7ea955a1929e.jpeg?from=2064092626""]",CN,5,True,1078
7619178573245658022,7619274842102383379,2026-05-10T20:44:55.457310,不是说超越摩尔定律了？从算力上看，也没有啊,1774000669,4,1,4,0,0,True,False,0,,-1,82923369108,MS4wLjABAAAAFKvRAEd_7PYikMCpMpmPMVo1yDqZlmeriCXrAbmyjD4,星星海,,"[""https://p3-pc.douyinpic.com/aweme/100x100/aweme-avatar/tos-cn-i-0813_990dfb19896644d5917592c22b27dbcf.jpeg?from=2064092626""]",CN,5,True,1078
7619178573245658022,7619589469055206185,2026-05-10T20:44:55.457310,[捂脸][捂脸]那不是要把他的客户拉爆了。建一个数据中心几十亿，拉搞水冷建电厂，中心甚至还没建好，屯在仓库的芯片就落后几十倍。几百亿不如后面人家几亿的机子,1774073925,3,1,3,0,0,True,False,0,,-1,105221213447,MS4wLjABAAAAhcWr3sLzo55GdYPHPKcOQh0llKsWLdipl1xJhSSlYJo,甚悦,wu11211,"[""https://p3-pc.douyinpic.com/aweme/100x100/aweme-avatar/tos-cn-i-0813c001_oAtC9pAYgEXEAfPqAAQA6j7fUyTg6FIDAbCCYX.jpeg?from=2064092626""]",CN,5,True,1078
7619178573245658022,7619532432799613745,2026-05-10T20:44:55.457310,英伟达，在这个赛道，一骑绝尘[赞][赞][赞],1774060644,60,1,17,0,0,True,True,0,,-1,102930270203,MS4wLjABAAAAaFnX_hncMgcsaLYaaeZ7S9cZWahW_6CM37QW1dL1TKQ,长翅膀的鱼,,"[""https://p3-pc.douyinpic.com/aweme/100x100/aweme-avatar/tos-cn-i-0813_3ad2512b274e4fb6a653a27f523d6d3d.jpeg?from=2064092626""]",CN,5,True,1078
7619178573245658022,7619607377612964645,2026-05-10T20:44:55.457310,建议我们50年后再买，到时候比这个又提升几千倍，直接遥遥领先,1774078092,2,1,1,0,0,True,False,0,,-1,110321475364,MS4wLjABAAAAS5JZ31BVBs16kVxbCYqsn97YTw3xGrlvW4xCs2enJNs,AI时代前夜,tanjian89,"[""https://p3-pc.douyinpic.com/aweme/100x100/aweme-avatar/tos-cn-i-0813_oMIehDyAxW0s8XP2zAEVVmfAdAAC4gtChMAARK.jpeg?from=2064092626""]",CN,5,True,1078
7619235445523825765,7619325803205100346,2026-05-10T20:45:49.064409,永远忘不了[捂脸],1774012532,91,1,2,0,0,True,False,0,,-1,749213228997820,MS4wLjABAAAAgf7ieRe-C2yzA-4avHV_liI0ivqFRmVe5U73mi8FT8k,鲨鱼爱夏波syq,38472720364,"[""https://p3-pc.douyinpic.com/aweme/100x100/aweme-avatar/tos-cn-avt-0015_1eb09477e0e14f87433bf000a1a2f722.jpeg?from=2064092626""]",CN,5,True,34
7619235445523825765,7621900241701126963,2026-05-10T20:45:49.064409,他们真的是一生之敌？,1774611941,7,1,3,0,0,True,False,0,,-1,2808600145703827,MS4wLjABAAAADUQ9vC-SzhceJb5xRYO_JLkZKC3MikRPGFzm5rPTxXqEWqX4kh26OhUIHhbsy7im,心被搁浅,87357837411,"[""https://p3-pc.douyinpic.com/aweme/100x100/aweme-avatar/tos-cn-i-0813c001_owAPApCCmT7EA5F9VOIAajANpLgfLYfYAD2EtD.jpeg?from=2064092626""]",CN,5,True,34
7619235445523825765,7634205989671781135,2026-05-10T20:45:49.064409,他们俩我觉得鲨鱼厉害点,1777477097,3,1,0,0,0,False,False,0,,-1,67208616345,MS4wLjABAAAAB0WcAK3pNR-t5xF_zQLTy89R1_bkuJ-BkcwoD1Gqul8,无聊无感无解纠结压力失眠,,"[""https://p3-pc.douyinpic.com/aweme/100x100/aweme-avatar/tos-cn-i-0813c001_oIx0LABdEACiAB8OfAAgI8Aimnc39JOgGa4eC8.jpeg?from=2064092626""]",CN,5,True,34
7619235445523825765,7622329393607607077,2026-05-10T20:45:49.064409,《你马要没了》,1774711860,3,1,0,0,0,True,False,0,,-1,251110677811544,MS4wLjABAAAA54_KUO5VljfCsT9EekyrY-IRHVe7K24wccAYCmC4urc,修梦,30411689884,"[""https://p3-pc.douyinpic.com/aweme/100x100/aweme-avatar/tos-cn-i-0813c000-ce_okBVEAVVhxmGXAAZBAyalBAnihaPkWMOpiWIP.jpeg?from=2064092626""]",CN,5,True,34
7619235445523825765,7636285507005317898,2026-05-10T20:45:49.064409,鲨鱼在哪直播,1777961271,0,1,0,0,0,False,False,0,,-1,3003495072664637,MS4wLjABAAAAwI3TXhPXOOuiLybQrtJhLKuooGH-OnVM-vhNa1SmsD9E6smxEtgiSk78OIr_grQF,祥,18550787423ABCD,"[""https://p3-pc.douyinpic.com/aweme/100x100/aweme-avatar/tos-cn-i-0813_oYCtJiAWYd2ZvQABDI7TAnw3swiAAMOIjx2PE.jpeg?from=2064092626""]",CN,5,True,34
7619235494081154350,7636431530894082866,2026-05-10T20:45:57.107668,你说的主席的盖温，内容心美强。[鼓掌][鼓掌][鼓掌][玫瑰][玫瑰][玫瑰][赞][赞][赞],1777995270,3,1,0,0,0,False,False,0,,-1,2898737510221870,MS4wLjABAAAAHSroIleoHnS7oPrpXdJo8JMMCbG_GSse4AEpTtpqZA-uNzaboUtwUXOIrTaYm9d1,李立芝,49721125600,"[""https://p3-pc.douyinpic.com/aweme/100x100/aweme-avatar/tos-cn-i-0813c001_o0EAQDefLyMI2cA9VclmOAFmSAtDrEgAAc8spC.jpeg?from=2064092626""]",CN,5,True,169
7619235494081154350,7621008753848566568,2026-05-10T20:45:57.107668,千古一伟人,1774404376,13,1,0,0,0,True,False,0,,-1,103798359707,MS4wLjABAAAAdJLjDByzLGzIiOMZsxb0FmER7bjn7rYecVi5ASW1-P8,南风知我意🍷🌹🍷,,"[""https://p3-pc.douyinpic.com/aweme/100x100/aweme-avatar/tos-cn-i-0813c000-ce_oofVACPeC9GKLmAeIWYGt9NGAIcHAfAHQwecQA.jpeg?from=2064092626""]",CN,5,True,169
7619235494081154350,7620664181323285275,2026-05-10T20:45:57.107668,"毛氏宗族一伟人
泽国雪山诗豪迈
东方红日映长河",1774324150,14,1,0,0,0,True,False,0,,-1,4231345391278476,MS4wLjABAAAA6mgcbHuaclVjl-5bUa-LdAih-r8WqfC0ZPU6x5piK2s4rgI2C7-ISW4qnXm4pZBv,曹雪勤,89020084994,"[""https://p3-pc.douyinpic.com/aweme/100x100/aweme-avatar/tos-cn-i-0813c001_o8LAXCiRdEBxq9AAStAgfhiszOIWejMANAVzaC.jpeg?from=2064092626""]",CN,5,True,169
7619235494081154350,7625279826828149567,2026-05-10T20:45:57.107668,毛主席从小就是天才[赞][赞][赞][赞][赞][赞],1775398813,17,1,8,0,0,True,False,0,,-1,4383087461674660,MS4wLjABAAAAkZXnVYZ680W5PKSot19XiSNWqButFVn16CMXa7OjF1NKlQZ8nppREKNb6wgJCgGH,依旧6987,65457938464,"[""https://p3-pc.douyinpic.com/aweme/100x100/aweme-avatar/mosaic-legacy_3791_5035712059.jpeg?from=2064092626""]",CN,5,True,169
7619235494081154350,7619578527071454004,2026-05-10T20:45:57.107668,@毛泽东是个天才。毛泽东是个天才，天才。[爱心][爱心][爱心],1774071376,13,1,1,0,0,True,False,0,,-1,3944670419232680,MS4wLjABAAAAjfVAte44QN49ddp4YsJlzk1T682P1KqvhVGcmqJTkDy9pURPmqY4YmRa4hy2s1Vf,妈妈,47370687508,"[""https://p3-pc.douyinpic.com/aweme/100x100/aweme-avatar/tos-cn-i-0813_018bc187fbf84d788236258b173c8392.jpeg?from=2064092626""]",CN,5,True,169
7619248604930567281,7627084594328159026,2026-05-10T20:46:20.453257,金条,1775819017,0,1,1,0,0,True,False,0,,-1,655741252550984,MS4wLjABAAAAvXOgEbE-Gb8As2gAOMVDHhz3Fo1U_XsAANdbraNi2TA,卖馒头的小姐姐,junhong0228,"[""https://p3-pc.douyinpic.com/aweme/100x100/aweme-avatar/tos-cn-i-0813_26927f2fdc6f4dfe85e1b69ca3036789.jpeg?from=2064092626""]",CN,5,True,1078
7619248604930567281,7619281057066173233,2026-05-10T20:46:20.453257,这是你们的爆率[憨笑],1774002115,12,1,52,0,0,True,False,0,作者,1,690913378305855,MS4wLjABAAAAmRG4_MdEwsr-6iI-lZSQM1VRzlzeW3tInqXSj-KQCPg,和平精英七仔❄️,R204724J,"[""https://p3-pc.douyinpic.com/aweme/100x100/aweme-avatar/tos-cn-avt-0015_7d8c8e37fc0f015ebb25650254c548ca.jpeg?from=2064092626""]",CN,5,True,1078
7619248604930567281,7636053091993027377,2026-05-10T20:46:20.453257,,1777907157,0,1,1,0,0,True,False,0,,-1,2216267324620103,MS4wLjABAAAAXLSONyb5n7h3UaT6IJELOzWh2StUl4H7_gnjO23oT-L0jlIclZd3lEykAnasuQEc,熊继林,51107879024,"[""https://p3-pc.douyinpic.com/aweme/100x100/aweme-avatar/mosaic-legacy_3791_5070639578.jpeg?from=2064092626""]",CN,5,True,1078
7619248604930567281,7635551847277937427,2026-05-10T20:46:20.453257,今天刚出[捂脸],1777790454,0,1,0,0,0,True,False,0,,-1,996634956932288,MS4wLjABAAAAnuyj6aasUvAcYjeOZSzVbLywi0ymSQ1GHPtNxa0ZKvI,命结,71164881511,"[""https://p3-pc.douyinpic.com/aweme/100x100/aweme-avatar/tos-cn-i-0813_oQPDmAjA9IZAxDmf6BEAkKBpAG3iiAMeCgRGwT.jpeg?from=2064092626""]",CN,5,True,1078
7619248604930567281,7635239194213991177,2026-05-10T20:46:20.453257,你恨卧底，那你给他装备干什么？,1777717657,0,1,0,0,0,True,False,0,,-1,4218174884288669,MS4wLjABAAAAyHkd83GYGboIMtkElfEEFoXlC_bWASN1qmMCOgP70jQXj3h7LEr0y3ISFCHGTuyM,晴,26262836129,"[""https://p3-pc.douyinpic.com/aweme/100x100/aweme-avatar/tos-cn-i-0813_o0A927EHlAvKWYDbAczamQgIDfAfFAAMFCApEQ.jpeg?from=2064092626""]",CN,5,True,1078
7619255309214731539,7637750378625663750,2026-05-10T20:46:31.415568,游本昌已经是党员了[呲牙],1778302500,0,1,0,0,0,False,False,0,,-1,64394905084,MS4wLjABAAAA2c78ZBJ8uzkx2k6bEiMUET4EXcsPfPhoycYtmdry_9A,美若黎明,Wys134680,"[""https://p3-pc.douyinpic.com/aweme/100x100/aweme-avatar/tos-cn-avt-0015_9f1446bcd415de4d2f087589fc12405b.jpeg?from=2064092626""]",CN,5,True,202
7619255309214731539,7636445518961263419,2026-05-10T20:46:31.415568,最讽刺的一集，黄粱一梦,1777998528,0,1,0,0,0,False,False,0,,-1,274249204907072,MS4wLjABAAAAF0deT-Kfgzy7BRXwATm5UmI7fzYslaAVbWWAzWjWDRI,辰亦,32970869171,"[""https://p3-pc.douyinpic.com/aweme/100x100/aweme-avatar/tos-cn-i-0813c000-ce_ok29IpEpEwAQ2G9OAEvWfAGA5ttD3F4lPe3ezA.jpeg?from=2064092626""]",CN,5,True,202
7619255309214731539,7636554143590875930,2026-05-10T20:46:31.415568,能不能找个有点形象演员,1778023818,0,1,0,0,0,False,False,0,,-1,622793545237339,MS4wLjABAAAAI2LdQPjDxaEpEmwcEdpBljoOFj4py2aeju8hFAD7NjY,强顶,37507846920,"[""https://p3-pc.douyinpic.com/aweme/100x100/aweme-avatar/tos-cn-i-0813c000-ce_oQQfgAJA7iLXAqMTDXKd8fndov8BVQAgQ14eFy.jpeg?from=2064092626""]",CN,5,True,202
7619255309214731539,7619677786878444346,2026-05-10T20:46:31.415568,济公活佛保佑我全家身体健康，财源广进，子孙兴旺发达[感谢][感谢][感谢][感谢][感谢][感谢][比心][比心][比心]。,1774094485,4,1,0,0,0,True,False,0,,-1,958398726681790,MS4wLjABAAAAMGi3uqWqxnSdHKnOvyBP8X8bHyBawEAysk4uuo5Q4OA,施小其,dyfgx3e12mso,"[""https://p3-pc.douyinpic.com/aweme/100x100/aweme-avatar/tos-cn-i-0813_628eccd868a146a8af864dee25380db1.jpeg?from=2064092626""]",CN,5,True,202
7619255309214731539,7637114108546450202,2026-05-10T20:46:31.415568,[玫瑰][发呆],1778154267,0,1,0,0,0,True,False,0,,-1,1313249782145644,MS4wLjABAAAAvAhUrD9Smm3zDC02VykuVU1yqzmOJT5UQxDud5TshW-WMoo5Kwj446U5NPrkXUIK,冰淇淋,46975268497,"[""https://p3-pc.douyinpic.com/aweme/100x100/aweme-avatar/tos-cn-i-0813c000-ce_oUAqJCdKDIA2i0tdA8FAeo9n4EfZnAEEEdwfAN.jpeg?from=2064092626""]",CN,5,True,202
7619256109413916323,7638164995613066033,2026-05-10T20:46:53.764777,现在千万别来厦门，等台风前再来，美到你回不去[呲牙],1778398874,0,1,0,0,0,False,False,0,,-1,897633965315309,MS4wLjABAAAAQu5jh-sdqAFBWAjDpjqTZHcN7HQp4OvB5KxAO9u1US0,维Dʷɞ🍒,dyr44yrlckq5,"[""https://p3-pc.douyinpic.com/aweme/100x100/aweme-avatar/tos-cn-avt-0015_74976bf777126b372f54d20a1442e291.jpeg?from=2064092626""]",CN,5,True,5021
7619256109413916323,7638069243611562793,2026-05-10T20:46:53.764777,我在厦门一辈子了，有啥问我[微笑],1778376582,0,1,0,0,0,False,False,0,,-1,92726932957,MS4wLjABAAAALIAd3Cd-w7vWYcTQ_sdbtV42h7WCA43dxUiEEBGATfw,大雄,Huangjx512,"[""https://p3-pc.douyinpic.com/aweme/100x100/aweme-avatar/tos-cn-i-0813_okR4BfxWAi8CIK6oKA0giCaBE6ePAAksDA1AJB.jpeg?from=2064092626""]",CN,5,True,5021
7619256109413916323,7619921186138473257,2026-05-10T20:46:53.764777,我在厦门十年，有困难问我,1774151157,660,1,610,0,0,True,False,0,,-1,96867076379,MS4wLjABAAAA9NafiU4HPf7ekqh7bjjYGJonqSK1J_xa2igZMwYiSyE,高手兄,a9998866666,"[""https://p3-pc.douyinpic.com/aweme/100x100/aweme-avatar/tos-cn-avt-0015_6923368895467d3e832d9fbe9443d3e0.jpeg?from=2064092626""]",CN,5,True,5021
7619256109413916323,7621210163102204706,2026-05-10T20:46:53.764777,准备清明假期去 一大一小 有什么推荐,1774451271,3,1,2,0,0,True,True,0,,-1,2870167873797096,MS4wLjABAAAA68MtHVLNvtB15x-YxMUwE1KOEnj3Nmn3GI4zWJQiikCredGqz1jcgm49tPlZ8i-W,深锁清秋,64454617820,"[""https://p3-pc.douyinpic.com/aweme/100x100/aweme-avatar/tos-cn-avt-0015_1055f31ce956a862063c263c4ac2b778.jpeg?from=2064092626""]",CN,5,True,5021
7619256109413916323,7619794454110782208,2026-05-10T20:46:53.764777,1、鼓浪屿现在不比以前，以前确实热闹又好，现在去就是纯纯白给2、海上公交等晴天傍晚有晚霞的时候想拍照的可以去一下还挺不错3、沙坡尾真的是一般到不能一般还不如去中山路4、白城沙滩只有日落值欣赏以及有带孩子家庭去沙滩游玩还行，单身或者结伴的朋友们真不建议去，垃圾多到数不5、演武大桥就是一个很简单的桥路，你可以过去远远拍一张好看，近距离那就没必要6、植物园你要去博主拍的这个地方还好一点，其他部分简直拉垮不能在拉垮，不信的可以去抖音搜索查看真是差评，确实很拉垮7、厦门大学可以去，但是要预约，这个推荐一下，毕竟曾经一起来看流星雨就是在这里拍的呢，还能去听课8、音乐广场那就更不用提了，对比其他地方简直就是沙漠9、黄厝跟白城一个道理，一个看日出一个看日落都不错，其他难评10、山海以及清水宫那是直接差评上天，信佛的可以去趟清水宫11、音乐会很不错推荐，不过看日期的哦12、海上列车就岛内通往岛外的地铁，会拍照的小伙伴可以拍一下，总结就这么多，该避雷的去避雷,1774121656,11,1,9,0,0,True,False,0,,-1,83220109918,MS4wLjABAAAAOqkFQN9Bi6CW4eGPjQ1G77smgYtDDhpwz7r3dyq2FJQ,小y,XY03017,"[""https://p3-pc.douyinpic.com/aweme/100x100/aweme-avatar/tos-cn-i-0813_o4i9XKIzwDysAJBHCgPBi0ACAtEqvAgeAdentA.jpeg?from=2064092626""]",CN,5,True,5021
7619256478074965248,7619868590703002425,2026-05-10T20:47:00.818166,哇，丹妮！两个我最喜欢看的吃辣博主！！！！,1774138910,2416,1,5,0,0,True,False,0,,-1,109419439187,MS4wLjABAAAANatEeFi_JIOH2sWqHHWGg1F2qJhijjU6Xr4qFjtMylY,晟晟妈,dy0xvzdsbskr,"[""https://p3-pc.douyinpic.com/aweme/100x100/aweme-avatar/tos-cn-i-0813c000-ce_o4AIwi1AeHCE0AQfrAYtBa7lJudBACibnicEqF.jpeg?from=2064092626""]",CN,5,True,725
7619256478074965248,7619644096533644042,2026-05-10T20:47:00.818166,啊啊啊 丹妮来了我想看后续 [大笑][大笑][色][色],1774086641,190,1,5,0,0,True,False,0,,-1,64201119899,MS4wLjABAAAARXwkkiMHjiQOywHEiWC-Mtqy6E_qf88Uftkl0jK1khs,小(｢･ω･)｢叶(๑•̀ㅂ•́)子,,"[""https://p3-pc.douyinpic.com/aweme/100x100/aweme-avatar/mosaic-legacy_316f8000476d631722997.jpeg?from=2064092626""]",CN,5,True,725
7619256478074965248,7637597033473442594,2026-05-10T20:47:00.818166,看你们吃的太馋了  刚吃完一碗面  这肥还怎么减[黄脸干杯],1778266641,0,1,0,0,0,False,False,0,,-1,697567251539785,MS4wLjABAAAATgUpzPynTxc2jdozGbwRZZzAxtahJhQPRG4YPGarcTg,😈,33870747727,"[""https://p3-pc.douyinpic.com/aweme/100x100/aweme-avatar/tos-cn-i-0813_o0PBPDFeXEDOE0AALoAAfaEfT7IR7R7BEAsxEE.jpeg?from=2064092626""]",CN,5,True,725
7619256478074965248,7619627517704078114,2026-05-10T20:47:00.818166,我的嘴里怎么突然有一口怎么喝也喝不完的汤[尬笑],1774082781,4699,1,19,0,0,True,False,0,,-1,95500612930,MS4wLjABAAAAlS_onLfnBxqs1-1ehbEuhmSyzGshyniQio-h3_gAKT8,璇子.,,"[""https://p3-pc.douyinpic.com/aweme/100x100/aweme-avatar/tos-cn-avt-0015_68586fb508ee1e31c8db9cbfdbb5d1d1.jpeg?from=2064092626""]",CN,5,True,725
7619256478074965248,7619718496524518159,2026-05-10T20:47:00.818166,哈哈哈哈哈哈哈哈丹妮来了,1774103964,425,1,3,0,0,True,False,0,,-1,58065511271,MS4wLjABAAAA7Ryrt-XBlq9LQykOlPG3cMj4m1r6gJARagoZzKF5HsY,ᐧ༚ᐧ 富贵迷人眼,,"[""https://p3-pc.douyinpic.com/aweme/100x100/aweme-avatar/tos-cn-i-0813_owAeLLe2A9I2PGeQIrLCniAfCDID8mn0AAI8E8.jpeg?from=2064092626""]",CN,5,True,725
7619261026139535461,7619524664427627306,2026-05-10T20:47:44.120146,那骑马算了,1774058835,1,1,1,0,0,True,False,0,,-1,2370195796540327,MS4wLjABAAAAEzu0I9CKAk_N-QkECScEDHKH2KVCCZ3__DLqDiD3KaxsDfXX0gyOICyvO2hlzFyq,扬帆启航💎💎💸💸,81963864935,"[""https://p3-pc.douyinpic.com/aweme/100x100/aweme-avatar/tos-cn-avt-0015_592d2cbf49d3de2fb60de0075c4c5976.jpeg?from=2064092626""]",CN,5,True,111
7619261026139535461,7625116913529914163,2026-05-10T20:47:44.120146,现在通过系统电子单元，可以让你出保一公里就抱死你信不信[捂脸],1775360881,0,1,0,0,0,True,False,0,,-1,673318946479751,MS4wLjABAAAAjA2DKaznWZuqPmtNNqE3vJkYXUgVDlcQhGN2pm_KLKg,帅帅的酒仙,27006473652,"[""https://p3-pc.douyinpic.com/aweme/100x100/aweme-avatar/tos-cn-i-0813c001_oMAvtfce2nIOHIC8ISGhdmLnANtwAARIfePAQD.jpeg?from=2064092626""]",CN,5,True,111
7619261026139535461,7620228444538651392,2026-05-10T20:47:44.120146,绝对真实，豪车只是性能高，绝不是质量好，尤其是德国车，二手市场看看就知道了，过了6年的过了8年的都什么价，非常心疼。,1774222697,8,1,0,0,0,True,False,0,,-1,1813520516152124,MS4wLjABAAAAau9SSLUXsFTd_Kjx16vetcCK179jh63-0MwCzTkihL38uAUw5JDdv6cqwwdp5nKt,胖成一道闪电,55617863791,"[""https://p3-pc.douyinpic.com/aweme/100x100/aweme-avatar/mosaic-legacy_3797_2889309425.jpeg?from=2064092626""]",CN,5,True,111
7619261026139535461,7621928119934862126,2026-05-10T20:47:44.120146,还是买日系靠谱,1774618432,6,1,0,0,0,True,False,0,,-1,1596932169930099,MS4wLjABAAAADayI1U3HOlLUWt5bVkChD-9N56YDkjT-8M-S6yjO30ceO5pYJ9WPLJr_GKTG3Qu-,勇闯天涯DJ,96609622448,"[""https://p3-pc.douyinpic.com/aweme/100x100/aweme-avatar/tos-cn-i-0813c001_oclAztslWgkez8AIABEhAsCNlA0fEDkEyZs5AC.jpeg?from=2064092626""]",CN,5,True,111
7619261026139535461,7620065144228168497,2026-05-10T20:47:44.120146,俺喜欢的全在你的黑名单里[捂脸],1774184674,6,1,1,0,0,True,False,0,,-1,3007872147131836,MS4wLjABAAAAi3NYLUfUhxUusmlj8825hr9jSvMHUO7674zG0C1fJdJNDsj0Zx_rII8VVP9pcS8G, 龍族元强,dyyfr2gi2rsi,"[""https://p3-pc.douyinpic.com/aweme/100x100/aweme-avatar/tos-cn-i-0813c001_oIO9DiBMeAAlLIAExxiEIbCAzALgY1AvmzfLkA.jpeg?from=2064092626""]",CN,5,True,111
7619271629763333422,7619712455304610597,2026-05-10T20:48:15.156806,南昌人只爱光汤鸡蛋汤和皮蛋汤    [看][看][看],1774102557,60,1,13,0,0,True,False,0,,-1,51502113778,MS4wLjABAAAA-i4Kf3E896LpmGBA77tWpTRhMWe1d_RyDJ5tnDygLUg,金毛十八,xy19880815,"[""https://p3-pc.douyinpic.com/aweme/100x100/aweme-avatar/tos-cn-i-0813_52cd343d24cf4e578b7deebf6330da10.jpeg?from=2064092626""]",CN,5,True,282
7619271629763333422,7619704579114304313,2026-05-10T20:48:15.156806,我在南昌近20年不知道这是南昌哪里,1774100723,59,1,22,0,0,True,False,0,,-1,95141264189,MS4wLjABAAAAVyf9hEpV97eXd12s3ROOaYNrAdvDkXQkjukxPaxdEb4,Sky—扶霜,99T.________.T99,"[""https://p3-pc.douyinpic.com/aweme/100x100/aweme-avatar/tos-cn-avt-0015_acd8373bf24447a832bd1872b3e7b7cc.jpeg?from=2064092626""]",CN,5,True,282
7619271629763333422,7621497650676794121,2026-05-10T20:48:15.156806,我问一下，这是不是  学辽北第一狠人 的彪记靓汤  [看],1774518207,0,1,1,0,0,True,False,0,,-1,61055222219,MS4wLjABAAAAtUB3XPujipYW8_a3v2U0p1mGuKHRRUu7C7eeNPFAY2w,讲道理,,"[""https://p3-pc.douyinpic.com/aweme/100x100/aweme-avatar/tos-cn-i-0813_oceixAvkDfIA0P9DAAgxEwiiSLAxAo7gBAAZCO.jpeg?from=2064092626""]",CN,5,True,282
7619271629763333422,7619667731387237169,2026-05-10T20:48:15.156806,感觉老五家,1774092144,0,1,1,0,0,True,False,0,,-1,75086788845,MS4wLjABAAAA2wdgsEdgWv-BIjq7DZB8KkAe-mw0kSlZX2UUI7XQwFI,小谢同学,,"[""https://p3-pc.douyinpic.com/aweme/100x100/aweme-avatar/tos-cn-avt-0015_4885265e80b1bff84baff48b625fdabf.jpeg?from=2064092626""]",CN,5,True,282
7619271629763333422,7620084543013978932,2026-05-10T20:48:15.156806,腰子汤不补腰子，最好的汤属瓦罐鸽子汤，半个鸽子一份汤表面金黄，好喝又营养。,1774189191,2,1,0,0,0,True,False,0,,-1,98224951165,MS4wLjABAAAAhq8PLfndWnQcTwiAAXhGWW-kz3nLLwJLMN-tvmceR3k,黑桃K,,"[""https://p3-pc.douyinpic.com/aweme/100x100/aweme-avatar/tos-cn-i-0813c001_oolEAUveIehTLBAgQt2c7WLGAIcBEeAsokHUgA.jpeg?from=2064092626""]",CN,5,True,282
7619271632254782729,7637197995953275697,2026-05-10T20:48:40.099431,有U8进藏的嘛[不是吧]，国产除了长城我想不到其他越野的车了,1778173730,0,1,0,0,0,False,False,0,,-1,301723203928139,MS4wLjABAAAAPgb3F4tLevUX6M-0tWk-TfKEvmrI9nS0yvyV8s52ybc,呆头灰鸟,28072842962,"[""https://p3-pc.douyinpic.com/aweme/100x100/aweme-avatar/tos-cn-i-0813_oUEAokdADCPAdg9tQYIACeDAY9nYbqAUBbf1jN.jpeg?from=2064092626""]",CN,10,True,717
7619271632254782729,7634120892562686777,2026-05-10T20:48:40.099431,07还在服役[微笑],1777457284,1,1,0,0,0,False,False,0,,-1,1673894336662926,MS4wLjABAAAACugYIhu9ZP5RaZrzlKWq9jYF3sIJvvia1RcVibIk7hTinlzcedc7cxZoxcoyPQta,黎明教育朱老师,70487214200,"[""https://p3-pc.douyinpic.com/aweme/100x100/aweme-avatar/tos-cn-i-0813c001_oI7A3AbDFgLDm0tCeICw9HASAGESeXAAnQAkTu.jpeg?from=2064092626""]",CN,10,True,717
7619271632254782729,7620405525037876004,2026-05-10T20:48:40.099431,刷到普拉多，魂就飘到318了，刚刚在懂车D去玩车社区看攻略，人都没出发，进藏搭子已经约了五个了,1774263926,264,1,5,0,0,True,False,0,,-1,7455318970534134809,MS4wLjABAAAAS6k0pmNN-lCaCrcKcinhMZLSHPZoax-F3jJPpBo28xphkVHa9ZmjTEkagoLr1fPK,懂车略懂居士,86862463184,"[""https://p3-pc.douyinpic.com/aweme/100x100/aweme-avatar/tos-cn-i-0813c001_oYA3nMfjDQGAIB24ArFADG9HyCfbpAAIEtg1Aw.jpeg?from=2064092626""]",CN,10,True,717
7619271632254782729,7622464007928824625,2026-05-10T20:48:40.099431,我中奖了，就去买台酷路泽来家用代步[看],1774743204,1,1,1,0,0,True,False,0,,-1,98195350660,MS4wLjABAAAAZ0_e3IK9h10aXO5-eL6g3pu0E6iKPmakptNtEBZ0whE,ᯤ⁵ᴳ,WD20190118,"[""https://p3-pc.douyinpic.com/aweme/100x100/aweme-avatar/tos-cn-i-0813c001_oEOIA4tzCEE9eZyAJyiJDaDWSCFARhQAfAApIg.jpeg?from=2064092626""]",CN,10,True,717
7619271632254782729,7620599904587137850,2026-05-10T20:48:40.099431,长途穿越LC76比普拉多可靠一点,1774309184,1,1,0,0,0,True,False,0,,-1,209360232391435,MS4wLjABAAAA-N05o2rIKmCh3Kd9riDiAkKTuh9oG-cITjbTS0Ra3MU,温婉诗意,51048275548,"[""https://p3-pc.douyinpic.com/aweme/100x100/aweme-avatar/tos-cn-i-0813c000-ce_oUKh0EI7XABIwKAuE3CAET30oei9eWUiFAlEfA.jpeg?from=2064092626""]",CN,10,True,717
7619275699026660658,7620078508244796209,2026-05-10T20:48:55.570058,别说赋能了，就是辐射来了也得被奥丁抽成中微子[捂脸],1774187785,1264,1,1,0,0,True,False,0,,-1,37843161587211,MS4wLjABAAAAvp9f_60_OVMMHcAW3uLCW7EJzce6iI7uyuoZdAX46og,不临轩,93085810382,"[""https://p3-pc.douyinpic.com/aweme/100x100/aweme-avatar/tos-cn-i-0813c000-ce_oMogolwQEPDAseeFETEXFoiXgAtE9AAAIV5Ffu.jpeg?from=2064092626""]",CN,5,True,3581
7619275699026660658,7619331645262824241,2026-05-10T20:48:55.570058,看到这仇人也释怀了,1774013892,30106,1,280,0,0,True,False,0,,-1,4063419940735127,MS4wLjABAAAA3lJ6Kj0pz1MS8GlOhIkJrcWEsIBgLalzb9XfGAP70GbZkKzGVTgqy3aa_T7IHrWe,凛槿,dbszzh,"[""https://p3-pc.douyinpic.com/aweme/100x100/aweme-avatar/tos-cn-avt-0015_71b346e34026fef9f567d2b4a20f9d01.jpeg?from=2064092626""]",CN,5,True,3581
7619275699026660658,7619358394017039141,2026-05-10T20:48:55.570058,他们只是赋能，不是两个神[捂脸][捂脸][捂脸],1774020121,1751,1,6,0,0,True,False,0,,-1,215158715057918,MS4wLjABAAAAtgJONA4z0ehy5QTPUkXyDy3pQ_Mnh-02sibzMizYw7k,林茉,85279549930,"[""https://p3-pc.douyinpic.com/aweme/100x100/aweme-avatar/tos-cn-i-0813c000-ce_o0rHAYB3pXMmxA1ADIvAnudSCdgEEAtiPiacq.jpeg?from=2064092626""]",CN,5,True,3581
7619275699026660658,7619521715668550452,2026-05-10T20:48:55.570058,下三等着吧 人数优势还玩阴招 马上就去炸下三[看],1774058148,7033,1,59,0,0,True,False,0,,-1,96307833351,MS4wLjABAAAAGzFX4fP_DKa5RTyPr2b_ulZ9NP0WOdBpULthl-ByO7Q,捱,YVANFIN04VE,"[""https://p3-pc.douyinpic.com/aweme/100x100/aweme-avatar/tos-cn-avt-0015_4df055c77c581ada5a9439313cdb4724.jpeg?from=2064092626""]",CN,5,True,3581
7619275699026660658,7619742523808776970,2026-05-10T20:48:55.570058,赋能枪法还是准的 那么多人围攻上来都能临危不乱的精准点头,1774109558,2779,1,3,0,0,True,False,0,,-1,58914184251,MS4wLjABAAAAVc5h8Wy01gPtvBDAOa1wq-F_wLgGNp4cMlYdMpaGZ2A,想想,LonlySariel,"[""https://p3-pc.douyinpic.com/aweme/100x100/aweme-avatar/tos-cn-i-0813c001_oYAAAAGpNEpAA9kIhfifCFO4DDon9jE5j7NRPg.jpeg?from=2064092626""]",CN,5,True,3581
7619296279625043200,7621867562792289043,2026-05-10T20:50:06.798133,番禺哪里有德州豹,1774604710,0,1,1,0,0,True,False,0,,-1,96359008634,MS4wLjABAAAAt80OHxOYr8Z6wkBf8vtCBDLvvRM3mXEJdujmcmJNelA,Aszhou,Aszhousports,"[""https://p3-pc.douyinpic.com/aweme/100x100/aweme-avatar/tos-cn-avt-0015_702705de4587438c57068ac42923d9fb.jpeg?from=2064092626""]",CN,10,True,590
7619296279625043200,7620692016687366961,2026-05-10T20:50:06.798133,有几对孔雀鱼和迷你鹦鹉混养一直没事，上星期买了几条红宝石过两天才发现孔雀鱼全不见了[流泪],1774330630,4,1,2,0,0,True,False,0,,-1,4165391681617608,MS4wLjABAAAAhPKe4WKPXxd3lQB09XSojd8F9uFiRHC5ZF1heqvIs7D9SLsz89-C_tCGSGzxbeYt,来一杯勉励(ง •̀_•́)ง,68870868021,"[""https://p3-pc.douyinpic.com/aweme/100x100/aweme-avatar/tos-cn-i-0813c000-ce_o0c3fOA3eAE8EqDjAG2j3qKfBITcLDAfBBAITi.jpeg?from=2064092626""]",CN,10,True,590
7619296279625043200,7619731227541930789,2026-05-10T20:50:06.798133,白云金丝国家保护动物,1774106929,0,1,0,0,0,True,False,0,,-1,2101860685841982,MS4wLjABAAAAB1piN7B9JJ6q0aJVcg-m7DgnCWFCRbmn-jAGIgSGiGuauykE7ydsW1FJKc7LNwId,静静叹世界,zhuoguangdafashi,"[""https://p3-pc.douyinpic.com/aweme/100x100/aweme-avatar/tos-cn-i-0813c000-ce_ooDAIM3u3iZ0MATqMMa5vyNwDdPAAivE92BBA.jpeg?from=2064092626""]",CN,10,True,590
7619296279625043200,7620423849783591729,2026-05-10T20:50:06.798133,大佬，送几条青剑鱼给我吧，我带全村人关注你[发呆],1774268191,1,1,0,0,0,True,False,0,,-1,97829048321,MS4wLjABAAAA1jzmHiUufzhjBeUouftVEVCCqDgUzr59rjO1KsrdNh0,巴黎瑰尔胩斯澜,,"[""https://p3-pc.douyinpic.com/aweme/100x100/aweme-avatar/tos-cn-i-0813_452ae59f3d8645ec9cd300ecff6a8809.jpeg?from=2064092626""]",CN,10,True,590
7619296279625043200,7629186412206359353,2026-05-10T20:50:06.798133,三角梅开挂 孔雀鱼也开挂 广州真是个好地方[灵机一动],1776308385,0,1,0,0,0,True,False,0,,-1,63452011101,MS4wLjABAAAAgXwE5-rhEVZ2Hj3GVwnbz1otmkQHrZe24TiG8Yl4W_s,多喜童发造型店官方号,Wyyhz8811,"[""https://p3-pc.douyinpic.com/aweme/100x100/aweme-avatar/tos-cn-i-0813_oMjZ7WoeOIGABABPbEWLABxIQtGAjGARxAehHf.jpeg?from=2064092626""]",CN,10,True,590
7619302073317805339,7619310712556454705,2026-05-10T20:50:31.334988,射不出来[懵],1774009018,42,1,0,0,0,True,True,0,,-1,299526639590712,MS4wLjABAAAAX3jHu5doGoLwxQUTXIXz_gKTnNEJzldmHZhnkiE15wk,六百六十六,42454244971,"[""https://p3-pc.douyinpic.com/aweme/100x100/aweme-avatar/tos-cn-i-0813c000-ce_oII3V2AivXULpFxDdpAPEiBoAVAjMA3AuAica.jpeg?from=2064092626""]",CN,5,True,64
7619302073317805339,7624762167367516977,2026-05-10T20:50:31.334988,让人寸止了,1775278285,15,1,1,0,0,True,False,0,,-1,294267507716957,MS4wLjABAAAA3R95cvDS8loxSWhRvertcXRu-3dBBQzRgUupo9GtNk8,阿巴,73799676295,"[""https://p3-pc.douyinpic.com/aweme/100x100/aweme-avatar/tos-cn-i-0813c000-ce_oofY8FDj7BJGwIAhvBEEQcEA9APgyfAJASfs8A.jpeg?from=2064092626""]",CN,5,True,64
7619302073317805339,7619353989003641651,2026-05-10T20:50:31.334988,为什么最后一排总是最后死？,1774019095,100,1,5,0,0,True,False,0,,-1,104882168880,MS4wLjABAAAAeqBbUAbbPFCIJlQiLDwD8vX2-Iqq8nqySGL3i3mbj0s,鱼豆子🌌,,"[""https://p3-pc.douyinpic.com/aweme/100x100/aweme-avatar/tos-cn-i-0813c001_ocAHFQk5BIDQPS7qAliACHeEsCfi0AAEi9g2A6.jpeg?from=2064092626""]",CN,5,True,64
7619302073317805339,7632213717110784777,2026-05-10T20:50:31.334988,每次失败喊的啥词,1777013234,13,1,8,0,0,True,False,0,,-1,4268740925458451,MS4wLjABAAAAKlHkIppX9oNHSkQGh40PmRHWHOzqz6nW1e2v7iRNdv78p_AAKJfCkdfoctyStpfq,luckya,56401390231,"[""https://p3-pc.douyinpic.com/aweme/100x100/aweme-avatar/tos-cn-i-0813c000-ce_ogrHIeqnCA7sGmAQAyrIAfTwVmzLIf5Ife1yAH.jpeg?from=2064092626""]",CN,5,True,64
7619302073317805339,7623059371752309553,2026-05-10T20:50:31.334988,僵尸死后尸体还会存活一段时间，而植物直接就没了，没啥可比性,1774881821,2,1,0,0,0,True,False,0,,-1,3549696466880879,MS4wLjABAAAAgCB5ogXa6muzrSInzCWXKCFW9MGsLswTJYYEz6jJSicV2VT_qbyr1VPOyu0m9s8I,伤心且白糖,43082216381,"[""https://p3-pc.douyinpic.com/aweme/100x100/aweme-avatar/tos-cn-i-0813_okzUC9NfAEvsmfAAMbOCAoDEhAIAzEsg9YAADh.jpeg?from=2064092626""]",CN,5,True,64
7619302590459740273,7619318407268074289,2026-05-10T20:50:56.215982,这么好的人，死晚了[捂脸],1774010811,6980,1,48,0,0,True,False,0,,-1,97351606811,MS4wLjABAAAAjH6kr0V34aDMFuPHiT2oJDnobepbkrFdSOCmlr4nZJs,象宮,W14Y13W19,"[""https://p3-pc.douyinpic.com/aweme/100x100/aweme-avatar/tos-cn-i-0813c000-ce_oIOyfnAHeAK1A9GhDHhzjeQAnL2Cf50ADcIITC.jpeg?from=2064092626""]",CN,5,True,5889
7619302590459740273,7620705074096538374,2026-05-10T20:50:56.215982,高层的智囊团一直以来对港问题都有一个清醒的认识，说到底拖掉几代人把立场不对的垃圾清除出去，这个问题自然就解决了,1774334210,84,1,8,0,0,True,False,0,,-1,108855658090,MS4wLjABAAAAE_n69th5_6sCKl-3zyfkIAurbtKM0FYIJAxK9mnpjho,🦴棒战神,,"[""https://p3-pc.douyinpic.com/aweme/100x100/aweme-avatar/tos-cn-avt-0015_a14a7fa0d4fe0ba3a8d69896de86ec3d.jpeg?from=2064092626""]",CN,5,True,5889
7619302590459740273,7619487347105153850,2026-05-10T20:50:56.215982,[流泪]有我惨吗？失业3年了，无奈一直在家躺平，每天10点睡觉7点起床，三餐只能吃家常肉（鱼，鸡肉，猪肉，牛肉，鹿肉），24小时热水，高床软枕，只在有空调的恒温室内活动。,1774050146,406,1,43,0,0,True,False,0,,-1,4173379295781848,MS4wLjABAAAAS-dFF7kyxCGyMRjOunSV4uQtOLjOWDfgNpy1A_WiytjdqcpQrlh6zUztr233rDMk,不懂就问,dy1ndaje9vcuw,"[""https://p3-pc.douyinpic.com/aweme/100x100/aweme-avatar/tos-cn-i-0813c001_f0c85ba08abe4fa097a22fa39011aad6.jpeg?from=2064092626""]",CN,5,True,5889
7619302590459740273,7619336536161485617,2026-05-10T20:50:56.215982,申请bno签证的，按自动放弃国籍处理不行吗,1774015032,71,1,8,0,0,True,False,0,,-1,1547739747069208,MS4wLjABAAAA8vr7Fx4Pudu1Knl836RH3jWushrdrbXCic_Z9ks4D0hnlSxWq0IHg8UF8eFG6V4A,此人已禁言,dyu90aah5n8z,"[""https://p3-pc.douyinpic.com/aweme/100x100/aweme-avatar/tos-cn-avt-0015_4c1489fa57883ff78bc61a27e63a990c.jpeg?from=2064092626""]",CN,5,True,5889
7619302590459740273,7619342911263671091,2026-05-10T20:50:56.215982,一个政策就吸了20亿，还是英镑,1774016848,76,1,2,0,0,True,False,0,,-1,7442674751095047225,MS4wLjABAAAAhTBTLuE9jgQjI7Ofkw146n8bZUHFv1ZMgGcdhQDWaQDurcoh38FYdoD3fRKZSJNY,葫芦娃哈哈,29220166573,"[""https://p3-pc.douyinpic.com/aweme/100x100/aweme-avatar/tos-cn-i-c9aec8xkvj_a85b52f366994d349c4bc03defff325a.jpeg?from=2064092626""]",CN,5,True,5889
7619305295085105009,7619757783999873851,2026-05-10T20:51:21.107387,88,1774113115,3,1,1,0,0,True,True,0,,-1,68621967044,MS4wLjABAAAAIMTpFEwSw10p2HddbqktMC484gvS-jV2yUx2nekvrlg,Lost,Feverfive,"[""https://p3-pc.douyinpic.com/aweme/100x100/aweme-avatar/tos-cn-avt-0015_68c0436cb9c52a731da9aa740fc63e0c.jpeg?from=2064092626""]",CN,5,True,99
7619305295085105009,7619723720504804145,2026-05-10T20:51:21.107387,我来好几次了,1774105180,1,1,1,0,0,True,True,0,,-1,98485424769,MS4wLjABAAAAmORT3SNXfDAYyPIcyHJkS53XHY0fS0n8PVHZtRqDpSA,醉后不知天在水，满船清梦压星河⛳⛳⛳,A735157BC,"[""https://p3-pc.douyinpic.com/aweme/100x100/aweme-avatar/tos-cn-i-0813c000-ce_oEEYNA2DITAf6QDXAhAAmOJm4JFeEfrDfULm7y.jpeg?from=2064092626""]",CN,5,True,99
7619305295085105009,7619640447539266361,2026-05-10T20:51:21.107387,888888,1774085792,2,1,0,0,0,True,True,0,,-1,3134033367153719,MS4wLjABAAAAYe_mW-szqZKHrFC_VoFWUWv8ZoNdO4ArqliaStHlF6o-qgx6-OFmNK8q2LtSDelT,乔九荣,37781503189,"[""https://p3-pc.douyinpic.com/aweme/100x100/aweme-avatar/tos-cn-i-0813c000-ce_oUeD2EydA0AITA806UeiifwZEExPuAgKIwBnAz.jpeg?from=2064092626""]",CN,5,True,99
7619305295085105009,7619645177670370111,2026-05-10T20:51:21.107387,888888,1774086893,2,1,0,0,0,True,True,0,,-1,254687271728062,MS4wLjABAAAAlc349N-B-LgDiBZIbmw_PMtnFcpDiu_z8mbIydBReOo,曜阳,xugongzidong,"[""https://p3-pc.douyinpic.com/aweme/100x100/aweme-avatar/tos-cn-avt-0015_aeff0a28c2431780df96966e0897b17a.jpeg?from=2064092626""]",CN,5,True,99
7619305295085105009,7619567712662684465,2026-05-10T20:51:21.107387,我要来,1774068857,1,1,4,0,0,True,True,0,,-1,2948221467099136,MS4wLjABAAAA-UR0qcCPxuUC7Hdjr4fmokqZZJrOuEGvcdif6bzHkBjLProD25joFGD76tbxeZzo,情毒,24285909067,"[""https://p3-pc.douyinpic.com/aweme/100x100/aweme-avatar/tos-cn-i-0813_oo4DfAB0trCAriec0vHcdANAgE5gC2kIAA1FiH.jpeg?from=2064092626""]",CN,5,True,99
7619311069853731065,7619933853415260966,2026-05-10T20:51:40.697235,这就是张婉莹吗？,1774154106,5,1,1,0,0,True,False,0,,-1,79356961586,MS4wLjABAAAAxBHBSSg7zqHXv_o1wStMbynYKSRfTqi8RMK54s-mZTM,洋🇨🇳🇨🇳🇨🇳,WB328957,"[""https://p3-pc.douyinpic.com/aweme/100x100/aweme-avatar/tos-cn-i-0813_f1c82a6fa58241639a9c0fc01c781575.jpeg?from=2064092626""]",CN,15,True,543
7619311069853731065,7621897159219446577,2026-05-10T20:51:40.697235,我有原图！要不要，要不要[呲牙],1774611224,12,1,42,0,0,True,False,0,,-1,1425388348915560,MS4wLjABAAAAusTQLg_qBivmBxiIHauPu93uR3stZJSfYkXuzPzAaas_NBdEvVu8__shP1GaQArS,用户3735046815300,59008109873,"[""https://p3-pc.douyinpic.com/aweme/100x100/aweme-avatar/aweme_default_avatar.png.jpeg?from=2064092626""]",CN,15,True,543
7619311069853731065,7619313879831511845,2026-05-10T20:51:40.697235,那场没结果的爱 你谈了多久,1774009756,178,1,78,0,0,True,False,0,,-1,71071563723,MS4wLjABAAAA9ph6lGbLH2lAthEW5SI-qFslG5wo57ybnWhAR1bErzU,晚星,zy571235030,"[""https://p3-pc.douyinpic.com/aweme/100x100/aweme-avatar/tos-cn-avt-0015_c9197b2df4af32ccce23122a60089058.jpeg?from=2064092626""]",CN,15,True,543
7619311069853731065,7620296244745487153,2026-05-10T20:51:40.697235,忘记一个人需要多久？,1774238482,6,1,4,0,0,True,False,0,,-1,92455593436,MS4wLjABAAAA7KCOcvQOBQGn6Twu5AzG_luijgiV6eEoU4EOs4REFQQ,栀子味的风,,"[""https://p3-pc.douyinpic.com/aweme/100x100/aweme-avatar/tos-cn-avt-0015_0deacb3e49dabf7275bebd5b8578922f.jpeg?from=2064092626""]",CN,15,True,543
7619311069853731065,7622198676530578214,2026-05-10T20:51:40.697235,有无水印且兔,1774681429,0,1,1,0,0,True,False,0,,-1,7586525011402556475,MS4wLjABAAAAilQTfeFIUxA7Gl4aOLvsrAFGwqxhPNCotpymxLrusUnCQjX8eTX7Xu2u6DO1HAfd,财财财财财妹🎀,79619186214,"[""https://p3-pc.douyinpic.com/aweme/100x100/aweme-avatar/tos-cn-i-0813c000-ce_oYOMjEBAvAyB6n3YAaHAiPyqrAILiiUrIKB4N.jpeg?from=2064092626""]",CN,15,True,543
7619316575031528730,7619356758851126053,2026-05-10T20:51:55.187866,唐生肉我吃过，真不够这鸡好吃,1774019740,54,1,13,0,0,True,True,0,,-1,94533130201,MS4wLjABAAAAnbY7C_-SdujG3h3ii-W38_xgPzzgkXIeRXkIiSxLOTo,空军路亚,DZ_LUYA,"[""https://p3-pc.douyinpic.com/aweme/100x100/aweme-avatar/tos-cn-avt-0015_52e6dfc0fe44adb2a67a65a34987e414.jpeg?from=2064092626""]",CN,5,True,155
7619316575031528730,7619942413944177460,2026-05-10T20:51:55.187866,我八九十年代经常在大陆吃鸡..平靓正...很多贫穷家庭也要多谢我,1774156100,1,1,3,0,0,True,False,0,,-1,3455100220881593,MS4wLjABAAAAt4tVTC4wWB1qmceFxSntq7Klnct_NP3X00wcCt1-1NkGVdTk8gTEKvfdGUvfzKNC,43728925821,43728925821,"[""https://p3-pc.douyinpic.com/aweme/100x100/aweme-avatar/tos-cn-i-0813c000-ce_o0eggu4fAcOBO5OT7wYFJwk47EQTIAF0AEANfD.jpeg?from=2064092626""]",CN,5,True,155
7619316575031528730,7619318996270056230,2026-05-10T20:51:55.187866,请问唐僧肉是啥味道呀？[呲牙][呲牙][呲牙],1774010948,12,1,5,0,0,True,True,0,,-1,1338519556209516,MS4wLjABAAAAdxFdz3yFbWSoopZBoJxNzGcJw9eO39a6UVu3pOI1csqMZSsECE1-GQz57s9iGVyM,童知馆长,childEdu666,"[""https://p3-pc.douyinpic.com/aweme/100x100/aweme-avatar/tos-cn-i-0813_ooAfRFf2A9O7uDniIdjBbUAeDPEBgTOaAAEAEZ.jpeg?from=2064092626""]",CN,5,True,155
7619316575031528730,7619355287799120691,2026-05-10T20:51:55.187866,我会建议来广东鹤山鹤城吃一下客家人做的乞丐鸡,1774019397,2,1,5,0,0,True,True,0,,-1,76160289685,MS4wLjABAAAAtJQVMWeM4ELWii1ZmSQ3rrGNMtQQI4dwi0DrozndBEY,KS,Wonderlandd,"[""https://p3-pc.douyinpic.com/aweme/100x100/aweme-avatar/tos-cn-avt-0015_44a1461f3ebddc851e4cde9ef6537054.jpeg?from=2064092626""]",CN,5,True,155
7619316575031528730,7619381634014741297,2026-05-10T20:51:55.187866,在台湾鸡屁股叫七里香，听说赵一鸣超级喜欢吃，他的一首歌就叫七里香[看][看][看],1774025535,2,1,0,0,0,True,False,0,,-1,2494162084299227,MS4wLjABAAAA5suSkbRmSJiynbEhD8NG2KMxD6MxOpi5jIGbvhvNoWdZG-fhLkZV5NTPcsBF3-7R,马铃薯的小酒☍,77365519745,"[""https://p3-pc.douyinpic.com/aweme/100x100/aweme-avatar/tos-cn-avt-0015_784488fe28fc6b1716c8da5c6a5bd5cf.jpeg?from=2064092626""]",CN,5,True,155
7619317802259795226,7619515175591199526,2026-05-10T20:52:21.011368,王启文的老鼠爱大米好听,1774056625,0,1,1,0,0,True,False,0,,-1,78995520846,MS4wLjABAAAAUX3fkrz82wNiLx_KIumHO7XRQdGWTUPxuiFDeM0JDLs,一个朋友,,"[""https://p3-pc.douyinpic.com/aweme/100x100/aweme-avatar/tos-cn-i-0813_ogH6DIiQnENnGC0AgDbeALAABe9nAlAASPm9HQ.jpeg?from=2064092626""]",CN,5,True,170
7619317802259795226,7621540626073912079,2026-05-10T20:52:21.011368,羽泉的冷酷到底[抠鼻]八零九零后的巅峰神曲，哪个八零九零后小时候没听过[抠鼻],1774528212,3,1,2,0,0,True,False,0,,-1,734100963992683,MS4wLjABAAAA3-OXhvTbJNhWn0C5LUoRNKAq7hvkVIC5YU5fL0Dm3z8,何妨,hefang44003,"[""https://p3-pc.douyinpic.com/aweme/100x100/aweme-avatar/tos-cn-i-0813_df5a70f3a8c54c32857c108ff44dcbe4.jpeg?from=2064092626""]",CN,5,True,170
7619317802259795226,7622697436477162277,2026-05-10T20:52:21.011368,十一年有人听过吗[杀马特][杀马特][杀马特],1774797552,6,1,3,0,0,True,False,0,,-1,2657936391284768,MS4wLjABAAAAkuvs4wMGjNYqtWb2MRNIP94QK5j7yWNG3HN-pEaOJS1xMxtRTaG54bLWxvEpfqJF,用户2430914937219,83763091348,"[""https://p3-pc.douyinpic.com/aweme/100x100/aweme-avatar/mosaic-legacy_3795_3047680722.jpeg?from=2064092626""]",CN,5,True,170
7619317802259795226,7621551918917108489,2026-05-10T20:52:21.011368,以前的曾毅，匪里匪气，现在的曾毅，稳稳的老干部[尬笑],1774530840,3,1,0,0,0,True,False,0,,-1,76149261614,MS4wLjABAAAA3OCo7rfwzgoUbd3pimie4Q3sndUYulKoFB2kjWeR9Aw,honny啦啦啦,,"[""https://p3-pc.douyinpic.com/aweme/100x100/aweme-avatar/tos-cn-i-0813_25dd118db8e1448c8212afe3eb56a0a5.jpeg?from=2064092626""]",CN,5,True,170
7619317802259795226,7621709771428021028,2026-05-10T20:52:21.011368,这些当年全是入不了法眼的歌曲[捂脸],1774567596,4,1,1,0,0,True,False,0,,-1,3619237797302696,MS4wLjABAAAAQHhZ0N-rHNoQ2qr2w5xtwEzS9SITV48GW3k39ulj0p2Bnu5XlhQi8xBpAJLO7ns0,采蘑菇的少年丶,dywgye5yr0em,"[""https://p3-pc.douyinpic.com/aweme/100x100/aweme-avatar/tos-cn-i-0813_okD1fpf6Ag75nFAAjhgCAbCmEXQAnICg9RCAv8.jpeg?from=2064092626""]",CN,5,True,170
7619320269798231269,7637110080043107107,2026-05-10T20:52:37.806004,@真棒真水平[玫瑰][玫瑰][玫瑰][玫瑰][玫瑰][玫瑰][玫瑰][玫瑰][玫瑰][玫瑰][玫瑰][玫瑰][玫瑰][鼓掌][鼓掌][鼓掌][鼓掌][鼓掌][鼓掌][鼓掌][鼓掌][鼓掌][鼓掌][鼓掌][鼓掌][比心][比心][比心][比心][比心][比心],1778153257,0,1,0,0,0,False,False,0,,-1,3847893495851133,MS4wLjABAAAAPZMKzrjXcCYhcN50416xW9GRiSJjq0909_aDsaw8M90HeJgTtLn798T7ivVDklxV,自由自在开心过好每一天,ziyouzizaika59,"[""https://p3-pc.douyinpic.com/aweme/100x100/aweme-avatar/tos-cn-i-0813_ff1df88661eb4ec98f1944897de96c10.jpeg?from=2064092626""]",CN,5,True,1112
7619320269798231269,7620413527722951470,2026-05-10T20:52:37.806004,老师的吐功太厉害太棒了[玫瑰][玫瑰][玫瑰][玫瑰][玫瑰][玫瑰][玫瑰][玫瑰][玫瑰][鼓掌][鼓掌][鼓掌][鼓掌][鼓掌][鼓掌][鼓掌][鼓掌][666][666][666][666][666][666],1774265788,15,1,5,0,0,True,False,0,,-1,3584002915566461,MS4wLjABAAAA_tgH9zzWCRKfHST-TSS6VEGTu4S3tu6fG9CmQTjSfDQu4fSPnpb6ETuCjGD-a-ex,未来可期2026,qidai1979,"[""https://p3-pc.douyinpic.com/aweme/100x100/aweme-avatar/tos-cn-i-0813_oEQDpKAhCoXqAC0Ne89AMGAAEBNqVnAIqgfF9X.jpeg?from=2064092626""]",CN,5,True,1112
7619320269798231269,7619662571053826873,2026-05-10T20:52:37.806004,90年的人，算不算最年轻的艺术家[赞][赞][赞],1774090942,38,1,7,0,0,True,False,0,,-1,104536788456,MS4wLjABAAAA1QCVHWPmODuOceCcbpkuo-U3rlSAEyTxiHPek7anLls,湖北明哥        🪳,mdz8888888888,"[""https://p3-pc.douyinpic.com/aweme/100x100/aweme-avatar/tos-cn-i-0813_oEApZWbxPQGDa9gQAi5AaU72eE2fLABIHBAeBv.jpeg?from=2064092626""]",CN,5,True,1112
7619320269798231269,7620473276447654705,2026-05-10T20:52:37.806004,翟明菲老师是天津歌舞剧院唢呐演奏家，老师是唢呐界四大宗师（任同祥、胡海泉、郝玉岐、刘凤鸣）之一、也是唯一健在的郝玉岐大师！,1774279700,18,1,3,0,0,True,False,0,,-1,108877408479,MS4wLjABAAAAXZsIuQKFZ1N5v88O486QSgLm7kKbV7Zh7v1mhYjNcA8,大海,GRP931103,"[""https://p3-pc.douyinpic.com/aweme/100x100/aweme-avatar/tos-cn-i-0813_889ee30bea434e179d89df6e2841dc8e.jpeg?from=2064092626""]",CN,5,True,1112
7619320269798231269,7621381885126066980,2026-05-10T20:52:37.806004,要模样有模样，要表情有表情，而且专业水平登峰造极，人间精品[赞][赞][赞]。让人为之振奋，心情大好。,1774491253,5,1,0,0,0,True,False,0,,-1,103760716939,MS4wLjABAAAAKicpCMweP9w_R2LBwSJSOBOlbhpxCt-MH_HczmckxYU,佛了,fule20324,"[""https://p3-pc.douyinpic.com/aweme/100x100/aweme-avatar/tos-cn-i-0813_c0962e9d9ca948a3b99690e67e3f6ff5.jpeg?from=2064092626""]",CN,5,True,1112
7619326683341933858,7619628327242662705,2026-05-10T20:53:07.302432,兄弟我不敢劝你了，我朋友上次最后一舞，把扩容箱全部扣来出了，直接A大加m14加金胸挂加乌龟包单3清图了，保险还出了2颗非洲之星2600w还有1颗海洋之泪2600w，老太还爆了张总裁700w，清图又吃了1400万，这里7000多万了，还破译了曼德尔砖出来开了个棱镜m7枪皮卖了13万，这把还养了个麦晓雯鼠鼠，这个鼠鼠都吃了600万，你猜怎么着，这个鼠鼠还是上市公司老总的女儿，他们直接奔现了，带着千亿现金入赘，我都不敢继续说下去了,1774082970,862,1,12,0,0,True,False,0,,-1,1590335755536368,MS4wLjABAAAAskUgDPPclhOBYRCoIFqL_Dd8M47CSmr43pCaXN6711jW40-APLXz85WsZCWz2syR,还愿,fyy110309,"[""https://p3-pc.douyinpic.com/aweme/100x100/aweme-avatar/tos-cn-i-0813c000-ce_o44AwCE6EuDA91wM4XALFeHEf0oAHpQAX1Inkc.jpeg?from=2064092626""]",CN,5,True,714
7619326683341933858,7619680158778442545,2026-05-10T20:53:07.302432,很好笑嘛[流泪]夺舍的是我，取关了主播[流泪][流泪][流泪],1774095038,539,1,11,0,0,True,True,0,,-1,2376489315080512,MS4wLjABAAAAE97eIISsJUJXh8j7d9N-8x9eAJuTqph3SFh_zUVg9MhLnxOmNZtcTWAk8eZt-6bU,丰川祥子,58494578160,"[""https://p3-pc.douyinpic.com/aweme/100x100/aweme-avatar/tos-cn-i-0813c000-ce_o4JeAR2E92WQBfW7cTQAyjA8MZg8Spf7AGuIaM.jpeg?from=2064092626""]",CN,5,True,714
7619326683341933858,7619539131899347712,2026-05-10T20:53:07.302432,一个非洲之心等于一个非洲之心[戳手手],1774062203,38,1,1,0,0,True,False,0,,-1,734897618550807,MS4wLjABAAAAVmq-KVCmupXAx1Fklqii4qcTsBiIvHFsgugQwVvgyxw,🐾威赤🐾,94009579685,"[""https://p3-pc.douyinpic.com/aweme/100x100/aweme-avatar/tos-cn-i-0813c001_o8AFA8cYMBDOXAYBBkQODeIk5EaQeeqANA7CpA.jpeg?from=2064092626""]",CN,5,True,714
7619326683341933858,7620677092484793138,2026-05-10T20:53:07.302432,额😓,1774327155,40,1,7,0,0,True,False,0,,-1,1555141956470185,MS4wLjABAAAAoA2LN8TdCJVJOYHN81TVlnpJougy0nmCiScZuV_Ku4w_Z9QO7sIEzE1LseFyA-rl,我是劳大,77478168307,"[""https://p3-pc.douyinpic.com/aweme/100x100/aweme-avatar/tos-cn-i-0813c000-ce_oULSlAUAeAaWmffAIcPzAtmTwf9eQnmAHF4AIG.jpeg?from=2064092626""]",CN,5,True,714
7619326683341933858,7619371541901673265,2026-05-10T20:53:07.302432,[听歌],1774023183,2,1,1,0,0,True,False,0,,-1,1618899165264110,MS4wLjABAAAA75kRnSklQ2iRLCtAXCWtkRcsr4d1QI8xugSfx9rNhEQ6DNsfz_AHu9PRJzD8Y5Ug,单纯的杠精,danchundegan47,"[""https://p3-pc.douyinpic.com/aweme/100x100/aweme-avatar/tos-cn-i-0813c001_oAArAAgYIrPBIAKrzPgZgEDpAsICIiiwAgrZb.jpeg?from=2064092626""]",CN,5,True,714
7619329061134814479,7619751627503649588,2026-05-10T20:53:17.478804,2:04,1774111681,8,1,2,0,0,True,False,0,,-1,7540866458248430652,MS4wLjABAAAAYS5VKyh1kR80S4V2lOZc-QPgxOQyb0Bmwpeqly3CyBBifQDlNaCT5aMeuANIIdyC,爱恨与共,82779544575,"[""https://p3-pc.douyinpic.com/aweme/100x100/aweme-avatar/tos-cn-i-0813c001_o06vzEnggII2AAgCxSABGA7iBbuRaAQZiMSP0.jpeg?from=2064092626""]",CN,5,True,110
7619329061134814479,7619344333958841137,2026-05-10T20:53:17.478804,666主播居然用全息，虽然另一个用的是红点，但也是够可以的，主播牛逼！,1774016846,55,1,1,0,0,True,False,0,,-1,81152269420,MS4wLjABAAAATvFiKZgxHV59u0gUYHhhkqynKetE3GcYatU7jK6OgjA,一只巴萨球迷,,"[""https://p3-pc.douyinpic.com/aweme/100x100/aweme-avatar/tos-cn-avt-0015_aa2bb9fdf888cab56c0c256920c0f39e.jpeg?from=2064092626""]",CN,5,True,110
7619329061134814479,7619355585226670857,2026-05-10T20:53:17.478804,你不是有冰皮的吗,1774019467,0,1,1,0,0,True,False,0,,-1,369901568524461,MS4wLjABAAAAO6T89GOw4t0clCQgUgIa-CpKFV7nMthXtyM1DYGcFbQ,布偶,61931255953,"[""https://p3-pc.douyinpic.com/aweme/100x100/aweme-avatar/tos-cn-i-0813_ockAkDFxfEDKEvAAszAgfqEjmEIR9ixANAwJmC.jpeg?from=2064092626""]",CN,5,True,110
7619329061134814479,7625284352486327089,2026-05-10T20:53:17.478804,开头1:50,1775399865,0,1,0,0,0,True,False,0,,-1,2009531640711822,MS4wLjABAAAAo7tLlATlg68VcVT4MfPkXfuK3yIBIxX8EPZqGBZhUhgQEOIzZpsr9321-E4DcBwe,Aforei.,38850608009,"[""https://p3-pc.douyinpic.com/aweme/100x100/aweme-avatar/tos-cn-i-0813c000-ce_o8fp899DAIBej2vivmi2tEA1EKAKIwEy0KAeFA.jpeg?from=2064092626""]",CN,5,True,110
7619329061134814479,7619369768063337266,2026-05-10T20:53:17.478804,这好像是以前的素材[钱],1774022769,3,1,3,0,0,True,False,0,,-1,7580753700802085925,MS4wLjABAAAAV0rnKBlhISR1BheSqxjmawfMM-nzobBLkOOMJb4Dwbk9Ed2wAcLyK9lyOzNuaRWN,爱意皆失译,48059774157,"[""https://p3-pc.douyinpic.com/aweme/100x100/aweme-avatar/tos-cn-i-0813c001_oYAIgixAe0xE0AmfbAFrBchg5l4BACiMD1kAp4.jpeg?from=2064092626""]",CN,5,True,110
7619343878307919049,7625147813954274067,2026-05-10T20:53:47.203213,妈妈眼中的你吃饭,1775368076,7585,1,57,0,0,True,True,0,,-1,1460619320765287,MS4wLjABAAAA1OqD_Va6YqctYE2G2l0Jor5QTgJDvUMzTBKQqCyyz0v_I4VzjkT7BxdCMWSiizGz,Felix,72772824298,"[""https://p3-pc.douyinpic.com/aweme/100x100/aweme-avatar/tos-cn-i-0813c001_ocFICQO3gArpA6429FfBjpDC1AvZcEAYsA5NAe.jpeg?from=2064092626""]",CN,5,True,811
7619343878307919049,7633111588723360571,2026-05-10T20:53:47.203213,谁懂吃的鸡头白脸在快噎死的时候喝口水顺下去的快感[憨笑],1777222287,607,1,9,0,0,True,False,0,,-1,102779543534,MS4wLjABAAAARNp6FrMv4naHzfuDeNIksxT9UZ-uHYhw2KF4sMlL2_4,难容,13884325350i,"[""https://p3-pc.douyinpic.com/aweme/100x100/aweme-avatar/tos-cn-i-0813c000-ce_osfKnOTAEACEAuwSspDfnpIRpEAkvu9D7FOAC9.jpeg?from=2064092626""]",CN,5,True,811
7619343878307919049,7633826898741265209,2026-05-10T20:53:47.203213,谁懂感觉要饿死了急头白脸的把肉和饭塞满嘴的快乐，在咬了几下后再来口菜[躺平],1777388832,17,1,1,0,0,True,False,0,,-1,2045572540536536,MS4wLjABAAAAavq7I1RnUecf0JHlCtzbzffwnJYr1PO1LuZnb3P4nZlEuWyw1KXFWVLmzjzdQHk8,chan chan,72919819051,"[""https://p3-pc.douyinpic.com/aweme/100x100/aweme-avatar/douyin-user-image-file_baf5d2efae8820b2ae57da910ddc1cf7.jpeg?from=2064092626""]",CN,5,True,811
7619343878307919049,7623742413479265033,2026-05-10T20:53:47.203213,日本肥胖率这么低，他们吃的热量这么高，为啥啊,1775040855,1017,1,40,0,0,True,False,0,,-1,92746012755,MS4wLjABAAAA96eIVtknegiUwpTnsQEJg1Gn7qqeO4p_pfpgpBBNMYc,冷暖自知,,"[""https://p3-pc.douyinpic.com/aweme/100x100/aweme-avatar/tos-cn-avt-0015_dd1c0dfbf0b89c49cc616a6786562ea7.jpeg?from=2064092626""]",CN,5,True,811
7619343878307919049,7625715698363138866,2026-05-10T20:53:47.203213,炸货一点都不下饭，这咋吃的下去的[流泪],1775500306,1235,1,49,0,0,True,False,0,,-1,3583997500720876,MS4wLjABAAAAlomnGKSTkG20dAAe4WVt3hqycPKMTaAhDzPlj4Jl5yhZC-8WNEdZpwefb0wIt6nI,不瘦到160不改名,c1092941986,"[""https://p3-pc.douyinpic.com/aweme/100x100/aweme-avatar/tos-cn-i-0813_o4IfQAAA9r1nAVDpOFE9fY8wax1A1EAgCK6HCP.jpeg?from=2064092626""]",CN,5,True,811
7619344018695088015,7620684609952596776,2026-05-10T20:54:13.835729,欢迎博主来贵阳   贵州古有天无三日晴  地无三尺平的说法 一点不假  地处云贵高原 加上喀斯特地貌阻了经济发展 随着西部大开发等国家政策的支持  贵州近20年来的发展可谓翻天覆地的变化 作为全国唯一个县县通高速的省份  使得旅游资源得到了快速的发展  贵安新区宁德时代   华为科创园区   吉利汽车 京东物流西南仓储中心    中国大数据存储中心等等科技巨头的高新产业  提高了贵州在全国人民心中的形象 100年兴旺京津唐  100之年后云贵胜江南  我们贵州人民秉承谦虚  好客的品质 期待贵州越来越好  也欢迎全国人民来贵州旅居,1774328905,23,1,1,0,0,True,False,0,,-1,98008583297,MS4wLjABAAAAmkK3_UaZ7IPX-vcY0v-V_uwtzyO3HdTQNxR7zUZLyBA,艺构设计｜DESIGN,380271353Design,"[""https://p3-pc.douyinpic.com/aweme/100x100/aweme-avatar/tos-cn-avt-0015_ff9b535ed658d46344c99d3c18f70e70.jpeg?from=2064092626""]",CN,5,True,685
7619344018695088015,7620478300900901678,2026-05-10T20:54:13.835729,新城区,1774280870,8,1,0,0,0,True,True,0,,-1,2985916394905998,MS4wLjABAAAAFPaMVnivxCezf7qh1fmyecUOol-5udgQes1GRRhu3acj8RvFMM-r1c1y_LMGbKGN,川酷奇🥝,dyii586a7ewn,"[""https://p3-pc.douyinpic.com/aweme/100x100/aweme-avatar/tos-cn-avt-0015_b3d8c070a7f28f488082c2ab924a4d9f.jpeg?from=2064092626""]",CN,5,True,685
7619344018695088015,7620402316089131835,2026-05-10T20:54:13.835729,观山湖区[比心],1774263178,10,1,3,0,0,True,False,0,,-1,78507840844,MS4wLjABAAAAMF2Mb5S40SXUSu8S_3KrD415yDLxeOVi6ch1vO8Fw4k,海蓝蓝,7vz73,"[""https://p3-pc.douyinpic.com/aweme/100x100/aweme-avatar/tos-cn-i-0813_88a66daf085b46e898154431c1c04e13.jpeg?from=2064092626""]",CN,5,True,685
7619344018695088015,7620714410992812837,2026-05-10T20:54:13.835729,,1774335845,1,1,1,0,0,True,False,0,,-1,105130945314,MS4wLjABAAAADUEA1t6OV1BevQuLXS85J5YbMU3FPiPBJMzoRPZli1A,大辉哥,wkf931909032,"[""https://p3-pc.douyinpic.com/aweme/100x100/aweme-avatar/tos-cn-i-0813c000-ce_ogIfQAJA7yVvAAMSfWCD8hotACLBhQAgOe5FF5.jpeg?from=2064092626""]",CN,5,True,685
7619344018695088015,7620476269067125510,2026-05-10T20:54:13.835729,反正都是山[泣不成声]！这是一个小县城的一角[泣不成声][泣不成声][泣不成声],1774280397,3,1,0,0,0,True,False,0,,-1,637359236327323,MS4wLjABAAAA9Hg3hd-n-W1Geebd5A9hfpgt4iS5utRut0Rf49_0HLA,@安静超乖❤️,WEI99507,"[""https://p3-pc.douyinpic.com/aweme/100x100/aweme-avatar/tos-cn-i-0813c001_oEDAXcG0IEPpEPcXcIaiAnBgoDigwAOEgAJAm.jpeg?from=2064092626""]",CN,5,True,685
7619370854152965417,7626062997660844826,2026-05-10T20:54:39.208986,我来说一下，首先，openclaw不适合普通人用，很多东西有些复杂，claude code太贵，国内的glm、deepseek这些感觉太傻，minmax我感觉很吃cli，普通人最推荐的是codex，gpt5.4模型能力帮助解决一些问题真的很强，小黄鱼80多就能一个月，cc中转的大部分都是垃圾模型，谁用谁知道[微笑]，好一点的中转也贵[微笑],1775581161,242,1,29,0,0,True,False,0,,-1,95199871013,MS4wLjABAAAAOq--vf8T4w9BHht68KVhOwQZ-L6dYMQF8VMr12ljvC0,小方的枭枭,,"[""https://p3-pc.douyinpic.com/aweme/100x100/aweme-avatar/tos-cn-i-0813_4031fb9b8ba7437080ce5efb6478b907.jpeg?from=2064092626""]",CN,5,True,3093
7619370854152965417,7635176037614256959,2026-05-10T20:54:39.208986,我是开面馆的，怎么使用Al呢？,1777702954,1,1,1,0,0,True,False,0,,-1,50856277302,MS4wLjABAAAAX8EnWPfVAC6Gi2rAJ9ZJP0YFYhP1A2qzsGTabxuGmKo,韜聲依舊,,"[""https://p3-pc.douyinpic.com/aweme/100x100/aweme-avatar/mosaic-legacy_f96d000485a9c91b1c35.jpeg?from=2064092626""]",CN,5,True,3093
7619370854152965417,7619596142497710906,2026-05-10T20:54:39.208986,用扣子智能体工作流实现[呲牙],1774075476,72,1,8,0,0,True,False,0,,-1,2366624743309048,MS4wLjABAAAANk-ZXnSWk0RX3hWSs2HCZe8tAJRA_vwQ4447iL1bKYsS2K-2WhZsA6B5LhuGaf3S,斌少,64216286321,"[""https://p3-pc.douyinpic.com/aweme/100x100/aweme-avatar/tos-cn-i-0813_oYFOAACh9NVtEFBU0gAt0IAQEAGmGAzdweXAfC.jpeg?from=2064092626""]",CN,5,True,3093
7619370854152965417,7625221940450345765,2026-05-10T20:54:39.208986,省流：用kiro，trae之类的软件结合skills,1775385334,593,1,14,0,0,True,False,0,,-1,69654227565,MS4wLjABAAAAGZcAp0imC3lENgYDgf0cIJE51VGBkmf_513Vi1hyPIA,佚名,,"[""https://p3-pc.douyinpic.com/aweme/100x100/aweme-avatar/tos-cn-i-0813c001_oo5ARPui5rBxEryD0ZAAgTAiq8AqiIgqkRIPA.jpeg?from=2064092626""]",CN,5,True,3093
7619370854152965417,7633983808052658995,2026-05-10T20:54:39.208986,扣子,1777425841,0,1,1,0,0,True,False,0,,-1,100979256992,MS4wLjABAAAAtv5--Z8YlPu7sTiuTl5nFL0gts2N4se1rrdTvaIkyVI,Snow.D,Snow.D,"[""https://p3-pc.douyinpic.com/aweme/100x100/aweme-avatar/tos-cn-i-0813c001_oEE5IAAA98VfA1BpHiDafDXGHk0AOiAgD3PhCN.jpeg?from=2064092626""]",CN,5,True,3093
7619506188702469439,7627695304943026998,2026-05-10T20:55:26.253360,没人懂累吗[思考],1775961210,14,1,3,0,0,True,False,0,,-1,2137083083257864,MS4wLjABAAAALarXs-NjfubmusfTeIdYbDb03p_yZcr33XbNJyWWt4f8jinCFky55LuMLqNwrM5s,OTIAMO,BOO520hh,"[""https://p3-pc.douyinpic.com/aweme/100x100/aweme-avatar/tos-cn-i-0813c001_oQEAQFpFOCAeAvDyIfBKACAgEz5AQ0mMGDaA9o.jpeg?from=2064092626""]",CN,5,True,456
7619506188702469439,7620091618263335690,2026-05-10T20:55:26.253360,战国辉夜姬[调皮],1774190837,621,1,9,0,0,True,False,0,,-1,3362747224702669,MS4wLjABAAAAChyi_fHa-BUixbma45UgIParmXce2MymaPx6sL3Ttv37rU52L5B4A11y88rYejfD,筱蝶大王⋆̩☂︎*̣̩,76679716187,"[""https://p3-pc.douyinpic.com/aweme/100x100/aweme-avatar/tos-cn-i-0813c000-ce_oMeBkeVZZgs7GQAQAvhIAXE8UJ2LIvAfTtPlAH.jpeg?from=2064092626""]",CN,5,True,456
7619506188702469439,7620004684878725925,2026-05-10T20:55:26.253360,童磨过了7岁就老了！,1774170597,730,1,6,0,0,True,False,0,,-1,4328097325532880,MS4wLjABAAAAa06j_xmQrH2eQvVHZsasZlYeSLnz4fF9mYDbKBPn2qhVIYotDy2K0UVuEB4IMtfV,^-柠屿v来也^,lihengshu,"[""https://p3-pc.douyinpic.com/aweme/100x100/aweme-avatar/tos-cn-i-0813c000-ce_ooAmA338efOQeTGAFGGSMIfZweltI7LAA2aHkJ.jpeg?from=2064092626""]",CN,5,True,456
7619506188702469439,7620055710487331624,2026-05-10T20:55:26.253360,兄长大人也是风韵犹存,1774182477,558,1,6,0,0,True,False,0,,-1,831681979745815,MS4wLjABAAAANor-OLlN9f3l23Im_54zoB2PlXGQ_Z4AbV4IoTR8Fz8,淇毅的昭和,Fu_05cy_17love.,"[""https://p3-pc.douyinpic.com/aweme/100x100/aweme-avatar/tos-cn-i-0813c001_oQMAHCFnyEDRrvAAALAgfHEepcIt9MiADACEQC.jpeg?from=2064092626""]",CN,5,True,456
7619506188702469439,7619957732741579557,2026-05-10T20:55:26.253360,累，魇梦真的很美[黑脸],1774159666,32,1,2,0,0,True,False,0,,-1,2971297854533232,MS4wLjABAAAAKExqaaSG5_rUMoWP1KwteYRf8o6L_9E92yRiFW0fR2NxcG-w40NVloVIUWf3UWR4,木栖灵.,Rainco.TvT,"[""https://p3-pc.douyinpic.com/aweme/100x100/aweme-avatar/tos-cn-i-0813c000-ce_oI9EcFEJAeCfDs8PwpAYAbezhAEAIAFHD8xKEw.jpeg?from=2064092626""]",CN,5,True,456
7619511427908242734,7619695009759478586,2026-05-10T20:55:38.603645,拍一期K27[看],1774098494,8,1,1,0,0,True,False,0,,-1,59328927038,MS4wLjABAAAAUcX61ZaWuqZNoh4k-hAa4P0yJJeOV0S4nFUx6uyEsOM,我不是伍岚正,,"[""https://p3-pc.douyinpic.com/aweme/100x100/aweme-avatar/tos-cn-i-0813c001_owIAzo0AeCaAQg9H9tQABFEAORDnbOAaRfoTyC.jpeg?from=2064092626""]",CN,5,True,167
7619511427908242734,7619891055927755530,2026-05-10T20:55:38.603645,有伪满亚细亚号的感觉了[捂脸],1774144141,1,1,0,0,0,True,False,0,,-1,1794049550327357,MS4wLjABAAAANlUAXC158M3rvNw_iqP5LY2huxyWRlTHEOZcvEaj7xJ18pIE0WnZEaK2-z_7Hk8y,Mr.Geography,dilipangshu,"[""https://p3-pc.douyinpic.com/aweme/100x100/aweme-avatar/douyin-user-file_87a19caccf6988fa87da788ffd8fa3e1.jpeg?from=2064092626""]",CN,5,True,167
7619511427908242734,7619697951346443057,2026-05-10T20:55:38.603645,老师审核不严格啊[捂脸]好多画面有这种莫名其妙的红杠杠[捂脸]我还以为是视频刚上传的问题的,1774099179,36,1,2,0,0,True,False,0,,-1,71205068939,MS4wLjABAAAAazQtHTN6sQEQ1xJPkBajBF9pFUTNIryqWEKLJjf34Qg,看我大鹏展翅龙卷风摧毁停车场,,"[""https://p3-pc.douyinpic.com/aweme/100x100/aweme-avatar/tos-cn-i-0813c001_oE5kFqkQAAAEA9N8gI80zeCnhbZemSPDAACGZQ.jpeg?from=2064092626""]",CN,5,True,167
7619511427908242734,7619710642345689905,2026-05-10T20:55:38.603645,2008年，我从喀什站早上9点多上车，第二天晚上19点到达乌鲁木齐。,1774102134,15,1,1,0,0,True,False,0,,-1,107896641348,MS4wLjABAAAAieZvcIGp3jUMb2XozZ-0G4-i-g_iSP_Yy-3gG2WuZJU,火车大侠,dykcd1e94v4z,"[""https://p3-pc.douyinpic.com/aweme/100x100/aweme-avatar/tos-cn-avt-0015_76f44340c6b90dcc702fe8c351fa8a6e.jpeg?from=2064092626""]",CN,5,True,167
7619511427908242734,7627506941795910426,2026-05-10T20:55:38.603645,是男人就做这一趟[看],1775917353,1,1,0,0,0,True,False,0,,-1,71719561095,MS4wLjABAAAAXpyOQpQflmhBIrSJea19MHFHDK9pLuR-rhd63vT-xG4,次旺多吉,TCJM1991,"[""https://p3-pc.douyinpic.com/aweme/100x100/aweme-avatar/tos-cn-i-0813c001_oIo9u9EHgAVt9rNeA7XvqkgIDfAqFAArJCApdQ.jpeg?from=2064092626""]",CN,5,True,167
7619529027841264896,7620633911064838970,2026-05-10T20:55:56.570416,真正贪吃的是不会在意那么多的[钱],1774317101,373,1,6,0,0,True,False,0,,-1,4042263885253952,MS4wLjABAAAA-CvYF_VRrUwHtYJqWztduV_MhjtiAzUJC7xspXPTh6Yz0oGLaBz377C1pQmIRhHF,小薛糕,43374782248,"[""https://p3-pc.douyinpic.com/aweme/100x100/aweme-avatar/tos-cn-i-0813_o4ElzPAPIPiID0uBjQUiOi3bwMBZCvAgAAZA2.jpeg?from=2064092626""]",CN,10,True,286
7619529027841264896,7620795075992388401,2026-05-10T20:55:56.570416,嗯,1774354625,6,1,0,0,0,True,False,0,,-1,58919377689,MS4wLjABAAAAZx9nlrDqIZHM9XWGtuDmupP9g8xrZoHMyAovi3gpktA,ꉂ ･ ･ ☆,,"[""https://p3-pc.douyinpic.com/aweme/100x100/aweme-avatar/tos-cn-i-0813c000-ce_okVoroASEEXWgNAJiKTB6DuEeIZf8pAfgAoFD7.jpeg?from=2064092626""]",CN,10,True,286
7619529027841264896,7638152739750757161,2026-05-10T20:55:56.570416,谁懂二倍速的《我的妈呀》,1778396020,0,1,0,0,0,False,False,0,,-1,111247656949,MS4wLjABAAAACnKbizkYYtFZ-OUQ3dlrpPsClBMTD7vGX_pBvLO7ybg,风息,,"[""https://p3-pc.douyinpic.com/aweme/100x100/aweme-avatar/tos-cn-i-0813c001_oUABA8NaMBETWAfBTZQSU9IxGEaQWivAfP7esA.jpeg?from=2064092626""]",CN,10,True,286
7619529027841264896,7626998992932635444,2026-05-10T20:55:56.570416,第一颗心,1775799087,4,1,0,0,0,True,False,0,,-1,97218022851,MS4wLjABAAAAuqpmn_ftGjl_fWTg75BKey22IL72p6D_mUfOtZUJj_0,kabutuo,zh775852000,"[""https://p3-pc.douyinpic.com/aweme/100x100/aweme-avatar/tos-cn-avt-0015_faf9b085780877a8e2d28785951f7c2e.jpeg?from=2064092626""]",CN,10,True,286
7619529027841264896,7632547662268678949,2026-05-10T20:55:56.570416,这是心吗,1777090986,7,1,2,0,0,True,False,0,,-1,4160984468423312,MS4wLjABAAAAmPHVjT2Q1l86sL57etDpDiU9k27FTPPznKew3XnORRPotavPlDAoAQV4_fS5uwe8,迷你原农大王,mmnn_wy,"[""https://p3-pc.douyinpic.com/aweme/100x100/aweme-avatar/tos-cn-i-0813c000-ce_oYfQAsAQJPIB7AASArAQ7kUWA8DPYfBOJMeFgm.jpeg?from=2064092626""]",CN,10,True,286
7619589513912549108,7623045976399545125,2026-05-10T20:57:26.271000,海鲜市场淘的160[呲牙],1774878702,3,1,1,0,0,True,True,0,,-1,435861229158295,MS4wLjABAAAAehxtauKB4oYXOuPqObEX9-ukvB9YtBXd70aPod6fxoQ,秋墨航,nl10102013,"[""https://p3-pc.douyinpic.com/aweme/100x100/aweme-avatar/tos-cn-i-0813c000-ce_ooGV0fAIEEW9XuAE1XpATDRE0IBce4AfwArFD9.jpeg?from=2064092626""]",CN,10,True,298
7619589513912549108,7619723073788936997,2026-05-10T20:57:26.271000,主播定位可以给我吗？我也想去海鲜市场,1774105030,9,1,7,0,0,True,True,0,,-1,2214888780341844,MS4wLjABAAAAFRiD-dal0i1iHegDHhDeCiChJcYEs5Y2tMmHriN3t-cAPsdJzWlste8Ni42k7JHJ,鸋儂,93885861831,"[""https://p3-pc.douyinpic.com/aweme/100x100/aweme-avatar/tos-cn-i-0813c000-ce_o8oDSAaAEH2AQaFwpfaAiIhfQD99CXA9sIEkSG.jpeg?from=2064092626""]",CN,10,True,298
7619589513912549108,7623430553182454565,2026-05-10T20:57:26.271000,[钱],1774968244,3,1,2,0,0,True,True,0,,-1,77089429774,MS4wLjABAAAAsk7GQVgNd_AhwNFut17P4rD8AXnnTGEmrEOVtkRsvzY,銹骨釘、,04551.510170,"[""https://p3-pc.douyinpic.com/aweme/100x100/aweme-avatar/tos-cn-i-0813c000-ce_okeJpAAEONm6fGTnTYtgA0YfHzAtFeAgQe4dwk.jpeg?from=2064092626""]",CN,10,True,298
7619589513912549108,7624756947786548005,2026-05-10T20:57:26.271000,Vaporfly 3白色卖吗,1775277069,1,1,1,0,0,True,True,0,,-1,7052611561067,MS4wLjABAAAA5KqDBJcJUi2_XDW5Q3juH9I-7xfRZfZ-dqOz4PRfDJo,星星の泪光,44962603574,"[""https://p3-pc.douyinpic.com/aweme/100x100/aweme-avatar/tos-cn-avt-0015_5e080089314463664bdb213d3f5258d0.jpeg?from=2064092626""]",CN,10,True,298
7619589513912549108,7622559196034548526,2026-05-10T20:57:26.271000,拿出来分享，可以随一双[呲牙]-,1774765366,2,1,2,0,0,True,True,0,,-1,2637059086091012,MS4wLjABAAAAto9Kp4LzSJVwU4i59RhKf1R2I278OUxenco_SVm5TYIbp5piZ__fHbOnK_7Sy_uR,ZX--NOE,zxnoe0114,"[""https://p3-pc.douyinpic.com/aweme/100x100/aweme-avatar/tos-cn-i-0813c001_oUvTSAGeEBEIACjSeBAAInALoZkzleCmNzi7Ez.jpeg?from=2064092626""]",CN,10,True,298
