source_video_id,related_video_id,related_rank_position,crawl_time,related_author_id,related_author_sec_uid,related_author_nickname,related_caption,related_create_time,related_duration_ms,related_media_type,related_digg_count,related_comment_count,related_share_count,related_collect_count,related_play_count,related_cover_url_list,related_music_id,related_music_title,related_text_extra_raw,related_video_tag_raw,related_chapter_abstract
7624990104373376421,7614826673117386609,0,2026-05-07T16:54:08.598872,4000489808613520,MS4wLjABAAAA946rEVrbWuHGzNaSEucJ5OXTePx9182erGrjjkLAz0u33MwTWzzqmxSsTlig6whJ,听舟日记,09高中生上学vlog 开学第一天！ 上学日记回归！！#抽象#高中生#校园#日常vlog#青年创作者成长计划,1772964996,283034,4,46271,537,1235,4523,0,"[""https://p3-pc-sign.douyinpic.com/image-cut-tos-priv/200affbfdf6f6573d913c1304e2fd36c~tplv-dy-resize-origshort-autoq-75:330.jpeg?lk3s=138a59ce&x-expires=2093500800&x-signature=RwcT8RurYXYNNgpVKU5UyTvrUUc%3D&from=327834062&s=PackSourceEnum_WEBPC_RELATED_AWEME&se=false&sc=cover&biz_tag=pcweb_cover&l=20260507165418D3E5A771E30687E1170A"", ""https://p9-pc-sign.douyinpic.com/image-cut-tos-priv/200affbfdf6f6573d913c1304e2fd36c~tplv-dy-resize-origshort-autoq-75:330.jpeg?lk3s=138a59ce&x-expires=2093500800&x-signature=6Aal84GAH%2FJJomkbACRNhWy0PFs%3D&from=327834062&s=PackSourceEnum_WEBPC_RELATED_AWEME&se=false&sc=cover&biz_tag=pcweb_cover&l=20260507165418D3E5A771E30687E1170A""]",7614826683966933803,@听舟日记创作的原声,"[{""caption_end"": 11, ""caption_start"": 8, ""end"": 30, ""hashtag_id"": ""1575899869053982"", ""hashtag_name"": ""抽象"", ""is_commerce"": false, ""start"": 27, ""type"": 1}, {""caption_end"": 15, ""caption_start"": 11, ""end"": 34, ""hashtag_id"": ""1767587029083149"", ""hashtag_name"": ""高中生"", ""is_commerce"": false, ""start"": 30, ""type"": 1}, {""caption_end"": 18, ""caption_start"": 15, ""end"": 37, ""hashtag_id"": ""1767587367750663"", ""hashtag_name"": ""校园"", ""is_commerce"": false, ""start"": 34, ""type"": 1}, {""caption_end"": 25, ""caption_start"": 18, ""end"": 44, ""hashtag_id"": ""1590567937582093"", ""hashtag_name"": ""日常vlog"", ""is_commerce"": false, ""start"": 37, ""type"": 1}, {""caption_end"": 35, ""caption_start"": 25, ""end"": 54, ""hashtag_id"": ""7529832653680281615"", ""hashtag_name"": ""青年创作者成长计划"", ""is_commerce"": false, ""start"": 44, ""type"": 1}]","[{""level"": 1, ""tag_id"": 2007, ""tag_name"": ""校园教育""}, {""level"": 2, ""tag_id"": 2007006, ""tag_name"": ""中小学校园""}, {""level"": 0, ""tag_id"": 0, ""tag_name"": """"}]",
7624990104373376421,7617488863346882405,1,2026-05-07T16:54:08.598872,4000489808613520,MS4wLjABAAAA946rEVrbWuHGzNaSEucJ5OXTePx9182erGrjjkLAz0u33MwTWzzqmxSsTlig6whJ,听舟日记,09高中生上学vlog 在学校吃泡面… #抽象#高中生#校园#日常vlog#青年创作者成长计划 #给高考生的精选 #抖音高考模式是抖音精选 #抖音精选高考应援联盟 #2026高考,1773584836,261899,4,26079,365,726,2689,0,"[""https://p3-pc-sign.douyinpic.com/image-cut-tos/21f136e7da1077d19a3dcf36ae45a558~tplv-dy-resize-origshort-autoq-75:330.jpeg?lk3s=138a59ce&x-expires=2093500800&x-signature=iLyJMcgpi5r7AMzohbgvmdzjiYA%3D&from=327834062&s=PackSourceEnum_WEBPC_RELATED_AWEME&se=false&sc=cover&biz_tag=pcweb_cover&l=20260507165418D3E5A771E30687E1170A"", ""https://p9-pc-sign.douyinpic.com/image-cut-tos/21f136e7da1077d19a3dcf36ae45a558~tplv-dy-resize-origshort-autoq-75:330.jpeg?lk3s=138a59ce&x-expires=2093500800&x-signature=syLv8QKNBa9Q%2BVWsU%2B3dHKSjzuA%3D&from=327834062&s=PackSourceEnum_WEBPC_RELATED_AWEME&se=false&sc=cover&biz_tag=pcweb_cover&l=20260507165418D3E5A771E30687E1170A""]",7617488813665422132,@听舟日记创作的原声,"[{""caption_end"": 3, ""caption_start"": 0, ""end"": 23, ""hashtag_id"": ""1575899869053982"", ""hashtag_name"": ""抽象"", ""is_commerce"": false, ""start"": 20, ""type"": 1}, {""caption_end"": 7, ""caption_start"": 3, ""end"": 27, ""hashtag_id"": ""1767587029083149"", ""hashtag_name"": ""高中生"", ""is_commerce"": false, ""start"": 23, ""type"": 1}, {""caption_end"": 10, ""caption_start"": 7, ""end"": 30, ""hashtag_id"": ""1767587367750663"", ""hashtag_name"": ""校园"", ""is_commerce"": false, ""start"": 27, ""type"": 1}, {""caption_end"": 17, ""caption_start"": 10, ""end"": 37, ""hashtag_id"": ""1590567937582093"", ""hashtag_name"": ""日常vlog"", ""is_commerce"": false, ""start"": 30, ""type"": 1}, {""caption_end"": 27, ""caption_start"": 17, ""end"": 47, ""hashtag_id"": ""7529832653680281615"", ""hashtag_name"": ""青年创作者成长计划"", ""is_commerce"": false, ""start"": 37, ""type"": 1}, {""caption_end"": 0, ""caption_start"": 0, ""end"": 56, ""hashtag_id"": ""7618480603641415732"", ""hashtag_name"": ""给高考生的精选"", ""is_commerce"": false, ""start"": 48, ""type"": 1}, {""caption_end"": 0, ""caption_start"": 0, ""end"": 69, ""hashtag_id"": ""7618480666372261888"", ""hashtag_name"": ""抖音高考模式是抖音精选"", ""is_commerce"": false, ""start"": 57, ""type"": 1}, {""caption_end"": 0, ""caption_start"": 0, ""end"": 81, ""hashtag_id"": ""7625886255053703214"", ""hashtag_name"": ""抖音精选高考应援联盟"", ""is_commerce"": false, ""start"": 70, ""type"": 1}, {""caption_end"": 0, ""caption_start"": 0, ""end"": 89, ""hashtag_id"": ""1671986003106823"", ""hashtag_name"": ""2026高考"", ""is_commerce"": false, ""start"": 82, ""type"": 1}]","[{""level"": 1, ""tag_id"": 2007, ""tag_name"": ""校园教育""}, {""level"": 2, ""tag_id"": 2007006, ""tag_name"": ""中小学校园""}, {""level"": 0, ""tag_id"": 0, ""tag_name"": """"}]",
7624990104373376421,7634535245555594875,2,2026-05-07T16:54:08.598872,3793779230507801,MS4wLjABAAAADi_VuVJxKUqhIUrzh1-_gNXuWgYwxn9itS1K3VuDf9aYFIVtlWacyuS53W-307MC,ZZ.an,平静的幸福贯穿我的每分每秒#vlog #vlog日常 #恋爱,1777553755,186934,4,53800,780,10205,4172,0,"[""https://p3-pc-sign.douyinpic.com/image-cut-tos-priv/7ce88a305413a8662c000b4e94ba9642~tplv-dy-resize-origshort-autoq-75:330.jpeg?lk3s=138a59ce&x-expires=2093500800&x-signature=Tdcrl%2FFxr6C6i6cK11SnSK7guhU%3D&from=327834062&s=PackSourceEnum_WEBPC_RELATED_AWEME&se=false&sc=cover&biz_tag=pcweb_cover&l=20260507165418D3E5A771E30687E1170A"", ""https://p9-pc-sign.douyinpic.com/image-cut-tos-priv/7ce88a305413a8662c000b4e94ba9642~tplv-dy-resize-origshort-autoq-75:330.jpeg?lk3s=138a59ce&x-expires=2093500800&x-signature=UXtJZMRpChrlOijtBFzBVKFXofs%3D&from=327834062&s=PackSourceEnum_WEBPC_RELATED_AWEME&se=false&sc=cover&biz_tag=pcweb_cover&l=20260507165418D3E5A771E30687E1170A""]",7280438354062232376,@何弦_伴奏创作的原声,"[{""caption_end"": 18, ""caption_start"": 13, ""end"": 18, ""hashtag_id"": ""1569364387356674"", ""hashtag_name"": ""vlog"", ""is_commerce"": false, ""start"": 13, ""type"": 1}, {""caption_end"": 26, ""caption_start"": 19, ""end"": 26, ""hashtag_id"": ""7419051797869758527"", ""hashtag_name"": ""vlog日常"", ""is_commerce"": false, ""start"": 19, ""type"": 1}, {""caption_end"": 30, ""caption_start"": 27, ""end"": 30, ""hashtag_id"": ""1571084981282833"", ""hashtag_name"": ""恋爱"", ""is_commerce"": false, ""start"": 27, ""type"": 1}]","[{""level"": 1, ""tag_id"": 2029, ""tag_name"": ""随拍""}, {""level"": 2, ""tag_id"": 2029003, ""tag_name"": ""生活记录""}, {""level"": 3, ""tag_id"": 2029003001, ""tag_name"": ""日常vlog""}]",
7624990104373376421,7611483591045818618,3,2026-05-07T16:54:08.598872,4000489808613520,MS4wLjABAAAA946rEVrbWuHGzNaSEucJ5OXTePx9182erGrjjkLAz0u33MwTWzzqmxSsTlig6whJ,听舟日记,09年高中生寒假vlog 悠闲的一天！ 寒假余额不足…赶紧发几个宅家vlog...#抽象#高中生#欧舒天#日常vlog#青年创作者成长计划,1772186624,245643,4,28864,447,601,2515,0,"[""https://p9-pc-sign.douyinpic.com/image-cut-tos/c2701abf57a2ad5511d35e82f2f46fba~tplv-dy-resize-origshort-autoq-75:330.jpeg?lk3s=138a59ce&x-expires=2093500800&x-signature=lA0VOiDZ8W0B7B5WolbEoqQaBO4%3D&from=327834062&s=PackSourceEnum_WEBPC_RELATED_AWEME&se=false&sc=cover&biz_tag=pcweb_cover&l=20260507165418D3E5A771E30687E1170A"", ""https://p3-pc-sign.douyinpic.com/image-cut-tos/c2701abf57a2ad5511d35e82f2f46fba~tplv-dy-resize-origshort-autoq-75:330.jpeg?lk3s=138a59ce&x-expires=2093500800&x-signature=DK%2FH15DuA88u%2F5YbVGanwYkNb%2BU%3D&from=327834062&s=PackSourceEnum_WEBPC_RELATED_AWEME&se=false&sc=cover&biz_tag=pcweb_cover&l=20260507165418D3E5A771E30687E1170A""]",7611483520996739875,@听舟日记创作的原声,"[{""caption_end"": 24, ""caption_start"": 21, ""end"": 44, ""hashtag_id"": ""1575899869053982"", ""hashtag_name"": ""抽象"", ""is_commerce"": false, ""start"": 41, ""type"": 1}, {""caption_end"": 28, ""caption_start"": 24, ""end"": 48, ""hashtag_id"": ""1767587029083149"", ""hashtag_name"": ""高中生"", ""is_commerce"": false, ""start"": 44, ""type"": 1}, {""caption_end"": 32, ""caption_start"": 28, ""end"": 52, ""hashtag_id"": ""1698425217570829"", ""hashtag_name"": ""欧舒天"", ""is_commerce"": false, ""start"": 48, ""type"": 1}, {""caption_end"": 39, ""caption_start"": 32, ""end"": 59, ""hashtag_id"": ""1590567937582093"", ""hashtag_name"": ""日常vlog"", ""is_commerce"": false, ""start"": 52, ""type"": 1}, {""caption_end"": 49, ""caption_start"": 39, ""end"": 69, ""hashtag_id"": ""7529832653680281615"", ""hashtag_name"": ""青年创作者成长计划"", ""is_commerce"": false, ""start"": 59, ""type"": 1}]","[{""level"": 1, ""tag_id"": 2029, ""tag_name"": ""随拍""}, {""level"": 2, ""tag_id"": 2029003, ""tag_name"": ""生活记录""}, {""level"": 3, ""tag_id"": 2029003001, ""tag_name"": ""日常vlog""}]",
7624990104373376421,7622584090675580155,4,2026-05-07T16:54:08.598872,895417617755072,MS4wLjABAAAAcgeF6H26jfz_FFiDdkSEi7_BNokI9jB-kfJhDedRwqE,一诺碎碎念,舞蹈生周末日常之充实吃练vlog #vlog#日常vlog#舞蹈生#周末生活#在校日常,1774771161,231767,4,12038,228,255,1834,0,"[""https://p3-pc-sign.douyinpic.com/image-cut-tos/c6b4f776a21e04cce383e6352d1c7b58~tplv-dy-resize-origshort-autoq-75:330.jpeg?lk3s=138a59ce&x-expires=2093500800&x-signature=4j2E31TraZZJdaS7sAupeBWuge0%3D&from=327834062&s=PackSourceEnum_WEBPC_RELATED_AWEME&se=false&sc=cover&biz_tag=pcweb_cover&l=20260507165418D3E5A771E30687E1170A"", ""https://p9-pc-sign.douyinpic.com/image-cut-tos/c6b4f776a21e04cce383e6352d1c7b58~tplv-dy-resize-origshort-autoq-75:330.jpeg?lk3s=138a59ce&x-expires=2093500800&x-signature=rApKSMtpC3SxKNfESvd%2B3KDi%2FXk%3D&from=327834062&s=PackSourceEnum_WEBPC_RELATED_AWEME&se=false&sc=cover&biz_tag=pcweb_cover&l=20260507165418D3E5A771E30687E1170A""]",7622584092076297000,@一诺碎碎念创作的原声,"[{""caption_end"": 5, ""caption_start"": 0, ""end"": 22, ""hashtag_id"": ""1569364387356674"", ""hashtag_name"": ""vlog"", ""is_commerce"": false, ""start"": 17, ""type"": 1}, {""caption_end"": 12, ""caption_start"": 5, ""end"": 29, ""hashtag_id"": ""1590567937582093"", ""hashtag_name"": ""日常vlog"", ""is_commerce"": false, ""start"": 22, ""type"": 1}, {""caption_end"": 16, ""caption_start"": 12, ""end"": 33, ""hashtag_id"": ""1581499313476622"", ""hashtag_name"": ""舞蹈生"", ""is_commerce"": false, ""start"": 29, ""type"": 1}, {""caption_end"": 21, ""caption_start"": 16, ""end"": 38, ""hashtag_id"": ""1653508896169996"", ""hashtag_name"": ""周末生活"", ""is_commerce"": false, ""start"": 33, ""type"": 1}, {""caption_end"": 26, ""caption_start"": 21, ""end"": 43, ""hashtag_id"": ""1590563941193732"", ""hashtag_name"": ""在校日常"", ""is_commerce"": false, ""start"": 38, ""type"": 1}]","[{""level"": 1, ""tag_id"": 2007, ""tag_name"": ""校园教育""}, {""level"": 2, ""tag_id"": 2007004, ""tag_name"": ""校园场景""}, {""level"": 3, ""tag_id"": 2007004002, ""tag_name"": ""生活""}]",
7624990104373376421,7613606855738475259,5,2026-05-07T16:54:08.598872,4000489808613520,MS4wLjABAAAA946rEVrbWuHGzNaSEucJ5OXTePx9182erGrjjkLAz0u33MwTWzzqmxSsTlig6whJ,听舟日记,09高中生寒假vlog 开学前一天… #抽象#高中生#寒假#日常vlog#青年创作者成长计划,1772703000,183808,4,11690,205,185,1006,0,"[""https://p3-pc-sign.douyinpic.com/image-cut-tos/c665ceaeef736f4bcf3eba2cda123bdc~tplv-dy-resize-origshort-autoq-75:330.jpeg?lk3s=138a59ce&x-expires=2093500800&x-signature=dvu1IeeGls4ATfafSBEfsDIB0nQ%3D&from=327834062&s=PackSourceEnum_WEBPC_RELATED_AWEME&se=false&sc=cover&biz_tag=pcweb_cover&l=20260507165418D3E5A771E30687E1170A"", ""https://p9-pc-sign.douyinpic.com/image-cut-tos/c665ceaeef736f4bcf3eba2cda123bdc~tplv-dy-resize-origshort-autoq-75:330.jpeg?lk3s=138a59ce&x-expires=2093500800&x-signature=DRuPApgUAuqOgA2gAng4fHm6vIQ%3D&from=327834062&s=PackSourceEnum_WEBPC_RELATED_AWEME&se=false&sc=cover&biz_tag=pcweb_cover&l=20260507165418D3E5A771E30687E1170A""]",7613606885035395894,@听舟日记创作的原声,"[{""caption_end"": 3, ""caption_start"": 0, ""end"": 22, ""hashtag_id"": ""1575899869053982"", ""hashtag_name"": ""抽象"", ""is_commerce"": false, ""start"": 19, ""type"": 1}, {""caption_end"": 7, ""caption_start"": 3, ""end"": 26, ""hashtag_id"": ""1767587029083149"", ""hashtag_name"": ""高中生"", ""is_commerce"": false, ""start"": 22, ""type"": 1}, {""caption_end"": 10, ""caption_start"": 7, ""end"": 29, ""hashtag_id"": ""1555927198663681"", ""hashtag_name"": ""寒假"", ""is_commerce"": false, ""start"": 26, ""type"": 1}, {""caption_end"": 17, ""caption_start"": 10, ""end"": 36, ""hashtag_id"": ""1590567937582093"", ""hashtag_name"": ""日常vlog"", ""is_commerce"": false, ""start"": 29, ""type"": 1}, {""caption_end"": 27, ""caption_start"": 17, ""end"": 46, ""hashtag_id"": ""7529832653680281615"", ""hashtag_name"": ""青年创作者成长计划"", ""is_commerce"": false, ""start"": 36, ""type"": 1}]","[{""level"": 1, ""tag_id"": 2029, ""tag_name"": ""随拍""}, {""level"": 2, ""tag_id"": 2029003, ""tag_name"": ""生活记录""}, {""level"": 3, ""tag_id"": 2029003001, ""tag_name"": ""日常vlog""}]",
7624990104373376421,7612225769099515386,6,2026-05-07T16:54:08.598872,4000489808613520,MS4wLjABAAAA946rEVrbWuHGzNaSEucJ5OXTePx9182erGrjjkLAz0u33MwTWzzqmxSsTlig6whJ,听舟日记,09高中生寒假vlog 通宵的一天… 我补药开学呀！！#抽象#高中生#寒假#日常vlog#青年创作者成长计划,1772359426,200109,4,12999,289,220,940,0,"[""https://p3-pc-sign.douyinpic.com/image-cut-tos/c24a4e56533fe1a791f1f83eb8489aee~tplv-dy-resize-origshort-autoq-75:330.jpeg?lk3s=138a59ce&x-expires=2093500800&x-signature=GBxTGl7YDyvDmA1iEyV5d8umo0U%3D&from=327834062&s=PackSourceEnum_WEBPC_RELATED_AWEME&se=false&sc=cover&biz_tag=pcweb_cover&l=20260507165418D3E5A771E30687E1170A"", ""https://p9-pc-sign.douyinpic.com/image-cut-tos/c24a4e56533fe1a791f1f83eb8489aee~tplv-dy-resize-origshort-autoq-75:330.jpeg?lk3s=138a59ce&x-expires=2093500800&x-signature=S5seYEaJsgvxR%2B0WZVjuPQkdIo4%3D&from=327834062&s=PackSourceEnum_WEBPC_RELATED_AWEME&se=false&sc=cover&biz_tag=pcweb_cover&l=20260507165418D3E5A771E30687E1170A""]",7612225789278391082,@听舟日记创作的原声,"[{""caption_end"": 11, ""caption_start"": 8, ""end"": 30, ""hashtag_id"": ""1575899869053982"", ""hashtag_name"": ""抽象"", ""is_commerce"": false, ""start"": 27, ""type"": 1}, {""caption_end"": 15, ""caption_start"": 11, ""end"": 34, ""hashtag_id"": ""1767587029083149"", ""hashtag_name"": ""高中生"", ""is_commerce"": false, ""start"": 30, ""type"": 1}, {""caption_end"": 18, ""caption_start"": 15, ""end"": 37, ""hashtag_id"": ""1555927198663681"", ""hashtag_name"": ""寒假"", ""is_commerce"": false, ""start"": 34, ""type"": 1}, {""caption_end"": 25, ""caption_start"": 18, ""end"": 44, ""hashtag_id"": ""1590567937582093"", ""hashtag_name"": ""日常vlog"", ""is_commerce"": false, ""start"": 37, ""type"": 1}, {""caption_end"": 35, ""caption_start"": 25, ""end"": 54, ""hashtag_id"": ""7529832653680281615"", ""hashtag_name"": ""青年创作者成长计划"", ""is_commerce"": false, ""start"": 44, ""type"": 1}]","[{""level"": 1, ""tag_id"": 2029, ""tag_name"": ""随拍""}, {""level"": 2, ""tag_id"": 2029003, ""tag_name"": ""生活记录""}, {""level"": 3, ""tag_id"": 2029003001, ""tag_name"": ""日常vlog""}]",
7624990104373376421,7614086043138064611,7,2026-05-07T16:54:08.598872,62295350441,MS4wLjABAAAAX-q6LsaYyGNja7gn5V5ZRFAqm5edoOwy_HUiHZx8eCU,小乐睡不醒oh,欢迎收看  苦命高中生开学的一天#青年创作者成长计划#开学#高中生vlog#在拍一种很新的vlog,1772792555,213867,4,2055,242,472,234,0,"[""https://p3-pc-sign.douyinpic.com/image-cut-tos/c8fe55270144103ea6947305553c5feb~tplv-dy-resize-origshort-autoq-75:330.jpeg?lk3s=138a59ce&x-expires=2093500800&x-signature=asPWlKHu3eysMEn9u2RhStxBZSU%3D&from=327834062&s=PackSourceEnum_WEBPC_RELATED_AWEME&se=false&sc=cover&biz_tag=pcweb_cover&l=20260507165418D3E5A771E30687E1170A"", ""https://p9-pc-sign.douyinpic.com/image-cut-tos/c8fe55270144103ea6947305553c5feb~tplv-dy-resize-origshort-autoq-75:330.jpeg?lk3s=138a59ce&x-expires=2093500800&x-signature=3BbnRn%2BAuJ%2FqDgp5tmOQPTtUmaw%3D&from=327834062&s=PackSourceEnum_WEBPC_RELATED_AWEME&se=false&sc=cover&biz_tag=pcweb_cover&l=20260507165418D3E5A771E30687E1170A""]",7614086074058427146,@小乐睡不醒oh创作的原声,"[{""caption_end"": 26, ""caption_start"": 16, ""end"": 26, ""hashtag_id"": ""7529832653680281615"", ""hashtag_name"": ""青年创作者成长计划"", ""is_commerce"": false, ""start"": 16, ""type"": 1}, {""caption_end"": 29, ""caption_start"": 26, ""end"": 29, ""hashtag_id"": ""1574942323087374"", ""hashtag_name"": ""开学"", ""is_commerce"": false, ""start"": 26, ""type"": 1}, {""caption_end"": 37, ""caption_start"": 29, ""end"": 37, ""hashtag_id"": ""1662464593465373"", ""hashtag_name"": ""高中生vlog"", ""is_commerce"": false, ""start"": 29, ""type"": 1}, {""caption_end"": 49, ""caption_start"": 37, ""end"": 49, ""hashtag_id"": ""1757627772683267"", ""hashtag_name"": ""在拍一种很新的vlog"", ""is_commerce"": false, ""start"": 37, ""type"": 1}]","[{""level"": 1, ""tag_id"": 2007, ""tag_name"": ""校园教育""}, {""level"": 2, ""tag_id"": 2007006, ""tag_name"": ""中小学校园""}, {""level"": 0, ""tag_id"": 0, ""tag_name"": """"}]",苦命高中生开学第一天的经历，包括上学途中的匆忙、课堂上的偷懒、课间的忙碌、体育课的疲惫以及放学后的作业压力。
7624990104373376421,7620802533607304570,8,2026-05-07T16:54:08.598872,4000489808613520,MS4wLjABAAAA946rEVrbWuHGzNaSEucJ5OXTePx9182erGrjjkLAz0u33MwTWzzqmxSsTlig6whJ,听舟日记,09高中生上学vlog 今天开运动会！ 运动会vlog终于剪出来了…#抽象#高中生#校园#日常vlog#青年创作者成长计划 #给高考生的精选 #抖音高考模式是抖音精选 #抖音精选高考应援联盟 #2026高考,1774356360,303367,4,33295,366,1005,3202,0,"[""https://p3-pc-sign.douyinpic.com/image-cut-tos/88b97a82fdbe1ed1168ba60eaf670612~tplv-dy-resize-origshort-autoq-75:330.jpeg?lk3s=138a59ce&x-expires=2093500800&x-signature=PI7ioRdSmfBVAeDb%2FGfSj%2Boyl6w%3D&from=327834062&s=PackSourceEnum_WEBPC_RELATED_AWEME&se=false&sc=cover&biz_tag=pcweb_cover&l=20260507165418D3E5A771E30687E1170A"", ""https://p9-pc-sign.douyinpic.com/image-cut-tos/88b97a82fdbe1ed1168ba60eaf670612~tplv-dy-resize-origshort-autoq-75:330.jpeg?lk3s=138a59ce&x-expires=2093500800&x-signature=3GVo5sGRZxEXA6KDwzDEiZMmGYU%3D&from=327834062&s=PackSourceEnum_WEBPC_RELATED_AWEME&se=false&sc=cover&biz_tag=pcweb_cover&l=20260507165418D3E5A771E30687E1170A""]",7620802612866157375,@听舟日记创作的原声,"[{""caption_end"": 17, ""caption_start"": 14, ""end"": 37, ""hashtag_id"": ""1575899869053982"", ""hashtag_name"": ""抽象"", ""is_commerce"": false, ""start"": 34, ""type"": 1}, {""caption_end"": 21, ""caption_start"": 17, ""end"": 41, ""hashtag_id"": ""1767587029083149"", ""hashtag_name"": ""高中生"", ""is_commerce"": false, ""start"": 37, ""type"": 1}, {""caption_end"": 24, ""caption_start"": 21, ""end"": 44, ""hashtag_id"": ""1767587367750663"", ""hashtag_name"": ""校园"", ""is_commerce"": false, ""start"": 41, ""type"": 1}, {""caption_end"": 31, ""caption_start"": 24, ""end"": 51, ""hashtag_id"": ""1590567937582093"", ""hashtag_name"": ""日常vlog"", ""is_commerce"": false, ""start"": 44, ""type"": 1}, {""caption_end"": 41, ""caption_start"": 31, ""end"": 61, ""hashtag_id"": ""7529832653680281615"", ""hashtag_name"": ""青年创作者成长计划"", ""is_commerce"": false, ""start"": 51, ""type"": 1}, {""caption_end"": 0, ""caption_start"": 0, ""end"": 70, ""hashtag_id"": ""7618480603641415732"", ""hashtag_name"": ""给高考生的精选"", ""is_commerce"": false, ""start"": 62, ""type"": 1}, {""caption_end"": 0, ""caption_start"": 0, ""end"": 83, ""hashtag_id"": ""7618480666372261888"", ""hashtag_name"": ""抖音高考模式是抖音精选"", ""is_commerce"": false, ""start"": 71, ""type"": 1}, {""caption_end"": 0, ""caption_start"": 0, ""end"": 95, ""hashtag_id"": ""7625886255053703214"", ""hashtag_name"": ""抖音精选高考应援联盟"", ""is_commerce"": false, ""start"": 84, ""type"": 1}, {""caption_end"": 0, ""caption_start"": 0, ""end"": 103, ""hashtag_id"": ""1671986003106823"", ""hashtag_name"": ""2026高考"", ""is_commerce"": false, ""start"": 96, ""type"": 1}]","[{""level"": 1, ""tag_id"": 2007, ""tag_name"": ""校园教育""}, {""level"": 2, ""tag_id"": 2007006, ""tag_name"": ""中小学校园""}, {""level"": 0, ""tag_id"": 0, ""tag_name"": """"}]",
7624990104373376421,7606677258660613430,9,2026-05-07T16:54:08.598872,95864020728,MS4wLjABAAAA6xoQ2eamGxt8JM0y5GU9TCxiZRjVxCMYGjgeHvpOotw,我是机灵姐,寒假十大挑战第9集:独自在家过一天 #机灵姐一家  #机灵姐点成长纪念册  #挑战  #宝贝年味企划,1771124400,1184102,4,189438,9538,6033,56743,0,"[""https://p3-pc-sign.douyinpic.com/image-cut-tos/bcf94ff999e4c06c2a8da802c946b358~tplv-dy-resize-origshort-autoq-75:330.jpeg?lk3s=138a59ce&x-expires=2093500800&x-signature=4vKY%2BJv9ggzuTuIZnH0YDwgMYgg%3D&from=327834062&s=PackSourceEnum_WEBPC_RELATED_AWEME&se=false&sc=cover&biz_tag=pcweb_cover&l=20260507165418D3E5A771E30687E1170A"", ""https://p9-pc-sign.douyinpic.com/image-cut-tos/bcf94ff999e4c06c2a8da802c946b358~tplv-dy-resize-origshort-autoq-75:330.jpeg?lk3s=138a59ce&x-expires=2093500800&x-signature=uLXVuAuFF2ku39TE%2B6DyLZnTGJw%3D&from=327834062&s=PackSourceEnum_WEBPC_RELATED_AWEME&se=false&sc=cover&biz_tag=pcweb_cover&l=20260507165418D3E5A771E30687E1170A""]",7606678324768738058,@我是机灵姐创作的原声,"[{""caption_end"": 6, ""caption_start"": 0, ""end"": 24, ""hashtag_id"": ""1736328041558052"", ""hashtag_name"": ""机灵姐一家"", ""is_commerce"": false, ""start"": 18, ""type"": 1}, {""caption_end"": 18, ""caption_start"": 8, ""end"": 36, ""hashtag_id"": ""7606677727780816911"", ""hashtag_name"": ""机灵姐点成长纪念册"", ""is_commerce"": false, ""start"": 26, ""type"": 1}, {""caption_end"": 23, ""caption_start"": 20, ""end"": 41, ""hashtag_id"": ""1553929685826562"", ""hashtag_name"": ""挑战"", ""is_commerce"": false, ""start"": 38, ""type"": 1}, {""caption_end"": 32, ""caption_start"": 25, ""end"": 50, ""hashtag_id"": ""7597659875681781786"", ""hashtag_name"": ""宝贝年味企划"", ""is_commerce"": false, ""start"": 43, ""type"": 1}]","[{""level"": 1, ""tag_id"": 2024, ""tag_name"": ""亲子""}, {""level"": 2, ""tag_id"": 2024005, ""tag_name"": ""亲子日常""}, {""level"": 3, ""tag_id"": 2024005004, ""tag_name"": ""亲子随拍""}]",
7625382302234791183,7615964059598359871,0,2026-05-07T16:54:22.856843,54321838578320,MS4wLjABAAAAQgMeAgx_YJME3PGtlQAB6Qr9dJErRooQQOWulM0kUto,星空探秘,史前深海的长颈怪物，它不是尼斯湖水怪，是真正的史前霸主 #尼斯湖水怪 #蛇颈龙 #科普 #青年创作者成长计划,1773229908,553034,4,2406,51,163,558,0,"[""https://p3-pc-sign.douyinpic.com/image-cut-tos/1292138d706806f59e9c602f9c3b3c06~tplv-dy-resize-origshort-autoq-75:330.jpeg?lk3s=138a59ce&x-expires=2093500800&x-signature=gUikMNYAp63LifEoR0zAcYoeKYQ%3D&from=327834062&s=PackSourceEnum_WEBPC_RELATED_AWEME&se=false&sc=cover&biz_tag=pcweb_cover&l=20260507165433969D20F61D3668ED6B23"", ""https://p9-pc-sign.douyinpic.com/image-cut-tos/1292138d706806f59e9c602f9c3b3c06~tplv-dy-resize-origshort-autoq-75:330.jpeg?lk3s=138a59ce&x-expires=2093500800&x-signature=xpHHFm9ch9OkAiVTYwPixF9cDEs%3D&from=327834062&s=PackSourceEnum_WEBPC_RELATED_AWEME&se=false&sc=cover&biz_tag=pcweb_cover&l=20260507165433969D20F61D3668ED6B23""]",7615964616715258670,@星空探秘创作的原声,"[{""caption_end"": 6, ""caption_start"": 0, ""end"": 34, ""hashtag_id"": ""1589109267621902"", ""hashtag_name"": ""尼斯湖水怪"", ""is_commerce"": false, ""start"": 28, ""type"": 1}, {""caption_end"": 11, ""caption_start"": 7, ""end"": 39, ""hashtag_id"": ""1632347573548040"", ""hashtag_name"": ""蛇颈龙"", ""is_commerce"": false, ""start"": 35, ""type"": 1}, {""caption_end"": 15, ""caption_start"": 12, ""end"": 43, ""hashtag_id"": ""1582741603218446"", ""hashtag_name"": ""科普"", ""is_commerce"": false, ""start"": 40, ""type"": 1}, {""caption_end"": 26, ""caption_start"": 16, ""end"": 54, ""hashtag_id"": ""7529832653680281615"", ""hashtag_name"": ""青年创作者成长计划"", ""is_commerce"": false, ""start"": 44, ""type"": 1}]","[{""level"": 1, ""tag_id"": 2010, ""tag_name"": ""科普""}, {""level"": 2, ""tag_id"": 2010002, ""tag_name"": ""植物科普""}, {""level"": 0, ""tag_id"": 0, ""tag_name"": """"}]",蛇颈龙是一种生活在1.5亿年前的史前海洋生物，其脖子长达8米，身体结构独特。它们以耐心和伏击为捕猎策略，用脖子作为武器，将猎物甩晕后吞食。蛇颈龙的繁殖方式为卵胎生，存活率极低。尽管它们曾在海洋中称霸，但在环境巨变时，其极端的进化特征成为致命弱点，最终导致灭绝。蛇颈龙的故事提醒我们，生命的强大在于面对变化时的可能性，适度的进化比极致更重要。
7625382302234791183,7622253708033772850,1,2026-05-07T16:54:22.856843,3300069882464649,MS4wLjABAAAA1PAAGOZoUYF4GrF2BAs_KETFdIOiF7xPjCWAkNMoXYbYW8nhSeZo9SF8MHHhLUIQ,高维物种档案,我们被骗了这么多年，恐龙灭绝根本不是一颗陨石那么简单！ #恐龙 #科普 #科普一下 #动物科普 #史前巨兽,1774694249,506916,4,3158,125,493,804,0,"[""https://p3-pc-sign.douyinpic.com/image-cut-tos/44a74e33c7337eca889deadf1cc9dbb9~tplv-dy-resize-origshort-autoq-75:330.jpeg?lk3s=138a59ce&x-expires=2093500800&x-signature=iqNQsigbLs3fOteg4qtd1RWsVSo%3D&from=327834062&s=PackSourceEnum_WEBPC_RELATED_AWEME&se=false&sc=cover&biz_tag=pcweb_cover&l=20260507165433969D20F61D3668ED6B23"", ""https://p9-pc-sign.douyinpic.com/image-cut-tos/44a74e33c7337eca889deadf1cc9dbb9~tplv-dy-resize-origshort-autoq-75:330.jpeg?lk3s=138a59ce&x-expires=2093500800&x-signature=h76MNZrQ5%2BYowASL74vGOIU5FsY%3D&from=327834062&s=PackSourceEnum_WEBPC_RELATED_AWEME&se=false&sc=cover&biz_tag=pcweb_cover&l=20260507165433969D20F61D3668ED6B23""]",7622253944374315782,@高维物种档案创作的原声,"[{""caption_end"": 3, ""caption_start"": 0, ""end"": 31, ""hashtag_id"": ""1570898101229570"", ""hashtag_name"": ""恐龙"", ""is_commerce"": false, ""start"": 28, ""type"": 1}, {""caption_end"": 7, ""caption_start"": 4, ""end"": 35, ""hashtag_id"": ""1582741603218446"", ""hashtag_name"": ""科普"", ""is_commerce"": false, ""start"": 32, ""type"": 1}, {""caption_end"": 13, ""caption_start"": 8, ""end"": 41, ""hashtag_id"": ""1593401120368644"", ""hashtag_name"": ""科普一下"", ""is_commerce"": false, ""start"": 36, ""type"": 1}, {""caption_end"": 19, ""caption_start"": 14, ""end"": 47, ""hashtag_id"": ""1597817242020878"", ""hashtag_name"": ""动物科普"", ""is_commerce"": false, ""start"": 42, ""type"": 1}, {""caption_end"": 25, ""caption_start"": 20, ""end"": 53, ""hashtag_id"": ""1604976174286855"", ""hashtag_name"": ""史前巨兽"", ""is_commerce"": false, ""start"": 48, ""type"": 1}]","[{""level"": 1, ""tag_id"": 2010, ""tag_name"": ""科普""}, {""level"": 2, ""tag_id"": 2010006, ""tag_name"": ""动物科普""}, {""level"": 0, ""tag_id"": 0, ""tag_name"": """"}]",恐龙灭绝并非由一颗陨石撞击瞬间导致，而是经历了三次死亡。六千六百万年前，一颗巨大的小行星撞击地球，引发了全球性的灾难，包括高温、火雨、冲击波和尘埃。随后，地球进入长达十几年的核冬天，导致食物链崩溃，恐龙在饥饿、严寒和同类相残中逐渐灭绝。而一些早期哺乳动物在灾难中幸存下来，最终演化成了现代人类。
7625382302234791183,7612844278884175147,2,2026-05-07T16:54:22.856843,3300069882464649,MS4wLjABAAAA1PAAGOZoUYF4GrF2BAs_KETFdIOiF7xPjCWAkNMoXYbYW8nhSeZo9SF8MHHhLUIQ,高维物种档案,史前活体断头台！咬合力5吨完爆巨齿鲨，专治各种不服 #邓氏鱼#史前生物#史前动物#动物科普 #海洋生物,1772510700,346069,4,1817,75,175,755,0,"[""https://p3-pc-sign.douyinpic.com/image-cut-tos/85c262e94aed2a324233cf59f9e3398e~tplv-dy-resize-origshort-autoq-75:330.jpeg?lk3s=138a59ce&x-expires=2093500800&x-signature=RQxUSy%2FZb%2F0F6xdK2jJGDlWJahk%3D&from=327834062&s=PackSourceEnum_WEBPC_RELATED_AWEME&se=false&sc=cover&biz_tag=pcweb_cover&l=20260507165433969D20F61D3668ED6B23"", ""https://p9-pc-sign.douyinpic.com/image-cut-tos/85c262e94aed2a324233cf59f9e3398e~tplv-dy-resize-origshort-autoq-75:330.jpeg?lk3s=138a59ce&x-expires=2093500800&x-signature=PO0rLg%2B98i8zPUzS0KBUEhbZLv4%3D&from=327834062&s=PackSourceEnum_WEBPC_RELATED_AWEME&se=false&sc=cover&biz_tag=pcweb_cover&l=20260507165433969D20F61D3668ED6B23""]",7612845670973606682,@高维物种档案创作的原声,"[{""caption_end"": 4, ""caption_start"": 0, ""end"": 30, ""hashtag_id"": ""1632321965391880"", ""hashtag_name"": ""邓氏鱼"", ""is_commerce"": false, ""start"": 26, ""type"": 1}, {""caption_end"": 9, ""caption_start"": 4, ""end"": 35, ""hashtag_id"": ""1600712263296072"", ""hashtag_name"": ""史前生物"", ""is_commerce"": false, ""start"": 30, ""type"": 1}, {""caption_end"": 14, ""caption_start"": 9, ""end"": 40, ""hashtag_id"": ""1629219263984644"", ""hashtag_name"": ""史前动物"", ""is_commerce"": false, ""start"": 35, ""type"": 1}, {""caption_end"": 19, ""caption_start"": 14, ""end"": 45, ""hashtag_id"": ""1597817242020878"", ""hashtag_name"": ""动物科普"", ""is_commerce"": false, ""start"": 40, ""type"": 1}, {""caption_end"": 25, ""caption_start"": 20, ""end"": 51, ""hashtag_id"": ""1580855660531725"", ""hashtag_name"": ""海洋生物"", ""is_commerce"": false, ""start"": 46, ""type"": 1}]","[{""level"": 1, ""tag_id"": 2010, ""tag_name"": ""科普""}, {""level"": 2, ""tag_id"": 2010002, ""tag_name"": ""植物科普""}, {""level"": 0, ""tag_id"": 0, ""tag_name"": """"}]",
7625382302234791183,7606320536121019698,3,2026-05-07T16:54:22.856843,1145064332211500,MS4wLjABAAAAfNLDUw6zrSu4zeFfV6Mrk7zKb3TM8mJMCRk29tCq6BRyLs_sBcMkWXRR5i6C-ZIO,星空探索馆,巨齿鲨的真实体型，足以颠覆你对生物学的认知 #科普 #科普一下 #史前生物 #鲨鱼 #巨齿鲨,1770984537,660086,4,3848,166,257,1457,0,"[""https://p9-pc-sign.douyinpic.com/image-cut-tos/1ad178088a3808828bfdac37107fd2a4~tplv-dy-resize-origshort-autoq-75:330.jpeg?lk3s=138a59ce&x-expires=2093500800&x-signature=e96U9P7MOKlk4muEgtij9fJ%2BgHE%3D&from=327834062&s=PackSourceEnum_WEBPC_RELATED_AWEME&se=false&sc=cover&biz_tag=pcweb_cover&l=20260507165433969D20F61D3668ED6B23"", ""https://p3-pc-sign.douyinpic.com/image-cut-tos/1ad178088a3808828bfdac37107fd2a4~tplv-dy-resize-origshort-autoq-75:330.jpeg?lk3s=138a59ce&x-expires=2093500800&x-signature=Cyvzul1UQ7876sHVVkxTZkrC610%3D&from=327834062&s=PackSourceEnum_WEBPC_RELATED_AWEME&se=false&sc=cover&biz_tag=pcweb_cover&l=20260507165433969D20F61D3668ED6B23""]",7606320795552090916,@星空探索馆创作的原声,"[{""caption_end"": 3, ""caption_start"": 0, ""end"": 25, ""hashtag_id"": ""1582741603218446"", ""hashtag_name"": ""科普"", ""is_commerce"": false, ""start"": 22, ""type"": 1}, {""caption_end"": 9, ""caption_start"": 4, ""end"": 31, ""hashtag_id"": ""1593401120368644"", ""hashtag_name"": ""科普一下"", ""is_commerce"": false, ""start"": 26, ""type"": 1}, {""caption_end"": 15, ""caption_start"": 10, ""end"": 37, ""hashtag_id"": ""1600712263296072"", ""hashtag_name"": ""史前生物"", ""is_commerce"": false, ""start"": 32, ""type"": 1}, {""caption_end"": 19, ""caption_start"": 16, ""end"": 41, ""hashtag_id"": ""1581476200355853"", ""hashtag_name"": ""鲨鱼"", ""is_commerce"": false, ""start"": 38, ""type"": 1}, {""caption_end"": 24, ""caption_start"": 20, ""end"": 46, ""hashtag_id"": ""1597371377007635"", ""hashtag_name"": ""巨齿鲨"", ""is_commerce"": false, ""start"": 42, ""type"": 1}]","[{""level"": 1, ""tag_id"": 2010, ""tag_name"": ""科普""}, {""level"": 2, ""tag_id"": 2010002, ""tag_name"": ""植物科普""}, {""level"": 0, ""tag_id"": 0, ""tag_name"": """"}]",
7625382302234791183,7620014149388471606,4,2026-05-07T16:54:22.856843,2578796300993738,MS4wLjABAAAAfsi3hWKLJ4t_pw1-zE9IoWgpRu98Ov5XoKjVeUoTP2pp2wgFnAv1tBv0QmYnrZCQ,科普造物主,史前海洋终极对决：巨齿鲨利维坦鲸谁是真王？ #利维坦鲸 #巨齿鲨 #科普 #神奇动物在抖音 #知识前沿派对,1774173977,555724,4,6907,172,574,1562,0,"[""https://p3-pc-sign.douyinpic.com/image-cut-tos/9210673e3a26924b90d7730322999cf8~tplv-dy-resize-origshort-autoq-75:330.jpeg?lk3s=138a59ce&x-expires=2093500800&x-signature=iS%2FcAV9m1RAhLW%2FeAMX7EStWn34%3D&from=327834062&s=PackSourceEnum_WEBPC_RELATED_AWEME&se=false&sc=cover&biz_tag=pcweb_cover&l=20260507165433969D20F61D3668ED6B23"", ""https://p9-pc-sign.douyinpic.com/image-cut-tos/9210673e3a26924b90d7730322999cf8~tplv-dy-resize-origshort-autoq-75:330.jpeg?lk3s=138a59ce&x-expires=2093500800&x-signature=4DUhuIoGKU3nK%2BzrBEXhllxH01w%3D&from=327834062&s=PackSourceEnum_WEBPC_RELATED_AWEME&se=false&sc=cover&biz_tag=pcweb_cover&l=20260507165433969D20F61D3668ED6B23""]",7620014283723754303,@科普造物主创作的原声,"[{""caption_end"": 5, ""caption_start"": 0, ""end"": 27, ""hashtag_id"": ""1675806813440008"", ""hashtag_name"": ""利维坦鲸"", ""is_commerce"": false, ""start"": 22, ""type"": 1}, {""caption_end"": 10, ""caption_start"": 6, ""end"": 32, ""hashtag_id"": ""1597371377007635"", ""hashtag_name"": ""巨齿鲨"", ""is_commerce"": false, ""start"": 28, ""type"": 1}, {""caption_end"": 14, ""caption_start"": 11, ""end"": 36, ""hashtag_id"": ""1582741603218446"", ""hashtag_name"": ""科普"", ""is_commerce"": false, ""start"": 33, ""type"": 1}, {""caption_end"": 23, ""caption_start"": 15, ""end"": 45, ""hashtag_id"": ""1615585797143560"", ""hashtag_name"": ""神奇动物在抖音"", ""is_commerce"": true, ""start"": 37, ""type"": 1}, {""caption_end"": 31, ""caption_start"": 24, ""end"": 53, ""hashtag_id"": ""1777641476760592"", ""hashtag_name"": ""知识前沿派对"", ""is_commerce"": false, ""start"": 46, ""type"": 1}]","[{""level"": 1, ""tag_id"": 2010, ""tag_name"": ""科普""}, {""level"": 2, ""tag_id"": 2010006, ""tag_name"": ""动物科普""}, {""level"": 0, ""tag_id"": 0, ""tag_name"": """"}]",
7625382302234791183,7605205597398617382,5,2026-05-07T16:54:22.856843,3745367998086042,MS4wLjABAAAAOxgyZLEj-Ktj-TIwLqwXdOk47AaeFKKTp0R2jFNg6IFva4ygC0JkpCq5inkSE5cn,山塘动物园,进化把它打造成完美的河流猎手，但完美的意思就是只能干这一件事 #史前巨兽 #神奇动物在抖音 #恐龙 #棘龙,1770725621,423068,4,2171,128,103,885,0,"[""https://p3-pc-sign.douyinpic.com/image-cut-tos/2cf171e521b692a561a62c2d9ed2b976~tplv-dy-resize-origshort-autoq-75:330.jpeg?lk3s=138a59ce&x-expires=2093500800&x-signature=C%2FDOqatmkvSz0YrUE2Qb7y%2BHmKk%3D&from=327834062&s=PackSourceEnum_WEBPC_RELATED_AWEME&se=false&sc=cover&biz_tag=pcweb_cover&l=20260507165433969D20F61D3668ED6B23"", ""https://p9-pc-sign.douyinpic.com/image-cut-tos/2cf171e521b692a561a62c2d9ed2b976~tplv-dy-resize-origshort-autoq-75:330.jpeg?lk3s=138a59ce&x-expires=2093500800&x-signature=4ubE3DPFXms6Gr3bliEDOySO3HA%3D&from=327834062&s=PackSourceEnum_WEBPC_RELATED_AWEME&se=false&sc=cover&biz_tag=pcweb_cover&l=20260507165433969D20F61D3668ED6B23""]",7605206005508492095,@山塘动物园创作的原声,"[{""caption_end"": 5, ""caption_start"": 0, ""end"": 36, ""hashtag_id"": ""1604976174286855"", ""hashtag_name"": ""史前巨兽"", ""is_commerce"": false, ""start"": 31, ""type"": 1}, {""caption_end"": 14, ""caption_start"": 6, ""end"": 45, ""hashtag_id"": ""1615585797143560"", ""hashtag_name"": ""神奇动物在抖音"", ""is_commerce"": true, ""start"": 37, ""type"": 1}, {""caption_end"": 18, ""caption_start"": 15, ""end"": 49, ""hashtag_id"": ""1570898101229570"", ""hashtag_name"": ""恐龙"", ""is_commerce"": false, ""start"": 46, ""type"": 1}, {""caption_end"": 22, ""caption_start"": 19, ""end"": 53, ""hashtag_id"": ""1616386402947091"", ""hashtag_name"": ""棘龙"", ""is_commerce"": false, ""start"": 50, ""type"": 1}]","[{""level"": 1, ""tag_id"": 2010, ""tag_name"": ""科普""}, {""level"": 2, ""tag_id"": 2010002, ""tag_name"": ""植物科普""}, {""level"": 0, ""tag_id"": 0, ""tag_name"": """"}]",棘龙是恐龙中的异类，它的外形和习性与其他恐龙大不相同。背上的帆、鼻孔位置、骨骼密度等特征都表明它是一种适应水生生活的恐龙。然而，这种特化使它在环境变化时无法生存，最终在白垩纪晚期灭绝。棘龙的故事揭示了进化的底层逻辑：适应环境可能导致特化，失去生存能力。
7625382302234791183,7609295109821189419,6,2026-05-07T16:54:22.856843,3745367998086042,MS4wLjABAAAAOxgyZLEj-Ktj-TIwLqwXdOk47AaeFKKTp0R2jFNg6IFva4ygC0JkpCq5inkSE5cn,山塘动物园,深海里唯一敢硬刚抹香鲸的对手，到底有多猛？ #章鱼 #史前生物 #深海 #深海巨兽 #大王乌贼,1771678178,423487,4,4852,209,338,2049,0,"[""https://p3-pc-sign.douyinpic.com/image-cut-tos/fe88e3ba181a00237b6eace757239f68~tplv-dy-resize-origshort-autoq-75:330.jpeg?lk3s=138a59ce&x-expires=2093500800&x-signature=eW%2F5YHsyzkrLMhj7qkaTawREH7Y%3D&from=327834062&s=PackSourceEnum_WEBPC_RELATED_AWEME&se=false&sc=cover&biz_tag=pcweb_cover&l=20260507165433969D20F61D3668ED6B23"", ""https://p9-pc-sign.douyinpic.com/image-cut-tos/fe88e3ba181a00237b6eace757239f68~tplv-dy-resize-origshort-autoq-75:330.jpeg?lk3s=138a59ce&x-expires=2093500800&x-signature=D4dVbVd52oTLavDAvUP%2BMBL%2FwVk%3D&from=327834062&s=PackSourceEnum_WEBPC_RELATED_AWEME&se=false&sc=cover&biz_tag=pcweb_cover&l=20260507165433969D20F61D3668ED6B23""]",7609296001978878771,@山塘动物园创作的原声,"[{""caption_end"": 3, ""caption_start"": 0, ""end"": 25, ""hashtag_id"": ""1656687148387335"", ""hashtag_name"": ""章鱼"", ""is_commerce"": false, ""start"": 22, ""type"": 1}, {""caption_end"": 9, ""caption_start"": 4, ""end"": 31, ""hashtag_id"": ""1600712263296072"", ""hashtag_name"": ""史前生物"", ""is_commerce"": false, ""start"": 26, ""type"": 1}, {""caption_end"": 13, ""caption_start"": 10, ""end"": 35, ""hashtag_id"": ""1575791821492238"", ""hashtag_name"": ""深海"", ""is_commerce"": false, ""start"": 32, ""type"": 1}, {""caption_end"": 19, ""caption_start"": 14, ""end"": 41, ""hashtag_id"": ""1608398949003268"", ""hashtag_name"": ""深海巨兽"", ""is_commerce"": false, ""start"": 36, ""type"": 1}, {""caption_end"": 25, ""caption_start"": 20, ""end"": 47, ""hashtag_id"": ""1623261539883015"", ""hashtag_name"": ""大王乌贼"", ""is_commerce"": false, ""start"": 42, ""type"": 1}]","[{""level"": 1, ""tag_id"": 2010, ""tag_name"": ""科普""}, {""level"": 2, ""tag_id"": 2010002, ""tag_name"": ""植物科普""}, {""level"": 0, ""tag_id"": 0, ""tag_name"": """"}]",大王乌贼是深海中的巨无霸，体型巨大，触手展开可达13米，体重近一吨。它们与抹香鲸是捕食与被捕食的关系，但大王乌贼并非毫无反击能力。大王乌贼的捕食结构强大，吸盘上有锯齿状角质环，能给抹香鲸造成伤害。人类在水下无法与大王乌贼抗衡，但大王乌贼对人类不感兴趣。
7625382302234791183,7603404812427824394,7,2026-05-07T16:54:22.856843,1426519014508843,MS4wLjABAAAA9SnvkMHNnAuVD8GspJBKL0sxo7P-KXo1ytRWw-yDpjfufqedWsqW7IihnxA1k5mr,动物你我它,深海生物为何巨兽化 让我们跟随着影片的镜头一起了解为何深海巨兽会巨化#科普 #深海巨兽 #涨知识 #动物科普 #海洋生物,1770371520,490569,4,8743,549,368,2893,0,"[""https://p3-pc-sign.douyinpic.com/image-cut-tos/a6c75ad351eb261a062e48a168c0d0aa~tplv-dy-resize-origshort-autoq-75:330.jpeg?lk3s=138a59ce&x-expires=2093500800&x-signature=EkvyMfEO4V5aJUKTeTciDDaxa%2BY%3D&from=327834062&s=PackSourceEnum_WEBPC_RELATED_AWEME&se=false&sc=cover&biz_tag=pcweb_cover&l=20260507165433969D20F61D3668ED6B23"", ""https://p9-pc-sign.douyinpic.com/image-cut-tos/a6c75ad351eb261a062e48a168c0d0aa~tplv-dy-resize-origshort-autoq-75:330.jpeg?lk3s=138a59ce&x-expires=2093500800&x-signature=bmgIEHaoATHw1vfCvcXeKdY8yqI%3D&from=327834062&s=PackSourceEnum_WEBPC_RELATED_AWEME&se=false&sc=cover&biz_tag=pcweb_cover&l=20260507165433969D20F61D3668ED6B23""]",7603404983610526514,@动物你我它创作的原声,"[{""caption_end"": 27, ""caption_start"": 24, ""end"": 37, ""hashtag_id"": ""1582741603218446"", ""hashtag_name"": ""科普"", ""is_commerce"": false, ""start"": 34, ""type"": 1}, {""caption_end"": 33, ""caption_start"": 28, ""end"": 43, ""hashtag_id"": ""1608398949003268"", ""hashtag_name"": ""深海巨兽"", ""is_commerce"": false, ""start"": 38, ""type"": 1}, {""caption_end"": 38, ""caption_start"": 34, ""end"": 48, ""hashtag_id"": ""1767586848635912"", ""hashtag_name"": ""涨知识"", ""is_commerce"": false, ""start"": 44, ""type"": 1}, {""caption_end"": 44, ""caption_start"": 39, ""end"": 54, ""hashtag_id"": ""1597817242020878"", ""hashtag_name"": ""动物科普"", ""is_commerce"": false, ""start"": 49, ""type"": 1}, {""caption_end"": 50, ""caption_start"": 45, ""end"": 60, ""hashtag_id"": ""1580855660531725"", ""hashtag_name"": ""海洋生物"", ""is_commerce"": false, ""start"": 55, ""type"": 1}]","[{""level"": 1, ""tag_id"": 2010, ""tag_name"": ""科普""}, {""level"": 2, ""tag_id"": 2010002, ""tag_name"": ""植物科普""}, {""level"": 0, ""tag_id"": 0, ""tag_name"": """"}]",深海环境极端，温度低、压力大、食物稀缺，但却有许多巨大的生物。这些生物进化出了独特的生存策略，如变大、变慢、变长寿，以适应深海的恶劣条件。深海生物的生存方式仍然是个谜，人类对它们的了解还远远不够。
7625382302234791183,7616788916602948915,8,2026-05-07T16:54:22.856843,1515546857183181,MS4wLjABAAAAZuMYufLP5yaPhgygIEOh6HQgInCWKi8X5zbqlgWBGvKQ7D1M_Ls9GQOoy-AG64qv,奇妙星球说,史上最离谱进化反转！顶级海王团灭，捡漏乞丐逆袭成地球主宰 #房角石 #古生物 #科普,1773446400,486643,4,18672,565,2011,4774,0,"[""https://p3-pc-sign.douyinpic.com/image-cut-tos/73b125a2e87d8bbabbcaf178fe89a86b~tplv-dy-resize-origshort-autoq-75:330.jpeg?lk3s=138a59ce&x-expires=2093500800&x-signature=enJr9CyeTDfj6gDnno31yz8cFaM%3D&from=327834062&s=PackSourceEnum_WEBPC_RELATED_AWEME&se=false&sc=cover&biz_tag=pcweb_cover&l=20260507165433969D20F61D3668ED6B23"", ""https://p9-pc-sign.douyinpic.com/image-cut-tos/73b125a2e87d8bbabbcaf178fe89a86b~tplv-dy-resize-origshort-autoq-75:330.jpeg?lk3s=138a59ce&x-expires=2093500800&x-signature=%2FhHHsb3ohmTEmhuSrxu6FEoeu3M%3D&from=327834062&s=PackSourceEnum_WEBPC_RELATED_AWEME&se=false&sc=cover&biz_tag=pcweb_cover&l=20260507165433969D20F61D3668ED6B23""]",7616789127643728703,@奇妙星球说创作的原声,"[{""caption_end"": 4, ""caption_start"": 0, ""end"": 33, ""hashtag_id"": ""1675076583156749"", ""hashtag_name"": ""房角石"", ""is_commerce"": false, ""start"": 29, ""type"": 1}, {""caption_end"": 9, ""caption_start"": 5, ""end"": 38, ""hashtag_id"": ""1596971924066312"", ""hashtag_name"": ""古生物"", ""is_commerce"": false, ""start"": 34, ""type"": 1}, {""caption_end"": 13, ""caption_start"": 10, ""end"": 42, ""hashtag_id"": ""1582741603218446"", ""hashtag_name"": ""科普"", ""is_commerce"": false, ""start"": 39, ""type"": 1}]","[{""level"": 1, ""tag_id"": 2010, ""tag_name"": ""科普""}, {""level"": 2, ""tag_id"": 2010002, ""tag_name"": ""植物科普""}, {""level"": 0, ""tag_id"": 0, ""tag_name"": """"}]",
7625382302234791183,7625225321134017818,9,2026-05-07T16:54:22.856843,3604633262766496,MS4wLjABAAAAX8GEEGpwfbUvNgO6xsHKn5LO8c42EW_xg-VuUFRyVbfmB_wcztrssprdGXwpWMKc,毛肚生物,你见过进化太完美，导致灭绝的生物吗？进化走火入魔了 #科普 #科普一下 #菊石 #探索发现 #古生物,1775386740,306504,4,3435,214,398,774,0,"[""https://p3-pc-sign.douyinpic.com/image-cut-tos/ccb6d2628876b2a2e0d7aca72a6546c5~tplv-dy-resize-origshort-autoq-75:330.jpeg?lk3s=138a59ce&x-expires=2093500800&x-signature=j8Q01YCbnZfjmtw2u1XtM%2FVvYw4%3D&from=327834062&s=PackSourceEnum_WEBPC_RELATED_AWEME&se=false&sc=cover&biz_tag=pcweb_cover&l=20260507165433969D20F61D3668ED6B23"", ""https://p9-pc-sign.douyinpic.com/image-cut-tos/ccb6d2628876b2a2e0d7aca72a6546c5~tplv-dy-resize-origshort-autoq-75:330.jpeg?lk3s=138a59ce&x-expires=2093500800&x-signature=I9DHz4SfxoRsrpUgO0WczlMHS%2B0%3D&from=327834062&s=PackSourceEnum_WEBPC_RELATED_AWEME&se=false&sc=cover&biz_tag=pcweb_cover&l=20260507165433969D20F61D3668ED6B23""]",7625225463190997770,@毛肚生物创作的原声,"[{""caption_end"": 3, ""caption_start"": 0, ""end"": 29, ""hashtag_id"": ""1582741603218446"", ""hashtag_name"": ""科普"", ""is_commerce"": false, ""start"": 26, ""type"": 1}, {""caption_end"": 9, ""caption_start"": 4, ""end"": 35, ""hashtag_id"": ""1593401120368644"", ""hashtag_name"": ""科普一下"", ""is_commerce"": false, ""start"": 30, ""type"": 1}, {""caption_end"": 13, ""caption_start"": 10, ""end"": 39, ""hashtag_id"": ""1619281536387080"", ""hashtag_name"": ""菊石"", ""is_commerce"": false, ""start"": 36, ""type"": 1}, {""caption_end"": 19, ""caption_start"": 14, ""end"": 45, ""hashtag_id"": ""1580544920226829"", ""hashtag_name"": ""探索发现"", ""is_commerce"": false, ""start"": 40, ""type"": 1}, {""caption_end"": 24, ""caption_start"": 20, ""end"": 50, ""hashtag_id"": ""1596971924066312"", ""hashtag_name"": ""古生物"", ""is_commerce"": false, ""start"": 46, ""type"": 1}]","[{""level"": 1, ""tag_id"": 2010, ""tag_name"": ""科普""}, {""level"": 2, ""tag_id"": 2010006, ""tag_name"": ""动物科普""}, {""level"": 0, ""tag_id"": 0, ""tag_name"": """"}]",菊石是一种古老且强大的海洋生物，曾在地球上生存了3亿3千万年。它们的外壳具有独特的结构，内部被分割成独立小房间，可调节气体和液体比例，实现上浮和下沉。然而，在白垩纪末期，菊石家族出现了异形菊石，它们的外壳形状变得奇怪，导致流体力学性能崩溃，最终在小行星撞击后灭绝。与此同时，菊石的远亲鹦鹉螺却因未进化而存活至今。这表明，强大并不等于永恒，适应才是真正的生存之道。
7625546845988749440,7621754310851339227,0,2026-05-07T16:54:36.378037,109352493468,MS4wLjABAAAAEx1VJYkpxBh89RvK3yegac7IA0KjBhbFt-dyHUy9D2c,🌀旺仔饿了🌀,今天的抽签手气有点差 幸好峰回路转不至于饿着肚子！#美食 #美食分享,1774599360,408856,4,106769,1959,10402,37817,0,"[""https://p3-pc-sign.douyinpic.com/image-cut-tos/ad015b95089e91477a8b041541041926~tplv-dy-resize-origshort-autoq-75:330.jpeg?lk3s=138a59ce&x-expires=2093500800&x-signature=Z3QznvHIszEwGonmdyL%2FJUOJpQU%3D&from=327834062&s=PackSourceEnum_WEBPC_RELATED_AWEME&se=false&sc=cover&biz_tag=pcweb_cover&l=20260507165447FD6AED8ABB12141040A1"", ""https://p9-pc-sign.douyinpic.com/image-cut-tos/ad015b95089e91477a8b041541041926~tplv-dy-resize-origshort-autoq-75:330.jpeg?lk3s=138a59ce&x-expires=2093500800&x-signature=2gc25OJ1YHP3x0Tvz99qJY2wOcE%3D&from=327834062&s=PackSourceEnum_WEBPC_RELATED_AWEME&se=false&sc=cover&biz_tag=pcweb_cover&l=20260507165447FD6AED8ABB12141040A1""]",7426746753363217190,@王者荣耀AI乐团创作的原声,"[{""caption_end"": 17, ""caption_start"": 14, ""end"": 28, ""hashtag_id"": ""1767586897793101"", ""hashtag_name"": ""美食"", ""is_commerce"": false, ""start"": 25, ""type"": 1}, {""caption_end"": 23, ""caption_start"": 18, ""end"": 34, ""hashtag_id"": ""1566926248364034"", ""hashtag_name"": ""美食分享"", ""is_commerce"": false, ""start"": 29, ""type"": 1}]","[{""level"": 1, ""tag_id"": 2001, ""tag_name"": ""美食""}, {""level"": 2, ""tag_id"": 2001005, ""tag_name"": ""吃播""}, {""level"": 3, ""tag_id"": 2001005002, ""tag_name"": ""普通吃播""}]",
7625546845988749440,7635205860507359049,1,2026-05-07T16:54:36.378037,109352493468,MS4wLjABAAAAEx1VJYkpxBh89RvK3yegac7IA0KjBhbFt-dyHUy9D2c,🌀旺仔饿了🌀,今天也是翻身把歌唱！吃着别提有多爽了 #五一美食判官已上线,1777710799,359867,4,105174,1563,11785,33196,0,"[""https://p3-pc-sign.douyinpic.com/image-cut-tos/08776b73abbac677ab9491e4f06d4626~tplv-dy-resize-origshort-autoq-75:330.jpeg?lk3s=138a59ce&x-expires=2093500800&x-signature=%2F0VMeif2%2FiL%2B8HUwJWtSiWH7j0E%3D&from=327834062&s=PackSourceEnum_WEBPC_RELATED_AWEME&se=false&sc=cover&biz_tag=pcweb_cover&l=20260507165447FD6AED8ABB12141040A1"", ""https://p9-pc-sign.douyinpic.com/image-cut-tos/08776b73abbac677ab9491e4f06d4626~tplv-dy-resize-origshort-autoq-75:330.jpeg?lk3s=138a59ce&x-expires=2093500800&x-signature=h7pz4R1q6iEm%2FLVWvnhqhLqKtNM%3D&from=327834062&s=PackSourceEnum_WEBPC_RELATED_AWEME&se=false&sc=cover&biz_tag=pcweb_cover&l=20260507165447FD6AED8ABB12141040A1""]",7635205839623703323,@🌀旺仔饿了🌀创作的原声,"[{""caption_end"": 0, ""caption_start"": 0, ""end"": 29, ""hashtag_id"": ""7633670936142546987"", ""hashtag_name"": ""五一美食判官已上线"", ""is_commerce"": false, ""start"": 19, ""type"": 1}]","[{""level"": 1, ""tag_id"": 2001, ""tag_name"": ""美食""}, {""level"": 2, ""tag_id"": 2001005, ""tag_name"": ""吃播""}, {""level"": 3, ""tag_id"": 2001005002, ""tag_name"": ""普通吃播""}]",
7625546845988749440,7619253771906473894,2,2026-05-07T16:54:36.378037,822895239758800,MS4wLjABAAAAj4mrj6HIH9-0NkLXRmCq6P4km5JTZC4EfOfqDipBUHE,西瓜哥,今天捡脂只吃一盘 #这一碗好过瘾 #美食#妈呀太香了,1773995761,60300,4,136753,3098,120595,24669,0,"[""https://p3-pc-sign.douyinpic.com/image-cut-tos/cc10d1e4763e096dcb20c55795f4cb70~tplv-dy-resize-origshort-autoq-75:330.jpeg?lk3s=138a59ce&x-expires=2093500800&x-signature=I5za15KnUoaPS%2Fui1%2BP4r1vPGOg%3D&from=327834062&s=PackSourceEnum_WEBPC_RELATED_AWEME&se=false&sc=cover&biz_tag=pcweb_cover&l=20260507165447FD6AED8ABB12141040A1"", ""https://p9-pc-sign.douyinpic.com/image-cut-tos/cc10d1e4763e096dcb20c55795f4cb70~tplv-dy-resize-origshort-autoq-75:330.jpeg?lk3s=138a59ce&x-expires=2093500800&x-signature=uCW%2B0vERedmeVAUuJUIQYxSV4Tg%3D&from=327834062&s=PackSourceEnum_WEBPC_RELATED_AWEME&se=false&sc=cover&biz_tag=pcweb_cover&l=20260507165447FD6AED8ABB12141040A1""]",7569131939085486902,@快叫李道长创作的原声,"[{""caption_end"": 7, ""caption_start"": 0, ""end"": 16, ""hashtag_id"": ""1764938299180045"", ""hashtag_name"": ""这一碗好过瘾"", ""is_commerce"": false, ""start"": 9, ""type"": 1}, {""caption_end"": 11, ""caption_start"": 8, ""end"": 20, ""hashtag_id"": ""1767586897793101"", ""hashtag_name"": ""美食"", ""is_commerce"": false, ""start"": 17, ""type"": 1}, {""caption_end"": 17, ""caption_start"": 11, ""end"": 26, ""hashtag_id"": ""1767587175419917"", ""hashtag_name"": ""妈呀太香了"", ""is_commerce"": false, ""start"": 20, ""type"": 1}]","[{""level"": 1, ""tag_id"": 2001, ""tag_name"": ""美食""}, {""level"": 2, ""tag_id"": 2001005, ""tag_name"": ""吃播""}, {""level"": 3, ""tag_id"": 2001005002, ""tag_name"": ""普通吃播""}]",
7625546845988749440,7619072091379272966,3,2026-05-07T16:54:36.378037,2247882273203367,MS4wLjABAAAA5fcpGxwhzGtCS_OP-W8Ew6AyEoaCUf_JKVLEm3a7_EqUCxm_UDX4aWSS8Go_AYvL,麻辣肉包,特辣曹氏鸭脖配火鸡面来噜 好久没吃曹氏配火鸡面蓝，好吃的嘿嘿嘿#美食趣胃计划 #曹氏鸭脖 #火鸡面,1773997200,169180,4,118468,1676,52629,3787,0,"[""https://p3-pc-sign.douyinpic.com/image-cut-tos/d234ae95d80df924bef6d10839063f54~tplv-dy-resize-origshort-autoq-75:330.jpeg?lk3s=138a59ce&x-expires=2093500800&x-signature=Q8xj3uvqhFl3rHUtFMxvbUI%2F8IU%3D&from=327834062&s=PackSourceEnum_WEBPC_RELATED_AWEME&se=false&sc=cover&biz_tag=pcweb_cover&l=20260507165447FD6AED8ABB12141040A1"", ""https://p9-pc-sign.douyinpic.com/image-cut-tos/d234ae95d80df924bef6d10839063f54~tplv-dy-resize-origshort-autoq-75:330.jpeg?lk3s=138a59ce&x-expires=2093500800&x-signature=JdEHcQ8rBml1SLWnTN6HLca09vg%3D&from=327834062&s=PackSourceEnum_WEBPC_RELATED_AWEME&se=false&sc=cover&biz_tag=pcweb_cover&l=20260507165447FD6AED8ABB12141040A1""]",7619071817860303642,@麻辣肉包创作的原声,"[{""caption_end"": 25, ""caption_start"": 18, ""end"": 38, ""hashtag_id"": ""1657693004378126"", ""hashtag_name"": ""美食趣胃计划"", ""is_commerce"": false, ""start"": 31, ""type"": 1}, {""caption_end"": 31, ""caption_start"": 26, ""end"": 44, ""hashtag_id"": ""1621270004698115"", ""hashtag_name"": ""曹氏鸭脖"", ""is_commerce"": true, ""start"": 39, ""type"": 1}, {""caption_end"": 36, ""caption_start"": 32, ""end"": 49, ""hashtag_id"": ""1555244017786881"", ""hashtag_name"": ""火鸡面"", ""is_commerce"": false, ""start"": 45, ""type"": 1}]","[{""level"": 0, ""tag_id"": 0, ""tag_name"": """"}, {""level"": 0, ""tag_id"": 0, ""tag_name"": """"}, {""level"": 0, ""tag_id"": 0, ""tag_name"": """"}]",
7625546845988749440,7614429363823559793,4,2026-05-07T16:54:36.378037,597759309659540,MS4wLjABAAAAhwligH6bFSv5g4MSqUW--iA7OzvaZtzu2wTRyqa3a1k,米糕米糕呀~,黏糊麻辣拌 麻酱多多真香啊 #晒出你们觉得很香的美食 #吃货的世界唯有美食不可辜负 #吃出春天的味道 #舌尖上的享受 #你们想吃吗？舌尖上的味道,1772872490,120767,4,36487,1290,48128,2060,0,"[""https://p9-pc-sign.douyinpic.com/image-cut-tos/0a0f542fa59484a667e14ed5c48b4dc2~tplv-dy-resize-origshort-autoq-75:330.jpeg?lk3s=138a59ce&x-expires=2093500800&x-signature=p5orydulwFts6z1Sd2MZksJSHss%3D&from=327834062&s=PackSourceEnum_WEBPC_RELATED_AWEME&se=false&sc=cover&biz_tag=pcweb_cover&l=20260507165447FD6AED8ABB12141040A1"", ""https://p3-pc-sign.douyinpic.com/image-cut-tos/0a0f542fa59484a667e14ed5c48b4dc2~tplv-dy-resize-origshort-autoq-75:330.jpeg?lk3s=138a59ce&x-expires=2093500800&x-signature=D9%2Bmt93MFjOHkul8OKVt9Rg4ALA%3D&from=327834062&s=PackSourceEnum_WEBPC_RELATED_AWEME&se=false&sc=cover&biz_tag=pcweb_cover&l=20260507165447FD6AED8ABB12141040A1""]",7614429375403920169,@米糕米糕呀~创作的原声,"[{""caption_end"": 12, ""caption_start"": 0, ""end"": 26, ""hashtag_id"": ""1768035289657357"", ""hashtag_name"": ""晒出你们觉得很香的美食"", ""is_commerce"": false, ""start"": 14, ""type"": 1}, {""caption_end"": 27, ""caption_start"": 13, ""end"": 41, ""hashtag_id"": ""1767587342979080"", ""hashtag_name"": ""吃货的世界唯有美食不可辜负"", ""is_commerce"": false, ""start"": 27, ""type"": 1}, {""caption_end"": 36, ""caption_start"": 28, ""end"": 50, ""hashtag_id"": ""1661776962834435"", ""hashtag_name"": ""吃出春天的味道"", ""is_commerce"": false, ""start"": 42, ""type"": 1}, {""caption_end"": 44, ""caption_start"": 37, ""end"": 58, ""hashtag_id"": ""1632668781701133"", ""hashtag_name"": ""舌尖上的享受"", ""is_commerce"": false, ""start"": 51, ""type"": 1}, {""caption_end"": 51, ""caption_start"": 45, ""end"": 65, ""hashtag_id"": ""1607377838343175"", ""hashtag_name"": ""你们想吃吗"", ""is_commerce"": false, ""start"": 59, ""type"": 1}]","[{""level"": 1, ""tag_id"": 2001, ""tag_name"": ""美食""}, {""level"": 2, ""tag_id"": 2001005, ""tag_name"": ""吃播""}, {""level"": 3, ""tag_id"": 2001005002, ""tag_name"": ""普通吃播""}]",
7625546845988749440,7634440362135801138,5,2026-05-07T16:54:36.378037,2247882273203367,MS4wLjABAAAA5fcpGxwhzGtCS_OP-W8Ew6AyEoaCUf_JKVLEm3a7_EqUCxm_UDX4aWSS8Go_AYvL,麻辣肉包,辣辣辣三重奏来咯 曹氏鸭脖配鬼椒面和缺牙齿真的很好恰嘎嘎嘎嘎#美食趣胃计划 #曹氏鸭脖 #鬼椒面 #缺牙齿,1777539600,175217,4,87931,1482,31456,2989,0,"[""https://p3-pc-sign.douyinpic.com/image-cut-tos-priv/633ff983683e749bad73a47a725e3503~tplv-dy-resize-origshort-autoq-75:330.jpeg?lk3s=138a59ce&x-expires=2093500800&x-signature=rpatdiOOPDHRzbREh%2BbiVpZoHRY%3D&from=327834062&s=PackSourceEnum_WEBPC_RELATED_AWEME&se=false&sc=cover&biz_tag=pcweb_cover&l=20260507165447FD6AED8ABB12141040A1"", ""https://p9-pc-sign.douyinpic.com/image-cut-tos-priv/633ff983683e749bad73a47a725e3503~tplv-dy-resize-origshort-autoq-75:330.jpeg?lk3s=138a59ce&x-expires=2093500800&x-signature=CARHU6ED3KOdG8kavBEnZ9J5rzc%3D&from=327834062&s=PackSourceEnum_WEBPC_RELATED_AWEME&se=false&sc=cover&biz_tag=pcweb_cover&l=20260507165447FD6AED8ABB12141040A1""]",7634440343886252854,@麻辣肉包创作的原声,"[{""caption_end"": 28, ""caption_start"": 21, ""end"": 37, ""hashtag_id"": ""1657693004378126"", ""hashtag_name"": ""美食趣胃计划"", ""is_commerce"": false, ""start"": 30, ""type"": 1}, {""caption_end"": 34, ""caption_start"": 29, ""end"": 43, ""hashtag_id"": ""1621270004698115"", ""hashtag_name"": ""曹氏鸭脖"", ""is_commerce"": true, ""start"": 38, ""type"": 1}, {""caption_end"": 39, ""caption_start"": 35, ""end"": 48, ""hashtag_id"": ""1650454326155267"", ""hashtag_name"": ""鬼椒面"", ""is_commerce"": false, ""start"": 44, ""type"": 1}, {""caption_end"": 44, ""caption_start"": 40, ""end"": 53, ""hashtag_id"": ""1590497096964103"", ""hashtag_name"": ""缺牙齿"", ""is_commerce"": false, ""start"": 49, ""type"": 1}]","[{""level"": 1, ""tag_id"": 2001, ""tag_name"": ""美食""}, {""level"": 2, ""tag_id"": 2001005, ""tag_name"": ""吃播""}, {""level"": 3, ""tag_id"": 2001005002, ""tag_name"": ""普通吃播""}]",
7625546845988749440,7616323294672817448,6,2026-05-07T16:54:36.378037,2458952711277975,MS4wLjABAAAAs9RTuqElb2ZKx65fBS5r618i7Z8nLTOF6MFyJPJ_VqlOn_95lU2jNATkTG5457e-,文福姬Eat with Boki,辣味胡椒芝士拉面配鸡蛋午餐肉紫菜包饭吃播 ASMR ,1773313472,419724,4,60603,807,34649,2579,0,"[""https://p3-pc-sign.douyinpic.com/image-cut-tos/bd70ffd05a7cde04fb3ff7e464d1257a~tplv-dy-resize-origshort-autoq-75:330.jpeg?lk3s=138a59ce&x-expires=2093500800&x-signature=kHQ97cc2G158ZfQJb2RGTi%2Bmb7o%3D&from=327834062&s=PackSourceEnum_WEBPC_RELATED_AWEME&se=false&sc=cover&biz_tag=pcweb_cover&l=20260507165447FD6AED8ABB12141040A1"", ""https://p9-pc-sign.douyinpic.com/image-cut-tos/bd70ffd05a7cde04fb3ff7e464d1257a~tplv-dy-resize-origshort-autoq-75:330.jpeg?lk3s=138a59ce&x-expires=2093500800&x-signature=zMOf6%2Fi%2Fqz9hr039%2F2xmiX3WKqI%3D&from=327834062&s=PackSourceEnum_WEBPC_RELATED_AWEME&se=false&sc=cover&biz_tag=pcweb_cover&l=20260507165447FD6AED8ABB12141040A1""]",7616323304341244708,@文福姬Eat with Boki创作的原声,,"[{""level"": 1, ""tag_id"": 2001, ""tag_name"": ""美食""}, {""level"": 2, ""tag_id"": 2001005, ""tag_name"": ""吃播""}, {""level"": 3, ""tag_id"": 2001005002, ""tag_name"": ""普通吃播""}]",
7625546845988749440,7613359917076908617,7,2026-05-07T16:54:36.378037,60814268170,MS4wLjABAAAABzDZMCgdAXYd0bfems_PvEuyUYViQL5XBjX9CJ5ugko,爱吃呀菲菲,#刘文祥 #紫薯精 #吃货的世界唯有美食不可辜负 #舌尖上的享受 #最dou吃货季 也是吃上刘文祥麻辣烫了,1772624548,333577,4,7121,183,1212,830,0,"[""https://p3-pc-sign.douyinpic.com/image-cut-tos/ab916b3f4ec0316de52cf4aedffd8455~tplv-dy-resize-origshort-autoq-75:330.jpeg?lk3s=138a59ce&x-expires=2093500800&x-signature=WlfLt6GT3TpIxWtZtKdO5KwV06o%3D&from=327834062&s=PackSourceEnum_WEBPC_RELATED_AWEME&se=false&sc=cover&biz_tag=pcweb_cover&l=20260507165447FD6AED8ABB12141040A1"", ""https://p9-pc-sign.douyinpic.com/image-cut-tos/ab916b3f4ec0316de52cf4aedffd8455~tplv-dy-resize-origshort-autoq-75:330.jpeg?lk3s=138a59ce&x-expires=2093500800&x-signature=YpxStkrVXrO0Oh%2BwCluSX9vuHY4%3D&from=327834062&s=PackSourceEnum_WEBPC_RELATED_AWEME&se=false&sc=cover&biz_tag=pcweb_cover&l=20260507165447FD6AED8ABB12141040A1""]",7485952314470058789,@糖糖请健身创作的原声,"[{""caption_end"": 4, ""caption_start"": 0, ""end"": 4, ""hashtag_id"": ""1613676840818692"", ""hashtag_name"": ""刘文祥"", ""is_commerce"": false, ""start"": 0, ""type"": 1}, {""caption_end"": 9, ""caption_start"": 5, ""end"": 9, ""hashtag_id"": ""1622514228891678"", ""hashtag_name"": ""紫薯精"", ""is_commerce"": false, ""start"": 5, ""type"": 1}, {""caption_end"": 24, ""caption_start"": 10, ""end"": 24, ""hashtag_id"": ""1767587342979080"", ""hashtag_name"": ""吃货的世界唯有美食不可辜负"", ""is_commerce"": false, ""start"": 10, ""type"": 1}, {""caption_end"": 32, ""caption_start"": 25, ""end"": 32, ""hashtag_id"": ""1632668781701133"", ""hashtag_name"": ""舌尖上的享受"", ""is_commerce"": false, ""start"": 25, ""type"": 1}, {""caption_end"": 41, ""caption_start"": 33, ""end"": 41, ""hashtag_id"": ""1661925694247940"", ""hashtag_name"": ""最dou吃货季"", ""is_commerce"": false, ""start"": 33, ""type"": 1}]","[{""level"": 1, ""tag_id"": 2001, ""tag_name"": ""美食""}, {""level"": 2, ""tag_id"": 2001005, ""tag_name"": ""吃播""}, {""level"": 3, ""tag_id"": 2001005002, ""tag_name"": ""普通吃播""}]",
7625546845988749440,7607046092970052883,8,2026-05-07T16:54:36.378037,2458952711277975,MS4wLjABAAAAs9RTuqElb2ZKx65fBS5r618i7Z8nLTOF6MFyJPJ_VqlOn_95lU2jNATkTG5457e-,文福姬Eat with Boki,（抖音版）辣麻辣烫配香脆麻辣串吃播 ASMR ,1771153577,810750,4,36298,426,9073,1988,0,"[""https://p3-pc-sign.douyinpic.com/image-cut-tos/3cfbcf31e0dc240beefd8e3d37d8c4a7~tplv-dy-resize-origshort-autoq-75:330.jpeg?lk3s=138a59ce&x-expires=2093500800&x-signature=Dn2ocw6KlUS8IqWLcxKLvEW4Xbs%3D&from=327834062&s=PackSourceEnum_WEBPC_RELATED_AWEME&se=false&sc=cover&biz_tag=pcweb_cover&l=20260507165447FD6AED8ABB12141040A1"", ""https://p9-pc-sign.douyinpic.com/image-cut-tos/3cfbcf31e0dc240beefd8e3d37d8c4a7~tplv-dy-resize-origshort-autoq-75:330.jpeg?lk3s=138a59ce&x-expires=2093500800&x-signature=vDDUBZal5RVT1oaCEyEG863s8AY%3D&from=327834062&s=PackSourceEnum_WEBPC_RELATED_AWEME&se=false&sc=cover&biz_tag=pcweb_cover&l=20260507165447FD6AED8ABB12141040A1""]",7607046931138874139,@文福姬Eat with Boki创作的原声,,"[{""level"": 1, ""tag_id"": 2001, ""tag_name"": ""美食""}, {""level"": 2, ""tag_id"": 2001005, ""tag_name"": ""吃播""}, {""level"": 3, ""tag_id"": 2001005002, ""tag_name"": ""普通吃播""}]",
7625546845988749440,7610311316166757632,9,2026-05-07T16:54:36.378037,2247882273203367,MS4wLjABAAAA5fcpGxwhzGtCS_OP-W8Ew6AyEoaCUf_JKVLEm3a7_EqUCxm_UDX4aWSS8Go_AYvL,麻辣肉包,热乎曹氏汤泡饭来噜～ 过年吃多了家常菜就想念这一口，热热乎乎辣辣得太喜欢鸟#美食趣胃计划 #曹氏鸭脖 #汤泡饭,1771923600,236751,4,206819,4274,90462,7688,0,"[""https://p3-pc-sign.douyinpic.com/image-cut-tos/9ff1ec42e1c90e4c08f1691317561524~tplv-dy-resize-origshort-autoq-75:330.jpeg?lk3s=138a59ce&x-expires=2093500800&x-signature=NHzGm1Ali6%2BGOSh5ZgrGRXY4Xj4%3D&from=327834062&s=PackSourceEnum_WEBPC_RELATED_AWEME&se=false&sc=cover&biz_tag=pcweb_cover&l=20260507165447FD6AED8ABB12141040A1"", ""https://p9-pc-sign.douyinpic.com/image-cut-tos/9ff1ec42e1c90e4c08f1691317561524~tplv-dy-resize-origshort-autoq-75:330.jpeg?lk3s=138a59ce&x-expires=2093500800&x-signature=tL1mFudluKGs0IXZ9oh9kQ5rpUU%3D&from=327834062&s=PackSourceEnum_WEBPC_RELATED_AWEME&se=false&sc=cover&biz_tag=pcweb_cover&l=20260507165447FD6AED8ABB12141040A1""]",7610311570119265062,@麻辣肉包创作的原声,"[{""caption_end"": 33, ""caption_start"": 26, ""end"": 44, ""hashtag_id"": ""1657693004378126"", ""hashtag_name"": ""美食趣胃计划"", ""is_commerce"": false, ""start"": 37, ""type"": 1}, {""caption_end"": 39, ""caption_start"": 34, ""end"": 50, ""hashtag_id"": ""1621270004698115"", ""hashtag_name"": ""曹氏鸭脖"", ""is_commerce"": true, ""start"": 45, ""type"": 1}, {""caption_end"": 44, ""caption_start"": 40, ""end"": 55, ""hashtag_id"": ""1609121570244680"", ""hashtag_name"": ""汤泡饭"", ""is_commerce"": false, ""start"": 51, ""type"": 1}, {""caption_end"": 0, ""caption_start"": 0, ""end"": 0, ""search_query_id"": ""6939135220013258023"", ""search_text"": ""曹氏汤泡饭"", ""start"": 0, ""type"": 5}]","[{""level"": 1, ""tag_id"": 2001, ""tag_name"": ""美食""}, {""level"": 2, ""tag_id"": 2001005, ""tag_name"": ""吃播""}, {""level"": 3, ""tag_id"": 2001005002, ""tag_name"": ""普通吃播""}]",
7625983892776400448,7608971859098422578,0,2026-05-07T16:54:57.471495,817631943473438,MS4wLjABAAAA2fXjX3vSuosuP7oetof_4LgVyoxOkjP1gw2q_vzjGDE,潇潇国内游,走进贵州何应钦旧居 #春节旅行好去处 #交换世界计划 #分享我的旅行回忆  #超好玩指南  #吹爆美好目的地,1771808520,210667,4,4109,246,481,820,0,"[""https://p3-pc-sign.douyinpic.com/image-cut-tos/feaaf48ed25fb99915cb6e0aea584d1c~tplv-dy-resize-origshort-autoq-75:330.jpeg?lk3s=138a59ce&x-expires=2093500800&x-signature=NBQN74aFWEaczu%2Bx6NZiyz1Hm70%3D&from=327834062&s=PackSourceEnum_WEBPC_RELATED_AWEME&se=false&sc=cover&biz_tag=pcweb_cover&l=20260507165508D234BD38617EFF2C41B5"", ""https://p9-pc-sign.douyinpic.com/image-cut-tos/feaaf48ed25fb99915cb6e0aea584d1c~tplv-dy-resize-origshort-autoq-75:330.jpeg?lk3s=138a59ce&x-expires=2093500800&x-signature=Xek6yPBxSxSFixD%2Fd4wManZhuzw%3D&from=327834062&s=PackSourceEnum_WEBPC_RELATED_AWEME&se=false&sc=cover&biz_tag=pcweb_cover&l=20260507165508D234BD38617EFF2C41B5""]",7608972497132227355,@潇潇国内游创作的原声,"[{""caption_end"": 8, ""caption_start"": 0, ""end"": 18, ""hashtag_id"": ""1755271491637262"", ""hashtag_name"": ""春节旅行好去处"", ""is_commerce"": false, ""start"": 10, ""type"": 1}, {""caption_end"": 16, ""caption_start"": 9, ""end"": 26, ""hashtag_id"": ""1788224080892938"", ""hashtag_name"": ""交换世界计划"", ""is_commerce"": false, ""start"": 19, ""type"": 1}, {""caption_end"": 26, ""caption_start"": 17, ""end"": 36, ""hashtag_id"": ""7583817077786413083"", ""hashtag_name"": ""分享我的旅行回忆"", ""is_commerce"": false, ""start"": 27, ""type"": 1}, {""caption_end"": 34, ""caption_start"": 28, ""end"": 44, ""hashtag_id"": ""1744656000629772"", ""hashtag_name"": ""超好玩指南"", ""is_commerce"": false, ""start"": 38, ""type"": 1}, {""caption_end"": 44, ""caption_start"": 36, ""end"": 54, ""hashtag_id"": ""7371285121616087066"", ""hashtag_name"": ""吹爆美好目的地"", ""is_commerce"": true, ""start"": 46, ""type"": 1}]","[{""level"": 1, ""tag_id"": 2028, ""tag_name"": ""旅游""}, {""level"": 2, ""tag_id"": 2028005, ""tag_name"": ""导游""}, {""level"": 0, ""tag_id"": 0, ""tag_name"": """"}]",贵州兴义的何家大院是何应钦的家乡，院子里刻有1945年日本降书的内容。何应钦曾是蒋介石的左膀右臂，但在1927年和1936年背刺蒋介石。1945年，他在接受日本降书时弯腰的举动引发争议，至今仍被人诟病。
7625983892776400448,7605585192850504564,1,2026-05-07T16:54:57.471495,75258990327,MS4wLjABAAAAh6E3m_898_WgJ_XMoO9HoGvTom4I6fTis9FguZo3nvQ,张笑笑,"泸州宜宾周边游 来这里真的很不错#兴文石海
#跟着春晚游宜宾#僰人文化#宜宾好玩的地方推荐
#宜宾周边游",1770813298,261233,4,3661,85,591,383,0,"[""https://p3-pc-sign.douyinpic.com/image-cut-tos/83b66d32d7c6c534a217f654023a51c5~tplv-dy-resize-origshort-autoq-75:330.jpeg?lk3s=138a59ce&x-expires=2093500800&x-signature=pKfhx69gKTFgdWeWZi2kmyBxXz4%3D&from=327834062&s=PackSourceEnum_WEBPC_RELATED_AWEME&se=false&sc=cover&biz_tag=pcweb_cover&l=20260507165508D234BD38617EFF2C41B5"", ""https://p9-pc-sign.douyinpic.com/image-cut-tos/83b66d32d7c6c534a217f654023a51c5~tplv-dy-resize-origshort-autoq-75:330.jpeg?lk3s=138a59ce&x-expires=2093500800&x-signature=2MjZRuwFxXBEyh66sKwcSAUWyXo%3D&from=327834062&s=PackSourceEnum_WEBPC_RELATED_AWEME&se=false&sc=cover&biz_tag=pcweb_cover&l=20260507165508D234BD38617EFF2C41B5""]",7605585116517255962,@张笑笑创作的原声,"[{""caption_end"": 21, ""caption_start"": 16, ""end"": 21, ""hashtag_id"": ""1592645869535261"", ""hashtag_name"": ""兴文石海"", ""is_commerce"": false, ""start"": 16, ""type"": 1}, {""caption_end"": 30, ""caption_start"": 22, ""end"": 30, ""hashtag_id"": ""1778535252594692"", ""hashtag_name"": ""跟着春晚游宜宾"", ""is_commerce"": false, ""start"": 22, ""type"": 1}, {""caption_end"": 35, ""caption_start"": 30, ""end"": 35, ""hashtag_id"": ""1698726784541709"", ""hashtag_name"": ""僰人文化"", ""is_commerce"": false, ""start"": 30, ""type"": 1}, {""caption_end"": 45, ""caption_start"": 35, ""end"": 45, ""hashtag_id"": ""1666834611058695"", ""hashtag_name"": ""宜宾好玩的地方推荐"", ""is_commerce"": false, ""start"": 35, ""type"": 1}, {""caption_end"": 52, ""caption_start"": 46, ""end"": 52, ""hashtag_id"": ""1664923879683080"", ""hashtag_name"": ""宜宾周边游"", ""is_commerce"": false, ""start"": 46, ""type"": 1}]","[{""level"": 1, ""tag_id"": 2028, ""tag_name"": ""旅游""}, {""level"": 2, ""tag_id"": 2028002, ""tag_name"": ""旅行攻略""}, {""level"": 0, ""tag_id"": 0, ""tag_name"": """"}]",
7625983892776400448,7627336765799969777,2,2026-05-07T16:54:57.471495,84838290602,MS4wLjABAAAAAqcm4VkkFYQLic5RKkMScAG0zXJpHsYRgxqp3NPG6nc,简单•生活,体验重庆，重庆值得！ #抖音看世界 #vlog日常,1775877729,358353,4,74260,3748,2832,2421,0,"[""https://p3-pc-sign.douyinpic.com/image-cut-tos/5450f6c689817fc0a74ef07aca8eb25c~tplv-dy-resize-origshort-autoq-75:330.jpeg?lk3s=138a59ce&x-expires=2093500800&x-signature=7pQX%2F%2BMgVjAs361WA6Fi7UVWHO0%3D&from=327834062&s=PackSourceEnum_WEBPC_RELATED_AWEME&se=false&sc=cover&biz_tag=pcweb_cover&l=20260507165508D234BD38617EFF2C41B5"", ""https://p9-pc-sign.douyinpic.com/image-cut-tos/5450f6c689817fc0a74ef07aca8eb25c~tplv-dy-resize-origshort-autoq-75:330.jpeg?lk3s=138a59ce&x-expires=2093500800&x-signature=lu17iizp9wPCCCZ8EIVzH6Xm4zQ%3D&from=327834062&s=PackSourceEnum_WEBPC_RELATED_AWEME&se=false&sc=cover&biz_tag=pcweb_cover&l=20260507165508D234BD38617EFF2C41B5""]",7627336735797676827,@简单•生活创作的原声,"[{""caption_end"": 17, ""caption_start"": 11, ""end"": 17, ""hashtag_id"": ""1592105178325012"", ""hashtag_name"": ""抖音看世界"", ""is_commerce"": false, ""start"": 11, ""type"": 1}, {""caption_end"": 25, ""caption_start"": 18, ""end"": 25, ""hashtag_id"": ""7419051797869758527"", ""hashtag_name"": ""vlog日常"", ""is_commerce"": false, ""start"": 18, ""type"": 1}]","[{""level"": 1, ""tag_id"": 2029, ""tag_name"": ""随拍""}, {""level"": 2, ""tag_id"": 2029003, ""tag_name"": ""生活记录""}, {""level"": 3, ""tag_id"": 2029003001, ""tag_name"": ""日常vlog""}]",
7625983892776400448,7625222835841718394,3,2026-05-07T16:54:57.471495,72471959571,MS4wLjABAAAAwdxHf-BD7xslWiVCRlK0StwZePtUpXZckesRdpxGGJI,小博今天吃什么,逃离西安之紫阳两日游！把时间归还江水的陕南烟火小城。 #周边游 #为家乡美食打call #大好河山一起打卡 #陕西美好推荐官 #旅游攻略,1775385541,311867,4,10784,532,9356,6460,0,"[""https://p3-pc-sign.douyinpic.com/image-cut-tos/ac5e16a1ab332045ba5ff7c79c0b3998~tplv-dy-resize-origshort-autoq-75:330.jpeg?lk3s=138a59ce&x-expires=2093500800&x-signature=Pr4HE%2BFmooy5ZSF29RvdgU2aCSs%3D&from=327834062&s=PackSourceEnum_WEBPC_RELATED_AWEME&se=false&sc=cover&biz_tag=pcweb_cover&l=20260507165508D234BD38617EFF2C41B5"", ""https://p9-pc-sign.douyinpic.com/image-cut-tos/ac5e16a1ab332045ba5ff7c79c0b3998~tplv-dy-resize-origshort-autoq-75:330.jpeg?lk3s=138a59ce&x-expires=2093500800&x-signature=tLz7PUTqJVzpUpIAC0hihGdvyfU%3D&from=327834062&s=PackSourceEnum_WEBPC_RELATED_AWEME&se=false&sc=cover&biz_tag=pcweb_cover&l=20260507165508D234BD38617EFF2C41B5""]",7625222790202919731,@小博今天吃什么创作的原声,"[{""caption_end"": 4, ""caption_start"": 0, ""end"": 31, ""hashtag_id"": ""1591271851009028"", ""hashtag_name"": ""周边游"", ""is_commerce"": false, ""start"": 27, ""type"": 1}, {""caption_end"": 16, ""caption_start"": 5, ""end"": 43, ""hashtag_id"": ""1629748249648140"", ""hashtag_name"": ""为家乡美食打call"", ""is_commerce"": false, ""start"": 32, ""type"": 1}, {""caption_end"": 26, ""caption_start"": 17, ""end"": 53, ""hashtag_id"": ""1664595038319628"", ""hashtag_name"": ""大好河山一起打卡"", ""is_commerce"": false, ""start"": 44, ""type"": 1}, {""caption_end"": 35, ""caption_start"": 27, ""end"": 62, ""hashtag_id"": ""1678058435500040"", ""hashtag_name"": ""陕西美好推荐官"", ""is_commerce"": false, ""start"": 54, ""type"": 1}, {""caption_end"": 41, ""caption_start"": 36, ""end"": 68, ""hashtag_id"": ""1593028994741251"", ""hashtag_name"": ""旅游攻略"", ""is_commerce"": false, ""start"": 63, ""type"": 1}]","[{""level"": 1, ""tag_id"": 2028, ""tag_name"": ""旅游""}, {""level"": 2, ""tag_id"": 2028002, ""tag_name"": ""旅行攻略""}, {""level"": 0, ""tag_id"": 0, ""tag_name"": """"}]",
7625983892776400448,7611193876077890851,4,2026-05-07T16:54:57.471495,1700296261380948,MS4wLjABAAAAo7POP3Pb8VjTJfehdmeP-vjh0wC6p2S3szvyNjVfPorBKwzoohljdwORL-TyfbLT,地域说美食,这是全国只有一个地方才能吃到的非遗火锅，想吃到它，必须提前 3小时。就算在宜宾18个县市，它也只在高县扎根，别的地方想抄都抄不来。它的灵魂，跟底料、蘸水半毛钱关系没有，全在这口看着土得掉渣，实则藏着大讲究的锅，#美食 #四川美食 #土火锅 #舌尖上的美食 #青年创作者成长计划,1772187300,172200,4,4324,385,1275,1700,0,"[""https://p3-pc-sign.douyinpic.com/image-cut-tos/3d8bf2a8b987a1df35350887592ac778~tplv-dy-resize-origshort-autoq-75:330.jpeg?lk3s=138a59ce&x-expires=2093500800&x-signature=SP8CsDETdV7LAWyVqHTfGTmwCo8%3D&from=327834062&s=PackSourceEnum_WEBPC_RELATED_AWEME&se=false&sc=cover&biz_tag=pcweb_cover&l=20260507165508D234BD38617EFF2C41B5"", ""https://p9-pc-sign.douyinpic.com/image-cut-tos/3d8bf2a8b987a1df35350887592ac778~tplv-dy-resize-origshort-autoq-75:330.jpeg?lk3s=138a59ce&x-expires=2093500800&x-signature=hVyCD%2FEdDeV%2Bigjch2ydiv5%2BDE0%3D&from=327834062&s=PackSourceEnum_WEBPC_RELATED_AWEME&se=false&sc=cover&biz_tag=pcweb_cover&l=20260507165508D234BD38617EFF2C41B5""]",7611193908755712774,@地域说美食创作的原声,"[{""caption_end"": 78, ""caption_start"": 75, ""end"": 108, ""hashtag_id"": ""1767586897793101"", ""hashtag_name"": ""美食"", ""is_commerce"": false, ""start"": 105, ""type"": 1}, {""caption_end"": 84, ""caption_start"": 79, ""end"": 114, ""hashtag_id"": ""1666307113598983"", ""hashtag_name"": ""四川美食"", ""is_commerce"": false, ""start"": 109, ""type"": 1}, {""caption_end"": 89, ""caption_start"": 85, ""end"": 119, ""hashtag_id"": ""1583409627639821"", ""hashtag_name"": ""土火锅"", ""is_commerce"": false, ""start"": 115, ""type"": 1}, {""caption_end"": 97, ""caption_start"": 90, ""end"": 127, ""hashtag_id"": ""1568521550171138"", ""hashtag_name"": ""舌尖上的美食"", ""is_commerce"": false, ""start"": 120, ""type"": 1}, {""caption_end"": 108, ""caption_start"": 98, ""end"": 138, ""hashtag_id"": ""7529832653680281615"", ""hashtag_name"": ""青年创作者成长计划"", ""is_commerce"": false, ""start"": 128, ""type"": 1}]","[{""level"": 1, ""tag_id"": 2001, ""tag_name"": ""美食""}, {""level"": 2, ""tag_id"": 2001003, ""tag_name"": ""美食探店""}, {""level"": 3, ""tag_id"": 2001003001, ""tag_name"": ""餐厅探店""}]",
7625983892776400448,7634436932382051638,5,2026-05-07T16:54:57.471495,109544807228,MS4wLjABAAAA9mIMGMnmOr1lmaAjVtQn2s_s32vHichs4kzMm_m5yzw,鱼的七点钟,"一脚踏三省，沈从文笔下的《边城》，我来了 五一节假日自驾出游！错峰出行来这里也是一个好选择！
1. 怎么去：导航 “茶峒古镇” 。
2. 住宿：古镇里面的民宿
3. 行程路线：湖南-茶峒古镇 重庆-洪安古镇 贵州
美食：带皮牛肉粉、米豆腐（强推！！）、油粑粑、重庆火锅、贵州酸汤鱼、
如果你也想找一个性价比超高、又不挤人的小城，这里，真的值得你来一次。
 #随时随地标记一下  #五一出游 #自驾游 #边城 #茶峒古镇",1777541880,230567,4,844,112,1365,568,0,"[""https://p3-pc-sign.douyinpic.com/image-cut-tos-priv/19662228556b6d6ebce0cdfbc1899257~tplv-dy-resize-origshort-autoq-75:330.jpeg?lk3s=138a59ce&x-expires=2093500800&x-signature=bxgHp%2FqxTagz8qPoE9V1nmur6vE%3D&from=327834062&s=PackSourceEnum_WEBPC_RELATED_AWEME&se=false&sc=cover&biz_tag=pcweb_cover&l=20260507165508D234BD38617EFF2C41B5"", ""https://p9-pc-sign.douyinpic.com/image-cut-tos-priv/19662228556b6d6ebce0cdfbc1899257~tplv-dy-resize-origshort-autoq-75:330.jpeg?lk3s=138a59ce&x-expires=2093500800&x-signature=%2BJ6x7wwc0wjAZH%2F0VsS2Mg6t%2FKo%3D&from=327834062&s=PackSourceEnum_WEBPC_RELATED_AWEME&se=false&sc=cover&biz_tag=pcweb_cover&l=20260507165508D234BD38617EFF2C41B5""]",7634436949696563977,@鱼的七点钟创作的原声,"[{""caption_end"": 166, ""caption_start"": 157, ""end"": 187, ""hashtag_id"": ""7537639920584624191"", ""hashtag_name"": ""随时随地标记一下"", ""is_commerce"": false, ""start"": 178, ""type"": 1}, {""caption_end"": 173, ""caption_start"": 168, ""end"": 194, ""hashtag_id"": ""1565977221349378"", ""hashtag_name"": ""五一出游"", ""is_commerce"": false, ""start"": 189, ""type"": 1}, {""caption_end"": 178, ""caption_start"": 174, ""end"": 199, ""hashtag_id"": ""1563580466123777"", ""hashtag_name"": ""自驾游"", ""is_commerce"": false, ""start"": 195, ""type"": 1}, {""caption_end"": 182, ""caption_start"": 179, ""end"": 203, ""hashtag_id"": ""1767586573345799"", ""hashtag_name"": ""边城"", ""is_commerce"": false, ""start"": 200, ""type"": 1}, {""caption_end"": 188, ""caption_start"": 183, ""end"": 209, ""hashtag_id"": ""1611106263546899"", ""hashtag_name"": ""茶峒古镇"", ""is_commerce"": false, ""start"": 204, ""type"": 1}]","[{""level"": 1, ""tag_id"": 2028, ""tag_name"": ""旅游""}, {""level"": 2, ""tag_id"": 2028002, ""tag_name"": ""旅行攻略""}, {""level"": 0, ""tag_id"": 0, ""tag_name"": """"}]",沈从文笔下的《边城》位于湖南、重庆、贵州三省交界处，游客可自驾前往，品尝三省美食，游览茶峒古镇、翠翠居、白塔等景点，乘坐拉拉渡、游船，欣赏夜景。边城商业化程度不高，物价较低，适合寻找性价比高且不拥挤的旅游目的地的游客。
7625983892776400448,7633390534396669681,6,2026-05-07T16:54:57.471495,3754175541808924,MS4wLjABAAAAPakm3x_TPnOKfSNX2z3NErDlRWVNqW0RUWWjgAAqVNf4JnHcAwn_5Vbmc9T0PZmu,袁尘,一个人玩遍中国～自贡！ 自贡的鼎鼎大名早有耳闻，今天终于来到了这座城市，没想到这里竟然有这么多好吃的好玩的，快来看看我都玩了些什么吧！#自贡#超会玩派对#蜀里有劲#川超雄起劲酒huo起#劲在盐都,1777287232,572834,4,9505,1931,2856,1035,0,"[""https://p3-pc-sign.douyinpic.com/image-cut-tos/a7ffe541b6c2c66c1fe7bbb3a5eade07~tplv-dy-resize-origshort-autoq-75:330.jpeg?lk3s=138a59ce&x-expires=2093500800&x-signature=3m4MKpONjWAA%2Furx4DGB3TMtBVU%3D&from=327834062&s=PackSourceEnum_WEBPC_RELATED_AWEME&se=false&sc=cover&biz_tag=pcweb_cover&l=20260507165508D234BD38617EFF2C41B5"", ""https://p9-pc-sign.douyinpic.com/image-cut-tos/a7ffe541b6c2c66c1fe7bbb3a5eade07~tplv-dy-resize-origshort-autoq-75:330.jpeg?lk3s=138a59ce&x-expires=2093500800&x-signature=SudYrA1dGStmN1QRLuZtSHV9TNc%3D&from=327834062&s=PackSourceEnum_WEBPC_RELATED_AWEME&se=false&sc=cover&biz_tag=pcweb_cover&l=20260507165508D234BD38617EFF2C41B5""]",7633390659163949875,@袁尘创作的原声,"[{""caption_end"": 58, ""caption_start"": 55, ""end"": 70, ""hashtag_id"": ""1574523516145677"", ""hashtag_name"": ""自贡"", ""is_commerce"": false, ""start"": 67, ""type"": 1}, {""caption_end"": 64, ""caption_start"": 58, ""end"": 76, ""hashtag_id"": ""7505114170086393891"", ""hashtag_name"": ""超会玩派对"", ""is_commerce"": false, ""start"": 70, ""type"": 1}, {""caption_end"": 69, ""caption_start"": 64, ""end"": 81, ""hashtag_id"": ""1750452635925515"", ""hashtag_name"": ""蜀里有劲"", ""is_commerce"": false, ""start"": 76, ""type"": 1}, {""caption_end"": 80, ""caption_start"": 69, ""end"": 92, ""hashtag_id"": ""7559441334759589928"", ""hashtag_name"": ""川超雄起劲酒huo起"", ""is_commerce"": false, ""start"": 81, ""type"": 1}, {""caption_end"": 85, ""caption_start"": 80, ""end"": 97, ""hashtag_id"": ""7615537586085300266"", ""hashtag_name"": ""劲在盐都"", ""is_commerce"": false, ""start"": 92, ""type"": 1}]","[{""level"": 1, ""tag_id"": 2028, ""tag_name"": ""旅游""}, {""level"": 2, ""tag_id"": 2028001, ""tag_name"": ""旅行vlog""}, {""level"": 3, ""tag_id"": 2028001002, ""tag_name"": ""旅行随拍""}]",作者独自游览了自贡，品尝了当地美食，参观了中国彩灯博物馆、自贡盐业历史博物馆、桓侯宫、王爷庙、龙凤山公园、平桥瀑布、贡井涂鸦巷、自流井老街和燊海井等景点。作者感受到了自贡的独特魅力，对这座城市留下了深刻印象。
7625983892776400448,7604516590394655433,7,2026-05-07T16:54:57.471495,67135751490,MS4wLjABAAAAxiZNEGNhLCbj86chdnyjIIqe5TuDaZtI3SuoJlqHFG4,🌸肥朵朵🌸,宜昌最美江岸徒步往返路线——西陵画境红溪河。#宜昌 #宜昌游玩攻略 #户外 #登山 #治愈系,1770591600,183600,4,793,108,1140,644,0,"[""https://p3-pc-sign.douyinpic.com/image-cut-tos/eb3e68a15902da7ed595fccb64c69e0c~tplv-dy-resize-origshort-autoq-75:330.jpeg?lk3s=138a59ce&x-expires=2093500800&x-signature=EqeENry57KiCH1WTtmp7SJn3Lj4%3D&from=327834062&s=PackSourceEnum_WEBPC_RELATED_AWEME&se=false&sc=cover&biz_tag=pcweb_cover&l=20260507165508D234BD38617EFF2C41B5"", ""https://p9-pc-sign.douyinpic.com/image-cut-tos/eb3e68a15902da7ed595fccb64c69e0c~tplv-dy-resize-origshort-autoq-75:330.jpeg?lk3s=138a59ce&x-expires=2093500800&x-signature=%2Bgn70dSLrfx1AOvJl22QlAU8gX0%3D&from=327834062&s=PackSourceEnum_WEBPC_RELATED_AWEME&se=false&sc=cover&biz_tag=pcweb_cover&l=20260507165508D234BD38617EFF2C41B5""]",7604516458911386419,@🌸肥朵朵🌸创作的原声,"[{""caption_end"": 25, ""caption_start"": 22, ""end"": 25, ""hashtag_id"": ""1584958986534925"", ""hashtag_name"": ""宜昌"", ""is_commerce"": false, ""start"": 22, ""type"": 1}, {""caption_end"": 33, ""caption_start"": 26, ""end"": 33, ""hashtag_id"": ""1705876668602382"", ""hashtag_name"": ""宜昌游玩攻略"", ""is_commerce"": false, ""start"": 26, ""type"": 1}, {""caption_end"": 37, ""caption_start"": 34, ""end"": 37, ""hashtag_id"": ""1571073586904066"", ""hashtag_name"": ""户外"", ""is_commerce"": false, ""start"": 34, ""type"": 1}, {""caption_end"": 41, ""caption_start"": 38, ""end"": 41, ""hashtag_id"": ""1570596961594370"", ""hashtag_name"": ""登山"", ""is_commerce"": false, ""start"": 38, ""type"": 1}, {""caption_end"": 46, ""caption_start"": 42, ""end"": 46, ""hashtag_id"": ""1551203555277826"", ""hashtag_name"": ""治愈系"", ""is_commerce"": false, ""start"": 42, ""type"": 1}]","[{""level"": 1, ""tag_id"": 2028, ""tag_name"": ""旅游""}, {""level"": 2, ""tag_id"": 2028002, ""tag_name"": ""旅行攻略""}, {""level"": 0, ""tag_id"": 0, ""tag_name"": """"}]",
7625983892776400448,7622196123378187748,8,2026-05-07T16:54:57.471495,3595876437868041,MS4wLjABAAAAJmIIqibGe5KjRf_2-yH8lgFtyi0TDl55_eoxLp1V4jyzNdA4fBWFg-O91FrRCEVF,屿山行,重庆北碚宝藏徒步路线 今天给大家推荐一条江徒步路—北碚野温泉#重庆徒步 #重庆旅游打卡 #北碚美食#北碚吃鱼好店 #鱼司机汽锅鱼,1774680832,358167,4,5269,497,9897,5574,0,"[""https://p3-pc-sign.douyinpic.com/image-cut-tos/6dc96e1480242893dffe6ca952b98faf~tplv-dy-resize-origshort-autoq-75:330.jpeg?lk3s=138a59ce&x-expires=2093500800&x-signature=sOJRY1wbrqK5r%2BzTskpio7fJWCQ%3D&from=327834062&s=PackSourceEnum_WEBPC_RELATED_AWEME&se=false&sc=cover&biz_tag=pcweb_cover&l=20260507165508D234BD38617EFF2C41B5"", ""https://p9-pc-sign.douyinpic.com/image-cut-tos/6dc96e1480242893dffe6ca952b98faf~tplv-dy-resize-origshort-autoq-75:330.jpeg?lk3s=138a59ce&x-expires=2093500800&x-signature=Za4wRo4ZbgHw98GWM%2Bi%2Bfa7SZ9Y%3D&from=327834062&s=PackSourceEnum_WEBPC_RELATED_AWEME&se=false&sc=cover&biz_tag=pcweb_cover&l=20260507165508D234BD38617EFF2C41B5""]",7622196123343670079,@屿山行创作的原声,"[{""caption_end"": 24, ""caption_start"": 19, ""end"": 35, ""hashtag_id"": ""1693678299998215"", ""hashtag_name"": ""重庆徒步"", ""is_commerce"": false, ""start"": 30, ""type"": 1}, {""caption_end"": 32, ""caption_start"": 25, ""end"": 43, ""hashtag_id"": ""1634926247464972"", ""hashtag_name"": ""重庆旅游打卡"", ""is_commerce"": false, ""start"": 36, ""type"": 1}, {""caption_end"": 38, ""caption_start"": 33, ""end"": 49, ""hashtag_id"": ""1623151595032584"", ""hashtag_name"": ""北碚美食"", ""is_commerce"": false, ""start"": 44, ""type"": 1}, {""caption_end"": 45, ""caption_start"": 38, ""end"": 56, ""hashtag_id"": ""7621403969022330915"", ""hashtag_name"": ""北碚吃鱼好店"", ""is_commerce"": false, ""start"": 49, ""type"": 1}, {""caption_end"": 53, ""caption_start"": 46, ""end"": 64, ""hashtag_id"": ""1722669004660739"", ""hashtag_name"": ""鱼司机汽锅鱼"", ""is_commerce"": false, ""start"": 57, ""type"": 1}]","[{""level"": 1, ""tag_id"": 2028, ""tag_name"": ""旅游""}, {""level"": 2, ""tag_id"": 2028002, ""tag_name"": ""旅行攻略""}, {""level"": 0, ""tag_id"": 0, ""tag_name"": """"}]",
7625983892776400448,7606606834758172019,9,2026-05-07T16:54:57.471495,55854060177,MS4wLjABAAAAwNXfMOXn36Hee5SPrSMxKbIqlVY0gzVa3L6hW3WK-V8,重庆白杨,重庆梁平“古驿道”＋“石牛寨”徒步 体验感拉满 最后的梁平美食也很好吃🤩#重庆徒步 #重庆爬山 #低空之城过大年 #解锁重庆梁平年味新玩法 #重庆美好推荐官,1771059600,534900,4,5900,673,3097,1063,0,"[""https://p3-pc-sign.douyinpic.com/image-cut-tos/51a5e9b9fb3208b3960138693b18a778~tplv-dy-resize-origshort-autoq-75:330.jpeg?lk3s=138a59ce&x-expires=2093500800&x-signature=hRobP1IMCj%2FKwO4kmq2c5i8eYF4%3D&from=327834062&s=PackSourceEnum_WEBPC_RELATED_AWEME&se=false&sc=cover&biz_tag=pcweb_cover&l=20260507165508D234BD38617EFF2C41B5"", ""https://p9-pc-sign.douyinpic.com/image-cut-tos/51a5e9b9fb3208b3960138693b18a778~tplv-dy-resize-origshort-autoq-75:330.jpeg?lk3s=138a59ce&x-expires=2093500800&x-signature=3KhCsSzugZuE0RzNyLBRyVZL0ck%3D&from=327834062&s=PackSourceEnum_WEBPC_RELATED_AWEME&se=false&sc=cover&biz_tag=pcweb_cover&l=20260507165508D234BD38617EFF2C41B5""]",7606607044984392483,@重庆白杨创作的原声,"[{""caption_end"": 18, ""caption_start"": 13, ""end"": 42, ""hashtag_id"": ""1693678299998215"", ""hashtag_name"": ""重庆徒步"", ""is_commerce"": false, ""start"": 37, ""type"": 1}, {""caption_end"": 24, ""caption_start"": 19, ""end"": 48, ""hashtag_id"": ""1599010821797891"", ""hashtag_name"": ""重庆爬山"", ""is_commerce"": false, ""start"": 43, ""type"": 1}, {""caption_end"": 33, ""caption_start"": 25, ""end"": 57, ""hashtag_id"": ""7600956177068853274"", ""hashtag_name"": ""低空之城过大年"", ""is_commerce"": false, ""start"": 49, ""type"": 1}, {""caption_end"": 46, ""caption_start"": 34, ""end"": 70, ""hashtag_id"": ""7608074967184115727"", ""hashtag_name"": ""解锁重庆梁平年味新玩法"", ""is_commerce"": false, ""start"": 58, ""type"": 1}, {""caption_end"": 55, ""caption_start"": 47, ""end"": 79, ""hashtag_id"": ""1678058201448455"", ""hashtag_name"": ""重庆美好推荐官"", ""is_commerce"": false, ""start"": 71, ""type"": 1}]","[{""level"": 1, ""tag_id"": 2028, ""tag_name"": ""旅游""}, {""level"": 2, ""tag_id"": 2028002, ""tag_name"": ""旅行攻略""}, {""level"": 0, ""tag_id"": 0, ""tag_name"": """"}]",
7626039783856311604,7624989082107546932,0,2026-05-07T16:55:05.257055,2747040930215811,MS4wLjABAAAAM-O9lB4n0hd8spQf6MSu7HsTw4c26EQhoIRLLBXlYPg2_u_i-n3wntTkBskFdpl-,Ekko,【04加速赛】兰博基尼 Revuelto vs 特斯拉 Model S Plaid#音乐种草计划,1775347200,27115,4,4360,213,372,3189,0,"[""https://p3-pc-sign.douyinpic.com/image-cut-tos-priv/f5e59a5d53c176103b7043b528b4d2ef~tplv-dy-resize-origshort-autoq-75:330.jpeg?lk3s=138a59ce&x-expires=2093500800&x-signature=u2f9rbSZbmYPmrJ3t9G5hvbkCeI%3D&from=327834062&s=PackSourceEnum_WEBPC_RELATED_AWEME&se=false&sc=cover&biz_tag=pcweb_cover&l=20260507165515B74498304302AC31CA6B"", ""https://p9-pc-sign.douyinpic.com/image-cut-tos-priv/f5e59a5d53c176103b7043b528b4d2ef~tplv-dy-resize-origshort-autoq-75:330.jpeg?lk3s=138a59ce&x-expires=2093500800&x-signature=4C2v4EYh%2FQBtAeixgQjeOayHqOw%3D&from=327834062&s=PackSourceEnum_WEBPC_RELATED_AWEME&se=false&sc=cover&biz_tag=pcweb_cover&l=20260507165515B74498304302AC31CA6B""]",7624986977842006794,@Ekko创作的原声,"[{""caption_end"": 48, ""caption_start"": 41, ""end"": 48, ""hashtag_id"": ""1757254703350796"", ""hashtag_name"": ""音乐种草计划"", ""is_commerce"": false, ""start"": 41, ""type"": 1}]","[{""level"": 1, ""tag_id"": 2002, ""tag_name"": ""汽车""}, {""level"": 2, ""tag_id"": 2002005, ""tag_name"": ""玩车""}, {""level"": 3, ""tag_id"": 2002005003, ""tag_name"": ""赛车""}]",
7626039783856311604,7612900106890759460,1,2026-05-07T16:55:05.257055,212662125863194,MS4wLjABAAAAE01FwLDsZo_3DwSZWho64PtaBowA37kKMMPNUGmI2O4,马力唠,什么空力学 什么零百加速 在我面前什么都不是 #道奇恶魔170 #道奇 #地狱猫 #dou是好车 #汽车文化,1772516473,379206,4,5146,132,1004,1530,0,"[""https://p3-pc-sign.douyinpic.com/image-cut-tos/f518e27255eb89081c73bece4ef61614~tplv-dy-resize-origshort-autoq-75:330.jpeg?lk3s=138a59ce&x-expires=2093500800&x-signature=rNkN0ZwNYyN2Ffoe5whWTBqJaNY%3D&from=327834062&s=PackSourceEnum_WEBPC_RELATED_AWEME&se=false&sc=cover&biz_tag=pcweb_cover&l=20260507165515B74498304302AC31CA6B"", ""https://p9-pc-sign.douyinpic.com/image-cut-tos/f518e27255eb89081c73bece4ef61614~tplv-dy-resize-origshort-autoq-75:330.jpeg?lk3s=138a59ce&x-expires=2093500800&x-signature=jVAJl20WjdFo5Rc3YL1jQRdu22E%3D&from=327834062&s=PackSourceEnum_WEBPC_RELATED_AWEME&se=false&sc=cover&biz_tag=pcweb_cover&l=20260507165515B74498304302AC31CA6B""]",7612900273807166271,@马力唠创作的原声,"[{""caption_end"": 8, ""caption_start"": 0, ""end"": 31, ""hashtag_id"": ""1761067127441408"", ""hashtag_name"": ""道奇恶魔170"", ""is_commerce"": false, ""start"": 23, ""type"": 1}, {""caption_end"": 12, ""caption_start"": 9, ""end"": 35, ""hashtag_id"": ""1589464626258951"", ""hashtag_name"": ""道奇"", ""is_commerce"": false, ""start"": 32, ""type"": 1}, {""caption_end"": 17, ""caption_start"": 13, ""end"": 40, ""hashtag_id"": ""1593117783126030"", ""hashtag_name"": ""地狱猫"", ""is_commerce"": false, ""start"": 36, ""type"": 1}, {""caption_end"": 25, ""caption_start"": 18, ""end"": 48, ""hashtag_id"": ""1652221372996622"", ""hashtag_name"": ""dou是好车"", ""is_commerce"": false, ""start"": 41, ""type"": 1}, {""caption_end"": 31, ""caption_start"": 26, ""end"": 54, ""hashtag_id"": ""1614949987486724"", ""hashtag_name"": ""汽车文化"", ""is_commerce"": false, ""start"": 49, ""type"": 1}]","[{""level"": 1, ""tag_id"": 2002, ""tag_name"": ""汽车""}, {""level"": 2, ""tag_id"": 2002001, ""tag_name"": ""看车""}, {""level"": 3, ""tag_id"": 2002001002, ""tag_name"": ""汽车展示""}]",道奇恶魔170是一款拥有1025匹马力的量产燃油车，凭借其强大的性能和独特的设计成为汽车界的传奇。它搭载终极版6.2升HEMIV8发动机，使用EBS乙醇燃料，百公里加速仅需1.66秒。尽管油耗极高，但它展现了燃油车的疯狂和魅力，为百年燃油车时代画上了圆满的句号。
7626039783856311604,7618603806724558134,2,2026-05-07T16:55:05.257055,19125434085024,MS4wLjABAAAA0hbVQK7dw1cuCT1CyRXZ-5EYnHqgwnuC4sJz8nvypnc,野兽视频中文版,世界最昂贵的末日核地堡 造价10亿美元的末日核地堡，能直接硬抗核武器的直面袭击，而不伤分毫#野兽先生 #mrbeast #末日地堡 #末日掩体,1773889200,1000409,4,4014,165,248,2873,0,"[""https://p3-pc-sign.douyinpic.com/image-cut-tos/af2eaf7fc941926f1c63d5653116076e~tplv-dy-resize-origshort-autoq-75:330.jpeg?lk3s=138a59ce&x-expires=2093500800&x-signature=Db%2B6%2F83rnizbNqQR3po8flXXn20%3D&from=327834062&s=PackSourceEnum_WEBPC_RELATED_AWEME&se=false&sc=cover&biz_tag=pcweb_cover&l=20260507165515B74498304302AC31CA6B"", ""https://p9-pc-sign.douyinpic.com/image-cut-tos/af2eaf7fc941926f1c63d5653116076e~tplv-dy-resize-origshort-autoq-75:330.jpeg?lk3s=138a59ce&x-expires=2093500800&x-signature=8T5J8mak4YVBqrBPzr2XHqmcYiE%3D&from=327834062&s=PackSourceEnum_WEBPC_RELATED_AWEME&se=false&sc=cover&biz_tag=pcweb_cover&l=20260507165515B74498304302AC31CA6B""]",7618604148602243894,@野兽视频中文版创作的原声,"[{""caption_end"": 38, ""caption_start"": 33, ""end"": 50, ""hashtag_id"": ""1671979119944711"", ""hashtag_name"": ""野兽先生"", ""is_commerce"": false, ""start"": 45, ""type"": 1}, {""caption_end"": 47, ""caption_start"": 39, ""end"": 59, ""hashtag_id"": ""1653944742768654"", ""hashtag_name"": ""mrbeast"", ""is_commerce"": false, ""start"": 51, ""type"": 1}, {""caption_end"": 53, ""caption_start"": 48, ""end"": 65, ""hashtag_id"": ""1644280581518340"", ""hashtag_name"": ""末日地堡"", ""is_commerce"": false, ""start"": 60, ""type"": 1}, {""caption_end"": 59, ""caption_start"": 54, ""end"": 71, ""hashtag_id"": ""1662641902329870"", ""hashtag_name"": ""末日掩体"", ""is_commerce"": false, ""start"": 66, ""type"": 1}]","[{""level"": 1, ""tag_id"": 2019, ""tag_name"": ""影视""}, {""level"": 2, ""tag_id"": 2019001, ""tag_name"": ""影视剪辑""}, {""level"": 3, ""tag_id"": 2019001002, ""tag_name"": ""电影剪辑""}]",
7626039783856311604,7605627911210618122,3,2026-05-07T16:55:05.257055,19125434085024,MS4wLjABAAAA0hbVQK7dw1cuCT1CyRXZ-5EYnHqgwnuC4sJz8nvypnc,野兽视频中文版,疾驰火车撞击下拯救兰博基尼 需要抵抗1万发子弹，接住从空中坠落车、四辆着火坠落的车#野兽先生mrbeast #野兽先生 #mrbeast,1770865200,1019010,4,5326,192,368,2329,0,"[""https://p3-pc-sign.douyinpic.com/image-cut-tos/10db1f5f8f7c2d797d282f0606ccca9c~tplv-dy-resize-origshort-autoq-75:330.jpeg?lk3s=138a59ce&x-expires=2093500800&x-signature=dyIAFGv9N52sWuqdPa1ww7HujvU%3D&from=327834062&s=PackSourceEnum_WEBPC_RELATED_AWEME&se=false&sc=cover&biz_tag=pcweb_cover&l=20260507165515B74498304302AC31CA6B"", ""https://p9-pc-sign.douyinpic.com/image-cut-tos/10db1f5f8f7c2d797d282f0606ccca9c~tplv-dy-resize-origshort-autoq-75:330.jpeg?lk3s=138a59ce&x-expires=2093500800&x-signature=cubPfpGzRVrLKi2hxvaQLmyBZnw%3D&from=327834062&s=PackSourceEnum_WEBPC_RELATED_AWEME&se=false&sc=cover&biz_tag=pcweb_cover&l=20260507165515B74498304302AC31CA6B""]",7605628071000984356,@野兽视频中文版创作的原声,"[{""caption_end"": 39, ""caption_start"": 27, ""end"": 53, ""hashtag_id"": ""7413226931593676839"", ""hashtag_name"": ""野兽先生mrbeast"", ""is_commerce"": false, ""start"": 41, ""type"": 1}, {""caption_end"": 45, ""caption_start"": 40, ""end"": 59, ""hashtag_id"": ""1671979119944711"", ""hashtag_name"": ""野兽先生"", ""is_commerce"": false, ""start"": 54, ""type"": 1}, {""caption_end"": 54, ""caption_start"": 46, ""end"": 68, ""hashtag_id"": ""1653944742768654"", ""hashtag_name"": ""mrbeast"", ""is_commerce"": false, ""start"": 60, ""type"": 1}, {""caption_end"": 0, ""caption_start"": 0, ""end"": 0, ""search_query_id"": ""6527570999913747726"", ""search_text"": ""兰博基尼"", ""start"": 0, ""type"": 5}]","[{""level"": 1, ""tag_id"": 2019, ""tag_name"": ""影视""}, {""level"": 2, ""tag_id"": 2019001, ""tag_name"": ""影视剪辑""}, {""level"": 3, ""tag_id"": 2019001002, ""tag_name"": ""电影剪辑""}]",
7626039783856311604,7605632557308251418,4,2026-05-07T16:55:05.257055,4149993100029225,MS4wLjABAAAAkMfZUpswiuvlr5nj-oM-f8NAYHuWR--o-i3bYg2bxQP5gfIc7JoNUqJRyA40znCM,野兽中文配音版,野兽先生给了人们100 万美元，但只给他们 1 分钟时间花掉 #野兽先生#野兽先生挑战#mrbeast,1771151880,856888,4,50777,1469,2217,20817,0,"[""https://p3-pc-sign.douyinpic.com/image-cut-tos/e2d03fd7e5d89accade9f1ceb31cd4fc~tplv-dy-resize-origshort-autoq-75:330.jpeg?lk3s=138a59ce&x-expires=2093500800&x-signature=Kh0zNB1XsmnW3G2jRNutiCi0SpY%3D&from=327834062&s=PackSourceEnum_WEBPC_RELATED_AWEME&se=false&sc=cover&biz_tag=pcweb_cover&l=20260507165515B74498304302AC31CA6B"", ""https://p9-pc-sign.douyinpic.com/image-cut-tos/e2d03fd7e5d89accade9f1ceb31cd4fc~tplv-dy-resize-origshort-autoq-75:330.jpeg?lk3s=138a59ce&x-expires=2093500800&x-signature=0BccQhpsF7azLJDgIv0e4QYZgn0%3D&from=327834062&s=PackSourceEnum_WEBPC_RELATED_AWEME&se=false&sc=cover&biz_tag=pcweb_cover&l=20260507165515B74498304302AC31CA6B""]",7605632478514088754,@野兽中文配音版创作的原声,"[{""caption_end"": 5, ""caption_start"": 0, ""end"": 36, ""hashtag_id"": ""1671979119944711"", ""hashtag_name"": ""野兽先生"", ""is_commerce"": false, ""start"": 31, ""type"": 1}, {""caption_end"": 12, ""caption_start"": 5, ""end"": 43, ""hashtag_id"": ""1793856860408836"", ""hashtag_name"": ""野兽先生挑战"", ""is_commerce"": false, ""start"": 36, ""type"": 1}, {""caption_end"": 20, ""caption_start"": 12, ""end"": 51, ""hashtag_id"": ""1653944742768654"", ""hashtag_name"": ""mrbeast"", ""is_commerce"": false, ""start"": 43, ""type"": 1}]","[{""level"": 1, ""tag_id"": 2029, ""tag_name"": ""随拍""}, {""level"": 2, ""tag_id"": 2029003, ""tag_name"": ""生活记录""}, {""level"": 3, ""tag_id"": 2029003001, ""tag_name"": ""日常vlog""}]",
7626039783856311604,7606756154131189002,5,2026-05-07T16:55:05.257055,162383628337659,MS4wLjABAAAA9fELPwwJfsVCtwv-D8NJNgADed2aQkClm9-4QNrJKcA,大飞评车,JDM四大天王，撑起JDM的黄金时期 #GTR #supra #RX7 #NSX #JDM 从赛场到速度与激情的荧幕，从改装文化到超跑技术革命，这四台车早已超越性能本身，成为90年代黄金时代的象征,1771203600,1482283,4,5182,100,504,1518,0,"[""https://p3-pc-sign.douyinpic.com/image-cut-tos/0f1baed42195714e201d1463be5d6af8~tplv-dy-resize-origshort-autoq-75:330.jpeg?lk3s=138a59ce&x-expires=2093500800&x-signature=Zyq63eJBleMrwOZGT2s%2FohkdNe8%3D&from=327834062&s=PackSourceEnum_WEBPC_RELATED_AWEME&se=false&sc=cover&biz_tag=pcweb_cover&l=20260507165515B74498304302AC31CA6B"", ""https://p9-pc-sign.douyinpic.com/image-cut-tos/0f1baed42195714e201d1463be5d6af8~tplv-dy-resize-origshort-autoq-75:330.jpeg?lk3s=138a59ce&x-expires=2093500800&x-signature=TRZR9LYifxy3x3FkFNDQf9gDFO0%3D&from=327834062&s=PackSourceEnum_WEBPC_RELATED_AWEME&se=false&sc=cover&biz_tag=pcweb_cover&l=20260507165515B74498304302AC31CA6B""]",7606757017960663850,@大飞评车创作的原声,"[{""caption_end"": 4, ""caption_start"": 0, ""end"": 23, ""hashtag_id"": ""1586338531836942"", ""hashtag_name"": ""GTR"", ""is_commerce"": false, ""start"": 19, ""type"": 1}, {""caption_end"": 11, ""caption_start"": 5, ""end"": 30, ""hashtag_id"": ""1613801235584004"", ""hashtag_name"": ""supra"", ""is_commerce"": false, ""start"": 24, ""type"": 1}, {""caption_end"": 16, ""caption_start"": 12, ""end"": 35, ""hashtag_id"": ""1628720332601358"", ""hashtag_name"": ""RX7"", ""is_commerce"": false, ""start"": 31, ""type"": 1}, {""caption_end"": 21, ""caption_start"": 17, ""end"": 40, ""hashtag_id"": ""1615087847243780"", ""hashtag_name"": ""NSX"", ""is_commerce"": false, ""start"": 36, ""type"": 1}, {""caption_end"": 26, ""caption_start"": 22, ""end"": 45, ""hashtag_id"": ""1602389447871495"", ""hashtag_name"": ""JDM"", ""is_commerce"": false, ""start"": 41, ""type"": 1}]","[{""level"": 1, ""tag_id"": 2002, ""tag_name"": ""汽车""}, {""level"": 2, ""tag_id"": 2002001, ""tag_name"": ""看车""}, {""level"": 3, ""tag_id"": 2002001002, ""tag_name"": ""汽车展示""}]",JDM四大天王包括GTR、丰田Celica Supra、马自达RX-7和本田NSX。这些车型在90年代黄金时期成为日本汽车工业的巅峰之作，代表了速度、激情和性能。它们在赛场上取得了辉煌成就，同时也成为了改装文化的象征。如今，这些车型仍然是车迷心中的传奇。
7626039783856311604,7622138439463016114,6,2026-05-07T16:55:05.257055,948249893280490,MS4wLjABAAAAK1Hx9XdDNe9L1Le9XiHzxFn76JGCKdIHtG_wjzgTOyM,🌪🌩only，good🌪,统治者对友#风暴追逐者 #统治者#tiv2,1774667399,15001,4,413,126,61,458,0,"[""https://p3-pc-sign.douyinpic.com/image-cut-tos-priv/93148affd7d515b80201724c4fec591d~tplv-dy-resize-origshort-autoq-75:330.jpeg?lk3s=138a59ce&x-expires=2093500800&x-signature=OBsMDbYk8iVETBjp5plgIHn81JA%3D&from=327834062&s=PackSourceEnum_WEBPC_RELATED_AWEME&se=false&sc=cover&biz_tag=pcweb_cover&l=20260507165515B74498304302AC31CA6B"", ""https://p9-pc-sign.douyinpic.com/image-cut-tos-priv/93148affd7d515b80201724c4fec591d~tplv-dy-resize-origshort-autoq-75:330.jpeg?lk3s=138a59ce&x-expires=2093500800&x-signature=OzKcp1ErknGna8ABac6HwDyWrqg%3D&from=327834062&s=PackSourceEnum_WEBPC_RELATED_AWEME&se=false&sc=cover&biz_tag=pcweb_cover&l=20260507165515B74498304302AC31CA6B""]",7622138343643532086,@🌪🌩only，good🌪创作的原声,"[{""caption_end"": 11, ""caption_start"": 5, ""end"": 11, ""hashtag_id"": ""1638134051103747"", ""hashtag_name"": ""风暴追逐者"", ""is_commerce"": false, ""start"": 5, ""type"": 1}, {""caption_end"": 16, ""caption_start"": 12, ""end"": 16, ""hashtag_id"": ""1598618387033092"", ""hashtag_name"": ""统治者"", ""is_commerce"": false, ""start"": 12, ""type"": 1}, {""caption_end"": 21, ""caption_start"": 16, ""end"": 21, ""hashtag_id"": ""7482066565580457984"", ""hashtag_name"": ""tiv2"", ""is_commerce"": false, ""start"": 16, ""type"": 1}]","[{""level"": 1, ""tag_id"": 2015, ""tag_name"": ""游戏""}, {""level"": 2, ""tag_id"": 2015003, ""tag_name"": ""角色扮演""}, {""level"": 0, ""tag_id"": 0, ""tag_name"": """"}]",
7626039783856311604,7616671290052611369,7,2026-05-07T16:55:05.257055,4149993100029225,MS4wLjABAAAAkMfZUpswiuvlr5nj-oM-f8NAYHuWR--o-i3bYg2bxQP5gfIc7JoNUqJRyA40znCM,野兽中文配音版,和前任在荒野生存30天，赢25万美元奖金 #野兽先生#野兽先生挑战#mrbeast,1773401880,1784550,4,47670,952,10379,17026,0,"[""https://p3-pc-sign.douyinpic.com/image-cut-tos/f7d0f03367fecc389471eac92b3ea082~tplv-dy-resize-origshort-autoq-75:330.jpeg?lk3s=138a59ce&x-expires=2093500800&x-signature=mwKfuQ3FyD46dgPeZ%2BKh6HZfEKs%3D&from=327834062&s=PackSourceEnum_WEBPC_RELATED_AWEME&se=false&sc=cover&biz_tag=pcweb_cover&l=20260507165515B74498304302AC31CA6B"", ""https://p9-pc-sign.douyinpic.com/image-cut-tos/f7d0f03367fecc389471eac92b3ea082~tplv-dy-resize-origshort-autoq-75:330.jpeg?lk3s=138a59ce&x-expires=2093500800&x-signature=Vjvii%2BfAljfp0S8%2FgHMGfO0fA%2FE%3D&from=327834062&s=PackSourceEnum_WEBPC_RELATED_AWEME&se=false&sc=cover&biz_tag=pcweb_cover&l=20260507165515B74498304302AC31CA6B""]",7616671966455401279,@野兽中文配音版创作的原声,"[{""caption_end"": 5, ""caption_start"": 0, ""end"": 26, ""hashtag_id"": ""1671979119944711"", ""hashtag_name"": ""野兽先生"", ""is_commerce"": false, ""start"": 21, ""type"": 1}, {""caption_end"": 12, ""caption_start"": 5, ""end"": 33, ""hashtag_id"": ""1793856860408836"", ""hashtag_name"": ""野兽先生挑战"", ""is_commerce"": false, ""start"": 26, ""type"": 1}, {""caption_end"": 20, ""caption_start"": 12, ""end"": 41, ""hashtag_id"": ""1653944742768654"", ""hashtag_name"": ""mrbeast"", ""is_commerce"": false, ""start"": 33, ""type"": 1}]","[{""level"": 1, ""tag_id"": 2020, ""tag_name"": ""综艺""}, {""level"": 2, ""tag_id"": 2020001, ""tag_name"": ""普通综艺""}, {""level"": 0, ""tag_id"": 0, ""tag_name"": """"}]",
7626039783856311604,7617019294022595236,8,2026-05-07T16:55:05.257055,1049408063937498,MS4wLjABAAAAfvLlj-YEQKy_kfAe55Ha_4S-x4lnIhxy9c_9e9EopDEpRnZ0D0rnDvhX1_NMFsYD,心力漂移,2000匹的gtr加速是什么感觉#速度与激情#弯道快才是真的快 #加速 #赛车 #飙车 #男人的玩具,1773475506,243667,4,1300,109,308,198,0,"[""https://p9-pc-sign.douyinpic.com/image-cut-tos/c33f72f868f37a37e5013dbce75035d5~tplv-dy-resize-origshort-autoq-75:330.jpeg?lk3s=138a59ce&x-expires=2093500800&x-signature=nGLTmMk0zHw3FYnk6%2FC%2Fs3y04xE%3D&from=327834062&s=PackSourceEnum_WEBPC_RELATED_AWEME&se=false&sc=cover&biz_tag=pcweb_cover&l=20260507165515B74498304302AC31CA6B"", ""https://p3-pc-sign.douyinpic.com/image-cut-tos/c33f72f868f37a37e5013dbce75035d5~tplv-dy-resize-origshort-autoq-75:330.jpeg?lk3s=138a59ce&x-expires=2093500800&x-signature=jABspht8DfxuEKsQO7WLD5SwqB0%3D&from=327834062&s=PackSourceEnum_WEBPC_RELATED_AWEME&se=false&sc=cover&biz_tag=pcweb_cover&l=20260507165515B74498304302AC31CA6B""]",7617019313484057382,@心力漂移创作的原声,"[{""caption_end"": 22, ""caption_start"": 16, ""end"": 22, ""hashtag_id"": ""1564580458277889"", ""hashtag_name"": ""速度与激情"", ""is_commerce"": false, ""start"": 16, ""type"": 1}, {""caption_end"": 35, ""caption_start"": 32, ""end"": 35, ""hashtag_id"": ""1550694330710017"", ""hashtag_name"": ""加速"", ""is_commerce"": false, ""start"": 32, ""type"": 1}, {""caption_end"": 39, ""caption_start"": 36, ""end"": 39, ""hashtag_id"": ""1565397260491778"", ""hashtag_name"": ""赛车"", ""is_commerce"": false, ""start"": 36, ""type"": 1}, {""caption_end"": 43, ""caption_start"": 40, ""end"": 43, ""hashtag_id"": ""7483468169525332002"", ""hashtag_name"": ""飙车"", ""is_commerce"": false, ""start"": 40, ""type"": 1}, {""caption_end"": 50, ""caption_start"": 44, ""end"": 50, ""hashtag_id"": ""1574799248179214"", ""hashtag_name"": ""男人的玩具"", ""is_commerce"": false, ""start"": 44, ""type"": 1}]","[{""level"": 1, ""tag_id"": 2002, ""tag_name"": ""汽车""}, {""level"": 2, ""tag_id"": 2002005, ""tag_name"": ""玩车""}, {""level"": 3, ""tag_id"": 2002005003, ""tag_name"": ""赛车""}]",
7626039783856311604,7620838830978944302,9,2026-05-07T16:55:05.257055,3151644576458712,MS4wLjABAAAAhRrAznRjSkISnt8iGt4o30kj8fBqMM2be0Vn5w_1ufaHU-wwIWVXENymt3bHCqu5,野兽中文配音Mr,叫停这列火车，赢取兰博基尼 #mrbeast #野兽先生 #野兽游戏,1774488600,1140241,4,7917,266,612,2191,0,"[""https://p3-pc-sign.douyinpic.com/image-cut-tos/bfc9185cdced3056de365abdd3534054~tplv-dy-resize-origshort-autoq-75:330.jpeg?lk3s=138a59ce&x-expires=2093500800&x-signature=FhCwHJ6PpAMruOmqThH9xEY7YsI%3D&from=327834062&s=PackSourceEnum_WEBPC_RELATED_AWEME&se=false&sc=cover&biz_tag=pcweb_cover&l=20260507165515B74498304302AC31CA6B"", ""https://p9-pc-sign.douyinpic.com/image-cut-tos/bfc9185cdced3056de365abdd3534054~tplv-dy-resize-origshort-autoq-75:330.jpeg?lk3s=138a59ce&x-expires=2093500800&x-signature=qYafktheFQTf4rGu943Pbn7EHVo%3D&from=327834062&s=PackSourceEnum_WEBPC_RELATED_AWEME&se=false&sc=cover&biz_tag=pcweb_cover&l=20260507165515B74498304302AC31CA6B""]",7620839309382044467,@野兽中文配音Mr创作的原声,"[{""caption_end"": 8, ""caption_start"": 0, ""end"": 22, ""hashtag_id"": ""1653944742768654"", ""hashtag_name"": ""mrbeast"", ""is_commerce"": false, ""start"": 14, ""type"": 1}, {""caption_end"": 14, ""caption_start"": 9, ""end"": 28, ""hashtag_id"": ""1671979119944711"", ""hashtag_name"": ""野兽先生"", ""is_commerce"": false, ""start"": 23, ""type"": 1}, {""caption_end"": 20, ""caption_start"": 15, ""end"": 34, ""hashtag_id"": ""1657111182130184"", ""hashtag_name"": ""野兽游戏"", ""is_commerce"": false, ""start"": 29, ""type"": 1}]","[{""level"": 1, ""tag_id"": 2015, ""tag_name"": ""游戏""}, {""level"": 2, ""tag_id"": 2015003, ""tag_name"": ""角色扮演""}, {""level"": 0, ""tag_id"": 0, ""tag_name"": """"}]",布雷克参加了一场挑战，需要在四个关卡中保护一辆价值25万美元的兰博基尼。他在每个关卡中都面临着巨大的压力，但凭借聪明才智和努力，成功地通过了所有关卡，最终赢得了兰博基尼和10万美元奖金。
7626232419351317796,7624140971432797114,0,2026-05-07T16:55:14.068848,2466925202379291,MS4wLjABAAAA-U4Pob9qC4okyWlovrY7NWRzjCY9H0M49ZSwgwsADJU-CmyYDVtWaDo5Dd_q_xJW,川S在越南,越南生活记录#越南生活,1775133650,598818,4,11337,490,1135,1275,0,"[""https://p3-pc-sign.douyinpic.com/image-cut-tos/d806b0ebc24b2a3f6a09d8ec1a5ae1e8~tplv-dy-resize-origshort-autoq-75:330.jpeg?lk3s=138a59ce&x-expires=2093500800&x-signature=lZZ%2FQDlNVhe4wWXmEykaddWOsXc%3D&from=327834062&s=PackSourceEnum_WEBPC_RELATED_AWEME&se=false&sc=cover&biz_tag=pcweb_cover&l=202605071655244D732FD2A5C0F413DED9"", ""https://p9-pc-sign.douyinpic.com/image-cut-tos/d806b0ebc24b2a3f6a09d8ec1a5ae1e8~tplv-dy-resize-origshort-autoq-75:330.jpeg?lk3s=138a59ce&x-expires=2093500800&x-signature=3JrLYGD0EGDM%2B87wnTD1CthVxxM%3D&from=327834062&s=PackSourceEnum_WEBPC_RELATED_AWEME&se=false&sc=cover&biz_tag=pcweb_cover&l=202605071655244D732FD2A5C0F413DED9""]",7546550436393240602,Portrait in the Garden 9,"[{""caption_end"": 11, ""caption_start"": 6, ""end"": 11, ""hashtag_id"": ""1602450734839816"", ""hashtag_name"": ""越南生活"", ""is_commerce"": false, ""start"": 6, ""type"": 1}]","[{""level"": 1, ""tag_id"": 2029, ""tag_name"": ""随拍""}, {""level"": 2, ""tag_id"": 2029003, ""tag_name"": ""生活记录""}, {""level"": 3, ""tag_id"": 2029003001, ""tag_name"": ""日常vlog""}]",
7626232419351317796,7617418116401777983,1,2026-05-07T16:55:14.068848,3227813844096955,MS4wLjABAAAA-RfN1GB5NDgDU2m1eZxQ-eBI55Hh3YziBf4er-F7MBpQUsAZnadGf-hnjpBesApb,李可真会玩儿,探索越南第一大城市胡志明，经济已经发达成这样了吗？ #越南 #胡志明 #交换世界计划 #青年创作者成长计划 #环球旅行,1773569308,1530704,4,104256,2580,35941,13472,0,"[""https://p9-pc-sign.douyinpic.com/image-cut-tos/39d0b9ae529bebefbf5f234fb87a6fa6~tplv-dy-resize-origshort-autoq-75:330.jpeg?lk3s=138a59ce&x-expires=2093500800&x-signature=ZUXsZDB6kTATQGSKNkBCWZ8mZ6A%3D&from=327834062&s=PackSourceEnum_WEBPC_RELATED_AWEME&se=false&sc=cover&biz_tag=pcweb_cover&l=202605071655244D732FD2A5C0F413DED9"", ""https://p3-pc-sign.douyinpic.com/image-cut-tos/39d0b9ae529bebefbf5f234fb87a6fa6~tplv-dy-resize-origshort-autoq-75:330.jpeg?lk3s=138a59ce&x-expires=2093500800&x-signature=j%2BY9fbCsv8O4Ue8od7Z5FVcLHU8%3D&from=327834062&s=PackSourceEnum_WEBPC_RELATED_AWEME&se=false&sc=cover&biz_tag=pcweb_cover&l=202605071655244D732FD2A5C0F413DED9""]",7617418717000944393,@李可真会玩儿创作的原声,"[{""caption_end"": 3, ""caption_start"": 0, ""end"": 29, ""hashtag_id"": ""1578997043002445"", ""hashtag_name"": ""越南"", ""is_commerce"": false, ""start"": 26, ""type"": 1}, {""caption_end"": 8, ""caption_start"": 4, ""end"": 34, ""hashtag_id"": ""1589827313031175"", ""hashtag_name"": ""胡志明"", ""is_commerce"": false, ""start"": 30, ""type"": 1}, {""caption_end"": 16, ""caption_start"": 9, ""end"": 42, ""hashtag_id"": ""1788224080892938"", ""hashtag_name"": ""交换世界计划"", ""is_commerce"": false, ""start"": 35, ""type"": 1}, {""caption_end"": 27, ""caption_start"": 17, ""end"": 53, ""hashtag_id"": ""7529832653680281615"", ""hashtag_name"": ""青年创作者成长计划"", ""is_commerce"": false, ""start"": 43, ""type"": 1}, {""caption_end"": 33, ""caption_start"": 28, ""end"": 59, ""hashtag_id"": ""1574058646929421"", ""hashtag_name"": ""环球旅行"", ""is_commerce"": false, ""start"": 54, ""type"": 1}]","[{""level"": 1, ""tag_id"": 2029, ""tag_name"": ""随拍""}, {""level"": 2, ""tag_id"": 2029003, ""tag_name"": ""生活记录""}, {""level"": 3, ""tag_id"": 2029003001, ""tag_name"": ""日常vlog""}]",作者在越南胡志明市度过了几天，游览了当地的景点，如范五老街、滨城市场、独立宫等。他发现胡志明市虽然物价较高，但城市建设和发展令人印象深刻，具有法式浪漫和东方美学的结合。此外，越南的夜生活也非常丰富。尽管如此，作者提醒大家要注意安全，远离黄赌毒。
7626232419351317796,7618398862042025226,2,2026-05-07T16:55:14.068848,80356222165,MS4wLjABAAAAxAxf2MmMoErNbDq-hzqghx_kk3qKsI-BMOOLkaCGQVc,蓝战非-探险家（日常）,越南街头全是中文歌！蓝战非急了：我真在国外！ #蓝战非  #蓝战非治愈时刻  #蓝战非探索地球  #蓝胖子旅行  #战放阿勒泰  @蓝战非  @蓝胖子旅行,1773796717,499344,4,7650,528,313,317,0,"[""https://p9-pc-sign.douyinpic.com/image-cut-tos/0f83ecae846e809a058181a179f05371~tplv-dy-resize-origshort-autoq-75:330.jpeg?lk3s=138a59ce&x-expires=2093500800&x-signature=ZmgXgZr%2BjnlxPQ54h0SaStvdGzs%3D&from=327834062&s=PackSourceEnum_WEBPC_RELATED_AWEME&se=false&sc=cover&biz_tag=pcweb_cover&l=202605071655244D732FD2A5C0F413DED9"", ""https://p3-pc-sign.douyinpic.com/image-cut-tos/0f83ecae846e809a058181a179f05371~tplv-dy-resize-origshort-autoq-75:330.jpeg?lk3s=138a59ce&x-expires=2093500800&x-signature=iizyLd8PeT1eubhIKxhpOpEC7kE%3D&from=327834062&s=PackSourceEnum_WEBPC_RELATED_AWEME&se=false&sc=cover&biz_tag=pcweb_cover&l=202605071655244D732FD2A5C0F413DED9""]",7618399160449944383,@蓝战非-探险家（日常）创作的原声,"[{""caption_end"": 4, ""caption_start"": 0, ""end"": 27, ""hashtag_id"": ""1590585725147139"", ""hashtag_name"": ""蓝战非"", ""is_commerce"": false, ""start"": 23, ""type"": 1}, {""caption_end"": 14, ""caption_start"": 6, ""end"": 37, ""hashtag_id"": ""7506030638705674267"", ""hashtag_name"": ""蓝战非治愈时刻"", ""is_commerce"": false, ""start"": 29, ""type"": 1}, {""caption_end"": 24, ""caption_start"": 16, ""end"": 47, ""hashtag_id"": ""7523784749479888936"", ""hashtag_name"": ""蓝战非探索地球"", ""is_commerce"": false, ""start"": 39, ""type"": 1}, {""caption_end"": 32, ""caption_start"": 26, ""end"": 55, ""hashtag_id"": ""7591335787522689060"", ""hashtag_name"": ""蓝胖子旅行"", ""is_commerce"": false, ""start"": 49, ""type"": 1}, {""caption_end"": 40, ""caption_start"": 34, ""end"": 63, ""hashtag_id"": ""7591753166618626067"", ""hashtag_name"": ""战放阿勒泰"", ""is_commerce"": false, ""start"": 57, ""type"": 1}, {""caption_end"": 46, ""caption_start"": 42, ""end"": 69, ""sec_uid"": ""MS4wLjABAAAAn-vTqtfLFPB8S6Q1-8QOxT9w4JhQFSNvFEho_guE2V4"", ""start"": 65, ""type"": 0, ""user_id"": ""95715658015""}, {""caption_end"": 54, ""caption_start"": 48, ""end"": 77, ""sec_uid"": ""MS4wLjABAAAAWF_YzwJrv_FkSpGwua-AOX3k5-1XpKnQGYl9isVoMlpv9dALKch3RTaiextYoPgd"", ""start"": 71, ""type"": 0, ""user_id"": ""2093062538404007""}]","[{""level"": 1, ""tag_id"": 2029, ""tag_name"": ""随拍""}, {""level"": 2, ""tag_id"": 2029003, ""tag_name"": ""生活记录""}, {""level"": 3, ""tag_id"": 2029003001, ""tag_name"": ""日常vlog""}]",蓝战非在越南旅行，游览了岘港、灵应寺、茗香翠仙堂、海南会馆、福建会馆、广肇会馆、潮州会馆等景点，品尝了当地美食，体验了椰子船。在放灯节上，他感受到了越南的节日氛围，并希望祖国繁荣昌盛，国泰民安。
7626232419351317796,7632410375636275558,3,2026-05-07T16:55:14.068848,2656839778971379,MS4wLjABAAAAEb4__Xh5cCA4eSy9QXvbRfYYHz0a5Dii7DNObIwkkvcJmE8NVwT3WUOZrTbowBoN,安的旅行,来越南当然可以要 沉浸式体验越南帝王洗头 #超会玩派对 #交换世界计划 #安的旅行 #越南 #越南帝王洗头,1777089600,183646,4,2748,75,151,117,0,"[""https://p3-pc-sign.douyinpic.com/image-cut-tos/c4f2f6ba6356fe82d7317bcd5bd8ea8b~tplv-dy-resize-origshort-autoq-75:330.jpeg?lk3s=138a59ce&x-expires=2093500800&x-signature=wlbvKE7kfrfFBtgd4PZIzkPm4XA%3D&from=327834062&s=PackSourceEnum_WEBPC_RELATED_AWEME&se=false&sc=cover&biz_tag=pcweb_cover&l=202605071655244D732FD2A5C0F413DED9"", ""https://p9-pc-sign.douyinpic.com/image-cut-tos/c4f2f6ba6356fe82d7317bcd5bd8ea8b~tplv-dy-resize-origshort-autoq-75:330.jpeg?lk3s=138a59ce&x-expires=2093500800&x-signature=r8ocjVz2P0qnu9slG5pKwielaMI%3D&from=327834062&s=PackSourceEnum_WEBPC_RELATED_AWEME&se=false&sc=cover&biz_tag=pcweb_cover&l=202605071655244D732FD2A5C0F413DED9""]",7632410242818640678,@安的旅行创作的原声,"[{""caption_end"": 6, ""caption_start"": 0, ""end"": 27, ""hashtag_id"": ""7505114170086393891"", ""hashtag_name"": ""超会玩派对"", ""is_commerce"": false, ""start"": 21, ""type"": 1}, {""caption_end"": 14, ""caption_start"": 7, ""end"": 35, ""hashtag_id"": ""1788224080892938"", ""hashtag_name"": ""交换世界计划"", ""is_commerce"": false, ""start"": 28, ""type"": 1}, {""caption_end"": 20, ""caption_start"": 15, ""end"": 41, ""hashtag_id"": ""1659590799732744"", ""hashtag_name"": ""安的旅行"", ""is_commerce"": false, ""start"": 36, ""type"": 1}, {""caption_end"": 24, ""caption_start"": 21, ""end"": 45, ""hashtag_id"": ""1578997043002445"", ""hashtag_name"": ""越南"", ""is_commerce"": false, ""start"": 42, ""type"": 1}, {""caption_end"": 32, ""caption_start"": 25, ""end"": 53, ""hashtag_id"": ""7372856879912847370"", ""hashtag_name"": ""越南帝王洗头"", ""is_commerce"": false, ""start"": 46, ""type"": 1}]","[{""level"": 1, ""tag_id"": 2028, ""tag_name"": ""旅游""}, {""level"": 2, ""tag_id"": 2028002, ""tag_name"": ""旅行攻略""}, {""level"": 0, ""tag_id"": 0, ""tag_name"": """"}]",
7626232419351317796,7620004861652954225,4,2026-05-07T16:55:14.068848,7613775646057776186,MS4wLjABAAAAAeduOkySrIDCJ2Ce4sKjb-AQpNwi6E6Z1E6ih4Uv2q4OFPTBlborVrXID6LiLZcC,@大表哥很忙（行万里路）,今天带兄弟们去体验一下越南洗头妹妹 洗头，踩背，按摩，只要40块。#阿泽在旅途 #越南#中越边境  #河口,1774170637,258733,4,3718,456,4576,768,0,"[""https://p3-pc-sign.douyinpic.com/image-cut-tos/643aa6141cfee89d70de29fa645283d3~tplv-dy-resize-origshort-autoq-75:330.jpeg?lk3s=138a59ce&x-expires=2093500800&x-signature=IpMQS6ORMYBN%2B528DBibZs2IuXY%3D&from=327834062&s=PackSourceEnum_WEBPC_RELATED_AWEME&se=false&sc=cover&biz_tag=pcweb_cover&l=202605071655244D732FD2A5C0F413DED9"", ""https://p9-pc-sign.douyinpic.com/image-cut-tos/643aa6141cfee89d70de29fa645283d3~tplv-dy-resize-origshort-autoq-75:330.jpeg?lk3s=138a59ce&x-expires=2093500800&x-signature=XtSJZo0D9voQ5C%2BLdg7dl0xmLUM%3D&from=327834062&s=PackSourceEnum_WEBPC_RELATED_AWEME&se=false&sc=cover&biz_tag=pcweb_cover&l=202605071655244D732FD2A5C0F413DED9""]",7620004790491188006,@@大表哥很忙（行万里路）创作的原声,"[{""caption_end"": 39, ""caption_start"": 33, ""end"": 39, ""hashtag_id"": ""7618518778195740713"", ""hashtag_name"": ""阿泽在旅途"", ""is_commerce"": false, ""start"": 33, ""type"": 1}, {""caption_end"": 43, ""caption_start"": 40, ""end"": 43, ""hashtag_id"": ""1578997043002445"", ""hashtag_name"": ""越南"", ""is_commerce"": false, ""start"": 40, ""type"": 1}, {""caption_end"": 53, ""caption_start"": 50, ""end"": 53, ""hashtag_id"": ""1600714862740503"", ""hashtag_name"": ""河口"", ""is_commerce"": false, ""start"": 50, ""type"": 1}]","[{""level"": 1, ""tag_id"": 2029, ""tag_name"": ""随拍""}, {""level"": 2, ""tag_id"": 2029003, ""tag_name"": ""生活记录""}, {""level"": 3, ""tag_id"": 2029003001, ""tag_name"": ""日常vlog""}]",
7626232419351317796,7634679345672613567,5,2026-05-07T16:55:14.068848,2466925202379291,MS4wLjABAAAA-U4Pob9qC4okyWlovrY7NWRzjCY9H0M49ZSwgwsADJU-CmyYDVtWaDo5Dd_q_xJW,川S在越南,平凡的越南生活记录#海外生活#真实生活分享计划 #越南生活,1777603800,856900,4,3387,476,61,199,0,"[""https://p3-pc-sign.douyinpic.com/image-cut-tos/743aff618fbfafd676df05326fd633e9~tplv-dy-resize-origshort-autoq-75:330.jpeg?lk3s=138a59ce&x-expires=2093500800&x-signature=AqFeHc80%2F1lc7%2FRofirzD2JE5xc%3D&from=327834062&s=PackSourceEnum_WEBPC_RELATED_AWEME&se=false&sc=cover&biz_tag=pcweb_cover&l=202605071655244D732FD2A5C0F413DED9"", ""https://p9-pc-sign.douyinpic.com/image-cut-tos/743aff618fbfafd676df05326fd633e9~tplv-dy-resize-origshort-autoq-75:330.jpeg?lk3s=138a59ce&x-expires=2093500800&x-signature=AFIO0gv0rVcO1axFoiO9A9Qvwic%3D&from=327834062&s=PackSourceEnum_WEBPC_RELATED_AWEME&se=false&sc=cover&biz_tag=pcweb_cover&l=202605071655244D732FD2A5C0F413DED9""]",7634679501489818411,@川S在越南创作的原声,"[{""caption_end"": 14, ""caption_start"": 9, ""end"": 14, ""hashtag_id"": ""1597381572062215"", ""hashtag_name"": ""海外生活"", ""is_commerce"": false, ""start"": 9, ""type"": 1}, {""caption_end"": 23, ""caption_start"": 14, ""end"": 23, ""hashtag_id"": ""7512672201834547210"", ""hashtag_name"": ""真实生活分享计划"", ""is_commerce"": false, ""start"": 14, ""type"": 1}, {""caption_end"": 29, ""caption_start"": 24, ""end"": 29, ""hashtag_id"": ""1602450734839816"", ""hashtag_name"": ""越南生活"", ""is_commerce"": false, ""start"": 24, ""type"": 1}]","[{""level"": 1, ""tag_id"": 2029, ""tag_name"": ""随拍""}, {""level"": 2, ""tag_id"": 2029003, ""tag_name"": ""生活记录""}, {""level"": 3, ""tag_id"": 2029003001, ""tag_name"": ""日常vlog""}]",
7626232419351317796,7633371917424028517,6,2026-05-07T16:55:14.068848,63217778210,MS4wLjABAAAAKKZ3btlKEVaD9gmdhZIaIwSET4AMPsWqKBpzbZNflb4,采云飘飘,来越南旅游到底安不安全？看完这条视频给你答案 #越南#旅游攻略 #街头随拍,1777282897,321100,4,1642,153,103,192,0,"[""https://p3-pc-sign.douyinpic.com/image-cut-tos/0d1ce05fc0fdd4e55ddf3feee98e8093~tplv-dy-resize-origshort-autoq-75:330.jpeg?lk3s=138a59ce&x-expires=2093500800&x-signature=YhXxDTyaDe4xfCz4r6SSZPTMrIg%3D&from=327834062&s=PackSourceEnum_WEBPC_RELATED_AWEME&se=false&sc=cover&biz_tag=pcweb_cover&l=202605071655244D732FD2A5C0F413DED9"", ""https://p9-pc-sign.douyinpic.com/image-cut-tos/0d1ce05fc0fdd4e55ddf3feee98e8093~tplv-dy-resize-origshort-autoq-75:330.jpeg?lk3s=138a59ce&x-expires=2093500800&x-signature=p1pktv4iWihmp%2F72ARjeR7mdExM%3D&from=327834062&s=PackSourceEnum_WEBPC_RELATED_AWEME&se=false&sc=cover&biz_tag=pcweb_cover&l=202605071655244D732FD2A5C0F413DED9""]",7633371910973164307,@采云飘飘创作的原声,"[{""caption_end"": 3, ""caption_start"": 0, ""end"": 26, ""hashtag_id"": ""1578997043002445"", ""hashtag_name"": ""越南"", ""is_commerce"": false, ""start"": 23, ""type"": 1}, {""caption_end"": 8, ""caption_start"": 3, ""end"": 31, ""hashtag_id"": ""1593028994741251"", ""hashtag_name"": ""旅游攻略"", ""is_commerce"": false, ""start"": 26, ""type"": 1}, {""caption_end"": 14, ""caption_start"": 9, ""end"": 37, ""hashtag_id"": ""1767587358826526"", ""hashtag_name"": ""街头随拍"", ""is_commerce"": false, ""start"": 32, ""type"": 1}]","[{""level"": 1, ""tag_id"": 2028, ""tag_name"": ""旅游""}, {""level"": 2, ""tag_id"": 2028002, ""tag_name"": ""旅行攻略""}, {""level"": 0, ""tag_id"": 0, ""tag_name"": """"}]",
7626232419351317796,7620546883223656548,7,2026-05-07T16:55:14.068848,2466925202379291,MS4wLjABAAAA-U4Pob9qC4okyWlovrY7NWRzjCY9H0M49ZSwgwsADJU-CmyYDVtWaDo5Dd_q_xJW,川S在越南,越南河内生活记录#真实生活分享计划,1774320600,817945,4,3049,263,126,226,0,"[""https://p3-pc-sign.douyinpic.com/image-cut-tos/558b4d882422809e1341159e41d878ba~tplv-dy-resize-origshort-autoq-75:330.jpeg?lk3s=138a59ce&x-expires=2093500800&x-signature=i5XQqE5X9QY0uSYYQvEDDzcAP%2F4%3D&from=327834062&s=PackSourceEnum_WEBPC_RELATED_AWEME&se=false&sc=cover&biz_tag=pcweb_cover&l=202605071655244D732FD2A5C0F413DED9"", ""https://p9-pc-sign.douyinpic.com/image-cut-tos/558b4d882422809e1341159e41d878ba~tplv-dy-resize-origshort-autoq-75:330.jpeg?lk3s=138a59ce&x-expires=2093500800&x-signature=fEF2qM7u%2FbKMBC08mTD5y4Ua3qY%3D&from=327834062&s=PackSourceEnum_WEBPC_RELATED_AWEME&se=false&sc=cover&biz_tag=pcweb_cover&l=202605071655244D732FD2A5C0F413DED9""]",7620546663739935538,@川S在越南创作的原声,"[{""caption_end"": 17, ""caption_start"": 8, ""end"": 17, ""hashtag_id"": ""7512672201834547210"", ""hashtag_name"": ""真实生活分享计划"", ""is_commerce"": false, ""start"": 8, ""type"": 1}]","[{""level"": 1, ""tag_id"": 2029, ""tag_name"": ""随拍""}, {""level"": 2, ""tag_id"": 2029003, ""tag_name"": ""生活记录""}, {""level"": 3, ""tag_id"": 2029003001, ""tag_name"": ""日常vlog""}]",
7626232419351317796,7603987685513907471,8,2026-05-07T16:55:14.068848,3227813844096955,MS4wLjABAAAA-RfN1GB5NDgDU2m1eZxQ-eBI55Hh3YziBf4er-F7MBpQUsAZnadGf-hnjpBesApb,李可真会玩儿,内战中的缅甸消费5000，这里的富人生活是什么样的？ #缅甸   #国产AI在境外太好用了 #百度文心助手 #百度搜全球 #新年带上老己奔赴人生的山海,1770456600,1732557,4,88861,2159,9155,6729,0,"[""https://p3-pc-sign.douyinpic.com/image-cut-tos/7467579b4c9ccb475a9d1cc97f684004~tplv-dy-resize-origshort-autoq-75:330.jpeg?lk3s=138a59ce&x-expires=2093500800&x-signature=H%2BsAgxtf3U18yzOczDwnY8uvEEM%3D&from=327834062&s=PackSourceEnum_WEBPC_RELATED_AWEME&se=false&sc=cover&biz_tag=pcweb_cover&l=202605071655244D732FD2A5C0F413DED9"", ""https://p9-pc-sign.douyinpic.com/image-cut-tos/7467579b4c9ccb475a9d1cc97f684004~tplv-dy-resize-origshort-autoq-75:330.jpeg?lk3s=138a59ce&x-expires=2093500800&x-signature=wne4X2uxQ%2F%2BzfuVFL5g9y4riWGA%3D&from=327834062&s=PackSourceEnum_WEBPC_RELATED_AWEME&se=false&sc=cover&biz_tag=pcweb_cover&l=202605071655244D732FD2A5C0F413DED9""]",7603988284595129126,@李可真会玩儿创作的原声,"[{""caption_end"": 3, ""caption_start"": 0, ""end"": 30, ""hashtag_id"": ""1576799130017806"", ""hashtag_name"": ""缅甸"", ""is_commerce"": false, ""start"": 27, ""type"": 1}, {""caption_end"": 18, ""caption_start"": 6, ""end"": 45, ""hashtag_id"": ""7603706711580362802"", ""hashtag_name"": ""国产ai在境外太好用了"", ""is_commerce"": false, ""start"": 33, ""type"": 1}, {""caption_end"": 26, ""caption_start"": 19, ""end"": 53, ""hashtag_id"": ""7570631853842171944"", ""hashtag_name"": ""百度文心助手"", ""is_commerce"": false, ""start"": 46, ""type"": 1}, {""caption_end"": 33, ""caption_start"": 27, ""end"": 60, ""hashtag_id"": ""7604698970263734282"", ""hashtag_name"": ""百度搜全球"", ""is_commerce"": false, ""start"": 54, ""type"": 1}, {""caption_end"": 48, ""caption_start"": 34, ""end"": 75, ""hashtag_id"": ""7605035680879790115"", ""hashtag_name"": ""新年带上老己奔赴人生的山海"", ""is_commerce"": false, ""start"": 61, ""type"": 1}]","[{""level"": 1, ""tag_id"": 2029, ""tag_name"": ""随拍""}, {""level"": 2, ""tag_id"": 2029003, ""tag_name"": ""生活记录""}, {""level"": 3, ""tag_id"": 2029003001, ""tag_name"": ""日常vlog""}]",在缅甸内战期间，作者体验了当地富人的生活，包括入住高端酒店、品尝奢华美食和在酒吧消遣。尽管缅甸的消费相对较低，但对于大多数月薪仅为几百元的缅甸人来说，这些体验仍然是遥不可及的。作者感受到了缅甸人民的淳朴和善良，但也意识到了他们面临的贫困和生活压力。他呼吁大家珍惜和平生活，关注缅甸人民的困境。
7626232419351317796,7624868147074905466,9,2026-05-07T16:55:14.068848,63217778210,MS4wLjABAAAAKKZ3btlKEVaD9gmdhZIaIwSET4AMPsWqKBpzbZNflb4,采云飘飘,在越南因为这条火车轨道，竟然火了一条街，到底为何？ #越南旅游#火车 #海外生活,1775302959,651234,4,3093,250,153,482,0,"[""https://p3-pc-sign.douyinpic.com/image-cut-tos/9a64a07974ea0da63ffa7c5b47755d3a~tplv-dy-resize-origshort-autoq-75:330.jpeg?lk3s=138a59ce&x-expires=2093500800&x-signature=T5z7kFzqYtq1YwMY%2FXNtEFSAMjY%3D&from=327834062&s=PackSourceEnum_WEBPC_RELATED_AWEME&se=false&sc=cover&biz_tag=pcweb_cover&l=202605071655244D732FD2A5C0F413DED9"", ""https://p9-pc-sign.douyinpic.com/image-cut-tos/9a64a07974ea0da63ffa7c5b47755d3a~tplv-dy-resize-origshort-autoq-75:330.jpeg?lk3s=138a59ce&x-expires=2093500800&x-signature=TNYVzm9iAuGkwQh%2B3EgqC5I9gJI%3D&from=327834062&s=PackSourceEnum_WEBPC_RELATED_AWEME&se=false&sc=cover&biz_tag=pcweb_cover&l=202605071655244D732FD2A5C0F413DED9""]",7376286564488022054,叙事钢琴曲  Ishtar,"[{""caption_end"": 5, ""caption_start"": 0, ""end"": 31, ""hashtag_id"": ""1589549404792835"", ""hashtag_name"": ""越南旅游"", ""is_commerce"": false, ""start"": 26, ""type"": 1}, {""caption_end"": 8, ""caption_start"": 5, ""end"": 34, ""hashtag_id"": ""1563743925168129"", ""hashtag_name"": ""火车"", ""is_commerce"": false, ""start"": 31, ""type"": 1}, {""caption_end"": 14, ""caption_start"": 9, ""end"": 40, ""hashtag_id"": ""1597381572062215"", ""hashtag_name"": ""海外生活"", ""is_commerce"": false, ""start"": 35, ""type"": 1}]","[{""level"": 1, ""tag_id"": 2029, ""tag_name"": ""随拍""}, {""level"": 2, ""tag_id"": 2029003, ""tag_name"": ""生活记录""}, {""level"": 3, ""tag_id"": 2029003001, ""tag_name"": ""日常vlog""}]",
7626285740250418473,7623720379936279842,0,2026-05-07T16:55:22.144929,4091707616143916,MS4wLjABAAAA8STS6_M6xDdyhaTpeC5wuitJkGrSqohI1TeGYq0UBWNwqGcnImByfUKqAo8vy72s,张见识,满街的炸鸡，为什么却很少见炸鸭呢？ #科普 #科普一下 #知识分享 #涨知识 #抖音精选,1775036337,186834,4,5222,214,1216,473,0,"[""https://p9-pc-sign.douyinpic.com/image-cut-tos/976b8fff466076988d7710ec97cec6d3~tplv-dy-resize-origshort-autoq-75:330.jpeg?lk3s=138a59ce&x-expires=2093500800&x-signature=e7zMb0tFPX78%2FkSv3k%2BAK8rhcpM%3D&from=327834062&s=PackSourceEnum_WEBPC_RELATED_AWEME&se=false&sc=cover&biz_tag=pcweb_cover&l=2026050716553235890250E418FADCECC4"", ""https://p3-pc-sign.douyinpic.com/image-cut-tos/976b8fff466076988d7710ec97cec6d3~tplv-dy-resize-origshort-autoq-75:330.jpeg?lk3s=138a59ce&x-expires=2093500800&x-signature=eb019FL7bDFlAbGa3x3GIA7JBro%3D&from=327834062&s=PackSourceEnum_WEBPC_RELATED_AWEME&se=false&sc=cover&biz_tag=pcweb_cover&l=2026050716553235890250E418FADCECC4""]",7623720448978651913,@张见识创作的原声,"[{""caption_end"": 3, ""caption_start"": 0, ""end"": 21, ""hashtag_id"": ""1582741603218446"", ""hashtag_name"": ""科普"", ""is_commerce"": false, ""start"": 18, ""type"": 1}, {""caption_end"": 9, ""caption_start"": 4, ""end"": 27, ""hashtag_id"": ""1593401120368644"", ""hashtag_name"": ""科普一下"", ""is_commerce"": false, ""start"": 22, ""type"": 1}, {""caption_end"": 15, ""caption_start"": 10, ""end"": 33, ""hashtag_id"": ""1767587197766734"", ""hashtag_name"": ""知识分享"", ""is_commerce"": false, ""start"": 28, ""type"": 1}, {""caption_end"": 20, ""caption_start"": 16, ""end"": 38, ""hashtag_id"": ""1767586848635912"", ""hashtag_name"": ""涨知识"", ""is_commerce"": false, ""start"": 34, ""type"": 1}, {""caption_end"": 26, ""caption_start"": 21, ""end"": 44, ""hashtag_id"": ""1568943621383170"", ""hashtag_name"": ""抖音精选"", ""is_commerce"": false, ""start"": 39, ""type"": 1}]","[{""level"": 1, ""tag_id"": 2001, ""tag_name"": ""美食""}, {""level"": 2, ""tag_id"": 2001006, ""tag_name"": ""美食知识""}, {""level"": 3, ""tag_id"": 2001006005, ""tag_name"": ""美食文化""}]",
7626285740250418473,7623379733467680040,1,2026-05-07T16:55:22.144929,105635492704,MS4wLjABAAAAqe_A9MhgQ-Hn472y2TlzEK15bye2r946T0TluhAy5D0,馆长食史,舌尖上科普丨方便面为何吃着不香了，是面变了，还是我们变了？ #美食新星计划  #青年创作者成长计划  #知识前沿派对  #美食  #方便面,1774956429,488712,4,4043,324,233,584,0,"[""https://p3-pc-sign.douyinpic.com/image-cut-tos/26ef66d87a3edf2e47dba25ed4e4c7be~tplv-dy-resize-origshort-autoq-75:330.jpeg?lk3s=138a59ce&x-expires=2093500800&x-signature=Y4Jjwrh%2FUsaYDvZ01P7e2uIMzk0%3D&from=327834062&s=PackSourceEnum_WEBPC_RELATED_AWEME&se=false&sc=cover&biz_tag=pcweb_cover&l=2026050716553235890250E418FADCECC4"", ""https://p9-pc-sign.douyinpic.com/image-cut-tos/26ef66d87a3edf2e47dba25ed4e4c7be~tplv-dy-resize-origshort-autoq-75:330.jpeg?lk3s=138a59ce&x-expires=2093500800&x-signature=lu7m72xZXcvDEa59zCDXfRXQ6us%3D&from=327834062&s=PackSourceEnum_WEBPC_RELATED_AWEME&se=false&sc=cover&biz_tag=pcweb_cover&l=2026050716553235890250E418FADCECC4""]",7623379968189778738,@馆长食史创作的原声,"[{""caption_end"": 7, ""caption_start"": 0, ""end"": 37, ""hashtag_id"": ""1687501645837319"", ""hashtag_name"": ""美食新星计划"", ""is_commerce"": false, ""start"": 30, ""type"": 1}, {""caption_end"": 19, ""caption_start"": 9, ""end"": 49, ""hashtag_id"": ""7529832653680281615"", ""hashtag_name"": ""青年创作者成长计划"", ""is_commerce"": false, ""start"": 39, ""type"": 1}, {""caption_end"": 28, ""caption_start"": 21, ""end"": 58, ""hashtag_id"": ""1777641476760592"", ""hashtag_name"": ""知识前沿派对"", ""is_commerce"": false, ""start"": 51, ""type"": 1}, {""caption_end"": 33, ""caption_start"": 30, ""end"": 63, ""hashtag_id"": ""1767586897793101"", ""hashtag_name"": ""美食"", ""is_commerce"": false, ""start"": 60, ""type"": 1}, {""caption_end"": 39, ""caption_start"": 35, ""end"": 69, ""hashtag_id"": ""1573341532818445"", ""hashtag_name"": ""方便面"", ""is_commerce"": false, ""start"": 65, ""type"": 1}]","[{""level"": 1, ""tag_id"": 2001, ""tag_name"": ""美食""}, {""level"": 2, ""tag_id"": 2001006, ""tag_name"": ""美食知识""}, {""level"": 3, ""tag_id"": 2001006005, ""tag_name"": ""美食文化""}]",
7626285740250418473,7606327294768074024,2,2026-05-07T16:55:22.144929,2612057173408846,MS4wLjABAAAAZdftFQE_IVW7AyLh6QmwOlZrVd23FgN3y0Huk8LTeltYbfTAoaZpOHRyH0g1uu03,壹财经,关店又卖身！挣扎20年的汉堡王，为啥就在中国火不了？ #汉堡王 #肯德基 #麦当劳 #塔斯汀 #华莱士,1771059780,308886,4,7378,1437,1123,833,0,"[""https://p3-pc-sign.douyinpic.com/image-cut-tos/cfd44514695d3ac2710f9e2e43a4feef~tplv-dy-resize-origshort-autoq-75:330.jpeg?lk3s=138a59ce&x-expires=2093500800&x-signature=CvYgbqf%2Bw8rBDC6fb66tx6DU9AE%3D&from=327834062&s=PackSourceEnum_WEBPC_RELATED_AWEME&se=false&sc=cover&biz_tag=pcweb_cover&l=2026050716553235890250E418FADCECC4"", ""https://p9-pc-sign.douyinpic.com/image-cut-tos/cfd44514695d3ac2710f9e2e43a4feef~tplv-dy-resize-origshort-autoq-75:330.jpeg?lk3s=138a59ce&x-expires=2093500800&x-signature=w2%2F7GoyQ1rbE93eg0bE80pPOnTE%3D&from=327834062&s=PackSourceEnum_WEBPC_RELATED_AWEME&se=false&sc=cover&biz_tag=pcweb_cover&l=2026050716553235890250E418FADCECC4""]",7606327964472789769,@壹财经创作的原声,"[{""caption_end"": 4, ""caption_start"": 0, ""end"": 31, ""hashtag_id"": ""1578573994490910"", ""hashtag_name"": ""汉堡王"", ""is_commerce"": false, ""start"": 27, ""type"": 1}, {""caption_end"": 9, ""caption_start"": 5, ""end"": 36, ""hashtag_id"": ""1570319827150850"", ""hashtag_name"": ""肯德基"", ""is_commerce"": false, ""start"": 32, ""type"": 1}, {""caption_end"": 14, ""caption_start"": 10, ""end"": 41, ""hashtag_id"": ""1575031327289357"", ""hashtag_name"": ""麦当劳"", ""is_commerce"": false, ""start"": 37, ""type"": 1}, {""caption_end"": 19, ""caption_start"": 15, ""end"": 46, ""hashtag_id"": ""1629081207834628"", ""hashtag_name"": ""塔斯汀"", ""is_commerce"": false, ""start"": 42, ""type"": 1}, {""caption_end"": 24, ""caption_start"": 20, ""end"": 51, ""hashtag_id"": ""1580847859525646"", ""hashtag_name"": ""华莱士"", ""is_commerce"": false, ""start"": 47, ""type"": 1}]","[{""level"": 1, ""tag_id"": 2001, ""tag_name"": ""美食""}, {""level"": 2, ""tag_id"": 2001003, ""tag_name"": ""美食探店""}, {""level"": 3, ""tag_id"": 2001003001, ""tag_name"": ""餐厅探店""}]",
7626285740250418473,7611454175154539810,3,2026-05-07T16:55:22.144929,7569134041020023845,MS4wLjABAAAAMSTBnIkkkMTLsXZM3YPPUL26LwGAbxu6MD0tsTSE0XiZmHBqB9LsgnbXA0BmIJGI,食间行者,全网跟风的提灯烧鸟，为啥如今凉透了？ #科普一下 #抖音知识年终大赏 #青年创作者成长计划 #日料 #抖音年味争霸赛,1772277000,310310,4,2483,287,526,448,0,"[""https://p9-pc-sign.douyinpic.com/image-cut-tos/fe48fc464a36db937eebced6bca4a6cf~tplv-dy-resize-origshort-autoq-75:330.jpeg?lk3s=138a59ce&x-expires=2093500800&x-signature=pe12WQ70blHGsyvy1qUXk7RUQds%3D&from=327834062&s=PackSourceEnum_WEBPC_RELATED_AWEME&se=false&sc=cover&biz_tag=pcweb_cover&l=2026050716553235890250E418FADCECC4"", ""https://p3-pc-sign.douyinpic.com/image-cut-tos/fe48fc464a36db937eebced6bca4a6cf~tplv-dy-resize-origshort-autoq-75:330.jpeg?lk3s=138a59ce&x-expires=2093500800&x-signature=lbDNpZzZLq0pMEu6Z9dLaxV41AU%3D&from=327834062&s=PackSourceEnum_WEBPC_RELATED_AWEME&se=false&sc=cover&biz_tag=pcweb_cover&l=2026050716553235890250E418FADCECC4""]",7611454296676223753,@食间行者创作的原声,"[{""caption_end"": 5, ""caption_start"": 0, ""end"": 24, ""hashtag_id"": ""1593401120368644"", ""hashtag_name"": ""科普一下"", ""is_commerce"": false, ""start"": 19, ""type"": 1}, {""caption_end"": 15, ""caption_start"": 6, ""end"": 34, ""hashtag_id"": ""7434449235527649320"", ""hashtag_name"": ""抖音知识年终大赏"", ""is_commerce"": false, ""start"": 25, ""type"": 1}, {""caption_end"": 26, ""caption_start"": 16, ""end"": 45, ""hashtag_id"": ""7529832653680281615"", ""hashtag_name"": ""青年创作者成长计划"", ""is_commerce"": false, ""start"": 35, ""type"": 1}, {""caption_end"": 30, ""caption_start"": 27, ""end"": 49, ""hashtag_id"": ""1579675366404110"", ""hashtag_name"": ""日料"", ""is_commerce"": false, ""start"": 46, ""type"": 1}, {""caption_end"": 39, ""caption_start"": 31, ""end"": 58, ""hashtag_id"": ""7589575740044085275"", ""hashtag_name"": ""抖音年味争霸赛"", ""is_commerce"": false, ""start"": 50, ""type"": 1}]","[{""level"": 1, ""tag_id"": 2001, ""tag_name"": ""美食""}, {""level"": 2, ""tag_id"": 2001006, ""tag_name"": ""美食知识""}, {""level"": 3, ""tag_id"": 2001006005, ""tag_name"": ""美食文化""}]",提灯烧鸟曾在网络上风靡一时，但如今已无人问津。其失败原因包括口感不佳、卫生隐患、性价比低、营销过度和审美疲劳。真正能长久的美食应靠味道、品质和口碑，而非炒作和新鲜感。
7626285740250418473,7617840693502889268,4,2026-05-07T16:55:22.144929,87641933532,MS4wLjABAAAAtadF2IhVz0aOxI4r7EKcFPRVa-xzhsxJwG0s87zst7U,宇宙科普局,肯德基，为什么老喜欢下架爆火产品？看它的营销策略你就懂了！ #科普一下 #肯德基 #肯德基新品 #营销策略 #商业知识,1773666773,138345,4,7249,295,582,2742,0,"[""https://p3-pc-sign.douyinpic.com/image-cut-tos/48dd3627485b6cab0bae799e22a0d7f3~tplv-dy-resize-origshort-autoq-75:330.jpeg?lk3s=138a59ce&x-expires=2093500800&x-signature=YeHIdM%2B6WaaN9vW%2FeH4BOyUnU3k%3D&from=327834062&s=PackSourceEnum_WEBPC_RELATED_AWEME&se=false&sc=cover&biz_tag=pcweb_cover&l=2026050716553235890250E418FADCECC4"", ""https://p9-pc-sign.douyinpic.com/image-cut-tos/48dd3627485b6cab0bae799e22a0d7f3~tplv-dy-resize-origshort-autoq-75:330.jpeg?lk3s=138a59ce&x-expires=2093500800&x-signature=%2FBYqZzJpgXcXR4TUhrJvvscxKMM%3D&from=327834062&s=PackSourceEnum_WEBPC_RELATED_AWEME&se=false&sc=cover&biz_tag=pcweb_cover&l=2026050716553235890250E418FADCECC4""]",7617840788650658606,@宇宙科普局创作的原声,"[{""caption_end"": 5, ""caption_start"": 0, ""end"": 35, ""hashtag_id"": ""1593401120368644"", ""hashtag_name"": ""科普一下"", ""is_commerce"": false, ""start"": 30, ""type"": 1}, {""caption_end"": 10, ""caption_start"": 6, ""end"": 40, ""hashtag_id"": ""1570319827150850"", ""hashtag_name"": ""肯德基"", ""is_commerce"": false, ""start"": 36, ""type"": 1}, {""caption_end"": 17, ""caption_start"": 11, ""end"": 47, ""hashtag_id"": ""1632323459872775"", ""hashtag_name"": ""肯德基新品"", ""is_commerce"": false, ""start"": 41, ""type"": 1}, {""caption_end"": 23, ""caption_start"": 18, ""end"": 53, ""hashtag_id"": ""1600066686717960"", ""hashtag_name"": ""营销策略"", ""is_commerce"": false, ""start"": 48, ""type"": 1}, {""caption_end"": 29, ""caption_start"": 24, ""end"": 59, ""hashtag_id"": ""1607407345723396"", ""hashtag_name"": ""商业知识"", ""is_commerce"": false, ""start"": 54, ""type"": 1}]","[{""level"": 1, ""tag_id"": 2001, ""tag_name"": ""美食""}, {""level"": 2, ""tag_id"": 2001006, ""tag_name"": ""美食知识""}, {""level"": 3, ""tag_id"": 2001006004, ""tag_name"": ""餐饮行业商业科普""}]",肯德基下架了许多受欢迎的美食，如骨肉相连、田园堡等，原因包括制作难度大、损耗高。此外，肯德基还通过限时回归和流量策略，提高产品核销率，吸引顾客购买其它产品。这种策略使得肯德基在赚钱的同时，也让顾客对其产品充满期待。
7626285740250418473,7611487183446281507,5,2026-05-07T16:55:22.144929,226975663798427,MS4wLjABAAAAvzG76Nei1I01A2pf3QMelz35wLmAuAB0NrKWWcD4wpU,戴嘴馋,为什么椰树牌椰汁，能垄断了椰汁市场？ #椰树牌椰汁  #2026年味加码 #美食 #青年创作者成长计划,1772187525,236844,4,5600,1699,774,830,0,"[""https://p3-pc-sign.douyinpic.com/image-cut-tos/c140aa61eb22ead51a0f788e53ce09a5~tplv-dy-resize-origshort-autoq-75:330.jpeg?lk3s=138a59ce&x-expires=2093500800&x-signature=23PbTYWo5v%2BZUcDiy%2FKxS2x6ozY%3D&from=327834062&s=PackSourceEnum_WEBPC_RELATED_AWEME&se=false&sc=cover&biz_tag=pcweb_cover&l=2026050716553235890250E418FADCECC4"", ""https://p9-pc-sign.douyinpic.com/image-cut-tos/c140aa61eb22ead51a0f788e53ce09a5~tplv-dy-resize-origshort-autoq-75:330.jpeg?lk3s=138a59ce&x-expires=2093500800&x-signature=mBpCMQUvwCVoV35O%2FVojU7iWX%2FY%3D&from=327834062&s=PackSourceEnum_WEBPC_RELATED_AWEME&se=false&sc=cover&biz_tag=pcweb_cover&l=2026050716553235890250E418FADCECC4""]",7611487489202735923,@戴嘴馋创作的原声,"[{""caption_end"": 6, ""caption_start"": 0, ""end"": 25, ""hashtag_id"": ""1630706781200395"", ""hashtag_name"": ""椰树牌椰汁"", ""is_commerce"": false, ""start"": 19, ""type"": 1}, {""caption_end"": 17, ""caption_start"": 8, ""end"": 36, ""hashtag_id"": ""7580784887956539419"", ""hashtag_name"": ""2026年味加码"", ""is_commerce"": true, ""start"": 27, ""type"": 1}, {""caption_end"": 21, ""caption_start"": 18, ""end"": 40, ""hashtag_id"": ""1554036363744257"", ""hashtag_name"": ""美食"", ""is_commerce"": false, ""start"": 37, ""type"": 1}, {""caption_end"": 32, ""caption_start"": 22, ""end"": 51, ""hashtag_id"": ""7529832653680281615"", ""hashtag_name"": ""青年创作者成长计划"", ""is_commerce"": false, ""start"": 41, ""type"": 1}]","[{""level"": 1, ""tag_id"": 2001, ""tag_name"": ""美食""}, {""level"": 2, ""tag_id"": 2001006, ""tag_name"": ""美食知识""}, {""level"": 3, ""tag_id"": 2001006004, ""tag_name"": ""餐饮行业商业科普""}]",椰树牌椰汁凭借其独特的原料垄断、先进的生产技术、广泛的销售渠道和始终如一的品质，成功垄断椰汁市场36年。尽管面临年轻人对低糖低卡椰子水的偏好，但椰树的品牌认知度和全产业链优势使其仍具有竞争力。
7626285740250418473,7621505972581731584,6,2026-05-07T16:55:22.144929,2701940898409424,MS4wLjABAAAAB0lef1ScMILq3G79iU7dB-aJQi0aXYZRt1xNzHxzC394BV9GwLwnNUfpSNHBFDfx,钞能力大王,华莱士退市，到底遇到了什么问题？ #财经 #商业思维 #肯德基 #麦当劳  #塔斯特,1774520147,367271,4,6449,1447,1213,1667,0,"[""https://p3-pc-sign.douyinpic.com/image-cut-tos/3131ae3d66c569fda5b31ec581537515~tplv-dy-resize-origshort-autoq-75:330.jpeg?lk3s=138a59ce&x-expires=2093500800&x-signature=92D0mE13idF%2FTzJO2aml6DtpIjE%3D&from=327834062&s=PackSourceEnum_WEBPC_RELATED_AWEME&se=false&sc=cover&biz_tag=pcweb_cover&l=2026050716553235890250E418FADCECC4"", ""https://p9-pc-sign.douyinpic.com/image-cut-tos/3131ae3d66c569fda5b31ec581537515~tplv-dy-resize-origshort-autoq-75:330.jpeg?lk3s=138a59ce&x-expires=2093500800&x-signature=63CLshMGCI8dCi%2BIq7sJgHBhFDE%3D&from=327834062&s=PackSourceEnum_WEBPC_RELATED_AWEME&se=false&sc=cover&biz_tag=pcweb_cover&l=2026050716553235890250E418FADCECC4""]",7621506058570402611,@钞能力大王创作的原声,"[{""caption_end"": 3, ""caption_start"": 0, ""end"": 20, ""hashtag_id"": ""1629797193636868"", ""hashtag_name"": ""财经"", ""is_commerce"": false, ""start"": 17, ""type"": 1}, {""caption_end"": 9, ""caption_start"": 4, ""end"": 26, ""hashtag_id"": ""1609184230334532"", ""hashtag_name"": ""商业思维"", ""is_commerce"": false, ""start"": 21, ""type"": 1}, {""caption_end"": 14, ""caption_start"": 10, ""end"": 31, ""hashtag_id"": ""1570319827150850"", ""hashtag_name"": ""肯德基"", ""is_commerce"": false, ""start"": 27, ""type"": 1}, {""caption_end"": 19, ""caption_start"": 15, ""end"": 36, ""hashtag_id"": ""1575031327289357"", ""hashtag_name"": ""麦当劳"", ""is_commerce"": false, ""start"": 32, ""type"": 1}, {""caption_end"": 25, ""caption_start"": 21, ""end"": 42, ""hashtag_id"": ""1632937651742723"", ""hashtag_name"": ""塔斯特"", ""is_commerce"": false, ""start"": 38, ""type"": 1}]","[{""level"": 1, ""tag_id"": 2017, ""tag_name"": ""财经""}, {""level"": 2, ""tag_id"": 20170016, ""tag_name"": ""财经知识""}, {""level"": 3, ""tag_id"": 20170016002, ""tag_name"": ""财经名人""}]",
7626285740250418473,7631245192070188340,7,2026-05-07T16:55:22.144929,105635492704,MS4wLjABAAAAqe_A9MhgQ-Hn472y2TlzEK15bye2r946T0TluhAy5D0,馆长食史,为什么作为发达国家的日本，在饮食方面如此小气和吝啬? #美食新星计划  #青年创作者成长计划  #知识前沿派对  #美食  #日本,1776789774,359352,4,7642,677,733,1240,0,"[""https://p3-pc-sign.douyinpic.com/image-cut-tos/3970839d089d2d87e5154113ac8b6e64~tplv-dy-resize-origshort-autoq-75:330.jpeg?lk3s=138a59ce&x-expires=2093500800&x-signature=R60byZNeDl1L6sujnlo6R%2FKKmLo%3D&from=327834062&s=PackSourceEnum_WEBPC_RELATED_AWEME&se=false&sc=cover&biz_tag=pcweb_cover&l=2026050716553235890250E418FADCECC4"", ""https://p9-pc-sign.douyinpic.com/image-cut-tos/3970839d089d2d87e5154113ac8b6e64~tplv-dy-resize-origshort-autoq-75:330.jpeg?lk3s=138a59ce&x-expires=2093500800&x-signature=8jGv0fhgMjO9pYgHnRGK9lnTeJA%3D&from=327834062&s=PackSourceEnum_WEBPC_RELATED_AWEME&se=false&sc=cover&biz_tag=pcweb_cover&l=2026050716553235890250E418FADCECC4""]",7631245413504256795,@馆长食史创作的原声,"[{""caption_end"": 7, ""caption_start"": 0, ""end"": 34, ""hashtag_id"": ""1687501645837319"", ""hashtag_name"": ""美食新星计划"", ""is_commerce"": false, ""start"": 27, ""type"": 1}, {""caption_end"": 19, ""caption_start"": 9, ""end"": 46, ""hashtag_id"": ""7529832653680281615"", ""hashtag_name"": ""青年创作者成长计划"", ""is_commerce"": false, ""start"": 36, ""type"": 1}, {""caption_end"": 28, ""caption_start"": 21, ""end"": 55, ""hashtag_id"": ""1777641476760592"", ""hashtag_name"": ""知识前沿派对"", ""is_commerce"": false, ""start"": 48, ""type"": 1}, {""caption_end"": 33, ""caption_start"": 30, ""end"": 60, ""hashtag_id"": ""1767586897793101"", ""hashtag_name"": ""美食"", ""is_commerce"": false, ""start"": 57, ""type"": 1}, {""caption_end"": 38, ""caption_start"": 35, ""end"": 65, ""hashtag_id"": ""1727228281468928"", ""hashtag_name"": ""日本"", ""is_commerce"": false, ""start"": 62, ""type"": 1}]","[{""level"": 1, ""tag_id"": 2001, ""tag_name"": ""美食""}, {""level"": 2, ""tag_id"": 2001006, ""tag_name"": ""美食知识""}, {""level"": 3, ""tag_id"": 2001006005, ""tag_name"": ""美食文化""}]",
7626285740250418473,7605434719735516435,8,2026-05-07T16:55:22.144929,1435290679148026,MS4wLjABAAAAAe71_ZBgqo1xtWyfSqh0_C0tQ1ZpnBXVZJ4zR39Vir_srkVi2aPLdJMGAbLXXHAa,馋嘴情报局,“尖叫”是已经没人喝了吗？ #抖音年味新知贺岁 #尖叫 #抖音知识年终大赏 #饮料 #科普,1770778316,332813,4,1268,107,98,797,0,"[""https://p3-pc-sign.douyinpic.com/image-cut-tos/3b10274c0ce83a1084b5b19986e429d7~tplv-dy-resize-origshort-autoq-75:330.jpeg?lk3s=138a59ce&x-expires=2093500800&x-signature=%2FYbxVqm8fwlble1fumcm2hIpGoI%3D&from=327834062&s=PackSourceEnum_WEBPC_RELATED_AWEME&se=false&sc=cover&biz_tag=pcweb_cover&l=2026050716553235890250E418FADCECC4"", ""https://p9-pc-sign.douyinpic.com/image-cut-tos/3b10274c0ce83a1084b5b19986e429d7~tplv-dy-resize-origshort-autoq-75:330.jpeg?lk3s=138a59ce&x-expires=2093500800&x-signature=A0F%2BuT0VwC8D7Vs%2FAUCVQCbTXcw%3D&from=327834062&s=PackSourceEnum_WEBPC_RELATED_AWEME&se=false&sc=cover&biz_tag=pcweb_cover&l=2026050716553235890250E418FADCECC4""]",7605434954503162662,@馋嘴情报局创作的原声,"[{""caption_end"": 9, ""caption_start"": 0, ""end"": 23, ""hashtag_id"": ""7599965573560961074"", ""hashtag_name"": ""抖音年味新知贺岁"", ""is_commerce"": false, ""start"": 14, ""type"": 1}, {""caption_end"": 13, ""caption_start"": 10, ""end"": 27, ""hashtag_id"": ""1566886786062338"", ""hashtag_name"": ""尖叫"", ""is_commerce"": false, ""start"": 24, ""type"": 1}, {""caption_end"": 23, ""caption_start"": 14, ""end"": 37, ""hashtag_id"": ""7434449235527649320"", ""hashtag_name"": ""抖音知识年终大赏"", ""is_commerce"": false, ""start"": 28, ""type"": 1}, {""caption_end"": 27, ""caption_start"": 24, ""end"": 41, ""hashtag_id"": ""1564116426165314"", ""hashtag_name"": ""饮料"", ""is_commerce"": false, ""start"": 38, ""type"": 1}, {""caption_end"": 31, ""caption_start"": 28, ""end"": 45, ""hashtag_id"": ""1582741603218446"", ""hashtag_name"": ""科普"", ""is_commerce"": false, ""start"": 42, ""type"": 1}]","[{""level"": 1, ""tag_id"": 2001, ""tag_name"": ""美食""}, {""level"": 2, ""tag_id"": 2001006, ""tag_name"": ""美食知识""}, {""level"": 3, ""tag_id"": 2001006005, ""tag_name"": ""美食文化""}]",尖叫曾是中国饮料市场的一匹黑马，凭借创新的瓶盖设计和精准的场景细分，一度垄断运动饮料市场60%以上的份额。然而，随着市场竞争加剧、消费人群迭代和产品创新不足，尖叫逐渐衰落。如今，它已不再是年轻人的首选，成为了一代人青春的回忆。
7626285740250418473,7625541598822059314,9,2026-05-07T16:55:22.144929,1058209692650832,MS4wLjABAAAAtz_5E1iIVp-quX8PF7tykOEPFSmFf6TIeOeIG5H5C99L-q6idtF-kBAQvK6Yf81K,小时好食禄,高端蓝莓遇到了版本制裁了？ #知识前沿派对 #科普 #商业思维 #知识分享 #美食,1775459764,456875,4,177510,13922,43231,16037,0,"[""https://p3-pc-sign.douyinpic.com/image-cut-tos/10891f1a2e5080c2ddcff9371c4e5364~tplv-dy-resize-origshort-autoq-75:330.jpeg?lk3s=138a59ce&x-expires=2093500800&x-signature=qrr0RhJXurOIeyVTdptW9srj2FU%3D&from=327834062&s=PackSourceEnum_WEBPC_RELATED_AWEME&se=false&sc=cover&biz_tag=pcweb_cover&l=2026050716553235890250E418FADCECC4"", ""https://p9-pc-sign.douyinpic.com/image-cut-tos/10891f1a2e5080c2ddcff9371c4e5364~tplv-dy-resize-origshort-autoq-75:330.jpeg?lk3s=138a59ce&x-expires=2093500800&x-signature=9SGIqbHUeFYnUR0udo%2BtXaHvAjM%3D&from=327834062&s=PackSourceEnum_WEBPC_RELATED_AWEME&se=false&sc=cover&biz_tag=pcweb_cover&l=2026050716553235890250E418FADCECC4""]",7625541700475259690,@小时好食禄创作的原声,"[{""caption_end"": 7, ""caption_start"": 0, ""end"": 21, ""hashtag_id"": ""1777641476760592"", ""hashtag_name"": ""知识前沿派对"", ""is_commerce"": false, ""start"": 14, ""type"": 1}, {""caption_end"": 11, ""caption_start"": 8, ""end"": 25, ""hashtag_id"": ""1582741603218446"", ""hashtag_name"": ""科普"", ""is_commerce"": false, ""start"": 22, ""type"": 1}, {""caption_end"": 17, ""caption_start"": 12, ""end"": 31, ""hashtag_id"": ""1609184230334532"", ""hashtag_name"": ""商业思维"", ""is_commerce"": false, ""start"": 26, ""type"": 1}, {""caption_end"": 23, ""caption_start"": 18, ""end"": 37, ""hashtag_id"": ""1767587197766734"", ""hashtag_name"": ""知识分享"", ""is_commerce"": false, ""start"": 32, ""type"": 1}, {""caption_end"": 27, ""caption_start"": 24, ""end"": 41, ""hashtag_id"": ""1767586897793101"", ""hashtag_name"": ""美食"", ""is_commerce"": false, ""start"": 38, ""type"": 1}]","[{""level"": 1, ""tag_id"": 2005, ""tag_name"": ""三农""}, {""level"": 2, ""tag_id"": 2005004, ""tag_name"": ""农业技术""}, {""level"": 3, ""tag_id"": 2005004002, ""tag_name"": ""种植技术""}]",
7626305366351007011,7615287984712199353,0,2026-05-07T16:55:32.272876,4453497454202109,MS4wLjABAAAAn8Bbte4oYken9JI-LeesfozGtxqTNjhGoHWSRxL5tOqwL8dsoRbehvKmaBm4EUj6,甄知棒,（13分钟25秒版）《甄嬛传》拉片细品（118）：甄嬛身体明显不适，华妃却变本加厉！#甄嬛传 #甄嬛传十级观众 #甄嬛传解说 #了不起的精讲团 #影视万字精讲,1773072403,805152,4,132436,1529,10833,10548,0,"[""https://p3-pc-sign.douyinpic.com/image-cut-tos/7640b7427a2ddc8297e282cff39d5e1c~tplv-dy-resize-origshort-autoq-75:330.jpeg?lk3s=138a59ce&x-expires=2093500800&x-signature=xe01QAOEpob6K1URxNoZBVuDSoA%3D&from=327834062&s=PackSourceEnum_WEBPC_RELATED_AWEME&se=false&sc=cover&biz_tag=pcweb_cover&l=20260507165542223D5EC869E386DA86C1"", ""https://p9-pc-sign.douyinpic.com/image-cut-tos/7640b7427a2ddc8297e282cff39d5e1c~tplv-dy-resize-origshort-autoq-75:330.jpeg?lk3s=138a59ce&x-expires=2093500800&x-signature=NwicuuC%2B9Fxi0M6unUhqlbGkoX8%3D&from=327834062&s=PackSourceEnum_WEBPC_RELATED_AWEME&se=false&sc=cover&biz_tag=pcweb_cover&l=20260507165542223D5EC869E386DA86C1""]",7615287906340506383,@甄知棒创作的原声,"[{""caption_end"": 46, ""caption_start"": 42, ""end"": 46, ""hashtag_id"": ""1561758457486338"", ""hashtag_name"": ""甄嬛传"", ""is_commerce"": false, ""start"": 42, ""type"": 1}, {""caption_end"": 55, ""caption_start"": 47, ""end"": 55, ""hashtag_id"": ""1709796197715979"", ""hashtag_name"": ""甄嬛传十级观众"", ""is_commerce"": false, ""start"": 47, ""type"": 1}, {""caption_end"": 62, ""caption_start"": 56, ""end"": 62, ""hashtag_id"": ""1668844471067656"", ""hashtag_name"": ""甄嬛传解说"", ""is_commerce"": false, ""start"": 56, ""type"": 1}, {""caption_end"": 71, ""caption_start"": 63, ""end"": 71, ""hashtag_id"": ""7519800545998014515"", ""hashtag_name"": ""了不起的精讲团"", ""is_commerce"": false, ""start"": 63, ""type"": 1}, {""caption_end"": 79, ""caption_start"": 72, ""end"": 79, ""hashtag_id"": ""7509046257248110642"", ""hashtag_name"": ""影视万字精讲"", ""is_commerce"": false, ""start"": 72, ""type"": 1}]","[{""level"": 1, ""tag_id"": 2019, ""tag_name"": ""影视""}, {""level"": 2, ""tag_id"": 2019001, ""tag_name"": ""影视剪辑""}, {""level"": 3, ""tag_id"": 2019001001, ""tag_name"": ""电视剧剪辑""}]",
7626305366351007011,7633042694735337849,1,2026-05-07T16:55:32.272876,4453497454202109,MS4wLjABAAAAn8Bbte4oYken9JI-LeesfozGtxqTNjhGoHWSRxL5tOqwL8dsoRbehvKmaBm4EUj6,甄知棒,（12分钟01秒版）《甄嬛传》拉片细品（148）：四大爷为保护欢宜香秘密，故意挑拨华妃与颂芝主仆关系，华妃：都是颂芝的错！#甄嬛传 #甄嬛传十级观众 #甄嬛传解说 #了不起的精讲团 #宫斗剧,1777219620,721375,4,18365,240,941,2301,0,"[""https://p3-pc-sign.douyinpic.com/image-cut-tos/34e4c9bb0cb7706f45f7cdbdcffd299f~tplv-dy-resize-origshort-autoq-75:330.jpeg?lk3s=138a59ce&x-expires=2093500800&x-signature=ohlX%2BSLPuLoQLe5f8Z7ppmwDDUk%3D&from=327834062&s=PackSourceEnum_WEBPC_RELATED_AWEME&se=false&sc=cover&biz_tag=pcweb_cover&l=20260507165542223D5EC869E386DA86C1"", ""https://p9-pc-sign.douyinpic.com/image-cut-tos/34e4c9bb0cb7706f45f7cdbdcffd299f~tplv-dy-resize-origshort-autoq-75:330.jpeg?lk3s=138a59ce&x-expires=2093500800&x-signature=XWJr1oa3TYgDZwrkSA0BKcDqT1s%3D&from=327834062&s=PackSourceEnum_WEBPC_RELATED_AWEME&se=false&sc=cover&biz_tag=pcweb_cover&l=20260507165542223D5EC869E386DA86C1""]",7633042739282594623,@甄知棒创作的原声,"[{""caption_end"": 65, ""caption_start"": 61, ""end"": 65, ""hashtag_id"": ""1561758457486338"", ""hashtag_name"": ""甄嬛传"", ""is_commerce"": false, ""start"": 61, ""type"": 1}, {""caption_end"": 74, ""caption_start"": 66, ""end"": 74, ""hashtag_id"": ""1709796197715979"", ""hashtag_name"": ""甄嬛传十级观众"", ""is_commerce"": false, ""start"": 66, ""type"": 1}, {""caption_end"": 81, ""caption_start"": 75, ""end"": 81, ""hashtag_id"": ""1668844471067656"", ""hashtag_name"": ""甄嬛传解说"", ""is_commerce"": false, ""start"": 75, ""type"": 1}, {""caption_end"": 90, ""caption_start"": 82, ""end"": 90, ""hashtag_id"": ""7519800545998014515"", ""hashtag_name"": ""了不起的精讲团"", ""is_commerce"": false, ""start"": 82, ""type"": 1}, {""caption_end"": 95, ""caption_start"": 91, ""end"": 95, ""hashtag_id"": ""1594907318185997"", ""hashtag_name"": ""宫斗剧"", ""is_commerce"": false, ""start"": 91, ""type"": 1}]","[{""level"": 1, ""tag_id"": 2019, ""tag_name"": ""影视""}, {""level"": 2, ""tag_id"": 2019001, ""tag_name"": ""影视剪辑""}, {""level"": 3, ""tag_id"": 2019001001, ""tag_name"": ""电视剧剪辑""}]",《甄嬛传》中，四大爷为保护欢宜香秘密，故意挑拨华妃与颂芝主仆关系。华妃嫉妒甄嬛得宠，却将愤怒发泄在颂芝身上。周宁海劝华妃表演大度，华妃最终妥协。这一情节揭示了华妃的嫉妒、愤怒和无奈，以及她在后宫中的挣扎。
7626305366351007011,7629182397820570931,2,2026-05-07T16:55:32.272876,4274507121438519,MS4wLjABAAAAIPgYA-Y-kZl-DKYXNlMDl2oWHyBdXEmgsXL_pIZr1GpWQpzpuUf2i4XzZ5OPw1OE,平姐电影,335嬛霸气回宫，开始对抗打胎小队！ #暑期影视漫游企划#暑期档情报局#甄嬛传十级观众#甄嬛传解说#原创解说上热门,1776320460,583446,4,12946,61,506,770,0,"[""https://p3-pc-sign.douyinpic.com/image-cut-tos/754a48f08b22405c3ce503b40642ebc3~tplv-dy-resize-origshort-autoq-75:330.jpeg?lk3s=138a59ce&x-expires=2093500800&x-signature=FtNQ663AdvBNUzbt3OuoixgswuU%3D&from=327834062&s=PackSourceEnum_WEBPC_RELATED_AWEME&se=false&sc=cover&biz_tag=pcweb_cover&l=20260507165542223D5EC869E386DA86C1"", ""https://p9-pc-sign.douyinpic.com/image-cut-tos/754a48f08b22405c3ce503b40642ebc3~tplv-dy-resize-origshort-autoq-75:330.jpeg?lk3s=138a59ce&x-expires=2093500800&x-signature=9YgnE0vDJ3ZoiTnFqqGe%2FEYqFU4%3D&from=327834062&s=PackSourceEnum_WEBPC_RELATED_AWEME&se=false&sc=cover&biz_tag=pcweb_cover&l=20260507165542223D5EC869E386DA86C1""]",7629182582672231177,@平姐电影创作的原声,"[{""caption_end"": 9, ""caption_start"": 0, ""end"": 28, ""hashtag_id"": ""7519810464068175891"", ""hashtag_name"": ""暑期影视漫游企划"", ""is_commerce"": false, ""start"": 19, ""type"": 1}, {""caption_end"": 16, ""caption_start"": 9, ""end"": 35, ""hashtag_id"": ""7518026355595577370"", ""hashtag_name"": ""暑期档情报局"", ""is_commerce"": false, ""start"": 28, ""type"": 1}, {""caption_end"": 24, ""caption_start"": 16, ""end"": 43, ""hashtag_id"": ""1709796197715979"", ""hashtag_name"": ""甄嬛传十级观众"", ""is_commerce"": false, ""start"": 35, ""type"": 1}, {""caption_end"": 30, ""caption_start"": 24, ""end"": 49, ""hashtag_id"": ""1668844471067656"", ""hashtag_name"": ""甄嬛传解说"", ""is_commerce"": false, ""start"": 43, ""type"": 1}, {""caption_end"": 38, ""caption_start"": 30, ""end"": 57, ""hashtag_id"": ""1770025059838987"", ""hashtag_name"": ""原创解说上热门"", ""is_commerce"": false, ""start"": 49, ""type"": 1}]","[{""level"": 1, ""tag_id"": 2019, ""tag_name"": ""影视""}, {""level"": 2, ""tag_id"": 2019002, ""tag_name"": ""影视解说""}, {""level"": 3, ""tag_id"": 2019002001, ""tag_name"": ""电视剧解说""}]",
7626305366351007011,7614093096615300390,3,2026-05-07T16:55:32.272876,1990543588733228,MS4wLjABAAAAfUph7LVpWgA3bqP80rN4HA7porSGUKB-r2jseTmskN6K9wKV5uS3sLHzi0EdTXf8,幻舞电影,77.甄嬛为了当皇太后，竟开始利用人际关系！ #暑期影视漫游企划#暑期档情报局#甄嬛传十级观众#甄嬛传解说#原创解说上热门,1772809800,838336,4,7318,126,589,897,0,"[""https://p3-pc-sign.douyinpic.com/image-cut-tos/24371c2b1747a0d249225c62a3b059ab~tplv-dy-resize-origshort-autoq-75:330.jpeg?lk3s=138a59ce&x-expires=2093500800&x-signature=mJdrAFAZBAIFrh9e8LrKlaKkIII%3D&from=327834062&s=PackSourceEnum_WEBPC_RELATED_AWEME&se=false&sc=cover&biz_tag=pcweb_cover&l=20260507165542223D5EC869E386DA86C1"", ""https://p9-pc-sign.douyinpic.com/image-cut-tos/24371c2b1747a0d249225c62a3b059ab~tplv-dy-resize-origshort-autoq-75:330.jpeg?lk3s=138a59ce&x-expires=2093500800&x-signature=7fPz8c2GeiRBw9pGYE0YmKe8fA8%3D&from=327834062&s=PackSourceEnum_WEBPC_RELATED_AWEME&se=false&sc=cover&biz_tag=pcweb_cover&l=20260507165542223D5EC869E386DA86C1""]",7614093483998923529,@幻舞电影创作的原声,"[{""caption_end"": 9, ""caption_start"": 0, ""end"": 32, ""hashtag_id"": ""7519810464068175891"", ""hashtag_name"": ""暑期影视漫游企划"", ""is_commerce"": false, ""start"": 23, ""type"": 1}, {""caption_end"": 16, ""caption_start"": 9, ""end"": 39, ""hashtag_id"": ""7518026355595577370"", ""hashtag_name"": ""暑期档情报局"", ""is_commerce"": false, ""start"": 32, ""type"": 1}, {""caption_end"": 24, ""caption_start"": 16, ""end"": 47, ""hashtag_id"": ""1709796197715979"", ""hashtag_name"": ""甄嬛传十级观众"", ""is_commerce"": false, ""start"": 39, ""type"": 1}, {""caption_end"": 30, ""caption_start"": 24, ""end"": 53, ""hashtag_id"": ""1668844471067656"", ""hashtag_name"": ""甄嬛传解说"", ""is_commerce"": false, ""start"": 47, ""type"": 1}, {""caption_end"": 38, ""caption_start"": 30, ""end"": 61, ""hashtag_id"": ""1770025059838987"", ""hashtag_name"": ""原创解说上热门"", ""is_commerce"": false, ""start"": 53, ""type"": 1}]","[{""level"": 1, ""tag_id"": 2019, ""tag_name"": ""影视""}, {""level"": 2, ""tag_id"": 2019002, ""tag_name"": ""影视解说""}, {""level"": 3, ""tag_id"": 2019002001, ""tag_name"": ""电视剧解说""}]",
7626305366351007011,7629710513185869107,4,2026-05-07T16:55:32.272876,471035583937214,MS4wLjABAAAAphL8WWz_8EjFJeqlxFMc0BkQ2QNzP-l_jHh96moWo00,星空,“这个人，这条命，我从来由不得自己” #甄嬛传十级观众 #万字精讲,1776430418,1678574,4,197040,3251,18235,17817,0,"[""https://p3-pc-sign.douyinpic.com/image-cut-tos/ac13f163cc79e330d7defc956e5aa4c7~tplv-dy-resize-origshort-autoq-75:330.jpeg?lk3s=138a59ce&x-expires=2093500800&x-signature=ZcKFrCTv0DMl7IeSu3KEcv44k%2B8%3D&from=327834062&s=PackSourceEnum_WEBPC_RELATED_AWEME&se=false&sc=cover&biz_tag=pcweb_cover&l=20260507165542223D5EC869E386DA86C1"", ""https://p9-pc-sign.douyinpic.com/image-cut-tos/ac13f163cc79e330d7defc956e5aa4c7~tplv-dy-resize-origshort-autoq-75:330.jpeg?lk3s=138a59ce&x-expires=2093500800&x-signature=BHq%2FriIWN85A8APNdKpKztZk9eU%3D&from=327834062&s=PackSourceEnum_WEBPC_RELATED_AWEME&se=false&sc=cover&biz_tag=pcweb_cover&l=20260507165542223D5EC869E386DA86C1""]",7629710935325788966,@星空创作的原声,"[{""caption_end"": 8, ""caption_start"": 0, ""end"": 27, ""hashtag_id"": ""1709796197715979"", ""hashtag_name"": ""甄嬛传十级观众"", ""is_commerce"": false, ""start"": 19, ""type"": 1}, {""caption_end"": 14, ""caption_start"": 9, ""end"": 33, ""hashtag_id"": ""1760682583986183"", ""hashtag_name"": ""万字精讲"", ""is_commerce"": false, ""start"": 28, ""type"": 1}]","[{""level"": 1, ""tag_id"": 2019, ""tag_name"": ""影视""}, {""level"": 2, ""tag_id"": 2019001, ""tag_name"": ""影视剪辑""}, {""level"": 3, ""tag_id"": 2019001001, ""tag_name"": ""电视剧剪辑""}]",
7626305366351007011,7629553816601464115,5,2026-05-07T16:55:32.272876,1347331852883466,MS4wLjABAAAA9876px96v-vEl7bUNHUd6P4CBcvqqfvTrNePAtfl4o5JJSd4tjID4NqTDTrOauH6,甄有料,《甄嬛传》深度解说第五十五期:皇上的宠爱全是替身？莞莞背后藏着虐心真相#甄嬛传深度解读  #甄嬛传  #甄嬛传十级观众,1776421706,1441402,4,14917,147,862,1801,0,"[""https://p3-pc-sign.douyinpic.com/image-cut-tos/06b47dad273349d1afd489a6ebd7961f~tplv-dy-resize-origshort-autoq-75:330.jpeg?lk3s=138a59ce&x-expires=2093500800&x-signature=D8a86vPsJpVhzjqkTBxKVg%2FKi3A%3D&from=327834062&s=PackSourceEnum_WEBPC_RELATED_AWEME&se=false&sc=cover&biz_tag=pcweb_cover&l=20260507165542223D5EC869E386DA86C1"", ""https://p9-pc-sign.douyinpic.com/image-cut-tos/06b47dad273349d1afd489a6ebd7961f~tplv-dy-resize-origshort-autoq-75:330.jpeg?lk3s=138a59ce&x-expires=2093500800&x-signature=%2B03X%2F90%2BO8CmnBwSCUcMSZKT7hg%3D&from=327834062&s=PackSourceEnum_WEBPC_RELATED_AWEME&se=false&sc=cover&biz_tag=pcweb_cover&l=20260507165542223D5EC869E386DA86C1""]",7629554176887884595,@甄有料创作的原声,"[{""caption_end"": 43, ""caption_start"": 35, ""end"": 43, ""hashtag_id"": ""1729436280539143"", ""hashtag_name"": ""甄嬛传深度解读"", ""is_commerce"": false, ""start"": 35, ""type"": 1}, {""caption_end"": 49, ""caption_start"": 45, ""end"": 49, ""hashtag_id"": ""1561758457486338"", ""hashtag_name"": ""甄嬛传"", ""is_commerce"": false, ""start"": 45, ""type"": 1}, {""caption_end"": 59, ""caption_start"": 51, ""end"": 59, ""hashtag_id"": ""1709796197715979"", ""hashtag_name"": ""甄嬛传十级观众"", ""is_commerce"": false, ""start"": 51, ""type"": 1}]","[{""level"": 1, ""tag_id"": 2019, ""tag_name"": ""影视""}, {""level"": 2, ""tag_id"": 2019001, ""tag_name"": ""影视剪辑""}, {""level"": 3, ""tag_id"": 2019001001, ""tag_name"": ""电视剧剪辑""}]",
7626305366351007011,7630725035476438291,6,2026-05-07T16:55:32.272876,1347331852883466,MS4wLjABAAAA9876px96v-vEl7bUNHUd6P4CBcvqqfvTrNePAtfl4o5JJSd4tjID4NqTDTrOauH6,甄有料,《甄嬛传》深度解说第五十六期:跋扈华妃上门告状，太后一招让她乖乖服软#甄嬛传深度解读  #甄嬛传  #甄嬛传十级观众,1776673980,1284157,4,5595,77,268,782,0,"[""https://p3-pc-sign.douyinpic.com/image-cut-tos/b6b8a46c1dc6927ae4d479a05a053f85~tplv-dy-resize-origshort-autoq-75:330.jpeg?lk3s=138a59ce&x-expires=2093500800&x-signature=k4MVnOphfNzWpt5KpPAA4SN59xM%3D&from=327834062&s=PackSourceEnum_WEBPC_RELATED_AWEME&se=false&sc=cover&biz_tag=pcweb_cover&l=20260507165542223D5EC869E386DA86C1"", ""https://p9-pc-sign.douyinpic.com/image-cut-tos/b6b8a46c1dc6927ae4d479a05a053f85~tplv-dy-resize-origshort-autoq-75:330.jpeg?lk3s=138a59ce&x-expires=2093500800&x-signature=mfqYsTVB47yXEgFPe0Ve3QN1XJM%3D&from=327834062&s=PackSourceEnum_WEBPC_RELATED_AWEME&se=false&sc=cover&biz_tag=pcweb_cover&l=20260507165542223D5EC869E386DA86C1""]",7630725372790754111,@甄有料创作的原声,"[{""caption_end"": 42, ""caption_start"": 34, ""end"": 42, ""hashtag_id"": ""1729436280539143"", ""hashtag_name"": ""甄嬛传深度解读"", ""is_commerce"": false, ""start"": 34, ""type"": 1}, {""caption_end"": 48, ""caption_start"": 44, ""end"": 48, ""hashtag_id"": ""1561758457486338"", ""hashtag_name"": ""甄嬛传"", ""is_commerce"": false, ""start"": 44, ""type"": 1}, {""caption_end"": 58, ""caption_start"": 50, ""end"": 58, ""hashtag_id"": ""1709796197715979"", ""hashtag_name"": ""甄嬛传十级观众"", ""is_commerce"": false, ""start"": 50, ""type"": 1}]","[{""level"": 1, ""tag_id"": 2019, ""tag_name"": ""影视""}, {""level"": 2, ""tag_id"": 2019001, ""tag_name"": ""影视剪辑""}, {""level"": 3, ""tag_id"": 2019001001, ""tag_name"": ""电视剧剪辑""}]",
7626305366351007011,7633773623781739828,7,2026-05-07T16:55:32.272876,732732988077836,MS4wLjABAAAArDoGNwnuvZX60ZsFwzVbvHLeJQezVApn-zlFZpMOqpg,甄不了,华妃用一丈红震慑新人，甄嬛眉庄见识到后宫残酷#甄嬛传 #青年创作者成长计划,1777376432,624735,4,9535,57,774,511,0,"[""https://p3-pc-sign.douyinpic.com/image-cut-tos-priv/fb7f1fbff3e09baa687571d35cb9678b~tplv-dy-resize-origshort-autoq-75:330.jpeg?lk3s=138a59ce&x-expires=2093500800&x-signature=8RtrM0J10GE0BMH36%2FX%2BAvwf7FY%3D&from=327834062&s=PackSourceEnum_WEBPC_RELATED_AWEME&se=false&sc=cover&biz_tag=pcweb_cover&l=20260507165542223D5EC869E386DA86C1"", ""https://p9-pc-sign.douyinpic.com/image-cut-tos-priv/fb7f1fbff3e09baa687571d35cb9678b~tplv-dy-resize-origshort-autoq-75:330.jpeg?lk3s=138a59ce&x-expires=2093500800&x-signature=gXXSnwQyYPMgnHQd37J7RYN3%2B2Y%3D&from=327834062&s=PackSourceEnum_WEBPC_RELATED_AWEME&se=false&sc=cover&biz_tag=pcweb_cover&l=20260507165542223D5EC869E386DA86C1""]",7633773822344317747,@甄不了创作的原声,"[{""caption_end"": 26, ""caption_start"": 22, ""end"": 26, ""hashtag_id"": ""1561758457486338"", ""hashtag_name"": ""甄嬛传"", ""is_commerce"": false, ""start"": 22, ""type"": 1}, {""caption_end"": 37, ""caption_start"": 27, ""end"": 37, ""hashtag_id"": ""7529832653680281615"", ""hashtag_name"": ""青年创作者成长计划"", ""is_commerce"": false, ""start"": 27, ""type"": 1}]","[{""level"": 1, ""tag_id"": 2019, ""tag_name"": ""影视""}, {""level"": 2, ""tag_id"": 2019001, ""tag_name"": ""影视剪辑""}, {""level"": 3, ""tag_id"": 2019001001, ""tag_name"": ""电视剧剪辑""}]",
7626305366351007011,7615060985191189795,8,2026-05-07T16:55:32.272876,89899316006,MS4wLjABAAAAdRmvUojxNAILDfk3skfx-lcrUMpUZCX0Wgxv8CgVqoA,甄会编,甄嬛传之安陵容小产舒痕胶之谜曝光 #甄嬛传 #宜修 #安陵容 #端妃 #甄嬛传解说,1773131400,707839,4,5961,37,226,660,0,"[""https://p3-pc-sign.douyinpic.com/image-cut-tos/b12b00556495d80dab70f331bf528985~tplv-dy-resize-origshort-autoq-75:330.jpeg?lk3s=138a59ce&x-expires=2093500800&x-signature=R0Xue0QwQZbBRo6ze5IbHPBGRcY%3D&from=327834062&s=PackSourceEnum_WEBPC_RELATED_AWEME&se=false&sc=cover&biz_tag=pcweb_cover&l=20260507165542223D5EC869E386DA86C1"", ""https://p9-pc-sign.douyinpic.com/image-cut-tos/b12b00556495d80dab70f331bf528985~tplv-dy-resize-origshort-autoq-75:330.jpeg?lk3s=138a59ce&x-expires=2093500800&x-signature=28VLss%2BOmNkmftMl75BTb%2FrvmZg%3D&from=327834062&s=PackSourceEnum_WEBPC_RELATED_AWEME&se=false&sc=cover&biz_tag=pcweb_cover&l=20260507165542223D5EC869E386DA86C1""]",7117235803490895879,Doopravdy (Tình yêu và Remix),"[{""caption_end"": 4, ""caption_start"": 0, ""end"": 21, ""hashtag_id"": ""1561758457486338"", ""hashtag_name"": ""甄嬛传"", ""is_commerce"": false, ""start"": 17, ""type"": 1}, {""caption_end"": 8, ""caption_start"": 5, ""end"": 25, ""hashtag_id"": ""1639927663129611"", ""hashtag_name"": ""宜修"", ""is_commerce"": false, ""start"": 22, ""type"": 1}, {""caption_end"": 13, ""caption_start"": 9, ""end"": 30, ""hashtag_id"": ""1574993381338142"", ""hashtag_name"": ""安陵容"", ""is_commerce"": false, ""start"": 26, ""type"": 1}, {""caption_end"": 17, ""caption_start"": 14, ""end"": 34, ""hashtag_id"": ""1639927663142923"", ""hashtag_name"": ""端妃"", ""is_commerce"": false, ""start"": 31, ""type"": 1}, {""caption_end"": 24, ""caption_start"": 18, ""end"": 41, ""hashtag_id"": ""1668844471067656"", ""hashtag_name"": ""甄嬛传解说"", ""is_commerce"": false, ""start"": 35, ""type"": 1}]","[{""level"": 1, ""tag_id"": 2019, ""tag_name"": ""影视""}, {""level"": 2, ""tag_id"": 2019001, ""tag_name"": ""影视剪辑""}, {""level"": 3, ""tag_id"": 2019001001, ""tag_name"": ""电视剧剪辑""}]",
7626305366351007011,7625646706277826041,9,2026-05-07T16:55:32.272876,4453497454202109,MS4wLjABAAAAn8Bbte4oYken9JI-LeesfozGtxqTNjhGoHWSRxL5tOqwL8dsoRbehvKmaBm4EUj6,甄知棒,（11分钟18秒版）《甄嬛传》拉片细品：甄嬛复宠，利用的是蝴蝶，还是四大爷的回忆？#甄嬛传 #甄嬛传十级观众 #甄嬛传解说,1775484231,678255,4,44096,600,3575,4334,0,"[""https://p3-pc-sign.douyinpic.com/image-cut-tos/fd3035bc0c5cd25047b3f99a6a53300d~tplv-dy-resize-origshort-autoq-75:330.jpeg?lk3s=138a59ce&x-expires=2093500800&x-signature=gp%2Fycle6iL1pNvNgMt%2BvKgBLsZQ%3D&from=327834062&s=PackSourceEnum_WEBPC_RELATED_AWEME&se=false&sc=cover&biz_tag=pcweb_cover&l=20260507165542223D5EC869E386DA86C1"", ""https://p9-pc-sign.douyinpic.com/image-cut-tos/fd3035bc0c5cd25047b3f99a6a53300d~tplv-dy-resize-origshort-autoq-75:330.jpeg?lk3s=138a59ce&x-expires=2093500800&x-signature=AScd2ckPAjWixVeEQEojf4MsmNg%3D&from=327834062&s=PackSourceEnum_WEBPC_RELATED_AWEME&se=false&sc=cover&biz_tag=pcweb_cover&l=20260507165542223D5EC869E386DA86C1""]",7625646783171021578,@甄知棒创作的原声,"[{""caption_end"": 45, ""caption_start"": 41, ""end"": 45, ""hashtag_id"": ""1561758457486338"", ""hashtag_name"": ""甄嬛传"", ""is_commerce"": false, ""start"": 41, ""type"": 1}, {""caption_end"": 54, ""caption_start"": 46, ""end"": 54, ""hashtag_id"": ""1709796197715979"", ""hashtag_name"": ""甄嬛传十级观众"", ""is_commerce"": false, ""start"": 46, ""sub_type"": 11, ""type"": 1}, {""caption_end"": 61, ""caption_start"": 55, ""end"": 61, ""hashtag_id"": ""1668844471067656"", ""hashtag_name"": ""甄嬛传解说"", ""is_commerce"": false, ""start"": 55, ""sub_type"": 11, ""type"": 1}, {""caption_end"": 0, ""caption_start"": 0, ""end"": 0, ""search_query_id"": ""6595516311093122312"", ""search_text"": ""《甄嬛传》"", ""start"": 0, ""type"": 5}]","[{""level"": 1, ""tag_id"": 2019, ""tag_name"": ""影视""}, {""level"": 2, ""tag_id"": 2019001, ""tag_name"": ""影视剪辑""}, {""level"": 3, ""tag_id"": 2019001001, ""tag_name"": ""电视剧剪辑""}]",
7626324327146835250,7611093223523585320,0,2026-05-07T16:55:41.074481,2019167389352019,MS4wLjABAAAAKjD88S7h2okDJR6KWHg6CHYHvRL0MIacIl3yIyDlaXlVSUEOgiIpnqpGf8YYd7gU,小果子奥特曼,赛罗奥特曼与欧布奥特曼并肩作战，对付宙达与机械哥莫拉 #赛罗奥特曼 #奥特曼 #欧布奥特曼,1772095757,313215,4,69936,1133,4865,20262,0,"[""https://p3-pc-sign.douyinpic.com/image-cut-tos/d59fdcffd300b4b74c1f02ed4098846b~tplv-dy-resize-origshort-autoq-75:330.jpeg?lk3s=138a59ce&x-expires=2093500800&x-signature=8bhL1z0LsmUl6Cn1eNEnFdcmzzk%3D&from=327834062&s=PackSourceEnum_WEBPC_RELATED_AWEME&se=false&sc=cover&biz_tag=pcweb_cover&l=2026050716555150B63F8BE28A373A3A1A"", ""https://p9-pc-sign.douyinpic.com/image-cut-tos/d59fdcffd300b4b74c1f02ed4098846b~tplv-dy-resize-origshort-autoq-75:330.jpeg?lk3s=138a59ce&x-expires=2093500800&x-signature=%2BMk4i2stahRhvit0Sl9OEpnwvGg%3D&from=327834062&s=PackSourceEnum_WEBPC_RELATED_AWEME&se=false&sc=cover&biz_tag=pcweb_cover&l=2026050716555150B63F8BE28A373A3A1A""]",7611093250828454702,@小果子奥特曼创作的原声,"[{""caption_end"": 6, ""caption_start"": 0, ""end"": 33, ""hashtag_id"": ""1581916860844045"", ""hashtag_name"": ""赛罗奥特曼"", ""is_commerce"": false, ""start"": 27, ""type"": 1}, {""caption_end"": 11, ""caption_start"": 7, ""end"": 38, ""hashtag_id"": ""1568373482599426"", ""hashtag_name"": ""奥特曼"", ""is_commerce"": false, ""start"": 34, ""type"": 1}, {""caption_end"": 18, ""caption_start"": 12, ""end"": 45, ""hashtag_id"": ""1591186280663053"", ""hashtag_name"": ""欧布奥特曼"", ""is_commerce"": false, ""start"": 39, ""type"": 1}]","[{""level"": 1, ""tag_id"": 2019, ""tag_name"": ""影视""}, {""level"": 2, ""tag_id"": 2019001, ""tag_name"": ""影视剪辑""}, {""level"": 3, ""tag_id"": 2019001001, ""tag_name"": ""电视剧剪辑""}]",
7626324327146835250,7614068246257470756,1,2026-05-07T16:55:41.074481,457831780724445,MS4wLjABAAAA0WbxpYO5VDaGCP24dRFCtotuE4Y9gAtAW8RcHa0Y_jY,小光漫说,沙福林不是玩笑！原来我们冤枉了贝利亚 那位大人的黑料到底有多离谱？#奥特曼 #佐菲奥特曼 #我在抖音看动漫 #充能计划 #动漫编年史,1772957760,277367,4,6735,309,476,4607,0,"[""https://p3-pc-sign.douyinpic.com/image-cut-tos/79011453d72ba9f613410921e3577982~tplv-dy-resize-origshort-autoq-75:330.jpeg?lk3s=138a59ce&x-expires=2093500800&x-signature=WXfYWjrNatRHzIHPV%2F%2FGZ%2FVjCK0%3D&from=327834062&s=PackSourceEnum_WEBPC_RELATED_AWEME&se=false&sc=cover&biz_tag=pcweb_cover&l=2026050716555150B63F8BE28A373A3A1A"", ""https://p9-pc-sign.douyinpic.com/image-cut-tos/79011453d72ba9f613410921e3577982~tplv-dy-resize-origshort-autoq-75:330.jpeg?lk3s=138a59ce&x-expires=2093500800&x-signature=HXuGm3erGbP51X8QFpD3Tq4usH4%3D&from=327834062&s=PackSourceEnum_WEBPC_RELATED_AWEME&se=false&sc=cover&biz_tag=pcweb_cover&l=2026050716555150B63F8BE28A373A3A1A""]",7614068513682049828,@小光漫说创作的原声,"[{""caption_end"": 18, ""caption_start"": 14, ""end"": 37, ""hashtag_id"": ""1568373482599426"", ""hashtag_name"": ""奥特曼"", ""is_commerce"": false, ""start"": 33, ""type"": 1}, {""caption_end"": 25, ""caption_start"": 19, ""end"": 44, ""hashtag_id"": ""1606945007905832"", ""hashtag_name"": ""佐菲奥特曼"", ""is_commerce"": false, ""start"": 38, ""type"": 1}, {""caption_end"": 34, ""caption_start"": 26, ""end"": 53, ""hashtag_id"": ""1638671939469324"", ""hashtag_name"": ""我在抖音看动漫"", ""is_commerce"": false, ""start"": 45, ""type"": 1}, {""caption_end"": 40, ""caption_start"": 35, ""end"": 59, ""hashtag_id"": ""1655868948754440"", ""hashtag_name"": ""充能计划"", ""is_commerce"": false, ""start"": 54, ""type"": 1}, {""caption_end"": 47, ""caption_start"": 41, ""end"": 66, ""hashtag_id"": ""1754442585463815"", ""hashtag_name"": ""动漫编年史"", ""is_commerce"": false, ""start"": 60, ""type"": 1}]","[{""level"": 1, ""tag_id"": 2014, ""tag_name"": ""二次元""}, {""level"": 2, ""tag_id"": 2014002, ""tag_name"": ""二次元内容""}, {""level"": 3, ""tag_id"": 2014002001, ""tag_name"": ""动漫IP""}]",
7626324327146835250,7605554295676734758,2,2026-05-07T16:55:41.074481,2019167389352019,MS4wLjABAAAAKjD88S7h2okDJR6KWHg6CHYHvRL0MIacIl3yIyDlaXlVSUEOgiIpnqpGf8YYd7gU,小果子奥特曼,泽塔奥特曼遇见了超兽巴拉巴，艾斯奥特曼出手相助！并寄予厚望 #奥特曼 #艾斯奥特曼 #泽塔奥特曼,1770806113,307944,4,39894,1566,2598,15863,0,"[""https://p3-pc-sign.douyinpic.com/image-cut-tos/9b37968bacf27517f36ac718955bcda5~tplv-dy-resize-origshort-autoq-75:330.jpeg?lk3s=138a59ce&x-expires=2093500800&x-signature=4c5V93xxTzvNSlEKzxURbhMOinM%3D&from=327834062&s=PackSourceEnum_WEBPC_RELATED_AWEME&se=false&sc=cover&biz_tag=pcweb_cover&l=2026050716555150B63F8BE28A373A3A1A"", ""https://p9-pc-sign.douyinpic.com/image-cut-tos/9b37968bacf27517f36ac718955bcda5~tplv-dy-resize-origshort-autoq-75:330.jpeg?lk3s=138a59ce&x-expires=2093500800&x-signature=OR3YRsKvAYWrGgHyWX9NPpk4eMU%3D&from=327834062&s=PackSourceEnum_WEBPC_RELATED_AWEME&se=false&sc=cover&biz_tag=pcweb_cover&l=2026050716555150B63F8BE28A373A3A1A""]",7605554317353143090,@小果子奥特曼创作的原声,"[{""caption_end"": 4, ""caption_start"": 0, ""end"": 34, ""hashtag_id"": ""1568373482599426"", ""hashtag_name"": ""奥特曼"", ""is_commerce"": false, ""start"": 30, ""type"": 1}, {""caption_end"": 11, ""caption_start"": 5, ""end"": 41, ""hashtag_id"": ""1595881745468487"", ""hashtag_name"": ""艾斯奥特曼"", ""is_commerce"": false, ""start"": 35, ""type"": 1}, {""caption_end"": 18, ""caption_start"": 12, ""end"": 48, ""hashtag_id"": ""1656023243136012"", ""hashtag_name"": ""泽塔奥特曼"", ""is_commerce"": false, ""start"": 42, ""type"": 1}]","[{""level"": 1, ""tag_id"": 2014, ""tag_name"": ""二次元""}, {""level"": 2, ""tag_id"": 2014002, ""tag_name"": ""二次元内容""}, {""level"": 3, ""tag_id"": 2014002001, ""tag_name"": ""动漫IP""}]",
7626324327146835250,7613332937613905192,3,2026-05-07T16:55:41.074481,78313231384,MS4wLjABAAAA51-0XA5gNSj-xXSrvK6mHMaO8OzNVvNfvCFgecXhRaI,阿祖奥特曼,佐菲为什么被称为那位大人？原来佐菲竟然这么残暴？#奥特曼 #佐菲奥特曼,1772617234,224726,4,8881,465,898,5277,0,"[""https://p9-pc-sign.douyinpic.com/image-cut-tos/8d62026838784c6c52be73a045a8af3c~tplv-dy-resize-origshort-autoq-75:330.jpeg?lk3s=138a59ce&x-expires=2093500800&x-signature=q1sgM5bVvgiPTIgrk%2FfvikTT3%2F8%3D&from=327834062&s=PackSourceEnum_WEBPC_RELATED_AWEME&se=false&sc=cover&biz_tag=pcweb_cover&l=2026050716555150B63F8BE28A373A3A1A"", ""https://p3-pc-sign.douyinpic.com/image-cut-tos/8d62026838784c6c52be73a045a8af3c~tplv-dy-resize-origshort-autoq-75:330.jpeg?lk3s=138a59ce&x-expires=2093500800&x-signature=Rpp4kk1KAmtN6VNPcmoDOK7xVos%3D&from=327834062&s=PackSourceEnum_WEBPC_RELATED_AWEME&se=false&sc=cover&biz_tag=pcweb_cover&l=2026050716555150B63F8BE28A373A3A1A""]",7613333092446653211,@阿祖奥特曼创作的原声,"[{""caption_end"": 28, ""caption_start"": 24, ""end"": 28, ""hashtag_id"": ""1568373482599426"", ""hashtag_name"": ""奥特曼"", ""is_commerce"": false, ""start"": 24, ""type"": 1}, {""caption_end"": 35, ""caption_start"": 29, ""end"": 35, ""hashtag_id"": ""1606945007905832"", ""hashtag_name"": ""佐菲奥特曼"", ""is_commerce"": false, ""start"": 29, ""type"": 1}]","[{""level"": 1, ""tag_id"": 2014, ""tag_name"": ""二次元""}, {""level"": 2, ""tag_id"": 2014002, ""tag_name"": ""二次元内容""}, {""level"": 3, ""tag_id"": 2014002001, ""tag_name"": ""动漫IP""}]",
7626324327146835250,7604062607258995977,4,2026-05-07T16:55:41.074481,1486195813793341,MS4wLjABAAAA6VLQO6OZ-Jn8gnaq4sbrCwzxiwXFCVsWwwpJ1B396cfUJIsL1cTsqo8zfmz25mQA,小古侃片,奥特曼穿帮镜头有多搞笑，一个比一个抽象！ #奥特曼#充能计划#我在抖音看动漫#动漫编年史,1770458817,252267,4,60494,2022,5652,23108,0,"[""https://p3-pc-sign.douyinpic.com/image-cut-tos/21700913b5c9ff67328ca435d738ff30~tplv-dy-resize-origshort-autoq-75:330.jpeg?lk3s=138a59ce&x-expires=2093500800&x-signature=RFQvyNJkO7J3zyI%2B0gtalS4AiuI%3D&from=327834062&s=PackSourceEnum_WEBPC_RELATED_AWEME&se=false&sc=cover&biz_tag=pcweb_cover&l=2026050716555150B63F8BE28A373A3A1A"", ""https://p9-pc-sign.douyinpic.com/image-cut-tos/21700913b5c9ff67328ca435d738ff30~tplv-dy-resize-origshort-autoq-75:330.jpeg?lk3s=138a59ce&x-expires=2093500800&x-signature=SQRnCPHmfqGyMOECEKErC1%2FCIAU%3D&from=327834062&s=PackSourceEnum_WEBPC_RELATED_AWEME&se=false&sc=cover&biz_tag=pcweb_cover&l=2026050716555150B63F8BE28A373A3A1A""]",7604062540942904106,@小古侃片创作的原声,"[{""caption_end"": 4, ""caption_start"": 0, ""end"": 25, ""hashtag_id"": ""1568373482599426"", ""hashtag_name"": ""奥特曼"", ""is_commerce"": false, ""start"": 21, ""type"": 1}, {""caption_end"": 9, ""caption_start"": 4, ""end"": 30, ""hashtag_id"": ""1655868948754440"", ""hashtag_name"": ""充能计划"", ""is_commerce"": false, ""start"": 25, ""type"": 1}, {""caption_end"": 17, ""caption_start"": 9, ""end"": 38, ""hashtag_id"": ""1638671939469324"", ""hashtag_name"": ""我在抖音看动漫"", ""is_commerce"": false, ""start"": 30, ""type"": 1}, {""caption_end"": 23, ""caption_start"": 17, ""end"": 44, ""hashtag_id"": ""1754442585463815"", ""hashtag_name"": ""动漫编年史"", ""is_commerce"": false, ""start"": 38, ""type"": 1}]","[{""level"": 1, ""tag_id"": 2014, ""tag_name"": ""二次元""}, {""level"": 2, ""tag_id"": 2014002, ""tag_name"": ""二次元内容""}, {""level"": 3, ""tag_id"": 2014002001, ""tag_name"": ""动漫IP""}]",奥特曼系列中存在许多穿帮镜头，如佐菲的奥特喷雾是水管里的水，初代奥特曼变身镜头无计时器，赛文奥特曼耳朵失踪，艾斯奥特曼穿布鞋，杰克奥特曼戴错手套等。这些穿帮镜头虽然看似离谱，但并未影响奥特曼的经典地位，反而成为了观众回忆中的快乐彩蛋。
7626324327146835250,7612662593261914868,5,2026-05-07T16:55:41.074481,661228466482091,MS4wLjABAAAAmamXbuG7FP--ibBUpA4atrBcCELR-ZZ3a3BQ7wdVioE,星云漫谈,奥特曼学习前辈的战斗到底有多搞笑？ 迪迦学初代胸肌挡光线？小梦硬接雷欧飞踢？#奥特曼 #赛罗奥特曼 #迪迦奥特曼 #充能计划 #我在抖音看动漫 @抖音作者会客厅,1772461132,230620,4,10663,1090,1208,9980,0,"[""https://p3-pc-sign.douyinpic.com/image-cut-tos/d6714ffa6035037ee91441f09dcc3940~tplv-dy-resize-origshort-autoq-75:330.jpeg?lk3s=138a59ce&x-expires=2093500800&x-signature=QunfxcuNtQ3ExHoWYDTsGDIxPUs%3D&from=327834062&s=PackSourceEnum_WEBPC_RELATED_AWEME&se=false&sc=cover&biz_tag=pcweb_cover&l=2026050716555150B63F8BE28A373A3A1A"", ""https://p9-pc-sign.douyinpic.com/image-cut-tos/d6714ffa6035037ee91441f09dcc3940~tplv-dy-resize-origshort-autoq-75:330.jpeg?lk3s=138a59ce&x-expires=2093500800&x-signature=pTefyUmd8TWnxP2Ocr9DPtd8s3I%3D&from=327834062&s=PackSourceEnum_WEBPC_RELATED_AWEME&se=false&sc=cover&biz_tag=pcweb_cover&l=2026050716555150B63F8BE28A373A3A1A""]",7612662321181199158,@星云漫谈创作的原声,"[{""caption_end"": 24, ""caption_start"": 20, ""end"": 42, ""hashtag_id"": ""1568373482599426"", ""hashtag_name"": ""奥特曼"", ""is_commerce"": false, ""start"": 38, ""type"": 1}, {""caption_end"": 31, ""caption_start"": 25, ""end"": 49, ""hashtag_id"": ""1581916860844045"", ""hashtag_name"": ""赛罗奥特曼"", ""is_commerce"": false, ""start"": 43, ""type"": 1}, {""caption_end"": 38, ""caption_start"": 32, ""end"": 56, ""hashtag_id"": ""1582018819005454"", ""hashtag_name"": ""迪迦奥特曼"", ""is_commerce"": false, ""start"": 50, ""type"": 1}, {""caption_end"": 44, ""caption_start"": 39, ""end"": 62, ""hashtag_id"": ""1655868948754440"", ""hashtag_name"": ""充能计划"", ""is_commerce"": false, ""start"": 57, ""type"": 1}, {""caption_end"": 53, ""caption_start"": 45, ""end"": 71, ""hashtag_id"": ""1638671939469324"", ""hashtag_name"": ""我在抖音看动漫"", ""is_commerce"": false, ""start"": 63, ""type"": 1}, {""caption_end"": 62, ""caption_start"": 54, ""end"": 80, ""sec_uid"": ""MS4wLjABAAAAaS-NAM48Lzzwq940u8o-mGr9kF3iHWXOFaZ0M66_J9A"", ""start"": 72, ""type"": 0, ""user_id"": ""92867334365""}]","[{""level"": 1, ""tag_id"": 2014, ""tag_name"": ""二次元""}, {""level"": 2, ""tag_id"": 2014002, ""tag_name"": ""二次元内容""}, {""level"": 3, ""tag_id"": 2014002001, ""tag_name"": ""动漫IP""}]",奥特曼和怪兽都有模仿的习惯，但有时会因为模仿不当而导致尴尬或失败。比如迪迦模仿初代胸肌挡光线被电击，梦比优斯模仿雷欧飞踢被踢回人间体，泰迦模仿泰罗奥特炸弹等。怪兽希尔巴贡王也模仿迪迦的姿势和变身，但最终被击败。
7626324327146835250,7603956832012438793,6,2026-05-07T16:55:41.074481,526034323112779,MS4wLjABAAAAAY-SJCmehqeloWoE83LEHBkMOybA-Pe_LaRXSHh-pzQ,小古动漫,赛罗奥特曼客串很装？原来他还吃过瘪！ #奥特曼#赛罗奥特曼#充能计划#我在抖音看动漫#动漫编年史,1770434180,300699,4,21753,766,601,10411,0,"[""https://p9-pc-sign.douyinpic.com/image-cut-tos/b5902d61f351626cc9f8585ebb392d86~tplv-dy-resize-origshort-autoq-75:330.jpeg?lk3s=138a59ce&x-expires=2093500800&x-signature=v07jquhsW5cTZUllydAuHdLOJfo%3D&from=327834062&s=PackSourceEnum_WEBPC_RELATED_AWEME&se=false&sc=cover&biz_tag=pcweb_cover&l=2026050716555150B63F8BE28A373A3A1A"", ""https://p3-pc-sign.douyinpic.com/image-cut-tos/b5902d61f351626cc9f8585ebb392d86~tplv-dy-resize-origshort-autoq-75:330.jpeg?lk3s=138a59ce&x-expires=2093500800&x-signature=%2BhGgUVv3x7fxkTbOIQPkA229JF8%3D&from=327834062&s=PackSourceEnum_WEBPC_RELATED_AWEME&se=false&sc=cover&biz_tag=pcweb_cover&l=2026050716555150B63F8BE28A373A3A1A""]",7603956921422351147,@小古动漫创作的原声,"[{""caption_end"": 4, ""caption_start"": 0, ""end"": 23, ""hashtag_id"": ""1568373482599426"", ""hashtag_name"": ""奥特曼"", ""is_commerce"": false, ""start"": 19, ""type"": 1}, {""caption_end"": 10, ""caption_start"": 4, ""end"": 29, ""hashtag_id"": ""1581916860844045"", ""hashtag_name"": ""赛罗奥特曼"", ""is_commerce"": false, ""start"": 23, ""type"": 1}, {""caption_end"": 15, ""caption_start"": 10, ""end"": 34, ""hashtag_id"": ""1655868948754440"", ""hashtag_name"": ""充能计划"", ""is_commerce"": false, ""start"": 29, ""type"": 1}, {""caption_end"": 23, ""caption_start"": 15, ""end"": 42, ""hashtag_id"": ""1638671939469324"", ""hashtag_name"": ""我在抖音看动漫"", ""is_commerce"": false, ""start"": 34, ""type"": 1}, {""caption_end"": 29, ""caption_start"": 23, ""end"": 48, ""hashtag_id"": ""1754442585463815"", ""hashtag_name"": ""动漫编年史"", ""is_commerce"": false, ""start"": 42, ""type"": 1}]","[{""level"": 1, ""tag_id"": 2014, ""tag_name"": ""二次元""}, {""level"": 2, ""tag_id"": 2014002, ""tag_name"": ""二次元内容""}, {""level"": 3, ""tag_id"": 2014002001, ""tag_name"": ""动漫IP""}]",赛罗奥特曼在客串其他奥特曼作品时，曾多次遭遇挫折，如被赛格古击败、被艾塔尔加无视、被小金人嘲讽等。此外，他还在与达达和大贺的战斗中失利，展现出了不为人知的一面。
7626324327146835250,7605426173677489459,7,2026-05-07T16:55:41.074481,2019167389352019,MS4wLjABAAAAKjD88S7h2okDJR6KWHg6CHYHvRL0MIacIl3yIyDlaXlVSUEOgiIpnqpGf8YYd7gU,小果子奥特曼,塔尔塔洛斯真的是被打怕了，见到杰斯提斯就询问高斯奥特曼在哪 #塔尔塔洛斯 #奥特银河格斗 #奥特曼 #高斯奥特曼 #雷杰多奥特曼,1770776311,556886,4,9312,434,471,4319,0,"[""https://p3-pc-sign.douyinpic.com/image-cut-tos/1c140f3799504d5fa4a475d8f8af23b3~tplv-dy-resize-origshort-autoq-75:330.jpeg?lk3s=138a59ce&x-expires=2093500800&x-signature=xhnbw0C05Xw0qGUL7AqJC0gC3aQ%3D&from=327834062&s=PackSourceEnum_WEBPC_RELATED_AWEME&se=false&sc=cover&biz_tag=pcweb_cover&l=2026050716555150B63F8BE28A373A3A1A"", ""https://p9-pc-sign.douyinpic.com/image-cut-tos/1c140f3799504d5fa4a475d8f8af23b3~tplv-dy-resize-origshort-autoq-75:330.jpeg?lk3s=138a59ce&x-expires=2093500800&x-signature=DtqN%2B8RKPTXLREagYggxUJMzT1U%3D&from=327834062&s=PackSourceEnum_WEBPC_RELATED_AWEME&se=false&sc=cover&biz_tag=pcweb_cover&l=2026050716555150B63F8BE28A373A3A1A""]",7605426266854132534,@小果子奥特曼创作的原声,"[{""caption_end"": 6, ""caption_start"": 0, ""end"": 36, ""hashtag_id"": ""1665411521562638"", ""hashtag_name"": ""塔尔塔洛斯"", ""is_commerce"": false, ""start"": 30, ""type"": 1}, {""caption_end"": 14, ""caption_start"": 7, ""end"": 44, ""hashtag_id"": ""1640042117617688"", ""hashtag_name"": ""奥特银河格斗"", ""is_commerce"": false, ""start"": 37, ""type"": 1}, {""caption_end"": 19, ""caption_start"": 15, ""end"": 49, ""hashtag_id"": ""1568373482599426"", ""hashtag_name"": ""奥特曼"", ""is_commerce"": false, ""start"": 45, ""type"": 1}, {""caption_end"": 26, ""caption_start"": 20, ""end"": 56, ""hashtag_id"": ""1593199210854414"", ""hashtag_name"": ""高斯奥特曼"", ""is_commerce"": false, ""start"": 50, ""type"": 1}, {""caption_end"": 34, ""caption_start"": 27, ""end"": 64, ""hashtag_id"": ""1617439374300168"", ""hashtag_name"": ""雷杰多奥特曼"", ""is_commerce"": false, ""start"": 57, ""type"": 1}]","[{""level"": 1, ""tag_id"": 2014, ""tag_name"": ""二次元""}, {""level"": 2, ""tag_id"": 2014002, ""tag_name"": ""二次元内容""}, {""level"": 3, ""tag_id"": 2014002001, ""tag_name"": ""动漫IP""}]",
7626324327146835250,7621632799880555249,8,2026-05-07T16:55:41.074481,1876183438858464,MS4wLjABAAAATiMjnFfdpWO1fhOqz3G9f-K_DdiEeVNEHUO8xslQS4SVX5Vz1AztkYEmhnPfKERf,M78特摄,奥王折断奥特钥匙，没有兄弟对战巴巴尔星人#特摄剧 #奥特曼 #雷欧奥特曼,1774549676,678741,4,20724,1266,7939,3095,0,"[""https://p3-pc-sign.douyinpic.com/image-cut-tos/57d0e849b79ee5df4f51d7dded064312~tplv-dy-resize-origshort-autoq-75:330.jpeg?lk3s=138a59ce&x-expires=2093500800&x-signature=yCXbTAYxrmF0xDbzjK84hff%2BQ%2BU%3D&from=327834062&s=PackSourceEnum_WEBPC_RELATED_AWEME&se=false&sc=cover&biz_tag=pcweb_cover&l=2026050716555150B63F8BE28A373A3A1A"", ""https://p9-pc-sign.douyinpic.com/image-cut-tos/57d0e849b79ee5df4f51d7dded064312~tplv-dy-resize-origshort-autoq-75:330.jpeg?lk3s=138a59ce&x-expires=2093500800&x-signature=SxzCPmzjr1r%2BF1Sb1GepVTcLPxo%3D&from=327834062&s=PackSourceEnum_WEBPC_RELATED_AWEME&se=false&sc=cover&biz_tag=pcweb_cover&l=2026050716555150B63F8BE28A373A3A1A""]",7621632326610586374,@M78特摄创作的原声,"[{""caption_end"": 24, ""caption_start"": 20, ""end"": 24, ""hashtag_id"": ""1622720543086599"", ""hashtag_name"": ""特摄剧"", ""is_commerce"": false, ""start"": 20, ""type"": 1}, {""caption_end"": 29, ""caption_start"": 25, ""end"": 29, ""hashtag_id"": ""1568373482599426"", ""hashtag_name"": ""奥特曼"", ""is_commerce"": false, ""start"": 25, ""type"": 1}, {""caption_end"": 36, ""caption_start"": 30, ""end"": 36, ""hashtag_id"": ""1580775188518925"", ""hashtag_name"": ""雷欧奥特曼"", ""is_commerce"": false, ""start"": 30, ""type"": 1}]","[{""level"": 1, ""tag_id"": 2019, ""tag_name"": ""影视""}, {""level"": 2, ""tag_id"": 2019001, ""tag_name"": ""影视剪辑""}, {""level"": 3, ""tag_id"": 2019001001, ""tag_name"": ""电视剧剪辑""}]",
7626324327146835250,7615541261218417946,9,2026-05-07T16:55:41.074481,526034323112779,MS4wLjABAAAAAY-SJCmehqeloWoE83LEHBkMOybA-Pe_LaRXSHh-pzQ,小古动漫,光之国领导层，打起架来有多凶残？ #奥特曼#充能计划#我在抖音看动漫#动漫编年史,1773131380,275877,4,17794,195,804,4528,0,"[""https://p3-pc-sign.douyinpic.com/image-cut-tos/bd80ee51307e95c2d1d10921382c14df~tplv-dy-resize-origshort-autoq-75:330.jpeg?lk3s=138a59ce&x-expires=2093500800&x-signature=0sDANcm036RJEKdz2DCK%2FzuR37Y%3D&from=327834062&s=PackSourceEnum_WEBPC_RELATED_AWEME&se=false&sc=cover&biz_tag=pcweb_cover&l=2026050716555150B63F8BE28A373A3A1A"", ""https://p9-pc-sign.douyinpic.com/image-cut-tos/bd80ee51307e95c2d1d10921382c14df~tplv-dy-resize-origshort-autoq-75:330.jpeg?lk3s=138a59ce&x-expires=2093500800&x-signature=TkxS7Y08ifuDPwFsH9SniWltFJY%3D&from=327834062&s=PackSourceEnum_WEBPC_RELATED_AWEME&se=false&sc=cover&biz_tag=pcweb_cover&l=2026050716555150B63F8BE28A373A3A1A""]",7615541364909329198,@小古动漫创作的原声,"[{""caption_end"": 4, ""caption_start"": 0, ""end"": 21, ""hashtag_id"": ""1568373482599426"", ""hashtag_name"": ""奥特曼"", ""is_commerce"": false, ""start"": 17, ""type"": 1}, {""caption_end"": 9, ""caption_start"": 4, ""end"": 26, ""hashtag_id"": ""1655868948754440"", ""hashtag_name"": ""充能计划"", ""is_commerce"": false, ""start"": 21, ""type"": 1}, {""caption_end"": 17, ""caption_start"": 9, ""end"": 34, ""hashtag_id"": ""1638671939469324"", ""hashtag_name"": ""我在抖音看动漫"", ""is_commerce"": false, ""start"": 26, ""type"": 1}, {""caption_end"": 23, ""caption_start"": 17, ""end"": 40, ""hashtag_id"": ""1754442585463815"", ""hashtag_name"": ""动漫编年史"", ""is_commerce"": false, ""start"": 34, ""type"": 1}]","[{""level"": 1, ""tag_id"": 2014, ""tag_name"": ""二次元""}, {""level"": 2, ""tag_id"": 2014002, ""tag_name"": ""二次元内容""}, {""level"": 3, ""tag_id"": 2014002001, ""tag_name"": ""动漫IP""}]",从雷欧的视角看光之国的权利体系，揭示了奥特之王的神秘出现，以及初代、赛文、杰克、艾斯、泰罗、爱迪等奥特曼成为光之国最高领导层的过程。同时，回顾了初代、赛文、艾斯等奥特曼的狂野作战风格和恐怖战绩。
7626381492997885210,7626374344943389990,0,2026-05-07T16:55:57.650352,7411813586904040508,MS4wLjABAAAA0XRcyVitKlLYGBByiV8tSLRjrv-MiZ6lLgS_K4QLTiDmgOp7OTLHo13NYWAZHO0C,生活侧影,“我会带着笑容，等待着和你的明天”|《母亲》解说（4/4） #日剧母亲 #芦田爱菜 #松雪泰子 #母爱#了不起的精讲团,1775817001,769046,4,9770,131,624,1090,0,"[""https://p3-pc-sign.douyinpic.com/image-cut-tos/fed90f5daf00bbda9d32cd4e63e58b39~tplv-dy-resize-origshort-autoq-75:330.jpeg?lk3s=138a59ce&x-expires=2093500800&x-signature=%2BPZJ4ivGZ%2F8AxZNrOo8rKHGyrTI%3D&from=327834062&s=PackSourceEnum_WEBPC_RELATED_AWEME&se=false&sc=cover&biz_tag=pcweb_cover&l=2026050716560802C4CF70450B9455DA2F"", ""https://p9-pc-sign.douyinpic.com/image-cut-tos/fed90f5daf00bbda9d32cd4e63e58b39~tplv-dy-resize-origshort-autoq-75:330.jpeg?lk3s=138a59ce&x-expires=2093500800&x-signature=xyyrWXcSPgejMDB2su%2F5MIIFq5g%3D&from=327834062&s=PackSourceEnum_WEBPC_RELATED_AWEME&se=false&sc=cover&biz_tag=pcweb_cover&l=2026050716560802C4CF70450B9455DA2F""]",7626333247693605674,@生活侧影创作的原声,"[{""caption_end"": 5, ""caption_start"": 0, ""end"": 35, ""hashtag_id"": ""1658321765860356"", ""hashtag_name"": ""日剧母亲"", ""is_commerce"": false, ""start"": 30, ""type"": 1}, {""caption_end"": 11, ""caption_start"": 6, ""end"": 41, ""hashtag_id"": ""1662750604477448"", ""hashtag_name"": ""芦田爱菜"", ""is_commerce"": false, ""start"": 36, ""type"": 1}, {""caption_end"": 17, ""caption_start"": 12, ""end"": 47, ""hashtag_id"": ""1622191936832525"", ""hashtag_name"": ""松雪泰子"", ""is_commerce"": false, ""start"": 42, ""type"": 1}, {""caption_end"": 21, ""caption_start"": 18, ""end"": 51, ""hashtag_id"": ""1574785350757390"", ""hashtag_name"": ""母爱"", ""is_commerce"": false, ""start"": 48, ""type"": 1}, {""caption_end"": 29, ""caption_start"": 21, ""end"": 59, ""hashtag_id"": ""7519800545998014515"", ""hashtag_name"": ""了不起的精讲团"", ""is_commerce"": false, ""start"": 51, ""type"": 1}]","[{""level"": 1, ""tag_id"": 2019, ""tag_name"": ""影视""}, {""level"": 2, ""tag_id"": 2019001, ""tag_name"": ""影视剪辑""}, {""level"": 3, ""tag_id"": 2019001001, ""tag_name"": ""电视剧剪辑""}]",
7626381492997885210,7627385101365579023,1,2026-05-07T16:55:57.650352,2911154408788943,MS4wLjABAAAAFtX8dU3X3geAXNu-soxYq-2x8SWyfQMjsh7g7QmXBLofW51RBygWTsCcWUJZG8ki,古惑电影,日剧不生孩子的女人不可以吗？自私男竟想骗妻怀孕！ #抖音精选计划 #了不起的精讲团 #青年创作者成长计划 #日剧 #日剧推荐,1775889597,331606,4,32125,845,22611,3616,0,"[""https://p3-pc-sign.douyinpic.com/image-cut-tos/28f8a0923421dbb8d9a0bdee05a810f7~tplv-dy-resize-origshort-autoq-75:330.jpeg?lk3s=138a59ce&x-expires=2093500800&x-signature=ZCGTApwg5s2fd6afIEKdHz%2BWziU%3D&from=327834062&s=PackSourceEnum_WEBPC_RELATED_AWEME&se=false&sc=cover&biz_tag=pcweb_cover&l=2026050716560802C4CF70450B9455DA2F"", ""https://p9-pc-sign.douyinpic.com/image-cut-tos/28f8a0923421dbb8d9a0bdee05a810f7~tplv-dy-resize-origshort-autoq-75:330.jpeg?lk3s=138a59ce&x-expires=2093500800&x-signature=3aMcpTnWVC8a4okoaZSkI88fzIs%3D&from=327834062&s=PackSourceEnum_WEBPC_RELATED_AWEME&se=false&sc=cover&biz_tag=pcweb_cover&l=2026050716560802C4CF70450B9455DA2F""]",7627385197943737097,@古惑电影创作的原声,"[{""caption_end"": 7, ""caption_start"": 0, ""end"": 32, ""hashtag_id"": ""1778252371485708"", ""hashtag_name"": ""抖音精选计划"", ""is_commerce"": false, ""start"": 25, ""type"": 1}, {""caption_end"": 16, ""caption_start"": 8, ""end"": 41, ""hashtag_id"": ""7519800545998014515"", ""hashtag_name"": ""了不起的精讲团"", ""is_commerce"": false, ""start"": 33, ""type"": 1}, {""caption_end"": 27, ""caption_start"": 17, ""end"": 52, ""hashtag_id"": ""7529832653680281615"", ""hashtag_name"": ""青年创作者成长计划"", ""is_commerce"": false, ""start"": 42, ""type"": 1}, {""caption_end"": 31, ""caption_start"": 28, ""end"": 56, ""hashtag_id"": ""1586858510110750"", ""hashtag_name"": ""日剧"", ""is_commerce"": false, ""start"": 53, ""type"": 1}, {""caption_end"": 37, ""caption_start"": 32, ""end"": 62, ""hashtag_id"": ""1594508739586056"", ""hashtag_name"": ""日剧推荐"", ""is_commerce"": false, ""start"": 57, ""type"": 1}]","[{""level"": 1, ""tag_id"": 2019, ""tag_name"": ""影视""}, {""level"": 2, ""tag_id"": 2019001, ""tag_name"": ""影视剪辑""}, {""level"": 3, ""tag_id"": 2019001001, ""tag_name"": ""电视剧剪辑""}]",
7626381492997885210,7613797375211015434,2,2026-05-07T16:55:57.650352,7476315233482294331,MS4wLjABAAAADp_GhXDFdnYkGatIl-6pyozUIAnvPgrPgvFsaOhrAYDfryJ2m9DJDi8Ske6EAeoD,云祥剪影,[36分钟]一口气看完韩剧《好久没做》 #青年创作者成长计划 #韩剧 #了不起的精讲团 #影视解说 #抖音精选,1772726712,2131689,4,87486,915,13869,15167,0,"[""https://p3-pc-sign.douyinpic.com/image-cut-tos/32dd2c3c0739a289ac2c40c30e47180a~tplv-dy-resize-origshort-autoq-75:330.jpeg?lk3s=138a59ce&x-expires=2093500800&x-signature=qhoidS9YxuhqXbEeLozReRI8Ido%3D&from=327834062&s=PackSourceEnum_WEBPC_RELATED_AWEME&se=false&sc=cover&biz_tag=pcweb_cover&l=2026050716560802C4CF70450B9455DA2F"", ""https://p9-pc-sign.douyinpic.com/image-cut-tos/32dd2c3c0739a289ac2c40c30e47180a~tplv-dy-resize-origshort-autoq-75:330.jpeg?lk3s=138a59ce&x-expires=2093500800&x-signature=pBsd2Z9DurYYo5lNjR0KDD3Ag%2Fk%3D&from=327834062&s=PackSourceEnum_WEBPC_RELATED_AWEME&se=false&sc=cover&biz_tag=pcweb_cover&l=2026050716560802C4CF70450B9455DA2F""]",7613798071570369280,@云祥剪影创作的原声,"[{""caption_end"": 10, ""caption_start"": 0, ""end"": 30, ""hashtag_id"": ""7529832653680281615"", ""hashtag_name"": ""青年创作者成长计划"", ""is_commerce"": false, ""start"": 20, ""type"": 1}, {""caption_end"": 14, ""caption_start"": 11, ""end"": 34, ""hashtag_id"": ""1565186793875458"", ""hashtag_name"": ""韩剧"", ""is_commerce"": false, ""start"": 31, ""type"": 1}, {""caption_end"": 23, ""caption_start"": 15, ""end"": 43, ""hashtag_id"": ""7519800545998014515"", ""hashtag_name"": ""了不起的精讲团"", ""is_commerce"": false, ""start"": 35, ""type"": 1}, {""caption_end"": 29, ""caption_start"": 24, ""end"": 49, ""hashtag_id"": ""7419051162252347433"", ""hashtag_name"": ""影视解说"", ""is_commerce"": false, ""start"": 44, ""type"": 1}, {""caption_end"": 35, ""caption_start"": 30, ""end"": 55, ""hashtag_id"": ""1568943621383170"", ""hashtag_name"": ""抖音精选"", ""is_commerce"": false, ""start"": 50, ""type"": 1}]","[{""level"": 1, ""tag_id"": 2019, ""tag_name"": ""影视""}, {""level"": 2, ""tag_id"": 2019002, ""tag_name"": ""影视解说""}, {""level"": 3, ""tag_id"": 2019002002, ""tag_name"": ""电影解说""}]",
7626381492997885210,7625598878179413294,3,2026-05-07T16:55:57.650352,1150541461207274,MS4wLjABAAAATk4s4r2BmLVERiumnUl407p6jznEH1MMeNMSraJujF95U1ArLDAR3mSgCADN-RBJ,扬仔探剧,【沉浸式+深度】绝命连环计！ #影视解说 #了不起的精讲团 #我的观影报告,1775473106,769743,4,21715,224,2238,4139,0,"[""https://p3-pc-sign.douyinpic.com/image-cut-tos/4604ad744c046e6c3285f1475ec3aa7d~tplv-dy-resize-origshort-autoq-75:330.jpeg?lk3s=138a59ce&x-expires=2093500800&x-signature=8BAvExc30%2FPMwRfkziv28QmnLVk%3D&from=327834062&s=PackSourceEnum_WEBPC_RELATED_AWEME&se=false&sc=cover&biz_tag=pcweb_cover&l=2026050716560802C4CF70450B9455DA2F"", ""https://p9-pc-sign.douyinpic.com/image-cut-tos/4604ad744c046e6c3285f1475ec3aa7d~tplv-dy-resize-origshort-autoq-75:330.jpeg?lk3s=138a59ce&x-expires=2093500800&x-signature=0j6Z%2BCKdKyqnpPqkUD1RKxHmUCw%3D&from=327834062&s=PackSourceEnum_WEBPC_RELATED_AWEME&se=false&sc=cover&biz_tag=pcweb_cover&l=2026050716560802C4CF70450B9455DA2F""]",7625599150029081382,@扬仔探剧创作的原声,"[{""caption_end"": 5, ""caption_start"": 0, ""end"": 20, ""hashtag_id"": ""1637605463572493"", ""hashtag_name"": ""影视解说"", ""is_commerce"": false, ""start"": 15, ""type"": 1}, {""caption_end"": 14, ""caption_start"": 6, ""end"": 29, ""hashtag_id"": ""7519800545998014515"", ""hashtag_name"": ""了不起的精讲团"", ""is_commerce"": false, ""start"": 21, ""type"": 1}, {""caption_end"": 22, ""caption_start"": 15, ""end"": 37, ""hashtag_id"": ""1640007327696910"", ""hashtag_name"": ""我的观影报告"", ""is_commerce"": false, ""start"": 30, ""type"": 1}]","[{""level"": 1, ""tag_id"": 2019, ""tag_name"": ""影视""}, {""level"": 2, ""tag_id"": 2019002, ""tag_name"": ""影视解说""}, {""level"": 3, ""tag_id"": 2019002002, ""tag_name"": ""电影解说""}]",
7626381492997885210,7625632532889272163,4,2026-05-07T16:55:57.650352,2472161783580884,MS4wLjABAAAATEZM3BIAJfotyiZATHneTjaVCsEaacGPKJAvAjV097oP62TkoQcMsT5RICx50o-k,悟空说剧,每个人的头上都有一根红线，你头上有几条？#sline #抖音精选 #韩剧,1775480931,1781041,4,33483,310,4248,5197,0,"[""https://p3-pc-sign.douyinpic.com/image-cut-tos/6bf824564ae47323f425db588b55c25d~tplv-dy-resize-origshort-autoq-75:330.jpeg?lk3s=138a59ce&x-expires=2093500800&x-signature=KkJZ5juWg6bmSzEeK3lqvdtnB%2B8%3D&from=327834062&s=PackSourceEnum_WEBPC_RELATED_AWEME&se=false&sc=cover&biz_tag=pcweb_cover&l=2026050716560802C4CF70450B9455DA2F"", ""https://p9-pc-sign.douyinpic.com/image-cut-tos/6bf824564ae47323f425db588b55c25d~tplv-dy-resize-origshort-autoq-75:330.jpeg?lk3s=138a59ce&x-expires=2093500800&x-signature=Tf66Okzs%2BOBiEPPzbRWymnsYDGI%3D&from=327834062&s=PackSourceEnum_WEBPC_RELATED_AWEME&se=false&sc=cover&biz_tag=pcweb_cover&l=2026050716560802C4CF70450B9455DA2F""]",7625632708006873892,@悟空说剧创作的原声,"[{""caption_end"": 26, ""caption_start"": 20, ""end"": 26, ""hashtag_id"": ""1609020940504068"", ""hashtag_name"": ""sline"", ""is_commerce"": false, ""start"": 20, ""type"": 1}, {""caption_end"": 32, ""caption_start"": 27, ""end"": 32, ""hashtag_id"": ""1568943621383170"", ""hashtag_name"": ""抖音精选"", ""is_commerce"": false, ""start"": 27, ""type"": 1}, {""caption_end"": 36, ""caption_start"": 33, ""end"": 36, ""hashtag_id"": ""1565186793875458"", ""hashtag_name"": ""韩剧"", ""is_commerce"": false, ""start"": 33, ""type"": 1}]","[{""level"": 1, ""tag_id"": 2019, ""tag_name"": ""影视""}, {""level"": 2, ""tag_id"": 2019001, ""tag_name"": ""影视剪辑""}, {""level"": 3, ""tag_id"": 2019001001, ""tag_name"": ""电视剧剪辑""}]",
7626381492997885210,7625265362610982194,5,2026-05-07T16:55:57.650352,1535374695865192,MS4wLjABAAAAHj2wmJY3xMpMwT6BMmm_DIM4ibBeVnCyyi5PPi27YgkAzwwzYMJo1UPQPE41A29D,叭叭下饭剧,《你好再见妈妈》：妈妈的爱能跨越生死 #你好再见妈妈 #韩剧 #金泰熙 #亲情 #抖音精选,1775395456,638968,4,286591,2793,41296,18224,0,"[""https://p9-pc-sign.douyinpic.com/image-cut-tos/1c285747c4a32e72cdc6626b3f87ce3a~tplv-dy-resize-origshort-autoq-75:330.jpeg?lk3s=138a59ce&x-expires=2093500800&x-signature=vrU38L5qlMSxULYuQHsuHGIQfV4%3D&from=327834062&s=PackSourceEnum_WEBPC_RELATED_AWEME&se=false&sc=cover&biz_tag=pcweb_cover&l=2026050716560802C4CF70450B9455DA2F"", ""https://p3-pc-sign.douyinpic.com/image-cut-tos/1c285747c4a32e72cdc6626b3f87ce3a~tplv-dy-resize-origshort-autoq-75:330.jpeg?lk3s=138a59ce&x-expires=2093500800&x-signature=c8CzVoHizwEult9V6RWVUzVKiD0%3D&from=327834062&s=PackSourceEnum_WEBPC_RELATED_AWEME&se=false&sc=cover&biz_tag=pcweb_cover&l=2026050716560802C4CF70450B9455DA2F""]",7625265567662246683,@叭叭下饭剧创作的原声,"[{""caption_end"": 7, ""caption_start"": 0, ""end"": 26, ""hashtag_id"": ""1659295054273548"", ""hashtag_name"": ""你好再见妈妈"", ""is_commerce"": false, ""start"": 19, ""type"": 1}, {""caption_end"": 11, ""caption_start"": 8, ""end"": 30, ""hashtag_id"": ""1565186793875458"", ""hashtag_name"": ""韩剧"", ""is_commerce"": false, ""start"": 27, ""type"": 1}, {""caption_end"": 16, ""caption_start"": 12, ""end"": 35, ""hashtag_id"": ""1595147639289859"", ""hashtag_name"": ""金泰熙"", ""is_commerce"": false, ""start"": 31, ""type"": 1}, {""caption_end"": 20, ""caption_start"": 17, ""end"": 39, ""hashtag_id"": ""1559842263609346"", ""hashtag_name"": ""亲情"", ""is_commerce"": false, ""start"": 36, ""type"": 1}, {""caption_end"": 26, ""caption_start"": 21, ""end"": 45, ""hashtag_id"": ""1568943621383170"", ""hashtag_name"": ""抖音精选"", ""is_commerce"": false, ""start"": 40, ""type"": 1}]","[{""level"": 1, ""tag_id"": 2019, ""tag_name"": ""影视""}, {""level"": 2, ""tag_id"": 2019002, ""tag_name"": ""影视解说""}, {""level"": 3, ""tag_id"": 2019002002, ""tag_name"": ""电影解说""}]",
7626381492997885210,7624809959598935359,6,2026-05-07T16:55:57.650352,563369363914335,MS4wLjABAAAASanUzhl51Q_VMtD0NhhCYM8vzwtVSO5NmRlw_fQRAyw,三金说,"下集在主页/合集，不拆分发不出来实在抱歉。 《我的恐怖妻子》第一期的解说下半段在合集/主页里。
首先要跟长久以来支持我的粉丝说声抱歉，很早之前我就开过这部剧的解说坑，
但当时因为种种原因中途停更，这种漫长的难产，除了个人事务的拉扯，更重要的一点在于，这部剧的信息密度和文本深度，实在让我不敢轻易下笔去拆解。
 
很多人一听到翻拍这两个字，或者看到“出轨复仇”的简介标签，就很容易带着先入为主的偏见，把它当成一部普通的家庭伦理狗血剧，从而遗憾的与它擦肩而过，但这恰恰是我死磕到底、哪怕拖更至今也一定要把它做成深度长视频的真正原因。尤其是女主真理亚这个角色，实在是太过复杂，也太过迷人，她值得被更多人看见和探讨。
 
细究真理亚这个角色，你会发现一种令人战栗的极致割裂感。
她智商极高、手段狠辣，能将丈夫、情敌、警察甚至媒体都玩弄于股掌之间，是个不折不扣的蛇蝎美人。但另一方面，她又似乎是一个完美的、值得托付一生的伴侣，她会瞒着丈夫，去照顾重病的婆婆，也会像写日记一样，将丈夫所有的饮食喜好，事无巨细地记录下来，这种溢出屏幕的爱意与不计回报的付出，似乎出自真心，并非是逢场作戏。
 
这两张截然不同的面孔，带来了本剧最核心的矛盾，一个如此重情重义的好妻子，是如何变成一个策划了完美犯罪的恐怖女人的？
 
我没办法用传统意义上的“好坏”去定义真理亚，面对丈夫企图用毒药谋杀自己的现实，普通人的第一反应是恐惧、逃离，甚至是声嘶力竭的控诉。但真理亚却选择了最极致的“反向操作”用一场自导自演的血腥绑架案予以还击，她利用学弟对她的爱慕，甚至还不惜伤害自己，在这个女人的字典里，没有底线，只有目的。她的优雅和她的疯狂是一体的。
 
第一期的落幕，与其说是真理亚的单方面胜利，不如说是新一轮疯狂的倒计时。
 
发现了窃听器真相的情人杏南，她会就此善罢甘休吗？
 
被彻底剥夺了尊严、察觉出妻子真面目的幸平，他的反扑又将以何种形式到来?
 
那个对真理亚死心塌地、被卷入风暴中心的学弟，他的死亡又会牵扯出怎样的连锁风暴？
 
经验丰富的刑警队长，又会如何循着血迹撕开真理亚的完美伪装?
 
迷雾还未散去，真正的猎杀，现在才刚刚拉开帷幕。
#青年创作者成长计划 #了不起的精讲团 #抖音创作季 #影视经典补完计划 #我的恐怖妻子",1775289418,1184383,4,193901,1578,24162,27395,0,"[""https://p3-pc-sign.douyinpic.com/image-cut-tos/cded86477be834d0c9712f6aec5284db~tplv-dy-resize-origshort-autoq-75:330.jpeg?lk3s=138a59ce&x-expires=2093500800&x-signature=Q%2BaFwaOUVDqgazRUxd1xzA4GpwY%3D&from=327834062&s=PackSourceEnum_WEBPC_RELATED_AWEME&se=false&sc=cover&biz_tag=pcweb_cover&l=2026050716560802C4CF70450B9455DA2F"", ""https://p9-pc-sign.douyinpic.com/image-cut-tos/cded86477be834d0c9712f6aec5284db~tplv-dy-resize-origshort-autoq-75:330.jpeg?lk3s=138a59ce&x-expires=2093500800&x-signature=93zBokSDDPGgBdoIhn7WtvnDDLU%3D&from=327834062&s=PackSourceEnum_WEBPC_RELATED_AWEME&se=false&sc=cover&biz_tag=pcweb_cover&l=2026050716560802C4CF70450B9455DA2F""]",7624809826043972395,@三金说创作的原声,"[{""caption_end"": 898, ""caption_start"": 888, ""end"": 920, ""hashtag_id"": ""7529832653680281615"", ""hashtag_name"": ""青年创作者成长计划"", ""is_commerce"": false, ""start"": 910, ""type"": 1}, {""caption_end"": 907, ""caption_start"": 899, ""end"": 929, ""hashtag_id"": ""7519800545998014515"", ""hashtag_name"": ""了不起的精讲团"", ""is_commerce"": false, ""start"": 921, ""type"": 1}, {""caption_end"": 914, ""caption_start"": 908, ""end"": 936, ""hashtag_id"": ""1661474325318660"", ""hashtag_name"": ""抖音创作季"", ""is_commerce"": false, ""start"": 930, ""type"": 1}, {""caption_end"": 924, ""caption_start"": 915, ""end"": 946, ""hashtag_id"": ""7509046367072585763"", ""hashtag_name"": ""影视经典补完计划"", ""is_commerce"": false, ""start"": 937, ""type"": 1}, {""caption_end"": 932, ""caption_start"": 925, ""end"": 954, ""hashtag_id"": ""1642033142205443"", ""hashtag_name"": ""我的恐怖妻子"", ""is_commerce"": false, ""start"": 947, ""type"": 1}]","[{""level"": 1, ""tag_id"": 2019, ""tag_name"": ""影视""}, {""level"": 2, ""tag_id"": 2019002, ""tag_name"": ""影视解说""}, {""level"": 3, ""tag_id"": 2019002002, ""tag_name"": ""电影解说""}]",
7626381492997885210,7625982562275446031,7,2026-05-07T16:55:57.650352,109025508465,MS4wLjABAAAAyd67WGsi85_Wf8Xawpcns9jBYlSpyiKh1LS3Y1uASsA,共情故事馆,“大海会淹没往事，扼杀恶灵，封存恋爱”#菅田将晖 #小松菜奈 #了不起的精讲团,1775563648,1234840,4,255436,495,29370,26435,0,"[""https://p3-pc-sign.douyinpic.com/image-cut-tos/c6e039aeec3f17dd9a68157caa26dc5e~tplv-dy-resize-origshort-autoq-75:330.jpeg?lk3s=138a59ce&x-expires=2093500800&x-signature=UelQC4CBHBajJM%2Bu5tg%2B1h66huU%3D&from=327834062&s=PackSourceEnum_WEBPC_RELATED_AWEME&se=false&sc=cover&biz_tag=pcweb_cover&l=2026050716560802C4CF70450B9455DA2F"", ""https://p9-pc-sign.douyinpic.com/image-cut-tos/c6e039aeec3f17dd9a68157caa26dc5e~tplv-dy-resize-origshort-autoq-75:330.jpeg?lk3s=138a59ce&x-expires=2093500800&x-signature=ak%2F6qCD4jIzi6EWVv9PuD7GI%2Fp8%3D&from=327834062&s=PackSourceEnum_WEBPC_RELATED_AWEME&se=false&sc=cover&biz_tag=pcweb_cover&l=2026050716560802C4CF70450B9455DA2F""]",7625982971199228726,@共情故事馆创作的原声,"[{""caption_end"": 24, ""caption_start"": 19, ""end"": 24, ""hashtag_id"": ""1589670154029064"", ""hashtag_name"": ""菅田将晖"", ""is_commerce"": false, ""start"": 19, ""type"": 1}, {""caption_end"": 30, ""caption_start"": 25, ""end"": 30, ""hashtag_id"": ""1589758099439620"", ""hashtag_name"": ""小松菜奈"", ""is_commerce"": false, ""start"": 25, ""type"": 1}, {""caption_end"": 39, ""caption_start"": 31, ""end"": 39, ""hashtag_id"": ""7519800545998014515"", ""hashtag_name"": ""了不起的精讲团"", ""is_commerce"": false, ""start"": 31, ""type"": 1}]","[{""level"": 1, ""tag_id"": 2019, ""tag_name"": ""影视""}, {""level"": 2, ""tag_id"": 2019001, ""tag_name"": ""影视剪辑""}, {""level"": 3, ""tag_id"": 2019001002, ""tag_name"": ""电影剪辑""}]",
7626381492997885210,7636747155285347620,8,2026-05-07T16:55:57.650352,2911110983593246,MS4wLjABAAAAdPVp7RfOy7vVxjlUr0KstB7ChtGMTxvSD1oVmMzRGE7VnMMhPXo8-gAP6UpHwy0k,解忧剧乐部,#日剧 #影视解说 #因为一个片段看了整部剧 #爱情 #日剧推荐,1778068766,481351,4,1583,235,1027,321,0,"[""https://p3-pc-sign.douyinpic.com/image-cut-tos-priv/4a527851eabefa9b70439a5a9cdc3300~tplv-dy-resize-origshort-autoq-75:330.jpeg?lk3s=138a59ce&x-expires=2093500800&x-signature=%2BHar2GJNseFVFAojj6xKXSZ2PD0%3D&from=327834062&s=PackSourceEnum_WEBPC_RELATED_AWEME&se=false&sc=cover&biz_tag=pcweb_cover&l=2026050716560802C4CF70450B9455DA2F"", ""https://p9-pc-sign.douyinpic.com/image-cut-tos-priv/4a527851eabefa9b70439a5a9cdc3300~tplv-dy-resize-origshort-autoq-75:330.jpeg?lk3s=138a59ce&x-expires=2093500800&x-signature=y0MPjIrznw9dQkgJtKgqUx%2FAm5I%3D&from=327834062&s=PackSourceEnum_WEBPC_RELATED_AWEME&se=false&sc=cover&biz_tag=pcweb_cover&l=2026050716560802C4CF70450B9455DA2F""]",7636747319420930825,@解忧剧乐部创作的原声,"[{""caption_end"": 3, ""caption_start"": 0, ""end"": 3, ""hashtag_id"": ""1586858510110750"", ""hashtag_name"": ""日剧"", ""is_commerce"": false, ""start"": 0, ""type"": 1}, {""caption_end"": 9, ""caption_start"": 4, ""end"": 9, ""hashtag_id"": ""1637605463572493"", ""hashtag_name"": ""影视解说"", ""is_commerce"": false, ""start"": 4, ""type"": 1}, {""caption_end"": 22, ""caption_start"": 10, ""end"": 22, ""hashtag_id"": ""1634154138369043"", ""hashtag_name"": ""因为一个片段看了整部剧"", ""is_commerce"": false, ""start"": 10, ""type"": 1}, {""caption_end"": 26, ""caption_start"": 23, ""end"": 26, ""hashtag_id"": ""1562208367689745"", ""hashtag_name"": ""爱情"", ""is_commerce"": false, ""start"": 23, ""type"": 1}, {""caption_end"": 32, ""caption_start"": 27, ""end"": 32, ""hashtag_id"": ""1594508739586056"", ""hashtag_name"": ""日剧推荐"", ""is_commerce"": false, ""start"": 27, ""type"": 1}]","[{""level"": 1, ""tag_id"": 2019, ""tag_name"": ""影视""}, {""level"": 2, ""tag_id"": 2019002, ""tag_name"": ""影视解说""}, {""level"": 3, ""tag_id"": 2019002002, ""tag_name"": ""电影解说""}]",
7626381492997885210,7631617105535733027,9,2026-05-07T16:55:57.650352,4141198930895514,MS4wLjABAAAArovAxLqUEXZ_SBMkzgiGgQ-OJMdpgMlz8YZaNAmbyTYpFLMhPXxQ89lfYwWyiMJr,疯女子说剧,超炸裂日剧《直到破坏了丈夫的家庭》第三集抓马程度超乎你想象 男孩竟然对妈妈的男友的妻子一见钟情，而女人也知道男孩是丈夫与小三的儿子，所以为了报复这个渣男，他选择成为老公和小三的儿媳妇。#影视解说 #日剧 #复仇 #热门 #影视,1776874343,610600,4,5331,138,1042,1069,0,"[""https://p3-pc-sign.douyinpic.com/image-cut-tos/3d7f8d4eeed4feac715289cb95a4d725~tplv-dy-resize-origshort-autoq-75:330.jpeg?lk3s=138a59ce&x-expires=2093500800&x-signature=TuTGmjiZwJ7wlj9mY5NQC5kpX6Y%3D&from=327834062&s=PackSourceEnum_WEBPC_RELATED_AWEME&se=false&sc=cover&biz_tag=pcweb_cover&l=2026050716560802C4CF70450B9455DA2F"", ""https://p9-pc-sign.douyinpic.com/image-cut-tos/3d7f8d4eeed4feac715289cb95a4d725~tplv-dy-resize-origshort-autoq-75:330.jpeg?lk3s=138a59ce&x-expires=2093500800&x-signature=FIqgNRP%2FEgSnOBxnTEJpYMoWxMU%3D&from=327834062&s=PackSourceEnum_WEBPC_RELATED_AWEME&se=false&sc=cover&biz_tag=pcweb_cover&l=2026050716560802C4CF70450B9455DA2F""]",7631617429503855369,@疯女子说剧创作的原声,"[{""caption_end"": 67, ""caption_start"": 62, ""end"": 97, ""hashtag_id"": ""7419051162252347433"", ""hashtag_name"": ""影视解说"", ""is_commerce"": false, ""start"": 92, ""type"": 1}, {""caption_end"": 71, ""caption_start"": 68, ""end"": 101, ""hashtag_id"": ""1586858510110750"", ""hashtag_name"": ""日剧"", ""is_commerce"": false, ""start"": 98, ""type"": 1}, {""caption_end"": 75, ""caption_start"": 72, ""end"": 105, ""hashtag_id"": ""1572378327116813"", ""hashtag_name"": ""复仇"", ""is_commerce"": false, ""start"": 102, ""type"": 1}, {""caption_end"": 79, ""caption_start"": 76, ""end"": 109, ""hashtag_id"": ""1767586892234824"", ""hashtag_name"": ""热门"", ""is_commerce"": false, ""start"": 106, ""type"": 1}, {""caption_end"": 83, ""caption_start"": 80, ""end"": 113, ""hashtag_id"": ""1565374263497730"", ""hashtag_name"": ""影视"", ""is_commerce"": false, ""start"": 110, ""type"": 1}]","[{""level"": 1, ""tag_id"": 2019, ""tag_name"": ""影视""}, {""level"": 2, ""tag_id"": 2019002, ""tag_name"": ""影视解说""}, {""level"": 3, ""tag_id"": 2019002002, ""tag_name"": ""电影解说""}]",
7627061029150805302,7633622250029715903,0,2026-05-07T16:56:18.915317,93171916468,MS4wLjABAAAADYdLzjavfbSzWFd9tdoRYCa34x2zJfOFrlCVdJljaFw,彼此说剧,猎冰08：为了逼大毒枭去金三角，制毒师竟把高纯度冰毒丢进江里。#猎冰 #好剧推荐 #了不起的精讲团,1777341183,393509,4,3499,32,90,383,0,"[""https://p3-pc-sign.douyinpic.com/image-cut-tos/946ce445c2dbb9be8e228b5c903017a5~tplv-dy-resize-origshort-autoq-75:330.jpeg?lk3s=138a59ce&x-expires=2093500800&x-signature=dHF3%2FR1uNAe91V4W3UL7lfU6iyA%3D&from=327834062&s=PackSourceEnum_WEBPC_RELATED_AWEME&se=false&sc=cover&biz_tag=pcweb_cover&l=20260507165629C6EDC6D3A4DAF82980BF"", ""https://p9-pc-sign.douyinpic.com/image-cut-tos/946ce445c2dbb9be8e228b5c903017a5~tplv-dy-resize-origshort-autoq-75:330.jpeg?lk3s=138a59ce&x-expires=2093500800&x-signature=D1sAwXU6HcvPUeE0%2FIZOFkHOC3M%3D&from=327834062&s=PackSourceEnum_WEBPC_RELATED_AWEME&se=false&sc=cover&biz_tag=pcweb_cover&l=20260507165629C6EDC6D3A4DAF82980BF""]",7633622279653559081,@彼此说剧创作的原声,"[{""caption_end"": 34, ""caption_start"": 31, ""end"": 34, ""hashtag_id"": ""1744110546535435"", ""hashtag_name"": ""猎冰"", ""is_commerce"": false, ""start"": 31, ""type"": 1}, {""caption_end"": 40, ""caption_start"": 35, ""end"": 40, ""hashtag_id"": ""7419051784938719273"", ""hashtag_name"": ""好剧推荐"", ""is_commerce"": false, ""start"": 35, ""type"": 1}, {""caption_end"": 49, ""caption_start"": 41, ""end"": 49, ""hashtag_id"": ""7519800545998014515"", ""hashtag_name"": ""了不起的精讲团"", ""is_commerce"": false, ""start"": 41, ""type"": 1}]","[{""level"": 1, ""tag_id"": 2019, ""tag_name"": ""影视""}, {""level"": 2, ""tag_id"": 2019002, ""tag_name"": ""影视解说""}, {""level"": 3, ""tag_id"": 2019002002, ""tag_name"": ""电影解说""}]",
7627061029150805302,7633251170937353594,1,2026-05-07T16:56:18.915317,93171916468,MS4wLjABAAAADYdLzjavfbSzWFd9tdoRYCa34x2zJfOFrlCVdJljaFw,彼此说剧,猎冰07：两大毒枭回合，渔船制毒建立海上制毒王国。 #猎冰 #好剧推荐 #了不起的精讲团 #青年创作者成长计划,1777254784,383153,4,6765,80,122,838,0,"[""https://p3-pc-sign.douyinpic.com/image-cut-tos/d0fc3ddf7857ddfc56803e0e3ac229f6~tplv-dy-resize-origshort-autoq-75:330.jpeg?lk3s=138a59ce&x-expires=2093500800&x-signature=8SKRAfrMTK0Eg8YTlYwiAvTyU5I%3D&from=327834062&s=PackSourceEnum_WEBPC_RELATED_AWEME&se=false&sc=cover&biz_tag=pcweb_cover&l=20260507165629C6EDC6D3A4DAF82980BF"", ""https://p9-pc-sign.douyinpic.com/image-cut-tos/d0fc3ddf7857ddfc56803e0e3ac229f6~tplv-dy-resize-origshort-autoq-75:330.jpeg?lk3s=138a59ce&x-expires=2093500800&x-signature=XyVxLgA4WH7Fu%2FF%2Bl6b09T8TjOw%3D&from=327834062&s=PackSourceEnum_WEBPC_RELATED_AWEME&se=false&sc=cover&biz_tag=pcweb_cover&l=20260507165629C6EDC6D3A4DAF82980BF""]",7633250994285038370,@彼此说剧创作的原声,"[{""caption_end"": 3, ""caption_start"": 0, ""end"": 29, ""hashtag_id"": ""1744110546535435"", ""hashtag_name"": ""猎冰"", ""is_commerce"": false, ""start"": 26, ""type"": 1}, {""caption_end"": 9, ""caption_start"": 4, ""end"": 35, ""hashtag_id"": ""7419051784938719273"", ""hashtag_name"": ""好剧推荐"", ""is_commerce"": false, ""start"": 30, ""type"": 1}, {""caption_end"": 18, ""caption_start"": 10, ""end"": 44, ""hashtag_id"": ""7519800545998014515"", ""hashtag_name"": ""了不起的精讲团"", ""is_commerce"": false, ""start"": 36, ""type"": 1}, {""caption_end"": 29, ""caption_start"": 19, ""end"": 55, ""hashtag_id"": ""7529832653680281615"", ""hashtag_name"": ""青年创作者成长计划"", ""is_commerce"": false, ""start"": 45, ""type"": 1}]","[{""level"": 1, ""tag_id"": 2019, ""tag_name"": ""影视""}, {""level"": 2, ""tag_id"": 2019002, ""tag_name"": ""影视解说""}, {""level"": 3, ""tag_id"": 2019002001, ""tag_name"": ""电视剧解说""}]",
7627061029150805302,7619391932040580403,2,2026-05-07T16:56:18.915317,531798065422973,MS4wLjABAAAAinJlF7I3uDlXwR_hYtFdjmNWKWyJgHoGtZXBKHi9iAo,地缚少年杨子君,《好好的时光》大结局：放下执念，平凡相守最珍贵 #好好的时光 #大结局太精彩了 #好剧推荐 #梅婷 #田雨,1774027937,220521,4,14294,397,537,1623,0,"[""https://p3-pc-sign.douyinpic.com/image-cut-tos/d4e7afb688083b401401d5302b0dc9e1~tplv-dy-resize-origshort-autoq-75:330.jpeg?lk3s=138a59ce&x-expires=2093500800&x-signature=UBvshYqF0GX0XOheTEA2nRTuWMU%3D&from=327834062&s=PackSourceEnum_WEBPC_RELATED_AWEME&se=false&sc=cover&biz_tag=pcweb_cover&l=20260507165629C6EDC6D3A4DAF82980BF"", ""https://p9-pc-sign.douyinpic.com/image-cut-tos/d4e7afb688083b401401d5302b0dc9e1~tplv-dy-resize-origshort-autoq-75:330.jpeg?lk3s=138a59ce&x-expires=2093500800&x-signature=5wOC22X5W5Elmu2Wl9Sfymd9LBg%3D&from=327834062&s=PackSourceEnum_WEBPC_RELATED_AWEME&se=false&sc=cover&biz_tag=pcweb_cover&l=20260507165629C6EDC6D3A4DAF82980BF""]",7619391919398865705,@地缚少年杨子君创作的原声,"[{""caption_end"": 6, ""caption_start"": 0, ""end"": 30, ""hashtag_id"": ""1659967742620676"", ""hashtag_name"": ""好好的时光"", ""is_commerce"": true, ""start"": 24, ""type"": 1}, {""caption_end"": 15, ""caption_start"": 7, ""end"": 39, ""hashtag_id"": ""1707676000893960"", ""hashtag_name"": ""大结局太精彩了"", ""is_commerce"": false, ""start"": 31, ""type"": 1}, {""caption_end"": 21, ""caption_start"": 16, ""end"": 45, ""hashtag_id"": ""7419051784938719273"", ""hashtag_name"": ""好剧推荐"", ""is_commerce"": false, ""start"": 40, ""type"": 1}, {""caption_end"": 25, ""caption_start"": 22, ""end"": 49, ""hashtag_id"": ""1593469906834436"", ""hashtag_name"": ""梅婷"", ""is_commerce"": false, ""start"": 46, ""type"": 1}, {""caption_end"": 29, ""caption_start"": 26, ""end"": 53, ""hashtag_id"": ""1614133843843144"", ""hashtag_name"": ""田雨"", ""is_commerce"": false, ""start"": 50, ""type"": 1}]","[{""level"": 1, ""tag_id"": 2019, ""tag_name"": ""影视""}, {""level"": 2, ""tag_id"": 2019001, ""tag_name"": ""影视剪辑""}, {""level"": 3, ""tag_id"": 2019001001, ""tag_name"": ""电视剧剪辑""}]",
7627061029150805302,7632744522653317625,3,2026-05-07T16:56:18.915317,93171916468,MS4wLjABAAAADYdLzjavfbSzWFd9tdoRYCa34x2zJfOFrlCVdJljaFw,彼此说剧,猎冰06：毒品的危害到底有多大？就连制毒师自己都不敢碰。 #猎冰 #深度解析 #了不起的精讲团 #好剧推荐,1777167900,524470,4,62270,258,1614,6212,0,"[""https://p3-pc-sign.douyinpic.com/image-cut-tos/77db99d58d620e97cb5b41a24cdb344a~tplv-dy-resize-origshort-autoq-75:330.jpeg?lk3s=138a59ce&x-expires=2093500800&x-signature=n9r4ZQR72r8xKnZbjbjlHxlB%2Brg%3D&from=327834062&s=PackSourceEnum_WEBPC_RELATED_AWEME&se=false&sc=cover&biz_tag=pcweb_cover&l=20260507165629C6EDC6D3A4DAF82980BF"", ""https://p9-pc-sign.douyinpic.com/image-cut-tos/77db99d58d620e97cb5b41a24cdb344a~tplv-dy-resize-origshort-autoq-75:330.jpeg?lk3s=138a59ce&x-expires=2093500800&x-signature=R8cT3A61vz5pRyIjY70d2tqTB1Q%3D&from=327834062&s=PackSourceEnum_WEBPC_RELATED_AWEME&se=false&sc=cover&biz_tag=pcweb_cover&l=20260507165629C6EDC6D3A4DAF82980BF""]",7632744138928163599,@彼此说剧创作的原声,"[{""caption_end"": 3, ""caption_start"": 0, ""end"": 32, ""hashtag_id"": ""1744110546535435"", ""hashtag_name"": ""猎冰"", ""is_commerce"": false, ""start"": 29, ""type"": 1}, {""caption_end"": 9, ""caption_start"": 4, ""end"": 38, ""hashtag_id"": ""1625271134396427"", ""hashtag_name"": ""深度解析"", ""is_commerce"": false, ""start"": 33, ""type"": 1}, {""caption_end"": 18, ""caption_start"": 10, ""end"": 47, ""hashtag_id"": ""7519800545998014515"", ""hashtag_name"": ""了不起的精讲团"", ""is_commerce"": false, ""start"": 39, ""type"": 1}, {""caption_end"": 24, ""caption_start"": 19, ""end"": 53, ""hashtag_id"": ""7419051784938719273"", ""hashtag_name"": ""好剧推荐"", ""is_commerce"": false, ""start"": 48, ""type"": 1}]","[{""level"": 1, ""tag_id"": 2019, ""tag_name"": ""影视""}, {""level"": 2, ""tag_id"": 2019002, ""tag_name"": ""影视解说""}, {""level"": 3, ""tag_id"": 2019002002, ""tag_name"": ""电影解说""}]",
7627061029150805302,7636347044097019190,4,2026-05-07T16:56:18.915317,1471575652828003,MS4wLjABAAAATBdjsdBrniqihXKLNgFqBLWrAaStXEP1mpQmwAj-qDcP-R-0wy4eIvsxhO6UIPA3,暴走影评局,《新生》深度解析：骗子最高境界！一句话让煤老板主动送四千万 #了不起的精讲团#好剧推荐#抖音精选#深度解析,1777975603,426876,4,4386,35,520,605,0,"[""https://p3-pc-sign.douyinpic.com/image-cut-tos/df033dcca664bbdfc0716a0e9496a57b~tplv-dy-resize-origshort-autoq-75:330.jpeg?lk3s=138a59ce&x-expires=2093500800&x-signature=A8mDAlqUItX4yr%2B7lHqJSIrORaI%3D&from=327834062&s=PackSourceEnum_WEBPC_RELATED_AWEME&se=false&sc=cover&biz_tag=pcweb_cover&l=20260507165629C6EDC6D3A4DAF82980BF"", ""https://p9-pc-sign.douyinpic.com/image-cut-tos/df033dcca664bbdfc0716a0e9496a57b~tplv-dy-resize-origshort-autoq-75:330.jpeg?lk3s=138a59ce&x-expires=2093500800&x-signature=MM2nwme9pOw3I83yBgh5XYxDYZo%3D&from=327834062&s=PackSourceEnum_WEBPC_RELATED_AWEME&se=false&sc=cover&biz_tag=pcweb_cover&l=20260507165629C6EDC6D3A4DAF82980BF""]",7636347216214756137,@暴走影评局创作的原声,"[{""caption_end"": 8, ""caption_start"": 0, ""end"": 38, ""hashtag_id"": ""7519800545998014515"", ""hashtag_name"": ""了不起的精讲团"", ""is_commerce"": false, ""start"": 30, ""type"": 1}, {""caption_end"": 13, ""caption_start"": 8, ""end"": 43, ""hashtag_id"": ""7419051784938719273"", ""hashtag_name"": ""好剧推荐"", ""is_commerce"": false, ""start"": 38, ""type"": 1}, {""caption_end"": 18, ""caption_start"": 13, ""end"": 48, ""hashtag_id"": ""1568943621383170"", ""hashtag_name"": ""抖音精选"", ""is_commerce"": false, ""start"": 43, ""type"": 1}, {""caption_end"": 23, ""caption_start"": 18, ""end"": 53, ""hashtag_id"": ""1625271134396427"", ""hashtag_name"": ""深度解析"", ""is_commerce"": false, ""start"": 48, ""type"": 1}]","[{""level"": 1, ""tag_id"": 2019, ""tag_name"": ""影视""}, {""level"": 2, ""tag_id"": 2019002, ""tag_name"": ""影视解说""}, {""level"": 3, ""tag_id"": 2019002002, ""tag_name"": ""电影解说""}]",
7627061029150805302,7636717774647151881,5,2026-05-07T16:56:18.915317,1471575652828003,MS4wLjABAAAATBdjsdBrniqihXKLNgFqBLWrAaStXEP1mpQmwAj-qDcP-R-0wy4eIvsxhO6UIPA3,暴走影评局,《新生》深度解析：最高明的骗子，要精通“借花献佛”! #了不起的精讲团#好剧推荐#抖音精选#深度解析,1778061921,564316,4,1241,11,74,275,0,"[""https://p3-pc-sign.douyinpic.com/image-cut-tos/4a4af532677ecc467198a4cfe0f2f329~tplv-dy-resize-origshort-autoq-75:330.jpeg?lk3s=138a59ce&x-expires=2093500800&x-signature=g%2Bg1fgnKqkhai232npg6ApEGe98%3D&from=327834062&s=PackSourceEnum_WEBPC_RELATED_AWEME&se=false&sc=cover&biz_tag=pcweb_cover&l=20260507165629C6EDC6D3A4DAF82980BF"", ""https://p9-pc-sign.douyinpic.com/image-cut-tos/4a4af532677ecc467198a4cfe0f2f329~tplv-dy-resize-origshort-autoq-75:330.jpeg?lk3s=138a59ce&x-expires=2093500800&x-signature=ZLwu%2BFl1qG8bHv4nqjXYOtf9Mu0%3D&from=327834062&s=PackSourceEnum_WEBPC_RELATED_AWEME&se=false&sc=cover&biz_tag=pcweb_cover&l=20260507165629C6EDC6D3A4DAF82980BF""]",7636717948345862948,@暴走影评局创作的原声,"[{""caption_end"": 8, ""caption_start"": 0, ""end"": 35, ""hashtag_id"": ""7519800545998014515"", ""hashtag_name"": ""了不起的精讲团"", ""is_commerce"": false, ""start"": 27, ""type"": 1}, {""caption_end"": 13, ""caption_start"": 8, ""end"": 40, ""hashtag_id"": ""7419051784938719273"", ""hashtag_name"": ""好剧推荐"", ""is_commerce"": false, ""start"": 35, ""type"": 1}, {""caption_end"": 18, ""caption_start"": 13, ""end"": 45, ""hashtag_id"": ""1568943621383170"", ""hashtag_name"": ""抖音精选"", ""is_commerce"": false, ""start"": 40, ""type"": 1}, {""caption_end"": 23, ""caption_start"": 18, ""end"": 50, ""hashtag_id"": ""1625271134396427"", ""hashtag_name"": ""深度解析"", ""is_commerce"": false, ""start"": 45, ""type"": 1}]","[{""level"": 1, ""tag_id"": 2019, ""tag_name"": ""影视""}, {""level"": 2, ""tag_id"": 2019001, ""tag_name"": ""影视剪辑""}, {""level"": 3, ""tag_id"": 2019001001, ""tag_name"": ""电视剧剪辑""}]",
7627061029150805302,7630357474998062363,6,2026-05-07T16:56:18.915317,694520620526701,MS4wLjABAAAAWBwInzXFmz_YOmD7eAUhORkpHQsu36I3AtX77wokaAg,旭说影视,董事长赵显坤向职场小白苏筱展示了，什么才是真正的职场 #孙俪 #理想之城 #抖音精选 #好剧推荐 #电视剧解说,1776581048,439718,4,23869,867,2548,5173,0,"[""https://p3-pc-sign.douyinpic.com/image-cut-tos/4f0a6de1babab1474891fd5608f2008e~tplv-dy-resize-origshort-autoq-75:330.jpeg?lk3s=138a59ce&x-expires=2093500800&x-signature=c5q0EC50GYYITE3u3%2BJ%2BbOWWegg%3D&from=327834062&s=PackSourceEnum_WEBPC_RELATED_AWEME&se=false&sc=cover&biz_tag=pcweb_cover&l=20260507165629C6EDC6D3A4DAF82980BF"", ""https://p9-pc-sign.douyinpic.com/image-cut-tos/4f0a6de1babab1474891fd5608f2008e~tplv-dy-resize-origshort-autoq-75:330.jpeg?lk3s=138a59ce&x-expires=2093500800&x-signature=8mljFnncpQgiG9b5U8R5eG6qrHI%3D&from=327834062&s=PackSourceEnum_WEBPC_RELATED_AWEME&se=false&sc=cover&biz_tag=pcweb_cover&l=20260507165629C6EDC6D3A4DAF82980BF""]",7630357593218648841,@旭说影视创作的原声,"[{""caption_end"": 3, ""caption_start"": 0, ""end"": 30, ""hashtag_id"": ""1582676811571214"", ""hashtag_name"": ""孙俪"", ""is_commerce"": false, ""start"": 27, ""type"": 1}, {""caption_end"": 9, ""caption_start"": 4, ""end"": 36, ""hashtag_id"": ""1605765332347940"", ""hashtag_name"": ""理想之城"", ""is_commerce"": false, ""start"": 31, ""type"": 1}, {""caption_end"": 15, ""caption_start"": 10, ""end"": 42, ""hashtag_id"": ""1568943621383170"", ""hashtag_name"": ""抖音精选"", ""is_commerce"": false, ""start"": 37, ""type"": 1}, {""caption_end"": 21, ""caption_start"": 16, ""end"": 48, ""hashtag_id"": ""7419051784938719273"", ""hashtag_name"": ""好剧推荐"", ""is_commerce"": false, ""start"": 43, ""type"": 1}, {""caption_end"": 28, ""caption_start"": 22, ""end"": 55, ""hashtag_id"": ""1613232418625539"", ""hashtag_name"": ""电视剧解说"", ""is_commerce"": false, ""start"": 49, ""type"": 1}]","[{""level"": 1, ""tag_id"": 2019, ""tag_name"": ""影视""}, {""level"": 2, ""tag_id"": 2019001, ""tag_name"": ""影视剪辑""}, {""level"": 3, ""tag_id"": 2019001001, ""tag_name"": ""电视剧剪辑""}]",
7627061029150805302,7607834723940215882,7,2026-05-07T16:56:18.915317,4241235326016745,MS4wLjABAAAAO7E6fb7xg9skLYgga5ZvYdsTgwnbYne5aBYWgpD6KvJS2ZEdjcMaUwyBZxXmcOi4,海豚影视,纯享版第9集#好剧推荐 #鸡毛飞上天 #陈江河 #骆玉珠 #看了一个片段刷了一部剧,1771499040,629702,4,2578,67,124,444,0,"[""https://p3-pc-sign.douyinpic.com/image-cut-tos/6bc128d8f11be1c5f6bfd2b2f1288e32~tplv-dy-resize-origshort-autoq-75:330.jpeg?lk3s=138a59ce&x-expires=2093500800&x-signature=bEP5UluWzVLkDuBJ4oLJBVpxymI%3D&from=327834062&s=PackSourceEnum_WEBPC_RELATED_AWEME&se=false&sc=cover&biz_tag=pcweb_cover&l=20260507165629C6EDC6D3A4DAF82980BF"", ""https://p9-pc-sign.douyinpic.com/image-cut-tos/6bc128d8f11be1c5f6bfd2b2f1288e32~tplv-dy-resize-origshort-autoq-75:330.jpeg?lk3s=138a59ce&x-expires=2093500800&x-signature=fm5YKfwpVMTPcbqeLTYfeRanU3U%3D&from=327834062&s=PackSourceEnum_WEBPC_RELATED_AWEME&se=false&sc=cover&biz_tag=pcweb_cover&l=20260507165629C6EDC6D3A4DAF82980BF""]",7607834731081698100,@海豚影视创作的原声,"[{""caption_end"": 11, ""caption_start"": 6, ""end"": 11, ""hashtag_id"": ""7419051784938719273"", ""hashtag_name"": ""好剧推荐"", ""is_commerce"": false, ""start"": 6, ""type"": 1}, {""caption_end"": 18, ""caption_start"": 12, ""end"": 18, ""hashtag_id"": ""1585403364768782"", ""hashtag_name"": ""鸡毛飞上天"", ""is_commerce"": false, ""start"": 12, ""type"": 1}, {""caption_end"": 23, ""caption_start"": 19, ""end"": 23, ""hashtag_id"": ""1616070787596301"", ""hashtag_name"": ""陈江河"", ""is_commerce"": false, ""start"": 19, ""type"": 1}, {""caption_end"": 28, ""caption_start"": 24, ""end"": 28, ""hashtag_id"": ""1626950149408795"", ""hashtag_name"": ""骆玉珠"", ""is_commerce"": false, ""start"": 24, ""type"": 1}, {""caption_end"": 41, ""caption_start"": 29, ""end"": 41, ""hashtag_id"": ""1726957549559812"", ""hashtag_name"": ""看了一个片段刷了一部剧"", ""is_commerce"": false, ""start"": 29, ""type"": 1}]","[{""level"": 1, ""tag_id"": 2019, ""tag_name"": ""影视""}, {""level"": 2, ""tag_id"": 2019001, ""tag_name"": ""影视剪辑""}, {""level"": 3, ""tag_id"": 2019001001, ""tag_name"": ""电视剧剪辑""}]",
7627061029150805302,7611107611710193883,8,2026-05-07T16:56:18.915317,4241235326016745,MS4wLjABAAAAO7E6fb7xg9skLYgga5ZvYdsTgwnbYne5aBYWgpD6KvJS2ZEdjcMaUwyBZxXmcOi4,海豚影视,纯享版第18集#好剧推荐 #鸡毛飞上天 #陈江河 #骆玉珠 #看了一个片段刷了一部剧,1772099085,681715,4,8508,163,570,1252,0,"[""https://p3-pc-sign.douyinpic.com/image-cut-tos/fa8e54662a855ca3111abd23aa831e30~tplv-dy-resize-origshort-autoq-75:330.jpeg?lk3s=138a59ce&x-expires=2093500800&x-signature=lA2qNR4edlyd%2BSyc3RwQ2CZgB%2Bg%3D&from=327834062&s=PackSourceEnum_WEBPC_RELATED_AWEME&se=false&sc=cover&biz_tag=pcweb_cover&l=20260507165629C6EDC6D3A4DAF82980BF"", ""https://p9-pc-sign.douyinpic.com/image-cut-tos/fa8e54662a855ca3111abd23aa831e30~tplv-dy-resize-origshort-autoq-75:330.jpeg?lk3s=138a59ce&x-expires=2093500800&x-signature=a5PboLm2%2F95bsY9rpTUTwWbZSV8%3D&from=327834062&s=PackSourceEnum_WEBPC_RELATED_AWEME&se=false&sc=cover&biz_tag=pcweb_cover&l=20260507165629C6EDC6D3A4DAF82980BF""]",7611107668622691126,@海豚影视创作的原声,"[{""caption_end"": 12, ""caption_start"": 7, ""end"": 12, ""hashtag_id"": ""7419051784938719273"", ""hashtag_name"": ""好剧推荐"", ""is_commerce"": false, ""start"": 7, ""type"": 1}, {""caption_end"": 19, ""caption_start"": 13, ""end"": 19, ""hashtag_id"": ""1585403364768782"", ""hashtag_name"": ""鸡毛飞上天"", ""is_commerce"": false, ""start"": 13, ""type"": 1}, {""caption_end"": 24, ""caption_start"": 20, ""end"": 24, ""hashtag_id"": ""1616070787596301"", ""hashtag_name"": ""陈江河"", ""is_commerce"": false, ""start"": 20, ""type"": 1}, {""caption_end"": 29, ""caption_start"": 25, ""end"": 29, ""hashtag_id"": ""1626950149408795"", ""hashtag_name"": ""骆玉珠"", ""is_commerce"": false, ""start"": 25, ""type"": 1}, {""caption_end"": 42, ""caption_start"": 30, ""end"": 42, ""hashtag_id"": ""1726957549559812"", ""hashtag_name"": ""看了一个片段刷了一部剧"", ""is_commerce"": false, ""start"": 30, ""type"": 1}]","[{""level"": 1, ""tag_id"": 2019, ""tag_name"": ""影视""}, {""level"": 2, ""tag_id"": 2019001, ""tag_name"": ""影视剪辑""}, {""level"": 3, ""tag_id"": 2019001001, ""tag_name"": ""电视剧剪辑""}]",
7627061029150805302,7634425358674152746,9,2026-05-07T16:56:18.915317,98631550199,MS4wLjABAAAABlTYnpWcJf0FVK2ztn0OafW71byRS_C8-rGDdEissA4,小北影视,大江大河深度解析：杨巡给宋运辉搬家，心思被宋运辉看穿 #电视剧解说 #电视剧深度解析 #抖音精选,1777529191,664625,4,8437,255,95,942,0,"[""https://p3-pc-sign.douyinpic.com/image-cut-tos-priv/de032f4270f170a85de76483ec48471e~tplv-dy-resize-origshort-autoq-75:330.jpeg?lk3s=138a59ce&x-expires=2093500800&x-signature=SpQzIGXjQ%2FrhdHdwBIt0qQWnKeY%3D&from=327834062&s=PackSourceEnum_WEBPC_RELATED_AWEME&se=false&sc=cover&biz_tag=pcweb_cover&l=20260507165629C6EDC6D3A4DAF82980BF"", ""https://p9-pc-sign.douyinpic.com/image-cut-tos-priv/de032f4270f170a85de76483ec48471e~tplv-dy-resize-origshort-autoq-75:330.jpeg?lk3s=138a59ce&x-expires=2093500800&x-signature=ea%2Fi17MhVKLFxK6ohGBYpVmB%2Bj8%3D&from=327834062&s=PackSourceEnum_WEBPC_RELATED_AWEME&se=false&sc=cover&biz_tag=pcweb_cover&l=20260507165629C6EDC6D3A4DAF82980BF""]",7634425539696085823,@小北影视创作的原声,"[{""caption_end"": 6, ""caption_start"": 0, ""end"": 33, ""hashtag_id"": ""1613232418625539"", ""hashtag_name"": ""电视剧解说"", ""is_commerce"": false, ""start"": 27, ""type"": 1}, {""caption_end"": 15, ""caption_start"": 7, ""end"": 42, ""hashtag_id"": ""1749378264398923"", ""hashtag_name"": ""电视剧深度解析"", ""is_commerce"": false, ""start"": 34, ""type"": 1}, {""caption_end"": 21, ""caption_start"": 16, ""end"": 48, ""hashtag_id"": ""1568943621383170"", ""hashtag_name"": ""抖音精选"", ""is_commerce"": false, ""start"": 43, ""type"": 1}]","[{""level"": 1, ""tag_id"": 2019, ""tag_name"": ""影视""}, {""level"": 2, ""tag_id"": 2019001, ""tag_name"": ""影视剪辑""}, {""level"": 3, ""tag_id"": 2019001001, ""tag_name"": ""电视剧剪辑""}]",
7627138316899056603,7622715977532578033,0,2026-05-07T16:56:33.668657,7588083890716197937,MS4wLjABAAAA_lZxXurfTQnqXywMjpZfgb1Oz9q1EES2wZlrelCET8lMoBjt25OrUe5XqZ2r1Xww,设定集Kigurumi,"🔐💝
#kigurumi #黑川美羽",1774801868,25967,4,14936,323,3548,3308,0,"[""https://p3-pc-sign.douyinpic.com/image-cut-tos-priv/ba769315dcbd0fc9fa13a80efda11550~tplv-dy-resize-origshort-autoq-75:330.jpeg?lk3s=138a59ce&x-expires=2093500800&x-signature=95BR1N6APufR6WjYFMgX0FgsJG8%3D&from=327834062&s=PackSourceEnum_WEBPC_RELATED_AWEME&se=false&sc=cover&biz_tag=pcweb_cover&l=2026050716564489EA362D59ADB7609DD0"", ""https://p9-pc-sign.douyinpic.com/image-cut-tos-priv/ba769315dcbd0fc9fa13a80efda11550~tplv-dy-resize-origshort-autoq-75:330.jpeg?lk3s=138a59ce&x-expires=2093500800&x-signature=Qv%2Fsw6zef56UMd2Oc4IzjwOZceI%3D&from=327834062&s=PackSourceEnum_WEBPC_RELATED_AWEME&se=false&sc=cover&biz_tag=pcweb_cover&l=2026050716564489EA362D59ADB7609DD0""]",7622715545860360994,@设定集Kigurumi创作的原声,"[{""caption_end"": 14, ""caption_start"": 5, ""end"": 14, ""hashtag_id"": ""1582435800588302"", ""hashtag_name"": ""kigurumi"", ""is_commerce"": false, ""start"": 5, ""type"": 1}, {""caption_end"": 20, ""caption_start"": 15, ""end"": 20, ""hashtag_id"": ""7484155544938006562"", ""hashtag_name"": ""黑川美羽"", ""is_commerce"": false, ""start"": 15, ""type"": 1}]","[{""level"": 1, ""tag_id"": 2014, ""tag_name"": ""二次元""}, {""level"": 2, ""tag_id"": 2014001, ""tag_name"": ""二次元衍生""}, {""level"": 3, ""tag_id"": 2014001006, ""tag_name"": ""cosplay""}]",
7627138316899056603,7606600482618454400,1,2026-05-07T16:56:33.668657,1373741441359216,MS4wLjABAAAA3ExfJWBoVbAl2OFZGR-wfdr9nlafXOsaquxKT2zU-8At7kS8osCfkbOaoaimFie2,猫奈neko,"看见开智前不笑的是这个
#毛娘 #cos假发 #cos假发造型 #毛娘接单",1771049688,11167,4,1455,20,48,44,0,"[""https://p3-pc-sign.douyinpic.com/image-cut-tos-priv/9359cba24373c2c4db1cc7252fb9ba3d~tplv-dy-resize-origshort-autoq-75:330.jpeg?lk3s=138a59ce&x-expires=2093500800&x-signature=UF6wn8zbXlp9rod9TuS%2BqTA493s%3D&from=327834062&s=PackSourceEnum_WEBPC_RELATED_AWEME&se=false&sc=cover&biz_tag=pcweb_cover&l=2026050716564489EA362D59ADB7609DD0"", ""https://p9-pc-sign.douyinpic.com/image-cut-tos-priv/9359cba24373c2c4db1cc7252fb9ba3d~tplv-dy-resize-origshort-autoq-75:330.jpeg?lk3s=138a59ce&x-expires=2093500800&x-signature=HXTa649Yy4%2B%2FZqKnszxai%2BLNj1c%3D&from=327834062&s=PackSourceEnum_WEBPC_RELATED_AWEME&se=false&sc=cover&biz_tag=pcweb_cover&l=2026050716564489EA362D59ADB7609DD0""]",7595202625033833267,@病娇小正太创作的原声,"[{""caption_end"": 15, ""caption_start"": 12, ""end"": 15, ""hashtag_id"": ""1657037608495117"", ""hashtag_name"": ""毛娘"", ""is_commerce"": false, ""start"": 12, ""type"": 1}, {""caption_end"": 22, ""caption_start"": 16, ""end"": 22, ""hashtag_id"": ""1618081364113416"", ""hashtag_name"": ""cos假发"", ""is_commerce"": false, ""start"": 16, ""type"": 1}, {""caption_end"": 31, ""caption_start"": 23, ""end"": 31, ""hashtag_id"": ""1596330495763464"", ""hashtag_name"": ""cos假发造型"", ""is_commerce"": false, ""start"": 23, ""type"": 1}, {""caption_end"": 37, ""caption_start"": 32, ""end"": 37, ""hashtag_id"": ""1654318127594504"", ""hashtag_name"": ""毛娘接单"", ""is_commerce"": false, ""start"": 32, ""type"": 1}]","[{""level"": 1, ""tag_id"": 2014, ""tag_name"": ""二次元""}, {""level"": 2, ""tag_id"": 2014001, ""tag_name"": ""二次元衍生""}, {""level"": 3, ""tag_id"": 2014001006, ""tag_name"": ""cosplay""}]",
7627138316899056603,7627727056125862833,2,2026-05-07T16:56:33.668657,54714391867,MS4wLjABAAAAj1G0rsHXS_BUlw65A6T9h1F09E0h6TDwRZNrumjfyjM,幻想世界,"进行曲合集
#黑执事 #塞啵 #池咲弥撒",1775968600,10734,4,259352,1425,28780,21610,0,"[""https://p3-pc-sign.douyinpic.com/image-cut-tos-priv/1bcabb4ecf9365bb69065cf34e8a5688~tplv-dy-resize-origshort-autoq-75:330.jpeg?lk3s=138a59ce&x-expires=2093500800&x-signature=2THLrLWn1bg77nqK7LRe0qkXFR8%3D&from=327834062&s=PackSourceEnum_WEBPC_RELATED_AWEME&se=false&sc=cover&biz_tag=pcweb_cover&l=2026050716564489EA362D59ADB7609DD0"", ""https://p9-pc-sign.douyinpic.com/image-cut-tos-priv/1bcabb4ecf9365bb69065cf34e8a5688~tplv-dy-resize-origshort-autoq-75:330.jpeg?lk3s=138a59ce&x-expires=2093500800&x-signature=1%2FzjqO7xKZPYWm6MtRdpWbwxOQY%3D&from=327834062&s=PackSourceEnum_WEBPC_RELATED_AWEME&se=false&sc=cover&biz_tag=pcweb_cover&l=2026050716564489EA362D59ADB7609DD0""]",7447450564889414439,@饺子ㅤ创作的原声,"[{""caption_end"": 10, ""caption_start"": 6, ""end"": 10, ""hashtag_id"": ""1720480133892119"", ""hashtag_name"": ""黑执事"", ""is_commerce"": false, ""start"": 6, ""type"": 1}, {""caption_end"": 14, ""caption_start"": 11, ""end"": 14, ""hashtag_id"": ""1642178567127044"", ""hashtag_name"": ""塞啵"", ""is_commerce"": false, ""start"": 11, ""type"": 1}, {""caption_end"": 20, ""caption_start"": 15, ""end"": 20, ""hashtag_id"": ""1752511866344462"", ""hashtag_name"": ""池咲弥撒"", ""is_commerce"": false, ""start"": 15, ""type"": 1}]","[{""level"": 1, ""tag_id"": 2014, ""tag_name"": ""二次元""}, {""level"": 2, ""tag_id"": 2014001, ""tag_name"": ""二次元衍生""}, {""level"": 3, ""tag_id"": 2014001006, ""tag_name"": ""cosplay""}]",
7627138316899056603,7618223104964359858,3,2026-05-07T16:56:33.668657,2358881947224515,MS4wLjABAAAAo1hb9OpsYyMHRbTyZ16b_LlS79iSs1IV_wdY4Jo3KQbax09DrW-w072cxZoCN8bt,aaa椰子冻批发,#cos #假发 #无发胶 #吴邪,1773755789,28375,4,39020,278,1139,2349,0,"[""https://p3-pc-sign.douyinpic.com/image-cut-tos-priv/592f4e7fe6eea49c8322ff180e5c1e7c~tplv-dy-resize-origshort-autoq-75:330.jpeg?lk3s=138a59ce&x-expires=2093500800&x-signature=19aVdyDH80b0Z%2BS7NItrJxjAv8A%3D&from=327834062&s=PackSourceEnum_WEBPC_RELATED_AWEME&se=false&sc=cover&biz_tag=pcweb_cover&l=2026050716564489EA362D59ADB7609DD0"", ""https://p9-pc-sign.douyinpic.com/image-cut-tos-priv/592f4e7fe6eea49c8322ff180e5c1e7c~tplv-dy-resize-origshort-autoq-75:330.jpeg?lk3s=138a59ce&x-expires=2093500800&x-signature=YzU1kxY%2B1MmBV%2Bcs1USqNTwErI8%3D&from=327834062&s=PackSourceEnum_WEBPC_RELATED_AWEME&se=false&sc=cover&biz_tag=pcweb_cover&l=2026050716564489EA362D59ADB7609DD0""]",7618223037967567643,@aaa椰子冻批发创作的原声,"[{""caption_end"": 4, ""caption_start"": 0, ""end"": 4, ""hashtag_id"": ""7419048753824270348"", ""hashtag_name"": ""cos"", ""is_commerce"": false, ""start"": 0, ""type"": 1}, {""caption_end"": 8, ""caption_start"": 5, ""end"": 8, ""hashtag_id"": ""1564935806054401"", ""hashtag_name"": ""假发"", ""is_commerce"": false, ""start"": 5, ""type"": 1}, {""caption_end"": 13, ""caption_start"": 9, ""end"": 13, ""hashtag_id"": ""7320209181611411508"", ""hashtag_name"": ""无发胶"", ""is_commerce"": false, ""start"": 9, ""type"": 1}, {""caption_end"": 17, ""caption_start"": 14, ""end"": 17, ""hashtag_id"": ""1651738624036871"", ""hashtag_name"": ""吴邪"", ""is_commerce"": false, ""start"": 14, ""type"": 1}]","[{""level"": 1, ""tag_id"": 2014, ""tag_name"": ""二次元""}, {""level"": 2, ""tag_id"": 2014001, ""tag_name"": ""二次元衍生""}, {""level"": 3, ""tag_id"": 2014001006, ""tag_name"": ""cosplay""}]",
7627138316899056603,7603656512698862899,4,2026-05-07T16:56:33.668657,2352604720404984,MS4wLjABAAAAX59bms9OKGhZVjWFd3v9a2o8qHd81whCCydevalsi8M1nqH1iMK8x4gNCjN_XNmc,加个爆款,"老师，照镜子你自己能看到你自己吗 （感谢老师：kieed/Efa鹤声闻/柚子茶)
#毛娘 #假发 #初音未来 #同人",1770523200,33321,4,43514,338,5601,5362,0,"[""https://p3-pc-sign.douyinpic.com/image-cut-tos-priv/b9b8a452ab9c36a5a909fa80bc1c1c70~tplv-dy-resize-origshort-autoq-75:330.jpeg?lk3s=138a59ce&x-expires=2093500800&x-signature=otSEI4Izub9iBaoUkTw2LpsA6E8%3D&from=327834062&s=PackSourceEnum_WEBPC_RELATED_AWEME&se=false&sc=cover&biz_tag=pcweb_cover&l=2026050716564489EA362D59ADB7609DD0"", ""https://p9-pc-sign.douyinpic.com/image-cut-tos-priv/b9b8a452ab9c36a5a909fa80bc1c1c70~tplv-dy-resize-origshort-autoq-75:330.jpeg?lk3s=138a59ce&x-expires=2093500800&x-signature=03Y5FRMfNPDfmJYgubcj9ZKmlVQ%3D&from=327834062&s=PackSourceEnum_WEBPC_RELATED_AWEME&se=false&sc=cover&biz_tag=pcweb_cover&l=2026050716564489EA362D59ADB7609DD0""]",7603656452737420038,@加个爆款创作的原声,"[{""caption_end"": 27, ""caption_start"": 24, ""end"": 44, ""hashtag_id"": ""1657037608495117"", ""hashtag_name"": ""毛娘"", ""is_commerce"": false, ""start"": 41, ""type"": 1}, {""caption_end"": 31, ""caption_start"": 28, ""end"": 48, ""hashtag_id"": ""1564935806054401"", ""hashtag_name"": ""假发"", ""is_commerce"": false, ""start"": 45, ""type"": 1}, {""caption_end"": 37, ""caption_start"": 32, ""end"": 54, ""hashtag_id"": ""1555685905659905"", ""hashtag_name"": ""初音未来"", ""is_commerce"": false, ""start"": 49, ""type"": 1}, {""caption_end"": 41, ""caption_start"": 38, ""end"": 58, ""hashtag_id"": ""1590668393279559"", ""hashtag_name"": ""同人"", ""is_commerce"": false, ""start"": 55, ""type"": 1}]","[{""level"": 1, ""tag_id"": 2014, ""tag_name"": ""二次元""}, {""level"": 2, ""tag_id"": 2014001, ""tag_name"": ""二次元衍生""}, {""level"": 3, ""tag_id"": 2014001008, ""tag_name"": ""二次元画作""}]",
7627138316899056603,7622312036983413491,5,2026-05-07T16:56:33.668657,3525448837659146,MS4wLjABAAAAo8CBecbuGyUqOMlOfYe5t-jSFj7I8YL1UUy2g2NmO5wYjPnw0e0vjjdNBFvfNGK5,凶猛的清余,没睡的宝宝快来看！ #cos假发#公孙离#王者荣耀 #性转公孙离#祈雪灵祝性转,1774707818,435067,4,12320,223,754,856,0,"[""https://p3-pc-sign.douyinpic.com/image-cut-tos/ae71a583390a110c51e1f5869ad51995~tplv-dy-resize-origshort-autoq-75:330.jpeg?lk3s=138a59ce&x-expires=2093500800&x-signature=PE7RWm%2FEXYEZsc%2BVdFeLAAmZwrc%3D&from=327834062&s=PackSourceEnum_WEBPC_RELATED_AWEME&se=false&sc=cover&biz_tag=pcweb_cover&l=2026050716564489EA362D59ADB7609DD0"", ""https://p9-pc-sign.douyinpic.com/image-cut-tos/ae71a583390a110c51e1f5869ad51995~tplv-dy-resize-origshort-autoq-75:330.jpeg?lk3s=138a59ce&x-expires=2093500800&x-signature=0VvZa6gLkA9KvespfXcmC23Yseg%3D&from=327834062&s=PackSourceEnum_WEBPC_RELATED_AWEME&se=false&sc=cover&biz_tag=pcweb_cover&l=2026050716564489EA362D59ADB7609DD0""]",7622312044536515370,@凶猛的清余创作的原声,"[{""caption_end"": 6, ""caption_start"": 0, ""end"": 16, ""hashtag_id"": ""1618081364113416"", ""hashtag_name"": ""cos假发"", ""is_commerce"": false, ""start"": 10, ""type"": 1}, {""caption_end"": 10, ""caption_start"": 6, ""end"": 20, ""hashtag_id"": ""1587399709140014"", ""hashtag_name"": ""公孙离"", ""is_commerce"": false, ""start"": 16, ""type"": 1}, {""caption_end"": 15, ""caption_start"": 10, ""end"": 25, ""hashtag_id"": ""1764938367505416"", ""hashtag_name"": ""王者荣耀"", ""is_commerce"": false, ""start"": 20, ""type"": 1}, {""caption_end"": 22, ""caption_start"": 16, ""end"": 32, ""hashtag_id"": ""7452288608096454690"", ""hashtag_name"": ""性转公孙离"", ""is_commerce"": false, ""start"": 26, ""type"": 1}, {""caption_end"": 29, ""caption_start"": 22, ""end"": 39, ""hashtag_id"": ""1792405948538890"", ""hashtag_name"": ""祈雪灵祝性转"", ""is_commerce"": false, ""start"": 32, ""type"": 1}]","[{""level"": 1, ""tag_id"": 2014, ""tag_name"": ""二次元""}, {""level"": 2, ""tag_id"": 2014001, ""tag_name"": ""二次元衍生""}, {""level"": 3, ""tag_id"": 2014001006, ""tag_name"": ""cosplay""}]",
7627138316899056603,7612244534788948197,6,2026-05-07T16:56:33.668657,54714391867,MS4wLjABAAAAj1G0rsHXS_BUlw65A6T9h1F09E0h6TDwRZNrumjfyjM,幻想世界,"整个英吉利都为他倾倒💥💥💥
#黑执事 #啵酱 #拿破仑摇",1772363796,13167,4,196364,1017,13689,17066,0,"[""https://p3-pc-sign.douyinpic.com/image-cut-tos-priv/c2976b4c2ac8628c9302a434fb503775~tplv-dy-resize-origshort-autoq-75:330.jpeg?lk3s=138a59ce&x-expires=2093500800&x-signature=CbrDoEnim%2FMUKuWeko8l82lLowU%3D&from=327834062&s=PackSourceEnum_WEBPC_RELATED_AWEME&se=false&sc=cover&biz_tag=pcweb_cover&l=2026050716564489EA362D59ADB7609DD0"", ""https://p9-pc-sign.douyinpic.com/image-cut-tos-priv/c2976b4c2ac8628c9302a434fb503775~tplv-dy-resize-origshort-autoq-75:330.jpeg?lk3s=138a59ce&x-expires=2093500800&x-signature=7suiJCQr0ReZNYi2LLw8XLKjcXI%3D&from=327834062&s=PackSourceEnum_WEBPC_RELATED_AWEME&se=false&sc=cover&biz_tag=pcweb_cover&l=2026050716564489EA362D59ADB7609DD0""]",7611489100310399763,@🍑桃酷儿创作的原声,"[{""caption_end"": 21, ""caption_start"": 17, ""end"": 21, ""hashtag_id"": ""1720480133892119"", ""hashtag_name"": ""黑执事"", ""is_commerce"": false, ""start"": 17, ""type"": 1}, {""caption_end"": 25, ""caption_start"": 22, ""end"": 25, ""hashtag_id"": ""1589912509257735"", ""hashtag_name"": ""啵酱"", ""is_commerce"": false, ""start"": 22, ""type"": 1}, {""caption_end"": 31, ""caption_start"": 26, ""end"": 31, ""hashtag_id"": ""7520167937961887779"", ""hashtag_name"": ""拿破仑摇"", ""is_commerce"": false, ""start"": 26, ""type"": 1}]","[{""level"": 1, ""tag_id"": 2014, ""tag_name"": ""二次元""}, {""level"": 2, ""tag_id"": 2014001, ""tag_name"": ""二次元衍生""}, {""level"": 3, ""tag_id"": 2014001001, ""tag_name"": ""模型手办""}]",
7627138316899056603,7609767005239749361,7,2026-05-07T16:56:33.668657,2672230184008218,MS4wLjABAAAAw5tGKLIM9nMlQTbqgmFZ-cPtfX56-CQWVlGeqS0dx1lyHK9C4lg8fqMDNGqqyt39,咖柿,#归来然后向魔法少女复仇 #cos #cos干货 #cos化妆教程 #假睫毛 感觉比较有用的技巧分享给大家,1771786960,10534,4,32987,109,758,1017,0,"[""https://p3-pc-sign.douyinpic.com/image-cut-tos-priv/091bea1f544f432daf610a171b0b35f3~tplv-dy-resize-origshort-autoq-75:330.jpeg?lk3s=138a59ce&x-expires=2093500800&x-signature=yto8rzT2UzTIMbX8%2Fqz5qxCOmYY%3D&from=327834062&s=PackSourceEnum_WEBPC_RELATED_AWEME&se=false&sc=cover&biz_tag=pcweb_cover&l=2026050716564489EA362D59ADB7609DD0"", ""https://p9-pc-sign.douyinpic.com/image-cut-tos-priv/091bea1f544f432daf610a171b0b35f3~tplv-dy-resize-origshort-autoq-75:330.jpeg?lk3s=138a59ce&x-expires=2093500800&x-signature=VfMn1RV%2FOOb03MzxsJyOnw%2B2hMU%3D&from=327834062&s=PackSourceEnum_WEBPC_RELATED_AWEME&se=false&sc=cover&biz_tag=pcweb_cover&l=2026050716564489EA362D59ADB7609DD0""]",7609766797662751523,@咖柿创作的原声,"[{""caption_end"": 12, ""caption_start"": 0, ""end"": 12, ""hashtag_id"": ""1754897903820813"", ""hashtag_name"": ""归来然后向魔法少女复仇"", ""is_commerce"": false, ""start"": 0, ""type"": 1}, {""caption_end"": 17, ""caption_start"": 13, ""end"": 17, ""hashtag_id"": ""7419048753824270348"", ""hashtag_name"": ""cos"", ""is_commerce"": false, ""start"": 13, ""type"": 1}, {""caption_end"": 24, ""caption_start"": 18, ""end"": 24, ""hashtag_id"": ""1663489343051789"", ""hashtag_name"": ""cos干货"", ""is_commerce"": false, ""start"": 18, ""type"": 1}, {""caption_end"": 33, ""caption_start"": 25, ""end"": 33, ""hashtag_id"": ""1595369813853251"", ""hashtag_name"": ""cos化妆教程"", ""is_commerce"": false, ""start"": 25, ""type"": 1}, {""caption_end"": 38, ""caption_start"": 34, ""end"": 38, ""hashtag_id"": ""1577424799058989"", ""hashtag_name"": ""假睫毛"", ""is_commerce"": false, ""start"": 34, ""type"": 1}]","[{""level"": 1, ""tag_id"": 2014, ""tag_name"": ""二次元""}, {""level"": 2, ""tag_id"": 2014001, ""tag_name"": ""二次元衍生""}, {""level"": 3, ""tag_id"": 2014001006, ""tag_name"": ""cosplay""}]",
7627138316899056603,7629692591672341690,8,2026-05-07T16:56:33.668657,54714391867,MS4wLjABAAAAj1G0rsHXS_BUlw65A6T9h1F09E0h6TDwRZNrumjfyjM,幻想世界,"一二三四！
#黑执事 #啵酱 #蟹二摇",1776426237,10667,4,471897,1883,39993,29848,0,"[""https://p3-pc-sign.douyinpic.com/image-cut-tos-priv/29ddb5cac69e4f1b98f588b8584d5fe0~tplv-dy-resize-origshort-autoq-75:330.jpeg?lk3s=138a59ce&x-expires=2093500800&x-signature=aosAp1By8on30krdu4vP%2FHm5Xcg%3D&from=327834062&s=PackSourceEnum_WEBPC_RELATED_AWEME&se=false&sc=cover&biz_tag=pcweb_cover&l=2026050716564489EA362D59ADB7609DD0"", ""https://p9-pc-sign.douyinpic.com/image-cut-tos-priv/29ddb5cac69e4f1b98f588b8584d5fe0~tplv-dy-resize-origshort-autoq-75:330.jpeg?lk3s=138a59ce&x-expires=2093500800&x-signature=j82Jo5vIaBDV0NcOqEOTSCivcT8%3D&from=327834062&s=PackSourceEnum_WEBPC_RELATED_AWEME&se=false&sc=cover&biz_tag=pcweb_cover&l=2026050716564489EA362D59ADB7609DD0""]",7609573190066653986,@蟹二人创作的原声,"[{""caption_end"": 10, ""caption_start"": 6, ""end"": 10, ""hashtag_id"": ""1720480133892119"", ""hashtag_name"": ""黑执事"", ""is_commerce"": false, ""start"": 6, ""type"": 1}, {""caption_end"": 14, ""caption_start"": 11, ""end"": 14, ""hashtag_id"": ""1589912509257735"", ""hashtag_name"": ""啵酱"", ""is_commerce"": false, ""start"": 11, ""type"": 1}, {""caption_end"": 19, ""caption_start"": 15, ""end"": 19, ""hashtag_id"": ""7497611191251666954"", ""hashtag_name"": ""蟹二摇"", ""is_commerce"": false, ""start"": 15, ""type"": 1}]","[{""level"": 1, ""tag_id"": 2014, ""tag_name"": ""二次元""}, {""level"": 2, ""tag_id"": 2014001, ""tag_name"": ""二次元衍生""}, {""level"": 3, ""tag_id"": 2014001006, ""tag_name"": ""cosplay""}]",
7627138316899056603,7625347228811651057,9,2026-05-07T16:56:33.668657,4153300611767520,MS4wLjABAAAAhsAcviCBl5veWHkz1iEydrY1yXGaZJdLpst-PSL4jRWsd5uF8OOGE7C7y7iFDz-_,小P不是人机🥔,这是？ #流萤 #cos #pinlove痛包 #pinlove,1775462700,7134,4,2335,27,57,339,0,"[""https://p3-pc-sign.douyinpic.com/image-cut-tos-priv/9befd42b9b5b49a25b599d7b966ca448~tplv-dy-resize-origshort-autoq-75:330.jpeg?lk3s=138a59ce&x-expires=2093500800&x-signature=9oCidCAt5aJfTjdTOR0h6grrbwo%3D&from=327834062&s=PackSourceEnum_WEBPC_RELATED_AWEME&se=false&sc=cover&biz_tag=pcweb_cover&l=2026050716564489EA362D59ADB7609DD0"", ""https://p9-pc-sign.douyinpic.com/image-cut-tos-priv/9befd42b9b5b49a25b599d7b966ca448~tplv-dy-resize-origshort-autoq-75:330.jpeg?lk3s=138a59ce&x-expires=2093500800&x-signature=o62JBl5T999XieiXYUErNpayxaw%3D&from=327834062&s=PackSourceEnum_WEBPC_RELATED_AWEME&se=false&sc=cover&biz_tag=pcweb_cover&l=2026050716564489EA362D59ADB7609DD0""]",7599956922618252067,@轩玖玖玖！创作的原声,"[{""caption_end"": 3, ""caption_start"": 0, ""end"": 7, ""hashtag_id"": ""1593931034454023"", ""hashtag_name"": ""流萤"", ""is_commerce"": false, ""start"": 4, ""type"": 1}, {""caption_end"": 8, ""caption_start"": 4, ""end"": 12, ""hashtag_id"": ""7419048753824270348"", ""hashtag_name"": ""cos"", ""is_commerce"": false, ""start"": 8, ""type"": 1}, {""caption_end"": 19, ""caption_start"": 9, ""end"": 23, ""hashtag_id"": ""7621412544409765897"", ""hashtag_name"": ""pinlove痛包"", ""is_commerce"": false, ""start"": 13, ""type"": 1}, {""caption_end"": 28, ""caption_start"": 20, ""end"": 32, ""hashtag_id"": ""7600366476389779492"", ""hashtag_name"": ""pinlove"", ""is_commerce"": false, ""start"": 24, ""type"": 1}]","[{""level"": 1, ""tag_id"": 2014, ""tag_name"": ""二次元""}, {""level"": 2, ""tag_id"": 2014001, ""tag_name"": ""二次元衍生""}, {""level"": 3, ""tag_id"": 2014001004, ""tag_name"": ""制服""}]",
7627326318220201258,7635165200916445658,0,2026-05-07T16:56:49.890697,3422125246909672,MS4wLjABAAAAxKsA_hel1l-xkHMz9IrgDOah8-T7ZUcH2s0uZWO6P7MaWdZNLFktiPIJ3xET_Iy1,爽星儿,#两个精神病想捅我一个手里有刀一个有棍 魔王护,1777700429,141712,4,14203,195,1754,1832,0,"[""https://p3-pc-sign.douyinpic.com/image-cut-tos-priv/9b45d643f75244690f657c2cc66d6a39~tplv-dy-resize-origshort-autoq-75:330.jpeg?lk3s=138a59ce&x-expires=2093500800&x-signature=QVU1nJPxkwmAQlaIyJzSDwdchdA%3D&from=327834062&s=PackSourceEnum_WEBPC_RELATED_AWEME&se=false&sc=cover&biz_tag=pcweb_cover&l=2026050716570089E85869FECFB93E78F6"", ""https://p9-pc-sign.douyinpic.com/image-cut-tos-priv/9b45d643f75244690f657c2cc66d6a39~tplv-dy-resize-origshort-autoq-75:330.jpeg?lk3s=138a59ce&x-expires=2093500800&x-signature=slCknGAY7JEoLCSs9OQZfELu2FQ%3D&from=327834062&s=PackSourceEnum_WEBPC_RELATED_AWEME&se=false&sc=cover&biz_tag=pcweb_cover&l=2026050716570089E85869FECFB93E78F6""]",7634480933093067562,严莉莉进行曲(速燃版),"[{""caption_end"": 19, ""caption_start"": 0, ""end"": 19, ""hashtag_id"": ""7634559784355629102"", ""hashtag_name"": ""两个精神病想捅我一个手里有刀一个有棍"", ""is_commerce"": false, ""start"": 0, ""type"": 1}]","[{""level"": 1, ""tag_id"": 2014, ""tag_name"": ""二次元""}, {""level"": 2, ""tag_id"": 2014002, ""tag_name"": ""二次元内容""}, {""level"": 3, ""tag_id"": 2014002001, ""tag_name"": ""动漫IP""}]",
7627326318220201258,7633619697442835739,1,2026-05-07T16:56:49.890697,1500161654658955,MS4wLjABAAAA91mOfrOEt44Ohg2ccu-_uhnJXSpGDWCfvlNDwYIjFcDKVCmh863rTKqPEYS0HcDN,阿繁动漫,我靠卖冰致富 ,1777340601,805134,4,7168,84,670,1197,0,"[""https://p3-pc-sign.douyinpic.com/image-cut-tos-priv/bd6cc6d45dcb3bff873ac4c0e9b269c2~tplv-dy-resize-origshort-autoq-75:330.jpeg?lk3s=138a59ce&x-expires=2093500800&x-signature=CoTDiw5lyjndzFDb28FBHU10UM0%3D&from=327834062&s=PackSourceEnum_WEBPC_RELATED_AWEME&se=false&sc=cover&biz_tag=pcweb_cover&l=2026050716570089E85869FECFB93E78F6"", ""https://p9-pc-sign.douyinpic.com/image-cut-tos-priv/bd6cc6d45dcb3bff873ac4c0e9b269c2~tplv-dy-resize-origshort-autoq-75:330.jpeg?lk3s=138a59ce&x-expires=2093500800&x-signature=hlJ7FhL%2BzSRXiMdgUBszOvbrkEg%3D&from=327834062&s=PackSourceEnum_WEBPC_RELATED_AWEME&se=false&sc=cover&biz_tag=pcweb_cover&l=2026050716570089E85869FECFB93E78F6""]",7633619994413583145,@阿繁动漫创作的原声,,"[{""level"": 1, ""tag_id"": 2014, ""tag_name"": ""二次元""}, {""level"": 2, ""tag_id"": 2014002, ""tag_name"": ""二次元内容""}, {""level"": 3, ""tag_id"": 2014002001, ""tag_name"": ""动漫IP""}]",
7627326318220201258,7624018474632842523,2,2026-05-07T16:56:49.890697,52927053781,MS4wLjABAAAAcPNDg6BWUPLJHR09lWaOhSTRmlgSIUAB_bmsxrPMvCQ,宸宸动漫,谁能拒绝蹲坑的时候看一集猫和老鼠呢 #猫和老鼠 #汤姆和杰瑞 #喜爱度激励计划 #猫和老鼠动画,1775294760,744900,4,57988,1269,16390,7572,0,"[""https://p9-pc-sign.douyinpic.com/image-cut-tos/1c7933cda0e8b1bec0de7f31f2c06e0e~tplv-dy-resize-origshort-autoq-75:330.jpeg?lk3s=138a59ce&x-expires=2093500800&x-signature=3CFkY7jx1ArR%2BnKW%2FwydzlusPtU%3D&from=327834062&s=PackSourceEnum_WEBPC_RELATED_AWEME&se=false&sc=cover&biz_tag=pcweb_cover&l=2026050716570089E85869FECFB93E78F6"", ""https://p3-pc-sign.douyinpic.com/image-cut-tos/1c7933cda0e8b1bec0de7f31f2c06e0e~tplv-dy-resize-origshort-autoq-75:330.jpeg?lk3s=138a59ce&x-expires=2093500800&x-signature=lEPTUL4F5fOZflz2N6Y9BhuK0YE%3D&from=327834062&s=PackSourceEnum_WEBPC_RELATED_AWEME&se=false&sc=cover&biz_tag=pcweb_cover&l=2026050716570089E85869FECFB93E78F6""]",7624018702601653019,@宸宸动漫创作的原声,"[{""caption_end"": 5, ""caption_start"": 0, ""end"": 23, ""hashtag_id"": ""1567422226880513"", ""hashtag_name"": ""猫和老鼠"", ""is_commerce"": false, ""start"": 18, ""type"": 1}, {""caption_end"": 12, ""caption_start"": 6, ""end"": 30, ""hashtag_id"": ""1579850886705165"", ""hashtag_name"": ""汤姆和杰瑞"", ""is_commerce"": false, ""start"": 24, ""type"": 1}, {""caption_end"": 21, ""caption_start"": 13, ""end"": 39, ""hashtag_id"": ""7433356369488513064"", ""hashtag_name"": ""喜爱度激励计划"", ""is_commerce"": false, ""start"": 31, ""type"": 1}, {""caption_end"": 29, ""caption_start"": 22, ""end"": 47, ""hashtag_id"": ""1640488488581198"", ""hashtag_name"": ""猫和老鼠动画"", ""is_commerce"": false, ""start"": 40, ""type"": 1}]","[{""level"": 1, ""tag_id"": 2014, ""tag_name"": ""二次元""}, {""level"": 2, ""tag_id"": 2014002, ""tag_name"": ""二次元内容""}, {""level"": 3, ""tag_id"": 2014002001, ""tag_name"": ""动漫IP""}]",
7627326318220201258,7626577213403450676,3,2026-05-07T16:56:49.890697,699734124161053,MS4wLjABAAAAKG1l-REZEF79k1JDaXfrSTDYuJrK9229yG5WobezdAA,大虾动漫,大虾鉴神 我叫大虾，穿越到异界，在这里妖兽横行，满世界布满了各种神明的石像，只要成功说出石像的来历，就可以通过特殊方法唤醒神明来获取力量，这是一个文明断层的龙国，本国神明无人可鉴别，内忧外患，大厦将倾，大虾直接上报国家，通过不断的直播鉴定神明增加龙国实力，携手龙国一步步走向世界巅峰。,1775700889,150025,4,4649,52,190,5062,0,"[""https://p3-pc-sign.douyinpic.com/image-cut-tos/fb48f4bf500e3f99441d692f9e68f88d~tplv-dy-resize-origshort-autoq-75:330.jpeg?lk3s=138a59ce&x-expires=2093500800&x-signature=%2FJCIaQEkLxTgkLJ5UMJuEosxgjs%3D&from=327834062&s=PackSourceEnum_WEBPC_RELATED_AWEME&se=false&sc=cover&biz_tag=pcweb_cover&l=2026050716570089E85869FECFB93E78F6"", ""https://p9-pc-sign.douyinpic.com/image-cut-tos/fb48f4bf500e3f99441d692f9e68f88d~tplv-dy-resize-origshort-autoq-75:330.jpeg?lk3s=138a59ce&x-expires=2093500800&x-signature=KRL4mbdhdMtsWts2Z%2F2cPaEwe88%3D&from=327834062&s=PackSourceEnum_WEBPC_RELATED_AWEME&se=false&sc=cover&biz_tag=pcweb_cover&l=2026050716570089E85869FECFB93E78F6""]",7626577228655905579,@大虾动漫创作的原声,,"[{""level"": 1, ""tag_id"": 2014, ""tag_name"": ""二次元""}, {""level"": 2, ""tag_id"": 2014002, ""tag_name"": ""二次元内容""}, {""level"": 3, ""tag_id"": 2014002001, ""tag_name"": ""动漫IP""}]",
7627326318220201258,7621183643477642536,4,2026-05-07T16:56:49.890697,2360023525629779,MS4wLjABAAAAQbWX9OqTzVc0lT4Kt95q9eauBVqLLer--5J8v50EsLKta2LchkX9LdXeTLwmaPnd,肥龙和老西,别 欺 负 天 津 小 学 生 #搞笑配音 #一本正经飚方言 #万万想不到 #天津话 #搞笑,1774481400,182167,4,3358183,38447,1842816,583883,0,"[""https://p3-pc-sign.douyinpic.com/image-cut-tos/99315b29ec3561b7d32d3deb5e29e014~tplv-dy-resize-origshort-autoq-75:330.jpeg?lk3s=138a59ce&x-expires=2093500800&x-signature=Q6GJ58Y8BOc1%2FkpUnMu96Bk9Eww%3D&from=327834062&s=PackSourceEnum_WEBPC_RELATED_AWEME&se=false&sc=cover&biz_tag=pcweb_cover&l=2026050716570089E85869FECFB93E78F6"", ""https://p9-pc-sign.douyinpic.com/image-cut-tos/99315b29ec3561b7d32d3deb5e29e014~tplv-dy-resize-origshort-autoq-75:330.jpeg?lk3s=138a59ce&x-expires=2093500800&x-signature=T%2BbED0Z2jxxKFg4p3aMl5TNc6g0%3D&from=327834062&s=PackSourceEnum_WEBPC_RELATED_AWEME&se=false&sc=cover&biz_tag=pcweb_cover&l=2026050716570089E85869FECFB93E78F6""]",7621183747781954358,@肥龙和老西创作的原声,"[{""caption_end"": 5, ""caption_start"": 0, ""end"": 21, ""hashtag_id"": ""1585101632983054"", ""hashtag_name"": ""搞笑配音"", ""is_commerce"": false, ""start"": 16, ""type"": 1}, {""caption_end"": 14, ""caption_start"": 6, ""end"": 30, ""hashtag_id"": ""1572801508770846"", ""hashtag_name"": ""一本正经飚方言"", ""is_commerce"": false, ""start"": 22, ""type"": 1}, {""caption_end"": 21, ""caption_start"": 15, ""end"": 37, ""hashtag_id"": ""1579789109998606"", ""hashtag_name"": ""万万想不到"", ""is_commerce"": false, ""start"": 31, ""type"": 1}, {""caption_end"": 26, ""caption_start"": 22, ""end"": 42, ""hashtag_id"": ""1580790875678749"", ""hashtag_name"": ""天津话"", ""is_commerce"": false, ""start"": 38, ""type"": 1}, {""caption_end"": 30, ""caption_start"": 27, ""end"": 46, ""hashtag_id"": ""1553513807372289"", ""hashtag_name"": ""搞笑"", ""is_commerce"": false, ""start"": 43, ""type"": 1}]","[{""level"": 1, ""tag_id"": 2014, ""tag_name"": ""二次元""}, {""level"": 2, ""tag_id"": 2014002, ""tag_name"": ""二次元内容""}, {""level"": 3, ""tag_id"": 2014002001, ""tag_name"": ""动漫IP""}]",
7627326318220201258,7606041303406611763,5,2026-05-07T16:56:49.890697,7476349102805238841,MS4wLjABAAAA2QtMiYnux4XQcSllfenaLpGxEq0lDjdjFMRNlDpGTDib72hxcfeiPCghOTjREn6R,公生动画,《禁忌公生》在这里只要你付得起代价，就能获得你想要的一切！！ #原创动画 #二次元 #原创 #代价,1770937200,776900,4,9346,116,203,9934,0,"[""https://p3-pc-sign.douyinpic.com/image-cut-tos/e65684227d65717195fef0c748bb280d~tplv-dy-resize-origshort-autoq-75:330.jpeg?lk3s=138a59ce&x-expires=2093500800&x-signature=phhXcCCDUx6XeLunxhfVIIKdRBg%3D&from=327834062&s=PackSourceEnum_WEBPC_RELATED_AWEME&se=false&sc=cover&biz_tag=pcweb_cover&l=2026050716570089E85869FECFB93E78F6"", ""https://p9-pc-sign.douyinpic.com/image-cut-tos/e65684227d65717195fef0c748bb280d~tplv-dy-resize-origshort-autoq-75:330.jpeg?lk3s=138a59ce&x-expires=2093500800&x-signature=Nr4Ms1H%2FFkD%2F2jBQHdAGfdJEGFE%3D&from=327834062&s=PackSourceEnum_WEBPC_RELATED_AWEME&se=false&sc=cover&biz_tag=pcweb_cover&l=2026050716570089E85869FECFB93E78F6""]",7606041546449849151,@公生动画创作的原声,"[{""caption_end"": 5, ""caption_start"": 0, ""end"": 36, ""hashtag_id"": ""1590529075305486"", ""hashtag_name"": ""原创动画"", ""is_commerce"": false, ""start"": 31, ""type"": 1}, {""caption_end"": 10, ""caption_start"": 6, ""end"": 41, ""hashtag_id"": ""1549679016708097"", ""hashtag_name"": ""二次元"", ""is_commerce"": false, ""start"": 37, ""type"": 1}, {""caption_end"": 14, ""caption_start"": 11, ""end"": 45, ""hashtag_id"": ""1767586760087623"", ""hashtag_name"": ""原创"", ""is_commerce"": false, ""start"": 42, ""type"": 1}, {""caption_end"": 18, ""caption_start"": 15, ""end"": 49, ""hashtag_id"": ""1587470355412046"", ""hashtag_name"": ""代价"", ""is_commerce"": false, ""start"": 46, ""type"": 1}]","[{""level"": 1, ""tag_id"": 2014, ""tag_name"": ""二次元""}, {""level"": 2, ""tag_id"": 2014002, ""tag_name"": ""二次元内容""}, {""level"": 3, ""tag_id"": 2014002001, ""tag_name"": ""动漫IP""}]",
7627326318220201258,7622748226407517474,6,2026-05-07T16:56:49.890697,3449598794793544,MS4wLjABAAAA71-VvkQwBLAJpgXfz06_qSC6Ne2DnxjcGildIHaV7tnLobpnJYwL_MShZmMUUCQ-,夏芸有点慌,考生规规（合集）#规则怪谈 #一口气看完系列 #二次元 #悬疑,1774869157,653017,4,44987,2697,9640,30150,0,"[""https://p3-pc-sign.douyinpic.com/image-cut-tos/71d9ad6f10e0507d782f6c467db1bc3d~tplv-dy-resize-origshort-autoq-75:330.jpeg?lk3s=138a59ce&x-expires=2093500800&x-signature=ZnJf9MItNFN%2Fbxd3Y2qI6DgdJy4%3D&from=327834062&s=PackSourceEnum_WEBPC_RELATED_AWEME&se=false&sc=cover&biz_tag=pcweb_cover&l=2026050716570089E85869FECFB93E78F6"", ""https://p9-pc-sign.douyinpic.com/image-cut-tos/71d9ad6f10e0507d782f6c467db1bc3d~tplv-dy-resize-origshort-autoq-75:330.jpeg?lk3s=138a59ce&x-expires=2093500800&x-signature=MNYyecieM3hD%2FzKvK8YLOXTwMIY%3D&from=327834062&s=PackSourceEnum_WEBPC_RELATED_AWEME&se=false&sc=cover&biz_tag=pcweb_cover&l=2026050716570089E85869FECFB93E78F6""]",7622748506838551346,@夏芸有点慌创作的原声,"[{""caption_end"": 13, ""caption_start"": 8, ""end"": 13, ""hashtag_id"": ""1717551246219278"", ""hashtag_name"": ""规则怪谈"", ""is_commerce"": false, ""start"": 8, ""type"": 1}, {""caption_end"": 22, ""caption_start"": 14, ""end"": 22, ""hashtag_id"": ""1657496491581444"", ""hashtag_name"": ""一口气看完系列"", ""is_commerce"": false, ""start"": 14, ""type"": 1}, {""caption_end"": 27, ""caption_start"": 23, ""end"": 27, ""hashtag_id"": ""1549679016708097"", ""hashtag_name"": ""二次元"", ""is_commerce"": false, ""start"": 23, ""type"": 1}, {""caption_end"": 31, ""caption_start"": 28, ""end"": 31, ""hashtag_id"": ""1577707248705566"", ""hashtag_name"": ""悬疑"", ""is_commerce"": false, ""start"": 28, ""type"": 1}]","[{""level"": 1, ""tag_id"": 2014, ""tag_name"": ""二次元""}, {""level"": 2, ""tag_id"": 2014002, ""tag_name"": ""二次元内容""}, {""level"": 3, ""tag_id"": 2014002001, ""tag_name"": ""动漫IP""}]",
7627382211391050323,7611014250286353673,0,2026-05-07T16:57:00.897222,81289160861,MS4wLjABAAAACYJrzdPbK9eYJmlLeh9tYukPMQQ2zDCRun9SUq3wo6c,王者荣耀-晓夏,越是连胜，越是给我匹配高手！ 昨晚更新视频迟到了，本应该更新这个视频的，但是这个视频出了问题，只能提前把连胜终结的给发出来，今天这个补上，不好意思了小伙伴们，应该先发这个的！我给这个连胜整个合集吧，方便小伙伴们观看 #小王新春畅聊会 #农学院畅聊会 #农厨团畅聊会 #农娱团畅聊会,1772101801,411967,4,5561,199,70,260,0,"[""https://p3-pc-sign.douyinpic.com/image-cut-tos/4af054840550fe4c855033a3dcd7e961~tplv-dy-resize-origshort-autoq-75:330.jpeg?lk3s=138a59ce&x-expires=2093500800&x-signature=5Ri1OUgaMMtd%2BSTzr3dlQc0hdzg%3D&from=327834062&s=PackSourceEnum_WEBPC_RELATED_AWEME&se=false&sc=cover&biz_tag=pcweb_cover&l=20260507165711FDC982E0846EE5E3CD35"", ""https://p9-pc-sign.douyinpic.com/image-cut-tos/4af054840550fe4c855033a3dcd7e961~tplv-dy-resize-origshort-autoq-75:330.jpeg?lk3s=138a59ce&x-expires=2093500800&x-signature=zgkcXWRvtWibYGYuNKlJ46NE1OQ%3D&from=327834062&s=PackSourceEnum_WEBPC_RELATED_AWEME&se=false&sc=cover&biz_tag=pcweb_cover&l=20260507165711FDC982E0846EE5E3CD35""]",7611014432646236954,@王者荣耀-晓夏创作的原声,"[{""caption_end"": 101, ""caption_start"": 93, ""end"": 116, ""hashtag_id"": ""7604769620909623346"", ""hashtag_name"": ""小王新春畅聊会"", ""is_commerce"": false, ""start"": 108, ""type"": 1}, {""caption_end"": 109, ""caption_start"": 102, ""end"": 124, ""hashtag_id"": ""7606339494182127635"", ""hashtag_name"": ""农学院畅聊会"", ""is_commerce"": false, ""start"": 117, ""type"": 1}, {""caption_end"": 117, ""caption_start"": 110, ""end"": 132, ""hashtag_id"": ""7606339429799561259"", ""hashtag_name"": ""农厨团畅聊会"", ""is_commerce"": false, ""start"": 125, ""type"": 1}, {""caption_end"": 125, ""caption_start"": 118, ""end"": 140, ""hashtag_id"": ""7606339383309895743"", ""hashtag_name"": ""农娱团畅聊会"", ""is_commerce"": false, ""start"": 133, ""type"": 1}]","[{""level"": 1, ""tag_id"": 2015, ""tag_name"": ""游戏""}, {""level"": 2, ""tag_id"": 2015004, ""tag_name"": ""竞技游戏""}, {""level"": 0, ""tag_id"": 0, ""tag_name"": """"}]",玩家在游戏中取得了16连胜，期间匹配到了多位高手队友。在一场比赛中，玩家对线芈月，成功压制对手并取得优势。中期，玩家参与团战，帮助队伍取得胜利。最后，在后期团战中，玩家配合队友推掉对方水晶，实现了17连胜。
7627382211391050323,7605222249427258666,1,2026-05-07T16:57:00.897222,7431206967496590396,MS4wLjABAAAAlLu6xwIkRUFOr2cEeKzwmrtj_TiMW7sG5nwpQOeV5KCsoGx1Z9o1z6pfeeVuzppK,无悔,神器流孙权逆风想翻盘思路教学 很多宝子说前几期不够窝囊，也不够长不够看，那么好，你们定制的终极加苦加麻超级无敌窝囊加长版来了，（可恶，这主播还是太宠粉了...） #抖音acg新春会 #年味满满 #和我一起看acg新春会 #王者荣耀 #青年创作者成长计划,1770729865,935070,4,752161,16417,199026,41323,0,"[""https://p3-pc-sign.douyinpic.com/image-cut-tos/9ef7e27b6cc6cc65f1dfa3bc848c2ead~tplv-dy-resize-origshort-autoq-75:330.jpeg?lk3s=138a59ce&x-expires=2093500800&x-signature=exHSTiF1I363G7awQ83h27RIR1U%3D&from=327834062&s=PackSourceEnum_WEBPC_RELATED_AWEME&se=false&sc=cover&biz_tag=pcweb_cover&l=20260507165711FDC982E0846EE5E3CD35"", ""https://p9-pc-sign.douyinpic.com/image-cut-tos/9ef7e27b6cc6cc65f1dfa3bc848c2ead~tplv-dy-resize-origshort-autoq-75:330.jpeg?lk3s=138a59ce&x-expires=2093500800&x-signature=gXkT2CGJiXbWUQ0Zq7sCZHP8LDQ%3D&from=327834062&s=PackSourceEnum_WEBPC_RELATED_AWEME&se=false&sc=cover&biz_tag=pcweb_cover&l=20260507165711FDC982E0846EE5E3CD35""]",7605222955240426259,@无悔创作的原声,"[{""caption_end"": 75, ""caption_start"": 66, ""end"": 90, ""hashtag_id"": ""7577626406927763465"", ""hashtag_name"": ""抖音acg新春会"", ""is_commerce"": false, ""start"": 81, ""type"": 1}, {""caption_end"": 81, ""caption_start"": 76, ""end"": 96, ""hashtag_id"": ""1624265505308686"", ""hashtag_name"": ""年味满满"", ""is_commerce"": false, ""start"": 91, ""type"": 1}, {""caption_end"": 94, ""caption_start"": 82, ""end"": 109, ""hashtag_id"": ""7592193846176385059"", ""hashtag_name"": ""和我一起看acg新春会"", ""is_commerce"": false, ""start"": 97, ""type"": 1}, {""caption_end"": 100, ""caption_start"": 95, ""end"": 115, ""hashtag_id"": ""1552394635036673"", ""hashtag_name"": ""王者荣耀"", ""is_commerce"": false, ""start"": 110, ""type"": 1}, {""caption_end"": 111, ""caption_start"": 101, ""end"": 126, ""hashtag_id"": ""7529832653680281615"", ""hashtag_name"": ""青年创作者成长计划"", ""is_commerce"": false, ""start"": 116, ""type"": 1}]","[{""level"": 1, ""tag_id"": 2015, ""tag_name"": ""游戏""}, {""level"": 2, ""tag_id"": 2015004, ""tag_name"": ""竞技游戏""}, {""level"": 0, ""tag_id"": 0, ""tag_name"": """"}]",
7627382211391050323,7609015136996658474,2,2026-05-07T16:57:00.897222,1750053159702099,MS4wLjABAAAA-VDSHXvTZYiEsl67hoJEOn77isz6k23CHq9yDO2yoiNCbnidMuWGM_QVpuytxIjd,困困包qaq,巅峰赛射手团战站位,1771638900,241067,4,6363,146,303,224,0,"[""https://p3-pc-sign.douyinpic.com/image-cut-tos/589af106ffb0e8f403cf49a7776bd996~tplv-dy-resize-origshort-autoq-75:330.jpeg?lk3s=138a59ce&x-expires=2093500800&x-signature=Dt3LHRc1ZERga6uLjp4lZYJD7tU%3D&from=327834062&s=PackSourceEnum_WEBPC_RELATED_AWEME&se=false&sc=cover&biz_tag=pcweb_cover&l=20260507165711FDC982E0846EE5E3CD35"", ""https://p9-pc-sign.douyinpic.com/image-cut-tos/589af106ffb0e8f403cf49a7776bd996~tplv-dy-resize-origshort-autoq-75:330.jpeg?lk3s=138a59ce&x-expires=2093500800&x-signature=MwYH27gjpHFnwX53IC3aQFsZ1V8%3D&from=327834062&s=PackSourceEnum_WEBPC_RELATED_AWEME&se=false&sc=cover&biz_tag=pcweb_cover&l=20260507165711FDC982E0846EE5E3CD35""]",7609016222579002175,@困困包qaq创作的原声,,"[{""level"": 1, ""tag_id"": 2015, ""tag_name"": ""游戏""}, {""level"": 2, ""tag_id"": 2015004, ""tag_name"": ""竞技游戏""}, {""level"": 0, ""tag_id"": 0, ""tag_name"": """"}]",
7627382211391050323,7634837052576249275,3,2026-05-07T16:57:00.897222,2630512660721741,MS4wLjABAAAA5Ds0xIr26xA6h8rEa0r98QC3Gb3h_7MjmxMZe6GYTlsxB5tiYbfu-phwTnqvbXOK,木瑞孙策冲鸭,朵利亚：玩得这么熟练 你不会是牢玩家吧？🤪#王者荣耀,1777624025,256000,4,16111,426,254,1005,0,"[""https://p3-pc-sign.douyinpic.com/image-cut-tos/495cea2c3f4245ef859742ed5990eca7~tplv-dy-resize-origshort-autoq-75:330.jpeg?lk3s=138a59ce&x-expires=2093500800&x-signature=YzfnqTUccXAeCJ4bX7qRWvU6vEk%3D&from=327834062&s=PackSourceEnum_WEBPC_RELATED_AWEME&se=false&sc=cover&biz_tag=pcweb_cover&l=20260507165711FDC982E0846EE5E3CD35"", ""https://p9-pc-sign.douyinpic.com/image-cut-tos/495cea2c3f4245ef859742ed5990eca7~tplv-dy-resize-origshort-autoq-75:330.jpeg?lk3s=138a59ce&x-expires=2093500800&x-signature=J7uxiJ104JL1Oguo8nMtHwCarGY%3D&from=327834062&s=PackSourceEnum_WEBPC_RELATED_AWEME&se=false&sc=cover&biz_tag=pcweb_cover&l=20260507165711FDC982E0846EE5E3CD35""]",7634837050918816555,@木瑞孙策冲鸭创作的原声,"[{""caption_end"": 27, ""caption_start"": 22, ""end"": 27, ""hashtag_id"": ""1764938367505416"", ""hashtag_name"": ""王者荣耀"", ""is_commerce"": false, ""start"": 22, ""type"": 1}]","[{""level"": 1, ""tag_id"": 2015, ""tag_name"": ""游戏""}, {""level"": 2, ""tag_id"": 2015004, ""tag_name"": ""竞技游戏""}, {""level"": 0, ""tag_id"": 0, ""tag_name"": """"}]",
7627382211391050323,7605065382885369262,4,2026-05-07T16:57:00.897222,2783588935016139,MS4wLjABAAAAtaLDcs2E3z6WIn4UwhBlxUs-gpE5mly-9hgcD_HW993NxCbKZTRHqS6iARKbPVLA,荒尾,一位很全面的中单 #王者荣耀,1770692269,137934,4,52320,477,1789,1657,0,"[""https://p3-pc-sign.douyinpic.com/image-cut-tos/2803eac050939fd9d39b72055c78ddbf~tplv-dy-resize-origshort-autoq-75:330.jpeg?lk3s=138a59ce&x-expires=2093500800&x-signature=T6trBSnoE%2F1FzEyA%2BjYX%2BllOATg%3D&from=327834062&s=PackSourceEnum_WEBPC_RELATED_AWEME&se=false&sc=cover&biz_tag=pcweb_cover&l=20260507165711FDC982E0846EE5E3CD35"", ""https://p9-pc-sign.douyinpic.com/image-cut-tos/2803eac050939fd9d39b72055c78ddbf~tplv-dy-resize-origshort-autoq-75:330.jpeg?lk3s=138a59ce&x-expires=2093500800&x-signature=m56kuMkKfnHfzVuALi%2BySdKSXn4%3D&from=327834062&s=PackSourceEnum_WEBPC_RELATED_AWEME&se=false&sc=cover&biz_tag=pcweb_cover&l=20260507165711FDC982E0846EE5E3CD35""]",7605065392444148489,@荒尾创作的原声,"[{""caption_end"": 5, ""caption_start"": 0, ""end"": 14, ""hashtag_id"": ""1764938367505416"", ""hashtag_name"": ""王者荣耀"", ""is_commerce"": false, ""start"": 9, ""type"": 1}]","[{""level"": 1, ""tag_id"": 2015, ""tag_name"": ""游戏""}, {""level"": 2, ""tag_id"": 2015004, ""tag_name"": ""竞技游戏""}, {""level"": 0, ""tag_id"": 0, ""tag_name"": """"}]",
7627382211391050323,7612963492610910649,5,2026-05-07T16:57:00.897222,407278095702863,MS4wLjABAAAASxTU3GnXC8iuzyC_HG3Y00orm4wW0nRm5_50UBiCTy0,悟空刘禅,团战460、走位全漂移，辅助刘禅果断去偷塔，偷家翻盘教系统做人！#王者荣耀 #辅助 #刘禅推塔 #王者荣耀辅助教学,1772531816,316800,4,31048,1255,811,2956,0,"[""https://p3-pc-sign.douyinpic.com/image-cut-tos/06ed3b92592de3e5a9ce822cdb7c2877~tplv-dy-resize-origshort-autoq-75:330.jpeg?lk3s=138a59ce&x-expires=2093500800&x-signature=VAFD9B0iBQKc3S2QfYeH7AC0kk8%3D&from=327834062&s=PackSourceEnum_WEBPC_RELATED_AWEME&se=false&sc=cover&biz_tag=pcweb_cover&l=20260507165711FDC982E0846EE5E3CD35"", ""https://p9-pc-sign.douyinpic.com/image-cut-tos/06ed3b92592de3e5a9ce822cdb7c2877~tplv-dy-resize-origshort-autoq-75:330.jpeg?lk3s=138a59ce&x-expires=2093500800&x-signature=y1t%2FcQ4Mzw5z6Q1iEVbSDXME7Y0%3D&from=327834062&s=PackSourceEnum_WEBPC_RELATED_AWEME&se=false&sc=cover&biz_tag=pcweb_cover&l=20260507165711FDC982E0846EE5E3CD35""]",7612963464981711616,@悟空刘禅创作的原声,"[{""caption_end"": 37, ""caption_start"": 32, ""end"": 37, ""hashtag_id"": ""1764938367505416"", ""hashtag_name"": ""王者荣耀"", ""is_commerce"": false, ""start"": 32, ""type"": 1}, {""caption_end"": 41, ""caption_start"": 38, ""end"": 41, ""hashtag_id"": ""1584858615116814"", ""hashtag_name"": ""辅助"", ""is_commerce"": false, ""start"": 38, ""type"": 1}, {""caption_end"": 47, ""caption_start"": 42, ""end"": 47, ""hashtag_id"": ""1604852296857624"", ""hashtag_name"": ""刘禅推塔"", ""is_commerce"": false, ""start"": 42, ""type"": 1}, {""caption_end"": 57, ""caption_start"": 48, ""end"": 57, ""hashtag_id"": ""1634395430108171"", ""hashtag_name"": ""王者荣耀辅助教学"", ""is_commerce"": false, ""start"": 48, ""type"": 1}]","[{""level"": 1, ""tag_id"": 2015, ""tag_name"": ""游戏""}, {""level"": 2, ""tag_id"": 2015004, ""tag_name"": ""竞技游戏""}, {""level"": 0, ""tag_id"": 0, ""tag_name"": """"}]",
7627382211391050323,7607026141911611301,6,2026-05-07T16:57:00.897222,299497476329820,MS4wLjABAAAApU-kGmGb52-JZrWLJoiFxyDDndqHXdjyVJzlrm4KHVo,言七星星星,火舞,1771148796,130600,4,16164,67,944,553,0,"[""https://p3-pc-sign.douyinpic.com/image-cut-tos-priv/88a165a0153c0dd90248a23e49037e42~tplv-dy-resize-origshort-autoq-75:330.jpeg?lk3s=138a59ce&x-expires=2093500800&x-signature=jFr9KhTGF0eg3QQq%2B2ejeofzbKQ%3D&from=327834062&s=PackSourceEnum_WEBPC_RELATED_AWEME&se=false&sc=cover&biz_tag=pcweb_cover&l=20260507165711FDC982E0846EE5E3CD35"", ""https://p9-pc-sign.douyinpic.com/image-cut-tos-priv/88a165a0153c0dd90248a23e49037e42~tplv-dy-resize-origshort-autoq-75:330.jpeg?lk3s=138a59ce&x-expires=2093500800&x-signature=YVCpPNZw%2Fr3FaO%2B2%2BPGesptGSPc%3D&from=327834062&s=PackSourceEnum_WEBPC_RELATED_AWEME&se=false&sc=cover&biz_tag=pcweb_cover&l=20260507165711FDC982E0846EE5E3CD35""]",7607026126510115635,@言七星星星创作的原声,,"[{""level"": 1, ""tag_id"": 2015, ""tag_name"": ""游戏""}, {""level"": 2, ""tag_id"": 2015004, ""tag_name"": ""竞技游戏""}, {""level"": 0, ""tag_id"": 0, ""tag_name"": """"}]",
7627382211391050323,7613748847505036499,7,2026-05-07T16:57:00.897222,1372621515787080,MS4wLjABAAAAgBm1yWgx0yZizNHHUPTBtGd9mFGMvZ8UsshRWq_YBvSolL9hP-Lnt56vlBKpKvgK,卷耳苏,每一个勇敢的孙权，背后都有一个绝望的辅助#游戏日常 #孙权 #辅助视角,1772714045,77602,4,7303,291,2353,366,0,"[""https://p3-pc-sign.douyinpic.com/image-cut-tos-priv/2c6c25a47ee8407934eae9a4176f7c19~tplv-dy-resize-origshort-autoq-75:330.jpeg?lk3s=138a59ce&x-expires=2093500800&x-signature=9p3x9FLq%2BhdH9Wh2RAWw1n09FLs%3D&from=327834062&s=PackSourceEnum_WEBPC_RELATED_AWEME&se=false&sc=cover&biz_tag=pcweb_cover&l=20260507165711FDC982E0846EE5E3CD35"", ""https://p9-pc-sign.douyinpic.com/image-cut-tos-priv/2c6c25a47ee8407934eae9a4176f7c19~tplv-dy-resize-origshort-autoq-75:330.jpeg?lk3s=138a59ce&x-expires=2093500800&x-signature=g5IKNxslR%2FzTNDvDkIdXDYifKTs%3D&from=327834062&s=PackSourceEnum_WEBPC_RELATED_AWEME&se=false&sc=cover&biz_tag=pcweb_cover&l=20260507165711FDC982E0846EE5E3CD35""]",7613748797760195374,@卷耳苏创作的原声,"[{""caption_end"": 25, ""caption_start"": 20, ""end"": 25, ""hashtag_id"": ""1572818708738062"", ""hashtag_name"": ""游戏日常"", ""is_commerce"": false, ""start"": 20, ""type"": 1}, {""caption_end"": 29, ""caption_start"": 26, ""end"": 29, ""hashtag_id"": ""1613799195360270"", ""hashtag_name"": ""孙权"", ""is_commerce"": false, ""start"": 26, ""type"": 1}, {""caption_end"": 35, ""caption_start"": 30, ""end"": 35, ""hashtag_id"": ""1670941355288590"", ""hashtag_name"": ""辅助视角"", ""is_commerce"": false, ""start"": 30, ""type"": 1}]","[{""level"": 1, ""tag_id"": 2015, ""tag_name"": ""游戏""}, {""level"": 2, ""tag_id"": 2015004, ""tag_name"": ""竞技游戏""}, {""level"": 0, ""tag_id"": 0, ""tag_name"": """"}]",
7627382211391050323,7625119828356943146,8,2026-05-07T16:57:00.897222,7431206967496590396,MS4wLjABAAAAlLu6xwIkRUFOr2cEeKzwmrtj_TiMW7sG5nwpQOeV5KCsoGx1Z9o1z6pfeeVuzppK,无悔,神器流孙权赛季初突破低分教学 本视频以发育教学为主，各位学习发育思路即可，所有一打多行为均为节目效果，炸团风险极高切勿模仿 #游戏破壁计划#王者荣耀,1775362458,559634,4,488081,10053,125841,29439,0,"[""https://p3-pc-sign.douyinpic.com/image-cut-tos/93f64bb9e4b1b159c76f2a3ebdfdfa66~tplv-dy-resize-origshort-autoq-75:330.jpeg?lk3s=138a59ce&x-expires=2093500800&x-signature=Ee68XjbnrSjG9I6y%2Fqf3%2FbRCpiw%3D&from=327834062&s=PackSourceEnum_WEBPC_RELATED_AWEME&se=false&sc=cover&biz_tag=pcweb_cover&l=20260507165711FDC982E0846EE5E3CD35"", ""https://p9-pc-sign.douyinpic.com/image-cut-tos/93f64bb9e4b1b159c76f2a3ebdfdfa66~tplv-dy-resize-origshort-autoq-75:330.jpeg?lk3s=138a59ce&x-expires=2093500800&x-signature=XRU%2FLlGdsTseZ1aOhUAgvQqPcyo%3D&from=327834062&s=PackSourceEnum_WEBPC_RELATED_AWEME&se=false&sc=cover&biz_tag=pcweb_cover&l=20260507165711FDC982E0846EE5E3CD35""]",7625120021165050670,@无悔创作的原声,"[{""caption_end"": 54, ""caption_start"": 47, ""end"": 69, ""hashtag_id"": ""7585516543162484763"", ""hashtag_name"": ""游戏破壁计划"", ""is_commerce"": false, ""start"": 62, ""type"": 1}, {""caption_end"": 59, ""caption_start"": 54, ""end"": 74, ""hashtag_id"": ""1552394635036673"", ""hashtag_name"": ""王者荣耀"", ""is_commerce"": false, ""start"": 69, ""type"": 1}]","[{""level"": 1, ""tag_id"": 2015, ""tag_name"": ""游戏""}, {""level"": 2, ""tag_id"": 2015004, ""tag_name"": ""竞技游戏""}, {""level"": 0, ""tag_id"": 0, ""tag_name"": """"}]",
7627382211391050323,7626617422544195913,9,2026-05-07T16:57:00.897222,1604922456148359,MS4wLjABAAAArmP3WiPnlSCCvh_YmZdcR_fedfq4ySTfGKX33VaML_IPPrDcsq90cGQR3353wxmz,乐崽(中路教学),当你玩小乔被队友放养该如何破局#小乔 #王者荣耀 #乐崽教学,1775725200,388400,4,308872,4090,43370,15085,0,"[""https://p3-pc-sign.douyinpic.com/image-cut-tos/32ded25837a0a59e81371bf56e41f8b8~tplv-dy-resize-origshort-autoq-75:330.jpeg?lk3s=138a59ce&x-expires=2093500800&x-signature=wYkFvCa5hAS%2B0Rdm1gDZQS%2BJlSc%3D&from=327834062&s=PackSourceEnum_WEBPC_RELATED_AWEME&se=false&sc=cover&biz_tag=pcweb_cover&l=20260507165711FDC982E0846EE5E3CD35"", ""https://p9-pc-sign.douyinpic.com/image-cut-tos/32ded25837a0a59e81371bf56e41f8b8~tplv-dy-resize-origshort-autoq-75:330.jpeg?lk3s=138a59ce&x-expires=2093500800&x-signature=IyFohSj7%2F1tjDDsKr%2BBG7mRBXo8%3D&from=327834062&s=PackSourceEnum_WEBPC_RELATED_AWEME&se=false&sc=cover&biz_tag=pcweb_cover&l=20260507165711FDC982E0846EE5E3CD35""]",7626617585353739050,@乐崽(中路教学)创作的原声,"[{""caption_end"": 18, ""caption_start"": 15, ""end"": 18, ""hashtag_id"": ""1570622730279938"", ""hashtag_name"": ""小乔"", ""is_commerce"": false, ""start"": 15, ""type"": 1}, {""caption_end"": 24, ""caption_start"": 19, ""end"": 24, ""hashtag_id"": ""1764938367505416"", ""hashtag_name"": ""王者荣耀"", ""is_commerce"": false, ""start"": 19, ""type"": 1}, {""caption_end"": 30, ""caption_start"": 25, ""end"": 30, ""hashtag_id"": ""7534970045162129435"", ""hashtag_name"": ""乐崽教学"", ""is_commerce"": false, ""start"": 25, ""type"": 1}]","[{""level"": 1, ""tag_id"": 2015, ""tag_name"": ""游戏""}, {""level"": 2, ""tag_id"": 2015004, ""tag_name"": ""竞技游戏""}, {""level"": 0, ""tag_id"": 0, ""tag_name"": """"}]",
7627416174665452806,7619622263775563050,0,2026-05-07T16:57:13.072915,1867421825382279,MS4wLjABAAAAUHpi0J9b-UsC5rIUq2Q8o4SSilfxGH05UqxK0dZgdIiad7Zs0ySm27iDDENi3Z20,卡兹sama,曾经的你们意气风发，一转眼，也沦为旧时代的遗物了吗 #火影忍者 #博人传 #鸣人 #佐助 #我在抖音看动漫,1774082219,170334,4,28185,1905,5481,3759,0,"[""https://p3-pc-sign.douyinpic.com/image-cut-tos/cb46f124f49e9d9c61b9b876bd3f0016~tplv-dy-resize-origshort-autoq-75:330.jpeg?lk3s=138a59ce&x-expires=2093500800&x-signature=wx%2FHK2Uezl6BRcVo8HWAf8pvn%2FU%3D&from=327834062&s=PackSourceEnum_WEBPC_RELATED_AWEME&se=false&sc=cover&biz_tag=pcweb_cover&l=2026050716572459C5774ABC99214FA2F0"", ""https://p9-pc-sign.douyinpic.com/image-cut-tos/cb46f124f49e9d9c61b9b876bd3f0016~tplv-dy-resize-origshort-autoq-75:330.jpeg?lk3s=138a59ce&x-expires=2093500800&x-signature=tJTucnHT0SnvbQKwozUkxWk0nIA%3D&from=327834062&s=PackSourceEnum_WEBPC_RELATED_AWEME&se=false&sc=cover&biz_tag=pcweb_cover&l=2026050716572459C5774ABC99214FA2F0""]",7619622278959041343,@卡兹sama创作的原声,"[{""caption_end"": 5, ""caption_start"": 0, ""end"": 31, ""hashtag_id"": ""1564203502261249"", ""hashtag_name"": ""火影忍者"", ""is_commerce"": false, ""start"": 26, ""type"": 1}, {""caption_end"": 10, ""caption_start"": 6, ""end"": 36, ""hashtag_id"": ""1595922407263245"", ""hashtag_name"": ""博人传"", ""is_commerce"": false, ""start"": 32, ""type"": 1}, {""caption_end"": 14, ""caption_start"": 11, ""end"": 40, ""hashtag_id"": ""1590121749156872"", ""hashtag_name"": ""鸣人"", ""is_commerce"": false, ""start"": 37, ""type"": 1}, {""caption_end"": 18, ""caption_start"": 15, ""end"": 44, ""hashtag_id"": ""1582878356362253"", ""hashtag_name"": ""佐助"", ""is_commerce"": false, ""start"": 41, ""type"": 1}, {""caption_end"": 27, ""caption_start"": 19, ""end"": 53, ""hashtag_id"": ""1638671939469324"", ""hashtag_name"": ""我在抖音看动漫"", ""is_commerce"": false, ""start"": 45, ""type"": 1}]","[{""level"": 1, ""tag_id"": 2014, ""tag_name"": ""二次元""}, {""level"": 2, ""tag_id"": 2014002, ""tag_name"": ""二次元内容""}, {""level"": 3, ""tag_id"": 2014002001, ""tag_name"": ""动漫IP""}]",博人传中，曾经意气风发的鸣人和佐助已沦为旧时代的遗物。他们在疾风传中获得六道之力，付出了巨大代价。如今，他们在博人传中再次联手，但力量已不如从前，退场方式也令人难以接受。作为火影迷，我们见证了他们的成长和青春，无法接受他们的离去。
7627416174665452806,7614334993946545417,1,2026-05-07T16:57:13.072915,3291290511869360,MS4wLjABAAAA_GDiv6gOYmfpY30rssaPaDpemuWMo20iQr9cUCkDbMoGuo4OUnK2LxpOHflTmtB7,童年终结者,涅槃·十尾人柱力 #火影 #带土 #十尾人柱力带土,1772850532,1043109,4,34157,514,1199,3378,0,"[""https://p3-pc-sign.douyinpic.com/image-cut-tos/c8a3530e8b934a47979c9e97e0d41fda~tplv-dy-resize-origshort-autoq-75:330.jpeg?lk3s=138a59ce&x-expires=2093500800&x-signature=2wgm4uTexDzxfMntQdAiJxsa%2FwY%3D&from=327834062&s=PackSourceEnum_WEBPC_RELATED_AWEME&se=false&sc=cover&biz_tag=pcweb_cover&l=2026050716572459C5774ABC99214FA2F0"", ""https://p9-pc-sign.douyinpic.com/image-cut-tos/c8a3530e8b934a47979c9e97e0d41fda~tplv-dy-resize-origshort-autoq-75:330.jpeg?lk3s=138a59ce&x-expires=2093500800&x-signature=kAxx3lYBHYRbd%2FdB5jZNabcFCBw%3D&from=327834062&s=PackSourceEnum_WEBPC_RELATED_AWEME&se=false&sc=cover&biz_tag=pcweb_cover&l=2026050716572459C5774ABC99214FA2F0""]",7614335124032768818,@童年终结者创作的原声,"[{""caption_end"": 3, ""caption_start"": 0, ""end"": 12, ""hashtag_id"": ""1572655652299789"", ""hashtag_name"": ""火影"", ""is_commerce"": false, ""start"": 9, ""type"": 1}, {""caption_end"": 7, ""caption_start"": 4, ""end"": 16, ""hashtag_id"": ""1594555556424711"", ""hashtag_name"": ""带土"", ""is_commerce"": false, ""start"": 13, ""type"": 1}, {""caption_end"": 16, ""caption_start"": 8, ""end"": 25, ""hashtag_id"": ""1623811364695043"", ""hashtag_name"": ""十尾人柱力带土"", ""is_commerce"": false, ""start"": 17, ""type"": 1}]","[{""level"": 1, ""tag_id"": 2014, ""tag_name"": ""二次元""}, {""level"": 2, ""tag_id"": 2014002, ""tag_name"": ""二次元内容""}, {""level"": 3, ""tag_id"": 2014002001, ""tag_name"": ""动漫IP""}]",
7627416174665452806,7610445798366563620,2,2026-05-07T16:57:13.072915,37847932614877,MS4wLjABAAAAjA-gAqLaIPWfxO_vD0Fi7r5KUAd0ipVEmHSb89kKazg,晓鹤动漫,盘点火影中那些没能被秽土转生复活的强者......#抖音ACG新春会 #和我一起看ACG新春会 #动漫推荐 #药师兜,1771945753,175009,4,1657,102,59,700,0,"[""https://p3-pc-sign.douyinpic.com/image-cut-tos/367308dc53cd68500f9c00070327f4c5~tplv-dy-resize-origshort-autoq-75:330.jpeg?lk3s=138a59ce&x-expires=2093500800&x-signature=CTpaXaunlfmjvOgHbCql4brAUD8%3D&from=327834062&s=PackSourceEnum_WEBPC_RELATED_AWEME&se=false&sc=cover&biz_tag=pcweb_cover&l=2026050716572459C5774ABC99214FA2F0"", ""https://p9-pc-sign.douyinpic.com/image-cut-tos/367308dc53cd68500f9c00070327f4c5~tplv-dy-resize-origshort-autoq-75:330.jpeg?lk3s=138a59ce&x-expires=2093500800&x-signature=HxszGsMXyUcaHLqgB0MIi%2BzSgQw%3D&from=327834062&s=PackSourceEnum_WEBPC_RELATED_AWEME&se=false&sc=cover&biz_tag=pcweb_cover&l=2026050716572459C5774ABC99214FA2F0""]",7610446453887634185,@晓鹤动漫创作的原声,"[{""caption_end"": 34, ""caption_start"": 25, ""end"": 34, ""hashtag_id"": ""7577626406927763465"", ""hashtag_name"": ""抖音ACG新春会"", ""is_commerce"": false, ""start"": 25, ""type"": 1}, {""caption_end"": 47, ""caption_start"": 35, ""end"": 47, ""hashtag_id"": ""7592193846176385059"", ""hashtag_name"": ""和我一起看ACG新春会"", ""is_commerce"": false, ""start"": 35, ""type"": 1}, {""caption_end"": 53, ""caption_start"": 48, ""end"": 53, ""hashtag_id"": ""1587194314661901"", ""hashtag_name"": ""动漫推荐"", ""is_commerce"": false, ""start"": 48, ""type"": 1}, {""caption_end"": 58, ""caption_start"": 54, ""end"": 58, ""hashtag_id"": ""1608759487535117"", ""hashtag_name"": ""药师兜"", ""is_commerce"": false, ""start"": 54, ""type"": 1}]","[{""level"": 1, ""tag_id"": 2014, ""tag_name"": ""二次元""}, {""level"": 2, ""tag_id"": 2014002, ""tag_name"": ""二次元内容""}, {""level"": 3, ""tag_id"": 2014002001, ""tag_name"": ""动漫IP""}]",
7627416174665452806,7605050484449103155,3,2026-05-07T16:57:13.072915,54555835691,MS4wLjABAAAAsu_CU53nd12W0q6lErb_yp3MUFksT1ZeloU35JNerac,动漫驿站,火影最底层设定！忍界居然是外星人搞出来的？ #火影 #火影忍者 #宇智波斑 #火影忍者手游 #千手柱间  火影忍界起源全解析！从神树降世到辉夜被封，从六道仙人到宇智波千手的宿命，忍界所有的恩怨与战火，都始于这颗查克拉果实,1770712200,465212,4,3991,74,357,1248,0,"[""https://p3-pc-sign.douyinpic.com/image-cut-tos/a3a81ee044bbc1dd5b88e01366a553f9~tplv-dy-resize-origshort-autoq-75:330.jpeg?lk3s=138a59ce&x-expires=2093500800&x-signature=up4%2BylYw%2FOKUAVfQZJ61H2jK0Uo%3D&from=327834062&s=PackSourceEnum_WEBPC_RELATED_AWEME&se=false&sc=cover&biz_tag=pcweb_cover&l=2026050716572459C5774ABC99214FA2F0"", ""https://p9-pc-sign.douyinpic.com/image-cut-tos/a3a81ee044bbc1dd5b88e01366a553f9~tplv-dy-resize-origshort-autoq-75:330.jpeg?lk3s=138a59ce&x-expires=2093500800&x-signature=07Uoqs81wsXtVEsFw9tiMlI%2FJOY%3D&from=327834062&s=PackSourceEnum_WEBPC_RELATED_AWEME&se=false&sc=cover&biz_tag=pcweb_cover&l=2026050716572459C5774ABC99214FA2F0""]",7605050746429508390,@动漫驿站创作的原声,"[{""caption_end"": 3, ""caption_start"": 0, ""end"": 25, ""hashtag_id"": ""1572655652299789"", ""hashtag_name"": ""火影"", ""is_commerce"": false, ""start"": 22, ""type"": 1}, {""caption_end"": 9, ""caption_start"": 4, ""end"": 31, ""hashtag_id"": ""1564203502261249"", ""hashtag_name"": ""火影忍者"", ""is_commerce"": false, ""start"": 26, ""type"": 1}, {""caption_end"": 15, ""caption_start"": 10, ""end"": 37, ""hashtag_id"": ""1590329159839752"", ""hashtag_name"": ""宇智波斑"", ""is_commerce"": false, ""start"": 32, ""type"": 1}, {""caption_end"": 23, ""caption_start"": 16, ""end"": 45, ""hashtag_id"": ""1575513338603533"", ""hashtag_name"": ""火影忍者手游"", ""is_commerce"": false, ""start"": 38, ""type"": 1}, {""caption_end"": 29, ""caption_start"": 24, ""end"": 51, ""hashtag_id"": ""1599877242314766"", ""hashtag_name"": ""千手柱间"", ""is_commerce"": false, ""start"": 46, ""type"": 1}]","[{""level"": 1, ""tag_id"": 2014, ""tag_name"": ""二次元""}, {""level"": 2, ""tag_id"": 2014002, ""tag_name"": ""二次元内容""}, {""level"": 3, ""tag_id"": 2014002001, ""tag_name"": ""动漫IP""}]",
7627416174665452806,7621876038095654207,4,2026-05-07T16:57:13.072915,3237438514531037,MS4wLjABAAAAtu2_PkrpuZ-a6qR6hb2JCb45FohMvkd7dgvp8WIwmHmfpIcqWhcL25KtfsE-7lBM,小妖解漫,一旦对手是宇智波，你扉间叔叔有的是雷霆臭阴招，而他有多阴呢 #火影忍者 #千手扉间 #动漫 #我在抖音看动漫 #动漫编年史,1774606310,210606,4,399369,3164,37307,29170,0,"[""https://p3-pc-sign.douyinpic.com/image-cut-tos/d0ba2dd9652f8d4f286d8890a41cdc9e~tplv-dy-resize-origshort-autoq-75:330.jpeg?lk3s=138a59ce&x-expires=2093500800&x-signature=RtY31rKSMQn5fSjccFPXZh0vo1s%3D&from=327834062&s=PackSourceEnum_WEBPC_RELATED_AWEME&se=false&sc=cover&biz_tag=pcweb_cover&l=2026050716572459C5774ABC99214FA2F0"", ""https://p9-pc-sign.douyinpic.com/image-cut-tos/d0ba2dd9652f8d4f286d8890a41cdc9e~tplv-dy-resize-origshort-autoq-75:330.jpeg?lk3s=138a59ce&x-expires=2093500800&x-signature=goL9S2g2JO1e7PTzy5O15EWwiB0%3D&from=327834062&s=PackSourceEnum_WEBPC_RELATED_AWEME&se=false&sc=cover&biz_tag=pcweb_cover&l=2026050716572459C5774ABC99214FA2F0""]",7621876091476659007,@小妖解漫创作的原声,"[{""caption_end"": 5, ""caption_start"": 0, ""end"": 35, ""hashtag_id"": ""1564203502261249"", ""hashtag_name"": ""火影忍者"", ""is_commerce"": false, ""start"": 30, ""type"": 1}, {""caption_end"": 11, ""caption_start"": 6, ""end"": 41, ""hashtag_id"": ""1599886549873672"", ""hashtag_name"": ""千手扉间"", ""is_commerce"": false, ""start"": 36, ""type"": 1}, {""caption_end"": 15, ""caption_start"": 12, ""end"": 45, ""hashtag_id"": ""1562324094309378"", ""hashtag_name"": ""动漫"", ""is_commerce"": false, ""start"": 42, ""type"": 1}, {""caption_end"": 24, ""caption_start"": 16, ""end"": 54, ""hashtag_id"": ""1638671939469324"", ""hashtag_name"": ""我在抖音看动漫"", ""is_commerce"": false, ""start"": 46, ""type"": 1}, {""caption_end"": 31, ""caption_start"": 25, ""end"": 61, ""hashtag_id"": ""1754442585463815"", ""hashtag_name"": ""动漫编年史"", ""is_commerce"": false, ""start"": 55, ""type"": 1}]","[{""level"": 1, ""tag_id"": 2014, ""tag_name"": ""二次元""}, {""level"": 2, ""tag_id"": 2014002, ""tag_name"": ""二次元内容""}, {""level"": 3, ""tag_id"": 2014002001, ""tag_name"": ""动漫IP""}]",
7627416174665452806,7610025854030089499,5,2026-05-07T16:57:13.072915,7525759160580326459,MS4wLjABAAAAfTikNNdVQKVhPVv-_QOX0zknFUq3EjBjJZGLRYGIMXV8mBRdjYNtHB206C1VpJJC,苹uo爱动漫,反派第四期：宇智波斑，一人对战万人联军，你见过我的全盛时期？ #动漫 #火影忍者 #我在抖音看动漫 #动漫解说 #动漫编年史,1771847307,238734,4,16387,439,1094,3887,0,"[""https://p3-pc-sign.douyinpic.com/image-cut-tos/ff8cf75e875aee3d5648928fc930c9b6~tplv-dy-resize-origshort-autoq-75:330.jpeg?lk3s=138a59ce&x-expires=2093500800&x-signature=53UbhB55smdW8Jhjb1qHmdAsRQU%3D&from=327834062&s=PackSourceEnum_WEBPC_RELATED_AWEME&se=false&sc=cover&biz_tag=pcweb_cover&l=2026050716572459C5774ABC99214FA2F0"", ""https://p9-pc-sign.douyinpic.com/image-cut-tos/ff8cf75e875aee3d5648928fc930c9b6~tplv-dy-resize-origshort-autoq-75:330.jpeg?lk3s=138a59ce&x-expires=2093500800&x-signature=y51MLos8hImzkEPWhpk8z0qVN38%3D&from=327834062&s=PackSourceEnum_WEBPC_RELATED_AWEME&se=false&sc=cover&biz_tag=pcweb_cover&l=2026050716572459C5774ABC99214FA2F0""]",7610026259628116742,@苹uo爱动漫创作的原声,"[{""caption_end"": 3, ""caption_start"": 0, ""end"": 34, ""hashtag_id"": ""1562324094309378"", ""hashtag_name"": ""动漫"", ""is_commerce"": false, ""start"": 31, ""type"": 1}, {""caption_end"": 9, ""caption_start"": 4, ""end"": 40, ""hashtag_id"": ""1564203502261249"", ""hashtag_name"": ""火影忍者"", ""is_commerce"": false, ""start"": 35, ""type"": 1}, {""caption_end"": 18, ""caption_start"": 10, ""end"": 49, ""hashtag_id"": ""1638671939469324"", ""hashtag_name"": ""我在抖音看动漫"", ""is_commerce"": false, ""start"": 41, ""type"": 1}, {""caption_end"": 24, ""caption_start"": 19, ""end"": 55, ""hashtag_id"": ""1611295887654920"", ""hashtag_name"": ""动漫解说"", ""is_commerce"": false, ""start"": 50, ""type"": 1}, {""caption_end"": 31, ""caption_start"": 25, ""end"": 62, ""hashtag_id"": ""1754442585463815"", ""hashtag_name"": ""动漫编年史"", ""is_commerce"": false, ""start"": 56, ""type"": 1}]","[{""level"": 1, ""tag_id"": 2014, ""tag_name"": ""二次元""}, {""level"": 2, ""tag_id"": 2014002, ""tag_name"": ""二次元内容""}, {""level"": 3, ""tag_id"": 2014002001, ""tag_name"": ""动漫IP""}]",
7627416174665452806,7607341025833119353,6,2026-05-07T16:57:13.072915,147797537989552,MS4wLjABAAAAK3fr838zp47YDvnfbYW8G5rCZp4_Q0Nd-cr7cN6yFWE,枫哥说漫,团藏生命最终一战，他是如何浪费掉11条命的？#火影忍者#木叶#暗部#佐助#宇智波,1771222111,777614,4,7297,542,400,842,0,"[""https://p3-pc-sign.douyinpic.com/image-cut-tos/78bdea5881fbaa03fe0b750feae18909~tplv-dy-resize-origshort-autoq-75:330.jpeg?lk3s=138a59ce&x-expires=2093500800&x-signature=tc%2F%2BM1XIUsVsPp3DtaIBcRywMcA%3D&from=327834062&s=PackSourceEnum_WEBPC_RELATED_AWEME&se=false&sc=cover&biz_tag=pcweb_cover&l=2026050716572459C5774ABC99214FA2F0"", ""https://p9-pc-sign.douyinpic.com/image-cut-tos/78bdea5881fbaa03fe0b750feae18909~tplv-dy-resize-origshort-autoq-75:330.jpeg?lk3s=138a59ce&x-expires=2093500800&x-signature=WdvyxaSrGyyEFdEvwKR3Y3BlpkY%3D&from=327834062&s=PackSourceEnum_WEBPC_RELATED_AWEME&se=false&sc=cover&biz_tag=pcweb_cover&l=2026050716572459C5774ABC99214FA2F0""]",7607341032551844650,@枫哥说漫创作的原声,"[{""caption_end"": 28, ""caption_start"": 23, ""end"": 28, ""hashtag_id"": ""1564203502261249"", ""hashtag_name"": ""火影忍者"", ""is_commerce"": false, ""start"": 23, ""type"": 1}, {""caption_end"": 31, ""caption_start"": 28, ""end"": 31, ""hashtag_id"": ""1598094193532931"", ""hashtag_name"": ""木叶"", ""is_commerce"": false, ""start"": 28, ""type"": 1}, {""caption_end"": 34, ""caption_start"": 31, ""end"": 34, ""hashtag_id"": ""1613683172602967"", ""hashtag_name"": ""暗部"", ""is_commerce"": false, ""start"": 31, ""type"": 1}, {""caption_end"": 37, ""caption_start"": 34, ""end"": 37, ""hashtag_id"": ""1582878356362253"", ""hashtag_name"": ""佐助"", ""is_commerce"": false, ""start"": 34, ""type"": 1}, {""caption_end"": 41, ""caption_start"": 37, ""end"": 41, ""hashtag_id"": ""1583670192601101"", ""hashtag_name"": ""宇智波"", ""is_commerce"": false, ""start"": 37, ""type"": 1}]","[{""level"": 1, ""tag_id"": 2014, ""tag_name"": ""二次元""}, {""level"": 2, ""tag_id"": 2014002, ""tag_name"": ""二次元内容""}, {""level"": 3, ""tag_id"": 2014002001, ""tag_name"": ""动漫IP""}]",
7627416174665452806,7608641524229803302,7,2026-05-07T16:57:13.072915,85332203930,MS4wLjABAAAAx06Qhqiv_3R0Vs92kWcNYF19uPoXXjpAuPVBHHd1uPM,邪恶之王小玖,火影手游被腰斩的系列其实还挺用心的，来看看忍话剧的隐藏细节？ #火影忍者手游 #火影忍者 #带土 #宇智波鼬 #青年创作者成长计划,1771557600,268139,4,41465,1317,2274,3943,0,"[""https://p3-pc-sign.douyinpic.com/image-cut-tos/40d7f7caf0674e058389a32ad2382c3b~tplv-dy-resize-origshort-autoq-75:330.jpeg?lk3s=138a59ce&x-expires=2093500800&x-signature=VmOCv4xAqoAj4bGnd0QWeuMqOzI%3D&from=327834062&s=PackSourceEnum_WEBPC_RELATED_AWEME&se=false&sc=cover&biz_tag=pcweb_cover&l=2026050716572459C5774ABC99214FA2F0"", ""https://p9-pc-sign.douyinpic.com/image-cut-tos/40d7f7caf0674e058389a32ad2382c3b~tplv-dy-resize-origshort-autoq-75:330.jpeg?lk3s=138a59ce&x-expires=2093500800&x-signature=esbVIjkZ%2BxJgfziIVpslXYUUBqI%3D&from=327834062&s=PackSourceEnum_WEBPC_RELATED_AWEME&se=false&sc=cover&biz_tag=pcweb_cover&l=2026050716572459C5774ABC99214FA2F0""]",7608642207997807411,@邪恶之王小玖创作的原声,"[{""caption_end"": 7, ""caption_start"": 0, ""end"": 38, ""hashtag_id"": ""1575513338603533"", ""hashtag_name"": ""火影忍者手游"", ""is_commerce"": false, ""start"": 31, ""type"": 1}, {""caption_end"": 13, ""caption_start"": 8, ""end"": 44, ""hashtag_id"": ""1564203502261249"", ""hashtag_name"": ""火影忍者"", ""is_commerce"": false, ""start"": 39, ""type"": 1}, {""caption_end"": 17, ""caption_start"": 14, ""end"": 48, ""hashtag_id"": ""1594555556424711"", ""hashtag_name"": ""带土"", ""is_commerce"": false, ""start"": 45, ""type"": 1}, {""caption_end"": 23, ""caption_start"": 18, ""end"": 54, ""hashtag_id"": ""1581641281321998"", ""hashtag_name"": ""宇智波鼬"", ""is_commerce"": false, ""start"": 49, ""type"": 1}, {""caption_end"": 34, ""caption_start"": 24, ""end"": 65, ""hashtag_id"": ""7529832653680281615"", ""hashtag_name"": ""青年创作者成长计划"", ""is_commerce"": false, ""start"": 55, ""type"": 1}]","[{""level"": 1, ""tag_id"": 2015, ""tag_name"": ""游戏""}, {""level"": 2, ""tag_id"": 2015005, ""tag_name"": ""动作游戏""}, {""level"": 0, ""tag_id"": 0, ""tag_name"": """"}]",
7627416174665452806,7626705331921374515,8,2026-05-07T16:57:13.072915,4081806490475224,MS4wLjABAAAAyM8Jeo19-nn8clg9n4FUYQATWsuE5AzWS1IbU95iO1J8fe7dkQlBg9QBeB_WdQrj,小白游戏迷,没错，这些都是我，十带少年团daze！什么叫“火影真主角”啊！#火影忍者 #火影忍者手游 #带土 #火影忍者带土 #超燃混剪,1775730717,230668,4,35751,770,5569,4576,0,"[""https://p3-pc-sign.douyinpic.com/image-cut-tos-priv/40efed97290b335beced886cab3953dd~tplv-dy-resize-origshort-autoq-75:330.jpeg?lk3s=138a59ce&x-expires=2093500800&x-signature=oMBR9g8RgRXDcd%2Bpv6wM97gaPH0%3D&from=327834062&s=PackSourceEnum_WEBPC_RELATED_AWEME&se=false&sc=cover&biz_tag=pcweb_cover&l=2026050716572459C5774ABC99214FA2F0"", ""https://p9-pc-sign.douyinpic.com/image-cut-tos-priv/40efed97290b335beced886cab3953dd~tplv-dy-resize-origshort-autoq-75:330.jpeg?lk3s=138a59ce&x-expires=2093500800&x-signature=XiY4yeinhyfBK8MphRXRQwva0Rc%3D&from=327834062&s=PackSourceEnum_WEBPC_RELATED_AWEME&se=false&sc=cover&biz_tag=pcweb_cover&l=2026050716572459C5774ABC99214FA2F0""]",7626705389056641818,@小白游戏迷创作的原声,"[{""caption_end"": 36, ""caption_start"": 31, ""end"": 36, ""hashtag_id"": ""1564203502261249"", ""hashtag_name"": ""火影忍者"", ""is_commerce"": false, ""start"": 31, ""type"": 1}, {""caption_end"": 44, ""caption_start"": 37, ""end"": 44, ""hashtag_id"": ""1575513338603533"", ""hashtag_name"": ""火影忍者手游"", ""is_commerce"": false, ""start"": 37, ""type"": 1}, {""caption_end"": 48, ""caption_start"": 45, ""end"": 48, ""hashtag_id"": ""1594555556424711"", ""hashtag_name"": ""带土"", ""is_commerce"": false, ""start"": 45, ""type"": 1}, {""caption_end"": 56, ""caption_start"": 49, ""end"": 56, ""hashtag_id"": ""1600688101274631"", ""hashtag_name"": ""火影忍者带土"", ""is_commerce"": false, ""start"": 49, ""type"": 1}, {""caption_end"": 62, ""caption_start"": 57, ""end"": 62, ""hashtag_id"": ""1608409337766919"", ""hashtag_name"": ""超燃混剪"", ""is_commerce"": false, ""start"": 57, ""type"": 1}]","[{""level"": 1, ""tag_id"": 2015, ""tag_name"": ""游戏""}, {""level"": 2, ""tag_id"": 2015005, ""tag_name"": ""动作游戏""}, {""level"": 0, ""tag_id"": 0, ""tag_name"": """"}]",
7627416174665452806,7623743334414109993,9,2026-05-07T16:57:13.072915,4067842955420798,MS4wLjABAAAAJz7jEpd7CZTMls-l2GToSqMqhho0gLHwDOYBrJHGI3EGgBmdTgFpWPKW2jeNlYI4,解漫者说,二代一笑，宇智波生死难料，扉间叔叔究竟有多阴呢？ #火影忍者 #二次元 #动漫编年史 #千手扉间 #我在抖音看动漫,1775041073,240885,4,5810,152,1162,1296,0,"[""https://p3-pc-sign.douyinpic.com/image-cut-tos/554dc1b95feb093c1b9d2e7454872b1b~tplv-dy-resize-origshort-autoq-75:330.jpeg?lk3s=138a59ce&x-expires=2093500800&x-signature=NL9zLqMBpPsQYkVaUAa%2Fi5du1xw%3D&from=327834062&s=PackSourceEnum_WEBPC_RELATED_AWEME&se=false&sc=cover&biz_tag=pcweb_cover&l=2026050716572459C5774ABC99214FA2F0"", ""https://p9-pc-sign.douyinpic.com/image-cut-tos/554dc1b95feb093c1b9d2e7454872b1b~tplv-dy-resize-origshort-autoq-75:330.jpeg?lk3s=138a59ce&x-expires=2093500800&x-signature=JOodEmrY856HZ7hyLDfNvP8A%2BbE%3D&from=327834062&s=PackSourceEnum_WEBPC_RELATED_AWEME&se=false&sc=cover&biz_tag=pcweb_cover&l=2026050716572459C5774ABC99214FA2F0""]",7623743322804308772,@解漫者说创作的原声,"[{""caption_end"": 5, ""caption_start"": 0, ""end"": 30, ""hashtag_id"": ""1564203502261249"", ""hashtag_name"": ""火影忍者"", ""is_commerce"": false, ""start"": 25, ""type"": 1}, {""caption_end"": 10, ""caption_start"": 6, ""end"": 35, ""hashtag_id"": ""1549679016708097"", ""hashtag_name"": ""二次元"", ""is_commerce"": false, ""start"": 31, ""type"": 1}, {""caption_end"": 17, ""caption_start"": 11, ""end"": 42, ""hashtag_id"": ""1754442585463815"", ""hashtag_name"": ""动漫编年史"", ""is_commerce"": false, ""start"": 36, ""type"": 1}, {""caption_end"": 23, ""caption_start"": 18, ""end"": 48, ""hashtag_id"": ""1599886549873672"", ""hashtag_name"": ""千手扉间"", ""is_commerce"": false, ""start"": 43, ""type"": 1}, {""caption_end"": 32, ""caption_start"": 24, ""end"": 57, ""hashtag_id"": ""1638671939469324"", ""hashtag_name"": ""我在抖音看动漫"", ""is_commerce"": false, ""start"": 49, ""type"": 1}]","[{""level"": 1, ""tag_id"": 2014, ""tag_name"": ""二次元""}, {""level"": 2, ""tag_id"": 2014002, ""tag_name"": ""二次元内容""}, {""level"": 3, ""tag_id"": 2014002001, ""tag_name"": ""动漫IP""}]",
7627417139495256057,7610533329478352549,0,2026-05-07T16:57:21.225361,71743945053,MS4wLjABAAAA0pdD37L_mtbbZ4nji-lFeWjHyhHNH7NfYVE_zhzAf3c,于不易,云南普洱真的是一座，巨好吃和超好玩的宝藏城市！#普洱美食 #云南美食 #景迈山 #云南旅行,1771988400,314879,4,52431,2412,75961,29690,0,"[""https://p3-pc-sign.douyinpic.com/image-cut-tos/8f4028806de003e309343882483b5518~tplv-dy-resize-origshort-autoq-75:330.jpeg?lk3s=138a59ce&x-expires=2093500800&x-signature=WXY%2B6xNRgIKVhgcYbngmd%2BT58%2BY%3D&from=327834062&s=PackSourceEnum_WEBPC_RELATED_AWEME&se=false&sc=cover&biz_tag=pcweb_cover&l=2026050716573199A43CDA61101773A707"", ""https://p9-pc-sign.douyinpic.com/image-cut-tos/8f4028806de003e309343882483b5518~tplv-dy-resize-origshort-autoq-75:330.jpeg?lk3s=138a59ce&x-expires=2093500800&x-signature=MW56ONq%2Fc6dht8hUBUHBtgR4rEI%3D&from=327834062&s=PackSourceEnum_WEBPC_RELATED_AWEME&se=false&sc=cover&biz_tag=pcweb_cover&l=2026050716573199A43CDA61101773A707""]",7610533207460547380,@于不易创作的原声,"[{""caption_end"": 28, ""caption_start"": 23, ""end"": 28, ""hashtag_id"": ""1600699471759364"", ""hashtag_name"": ""普洱美食"", ""is_commerce"": false, ""start"": 23, ""type"": 1}, {""caption_end"": 34, ""caption_start"": 29, ""end"": 34, ""hashtag_id"": ""1587045156357133"", ""hashtag_name"": ""云南美食"", ""is_commerce"": false, ""start"": 29, ""type"": 1}, {""caption_end"": 39, ""caption_start"": 35, ""end"": 39, ""hashtag_id"": ""1604655461427208"", ""hashtag_name"": ""景迈山"", ""is_commerce"": false, ""start"": 35, ""type"": 1}, {""caption_end"": 45, ""caption_start"": 40, ""end"": 45, ""hashtag_id"": ""1579413473435741"", ""hashtag_name"": ""云南旅行"", ""is_commerce"": false, ""start"": 40, ""type"": 1}]","[{""level"": 1, ""tag_id"": 2028, ""tag_name"": ""旅游""}, {""level"": 2, ""tag_id"": 2028002, ""tag_name"": ""旅行攻略""}, {""level"": 0, ""tag_id"": 0, ""tag_name"": """"}]",云南普洱是一座美食和旅游资源丰富的宝藏城市，拥有世界茶源和中国咖啡之都的美誉。游客可品尝酸醋米线、思茅菜、曼歇坝烤鱼等美食，还可在咖啡庄园享受咖啡自由，与白犀牛互动，游览景迈山。普洱的美食、美景和慢节奏生活令人流连忘返。
7627417139495256057,7626411411539148710,1,2026-05-07T16:57:21.225361,1319886838042996,MS4wLjABAAAA2gt3yqlkebcZtIKVNj4REuQAVWNInmMWsseWwqpwFTSQ1bqsY6XY45URtTLrXMxV,Fafa很贪吃,"云南旅行—沙溪古镇，去有风的地方
内含拍大腿好吃的美食店，宝藏手作，咖啡，面包
#旅行美学碎片 #云南 #美食 #vlog #创作者扶持计划",1775662278,629634,4,3355,178,1940,1961,0,"[""https://p3-pc-sign.douyinpic.com/image-cut-tos/3e41ddc1c68c1ad543734bb8563f6c49~tplv-dy-resize-origshort-autoq-75:330.jpeg?lk3s=138a59ce&x-expires=2093500800&x-signature=EvQrhMbxyIL%2FNBQ8CzQUWo2b85o%3D&from=327834062&s=PackSourceEnum_WEBPC_RELATED_AWEME&se=false&sc=cover&biz_tag=pcweb_cover&l=2026050716573199A43CDA61101773A707"", ""https://p9-pc-sign.douyinpic.com/image-cut-tos/3e41ddc1c68c1ad543734bb8563f6c49~tplv-dy-resize-origshort-autoq-75:330.jpeg?lk3s=138a59ce&x-expires=2093500800&x-signature=44S8F7YhUcSpgCb6f8JYdSJhzYs%3D&from=327834062&s=PackSourceEnum_WEBPC_RELATED_AWEME&se=false&sc=cover&biz_tag=pcweb_cover&l=2026050716573199A43CDA61101773A707""]",7626411393293634346,@Fafa很贪吃创作的原声,"[{""caption_end"": 47, ""caption_start"": 40, ""end"": 47, ""hashtag_id"": ""7505692599718512674"", ""hashtag_name"": ""旅行美学碎片"", ""is_commerce"": false, ""start"": 40, ""type"": 1}, {""caption_end"": 51, ""caption_start"": 48, ""end"": 51, ""hashtag_id"": ""1567988597190657"", ""hashtag_name"": ""云南"", ""is_commerce"": false, ""start"": 48, ""type"": 1}, {""caption_end"": 55, ""caption_start"": 52, ""end"": 55, ""hashtag_id"": ""1767586897793101"", ""hashtag_name"": ""美食"", ""is_commerce"": false, ""start"": 52, ""type"": 1}, {""caption_end"": 61, ""caption_start"": 56, ""end"": 61, ""hashtag_id"": ""1569364387356674"", ""hashtag_name"": ""vlog"", ""is_commerce"": false, ""start"": 56, ""type"": 1}, {""caption_end"": 70, ""caption_start"": 62, ""end"": 70, ""hashtag_id"": ""1767586897133582"", ""hashtag_name"": ""创作者扶持计划"", ""is_commerce"": false, ""start"": 62, ""type"": 1}]","[{""level"": 1, ""tag_id"": 2028, ""tag_name"": ""旅游""}, {""level"": 2, ""tag_id"": 2028002, ""tag_name"": ""旅行攻略""}, {""level"": 0, ""tag_id"": 0, ""tag_name"": """"}]",
7627417139495256057,7603742995271142691,2,2026-05-07T16:57:21.225361,2931749771558794,MS4wLjABAAAASAAEh9ArUn54fyQatF1kfx0eROovvP_Zq36oZBNbex2JEbRoiPJ9RAdf1Sam9cnJ,舌尖上的味道,云南美食合集 #美食 #云南美食 #美食推荐 #舌尖上的味道 #美食分享,1770384394,409741,4,4661,234,890,849,0,"[""https://p3-pc-sign.douyinpic.com/image-cut-tos/96c52f8fb0d0d16534a46fb52d6c2794~tplv-dy-resize-origshort-autoq-75:330.jpeg?lk3s=138a59ce&x-expires=2093500800&x-signature=GSwc4BnbJ3BWKYwQzJzbgB7YCOs%3D&from=327834062&s=PackSourceEnum_WEBPC_RELATED_AWEME&se=false&sc=cover&biz_tag=pcweb_cover&l=2026050716573199A43CDA61101773A707"", ""https://p9-pc-sign.douyinpic.com/image-cut-tos/96c52f8fb0d0d16534a46fb52d6c2794~tplv-dy-resize-origshort-autoq-75:330.jpeg?lk3s=138a59ce&x-expires=2093500800&x-signature=nwAj6CzXQajGAnLubmEmOpADzos%3D&from=327834062&s=PackSourceEnum_WEBPC_RELATED_AWEME&se=false&sc=cover&biz_tag=pcweb_cover&l=2026050716573199A43CDA61101773A707""]",7603742996126894867,@舌尖上的味道创作的原声,"[{""caption_end"": 3, ""caption_start"": 0, ""end"": 10, ""hashtag_id"": ""1554036363744257"", ""hashtag_name"": ""美食"", ""is_commerce"": false, ""start"": 7, ""type"": 1}, {""caption_end"": 9, ""caption_start"": 4, ""end"": 16, ""hashtag_id"": ""1587045156357133"", ""hashtag_name"": ""云南美食"", ""is_commerce"": false, ""start"": 11, ""type"": 1}, {""caption_end"": 15, ""caption_start"": 10, ""end"": 22, ""hashtag_id"": ""1573530155206749"", ""hashtag_name"": ""美食推荐"", ""is_commerce"": false, ""start"": 17, ""type"": 1}, {""caption_end"": 23, ""caption_start"": 16, ""end"": 30, ""hashtag_id"": ""1584590868371469"", ""hashtag_name"": ""舌尖上的味道"", ""is_commerce"": false, ""start"": 23, ""type"": 1}, {""caption_end"": 29, ""caption_start"": 24, ""end"": 36, ""hashtag_id"": ""1566926248364034"", ""hashtag_name"": ""美食分享"", ""is_commerce"": false, ""start"": 31, ""type"": 1}]","[{""level"": 1, ""tag_id"": 2001, ""tag_name"": ""美食""}, {""level"": 2, ""tag_id"": 2001007, ""tag_name"": ""美食展示""}, {""level"": 3, ""tag_id"": 2001007001, ""tag_name"": ""普通美食展示""}]",
7627417139495256057,7618332580795196858,3,2026-05-07T16:57:21.225361,71743945053,MS4wLjABAAAA0pdD37L_mtbbZ4nji-lFeWjHyhHNH7NfYVE_zhzAf3c,于不易,云南腾冲是我去过的所有城市里，最有骨气的英雄城市！#云南 #云南美食 #腾冲 #腾冲旅游 #超会玩派对,1773802800,375018,4,9363,715,5563,2962,0,"[""https://p3-pc-sign.douyinpic.com/image-cut-tos/a4289abb0414775cb182a6f147939886~tplv-dy-resize-origshort-autoq-75:330.jpeg?lk3s=138a59ce&x-expires=2093500800&x-signature=CZa%2Fl%2Fa%2FUykqQ2KnCQ6aaJOMb2c%3D&from=327834062&s=PackSourceEnum_WEBPC_RELATED_AWEME&se=false&sc=cover&biz_tag=pcweb_cover&l=2026050716573199A43CDA61101773A707"", ""https://p9-pc-sign.douyinpic.com/image-cut-tos/a4289abb0414775cb182a6f147939886~tplv-dy-resize-origshort-autoq-75:330.jpeg?lk3s=138a59ce&x-expires=2093500800&x-signature=kZW0V3dEnRqPdNnL5i5U7hll37c%3D&from=327834062&s=PackSourceEnum_WEBPC_RELATED_AWEME&se=false&sc=cover&biz_tag=pcweb_cover&l=2026050716573199A43CDA61101773A707""]",7618332484195191602,@于不易创作的原声,"[{""caption_end"": 28, ""caption_start"": 25, ""end"": 28, ""hashtag_id"": ""1567988597190657"", ""hashtag_name"": ""云南"", ""is_commerce"": false, ""start"": 25, ""type"": 1}, {""caption_end"": 34, ""caption_start"": 29, ""end"": 34, ""hashtag_id"": ""1587045156357133"", ""hashtag_name"": ""云南美食"", ""is_commerce"": false, ""start"": 29, ""type"": 1}, {""caption_end"": 38, ""caption_start"": 35, ""end"": 38, ""hashtag_id"": ""1580503874278430"", ""hashtag_name"": ""腾冲"", ""is_commerce"": false, ""start"": 35, ""type"": 1}, {""caption_end"": 44, ""caption_start"": 39, ""end"": 44, ""hashtag_id"": ""1605081995918339"", ""hashtag_name"": ""腾冲旅游"", ""is_commerce"": false, ""start"": 39, ""type"": 1}, {""caption_end"": 51, ""caption_start"": 45, ""end"": 51, ""hashtag_id"": ""7505114170086393891"", ""hashtag_name"": ""超会玩派对"", ""is_commerce"": false, ""start"": 45, ""type"": 1}]","[{""level"": 1, ""tag_id"": 2028, ""tag_name"": ""旅游""}, {""level"": 2, ""tag_id"": 2028001, ""tag_name"": ""旅行vlog""}, {""level"": 3, ""tag_id"": 2028001002, ""tag_name"": ""旅行随拍""}]",
7627417139495256057,7611471771095248997,4,2026-05-07T16:57:21.225361,68276149613,MS4wLjABAAAARX173oueruCMDOH2BXaFN3JxAibsBURlWtBTog2of1c,糕子日记,云南瘾犯了所以我来了普洱！ #云南美食 #普洱 #普洱旅游攻略 #城市里的烟火气 #vlog十亿流量扶持计划,1772183873,250567,4,11111,337,12987,7453,0,"[""https://p3-pc-sign.douyinpic.com/image-cut-tos/a10fcc43ec7ed6cff4ad31d85fd70d57~tplv-dy-resize-origshort-autoq-75:330.jpeg?lk3s=138a59ce&x-expires=2093500800&x-signature=GMXwq7Y0dmZ4azwed340mor1FlA%3D&from=327834062&s=PackSourceEnum_WEBPC_RELATED_AWEME&se=false&sc=cover&biz_tag=pcweb_cover&l=2026050716573199A43CDA61101773A707"", ""https://p9-pc-sign.douyinpic.com/image-cut-tos/a10fcc43ec7ed6cff4ad31d85fd70d57~tplv-dy-resize-origshort-autoq-75:330.jpeg?lk3s=138a59ce&x-expires=2093500800&x-signature=ut5V6ltqKnX0g6odK%2FRWKBFlpXM%3D&from=327834062&s=PackSourceEnum_WEBPC_RELATED_AWEME&se=false&sc=cover&biz_tag=pcweb_cover&l=2026050716573199A43CDA61101773A707""]",7611471867454556978,@糕子日记创作的原声,"[{""caption_end"": 5, ""caption_start"": 0, ""end"": 19, ""hashtag_id"": ""1587045156357133"", ""hashtag_name"": ""云南美食"", ""is_commerce"": false, ""start"": 14, ""type"": 1}, {""caption_end"": 9, ""caption_start"": 6, ""end"": 23, ""hashtag_id"": ""1593948019165191"", ""hashtag_name"": ""普洱"", ""is_commerce"": false, ""start"": 20, ""type"": 1}, {""caption_end"": 17, ""caption_start"": 10, ""end"": 31, ""hashtag_id"": ""1700157287536647"", ""hashtag_name"": ""普洱旅游攻略"", ""is_commerce"": false, ""start"": 24, ""type"": 1}, {""caption_end"": 26, ""caption_start"": 18, ""end"": 40, ""hashtag_id"": ""1642922992664589"", ""hashtag_name"": ""城市里的烟火气"", ""is_commerce"": false, ""start"": 32, ""type"": 1}, {""caption_end"": 40, ""caption_start"": 27, ""end"": 54, ""hashtag_id"": ""1631751653335043"", ""hashtag_name"": ""vlog十亿流量扶持计划"", ""is_commerce"": false, ""start"": 41, ""type"": 1}]","[{""level"": 1, ""tag_id"": 2001, ""tag_name"": ""美食""}, {""level"": 2, ""tag_id"": 2001003, ""tag_name"": ""美食探店""}, {""level"": 3, ""tag_id"": 2001003001, ""tag_name"": ""餐厅探店""}]",云南普洱三天两晚的美食之旅，品尝了鲜烫牛肉米干、特色醋米线、思茅菜、牛油果奶昔、通关黄焖鸡、豆浆蛋糕、老挝糯米饭、阿仙酸鸡脚等美食，游览了太阳河森林公园，体验了采茶，感受到了普洱的美食文化和自然风光。
7627417139495256057,7623381598154542362,5,2026-05-07T16:57:21.225361,13103209906,MS4wLjABAAAAHd9I3EOU-_-stPY2GyZZN0ZRAV_gwQZL4947lGSR9kA,小龟Gvarusl,梅州兴宁｜广东小南京？｜冷门县城却是千年客邑 #兴宁 #梅州 #梅州客家 #客家 #分享我的旅行回忆,1774956852,968922,4,2589,354,1725,466,0,"[""https://p3-pc-sign.douyinpic.com/image-cut-tos/096d357516108a0ec72bed9e5609b59e~tplv-dy-resize-origshort-autoq-75:330.jpeg?lk3s=138a59ce&x-expires=2093500800&x-signature=Mce2M9tHDZasLiAjsF%2FsJVZEsaM%3D&from=327834062&s=PackSourceEnum_WEBPC_RELATED_AWEME&se=false&sc=cover&biz_tag=pcweb_cover&l=2026050716573199A43CDA61101773A707"", ""https://p9-pc-sign.douyinpic.com/image-cut-tos/096d357516108a0ec72bed9e5609b59e~tplv-dy-resize-origshort-autoq-75:330.jpeg?lk3s=138a59ce&x-expires=2093500800&x-signature=mFAu3vNrAQUiCbYPqgK2yZeskWk%3D&from=327834062&s=PackSourceEnum_WEBPC_RELATED_AWEME&se=false&sc=cover&biz_tag=pcweb_cover&l=2026050716573199A43CDA61101773A707""]",7623382081371917107,@小龟Gvarusl创作的原声,"[{""caption_end"": 3, ""caption_start"": 0, ""end"": 26, ""hashtag_id"": ""1599160634883085"", ""hashtag_name"": ""兴宁"", ""is_commerce"": false, ""start"": 23, ""type"": 1}, {""caption_end"": 7, ""caption_start"": 4, ""end"": 30, ""hashtag_id"": ""1582070645205006"", ""hashtag_name"": ""梅州"", ""is_commerce"": false, ""start"": 27, ""type"": 1}, {""caption_end"": 13, ""caption_start"": 8, ""end"": 36, ""hashtag_id"": ""1600161046689799"", ""hashtag_name"": ""梅州客家"", ""is_commerce"": false, ""start"": 31, ""type"": 1}, {""caption_end"": 17, ""caption_start"": 14, ""end"": 40, ""hashtag_id"": ""1591026964275214"", ""hashtag_name"": ""客家"", ""is_commerce"": false, ""start"": 37, ""type"": 1}, {""caption_end"": 27, ""caption_start"": 18, ""end"": 50, ""hashtag_id"": ""7583817077786413083"", ""hashtag_name"": ""分享我的旅行回忆"", ""is_commerce"": false, ""start"": 41, ""type"": 1}]","[{""level"": 1, ""tag_id"": 2028, ""tag_name"": ""旅游""}, {""level"": 2, ""tag_id"": 2028001, ""tag_name"": ""旅行vlog""}, {""level"": 3, ""tag_id"": 2028001002, ""tag_name"": ""旅行随拍""}]",梅州兴宁被称为广东小南京，拥有丰富的历史文化和美食。游客可参观两海会馆、明代古城墙、兴宁学宫和磐安围等景点，品尝腌面和三及第汤等美食。兴宁在粤东地区地位重要，商贸繁荣，文学兴盛，是客家文化的重要发源地之一。
7627417139495256057,7632324362499477433,6,2026-05-07T16:57:21.225361,3386920490253124,MS4wLjABAAAArmambYT2KXHGIOlHet2ven9YQH6mk1wDZ2gBCkbledfAIsxhUlt71-LIia6fJsVy,在逃一新🍉,不穷游也不富游，一个人走遍中国，来云南腾冲只做两件事  #云南 #腾冲  #云南旅游攻略  #青年创作者成长计划,1777038994,466734,4,3905,315,716,707,0,"[""https://p3-pc-sign.douyinpic.com/image-cut-tos-priv/88cd62ebea0705d46e9aaea1eee84185~tplv-dy-resize-origshort-autoq-75:330.jpeg?lk3s=138a59ce&x-expires=2093500800&x-signature=FmVxeByrTAt7%2BJ6lm2N2YxJI2oQ%3D&from=327834062&s=PackSourceEnum_WEBPC_RELATED_AWEME&se=false&sc=cover&biz_tag=pcweb_cover&l=2026050716573199A43CDA61101773A707"", ""https://p9-pc-sign.douyinpic.com/image-cut-tos-priv/88cd62ebea0705d46e9aaea1eee84185~tplv-dy-resize-origshort-autoq-75:330.jpeg?lk3s=138a59ce&x-expires=2093500800&x-signature=aFjiZp71t6%2BM%2FtUE%2FzXiV45mZKg%3D&from=327834062&s=PackSourceEnum_WEBPC_RELATED_AWEME&se=false&sc=cover&biz_tag=pcweb_cover&l=2026050716573199A43CDA61101773A707""]",7632324392701315859,@在逃一新🍉创作的原声,"[{""caption_end"": 31, ""caption_start"": 28, ""end"": 31, ""hashtag_id"": ""1567988597190657"", ""hashtag_name"": ""云南"", ""is_commerce"": false, ""start"": 28, ""type"": 1}, {""caption_end"": 35, ""caption_start"": 32, ""end"": 35, ""hashtag_id"": ""1580503874278430"", ""hashtag_name"": ""腾冲"", ""is_commerce"": false, ""start"": 32, ""type"": 1}, {""caption_end"": 44, ""caption_start"": 37, ""end"": 44, ""hashtag_id"": ""1590301133710365"", ""hashtag_name"": ""云南旅游攻略"", ""is_commerce"": false, ""start"": 37, ""type"": 1}, {""caption_end"": 56, ""caption_start"": 46, ""end"": 56, ""hashtag_id"": ""7529832653680281615"", ""hashtag_name"": ""青年创作者成长计划"", ""is_commerce"": false, ""start"": 46, ""type"": 1}]","[{""level"": 1, ""tag_id"": 2028, ""tag_name"": ""旅游""}, {""level"": 2, ""tag_id"": 2028002, ""tag_name"": ""旅行攻略""}, {""level"": 0, ""tag_id"": 0, ""tag_name"": """"}]",一个人旅行云南腾冲，泡温泉、参观国殇墓园。腾冲拥有丰富的温泉资源，还有许多历史文化景点，如火山景区、北海湿地、和顺古镇等。腾冲是一个适合慢慢生活的城市，值得一游。
7627417139495256057,7615068716622974248,7,2026-05-07T16:57:21.225361,2843778343251833,MS4wLjABAAAAcnZEM6BPEV7RLEw8SML2VzPQ3ftwoE5rc5TtHnNdeZe6cB-uwpMJ5YNABSIcjpOX,EVERBLUE,"冬天20°C的云南普洱，消费高收入低，人们选择留下来 本期的视频，我们会来到云南省普洱市
普洱是云南面积最大的地级市。这里冬季依然温暖，白天常常能到 20℃ 左右。
当地人告诉我：本地的收入并不算高，但普洱的日常消费并不低。但大多数人仍然选择留下
希望这个视频，能为你的云南之行提供一些不一样的参考
#云南旅游 #普洱旅游 #小城慢生活 #收入 #小城故事",1773022525,1623984,4,2962,348,651,402,0,"[""https://p3-pc-sign.douyinpic.com/image-cut-tos/3296f091162330519d9e2d2dc65df40b~tplv-dy-resize-origshort-autoq-75:330.jpeg?lk3s=138a59ce&x-expires=2093500800&x-signature=GzSVpVIDwsklWAfmfHKjRktOR20%3D&from=327834062&s=PackSourceEnum_WEBPC_RELATED_AWEME&se=false&sc=cover&biz_tag=pcweb_cover&l=2026050716573199A43CDA61101773A707"", ""https://p9-pc-sign.douyinpic.com/image-cut-tos/3296f091162330519d9e2d2dc65df40b~tplv-dy-resize-origshort-autoq-75:330.jpeg?lk3s=138a59ce&x-expires=2093500800&x-signature=Ysw8XxmG16cc0irckjsLKT3lsq4%3D&from=327834062&s=PackSourceEnum_WEBPC_RELATED_AWEME&se=false&sc=cover&biz_tag=pcweb_cover&l=2026050716573199A43CDA61101773A707""]",7615069384181730084,@EVERBLUE创作的原声,"[{""caption_end"": 128, ""caption_start"": 123, ""end"": 155, ""hashtag_id"": ""1574347288995853"", ""hashtag_name"": ""云南旅游"", ""is_commerce"": false, ""start"": 150, ""type"": 1}, {""caption_end"": 134, ""caption_start"": 129, ""end"": 161, ""hashtag_id"": ""1628612613475336"", ""hashtag_name"": ""普洱旅游"", ""is_commerce"": false, ""start"": 156, ""type"": 1}, {""caption_end"": 141, ""caption_start"": 135, ""end"": 168, ""hashtag_id"": ""1630051259812875"", ""hashtag_name"": ""小城慢生活"", ""is_commerce"": false, ""start"": 162, ""type"": 1}, {""caption_end"": 145, ""caption_start"": 142, ""end"": 172, ""hashtag_id"": ""1585380230251613"", ""hashtag_name"": ""收入"", ""is_commerce"": false, ""start"": 169, ""type"": 1}, {""caption_end"": 151, ""caption_start"": 146, ""end"": 178, ""hashtag_id"": ""1579082434615373"", ""hashtag_name"": ""小城故事"", ""is_commerce"": false, ""start"": 173, ""type"": 1}]","[{""level"": 1, ""tag_id"": 2029, ""tag_name"": ""随拍""}, {""level"": 2, ""tag_id"": 2029003, ""tag_name"": ""生活记录""}, {""level"": 3, ""tag_id"": 2029003001, ""tag_name"": ""日常vlog""}]",
7627417139495256057,7613891542323342309,8,2026-05-07T16:57:21.225361,71743945053,MS4wLjABAAAA0pdD37L_mtbbZ4nji-lFeWjHyhHNH7NfYVE_zhzAf3c,于不易,在云南的腾冲和保山之间，有个叫潞江坝的地方！但这里也是最容易被大家忽略的宝藏城市！#云南美食 #潞江坝 #云南旅行 #腾冲 #vlog日常,1772766000,319807,4,61735,3079,62124,33883,0,"[""https://p3-pc-sign.douyinpic.com/image-cut-tos/75a4d2eeb7a1c16298e681cc846cbbb5~tplv-dy-resize-origshort-autoq-75:330.jpeg?lk3s=138a59ce&x-expires=2093500800&x-signature=YR9uHG6U1vqMlW9D%2FuR8SB8Raqc%3D&from=327834062&s=PackSourceEnum_WEBPC_RELATED_AWEME&se=false&sc=cover&biz_tag=pcweb_cover&l=2026050716573199A43CDA61101773A707"", ""https://p9-pc-sign.douyinpic.com/image-cut-tos/75a4d2eeb7a1c16298e681cc846cbbb5~tplv-dy-resize-origshort-autoq-75:330.jpeg?lk3s=138a59ce&x-expires=2093500800&x-signature=z6ngck7AL3D7yiaP6bcFNVWmt%2Fg%3D&from=327834062&s=PackSourceEnum_WEBPC_RELATED_AWEME&se=false&sc=cover&biz_tag=pcweb_cover&l=2026050716573199A43CDA61101773A707""]",7613891599323433774,@于不易创作的原声,"[{""caption_end"": 46, ""caption_start"": 41, ""end"": 46, ""hashtag_id"": ""1587045156357133"", ""hashtag_name"": ""云南美食"", ""is_commerce"": false, ""start"": 41, ""type"": 1}, {""caption_end"": 51, ""caption_start"": 47, ""end"": 51, ""hashtag_id"": ""1595258166349831"", ""hashtag_name"": ""潞江坝"", ""is_commerce"": false, ""start"": 47, ""type"": 1}, {""caption_end"": 57, ""caption_start"": 52, ""end"": 57, ""hashtag_id"": ""1579413473435741"", ""hashtag_name"": ""云南旅行"", ""is_commerce"": false, ""start"": 52, ""type"": 1}, {""caption_end"": 61, ""caption_start"": 58, ""end"": 61, ""hashtag_id"": ""1580503874278430"", ""hashtag_name"": ""腾冲"", ""is_commerce"": false, ""start"": 58, ""type"": 1}, {""caption_end"": 69, ""caption_start"": 62, ""end"": 69, ""hashtag_id"": ""7419051797869758527"", ""hashtag_name"": ""vlog日常"", ""is_commerce"": false, ""start"": 62, ""type"": 1}]","[{""level"": 1, ""tag_id"": 2028, ""tag_name"": ""旅游""}, {""level"": 2, ""tag_id"": 2028001, ""tag_name"": ""旅行vlog""}, {""level"": 3, ""tag_id"": 2028001002, ""tag_name"": ""旅行随拍""}]",
7627417139495256057,7630760363172105507,9,2026-05-07T16:57:21.225361,84585593978,MS4wLjABAAAAE6IZSalAvEiRRqP7qRYs-Gv7DgIX8euGHDxvRs8qWFI,雅静不静,我们的腾冲vlog来咯来咯～～#腾冲 #旅游 #vlog,1776682214,495654,4,88012,1373,8221,3436,0,"[""https://p3-pc-sign.douyinpic.com/image-cut-tos/019544ed4b2d2c7f095f364dd7f25cb7~tplv-dy-resize-origshort-autoq-75:330.jpeg?lk3s=138a59ce&x-expires=2093500800&x-signature=tbhEz%2F%2Bj4nB6ZA1kJh3ubZ1diDI%3D&from=327834062&s=PackSourceEnum_WEBPC_RELATED_AWEME&se=false&sc=cover&biz_tag=pcweb_cover&l=2026050716573199A43CDA61101773A707"", ""https://p9-pc-sign.douyinpic.com/image-cut-tos/019544ed4b2d2c7f095f364dd7f25cb7~tplv-dy-resize-origshort-autoq-75:330.jpeg?lk3s=138a59ce&x-expires=2093500800&x-signature=bVIjye5BaD9WKyHli9JC0TRf01w%3D&from=327834062&s=PackSourceEnum_WEBPC_RELATED_AWEME&se=false&sc=cover&biz_tag=pcweb_cover&l=2026050716573199A43CDA61101773A707""]",7630760540239137599,@雅静不静创作的原声,"[{""caption_end"": 18, ""caption_start"": 15, ""end"": 18, ""hashtag_id"": ""1580503874278430"", ""hashtag_name"": ""腾冲"", ""is_commerce"": false, ""start"": 15, ""type"": 1}, {""caption_end"": 22, ""caption_start"": 19, ""end"": 22, ""hashtag_id"": ""1628918765741059"", ""hashtag_name"": ""旅游"", ""is_commerce"": false, ""start"": 19, ""type"": 1}, {""caption_end"": 28, ""caption_start"": 23, ""end"": 28, ""hashtag_id"": ""1569364387356674"", ""hashtag_name"": ""vlog"", ""is_commerce"": false, ""start"": 23, ""type"": 1}]","[{""level"": 1, ""tag_id"": 2029, ""tag_name"": ""随拍""}, {""level"": 2, ""tag_id"": 2029003, ""tag_name"": ""生活记录""}, {""level"": 3, ""tag_id"": 2029003001, ""tag_name"": ""日常vlog""}]",
7627431605422901425,7620362169690983707,0,2026-05-07T16:57:30.753003,99640342155,MS4wLjABAAAAjTB_0WDBPV9MmflNfCcjknXd5_Wq1bO63VUMgYP1QuA,小紧张的虫虫,不用早起也能逛的东北早市，大冬天零上20度的户内早市！ #好好吃饭 #心动打卡指南,1774260004,849556,4,42302,1535,10444,3037,0,"[""https://p3-pc-sign.douyinpic.com/image-cut-tos/7e4bcaa9f19dc4e128315179ddd720e4~tplv-dy-resize-origshort-autoq-75:330.jpeg?lk3s=138a59ce&x-expires=2093500800&x-signature=WyUEtbjFY1xc4gwNVy0%2B%2FfS1ROI%3D&from=327834062&s=PackSourceEnum_WEBPC_RELATED_AWEME&se=false&sc=cover&biz_tag=pcweb_cover&l=2026050716574172A239000BF43C2D2232"", ""https://p9-pc-sign.douyinpic.com/image-cut-tos/7e4bcaa9f19dc4e128315179ddd720e4~tplv-dy-resize-origshort-autoq-75:330.jpeg?lk3s=138a59ce&x-expires=2093500800&x-signature=NXuSuoP5hdIQVykUiU1XPri3dQY%3D&from=327834062&s=PackSourceEnum_WEBPC_RELATED_AWEME&se=false&sc=cover&biz_tag=pcweb_cover&l=2026050716574172A239000BF43C2D2232""]",7620362245591141171,@小紧张的虫虫创作的原声,"[{""caption_end"": 5, ""caption_start"": 0, ""end"": 33, ""hashtag_id"": ""1565468166951937"", ""hashtag_name"": ""好好吃饭"", ""is_commerce"": false, ""start"": 28, ""type"": 1}, {""caption_end"": 13, ""caption_start"": 6, ""end"": 41, ""hashtag_id"": ""7412941315874228274"", ""hashtag_name"": ""心动打卡指南"", ""is_commerce"": false, ""start"": 34, ""type"": 1}]","[{""level"": 1, ""tag_id"": 2001, ""tag_name"": ""美食""}, {""level"": 2, ""tag_id"": 2001003, ""tag_name"": ""美食探店""}, {""level"": 3, ""tag_id"": 2001003002, ""tag_name"": ""路边小吃""}]",
7627431605422901425,7613676327157140782,1,2026-05-07T16:57:30.753003,99640342155,MS4wLjABAAAAjTB_0WDBPV9MmflNfCcjknXd5_Wq1bO63VUMgYP1QuA,小紧张的虫虫,南方人逛东北零下早市，眼睛一亮又一亮！ #好好吃饭 #心动打卡指南 #人间烟火,1772704800,671434,4,58668,1569,11133,3074,0,"[""https://p3-pc-sign.douyinpic.com/image-cut-tos/a3ddb1ba464470ddc94e6aa7120e3093~tplv-dy-resize-origshort-autoq-75:330.jpeg?lk3s=138a59ce&x-expires=2093500800&x-signature=NUuWVmzUV0ZtQjfPv9P0AiQ0m44%3D&from=327834062&s=PackSourceEnum_WEBPC_RELATED_AWEME&se=false&sc=cover&biz_tag=pcweb_cover&l=2026050716574172A239000BF43C2D2232"", ""https://p9-pc-sign.douyinpic.com/image-cut-tos/a3ddb1ba464470ddc94e6aa7120e3093~tplv-dy-resize-origshort-autoq-75:330.jpeg?lk3s=138a59ce&x-expires=2093500800&x-signature=%2Bo2pm%2FKZLnBR0o9fm7egTnxCv7E%3D&from=327834062&s=PackSourceEnum_WEBPC_RELATED_AWEME&se=false&sc=cover&biz_tag=pcweb_cover&l=2026050716574172A239000BF43C2D2232""]",7613676491288660786,@小紧张的虫虫创作的原声,"[{""caption_end"": 5, ""caption_start"": 0, ""end"": 25, ""hashtag_id"": ""1565468166951937"", ""hashtag_name"": ""好好吃饭"", ""is_commerce"": false, ""start"": 20, ""type"": 1}, {""caption_end"": 13, ""caption_start"": 6, ""end"": 33, ""hashtag_id"": ""7412941315874228274"", ""hashtag_name"": ""心动打卡指南"", ""is_commerce"": false, ""start"": 26, ""type"": 1}, {""caption_end"": 19, ""caption_start"": 14, ""end"": 39, ""hashtag_id"": ""1592198715425805"", ""hashtag_name"": ""人间烟火"", ""is_commerce"": false, ""start"": 34, ""type"": 1}]","[{""level"": 1, ""tag_id"": 2001, ""tag_name"": ""美食""}, {""level"": 2, ""tag_id"": 2001003, ""tag_name"": ""美食探店""}, {""level"": 3, ""tag_id"": 2001003002, ""tag_name"": ""路边小吃""}]",
7627431605422901425,7604291962467880211,2,2026-05-07T16:57:30.753003,60090810439,MS4wLjABAAAAec-tid4Mj0_662ZibkJlh8RseKjRJz3PYrXEPVRA0Vs,逛吃小猪猪,【逛吃太原】体育场早市吃了好多早点！饼夹肉牛头菜驴打滚超好吃 #山西美食 #太原美食 #早餐吃什么 #寻味烟火气,1770519600,503267,4,8529,275,1847,644,0,"[""https://p3-pc-sign.douyinpic.com/image-cut-tos/ca2c86de6a343feda6d0d03158dc0883~tplv-dy-resize-origshort-autoq-75:330.jpeg?lk3s=138a59ce&x-expires=2093500800&x-signature=u3nYk9Yofh1O%2FrKyXC5Hv60wXj0%3D&from=327834062&s=PackSourceEnum_WEBPC_RELATED_AWEME&se=false&sc=cover&biz_tag=pcweb_cover&l=2026050716574172A239000BF43C2D2232"", ""https://p9-pc-sign.douyinpic.com/image-cut-tos/ca2c86de6a343feda6d0d03158dc0883~tplv-dy-resize-origshort-autoq-75:330.jpeg?lk3s=138a59ce&x-expires=2093500800&x-signature=8sE%2F%2Btt4KaCux%2FsgIlxcLt1Wszg%3D&from=327834062&s=PackSourceEnum_WEBPC_RELATED_AWEME&se=false&sc=cover&biz_tag=pcweb_cover&l=2026050716574172A239000BF43C2D2232""]",7604292410927041316,@逛吃小猪猪创作的原声,"[{""caption_end"": 5, ""caption_start"": 0, ""end"": 36, ""hashtag_id"": ""1593625000137741"", ""hashtag_name"": ""山西美食"", ""is_commerce"": false, ""start"": 31, ""type"": 1}, {""caption_end"": 11, ""caption_start"": 6, ""end"": 42, ""hashtag_id"": ""1591196806055949"", ""hashtag_name"": ""太原美食"", ""is_commerce"": false, ""start"": 37, ""type"": 1}, {""caption_end"": 18, ""caption_start"": 12, ""end"": 49, ""hashtag_id"": ""1562710149972994"", ""hashtag_name"": ""早餐吃什么"", ""is_commerce"": false, ""start"": 43, ""type"": 1}, {""caption_end"": 25, ""caption_start"": 19, ""end"": 56, ""hashtag_id"": ""1722851255720004"", ""hashtag_name"": ""寻味烟火气"", ""is_commerce"": false, ""start"": 50, ""type"": 1}]","[{""level"": 1, ""tag_id"": 2001, ""tag_name"": ""美食""}, {""level"": 2, ""tag_id"": 2001003, ""tag_name"": ""美食探店""}, {""level"": 3, ""tag_id"": 2001003002, ""tag_name"": ""路边小吃""}]",
7627431605422901425,7628843764034915634,3,2026-05-07T16:57:30.753003,4161005071894719,MS4wLjABAAAApm_rynWIdbcPGGSzqlAAlWwATGxnjcx-3Sd1z_97Eb8zTosQUExJZGjN2dkUvwJf,喵游记MuaWoo,我吃遍了青岛第一早市的特色小吃，第一名是... #满级吃商通关赛  #早市 #青岛 #街头小吃 #赶集,1776254400,1138709,4,4337,286,2895,1425,0,"[""https://p3-pc-sign.douyinpic.com/image-cut-tos/184916aee2dc1739042507a1f64b282d~tplv-dy-resize-origshort-autoq-75:330.jpeg?lk3s=138a59ce&x-expires=2093500800&x-signature=5P%2B%2BaopQHdb7NacINY5jMguWH%2BY%3D&from=327834062&s=PackSourceEnum_WEBPC_RELATED_AWEME&se=false&sc=cover&biz_tag=pcweb_cover&l=2026050716574172A239000BF43C2D2232"", ""https://p9-pc-sign.douyinpic.com/image-cut-tos/184916aee2dc1739042507a1f64b282d~tplv-dy-resize-origshort-autoq-75:330.jpeg?lk3s=138a59ce&x-expires=2093500800&x-signature=eHjqODl0O6W09vbtcBIcdUViqeY%3D&from=327834062&s=PackSourceEnum_WEBPC_RELATED_AWEME&se=false&sc=cover&biz_tag=pcweb_cover&l=2026050716574172A239000BF43C2D2232""]",7628844278202420010,@喵游记MuaWoo创作的原声,"[{""caption_end"": 8, ""caption_start"": 0, ""end"": 32, ""hashtag_id"": ""7615617987986327615"", ""hashtag_name"": ""满级吃商通关赛"", ""is_commerce"": false, ""start"": 24, ""type"": 1}, {""caption_end"": 13, ""caption_start"": 10, ""end"": 37, ""hashtag_id"": ""1595862390242318"", ""hashtag_name"": ""早市"", ""is_commerce"": false, ""start"": 34, ""type"": 1}, {""caption_end"": 17, ""caption_start"": 14, ""end"": 41, ""hashtag_id"": ""1575344689274893"", ""hashtag_name"": ""青岛"", ""is_commerce"": false, ""start"": 38, ""type"": 1}, {""caption_end"": 23, ""caption_start"": 18, ""end"": 47, ""hashtag_id"": ""1569274363916290"", ""hashtag_name"": ""街头小吃"", ""is_commerce"": false, ""start"": 42, ""type"": 1}, {""caption_end"": 27, ""caption_start"": 24, ""end"": 51, ""hashtag_id"": ""1573941381963790"", ""hashtag_name"": ""赶集"", ""is_commerce"": false, ""start"": 48, ""type"": 1}]","[{""level"": 1, ""tag_id"": 2001, ""tag_name"": ""美食""}, {""level"": 2, ""tag_id"": 2001003, ""tag_name"": ""美食探店""}, {""level"": 3, ""tag_id"": 2001003002, ""tag_name"": ""路边小吃""}]",
7627431605422901425,7608141756885912866,4,2026-05-07T16:57:30.753003,111018990130,MS4wLjABAAAA17g8hN3hBvKYxvkuQ9OqlDCb8Xb0oW5UUIdOItedHDc,亲爱的Lily,"床车自驾游山西，在汾城镇赶集吃美食，一个人在黄河边上露营过夜 #旅行推荐官 #自驾游 #山西 #赶集 #露营 
以车为家，流浪中国的第281天，离开新疆后，我来到了山西省临汾市的汾城镇！刚好遇上了赶集日，临近过年，这里的热闹非凡，年味十足！ 
参观完汾城古建筑群后，我开始在汾城镇赶集。每逢1、4、7就是这里的赶集日。 
每逢赶集日，这座千年古镇便瞬间鲜活起来，平日沉寂的古街巷里人头攒动、水泄不通，青砖黛瓦下大红灯笼高悬，与两旁低矮的老铺面和随意散落的摊点交织出一幅色彩浓郁的民间画。 
空气里浮动着油粉饭的酸香、羊汤的醇厚和刚出炉的饼子热气，伴随着此起彼伏的吆喝与车铃声，不远处还可能传来威风锣鼓的激昂鼓点，身着鲜艳服饰的社火队伍穿行其间，孩子们则对老虎鞋、冰糖葫芦这些稀罕物挪不开眼。 
因为临近过年，街道上有很多买年货的摊子，各种各样的坚果、饼干、糖果等，让人眼花缭乱。我趁机买了一些花生、饼干，作为我今年过年的年货。 
在赶集的时候，我发现，山西人还挺喜欢吃海鲜的。这里有非常多卖带鱼的摊子，价格是XX元一斤。冻虾XX元一斤，也有不少人在挑选购买。 
山西省这边的物价其实不算高，肉类的价格比起南方来说，低一些。猪肉9元一斤，牛肉33元一斤，物美价廉。 
此外，这里的小吃也很多。大多数是面食。空心月饼1元1个，油炸饼子1元1个，用羊汤做的臊子面6元一碗，这价格，真的是物美价廉呀！ 
我真的很喜欢赶集，这人间烟火气，让生活变得更加有滋味。 
赶集完后，我开着车，前往山西壶口瀑布景区。 
沿着黄河一号旅游公路向北走，左边是蜿蜒的黄河，右边是悬崖峭壁，风景无比壮丽。开着车穿行在其中，这是一种美的享受！ 
晚上六点多，我来到了壶口瀑布景区，结果景区没有开放。所以，我只好找了个充电站充电，最后在加油站对面的停车场露营过夜。 
晚餐是一份自热米饭，味道还行。",1771408796,1455918,4,1025,77,13,67,0,"[""https://p3-pc-sign.douyinpic.com/image-cut-tos/0050b9e31351ce839096b042e1a8e355~tplv-dy-resize-origshort-autoq-75:330.jpeg?lk3s=138a59ce&x-expires=2093500800&x-signature=ws7%2FcWBK4n4eHedA94tx0ymvGTA%3D&from=327834062&s=PackSourceEnum_WEBPC_RELATED_AWEME&se=false&sc=cover&biz_tag=pcweb_cover&l=2026050716574172A239000BF43C2D2232"", ""https://p9-pc-sign.douyinpic.com/image-cut-tos/0050b9e31351ce839096b042e1a8e355~tplv-dy-resize-origshort-autoq-75:330.jpeg?lk3s=138a59ce&x-expires=2093500800&x-signature=QGSyQfQZItaoGWayveBhfABlIR4%3D&from=327834062&s=PackSourceEnum_WEBPC_RELATED_AWEME&se=false&sc=cover&biz_tag=pcweb_cover&l=2026050716574172A239000BF43C2D2232""]",7608143299169291062,@亲爱的Lily创作的原声,"[{""caption_end"": 6, ""caption_start"": 0, ""end"": 37, ""hashtag_id"": ""1666634254425100"", ""hashtag_name"": ""旅行推荐官"", ""is_commerce"": false, ""start"": 31, ""type"": 1}, {""caption_end"": 11, ""caption_start"": 7, ""end"": 42, ""hashtag_id"": ""1563580466123777"", ""hashtag_name"": ""自驾游"", ""is_commerce"": false, ""start"": 38, ""type"": 1}, {""caption_end"": 15, ""caption_start"": 12, ""end"": 46, ""hashtag_id"": ""1568740813830145"", ""hashtag_name"": ""山西"", ""is_commerce"": false, ""start"": 43, ""type"": 1}, {""caption_end"": 19, ""caption_start"": 16, ""end"": 50, ""hashtag_id"": ""1573941381963790"", ""hashtag_name"": ""赶集"", ""is_commerce"": false, ""start"": 47, ""type"": 1}, {""caption_end"": 23, ""caption_start"": 20, ""end"": 54, ""hashtag_id"": ""1580532647418893"", ""hashtag_name"": ""露营"", ""is_commerce"": false, ""start"": 51, ""type"": 1}]","[{""level"": 1, ""tag_id"": 2028, ""tag_name"": ""旅游""}, {""level"": 2, ""tag_id"": 2028001, ""tag_name"": ""旅行vlog""}, {""level"": 3, ""tag_id"": 2028001001, ""tag_name"": ""自驾游""}]",广西妹子自驾游山西，在汾城镇赶集品尝美食，感受当地的热闹氛围。随后，她前往壶口瀑布景区，途中欣赏了黄河美景。到达景区后，发现景区未开放，于是在加油站对面的停车场露营过夜，准备第二天游览壶口瀑布。
7627431605422901425,7615825179423362354,5,2026-05-07T16:57:30.753003,60090810439,MS4wLjABAAAAec-tid4Mj0_662ZibkJlh8RseKjRJz3PYrXEPVRA0Vs,逛吃小猪猪,【逛吃天津】终于能吃上全乎早点了！五大美安排，大饼果子也安排 #天津早餐 #天津美食 #碳水生活有多快乐,1773198090,486700,4,17686,1503,7204,1913,0,"[""https://p3-pc-sign.douyinpic.com/image-cut-tos/63d8797b18b7d57206b704f809c80d7e~tplv-dy-resize-origshort-autoq-75:330.jpeg?lk3s=138a59ce&x-expires=2093500800&x-signature=RGQkbKrChDCleYr366WoMgX7NwE%3D&from=327834062&s=PackSourceEnum_WEBPC_RELATED_AWEME&se=false&sc=cover&biz_tag=pcweb_cover&l=2026050716574172A239000BF43C2D2232"", ""https://p9-pc-sign.douyinpic.com/image-cut-tos/63d8797b18b7d57206b704f809c80d7e~tplv-dy-resize-origshort-autoq-75:330.jpeg?lk3s=138a59ce&x-expires=2093500800&x-signature=G7Ai%2BvN4FvF%2F1Qb3h%2BizjCBo2I8%3D&from=327834062&s=PackSourceEnum_WEBPC_RELATED_AWEME&se=false&sc=cover&biz_tag=pcweb_cover&l=2026050716574172A239000BF43C2D2232""]",7615825229125929769,@逛吃小猪猪创作的原声,"[{""caption_end"": 5, ""caption_start"": 0, ""end"": 36, ""hashtag_id"": ""1599130245501960"", ""hashtag_name"": ""天津早餐"", ""is_commerce"": false, ""start"": 31, ""type"": 1}, {""caption_end"": 11, ""caption_start"": 6, ""end"": 42, ""hashtag_id"": ""1595248337263620"", ""hashtag_name"": ""天津美食"", ""is_commerce"": false, ""start"": 37, ""type"": 1}, {""caption_end"": 21, ""caption_start"": 12, ""end"": 52, ""hashtag_id"": ""1702243860416519"", ""hashtag_name"": ""碳水生活有多快乐"", ""is_commerce"": false, ""start"": 43, ""type"": 1}]","[{""level"": 1, ""tag_id"": 2001, ""tag_name"": ""美食""}, {""level"": 2, ""tag_id"": 2001003, ""tag_name"": ""美食探店""}, {""level"": 3, ""tag_id"": 2001003001, ""tag_name"": ""餐厅探店""}]",在天津品尝了一顿丰盛的早餐，包括炸糕、嘎巴菜、老豆腐、面茶、包子等美食。每一道早点都具有独特的口感和风味，让人回味无穷。
7627431605422901425,7628944999631179034,6,2026-05-07T16:57:30.753003,2418567499483216,MS4wLjABAAAAPJ-ULiNXcHvr87B367SeIXblZ0PHsbGyUtyIflzajzJb27uIvW7ve4g1vR1hYoWL,船长觅食记,去天津吃水馅包子，两个人花了55块，体验一口爆汁的快乐 #天津包子 #包子 #天津美食,1776252182,480134,4,2557,471,662,684,0,"[""https://p3-pc-sign.douyinpic.com/image-cut-tos/d45051181b95c82648a348a62ca05760~tplv-dy-resize-origshort-autoq-75:330.jpeg?lk3s=138a59ce&x-expires=2093500800&x-signature=hrfAC0DzoTECUKJic3X%2FxfmIiqs%3D&from=327834062&s=PackSourceEnum_WEBPC_RELATED_AWEME&se=false&sc=cover&biz_tag=pcweb_cover&l=2026050716574172A239000BF43C2D2232"", ""https://p9-pc-sign.douyinpic.com/image-cut-tos/d45051181b95c82648a348a62ca05760~tplv-dy-resize-origshort-autoq-75:330.jpeg?lk3s=138a59ce&x-expires=2093500800&x-signature=Ugzu62NbiPhO1EwP6Rc4zXFRSiM%3D&from=327834062&s=PackSourceEnum_WEBPC_RELATED_AWEME&se=false&sc=cover&biz_tag=pcweb_cover&l=2026050716574172A239000BF43C2D2232""]",7628945193315732234,@船长觅食记创作的原声,"[{""caption_end"": 5, ""caption_start"": 0, ""end"": 33, ""hashtag_id"": ""1599007407348739"", ""hashtag_name"": ""天津包子"", ""is_commerce"": false, ""start"": 28, ""type"": 1}, {""caption_end"": 9, ""caption_start"": 6, ""end"": 37, ""hashtag_id"": ""1585908610433038"", ""hashtag_name"": ""包子"", ""is_commerce"": false, ""start"": 34, ""type"": 1}, {""caption_end"": 15, ""caption_start"": 10, ""end"": 43, ""hashtag_id"": ""1595248337263620"", ""hashtag_name"": ""天津美食"", ""is_commerce"": false, ""start"": 38, ""type"": 1}]","[{""level"": 1, ""tag_id"": 2001, ""tag_name"": ""美食""}, {""level"": 2, ""tag_id"": 2001003, ""tag_name"": ""美食探店""}, {""level"": 3, ""tag_id"": 2001003001, ""tag_name"": ""餐厅探店""}]",
7627431605422901425,7625480763927989554,7,2026-05-07T16:57:30.753003,60090810439,MS4wLjABAAAAec-tid4Mj0_662ZibkJlh8RseKjRJz3PYrXEPVRA0Vs,逛吃小猪猪,【逛吃徐州】大满足早餐直接吃一路口！吃火烧喝米线，辣汤配油条 #徐州美食 #徐州早餐 #徐州辣馍 #寻味烟火气 #vlog旅行记,1775446346,483467,4,14292,754,4977,1562,0,"[""https://p3-pc-sign.douyinpic.com/image-cut-tos/b7fe72c35fc15a8e1181eb01f451d86a~tplv-dy-resize-origshort-autoq-75:330.jpeg?lk3s=138a59ce&x-expires=2093500800&x-signature=RcO7Oq8Snmpg1YropciYH2sQQT8%3D&from=327834062&s=PackSourceEnum_WEBPC_RELATED_AWEME&se=false&sc=cover&biz_tag=pcweb_cover&l=2026050716574172A239000BF43C2D2232"", ""https://p9-pc-sign.douyinpic.com/image-cut-tos/b7fe72c35fc15a8e1181eb01f451d86a~tplv-dy-resize-origshort-autoq-75:330.jpeg?lk3s=138a59ce&x-expires=2093500800&x-signature=bL9AiE1oSrIImLCsLUbaahxyCOU%3D&from=327834062&s=PackSourceEnum_WEBPC_RELATED_AWEME&se=false&sc=cover&biz_tag=pcweb_cover&l=2026050716574172A239000BF43C2D2232""]",7625480941502319396,@逛吃小猪猪创作的原声,"[{""caption_end"": 5, ""caption_start"": 0, ""end"": 36, ""hashtag_id"": ""1583964031897614"", ""hashtag_name"": ""徐州美食"", ""is_commerce"": false, ""start"": 31, ""type"": 1}, {""caption_end"": 11, ""caption_start"": 6, ""end"": 42, ""hashtag_id"": ""1613172946519111"", ""hashtag_name"": ""徐州早餐"", ""is_commerce"": false, ""start"": 37, ""type"": 1}, {""caption_end"": 17, ""caption_start"": 12, ""end"": 48, ""hashtag_id"": ""1662396867952653"", ""hashtag_name"": ""徐州辣馍"", ""is_commerce"": false, ""start"": 43, ""type"": 1}, {""caption_end"": 24, ""caption_start"": 18, ""end"": 55, ""hashtag_id"": ""1722851255720004"", ""hashtag_name"": ""寻味烟火气"", ""is_commerce"": false, ""start"": 49, ""type"": 1}, {""caption_end"": 33, ""caption_start"": 25, ""end"": 64, ""hashtag_id"": ""1630515988087812"", ""hashtag_name"": ""vlog旅行记"", ""is_commerce"": false, ""start"": 56, ""type"": 1}]","[{""level"": 1, ""tag_id"": 2001, ""tag_name"": ""美食""}, {""level"": 2, ""tag_id"": 2001003, ""tag_name"": ""美食探店""}, {""level"": 3, ""tag_id"": 2001003002, ""tag_name"": ""路边小吃""}]",在徐州小区的一路口品尝了各种美食，包括猪头肉火烧、徐州辣馍、油茶、鸡蛋小饼、馓子、炸糕、菜角、水煎包、鸡汤油饼和酱香米线。这些美食味道美味，让人回味无穷。
7627431605422901425,7626894236004207878,8,2026-05-07T16:57:30.753003,7510952750127121466,MS4wLjABAAAAr9Rv_-v3h1MIZ__ss-gLBXpQrvMTBuusHLPgjc7WqFk61ekFZL1qyf2sCwpqugAL,生姜配大蒜,探索孟加拉本地小吃 #青年创作者成长计划 #交换世界计划 #超会玩派对  #创作阶梯计划  #杜克环游世界,1775809200,469334,4,22201,1327,5935,1999,0,"[""https://p3-pc-sign.douyinpic.com/image-cut-tos/94c589d73f284abc84ffebd07c5da2b8~tplv-dy-resize-origshort-autoq-75:330.jpeg?lk3s=138a59ce&x-expires=2093500800&x-signature=QjakM0N5F%2FPyQS%2FTbt76UBdDpRE%3D&from=327834062&s=PackSourceEnum_WEBPC_RELATED_AWEME&se=false&sc=cover&biz_tag=pcweb_cover&l=2026050716574172A239000BF43C2D2232"", ""https://p9-pc-sign.douyinpic.com/image-cut-tos/94c589d73f284abc84ffebd07c5da2b8~tplv-dy-resize-origshort-autoq-75:330.jpeg?lk3s=138a59ce&x-expires=2093500800&x-signature=OeWkCRNw7oYXxMn5DodwrtlUnA0%3D&from=327834062&s=PackSourceEnum_WEBPC_RELATED_AWEME&se=false&sc=cover&biz_tag=pcweb_cover&l=2026050716574172A239000BF43C2D2232""]",7626894436210920238,@生姜配大蒜创作的原声,"[{""caption_end"": 10, ""caption_start"": 0, ""end"": 20, ""hashtag_id"": ""7529832653680281615"", ""hashtag_name"": ""青年创作者成长计划"", ""is_commerce"": false, ""start"": 10, ""type"": 1}, {""caption_end"": 18, ""caption_start"": 11, ""end"": 28, ""hashtag_id"": ""1788224080892938"", ""hashtag_name"": ""交换世界计划"", ""is_commerce"": false, ""start"": 21, ""type"": 1}, {""caption_end"": 25, ""caption_start"": 19, ""end"": 35, ""hashtag_id"": ""7505114170086393891"", ""hashtag_name"": ""超会玩派对"", ""is_commerce"": false, ""start"": 29, ""type"": 1}, {""caption_end"": 34, ""caption_start"": 27, ""end"": 44, ""hashtag_id"": ""7550211676373518351"", ""hashtag_name"": ""创作阶梯计划"", ""is_commerce"": false, ""start"": 37, ""type"": 1}, {""caption_end"": 43, ""caption_start"": 36, ""end"": 53, ""hashtag_id"": ""7407618385674799144"", ""hashtag_name"": ""杜克环游世界"", ""is_commerce"": false, ""start"": 46, ""type"": 1}]","[{""level"": 1, ""tag_id"": 2001, ""tag_name"": ""美食""}, {""level"": 2, ""tag_id"": 2001003, ""tag_name"": ""美食探店""}, {""level"": 3, ""tag_id"": 2001003002, ""tag_name"": ""路边小吃""}]",
7627431605422901425,7615241979630233465,9,2026-05-07T16:57:30.753003,4183001391965087,MS4wLjABAAAAJUcrbPWd_aBeijv5UsPJ2Vuol8vaKQLoNdSIIJjAGlw9HdvIU7dJ9tjmyoi-RcyK,小轩在日本,小伙在日本城中村，下班去超市打野，终于吃上了咖喱猪排饭和烤鸡腿#日本生活#日本#生活记录#海外生活 #vlog日常,1773061692,734935,4,3918,231,268,362,0,"[""https://p3-pc-sign.douyinpic.com/image-cut-tos/abf543811fb94ec3830614af2338d477~tplv-dy-resize-origshort-autoq-75:330.jpeg?lk3s=138a59ce&x-expires=2093500800&x-signature=QTHhMZatZlzf90Ci59o2y4LlezQ%3D&from=327834062&s=PackSourceEnum_WEBPC_RELATED_AWEME&se=false&sc=cover&biz_tag=pcweb_cover&l=2026050716574172A239000BF43C2D2232"", ""https://p9-pc-sign.douyinpic.com/image-cut-tos/abf543811fb94ec3830614af2338d477~tplv-dy-resize-origshort-autoq-75:330.jpeg?lk3s=138a59ce&x-expires=2093500800&x-signature=c7wMzmfnRVtXEQ8cZdZaGOi9Ybk%3D&from=327834062&s=PackSourceEnum_WEBPC_RELATED_AWEME&se=false&sc=cover&biz_tag=pcweb_cover&l=2026050716574172A239000BF43C2D2232""]",7615241851875937064,@小轩在日本创作的原声,"[{""caption_end"": 36, ""caption_start"": 31, ""end"": 36, ""hashtag_id"": ""7597475104414500910"", ""hashtag_name"": ""日本生活"", ""is_commerce"": false, ""start"": 31, ""type"": 1}, {""caption_end"": 39, ""caption_start"": 36, ""end"": 39, ""hashtag_id"": ""1727228281468928"", ""hashtag_name"": ""日本"", ""is_commerce"": false, ""start"": 36, ""type"": 1}, {""caption_end"": 44, ""caption_start"": 39, ""end"": 44, ""hashtag_id"": ""1575774193951758"", ""hashtag_name"": ""生活记录"", ""is_commerce"": false, ""start"": 39, ""type"": 1}, {""caption_end"": 49, ""caption_start"": 44, ""end"": 49, ""hashtag_id"": ""1597381572062215"", ""hashtag_name"": ""海外生活"", ""is_commerce"": false, ""start"": 44, ""type"": 1}, {""caption_end"": 57, ""caption_start"": 50, ""end"": 57, ""hashtag_id"": ""7419051797869758527"", ""hashtag_name"": ""vlog日常"", ""is_commerce"": false, ""start"": 50, ""type"": 1}]","[{""level"": 1, ""tag_id"": 2029, ""tag_name"": ""随拍""}, {""level"": 2, ""tag_id"": 2029003, ""tag_name"": ""生活记录""}, {""level"": 3, ""tag_id"": 2029003001, ""tag_name"": ""日常vlog""}]",
7627441271367290164,7607766975225302313,0,2026-05-07T16:57:39.108354,37847932614877,MS4wLjABAAAAjA-gAqLaIPWfxO_vD0Fi7r5KUAd0ipVEmHSb89kKazg,晓鹤动漫,为什么说白面具带土是他所有形态中压迫感最强的呢......#青年创作者成长计划 #动漫推荐 #带土 #白面具,1771322091,142037,4,10748,607,364,2715,0,"[""https://p3-pc-sign.douyinpic.com/image-cut-tos/a61cc803009a856a64f04792489fbea8~tplv-dy-resize-origshort-autoq-75:330.jpeg?lk3s=138a59ce&x-expires=2093500800&x-signature=avnEZX4xurOfMP9mV%2B1I6nvhHbg%3D&from=327834062&s=PackSourceEnum_WEBPC_RELATED_AWEME&se=false&sc=cover&biz_tag=pcweb_cover&l=20260507165749F018AC4D7B5D6918CC36"", ""https://p9-pc-sign.douyinpic.com/image-cut-tos/a61cc803009a856a64f04792489fbea8~tplv-dy-resize-origshort-autoq-75:330.jpeg?lk3s=138a59ce&x-expires=2093500800&x-signature=Mphdg10vcStIehMUsB%2F1GZCoKw0%3D&from=327834062&s=PackSourceEnum_WEBPC_RELATED_AWEME&se=false&sc=cover&biz_tag=pcweb_cover&l=20260507165749F018AC4D7B5D6918CC36""]",7607767787565533993,@晓鹤动漫创作的原声,"[{""caption_end"": 39, ""caption_start"": 29, ""end"": 39, ""hashtag_id"": ""7529832653680281615"", ""hashtag_name"": ""青年创作者成长计划"", ""is_commerce"": false, ""start"": 29, ""type"": 1}, {""caption_end"": 45, ""caption_start"": 40, ""end"": 45, ""hashtag_id"": ""1587194314661901"", ""hashtag_name"": ""动漫推荐"", ""is_commerce"": false, ""start"": 40, ""type"": 1}, {""caption_end"": 49, ""caption_start"": 46, ""end"": 49, ""hashtag_id"": ""1594555556424711"", ""hashtag_name"": ""带土"", ""is_commerce"": false, ""start"": 46, ""type"": 1}, {""caption_end"": 54, ""caption_start"": 50, ""end"": 54, ""hashtag_id"": ""1658932181895175"", ""hashtag_name"": ""白面具"", ""is_commerce"": false, ""start"": 50, ""type"": 1}]","[{""level"": 1, ""tag_id"": 2014, ""tag_name"": ""二次元""}, {""level"": 2, ""tag_id"": 2014002, ""tag_name"": ""二次元内容""}, {""level"": 3, ""tag_id"": 2014002001, ""tag_name"": ""动漫IP""}]",
7627441271367290164,7621876038095654207,1,2026-05-07T16:57:39.108354,3237438514531037,MS4wLjABAAAAtu2_PkrpuZ-a6qR6hb2JCb45FohMvkd7dgvp8WIwmHmfpIcqWhcL25KtfsE-7lBM,小妖解漫,一旦对手是宇智波，你扉间叔叔有的是雷霆臭阴招，而他有多阴呢 #火影忍者 #千手扉间 #动漫 #我在抖音看动漫 #动漫编年史,1774606310,210606,4,399369,3164,37307,29170,0,"[""https://p9-pc-sign.douyinpic.com/image-cut-tos/d0ba2dd9652f8d4f286d8890a41cdc9e~tplv-dy-resize-origshort-autoq-75:330.jpeg?lk3s=138a59ce&x-expires=2093500800&x-signature=goL9S2g2JO1e7PTzy5O15EWwiB0%3D&from=327834062&s=PackSourceEnum_WEBPC_RELATED_AWEME&se=false&sc=cover&biz_tag=pcweb_cover&l=20260507165749F018AC4D7B5D6918CC36"", ""https://p3-pc-sign.douyinpic.com/image-cut-tos/d0ba2dd9652f8d4f286d8890a41cdc9e~tplv-dy-resize-origshort-autoq-75:330.jpeg?lk3s=138a59ce&x-expires=2093500800&x-signature=RtY31rKSMQn5fSjccFPXZh0vo1s%3D&from=327834062&s=PackSourceEnum_WEBPC_RELATED_AWEME&se=false&sc=cover&biz_tag=pcweb_cover&l=20260507165749F018AC4D7B5D6918CC36""]",7621876091476659007,@小妖解漫创作的原声,"[{""caption_end"": 5, ""caption_start"": 0, ""end"": 35, ""hashtag_id"": ""1564203502261249"", ""hashtag_name"": ""火影忍者"", ""is_commerce"": false, ""start"": 30, ""type"": 1}, {""caption_end"": 11, ""caption_start"": 6, ""end"": 41, ""hashtag_id"": ""1599886549873672"", ""hashtag_name"": ""千手扉间"", ""is_commerce"": false, ""start"": 36, ""type"": 1}, {""caption_end"": 15, ""caption_start"": 12, ""end"": 45, ""hashtag_id"": ""1562324094309378"", ""hashtag_name"": ""动漫"", ""is_commerce"": false, ""start"": 42, ""type"": 1}, {""caption_end"": 24, ""caption_start"": 16, ""end"": 54, ""hashtag_id"": ""1638671939469324"", ""hashtag_name"": ""我在抖音看动漫"", ""is_commerce"": false, ""start"": 46, ""type"": 1}, {""caption_end"": 31, ""caption_start"": 25, ""end"": 61, ""hashtag_id"": ""1754442585463815"", ""hashtag_name"": ""动漫编年史"", ""is_commerce"": false, ""start"": 55, ""type"": 1}]","[{""level"": 1, ""tag_id"": 2014, ""tag_name"": ""二次元""}, {""level"": 2, ""tag_id"": 2014002, ""tag_name"": ""二次元内容""}, {""level"": 3, ""tag_id"": 2014002001, ""tag_name"": ""动漫IP""}]",
7627441271367290164,7633753194471968026,2,2026-05-07T16:57:39.108354,97084480143,MS4wLjABAAAABOBvtMN_oaJCHmIjOvL0JRSP6DUblrcC_lz84xJW2sI,木木想吃肉,波风水门的人气为什么那么高呢？ #火影忍者 #充能计划 #我在抖音看动漫,1777371676,199042,4,17897,1348,1038,3035,0,"[""https://p3-pc-sign.douyinpic.com/image-cut-tos/40873c0d0290e19daabca2c4ec801fff~tplv-dy-resize-origshort-autoq-75:330.jpeg?lk3s=138a59ce&x-expires=2093500800&x-signature=Xu%2F345olroIDiMQrZ1m39CwXYII%3D&from=327834062&s=PackSourceEnum_WEBPC_RELATED_AWEME&se=false&sc=cover&biz_tag=pcweb_cover&l=20260507165749F018AC4D7B5D6918CC36"", ""https://p9-pc-sign.douyinpic.com/image-cut-tos/40873c0d0290e19daabca2c4ec801fff~tplv-dy-resize-origshort-autoq-75:330.jpeg?lk3s=138a59ce&x-expires=2093500800&x-signature=sEUTWjaGRI7gj4ANQziIp7yyFck%3D&from=327834062&s=PackSourceEnum_WEBPC_RELATED_AWEME&se=false&sc=cover&biz_tag=pcweb_cover&l=20260507165749F018AC4D7B5D6918CC36""]",7633753339397704457,@木木想吃肉创作的原声,"[{""caption_end"": 5, ""caption_start"": 0, ""end"": 21, ""hashtag_id"": ""1564203502261249"", ""hashtag_name"": ""火影忍者"", ""is_commerce"": false, ""start"": 16, ""type"": 1}, {""caption_end"": 11, ""caption_start"": 6, ""end"": 27, ""hashtag_id"": ""1655868948754440"", ""hashtag_name"": ""充能计划"", ""is_commerce"": false, ""start"": 22, ""type"": 1}, {""caption_end"": 20, ""caption_start"": 12, ""end"": 36, ""hashtag_id"": ""1638671939469324"", ""hashtag_name"": ""我在抖音看动漫"", ""is_commerce"": false, ""start"": 28, ""type"": 1}]","[{""level"": 1, ""tag_id"": 2014, ""tag_name"": ""二次元""}, {""level"": 2, ""tag_id"": 2014002, ""tag_name"": ""二次元内容""}, {""level"": 3, ""tag_id"": 2014002001, ""tag_name"": ""动漫IP""}]",
7627441271367290164,7614347148787862834,3,2026-05-07T16:57:39.108354,97084480143,MS4wLjABAAAABOBvtMN_oaJCHmIjOvL0JRSP6DUblrcC_lz84xJW2sI,木木想吃肉,在博人传中，佐良娜如何才能避免眼睛失明呢？ #火影忍者 #充能计划 #我在抖音看动漫,1772878560,183601,4,20749,1259,387,4125,0,"[""https://p3-pc-sign.douyinpic.com/image-cut-tos/493a8142c608db8c7dbb97a0b9c42ec9~tplv-dy-resize-origshort-autoq-75:330.jpeg?lk3s=138a59ce&x-expires=2093500800&x-signature=yZzxVwIj3D3WP%2FakpNPJptg5VzI%3D&from=327834062&s=PackSourceEnum_WEBPC_RELATED_AWEME&se=false&sc=cover&biz_tag=pcweb_cover&l=20260507165749F018AC4D7B5D6918CC36"", ""https://p9-pc-sign.douyinpic.com/image-cut-tos/493a8142c608db8c7dbb97a0b9c42ec9~tplv-dy-resize-origshort-autoq-75:330.jpeg?lk3s=138a59ce&x-expires=2093500800&x-signature=en4QYwATmR%2FH5d4L%2Fojw3FykVlk%3D&from=327834062&s=PackSourceEnum_WEBPC_RELATED_AWEME&se=false&sc=cover&biz_tag=pcweb_cover&l=20260507165749F018AC4D7B5D6918CC36""]",7614347151398488895,@木木想吃肉创作的原声,"[{""caption_end"": 5, ""caption_start"": 0, ""end"": 27, ""hashtag_id"": ""1564203502261249"", ""hashtag_name"": ""火影忍者"", ""is_commerce"": false, ""start"": 22, ""type"": 1}, {""caption_end"": 11, ""caption_start"": 6, ""end"": 33, ""hashtag_id"": ""1655868948754440"", ""hashtag_name"": ""充能计划"", ""is_commerce"": false, ""start"": 28, ""type"": 1}, {""caption_end"": 20, ""caption_start"": 12, ""end"": 42, ""hashtag_id"": ""1638671939469324"", ""hashtag_name"": ""我在抖音看动漫"", ""is_commerce"": false, ""start"": 34, ""type"": 1}]","[{""level"": 1, ""tag_id"": 2014, ""tag_name"": ""二次元""}, {""level"": 2, ""tag_id"": 2014002, ""tag_name"": ""二次元内容""}, {""level"": 3, ""tag_id"": 2014002001, ""tag_name"": ""动漫IP""}]",
7627441271367290164,7608541658380061995,4,2026-05-07T16:57:39.108354,97084480143,MS4wLjABAAAABOBvtMN_oaJCHmIjOvL0JRSP6DUblrcC_lz84xJW2sI,木木想吃肉,水门死后为什么没直接选第五代火影，而是三代重新上任呢？ #火影忍者 #充能计划 #我在抖音看动漫,1771670400,150047,4,69747,1684,1566,8124,0,"[""https://p3-pc-sign.douyinpic.com/image-cut-tos/2b01e4f3afce8fd59d1d0d2057bcb792~tplv-dy-resize-origshort-autoq-75:330.jpeg?lk3s=138a59ce&x-expires=2093500800&x-signature=K8q3RY0a4DedTYPWYP0HaUi6NAY%3D&from=327834062&s=PackSourceEnum_WEBPC_RELATED_AWEME&se=false&sc=cover&biz_tag=pcweb_cover&l=20260507165749F018AC4D7B5D6918CC36"", ""https://p9-pc-sign.douyinpic.com/image-cut-tos/2b01e4f3afce8fd59d1d0d2057bcb792~tplv-dy-resize-origshort-autoq-75:330.jpeg?lk3s=138a59ce&x-expires=2093500800&x-signature=Ve4TEmTlBmFxw9oYMqLZFIvGDZo%3D&from=327834062&s=PackSourceEnum_WEBPC_RELATED_AWEME&se=false&sc=cover&biz_tag=pcweb_cover&l=20260507165749F018AC4D7B5D6918CC36""]",7609495604809206537,@木木想吃肉创作的原声,"[{""caption_end"": 5, ""caption_start"": 0, ""end"": 33, ""hashtag_id"": ""1564203502261249"", ""hashtag_name"": ""火影忍者"", ""is_commerce"": false, ""start"": 28, ""type"": 1}, {""caption_end"": 11, ""caption_start"": 6, ""end"": 39, ""hashtag_id"": ""1655868948754440"", ""hashtag_name"": ""充能计划"", ""is_commerce"": false, ""start"": 34, ""type"": 1}, {""caption_end"": 20, ""caption_start"": 12, ""end"": 48, ""hashtag_id"": ""1638671939469324"", ""hashtag_name"": ""我在抖音看动漫"", ""is_commerce"": false, ""start"": 40, ""type"": 1}]","[{""level"": 1, ""tag_id"": 2014, ""tag_name"": ""二次元""}, {""level"": 2, ""tag_id"": 2014002, ""tag_name"": ""二次元内容""}, {""level"": 3, ""tag_id"": 2014002001, ""tag_name"": ""动漫IP""}]",
7627441271367290164,7612981865321958702,5,2026-05-07T16:57:39.108354,97084480143,MS4wLjABAAAABOBvtMN_oaJCHmIjOvL0JRSP6DUblrcC_lz84xJW2sI,木木想吃肉,佩恩和秽土斑，谁的压迫感要更强一些呢？ #火影忍者 #充能计划 #我在抖音看动漫,1772535485,187339,4,9754,814,450,2602,0,"[""https://p3-pc-sign.douyinpic.com/image-cut-tos/a667219633aa343f39af7a8c7a5fbf26~tplv-dy-resize-origshort-autoq-75:330.jpeg?lk3s=138a59ce&x-expires=2093500800&x-signature=vanCGdH3C0xhPgSEZCFPjQNSIbU%3D&from=327834062&s=PackSourceEnum_WEBPC_RELATED_AWEME&se=false&sc=cover&biz_tag=pcweb_cover&l=20260507165749F018AC4D7B5D6918CC36"", ""https://p9-pc-sign.douyinpic.com/image-cut-tos/a667219633aa343f39af7a8c7a5fbf26~tplv-dy-resize-origshort-autoq-75:330.jpeg?lk3s=138a59ce&x-expires=2093500800&x-signature=PS1RpmyBEYOUJiQJot5niI7D9CI%3D&from=327834062&s=PackSourceEnum_WEBPC_RELATED_AWEME&se=false&sc=cover&biz_tag=pcweb_cover&l=20260507165749F018AC4D7B5D6918CC36""]",7612981923127757622,@木木想吃肉创作的原声,"[{""caption_end"": 5, ""caption_start"": 0, ""end"": 25, ""hashtag_id"": ""1564203502261249"", ""hashtag_name"": ""火影忍者"", ""is_commerce"": false, ""start"": 20, ""type"": 1}, {""caption_end"": 11, ""caption_start"": 6, ""end"": 31, ""hashtag_id"": ""1655868948754440"", ""hashtag_name"": ""充能计划"", ""is_commerce"": false, ""start"": 26, ""type"": 1}, {""caption_end"": 20, ""caption_start"": 12, ""end"": 40, ""hashtag_id"": ""1638671939469324"", ""hashtag_name"": ""我在抖音看动漫"", ""is_commerce"": false, ""start"": 32, ""type"": 1}]","[{""level"": 1, ""tag_id"": 2014, ""tag_name"": ""二次元""}, {""level"": 2, ""tag_id"": 2014002, ""tag_name"": ""二次元内容""}, {""level"": 3, ""tag_id"": 2014002001, ""tag_name"": ""动漫IP""}]",
7627441271367290164,7607101806849592628,6,2026-05-07T16:57:39.108354,267929450448460,MS4wLjABAAAAOAcPh-dxyIrA9FUuBw1rh57Y8qUvXt-702nk6ZkSUEc,小蛙momo,忍者之神柱间究竟是怎么死的？看完你就知道了 #充能计划 #我在抖音看动漫 #抖音ACG新春会 #和我一起看ACG新春会,1771306680,127176,4,63717,2269,1922,7124,0,"[""https://p3-pc-sign.douyinpic.com/image-cut-tos/3e1c4bd91da13ee1775d61725d253b8d~tplv-dy-resize-origshort-autoq-75:330.jpeg?lk3s=138a59ce&x-expires=2093500800&x-signature=4FJh9WVCckAaZJGcS6PvdSYc7vY%3D&from=327834062&s=PackSourceEnum_WEBPC_RELATED_AWEME&se=false&sc=cover&biz_tag=pcweb_cover&l=20260507165749F018AC4D7B5D6918CC36"", ""https://p9-pc-sign.douyinpic.com/image-cut-tos/3e1c4bd91da13ee1775d61725d253b8d~tplv-dy-resize-origshort-autoq-75:330.jpeg?lk3s=138a59ce&x-expires=2093500800&x-signature=JshRoaGyg0lNVX83wjFsOak5rhI%3D&from=327834062&s=PackSourceEnum_WEBPC_RELATED_AWEME&se=false&sc=cover&biz_tag=pcweb_cover&l=20260507165749F018AC4D7B5D6918CC36""]",7607102974455843634,@小蛙momo创作的原声,"[{""caption_end"": 5, ""caption_start"": 0, ""end"": 27, ""hashtag_id"": ""1655868948754440"", ""hashtag_name"": ""充能计划"", ""is_commerce"": false, ""start"": 22, ""type"": 1}, {""caption_end"": 14, ""caption_start"": 6, ""end"": 36, ""hashtag_id"": ""1638671939469324"", ""hashtag_name"": ""我在抖音看动漫"", ""is_commerce"": false, ""start"": 28, ""type"": 1}, {""caption_end"": 24, ""caption_start"": 15, ""end"": 46, ""hashtag_id"": ""7577626406927763465"", ""hashtag_name"": ""抖音acg新春会"", ""is_commerce"": false, ""start"": 37, ""type"": 1}, {""caption_end"": 37, ""caption_start"": 25, ""end"": 59, ""hashtag_id"": ""7592193846176385059"", ""hashtag_name"": ""和我一起看acg新春会"", ""is_commerce"": false, ""start"": 47, ""type"": 1}]","[{""level"": 1, ""tag_id"": 2014, ""tag_name"": ""二次元""}, {""level"": 2, ""tag_id"": 2014002, ""tag_name"": ""二次元内容""}, {""level"": 3, ""tag_id"": 2014002001, ""tag_name"": ""动漫IP""}]",忍者之神柱间的死因一直存在争议。虽然他实力强大，但可能因为过度使用自动治愈能力导致寿命折损。终结谷一战中，他为了战胜宇智波斑，消耗了大量查克拉和生命力，最终可能因此而死。
7627441271367290164,7628047154296229129,7,2026-05-07T16:57:39.108354,2342434896354909,MS4wLjABAAAAdK1uLNbboF4spUKWKQqEB2p_jKKCghRtHLn7BuYq3UYNP2RqkCiw6sN7NSdP_9Pb,热战汪,鸣人  佐助VS六道斑 咋就让斑钻了空子！#火影#火影忍者#忍界大战#六道斑#六道鸣人,1776043136,734912,4,9394,1015,742,1199,0,"[""https://p3-pc-sign.douyinpic.com/image-cut-tos/9edf549f0c3ac6ac90a1c10461052911~tplv-dy-resize-origshort-autoq-75:330.jpeg?lk3s=138a59ce&x-expires=2093500800&x-signature=9oe%2FryAogs3AnZ2eP03b8DuyKMg%3D&from=327834062&s=PackSourceEnum_WEBPC_RELATED_AWEME&se=false&sc=cover&biz_tag=pcweb_cover&l=20260507165749F018AC4D7B5D6918CC36"", ""https://p9-pc-sign.douyinpic.com/image-cut-tos/9edf549f0c3ac6ac90a1c10461052911~tplv-dy-resize-origshort-autoq-75:330.jpeg?lk3s=138a59ce&x-expires=2093500800&x-signature=mnA0aWehJdPilq7f8s7ZKsxT4Z4%3D&from=327834062&s=PackSourceEnum_WEBPC_RELATED_AWEME&se=false&sc=cover&biz_tag=pcweb_cover&l=20260507165749F018AC4D7B5D6918CC36""]",7628047321435015962,@热战汪创作的原声,"[{""caption_end"": 12, ""caption_start"": 9, ""end"": 24, ""hashtag_id"": ""1572655652299789"", ""hashtag_name"": ""火影"", ""is_commerce"": false, ""start"": 21, ""type"": 1}, {""caption_end"": 17, ""caption_start"": 12, ""end"": 29, ""hashtag_id"": ""1564203502261249"", ""hashtag_name"": ""火影忍者"", ""is_commerce"": false, ""start"": 24, ""type"": 1}, {""caption_end"": 22, ""caption_start"": 17, ""end"": 34, ""hashtag_id"": ""1597154889267204"", ""hashtag_name"": ""忍界大战"", ""is_commerce"": false, ""start"": 29, ""type"": 1}, {""caption_end"": 26, ""caption_start"": 22, ""end"": 38, ""hashtag_id"": ""1611038306821192"", ""hashtag_name"": ""六道斑"", ""is_commerce"": false, ""start"": 34, ""type"": 1}, {""caption_end"": 31, ""caption_start"": 26, ""end"": 43, ""hashtag_id"": ""1612198217940995"", ""hashtag_name"": ""六道鸣人"", ""is_commerce"": false, ""start"": 38, ""type"": 1}]","[{""level"": 1, ""tag_id"": 2014, ""tag_name"": ""二次元""}, {""level"": 2, ""tag_id"": 2014002, ""tag_name"": ""二次元内容""}, {""level"": 3, ""tag_id"": 2014002001, ""tag_name"": ""动漫IP""}]",
7627441271367290164,7615219725399838003,8,2026-05-07T16:57:39.108354,2342434896354909,MS4wLjABAAAAdK1uLNbboF4spUKWKQqEB2p_jKKCghRtHLn7BuYq3UYNP2RqkCiw6sN7NSdP_9Pb,热战汪,五影VS宇智波斑（三） 瞬间秒杀#火影#火影忍者#忍界大战#五影#须佐能乎,1773056524,392867,4,1372,237,56,158,0,"[""https://p9-pc-sign.douyinpic.com/image-cut-tos/4c0b82634ab44ca2e520f66caae83a61~tplv-dy-resize-origshort-autoq-75:330.jpeg?lk3s=138a59ce&x-expires=2093500800&x-signature=yXWdWzTOt90MPn9Hrw25ROTMFV4%3D&from=327834062&s=PackSourceEnum_WEBPC_RELATED_AWEME&se=false&sc=cover&biz_tag=pcweb_cover&l=20260507165749F018AC4D7B5D6918CC36"", ""https://p3-pc-sign.douyinpic.com/image-cut-tos/4c0b82634ab44ca2e520f66caae83a61~tplv-dy-resize-origshort-autoq-75:330.jpeg?lk3s=138a59ce&x-expires=2093500800&x-signature=C8k2fnTuZtfJ4iZhgOYbBVmx4jc%3D&from=327834062&s=PackSourceEnum_WEBPC_RELATED_AWEME&se=false&sc=cover&biz_tag=pcweb_cover&l=20260507165749F018AC4D7B5D6918CC36""]",7615219810322369343,@热战汪创作的原声,"[{""caption_end"": 7, ""caption_start"": 4, ""end"": 19, ""hashtag_id"": ""1572655652299789"", ""hashtag_name"": ""火影"", ""is_commerce"": false, ""start"": 16, ""type"": 1}, {""caption_end"": 12, ""caption_start"": 7, ""end"": 24, ""hashtag_id"": ""1564203502261249"", ""hashtag_name"": ""火影忍者"", ""is_commerce"": false, ""start"": 19, ""type"": 1}, {""caption_end"": 17, ""caption_start"": 12, ""end"": 29, ""hashtag_id"": ""1597154889267204"", ""hashtag_name"": ""忍界大战"", ""is_commerce"": false, ""start"": 24, ""type"": 1}, {""caption_end"": 20, ""caption_start"": 17, ""end"": 32, ""hashtag_id"": ""1613491556788231"", ""hashtag_name"": ""五影"", ""is_commerce"": false, ""start"": 29, ""type"": 1}, {""caption_end"": 25, ""caption_start"": 20, ""end"": 37, ""hashtag_id"": ""1595239297723405"", ""hashtag_name"": ""须佐能乎"", ""is_commerce"": false, ""start"": 32, ""type"": 1}]","[{""level"": 1, ""tag_id"": 2014, ""tag_name"": ""二次元""}, {""level"": 2, ""tag_id"": 2014002, ""tag_name"": ""二次元内容""}, {""level"": 3, ""tag_id"": 2014002001, ""tag_name"": ""动漫IP""}]",
7627441271367290164,7615541199973240091,9,2026-05-07T16:57:39.108354,54555835691,MS4wLjABAAAAsu_CU53nd12W0q6lErb_yp3MUFksT1ZeloU35JNerac,动漫驿站,止水映心，木叶藏在回忆里的孤勇 #火影 #火影忍者 #日漫 #日漫剪辑 #宇智波止水 瞬身止水，木叶最意难平的传说！七岁有火影思维，一手别天神冠绝忍界，他以一己之力扛下宇智波的执念，用生命为木叶换和平，把所有温柔与理想，都托付给了那个最信任的少年。终究是，木叶的风，吹不散止水的遗憾,1773132055,718890,4,7795,517,547,1697,0,"[""https://p3-pc-sign.douyinpic.com/image-cut-tos/b8d1085d9ac0b55941be01f8b4e08960~tplv-dy-resize-origshort-autoq-75:330.jpeg?lk3s=138a59ce&x-expires=2093500800&x-signature=vgJi%2FPx9LrZzPnkqt%2BC5EddoOac%3D&from=327834062&s=PackSourceEnum_WEBPC_RELATED_AWEME&se=false&sc=cover&biz_tag=pcweb_cover&l=20260507165749F018AC4D7B5D6918CC36"", ""https://p9-pc-sign.douyinpic.com/image-cut-tos/b8d1085d9ac0b55941be01f8b4e08960~tplv-dy-resize-origshort-autoq-75:330.jpeg?lk3s=138a59ce&x-expires=2093500800&x-signature=D2ukPtkkSM%2BfZY%2Bc7n1hUmaAqqk%3D&from=327834062&s=PackSourceEnum_WEBPC_RELATED_AWEME&se=false&sc=cover&biz_tag=pcweb_cover&l=20260507165749F018AC4D7B5D6918CC36""]",7615541439983848235,@动漫驿站创作的原声,"[{""caption_end"": 3, ""caption_start"": 0, ""end"": 19, ""hashtag_id"": ""1572655652299789"", ""hashtag_name"": ""火影"", ""is_commerce"": false, ""start"": 16, ""type"": 1}, {""caption_end"": 9, ""caption_start"": 4, ""end"": 25, ""hashtag_id"": ""1564203502261249"", ""hashtag_name"": ""火影忍者"", ""is_commerce"": false, ""start"": 20, ""type"": 1}, {""caption_end"": 13, ""caption_start"": 10, ""end"": 29, ""hashtag_id"": ""1767586724426824"", ""hashtag_name"": ""日漫"", ""is_commerce"": false, ""start"": 26, ""type"": 1}, {""caption_end"": 19, ""caption_start"": 14, ""end"": 35, ""hashtag_id"": ""1609282370813956"", ""hashtag_name"": ""日漫剪辑"", ""is_commerce"": false, ""start"": 30, ""type"": 1}, {""caption_end"": 26, ""caption_start"": 20, ""end"": 42, ""hashtag_id"": ""1598528142370820"", ""hashtag_name"": ""宇智波止水"", ""is_commerce"": false, ""start"": 36, ""type"": 1}]","[{""level"": 1, ""tag_id"": 2014, ""tag_name"": ""二次元""}, {""level"": 2, ""tag_id"": 2014002, ""tag_name"": ""二次元内容""}, {""level"": 3, ""tag_id"": 2014002001, ""tag_name"": ""动漫IP""}]",宇智波止水是火影忍者中的传说级人物，拥有强大的实力和高尚的理想。他与宇智波鼬关系密切，共同追求和平。然而，宇智波一族与木叶村的矛盾激化，止水试图阻止政变，但最终失败。为了保护村子和鼬，他选择自杀，将眼睛和理想托付给鼬。
7627472380595910747,7632296858349538611,0,2026-05-07T16:57:48.550746,81816635835868,MS4wLjABAAAA-7p2H36y63QT-EXRnc1RCCruI3FH0GiM1gqNaBWbhFo,荒野小屋,荒野露营 沉浸式体验雨天户外露营过夜#荒野露营 #户外露营 #荒野建造 #抖音精选 #露营,1777032596,223167,4,890,27,39,205,0,"[""https://p3-pc-sign.douyinpic.com/image-cut-tos/b7a0a79137257fa79162c5b0f3419919~tplv-dy-resize-origshort-autoq-75:330.jpeg?lk3s=138a59ce&x-expires=2093500800&x-signature=vpElleICZ%2B5A%2Bxmc3kUqIRwDAeg%3D&from=327834062&s=PackSourceEnum_WEBPC_RELATED_AWEME&se=false&sc=cover&biz_tag=pcweb_cover&l=20260507165758A16B9154874D2E5A8FFF"", ""https://p9-pc-sign.douyinpic.com/image-cut-tos/b7a0a79137257fa79162c5b0f3419919~tplv-dy-resize-origshort-autoq-75:330.jpeg?lk3s=138a59ce&x-expires=2093500800&x-signature=oD5WC42e8rcUH92fC%2BNKxVjx8Ec%3D&from=327834062&s=PackSourceEnum_WEBPC_RELATED_AWEME&se=false&sc=cover&biz_tag=pcweb_cover&l=20260507165758A16B9154874D2E5A8FFF""]",7632296934229035795,@荒野小屋创作的原声,"[{""caption_end"": 18, ""caption_start"": 13, ""end"": 23, ""hashtag_id"": ""1661061183760398"", ""hashtag_name"": ""荒野露营"", ""is_commerce"": false, ""start"": 18, ""type"": 1}, {""caption_end"": 24, ""caption_start"": 19, ""end"": 29, ""hashtag_id"": ""1601409194763277"", ""hashtag_name"": ""户外露营"", ""is_commerce"": false, ""start"": 24, ""type"": 1}, {""caption_end"": 30, ""caption_start"": 25, ""end"": 35, ""hashtag_id"": ""1660392949605383"", ""hashtag_name"": ""荒野建造"", ""is_commerce"": false, ""start"": 30, ""type"": 1}, {""caption_end"": 36, ""caption_start"": 31, ""end"": 41, ""hashtag_id"": ""1568943621383170"", ""hashtag_name"": ""抖音精选"", ""is_commerce"": false, ""start"": 36, ""type"": 1}, {""caption_end"": 40, ""caption_start"": 37, ""end"": 45, ""hashtag_id"": ""1580532647418893"", ""hashtag_name"": ""露营"", ""is_commerce"": false, ""start"": 42, ""type"": 1}]","[{""level"": 1, ""tag_id"": 2029, ""tag_name"": ""随拍""}, {""level"": 2, ""tag_id"": 2029003, ""tag_name"": ""生活记录""}, {""level"": 3, ""tag_id"": 2029003001, ""tag_name"": ""日常vlog""}]",安吉尝试了拖挂式露营，这种露营方式结合了房车和帐篷的优点，具有随时移动的灵活性。他在热带雨林中搭建了一室一厅的空间，还准备了临时卫生间。在雨中，他享受了印度风味的料理、雨中咖啡和麻辣香锅，度过了一个温暖的夜晚。
7627472380595910747,7608230267609730345,1,2026-05-07T16:57:48.550746,1555178095650588,MS4wLjABAAAAQEB1BpLqEdpo4hkiiFvMBO2RXVKnzvSM2e0RaUgXMtKxPnZ--Df0dU3B6rpxtOpQ,荒野阿吹,荒野建造｜暴雨中的荒野露营，沉浸式治愈你的深夜 #荒野建造#荒野求生#庇护所建造#助眠#解压,1771429343,717400,4,4267,227,873,756,0,"[""https://p3-pc-sign.douyinpic.com/image-cut-tos/2dee08f52e42554ef6ab31edc541cf0a~tplv-dy-resize-origshort-autoq-75:330.jpeg?lk3s=138a59ce&x-expires=2093500800&x-signature=v8DkWxDlpZsLWBnbCpSAg%2Bg%2BpgY%3D&from=327834062&s=PackSourceEnum_WEBPC_RELATED_AWEME&se=false&sc=cover&biz_tag=pcweb_cover&l=20260507165758A16B9154874D2E5A8FFF"", ""https://p9-pc-sign.douyinpic.com/image-cut-tos/2dee08f52e42554ef6ab31edc541cf0a~tplv-dy-resize-origshort-autoq-75:330.jpeg?lk3s=138a59ce&x-expires=2093500800&x-signature=WK%2BJX%2BnvPsuH9XpXfJxTuismyvI%3D&from=327834062&s=PackSourceEnum_WEBPC_RELATED_AWEME&se=false&sc=cover&biz_tag=pcweb_cover&l=20260507165758A16B9154874D2E5A8FFF""]",7608231223374285618,@荒野阿吹创作的原声,"[{""caption_end"": 5, ""caption_start"": 0, ""end"": 29, ""hashtag_id"": ""1660392949605383"", ""hashtag_name"": ""荒野建造"", ""is_commerce"": false, ""start"": 24, ""type"": 1}, {""caption_end"": 10, ""caption_start"": 5, ""end"": 34, ""hashtag_id"": ""1581649203402766"", ""hashtag_name"": ""荒野求生"", ""is_commerce"": false, ""start"": 29, ""type"": 1}, {""caption_end"": 16, ""caption_start"": 10, ""end"": 40, ""hashtag_id"": ""1708249386732556"", ""hashtag_name"": ""庇护所建造"", ""is_commerce"": false, ""start"": 34, ""type"": 1}, {""caption_end"": 19, ""caption_start"": 16, ""end"": 43, ""hashtag_id"": ""1571776774676482"", ""hashtag_name"": ""助眠"", ""is_commerce"": false, ""start"": 40, ""type"": 1}, {""caption_end"": 22, ""caption_start"": 19, ""end"": 46, ""hashtag_id"": ""1565750948717570"", ""hashtag_name"": ""解压"", ""is_commerce"": false, ""start"": 43, ""type"": 1}]","[{""level"": 1, ""tag_id"": 2029, ""tag_name"": ""随拍""}, {""level"": 2, ""tag_id"": 2029003, ""tag_name"": ""生活记录""}, {""level"": 3, ""tag_id"": 2029003001, ""tag_name"": ""日常vlog""}]",
7627472380595910747,7605194776422784838,2,2026-05-07T16:57:48.550746,2410557382343160,MS4wLjABAAAApWm9KGbxO6hi--Giw9f7v6YWDP1qJQDoaSxm5zG2UduMwqcPCvrtmAhZmNx__85i,油腻的尸姐,徒步旅行，在山里露营过夜⛈️🏕️,1770722396,729200,4,9371,271,537,3180,0,"[""https://p3-pc-sign.douyinpic.com/image-cut-tos/32c1282f8cb6bf63b1e180a2fd2d0786~tplv-dy-resize-origshort-autoq-75:330.jpeg?lk3s=138a59ce&x-expires=2093500800&x-signature=xRv0iP7eUjCkpjHUatY%2Bx%2B3fdUE%3D&from=327834062&s=PackSourceEnum_WEBPC_RELATED_AWEME&se=false&sc=cover&biz_tag=pcweb_cover&l=20260507165758A16B9154874D2E5A8FFF"", ""https://p9-pc-sign.douyinpic.com/image-cut-tos/32c1282f8cb6bf63b1e180a2fd2d0786~tplv-dy-resize-origshort-autoq-75:330.jpeg?lk3s=138a59ce&x-expires=2093500800&x-signature=XTMVQpb%2FALM%2BTavdelsM%2FbCEr7o%3D&from=327834062&s=PackSourceEnum_WEBPC_RELATED_AWEME&se=false&sc=cover&biz_tag=pcweb_cover&l=20260507165758A16B9154874D2E5A8FFF""]",7605194824236616482,@油腻的尸姐创作的原声,,"[{""level"": 1, ""tag_id"": 2029, ""tag_name"": ""随拍""}, {""level"": 2, ""tag_id"": 2029003, ""tag_name"": ""生活记录""}, {""level"": 3, ""tag_id"": 2029003001, ""tag_name"": ""日常vlog""}]",
7627472380595910747,7629722717798255729,3,2026-05-07T16:57:48.550746,3722273515113050,MS4wLjABAAAAdjvPeze_yPlV5SgE3MydQmZIv3Rj1bMr33xHAydoiUltPkbk7RKHZ5RZcTrOHMG2,荒岛独居,暴雨中独自露营过夜⛺️⛈️⚡️,1776433251,593567,4,2736,172,207,843,0,"[""https://p3-pc-sign.douyinpic.com/image-cut-tos-priv/40eda2548bd2234037c0fc5bdc6a8436~tplv-dy-resize-origshort-autoq-75:330.jpeg?lk3s=138a59ce&x-expires=2093500800&x-signature=V7e%2FngZPkB%2BgzxhRb%2F%2BB9zXnUZE%3D&from=327834062&s=PackSourceEnum_WEBPC_RELATED_AWEME&se=false&sc=cover&biz_tag=pcweb_cover&l=20260507165758A16B9154874D2E5A8FFF"", ""https://p9-pc-sign.douyinpic.com/image-cut-tos-priv/40eda2548bd2234037c0fc5bdc6a8436~tplv-dy-resize-origshort-autoq-75:330.jpeg?lk3s=138a59ce&x-expires=2093500800&x-signature=9qY2NYAjIuaWR2shxmd9%2F6vPNXc%3D&from=327834062&s=PackSourceEnum_WEBPC_RELATED_AWEME&se=false&sc=cover&biz_tag=pcweb_cover&l=20260507165758A16B9154874D2E5A8FFF""]",7629722725690526490,@荒岛独居创作的原声,,"[{""level"": 1, ""tag_id"": 2029, ""tag_name"": ""随拍""}, {""level"": 2, ""tag_id"": 2029003, ""tag_name"": ""生活记录""}, {""level"": 3, ""tag_id"": 2029003001, ""tag_name"": ""日常vlog""}]",
7627472380595910747,7612197688415140345,4,2026-05-07T16:57:48.550746,59049847662,MS4wLjABAAAAZTca5OYnIIa7QdaBcTm6DRpu4YlReOpq7-wQVRA2PY4,小柯新视界,当你躺在床上睡不着觉时，不妨试着看一集解压助眠的沉浸式雨中露营 #野外建造 #解压助眠 #雨中露营,1772373000,252534,4,4726,63,1967,827,0,"[""https://p3-pc-sign.douyinpic.com/image-cut-tos/1015f8330b49499bee5e03e93741eee5~tplv-dy-resize-origshort-autoq-75:330.jpeg?lk3s=138a59ce&x-expires=2093500800&x-signature=Rh6TwN%2Bc59cQb80KW3DiCDp8Y9Q%3D&from=327834062&s=PackSourceEnum_WEBPC_RELATED_AWEME&se=false&sc=cover&biz_tag=pcweb_cover&l=20260507165758A16B9154874D2E5A8FFF"", ""https://p9-pc-sign.douyinpic.com/image-cut-tos/1015f8330b49499bee5e03e93741eee5~tplv-dy-resize-origshort-autoq-75:330.jpeg?lk3s=138a59ce&x-expires=2093500800&x-signature=zbYjJsyenPF9Y9%2BXCHZqfNkn2%2Bs%3D&from=327834062&s=PackSourceEnum_WEBPC_RELATED_AWEME&se=false&sc=cover&biz_tag=pcweb_cover&l=20260507165758A16B9154874D2E5A8FFF""]",7612197636543875866,@小柯新视界创作的原声,"[{""caption_end"": 37, ""caption_start"": 32, ""end"": 37, ""hashtag_id"": ""1628123008836612"", ""hashtag_name"": ""野外建造"", ""is_commerce"": false, ""start"": 32, ""sub_type"": 11, ""type"": 1}, {""caption_end"": 43, ""caption_start"": 38, ""end"": 43, ""hashtag_id"": ""1655799747787783"", ""hashtag_name"": ""解压助眠"", ""is_commerce"": false, ""start"": 38, ""sub_type"": 11, ""type"": 1}, {""caption_end"": 49, ""caption_start"": 44, ""end"": 49, ""hashtag_id"": ""1643428611502087"", ""hashtag_name"": ""雨中露营"", ""is_commerce"": false, ""start"": 44, ""type"": 1}]","[{""level"": 1, ""tag_id"": 2029, ""tag_name"": ""随拍""}, {""level"": 2, ""tag_id"": 2029003, ""tag_name"": ""生活记录""}, {""level"": 3, ""tag_id"": 2029003001, ""tag_name"": ""日常vlog""}]",小超在雨林中搭建了一个庇护所，包括屋顶、地板、大门等部分。他还在庇护所内准备了晚餐，点燃篝火，享受野外生活。最后，他在温暖的庇护所里安然入睡。
7627472380595910747,7626975388085783844,5,2026-05-07T16:57:48.550746,2610664553068452,MS4wLjABAAAAi0Jti7ledZ8AJv3e8AYCulNQsbQ6XvytOqHmQZ7JxMZmILTpSNJvxYD9suUkB5-_,荒野星驰,男人和狗的暴雪露营，能安全渡过暴雪夜吗？ #荒野建造 #野外生存 #解压助眠 #暴雪露营 #户外,1775824200,363718,4,2241,138,255,407,0,"[""https://p3-pc-sign.douyinpic.com/image-cut-tos/7b13c43b6738954d0c0855134c6e183a~tplv-dy-resize-origshort-autoq-75:330.jpeg?lk3s=138a59ce&x-expires=2093500800&x-signature=hIisJtY7GbiQ6DaDvknNmyCIUEE%3D&from=327834062&s=PackSourceEnum_WEBPC_RELATED_AWEME&se=false&sc=cover&biz_tag=pcweb_cover&l=20260507165758A16B9154874D2E5A8FFF"", ""https://p9-pc-sign.douyinpic.com/image-cut-tos/7b13c43b6738954d0c0855134c6e183a~tplv-dy-resize-origshort-autoq-75:330.jpeg?lk3s=138a59ce&x-expires=2093500800&x-signature=ScrUxRiiQlvvGFLbwBEcJZvFocE%3D&from=327834062&s=PackSourceEnum_WEBPC_RELATED_AWEME&se=false&sc=cover&biz_tag=pcweb_cover&l=20260507165758A16B9154874D2E5A8FFF""]",7626975454624713535,@荒野星驰创作的原声,"[{""caption_end"": 5, ""caption_start"": 0, ""end"": 26, ""hashtag_id"": ""1660392949605383"", ""hashtag_name"": ""荒野建造"", ""is_commerce"": false, ""start"": 21, ""type"": 1}, {""caption_end"": 11, ""caption_start"": 6, ""end"": 32, ""hashtag_id"": ""1572729383014429"", ""hashtag_name"": ""野外生存"", ""is_commerce"": false, ""start"": 27, ""type"": 1}, {""caption_end"": 17, ""caption_start"": 12, ""end"": 38, ""hashtag_id"": ""1655799747787783"", ""hashtag_name"": ""解压助眠"", ""is_commerce"": false, ""start"": 33, ""type"": 1}, {""caption_end"": 23, ""caption_start"": 18, ""end"": 44, ""hashtag_id"": ""1727875489586184"", ""hashtag_name"": ""暴雪露营"", ""is_commerce"": false, ""start"": 39, ""type"": 1}, {""caption_end"": 27, ""caption_start"": 24, ""end"": 48, ""hashtag_id"": ""1571073586904066"", ""hashtag_name"": ""户外"", ""is_commerce"": false, ""start"": 45, ""type"": 1}]","[{""level"": 1, ""tag_id"": 2029, ""tag_name"": ""随拍""}, {""level"": 2, ""tag_id"": 2029003, ""tag_name"": ""生活记录""}, {""level"": 3, ""tag_id"": 2029003001, ""tag_name"": ""日常vlog""}]",
7627472380595910747,7617764502901116211,6,2026-05-07T16:57:48.550746,1942193311581978,MS4wLjABAAAAHJvYNxDqkINNf1WMJBY-vvRMxxdHpmzStwd9EOpUqPz25hWsylB_d7aJ6YM98-1h,荒野阿博,谁能拒绝深夜失眠时，刷上一集解压的极寒露营！#荒野建造 #野外生存 #赛博皮卡 #解压助眠 #户外露营,1773664200,238422,4,5025,103,717,712,0,"[""https://p3-pc-sign.douyinpic.com/image-cut-tos/9812374a8663f7a243366af1e293daf9~tplv-dy-resize-origshort-autoq-75:330.jpeg?lk3s=138a59ce&x-expires=2093500800&x-signature=ivRQwqURisVlAjHeBg1N20g3EbA%3D&from=327834062&s=PackSourceEnum_WEBPC_RELATED_AWEME&se=false&sc=cover&biz_tag=pcweb_cover&l=20260507165758A16B9154874D2E5A8FFF"", ""https://p9-pc-sign.douyinpic.com/image-cut-tos/9812374a8663f7a243366af1e293daf9~tplv-dy-resize-origshort-autoq-75:330.jpeg?lk3s=138a59ce&x-expires=2093500800&x-signature=UQg1kJktXIoV4jyqXGQ8%2F0BfU6o%3D&from=327834062&s=PackSourceEnum_WEBPC_RELATED_AWEME&se=false&sc=cover&biz_tag=pcweb_cover&l=20260507165758A16B9154874D2E5A8FFF""]",7617764552008125190,@荒野阿博创作的原声,"[{""caption_end"": 27, ""caption_start"": 22, ""end"": 27, ""hashtag_id"": ""1660392949605383"", ""hashtag_name"": ""荒野建造"", ""is_commerce"": false, ""start"": 22, ""type"": 1}, {""caption_end"": 33, ""caption_start"": 28, ""end"": 33, ""hashtag_id"": ""1572729383014429"", ""hashtag_name"": ""野外生存"", ""is_commerce"": false, ""start"": 28, ""type"": 1}, {""caption_end"": 39, ""caption_start"": 34, ""end"": 39, ""hashtag_id"": ""1699439037767694"", ""hashtag_name"": ""赛博皮卡"", ""is_commerce"": false, ""start"": 34, ""type"": 1}, {""caption_end"": 45, ""caption_start"": 40, ""end"": 45, ""hashtag_id"": ""1655799747787783"", ""hashtag_name"": ""解压助眠"", ""is_commerce"": false, ""start"": 40, ""type"": 1}, {""caption_end"": 51, ""caption_start"": 46, ""end"": 51, ""hashtag_id"": ""1601409194763277"", ""hashtag_name"": ""户外露营"", ""is_commerce"": false, ""start"": 46, ""type"": 1}]","[{""level"": 0, ""tag_id"": 0, ""tag_name"": """"}, {""level"": 0, ""tag_id"": 0, ""tag_name"": """"}, {""level"": 0, ""tag_id"": 0, ""tag_name"": """"}]",
7627472380595910747,7622910830442581258,7,2026-05-07T16:57:48.550746,3185762884131114,MS4wLjABAAAAZ43N0Kr20rPYetUlvtfiXxi5SW6Mxq1EhB_oHkizcaLDFigAdtPhgIhddN1Ty_Tj,荒野阿明,在暴雨中搭建帐篷露营 #荒野建造  #暴雨露营 #解压 #助眠,1774875600,418820,4,14837,231,2885,3207,0,"[""https://p9-pc-sign.douyinpic.com/image-cut-tos/c698cbaf968121ba90c4012103575d2c~tplv-dy-resize-origshort-autoq-75:330.jpeg?lk3s=138a59ce&x-expires=2093500800&x-signature=5wpg1yTL4aerpf1VCC2PwmivG3I%3D&from=327834062&s=PackSourceEnum_WEBPC_RELATED_AWEME&se=false&sc=cover&biz_tag=pcweb_cover&l=20260507165758A16B9154874D2E5A8FFF"", ""https://p3-pc-sign.douyinpic.com/image-cut-tos/c698cbaf968121ba90c4012103575d2c~tplv-dy-resize-origshort-autoq-75:330.jpeg?lk3s=138a59ce&x-expires=2093500800&x-signature=sY%2FLA9MgGxix4lWtWPxrvxJE%2BA8%3D&from=327834062&s=PackSourceEnum_WEBPC_RELATED_AWEME&se=false&sc=cover&biz_tag=pcweb_cover&l=20260507165758A16B9154874D2E5A8FFF""]",7622910744773856043,@荒野阿明创作的原声,"[{""caption_end"": 5, ""caption_start"": 0, ""end"": 16, ""hashtag_id"": ""1660392949605383"", ""hashtag_name"": ""荒野建造"", ""is_commerce"": false, ""start"": 11, ""type"": 1}, {""caption_end"": 12, ""caption_start"": 7, ""end"": 23, ""hashtag_id"": ""1676081561694221"", ""hashtag_name"": ""暴雨露营"", ""is_commerce"": false, ""start"": 18, ""type"": 1}, {""caption_end"": 16, ""caption_start"": 13, ""end"": 27, ""hashtag_id"": ""1565750948717570"", ""hashtag_name"": ""解压"", ""is_commerce"": false, ""start"": 24, ""type"": 1}, {""caption_end"": 20, ""caption_start"": 17, ""end"": 31, ""hashtag_id"": ""1571776774676482"", ""hashtag_name"": ""助眠"", ""is_commerce"": false, ""start"": 28, ""type"": 1}]","[{""level"": 1, ""tag_id"": 2029, ""tag_name"": ""随拍""}, {""level"": 2, ""tag_id"": 2029003, ""tag_name"": ""生活记录""}, {""level"": 3, ""tag_id"": 2029003001, ""tag_name"": ""日常vlog""}]",小丽在野外搭建帐篷露营，度过了惬意的时光。她在帐篷内布置了各种生活用品，烹饪了美食，与小狗一起玩耍，享受了自由洒脱的生活。第二天清晨，她制作了早餐，收拾好装备，结束了这次露营之旅。
7627472380595910747,7626404212452101419,8,2026-05-07T16:57:48.550746,1593634106654458,MS4wLjABAAAAwtYoJLfHpwTVb9lc0Yin_Rfb-H_uzdGDr728pSBsMCyQBkBPlkRxzerAVdLwoaIZ,荒野小徐,第十六集 谁能拒绝失眠的时候，刷上一集解压的暴雨露营呢！#荒野建造#野外生存#暴雨露营#解压助眠#户外露营,1775660614,925503,4,4411,82,612,780,0,"[""https://p3-pc-sign.douyinpic.com/image-cut-tos-priv/5cf517a335ad53a685ccf5bad0cf1c72~tplv-dy-resize-origshort-autoq-75:330.jpeg?lk3s=138a59ce&x-expires=2093500800&x-signature=kH4G%2FM6J5auM1QQ9LWdfsrUj2fE%3D&from=327834062&s=PackSourceEnum_WEBPC_RELATED_AWEME&se=false&sc=cover&biz_tag=pcweb_cover&l=20260507165758A16B9154874D2E5A8FFF"", ""https://p9-pc-sign.douyinpic.com/image-cut-tos-priv/5cf517a335ad53a685ccf5bad0cf1c72~tplv-dy-resize-origshort-autoq-75:330.jpeg?lk3s=138a59ce&x-expires=2093500800&x-signature=reT%2BAKIvEFrWByJIfEJNfcFaRTs%3D&from=327834062&s=PackSourceEnum_WEBPC_RELATED_AWEME&se=false&sc=cover&biz_tag=pcweb_cover&l=20260507165758A16B9154874D2E5A8FFF""]",7626404525938952996,@荒野小徐创作的原声,"[{""caption_end"": 28, ""caption_start"": 23, ""end"": 33, ""hashtag_id"": ""1660392949605383"", ""hashtag_name"": ""荒野建造"", ""is_commerce"": false, ""start"": 28, ""type"": 1}, {""caption_end"": 33, ""caption_start"": 28, ""end"": 38, ""hashtag_id"": ""1572729383014429"", ""hashtag_name"": ""野外生存"", ""is_commerce"": false, ""start"": 33, ""type"": 1}, {""caption_end"": 38, ""caption_start"": 33, ""end"": 43, ""hashtag_id"": ""1676081561694221"", ""hashtag_name"": ""暴雨露营"", ""is_commerce"": false, ""start"": 38, ""type"": 1}, {""caption_end"": 43, ""caption_start"": 38, ""end"": 48, ""hashtag_id"": ""1655799747787783"", ""hashtag_name"": ""解压助眠"", ""is_commerce"": false, ""start"": 43, ""type"": 1}, {""caption_end"": 48, ""caption_start"": 43, ""end"": 53, ""hashtag_id"": ""1601409194763277"", ""hashtag_name"": ""户外露营"", ""is_commerce"": false, ""start"": 48, ""type"": 1}]","[{""level"": 1, ""tag_id"": 2029, ""tag_name"": ""随拍""}, {""level"": 2, ""tag_id"": 2029003, ""tag_name"": ""生活记录""}, {""level"": 3, ""tag_id"": 2029003001, ""tag_name"": ""日常vlog""}]",
7627472380595910747,7623447284684033289,9,2026-05-07T16:57:48.550746,1102123785531805,MS4wLjABAAAAR32EOFItJ7mXtISbhyak6NY8PT89RDNh0XRI7UTMDzHq3S3fOhvLFkL7qu--O8MW,荒径生存,暴雨露营 男人带领着狗子来到野外露营，期间突遇大暴雨，好在搭建的庇护所能遮风挡雨#荒野建造 #野外建造 #解压 #助眠 #户外,1774972145,587908,4,83331,7195,15082,10357,0,"[""https://p3-pc-sign.douyinpic.com/image-cut-tos/a73d9adeae6fe9cb6c71b1d206db2d26~tplv-dy-resize-origshort-autoq-75:330.jpeg?lk3s=138a59ce&x-expires=2093500800&x-signature=RREoT8gKe%2FnwFwVmKWcK%2Bz27bWI%3D&from=327834062&s=PackSourceEnum_WEBPC_RELATED_AWEME&se=false&sc=cover&biz_tag=pcweb_cover&l=20260507165758A16B9154874D2E5A8FFF"", ""https://p9-pc-sign.douyinpic.com/image-cut-tos/a73d9adeae6fe9cb6c71b1d206db2d26~tplv-dy-resize-origshort-autoq-75:330.jpeg?lk3s=138a59ce&x-expires=2093500800&x-signature=PYcQ5x2oMYH30xbAOoPGvBeG5dg%3D&from=327834062&s=PackSourceEnum_WEBPC_RELATED_AWEME&se=false&sc=cover&biz_tag=pcweb_cover&l=20260507165758A16B9154874D2E5A8FFF""]",7623447423284775734,@荒径生存创作的原声,"[{""caption_end"": 40, ""caption_start"": 35, ""end"": 45, ""hashtag_id"": ""1660392949605383"", ""hashtag_name"": ""荒野建造"", ""is_commerce"": false, ""start"": 40, ""type"": 1}, {""caption_end"": 46, ""caption_start"": 41, ""end"": 51, ""hashtag_id"": ""1628123008836612"", ""hashtag_name"": ""野外建造"", ""is_commerce"": false, ""start"": 46, ""type"": 1}, {""caption_end"": 50, ""caption_start"": 47, ""end"": 55, ""hashtag_id"": ""1565750948717570"", ""hashtag_name"": ""解压"", ""is_commerce"": false, ""start"": 52, ""type"": 1}, {""caption_end"": 54, ""caption_start"": 51, ""end"": 59, ""hashtag_id"": ""1571776774676482"", ""hashtag_name"": ""助眠"", ""is_commerce"": false, ""start"": 56, ""type"": 1}, {""caption_end"": 58, ""caption_start"": 55, ""end"": 63, ""hashtag_id"": ""1571073586904066"", ""hashtag_name"": ""户外"", ""is_commerce"": false, ""start"": 60, ""type"": 1}]","[{""level"": 1, ""tag_id"": 2027, ""tag_name"": ""萌宠""}, {""level"": 2, ""tag_id"": 2027002, ""tag_name"": ""宠物狗""}, {""level"": 3, ""tag_id"": 2027002003, ""tag_name"": ""狗vlog日常""}]",
7627626727761513778,7635355054202948899,0,2026-05-07T16:58:05.622636,927628663727736,MS4wLjABAAAA8SRjyrERkcAjAa-dH7ZIqXasPRtNnfq1MQ6NtI-wAS4,图图追剧,iu新剧《21世纪大君夫人》最新一集来了 #iu #iu李知恩 #21世纪大君夫人 #边佑锡 #青年创作者成长计划,1777744656,904536,4,23010,259,2088,2536,0,"[""https://p9-pc-sign.douyinpic.com/image-cut-tos/dd77d244b961f9006f9d2e1282af6392~tplv-dy-resize-origshort-autoq-75:330.jpeg?lk3s=138a59ce&x-expires=2093500800&x-signature=T4ZgVV0ekcuF1c6w4o%2F2%2Fl9CPuc%3D&from=327834062&s=PackSourceEnum_WEBPC_RELATED_AWEME&se=false&sc=cover&biz_tag=pcweb_cover&l=2026050716581678385BC18C5D1E1CD0F9"", ""https://p3-pc-sign.douyinpic.com/image-cut-tos/dd77d244b961f9006f9d2e1282af6392~tplv-dy-resize-origshort-autoq-75:330.jpeg?lk3s=138a59ce&x-expires=2093500800&x-signature=FCvB1HmL4lS5S7L3skJ0Sl6xzOY%3D&from=327834062&s=PackSourceEnum_WEBPC_RELATED_AWEME&se=false&sc=cover&biz_tag=pcweb_cover&l=2026050716581678385BC18C5D1E1CD0F9""]",7635355123023137542,@图图追剧创作的原声,"[{""caption_end"": 3, ""caption_start"": 0, ""end"": 24, ""hashtag_id"": ""1564716680510466"", ""hashtag_name"": ""iu"", ""is_commerce"": false, ""start"": 21, ""type"": 1}, {""caption_end"": 10, ""caption_start"": 4, ""end"": 31, ""hashtag_id"": ""1581708501051405"", ""hashtag_name"": ""iu李知恩"", ""is_commerce"": false, ""start"": 25, ""type"": 1}, {""caption_end"": 20, ""caption_start"": 11, ""end"": 41, ""hashtag_id"": ""7443609778904893476"", ""hashtag_name"": ""21世纪大君夫人"", ""is_commerce"": false, ""start"": 32, ""type"": 1}, {""caption_end"": 25, ""caption_start"": 21, ""end"": 46, ""hashtag_id"": ""1672254031905806"", ""hashtag_name"": ""边佑锡"", ""is_commerce"": false, ""start"": 42, ""type"": 1}, {""caption_end"": 36, ""caption_start"": 26, ""end"": 57, ""hashtag_id"": ""7529832653680281615"", ""hashtag_name"": ""青年创作者成长计划"", ""is_commerce"": false, ""start"": 47, ""type"": 1}]","[{""level"": 1, ""tag_id"": 2021, ""tag_name"": ""明星八卦""}, {""level"": 2, ""tag_id"": 2021002, ""tag_name"": ""明星随拍资讯""}, {""level"": 0, ""tag_id"": 0, ""tag_name"": """"}]",
7627626727761513778,7630017729076022562,1,2026-05-07T16:58:05.622636,3949865037739407,MS4wLjABAAAAH_u6oTaMROaWt4xzpBDFBcBYRhXiN6YhaZg73CX75SDb9K4MsHP8msnb2eR7pYCJ,大千说电影,李知恩，边佑锡爆款剧《21世纪大君夫人》第3集未删减版 #韩剧 #李知恩 #边佑锡 #影视解说 #抖音精选,1776502732,922740,4,17673,219,2204,3769,0,"[""https://p3-pc-sign.douyinpic.com/image-cut-tos/2a2d2fb76fb45a5efb87e523b4d7e259~tplv-dy-resize-origshort-autoq-75:330.jpeg?lk3s=138a59ce&x-expires=2093500800&x-signature=LuOXNGWuhRZfqEYvBXlG%2BO7yHsQ%3D&from=327834062&s=PackSourceEnum_WEBPC_RELATED_AWEME&se=false&sc=cover&biz_tag=pcweb_cover&l=2026050716581678385BC18C5D1E1CD0F9"", ""https://p9-pc-sign.douyinpic.com/image-cut-tos/2a2d2fb76fb45a5efb87e523b4d7e259~tplv-dy-resize-origshort-autoq-75:330.jpeg?lk3s=138a59ce&x-expires=2093500800&x-signature=u7QxCkP4y2c7qBfJviG5kFMnj7o%3D&from=327834062&s=PackSourceEnum_WEBPC_RELATED_AWEME&se=false&sc=cover&biz_tag=pcweb_cover&l=2026050716581678385BC18C5D1E1CD0F9""]",7630018004910197546,@大千说电影创作的原声,"[{""caption_end"": 3, ""caption_start"": 0, ""end"": 31, ""hashtag_id"": ""1565186793875458"", ""hashtag_name"": ""韩剧"", ""is_commerce"": false, ""start"": 28, ""type"": 1}, {""caption_end"": 8, ""caption_start"": 4, ""end"": 36, ""hashtag_id"": ""1587581276777486"", ""hashtag_name"": ""李知恩"", ""is_commerce"": false, ""start"": 32, ""type"": 1}, {""caption_end"": 13, ""caption_start"": 9, ""end"": 41, ""hashtag_id"": ""1672254031905806"", ""hashtag_name"": ""边佑锡"", ""is_commerce"": false, ""start"": 37, ""type"": 1}, {""caption_end"": 19, ""caption_start"": 14, ""end"": 47, ""hashtag_id"": ""7419051162252347433"", ""hashtag_name"": ""影视解说"", ""is_commerce"": false, ""start"": 42, ""type"": 1}, {""caption_end"": 25, ""caption_start"": 20, ""end"": 53, ""hashtag_id"": ""1568943621383170"", ""hashtag_name"": ""抖音精选"", ""is_commerce"": false, ""start"": 48, ""type"": 1}]","[{""level"": 1, ""tag_id"": 2019, ""tag_name"": ""影视""}, {""level"": 2, ""tag_id"": 2019002, ""tag_name"": ""影视解说""}, {""level"": 3, ""tag_id"": 2019002001, ""tag_name"": ""电视剧解说""}]",
7627626727761513778,7632786433815694627,2,2026-05-07T16:58:05.622636,3949865037739407,MS4wLjABAAAAH_u6oTaMROaWt4xzpBDFBcBYRhXiN6YhaZg73CX75SDb9K4MsHP8msnb2eR7pYCJ,大千说电影,李知恩、边佑锡爆款剧《21世纪大君夫人》第5-6集完整解说！ 从分手到求婚，这反转太意外了！#21世纪大君夫人 #完整版 #韩剧 #影视解说 #抖音精选,1777147291,1492788,4,9074,97,973,1961,0,"[""https://p3-pc-sign.douyinpic.com/image-cut-tos/2bf567e8231fef5b58d52e3fdccd44fe~tplv-dy-resize-origshort-autoq-75:330.jpeg?lk3s=138a59ce&x-expires=2093500800&x-signature=nAyeMLFgHZSpP1BjCFNRDZBzp8k%3D&from=327834062&s=PackSourceEnum_WEBPC_RELATED_AWEME&se=false&sc=cover&biz_tag=pcweb_cover&l=2026050716581678385BC18C5D1E1CD0F9"", ""https://p9-pc-sign.douyinpic.com/image-cut-tos/2bf567e8231fef5b58d52e3fdccd44fe~tplv-dy-resize-origshort-autoq-75:330.jpeg?lk3s=138a59ce&x-expires=2093500800&x-signature=TUXPr1vgzmRT86gRKGHaP7qpl0Y%3D&from=327834062&s=PackSourceEnum_WEBPC_RELATED_AWEME&se=false&sc=cover&biz_tag=pcweb_cover&l=2026050716581678385BC18C5D1E1CD0F9""]",7632786784333646618,@大千说电影创作的原声,"[{""caption_end"": 24, ""caption_start"": 15, ""end"": 55, ""hashtag_id"": ""7443609778904893476"", ""hashtag_name"": ""21世纪大君夫人"", ""is_commerce"": false, ""start"": 46, ""type"": 1}, {""caption_end"": 29, ""caption_start"": 25, ""end"": 60, ""hashtag_id"": ""1576516700949550"", ""hashtag_name"": ""完整版"", ""is_commerce"": false, ""start"": 56, ""type"": 1}, {""caption_end"": 33, ""caption_start"": 30, ""end"": 64, ""hashtag_id"": ""1565186793875458"", ""hashtag_name"": ""韩剧"", ""is_commerce"": false, ""start"": 61, ""type"": 1}, {""caption_end"": 39, ""caption_start"": 34, ""end"": 70, ""hashtag_id"": ""7419051162252347433"", ""hashtag_name"": ""影视解说"", ""is_commerce"": false, ""start"": 65, ""type"": 1}, {""caption_end"": 45, ""caption_start"": 40, ""end"": 76, ""hashtag_id"": ""1568943621383170"", ""hashtag_name"": ""抖音精选"", ""is_commerce"": false, ""start"": 71, ""type"": 1}]","[{""level"": 1, ""tag_id"": 2019, ""tag_name"": ""影视""}, {""level"": 2, ""tag_id"": 2019002, ""tag_name"": ""影视解说""}, {""level"": 3, ""tag_id"": 2019002002, ""tag_name"": ""电影解说""}]",
7627626727761513778,7630281749666352422,3,2026-05-07T16:58:05.622636,1319068562889263,MS4wLjABAAAAyM-4FcMJEuBi-gdbr0qK0zUuJrTde4KOiyfdyhM1C3PgxVMyycHC93dhx5m7n1bh,冷冷撩电影,李知恩闯下大祸，遭遇开播以来最大的危机《大君夫人》第4集 #李知恩 #新剧来袭 #dou是韩剧安利官 #了不起的精讲团,1776563420,498113,4,3912,56,326,778,0,"[""https://p3-pc-sign.douyinpic.com/image-cut-tos/8aa3279f280a4757d3ba40fbf9d15c7b~tplv-dy-resize-origshort-autoq-75:330.jpeg?lk3s=138a59ce&x-expires=2093500800&x-signature=TsbSqewxqHzy2vNQALpsP2CNdvw%3D&from=327834062&s=PackSourceEnum_WEBPC_RELATED_AWEME&se=false&sc=cover&biz_tag=pcweb_cover&l=2026050716581678385BC18C5D1E1CD0F9"", ""https://p9-pc-sign.douyinpic.com/image-cut-tos/8aa3279f280a4757d3ba40fbf9d15c7b~tplv-dy-resize-origshort-autoq-75:330.jpeg?lk3s=138a59ce&x-expires=2093500800&x-signature=6C%2B46b%2B7Sb1qWq5AFe0VaSYKBBg%3D&from=327834062&s=PackSourceEnum_WEBPC_RELATED_AWEME&se=false&sc=cover&biz_tag=pcweb_cover&l=2026050716581678385BC18C5D1E1CD0F9""]",7630281844889570084,@冷冷撩电影创作的原声,"[{""caption_end"": 4, ""caption_start"": 0, ""end"": 33, ""hashtag_id"": ""1587581276777486"", ""hashtag_name"": ""李知恩"", ""is_commerce"": false, ""start"": 29, ""type"": 1}, {""caption_end"": 10, ""caption_start"": 5, ""end"": 39, ""hashtag_id"": ""1612402101366852"", ""hashtag_name"": ""新剧来袭"", ""is_commerce"": false, ""start"": 34, ""type"": 1}, {""caption_end"": 21, ""caption_start"": 11, ""end"": 50, ""hashtag_id"": ""1717125955172363"", ""hashtag_name"": ""dou是韩剧安利官"", ""is_commerce"": false, ""start"": 40, ""type"": 1}, {""caption_end"": 30, ""caption_start"": 22, ""end"": 59, ""hashtag_id"": ""7519800545998014515"", ""hashtag_name"": ""了不起的精讲团"", ""is_commerce"": false, ""start"": 51, ""type"": 1}]","[{""level"": 1, ""tag_id"": 2021, ""tag_name"": ""明星八卦""}, {""level"": 2, ""tag_id"": 2021002, ""tag_name"": ""明星随拍资讯""}, {""level"": 0, ""tag_id"": 0, ""tag_name"": """"}]",
7627626727761513778,7635393591052946740,4,2026-05-07T16:58:05.622636,3949865037739407,MS4wLjABAAAAH_u6oTaMROaWt4xzpBDFBcBYRhXiN6YhaZg73CX75SDb9K4MsHP8msnb2eR7pYCJ,大千说电影,李知恩、边佑锡爆火韩剧《21世纪大君夫人》7-8集完整解说！ #21世纪大君夫人 #韩剧 #影视解说 #抖音精选,1777754545,1914625,4,4039,100,386,1249,0,"[""https://p9-pc-sign.douyinpic.com/image-cut-tos/12d0a703ff6658969d09cf6a696387f5~tplv-dy-resize-origshort-autoq-75:330.jpeg?lk3s=138a59ce&x-expires=2093500800&x-signature=HQxtDn7NwdLuorKKglwdxCfRClU%3D&from=327834062&s=PackSourceEnum_WEBPC_RELATED_AWEME&se=false&sc=cover&biz_tag=pcweb_cover&l=2026050716581678385BC18C5D1E1CD0F9"", ""https://p3-pc-sign.douyinpic.com/image-cut-tos/12d0a703ff6658969d09cf6a696387f5~tplv-dy-resize-origshort-autoq-75:330.jpeg?lk3s=138a59ce&x-expires=2093500800&x-signature=CWc3Wt5%2F3O2SfSWDRMKDrXBDNC4%3D&from=327834062&s=PackSourceEnum_WEBPC_RELATED_AWEME&se=false&sc=cover&biz_tag=pcweb_cover&l=2026050716581678385BC18C5D1E1CD0F9""]",7635394217036008232,@大千说电影创作的原声,"[{""caption_end"": 9, ""caption_start"": 0, ""end"": 40, ""hashtag_id"": ""7443609778904893476"", ""hashtag_name"": ""21世纪大君夫人"", ""is_commerce"": false, ""start"": 31, ""type"": 1}, {""caption_end"": 13, ""caption_start"": 10, ""end"": 44, ""hashtag_id"": ""1565186793875458"", ""hashtag_name"": ""韩剧"", ""is_commerce"": false, ""start"": 41, ""type"": 1}, {""caption_end"": 19, ""caption_start"": 14, ""end"": 50, ""hashtag_id"": ""7419051162252347433"", ""hashtag_name"": ""影视解说"", ""is_commerce"": false, ""start"": 45, ""type"": 1}, {""caption_end"": 25, ""caption_start"": 20, ""end"": 56, ""hashtag_id"": ""1568943621383170"", ""hashtag_name"": ""抖音精选"", ""is_commerce"": false, ""start"": 51, ""type"": 1}]","[{""level"": 1, ""tag_id"": 2019, ""tag_name"": ""影视""}, {""level"": 2, ""tag_id"": 2019001, ""tag_name"": ""影视剪辑""}, {""level"": 3, ""tag_id"": 2019001001, ""tag_name"": ""电视剧剪辑""}]",
7627626727761513778,7630289079644572979,5,2026-05-07T16:58:05.622636,1319068562889263,MS4wLjABAAAAyM-4FcMJEuBi-gdbr0qK0zUuJrTde4KOiyfdyhM1C3PgxVMyycHC93dhx5m7n1bh,冷冷撩电影,IU李知恩最新爆火作品《21世纪大君夫人》1-4集全解说 #爆火韩剧 #了不起的精讲团 #拯救剧荒 #我的观影报告 #韩剧推荐,1776565123,1508118,4,6905,101,1197,1571,0,"[""https://p3-pc-sign.douyinpic.com/image-cut-tos/e34196ab131766e2135e6bd388bd90f9~tplv-dy-resize-origshort-autoq-75:330.jpeg?lk3s=138a59ce&x-expires=2093500800&x-signature=xaL4QJK%2FsxetHiFQZp7yeOCbFOA%3D&from=327834062&s=PackSourceEnum_WEBPC_RELATED_AWEME&se=false&sc=cover&biz_tag=pcweb_cover&l=2026050716581678385BC18C5D1E1CD0F9"", ""https://p9-pc-sign.douyinpic.com/image-cut-tos/e34196ab131766e2135e6bd388bd90f9~tplv-dy-resize-origshort-autoq-75:330.jpeg?lk3s=138a59ce&x-expires=2093500800&x-signature=onPOKdixIOlNnwXcZgZ37WMRubA%3D&from=327834062&s=PackSourceEnum_WEBPC_RELATED_AWEME&se=false&sc=cover&biz_tag=pcweb_cover&l=2026050716581678385BC18C5D1E1CD0F9""]",7630289557334068006,@冷冷撩电影创作的原声,"[{""caption_end"": 5, ""caption_start"": 0, ""end"": 34, ""hashtag_id"": ""1697713604534279"", ""hashtag_name"": ""爆火韩剧"", ""is_commerce"": false, ""start"": 29, ""type"": 1}, {""caption_end"": 14, ""caption_start"": 6, ""end"": 43, ""hashtag_id"": ""7519800545998014515"", ""hashtag_name"": ""了不起的精讲团"", ""is_commerce"": false, ""start"": 35, ""type"": 1}, {""caption_end"": 20, ""caption_start"": 15, ""end"": 49, ""hashtag_id"": ""1616438283232263"", ""hashtag_name"": ""拯救剧荒"", ""is_commerce"": false, ""start"": 44, ""type"": 1}, {""caption_end"": 28, ""caption_start"": 21, ""end"": 57, ""hashtag_id"": ""1640007327696910"", ""hashtag_name"": ""我的观影报告"", ""is_commerce"": false, ""start"": 50, ""type"": 1}, {""caption_end"": 34, ""caption_start"": 29, ""end"": 63, ""hashtag_id"": ""1591711534215176"", ""hashtag_name"": ""韩剧推荐"", ""is_commerce"": false, ""start"": 58, ""type"": 1}]","[{""level"": 1, ""tag_id"": 2019, ""tag_name"": ""影视""}, {""level"": 2, ""tag_id"": 2019001, ""tag_name"": ""影视剪辑""}, {""level"": 3, ""tag_id"": 2019001001, ""tag_name"": ""电视剧剪辑""}]",
7627626727761513778,7630121746611457318,6,2026-05-07T16:58:05.622636,2707413008389289,MS4wLjABAAAABCrJ8gB0qcae-LJZvnRcRadthGplgwuesuviXMQAushrJwuj3j5zPlMRBAX3Mbc5,韩剧喵,《21世纪大君夫人》第四集4-4 #iu#21世纪大君夫人#边佑锡#韩剧推荐#韩剧,1776526170,835456,4,4912,76,660,2043,0,"[""https://p3-pc-sign.douyinpic.com/image-cut-tos/3360b8dd420112fc59069874f0989be8~tplv-dy-resize-origshort-autoq-75:330.jpeg?lk3s=138a59ce&x-expires=2093500800&x-signature=9lEm%2BMQKWbk6eLQEE%2B4TVyfhV14%3D&from=327834062&s=PackSourceEnum_WEBPC_RELATED_AWEME&se=false&sc=cover&biz_tag=pcweb_cover&l=2026050716581678385BC18C5D1E1CD0F9"", ""https://p9-pc-sign.douyinpic.com/image-cut-tos/3360b8dd420112fc59069874f0989be8~tplv-dy-resize-origshort-autoq-75:330.jpeg?lk3s=138a59ce&x-expires=2093500800&x-signature=f7RlfxAxg96PrB%2B9yxry7oA7jTI%3D&from=327834062&s=PackSourceEnum_WEBPC_RELATED_AWEME&se=false&sc=cover&biz_tag=pcweb_cover&l=2026050716581678385BC18C5D1E1CD0F9""]",7630121988249389843,@韩剧喵创作的原声,"[{""caption_end"": 3, ""caption_start"": 0, ""end"": 20, ""hashtag_id"": ""1622025730707469"", ""hashtag_name"": ""iu"", ""is_commerce"": false, ""start"": 17, ""type"": 1}, {""caption_end"": 12, ""caption_start"": 3, ""end"": 29, ""hashtag_id"": ""7443609778904893476"", ""hashtag_name"": ""21世纪大君夫人"", ""is_commerce"": false, ""start"": 20, ""type"": 1}, {""caption_end"": 16, ""caption_start"": 12, ""end"": 33, ""hashtag_id"": ""1672254031905806"", ""hashtag_name"": ""边佑锡"", ""is_commerce"": false, ""start"": 29, ""type"": 1}, {""caption_end"": 21, ""caption_start"": 16, ""end"": 38, ""hashtag_id"": ""1767587363419144"", ""hashtag_name"": ""韩剧推荐"", ""is_commerce"": false, ""start"": 33, ""type"": 1}, {""caption_end"": 24, ""caption_start"": 21, ""end"": 41, ""hashtag_id"": ""1565186793875458"", ""hashtag_name"": ""韩剧"", ""is_commerce"": false, ""start"": 38, ""type"": 1}]","[{""level"": 1, ""tag_id"": 2019, ""tag_name"": ""影视""}, {""level"": 2, ""tag_id"": 2019001, ""tag_name"": ""影视剪辑""}, {""level"": 3, ""tag_id"": 2019001001, ""tag_name"": ""电视剧剪辑""}]",
7627626727761513778,7633393742040337716,7,2026-05-07T16:58:05.622636,2473231010771179,MS4wLjABAAAAdsxGz0HbmGSC3gK5zjh9IIlYi_HC8x_3gBgXmgAyZjCwRZY4xwrSpqwRTaoIpHrK,阿影的放映小窝,《21世纪大君夫人》：可以的话，让她赢吧！ #iu #边佑锡 #21世纪大君夫人 #韩剧 #剧情解析,1777287990,755208,4,25369,158,2477,1607,0,"[""https://p3-pc-sign.douyinpic.com/image-cut-tos-priv/909cdc94bc1d1c7ff8abcc68b3eb4cdd~tplv-dy-resize-origshort-autoq-75:330.jpeg?lk3s=138a59ce&x-expires=2093500800&x-signature=YpcEr5eW8b2se3XY8NbiqKnXVm0%3D&from=327834062&s=PackSourceEnum_WEBPC_RELATED_AWEME&se=false&sc=cover&biz_tag=pcweb_cover&l=2026050716581678385BC18C5D1E1CD0F9"", ""https://p9-pc-sign.douyinpic.com/image-cut-tos-priv/909cdc94bc1d1c7ff8abcc68b3eb4cdd~tplv-dy-resize-origshort-autoq-75:330.jpeg?lk3s=138a59ce&x-expires=2093500800&x-signature=Rw%2BIqyvu0ydzUrcCUj6AR9IJKyQ%3D&from=327834062&s=PackSourceEnum_WEBPC_RELATED_AWEME&se=false&sc=cover&biz_tag=pcweb_cover&l=2026050716581678385BC18C5D1E1CD0F9""]",7633393961712814891,@阿影的放映小窝创作的原声,"[{""caption_end"": 3, ""caption_start"": 0, ""end"": 25, ""hashtag_id"": ""1622025730707469"", ""hashtag_name"": ""iu"", ""is_commerce"": false, ""start"": 22, ""type"": 1}, {""caption_end"": 8, ""caption_start"": 4, ""end"": 30, ""hashtag_id"": ""1672254031905806"", ""hashtag_name"": ""边佑锡"", ""is_commerce"": false, ""start"": 26, ""type"": 1}, {""caption_end"": 18, ""caption_start"": 9, ""end"": 40, ""hashtag_id"": ""7443609778904893476"", ""hashtag_name"": ""21世纪大君夫人"", ""is_commerce"": false, ""start"": 31, ""type"": 1}, {""caption_end"": 22, ""caption_start"": 19, ""end"": 44, ""hashtag_id"": ""1565186793875458"", ""hashtag_name"": ""韩剧"", ""is_commerce"": false, ""start"": 41, ""type"": 1}, {""caption_end"": 28, ""caption_start"": 23, ""end"": 50, ""hashtag_id"": ""1664006840282126"", ""hashtag_name"": ""剧情解析"", ""is_commerce"": false, ""start"": 45, ""type"": 1}]","[{""level"": 1, ""tag_id"": 2019, ""tag_name"": ""影视""}, {""level"": 2, ""tag_id"": 2019001, ""tag_name"": ""影视剪辑""}, {""level"": 3, ""tag_id"": 2019001001, ""tag_name"": ""电视剧剪辑""}]",
7627626727761513778,7627746918763924786,8,2026-05-07T16:58:05.622636,96409730425,MS4wLjABAAAASckMrxspkeUVs8_dlLuqJOb4c4imyGJ7KxJqA-nehHc,米姐说影,一口气看完IU最新爆火韩剧《21世纪大君夫人》第一、二集完整版#IU  #iu李知恩  #21世纪大君夫人  #边佑锡,1775973230,1018522,4,1118,17,212,356,0,"[""https://p3-pc-sign.douyinpic.com/image-cut-tos/e3eeafcae70a3b0f050e56cee83291fe~tplv-dy-resize-origshort-autoq-75:330.jpeg?lk3s=138a59ce&x-expires=2093500800&x-signature=p4gHHXZsSxwCPmmoxrysYGu59aY%3D&from=327834062&s=PackSourceEnum_WEBPC_RELATED_AWEME&se=false&sc=cover&biz_tag=pcweb_cover&l=2026050716581678385BC18C5D1E1CD0F9"", ""https://p9-pc-sign.douyinpic.com/image-cut-tos/e3eeafcae70a3b0f050e56cee83291fe~tplv-dy-resize-origshort-autoq-75:330.jpeg?lk3s=138a59ce&x-expires=2093500800&x-signature=r9avOqSgjjYLVRX0nL%2FbNedai6o%3D&from=327834062&s=PackSourceEnum_WEBPC_RELATED_AWEME&se=false&sc=cover&biz_tag=pcweb_cover&l=2026050716581678385BC18C5D1E1CD0F9""]",7627747198595320603,@米姐说影创作的原声,"[{""caption_end"": 34, ""caption_start"": 31, ""end"": 34, ""hashtag_id"": ""1622025730707469"", ""hashtag_name"": ""IU"", ""is_commerce"": false, ""start"": 31, ""type"": 1}, {""caption_end"": 42, ""caption_start"": 36, ""end"": 42, ""hashtag_id"": ""1581708501051405"", ""hashtag_name"": ""iu李知恩"", ""is_commerce"": false, ""start"": 36, ""type"": 1}, {""caption_end"": 53, ""caption_start"": 44, ""end"": 53, ""hashtag_id"": ""7443609778904893476"", ""hashtag_name"": ""21世纪大君夫人"", ""is_commerce"": false, ""start"": 44, ""type"": 1}, {""caption_end"": 59, ""caption_start"": 55, ""end"": 59, ""hashtag_id"": ""1672254031905806"", ""hashtag_name"": ""边佑锡"", ""is_commerce"": false, ""start"": 55, ""type"": 1}]","[{""level"": 1, ""tag_id"": 2019, ""tag_name"": ""影视""}, {""level"": 2, ""tag_id"": 2019001, ""tag_name"": ""影视剪辑""}, {""level"": 3, ""tag_id"": 2019001001, ""tag_name"": ""电视剧剪辑""}]",
7627626727761513778,7630160154251611432,9,2026-05-07T16:58:05.622636,3949865037739407,MS4wLjABAAAAH_u6oTaMROaWt4xzpBDFBcBYRhXiN6YhaZg73CX75SDb9K4MsHP8msnb2eR7pYCJ,大千说电影,李知恩、边佑锡爆款韩剧《21世纪大君夫人》最新剧情来了！ 两人当众接吻竟然是演戏，而目的只有他们自己知道#韩剧 #李知恩 #影视解说 #抖音精选 #21世纪大君夫人,1776535897,609943,4,17594,233,1829,3684,0,"[""https://p3-pc-sign.douyinpic.com/image-cut-tos/43ff2b48937b57a17f59323220ba04b9~tplv-dy-resize-origshort-autoq-75:330.jpeg?lk3s=138a59ce&x-expires=2093500800&x-signature=5W4MkK7cWKP%2FvxobANyWXcQuwaE%3D&from=327834062&s=PackSourceEnum_WEBPC_RELATED_AWEME&se=false&sc=cover&biz_tag=pcweb_cover&l=2026050716581678385BC18C5D1E1CD0F9"", ""https://p9-pc-sign.douyinpic.com/image-cut-tos/43ff2b48937b57a17f59323220ba04b9~tplv-dy-resize-origshort-autoq-75:330.jpeg?lk3s=138a59ce&x-expires=2093500800&x-signature=q4ZTajN2k91xtbKpkUsYk3etfwo%3D&from=327834062&s=PackSourceEnum_WEBPC_RELATED_AWEME&se=false&sc=cover&biz_tag=pcweb_cover&l=2026050716581678385BC18C5D1E1CD0F9""]",7630160099218049835,@大千说电影创作的原声,"[{""caption_end"": 26, ""caption_start"": 23, ""end"": 55, ""hashtag_id"": ""1565186793875458"", ""hashtag_name"": ""韩剧"", ""is_commerce"": false, ""start"": 52, ""type"": 1}, {""caption_end"": 31, ""caption_start"": 27, ""end"": 60, ""hashtag_id"": ""1587581276777486"", ""hashtag_name"": ""李知恩"", ""is_commerce"": false, ""start"": 56, ""type"": 1}, {""caption_end"": 37, ""caption_start"": 32, ""end"": 66, ""hashtag_id"": ""7419051162252347433"", ""hashtag_name"": ""影视解说"", ""is_commerce"": false, ""start"": 61, ""type"": 1}, {""caption_end"": 43, ""caption_start"": 38, ""end"": 72, ""hashtag_id"": ""1568943621383170"", ""hashtag_name"": ""抖音精选"", ""is_commerce"": false, ""start"": 67, ""type"": 1}, {""caption_end"": 53, ""caption_start"": 44, ""end"": 82, ""hashtag_id"": ""7443609778904893476"", ""hashtag_name"": ""21世纪大君夫人"", ""is_commerce"": false, ""start"": 73, ""type"": 1}]","[{""level"": 1, ""tag_id"": 2019, ""tag_name"": ""影视""}, {""level"": 2, ""tag_id"": 2019002, ""tag_name"": ""影视解说""}, {""level"": 3, ""tag_id"": 2019002001, ""tag_name"": ""电视剧解说""}]",
7627693001658504421,7617782342812730554,0,2026-05-07T16:58:14.602701,7413593552401204283,MS4wLjABAAAA6ScvQfQbOH9lhT7QRzh9BUP5skdNJT1cvbrIz8tjPpn9-O-NPg50fcyfVTWd2BFL,李逵逵,李哒哒已急哭！ #第五人格 #第五人格小女孩 #游戏破壁计划 #聊聊打游戏的破防时刻,1773653167,169714,4,23436,220,822,822,0,"[""https://p3-pc-sign.douyinpic.com/image-cut-tos/efde342fc11906f01339e2d809478e88~tplv-dy-resize-origshort-autoq-75:330.jpeg?lk3s=138a59ce&x-expires=2093500800&x-signature=Z1%2B9azPjsCzGb%2BCmrmX9bjbHKKc%3D&from=327834062&s=PackSourceEnum_WEBPC_RELATED_AWEME&se=false&sc=cover&biz_tag=pcweb_cover&l=2026050716582524647C620279B02802A3"", ""https://p9-pc-sign.douyinpic.com/image-cut-tos/efde342fc11906f01339e2d809478e88~tplv-dy-resize-origshort-autoq-75:330.jpeg?lk3s=138a59ce&x-expires=2093500800&x-signature=7rs9JIA6264V3tlpQmOZRbOfaC4%3D&from=327834062&s=PackSourceEnum_WEBPC_RELATED_AWEME&se=false&sc=cover&biz_tag=pcweb_cover&l=2026050716582524647C620279B02802A3""]",7617782284615273231,@李逵逵创作的原声,"[{""caption_end"": 5, ""caption_start"": 0, ""end"": 13, ""hashtag_id"": ""1600720944658436"", ""hashtag_name"": ""第五人格"", ""is_commerce"": false, ""start"": 8, ""type"": 1}, {""caption_end"": 14, ""caption_start"": 6, ""end"": 22, ""hashtag_id"": ""1611133039726611"", ""hashtag_name"": ""第五人格小女孩"", ""is_commerce"": false, ""start"": 14, ""type"": 1}, {""caption_end"": 22, ""caption_start"": 15, ""end"": 30, ""hashtag_id"": ""7585516543162484763"", ""hashtag_name"": ""游戏破壁计划"", ""is_commerce"": false, ""start"": 23, ""type"": 1}, {""caption_end"": 34, ""caption_start"": 23, ""end"": 42, ""hashtag_id"": ""7610946657953253419"", ""hashtag_name"": ""聊聊打游戏的破防时刻"", ""is_commerce"": false, ""start"": 31, ""type"": 1}]","[{""level"": 1, ""tag_id"": 2015, ""tag_name"": ""游戏""}, {""level"": 2, ""tag_id"": 2015003, ""tag_name"": ""角色扮演""}, {""level"": 0, ""tag_id"": 0, ""tag_name"": """"}]",
7627693001658504421,7615581459621860517,1,2026-05-07T16:58:14.602701,4493036702140976,MS4wLjABAAAAD8wYDVUzz9DdByaAcph_ZLgDoJTHfvQbYldZL66I0Mz_ghKhExGdjUrF-nf2zUbN,颠颠（第五人格）,今天是甜妹咕咚单挑夫人 #第五人格  #第五人格五骥映春 #新年依然伴五同行 #游戏破壁计划,1773140734,175567,4,28754,159,649,1762,0,"[""https://p3-pc-sign.douyinpic.com/image-cut-tos/ea87778e2c3253e4e90e83c0f3b548e7~tplv-dy-resize-origshort-autoq-75:330.jpeg?lk3s=138a59ce&x-expires=2093500800&x-signature=lTWmvY5z9tYC0Pn6PlhtXAjGv34%3D&from=327834062&s=PackSourceEnum_WEBPC_RELATED_AWEME&se=false&sc=cover&biz_tag=pcweb_cover&l=2026050716582524647C620279B02802A3"", ""https://p9-pc-sign.douyinpic.com/image-cut-tos/ea87778e2c3253e4e90e83c0f3b548e7~tplv-dy-resize-origshort-autoq-75:330.jpeg?lk3s=138a59ce&x-expires=2093500800&x-signature=dJwkYQHynwVsRAgUDkNp%2FL4q7Qw%3D&from=327834062&s=PackSourceEnum_WEBPC_RELATED_AWEME&se=false&sc=cover&biz_tag=pcweb_cover&l=2026050716582524647C620279B02802A3""]",7615581479313869609,@颠颠（第五人格）创作的原声,"[{""caption_end"": 5, ""caption_start"": 0, ""end"": 17, ""hashtag_id"": ""1600720944658436"", ""hashtag_name"": ""第五人格"", ""is_commerce"": false, ""start"": 12, ""type"": 1}, {""caption_end"": 16, ""caption_start"": 7, ""end"": 28, ""hashtag_id"": ""7578483057498277930"", ""hashtag_name"": ""第五人格五骥映春"", ""is_commerce"": false, ""start"": 19, ""type"": 1}, {""caption_end"": 26, ""caption_start"": 17, ""end"": 38, ""hashtag_id"": ""7594454178752923658"", ""hashtag_name"": ""新年依然伴五同行"", ""is_commerce"": false, ""start"": 29, ""type"": 1}, {""caption_end"": 34, ""caption_start"": 27, ""end"": 46, ""hashtag_id"": ""7585516543162484763"", ""hashtag_name"": ""游戏破壁计划"", ""is_commerce"": false, ""start"": 39, ""type"": 1}]","[{""level"": 1, ""tag_id"": 2015, ""tag_name"": ""游戏""}, {""level"": 2, ""tag_id"": 2015003, ""tag_name"": ""角色扮演""}, {""level"": 0, ""tag_id"": 0, ""tag_name"": """"}]",
7627693001658504421,7608954775664692531,2,2026-05-07T16:58:14.602701,54706689734,MS4wLjABAAAACLV5qYRkcjB08EdbiP3CHlxAxSYc1JYtm7ZToLOcRAI,木子喵喵酱,求生猜错监管？红夫人carry全场！ #第五人格 #第五人格五骥映春 #游戏破壁计划 #第五人格斗牛士,1771598680,570834,4,145846,606,4240,5590,0,"[""https://p3-pc-sign.douyinpic.com/image-cut-tos/0551909546a2a37e9380b15657e6c630~tplv-dy-resize-origshort-autoq-75:330.jpeg?lk3s=138a59ce&x-expires=2093500800&x-signature=wgb78IUDu9eoBHhnud6V6dkccAs%3D&from=327834062&s=PackSourceEnum_WEBPC_RELATED_AWEME&se=false&sc=cover&biz_tag=pcweb_cover&l=2026050716582524647C620279B02802A3"", ""https://p9-pc-sign.douyinpic.com/image-cut-tos/0551909546a2a37e9380b15657e6c630~tplv-dy-resize-origshort-autoq-75:330.jpeg?lk3s=138a59ce&x-expires=2093500800&x-signature=zzv%2BrT1c6kh6BSr9MxrlJUFJL3Y%3D&from=327834062&s=PackSourceEnum_WEBPC_RELATED_AWEME&se=false&sc=cover&biz_tag=pcweb_cover&l=2026050716582524647C620279B02802A3""]",7608955653004380955,@木子喵喵酱创作的原声,"[{""caption_end"": 5, ""caption_start"": 0, ""end"": 24, ""hashtag_id"": ""1600720944658436"", ""hashtag_name"": ""第五人格"", ""is_commerce"": false, ""start"": 19, ""type"": 1}, {""caption_end"": 15, ""caption_start"": 6, ""end"": 34, ""hashtag_id"": ""7578483057498277930"", ""hashtag_name"": ""第五人格五骥映春"", ""is_commerce"": false, ""start"": 25, ""type"": 1}, {""caption_end"": 23, ""caption_start"": 16, ""end"": 42, ""hashtag_id"": ""7585516543162484763"", ""hashtag_name"": ""游戏破壁计划"", ""is_commerce"": false, ""start"": 35, ""type"": 1}, {""caption_end"": 32, ""caption_start"": 24, ""end"": 51, ""hashtag_id"": ""7585514422823553030"", ""hashtag_name"": ""第五人格斗牛士"", ""is_commerce"": false, ""start"": 43, ""type"": 1}]","[{""level"": 1, ""tag_id"": 2015, ""tag_name"": ""游戏""}, {""level"": 2, ""tag_id"": 2015003, ""tag_name"": ""角色扮演""}, {""level"": 0, ""tag_id"": 0, ""tag_name"": """"}]",
7627693001658504421,7618542999362053553,3,2026-05-07T16:58:14.602701,7413593552401204283,MS4wLjABAAAA6ScvQfQbOH9lhT7QRzh9BUP5skdNJT1cvbrIz8tjPpn9-O-NPg50fcyfVTWd2BFL,李逵逵,队友你咋了。。。 #第五人格 #聊聊打游戏的破防时刻 #第五人格小女孩 #游戏破壁计划,1773830270,231641,4,34684,359,1371,1330,0,"[""https://p3-pc-sign.douyinpic.com/image-cut-tos/738e68dfd27cde88367c5c95417c7b7c~tplv-dy-resize-origshort-autoq-75:330.jpeg?lk3s=138a59ce&x-expires=2093500800&x-signature=qff2U0DmumiaSV3YiRHfBQN6qLA%3D&from=327834062&s=PackSourceEnum_WEBPC_RELATED_AWEME&se=false&sc=cover&biz_tag=pcweb_cover&l=2026050716582524647C620279B02802A3"", ""https://p9-pc-sign.douyinpic.com/image-cut-tos/738e68dfd27cde88367c5c95417c7b7c~tplv-dy-resize-origshort-autoq-75:330.jpeg?lk3s=138a59ce&x-expires=2093500800&x-signature=vlrYi09Rp%2FMrsgbG%2BJVpGMo6tn8%3D&from=327834062&s=PackSourceEnum_WEBPC_RELATED_AWEME&se=false&sc=cover&biz_tag=pcweb_cover&l=2026050716582524647C620279B02802A3""]",7618542988003658532,@李逵逵创作的原声,"[{""caption_end"": 5, ""caption_start"": 0, ""end"": 14, ""hashtag_id"": ""1600720944658436"", ""hashtag_name"": ""第五人格"", ""is_commerce"": false, ""start"": 9, ""type"": 1}, {""caption_end"": 17, ""caption_start"": 6, ""end"": 26, ""hashtag_id"": ""7610946657953253419"", ""hashtag_name"": ""聊聊打游戏的破防时刻"", ""is_commerce"": false, ""start"": 15, ""type"": 1}, {""caption_end"": 26, ""caption_start"": 18, ""end"": 35, ""hashtag_id"": ""1611133039726611"", ""hashtag_name"": ""第五人格小女孩"", ""is_commerce"": false, ""start"": 27, ""type"": 1}, {""caption_end"": 34, ""caption_start"": 27, ""end"": 43, ""hashtag_id"": ""7585516543162484763"", ""hashtag_name"": ""游戏破壁计划"", ""is_commerce"": false, ""start"": 36, ""type"": 1}]","[{""level"": 1, ""tag_id"": 2015, ""tag_name"": ""游戏""}, {""level"": 2, ""tag_id"": 2015003, ""tag_name"": ""角色扮演""}, {""level"": 0, ""tag_id"": 0, ""tag_name"": """"}]",
7627693001658504421,7620389706581291173,4,2026-05-07T16:58:14.602701,7413593552401204283,MS4wLjABAAAA6ScvQfQbOH9lhT7QRzh9BUP5skdNJT1cvbrIz8tjPpn9-O-NPg50fcyfVTWd2BFL,李逵逵,我再也不要队友来接了！（bushi #第五人格 #春眠不觉晓第五玩到老 #一句话证明你玩什么游戏 #游戏破壁计划,1774260241,115379,4,31952,199,1059,928,0,"[""https://p3-pc-sign.douyinpic.com/image-cut-tos/1b2597a548b36f1777bc2b6e938fd508~tplv-dy-resize-origshort-autoq-75:330.jpeg?lk3s=138a59ce&x-expires=2093500800&x-signature=qDptaiwR2v6bdfUqLWudK7HqFqM%3D&from=327834062&s=PackSourceEnum_WEBPC_RELATED_AWEME&se=false&sc=cover&biz_tag=pcweb_cover&l=2026050716582524647C620279B02802A3"", ""https://p9-pc-sign.douyinpic.com/image-cut-tos/1b2597a548b36f1777bc2b6e938fd508~tplv-dy-resize-origshort-autoq-75:330.jpeg?lk3s=138a59ce&x-expires=2093500800&x-signature=7ovc%2Fqyt5oIw50umUiU%2FPVL1bMI%3D&from=327834062&s=PackSourceEnum_WEBPC_RELATED_AWEME&se=false&sc=cover&biz_tag=pcweb_cover&l=2026050716582524647C620279B02802A3""]",7620389620581944104,@李逵逵创作的原声,"[{""caption_end"": 5, ""caption_start"": 0, ""end"": 23, ""hashtag_id"": ""1600720944658436"", ""hashtag_name"": ""第五人格"", ""is_commerce"": false, ""start"": 18, ""type"": 1}, {""caption_end"": 17, ""caption_start"": 6, ""end"": 35, ""hashtag_id"": ""7618783090488150068"", ""hashtag_name"": ""春眠不觉晓第五玩到老"", ""is_commerce"": false, ""start"": 24, ""type"": 1}, {""caption_end"": 30, ""caption_start"": 18, ""end"": 48, ""hashtag_id"": ""1788951405201476"", ""hashtag_name"": ""一句话证明你玩什么游戏"", ""is_commerce"": false, ""start"": 36, ""type"": 1}, {""caption_end"": 38, ""caption_start"": 31, ""end"": 56, ""hashtag_id"": ""7585516543162484763"", ""hashtag_name"": ""游戏破壁计划"", ""is_commerce"": false, ""start"": 49, ""type"": 1}]","[{""level"": 1, ""tag_id"": 2015, ""tag_name"": ""游戏""}, {""level"": 2, ""tag_id"": 2015003, ""tag_name"": ""角色扮演""}, {""level"": 0, ""tag_id"": 0, ""tag_name"": """"}]",
7627693001658504421,7604440692009845839,5,2026-05-07T16:58:14.602701,1725572461365929,MS4wLjABAAAAAFDG3ghcXvY_RUDE5_jOd_rAGsjsOyJC98wPSMPxzweNU4wtQiw2u6TTwimIRNNN,已被高岭毕业,呃 又被看穿了 找到原视频了#枯木龙吟 #第五人格 #枯阅,1770546827,628843,4,49706,827,25207,7496,0,"[""https://p3-pc-sign.douyinpic.com/image-cut-tos/384ff02991a95fde231cea4fc50d7add~tplv-dy-resize-origshort-autoq-75:330.jpeg?lk3s=138a59ce&x-expires=2093500800&x-signature=quj9JL79GJfgTMBQH66MMCv9hc8%3D&from=327834062&s=PackSourceEnum_WEBPC_RELATED_AWEME&se=false&sc=cover&biz_tag=pcweb_cover&l=2026050716582524647C620279B02802A3"", ""https://p9-pc-sign.douyinpic.com/image-cut-tos/384ff02991a95fde231cea4fc50d7add~tplv-dy-resize-origshort-autoq-75:330.jpeg?lk3s=138a59ce&x-expires=2093500800&x-signature=ocoHb0pacgRNkqm1IgKA%2BraSsC4%3D&from=327834062&s=PackSourceEnum_WEBPC_RELATED_AWEME&se=false&sc=cover&biz_tag=pcweb_cover&l=2026050716582524647C620279B02802A3""]",7604440676465462022,@已被高岭毕业创作的原声,"[{""caption_end"": 19, ""caption_start"": 14, ""end"": 19, ""hashtag_id"": ""1646919719515150"", ""hashtag_name"": ""枯木龙吟"", ""is_commerce"": false, ""start"": 14, ""type"": 1}, {""caption_end"": 25, ""caption_start"": 20, ""end"": 25, ""hashtag_id"": ""1600720944658436"", ""hashtag_name"": ""第五人格"", ""is_commerce"": false, ""start"": 20, ""type"": 1}, {""caption_end"": 29, ""caption_start"": 26, ""end"": 29, ""hashtag_id"": ""7435930546502371364"", ""hashtag_name"": ""枯阅"", ""is_commerce"": false, ""start"": 26, ""type"": 1}]","[{""level"": 1, ""tag_id"": 2015, ""tag_name"": ""游戏""}, {""level"": 2, ""tag_id"": 2015003, ""tag_name"": ""角色扮演""}, {""level"": 0, ""tag_id"": 0, ""tag_name"": """"}]",
7627693001658504421,7611502742343635562,6,2026-05-07T16:58:14.602701,4147826363742375,MS4wLjABAAAAWa1o946sNTeubrPyz5v4HEyL9zB73IHd2Sfd_Z4qdu2ELg-iOb5HEMS1t6qrKKjP,🍔妖妖～,我是文案#娱乐 #第五人格 #第五人格五骥映春 @DOU+小助手,1772191083,96934,4,68710,412,2853,5925,0,"[""https://p3-pc-sign.douyinpic.com/image-cut-tos/cead250246da31c3b3f90bd253e6d59c~tplv-dy-resize-origshort-autoq-75:330.jpeg?lk3s=138a59ce&x-expires=2093500800&x-signature=Wx2PWwok%2F4gQV0tlvXxnNbwpOAw%3D&from=327834062&s=PackSourceEnum_WEBPC_RELATED_AWEME&se=false&sc=cover&biz_tag=pcweb_cover&l=2026050716582524647C620279B02802A3"", ""https://p9-pc-sign.douyinpic.com/image-cut-tos/cead250246da31c3b3f90bd253e6d59c~tplv-dy-resize-origshort-autoq-75:330.jpeg?lk3s=138a59ce&x-expires=2093500800&x-signature=1JChpXj%2Fn8w3Zq4sdf%2F2lcuPnKQ%3D&from=327834062&s=PackSourceEnum_WEBPC_RELATED_AWEME&se=false&sc=cover&biz_tag=pcweb_cover&l=2026050716582524647C620279B02802A3""]",7611502718137666314,@🍔妖妖～创作的原声,"[{""caption_end"": 7, ""caption_start"": 4, ""end"": 7, ""hashtag_id"": ""7419044653233604627"", ""hashtag_name"": ""娱乐"", ""is_commerce"": false, ""start"": 4, ""type"": 1}, {""caption_end"": 13, ""caption_start"": 8, ""end"": 13, ""hashtag_id"": ""1600720944658436"", ""hashtag_name"": ""第五人格"", ""is_commerce"": false, ""start"": 8, ""type"": 1}, {""caption_end"": 23, ""caption_start"": 14, ""end"": 23, ""hashtag_id"": ""7578483057498277930"", ""hashtag_name"": ""第五人格五骥映春"", ""is_commerce"": false, ""start"": 14, ""type"": 1}, {""caption_end"": 32, ""caption_start"": 24, ""end"": 32, ""sec_uid"": ""MS4wLjABAAAAfLsItSD2WiJrsji1g_iZv-it6W2CcvBFkdUwMjTeSD4"", ""start"": 24, ""type"": 0, ""user_id"": ""70258503077""}]","[{""level"": 1, ""tag_id"": 2015, ""tag_name"": ""游戏""}, {""level"": 2, ""tag_id"": 2015003, ""tag_name"": ""角色扮演""}, {""level"": 0, ""tag_id"": 0, ""tag_name"": """"}]",
7627693001658504421,7615208612445536169,7,2026-05-07T16:58:14.602701,4457883262519100,MS4wLjABAAAARgrpL0UdKytk34q7tD6NMBjEyserigD8Mwhjx1u7CeF_li8_8HC2Lq_of4wrglCQ,努努（第五人格）,红蝶！！到！ #第五人格 #第五人格五骥映春 #第五人格小女孩,1773053923,124834,4,128289,742,8424,8199,0,"[""https://p3-pc-sign.douyinpic.com/image-cut-tos/40bac1d8899ab6a62dca3fa7b1814943~tplv-dy-resize-origshort-autoq-75:330.jpeg?lk3s=138a59ce&x-expires=2093500800&x-signature=ZaOYCkWE4lP7%2FxavGgzZApsv70E%3D&from=327834062&s=PackSourceEnum_WEBPC_RELATED_AWEME&se=false&sc=cover&biz_tag=pcweb_cover&l=2026050716582524647C620279B02802A3"", ""https://p9-pc-sign.douyinpic.com/image-cut-tos/40bac1d8899ab6a62dca3fa7b1814943~tplv-dy-resize-origshort-autoq-75:330.jpeg?lk3s=138a59ce&x-expires=2093500800&x-signature=jtAFUMGgf6lSdV57Rczut9S9uhs%3D&from=327834062&s=PackSourceEnum_WEBPC_RELATED_AWEME&se=false&sc=cover&biz_tag=pcweb_cover&l=2026050716582524647C620279B02802A3""]",7615208563510053668,@努努（第五人格）创作的原声,"[{""caption_end"": 5, ""caption_start"": 0, ""end"": 12, ""hashtag_id"": ""1600720944658436"", ""hashtag_name"": ""第五人格"", ""is_commerce"": false, ""start"": 7, ""type"": 1}, {""caption_end"": 15, ""caption_start"": 6, ""end"": 22, ""hashtag_id"": ""7578483057498277930"", ""hashtag_name"": ""第五人格五骥映春"", ""is_commerce"": false, ""start"": 13, ""type"": 1}, {""caption_end"": 24, ""caption_start"": 16, ""end"": 31, ""hashtag_id"": ""1611133039726611"", ""hashtag_name"": ""第五人格小女孩"", ""is_commerce"": false, ""start"": 23, ""type"": 1}]","[{""level"": 1, ""tag_id"": 2015, ""tag_name"": ""游戏""}, {""level"": 2, ""tag_id"": 2015003, ""tag_name"": ""角色扮演""}, {""level"": 0, ""tag_id"": 0, ""tag_name"": """"}]",
7627693001658504421,7635457584271292371,8,2026-05-07T16:58:14.602701,3211017083425284,MS4wLjABAAAA18zeEmPPg-1UacRK7gho6MSgDLLZtNBiEHC9B7bvhGJX82bLpQ6ptSZGn2o6DkaP,凛OvO,【园医咒舞】全局辅助！感受一下，医舞体系的完美配合～#第五人格 #第五人格八周年 #你也玩第五人格吗 #宁芙奖请投舞女,1777768505,389834,4,20429,331,1150,1233,0,"[""https://p3-pc-sign.douyinpic.com/image-cut-tos/4ae8685f2493b29bc6108bbce5654112~tplv-dy-resize-origshort-autoq-75:330.jpeg?lk3s=138a59ce&x-expires=2093500800&x-signature=VGIMi2upLyolmbV30Qh1t79PuTI%3D&from=327834062&s=PackSourceEnum_WEBPC_RELATED_AWEME&se=false&sc=cover&biz_tag=pcweb_cover&l=2026050716582524647C620279B02802A3"", ""https://p9-pc-sign.douyinpic.com/image-cut-tos/4ae8685f2493b29bc6108bbce5654112~tplv-dy-resize-origshort-autoq-75:330.jpeg?lk3s=138a59ce&x-expires=2093500800&x-signature=Fkb0KcAfRP1osmp7XNAFi820sLM%3D&from=327834062&s=PackSourceEnum_WEBPC_RELATED_AWEME&se=false&sc=cover&biz_tag=pcweb_cover&l=2026050716582524647C620279B02802A3""]",7635457629263088410,@凛OvO创作的原声,"[{""caption_end"": 31, ""caption_start"": 26, ""end"": 31, ""hashtag_id"": ""1600720944658436"", ""hashtag_name"": ""第五人格"", ""is_commerce"": false, ""start"": 26, ""type"": 1}, {""caption_end"": 40, ""caption_start"": 32, ""end"": 40, ""hashtag_id"": ""7356137155939043343"", ""hashtag_name"": ""第五人格八周年"", ""is_commerce"": false, ""start"": 32, ""type"": 1}, {""caption_end"": 50, ""caption_start"": 41, ""end"": 50, ""hashtag_id"": ""1640943697777678"", ""hashtag_name"": ""你也玩第五人格吗"", ""is_commerce"": false, ""start"": 41, ""type"": 1}, {""caption_end"": 59, ""caption_start"": 51, ""end"": 59, ""hashtag_id"": ""7358254600337492007"", ""hashtag_name"": ""宁芙奖请投舞女"", ""is_commerce"": false, ""start"": 51, ""type"": 1}]","[{""level"": 1, ""tag_id"": 2015, ""tag_name"": ""游戏""}, {""level"": 2, ""tag_id"": 2015003, ""tag_name"": ""角色扮演""}, {""level"": 0, ""tag_id"": 0, ""tag_name"": """"}]",
7627693001658504421,7611077838011206964,9,2026-05-07T16:58:14.602701,110198566978,MS4wLjABAAAAmjPJdm2Wj3XJHlc0C7ypJUI6josuxvBavYnIPTr3HzI,一点也不奶的奶酪（第五人格）,这期神了 #第五人格  #第五人格五骥映春  #囚徒,1772092178,244274,4,16405,414,362,520,0,"[""https://p9-pc-sign.douyinpic.com/image-cut-tos/f437ebe0455278b7a7501dee972330d7~tplv-dy-resize-origshort-autoq-75:330.jpeg?lk3s=138a59ce&x-expires=2093500800&x-signature=NjtpnkIZ%2F8Fizf9U6ts6eZBc7OA%3D&from=327834062&s=PackSourceEnum_WEBPC_RELATED_AWEME&se=false&sc=cover&biz_tag=pcweb_cover&l=2026050716582524647C620279B02802A3"", ""https://p3-pc-sign.douyinpic.com/image-cut-tos/f437ebe0455278b7a7501dee972330d7~tplv-dy-resize-origshort-autoq-75:330.jpeg?lk3s=138a59ce&x-expires=2093500800&x-signature=RCJ8mREV7%2FKcQ89OoRGTUgTDGsY%3D&from=327834062&s=PackSourceEnum_WEBPC_RELATED_AWEME&se=false&sc=cover&biz_tag=pcweb_cover&l=2026050716582524647C620279B02802A3""]",7611077969431268146,@一点也不奶的奶酪（第五人格）创作的原声,"[{""caption_end"": 5, ""caption_start"": 0, ""end"": 10, ""hashtag_id"": ""1600720944658436"", ""hashtag_name"": ""第五人格"", ""is_commerce"": false, ""start"": 5, ""type"": 1}, {""caption_end"": 16, ""caption_start"": 7, ""end"": 21, ""hashtag_id"": ""7578483057498277930"", ""hashtag_name"": ""第五人格五骥映春"", ""is_commerce"": false, ""start"": 12, ""type"": 1}, {""caption_end"": 21, ""caption_start"": 18, ""end"": 26, ""hashtag_id"": ""1626190663984142"", ""hashtag_name"": ""囚徒"", ""is_commerce"": false, ""start"": 23, ""type"": 1}]","[{""level"": 1, ""tag_id"": 2015, ""tag_name"": ""游戏""}, {""level"": 2, ""tag_id"": 2015003, ""tag_name"": ""角色扮演""}, {""level"": 0, ""tag_id"": 0, ""tag_name"": """"}]",
7627771722061696308,7635355054202948899,0,2026-05-07T16:58:23.353126,927628663727736,MS4wLjABAAAA8SRjyrERkcAjAa-dH7ZIqXasPRtNnfq1MQ6NtI-wAS4,图图追剧,iu新剧《21世纪大君夫人》最新一集来了 #iu #iu李知恩 #21世纪大君夫人 #边佑锡 #青年创作者成长计划,1777744656,904536,4,23010,259,2088,2536,0,"[""https://p3-pc-sign.douyinpic.com/image-cut-tos/dd77d244b961f9006f9d2e1282af6392~tplv-dy-resize-origshort-autoq-75:330.jpeg?lk3s=138a59ce&x-expires=2093500800&x-signature=FCvB1HmL4lS5S7L3skJ0Sl6xzOY%3D&from=327834062&s=PackSourceEnum_WEBPC_RELATED_AWEME&se=false&sc=cover&biz_tag=pcweb_cover&l=20260507165834CE3D8D020106955A9FC2"", ""https://p9-pc-sign.douyinpic.com/image-cut-tos/dd77d244b961f9006f9d2e1282af6392~tplv-dy-resize-origshort-autoq-75:330.jpeg?lk3s=138a59ce&x-expires=2093500800&x-signature=T4ZgVV0ekcuF1c6w4o%2F2%2Fl9CPuc%3D&from=327834062&s=PackSourceEnum_WEBPC_RELATED_AWEME&se=false&sc=cover&biz_tag=pcweb_cover&l=20260507165834CE3D8D020106955A9FC2""]",7635355123023137542,@图图追剧创作的原声,"[{""caption_end"": 3, ""caption_start"": 0, ""end"": 24, ""hashtag_id"": ""1564716680510466"", ""hashtag_name"": ""iu"", ""is_commerce"": false, ""start"": 21, ""type"": 1}, {""caption_end"": 10, ""caption_start"": 4, ""end"": 31, ""hashtag_id"": ""1581708501051405"", ""hashtag_name"": ""iu李知恩"", ""is_commerce"": false, ""start"": 25, ""type"": 1}, {""caption_end"": 20, ""caption_start"": 11, ""end"": 41, ""hashtag_id"": ""7443609778904893476"", ""hashtag_name"": ""21世纪大君夫人"", ""is_commerce"": false, ""start"": 32, ""type"": 1}, {""caption_end"": 25, ""caption_start"": 21, ""end"": 46, ""hashtag_id"": ""1672254031905806"", ""hashtag_name"": ""边佑锡"", ""is_commerce"": false, ""start"": 42, ""type"": 1}, {""caption_end"": 36, ""caption_start"": 26, ""end"": 57, ""hashtag_id"": ""7529832653680281615"", ""hashtag_name"": ""青年创作者成长计划"", ""is_commerce"": false, ""start"": 47, ""type"": 1}]","[{""level"": 1, ""tag_id"": 2021, ""tag_name"": ""明星八卦""}, {""level"": 2, ""tag_id"": 2021002, ""tag_name"": ""明星随拍资讯""}, {""level"": 0, ""tag_id"": 0, ""tag_name"": """"}]",
7627771722061696308,7627510401340542217,1,2026-05-07T16:58:23.353126,1794051290183453,MS4wLjABAAAAs7dVjf8WzO1Ddz85E0q8aYVfgjy3yebfxG7xGgj35MkSoe2tWxZRA0e4M214P-L0,韩剧花园,《大君夫人》第5集 #韩剧 #李知恩 #边佑锡 #21世纪大君夫人,1775918164,704705,4,976,7,153,305,0,"[""https://p3-pc-sign.douyinpic.com/image-cut-tos-priv/7f95c82c7c1a78bddccdf507c8a48b29~tplv-dy-resize-origshort-autoq-75:330.jpeg?lk3s=138a59ce&x-expires=2093500800&x-signature=JBo%2FGIVUyknYLdEpdwn0ikNSmX4%3D&from=327834062&s=PackSourceEnum_WEBPC_RELATED_AWEME&se=false&sc=cover&biz_tag=pcweb_cover&l=20260507165834CE3D8D020106955A9FC2"", ""https://p9-pc-sign.douyinpic.com/image-cut-tos-priv/7f95c82c7c1a78bddccdf507c8a48b29~tplv-dy-resize-origshort-autoq-75:330.jpeg?lk3s=138a59ce&x-expires=2093500800&x-signature=VfoBvhT%2BUBJifMGvKNFRorb4vZc%3D&from=327834062&s=PackSourceEnum_WEBPC_RELATED_AWEME&se=false&sc=cover&biz_tag=pcweb_cover&l=20260507165834CE3D8D020106955A9FC2""]",7627510455216376603,@韩剧花园创作的原声,"[{""caption_end"": 3, ""caption_start"": 0, ""end"": 13, ""hashtag_id"": ""1565186793875458"", ""hashtag_name"": ""韩剧"", ""is_commerce"": false, ""start"": 10, ""type"": 1}, {""caption_end"": 8, ""caption_start"": 4, ""end"": 18, ""hashtag_id"": ""1587581276777486"", ""hashtag_name"": ""李知恩"", ""is_commerce"": false, ""start"": 14, ""type"": 1}, {""caption_end"": 13, ""caption_start"": 9, ""end"": 23, ""hashtag_id"": ""1672254031905806"", ""hashtag_name"": ""边佑锡"", ""is_commerce"": false, ""start"": 19, ""type"": 1}, {""caption_end"": 23, ""caption_start"": 14, ""end"": 33, ""hashtag_id"": ""7443609778904893476"", ""hashtag_name"": ""21世纪大君夫人"", ""is_commerce"": false, ""start"": 24, ""type"": 1}]","[{""level"": 1, ""tag_id"": 2019, ""tag_name"": ""影视""}, {""level"": 2, ""tag_id"": 2019001, ""tag_name"": ""影视剪辑""}, {""level"": 3, ""tag_id"": 2019001001, ""tag_name"": ""电视剧剪辑""}]",
7627771722061696308,7630281749666352422,2,2026-05-07T16:58:23.353126,1319068562889263,MS4wLjABAAAAyM-4FcMJEuBi-gdbr0qK0zUuJrTde4KOiyfdyhM1C3PgxVMyycHC93dhx5m7n1bh,冷冷撩电影,李知恩闯下大祸，遭遇开播以来最大的危机《大君夫人》第4集 #李知恩 #新剧来袭 #dou是韩剧安利官 #了不起的精讲团,1776563420,498113,4,3912,56,326,778,0,"[""https://p3-pc-sign.douyinpic.com/image-cut-tos/8aa3279f280a4757d3ba40fbf9d15c7b~tplv-dy-resize-origshort-autoq-75:330.jpeg?lk3s=138a59ce&x-expires=2093500800&x-signature=TsbSqewxqHzy2vNQALpsP2CNdvw%3D&from=327834062&s=PackSourceEnum_WEBPC_RELATED_AWEME&se=false&sc=cover&biz_tag=pcweb_cover&l=20260507165834CE3D8D020106955A9FC2"", ""https://p9-pc-sign.douyinpic.com/image-cut-tos/8aa3279f280a4757d3ba40fbf9d15c7b~tplv-dy-resize-origshort-autoq-75:330.jpeg?lk3s=138a59ce&x-expires=2093500800&x-signature=6C%2B46b%2B7Sb1qWq5AFe0VaSYKBBg%3D&from=327834062&s=PackSourceEnum_WEBPC_RELATED_AWEME&se=false&sc=cover&biz_tag=pcweb_cover&l=20260507165834CE3D8D020106955A9FC2""]",7630281844889570084,@冷冷撩电影创作的原声,"[{""caption_end"": 4, ""caption_start"": 0, ""end"": 33, ""hashtag_id"": ""1587581276777486"", ""hashtag_name"": ""李知恩"", ""is_commerce"": false, ""start"": 29, ""type"": 1}, {""caption_end"": 10, ""caption_start"": 5, ""end"": 39, ""hashtag_id"": ""1612402101366852"", ""hashtag_name"": ""新剧来袭"", ""is_commerce"": false, ""start"": 34, ""type"": 1}, {""caption_end"": 21, ""caption_start"": 11, ""end"": 50, ""hashtag_id"": ""1717125955172363"", ""hashtag_name"": ""dou是韩剧安利官"", ""is_commerce"": false, ""start"": 40, ""type"": 1}, {""caption_end"": 30, ""caption_start"": 22, ""end"": 59, ""hashtag_id"": ""7519800545998014515"", ""hashtag_name"": ""了不起的精讲团"", ""is_commerce"": false, ""start"": 51, ""type"": 1}]","[{""level"": 1, ""tag_id"": 2021, ""tag_name"": ""明星八卦""}, {""level"": 2, ""tag_id"": 2021002, ""tag_name"": ""明星随拍资讯""}, {""level"": 0, ""tag_id"": 0, ""tag_name"": """"}]",
7627771722061696308,7628941449844755766,3,2026-05-07T16:58:23.353126,7590622260689486885,MS4wLjABAAAA9UF6_lGk5FvH9UOrc8LrkMSo-__QtmPohv40DJJ0iCc-Ufx71wO-b93FYKfc1qUy,旁白24号,"准备好成为大君夫人了吗？ IU新剧剧情快到飞起，第二集就求婚成功？！那下一集不得婚礼了吗
#iu李知恩 #21世纪大君夫人 #青年创作者成长计划 #创作者成长进阶计划 #韩剧",1776251354,333324,4,25245,344,3551,3193,0,"[""https://p3-pc-sign.douyinpic.com/image-cut-tos/1c235087e74289bdcf52d9f4a7f58170~tplv-dy-resize-origshort-autoq-75:330.jpeg?lk3s=138a59ce&x-expires=2093500800&x-signature=Wa4xdNT%2BkyvF%2ByA1B5cUyih28QY%3D&from=327834062&s=PackSourceEnum_WEBPC_RELATED_AWEME&se=false&sc=cover&biz_tag=pcweb_cover&l=20260507165834CE3D8D020106955A9FC2"", ""https://p9-pc-sign.douyinpic.com/image-cut-tos/1c235087e74289bdcf52d9f4a7f58170~tplv-dy-resize-origshort-autoq-75:330.jpeg?lk3s=138a59ce&x-expires=2093500800&x-signature=FSC1qJob4WXWP9GydI8Dm1e2jHg%3D&from=327834062&s=PackSourceEnum_WEBPC_RELATED_AWEME&se=false&sc=cover&biz_tag=pcweb_cover&l=20260507165834CE3D8D020106955A9FC2""]",7628941499702545206,@旁白24号创作的原声,"[{""caption_end"": 38, ""caption_start"": 32, ""end"": 51, ""hashtag_id"": ""1581708501051405"", ""hashtag_name"": ""iu李知恩"", ""is_commerce"": false, ""start"": 45, ""type"": 1}, {""caption_end"": 48, ""caption_start"": 39, ""end"": 61, ""hashtag_id"": ""7443609778904893476"", ""hashtag_name"": ""21世纪大君夫人"", ""is_commerce"": false, ""start"": 52, ""type"": 1}, {""caption_end"": 59, ""caption_start"": 49, ""end"": 72, ""hashtag_id"": ""7529832653680281615"", ""hashtag_name"": ""青年创作者成长计划"", ""is_commerce"": false, ""start"": 62, ""type"": 1}, {""caption_end"": 70, ""caption_start"": 60, ""end"": 83, ""hashtag_id"": ""1691108163225614"", ""hashtag_name"": ""创作者成长进阶计划"", ""is_commerce"": false, ""start"": 73, ""type"": 1}, {""caption_end"": 74, ""caption_start"": 71, ""end"": 87, ""hashtag_id"": ""1565186793875458"", ""hashtag_name"": ""韩剧"", ""is_commerce"": false, ""start"": 84, ""type"": 1}]","[{""level"": 1, ""tag_id"": 2019, ""tag_name"": ""影视""}, {""level"": 2, ""tag_id"": 2019001, ""tag_name"": ""影视剪辑""}, {""level"": 3, ""tag_id"": 2019001001, ""tag_name"": ""电视剧剪辑""}]",
7627771722061696308,7627746918763924786,4,2026-05-07T16:58:23.353126,96409730425,MS4wLjABAAAASckMrxspkeUVs8_dlLuqJOb4c4imyGJ7KxJqA-nehHc,米姐说影,一口气看完IU最新爆火韩剧《21世纪大君夫人》第一、二集完整版#IU  #iu李知恩  #21世纪大君夫人  #边佑锡,1775973230,1018522,4,1118,17,212,356,0,"[""https://p3-pc-sign.douyinpic.com/image-cut-tos/e3eeafcae70a3b0f050e56cee83291fe~tplv-dy-resize-origshort-autoq-75:330.jpeg?lk3s=138a59ce&x-expires=2093500800&x-signature=p4gHHXZsSxwCPmmoxrysYGu59aY%3D&from=327834062&s=PackSourceEnum_WEBPC_RELATED_AWEME&se=false&sc=cover&biz_tag=pcweb_cover&l=20260507165834CE3D8D020106955A9FC2"", ""https://p9-pc-sign.douyinpic.com/image-cut-tos/e3eeafcae70a3b0f050e56cee83291fe~tplv-dy-resize-origshort-autoq-75:330.jpeg?lk3s=138a59ce&x-expires=2093500800&x-signature=r9avOqSgjjYLVRX0nL%2FbNedai6o%3D&from=327834062&s=PackSourceEnum_WEBPC_RELATED_AWEME&se=false&sc=cover&biz_tag=pcweb_cover&l=20260507165834CE3D8D020106955A9FC2""]",7627747198595320603,@米姐说影创作的原声,"[{""caption_end"": 34, ""caption_start"": 31, ""end"": 34, ""hashtag_id"": ""1622025730707469"", ""hashtag_name"": ""IU"", ""is_commerce"": false, ""start"": 31, ""type"": 1}, {""caption_end"": 42, ""caption_start"": 36, ""end"": 42, ""hashtag_id"": ""1581708501051405"", ""hashtag_name"": ""iu李知恩"", ""is_commerce"": false, ""start"": 36, ""type"": 1}, {""caption_end"": 53, ""caption_start"": 44, ""end"": 53, ""hashtag_id"": ""7443609778904893476"", ""hashtag_name"": ""21世纪大君夫人"", ""is_commerce"": false, ""start"": 44, ""type"": 1}, {""caption_end"": 59, ""caption_start"": 55, ""end"": 59, ""hashtag_id"": ""1672254031905806"", ""hashtag_name"": ""边佑锡"", ""is_commerce"": false, ""start"": 55, ""type"": 1}]","[{""level"": 1, ""tag_id"": 2019, ""tag_name"": ""影视""}, {""level"": 2, ""tag_id"": 2019001, ""tag_name"": ""影视剪辑""}, {""level"": 3, ""tag_id"": 2019001001, ""tag_name"": ""电视剧剪辑""}]",
7627771722061696308,7627510580256967974,5,2026-05-07T16:58:23.353126,1794051290183453,MS4wLjABAAAAs7dVjf8WzO1Ddz85E0q8aYVfgjy3yebfxG7xGgj35MkSoe2tWxZRA0e4M214P-L0,韩剧花园,《大君夫人》第6集 #李知恩 #边佑锡 #21世纪大君夫人 #韩剧,1775918211,704689,4,2409,27,352,584,0,"[""https://p3-pc-sign.douyinpic.com/image-cut-tos/159a79cb303d436378611ac06acefcc7~tplv-dy-resize-origshort-autoq-75:330.jpeg?lk3s=138a59ce&x-expires=2093500800&x-signature=4Lt0rgLIdQCIlIG%2Bwuex%2BgFPgm8%3D&from=327834062&s=PackSourceEnum_WEBPC_RELATED_AWEME&se=false&sc=cover&biz_tag=pcweb_cover&l=20260507165834CE3D8D020106955A9FC2"", ""https://p9-pc-sign.douyinpic.com/image-cut-tos/159a79cb303d436378611ac06acefcc7~tplv-dy-resize-origshort-autoq-75:330.jpeg?lk3s=138a59ce&x-expires=2093500800&x-signature=Q6sDuqsSGbgyVJKAVR8131XWsPE%3D&from=327834062&s=PackSourceEnum_WEBPC_RELATED_AWEME&se=false&sc=cover&biz_tag=pcweb_cover&l=20260507165834CE3D8D020106955A9FC2""]",7627510561722403647,@韩剧花园创作的原声,"[{""caption_end"": 4, ""caption_start"": 0, ""end"": 14, ""hashtag_id"": ""1587581276777486"", ""hashtag_name"": ""李知恩"", ""is_commerce"": false, ""start"": 10, ""type"": 1}, {""caption_end"": 9, ""caption_start"": 5, ""end"": 19, ""hashtag_id"": ""1672254031905806"", ""hashtag_name"": ""边佑锡"", ""is_commerce"": false, ""start"": 15, ""type"": 1}, {""caption_end"": 19, ""caption_start"": 10, ""end"": 29, ""hashtag_id"": ""7443609778904893476"", ""hashtag_name"": ""21世纪大君夫人"", ""is_commerce"": false, ""start"": 20, ""type"": 1}, {""caption_end"": 23, ""caption_start"": 20, ""end"": 33, ""hashtag_id"": ""1565186793875458"", ""hashtag_name"": ""韩剧"", ""is_commerce"": false, ""start"": 30, ""type"": 1}]","[{""level"": 1, ""tag_id"": 2019, ""tag_name"": ""影视""}, {""level"": 2, ""tag_id"": 2019001, ""tag_name"": ""影视剪辑""}, {""level"": 3, ""tag_id"": 2019001001, ""tag_name"": ""电视剧剪辑""}]",
7627771722061696308,7633393742040337716,6,2026-05-07T16:58:23.353126,2473231010771179,MS4wLjABAAAAdsxGz0HbmGSC3gK5zjh9IIlYi_HC8x_3gBgXmgAyZjCwRZY4xwrSpqwRTaoIpHrK,阿影的放映小窝,《21世纪大君夫人》：可以的话，让她赢吧！ #iu #边佑锡 #21世纪大君夫人 #韩剧 #剧情解析,1777287990,755208,4,25369,158,2477,1607,0,"[""https://p3-pc-sign.douyinpic.com/image-cut-tos-priv/909cdc94bc1d1c7ff8abcc68b3eb4cdd~tplv-dy-resize-origshort-autoq-75:330.jpeg?lk3s=138a59ce&x-expires=2093500800&x-signature=YpcEr5eW8b2se3XY8NbiqKnXVm0%3D&from=327834062&s=PackSourceEnum_WEBPC_RELATED_AWEME&se=false&sc=cover&biz_tag=pcweb_cover&l=20260507165834CE3D8D020106955A9FC2"", ""https://p9-pc-sign.douyinpic.com/image-cut-tos-priv/909cdc94bc1d1c7ff8abcc68b3eb4cdd~tplv-dy-resize-origshort-autoq-75:330.jpeg?lk3s=138a59ce&x-expires=2093500800&x-signature=Rw%2BIqyvu0ydzUrcCUj6AR9IJKyQ%3D&from=327834062&s=PackSourceEnum_WEBPC_RELATED_AWEME&se=false&sc=cover&biz_tag=pcweb_cover&l=20260507165834CE3D8D020106955A9FC2""]",7633393961712814891,@阿影的放映小窝创作的原声,"[{""caption_end"": 3, ""caption_start"": 0, ""end"": 25, ""hashtag_id"": ""1622025730707469"", ""hashtag_name"": ""iu"", ""is_commerce"": false, ""start"": 22, ""type"": 1}, {""caption_end"": 8, ""caption_start"": 4, ""end"": 30, ""hashtag_id"": ""1672254031905806"", ""hashtag_name"": ""边佑锡"", ""is_commerce"": false, ""start"": 26, ""type"": 1}, {""caption_end"": 18, ""caption_start"": 9, ""end"": 40, ""hashtag_id"": ""7443609778904893476"", ""hashtag_name"": ""21世纪大君夫人"", ""is_commerce"": false, ""start"": 31, ""type"": 1}, {""caption_end"": 22, ""caption_start"": 19, ""end"": 44, ""hashtag_id"": ""1565186793875458"", ""hashtag_name"": ""韩剧"", ""is_commerce"": false, ""start"": 41, ""type"": 1}, {""caption_end"": 28, ""caption_start"": 23, ""end"": 50, ""hashtag_id"": ""1664006840282126"", ""hashtag_name"": ""剧情解析"", ""is_commerce"": false, ""start"": 45, ""type"": 1}]","[{""level"": 1, ""tag_id"": 2019, ""tag_name"": ""影视""}, {""level"": 2, ""tag_id"": 2019001, ""tag_name"": ""影视剪辑""}, {""level"": 3, ""tag_id"": 2019001001, ""tag_name"": ""电视剧剪辑""}]",
7627771722061696308,7630776444985134371,7,2026-05-07T16:58:23.353126,130169177383716,MS4wLjABAAAARIeg8j-DQYL5Y9Usnk02ymo4dEOL3n9QZkQW9EZYRp4,伊伊说剧,IU新剧21世纪大君夫人，高能时刻来了 #iu #李智恩 #边佑锡 #21世纪大君夫人 #韩剧,1776678600,346536,4,341,8,34,62,0,"[""https://p3-pc-sign.douyinpic.com/image-cut-tos/59a05fde1b42491d765745377a428063~tplv-dy-resize-origshort-autoq-75:330.jpeg?lk3s=138a59ce&x-expires=2093500800&x-signature=j9FZTaVyL3O2Ui0U04eDVx8H3mo%3D&from=327834062&s=PackSourceEnum_WEBPC_RELATED_AWEME&se=false&sc=cover&biz_tag=pcweb_cover&l=20260507165834CE3D8D020106955A9FC2"", ""https://p9-pc-sign.douyinpic.com/image-cut-tos/59a05fde1b42491d765745377a428063~tplv-dy-resize-origshort-autoq-75:330.jpeg?lk3s=138a59ce&x-expires=2093500800&x-signature=qa%2FflmpxvaM7n1Y9HnjkoVCcL6o%3D&from=327834062&s=PackSourceEnum_WEBPC_RELATED_AWEME&se=false&sc=cover&biz_tag=pcweb_cover&l=20260507165834CE3D8D020106955A9FC2""]",7630776595350850350,@伊伊说剧创作的原声,"[{""caption_end"": 3, ""caption_start"": 0, ""end"": 23, ""hashtag_id"": ""1622025730707469"", ""hashtag_name"": ""iu"", ""is_commerce"": false, ""start"": 20, ""type"": 1}, {""caption_end"": 8, ""caption_start"": 4, ""end"": 28, ""hashtag_id"": ""1580448371004429"", ""hashtag_name"": ""李智恩"", ""is_commerce"": false, ""start"": 24, ""type"": 1}, {""caption_end"": 13, ""caption_start"": 9, ""end"": 33, ""hashtag_id"": ""1672254031905806"", ""hashtag_name"": ""边佑锡"", ""is_commerce"": false, ""start"": 29, ""type"": 1}, {""caption_end"": 23, ""caption_start"": 14, ""end"": 43, ""hashtag_id"": ""7443609778904893476"", ""hashtag_name"": ""21世纪大君夫人"", ""is_commerce"": false, ""start"": 34, ""type"": 1}, {""caption_end"": 27, ""caption_start"": 24, ""end"": 47, ""hashtag_id"": ""1565186793875458"", ""hashtag_name"": ""韩剧"", ""is_commerce"": false, ""start"": 44, ""type"": 1}]","[{""level"": 1, ""tag_id"": 2019, ""tag_name"": ""影视""}, {""level"": 2, ""tag_id"": 2019001, ""tag_name"": ""影视剪辑""}, {""level"": 3, ""tag_id"": 2019001001, ""tag_name"": ""电视剧剪辑""}]",
7627771722061696308,7636630785428257023,8,2026-05-07T16:58:23.353126,4355624781756860,MS4wLjABAAAAXfe93US5I0N2y5RQ8gYkX-qwbAZCrt8R1ATWYwlErpPPUtSueTTcSeFtLb6MHpjv,维尼儿,她用一份契约嫁入王室，却在婚礼上突然毒发昏厥！凶手就藏在王室之中，理安会如何找到凶手！#韩剧 #解说 #21世纪大君夫人 #IU #边佑锡,1778041662,797200,4,4160,75,422,903,0,"[""https://p3-pc-sign.douyinpic.com/image-cut-tos/cde29c770f464772ca5553124afb9558~tplv-dy-resize-origshort-autoq-75:330.jpeg?lk3s=138a59ce&x-expires=2093500800&x-signature=xk%2Fcjns%2FZnl31U%2FUbeWgTPcaw98%3D&from=327834062&s=PackSourceEnum_WEBPC_RELATED_AWEME&se=false&sc=cover&biz_tag=pcweb_cover&l=20260507165834CE3D8D020106955A9FC2"", ""https://p9-pc-sign.douyinpic.com/image-cut-tos/cde29c770f464772ca5553124afb9558~tplv-dy-resize-origshort-autoq-75:330.jpeg?lk3s=138a59ce&x-expires=2093500800&x-signature=%2BoU%2BWdy5%2BWihxWW7NNZBeQZwIYQ%3D&from=327834062&s=PackSourceEnum_WEBPC_RELATED_AWEME&se=false&sc=cover&biz_tag=pcweb_cover&l=20260507165834CE3D8D020106955A9FC2""]",7636630818907065097,@维尼儿创作的原声,"[{""caption_end"": 46, ""caption_start"": 43, ""end"": 46, ""hashtag_id"": ""1565186793875458"", ""hashtag_name"": ""韩剧"", ""is_commerce"": false, ""start"": 43, ""type"": 1}, {""caption_end"": 50, ""caption_start"": 47, ""end"": 50, ""hashtag_id"": ""1581312599913486"", ""hashtag_name"": ""解说"", ""is_commerce"": false, ""start"": 47, ""type"": 1}, {""caption_end"": 60, ""caption_start"": 51, ""end"": 60, ""hashtag_id"": ""7443609778904893476"", ""hashtag_name"": ""21世纪大君夫人"", ""is_commerce"": false, ""start"": 51, ""type"": 1}, {""caption_end"": 64, ""caption_start"": 61, ""end"": 64, ""hashtag_id"": ""1622025730707469"", ""hashtag_name"": ""iu"", ""is_commerce"": false, ""start"": 61, ""type"": 1}, {""caption_end"": 69, ""caption_start"": 65, ""end"": 69, ""hashtag_id"": ""1672254031905806"", ""hashtag_name"": ""边佑锡"", ""is_commerce"": false, ""start"": 65, ""type"": 1}]","[{""level"": 1, ""tag_id"": 2019, ""tag_name"": ""影视""}, {""level"": 2, ""tag_id"": 2019001, ""tag_name"": ""影视剪辑""}, {""level"": 3, ""tag_id"": 2019001001, ""tag_name"": ""电视剧剪辑""}]",
7627771722061696308,7630483010777009017,9,2026-05-07T16:58:23.353126,3477110915874595,MS4wLjABAAAAvi17PTapZatIWGWw6AEyTyr2_dTB1oi4QIvdv85-7ArnglbvXcAgf6bB7cEHg_X2,✘Pomelo,比格犬型女主 #21世纪大君夫人 #iu #边佑锡 #韩剧,1776610271,170156,4,95945,1268,25081,4796,0,"[""https://p9-pc-sign.douyinpic.com/image-cut-tos/96a0c72d4bd8fbfacae8bedb6ca9f55d~tplv-dy-resize-origshort-autoq-75:330.jpeg?lk3s=138a59ce&x-expires=2093500800&x-signature=08azIlzLhYcDEZb360RVVXl47iE%3D&from=327834062&s=PackSourceEnum_WEBPC_RELATED_AWEME&se=false&sc=cover&biz_tag=pcweb_cover&l=20260507165834CE3D8D020106955A9FC2"", ""https://p3-pc-sign.douyinpic.com/image-cut-tos/96a0c72d4bd8fbfacae8bedb6ca9f55d~tplv-dy-resize-origshort-autoq-75:330.jpeg?lk3s=138a59ce&x-expires=2093500800&x-signature=jR1yWoQ0y%2B%2B%2BIcRFN4Je5i6DvRE%3D&from=327834062&s=PackSourceEnum_WEBPC_RELATED_AWEME&se=false&sc=cover&biz_tag=pcweb_cover&l=20260507165834CE3D8D020106955A9FC2""]",7630482937053596459,@✘Pomelo创作的原声,"[{""caption_end"": 16, ""caption_start"": 7, ""end"": 16, ""hashtag_id"": ""7443609778904893476"", ""hashtag_name"": ""21世纪大君夫人"", ""is_commerce"": false, ""start"": 7, ""type"": 1}, {""caption_end"": 20, ""caption_start"": 17, ""end"": 20, ""hashtag_id"": ""1622025730707469"", ""hashtag_name"": ""iu"", ""is_commerce"": false, ""start"": 17, ""type"": 1}, {""caption_end"": 25, ""caption_start"": 21, ""end"": 25, ""hashtag_id"": ""1672254031905806"", ""hashtag_name"": ""边佑锡"", ""is_commerce"": false, ""start"": 21, ""type"": 1}, {""caption_end"": 29, ""caption_start"": 26, ""end"": 29, ""hashtag_id"": ""1565186793875458"", ""hashtag_name"": ""韩剧"", ""is_commerce"": false, ""start"": 26, ""type"": 1}]","[{""level"": 1, ""tag_id"": 2019, ""tag_name"": ""影视""}, {""level"": 2, ""tag_id"": 2019001, ""tag_name"": ""影视剪辑""}, {""level"": 3, ""tag_id"": 2019001001, ""tag_name"": ""电视剧剪辑""}]",
7627790321199705009,7611148283741883683,0,2026-05-07T16:58:33.015505,165346207085513,MS4wLjABAAAA04d6kmZlMmJ4BoXAin92MC_irvciWxMnLy7vgi7TTo8,吴當（三角洲行动）,真正想小红局 #三角洲行动#三角洲行动跑刀#三角洲行动欢乐剧场#三角洲行动攻略#航天跑刀,1772164800,180768,4,181,8,5,27,0,"[""https://p3-pc-sign.douyinpic.com/image-cut-tos/2afdc071e31ee825b096a6ee420e5ac2~tplv-dy-resize-origshort-autoq-75:330.jpeg?lk3s=138a59ce&x-expires=2093500800&x-signature=%2BSmP3zopUKNxBEoKSurJE78hqSo%3D&from=327834062&s=PackSourceEnum_WEBPC_RELATED_AWEME&se=false&sc=cover&biz_tag=pcweb_cover&l=20260507165843EBB9EA6A9D1B7B7734EF"", ""https://p9-pc-sign.douyinpic.com/image-cut-tos/2afdc071e31ee825b096a6ee420e5ac2~tplv-dy-resize-origshort-autoq-75:330.jpeg?lk3s=138a59ce&x-expires=2093500800&x-signature=oGD4tvMNrk3okT2p6tnhv1%2FIbU8%3D&from=327834062&s=PackSourceEnum_WEBPC_RELATED_AWEME&se=false&sc=cover&biz_tag=pcweb_cover&l=20260507165843EBB9EA6A9D1B7B7734EF""]",7611148681965849395,@吴當（三角洲行动）创作的原声,"[{""caption_end"": 6, ""caption_start"": 0, ""end"": 13, ""hashtag_id"": ""1772634867886087"", ""hashtag_name"": ""三角洲行动"", ""is_commerce"": true, ""start"": 7, ""type"": 1}, {""caption_end"": 14, ""caption_start"": 6, ""end"": 21, ""hashtag_id"": ""1793821422580812"", ""hashtag_name"": ""三角洲行动跑刀"", ""is_commerce"": false, ""start"": 13, ""type"": 1}, {""caption_end"": 24, ""caption_start"": 14, ""end"": 31, ""hashtag_id"": ""7431183489027803186"", ""hashtag_name"": ""三角洲行动欢乐剧场"", ""is_commerce"": false, ""start"": 21, ""type"": 1}, {""caption_end"": 32, ""caption_start"": 24, ""end"": 39, ""hashtag_id"": ""1791767325286484"", ""hashtag_name"": ""三角洲行动攻略"", ""is_commerce"": false, ""start"": 31, ""type"": 1}, {""caption_end"": 37, ""caption_start"": 32, ""end"": 44, ""hashtag_id"": ""7426592097614727202"", ""hashtag_name"": ""航天跑刀"", ""is_commerce"": false, ""start"": 39, ""type"": 1}]","[{""level"": 1, ""tag_id"": 2015, ""tag_name"": ""游戏""}, {""level"": 2, ""tag_id"": 2015006, ""tag_name"": ""射击游戏""}, {""level"": 0, ""tag_id"": 0, ""tag_name"": """"}]",
7627790321199705009,7611601226270100771,1,2026-05-07T16:58:33.015505,2713237605600572,MS4wLjABAAAAss7S-7dsYFAmODZxo7_hd7mtyVO3W6XL45e7SucaXvRR6bKcySTKPoTwh7i7vwYd,吟游诗人北极星,尴尬的一分钟 #三角洲行动 #身法 #跑刀 #鼠鼠我呀  #游戏破壁计划,1772214251,61400,4,1635,32,79,92,0,"[""https://p3-pc-sign.douyinpic.com/image-cut-tos/35a23b610a2e4688df54024fb94aeca9~tplv-dy-resize-origshort-autoq-75:330.jpeg?lk3s=138a59ce&x-expires=2093500800&x-signature=EKE5H%2FH%2FXNZ1e0FZ5WhW%2FjjfdSI%3D&from=327834062&s=PackSourceEnum_WEBPC_RELATED_AWEME&se=false&sc=cover&biz_tag=pcweb_cover&l=20260507165843EBB9EA6A9D1B7B7734EF"", ""https://p9-pc-sign.douyinpic.com/image-cut-tos/35a23b610a2e4688df54024fb94aeca9~tplv-dy-resize-origshort-autoq-75:330.jpeg?lk3s=138a59ce&x-expires=2093500800&x-signature=YjSVXh%2BkSV%2BML%2Fn6iTthxq5MSOM%3D&from=327834062&s=PackSourceEnum_WEBPC_RELATED_AWEME&se=false&sc=cover&biz_tag=pcweb_cover&l=20260507165843EBB9EA6A9D1B7B7734EF""]",7611602206780885796,@吟游诗人北极星创作的原声,"[{""caption_end"": 6, ""caption_start"": 0, ""end"": 13, ""hashtag_id"": ""1772634867886087"", ""hashtag_name"": ""三角洲行动"", ""is_commerce"": true, ""start"": 7, ""type"": 1}, {""caption_end"": 10, ""caption_start"": 7, ""end"": 17, ""hashtag_id"": ""1590614318445581"", ""hashtag_name"": ""身法"", ""is_commerce"": false, ""start"": 14, ""type"": 1}, {""caption_end"": 14, ""caption_start"": 11, ""end"": 21, ""hashtag_id"": ""1645233172322318"", ""hashtag_name"": ""跑刀"", ""is_commerce"": false, ""start"": 18, ""type"": 1}, {""caption_end"": 20, ""caption_start"": 15, ""end"": 27, ""hashtag_id"": ""1745950195263582"", ""hashtag_name"": ""鼠鼠我呀"", ""is_commerce"": false, ""start"": 22, ""type"": 1}, {""caption_end"": 29, ""caption_start"": 22, ""end"": 36, ""hashtag_id"": ""7585516543162484763"", ""hashtag_name"": ""游戏破壁计划"", ""is_commerce"": false, ""start"": 29, ""type"": 1}]","[{""level"": 1, ""tag_id"": 2015, ""tag_name"": ""游戏""}, {""level"": 2, ""tag_id"": 2015008, ""tag_name"": ""吃鸡类""}, {""level"": 0, ""tag_id"": 0, ""tag_name"": """"}]",
7627790321199705009,7636256163352333603,2,2026-05-07T16:58:33.015505,7446820585306522684,MS4wLjABAAAA1_jOZlkdXO1HKK2v1vlmecfy_9gqmxIoDQZUDUm1cI5v1EjERIutzeslacQKnwLs,小里(三角洲行动),挑战随机定制券通关绝密@小里电竞（招人版  #游戏破壁计划 #三角洲行动 #我们三角洲玩家猛攻就是这样 #猛攻猛攻还是猛攻 #三角洲天才少女猛攻是认真的,1777954445,836367,4,56929,797,2207,9429,0,"[""https://p3-pc-sign.douyinpic.com/image-cut-tos/5b64666490f341b2694323852583ccdf~tplv-dy-resize-origshort-autoq-75:330.jpeg?lk3s=138a59ce&x-expires=2093500800&x-signature=rjL7PsPmY3c7tO%2BuFozQIJ1KlTs%3D&from=327834062&s=PackSourceEnum_WEBPC_RELATED_AWEME&se=false&sc=cover&biz_tag=pcweb_cover&l=20260507165843EBB9EA6A9D1B7B7734EF"", ""https://p9-pc-sign.douyinpic.com/image-cut-tos/5b64666490f341b2694323852583ccdf~tplv-dy-resize-origshort-autoq-75:330.jpeg?lk3s=138a59ce&x-expires=2093500800&x-signature=EpynL63Tc7ZShIRR2xJwx%2FpBOa0%3D&from=327834062&s=PackSourceEnum_WEBPC_RELATED_AWEME&se=false&sc=cover&biz_tag=pcweb_cover&l=20260507165843EBB9EA6A9D1B7B7734EF""]",7636256378000132890,@小里(三角洲行动)创作的原声,"[{""caption_end"": 20, ""caption_start"": 11, ""end"": 20, ""sec_uid"": ""MS4wLjABAAAAIvdKLPLPMaVMPnqnthcG3AyAFw_QN0tXeyWPYd7iWoI"", ""start"": 11, ""type"": 0, ""user_id"": ""847053720136976""}, {""caption_end"": 29, ""caption_start"": 22, ""end"": 29, ""hashtag_id"": ""7585516543162484763"", ""hashtag_name"": ""游戏破壁计划"", ""is_commerce"": false, ""start"": 22, ""type"": 1}, {""caption_end"": 36, ""caption_start"": 30, ""end"": 36, ""hashtag_id"": ""1772634867886087"", ""hashtag_name"": ""三角洲行动"", ""is_commerce"": true, ""start"": 30, ""type"": 1}, {""caption_end"": 51, ""caption_start"": 37, ""end"": 51, ""hashtag_id"": ""7628825005463177250"", ""hashtag_name"": ""我们三角洲玩家猛攻就是这样"", ""is_commerce"": false, ""start"": 37, ""type"": 1}, {""caption_end"": 61, ""caption_start"": 52, ""end"": 61, ""hashtag_id"": ""7630100069504518207"", ""hashtag_name"": ""猛攻猛攻还是猛攻"", ""is_commerce"": false, ""start"": 52, ""type"": 1}, {""caption_end"": 76, ""caption_start"": 62, ""end"": 76, ""hashtag_id"": ""7628825013935687732"", ""hashtag_name"": ""三角洲天才少女猛攻是认真的"", ""is_commerce"": false, ""start"": 62, ""type"": 1}]","[{""level"": 1, ""tag_id"": 2015, ""tag_name"": ""游戏""}, {""level"": 2, ""tag_id"": 2015006, ""tag_name"": ""射击游戏""}, {""level"": 0, ""tag_id"": 0, ""tag_name"": """"}]",
7627790321199705009,7612257014198078771,3,2026-05-07T16:58:33.015505,24628770118171,MS4wLjABAAAAaqJBNnYgc6qJkgTGAN68vTM2uXCunwc7tKyVNA-VauU,苏醒（三角洲行动）,一秒变异！夺舍刘涛+满改M7+ASval，580万撤离！ #三角洲行动,1772366737,222100,4,97443,1047,4182,7137,0,"[""https://p3-pc-sign.douyinpic.com/image-cut-tos/49fcee05b0f4a7832d8ec113e342d03f~tplv-dy-resize-origshort-autoq-75:330.jpeg?lk3s=138a59ce&x-expires=2093500800&x-signature=OQ2VHePgHJmHvdf4BQXl%2FcscN9k%3D&from=327834062&s=PackSourceEnum_WEBPC_RELATED_AWEME&se=false&sc=cover&biz_tag=pcweb_cover&l=20260507165843EBB9EA6A9D1B7B7734EF"", ""https://p9-pc-sign.douyinpic.com/image-cut-tos/49fcee05b0f4a7832d8ec113e342d03f~tplv-dy-resize-origshort-autoq-75:330.jpeg?lk3s=138a59ce&x-expires=2093500800&x-signature=r6FpIJq2eh45rRVzfyY5tyUiEFY%3D&from=327834062&s=PackSourceEnum_WEBPC_RELATED_AWEME&se=false&sc=cover&biz_tag=pcweb_cover&l=20260507165843EBB9EA6A9D1B7B7734EF""]",7612257118149692211,@苏醒（三角洲行动）创作的原声,"[{""caption_end"": 6, ""caption_start"": 0, ""end"": 35, ""hashtag_id"": ""1772634867886087"", ""hashtag_name"": ""三角洲行动"", ""is_commerce"": true, ""start"": 29, ""type"": 1}]","[{""level"": 1, ""tag_id"": 2015, ""tag_name"": ""游戏""}, {""level"": 2, ""tag_id"": 2015006, ""tag_name"": ""射击游戏""}, {""level"": 0, ""tag_id"": 0, ""tag_name"": """"}]",
7627790321199705009,7617360674523450687,4,2026-05-07T16:58:33.015505,68272979210,MS4wLjABAAAArh9j8JBJCLbHXIzT8_kCkauKBegfuC4QehNC23i61Vg,洪大大（三角洲行动,误闯天家~ #三角洲行动,1773555009,822034,4,157770,5074,96356,10386,0,"[""https://p3-pc-sign.douyinpic.com/image-cut-tos/0ec439570137a85e69d9a1a3d1b88672~tplv-dy-resize-origshort-autoq-75:330.jpeg?lk3s=138a59ce&x-expires=2093500800&x-signature=Ybj9tb7lXtOuTNC4vON6OXLBveg%3D&from=327834062&s=PackSourceEnum_WEBPC_RELATED_AWEME&se=false&sc=cover&biz_tag=pcweb_cover&l=20260507165843EBB9EA6A9D1B7B7734EF"", ""https://p9-pc-sign.douyinpic.com/image-cut-tos/0ec439570137a85e69d9a1a3d1b88672~tplv-dy-resize-origshort-autoq-75:330.jpeg?lk3s=138a59ce&x-expires=2093500800&x-signature=c68R8XeIGdDofof059dD9N%2Fzayw%3D&from=327834062&s=PackSourceEnum_WEBPC_RELATED_AWEME&se=false&sc=cover&biz_tag=pcweb_cover&l=20260507165843EBB9EA6A9D1B7B7734EF""]",7242302825829059389,@尤🎵创作的原声,"[{""caption_end"": 12, ""caption_start"": 6, ""end"": 12, ""hashtag_id"": ""1772634867886087"", ""hashtag_name"": ""三角洲行动"", ""is_commerce"": true, ""start"": 6, ""type"": 1}]","[{""level"": 1, ""tag_id"": 2015, ""tag_name"": ""游戏""}, {""level"": 2, ""tag_id"": 2015006, ""tag_name"": ""射击游戏""}, {""level"": 0, ""tag_id"": 0, ""tag_name"": """"}]",
7627790321199705009,7612965542434110927,5,2026-05-07T16:58:33.015505,3907008532316832,MS4wLjABAAAAwDpdskAAPACGOqeDqIIrd5a0iWy1ogd0IH6P-C_Ujr7ICEF0py0jsi1ZAs-V_uax,双语（三角洲行动）,bro以为自己很聪明 #三角洲行动 #三角洲s8蝶变时刻新赛季 #假期结束接着洲,1772531670,160000,4,8214,136,1200,5100,0,"[""https://p3-pc-sign.douyinpic.com/image-cut-tos/3e9e4f5e961f097dcf9c5aae10d513d1~tplv-dy-resize-origshort-autoq-75:330.jpeg?lk3s=138a59ce&x-expires=2093500800&x-signature=pJA1b7FzvU%2B%2FKRNxj564K0t3d3U%3D&from=327834062&s=PackSourceEnum_WEBPC_RELATED_AWEME&se=false&sc=cover&biz_tag=pcweb_cover&l=20260507165843EBB9EA6A9D1B7B7734EF"", ""https://p9-pc-sign.douyinpic.com/image-cut-tos/3e9e4f5e961f097dcf9c5aae10d513d1~tplv-dy-resize-origshort-autoq-75:330.jpeg?lk3s=138a59ce&x-expires=2093500800&x-signature=PyWdNwDBTLHdOyKWw8h5DBIMf5Q%3D&from=327834062&s=PackSourceEnum_WEBPC_RELATED_AWEME&se=false&sc=cover&biz_tag=pcweb_cover&l=20260507165843EBB9EA6A9D1B7B7734EF""]",7612965527057402687,@双语（三角洲行动）创作的原声,"[{""caption_end"": 6, ""caption_start"": 0, ""end"": 17, ""hashtag_id"": ""1772634867886087"", ""hashtag_name"": ""三角洲行动"", ""is_commerce"": true, ""start"": 11, ""type"": 1}, {""caption_end"": 20, ""caption_start"": 7, ""end"": 31, ""hashtag_id"": ""7599146936339286068"", ""hashtag_name"": ""三角洲s8蝶变时刻新赛季"", ""is_commerce"": false, ""start"": 18, ""type"": 1}, {""caption_end"": 29, ""caption_start"": 21, ""end"": 40, ""hashtag_id"": ""7611460182949759010"", ""hashtag_name"": ""假期结束接着洲"", ""is_commerce"": false, ""start"": 32, ""type"": 1}]","[{""level"": 1, ""tag_id"": 2015, ""tag_name"": ""游戏""}, {""level"": 2, ""tag_id"": 2015008, ""tag_name"": ""吃鸡类""}, {""level"": 0, ""tag_id"": 0, ""tag_name"": """"}]",
7627790321199705009,7624987086285704502,6,2026-05-07T16:58:33.015505,763500921886873,MS4wLjABAAAAtxd4Jrz7mBstL5QHjwrk1RudvJiCu_3FZseYizDnLZg,阿战（三角洲行动）,谁家魔王护给我扫上来了 这号有力气 #三角洲行动 #三角洲行动阿战 #三角洲烽火职业联赛,1775358060,443000,4,206546,4392,50544,34362,0,"[""https://p3-pc-sign.douyinpic.com/image-cut-tos/988ccbc399b66d0d7d6f7f885d6b6671~tplv-dy-resize-origshort-autoq-75:330.jpeg?lk3s=138a59ce&x-expires=2093500800&x-signature=B%2BbH6G6TS%2FpYGSXGZ5y5OkVraN4%3D&from=327834062&s=PackSourceEnum_WEBPC_RELATED_AWEME&se=false&sc=cover&biz_tag=pcweb_cover&l=20260507165843EBB9EA6A9D1B7B7734EF"", ""https://p9-pc-sign.douyinpic.com/image-cut-tos/988ccbc399b66d0d7d6f7f885d6b6671~tplv-dy-resize-origshort-autoq-75:330.jpeg?lk3s=138a59ce&x-expires=2093500800&x-signature=dYxxowFwzvOi8cbLXa6tm96LPyM%3D&from=327834062&s=PackSourceEnum_WEBPC_RELATED_AWEME&se=false&sc=cover&biz_tag=pcweb_cover&l=20260507165843EBB9EA6A9D1B7B7734EF""]",7624987163066714889,@阿战（三角洲行动）创作的原声,"[{""caption_end"": 6, ""caption_start"": 0, ""end"": 24, ""hashtag_id"": ""1772634867886087"", ""hashtag_name"": ""三角洲行动"", ""is_commerce"": true, ""start"": 18, ""type"": 1}, {""caption_end"": 15, ""caption_start"": 7, ""end"": 33, ""hashtag_id"": ""7471165993658615845"", ""hashtag_name"": ""三角洲行动阿战"", ""is_commerce"": false, ""start"": 25, ""type"": 1}, {""caption_end"": 26, ""caption_start"": 16, ""end"": 44, ""hashtag_id"": ""7590347036969404468"", ""hashtag_name"": ""三角洲烽火职业联赛"", ""is_commerce"": false, ""start"": 34, ""type"": 1}]","[{""level"": 1, ""tag_id"": 2015, ""tag_name"": ""游戏""}, {""level"": 2, ""tag_id"": 2015006, ""tag_name"": ""射击游戏""}, {""level"": 0, ""tag_id"": 0, ""tag_name"": """"}]",
7627790321199705009,7632624938033204530,7,2026-05-07T16:58:33.015505,1655222200710249,MS4wLjABAAAAnmKj-7wjzGUn_6FBrkovwU-F8_fgkDEcvBdyJHLI8qIHoBzo7Em5HTtUPFieoD34,卢土豆丶（三角洲行动）,你说航天基地都是坏人？ 《12分钟清图绝航》《被给了一桶火箭燃料》《鼠鼠六头跑刀猛攻航天大红爽吃百万》 #三角洲行动    #三角洲s9回声新赛季#三角洲行动猛攻剧场 #三角洲鼠鼠拯救世界 #三角洲行动漫剧,1777126500,497267,4,41001,1517,2917,4124,0,"[""https://p3-pc-sign.douyinpic.com/image-cut-tos/71ad28b73e5f8416e37232f58f638184~tplv-dy-resize-origshort-autoq-75:330.jpeg?lk3s=138a59ce&x-expires=2093500800&x-signature=YRWdCLHzrZU3LhShKQMkEcxR624%3D&from=327834062&s=PackSourceEnum_WEBPC_RELATED_AWEME&se=false&sc=cover&biz_tag=pcweb_cover&l=20260507165843EBB9EA6A9D1B7B7734EF"", ""https://p9-pc-sign.douyinpic.com/image-cut-tos/71ad28b73e5f8416e37232f58f638184~tplv-dy-resize-origshort-autoq-75:330.jpeg?lk3s=138a59ce&x-expires=2093500800&x-signature=X0EXDJf0%2FgLM%2FAOFR4VKFFAdP1c%3D&from=327834062&s=PackSourceEnum_WEBPC_RELATED_AWEME&se=false&sc=cover&biz_tag=pcweb_cover&l=20260507165843EBB9EA6A9D1B7B7734EF""]",7632625103129512747,@卢土豆丶（三角洲行动）创作的原声,"[{""caption_end"": 46, ""caption_start"": 40, ""end"": 58, ""hashtag_id"": ""1772634867886087"", ""hashtag_name"": ""三角洲行动"", ""is_commerce"": true, ""start"": 52, ""type"": 1}, {""caption_end"": 61, ""caption_start"": 50, ""end"": 73, ""hashtag_id"": ""7626337184789841935"", ""hashtag_name"": ""三角洲s9回声新赛季"", ""is_commerce"": false, ""start"": 62, ""type"": 1}, {""caption_end"": 71, ""caption_start"": 61, ""end"": 83, ""hashtag_id"": ""7628822120541358122"", ""hashtag_name"": ""三角洲行动猛攻剧场"", ""is_commerce"": false, ""start"": 73, ""type"": 1}, {""caption_end"": 82, ""caption_start"": 72, ""end"": 94, ""hashtag_id"": ""7525634820966189091"", ""hashtag_name"": ""三角洲鼠鼠拯救世界"", ""is_commerce"": false, ""start"": 84, ""type"": 1}, {""caption_end"": 91, ""caption_start"": 83, ""end"": 103, ""hashtag_id"": ""7605958415742928915"", ""hashtag_name"": ""三角洲行动漫剧"", ""is_commerce"": false, ""start"": 95, ""type"": 1}]","[{""level"": 1, ""tag_id"": 2015, ""tag_name"": ""游戏""}, {""level"": 2, ""tag_id"": 2015006, ""tag_name"": ""射击游戏""}, {""level"": 0, ""tag_id"": 0, ""tag_name"": """"}]",
7627790321199705009,7607383252567051446,8,2026-05-07T16:58:33.015505,7439662044653208634,MS4wLjABAAAATD7VyHi7aJpgM-XyXjNRNsmlMv4sbcMjD6If7rYp8t0dhNN37RdehiFTJ6XSe0Nu,大宝小老弟(三角洲行动),连跑三把绝密巴别塔都会经历什么？#三角洲行动#三角洲新春剧场#新春来三角洲接红#三角洲s8蝶变时刻新赛季 #三角洲熟图神器,1771231942,624477,4,355121,7374,15090,43884,0,"[""https://p3-pc-sign.douyinpic.com/image-cut-tos/c0bf367ba51f00f7c5f36dc5b4fcc6ad~tplv-dy-resize-origshort-autoq-75:330.jpeg?lk3s=138a59ce&x-expires=2093500800&x-signature=Ug30k96DPcSIW%2BH4Qw8OH0BGfQo%3D&from=327834062&s=PackSourceEnum_WEBPC_RELATED_AWEME&se=false&sc=cover&biz_tag=pcweb_cover&l=20260507165843EBB9EA6A9D1B7B7734EF"", ""https://p9-pc-sign.douyinpic.com/image-cut-tos/c0bf367ba51f00f7c5f36dc5b4fcc6ad~tplv-dy-resize-origshort-autoq-75:330.jpeg?lk3s=138a59ce&x-expires=2093500800&x-signature=AbAM4Q3lO2wsFdKY9GfEHzCyWOM%3D&from=327834062&s=PackSourceEnum_WEBPC_RELATED_AWEME&se=false&sc=cover&biz_tag=pcweb_cover&l=20260507165843EBB9EA6A9D1B7B7734EF""]",7607383306811804468,@大宝小老弟(三角洲行动)创作的原声,"[{""caption_end"": 22, ""caption_start"": 16, ""end"": 22, ""hashtag_id"": ""1772634867886087"", ""hashtag_name"": ""三角洲行动"", ""is_commerce"": true, ""start"": 16, ""type"": 1}, {""caption_end"": 30, ""caption_start"": 22, ""end"": 30, ""hashtag_id"": ""7600302213038082091"", ""hashtag_name"": ""三角洲新春剧场"", ""is_commerce"": false, ""start"": 22, ""type"": 1}, {""caption_end"": 39, ""caption_start"": 30, ""end"": 39, ""hashtag_id"": ""7598530953257961512"", ""hashtag_name"": ""新春来三角洲接红"", ""is_commerce"": false, ""start"": 30, ""type"": 1}, {""caption_end"": 52, ""caption_start"": 39, ""end"": 52, ""hashtag_id"": ""7599146936339286068"", ""hashtag_name"": ""三角洲s8蝶变时刻新赛季"", ""is_commerce"": false, ""start"": 39, ""type"": 1}, {""caption_end"": 61, ""caption_start"": 53, ""end"": 61, ""hashtag_id"": ""7558395487301158966"", ""hashtag_name"": ""三角洲熟图神器"", ""is_commerce"": false, ""start"": 53, ""type"": 1}]","[{""level"": 1, ""tag_id"": 2015, ""tag_name"": ""游戏""}, {""level"": 2, ""tag_id"": 2015008, ""tag_name"": ""吃鸡类""}, {""level"": 0, ""tag_id"": 0, ""tag_name"": """"}]",
7627790321199705009,7617887261216083240,9,2026-05-07T16:58:33.015505,96188912877,MS4wLjABAAAAYSOcrkBBqaB3slbNIj7wqaOLcGlJrjx7vl6XhruDUEw,林树（三角洲行动）,拯救百万大兵 可曾听闻总裁1V9の传说 #三角洲行动 #林树千万粉三亚局  #三角洲s8蝶变时刻新赛季 #假期结束接着洲 #三角洲行动欢乐剧场,1773720000,572467,4,774598,7820,35231,37435,0,"[""https://p3-pc-sign.douyinpic.com/image-cut-tos/18c9e5042e6586eaf93847339572c992~tplv-dy-resize-origshort-autoq-75:330.jpeg?lk3s=138a59ce&x-expires=2093500800&x-signature=as2XcOqNPgR1rvuw5SbYXrE2DCk%3D&from=327834062&s=PackSourceEnum_WEBPC_RELATED_AWEME&se=false&sc=cover&biz_tag=pcweb_cover&l=20260507165843EBB9EA6A9D1B7B7734EF"", ""https://p9-pc-sign.douyinpic.com/image-cut-tos/18c9e5042e6586eaf93847339572c992~tplv-dy-resize-origshort-autoq-75:330.jpeg?lk3s=138a59ce&x-expires=2093500800&x-signature=SXRaIu6trVmbq09lTfsCIB59oXM%3D&from=327834062&s=PackSourceEnum_WEBPC_RELATED_AWEME&se=false&sc=cover&biz_tag=pcweb_cover&l=20260507165843EBB9EA6A9D1B7B7734EF""]",7617887336436828937,@林树（三角洲行动）创作的原声,"[{""caption_end"": 6, ""caption_start"": 0, ""end"": 26, ""hashtag_id"": ""1772634867886087"", ""hashtag_name"": ""三角洲行动"", ""is_commerce"": true, ""start"": 20, ""type"": 1}, {""caption_end"": 16, ""caption_start"": 7, ""end"": 36, ""hashtag_id"": ""7615471442591533056"", ""hashtag_name"": ""林树千万粉三亚局"", ""is_commerce"": false, ""start"": 27, ""type"": 1}, {""caption_end"": 31, ""caption_start"": 18, ""end"": 51, ""hashtag_id"": ""7599146936339286068"", ""hashtag_name"": ""三角洲s8蝶变时刻新赛季"", ""is_commerce"": false, ""start"": 38, ""type"": 1}, {""caption_end"": 40, ""caption_start"": 32, ""end"": 60, ""hashtag_id"": ""7611460182949759010"", ""hashtag_name"": ""假期结束接着洲"", ""is_commerce"": false, ""start"": 52, ""type"": 1}, {""caption_end"": 51, ""caption_start"": 41, ""end"": 71, ""hashtag_id"": ""7431183489027803186"", ""hashtag_name"": ""三角洲行动欢乐剧场"", ""is_commerce"": false, ""start"": 61, ""type"": 1}]","[{""level"": 1, ""tag_id"": 2015, ""tag_name"": ""游戏""}, {""level"": 2, ""tag_id"": 2015006, ""tag_name"": ""射击游戏""}, {""level"": 0, ""tag_id"": 0, ""tag_name"": """"}]",
7627792713907195190,7621697134395411748,0,2026-05-07T16:58:41.725995,2817405376803294,MS4wLjABAAAAFXTOhuCIJvTmCCMcAp4qhfEfMLarry3XP4kE6-hpKgjZB-WTfOYdtuOb2GIt0G2_,兵成讲故事,36年香港女子监狱恐怖片，你敢看吗？童年阴影级别存在！ #香港电影  #好剧推荐  #恐怖片  #童年阴影,1774572000,546200,4,2118,35,233,552,0,"[""https://p3-pc-sign.douyinpic.com/image-cut-tos/197fa3a6234ada9d80eb280dd999a324~tplv-dy-resize-origshort-autoq-75:330.jpeg?lk3s=138a59ce&x-expires=2093500800&x-signature=AmErdHDk2HSi2ZX7HRzFMd1N8lY%3D&from=327834062&s=PackSourceEnum_WEBPC_RELATED_AWEME&se=false&sc=cover&biz_tag=pcweb_cover&l=20260507165852D63D974B6200FA5A9229"", ""https://p9-pc-sign.douyinpic.com/image-cut-tos/197fa3a6234ada9d80eb280dd999a324~tplv-dy-resize-origshort-autoq-75:330.jpeg?lk3s=138a59ce&x-expires=2093500800&x-signature=Mg3boRAze6sijehBcHTjqwAjICY%3D&from=327834062&s=PackSourceEnum_WEBPC_RELATED_AWEME&se=false&sc=cover&biz_tag=pcweb_cover&l=20260507165852D63D974B6200FA5A9229""]",7621697102103497510,@兵成讲故事创作的原声,"[{""caption_end"": 5, ""caption_start"": 0, ""end"": 33, ""hashtag_id"": ""1597642662020110"", ""hashtag_name"": ""香港电影"", ""is_commerce"": false, ""start"": 28, ""type"": 1}, {""caption_end"": 12, ""caption_start"": 7, ""end"": 40, ""hashtag_id"": ""7419051784938719273"", ""hashtag_name"": ""好剧推荐"", ""is_commerce"": false, ""start"": 35, ""type"": 1}, {""caption_end"": 18, ""caption_start"": 14, ""end"": 46, ""hashtag_id"": ""1564209706450945"", ""hashtag_name"": ""恐怖片"", ""is_commerce"": false, ""start"": 42, ""type"": 1}, {""caption_end"": 25, ""caption_start"": 20, ""end"": 53, ""hashtag_id"": ""1598615974218759"", ""hashtag_name"": ""童年阴影"", ""is_commerce"": false, ""start"": 48, ""type"": 1}]","[{""level"": 1, ""tag_id"": 2019, ""tag_name"": ""影视""}, {""level"": 2, ""tag_id"": 2019002, ""tag_name"": ""影视解说""}, {""level"": 3, ""tag_id"": 2019002002, ""tag_name"": ""电影解说""}]",上世纪90年代的香港恐怖电影《监狱不设防》讲述了女子监狱中的恐怖故事。女主陈珍因涉黄被抓，在监狱中遭受折磨，越狱失败后死亡，魂魄被封在关帝像里。十年后，关帝像被撞倒，陈珍的魂魄得以释放，与女囚黑妹结成同盟，共同对抗厉鬼5343。最终，陈珍与驱邪剑合二为一，击败厉鬼，佩姑将其魂魄送出监狱。这部电影真实接地气，打动了一代又一代观众。
7627792713907195190,7607011378343234867,1,2026-05-07T16:58:41.725995,986727903933595,MS4wLjABAAAAjMKiA2MqO9bjFzt9GnwiTvkq3jjeLzzuatfKVt9tq3I,颅内放糖,《咒》 一口气看完港式恐怖片《咒》，由于大部分观众看完都觉得晦气，我就只在后面加了那段咒语#恐怖片 #抖音精选 #电影解说 #抖音午夜放映厅   #青年创作者成长计划,1771146169,892508,4,1627,54,393,320,0,"[""https://p3-pc-sign.douyinpic.com/image-cut-tos/c3ad4f4dcb985e4fb688ecff3a09f356~tplv-dy-resize-origshort-autoq-75:330.jpeg?lk3s=138a59ce&x-expires=2093500800&x-signature=dUkuwOgeRJJjqKc7t2dMndcJMfo%3D&from=327834062&s=PackSourceEnum_WEBPC_RELATED_AWEME&se=false&sc=cover&biz_tag=pcweb_cover&l=20260507165852D63D974B6200FA5A9229"", ""https://p9-pc-sign.douyinpic.com/image-cut-tos/c3ad4f4dcb985e4fb688ecff3a09f356~tplv-dy-resize-origshort-autoq-75:330.jpeg?lk3s=138a59ce&x-expires=2093500800&x-signature=F6U93jkrZskqLQJ0unjtlaqSFE8%3D&from=327834062&s=PackSourceEnum_WEBPC_RELATED_AWEME&se=false&sc=cover&biz_tag=pcweb_cover&l=20260507165852D63D974B6200FA5A9229""]",7607012137067727657,@颅内放糖创作的原声,"[{""caption_end"": 45, ""caption_start"": 41, ""end"": 49, ""hashtag_id"": ""1564209706450945"", ""hashtag_name"": ""恐怖片"", ""is_commerce"": false, ""start"": 45, ""type"": 1}, {""caption_end"": 51, ""caption_start"": 46, ""end"": 55, ""hashtag_id"": ""1568943621383170"", ""hashtag_name"": ""抖音精选"", ""is_commerce"": false, ""start"": 50, ""type"": 1}, {""caption_end"": 57, ""caption_start"": 52, ""end"": 61, ""hashtag_id"": ""1593455819938819"", ""hashtag_name"": ""电影解说"", ""is_commerce"": false, ""start"": 56, ""type"": 1}, {""caption_end"": 66, ""caption_start"": 58, ""end"": 70, ""hashtag_id"": ""7477909410770061346"", ""hashtag_name"": ""抖音午夜放映厅"", ""is_commerce"": false, ""start"": 62, ""type"": 1}, {""caption_end"": 79, ""caption_start"": 69, ""end"": 83, ""hashtag_id"": ""7529832653680281615"", ""hashtag_name"": ""青年创作者成长计划"", ""is_commerce"": false, ""start"": 73, ""type"": 1}]","[{""level"": 1, ""tag_id"": 2019, ""tag_name"": ""影视""}, {""level"": 2, ""tag_id"": 2019002, ""tag_name"": ""影视解说""}, {""level"": 3, ""tag_id"": 2019002002, ""tag_name"": ""电影解说""}]",《咒》是一部2022年上映的港式恐怖片，讲述了女主若男和男友阿东以及朋友阿原在一个神秘家族拍摄时，遭遇了一系列诡异事件。若男的女儿朵朵被大黑佛母附身，若男为了保护女儿，决定独自面对诅咒，最终用头撞死。影片通过恐怖元素探讨了母爱、恐惧和心理暗示等主题。
7627792713907195190,7613353617730440486,2,2026-05-07T16:58:41.725995,960307988545065,MS4wLjABAAAANmYXI50WWHEof_btlArndrYPCp_fIq4DAsj13H4PgI0,三更戏苑,又一部高清修复的怀旧港恐电影，童年阴影系列之《猛鬼大厦》 #童年阴影#香港恐怖片#抖音午夜放映厅#青年创作者成长计划,1772622985,1515844,4,2704,93,264,556,0,"[""https://p3-pc-sign.douyinpic.com/image-cut-tos/aa961d02dfc5bfbb17cc5025f05dd59b~tplv-dy-resize-origshort-autoq-75:330.jpeg?lk3s=138a59ce&x-expires=2093500800&x-signature=%2Byp6jo8I9t3cI964v2ze5UnySSI%3D&from=327834062&s=PackSourceEnum_WEBPC_RELATED_AWEME&se=false&sc=cover&biz_tag=pcweb_cover&l=20260507165852D63D974B6200FA5A9229"", ""https://p9-pc-sign.douyinpic.com/image-cut-tos/aa961d02dfc5bfbb17cc5025f05dd59b~tplv-dy-resize-origshort-autoq-75:330.jpeg?lk3s=138a59ce&x-expires=2093500800&x-signature=O%2BGGGcQpIspoOmC2Xbnc7qAHjp0%3D&from=327834062&s=PackSourceEnum_WEBPC_RELATED_AWEME&se=false&sc=cover&biz_tag=pcweb_cover&l=20260507165852D63D974B6200FA5A9229""]",7613354655225006886,@三更戏苑创作的原声,"[{""caption_end"": 5, ""caption_start"": 0, ""end"": 34, ""hashtag_id"": ""1598615974218759"", ""hashtag_name"": ""童年阴影"", ""is_commerce"": false, ""start"": 29, ""type"": 1}, {""caption_end"": 11, ""caption_start"": 5, ""end"": 40, ""hashtag_id"": ""1636385200776196"", ""hashtag_name"": ""香港恐怖片"", ""is_commerce"": false, ""start"": 34, ""type"": 1}, {""caption_end"": 19, ""caption_start"": 11, ""end"": 48, ""hashtag_id"": ""7477909410770061346"", ""hashtag_name"": ""抖音午夜放映厅"", ""is_commerce"": false, ""start"": 40, ""type"": 1}, {""caption_end"": 29, ""caption_start"": 19, ""end"": 58, ""hashtag_id"": ""7529832653680281615"", ""hashtag_name"": ""青年创作者成长计划"", ""is_commerce"": false, ""start"": 48, ""type"": 1}]","[{""level"": 1, ""tag_id"": 2019, ""tag_name"": ""影视""}, {""level"": 2, ""tag_id"": 2019001, ""tag_name"": ""影视剪辑""}, {""level"": 3, ""tag_id"": 2019001002, ""tag_name"": ""电影剪辑""}]",
7627792713907195190,7615919882655321395,3,2026-05-07T16:58:41.725995,2499623379545772,MS4wLjABAAAA_ENEjZnLdluIAqZZmRfURcpA4FXlu9s9EmdnDi3Z0UrG0mm5ySsto8aK3JYZwcYU,听雨探影,万字解读，台湾恐怖片巅峰之作《女鬼桥》很吓人的一部恐怖片 万字解读，台湾恐怖片巅峰之作《女鬼桥》很吓人的一部恐怖片，胆小惧入#恐怖片 #电影解说 #了不起的精讲团 #青年创作者成长计划 #一口气看完系列,1773221054,1643280,4,157518,20467,278867,30864,0,"[""https://p9-pc-sign.douyinpic.com/image-cut-tos/f7747e86f46daf496f67f6b8a6de66a4~tplv-dy-resize-origshort-autoq-75:330.jpeg?lk3s=138a59ce&x-expires=2093500800&x-signature=%2FtxU5DpdVj9My0WSF0nFmD3FiQQ%3D&from=327834062&s=PackSourceEnum_WEBPC_RELATED_AWEME&se=false&sc=cover&biz_tag=pcweb_cover&l=20260507165852D63D974B6200FA5A9229"", ""https://p3-pc-sign.douyinpic.com/image-cut-tos/f7747e86f46daf496f67f6b8a6de66a4~tplv-dy-resize-origshort-autoq-75:330.jpeg?lk3s=138a59ce&x-expires=2093500800&x-signature=rJB1hvEqGdEzOjyWqnFkggCB4PU%3D&from=327834062&s=PackSourceEnum_WEBPC_RELATED_AWEME&se=false&sc=cover&biz_tag=pcweb_cover&l=20260507165852D63D974B6200FA5A9229""]",7615919856092842771,@听雨探影创作的原声,"[{""caption_end"": 37, ""caption_start"": 33, ""end"": 66, ""hashtag_id"": ""1564209706450945"", ""hashtag_name"": ""恐怖片"", ""is_commerce"": false, ""start"": 62, ""type"": 1}, {""caption_end"": 43, ""caption_start"": 38, ""end"": 72, ""hashtag_id"": ""1593455819938819"", ""hashtag_name"": ""电影解说"", ""is_commerce"": false, ""start"": 67, ""type"": 1}, {""caption_end"": 52, ""caption_start"": 44, ""end"": 81, ""hashtag_id"": ""7519800545998014515"", ""hashtag_name"": ""了不起的精讲团"", ""is_commerce"": false, ""start"": 73, ""type"": 1}, {""caption_end"": 63, ""caption_start"": 53, ""end"": 92, ""hashtag_id"": ""7529832653680281615"", ""hashtag_name"": ""青年创作者成长计划"", ""is_commerce"": false, ""start"": 82, ""type"": 1}, {""caption_end"": 72, ""caption_start"": 64, ""end"": 101, ""hashtag_id"": ""1657496491581444"", ""hashtag_name"": ""一口气看完系列"", ""is_commerce"": false, ""start"": 93, ""type"": 1}]","[{""level"": 1, ""tag_id"": 2019, ""tag_name"": ""影视""}, {""level"": 2, ""tag_id"": 2019002, ""tag_name"": ""影视解说""}, {""level"": 3, ""tag_id"": 2019002002, ""tag_name"": ""电影解说""}]",台湾恐怖片《女鬼桥》改编自真实灵异事件，讲述了2012年和2016年两场试胆大会上发生的恐怖事件。2012年，新桥撕毁黄符，导致5名同学惨死，与女鬼做交易活下来。2016年，新桥策划复仇献祭局，阿全成为新傀儡，轮回继续。电影揭示了人的恶隐藏在笑脸背后，令人深思。
7627792713907195190,7621485780740951334,4,2026-05-07T16:58:41.725995,7532645772019876923,MS4wLjABAAAAURWEn9gtctJycTQYmk2PeCUL2XWNIK-WRINPieH3zL1yKBz4ImOsTg8aHSszlOZs,港电影,一口气看完香港经典惊悚片《饺子》 #一剪到底影视解说 #中式惊悚 #恐怖片 #饺子  片中没有鬼怪，却比任何灵异片都让人背脊发凉,1774516278,668876,4,18195,576,2590,5774,0,"[""https://p3-pc-sign.douyinpic.com/image-cut-tos/b83d725670eb17e63441118ca616e129~tplv-dy-resize-origshort-autoq-75:330.jpeg?lk3s=138a59ce&x-expires=2093500800&x-signature=r1qB%2BkSGN%2F8FdAIptye2CJiVvSU%3D&from=327834062&s=PackSourceEnum_WEBPC_RELATED_AWEME&se=false&sc=cover&biz_tag=pcweb_cover&l=20260507165852D63D974B6200FA5A9229"", ""https://p9-pc-sign.douyinpic.com/image-cut-tos/b83d725670eb17e63441118ca616e129~tplv-dy-resize-origshort-autoq-75:330.jpeg?lk3s=138a59ce&x-expires=2093500800&x-signature=RijXDsWXuSgqmpfVQNxkiuPecZ0%3D&from=327834062&s=PackSourceEnum_WEBPC_RELATED_AWEME&se=false&sc=cover&biz_tag=pcweb_cover&l=20260507165852D63D974B6200FA5A9229""]",7621485900644223754,@港电影创作的原声,"[{""caption_end"": 9, ""caption_start"": 0, ""end"": 26, ""hashtag_id"": ""1730783527552015"", ""hashtag_name"": ""一剪到底影视解说"", ""is_commerce"": false, ""start"": 17, ""type"": 1}, {""caption_end"": 15, ""caption_start"": 10, ""end"": 32, ""hashtag_id"": ""1706896549018695"", ""hashtag_name"": ""中式惊悚"", ""is_commerce"": false, ""start"": 27, ""type"": 1}, {""caption_end"": 20, ""caption_start"": 16, ""end"": 37, ""hashtag_id"": ""1564209706450945"", ""hashtag_name"": ""恐怖片"", ""is_commerce"": false, ""start"": 33, ""type"": 1}, {""caption_end"": 24, ""caption_start"": 21, ""end"": 41, ""hashtag_id"": ""1573337231980557"", ""hashtag_name"": ""饺子"", ""is_commerce"": false, ""start"": 38, ""type"": 1}]","[{""level"": 1, ""tag_id"": 2019, ""tag_name"": ""影视""}, {""level"": 2, ""tag_id"": 2019002, ""tag_name"": ""影视解说""}, {""level"": 3, ""tag_id"": 2019002002, ""tag_name"": ""电影解说""}]",香港经典惊悚片《饺子》讲述了一个女人为了留住青春，跨越道德底线，吞食胎儿的故事。影片通过李太太的经历，揭示了女性在婚姻、年龄和美貌面前的无奈和挣扎。电影没有鬼怪，却比任何灵异片都更让人背脊发凉，提醒人们珍惜生命，不要被欲望吞噬。
7627792713907195190,7629247075623914790,5,2026-05-07T16:58:41.725995,2499623379545772,MS4wLjABAAAA_ENEjZnLdluIAqZZmRfURcpA4FXlu9s9EmdnDi3Z0UrG0mm5ySsto8aK3JYZwcYU,听雨探影,“祸从口出”有说法，灵异主播口无遮拦意外做了替死鬼 #香港恐怖片 #恐怖片 #抖音午夜放映厅 #了不起的精讲团,1776323792,1468843,4,33568,1217,12555,6897,0,"[""https://p3-pc-sign.douyinpic.com/image-cut-tos/df26a84203d2e2f31fd36d18a334adf2~tplv-dy-resize-origshort-autoq-75:330.jpeg?lk3s=138a59ce&x-expires=2093500800&x-signature=FbMhpXPk%2BAbAGWndytJcCoCMIjQ%3D&from=327834062&s=PackSourceEnum_WEBPC_RELATED_AWEME&se=false&sc=cover&biz_tag=pcweb_cover&l=20260507165852D63D974B6200FA5A9229"", ""https://p9-pc-sign.douyinpic.com/image-cut-tos/df26a84203d2e2f31fd36d18a334adf2~tplv-dy-resize-origshort-autoq-75:330.jpeg?lk3s=138a59ce&x-expires=2093500800&x-signature=JQgLmbypC3rRJ%2Bzg%2By7M6qiLNgE%3D&from=327834062&s=PackSourceEnum_WEBPC_RELATED_AWEME&se=false&sc=cover&biz_tag=pcweb_cover&l=20260507165852D63D974B6200FA5A9229""]",7629508527488256794,@听雨探影创作的原声,"[{""caption_end"": 6, ""caption_start"": 0, ""end"": 32, ""hashtag_id"": ""1636385200776196"", ""hashtag_name"": ""香港恐怖片"", ""is_commerce"": false, ""start"": 26, ""type"": 1}, {""caption_end"": 11, ""caption_start"": 7, ""end"": 37, ""hashtag_id"": ""1564209706450945"", ""hashtag_name"": ""恐怖片"", ""is_commerce"": false, ""start"": 33, ""type"": 1}, {""caption_end"": 20, ""caption_start"": 12, ""end"": 46, ""hashtag_id"": ""7477909410770061346"", ""hashtag_name"": ""抖音午夜放映厅"", ""is_commerce"": false, ""start"": 38, ""type"": 1}, {""caption_end"": 29, ""caption_start"": 21, ""end"": 55, ""hashtag_id"": ""7519800545998014515"", ""hashtag_name"": ""了不起的精讲团"", ""is_commerce"": false, ""start"": 47, ""type"": 1}]","[{""level"": 1, ""tag_id"": 2019, ""tag_name"": ""影视""}, {""level"": 2, ""tag_id"": 2019001, ""tag_name"": ""影视剪辑""}, {""level"": 3, ""tag_id"": 2019001002, ""tag_name"": ""电影剪辑""}]",阴阳路第二部讲述了三个相互关联的恐怖故事。第一个故事中，长毛因不尊重逝者而被砸死，安妮塔因阿俊的玩笑话跳楼自杀。第二个故事中，老雷出海游玩遇到诡异事件，最终死亡。第三个故事中，阿乐因撞死安妮塔被鬼魂索命，最终死亡。故事告诉我们不要低估语言的杀伤力，谨言慎行，心存敬畏。
7627792713907195190,7631516955324861705,6,2026-05-07T16:58:41.725995,2499623379545772,MS4wLjABAAAA_ENEjZnLdluIAqZZmRfURcpA4FXlu9s9EmdnDi3Z0UrG0mm5ySsto8aK3JYZwcYU,听雨探影,一口气看完泰国高分猛片 剧组本想拍摄鬼片 结果混进一个真鬼 #恐怖片 #抖音午夜放映厅 #了不起的精讲团 #恐怖,1776852143,1767275,4,7700,788,2964,1955,0,"[""https://p9-pc-sign.douyinpic.com/image-cut-tos/f3331f0e1fc381b13d927372ff43e075~tplv-dy-resize-origshort-autoq-75:330.jpeg?lk3s=138a59ce&x-expires=2093500800&x-signature=upWYIXbdJYHBXLkTQETzkFVmzBo%3D&from=327834062&s=PackSourceEnum_WEBPC_RELATED_AWEME&se=false&sc=cover&biz_tag=pcweb_cover&l=20260507165852D63D974B6200FA5A9229"", ""https://p3-pc-sign.douyinpic.com/image-cut-tos/f3331f0e1fc381b13d927372ff43e075~tplv-dy-resize-origshort-autoq-75:330.jpeg?lk3s=138a59ce&x-expires=2093500800&x-signature=vi9Iqlg%2BZHrpduxTL3h3aiihgIc%3D&from=327834062&s=PackSourceEnum_WEBPC_RELATED_AWEME&se=false&sc=cover&biz_tag=pcweb_cover&l=20260507165852D63D974B6200FA5A9229""]",7631517333521025828,@听雨探影创作的原声,"[{""caption_end"": 4, ""caption_start"": 0, ""end"": 34, ""hashtag_id"": ""1564209706450945"", ""hashtag_name"": ""恐怖片"", ""is_commerce"": false, ""start"": 30, ""type"": 1}, {""caption_end"": 13, ""caption_start"": 5, ""end"": 43, ""hashtag_id"": ""7477909410770061346"", ""hashtag_name"": ""抖音午夜放映厅"", ""is_commerce"": false, ""start"": 35, ""type"": 1}, {""caption_end"": 22, ""caption_start"": 14, ""end"": 52, ""hashtag_id"": ""7519800545998014515"", ""hashtag_name"": ""了不起的精讲团"", ""is_commerce"": false, ""start"": 44, ""type"": 1}, {""caption_end"": 26, ""caption_start"": 23, ""end"": 56, ""hashtag_id"": ""1553610645693441"", ""hashtag_name"": ""恐怖"", ""is_commerce"": false, ""start"": 53, ""type"": 1}]","[{""level"": 1, ""tag_id"": 2019, ""tag_name"": ""影视""}, {""level"": 2, ""tag_id"": 2019001, ""tag_name"": ""影视剪辑""}, {""level"": 3, ""tag_id"": 2019001002, ""tag_name"": ""电影剪辑""}]",泰国恐怖片《吓死鬼》讲述了演员阿美在拍摄电影《吓死鬼》时遭遇诡异事件的故事。电影中，阿美扮演的角色阿珍被杀害，阿珍的鬼魂缠着阿美，要求她找出真凶。阿美在调查过程中发现，真正的凶手是阿珍的闺蜜菲菲，菲菲因嫉妒阿珍的成功而将其杀害。电影拍摄过程中，剧组发生一系列离奇事件，阿美最终被阿珍的鬼魂附身。影片揭示了人心的扭曲和贪婪比鬼更可怕。
7627792713907195190,7610698063908228406,7,2026-05-07T16:58:41.725995,7563961963321361465,MS4wLjABAAAAHvuMGmWREvsjTeRIeQrIyxLgUF8DMItDBrpEUK6yBihJYl-55jXh1nVGkdoTja0d,扒恐一世,红白双煞拦路，僵尸出山！这才是童年阴影级别的港式恐怖！ #电影解说 #僵尸片 #抖音放映厅 #青年创作者成长计划 #恐怖,1772003776,616598,4,2416,78,406,597,0,"[""https://p3-pc-sign.douyinpic.com/image-cut-tos/10a3e5c9b0864c2ea8b1a189af6e2afe~tplv-dy-resize-origshort-autoq-75:330.jpeg?lk3s=138a59ce&x-expires=2093500800&x-signature=GzBF%2BfvAWKVt5y%2FeCQEbhu5Six0%3D&from=327834062&s=PackSourceEnum_WEBPC_RELATED_AWEME&se=false&sc=cover&biz_tag=pcweb_cover&l=20260507165852D63D974B6200FA5A9229"", ""https://p9-pc-sign.douyinpic.com/image-cut-tos/10a3e5c9b0864c2ea8b1a189af6e2afe~tplv-dy-resize-origshort-autoq-75:330.jpeg?lk3s=138a59ce&x-expires=2093500800&x-signature=O1BKZs2O%2FHAyBZ3Ztq10%2BsN4cEo%3D&from=327834062&s=PackSourceEnum_WEBPC_RELATED_AWEME&se=false&sc=cover&biz_tag=pcweb_cover&l=20260507165852D63D974B6200FA5A9229""]",7610698576930638646,@扒恐一世创作的原声,"[{""caption_end"": 5, ""caption_start"": 0, ""end"": 33, ""hashtag_id"": ""1593455819938819"", ""hashtag_name"": ""电影解说"", ""is_commerce"": false, ""start"": 28, ""type"": 1}, {""caption_end"": 10, ""caption_start"": 6, ""end"": 38, ""hashtag_id"": ""1592274413079556"", ""hashtag_name"": ""僵尸片"", ""is_commerce"": false, ""start"": 34, ""type"": 1}, {""caption_end"": 17, ""caption_start"": 11, ""end"": 45, ""hashtag_id"": ""1647966388926478"", ""hashtag_name"": ""抖音放映厅"", ""is_commerce"": false, ""start"": 39, ""type"": 1}, {""caption_end"": 28, ""caption_start"": 18, ""end"": 56, ""hashtag_id"": ""7529832653680281615"", ""hashtag_name"": ""青年创作者成长计划"", ""is_commerce"": false, ""start"": 46, ""type"": 1}, {""caption_end"": 32, ""caption_start"": 29, ""end"": 60, ""hashtag_id"": ""1553610645693441"", ""hashtag_name"": ""恐怖"", ""is_commerce"": false, ""start"": 57, ""type"": 1}]","[{""level"": 1, ""tag_id"": 2019, ""tag_name"": ""影视""}, {""level"": 2, ""tag_id"": 2019002, ""tag_name"": ""影视解说""}, {""level"": 3, ""tag_id"": 2019002002, ""tag_name"": ""电影解说""}]",《新僵尸先生》是一部经典的港式恐怖片，讲述了九叔为救被魔婴控制的莲妹，与僵尸展开激烈战斗的故事。影片中融合了茅山禁术、红白双煞等恐怖元素，同时也展现了九叔与莲妹之间的深厚感情，以及师兄弟之间的情谊。影片的恐怖氛围营造出色，剧情紧凑，是一部值得一看的恐怖片。
7627792713907195190,7614703009326468406,8,2026-05-07T16:58:41.725995,2499623379545772,MS4wLjABAAAA_ENEjZnLdluIAqZZmRfURcpA4FXlu9s9EmdnDi3Z0UrG0mm5ySsto8aK3JYZwcYU,听雨探影,（修改版）一口气看完陈奕迅鬼片三部曲最终章《魂魄唔齐》 #恐怖片 #影娱年味不打烊 #了不起的精讲团 #影评人陪你过春节,1772937428,1484246,4,51044,17608,45315,10769,0,"[""https://p3-pc-sign.douyinpic.com/image-cut-tos/333dfab3aaad52b6adc9897aace723c9~tplv-dy-resize-origshort-autoq-75:330.jpeg?lk3s=138a59ce&x-expires=2093500800&x-signature=SyxEYqXAJnG%2B8O1qQjS%2FVo%2B0ChA%3D&from=327834062&s=PackSourceEnum_WEBPC_RELATED_AWEME&se=false&sc=cover&biz_tag=pcweb_cover&l=20260507165852D63D974B6200FA5A9229"", ""https://p9-pc-sign.douyinpic.com/image-cut-tos/333dfab3aaad52b6adc9897aace723c9~tplv-dy-resize-origshort-autoq-75:330.jpeg?lk3s=138a59ce&x-expires=2093500800&x-signature=fFBrzPE9hdtaDgQe1vACFcExf4Y%3D&from=327834062&s=PackSourceEnum_WEBPC_RELATED_AWEME&se=false&sc=cover&biz_tag=pcweb_cover&l=20260507165852D63D974B6200FA5A9229""]",7614703742374251315,@听雨探影创作的原声,"[{""caption_end"": 4, ""caption_start"": 0, ""end"": 32, ""hashtag_id"": ""1564209706450945"", ""hashtag_name"": ""恐怖片"", ""is_commerce"": false, ""start"": 28, ""type"": 1}, {""caption_end"": 13, ""caption_start"": 5, ""end"": 41, ""hashtag_id"": ""7600667281332373558"", ""hashtag_name"": ""影娱年味不打烊"", ""is_commerce"": false, ""start"": 33, ""type"": 1}, {""caption_end"": 22, ""caption_start"": 14, ""end"": 50, ""hashtag_id"": ""7519800545998014515"", ""hashtag_name"": ""了不起的精讲团"", ""is_commerce"": false, ""start"": 42, ""type"": 1}, {""caption_end"": 32, ""caption_start"": 23, ""end"": 60, ""hashtag_id"": ""7600669517437470766"", ""hashtag_name"": ""影评人陪你过春节"", ""is_commerce"": false, ""start"": 51, ""type"": 1}]","[{""level"": 1, ""tag_id"": 2019, ""tag_name"": ""影视""}, {""level"": 2, ""tag_id"": 2019001, ""tag_name"": ""影视剪辑""}, {""level"": 3, ""tag_id"": 2019001002, ""tag_name"": ""电影剪辑""}]",陈奕迅主演的恐怖片《魂魄唔齐》讲述了龙套演员初八在戏班遭遇诡异事件，被卷入紫云飞的前世今生。紫云飞因唱楼台会被砸死，魂魄缠上初八，要求他唱完未完成的戏。在陆环彩的帮助下，初八逐渐克服恐惧，完成了演出，也帮助紫云飞放下执念。影片探讨了人生中的遗憾、勇气和成长。
7627792713907195190,7634847286559788288,9,2026-05-07T16:58:41.725995,2499623379545772,MS4wLjABAAAA_ENEjZnLdluIAqZZmRfURcpA4FXlu9s9EmdnDi3Z0UrG0mm5ySsto8aK3JYZwcYU,听雨探影,一口气看完 彭禺厶最新民俗恐怖猛片 #恐怖片 #抖音午夜放映厅 #了不起的精讲团 #惊悚,1777627514,1618876,4,135902,7079,63348,31307,0,"[""https://p3-pc-sign.douyinpic.com/image-cut-tos-priv/24b229d15e74c73973044447098745fd~tplv-dy-resize-origshort-autoq-75:330.jpeg?lk3s=138a59ce&x-expires=2093500800&x-signature=owepSn8mYhs17BiidnYQMx%2FNLtM%3D&from=327834062&s=PackSourceEnum_WEBPC_RELATED_AWEME&se=false&sc=cover&biz_tag=pcweb_cover&l=20260507165852D63D974B6200FA5A9229"", ""https://p9-pc-sign.douyinpic.com/image-cut-tos-priv/24b229d15e74c73973044447098745fd~tplv-dy-resize-origshort-autoq-75:330.jpeg?lk3s=138a59ce&x-expires=2093500800&x-signature=GMzH4vJztfW9KJHsLjXw8ZnvzWE%3D&from=327834062&s=PackSourceEnum_WEBPC_RELATED_AWEME&se=false&sc=cover&biz_tag=pcweb_cover&l=20260507165852D63D974B6200FA5A9229""]",7634847969047661348,@听雨探影创作的原声,"[{""caption_end"": 4, ""caption_start"": 0, ""end"": 22, ""hashtag_id"": ""1564209706450945"", ""hashtag_name"": ""恐怖片"", ""is_commerce"": false, ""start"": 18, ""type"": 1}, {""caption_end"": 13, ""caption_start"": 5, ""end"": 31, ""hashtag_id"": ""7477909410770061346"", ""hashtag_name"": ""抖音午夜放映厅"", ""is_commerce"": false, ""start"": 23, ""type"": 1}, {""caption_end"": 22, ""caption_start"": 14, ""end"": 40, ""hashtag_id"": ""7519800545998014515"", ""hashtag_name"": ""了不起的精讲团"", ""is_commerce"": false, ""start"": 32, ""type"": 1}, {""caption_end"": 26, ""caption_start"": 23, ""end"": 44, ""hashtag_id"": ""1564385647143937"", ""hashtag_name"": ""惊悚"", ""is_commerce"": false, ""start"": 41, ""type"": 1}]","[{""level"": 1, ""tag_id"": 2019, ""tag_name"": ""影视""}, {""level"": 2, ""tag_id"": 2019002, ""tag_name"": ""影视解说""}, {""level"": 3, ""tag_id"": 2019002002, ""tag_name"": ""电影解说""}]",彭禺厶主演的民俗恐怖片《民间摆渡人》讲述了沈何年师徒帮助人们解决各种诡异事件的故事。影片中涉及了许多民俗禁忌，如阴婚、童子命等，揭示了人性中的自私、懦弱和无奈。电影通过这些故事，探讨了中式民俗的根源和人性的复杂，展现了对逝者的敬畏、对生命的尊重和对善良的坚持。
7627807559235483584,7608464467273911227,0,2026-05-07T16:58:53.301649,94166802121,MS4wLjABAAAAaYRWLoReOT1dZBdnGMouV0j3bBE2XG2ygaQ4WBwYLVI,谢思埸,新年第一顿必须下馆子，带大家看看我们汕头的小吃！#新年第一顿必须下馆子#抖音新春吃喝玩乐节#抖音美食争霸赛#过个抖音新轻年#老家烟火小店争霸赛,1771483684,202900,4,23195,658,438,472,0,"[""https://p3-pc-sign.douyinpic.com/image-cut-tos/37571e6079b462b04405c56e4006fd80~tplv-dy-resize-origshort-autoq-75:330.jpeg?lk3s=138a59ce&x-expires=2093500800&x-signature=UVNoV7NJ%2BO0mMVUsieCadjK8bmo%3D&from=327834062&s=PackSourceEnum_WEBPC_RELATED_AWEME&se=false&sc=cover&biz_tag=pcweb_cover&l=20260507165903C68078ECAA02C618E7A3"", ""https://p9-pc-sign.douyinpic.com/image-cut-tos/37571e6079b462b04405c56e4006fd80~tplv-dy-resize-origshort-autoq-75:330.jpeg?lk3s=138a59ce&x-expires=2093500800&x-signature=d5AQJU0KWawUYIspULU9qtIAgNw%3D&from=327834062&s=PackSourceEnum_WEBPC_RELATED_AWEME&se=false&sc=cover&biz_tag=pcweb_cover&l=20260507165903C68078ECAA02C618E7A3""]",7608464343897754377,@谢思埸创作的原声,"[{""caption_end"": 35, ""caption_start"": 24, ""end"": 35, ""hashtag_id"": ""7600334410588719155"", ""hashtag_name"": ""新年第一顿必须下馆子"", ""is_commerce"": false, ""start"": 24, ""type"": 1}, {""caption_end"": 45, ""caption_start"": 35, ""end"": 45, ""hashtag_id"": ""1786958794336266"", ""hashtag_name"": ""抖音新春吃喝玩乐节"", ""is_commerce"": false, ""start"": 35, ""type"": 1}, {""caption_end"": 53, ""caption_start"": 45, ""end"": 53, ""hashtag_id"": ""1783778297002051"", ""hashtag_name"": ""抖音美食争霸赛"", ""is_commerce"": false, ""start"": 45, ""type"": 1}, {""caption_end"": 61, ""caption_start"": 53, ""end"": 61, ""hashtag_id"": ""7597071252527777818"", ""hashtag_name"": ""过个抖音新轻年"", ""is_commerce"": false, ""start"": 53, ""type"": 1}, {""caption_end"": 71, ""caption_start"": 61, ""end"": 71, ""hashtag_id"": ""7602531043660269618"", ""hashtag_name"": ""老家烟火小店争霸赛"", ""is_commerce"": false, ""start"": 61, ""type"": 1}]","[{""level"": 1, ""tag_id"": 2001, ""tag_name"": ""美食""}, {""level"": 2, ""tag_id"": 2001003, ""tag_name"": ""美食探店""}, {""level"": 3, ""tag_id"": 2001003001, ""tag_name"": ""餐厅探店""}]",汕头美食体验分享，包括肠粉、牛肉、鱼丸、甘草梅汁水果、草粿、水粿和豆浆等。这些美食唤起了作者小时候的回忆，让他感受到家乡味道的独特魅力。
7627807559235483584,7632231331662158202,1,2026-05-07T16:58:53.301649,2381997394894572,MS4wLjABAAAAl45l9Ro0kLDVnu9PG43tdnn8tfQjCGpz0ruGdMqalaTi8Q5zAxUH6qGphaBkeYEh,给小刘留一口,二刷潮汕🔥一口气炫了14家店😍太好吃了🥹 #潮汕 #汕头美食 #抖音美食推荐官 #美食特种兵 #美食攻略,1777017334,489000,4,20795,399,5820,2206,0,"[""https://p3-pc-sign.douyinpic.com/image-cut-tos/c6ef23237b135c61c95094dcec43f7a7~tplv-dy-resize-origshort-autoq-75:330.jpeg?lk3s=138a59ce&x-expires=2093500800&x-signature=%2BHO3kl4V3xGd4cEbiPxC6HwcC%2Fo%3D&from=327834062&s=PackSourceEnum_WEBPC_RELATED_AWEME&se=false&sc=cover&biz_tag=pcweb_cover&l=20260507165903C68078ECAA02C618E7A3"", ""https://p9-pc-sign.douyinpic.com/image-cut-tos/c6ef23237b135c61c95094dcec43f7a7~tplv-dy-resize-origshort-autoq-75:330.jpeg?lk3s=138a59ce&x-expires=2093500800&x-signature=Qwfj0jsxmbkslASlzlFyh2jH%2FNk%3D&from=327834062&s=PackSourceEnum_WEBPC_RELATED_AWEME&se=false&sc=cover&biz_tag=pcweb_cover&l=20260507165903C68078ECAA02C618E7A3""]",7632231313982950153,@给小刘留一口创作的原声,"[{""caption_end"": 3, ""caption_start"": 0, ""end"": 27, ""hashtag_id"": ""1575982747473933"", ""hashtag_name"": ""潮汕"", ""is_commerce"": false, ""start"": 24, ""type"": 1}, {""caption_end"": 9, ""caption_start"": 4, ""end"": 33, ""hashtag_id"": ""1590894487378951"", ""hashtag_name"": ""汕头美食"", ""is_commerce"": false, ""start"": 28, ""type"": 1}, {""caption_end"": 18, ""caption_start"": 10, ""end"": 42, ""hashtag_id"": ""1664545089292301"", ""hashtag_name"": ""抖音美食推荐官"", ""is_commerce"": false, ""start"": 34, ""type"": 1}, {""caption_end"": 25, ""caption_start"": 19, ""end"": 49, ""hashtag_id"": ""1763411346117635"", ""hashtag_name"": ""美食特种兵"", ""is_commerce"": false, ""start"": 43, ""type"": 1}, {""caption_end"": 31, ""caption_start"": 26, ""end"": 55, ""hashtag_id"": ""1661758010127364"", ""hashtag_name"": ""美食攻略"", ""is_commerce"": false, ""start"": 50, ""type"": 1}]","[{""level"": 1, ""tag_id"": 2001, ""tag_name"": ""美食""}, {""level"": 2, ""tag_id"": 2001003, ""tag_name"": ""美食探店""}, {""level"": 3, ""tag_id"": 2001003001, ""tag_name"": ""餐厅探店""}]",
7627807559235483584,7617781662700670227,2,2026-05-07T16:58:53.301649,75736792009,MS4wLjABAAAAjjwfy25gmtDlk8Wg6FNIBzHdHicG6BpZZNvWoTLL8S4,盗月社食遇记,疯了！广东三线“顶级吃货之城”！凌晨1点当地人爬起来抢猪肉吃 《吃遍中国街头美食》系列到汕头了，连吃3天开了眼了！ #吃遍中国 #抖音年味争霸赛  #人家烟火 #潮汕美食 #满级吃商通关赛,1773660600,983400,4,95844,3372,70469,12702,0,"[""https://p3-pc-sign.douyinpic.com/image-cut-tos/1c2c452982eca8c342b98c5a094e66d0~tplv-dy-resize-origshort-autoq-75:330.jpeg?lk3s=138a59ce&x-expires=2093500800&x-signature=Z%2BUX9SxsuVUJl4BPUPtVmUra%2FYc%3D&from=327834062&s=PackSourceEnum_WEBPC_RELATED_AWEME&se=false&sc=cover&biz_tag=pcweb_cover&l=20260507165903C68078ECAA02C618E7A3"", ""https://p9-pc-sign.douyinpic.com/image-cut-tos/1c2c452982eca8c342b98c5a094e66d0~tplv-dy-resize-origshort-autoq-75:330.jpeg?lk3s=138a59ce&x-expires=2093500800&x-signature=85fOojjpWsHOPsxbTqOW6SG6lOE%3D&from=327834062&s=PackSourceEnum_WEBPC_RELATED_AWEME&se=false&sc=cover&biz_tag=pcweb_cover&l=20260507165903C68078ECAA02C618E7A3""]",7617782019103263531,@盗月社食遇记创作的原声,"[{""caption_end"": 32, ""caption_start"": 27, ""end"": 63, ""hashtag_id"": ""1594250789559300"", ""hashtag_name"": ""吃遍中国"", ""is_commerce"": false, ""start"": 58, ""type"": 1}, {""caption_end"": 41, ""caption_start"": 33, ""end"": 72, ""hashtag_id"": ""7589575740044085275"", ""hashtag_name"": ""抖音年味争霸赛"", ""is_commerce"": false, ""start"": 64, ""type"": 1}, {""caption_end"": 48, ""caption_start"": 43, ""end"": 79, ""hashtag_id"": ""1624640710030350"", ""hashtag_name"": ""人家烟火"", ""is_commerce"": false, ""start"": 74, ""type"": 1}, {""caption_end"": 54, ""caption_start"": 49, ""end"": 85, ""hashtag_id"": ""1576394363694094"", ""hashtag_name"": ""潮汕美食"", ""is_commerce"": false, ""start"": 80, ""type"": 1}, {""caption_end"": 63, ""caption_start"": 55, ""end"": 94, ""hashtag_id"": ""7615617987986327615"", ""hashtag_name"": ""满级吃商通关赛"", ""is_commerce"": false, ""start"": 86, ""type"": 1}]","[{""level"": 1, ""tag_id"": 2001, ""tag_name"": ""美食""}, {""level"": 2, ""tag_id"": 2001003, ""tag_name"": ""美食探店""}, {""level"": 3, ""tag_id"": 2001003001, ""tag_name"": ""餐厅探店""}]",
7627807559235483584,7633771481122408945,3,2026-05-07T16:58:53.301649,3681627082596928,MS4wLjABAAAAoCvsT4BtE4CCkpiBKR7Drgde2frm1B3kimA6Od0kXO4-dqLrrR4g9nzDC3WRk3aM,蚊子大发,#这里才是假期旅行天花板  揭阳，四天三晚全老店美食攻略!!不选贵的，只吃对的~#我的五一假期尽兴式#本地小吃店推荐#揭阳美食#满级吃商通关赛,1777375928,343979,4,60072,2346,21054,11480,0,"[""https://p3-pc-sign.douyinpic.com/image-cut-tos/50cf36d4375daa867b00cf180af77f6d~tplv-dy-resize-origshort-autoq-75:330.jpeg?lk3s=138a59ce&x-expires=2093500800&x-signature=aypwqJlkncDiDZfrMToT413w%2FvI%3D&from=327834062&s=PackSourceEnum_WEBPC_RELATED_AWEME&se=false&sc=cover&biz_tag=pcweb_cover&l=20260507165903C68078ECAA02C618E7A3"", ""https://p9-pc-sign.douyinpic.com/image-cut-tos/50cf36d4375daa867b00cf180af77f6d~tplv-dy-resize-origshort-autoq-75:330.jpeg?lk3s=138a59ce&x-expires=2093500800&x-signature=l0RBO%2BFlTVanE54CmEiYXpWd1gI%3D&from=327834062&s=PackSourceEnum_WEBPC_RELATED_AWEME&se=false&sc=cover&biz_tag=pcweb_cover&l=20260507165903C68078ECAA02C618E7A3""]",7633771436386765618,@蚊子大发创作的原声,"[{""caption_end"": 12, ""caption_start"": 0, ""end"": 12, ""hashtag_id"": ""7628510448354396211"", ""hashtag_name"": ""这里才是假期旅行天花板"", ""is_commerce"": false, ""start"": 0, ""type"": 1}, {""caption_end"": 50, ""caption_start"": 40, ""end"": 50, ""hashtag_id"": ""7627034094810957870"", ""hashtag_name"": ""我的五一假期尽兴式"", ""is_commerce"": false, ""start"": 40, ""type"": 1}, {""caption_end"": 58, ""caption_start"": 50, ""end"": 58, ""hashtag_id"": ""1732324151800839"", ""hashtag_name"": ""本地小吃店推荐"", ""is_commerce"": false, ""start"": 50, ""type"": 1}, {""caption_end"": 63, ""caption_start"": 58, ""end"": 63, ""hashtag_id"": ""1611782601567235"", ""hashtag_name"": ""揭阳美食"", ""is_commerce"": false, ""start"": 58, ""type"": 1}, {""caption_end"": 71, ""caption_start"": 63, ""end"": 71, ""hashtag_id"": ""7615617987986327615"", ""hashtag_name"": ""满级吃商通关赛"", ""is_commerce"": false, ""start"": 63, ""type"": 1}]","[{""level"": 1, ""tag_id"": 2001, ""tag_name"": ""美食""}, {""level"": 2, ""tag_id"": 2001003, ""tag_name"": ""美食探店""}, {""level"": 3, ""tag_id"": 2001003001, ""tag_name"": ""餐厅探店""}]",揭阳是潮汕地区的美食天堂，拥有丰富的美食文化和历史底蕴。游客可品尝到各种地道美食，如菜市场烧烤、皮蒸饺、腐乳炒粿条、卤水火锅、肠粉、叉烧糕粿、古城冰室、蚝烙、粿条、猪肠涨糯米、鲨鱼皮面、糖葱薄饼、街头麦果、双皮奶、腐乳鸡翅和反沙咸蛋黄等。揭阳美食性价比高，值得一试。
7627807559235483584,7631638869158432054,4,2026-05-07T16:58:53.301649,3290155423373771,MS4wLjABAAAALCASi_lg-LH7Fw_iDiO4mAo-c7I_kfeg4BuECyt5UcfXtLIRvj-CQtkYf8GRYn8k,刚刚真贪吃,汕头到底有多好吃！N刷了都吃不够！ 这五家宝藏美食千万别错过！#好好吃饭 #妈呀太香了 #汕头美食,1777016700,415900,4,7926,348,5163,3729,0,"[""https://p3-pc-sign.douyinpic.com/image-cut-tos/df3f045b560c37d3e956e2f77c7db945~tplv-dy-resize-origshort-autoq-75:330.jpeg?lk3s=138a59ce&x-expires=2093500800&x-signature=gAhcZqFS%2BG%2Bp%2FXd9Rt76xvdMlU4%3D&from=327834062&s=PackSourceEnum_WEBPC_RELATED_AWEME&se=false&sc=cover&biz_tag=pcweb_cover&l=20260507165903C68078ECAA02C618E7A3"", ""https://p9-pc-sign.douyinpic.com/image-cut-tos/df3f045b560c37d3e956e2f77c7db945~tplv-dy-resize-origshort-autoq-75:330.jpeg?lk3s=138a59ce&x-expires=2093500800&x-signature=%2FOp4SJNYZl108Pw8lJuXKeAI9No%3D&from=327834062&s=PackSourceEnum_WEBPC_RELATED_AWEME&se=false&sc=cover&biz_tag=pcweb_cover&l=20260507165903C68078ECAA02C618E7A3""]",7631639151208614692,@刚刚真贪吃创作的原声,"[{""caption_end"": 18, ""caption_start"": 13, ""end"": 36, ""hashtag_id"": ""1565468166951937"", ""hashtag_name"": ""好好吃饭"", ""is_commerce"": false, ""start"": 31, ""type"": 1}, {""caption_end"": 25, ""caption_start"": 19, ""end"": 43, ""hashtag_id"": ""1767587175419917"", ""hashtag_name"": ""妈呀太香了"", ""is_commerce"": false, ""start"": 37, ""type"": 1}, {""caption_end"": 31, ""caption_start"": 26, ""end"": 49, ""hashtag_id"": ""1590894487378951"", ""hashtag_name"": ""汕头美食"", ""is_commerce"": false, ""start"": 44, ""type"": 1}]","[{""level"": 1, ""tag_id"": 2001, ""tag_name"": ""美食""}, {""level"": 2, ""tag_id"": 2001003, ""tag_name"": ""美食探店""}, {""level"": 3, ""tag_id"": 2001003001, ""tag_name"": ""餐厅探店""}]",
7627807559235483584,7606995201231506715,5,2026-05-07T16:58:53.301649,4059813950784839,MS4wLjABAAAA83ZNDZpBKxEVI_kVnwpZOLa9gFqpdDozhr16lYiO2wiGS8esEJhOQGu2lxPDEBjN,明明闲不住,过年来潮州，挑战1天吃遍各种粿！ #广东美食 #潮汕美食 #潮州美食 #抖音年味争霸赛 #年味美食,1771149600,465467,4,18199,557,8391,2311,0,"[""https://p3-pc-sign.douyinpic.com/image-cut-tos/a03c7499abcdc62435ef32a228ac893b~tplv-dy-resize-origshort-autoq-75:330.jpeg?lk3s=138a59ce&x-expires=2093500800&x-signature=KfKLZQT98C8srZypAZBsKDPjZLk%3D&from=327834062&s=PackSourceEnum_WEBPC_RELATED_AWEME&se=false&sc=cover&biz_tag=pcweb_cover&l=20260507165903C68078ECAA02C618E7A3"", ""https://p9-pc-sign.douyinpic.com/image-cut-tos/a03c7499abcdc62435ef32a228ac893b~tplv-dy-resize-origshort-autoq-75:330.jpeg?lk3s=138a59ce&x-expires=2093500800&x-signature=4xPxyHT%2F%2BK5sNoORujuMwSmRDYE%3D&from=327834062&s=PackSourceEnum_WEBPC_RELATED_AWEME&se=false&sc=cover&biz_tag=pcweb_cover&l=20260507165903C68078ECAA02C618E7A3""]",7606995612836039470,@明明闲不住创作的原声,"[{""caption_end"": 5, ""caption_start"": 0, ""end"": 22, ""hashtag_id"": ""1585458217860110"", ""hashtag_name"": ""广东美食"", ""is_commerce"": false, ""start"": 17, ""type"": 1}, {""caption_end"": 11, ""caption_start"": 6, ""end"": 28, ""hashtag_id"": ""1576394363694094"", ""hashtag_name"": ""潮汕美食"", ""is_commerce"": false, ""start"": 23, ""type"": 1}, {""caption_end"": 17, ""caption_start"": 12, ""end"": 34, ""hashtag_id"": ""1594169258173453"", ""hashtag_name"": ""潮州美食"", ""is_commerce"": false, ""start"": 29, ""type"": 1}, {""caption_end"": 26, ""caption_start"": 18, ""end"": 43, ""hashtag_id"": ""7589575740044085275"", ""hashtag_name"": ""抖音年味争霸赛"", ""is_commerce"": false, ""start"": 35, ""type"": 1}, {""caption_end"": 32, ""caption_start"": 27, ""end"": 49, ""hashtag_id"": ""1592378087590925"", ""hashtag_name"": ""年味美食"", ""is_commerce"": false, ""start"": 44, ""type"": 1}]","[{""level"": 1, ""tag_id"": 2001, ""tag_name"": ""美食""}, {""level"": 2, ""tag_id"": 2001003, ""tag_name"": ""美食探店""}, {""level"": 3, ""tag_id"": 2001003002, ""tag_name"": ""路边小吃""}]",
7627807559235483584,7621751300557385643,6,2026-05-07T16:58:53.301649,2664807961994472,MS4wLjABAAAAQcwTcri_f9uGB64B9I8aJf0lH7uQ_QugSL3nxw_MGq7bfL_XK_kEX-wm7kxy9yRv,我是桃,浙F大馋丫头极限48小时逛吃潮汕第一站 汕头！#汕头美食 #潮汕美食攻略  #潮汕特色美食 #潮汕美食 #汕头美食攻略,1774577262,549700,4,81990,2239,48923,21815,0,"[""https://p3-pc-sign.douyinpic.com/image-cut-tos/97dabcee86c88aef4b952f5c659b1021~tplv-dy-resize-origshort-autoq-75:330.jpeg?lk3s=138a59ce&x-expires=2093500800&x-signature=BPV80OmKWg%2FL9IM6iKuGpoIcL24%3D&from=327834062&s=PackSourceEnum_WEBPC_RELATED_AWEME&se=false&sc=cover&biz_tag=pcweb_cover&l=20260507165903C68078ECAA02C618E7A3"", ""https://p9-pc-sign.douyinpic.com/image-cut-tos/97dabcee86c88aef4b952f5c659b1021~tplv-dy-resize-origshort-autoq-75:330.jpeg?lk3s=138a59ce&x-expires=2093500800&x-signature=PbtcFs7q1M1SGKS%2FRqTyDLYlP8k%3D&from=327834062&s=PackSourceEnum_WEBPC_RELATED_AWEME&se=false&sc=cover&biz_tag=pcweb_cover&l=20260507165903C68078ECAA02C618E7A3""]",7621751586108312362,@我是桃创作的原声,"[{""caption_end"": 28, ""caption_start"": 23, ""end"": 28, ""hashtag_id"": ""1590894487378951"", ""hashtag_name"": ""汕头美食"", ""is_commerce"": false, ""start"": 23, ""type"": 1}, {""caption_end"": 36, ""caption_start"": 29, ""end"": 36, ""hashtag_id"": ""1599978406785027"", ""hashtag_name"": ""潮汕美食攻略"", ""is_commerce"": false, ""start"": 29, ""type"": 1}, {""caption_end"": 45, ""caption_start"": 38, ""end"": 45, ""hashtag_id"": ""1596262094155780"", ""hashtag_name"": ""潮汕特色美食"", ""is_commerce"": false, ""start"": 38, ""type"": 1}, {""caption_end"": 51, ""caption_start"": 46, ""end"": 51, ""hashtag_id"": ""1576394363694094"", ""hashtag_name"": ""潮汕美食"", ""is_commerce"": false, ""start"": 46, ""type"": 1}, {""caption_end"": 59, ""caption_start"": 52, ""end"": 59, ""hashtag_id"": ""1633196751175684"", ""hashtag_name"": ""汕头美食攻略"", ""is_commerce"": false, ""start"": 52, ""type"": 1}]","[{""level"": 1, ""tag_id"": 2001, ""tag_name"": ""美食""}, {""level"": 2, ""tag_id"": 2001003, ""tag_name"": ""美食探店""}, {""level"": 3, ""tag_id"": 2001003001, ""tag_name"": ""餐厅探店""}]",
7627807559235483584,7606971871271542011,7,2026-05-07T16:58:53.301649,3054905627260836,MS4wLjABAAAAgcaJ2w5IGIaUaS9PsoUxZ9MCUyPw1irco7efMOkS_VxXO04Sgl3MJUpZ6JbbEBcQ,方自赏呀,土著才知道的南昌新建区美食合集！ #抖音年味争霸赛 #正统派 #新年美味MVP结算 #春节没有宅家的义务 #南昌美食,1771833480,473000,4,3919,452,6812,2322,0,"[""https://p3-pc-sign.douyinpic.com/image-cut-tos/c6a7bfb3d8da58b6654ee1203076e478~tplv-dy-resize-origshort-autoq-75:330.jpeg?lk3s=138a59ce&x-expires=2093500800&x-signature=n%2BwwXyRc%2Bo2ihCy37cVzG%2BduDuk%3D&from=327834062&s=PackSourceEnum_WEBPC_RELATED_AWEME&se=false&sc=cover&biz_tag=pcweb_cover&l=20260507165903C68078ECAA02C618E7A3"", ""https://p9-pc-sign.douyinpic.com/image-cut-tos/c6a7bfb3d8da58b6654ee1203076e478~tplv-dy-resize-origshort-autoq-75:330.jpeg?lk3s=138a59ce&x-expires=2093500800&x-signature=7acUTRJ2GmTYPYBahA6c1ZJLtqg%3D&from=327834062&s=PackSourceEnum_WEBPC_RELATED_AWEME&se=false&sc=cover&biz_tag=pcweb_cover&l=20260507165903C68078ECAA02C618E7A3""]",7606971823892335412,@方自赏呀创作的原声,"[{""caption_end"": 8, ""caption_start"": 0, ""end"": 25, ""hashtag_id"": ""7589575740044085275"", ""hashtag_name"": ""抖音年味争霸赛"", ""is_commerce"": false, ""start"": 17, ""type"": 1}, {""caption_end"": 13, ""caption_start"": 9, ""end"": 30, ""hashtag_id"": ""1698387442968590"", ""hashtag_name"": ""正统派"", ""is_commerce"": false, ""start"": 26, ""type"": 1}, {""caption_end"": 24, ""caption_start"": 14, ""end"": 41, ""hashtag_id"": ""7600334426756614159"", ""hashtag_name"": ""新年美味mvp结算"", ""is_commerce"": false, ""start"": 31, ""type"": 1}, {""caption_end"": 35, ""caption_start"": 25, ""end"": 52, ""hashtag_id"": ""7603451430560598070"", ""hashtag_name"": ""春节没有宅家的义务"", ""is_commerce"": false, ""start"": 42, ""type"": 1}, {""caption_end"": 41, ""caption_start"": 36, ""end"": 58, ""hashtag_id"": ""1596920882308110"", ""hashtag_name"": ""南昌美食"", ""is_commerce"": false, ""start"": 53, ""type"": 1}]","[{""level"": 1, ""tag_id"": 2001, ""tag_name"": ""美食""}, {""level"": 2, ""tag_id"": 2001003, ""tag_name"": ""美食探店""}, {""level"": 3, ""tag_id"": 2001003001, ""tag_name"": ""餐厅探店""}]",
7627807559235483584,7606276931272625435,8,2026-05-07T16:58:53.301649,64065532462,MS4wLjABAAAAkI19ScIWLO0eUVmcZ7hj6gIc11c8rpxLZ0MNaTDpmmc,刘雨鑫JASON,广东汕头开在市场边的人气生腌，尝尝怎么样？ #人间烟火 #汕头 #生腌 #海鲜 #我要上热门,1771056000,185040,4,156320,6035,58253,14842,0,"[""https://p3-pc-sign.douyinpic.com/image-cut-tos/079aafce34a716bcc5a96998dd8507ca~tplv-dy-resize-origshort-autoq-75:330.jpeg?lk3s=138a59ce&x-expires=2093500800&x-signature=5LaGToRjSgKtwyzKy0OSGfZJ6lg%3D&from=327834062&s=PackSourceEnum_WEBPC_RELATED_AWEME&se=false&sc=cover&biz_tag=pcweb_cover&l=20260507165903C68078ECAA02C618E7A3"", ""https://p9-pc-sign.douyinpic.com/image-cut-tos/079aafce34a716bcc5a96998dd8507ca~tplv-dy-resize-origshort-autoq-75:330.jpeg?lk3s=138a59ce&x-expires=2093500800&x-signature=00O0%2BkoREJ8h5k7XJAMHA%2B2MDxA%3D&from=327834062&s=PackSourceEnum_WEBPC_RELATED_AWEME&se=false&sc=cover&biz_tag=pcweb_cover&l=20260507165903C68078ECAA02C618E7A3""]",6998438183729891329,叮，关注，点赞,"[{""caption_end"": 5, ""caption_start"": 0, ""end"": 27, ""hashtag_id"": ""1592198715425805"", ""hashtag_name"": ""人间烟火"", ""is_commerce"": false, ""start"": 22, ""type"": 1}, {""caption_end"": 9, ""caption_start"": 6, ""end"": 31, ""hashtag_id"": ""1577958210622478"", ""hashtag_name"": ""汕头"", ""is_commerce"": false, ""start"": 28, ""type"": 1}, {""caption_end"": 13, ""caption_start"": 10, ""end"": 35, ""hashtag_id"": ""1613819519666179"", ""hashtag_name"": ""生腌"", ""is_commerce"": false, ""start"": 32, ""type"": 1}, {""caption_end"": 17, ""caption_start"": 14, ""end"": 39, ""hashtag_id"": ""1563449239547906"", ""hashtag_name"": ""海鲜"", ""is_commerce"": false, ""start"": 36, ""type"": 1}, {""caption_end"": 24, ""caption_start"": 18, ""end"": 46, ""hashtag_id"": ""1767587311982605"", ""hashtag_name"": ""我要上热门"", ""is_commerce"": false, ""start"": 40, ""type"": 1}]","[{""level"": 1, ""tag_id"": 2001, ""tag_name"": ""美食""}, {""level"": 2, ""tag_id"": 2001003, ""tag_name"": ""美食探店""}, {""level"": 3, ""tag_id"": 2001003001, ""tag_name"": ""餐厅探店""}]",
7627807559235483584,7604817122112290218,9,2026-05-07T16:58:53.301649,4222581855500270,MS4wLjABAAAAtRvSuDQxxi1VJwA08uU8NdJqaGEYsEb_S8Oj7M3JKJ1cCszdzvLifr-viiDcc8Sv,雨田日记,宝藏小店汕头篇（上） 爆肝一个周，整理了目前汕头一些有趣，好吃的小店，这是一个巨大的工程，未来几年，我会陆续往返于潮汕各地～#广东美食#潮汕美食#汕头美食#宝藏小店#寻味烟火气,1770634467,480267,4,589412,14161,346157,358642,0,"[""https://p3-pc-sign.douyinpic.com/image-cut-tos/d26e4b56d41faa5a58bee15828771f00~tplv-dy-resize-origshort-autoq-75:330.jpeg?lk3s=138a59ce&x-expires=2093500800&x-signature=PBpzfhpGvyPgF6vu%2BPug63iyN0o%3D&from=327834062&s=PackSourceEnum_WEBPC_RELATED_AWEME&se=false&sc=cover&biz_tag=pcweb_cover&l=20260507165903C68078ECAA02C618E7A3"", ""https://p9-pc-sign.douyinpic.com/image-cut-tos/d26e4b56d41faa5a58bee15828771f00~tplv-dy-resize-origshort-autoq-75:330.jpeg?lk3s=138a59ce&x-expires=2093500800&x-signature=V2Xw8xvzDZPOQbiHx823o1XYdt0%3D&from=327834062&s=PackSourceEnum_WEBPC_RELATED_AWEME&se=false&sc=cover&biz_tag=pcweb_cover&l=20260507165903C68078ECAA02C618E7A3""]",7604817098451553060,@雨田日记创作的原声,"[{""caption_end"": 56, ""caption_start"": 51, ""end"": 67, ""hashtag_id"": ""1767586414987277"", ""hashtag_name"": ""广东美食"", ""is_commerce"": false, ""start"": 62, ""type"": 1}, {""caption_end"": 61, ""caption_start"": 56, ""end"": 72, ""hashtag_id"": ""1576394363694094"", ""hashtag_name"": ""潮汕美食"", ""is_commerce"": false, ""start"": 67, ""type"": 1}, {""caption_end"": 66, ""caption_start"": 61, ""end"": 77, ""hashtag_id"": ""1590894487378951"", ""hashtag_name"": ""汕头美食"", ""is_commerce"": false, ""start"": 72, ""type"": 1}, {""caption_end"": 71, ""caption_start"": 66, ""end"": 82, ""hashtag_id"": ""1636742837881869"", ""hashtag_name"": ""宝藏小店"", ""is_commerce"": false, ""start"": 77, ""type"": 1}, {""caption_end"": 77, ""caption_start"": 71, ""end"": 88, ""hashtag_id"": ""1722851255720004"", ""hashtag_name"": ""寻味烟火气"", ""is_commerce"": false, ""start"": 82, ""type"": 1}]","[{""level"": 1, ""tag_id"": 2001, ""tag_name"": ""美食""}, {""level"": 2, ""tag_id"": 2001003, ""tag_name"": ""美食探店""}, {""level"": 3, ""tag_id"": 2001003001, ""tag_name"": ""餐厅探店""}]",
