{
  "auc": 0.5954545454545455,
  "accuracy": 0.5483870967741935,
  "precision": 0.4117647058823529,
  "recall": 0.6363636363636364,
  "f1": 0.5,
  "recall_at_10": 0.36363636363636365,
  "precision_at_10": 0.4,
  "k": 10,
  "confusion_matrix": [
    [
      10,
      10
    ],
    [
      4,
      7
    ]
  ]
}